t_iso,t_mono,sim_time_s,phase,fsm_state,command,forklift_world_x_m,forklift_world_z_m,forklift_heading_deg,camera_world_x_m,camera_world_z_m,pallet_world_x_m,pallet_world_z_m,pallet_heading_deg,pallet_camera_x_m,pallet_camera_y_m,pallet_camera_z_m,pallet_relative_yaw_deg,pallet_pivot_x_m,pallet_pivot_z_m,pivot_to_pallet_distance_m,fork_tip_world_x_m,fork_tip_world_z_m,fork_tip_pallet_x_m,fork_tip_pallet_z_m,left_outer_tip_pallet_x_m,left_outer_tip_pallet_z_m,right_outer_tip_pallet_x_m,right_outer_tip_pallet_z_m,tip_insertion_depth_m,insertion_remaining_m,collision,minimum_clearance_m
2026-09-08T07:01:00.618+00:00,1000.0,0.0,initial,PRECHECK,STOP,0.0,0.0,0.0,0.0,0.68,0.0,4.68,-170.0,0.0,0.575,4.0,10.0,0.0,4.68,4.68,0.0,1.8599999999999999,0.4896878610207436,-2.777157863494427,0.1942455351170812,-2.829252316794506,0.785130186924406,-2.725063410194348,0.0,3.7,0,
2026-09-08T07:01:00.618+00:00,1000.0,0.0,tick,SEARCH_SWEEP,STOP,0.0,0.0,0.0,0.0,0.68,0.0,4.68,-170.0,0.0,0.575,3.9999999999999996,10.0,0.0,4.68,4.68,0.0,1.8599999999999999,0.4896878610207434,-2.777157863494426,0.19424553511708104,-2.829252316794505,0.7851301869244058,-2.725063410194347,0.0,3.6999999999999997,0,
2026-09-08T07:01:00.652+00:00,1000.0333333333333,0.03333333333333333,tick,ACQUIRE_VERIFY,STOP,0.0,0.0,0.0,0.0,0.68,0.0,4.68,-170.0,0.0,0.575,3.9999999999999996,10.0,0.0,4.68,4.68,0.0,1.8599999999999999,0.4896878610207434,-2.777157863494426,0.19424553511708104,-2.829252316794505,0.7851301869244058,-2.725063410194347,0.0,3.6999999999999997,0,
2026-09-08T07:01:00.685+00:00,1000.0666666666667,0.06666666666666667,tick,ACQUIRE_VERIFY,STOP,0.0,0.0,0.0,0.0,0.68,0.0,4.68,-170.0,0.0,0.575,3.9999999999999996,10.0,0.0,4.68,4.68,0.0,1.8599999999999999,0.4896878610207434,-2.777157863494426,0.19424553511708104,-2.829252316794505,0.7851301869244058,-2.725063410194347,0.0,3.6999999999999997,0,
2026-09-08T07:01:00.718+00:00,1000.1,0.1,tick,ACQUIRE_VERIFY,STOP,0.0,0.0,0.0,0.0,0.68,0.0,4.68,-170.0,0.0,0.575,3.9999999999999996,10.0,0.0,4.68,4.68,0.0,1.8599999999999999,0.4896878610207434,-2.777157863494426,0.19424553511708104,-2.829252316794505,0.7851301869244058,-2.725063410194347,0.0,3.6999999999999997,0,
2026-09-08T07:01:00.752+00:00,1000.1333333333333,0.13333333333333333,tick,ACQUIRE_VERIFY,STOP,0.0,0.0,0.0,0.0,0.68,0.0,4.68,-170.0,0.0,0.575,3.9999999999999996,10.0,0.0,4.68,4.68,0.0,1.8599999999999999,0.4896878610207434,-2.777157863494426,0.19424553511708104,-2.829252316794505,0.7851301869244058,-2.725063410194347,0.0,3.6999999999999997,0,
2026-09-08T07:01:00.785+00:00,1000.1666666666666,0.16666666666666666,tick,ACQUIRE_VERIFY,STOP,0.0,0.0,0.0,0.0,0.68,0.0,4.68,-170.0,0.0,0.575,3.9999999999999996,10.0,0.0,4.68,4.68,0.0,1.8599999999999999,0.4896878610207434,-2.777157863494426,0.19424553511708104,-2.829252316794505,0.7851301869244058,-2.725063410194347,0.0,3.6999999999999997,0,
2026-09-08T07:01:00.818+00:00,1000.2,0.19999999999999998,tick,ACQUIRE_VERIFY,STOP,0.0,0.0,0.0,0.0,0.68,0.0,4.68,-170.0,0.0,0.575,3.9999999999999996,10.0,0.0,4.68,4.68,0.0,1.8599999999999999,0.4896878610207434,-2.777157863494426,0.19424553511708104,-2.829252316794505,0.7851301869244058,-2.725063410194347,0.0,3.6999999999999997,0,
2026-09-08T07:01:00.852+00:00,1000.2333333333333,0.2333333333333333,tick,ACQUIRE_VERIFY,STOP,0.0,0.0,0.0,0.0,0.68,0.0,4.68,-170.0,0.0,0.575,3.9999999999999996,10.0,0.0,4.68,4.68,0.0,1.8599999999999999,0.4896878610207434,-2.777157863494426,0.19424553511708104,-2.829252316794505,0.7851301869244058,-2.725063410194347,0.0,3.6999999999999997,0,
2026-09-08T07:01:00.885+00:00,1000.2666666666667,0.26666666666666666,tick,ACQUIRE_VERIFY,STOP,0.0,0.0,0.0,0.0,0.68,0.0,4.68,-170.0,0.0,0.575,3.9999999999999996,10.0,0.0,4.68,4.68,0.0,1.8599999999999999,0.4896878610207434,-2.777157863494426,0.19424553511708104,-2.829252316794505,0.7851301869244058,-2.725063410194347,0.0,3.6999999999999997,0,
2026-09-08T07:01:00.918+00:00,1000.3,0.3,tick,ACQUIRE_VERIFY,STOP,0.0,0.0,0.0,0.0,0.68,0.0,4.68,-170.0,0.0,0.575,3.9999999999999996,10.0,0.0,4.68,4.68,0.0,1.8599999999999999,0.4896878610207434,-2.777157863494426,0.19424553511708104,-2.829252316794505,0.7851301869244058,-2.725063410194347,0.0,3.6999999999999997,0,
2026-09-08T07:01:00.952+00:00,1000.3333333333334,0.3333333333333333,tick,ACQUIRE_VERIFY,STOP,0.0,0.0,0.0,0.0,0.68,0.0,4.68,-170.0,0.0,0.575,3.9999999999999996,10.0,0.0,4.68,4.68,0.0,1.8599999999999999,0.4896878610207434,-2.777157863494426,0.19424553511708104,-2.829252316794505,0.7851301869244058,-2.725063410194347,0.0,3.6999999999999997,0,
2026-09-08T07:01:00.985+00:00,1000.3666666666667,0.36666666666666664,tick,ACQUIRE_VERIFY,STOP,0.0,0.0,0.0,0.0,0.68,0.0,4.68,-170.0,0.0,0.575,3.9999999999999996,10.0,0.0,4.68,4.68,0.0,1.8599999999999999,0.4896878610207434,-2.777157863494426,0.19424553511708104,-2.829252316794505,0.7851301869244058,-2.725063410194347,0.0,3.6999999999999997,0,
2026-09-08T07:01:01.018+00:00,1000.4,0.39999999999999997,tick,ACQUIRE_VERIFY,STOP,0.0,0.0,0.0,0.0,0.68,0.0,4.68,-170.0,0.0,0.575,3.9999999999999996,10.0,0.0,4.68,4.68,0.0,1.8599999999999999,0.4896878610207434,-2.777157863494426,0.19424553511708104,-2.829252316794505,0.7851301869244058,-2.725063410194347,0.0,3.6999999999999997,0,
2026-09-08T07:01:01.052+00:00,1000.4333333333333,0.4333333333333333,tick,ACQUIRE_VERIFY,STOP,0.0,0.0,0.0,0.0,0.68,0.0,4.68,-170.0,0.0,0.575,3.9999999999999996,10.0,0.0,4.68,4.68,0.0,1.8599999999999999,0.4896878610207434,-2.777157863494426,0.19424553511708104,-2.829252316794505,0.7851301869244058,-2.725063410194347,0.0,3.6999999999999997,0,
2026-09-08T07:01:01.085+00:00,1000.4666666666667,0.4666666666666666,tick,ACQUIRE_VERIFY,STOP,0.0,0.0,0.0,0.0,0.68,0.0,4.68,-170.0,0.0,0.575,3.9999999999999996,10.0,0.0,4.68,4.68,0.0,1.8599999999999999,0.4896878610207434,-2.777157863494426,0.19424553511708104,-2.829252316794505,0.7851301869244058,-2.725063410194347,0.0,3.6999999999999997,0,
2026-09-08T07:01:01.118+00:00,1000.5,0.49999999999999994,tick,ACQUIRE_VERIFY,STOP,0.0,0.0,0.0,0.0,0.68,0.0,4.68,-170.0,0.0,0.575,3.9999999999999996,10.0,0.0,4.68,4.68,0.0,1.8599999999999999,0.4896878610207434,-2.777157863494426,0.19424553511708104,-2.829252316794505,0.7851301869244058,-2.725063410194347,0.0,3.6999999999999997,0,
2026-09-08T07:01:01.152+00:00,1000.5333333333333,0.5333333333333333,tick,ACQUIRE_VERIFY,STOP,0.0,0.0,0.0,0.0,0.68,0.0,4.68,-170.0,0.0,0.575,3.9999999999999996,10.0,0.0,4.68,4.68,0.0,1.8599999999999999,0.4896878610207434,-2.777157863494426,0.19424553511708104,-2.829252316794505,0.7851301869244058,-2.725063410194347,0.0,3.6999999999999997,0,
2026-09-08T07:01:01.185+00:00,1000.5666666666667,0.5666666666666667,tick,ACQUIRE_VERIFY,STOP,0.0,0.0,0.0,0.0,0.68,0.0,4.68,-170.0,0.0,0.575,3.9999999999999996,10.0,0.0,4.68,4.68,0.0,1.8599999999999999,0.4896878610207434,-2.777157863494426,0.19424553511708104,-2.829252316794505,0.7851301869244058,-2.725063410194347,0.0,3.6999999999999997,0,
2026-09-08T07:01:01.218+00:00,1000.6,0.6,tick,ACQUIRE_VERIFY,STOP,0.0,0.0,0.0,0.0,0.68,0.0,4.68,-170.0,0.0,0.575,3.9999999999999996,10.0,0.0,4.68,4.68,0.0,1.8599999999999999,0.4896878610207434,-2.777157863494426,0.19424553511708104,-2.829252316794505,0.7851301869244058,-2.725063410194347,0.0,3.6999999999999997,0,
2026-09-08T07:01:01.252+00:00,1000.6333333333333,0.6333333333333333,tick,ACQUIRE_VERIFY,STOP,0.0,0.0,0.0,0.0,0.68,0.0,4.68,-170.0,0.0,0.575,3.9999999999999996,10.0,0.0,4.68,4.68,0.0,1.8599999999999999,0.4896878610207434,-2.777157863494426,0.19424553511708104,-2.829252316794505,0.7851301869244058,-2.725063410194347,0.0,3.6999999999999997,0,
2026-09-08T07:01:01.285+00:00,1000.6666666666666,0.6666666666666666,tick,ACQUIRE_VERIFY,STOP,0.0,0.0,0.0,0.0,0.68,0.0,4.68,-170.0,0.0,0.575,3.9999999999999996,10.0,0.0,4.68,4.68,0.0,1.8599999999999999,0.4896878610207434,-2.777157863494426,0.19424553511708104,-2.829252316794505,0.7851301869244058,-2.725063410194347,0.0,3.6999999999999997,0,
2026-09-08T07:01:01.318+00:00,1000.7,0.7,tick,ACQUIRE_VERIFY,STOP,0.0,0.0,0.0,0.0,0.68,0.0,4.68,-170.0,0.0,0.575,3.9999999999999996,10.0,0.0,4.68,4.68,0.0,1.8599999999999999,0.4896878610207434,-2.777157863494426,0.19424553511708104,-2.829252316794505,0.7851301869244058,-2.725063410194347,0.0,3.6999999999999997,0,
2026-09-08T07:01:01.352+00:00,1000.7333333333333,0.7333333333333333,tick,ACQUIRE_VERIFY,STOP,0.0,0.0,0.0,0.0,0.68,0.0,4.68,-170.0,0.0,0.575,3.9999999999999996,10.0,0.0,4.68,4.68,0.0,1.8599999999999999,0.4896878610207434,-2.777157863494426,0.19424553511708104,-2.829252316794505,0.7851301869244058,-2.725063410194347,0.0,3.6999999999999997,0,
2026-09-08T07:01:01.385+00:00,1000.7666666666667,0.7666666666666666,tick,ACQUIRE_VERIFY,STOP,0.0,0.0,0.0,0.0,0.68,0.0,4.68,-170.0,0.0,0.575,3.9999999999999996,10.0,0.0,4.68,4.68,0.0,1.8599999999999999,0.4896878610207434,-2.777157863494426,0.19424553511708104,-2.829252316794505,0.7851301869244058,-2.725063410194347,0.0,3.6999999999999997,0,
2026-09-08T07:01:01.418+00:00,1000.8,0.7999999999999999,tick,ACQUIRE_VERIFY,STOP,0.0,0.0,0.0,0.0,0.68,0.0,4.68,-170.0,0.0,0.575,3.9999999999999996,10.0,0.0,4.68,4.68,0.0,1.8599999999999999,0.4896878610207434,-2.777157863494426,0.19424553511708104,-2.829252316794505,0.7851301869244058,-2.725063410194347,0.0,3.6999999999999997,0,
2026-09-08T07:01:01.452+00:00,1000.8333333333334,0.8333333333333333,tick,ACQUIRE_VERIFY,STOP,0.0,0.0,0.0,0.0,0.68,0.0,4.68,-170.0,0.0,0.575,3.9999999999999996,10.0,0.0,4.68,4.68,0.0,1.8599999999999999,0.4896878610207434,-2.777157863494426,0.19424553511708104,-2.829252316794505,0.7851301869244058,-2.725063410194347,0.0,3.6999999999999997,0,
2026-09-08T07:01:01.485+00:00,1000.8666666666667,0.8666666666666666,tick,ACQUIRE_VERIFY,STOP,0.0,0.0,0.0,0.0,0.68,0.0,4.68,-170.0,0.0,0.575,3.9999999999999996,10.0,0.0,4.68,4.68,0.0,1.8599999999999999,0.4896878610207434,-2.777157863494426,0.19424553511708104,-2.829252316794505,0.7851301869244058,-2.725063410194347,0.0,3.6999999999999997,0,
2026-09-08T07:01:01.518+00:00,1000.9,0.8999999999999999,tick,ACQUIRE_VERIFY,STOP,0.0,0.0,0.0,0.0,0.68,0.0,4.68,-170.0,0.0,0.575,3.9999999999999996,10.0,0.0,4.68,4.68,0.0,1.8599999999999999,0.4896878610207434,-2.777157863494426,0.19424553511708104,-2.829252316794505,0.7851301869244058,-2.725063410194347,0.0,3.6999999999999997,0,
2026-09-08T07:01:01.552+00:00,1000.9333333333333,0.9333333333333332,tick,ACQUIRE_VERIFY,STOP,0.0,0.0,0.0,0.0,0.68,0.0,4.68,-170.0,0.0,0.575,3.9999999999999996,10.0,0.0,4.68,4.68,0.0,1.8599999999999999,0.4896878610207434,-2.777157863494426,0.19424553511708104,-2.829252316794505,0.7851301869244058,-2.725063410194347,0.0,3.6999999999999997,0,
2026-09-08T07:01:01.585+00:00,1000.9666666666667,0.9666666666666666,tick,ACQUIRE_VERIFY,STOP,0.0,0.0,0.0,0.0,0.68,0.0,4.68,-170.0,0.0,0.575,3.9999999999999996,10.0,0.0,4.68,4.68,0.0,1.8599999999999999,0.4896878610207434,-2.777157863494426,0.19424553511708104,-2.829252316794505,0.7851301869244058,-2.725063410194347,0.0,3.6999999999999997,0,
2026-09-08T07:01:01.618+00:00,1001.0,0.9999999999999999,tick,ACQUIRE_VERIFY,STOP,0.0,0.0,0.0,0.0,0.68,0.0,4.68,-170.0,0.0,0.575,3.9999999999999996,10.0,0.0,4.68,4.68,0.0,1.8599999999999999,0.4896878610207434,-2.777157863494426,0.19424553511708104,-2.829252316794505,0.7851301869244058,-2.725063410194347,0.0,3.6999999999999997,0,
2026-09-08T07:01:01.652+00:00,1001.0333333333333,1.0333333333333332,tick,ACQUIRE_VERIFY,STOP,0.0,0.0,0.0,0.0,0.68,0.0,4.68,-170.0,0.0,0.575,3.9999999999999996,10.0,0.0,4.68,4.68,0.0,1.8599999999999999,0.4896878610207434,-2.777157863494426,0.19424553511708104,-2.829252316794505,0.7851301869244058,-2.725063410194347,0.0,3.6999999999999997,0,
2026-09-08T07:01:01.685+00:00,1001.0666666666667,1.0666666666666667,tick,ACQUIRE_VERIFY,STOP,0.0,0.0,0.0,0.0,0.68,0.0,4.68,-170.0,0.0,0.575,3.9999999999999996,10.0,0.0,4.68,4.68,0.0,1.8599999999999999,0.4896878610207434,-2.777157863494426,0.19424553511708104,-2.829252316794505,0.7851301869244058,-2.725063410194347,0.0,3.6999999999999997,0,
2026-09-08T07:01:01.718+00:00,1001.1,1.1,tick,ACQUIRE_VERIFY,STOP,0.0,0.0,0.0,0.0,0.68,0.0,4.68,-170.0,0.0,0.575,3.9999999999999996,10.0,0.0,4.68,4.68,0.0,1.8599999999999999,0.4896878610207434,-2.777157863494426,0.19424553511708104,-2.829252316794505,0.7851301869244058,-2.725063410194347,0.0,3.6999999999999997,0,
2026-09-08T07:01:01.752+00:00,1001.1333333333333,1.1333333333333335,tick,ACQUIRE_VERIFY,STOP,0.0,0.0,0.0,0.0,0.68,0.0,4.68,-170.0,0.0,0.575,3.9999999999999996,10.0,0.0,4.68,4.68,0.0,1.8599999999999999,0.4896878610207434,-2.777157863494426,0.19424553511708104,-2.829252316794505,0.7851301869244058,-2.725063410194347,0.0,3.6999999999999997,0,
2026-09-08T07:01:01.785+00:00,1001.1666666666666,1.166666666666667,tick,ACQUIRE_VERIFY,STOP,0.0,0.0,0.0,0.0,0.68,0.0,4.68,-170.0,0.0,0.575,3.9999999999999996,10.0,0.0,4.68,4.68,0.0,1.8599999999999999,0.4896878610207434,-2.777157863494426,0.19424553511708104,-2.829252316794505,0.7851301869244058,-2.725063410194347,0.0,3.6999999999999997,0,
2026-09-08T07:01:01.818+00:00,1001.2,1.2000000000000004,tick,ACQUIRE_VERIFY,STOP,0.0,0.0,0.0,0.0,0.68,0.0,4.68,-170.0,0.0,0.575,3.9999999999999996,10.0,0.0,4.68,4.68,0.0,1.8599999999999999,0.4896878610207434,-2.777157863494426,0.19424553511708104,-2.829252316794505,0.7851301869244058,-2.725063410194347,0.0,3.6999999999999997,0,
2026-09-08T07:01:01.852+00:00,1001.2333333333333,1.2333333333333338,tick,ACQUIRE_VERIFY,STOP,0.0,0.0,0.0,0.0,0.68,0.0,4.68,-170.0,0.0,0.575,3.9999999999999996,10.0,0.0,4.68,4.68,0.0,1.8599999999999999,0.4896878610207434,-2.777157863494426,0.19424553511708104,-2.829252316794505,0.7851301869244058,-2.725063410194347,0.0,3.6999999999999997,0,
2026-09-08T07:01:01.885+00:00,1001.2666666666667,1.2666666666666673,tick,ACQUIRE_VERIFY,STOP,0.0,0.0,0.0,0.0,0.68,0.0,4.68,-170.0,0.0,0.575,3.9999999999999996,10.0,0.0,4.68,4.68,0.0,1.8599999999999999,0.4896878610207434,-2.777157863494426,0.19424553511708104,-2.829252316794505,0.7851301869244058,-2.725063410194347,0.0,3.6999999999999997,0,
2026-09-08T07:01:01.918+00:00,1001.3,1.3000000000000007,tick,ACQUIRE_VERIFY,STOP,0.0,0.0,0.0,0.0,0.68,0.0,4.68,-170.0,0.0,0.575,3.9999999999999996,10.0,0.0,4.68,4.68,0.0,1.8599999999999999,0.4896878610207434,-2.777157863494426,0.19424553511708104,-2.829252316794505,0.7851301869244058,-2.725063410194347,0.0,3.6999999999999997,0,
2026-09-08T07:01:01.952+00:00,1001.3333333333334,1.3333333333333341,tick,ACQUIRE_VERIFY,STOP,0.0,0.0,0.0,0.0,0.68,0.0,4.68,-170.0,0.0,0.575,3.9999999999999996,10.0,0.0,4.68,4.68,0.0,1.8599999999999999,0.4896878610207434,-2.777157863494426,0.19424553511708104,-2.829252316794505,0.7851301869244058,-2.725063410194347,0.0,3.6999999999999997,0,
2026-09-08T07:01:01.985+00:00,1001.3666666666667,1.3666666666666676,tick,ACQUIRE_VERIFY,STOP,0.0,0.0,0.0,0.0,0.68,0.0,4.68,-170.0,0.0,0.575,3.9999999999999996,10.0,0.0,4.68,4.68,0.0,1.8599999999999999,0.4896878610207434,-2.777157863494426,0.19424553511708104,-2.829252316794505,0.7851301869244058,-2.725063410194347,0.0,3.6999999999999997,0,
2026-09-08T07:01:02.018+00:00,1001.4,1.400000000000001,tick,ACQUIRE_VERIFY,STOP,0.0,0.0,0.0,0.0,0.68,0.0,4.68,-170.0,0.0,0.575,3.9999999999999996,10.0,0.0,4.68,4.68,0.0,1.8599999999999999,0.4896878610207434,-2.777157863494426,0.19424553511708104,-2.829252316794505,0.7851301869244058,-2.725063410194347,0.0,3.6999999999999997,0,
2026-09-08T07:01:02.052+00:00,1001.4333333333333,1.4333333333333345,tick,ACQUIRE_VERIFY,STOP,0.0,0.0,0.0,0.0,0.68,0.0,4.68,-170.0,0.0,0.575,3.9999999999999996,10.0,0.0,4.68,4.68,0.0,1.8599999999999999,0.4896878610207434,-2.777157863494426,0.19424553511708104,-2.829252316794505,0.7851301869244058,-2.725063410194347,0.0,3.6999999999999997,0,
2026-09-08T07:01:02.085+00:00,1001.4666666666667,1.466666666666668,tick,ACQUIRE_VERIFY,STOP,0.0,0.0,0.0,0.0,0.68,0.0,4.68,-170.0,0.0,0.575,3.9999999999999996,10.0,0.0,4.68,4.68,0.0,1.8599999999999999,0.4896878610207434,-2.777157863494426,0.19424553511708104,-2.829252316794505,0.7851301869244058,-2.725063410194347,0.0,3.6999999999999997,0,
2026-09-08T07:01:02.118+00:00,1001.5,1.5000000000000013,tick,ACQUIRE_VERIFY,STOP,0.0,0.0,0.0,0.0,0.68,0.0,4.68,-170.0,0.0,0.575,3.9999999999999996,10.0,0.0,4.68,4.68,0.0,1.8599999999999999,0.4896878610207434,-2.777157863494426,0.19424553511708104,-2.829252316794505,0.7851301869244058,-2.725063410194347,0.0,3.6999999999999997,0,
2026-09-08T07:01:02.152+00:00,1001.5333333333333,1.5333333333333348,tick,ACQUIRE_VERIFY,STOP,0.0,0.0,0.0,0.0,0.68,0.0,4.68,-170.0,0.0,0.575,3.9999999999999996,10.0,0.0,4.68,4.68,0.0,1.8599999999999999,0.4896878610207434,-2.777157863494426,0.19424553511708104,-2.829252316794505,0.7851301869244058,-2.725063410194347,0.0,3.6999999999999997,0,
2026-09-08T07:01:02.185+00:00,1001.5666666666667,1.5666666666666682,tick,ACQUIRE_VERIFY,STOP,0.0,0.0,0.0,0.0,0.68,0.0,4.68,-170.0,0.0,0.575,3.9999999999999996,10.0,0.0,4.68,4.68,0.0,1.8599999999999999,0.4896878610207434,-2.777157863494426,0.19424553511708104,-2.829252316794505,0.7851301869244058,-2.725063410194347,0.0,3.6999999999999997,0,
2026-09-08T07:01:02.218+00:00,1001.6,1.6000000000000016,tick,ACQUIRE_VERIFY,STOP,0.0,0.0,0.0,0.0,0.68,0.0,4.68,-170.0,0.0,0.575,3.9999999999999996,10.0,0.0,4.68,4.68,0.0,1.8599999999999999,0.4896878610207434,-2.777157863494426,0.19424553511708104,-2.829252316794505,0.7851301869244058,-2.725063410194347,0.0,3.6999999999999997,0,
2026-09-08T07:01:02.252+00:00,1001.6333333333333,1.633333333333335,tick,ACQUIRE_VERIFY,STOP,0.0,0.0,0.0,0.0,0.68,0.0,4.68,-170.0,0.0,0.575,3.9999999999999996,10.0,0.0,4.68,4.68,0.0,1.8599999999999999,0.4896878610207434,-2.777157863494426,0.19424553511708104,-2.829252316794505,0.7851301869244058,-2.725063410194347,0.0,3.6999999999999997,0,
2026-09-08T07:01:02.285+00:00,1001.6666666666666,1.6666666666666685,tick,ACQUIRE_VERIFY,STOP,0.0,0.0,0.0,0.0,0.68,0.0,4.68,-170.0,0.0,0.575,3.9999999999999996,10.0,0.0,4.68,4.68,0.0,1.8599999999999999,0.4896878610207434,-2.777157863494426,0.19424553511708104,-2.829252316794505,0.7851301869244058,-2.725063410194347,0.0,3.6999999999999997,0,
2026-09-08T07:01:02.318+00:00,1001.7,1.700000000000002,tick,ACQUIRE_VERIFY,STOP,0.0,0.0,0.0,0.0,0.68,0.0,4.68,-170.0,0.0,0.575,3.9999999999999996,10.0,0.0,4.68,4.68,0.0,1.8599999999999999,0.4896878610207434,-2.777157863494426,0.19424553511708104,-2.829252316794505,0.7851301869244058,-2.725063410194347,0.0,3.6999999999999997,0,
2026-09-08T07:01:02.352+00:00,1001.7333333333333,1.7333333333333354,tick,ACQUIRE_VERIFY,STOP,0.0,0.0,0.0,0.0,0.68,0.0,4.68,-170.0,0.0,0.575,3.9999999999999996,10.0,0.0,4.68,4.68,0.0,1.8599999999999999,0.4896878610207434,-2.777157863494426,0.19424553511708104,-2.829252316794505,0.7851301869244058,-2.725063410194347,0.0,3.6999999999999997,0,
2026-09-08T07:01:02.385+00:00,1001.7666666666667,1.7666666666666688,tick,ACQUIRE_VERIFY,STOP,0.0,0.0,0.0,0.0,0.68,0.0,4.68,-170.0,0.0,0.575,3.9999999999999996,10.0,0.0,4.68,4.68,0.0,1.8599999999999999,0.4896878610207434,-2.777157863494426,0.19424553511708104,-2.829252316794505,0.7851301869244058,-2.725063410194347,0.0,3.6999999999999997,0,
2026-09-08T07:01:02.418+00:00,1001.8,1.8000000000000023,tick,ACQUIRE_VERIFY,STOP,0.0,0.0,0.0,0.0,0.68,0.0,4.68,-170.0,0.0,0.575,3.9999999999999996,10.0,0.0,4.68,4.68,0.0,1.8599999999999999,0.4896878610207434,-2.777157863494426,0.19424553511708104,-2.829252316794505,0.7851301869244058,-2.725063410194347,0.0,3.6999999999999997,0,
2026-09-08T07:01:02.452+00:00,1001.8333333333334,1.8333333333333357,tick,ACQUIRE_VERIFY,STOP,0.0,0.0,0.0,0.0,0.68,0.0,4.68,-170.0,0.0,0.575,3.9999999999999996,10.0,0.0,4.68,4.68,0.0,1.8599999999999999,0.4896878610207434,-2.777157863494426,0.19424553511708104,-2.829252316794505,0.7851301869244058,-2.725063410194347,0.0,3.6999999999999997,0,
2026-09-08T07:01:02.485+00:00,1001.8666666666667,1.8666666666666691,tick,ACQUIRE_VERIFY,STOP,0.0,0.0,0.0,0.0,0.68,0.0,4.68,-170.0,0.0,0.575,3.9999999999999996,10.0,0.0,4.68,4.68,0.0,1.8599999999999999,0.4896878610207434,-2.777157863494426,0.19424553511708104,-2.829252316794505,0.7851301869244058,-2.725063410194347,0.0,3.6999999999999997,0,
2026-09-08T07:01:02.518+00:00,1001.9,1.9000000000000026,tick,ACQUIRE_VERIFY,STOP,0.0,0.0,0.0,0.0,0.68,0.0,4.68,-170.0,0.0,0.575,3.9999999999999996,10.0,0.0,4.68,4.68,0.0,1.8599999999999999,0.4896878610207434,-2.777157863494426,0.19424553511708104,-2.829252316794505,0.7851301869244058,-2.725063410194347,0.0,3.6999999999999997,0,
2026-09-08T07:01:02.552+00:00,1001.9333333333333,1.933333333333336,tick,ACQUIRE_VERIFY,STOP,0.0,0.0,0.0,0.0,0.68,0.0,4.68,-170.0,0.0,0.575,3.9999999999999996,10.0,0.0,4.68,4.68,0.0,1.8599999999999999,0.4896878610207434,-2.777157863494426,0.19424553511708104,-2.829252316794505,0.7851301869244058,-2.725063410194347,0.0,3.6999999999999997,0,
2026-09-08T07:01:02.585+00:00,1001.9666666666667,1.9666666666666694,tick,ACQUIRE_VERIFY,STOP,0.0,0.0,0.0,0.0,0.68,0.0,4.68,-170.0,0.0,0.575,3.9999999999999996,10.0,0.0,4.68,4.68,0.0,1.8599999999999999,0.4896878610207434,-2.777157863494426,0.19424553511708104,-2.829252316794505,0.7851301869244058,-2.725063410194347,0.0,3.6999999999999997,0,
2026-09-08T07:01:02.618+00:00,1002.0,2.0000000000000027,tick,ACQUIRE_VERIFY,STOP,0.0,0.0,0.0,0.0,0.68,0.0,4.68,-170.0,0.0,0.575,3.9999999999999996,10.0,0.0,4.68,4.68,0.0,1.8599999999999999,0.4896878610207434,-2.777157863494426,0.19424553511708104,-2.829252316794505,0.7851301869244058,-2.725063410194347,0.0,3.6999999999999997,0,
2026-09-08T07:01:02.652+00:00,1002.0333333333333,2.033333333333336,tick,ACQUIRE_VERIFY,STOP,0.0,0.0,0.0,0.0,0.68,0.0,4.68,-170.0,0.0,0.575,3.9999999999999996,10.0,0.0,4.68,4.68,0.0,1.8599999999999999,0.4896878610207434,-2.777157863494426,0.19424553511708104,-2.829252316794505,0.7851301869244058,-2.725063410194347,0.0,3.6999999999999997,0,
2026-09-08T07:01:02.685+00:00,1002.0666666666667,2.066666666666669,tick,ACQUIRE_VERIFY,STOP,0.0,0.0,0.0,0.0,0.68,0.0,4.68,-170.0,0.0,0.575,3.9999999999999996,10.0,0.0,4.68,4.68,0.0,1.8599999999999999,0.4896878610207434,-2.777157863494426,0.19424553511708104,-2.829252316794505,0.7851301869244058,-2.725063410194347,0.0,3.6999999999999997,0,
2026-09-08T07:01:02.718+00:00,1002.1,2.1000000000000023,tick,ACQUIRE_VERIFY,STOP,0.0,0.0,0.0,0.0,0.68,0.0,4.68,-170.0,0.0,0.575,3.9999999999999996,10.0,0.0,4.68,4.68,0.0,1.8599999999999999,0.4896878610207434,-2.777157863494426,0.19424553511708104,-2.829252316794505,0.7851301869244058,-2.725063410194347,0.0,3.6999999999999997,0,
2026-09-08T07:01:02.752+00:00,1002.1333333333333,2.1333333333333355,tick,ACQUIRE_VERIFY,STOP,0.0,0.0,0.0,0.0,0.68,0.0,4.68,-170.0,0.0,0.575,3.9999999999999996,10.0,0.0,4.68,4.68,0.0,1.8599999999999999,0.4896878610207434,-2.777157863494426,0.19424553511708104,-2.829252316794505,0.7851301869244058,-2.725063410194347,0.0,3.6999999999999997,0,
2026-09-08T07:01:02.785+00:00,1002.1666666666666,2.1666666666666687,tick,ACQUIRE_VERIFY,STOP,0.0,0.0,0.0,0.0,0.68,0.0,4.68,-170.0,0.0,0.575,3.9999999999999996,10.0,0.0,4.68,4.68,0.0,1.8599999999999999,0.4896878610207434,-2.777157863494426,0.19424553511708104,-2.829252316794505,0.7851301869244058,-2.725063410194347,0.0,3.6999999999999997,0,
2026-09-08T07:01:02.818+00:00,1002.2,2.200000000000002,tick,ACQUIRE_VERIFY,STOP,0.0,0.0,0.0,0.0,0.68,0.0,4.68,-170.0,0.0,0.575,3.9999999999999996,10.0,0.0,4.68,4.68,0.0,1.8599999999999999,0.4896878610207434,-2.777157863494426,0.19424553511708104,-2.829252316794505,0.7851301869244058,-2.725063410194347,0.0,3.6999999999999997,0,
2026-09-08T07:01:02.852+00:00,1002.2333333333333,2.233333333333335,tick,ACQUIRE_VERIFY,STOP,0.0,0.0,0.0,0.0,0.68,0.0,4.68,-170.0,0.0,0.575,3.9999999999999996,10.0,0.0,4.68,4.68,0.0,1.8599999999999999,0.4896878610207434,-2.777157863494426,0.19424553511708104,-2.829252316794505,0.7851301869244058,-2.725063410194347,0.0,3.6999999999999997,0,
2026-09-08T07:01:02.885+00:00,1002.2666666666667,2.2666666666666684,tick,ACQUIRE_VERIFY,STOP,0.0,0.0,0.0,0.0,0.68,0.0,4.68,-170.0,0.0,0.575,3.9999999999999996,10.0,0.0,4.68,4.68,0.0,1.8599999999999999,0.4896878610207434,-2.777157863494426,0.19424553511708104,-2.829252316794505,0.7851301869244058,-2.725063410194347,0.0,3.6999999999999997,0,
2026-09-08T07:01:02.918+00:00,1002.3,2.3000000000000016,tick,ACQUIRE_VERIFY,STOP,0.0,0.0,0.0,0.0,0.68,0.0,4.68,-170.0,0.0,0.575,3.9999999999999996,10.0,0.0,4.68,4.68,0.0,1.8599999999999999,0.4896878610207434,-2.777157863494426,0.19424553511708104,-2.829252316794505,0.7851301869244058,-2.725063410194347,0.0,3.6999999999999997,0,
2026-09-08T07:01:02.952+00:00,1002.3333333333334,2.333333333333335,tick,STAGING_PLAN,STOP,0.0,0.0,0.0,0.0,0.68,0.0,4.68,-170.0,0.0,0.575,3.9999999999999996,10.0,0.0,4.68,4.68,0.0,1.8599999999999999,0.4896878610207434,-2.777157863494426,0.19424553511708104,-2.829252316794505,0.7851301869244058,-2.725063410194347,0.0,3.6999999999999997,0,
2026-09-08T07:01:02.985+00:00,1002.3666666666667,2.366666666666668,tick,STAGING_PLAN,STOP,0.0,0.0,0.0,0.0,0.68,0.0,4.68,-170.0,0.0,0.575,3.9999999999999996,10.0,0.0,4.68,4.68,0.0,1.8599999999999999,0.4896878610207434,-2.777157863494426,0.19424553511708104,-2.829252316794505,0.7851301869244058,-2.725063410194347,0.0,3.6999999999999997,0,
2026-09-08T07:01:03.018+00:00,1002.4,2.4000000000000012,tick,STAGING_PLAN,STOP,0.0,0.0,0.0,0.0,0.68,0.0,4.68,-170.0,0.0,0.575,3.9999999999999996,10.0,0.0,4.68,4.68,0.0,1.8599999999999999,0.4896878610207434,-2.777157863494426,0.19424553511708104,-2.829252316794505,0.7851301869244058,-2.725063410194347,0.0,3.6999999999999997,0,
2026-09-08T07:01:03.052+00:00,1002.4333333333333,2.4333333333333345,tick,STAGING_PLAN,STOP,0.0,0.0,0.0,0.0,0.68,0.0,4.68,-170.0,0.0,0.575,3.9999999999999996,10.0,0.0,4.68,4.68,0.0,1.8599999999999999,0.4896878610207434,-2.777157863494426,0.19424553511708104,-2.829252316794505,0.7851301869244058,-2.725063410194347,0.0,3.6999999999999997,0,
2026-09-08T07:01:03.085+00:00,1002.4666666666667,2.4666666666666677,tick,STAGING_PLAN,STOP,0.0,0.0,0.0,0.0,0.68,0.0,4.68,-170.0,0.0,0.575,3.9999999999999996,10.0,0.0,4.68,4.68,0.0,1.8599999999999999,0.4896878610207434,-2.777157863494426,0.19424553511708104,-2.829252316794505,0.7851301869244058,-2.725063410194347,0.0,3.6999999999999997,0,
2026-09-08T07:01:03.118+00:00,1002.5,2.500000000000001,tick,STAGING_PLAN,STOP,0.0,0.0,0.0,0.0,0.68,0.0,4.68,-170.0,0.0,0.575,3.9999999999999996,10.0,0.0,4.68,4.68,0.0,1.8599999999999999,0.4896878610207434,-2.777157863494426,0.19424553511708104,-2.829252316794505,0.7851301869244058,-2.725063410194347,0.0,3.6999999999999997,0,
2026-09-08T07:01:03.152+00:00,1002.5333333333333,2.533333333333334,tick,STAGING_PLAN,STOP,0.0,0.0,0.0,0.0,0.68,0.0,4.68,-170.0,0.0,0.575,3.9999999999999996,10.0,0.0,4.68,4.68,0.0,1.8599999999999999,0.4896878610207434,-2.777157863494426,0.19424553511708104,-2.829252316794505,0.7851301869244058,-2.725063410194347,0.0,3.6999999999999997,0,
2026-09-08T07:01:03.185+00:00,1002.5666666666667,2.5666666666666673,tick,STAGING_PLAN,STOP,0.0,0.0,0.0,0.0,0.68,0.0,4.68,-170.0,0.0,0.575,3.9999999999999996,10.0,0.0,4.68,4.68,0.0,1.8599999999999999,0.4896878610207434,-2.777157863494426,0.19424553511708104,-2.829252316794505,0.7851301869244058,-2.725063410194347,0.0,3.6999999999999997,0,
2026-09-08T07:01:03.218+00:00,1002.6,2.6000000000000005,tick,STAGING_PLAN,STOP,0.0,0.0,0.0,0.0,0.68,0.0,4.68,-170.0,0.0,0.575,3.9999999999999996,10.0,0.0,4.68,4.68,0.0,1.8599999999999999,0.4896878610207434,-2.777157863494426,0.19424553511708104,-2.829252316794505,0.7851301869244058,-2.725063410194347,0.0,3.6999999999999997,0,
2026-09-08T07:01:03.252+00:00,1002.6333333333333,2.6333333333333337,tick,STAGING_PLAN,STOP,0.0,0.0,0.0,0.0,0.68,0.0,4.68,-170.0,0.0,0.575,3.9999999999999996,10.0,0.0,4.68,4.68,0.0,1.8599999999999999,0.4896878610207434,-2.777157863494426,0.19424553511708104,-2.829252316794505,0.7851301869244058,-2.725063410194347,0.0,3.6999999999999997,0,
2026-09-08T07:01:03.285+00:00,1002.6666666666666,2.666666666666667,tick,WAYPOINT_TURN,ROT_LEFT,0.0,0.0,0.0,0.0,0.68,0.0,4.68,-170.0,0.0,0.575,3.9999999999999996,10.0,0.0,4.68,4.68,0.0,1.8599999999999999,0.4896878610207434,-2.777157863494426,0.19424553511708104,-2.829252316794505,0.7851301869244058,-2.725063410194347,0.0,3.6999999999999997,0,
2026-09-08T07:01:03.318+00:00,1002.7,2.7,tick,WAYPOINT_TURN,ROT_LEFT,0.0,0.0,0.0,0.0,0.68,0.0,4.68,-170.0,0.0,0.575,3.9999999999999996,10.0,0.0,4.68,4.68,0.0,1.8599999999999999,0.4896878610207434,-2.777157863494426,0.19424553511708104,-2.829252316794505,0.7851301869244058,-2.725063410194347,0.0,3.6999999999999997,0,
2026-09-08T07:01:03.352+00:00,1002.7333333333333,2.7333333333333334,tick,WAYPOINT_TURN,ROT_LEFT,0.0,0.0,0.0,0.0,0.68,0.0,4.68,-170.0,0.0,0.575,3.9999999999999996,10.0,0.0,4.68,4.68,0.0,1.8599999999999999,0.4896878610207434,-2.777157863494426,0.19424553511708104,-2.829252316794505,0.7851301869244058,-2.725063410194347,0.0,3.6999999999999997,0,
2026-09-08T07:01:03.385+00:00,1002.7666666666667,2.7666666666666666,tick,WAYPOINT_TURN,ROT_LEFT,0.0,0.0,0.0,0.0,0.68,0.0,4.68,-170.0,0.0,0.575,3.9999999999999996,10.0,0.0,4.68,4.68,0.0,1.8599999999999999,0.4896878610207434,-2.777157863494426,0.19424553511708104,-2.829252316794505,0.7851301869244058,-2.725063410194347,0.0,3.6999999999999997,0,
2026-09-08T07:01:03.418+00:00,1002.8,2.8,tick,WAYPOINT_TURN,ROT_LEFT,0.0,0.0,0.0,0.0,0.68,0.0,4.68,-170.0,0.0,0.575,3.9999999999999996,10.0,0.0,4.68,4.68,0.0,1.8599999999999999,0.4896878610207434,-2.777157863494426,0.19424553511708104,-2.829252316794505,0.7851301869244058,-2.725063410194347,0.0,3.6999999999999997,0,
2026-09-08T07:01:03.452+00:00,1002.8333333333334,2.833333333333333,tick,WAYPOINT_TURN,ROT_LEFT,0.0,0.0,0.0,0.0,0.68,0.0,4.68,-170.0,0.0,0.575,3.9999999999999996,10.0,0.0,4.68,4.68,0.0,1.8599999999999999,0.4896878610207434,-2.777157863494426,0.19424553511708104,-2.829252316794505,0.7851301869244058,-2.725063410194347,0.0,3.6999999999999997,0,
2026-09-08T07:01:03.485+00:00,1002.8666666666667,2.8666666666666663,tick,WAYPOINT_TURN,ROT_LEFT,0.0,0.0,0.0,0.0,0.68,0.0,4.68,-170.0,0.0,0.575,3.9999999999999996,10.0,0.0,4.68,4.68,0.0,1.8599999999999999,0.4896878610207434,-2.777157863494426,0.19424553511708104,-2.829252316794505,0.7851301869244058,-2.725063410194347,0.0,3.6999999999999997,0,
2026-09-08T07:01:03.518+00:00,1002.9,2.8999999999999995,tick,WAYPOINT_TURN,ROT_LEFT,0.0,0.0,0.0,0.0,0.68,0.0,4.68,-170.0,0.0,0.575,3.9999999999999996,10.0,0.0,4.68,4.68,0.0,1.8599999999999999,0.4896878610207434,-2.777157863494426,0.19424553511708104,-2.829252316794505,0.7851301869244058,-2.725063410194347,0.0,3.6999999999999997,0,
2026-09-08T07:01:03.552+00:00,1002.9333333333333,2.9333333333333327,tick,WAYPOINT_TURN,ROT_LEFT,0.0,0.0,0.0,0.0,0.68,0.0,4.68,-170.0,0.0,0.575,3.9999999999999996,10.0,0.0,4.68,4.68,0.0,1.8599999999999999,0.4896878610207434,-2.777157863494426,0.19424553511708104,-2.829252316794505,0.7851301869244058,-2.725063410194347,0.0,3.6999999999999997,0,
2026-09-08T07:01:03.585+00:00,1002.9666666666667,2.966666666666666,tick,WAYPOINT_TURN,ROT_LEFT,0.0,0.0,0.0,0.0,0.68,0.0,4.68,-170.0,0.0,0.575,3.9999999999999996,10.0,0.0,4.68,4.68,0.0,1.8599999999999999,0.4896878610207434,-2.777157863494426,0.19424553511708104,-2.829252316794505,0.7851301869244058,-2.725063410194347,0.0,3.6999999999999997,0,
2026-09-08T07:01:03.618+00:00,1003.0,2.999999999999999,tick,WAYPOINT_TURN,ROT_LEFT,0.0,0.0,0.0,0.0,0.68,0.0,4.68,-170.0,0.0,0.575,3.9999999999999996,10.0,0.0,4.68,4.68,0.0,1.8599999999999999,0.4896878610207434,-2.777157863494426,0.19424553511708104,-2.829252316794505,0.7851301869244058,-2.725063410194347,0.0,3.6999999999999997,0,
2026-09-08T07:01:03.652+00:00,1003.0333333333333,3.0333333333333323,tick,WAYPOINT_TURN,ROT_LEFT,0.0,0.0,0.0,0.0,0.68,0.0,4.68,-170.0,0.0,0.575,3.9999999999999996,10.0,0.0,4.68,4.68,0.0,1.8599999999999999,0.4896878610207434,-2.777157863494426,0.19424553511708104,-2.829252316794505,0.7851301869244058,-2.725063410194347,0.0,3.6999999999999997,0,
2026-09-08T07:01:03.685+00:00,1003.0666666666667,3.0666666666666655,tick,WAYPOINT_TURN,ROT_LEFT,0.0,0.0,0.0,0.0,0.68,0.0,4.68,-170.0,0.0,0.575,3.9999999999999996,10.0,0.0,4.68,4.68,0.0,1.8599999999999999,0.4896878610207434,-2.777157863494426,0.19424553511708104,-2.829252316794505,0.7851301869244058,-2.725063410194347,0.0,3.6999999999999997,0,
2026-09-08T07:01:03.718+00:00,1003.1,3.0999999999999988,tick,WAYPOINT_TURN,ROT_LEFT,0.0,0.0,0.0,0.0,0.68,0.0,4.68,-170.0,0.0,0.575,3.9999999999999996,10.0,0.0,4.68,4.68,0.0,1.8599999999999999,0.4896878610207434,-2.777157863494426,0.19424553511708104,-2.829252316794505,0.7851301869244058,-2.725063410194347,0.0,3.6999999999999997,0,
2026-09-08T07:01:03.752+00:00,1003.1333333333333,3.133333333333332,tick,WAYPOINT_TURN,ROT_LEFT,0.0,0.0,0.0,0.0,0.68,0.0,4.68,-170.0,0.0,0.575,3.9999999999999996,10.0,0.0,4.68,4.68,0.0,1.8599999999999999,0.4896878610207434,-2.777157863494426,0.19424553511708104,-2.829252316794505,0.7851301869244058,-2.725063410194347,0.0,3.6999999999999997,0,
2026-09-08T07:01:03.785+00:00,1003.1666666666666,3.166666666666665,tick,WAYPOINT_TURN,ROT_LEFT,0.0,0.0,0.0,0.0,0.68,0.0,4.68,-170.0,0.0,0.575,3.9999999999999996,10.0,0.0,4.68,4.68,0.0,1.8599999999999999,0.4896878610207434,-2.777157863494426,0.19424553511708104,-2.829252316794505,0.7851301869244058,-2.725063410194347,0.0,3.6999999999999997,0,
2026-09-08T07:01:03.818+00:00,1003.2,3.1999999999999984,tick,WAYPOINT_TURN,ROT_LEFT,0.0,0.0,0.0,0.0,0.68,0.0,4.68,-170.0,0.0,0.575,3.9999999999999996,10.0,0.0,4.68,4.68,0.0,1.8599999999999999,0.4896878610207434,-2.777157863494426,0.19424553511708104,-2.829252316794505,0.7851301869244058,-2.725063410194347,0.0,3.6999999999999997,0,
2026-09-08T07:01:03.852+00:00,1003.2333333333333,3.2333333333333316,tick,WAYPOINT_TURN,ROT_LEFT,0.0,0.0,0.0,0.0,0.68,0.0,4.68,-170.0,0.0,0.575,3.9999999999999996,10.0,0.0,4.68,4.68,0.0,1.8599999999999999,0.4896878610207434,-2.777157863494426,0.19424553511708104,-2.829252316794505,0.7851301869244058,-2.725063410194347,0.0,3.6999999999999997,0,
2026-09-08T07:01:03.885+00:00,1003.2666666666667,3.266666666666665,tick,WAYPOINT_TURN,ROT_LEFT,0.0,0.0,0.0,0.0,0.68,0.0,4.68,-170.0,0.0,0.575,3.9999999999999996,10.0,0.0,4.68,4.68,0.0,1.8599999999999999,0.4896878610207434,-2.777157863494426,0.19424553511708104,-2.829252316794505,0.7851301869244058,-2.725063410194347,0.0,3.6999999999999997,0,
2026-09-08T07:01:03.918+00:00,1003.3,3.299999999999998,tick,WAYPOINT_TURN,ROT_LEFT,0.0,0.0,0.0,0.0,0.68,0.0,4.68,-170.0,0.0,0.575,3.9999999999999996,10.0,0.0,4.68,4.68,0.0,1.8599999999999999,0.4896878610207434,-2.777157863494426,0.19424553511708104,-2.829252316794505,0.7851301869244058,-2.725063410194347,0.0,3.6999999999999997,0,
2026-09-08T07:01:03.952+00:00,1003.3333333333334,3.3333333333333313,tick,WAYPOINT_TURN,ROT_LEFT,0.0,0.0,0.0,0.0,0.68,0.0,4.68,-170.0,0.0,0.575,3.9999999999999996,10.0,0.0,4.68,4.68,0.0,1.8599999999999999,0.4896878610207434,-2.777157863494426,0.19424553511708104,-2.829252316794505,0.7851301869244058,-2.725063410194347,0.0,3.6999999999999997,0,
2026-09-08T07:01:03.985+00:00,1003.3666666666667,3.3666666666666645,tick,WAYPOINT_TURN,ROT_LEFT,0.0,0.0,0.0,0.0,0.68,0.0,4.68,-170.0,0.0,0.575,3.9999999999999996,10.0,0.0,4.68,4.68,0.0,1.8599999999999999,0.4896878610207434,-2.777157863494426,0.19424553511708104,-2.829252316794505,0.7851301869244058,-2.725063410194347,0.0,3.6999999999999997,0,
2026-09-08T07:01:04.018+00:00,1003.4,3.3999999999999977,tick,WAYPOINT_TURN,ROT_LEFT,0.0,0.0,0.0,0.0,0.68,0.0,4.68,-170.0,0.0,0.575,3.9999999999999996,10.0,0.0,4.68,4.68,0.0,1.8599999999999999,0.4896878610207434,-2.777157863494426,0.19424553511708104,-2.829252316794505,0.7851301869244058,-2.725063410194347,0.0,3.6999999999999997,0,
2026-09-08T07:01:04.052+00:00,1003.4333333333333,3.433333333333331,tick,WAYPOINT_TURN,ROT_LEFT,0.0,0.0,0.0,0.0,0.68,0.0,4.68,-170.0,0.0,0.575,3.9999999999999996,10.0,0.0,4.68,4.68,0.0,1.8599999999999999,0.4896878610207434,-2.777157863494426,0.19424553511708104,-2.829252316794505,0.7851301869244058,-2.725063410194347,0.0,3.6999999999999997,0,
2026-09-08T07:01:04.085+00:00,1003.4666666666667,3.466666666666664,tick,WAYPOINT_TURN,ROT_LEFT,0.0,0.0,0.0,0.0,0.68,0.0,4.68,-170.0,0.0,0.575,3.9999999999999996,10.0,0.0,4.68,4.68,0.0,1.8599999999999999,0.4896878610207434,-2.777157863494426,0.19424553511708104,-2.829252316794505,0.7851301869244058,-2.725063410194347,0.0,3.6999999999999997,0,
2026-09-08T07:01:04.118+00:00,1003.5,3.4999999999999973,tick,WAYPOINT_TURN,ROT_LEFT,0.0,0.0,0.0,0.0,0.68,0.0,4.68,-170.0,0.0,0.575,3.9999999999999996,10.0,0.0,4.68,4.68,0.0,1.8599999999999999,0.4896878610207434,-2.777157863494426,0.19424553511708104,-2.829252316794505,0.7851301869244058,-2.725063410194347,0.0,3.6999999999999997,0,
2026-09-08T07:01:04.152+00:00,1003.5333333333333,3.5333333333333306,tick,WAYPOINT_TURN,ROT_LEFT,0.0,0.0,0.0,0.0,0.68,0.0,4.68,-170.0,0.0,0.575,3.9999999999999996,10.0,0.0,4.68,4.68,0.0,1.8599999999999999,0.4896878610207434,-2.777157863494426,0.19424553511708104,-2.829252316794505,0.7851301869244058,-2.725063410194347,0.0,3.6999999999999997,0,
2026-09-08T07:01:04.185+00:00,1003.5666666666667,3.5666666666666638,tick,WAYPOINT_TURN,ROT_LEFT,0.0,0.0,0.0,0.0,0.68,0.0,4.68,-170.0,0.0,0.575,3.9999999999999996,10.0,0.0,4.68,4.68,0.0,1.8599999999999999,0.4896878610207434,-2.777157863494426,0.19424553511708104,-2.829252316794505,0.7851301869244058,-2.725063410194347,0.0,3.6999999999999997,0,
2026-09-08T07:01:04.218+00:00,1003.6,3.599999999999997,tick,WAYPOINT_TURN,ROT_LEFT,0.0,0.0,0.0,0.0,0.68,0.0,4.68,-170.0,0.0,0.575,3.9999999999999996,10.0,0.0,4.68,4.68,0.0,1.8599999999999999,0.4896878610207434,-2.777157863494426,0.19424553511708104,-2.829252316794505,0.7851301869244058,-2.725063410194347,0.0,3.6999999999999997,0,
2026-09-08T07:01:04.252+00:00,1003.6333333333333,3.63333333333333,tick,WAYPOINT_TURN,ROT_LEFT,0.0,0.0,0.0,0.0,0.68,0.0,4.68,-170.0,0.0,0.575,3.9999999999999996,10.0,0.0,4.68,4.68,0.0,1.8599999999999999,0.4896878610207434,-2.777157863494426,0.19424553511708104,-2.829252316794505,0.7851301869244058,-2.725063410194347,0.0,3.6999999999999997,0,
2026-09-08T07:01:04.285+00:00,1003.6666666666666,3.6666666666666634,tick,WAYPOINT_TURN,ROT_LEFT,0.0,0.0,0.0,0.0,0.68,0.0,4.68,-170.0,0.0,0.575,3.9999999999999996,10.0,0.0,4.68,4.68,0.0,1.8599999999999999,0.4896878610207434,-2.777157863494426,0.19424553511708104,-2.829252316794505,0.7851301869244058,-2.725063410194347,0.0,3.6999999999999997,0,
2026-09-08T07:01:04.318+00:00,1003.7,3.6999999999999966,tick,WAYPOINT_TURN,ROT_LEFT,0.0,0.0,0.0,0.0,0.68,0.0,4.68,-170.0,0.0,0.575,3.9999999999999996,10.0,0.0,4.68,4.68,0.0,1.8599999999999999,0.4896878610207434,-2.777157863494426,0.19424553511708104,-2.829252316794505,0.7851301869244058,-2.725063410194347,0.0,3.6999999999999997,0,
2026-09-08T07:01:04.352+00:00,1003.7333333333333,3.73333333333333,tick,WAYPOINT_TURN,ROT_LEFT,0.0,0.0,0.0,0.0,0.68,0.0,4.68,-170.0,0.0,0.575,3.9999999999999996,10.0,0.0,4.68,4.68,0.0,1.8599999999999999,0.4896878610207434,-2.777157863494426,0.19424553511708104,-2.829252316794505,0.7851301869244058,-2.725063410194347,0.0,3.6999999999999997,0,
2026-09-08T07:01:04.385+00:00,1003.7666666666667,3.766666666666663,tick,WAYPOINT_TURN,ROT_LEFT,0.0,0.0,0.0,0.0,0.68,0.0,4.68,-170.0,0.0,0.575,3.9999999999999996,10.0,0.0,4.68,4.68,0.0,1.8599999999999999,0.4896878610207434,-2.777157863494426,0.19424553511708104,-2.829252316794505,0.7851301869244058,-2.725063410194347,0.0,3.6999999999999997,0,
2026-09-08T07:01:04.418+00:00,1003.8,3.7999999999999963,tick,WAYPOINT_TURN,ROT_LEFT,0.0,0.0,0.0,0.0,0.68,0.0,4.68,-170.0,0.0,0.575,3.9999999999999996,10.0,0.0,4.68,4.68,0.0,1.8599999999999999,0.4896878610207434,-2.777157863494426,0.19424553511708104,-2.829252316794505,0.7851301869244058,-2.725063410194347,0.0,3.6999999999999997,0,
2026-09-08T07:01:04.452+00:00,1003.8333333333334,3.8333333333333295,tick,WAYPOINT_TURN,ROT_LEFT,0.0,0.0,0.0,0.0,0.68,0.0,4.68,-170.0,0.0,0.575,3.9999999999999996,10.0,0.0,4.68,4.68,0.0,1.8599999999999999,0.4896878610207434,-2.777157863494426,0.19424553511708104,-2.829252316794505,0.7851301869244058,-2.725063410194347,0.0,3.6999999999999997,0,
2026-09-08T07:01:04.485+00:00,1003.8666666666667,3.8666666666666627,tick,WAYPOINT_TURN,ROT_LEFT,0.0,0.0,0.0,0.0,0.68,0.0,4.68,-170.0,0.0,0.575,3.9999999999999996,10.0,0.0,4.68,4.68,0.0,1.8599999999999999,0.4896878610207434,-2.777157863494426,0.19424553511708104,-2.829252316794505,0.7851301869244058,-2.725063410194347,0.0,3.6999999999999997,0,
2026-09-08T07:01:04.518+00:00,1003.9,3.899999999999996,tick,WAYPOINT_TURN,ROT_LEFT,0.0,0.0,0.0,0.0,0.68,0.0,4.68,-170.0,0.0,0.575,3.9999999999999996,10.0,0.0,4.68,4.68,0.0,1.8599999999999999,0.4896878610207434,-2.777157863494426,0.19424553511708104,-2.829252316794505,0.7851301869244058,-2.725063410194347,0.0,3.6999999999999997,0,
2026-09-08T07:01:04.552+00:00,1003.9333333333333,3.933333333333329,tick,WAYPOINT_TURN,ROT_LEFT,0.0,0.0,0.0,0.0,0.68,0.0,4.68,-170.0,0.0,0.575,3.9999999999999996,10.0,0.0,4.68,4.68,0.0,1.8599999999999999,0.4896878610207434,-2.777157863494426,0.19424553511708104,-2.829252316794505,0.7851301869244058,-2.725063410194347,0.0,3.6999999999999997,0,
2026-09-08T07:01:04.585+00:00,1003.9666666666667,3.9666666666666623,tick,WAYPOINT_TURN,ROT_LEFT,0.0,0.0,-0.28606204693297343,-0.0033950386122049638,0.6799915247360233,3.469446951953614e-18,4.679999999999999,-169.99999999999994,0.023365853978116514,0.575,3.9999416702420407,10.286062046933012,0.023365853978116514,4.679941670242041,4.679999999999999,-0.009286429145148871,1.8599768176602987,0.48054653917184714,-2.7787932651403837,0.18536798772721041,-2.8323621251902855,0.7757250906164839,-2.7252244050904824,0.0,3.699941670242041,0,
2026-09-08T07:01:04.618+00:00,1004.0,3.9999999999999956,tick,WAYPOINT_TURN,ROT_LEFT,0.0,0.0,-0.6894777024452869,-0.008182688607199099,0.6799507655758303,-6.938893903907228e-18,4.68,-169.99999999999994,0.0563161510024879,0.575,3.999661151316008,10.689477702445345,0.0563161510024879,4.679661151316008,4.68,-0.022382060013809296,1.8598653293691827,0.467669220100389,-2.781177092109588,0.1728751568765915,-2.8368229391064994,0.7624632833241866,-2.725531245112677,0.0,3.699661151316008,0,
2026-09-08T07:01:04.652+00:00,1004.0333333333333,4.033333333333329,tick,WAYPOINT_TURN,ROT_LEFT,0.0,0.0,-1.0928933579576006,-0.012969932949408684,0.6798762981890808,1.3877787807814457e-17,4.68,-169.9999999999999,0.08926365618122448,0.575,3.9991486404777903,11.092893357957706,0.08926365618122448,4.67914864047779,4.68,-0.03547658130279434,1.8596616391642502,0.4548090044459105,-2.78365152756187,0.1604140437144167,-2.8413716028901495,0.7492039651774043,-2.7259314522335907,0.0,3.6991486404777905,0,
2026-09-08T07:01:04.685+00:00,1004.0666666666666,4.066666666666662,tick,WAYPOINT_TURN,ROT_LEFT,0.0,0.0,-1.496309013469624,-0.017756534313534036,0.6797681262674592,8.326672684688674e-17,4.679999999999998,-169.99999999999983,0.12220673615785191,0.575,3.998404163134864,11.496309013469784,0.12220673615785191,4.678404163134864,4.679999999999998,-0.04856934385760779,1.859365757143344,0.4419665297473195,-2.7862164488283034,0.14798526599428297,-2.846007891043453,0.735947793500356,-2.726425006613154,0.0,3.6984041631348643,0,
2026-09-08T07:01:04.718+00:00,1004.1,4.099999999999995,tick,WAYPOINT_TURN,ROT_LEFT,0.0,0.0,-1.8997246689819374,-0.022542255406161126,0.6796262551735355,8.326672684688674e-17,4.680000000000001,-169.99999999999977,0.15514375779534428,0.575,3.9974277561943317,11.899724668982145,0.15514375779534428,4.677427756194332,4.680000000000001,-0.06165969861097013,1.8589776979746702,0.4291424326639978,-2.788871728754177,0.1355894398667472,-2.8507315737247017,0.7226954254612484,-2.727011883783652,0.0,3.697427756194332,0,
2026-09-08T07:01:04.752+00:00,1004.1333333333333,4.133333333333328,tick,WAYPOINT_TURN,ROT_LEFT,0.0,0.0,-2.303140324494251,-0.027326858977504625,0.6794506919404996,1.1102230246251565e-16,4.68,-169.99999999999977,0.1880730882569437,0.575,3.9962194680610845,12.303140324494507,0.1880730882569437,4.676219468061085,4.68,-0.07474699661493911,1.8584974808960721,0.4163373489442933,-2.791617235705282,0.12322717984883402,-2.8555424167596306,0.7094475180397526,-2.7276920546509333,0.0,3.6962194680610847,0,
2026-09-08T07:01:04.785+00:00,1004.1666666666666,4.166666666666662,tick,WAYPOINT_TURN,ROT_LEFT,0.0,0.0,-2.706555980006253,-0.032110107833179524,0.6792414452718133,8.326672684688674e-17,4.680000000000001,-169.99999999999972,0.22099309508717682,0.575,3.9947793586354208,12.706555980006556,0.22099309508717682,4.674779358635421,4.680000000000001,-0.08783058907310869,1.857925129714077,0.4035519133939772,-2.794452833574455,0.11089909879354576,-2.8604401816530487,0.6962047279944087,-2.728465485495861,0.0,3.694779358635421,0,
2026-09-08T07:01:04.818+00:00,1004.2,4.199999999999995,tick,WAYPOINT_TURN,ROT_LEFT,0.0,0.0,-3.1099716355185665,-0.036891764845971266,0.6789985255407773,0.0,4.6800000000000015,-169.99999999999966,0.2539021462928612,0.575,3.993107499310057,13.109971635518917,0.2539021462928612,4.673107499310057,4.6800000000000015,-0.10090982737280374,1.8572606728027141,0.3907867598447424,-2.797378381788322,0.09860580785945072,-2.865424625600664,0.682967711830034,-2.72933213797598,0.0,3.693107499310057,0,
2026-09-08T07:01:04.852+00:00,1004.2333333333333,4.233333333333328,tick,WAYPOINT_TURN,ROT_LEFT,0.0,0.0,-3.51338729103088,-0.04167159296756903,0.6787219447900188,5.551115123125783e-17,4.680000000000002,-169.9999999999996,0.28679861042385757,0.575,3.9912039729666016,13.513387291031279,0.28679861042385757,4.671203972966602,4.680000000000002,-0.1139840631171741,1.85650414310211,0.3780425211228403,-2.8003937353142585,0.08634791648044171,-2.8704955015011016,0.6697371257652388,-2.730291969127416,0.0,3.6912039729666017,0,
2026-09-08T07:01:04.885+00:00,1004.2666666666667,4.266666666666661,tick,WAYPOINT_TURN,ROT_LEFT,0.0,0.0,-3.91680294654286,-0.046449355240328144,0.6784117167308933,0.0,4.6800000000000015,-169.99999999999955,0.3196808566540232,0.575,3.9890688739714437,13.9168029465433,0.3196808566540232,4.669068873971444,4.6800000000000015,-0.12705264815736814,1.855655578116855,0.36531982901768134,-2.803498744667587,0.0741260323354972,-2.8756525579681655,0.6565136256998655,-2.731344931367008,0.0,3.689068873971444,0,
2026-09-08T07:01:04.918+00:00,1004.3,4.2999999999999945,tick,WAYPOINT_TURN,ROT_LEFT,0.0,0.0,-4.320218602055173,-0.05122481480902921,0.6780678567428047,0.0,4.680000000000002,-169.9999999999995,0.3525472548621424,0.575,3.9867023081710697,14.320218602055661,0.3525472548621424,4.66670230817107,4.680000000000002,-0.14011493462469754,1.854715019914142,0.35261931425048226,-2.806693255918993,0.061940761318524995,-2.8808955393433147,0.6432978671824395,-2.732490972494672,0.0,3.68670230817107,0,
2026-09-08T07:01:04.952+00:00,1004.3333333333334,4.333333333333328,tick,WAYPOINT_TURN,ROT_LEFT,0.0,0.0,-4.723634257567487,-0.05599773493259644,0.6776903818724438,1.6653345369377348e-16,4.6800000000000015,-169.9999999999995,0.38539617571257573,0.575,3.98410439288682,14.723634257567994,0.38539617571257573,4.66410439288682,4.6800000000000015,-0.15317027496269026,1.8536825151216842,0.33994160644305726,-2.8099771107021407,0.04979270750838205,-2.886224185708305,0.6300905053777325,-2.733730035695977,0.0,3.68410439288682,0,
2026-09-08T07:01:04.985+00:00,1004.3666666666667,4.366666666666661,tick,WAYPOINT_TURN,ROT_LEFT,0.0,0.0,-5.127049913079446,-0.060767878995845535,0.677279310832943,5.551115123125783e-17,4.680000000000001,-169.99999999999943,0.4182259907361135,0.575,3.9812752569090795,15.127049913079986,0.4182259907361135,4.66127525690908,4.6800000000000015,-0.16621802195922453,1.852558114925403,0.32728733408658284,-2.8133501462215347,0.0376824731389066,-2.8916382328980985,0.616892195034259,-2.735062059544971,0.0,3.6812752569090796,0,
2026-09-08T07:01:05.018+00:00,1004.4,4.399999999999994,tick,WAYPOINT_TURN,ROT_LEFT,0.0,0.0,-5.53046556859176,-0.06553501052122657,0.6768346640029475,1.1102230246251565e-16,4.680000000000001,-169.99999999999943,0.45103507241079477,0.575,3.978215040490874,15.53046556859232,0.45103507241079477,4.658215040490874,4.680000000000001,-0.17925752877864912,1.8513418750668853,0.31465712451039624,-2.816812195260593,0.025610658569019895,-2.897137412513961,0.6037035904517725,-2.7364869780072247,0.0,3.678215040490874,0,
2026-09-08T07:01:05.052+00:00,1004.4333333333333,4.433333333333327,tick,WAYPOINT_TURN,ROT_LEFT,0.0,0.0,-5.9338812241040735,-0.07029889318052221,0.6763564634256064,5.551115123125783e-17,4.6800000000000015,-169.99999999999937,0.48382179424241767,0.575,3.9749238953409383,15.933881224104681,0.48382179424241767,4.654923895340938,4.680000000000001,-0.1922881489937813,1.850033855840629,0.3020516038509718,-2.820363086189927,0.013577862253036588,-2.9027214519367517,0.590525345448907,-2.7380047204431026,0.0,3.6749238953409384,0,
2026-09-08T07:01:05.085+00:00,1004.4666666666667,4.466666666666661,tick,WAYPOINT_TURN,ROT_LEFT,0.0,0.0,-6.3372968796160105,-0.07505929080657575,0.6758447328074799,-1.1102230246251565e-16,4.680000000000002,-169.99999999999937,0.5165845308452567,0.575,3.9714019846161874,16.337296879616645,0.5165845308452567,4.651401984616188,4.680000000000002,-0.20530923661798656,1.8486341220910478,0.28947139702083846,-2.8240026429758536,0.0015846807109557437,-2.908390074340442,0.5773581133307213,-2.7396152116112655,0.0,3.6714019846161876,0,
2026-09-08T07:01:05.118+00:00,1004.5,4.499999999999994,tick,WAYPOINT_TURN,ROT_LEFT,0.0,0.0,-6.740712535128324,-0.07981596740501265,0.6752994975173623,2.220446049250313e-16,4.680000000000001,-169.99999999999932,0.5493216580227345,0.575,3.9676494829136115,16.740712535129006,0.5493216580227345,4.647649482913612,4.680000000000001,-0.21832014613724046,1.8471427432092555,0.2769171276775729,-2.827730685189128,-0.010368291501136384,-2.9141429987058562,0.564202546856282,-2.7413183716723997,0.0,3.6676494829136117,0,
2026-09-08T07:01:05.152+00:00,1004.5333333333333,4.533333333333327,tick,WAYPOINT_TURN,ROT_LEFT,0.0,0.0,-7.144128190640638,-0.08456868716591319,0.6747207845850266,3.3306690738754696e-16,4.680000000000001,-169.99999999999926,0.5820315528477559,0.575,3.9636665762616548,17.144128190641368,0.5820315528477559,4.643666576261655,4.6800000000000015,-0.2313202325420566,1.8455597931296315,0.26438941819294814,-2.831547028013882,-0.022280461820478048,-2.9199799398345823,0.5510592982063742,-2.743114116193181,0.0,3.663666576261655,0,
2026-09-08T07:01:05.185+00:00,1004.5666666666666,4.56666666666666,tick,WAYPOINT_TURN,ROT_LEFT,0.0,0.0,-7.5475438461525535,-0.08931721447551566,0.6741086226998843,3.3306690738754696e-16,4.6800000000000015,-169.9999999999992,0.6147125937432553,0.575,3.9594534621109685,17.54754384615333,0.6147125937432553,4.639453462110969,4.6800000000000015,-0.2443088513594987,1.8438853503261536,0.2518888896220449,-2.835451482256782,-0.03415123970704248,-2.9259006083631127,0.5379290189511323,-2.7450023561504513,0.0,3.6594534621109687,0,
2026-09-08T07:01:05.218+00:00,1004.6,4.599999999999993,tick,WAYPOINT_TURN,ROT_LEFT,0.0,0.0,-7.950959501664867,-0.09406131392791116,0.6734630422095595,3.3306690738754696e-16,4.6800000000000015,-169.99999999999915,0.6473631605626831,0.575,3.9550103493246165,17.950959501665693,0.6473631605626831,4.635010349324617,4.6800000000000015,-0.2572853586851687,1.842119497808501,0.23941616167242663,-2.839443854356426,-0.04598003667284711,-2.931904710777212,0.5248123600177003,-2.74698299793564,0.0,3.6550103493246167,0,
2026-09-08T07:01:05.252+00:00,1004.6333333333333,4.633333333333327,tick,WAYPOINT_TURN,ROT_LEFT,0.0,0.0,-8.35437515717718,-0.09880075033668555,0.6727840751183904,2.220446049250313e-16,4.680000000000002,-169.99999999999915,0.6799816346701305,0.575,3.950337458167748,18.354375157178055,0.6799816346701305,4.630337458167748,4.680000000000002,-0.27024911121505163,1.84026232311795,0.2269718526734924,-2.8435239463929194,-0.057766266311056635,-2.9379919494264377,0.5117099716580414,-2.7490559433594015,0.0,3.650337458167748,0,
2026-09-08T07:01:05.285+00:00,1004.6666666666666,4.66666666666666,tick,WAYPOINT_TURN,ROT_LEFT,0.0,0.0,-8.757790812689075,-0.10353528874659258,0.6720717550858388,1.1102230246251565e-16,4.680000000000003,-169.9999999999991,0.7125663990206672,0.575,3.945435020296659,18.75779081268999,0.7125663990206672,4.625435020296659,4.680000000000004,-0.28319946627744436,1.8383139183230295,0.214556579545785,-2.8476915560976885,-0.0695093443250917,-2.944162022538902,0.4986225034166617,-2.7512210896564753,0.0,3.645435020296659,0,
2026-09-08T07:01:05.318+00:00,1004.7,4.699999999999993,tick,WAYPOINT_TURN_SETTLE,STOP,0.0,0.0,-9.161206468201389,-0.10826469444521668,0.6713261174248205,-1.1102230246251565e-16,4.680000000000003,-169.99999999999903,0.7451158382406092,0.575,3.940303278747297,19.16120646820235,0.7451158382406092,4.620303278747297,4.680000000000003,-0.29613578186485734,1.83627438001495,0.20217095777037053,-2.8519464768635285,-0.08120868855762842,-2.950414624236261,0.4855506040983696,-2.7534783294907963,0.0,3.640303278747297,0,
2026-09-08T07:01:05.352+00:00,1004.7333333333333,4.733333333333326,tick,WAYPOINT_TURN_SETTLE,STOP,0.0,0.0,-9.161206468201389,-0.10826469444521668,0.6713261174248205,-1.1102230246251565e-16,4.680000000000003,-169.99999999999903,0.7451158382406092,0.575,3.940303278747297,19.16120646820235,0.7451158382406092,4.620303278747297,4.680000000000003,-0.29613578186485734,1.83627438001495,0.20217095777037053,-2.8519464768635285,-0.08120868855762842,-2.950414624236261,0.4855506040983696,-2.7534783294907963,0.0,3.640303278747297,0,
2026-09-08T07:01:05.385+00:00,1004.7666666666667,4.7666666666666595,tick,WAYPOINT_TURN_SETTLE,STOP,0.0,0.0,-9.161206468201389,-0.10826469444521668,0.6713261174248205,-1.1102230246251565e-16,4.680000000000003,-169.99999999999903,0.7451158382406092,0.575,3.940303278747297,19.16120646820235,0.7451158382406092,4.620303278747297,4.680000000000003,-0.29613578186485734,1.83627438001495,0.20217095777037053,-2.8519464768635285,-0.08120868855762842,-2.950414624236261,0.4855506040983696,-2.7534783294907963,0.0,3.640303278747297,0,
2026-09-08T07:01:05.418+00:00,1004.8,4.799999999999993,tick,WAYPOINT_TURN_SETTLE,STOP,0.0,0.0,-9.161206468201389,-0.10826469444521668,0.6713261174248205,-1.1102230246251565e-16,4.680000000000003,-169.99999999999903,0.7451158382406092,0.575,3.940303278747297,19.16120646820235,0.7451158382406092,4.620303278747297,4.680000000000003,-0.29613578186485734,1.83627438001495,0.20217095777037053,-2.8519464768635285,-0.08120868855762842,-2.950414624236261,0.4855506040983696,-2.7534783294907963,0.0,3.640303278747297,0,
2026-09-08T07:01:05.452+00:00,1004.8333333333334,4.833333333333326,tick,WAYPOINT_TURN_SETTLE,STOP,0.0,0.0,-9.161206468201389,-0.10826469444521668,0.6713261174248205,-1.1102230246251565e-16,4.680000000000003,-169.99999999999903,0.7451158382406092,0.575,3.940303278747297,19.16120646820235,0.7451158382406092,4.620303278747297,4.680000000000003,-0.29613578186485734,1.83627438001495,0.20217095777037053,-2.8519464768635285,-0.08120868855762842,-2.950414624236261,0.4855506040983696,-2.7534783294907963,0.0,3.640303278747297,0,
2026-09-08T07:01:05.485+00:00,1004.8666666666667,4.866666666666659,tick,WAYPOINT_TURN_SETTLE,STOP,0.0,0.0,-9.161206468201389,-0.10826469444521668,0.6713261174248205,-1.1102230246251565e-16,4.680000000000003,-169.99999999999903,0.7451158382406092,0.575,3.940303278747297,19.16120646820235,0.7451158382406092,4.620303278747297,4.680000000000003,-0.29613578186485734,1.83627438001495,0.20217095777037053,-2.8519464768635285,-0.08120868855762842,-2.950414624236261,0.4855506040983696,-2.7534783294907963,0.0,3.640303278747297,0,
2026-09-08T07:01:05.518+00:00,1004.9,4.899999999999992,tick,WAYPOINT_TURN_SETTLE,STOP,0.0,0.0,-9.161206468201389,-0.10826469444521668,0.6713261174248205,-1.1102230246251565e-16,4.680000000000003,-169.99999999999903,0.7451158382406092,0.575,3.940303278747297,19.16120646820235,0.7451158382406092,4.620303278747297,4.680000000000003,-0.29613578186485734,1.83627438001495,0.20217095777037053,-2.8519464768635285,-0.08120868855762842,-2.950414624236261,0.4855506040983696,-2.7534783294907963,0.0,3.640303278747297,0,
2026-09-08T07:01:05.552+00:00,1004.9333333333333,4.933333333333326,tick,WAYPOINT_TURN_SETTLE,STOP,0.0,0.0,-9.161206468201389,-0.10826469444521668,0.6713261174248205,-1.1102230246251565e-16,4.680000000000003,-169.99999999999903,0.7451158382406092,0.575,3.940303278747297,19.16120646820235,0.7451158382406092,4.620303278747297,4.680000000000003,-0.29613578186485734,1.83627438001495,0.20217095777037053,-2.8519464768635285,-0.08120868855762842,-2.950414624236261,0.4855506040983696,-2.7534783294907963,0.0,3.640303278747297,0,
2026-09-08T07:01:05.585+00:00,1004.9666666666667,4.966666666666659,tick,WAYPOINT_TURN_SETTLE,STOP,0.0,0.0,-9.161206468201389,-0.10826469444521668,0.6713261174248205,-1.1102230246251565e-16,4.680000000000003,-169.99999999999903,0.7451158382406092,0.575,3.940303278747297,19.16120646820235,0.7451158382406092,4.620303278747297,4.680000000000003,-0.29613578186485734,1.83627438001495,0.20217095777037053,-2.8519464768635285,-0.08120868855762842,-2.950414624236261,0.4855506040983696,-2.7534783294907963,0.0,3.640303278747297,0,
2026-09-08T07:01:05.618+00:00,1005.0,4.999999999999992,tick,WAYPOINT_TURN_SETTLE,STOP,0.0,0.0,-9.161206468201389,-0.10826469444521668,0.6713261174248205,-1.1102230246251565e-16,4.680000000000003,-169.99999999999903,0.7451158382406092,0.575,3.940303278747297,19.16120646820235,0.7451158382406092,4.620303278747297,4.680000000000003,-0.29613578186485734,1.83627438001495,0.20217095777037053,-2.8519464768635285,-0.08120868855762842,-2.950414624236261,0.4855506040983696,-2.7534783294907963,0.0,3.640303278747297,0,
2026-09-08T07:01:05.652+00:00,1005.0333333333333,5.033333333333325,tick,WAYPOINT_TURN_SETTLE,STOP,0.0,0.0,-9.161206468201389,-0.10826469444521668,0.6713261174248205,-1.1102230246251565e-16,4.680000000000003,-169.99999999999903,0.7451158382406092,0.575,3.940303278747297,19.16120646820235,0.7451158382406092,4.620303278747297,4.680000000000003,-0.29613578186485734,1.83627438001495,0.20217095777037053,-2.8519464768635285,-0.08120868855762842,-2.950414624236261,0.4855506040983696,-2.7534783294907963,0.0,3.640303278747297,0,
2026-09-08T07:01:05.685+00:00,1005.0666666666666,5.066666666666658,tick,WAYPOINT_TURN_SETTLE,STOP,0.0,0.0,-9.161206468201389,-0.10826469444521668,0.6713261174248205,-1.1102230246251565e-16,4.680000000000003,-169.99999999999903,0.7451158382406092,0.575,3.940303278747297,19.16120646820235,0.7451158382406092,4.620303278747297,4.680000000000003,-0.29613578186485734,1.83627438001495,0.20217095777037053,-2.8519464768635285,-0.08120868855762842,-2.950414624236261,0.4855506040983696,-2.7534783294907963,0.0,3.640303278747297,0,
2026-09-08T07:01:05.718+00:00,1005.1,5.099999999999992,tick,WAYPOINT_TURN_SETTLE,STOP,0.0,0.0,-9.161206468201389,-0.10826469444521668,0.6713261174248205,-1.1102230246251565e-16,4.680000000000003,-169.99999999999903,0.7451158382406092,0.575,3.940303278747297,19.16120646820235,0.7451158382406092,4.620303278747297,4.680000000000003,-0.29613578186485734,1.83627438001495,0.20217095777037053,-2.8519464768635285,-0.08120868855762842,-2.950414624236261,0.4855506040983696,-2.7534783294907963,0.0,3.640303278747297,0,
2026-09-08T07:01:05.752+00:00,1005.1333333333333,5.133333333333325,tick,WAYPOINT_TURN_SETTLE,STOP,0.0,0.0,-9.161206468201389,-0.10826469444521668,0.6713261174248205,-1.1102230246251565e-16,4.680000000000003,-169.99999999999903,0.7451158382406092,0.575,3.940303278747297,19.16120646820235,0.7451158382406092,4.620303278747297,4.680000000000003,-0.29613578186485734,1.83627438001495,0.20217095777037053,-2.8519464768635285,-0.08120868855762842,-2.950414624236261,0.4855506040983696,-2.7534783294907963,0.0,3.640303278747297,0,
2026-09-08T07:01:05.785+00:00,1005.1666666666666,5.166666666666658,tick,WAYPOINT_TURN_SETTLE,STOP,0.0,0.0,-9.161206468201389,-0.10826469444521668,0.6713261174248205,-1.1102230246251565e-16,4.680000000000003,-169.99999999999903,0.7451158382406092,0.575,3.940303278747297,19.16120646820235,0.7451158382406092,4.620303278747297,4.680000000000003,-0.29613578186485734,1.83627438001495,0.20217095777037053,-2.8519464768635285,-0.08120868855762842,-2.950414624236261,0.4855506040983696,-2.7534783294907963,0.0,3.640303278747297,0,
2026-09-08T07:01:05.818+00:00,1005.2,5.199999999999991,tick,WAYPOINT_TURN_SETTLE,STOP,0.0,0.0,-9.161206468201389,-0.10826469444521668,0.6713261174248205,-1.1102230246251565e-16,4.680000000000003,-169.99999999999903,0.7451158382406092,0.575,3.940303278747297,19.16120646820235,0.7451158382406092,4.620303278747297,4.680000000000003,-0.29613578186485734,1.83627438001495,0.20217095777037053,-2.8519464768635285,-0.08120868855762842,-2.950414624236261,0.4855506040983696,-2.7534783294907963,0.0,3.640303278747297,0,
2026-09-08T07:01:05.852+00:00,1005.2333333333333,5.2333333333333245,tick,WAYPOINT_TURN_SETTLE,STOP,0.0,0.0,-9.161206468201389,-0.10826469444521668,0.6713261174248205,-1.1102230246251565e-16,4.680000000000003,-169.99999999999903,0.7451158382406092,0.575,3.940303278747297,19.16120646820235,0.7451158382406092,4.620303278747297,4.680000000000003,-0.29613578186485734,1.83627438001495,0.20217095777037053,-2.8519464768635285,-0.08120868855762842,-2.950414624236261,0.4855506040983696,-2.7534783294907963,0.0,3.640303278747297,0,
2026-09-08T07:01:05.885+00:00,1005.2666666666667,5.266666666666658,tick,WAYPOINT_TURN_SETTLE,STOP,0.0,0.0,-9.161206468201389,-0.10826469444521668,0.6713261174248205,-1.1102230246251565e-16,4.680000000000003,-169.99999999999903,0.7451158382406092,0.575,3.940303278747297,19.16120646820235,0.7451158382406092,4.620303278747297,4.680000000000003,-0.29613578186485734,1.83627438001495,0.20217095777037053,-2.8519464768635285,-0.08120868855762842,-2.950414624236261,0.4855506040983696,-2.7534783294907963,0.0,3.640303278747297,0,
2026-09-08T07:01:05.918+00:00,1005.3,5.299999999999991,tick,WAYPOINT_TURN_SETTLE,STOP,0.0,0.0,-9.161206468201389,-0.10826469444521668,0.6713261174248205,-1.1102230246251565e-16,4.680000000000003,-169.99999999999903,0.7451158382406092,0.575,3.940303278747297,19.16120646820235,0.7451158382406092,4.620303278747297,4.680000000000003,-0.29613578186485734,1.83627438001495,0.20217095777037053,-2.8519464768635285,-0.08120868855762842,-2.950414624236261,0.4855506040983696,-2.7534783294907963,0.0,3.640303278747297,0,
2026-09-08T07:01:05.952+00:00,1005.3333333333334,5.333333333333324,tick,WAYPOINT_TURN_SETTLE,STOP,0.0,0.0,-9.161206468201389,-0.10826469444521668,0.6713261174248205,-1.1102230246251565e-16,4.680000000000003,-169.99999999999903,0.7451158382406092,0.575,3.940303278747297,19.16120646820235,0.7451158382406092,4.620303278747297,4.680000000000003,-0.29613578186485734,1.83627438001495,0.20217095777037053,-2.8519464768635285,-0.08120868855762842,-2.950414624236261,0.4855506040983696,-2.7534783294907963,0.0,3.640303278747297,0,
2026-09-08T07:01:05.985+00:00,1005.3666666666667,5.366666666666657,tick,WAYPOINT_TURN_SETTLE,STOP,0.0,0.0,-9.161206468201389,-0.10826469444521668,0.6713261174248205,-1.1102230246251565e-16,4.680000000000003,-169.99999999999903,0.7451158382406092,0.575,3.940303278747297,19.16120646820235,0.7451158382406092,4.620303278747297,4.680000000000003,-0.29613578186485734,1.83627438001495,0.20217095777037053,-2.8519464768635285,-0.08120868855762842,-2.950414624236261,0.4855506040983696,-2.7534783294907963,0.0,3.640303278747297,0,
2026-09-08T07:01:06.018+00:00,1005.4,5.399999999999991,tick,WAYPOINT_TURN_SETTLE,STOP,0.0,0.0,-9.161206468201389,-0.10826469444521668,0.6713261174248205,-1.1102230246251565e-16,4.680000000000003,-169.99999999999903,0.7451158382406092,0.575,3.940303278747297,19.16120646820235,0.7451158382406092,4.620303278747297,4.680000000000003,-0.29613578186485734,1.83627438001495,0.20217095777037053,-2.8519464768635285,-0.08120868855762842,-2.950414624236261,0.4855506040983696,-2.7534783294907963,0.0,3.640303278747297,0,
2026-09-08T07:01:06.052+00:00,1005.4333333333333,5.433333333333324,tick,WAYPOINT_TURN_SETTLE,STOP,0.0,0.0,-9.161206468201389,-0.10826469444521668,0.6713261174248205,-1.1102230246251565e-16,4.680000000000003,-169.99999999999903,0.7451158382406092,0.575,3.940303278747297,19.16120646820235,0.7451158382406092,4.620303278747297,4.680000000000003,-0.29613578186485734,1.83627438001495,0.20217095777037053,-2.8519464768635285,-0.08120868855762842,-2.950414624236261,0.4855506040983696,-2.7534783294907963,0.0,3.640303278747297,0,
2026-09-08T07:01:06.085+00:00,1005.4666666666667,5.466666666666657,tick,WAYPOINT_TURN_SETTLE,STOP,0.0,0.0,-9.161206468201389,-0.10826469444521668,0.6713261174248205,-1.1102230246251565e-16,4.680000000000003,-169.99999999999903,0.7451158382406092,0.575,3.940303278747297,19.16120646820235,0.7451158382406092,4.620303278747297,4.680000000000003,-0.29613578186485734,1.83627438001495,0.20217095777037053,-2.8519464768635285,-0.08120868855762842,-2.950414624236261,0.4855506040983696,-2.7534783294907963,0.0,3.640303278747297,0,
2026-09-08T07:01:06.118+00:00,1005.5,5.49999999999999,tick,WAYPOINT_TURN_SETTLE,STOP,0.0,0.0,-9.161206468201389,-0.10826469444521668,0.6713261174248205,-1.1102230246251565e-16,4.680000000000003,-169.99999999999903,0.7451158382406092,0.575,3.940303278747297,19.16120646820235,0.7451158382406092,4.620303278747297,4.680000000000003,-0.29613578186485734,1.83627438001495,0.20217095777037053,-2.8519464768635285,-0.08120868855762842,-2.950414624236261,0.4855506040983696,-2.7534783294907963,0.0,3.640303278747297,0,
2026-09-08T07:01:06.152+00:00,1005.5333333333333,5.5333333333333234,tick,WAYPOINT_TURN_SETTLE,STOP,0.0,0.0,-9.161206468201389,-0.10826469444521668,0.6713261174248205,-1.1102230246251565e-16,4.680000000000003,-169.99999999999903,0.7451158382406092,0.575,3.940303278747297,19.16120646820235,0.7451158382406092,4.620303278747297,4.680000000000003,-0.29613578186485734,1.83627438001495,0.20217095777037053,-2.8519464768635285,-0.08120868855762842,-2.950414624236261,0.4855506040983696,-2.7534783294907963,0.0,3.640303278747297,0,
2026-09-08T07:01:06.185+00:00,1005.5666666666666,5.566666666666657,tick,WAYPOINT_TURN_SETTLE,STOP,0.0,0.0,-9.161206468201389,-0.10826469444521668,0.6713261174248205,-1.1102230246251565e-16,4.680000000000003,-169.99999999999903,0.7451158382406092,0.575,3.940303278747297,19.16120646820235,0.7451158382406092,4.620303278747297,4.680000000000003,-0.29613578186485734,1.83627438001495,0.20217095777037053,-2.8519464768635285,-0.08120868855762842,-2.950414624236261,0.4855506040983696,-2.7534783294907963,0.0,3.640303278747297,0,
2026-09-08T07:01:06.218+00:00,1005.6,5.59999999999999,tick,WAYPOINT_TURN_SETTLE,STOP,0.0,0.0,-9.161206468201389,-0.10826469444521668,0.6713261174248205,-1.1102230246251565e-16,4.680000000000003,-169.99999999999903,0.7451158382406092,0.575,3.940303278747297,19.16120646820235,0.7451158382406092,4.620303278747297,4.680000000000003,-0.29613578186485734,1.83627438001495,0.20217095777037053,-2.8519464768635285,-0.08120868855762842,-2.950414624236261,0.4855506040983696,-2.7534783294907963,0.0,3.640303278747297,0,
2026-09-08T07:01:06.252+00:00,1005.6333333333333,5.633333333333323,tick,WAYPOINT_TURN_SETTLE,STOP,0.0,0.0,-9.161206468201389,-0.10826469444521668,0.6713261174248205,-1.1102230246251565e-16,4.680000000000003,-169.99999999999903,0.7451158382406092,0.575,3.940303278747297,19.16120646820235,0.7451158382406092,4.620303278747297,4.680000000000003,-0.29613578186485734,1.83627438001495,0.20217095777037053,-2.8519464768635285,-0.08120868855762842,-2.950414624236261,0.4855506040983696,-2.7534783294907963,0.0,3.640303278747297,0,
2026-09-08T07:01:06.285+00:00,1005.6666666666666,5.666666666666656,tick,WAYPOINT_TURN_SETTLE,STOP,0.0,0.0,-9.161206468201389,-0.10826469444521668,0.6713261174248205,-1.1102230246251565e-16,4.680000000000003,-169.99999999999903,0.7451158382406092,0.575,3.940303278747297,19.16120646820235,0.7451158382406092,4.620303278747297,4.680000000000003,-0.29613578186485734,1.83627438001495,0.20217095777037053,-2.8519464768635285,-0.08120868855762842,-2.950414624236261,0.4855506040983696,-2.7534783294907963,0.0,3.640303278747297,0,
2026-09-08T07:01:06.318+00:00,1005.7,5.6999999999999895,tick,WAYPOINT_TURN_SETTLE,STOP,0.0,0.0,-9.161206468201389,-0.10826469444521668,0.6713261174248205,-1.1102230246251565e-16,4.680000000000003,-169.99999999999903,0.7451158382406092,0.575,3.940303278747297,19.16120646820235,0.7451158382406092,4.620303278747297,4.680000000000003,-0.29613578186485734,1.83627438001495,0.20217095777037053,-2.8519464768635285,-0.08120868855762842,-2.950414624236261,0.4855506040983696,-2.7534783294907963,0.0,3.640303278747297,0,
2026-09-08T07:01:06.352+00:00,1005.7333333333333,5.733333333333323,tick,WAYPOINT_TURN_SETTLE,STOP,0.0,0.0,-9.161206468201389,-0.10826469444521668,0.6713261174248205,-1.1102230246251565e-16,4.680000000000003,-169.99999999999903,0.7451158382406092,0.575,3.940303278747297,19.16120646820235,0.7451158382406092,4.620303278747297,4.680000000000003,-0.29613578186485734,1.83627438001495,0.20217095777037053,-2.8519464768635285,-0.08120868855762842,-2.950414624236261,0.4855506040983696,-2.7534783294907963,0.0,3.640303278747297,0,
2026-09-08T07:01:06.385+00:00,1005.7666666666667,5.766666666666656,tick,WAYPOINT_TURN_SETTLE,STOP,0.0,0.0,-9.161206468201389,-0.10826469444521668,0.6713261174248205,-1.1102230246251565e-16,4.680000000000003,-169.99999999999903,0.7451158382406092,0.575,3.940303278747297,19.16120646820235,0.7451158382406092,4.620303278747297,4.680000000000003,-0.29613578186485734,1.83627438001495,0.20217095777037053,-2.8519464768635285,-0.08120868855762842,-2.950414624236261,0.4855506040983696,-2.7534783294907963,0.0,3.640303278747297,0,
2026-09-08T07:01:06.418+00:00,1005.8,5.799999999999989,tick,WAYPOINT_TURN_SETTLE,STOP,0.0,0.0,-9.161206468201389,-0.10826469444521668,0.6713261174248205,-1.1102230246251565e-16,4.680000000000003,-169.99999999999903,0.7451158382406092,0.575,3.940303278747297,19.16120646820235,0.7451158382406092,4.620303278747297,4.680000000000003,-0.29613578186485734,1.83627438001495,0.20217095777037053,-2.8519464768635285,-0.08120868855762842,-2.950414624236261,0.4855506040983696,-2.7534783294907963,0.0,3.640303278747297,0,
2026-09-08T07:01:06.452+00:00,1005.8333333333334,5.833333333333322,tick,WAYPOINT_TURN_SETTLE,STOP,0.0,0.0,-9.161206468201389,-0.10826469444521668,0.6713261174248205,-1.1102230246251565e-16,4.680000000000003,-169.99999999999903,0.7451158382406092,0.575,3.940303278747297,19.16120646820235,0.7451158382406092,4.620303278747297,4.680000000000003,-0.29613578186485734,1.83627438001495,0.20217095777037053,-2.8519464768635285,-0.08120868855762842,-2.950414624236261,0.4855506040983696,-2.7534783294907963,0.0,3.640303278747297,0,
2026-09-08T07:01:06.485+00:00,1005.8666666666667,5.866666666666656,tick,WAYPOINT_TURN_SETTLE,STOP,0.0,0.0,-9.161206468201389,-0.10826469444521668,0.6713261174248205,-1.1102230246251565e-16,4.680000000000003,-169.99999999999903,0.7451158382406092,0.575,3.940303278747297,19.16120646820235,0.7451158382406092,4.620303278747297,4.680000000000003,-0.29613578186485734,1.83627438001495,0.20217095777037053,-2.8519464768635285,-0.08120868855762842,-2.950414624236261,0.4855506040983696,-2.7534783294907963,0.0,3.640303278747297,0,
2026-09-08T07:01:06.518+00:00,1005.9,5.899999999999989,tick,WAYPOINT_TURN_SETTLE,STOP,0.0,0.0,-9.161206468201389,-0.10826469444521668,0.6713261174248205,-1.1102230246251565e-16,4.680000000000003,-169.99999999999903,0.7451158382406092,0.575,3.940303278747297,19.16120646820235,0.7451158382406092,4.620303278747297,4.680000000000003,-0.29613578186485734,1.83627438001495,0.20217095777037053,-2.8519464768635285,-0.08120868855762842,-2.950414624236261,0.4855506040983696,-2.7534783294907963,0.0,3.640303278747297,0,
2026-09-08T07:01:06.552+00:00,1005.9333333333333,5.933333333333322,tick,WAYPOINT_TURN_SETTLE,STOP,0.0,0.0,-9.161206468201389,-0.10826469444521668,0.6713261174248205,-1.1102230246251565e-16,4.680000000000003,-169.99999999999903,0.7451158382406092,0.575,3.940303278747297,19.16120646820235,0.7451158382406092,4.620303278747297,4.680000000000003,-0.29613578186485734,1.83627438001495,0.20217095777037053,-2.8519464768635285,-0.08120868855762842,-2.950414624236261,0.4855506040983696,-2.7534783294907963,0.0,3.640303278747297,0,
2026-09-08T07:01:06.585+00:00,1005.9666666666667,5.966666666666655,tick,WAYPOINT_TURN_SETTLE,STOP,0.0,0.0,-9.161206468201389,-0.10826469444521668,0.6713261174248205,-1.1102230246251565e-16,4.680000000000003,-169.99999999999903,0.7451158382406092,0.575,3.940303278747297,19.16120646820235,0.7451158382406092,4.620303278747297,4.680000000000003,-0.29613578186485734,1.83627438001495,0.20217095777037053,-2.8519464768635285,-0.08120868855762842,-2.950414624236261,0.4855506040983696,-2.7534783294907963,0.0,3.640303278747297,0,
2026-09-08T07:01:06.618+00:00,1006.0,5.9999999999999885,tick,WAYPOINT_TURN_SETTLE,STOP,0.0,0.0,-9.161206468201389,-0.10826469444521668,0.6713261174248205,-1.1102230246251565e-16,4.680000000000003,-169.99999999999903,0.7451158382406092,0.575,3.940303278747297,19.16120646820235,0.7451158382406092,4.620303278747297,4.680000000000003,-0.29613578186485734,1.83627438001495,0.20217095777037053,-2.8519464768635285,-0.08120868855762842,-2.950414624236261,0.4855506040983696,-2.7534783294907963,0.0,3.640303278747297,0,
2026-09-08T07:01:06.652+00:00,1006.0333333333333,6.033333333333322,tick,WAYPOINT_TURN_SETTLE,STOP,0.0,0.0,-9.161206468201389,-0.10826469444521668,0.6713261174248205,-1.1102230246251565e-16,4.680000000000003,-169.99999999999903,0.7451158382406092,0.575,3.940303278747297,19.16120646820235,0.7451158382406092,4.620303278747297,4.680000000000003,-0.29613578186485734,1.83627438001495,0.20217095777037053,-2.8519464768635285,-0.08120868855762842,-2.950414624236261,0.4855506040983696,-2.7534783294907963,0.0,3.640303278747297,0,
2026-09-08T07:01:06.685+00:00,1006.0666666666666,6.066666666666655,tick,WAYPOINT_TURN_SETTLE,STOP,0.0,0.0,-9.161206468201389,-0.10826469444521668,0.6713261174248205,-1.1102230246251565e-16,4.680000000000003,-169.99999999999903,0.7451158382406092,0.575,3.940303278747297,19.16120646820235,0.7451158382406092,4.620303278747297,4.680000000000003,-0.29613578186485734,1.83627438001495,0.20217095777037053,-2.8519464768635285,-0.08120868855762842,-2.950414624236261,0.4855506040983696,-2.7534783294907963,0.0,3.640303278747297,0,
2026-09-08T07:01:06.718+00:00,1006.1,6.099999999999988,tick,WAYPOINT_TURN_SETTLE,STOP,0.0,0.0,-9.161206468201389,-0.10826469444521668,0.6713261174248205,-1.1102230246251565e-16,4.680000000000003,-169.99999999999903,0.7451158382406092,0.575,3.940303278747297,19.16120646820235,0.7451158382406092,4.620303278747297,4.680000000000003,-0.29613578186485734,1.83627438001495,0.20217095777037053,-2.8519464768635285,-0.08120868855762842,-2.950414624236261,0.4855506040983696,-2.7534783294907963,0.0,3.640303278747297,0,
2026-09-08T07:01:06.752+00:00,1006.1333333333333,6.133333333333321,tick,WAYPOINT_TURN_SETTLE,STOP,0.0,0.0,-9.161206468201389,-0.10826469444521668,0.6713261174248205,-1.1102230246251565e-16,4.680000000000003,-169.99999999999903,0.7451158382406092,0.575,3.940303278747297,19.16120646820235,0.7451158382406092,4.620303278747297,4.680000000000003,-0.29613578186485734,1.83627438001495,0.20217095777037053,-2.8519464768635285,-0.08120868855762842,-2.950414624236261,0.4855506040983696,-2.7534783294907963,0.0,3.640303278747297,0,
2026-09-08T07:01:06.785+00:00,1006.1666666666666,6.1666666666666545,tick,WAYPOINT_TURN_SETTLE,STOP,0.0,0.0,-9.161206468201389,-0.10826469444521668,0.6713261174248205,-1.1102230246251565e-16,4.680000000000003,-169.99999999999903,0.7451158382406092,0.575,3.940303278747297,19.16120646820235,0.7451158382406092,4.620303278747297,4.680000000000003,-0.29613578186485734,1.83627438001495,0.20217095777037053,-2.8519464768635285,-0.08120868855762842,-2.950414624236261,0.4855506040983696,-2.7534783294907963,0.0,3.640303278747297,0,
2026-09-08T07:01:06.818+00:00,1006.1999999999999,6.199999999999988,tick,WAYPOINT_TURN_SETTLE,STOP,0.0,0.0,-9.161206468201389,-0.10826469444521668,0.6713261174248205,-1.1102230246251565e-16,4.680000000000003,-169.99999999999903,0.7451158382406092,0.575,3.940303278747297,19.16120646820235,0.7451158382406092,4.620303278747297,4.680000000000003,-0.29613578186485734,1.83627438001495,0.20217095777037053,-2.8519464768635285,-0.08120868855762842,-2.950414624236261,0.4855506040983696,-2.7534783294907963,0.0,3.640303278747297,0,
2026-09-08T07:01:06.852+00:00,1006.2333333333333,6.233333333333321,tick,WAYPOINT_TURN_SETTLE,STOP,0.0,0.0,-9.161206468201389,-0.10826469444521668,0.6713261174248205,-1.1102230246251565e-16,4.680000000000003,-169.99999999999903,0.7451158382406092,0.575,3.940303278747297,19.16120646820235,0.7451158382406092,4.620303278747297,4.680000000000003,-0.29613578186485734,1.83627438001495,0.20217095777037053,-2.8519464768635285,-0.08120868855762842,-2.950414624236261,0.4855506040983696,-2.7534783294907963,0.0,3.640303278747297,0,
2026-09-08T07:01:06.885+00:00,1006.2666666666667,6.266666666666654,tick,WAYPOINT_TURN_SETTLE,STOP,0.0,0.0,-9.161206468201389,-0.10826469444521668,0.6713261174248205,-1.1102230246251565e-16,4.680000000000003,-169.99999999999903,0.7451158382406092,0.575,3.940303278747297,19.16120646820235,0.7451158382406092,4.620303278747297,4.680000000000003,-0.29613578186485734,1.83627438001495,0.20217095777037053,-2.8519464768635285,-0.08120868855762842,-2.950414624236261,0.4855506040983696,-2.7534783294907963,0.0,3.640303278747297,0,
2026-09-08T07:01:06.918+00:00,1006.3,6.299999999999987,tick,WAYPOINT_TURN_SETTLE,STOP,0.0,0.0,-9.161206468201389,-0.10826469444521668,0.6713261174248205,-1.1102230246251565e-16,4.680000000000003,-169.99999999999903,0.7451158382406092,0.575,3.940303278747297,19.16120646820235,0.7451158382406092,4.620303278747297,4.680000000000003,-0.29613578186485734,1.83627438001495,0.20217095777037053,-2.8519464768635285,-0.08120868855762842,-2.950414624236261,0.4855506040983696,-2.7534783294907963,0.0,3.640303278747297,0,
2026-09-08T07:01:06.952+00:00,1006.3333333333334,6.333333333333321,tick,WAYPOINT_TURN_SETTLE,STOP,0.0,0.0,-9.161206468201389,-0.10826469444521668,0.6713261174248205,-1.1102230246251565e-16,4.680000000000003,-169.99999999999903,0.7451158382406092,0.575,3.940303278747297,19.16120646820235,0.7451158382406092,4.620303278747297,4.680000000000003,-0.29613578186485734,1.83627438001495,0.20217095777037053,-2.8519464768635285,-0.08120868855762842,-2.950414624236261,0.4855506040983696,-2.7534783294907963,0.0,3.640303278747297,0,
2026-09-08T07:01:06.985+00:00,1006.3666666666667,6.366666666666654,tick,WAYPOINT_TURN_SETTLE,STOP,0.0,0.0,-9.161206468201389,-0.10826469444521668,0.6713261174248205,-1.1102230246251565e-16,4.680000000000003,-169.99999999999903,0.7451158382406092,0.575,3.940303278747297,19.16120646820235,0.7451158382406092,4.620303278747297,4.680000000000003,-0.29613578186485734,1.83627438001495,0.20217095777037053,-2.8519464768635285,-0.08120868855762842,-2.950414624236261,0.4855506040983696,-2.7534783294907963,0.0,3.640303278747297,0,
2026-09-08T07:01:07.018+00:00,1006.4,6.399999999999987,tick,WAYPOINT_TURN_SETTLE,STOP,0.0,0.0,-9.161206468201389,-0.10826469444521668,0.6713261174248205,-1.1102230246251565e-16,4.680000000000003,-169.99999999999903,0.7451158382406092,0.575,3.940303278747297,19.16120646820235,0.7451158382406092,4.620303278747297,4.680000000000003,-0.29613578186485734,1.83627438001495,0.20217095777037053,-2.8519464768635285,-0.08120868855762842,-2.950414624236261,0.4855506040983696,-2.7534783294907963,0.0,3.640303278747297,0,
2026-09-08T07:01:07.052+00:00,1006.4333333333333,6.43333333333332,tick,WAYPOINT_TURN_SETTLE,STOP,0.0,0.0,-9.161206468201389,-0.10826469444521668,0.6713261174248205,-1.1102230246251565e-16,4.680000000000003,-169.99999999999903,0.7451158382406092,0.575,3.940303278747297,19.16120646820235,0.7451158382406092,4.620303278747297,4.680000000000003,-0.29613578186485734,1.83627438001495,0.20217095777037053,-2.8519464768635285,-0.08120868855762842,-2.950414624236261,0.4855506040983696,-2.7534783294907963,0.0,3.640303278747297,0,
2026-09-08T07:01:07.085+00:00,1006.4666666666667,6.4666666666666535,tick,WAYPOINT_TURN_SETTLE,STOP,0.0,0.0,-9.161206468201389,-0.10826469444521668,0.6713261174248205,-1.1102230246251565e-16,4.680000000000003,-169.99999999999903,0.7451158382406092,0.575,3.940303278747297,19.16120646820235,0.7451158382406092,4.620303278747297,4.680000000000003,-0.29613578186485734,1.83627438001495,0.20217095777037053,-2.8519464768635285,-0.08120868855762842,-2.950414624236261,0.4855506040983696,-2.7534783294907963,0.0,3.640303278747297,0,
2026-09-08T07:01:07.118+00:00,1006.5,6.499999999999987,tick,WAYPOINT_TURN_SETTLE,STOP,0.0,0.0,-9.161206468201389,-0.10826469444521668,0.6713261174248205,-1.1102230246251565e-16,4.680000000000003,-169.99999999999903,0.7451158382406092,0.575,3.940303278747297,19.16120646820235,0.7451158382406092,4.620303278747297,4.680000000000003,-0.29613578186485734,1.83627438001495,0.20217095777037053,-2.8519464768635285,-0.08120868855762842,-2.950414624236261,0.4855506040983696,-2.7534783294907963,0.0,3.640303278747297,0,
2026-09-08T07:01:07.152+00:00,1006.5333333333333,6.53333333333332,tick,WAYPOINT_TURN_SETTLE,STOP,0.0,0.0,-9.161206468201389,-0.10826469444521668,0.6713261174248205,-1.1102230246251565e-16,4.680000000000003,-169.99999999999903,0.7451158382406092,0.575,3.940303278747297,19.16120646820235,0.7451158382406092,4.620303278747297,4.680000000000003,-0.29613578186485734,1.83627438001495,0.20217095777037053,-2.8519464768635285,-0.08120868855762842,-2.950414624236261,0.4855506040983696,-2.7534783294907963,0.0,3.640303278747297,0,
2026-09-08T07:01:07.185+00:00,1006.5666666666666,6.566666666666653,tick,WAYPOINT_TURN_SETTLE,STOP,0.0,0.0,-9.161206468201389,-0.10826469444521668,0.6713261174248205,-1.1102230246251565e-16,4.680000000000003,-169.99999999999903,0.7451158382406092,0.575,3.940303278747297,19.16120646820235,0.7451158382406092,4.620303278747297,4.680000000000003,-0.29613578186485734,1.83627438001495,0.20217095777037053,-2.8519464768635285,-0.08120868855762842,-2.950414624236261,0.4855506040983696,-2.7534783294907963,0.0,3.640303278747297,0,
2026-09-08T07:01:07.218+00:00,1006.6,6.599999999999986,tick,WAYPOINT_TURN_SETTLE,STOP,0.0,0.0,-9.161206468201389,-0.10826469444521668,0.6713261174248205,-1.1102230246251565e-16,4.680000000000003,-169.99999999999903,0.7451158382406092,0.575,3.940303278747297,19.16120646820235,0.7451158382406092,4.620303278747297,4.680000000000003,-0.29613578186485734,1.83627438001495,0.20217095777037053,-2.8519464768635285,-0.08120868855762842,-2.950414624236261,0.4855506040983696,-2.7534783294907963,0.0,3.640303278747297,0,
2026-09-08T07:01:07.252+00:00,1006.6333333333333,6.6333333333333195,tick,WAYPOINT_TURN_SETTLE,STOP,0.0,0.0,-9.161206468201389,-0.10826469444521668,0.6713261174248205,-1.1102230246251565e-16,4.680000000000003,-169.99999999999903,0.7451158382406092,0.575,3.940303278747297,19.16120646820235,0.7451158382406092,4.620303278747297,4.680000000000003,-0.29613578186485734,1.83627438001495,0.20217095777037053,-2.8519464768635285,-0.08120868855762842,-2.950414624236261,0.4855506040983696,-2.7534783294907963,0.0,3.640303278747297,0,
2026-09-08T07:01:07.285+00:00,1006.6666666666666,6.666666666666653,tick,WAYPOINT_TURN_SETTLE,STOP,0.0,0.0,-9.161206468201389,-0.10826469444521668,0.6713261174248205,-1.1102230246251565e-16,4.680000000000003,-169.99999999999903,0.7451158382406092,0.575,3.940303278747297,19.16120646820235,0.7451158382406092,4.620303278747297,4.680000000000003,-0.29613578186485734,1.83627438001495,0.20217095777037053,-2.8519464768635285,-0.08120868855762842,-2.950414624236261,0.4855506040983696,-2.7534783294907963,0.0,3.640303278747297,0,
2026-09-08T07:01:07.318+00:00,1006.6999999999999,6.699999999999986,tick,WAYPOINT_TURN_SETTLE,STOP,0.0,0.0,-9.161206468201389,-0.10826469444521668,0.6713261174248205,-1.1102230246251565e-16,4.680000000000003,-169.99999999999903,0.7451158382406092,0.575,3.940303278747297,19.16120646820235,0.7451158382406092,4.620303278747297,4.680000000000003,-0.29613578186485734,1.83627438001495,0.20217095777037053,-2.8519464768635285,-0.08120868855762842,-2.950414624236261,0.4855506040983696,-2.7534783294907963,0.0,3.640303278747297,0,
2026-09-08T07:01:07.352+00:00,1006.7333333333333,6.733333333333319,tick,WAYPOINT_TURN_SETTLE,STOP,0.0,0.0,-9.161206468201389,-0.10826469444521668,0.6713261174248205,-1.1102230246251565e-16,4.680000000000003,-169.99999999999903,0.7451158382406092,0.575,3.940303278747297,19.16120646820235,0.7451158382406092,4.620303278747297,4.680000000000003,-0.29613578186485734,1.83627438001495,0.20217095777037053,-2.8519464768635285,-0.08120868855762842,-2.950414624236261,0.4855506040983696,-2.7534783294907963,0.0,3.640303278747297,0,
2026-09-08T07:01:07.385+00:00,1006.7666666666667,6.766666666666652,tick,WAYPOINT_TURN_SETTLE,STOP,0.0,0.0,-9.161206468201389,-0.10826469444521668,0.6713261174248205,-1.1102230246251565e-16,4.680000000000003,-169.99999999999903,0.7451158382406092,0.575,3.940303278747297,19.16120646820235,0.7451158382406092,4.620303278747297,4.680000000000003,-0.29613578186485734,1.83627438001495,0.20217095777037053,-2.8519464768635285,-0.08120868855762842,-2.950414624236261,0.4855506040983696,-2.7534783294907963,0.0,3.640303278747297,0,
2026-09-08T07:01:07.418+00:00,1006.8,6.799999999999986,tick,WAYPOINT_TURN_SETTLE,STOP,0.0,0.0,-9.161206468201389,-0.10826469444521668,0.6713261174248205,-1.1102230246251565e-16,4.680000000000003,-169.99999999999903,0.7451158382406092,0.575,3.940303278747297,19.16120646820235,0.7451158382406092,4.620303278747297,4.680000000000003,-0.29613578186485734,1.83627438001495,0.20217095777037053,-2.8519464768635285,-0.08120868855762842,-2.950414624236261,0.4855506040983696,-2.7534783294907963,0.0,3.640303278747297,0,
2026-09-08T07:01:07.452+00:00,1006.8333333333334,6.833333333333319,tick,WAYPOINT_TURN_SETTLE,STOP,0.0,0.0,-9.161206468201389,-0.10826469444521668,0.6713261174248205,-1.1102230246251565e-16,4.680000000000003,-169.99999999999903,0.7451158382406092,0.575,3.940303278747297,19.16120646820235,0.7451158382406092,4.620303278747297,4.680000000000003,-0.29613578186485734,1.83627438001495,0.20217095777037053,-2.8519464768635285,-0.08120868855762842,-2.950414624236261,0.4855506040983696,-2.7534783294907963,0.0,3.640303278747297,0,
2026-09-08T07:01:07.485+00:00,1006.8666666666667,6.866666666666652,tick,WAYPOINT_TURN_SETTLE,STOP,0.0,0.0,-9.161206468201389,-0.10826469444521668,0.6713261174248205,-1.1102230246251565e-16,4.680000000000003,-169.99999999999903,0.7451158382406092,0.575,3.940303278747297,19.16120646820235,0.7451158382406092,4.620303278747297,4.680000000000003,-0.29613578186485734,1.83627438001495,0.20217095777037053,-2.8519464768635285,-0.08120868855762842,-2.950414624236261,0.4855506040983696,-2.7534783294907963,0.0,3.640303278747297,0,
2026-09-08T07:01:07.518+00:00,1006.9,6.899999999999985,tick,WAYPOINT_TURN_SETTLE,STOP,0.0,0.0,-9.161206468201389,-0.10826469444521668,0.6713261174248205,-1.1102230246251565e-16,4.680000000000003,-169.99999999999903,0.7451158382406092,0.575,3.940303278747297,19.16120646820235,0.7451158382406092,4.620303278747297,4.680000000000003,-0.29613578186485734,1.83627438001495,0.20217095777037053,-2.8519464768635285,-0.08120868855762842,-2.950414624236261,0.4855506040983696,-2.7534783294907963,0.0,3.640303278747297,0,
2026-09-08T07:01:07.552+00:00,1006.9333333333333,6.9333333333333185,tick,WAYPOINT_TURN_SETTLE,STOP,0.0,0.0,-9.161206468201389,-0.10826469444521668,0.6713261174248205,-1.1102230246251565e-16,4.680000000000003,-169.99999999999903,0.7451158382406092,0.575,3.940303278747297,19.16120646820235,0.7451158382406092,4.620303278747297,4.680000000000003,-0.29613578186485734,1.83627438001495,0.20217095777037053,-2.8519464768635285,-0.08120868855762842,-2.950414624236261,0.4855506040983696,-2.7534783294907963,0.0,3.640303278747297,0,
2026-09-08T07:01:07.585+00:00,1006.9666666666667,6.966666666666652,tick,WAYPOINT_TURN_SETTLE,STOP,0.0,0.0,-9.161206468201389,-0.10826469444521668,0.6713261174248205,-1.1102230246251565e-16,4.680000000000003,-169.99999999999903,0.7451158382406092,0.575,3.940303278747297,19.16120646820235,0.7451158382406092,4.620303278747297,4.680000000000003,-0.29613578186485734,1.83627438001495,0.20217095777037053,-2.8519464768635285,-0.08120868855762842,-2.950414624236261,0.4855506040983696,-2.7534783294907963,0.0,3.640303278747297,0,
2026-09-08T07:01:07.618+00:00,1007.0,6.999999999999985,tick,WAYPOINT_TURN_SETTLE,STOP,0.0,0.0,-9.161206468201389,-0.10826469444521668,0.6713261174248205,-1.1102230246251565e-16,4.680000000000003,-169.99999999999903,0.7451158382406092,0.575,3.940303278747297,19.16120646820235,0.7451158382406092,4.620303278747297,4.680000000000003,-0.29613578186485734,1.83627438001495,0.20217095777037053,-2.8519464768635285,-0.08120868855762842,-2.950414624236261,0.4855506040983696,-2.7534783294907963,0.0,3.640303278747297,0,
2026-09-08T07:01:07.652+00:00,1007.0333333333333,7.033333333333318,tick,WAYPOINT_TURN_SETTLE,STOP,0.0,0.0,-9.161206468201389,-0.10826469444521668,0.6713261174248205,-1.1102230246251565e-16,4.680000000000003,-169.99999999999903,0.7451158382406092,0.575,3.940303278747297,19.16120646820235,0.7451158382406092,4.620303278747297,4.680000000000003,-0.29613578186485734,1.83627438001495,0.20217095777037053,-2.8519464768635285,-0.08120868855762842,-2.950414624236261,0.4855506040983696,-2.7534783294907963,0.0,3.640303278747297,0,
2026-09-08T07:01:07.685+00:00,1007.0666666666666,7.066666666666651,tick,WAYPOINT_DRIVE,FWD,0.0,0.0,-9.161206468201389,-0.10826469444521668,0.6713261174248205,-1.1102230246251565e-16,4.680000000000003,-169.99999999999903,0.7451158382406092,0.575,3.940303278747297,19.16120646820235,0.7451158382406092,4.620303278747297,4.680000000000003,-0.29613578186485734,1.83627438001495,0.20217095777037053,-2.8519464768635285,-0.08120868855762842,-2.950414624236261,0.4855506040983696,-2.7534783294907963,0.0,3.640303278747297,0,
2026-09-08T07:01:07.718+00:00,1007.1,7.0999999999999845,tick,WAYPOINT_DRIVE,FWD,0.0,0.0,-9.161206468201389,-0.10826469444521668,0.6713261174248205,-1.1102230246251565e-16,4.680000000000003,-169.99999999999903,0.7451158382406092,0.575,3.940303278747297,19.16120646820235,0.7451158382406092,4.620303278747297,4.680000000000003,-0.29613578186485734,1.83627438001495,0.20217095777037053,-2.8519464768635285,-0.08120868855762842,-2.950414624236261,0.4855506040983696,-2.7534783294907963,0.0,3.640303278747297,0,
2026-09-08T07:01:07.752+00:00,1007.1333333333333,7.133333333333318,tick,WAYPOINT_DRIVE,FWD,0.0,0.0,-9.161206468201389,-0.10826469444521668,0.6713261174248205,-1.1102230246251565e-16,4.680000000000003,-169.99999999999903,0.7451158382406092,0.575,3.940303278747297,19.16120646820235,0.7451158382406092,4.620303278747297,4.680000000000003,-0.29613578186485734,1.83627438001495,0.20217095777037053,-2.8519464768635285,-0.08120868855762842,-2.950414624236261,0.4855506040983696,-2.7534783294907963,0.0,3.640303278747297,0,
2026-09-08T07:01:07.785+00:00,1007.1666666666666,7.166666666666651,tick,WAYPOINT_DRIVE,FWD,0.0,0.0,-9.161206468201389,-0.10826469444521668,0.6713261174248205,-1.1102230246251565e-16,4.680000000000003,-169.99999999999903,0.7451158382406092,0.575,3.940303278747297,19.16120646820235,0.7451158382406092,4.620303278747297,4.680000000000003,-0.29613578186485734,1.83627438001495,0.20217095777037053,-2.8519464768635285,-0.08120868855762842,-2.950414624236261,0.4855506040983696,-2.7534783294907963,0.0,3.640303278747297,0,
2026-09-08T07:01:07.818+00:00,1007.1999999999999,7.199999999999984,tick,WAYPOINT_DRIVE,FWD,0.0,0.0,-9.161206468201389,-0.10826469444521668,0.6713261174248205,-1.1102230246251565e-16,4.680000000000003,-169.99999999999903,0.7451158382406092,0.575,3.940303278747297,19.16120646820235,0.7451158382406092,4.620303278747297,4.680000000000003,-0.29613578186485734,1.83627438001495,0.20217095777037053,-2.8519464768635285,-0.08120868855762842,-2.950414624236261,0.4855506040983696,-2.7534783294907963,0.0,3.640303278747297,0,
2026-09-08T07:01:07.852+00:00,1007.2333333333333,7.233333333333317,tick,WAYPOINT_DRIVE,FWD,0.0,0.0,-9.161206468201389,-0.10826469444521668,0.6713261174248205,-1.1102230246251565e-16,4.680000000000003,-169.99999999999903,0.7451158382406092,0.575,3.940303278747297,19.16120646820235,0.7451158382406092,4.620303278747297,4.680000000000003,-0.29613578186485734,1.83627438001495,0.20217095777037053,-2.8519464768635285,-0.08120868855762842,-2.950414624236261,0.4855506040983696,-2.7534783294907963,0.0,3.640303278747297,0,
2026-09-08T07:01:07.885+00:00,1007.2666666666667,7.266666666666651,tick,WAYPOINT_DRIVE,FWD,0.0,0.0,-9.161206468201389,-0.10826469444521668,0.6713261174248205,-1.1102230246251565e-16,4.680000000000003,-169.99999999999903,0.7451158382406092,0.575,3.940303278747297,19.16120646820235,0.7451158382406092,4.620303278747297,4.680000000000003,-0.29613578186485734,1.83627438001495,0.20217095777037053,-2.8519464768635285,-0.08120868855762842,-2.950414624236261,0.4855506040983696,-2.7534783294907963,0.0,3.640303278747297,0,
2026-09-08T07:01:07.918+00:00,1007.3,7.299999999999984,tick,WAYPOINT_DRIVE,FWD,0.0,0.0,-9.161206468201389,-0.10826469444521668,0.6713261174248205,-1.1102230246251565e-16,4.680000000000003,-169.99999999999903,0.7451158382406092,0.575,3.940303278747297,19.16120646820235,0.7451158382406092,4.620303278747297,4.680000000000003,-0.29613578186485734,1.83627438001495,0.20217095777037053,-2.8519464768635285,-0.08120868855762842,-2.950414624236261,0.4855506040983696,-2.7534783294907963,0.0,3.640303278747297,0,
2026-09-08T07:01:07.952+00:00,1007.3333333333334,7.333333333333317,tick,WAYPOINT_DRIVE,FWD,0.0,0.0,-9.161206468201389,-0.10826469444521668,0.6713261174248205,-1.1102230246251565e-16,4.680000000000003,-169.99999999999903,0.7451158382406092,0.575,3.940303278747297,19.16120646820235,0.7451158382406092,4.620303278747297,4.680000000000003,-0.29613578186485734,1.83627438001495,0.20217095777037053,-2.8519464768635285,-0.08120868855762842,-2.950414624236261,0.4855506040983696,-2.7534783294907963,0.0,3.640303278747297,0,
2026-09-08T07:01:07.985+00:00,1007.3666666666667,7.36666666666665,tick,WAYPOINT_DRIVE,FWD,0.0,0.0,-9.161206468201389,-0.10826469444521668,0.6713261174248205,-1.1102230246251565e-16,4.680000000000003,-169.99999999999903,0.7451158382406092,0.575,3.940303278747297,19.16120646820235,0.7451158382406092,4.620303278747297,4.680000000000003,-0.29613578186485734,1.83627438001495,0.20217095777037053,-2.8519464768635285,-0.08120868855762842,-2.950414624236261,0.4855506040983696,-2.7534783294907963,0.0,3.640303278747297,0,
2026-09-08T07:01:08.018+00:00,1007.4,7.3999999999999835,tick,WAYPOINT_DRIVE,FWD,0.0,0.0,-9.161206468201389,-0.10826469444521668,0.6713261174248205,-1.1102230246251565e-16,4.680000000000003,-169.99999999999903,0.7451158382406092,0.575,3.940303278747297,19.16120646820235,0.7451158382406092,4.620303278747297,4.680000000000003,-0.29613578186485734,1.83627438001495,0.20217095777037053,-2.8519464768635285,-0.08120868855762842,-2.950414624236261,0.4855506040983696,-2.7534783294907963,0.0,3.640303278747297,0,
2026-09-08T07:01:08.052+00:00,1007.4333333333333,7.433333333333317,tick,WAYPOINT_DRIVE,FWD,0.0,0.0,-9.161206468201389,-0.10826469444521668,0.6713261174248205,-1.1102230246251565e-16,4.680000000000003,-169.99999999999903,0.7451158382406092,0.575,3.940303278747297,19.16120646820235,0.7451158382406092,4.620303278747297,4.680000000000003,-0.29613578186485734,1.83627438001495,0.20217095777037053,-2.8519464768635285,-0.08120868855762842,-2.950414624236261,0.4855506040983696,-2.7534783294907963,0.0,3.640303278747297,0,
2026-09-08T07:01:08.085+00:00,1007.4666666666667,7.46666666666665,tick,WAYPOINT_DRIVE,FWD,0.0,0.0,-9.161206468201389,-0.10826469444521668,0.6713261174248205,-1.1102230246251565e-16,4.680000000000003,-169.99999999999903,0.7451158382406092,0.575,3.940303278747297,19.16120646820235,0.7451158382406092,4.620303278747297,4.680000000000003,-0.29613578186485734,1.83627438001495,0.20217095777037053,-2.8519464768635285,-0.08120868855762842,-2.950414624236261,0.4855506040983696,-2.7534783294907963,0.0,3.640303278747297,0,
2026-09-08T07:01:08.118+00:00,1007.5,7.499999999999983,tick,WAYPOINT_DRIVE,FWD,0.0,0.0,-9.161206468201389,-0.10826469444521668,0.6713261174248205,-1.1102230246251565e-16,4.680000000000003,-169.99999999999903,0.7451158382406092,0.575,3.940303278747297,19.16120646820235,0.7451158382406092,4.620303278747297,4.680000000000003,-0.29613578186485734,1.83627438001495,0.20217095777037053,-2.8519464768635285,-0.08120868855762842,-2.950414624236261,0.4855506040983696,-2.7534783294907963,0.0,3.640303278747297,0,
2026-09-08T07:01:08.152+00:00,1007.5333333333333,7.533333333333316,tick,WAYPOINT_DRIVE,FWD,0.0,0.0,-9.161206468201389,-0.10826469444521668,0.6713261174248205,-1.1102230246251565e-16,4.680000000000003,-169.99999999999903,0.7451158382406092,0.575,3.940303278747297,19.16120646820235,0.7451158382406092,4.620303278747297,4.680000000000003,-0.29613578186485734,1.83627438001495,0.20217095777037053,-2.8519464768635285,-0.08120868855762842,-2.950414624236261,0.4855506040983696,-2.7534783294907963,0.0,3.640303278747297,0,
2026-09-08T07:01:08.185+00:00,1007.5666666666666,7.5666666666666496,tick,WAYPOINT_DRIVE,FWD,0.0,0.0,-9.161206468201389,-0.10826469444521668,0.6713261174248205,-1.1102230246251565e-16,4.680000000000003,-169.99999999999903,0.7451158382406092,0.575,3.940303278747297,19.16120646820235,0.7451158382406092,4.620303278747297,4.680000000000003,-0.29613578186485734,1.83627438001495,0.20217095777037053,-2.8519464768635285,-0.08120868855762842,-2.950414624236261,0.4855506040983696,-2.7534783294907963,0.0,3.640303278747297,0,
2026-09-08T07:01:08.218+00:00,1007.6,7.599999999999983,tick,WAYPOINT_DRIVE,FWD,-7.767371759498221e-06,4.816380402327474e-05,-9.161206468201389,-0.10827246181697618,0.6713742812288438,2.220446049250313e-16,4.680000000000001,-169.99999999999903,0.7451158382406092,0.575,3.9402544926418748,19.16120646820235,0.7451158382406092,4.620254492641875,4.679951836202424,-0.29614354923661684,1.8363225438189732,0.20215494484564234,-2.851900393565861,-0.08122470148235661,-2.9503685409385936,0.4855345911736414,-2.7534322461931287,0.0,3.640254492641875,0,
2026-09-08T07:01:08.252+00:00,1007.6333333333333,7.633333333333316,tick,WAYPOINT_DRIVE,FWD,-3.970894019657567e-05,0.0002462266095685574,-9.161206468201389,-0.10830440338541325,0.671572344034389,5.551115123125783e-16,4.679999999999998,-169.99999999999903,0.7451158382406092,0.575,3.9400538707618726,19.16120646820235,0.7451158382406092,4.620053870761873,4.6797537735589,-0.2961754908050539,1.8365206066245185,0.20208909529615482,-2.8517108863745255,-0.08129055103184413,-2.950179033747258,0.4854687416241539,-2.7532427390017933,0.0,3.640053870761873,0,
2026-09-08T07:01:08.285+00:00,1007.6666666666666,7.666666666666649,tick,WAYPOINT_DRIVE,FWD,-9.635396450145599e-05,0.0005974702392014123,-9.161206468201389,-0.10836104840971814,0.6719235876640219,6.661338147750939e-16,4.679999999999998,-169.99999999999903,0.7451158382406092,0.575,3.939698088881872,19.16120646820235,0.7451158382406092,4.619698088881872,4.679402530752813,-0.2962321358293588,1.8368718502541512,0.2019723180208467,-2.8513748152301104,-0.08140732830715225,-2.949842962602843,0.48535196434884575,-2.752906667857378,0.0,3.639698088881872,0,
2026-09-08T07:01:08.318+00:00,1007.6999999999999,7.699999999999982,tick,WAYPOINT_DRIVE,FWD,-0.00017770244467417236,0.0011018946929220452,-9.161206468201389,-0.10844239688989085,0.6724280121177426,9.992007221626409e-16,4.679999999999995,-169.99999999999903,0.7451158382406092,0.575,3.9391871470018702,19.16120646820235,0.7451158382406092,4.61918714700187,4.6788981086816035,-0.2963134843095315,1.837376274707872,0.20180461301971697,-2.8508921801326137,-0.08157503330828197,-2.9493603275053464,0.48518425934771603,-2.7524240327598815,0.0,3.6391871470018704,0,
2026-09-08T07:01:08.352+00:00,1007.7333333333333,7.733333333333316,tick,WAYPOINT_DRIVE,FWD,-0.0002837543807147118,0.0017594999707303757,-9.161206468201389,-0.10854844882593138,0.6730856173955508,1.2212453270876722e-15,4.679999999999994,-169.99999999999903,0.7451158382406092,0.575,3.938521045121869,19.16120646820235,0.7451158382406092,4.618521045121869,4.678240508634695,-0.29641953624557205,1.8380338799856804,0.2015859802927662,-2.8502629810820364,-0.08179366603523275,-2.948731128454769,0.48496562662076526,-2.751794833709304,0.0,3.6385210451218692,0,
2026-09-08T07:01:08.385+00:00,1007.7666666666667,7.766666666666649,tick,WAYPOINT_DRIVE,FWD,-0.0004145097726230247,0.0025702860726260963,-9.161206468201389,-0.1086792042178397,0.6738964034974466,1.5543122344752192e-15,4.679999999999993,-169.99999999999903,0.7451158382406092,0.575,3.9376997832418676,19.16120646820235,0.7451158382406092,4.617699783241868,4.677429732294115,-0.29655029163748037,1.838844666087576,0.20131641983999427,-2.849487218078378,-0.08206322648800468,-2.9479553654511106,0.4846960661679933,-2.7510190707056457,0.0,3.637699783241868,0,
2026-09-08T07:01:08.418+00:00,1007.8,7.799999999999982,tick,WAYPOINT_DRIVE,FWD,-0.0005699686203992019,0.0035342529986097694,-9.161206468201389,-0.10883466306561589,0.6748603704234303,1.7763568394002505e-15,4.679999999999992,-169.99999999999903,0.7451158382406092,0.575,3.936723361361867,19.16120646820235,0.7451158382406092,4.616723361361867,4.676465781735329,-0.29670575048525655,1.8398086330135597,0.2009959316614014,-2.8485648911216397,-0.08238371466659755,-2.9470330384943724,0.48437557798940045,-2.7500967437489074,0.0,3.636723361361867,0,
2026-09-08T07:01:08.452+00:00,1007.8333333333334,7.833333333333315,tick,WAYPOINT_DRIVE,FWD,-0.0007501309240432021,0.0046514007486811405,-9.161206468201389,-0.10901482536925988,0.6759775181735016,1.9984014443252818e-15,4.67999999999999,-169.99999999999903,0.7451158382406092,0.575,3.935591779481865,19.16120646820235,0.7451158382406092,4.615591779481865,4.675348659428255,-0.29688591278890053,1.840925780763631,0.20062451575698692,-2.847496000211819,-0.08275513057101203,-2.9459641475845517,0.484004162084986,-2.749027852839087,0.0,3.635591779481865,0,
2026-09-08T07:01:08.485+00:00,1007.8666666666667,7.8666666666666485,tick,WAYPOINT_DRIVE,FWD,-0.0009549966835549384,0.0059217293228396705,-9.161206468201389,-0.10921969112877161,0.6772478467476601,2.220446049250313e-15,4.679999999999988,-169.99999999999903,0.7451158382406092,0.575,3.9343050376018645,19.16120646820235,0.7451158382406092,4.614305037601865,4.6740783682384865,-0.29709077854841226,1.8421961093377897,0.20020217212675173,-2.8462805453489195,-0.08317747420124721,-2.944748692721652,0.4835818184547508,-2.7478123979761873,0.0,3.6343050376018646,0,
2026-09-08T07:01:08.518+00:00,1007.9,7.899999999999982,tick,WAYPOINT_DRIVE,FWD,-0.001184565898934575,0.007345238721086375,-9.161206468201389,-0.10944926034415126,0.6786713561459069,2.4424906541753444e-15,4.679999999999987,-169.99999999999903,0.7451158382406092,0.575,3.9328631357218637,19.16120646820235,0.7451158382406092,4.612863135721864,4.6726549114287,-0.2973203477637919,1.8436196187360363,0.19972890077069527,-2.8449185265329384,-0.08365074555730367,-2.943386673905671,0.48310854709869433,-2.746450379160206,0.0,3.632863135721864,0,
2026-09-08T07:01:08.552+00:00,1007.9333333333333,7.933333333333315,tick,WAYPOINT_DRIVE,FWD,-0.0014388385701820344,0.008921928943420776,-9.161206468201389,-0.10970353301539872,0.6802480463682413,2.4424906541753444e-15,4.679999999999987,-169.99999999999903,0.7451158382406092,0.575,3.9312660738418637,19.16120646820235,0.7451158382406092,4.611266073841864,4.671078292660268,-0.29757462043503935,1.8451963089583707,0.19920470168881788,-2.843409943763877,-0.08417494463918107,-2.94187809113661,0.48258434801681693,-2.744941796391145,0.0,3.631266073841864,0,
2026-09-08T07:01:08.585+00:00,1007.9666666666667,7.966666666666648,tick,WAYPOINT_DRIVE,FWD,-0.0017178146972971855,0.010651799989842059,-9.161206468201389,-0.10998250914251387,0.6819779174146625,2.886579864025407e-15,4.679999999999985,-169.99999999999903,0.7451158382406092,0.575,3.9295138519618624,19.16120646820235,0.7451158382406092,4.609513851961863,4.669348515995063,-0.29785359656215454,1.846926180004792,0.19862957488111888,-2.8417547970417343,-0.08475007144688007,-2.940222944414467,0.48200922120911793,-2.743286649669002,0.0,3.6295138519618626,0,
2026-09-08T07:01:08.618+00:00,1008.0,7.999999999999981,tick,WAYPOINT_DRIVE,FWD,-0.00202149428028028,0.012534851860351786,-9.161206468201389,-0.11028618872549696,0.6838609692851723,2.9976021664879227e-15,4.679999999999984,-169.99999999999903,0.7451158382406092,0.575,3.927606470081862,19.16120646820235,0.7451158382406092,4.607606470081862,4.667465585897473,-0.2981572761451376,1.8488092318753018,0.19800352034759894,-2.839953086366511,-0.08537612598040001,-2.9384212337392435,0.481383166675598,-2.7414849389937785,0.0,3.627606470081862,0,
2026-09-08T07:01:08.652+00:00,1008.0333333333333,8.033333333333315,tick,WAYPOINT_DRIVE,FWD,-0.002349877319131206,0.014571084554949269,-9.161206468201389,-0.11061457176434789,0.6858972019797698,3.4416913763379853e-15,4.67999999999998,-169.99999999999903,0.7451158382406092,0.575,3.925543928201859,19.16120646820235,0.7451158382406092,4.605543928201859,4.665429507236608,-0.29848565918398856,1.8508454645698993,0.19732653808825718,-2.838004811738205,-0.08605310823974177,-2.9364729591109375,0.48070618441625623,-2.7395366643654726,0.0,3.6255439282018593,0,
2026-09-08T07:01:08.685+00:00,1008.0666666666666,8.066666666666649,tick,WAYPOINT_DRIVE,FWD,-0.002702963813849772,0.016760498073633306,-9.161206468201389,-0.11096765825906645,0.6880866154984538,3.6637359812630166e-15,4.679999999999979,-169.99999999999903,0.7451158382406092,0.575,3.923326226321859,19.16120646820235,0.7451158382406092,4.603326226321859,4.663240285288723,-0.2988387456787071,1.8530348780885832,0.19659862810309503,-2.83590997315682,-0.08678101822490392,-2.9343781205295527,0.4799782744310941,-2.737441825784088,0.0,3.623326226321859,0,
2026-09-08T07:01:08.718+00:00,1008.1,8.099999999999982,tick,WAYPOINT_DRIVE,FWD,-0.0030807537644363244,0.019103092416406058,-9.161206468201389,-0.111345448209653,0.6904292098412266,3.885780586188048e-15,4.6799999999999775,-169.99999999999903,0.7451158382406092,0.575,3.9209533644418584,19.16120646820235,0.7451158382406092,4.6009533644418585,4.660897925739832,-0.2992165356292937,1.8553774724313559,0.19581979039211161,-2.833668570622354,-0.08755985593588733,-2.932136717995087,0.47919943672011067,-2.735200423249622,0.0,3.6209533644418586,0,
2026-09-08T07:01:08.752+00:00,1008.1333333333333,8.133333333333315,tick,WAYPOINT_DRIVE,FWD,-0.0034832471708907005,0.021598867583266512,-9.161206468201389,-0.11174794161610738,0.692924985008087,4.440892098500626e-15,4.679999999999976,-169.99999999999903,0.7451158382406092,0.575,3.918425342561856,19.16120646820235,0.7451158382406092,4.598425342561856,4.658402434688541,-0.29961902903574805,1.8578732475982165,0.19499002495530626,-2.8312806041348058,-0.08838962137269268,-2.9297487515075384,0.4783696712833053,-2.7328124567620735,0.0,3.618425342561856,0,
2026-09-08T07:01:08.785+00:00,1008.1666666666666,8.166666666666648,tick,WAYPOINT_DRIVE,FWD,-0.003910444033212665,0.024247823574213206,-9.161206468201389,-0.11217513847842935,0.6955739409990337,4.884981308350689e-15,4.679999999999972,-169.99999999999903,0.7451158382406092,0.575,3.9157421606818548,19.16120646820235,0.7451158382406092,4.595742160681855,4.655753818649106,-0.30004622589807,1.860522203589163,0.1941093317926803,-2.8287460736941776,-0.08927031453531864,-2.9272142210669103,0.47748897812067936,-2.7302779263214454,0.0,3.615742160681855,0,
2026-09-08T07:01:08.818+00:00,1008.1999999999999,8.199999999999982,tick,WAYPOINT_DRIVE,FWD,-0.004362344351402674,0.02704996038924897,-9.161206468201389,-0.11262703879661935,0.6983760778140695,5.10702591327572e-15,4.67999999999997,-169.99999999999903,0.7451158382406092,0.575,3.9129038188018535,19.16120646820235,0.7451158382406092,4.592903818801854,4.652952084554671,-0.30049812621626,1.8633243404041988,0.19317771090423308,-2.8260649793004684,-0.09020193542376587,-2.924533126673201,0.47655735723223214,-2.727596831927736,0.0,3.6129038188018536,0,
2026-09-08T07:01:08.852+00:00,1008.2333333333333,8.233333333333315,tick,WAYPOINT_DRIVE,FWD,-0.004838948125460507,0.03000527802837243,-9.161206468201389,-0.11310364257067719,0.7013313954531929,5.551115123125783e-15,4.679999999999967,-169.99999999999903,0.7451158382406092,0.575,3.909910316921851,19.16120646820235,0.7451158382406092,4.589910316921851,4.649997239760756,-0.3009747299903178,1.8662796580433223,0.19219516228996436,-2.8232373209536776,-0.09118448403803459,-2.9217054683264103,0.4755748086179634,-2.7247691735809454,0.0,3.609910316921851,0,
2026-09-08T07:01:08.885+00:00,1008.2666666666667,8.266666666666648,tick,WAYPOINT_DRIVE,FWD,-0.005340255355385859,0.033113776491581724,-9.161206468201389,-0.11360494980060254,0.7044398939164023,5.88418203051333e-15,4.679999999999966,-169.99999999999903,0.7451158382406092,0.575,3.906761655041852,19.16120646820235,0.7451158382406092,4.586761655041852,4.646889292048959,-0.3014760372202432,1.8693881565065316,0.19116168594987548,-2.820263098653809,-0.09221796037812346,-2.9187312460265415,0.47454133227787454,-2.7217949512810766,0.0,3.606761655041852,0,
2026-09-08T07:01:08.918+00:00,1008.3,8.299999999999981,tick,WAYPOINT_DRIVE,FWD,-0.005866266041179321,0.036375455778880496,-9.161206468201389,-0.114130960486396,0.707701573203701,6.439293542825908e-15,4.679999999999962,-169.99999999999903,0.7451158382406092,0.575,3.903457833161849,19.16120646820235,0.7451158382406092,4.583457833161849,4.643628249630855,-0.3020020479060367,1.8726498357938304,0.1900772818839641,-2.8171423124008554,-0.09330236444403484,-2.915610459773588,0.47345692821196317,-2.718674165028123,0.0,3.603457833161849,0,
2026-09-08T07:01:08.952+00:00,1008.3333333333333,8.333333333333314,tick,WAYPOINT_DRIVE,FWD,-0.0064169801828406065,0.03979031589026695,-9.161206468201389,-0.11468167462805728,0.7111164333150874,6.661338147750939e-15,4.679999999999961,-169.99999999999903,0.7451158382406092,0.575,3.8999988512818473,19.16120646820235,0.7451158382406092,4.5799988512818475,4.640214121152175,-0.30255276204769793,1.876064695905217,0.18894195009223214,-2.813874962194823,-0.09443769623576681,-2.912343109567556,0.4723215964202312,-2.715406814822091,0.0,3.5999988512818475,0,
2026-09-08T07:01:08.985+00:00,1008.3666666666667,8.366666666666648,tick,WAYPOINT_DRIVE,FWD,-0.006992397780369342,0.043358356825738784,-9.161206468201389,-0.11525709222558601,0.7146844742505593,6.994405055138486e-15,4.679999999999959,-169.99999999999903,0.7451158382406092,0.575,3.896384709401849,19.16120646820235,0.7451158382406092,4.576384709401849,4.636646915697168,-0.3031281796452267,1.8796327368406887,0.1877556905746801,-2.810461048035713,-0.09562395575331883,-2.9089291954084455,0.47113533690267917,-2.7119929006629806,0.0,3.5963847094018493,0,
2026-09-08T07:01:09.018+00:00,1008.4,8.39999999999998,tick,WAYPOINT_DRIVE,FWD,-0.00759251883376626,0.047079578585300534,-9.161206468201389,-0.11585721327898293,0.718405696010121,7.549516567451064e-15,4.679999999999956,-169.99999999999903,0.7451158382406092,0.575,3.892615407521846,19.16120646820235,0.7451158382406092,4.572615407521846,4.632926642793213,-0.3037283006986236,1.8833539586002503,0.18651850333130526,-2.806900569923517,-0.09686114299669368,-2.9053687172962497,0.4698981496593043,-2.7084324225507848,0.0,3.5926154075218464,0,
2026-09-08T07:01:09.052+00:00,1008.4333333333333,8.433333333333314,tick,WAYPOINT_DRIVE,FWD,-0.008217343343031003,0.05095398116895,-9.161206468201389,-0.11648203778824769,0.7222800985937705,7.993605777301127e-15,4.679999999999952,-169.99999999999903,0.7451158382406092,0.575,3.888690945641844,19.16120646820235,0.7451158382406092,4.568690945641844,4.629053312415701,-0.3043531252078883,1.8872283611839,0.18523038836210948,-2.8031935278582414,-0.09814925796588947,-2.901661675230974,0.46861003469010853,-2.704725380485509,0.0,3.588690945641844,0,
2026-09-08T07:01:09.085+00:00,1008.4666666666667,8.466666666666647,tick,WAYPOINT_DRIVE,FWD,-0.008866871308163108,0.054981564576684315,-9.161206468201389,-0.11713156575337978,0.7263076820015049,8.215650382226158e-15,4.679999999999951,-169.99999999999903,0.7451158382406092,0.575,3.884611323761846,19.16120646820235,0.7451158382406092,4.564611323761846,4.625026934993123,-0.30500265317302044,1.8912559445916342,0.18389134566709386,-2.7993399218398887,-0.09948830066090508,-2.8978080692126214,0.4672709919950929,-2.7008717744671564,0.0,3.584611323761846,0,
2026-09-08T07:01:09.118+00:00,1008.5,8.49999999999998,tick,WAYPOINT_DRIVE,FWD,-0.009541102729163477,0.05916232880850906,-9.161206468201389,-0.11780579717438015,0.7304884462333295,8.659739592076221e-15,4.679999999999948,-169.99999999999903,0.7451158382406092,0.575,3.880376541881844,19.16120646820235,0.7451158382406092,4.560376541881844,4.62084752141241,-0.3056768845940208,1.895436708823459,0.18250137524625587,-2.7953397518684513,-0.10087827108174308,-2.893807899241184,0.4658810215742549,-2.696871604495719,0.0,3.580376541881844,0,
2026-09-08T07:01:09.152+00:00,1008.5333333333333,8.533333333333314,tick,WAYPOINT_DRIVE,FWD,-0.010240037606031668,0.0634962738644215,-9.161206468201389,-0.11850473205124834,0.734822391289242,9.2148511043888e-15,4.6799999999999455,-169.99999999999903,0.7451158382406092,0.575,3.8759866000018417,19.16120646820235,0.7451158382406092,4.555986600001842,4.61651508302457,-0.306375819470889,1.8997706538793715,0.1810604770995966,-2.791193017943933,-0.10231916922840234,-2.8896611653166655,0.46444012342759566,-2.6927248705712006,0.0,3.575986600001842,0,
2026-09-08T07:01:09.185+00:00,1008.5666666666666,8.566666666666647,tick,WAYPOINT_DRIVE,FWD,-0.010963675938767133,0.06798339974441822,-9.161206468201389,-0.11922837038398382,0.7393095171692388,9.547918011776346e-15,4.679999999999943,-169.99999999999903,0.7451158382406092,0.575,3.8714414981218437,19.16120646820235,0.7451158382406092,4.551441498121844,4.6120296316505405,-0.30709945780362446,1.904257779759368,0.17956865122711752,-2.7868997200663377,-0.10381099510088143,-2.8853678674390704,0.4629482975551166,-2.6884315726936054,0.0,3.571441498121844,0,
2026-09-08T07:01:09.218+00:00,1008.6,8.59999999999998,tick,WAYPOINT_DRIVE,FWD,-0.011712017727370955,0.07262370644850599,-9.161206468201389,-0.11997671217258764,0.7439498238733265,9.992007221626409e-15,4.67999999999994,-169.99999999999903,0.7451158382406092,0.575,3.866741236241842,19.16120646820235,0.7451158382406092,4.546741236241842,4.607391179587316,-0.3078477995922283,1.908898086463456,0.17802589762881593,-2.782459858235658,-0.10535374869918301,-2.8809280056083906,0.461405543956815,-2.6839917108629257,0.0,3.566741236241842,0,
2026-09-08T07:01:09.252+00:00,1008.6333333333333,8.633333333333313,tick,WAYPOINT_DRIVE,FWD,-0.012485062971842594,0.07741719397668137,-9.161206468201389,-0.12074975741705928,0.7487433114015019,1.0436096431476471e-14,4.6799999999999375,-169.99999999999903,0.7451158382406092,0.575,3.8618858143618398,19.16120646820235,0.7451158382406092,4.54188581436184,4.602599739614376,-0.30862084483669994,1.9136915739916314,0.1764322163046932,-2.7778734324518974,-0.10694743002330576,-2.87634157982463,0.45981186263269225,-2.679405285079165,0.0,3.56188581436184,0,
2026-09-08T07:01:09.285+00:00,1008.6666666666666,8.666666666666647,tick,WAYPOINT_DRIVE,FWD,-0.013282811672181415,0.08236386232894048,-9.161206468201389,-0.12154750611739809,0.753689979753761,1.099120794378905e-14,4.679999999999935,-169.99999999999903,0.7451158382406092,0.575,3.856875232481842,19.16120646820235,0.7451158382406092,4.536875232481842,4.5976553250003604,-0.30941859353703877,1.9186382423438904,0.1747876072547505,-2.77314044271506,-0.10859203907324844,-2.8716085900877926,0.45816725358274957,-2.6746722953423276,0.0,3.556875232481842,0,
2026-09-08T07:01:09.318+00:00,1008.6999999999999,8.69999999999998,tick,WAYPOINT_DRIVE,FWD,-0.014105263828388684,0.0874637115052912,-9.161206468201389,-0.12236995827360536,0.7587898289301117,1.1324274851176597e-14,4.679999999999931,-169.99999999999903,0.7451158382406092,0.575,3.85170949060184,19.16120646820235,0.7451158382406092,4.53170949060184,4.592557949510033,-0.310241045693246,1.9237380915202411,0.17309207047898556,-2.7682608890251377,-0.11028757584901339,-2.8667290363978704,0.4564717168069846,-2.6697927416524054,0.0,3.5517094906018403,0,
2026-09-08T07:01:09.352+00:00,1008.7333333333333,8.733333333333313,tick,WAYPOINT_DRIVE,FWD,-0.014952419440463775,0.09271674150572959,-9.161206468201389,-0.12321711388568045,0.7640428589305501,1.1546319456101628e-14,4.6799999999999295,-169.99999999999903,0.7451158382406092,0.575,3.84638858872184,19.16120646820235,0.7451158382406092,4.52638858872184,4.587307627411562,-0.3110882013053211,1.9289911215206794,0.17134560597739978,-2.763234771382136,-0.11203404035059916,-2.861702918754869,0.45472525230539884,-2.664766624009404,0.0,3.54638858872184,0,
2026-09-08T07:01:09.385+00:00,1008.7666666666667,8.766666666666646,tick,WAYPOINT_DRIVE,FWD,-0.015824278508405936,0.09812295233025102,-9.161206468201389,-0.12408897295362262,0.7694490697550715,1.199040866595169e-14,4.679999999999928,-169.99999999999903,0.7451158382406092,0.575,3.840912526841843,19.16120646820235,0.7451158382406092,4.520912526841843,4.581904373484076,-0.3119600603732633,1.9343973323452008,0.16954821374999407,-2.758062089786057,-0.11383143257800488,-2.8565302371587897,0.4529278600779931,-2.659593942413325,0.0,3.540912526841843,0,
2026-09-08T07:01:09.418+00:00,1008.8,8.79999999999998,tick,WAYPOINT_DRIVE,FWD,-0.016720841032216657,0.1036823439788647,-9.161206468201389,-0.12498553547743334,0.7750084614036852,1.2434497875801753e-14,4.679999999999925,-169.99999999999903,0.7451158382406092,0.575,3.835281304961842,19.16120646820235,0.7451158382406092,4.515281304961842,4.576348203025522,-0.312856622897074,1.9399567239938147,0.16769989379676575,-2.7527428442368933,-0.1156797525312332,-2.851210991609626,0.4510795401247648,-2.654274696864161,0.0,3.5352813049618423,0,
2026-09-08T07:01:09.452+00:00,1008.8333333333333,8.833333333333313,tick,WAYPOINT_DRIVE,FWD,-0.0176421070118952,0.10939491645156606,-9.161206468201389,-0.1259068014571119,0.7807210338763866,1.2545520178264269e-14,4.679999999999924,-169.99999999999903,0.7451158382406092,0.575,3.829494923081842,19.16120646820235,0.7451158382406092,4.509494923081842,4.570639131860873,-0.31377788887675256,1.9456692964665159,0.1658006461177166,-2.7472770347346493,-0.11757900021028234,-2.845745182107382,0.44918029244571567,-2.648808887361917,0.0,3.529494923081842,0,
2026-09-08T07:01:09.485+00:00,1008.8666666666667,8.866666666666646,tick,WAYPOINT_DRIVE,FWD,-0.018588076447440694,0.11526066974834974,-9.161206468201389,-0.12685277089265737,0.7865867871731702,1.2989609388114332e-14,4.679999999999922,-169.99999999999903,0.7451158382406092,0.575,3.823553381201846,19.16120646820235,0.7451158382406092,4.503553381201846,4.564777176350625,-0.31472385831229804,1.9515350497632997,0.16385047071284753,-2.7416646612793283,-0.11952917561515142,-2.840132808652061,0.4472301170408466,-2.643196513906596,0.0,3.5235533812018462,0,
2026-09-08T07:01:09.518+00:00,1008.9,8.899999999999979,tick,WAYPOINT_DRIVE,FWD,-0.019558749338854858,0.12127960386922632,-9.161206468201389,-0.12782344378407154,0.7926057212940468,1.3322676295501878e-14,4.67999999999992,-169.99999999999903,0.7451158382406092,0.575,3.8174566793218454,19.16120646820235,0.7451158382406092,4.497456679321846,4.558762353399625,-0.3156945312037122,1.9575539838841762,0.16184936758215585,-2.735905723870922,-0.1215302787458431,-2.834373871243655,0.4452290139101549,-2.63743757649819,0.0,3.5174566793218456,0,
2026-09-08T07:01:09.552+00:00,1008.9333333333333,8.933333333333312,tick,WAYPOINT_DRIVE,FWD,-0.02055412568613685,0.12745171881419062,-9.161206468201389,-0.12881882013135354,0.7987778362390111,1.354472090042691e-14,4.679999999999917,-169.99999999999903,0.7451158382406092,0.575,3.8112048174418445,19.16120646820235,0.7451158382406092,4.491204817441845,4.552594680466276,-0.3166899075509942,1.9637260988291405,0.15979733672564278,-2.7300002225094353,-0.12358230960235617,-2.828468369882168,0.44317698305364184,-2.631532075136703,0.0,3.5112048174418447,0,
2026-09-08T07:01:09.585+00:00,1008.9666666666667,8.966666666666645,tick,WAYPOINT_DRIVE,FWD,-0.02157420548928567,0.13377701458323651,-9.161206468201389,-0.12983889993450234,0.805103132008057,1.4099832412739488e-14,4.6799999999999145,-169.99999999999903,0.7451158382406092,0.575,3.8047977955618495,19.16120646820235,0.7451158382406092,4.48479779556185,4.546274175572062,-0.317709987354143,1.9700513945981863,0.15769437814331055,-2.7239481571948727,-0.1256852681846884,-2.8224163045676054,0.4410740244713096,-2.6254800098221405,0.0,3.5047977955618497,0,
2026-09-08T07:01:09.618+00:00,1009.0,8.999999999999979,tick,WAYPOINT_DRIVE,FWD,-0.022618988748303284,0.1402554911763761,-9.161206468201389,-0.13088368319351995,0.8115816086011967,1.4432899320127035e-14,4.679999999999913,-169.99999999999903,0.7451158382406092,0.575,3.798235613681849,19.16120646820235,0.7451158382406092,4.478235613681849,4.539800857311414,-0.3187547706131606,1.976529871191326,0.1555404918351554,-2.717749527927224,-0.12783915449284355,-2.816217675299957,0.43892013816315445,-2.619281380554492,0.0,3.498235613681849,0,
2026-09-08T07:01:09.652+00:00,1009.0333333333333,9.033333333333312,tick,WAYPOINT_DRIVE,FWD,-0.023688475463188714,0.14688714859360333,-9.161206468201389,-0.1319531699084054,0.8182132660184238,1.4876988529977098e-14,4.679999999999909,-169.99999999999903,0.7451158382406092,0.575,3.791518271801847,19.16120646820235,0.7451158382406092,4.471518271801847,4.533174744862014,-0.31982425732804604,1.9831615286085533,0.15333567780117863,-2.7114043347064936,-0.13004396852682032,-2.8098724820792262,0.4367153241291777,-2.6129361873337613,0.0,3.4915182718018474,0,
2026-09-08T07:01:09.685+00:00,1009.0666666666666,9.066666666666645,tick,WAYPOINT_DRIVE,FWD,-0.02478266563394085,0.15367198683491134,-9.161206468201389,-0.13304736007915752,0.8249981042597319,1.5432100042289676e-14,4.679999999999906,-169.99999999999903,0.7451158382406092,0.575,3.7846457699218523,19.16120646820235,0.7451158382406092,4.4646457699218525,4.52639585799542,-0.32091844749879817,1.9899463668498614,0.1510799360413828,-2.704912577532689,-0.13229971028661613,-2.8033807249054217,0.43445958236938187,-2.6064444301599567,0.0,3.4846457699218525,0,
2026-09-08T07:01:09.718+00:00,1009.1,9.099999999999978,tick,WAYPOINT_DRIVE,FWD,-0.025901559260561903,0.16061000590031388,-9.161206468201389,-0.1341662537057786,0.8319361233251343,1.5654144647214707e-14,4.679999999999906,-169.99999999999903,0.7451158382406092,0.575,3.7776181080418527,19.16120646820235,0.7451158382406092,4.457618108041853,4.519464217088087,-0.32203734112541926,1.9968843859152638,0.1487732665557644,-2.6982742564057984,-0.13460637977223455,-2.796742403778531,0.43215291288376345,-2.599806109033066,0.0,3.477618108041853,0,
2026-09-08T07:01:09.752+00:00,1009.1333333333333,9.133333333333312,tick,WAYPOINT_DRIVE,FWD,-0.027045156343050776,0.16770120578980408,-9.161206468201389,-0.13530985078826746,0.8390273232146246,1.609823385706477e-14,4.679999999999902,-169.99999999999903,0.7451158382406092,0.575,3.770435286161851,19.16120646820235,0.7451158382406092,4.450435286161851,4.512379843132837,-0.3231809382079081,2.003975585804754,0.14641566934432415,-2.691489371325826,-0.1369639769836748,-2.7899575186985586,0.4297953156723232,-2.5930212239530936,0.0,3.4704352861618513,0,
2026-09-08T07:01:09.785+00:00,1009.1666666666666,9.166666666666645,tick,WAYPOINT_DRIVE,FWD,-0.028213456881406213,0.17494558650337416,-9.161206468201389,-0.1364781513266229,0.8462717039281946,1.6431300764452317e-14,4.6799999999999,-169.99999999999903,0.7451158382406092,0.575,3.763097304281859,19.16120646820235,0.7451158382406092,4.443097304281859,4.505142757750717,-0.32434923874626354,2.011219966518324,0.14400714440706575,-2.684557922292781,-0.1393725019209332,-2.783026069665514,0.4273867907350648,-2.586089774920049,0.0,3.463097304281859,0,
2026-09-08T07:01:09.818+00:00,1009.1999999999999,9.199999999999978,tick,WAYPOINT_DRIVE,FWD,-0.02940646087563071,0.18234314804103957,-9.161206468201389,-0.1376711553208474,0.8536692654658601,1.6986412276764895e-14,4.679999999999897,-169.99999999999903,0.7451158382406092,0.575,3.7556041624018577,19.16120646820235,0.7451158382406092,4.435604162401858,4.497752983203245,-0.32554224274048804,2.0186175280559895,0.14154769174398318,-2.677479909306647,-0.14183195458401576,-2.7759480566793795,0.42492733807198224,-2.5790117619339146,0.0,3.455604162401858,0,
2026-09-08T07:01:09.852+00:00,1009.2333333333333,9.233333333333311,tick,WAYPOINT_DRIVE,FWD,-0.03062416832572304,0.18989389040279273,-9.161206468201389,-0.1388888627709397,0.8612200078276132,1.7541523789077473e-14,4.679999999999894,-169.99999999999903,0.7451158382406092,0.575,3.747955860521856,19.16120646820235,0.7451158382406092,4.427955860521856,4.490210542405206,-0.32675995019058035,2.0261682704177426,0.13903731135507946,-2.6702553323674314,-0.14434233497291948,-2.768723479740164,0.4224169576830785,-2.571787184994699,0.0,3.4479558605218563,0,
2026-09-08T07:01:09.885+00:00,1009.2666666666667,9.266666666666644,tick,WAYPOINT_DRIVE,FWD,-0.03186657923168178,0.19759781358862485,-9.161206468201389,-0.14013127367689845,0.8689239310134453,1.7763568394002505e-14,4.679999999999892,-169.99999999999903,0.7451158382406092,0.575,3.740152398641865,19.16120646820235,0.7451158382406092,4.420152398641865,4.48251545893781,-0.32800236109653913,2.0338721936035746,0.1364760032403579,-2.662884191475145,-0.14690364308764103,-2.761352338847878,0.41985564956835697,-2.564416044102413,0.0,3.440152398641865,0,
2026-09-08T07:01:09.918+00:00,1009.3,9.299999999999978,tick,WAYPOINT_DRIVE,FWD,-0.033133693593509705,0.2054549175985532,-9.161206468201389,-0.1413983880387264,0.8767810350233737,1.8318679906315083e-14,4.679999999999889,-169.99999999999903,0.7451158382406092,0.575,3.732193776761864,19.16120646820235,0.7451158382406092,4.412193776761864,4.47466775706232,-0.32926947545836704,2.0417292976135033,0.13386376739981187,-2.6553664866297684,-0.14951587892818707,-2.753834634002501,0.41724341372781093,-2.556898339257036,0.0,3.432193776761864,0,
2026-09-08T07:01:09.952+00:00,1009.3333333333333,9.33333333333331,tick,WAYPOINT_DRIVE,FWD,-0.034425511411205464,0.21346520243256925,-9.161206468201389,-0.14269020585642214,0.8847913198573898,1.8762769116165146e-14,4.679999999999886,-169.99999999999903,0.7451158382406092,0.575,3.7240799948818633,19.16120646820235,0.7451158382406092,4.404079994881863,4.466667461734267,-0.3305612932760628,2.0497395824475193,0.13120060383344478,-2.6477022178313114,-0.15217904249455416,-2.746170365204044,0.41458025016144384,-2.549234070458579,0.0,3.4240799948818634,0,
2026-09-08T07:01:09.985+00:00,1009.3666666666667,9.366666666666644,tick,WAYPOINT_DRIVE,FWD,-0.035742032684767486,0.22162866809066334,-9.161206468201389,-0.14400672712998416,0.8929547855154838,1.8984813721090177e-14,4.679999999999884,-169.99999999999903,0.7451158382406092,0.575,3.715811053001873,19.16120646820235,0.7451158382406092,4.395811053001873,4.458514598618069,-0.33187781454962484,2.0579030481056133,0.1284865125412601,-2.639891385079783,-0.15489313378673886,-2.738359532452516,0.41186615886925915,-2.541423237707051,0.0,3.4158110530018733,0,
2026-09-08T07:01:10.018+00:00,1009.4,9.399999999999977,tick,WAYPOINT_DRIVE,FWD,-0.03708325741419886,0.2299453145728546,-9.161206468201389,-0.14534795185941554,0.9012714319976751,1.942890293094024e-14,4.6799999999998825,-169.99999999999903,0.7451158382406092,0.575,3.707386951121873,19.16120646820235,0.7451158382406092,4.387386951121873,4.450209194102171,-0.3332190392790562,2.0662196945878044,0.1257214935232508,-2.631933988375165,-0.15765815280474815,-2.7304021357478976,0.40910113985124985,-2.5334658410024327,0.0,3.407386951121873,0,
2026-09-08T07:01:10.052+00:00,1009.4333333333333,9.43333333333331,tick,WAYPOINT_DRIVE,FWD,-0.038449185599498066,0.23841514187913362,-9.161206468201389,-0.14671388004471475,0.9097412593039541,1.9872992140790302e-14,4.679999999999879,-169.99999999999903,0.7451158382406092,0.575,3.6988076892418724,19.16120646820235,0.7451158382406092,4.378807689241873,4.441751275314812,-0.3345849674643554,2.0746895218940837,0.12290554677942034,-2.6238300277174655,-0.1604740995485786,-2.7222981750901982,0.4062851931074194,-2.5253618803447333,0.0,3.3988076892418726,0,
2026-09-08T07:01:10.085+00:00,1009.4666666666667,9.466666666666644,tick,WAYPOINT_DRIVE,FWD,-0.03983981724066338,0.24703815000948953,-9.161206468201389,-0.14810451168588007,0.91836426743431,2.0317081350640365e-14,4.679999999999876,-169.99999999999903,0.7451158382406092,0.575,3.6900732673618823,19.16120646820235,0.7451158382406092,4.3700732673618825,4.433140870140263,-0.3359755991055207,2.0833125300244393,0.12003867230977205,-2.6155795031066953,-0.1633409740182269,-2.714047650479428,0.4034183186377711,-2.517111355733963,0.0,3.3900732673618825,0,
2026-09-08T07:01:10.118+00:00,1009.5,9.499999999999977,tick,WAYPOINT_DRIVE,FWD,-0.0412551523376982,0.2558143389639438,-9.161206468201389,-0.14951984678291488,0.9271404563887643,2.0539125955565396e-14,4.679999999999875,-169.99999999999903,0.7451158382406092,0.575,3.681183685481883,19.16120646820235,0.7451158382406092,4.361183685481883,4.4243780072356325,-0.33739093420255556,2.0920887189788937,0.11712087011429961,-2.6071824145428355,-0.16625877621369933,-2.705650561915568,0.40050051644229867,-2.5087142671701033,0.0,3.3811836854818833,0,
2026-09-08T07:01:10.152+00:00,1009.5333333333333,9.53333333333331,tick,WAYPOINT_DRIVE,FWD,-0.04269519089060084,0.26474370874248554,-9.161206468201389,-0.1509598853358175,0.936069826167306,2.098321516541546e-14,4.679999999999872,-169.99999999999903,0.7451158382406092,0.575,3.6721389436018828,19.16120646820235,0.7451158382406092,4.352138943601883,4.4154627160483555,-0.33883097275545815,2.1010180887574355,0.11415214019300557,-2.5986387620258933,-0.16922750613499338,-2.697106909398626,0.3975317865210046,-2.500170614653161,0.0,3.372138943601883,0,
2026-09-08T07:01:10.185+00:00,1009.5666666666666,9.566666666666643,tick,WAYPOINT_DRIVE,FWD,-0.044159932899369404,0.27382625934510346,-9.161206468201389,-0.1524246273445861,0.9451523767699239,2.1538326677728037e-14,4.679999999999869,-169.99999999999903,0.7451158382406092,0.575,3.6629390417218937,19.16120646820235,0.7451158382406092,4.342939041721894,4.406395026834213,-0.34029571476422676,2.1101006393600534,0.11113248254589414,-2.5899485455558815,-0.1722471637821048,-2.688416692928614,0.3945121288738932,-2.4914803981831493,0.0,3.362939041721894,0,
2026-09-08T07:01:10.218+00:00,1009.6,9.599999999999977,tick,WAYPOINT_DRIVE,FWD,-0.04564937836400767,0.28306199077182054,-9.161206468201389,-0.15391407280922434,0.954388108196641,2.1871393585115584e-14,4.6799999999998665,-169.99999999999903,0.7451158382406092,0.575,3.6535839798418945,19.16120646820235,0.7451158382406092,4.333583979841895,4.397174970675982,-0.341785160228865,2.1193363707867703,0.10806189717295811,-2.5811117651327793,-0.17531774915504084,-2.679579912505512,0.39144154350095717,-2.482643617760047,0.0,3.3535839798418947,0,
2026-09-08T07:01:10.252+00:00,1009.6333333333333,9.63333333333331,tick,WAYPOINT_DRIVE,FWD,-0.04715708852636975,0.2924109776662752,-9.161206468201389,-0.15542178297158643,0.9637370950910957,2.220446049250313e-14,4.679999999999865,-169.99999999999903,0.7451158382406092,0.575,3.6441141991746124,19.16120646820235,0.7451158382406092,4.324114199174613,4.387842433349277,-0.3432928703912271,2.128685357681225,0.10495365797851353,-2.572166621478452,-0.17842598834948542,-2.6706347688511847,0.3883333043065126,-2.4736984741057197,0.0,3.3441141991746126,0,
2026-09-08T07:01:10.285+00:00,1009.6666666666666,9.666666666666643,tick,WAYPOINT_DRIVE,FWD,-0.048665753279671584,0.30176588377412245,-9.161206468201389,-0.15693044772488826,0.973092001198943,2.2426505097428162e-14,4.679999999999862,-169.99999999999903,0.7451158382406092,0.575,3.6346384228146236,19.16120646820235,0.7451158382406092,4.314638422814624,4.3785045771387825,-0.34480153514452894,2.1380402637890725,0.1018434508348921,-2.5632158142998627,-0.18153619549310684,-2.6616839616725954,0.38522309716289116,-2.4647476669271304,0.0,3.3346384228146237,0,
2026-09-08T07:01:10.318+00:00,1009.6999999999999,9.699999999999976,tick,WAYPOINT_DRIVE,FWD,-0.05017441803297542,0.31112078988198216,-9.161206468201389,-0.1584391124781921,0.9824469073068027,2.2648549702353193e-14,4.679999999999861,-169.99999999999903,0.7451158382406092,0.575,3.6251626464546223,19.16120646820235,0.7451158382406092,4.305162646454622,4.369167314812421,-0.34631019989783274,2.147395169896932,0.09873324369126657,-2.5542650071212614,-0.18464640263673238,-2.652733154493994,0.3821128900192656,-2.455796859748529,0.0,3.3251626464546225,0,
2026-09-08T07:01:10.352+00:00,1009.7333333333333,9.73333333333331,tick,WAYPOINT_DRIVE,FWD,-0.051683082786279255,0.3204756959898418,-9.161206468201389,-0.15994777723149595,0.9918018134146623,2.2870594307278225e-14,4.67999999999986,-169.99999999999903,0.7451158382406092,0.575,3.615686870094621,19.16120646820235,0.7451158382406092,4.295686870094621,4.3598306501858906,-0.3478188646511366,2.1567500760047915,0.09562303654764093,-2.54531419994266,-0.18775660978035802,-2.6437823473153927,0.37900268287564,-2.446846052569928,0.0,3.315686870094621,0,
2026-09-08T07:01:10.385+00:00,1009.7666666666667,9.766666666666643,tick,WAYPOINT_DRIVE,FWD,-0.053191747539580995,0.32983060209768855,-9.161206468201389,-0.16145644198479767,1.001156719522509,2.3092638912203256e-14,4.6799999999998585,-169.99999999999903,0.7451158382406092,0.575,3.606211093734633,19.16120646820235,0.7451158382406092,4.286211093734633,4.3504945871074066,-0.34932752940443834,2.1661049821126386,0.09251282940401984,-2.536363392764071,-0.1908668169239791,-2.634831540136804,0.3758924757320189,-2.437895245391339,0.0,3.306211093734633,0,
2026-09-08T07:01:10.418+00:00,1009.8,9.799999999999976,tick,WAYPOINT_DRIVE,FWD,-0.054700412292884824,0.33918550820554827,-9.161206468201389,-0.1629651067381015,1.0105116256303688,2.3314683517128287e-14,4.679999999999858,-169.99999999999903,0.7451158382406092,0.575,3.5967353173746317,19.16120646820235,0.7451158382406092,4.276735317374632,4.341159129457996,-0.35083619415774214,2.175459888220498,0.0894026222603943,-2.52741258558547,-0.19397702406760464,-2.6258807329582026,0.37278226858839336,-2.4289444382127376,0.0,3.296735317374632,0,
2026-09-08T07:01:10.452+00:00,1009.8333333333333,9.833333333333309,tick,WAYPOINT_DRIVE,FWD,-0.05620907704618867,0.34854041431340793,-9.161206468201389,-0.16447377149140535,1.0198665317382285,2.3425705819590803e-14,4.679999999999855,-169.99999999999903,0.7451158382406092,0.575,3.5872595410146304,19.16120646820235,0.7451158382406092,4.267259541014631,4.331824281151926,-0.352344858911046,2.184814794328358,0.08629241511676877,-2.5184617784068686,-0.19708723121123017,-2.6169299257796013,0.36967206144476783,-2.4199936310341363,0.0,3.2872595410146306,0,
2026-09-08T07:01:10.485+00:00,1009.8666666666667,9.866666666666642,tick,WAYPOINT_DRIVE,FWD,-0.057717741799490324,0.35789532042125416,-9.161206468201389,-0.165982436244707,1.0292214378460747,2.375877272697835e-14,4.679999999999854,-169.99999999999903,0.7451158382406092,0.575,3.5777837646546424,19.16120646820235,0.7451158382406092,4.257783764654643,4.322490046137026,-0.35385352366434764,2.194169700436204,0.08318220797314757,-2.50951097122828,-0.20019743835485138,-2.607979118601013,0.36656185430114663,-2.411042823855548,0.0,3.2777837646546426,0,
2026-09-08T07:01:10.518+00:00,1009.9,9.899999999999975,tick,WAYPOINT_DRIVE,FWD,-0.05922640655279416,0.3672502265291138,-9.161206468201389,-0.16749110099801084,1.0385763439539344,2.375877272697835e-14,4.679999999999853,-169.99999999999903,0.7451158382406092,0.575,3.568307988294642,19.16120646820235,0.7451158382406092,4.248307988294642,4.313156428394995,-0.3553621884176515,2.2035246065440637,0.08007200082952226,-2.5005601640496797,-0.20330764549847669,-2.5990283114224124,0.3634516471575213,-2.4020920166769475,0.0,3.268307988294642,0,
2026-09-08T07:01:10.552+00:00,1009.9333333333333,9.933333333333309,tick,WAYPOINT_DRIVE,FWD,-0.06073507130609799,0.37660513263697354,-9.161206468201389,-0.16899976575131467,1.047931250061794,2.4091839634365897e-14,4.6799999999998505,-169.99999999999903,0.7451158382406092,0.575,3.55883221193464,19.16120646820235,0.7451158382406092,4.23883221193464,4.30382343194185,-0.35687085317095535,2.2128795126519236,0.0769617936858965,-2.4916093568710775,-0.20641785264210244,-2.5900775042438102,0.36034144001389556,-2.3931412094983453,0.0,3.25883221193464,0,
2026-09-08T07:01:10.585+00:00,1009.9666666666667,9.966666666666642,tick,WAYPOINT_DRIVE,FWD,-0.062243736059399576,0.3859600387448193,-9.161206468201389,-0.17050843050461625,1.0572861561696398,2.4313884239290928e-14,4.6799999999998505,-169.99999999999903,0.7451158382406092,0.575,3.5493564355746527,19.16120646820235,0.7451158382406092,4.229356435574653,4.294491060828249,-0.35837951792425693,2.2222344187597693,0.07385158654227564,-2.4826585496924896,-0.2095280597857233,-2.5811266970652222,0.3572312328702747,-2.3841904023197573,0.0,3.249356435574653,0,
2026-09-08T07:01:10.618+00:00,1010.0,9.999999999999975,tick,WAYPOINT_DRIVE,FWD,-0.0637524008127034,0.395314944852679,-9.161206468201389,-0.17201709525792008,1.0666410622774996,2.453592884421596e-14,4.679999999999848,-169.99999999999903,0.7451158382406092,0.575,3.5398806592146514,19.16120646820235,0.7451158382406092,4.219880659214652,4.285159319139825,-0.35988818267756073,2.231589324867629,0.07074137939865,-2.4737077425138883,-0.21263826692934895,-2.572175889886621,0.35412102572664905,-2.375239595141156,0.0,3.2398806592146516,0,
2026-09-08T07:01:10.652+00:00,1010.0333333333333,10.033333333333308,tick,WAYPOINT_DRIVE,FWD,-0.0652610655660072,0.40466985096053876,-9.161206468201389,-0.17352576001122388,1.0759959683853593,2.4980018054066022e-14,4.679999999999846,-169.99999999999903,0.7451158382406092,0.575,3.5304048828546493,19.16120646820235,0.7451158382406092,4.210404882854649,4.27582821099764,-0.36139684743086453,2.240944230975489,0.06763117225502424,-2.4647569353352865,-0.2157484740729747,-2.563225082708019,0.3510108185830233,-2.3662887879625543,0.0,3.2304048828546494,0,
2026-09-08T07:01:10.685+00:00,1010.0666666666666,10.066666666666642,tick,WAYPOINT_DRIVE,FWD,-0.06676973031930869,0.414024757068384,-9.161206468201389,-0.17503442476452535,1.0853508744932046,2.531308496145357e-14,4.679999999999843,-169.99999999999903,0.7451158382406092,0.575,3.520929106494662,19.16120646820235,0.7451158382406092,4.200929106494662,4.266497740558531,-0.362905512184166,2.250299137083334,0.06452096511140337,-2.4558061281566985,-0.21885868121659557,-2.554274275529431,0.34790061143940243,-2.3573379807839663,0.0,3.2209291064946624,0,
2026-09-08T07:01:10.718+00:00,1010.1,10.099999999999975,tick,WAYPOINT_DRIVE,FWD,-0.0682783950726125,0.42337966317624365,-9.161206468201389,-0.17654308951782918,1.094705780601064,2.55351295663786e-14,4.6799999999998425,-169.99999999999903,0.7451158382406092,0.575,3.511453330134661,19.16120646820235,0.7451158382406092,4.191453330134661,4.257167912015445,-0.36441417693746986,2.2596540431911936,0.06141075796777784,-2.446855320978097,-0.2219688883602211,-2.54532346835083,0.3447904042957769,-2.348387173605365,0.0,3.211453330134661,0,
2026-09-08T07:01:10.752+00:00,1010.1333333333333,10.133333333333308,tick,WAYPOINT_DRIVE,FWD,-0.06978705982591632,0.43273456928410337,-9.161206468201389,-0.178051754271133,1.104060686708924,2.5868196473766147e-14,4.679999999999841,-169.99999999999903,0.7451158382406092,0.575,3.5019775537746587,19.16120646820235,0.7451158382406092,4.181977553774659,4.247838729597921,-0.36592284169077366,2.269008949299053,0.058300550824151975,-2.437904513799495,-0.22507909550384697,-2.5363726611722277,0.34168019715215103,-2.339436366426763,0.0,3.201977553774659,0,
2026-09-08T07:01:10.785+00:00,1010.1666666666666,10.166666666666641,tick,WAYPOINT_DRIVE,FWD,-0.07129572457921772,0.4420894753919481,-9.161206468201389,-0.1795604190244344,1.1134155928167686,2.609024107869118e-14,4.679999999999839,-169.99999999999903,0.7451158382406092,0.575,3.4925017774146725,19.16120646820235,0.7451158382406092,4.172501777414673,4.238510197572445,-0.3674315064440751,2.278363855406898,0.05519034368053133,-2.428953706620908,-0.22818930264746762,-2.5274218539936406,0.3385699900085304,-2.3304855592481757,0.0,3.1925017774146727,0,
2026-09-08T07:01:10.818+00:00,1010.1999999999999,10.199999999999974,tick,WAYPOINT_DRIVE,FWD,-0.07280438933252155,0.45144438149980776,-9.161206468201389,-0.18106908377773823,1.1227704989246283,2.631228568361621e-14,4.679999999999837,-169.99999999999903,0.7451158382406092,0.575,3.483026001054671,19.16120646820235,0.7451158382406092,4.163026001054671,4.229182320242797,-0.3689401711973789,2.287718761514758,0.0520801365369058,-2.4200028994423066,-0.23129950979109315,-2.5184710468150393,0.33545978286490485,-2.3215347520695744,0.0,3.1830260010546714,0,
2026-09-08T07:01:10.852+00:00,1010.2333333333333,10.233333333333308,tick,WAYPOINT_DRIVE,FWD,-0.07431305408582538,0.46079928760766753,-9.161206468201389,-0.18257774853104206,1.132125405032488,2.6645352591003757e-14,4.6799999999998345,-169.99999999999903,0.7451158382406092,0.575,3.473550224694669,19.16120646820235,0.7451158382406092,4.153550224694669,4.219855101950556,-0.37044883595068273,2.2970736676226173,0.04896992939328004,-2.411052092263705,-0.2344097169347189,-2.5095202396364376,0.3323495757212791,-2.3125839448909726,0.0,3.173550224694669,0,
2026-09-08T07:01:10.885+00:00,1010.2666666666667,10.26666666666664,tick,WAYPOINT_DRIVE,FWD,-0.07582171883912671,0.47015419371551176,-9.161206468201389,-0.1840864132843434,1.1414803111403322,2.6756374893466273e-14,4.6799999999998345,-169.99999999999903,0.7451158382406092,0.575,3.4640744483346837,19.16120646820235,0.7451158382406092,4.144074448334684,4.210528547075464,-0.37195750070398403,2.3064285737304617,0.04585972224965973,-2.4021012850851187,-0.23751992407833922,-2.5005694324578513,0.3292393685776588,-2.3036331377123864,0.0,3.164074448334684,0,
2026-09-08T07:01:10.918+00:00,1010.3,10.299999999999974,tick,WAYPOINT_DRIVE,FWD,-0.07733038359243054,0.4795090998233715,-9.161206468201389,-0.18559507803764722,1.150835217248192,2.708944180085382e-14,4.679999999999833,-169.99999999999903,0.7451158382406092,0.575,3.4545986719746824,19.16120646820235,0.7451158382406092,4.134598671974683,4.201202660035792,-0.3734661654572879,2.3157834798383212,0.0427495151060342,-2.3931504779065174,-0.24063013122196475,-2.49161862527925,0.32612916143403325,-2.294682330533785,0.0,3.1545986719746826,0,
2026-09-08T07:01:10.952+00:00,1010.3333333333333,10.333333333333307,tick,WAYPOINT_DRIVE,FWD,-0.07883904834573435,0.48886400593123114,-9.161206468201389,-0.18710374279095104,1.1601901233560517,2.7200464103316335e-14,4.679999999999831,-169.99999999999903,0.7451158382406092,0.575,3.445122895614681,19.16120646820235,0.7451158382406092,4.125122895614681,4.19187744528886,-0.3749748302105917,2.325138385946181,0.039639307962408665,-2.384199670727916,-0.24374033836559028,-2.4826678181006487,0.3230189542904077,-2.285731523355184,0.0,3.1451228956146813,0,
2026-09-08T07:01:10.985+00:00,1010.3666666666667,10.36666666666664,tick,WAYPOINT_DRIVE,FWD,-0.08034771309903561,0.4982189120390749,-9.161206468201389,-0.1886124075442523,1.1695450294638954,2.7422508708241367e-14,4.67999999999983,-169.99999999999903,0.7451158382406092,0.575,3.435647119254696,19.16120646820235,0.7451158382406092,4.115647119254696,4.1825529073314165,-0.37648349496389294,2.3344932920540247,0.03652910081878835,-2.37524886354933,-0.2468505455092106,-2.4737170109220625,0.3199087471467874,-2.2767807161765976,0.0,3.135647119254696,0,
2026-09-08T07:01:11.018+00:00,1010.4,10.399999999999974,tick,WAYPOINT_DRIVE,FWD,-0.08185637785233944,0.5075738181469345,-9.161206468201389,-0.19012107229755612,1.178899935571755,2.7644553313166398e-14,4.679999999999827,-169.99999999999903,0.7451158382406092,0.575,3.4261713428946945,19.16120646820235,0.7451158382406092,4.106171342894695,4.173229050700025,-0.3779921597171968,2.3438481981618846,0.03341889367516282,-2.3662980563707285,-0.24996075265283613,-2.4647662037434612,0.3167985400031619,-2.2678299089979963,0.0,3.1261713428946947,0,
2026-09-08T07:01:11.052+00:00,1010.4333333333333,10.433333333333307,tick,WAYPOINT_DRIVE,FWD,-0.08336504260564324,0.516928724254794,-9.161206468201389,-0.19162973705085992,1.1882548416796146,2.808864252301646e-14,4.679999999999826,-169.99999999999903,0.7451158382406092,0.575,3.4166955665346923,19.16120646820235,0.7451158382406092,4.0966955665346925,4.163905879971593,-0.3795008244705006,2.3532031042697437,0.030308686531536955,-2.3573472491921263,-0.253070959796462,-2.455815396564859,0.313688332859536,-2.258879101819394,0.0,3.1166955665346925,0,
2026-09-08T07:01:11.085+00:00,1010.4666666666667,10.46666666666664,tick,WAYPOINT_DRIVE,FWD,-0.08487370735894442,0.526283630362637,-9.161206468201389,-0.1931384018041611,1.1976097477874577,2.8310687127941492e-14,4.679999999999824,-169.99999999999903,0.7451158382406092,0.575,3.407219790174708,19.16120646820235,0.7451158382406092,4.087219790174708,4.154583399763783,-0.38100948922380173,2.3625580103775867,0.027198479387916974,-2.348396442013541,-0.256181166940082,-2.4468645893862737,0.31057812571591603,-2.249928294640809,0.0,3.107219790174708,0,
2026-09-08T07:01:11.118+00:00,1010.5,10.499999999999973,tick,WAYPOINT_DRIVE,FWD,-0.08638237211224822,0.5356385364704964,-9.161206468201389,-0.1946470665574649,1.206964653895317,2.853273173286652e-14,4.679999999999822,-169.99999999999903,0.7451158382406092,0.575,3.3977440138147066,19.16120646820235,0.7451158382406092,4.077744013814707,4.145261614735394,-0.38251815397710554,2.371912916485446,0.024088272244291442,-2.3394456348349397,-0.2592913740837075,-2.4379137822076724,0.3074679185722905,-2.2409774874622075,0.0,3.0977440138147068,0,
2026-09-08T07:01:11.152+00:00,1010.5333333333333,10.533333333333307,tick,WAYPOINT_DRIVE,FWD,-0.08789103686555205,0.544993442578356,-9.161206468201389,-0.19615573131076874,1.2163195600031766,2.864375403532904e-14,4.679999999999821,-169.99999999999903,0.7451158382406092,0.575,3.3882682374547053,19.16120646820235,0.7451158382406092,4.0682682374547054,4.1359405295869305,-0.3840268187304094,2.3812678225933057,0.02097806510066591,-2.3304948276563384,-0.26240158122733304,-2.428962975029071,0.30435771142866497,-2.232026680283606,0.0,3.0882682374547055,0,
2026-09-08T07:01:11.185+00:00,1010.5666666666666,10.56666666666664,tick,WAYPOINT_DRIVE,FWD,-0.0893997016188531,0.5543483486861985,-9.161206468201389,-0.19766439606406977,1.225674466111019,2.90878432451791e-14,4.679999999999818,-169.99999999999903,0.7451158382406092,0.575,3.37879246109472,19.16120646820235,0.7451158382406092,4.05879246109472,4.126620149061013,-0.3855354834837105,2.3906227287011483,0.017867857957045596,-2.321544020477752,-0.26551178837095335,-2.420012167850485,0.30124750428504465,-2.22307587310502,0.0,3.07879246109472,0,
2026-09-08T07:01:11.218+00:00,1010.6,10.599999999999973,tick,WAYPOINT_DRIVE,FWD,-0.09090836637215692,0.563703254794058,-9.161206468201389,-0.1991730608173736,1.2350293722188785,2.930988785010413e-14,4.679999999999817,-169.99999999999903,0.7451158382406092,0.575,3.3693166847347187,19.16120646820235,0.7451158382406092,4.049316684734719,4.117300477942797,-0.3870441482370143,2.399977634809008,0.014757650813420065,-2.312593213299151,-0.2686219955145789,-2.4110613606718836,0.2981372971414191,-2.2141250659264187,0.0,3.069316684734719,0,
2026-09-08T07:01:11.252+00:00,1010.6333333333333,10.633333333333306,tick,WAYPOINT_DRIVE,FWD,-0.09241703112546074,0.5730581609019175,-9.161206468201389,-0.20068172557067743,1.244384278326738,2.986499936241671e-14,4.679999999999813,-169.99999999999903,0.7451158382406092,0.575,3.3598409083747156,19.16120646820235,0.7451158382406092,4.039840908374716,4.107981521060538,-0.3885528129903181,2.4093325409168673,0.011647443669793867,-2.3036424061205483,-0.2717322026582051,-2.402110553493281,0.2950270899977929,-2.205174258747816,0.0,3.059840908374716,0,
2026-09-08T07:01:11.285+00:00,1010.6666666666666,10.66666666666664,tick,WAYPOINT_DRIVE,FWD,-0.09392569587876175,0.5824130670097596,-9.161206468201389,-0.20219039032397843,1.25373918443458,3.008704396734174e-14,4.679999999999811,-169.99999999999903,0.7451158382406092,0.575,3.350365132014732,19.16120646820235,0.7451158382406092,4.030365132014732,4.098663283286045,-0.3900614777436191,2.4186874470247095,0.008537236526174219,-2.2946915989419634,-0.2748424098018247,-2.393159746314696,0.2919168828541733,-2.196223451569231,0.0,3.0503651320147323,0,
2026-09-08T07:01:11.318+00:00,1010.6999999999999,10.699999999999973,tick,WAYPOINT_DRIVE,FWD,-0.09543436063206556,0.5917679731176191,-9.161206468201389,-0.20369905507728225,1.2630940905424395,3.0309088572266774e-14,4.67999999999981,-169.99999999999903,0.7451158382406092,0.575,3.3408893556547308,19.16120646820235,0.7451158382406092,4.020889355654731,4.089345769535088,-0.3915701424969229,2.428042353132569,0.005427029382548687,-2.2857407917633625,-0.27795261694545026,-2.384208939136095,0.28880667571054774,-2.1872726443906303,0.0,3.040889355654731,0,
2026-09-08T07:01:11.352+00:00,1010.7333333333333,10.733333333333306,tick,WAYPOINT_DRIVE,FWD,-0.09694302538536938,0.6011228792254786,-9.161206468201389,-0.20520771983058606,1.272448996650299,3.0531133177191805e-14,4.679999999999808,-169.99999999999903,0.7451158382406092,0.575,3.3314135792947295,19.16120646820235,0.7451158382406092,4.01141357929473,4.08002898476802,-0.3930788072502267,2.4373972592404285,0.002316822238923155,-2.2767899845847612,-0.2810628240890758,-2.375258131957494,0.2856964685669222,-2.178321837212029,0.0,3.0314135792947297,0,
2026-09-08T07:01:11.385+00:00,1010.7666666666667,10.766666666666639,tick,WAYPOINT_DRIVE,FWD,-0.0984516901386703,0.6104777853333202,-9.161206468201389,-0.20671638458388697,1.2818039027581407,3.097522238704187e-14,4.679999999999805,-169.99999999999903,0.7451158382406092,0.575,3.321937802934745,19.16120646820235,0.7451158382406092,4.001937802934745,4.07071293399021,-0.3945874720035276,2.4467521653482702,-0.0007933849046969366,-2.267839177406176,-0.2841730312326959,-2.3663073247789086,0.2825862614233021,-2.1693710300334437,0.0,3.0219378029347452,0,
2026-09-08T07:01:11.418+00:00,1010.8,10.799999999999972,tick,WAYPOINT_DRIVE,FWD,-0.09996035489197413,0.6198326914411798,-9.161206468201389,-0.20822504933719083,1.2911588088660002,3.097522238704187e-14,4.679999999999805,-169.99999999999903,0.7451158382406092,0.575,3.312462026574745,19.16120646820235,0.7451158382406092,3.9924620265747452,4.0613976222525086,-0.3960961367568315,2.4561070714561297,-0.0039035920483218023,-2.258888370227576,-0.28728323837632075,-2.3573565176003086,0.27947605427967726,-2.1604202228548437,0.0,3.0124620265747453,0,
2026-09-08T07:01:11.452+00:00,1010.8333333333333,10.833333333333306,tick,WAYPOINT_DRIVE,FWD,-0.10146901964527794,0.6291875975490392,-9.161206468201389,-0.20973371409049463,1.3005137149738597,3.097522238704187e-14,4.679999999999805,-169.99999999999903,0.7451158382406092,0.575,3.3029862502147456,19.16120646820235,0.7451158382406092,3.9829862502147457,4.052083054651857,-0.3976048015101353,2.465461977563989,-0.007013799191946779,-2.2499375630489764,-0.2903934455199457,-2.348405710421709,0.2763658471360523,-2.151469415676244,0.0,3.0029862502147457,0,
2026-09-08T07:01:11.485+00:00,1010.8666666666667,10.866666666666639,tick,WAYPOINT_DRIVE,FWD,-0.1029776843985788,0.6385425036568803,-9.161206468201389,-0.2112423788437955,1.3098686210817008,3.086420008457935e-14,4.679999999999805,-169.99999999999903,0.7451158382406092,0.575,3.2935104738547647,19.16120646820235,0.7451158382406092,3.973510473854765,4.0427692363317655,-0.39911346626343613,2.47481688367183,-0.01012400633556565,-2.2409867558703946,-0.2935036526635646,-2.3394549032431273,0.2732556399924334,-2.1425186084976624,0.0,2.993510473854765,0,
2026-09-08T07:01:11.518+00:00,1010.9,10.899999999999972,tick,WAYPOINT_DRIVE,FWD,-0.10448634915188261,0.6478974097647399,-9.161206468201389,-0.2127510435970993,1.3192235271895605,3.097522238704187e-14,4.679999999999804,-169.99999999999903,0.7451158382406092,0.575,3.2840346974947643,19.16120646820235,0.7451158382406092,3.9640346974947644,4.0334561724827775,-0.40062213101673994,2.4841717897796896,-0.013234213479190848,-2.2320359486917942,-0.2966138598071898,-2.330504096064527,0.2701454328488082,-2.133567801319062,0.0,2.9840346974947645,0,
2026-09-08T07:01:11.552+00:00,1010.9333333333333,10.933333333333305,tick,WAYPOINT_DRIVE,FWD,-0.10599501390518641,0.6572523158725992,-9.161206468201389,-0.2142597083504031,1.3285784332974198,3.097522238704187e-14,4.679999999999804,-169.99999999999903,0.7451158382406092,0.575,3.2745589211347643,19.16120646820235,0.7451158382406092,3.9545589211347645,4.024143868343123,-0.40213079577004374,2.493526695887549,-0.016344420622816158,-2.223085141513194,-0.2997240669508151,-2.3215532888859265,0.2670352257051829,-2.1246169941404616,0.0,2.9745589211347645,0,
2026-09-08T07:01:11.585+00:00,1010.9666666666666,10.966666666666638,tick,WAYPOINT_DRIVE,FWD,-0.10750367865848719,0.6666072219804399,-9.161206468201389,-0.21576837310370386,1.3379333394052604,3.097522238704187e-14,4.679999999999804,-169.99999999999903,0.7451158382406092,0.575,3.2650831447747835,19.16120646820235,0.7451158382406092,3.9450831447747836,4.014832329199203,-0.40363946052334454,2.50288160199539,-0.01945462776643503,-2.214134334334612,-0.302834274094434,-2.3126024817073443,0.26392501856156403,-2.1156661869618794,0.0,2.9650831447747836,0,
2026-09-08T07:01:11.618+00:00,1011.0,10.999999999999972,tick,WAYPOINT_DRIVE_SETTLE,STOP,-0.10901234341179102,0.6759621280882995,-9.161206468201389,-0.2172770378570077,1.3472882455131199,3.097522238704187e-14,4.679999999999803,-169.99999999999903,0.7451158382406092,0.575,3.2556073684147835,19.16120646820235,0.7451158382406092,3.9356073684147836,4.0055215603860805,-0.40514812527664834,2.5122365081032494,-0.022564834910059894,-2.205183527156012,-0.30594448123805884,-2.3036516745287448,0.26081481141793916,-2.10671537978328,0.0,2.9556073684147837,0,
2026-09-08T07:01:11.652+00:00,1011.0333333333333,11.033333333333305,tick,WAYPOINT_DRIVE_SETTLE,STOP,-0.10901234341179102,0.6759621280882995,-9.161206468201389,-0.2172770378570077,1.3472882455131199,3.097522238704187e-14,4.679999999999803,-169.99999999999903,0.7451158382406092,0.575,3.2556073684147835,19.16120646820235,0.7451158382406092,3.9356073684147836,4.0055215603860805,-0.40514812527664834,2.5122365081032494,-0.022564834910059894,-2.205183527156012,-0.30594448123805884,-2.3036516745287448,0.26081481141793916,-2.10671537978328,0.0,2.9556073684147837,0,
2026-09-08T07:01:11.685+00:00,1011.0666666666666,11.066666666666638,tick,WAYPOINT_DRIVE_SETTLE,STOP,-0.10901234341179102,0.6759621280882995,-9.161206468201389,-0.2172770378570077,1.3472882455131199,3.097522238704187e-14,4.679999999999803,-169.99999999999903,0.7451158382406092,0.575,3.2556073684147835,19.16120646820235,0.7451158382406092,3.9356073684147836,4.0055215603860805,-0.40514812527664834,2.5122365081032494,-0.022564834910059894,-2.205183527156012,-0.30594448123805884,-2.3036516745287448,0.26081481141793916,-2.10671537978328,0.0,2.9556073684147837,0,
2026-09-08T07:01:11.718+00:00,1011.1,11.099999999999971,tick,WAYPOINT_DRIVE_SETTLE,STOP,-0.10901234341179102,0.6759621280882995,-9.161206468201389,-0.2172770378570077,1.3472882455131199,3.097522238704187e-14,4.679999999999803,-169.99999999999903,0.7451158382406092,0.575,3.2556073684147835,19.16120646820235,0.7451158382406092,3.9356073684147836,4.0055215603860805,-0.40514812527664834,2.5122365081032494,-0.022564834910059894,-2.205183527156012,-0.30594448123805884,-2.3036516745287448,0.26081481141793916,-2.10671537978328,0.0,2.9556073684147837,0,
2026-09-08T07:01:11.752+00:00,1011.1333333333333,11.133333333333304,tick,WAYPOINT_DRIVE_SETTLE,STOP,-0.10901234341179102,0.6759621280882995,-9.161206468201389,-0.2172770378570077,1.3472882455131199,3.097522238704187e-14,4.679999999999803,-169.99999999999903,0.7451158382406092,0.575,3.2556073684147835,19.16120646820235,0.7451158382406092,3.9356073684147836,4.0055215603860805,-0.40514812527664834,2.5122365081032494,-0.022564834910059894,-2.205183527156012,-0.30594448123805884,-2.3036516745287448,0.26081481141793916,-2.10671537978328,0.0,2.9556073684147837,0,
2026-09-08T07:01:11.785+00:00,1011.1666666666666,11.166666666666638,tick,WAYPOINT_DRIVE_SETTLE,STOP,-0.10901234341179102,0.6759621280882995,-9.161206468201389,-0.2172770378570077,1.3472882455131199,3.097522238704187e-14,4.679999999999803,-169.99999999999903,0.7451158382406092,0.575,3.2556073684147835,19.16120646820235,0.7451158382406092,3.9356073684147836,4.0055215603860805,-0.40514812527664834,2.5122365081032494,-0.022564834910059894,-2.205183527156012,-0.30594448123805884,-2.3036516745287448,0.26081481141793916,-2.10671537978328,0.0,2.9556073684147837,0,
2026-09-08T07:01:11.818+00:00,1011.1999999999999,11.19999999999997,tick,WAYPOINT_DRIVE_SETTLE,STOP,-0.10901234341179102,0.6759621280882995,-9.161206468201389,-0.2172770378570077,1.3472882455131199,3.097522238704187e-14,4.679999999999803,-169.99999999999903,0.7451158382406092,0.575,3.2556073684147835,19.16120646820235,0.7451158382406092,3.9356073684147836,4.0055215603860805,-0.40514812527664834,2.5122365081032494,-0.022564834910059894,-2.205183527156012,-0.30594448123805884,-2.3036516745287448,0.26081481141793916,-2.10671537978328,0.0,2.9556073684147837,0,
2026-09-08T07:01:11.852+00:00,1011.2333333333333,11.233333333333304,tick,WAYPOINT_DRIVE_SETTLE,STOP,-0.10901234341179102,0.6759621280882995,-9.161206468201389,-0.2172770378570077,1.3472882455131199,3.097522238704187e-14,4.679999999999803,-169.99999999999903,0.7451158382406092,0.575,3.2556073684147835,19.16120646820235,0.7451158382406092,3.9356073684147836,4.0055215603860805,-0.40514812527664834,2.5122365081032494,-0.022564834910059894,-2.205183527156012,-0.30594448123805884,-2.3036516745287448,0.26081481141793916,-2.10671537978328,0.0,2.9556073684147837,0,
2026-09-08T07:01:11.885+00:00,1011.2666666666667,11.266666666666637,tick,WAYPOINT_DRIVE_SETTLE,STOP,-0.10901234341179102,0.6759621280882995,-9.161206468201389,-0.2172770378570077,1.3472882455131199,3.097522238704187e-14,4.679999999999803,-169.99999999999903,0.7451158382406092,0.575,3.2556073684147835,19.16120646820235,0.7451158382406092,3.9356073684147836,4.0055215603860805,-0.40514812527664834,2.5122365081032494,-0.022564834910059894,-2.205183527156012,-0.30594448123805884,-2.3036516745287448,0.26081481141793916,-2.10671537978328,0.0,2.9556073684147837,0,
2026-09-08T07:01:11.918+00:00,1011.3,11.29999999999997,tick,WAYPOINT_DRIVE_SETTLE,STOP,-0.10901234341179102,0.6759621280882995,-9.161206468201389,-0.2172770378570077,1.3472882455131199,3.097522238704187e-14,4.679999999999803,-169.99999999999903,0.7451158382406092,0.575,3.2556073684147835,19.16120646820235,0.7451158382406092,3.9356073684147836,4.0055215603860805,-0.40514812527664834,2.5122365081032494,-0.022564834910059894,-2.205183527156012,-0.30594448123805884,-2.3036516745287448,0.26081481141793916,-2.10671537978328,0.0,2.9556073684147837,0,
2026-09-08T07:01:11.952+00:00,1011.3333333333333,11.333333333333304,tick,WAYPOINT_DRIVE_SETTLE,STOP,-0.10901234341179102,0.6759621280882995,-9.161206468201389,-0.2172770378570077,1.3472882455131199,3.097522238704187e-14,4.679999999999803,-169.99999999999903,0.7451158382406092,0.575,3.2556073684147835,19.16120646820235,0.7451158382406092,3.9356073684147836,4.0055215603860805,-0.40514812527664834,2.5122365081032494,-0.022564834910059894,-2.205183527156012,-0.30594448123805884,-2.3036516745287448,0.26081481141793916,-2.10671537978328,0.0,2.9556073684147837,0,
2026-09-08T07:01:11.985+00:00,1011.3666666666667,11.366666666666637,tick,WAYPOINT_DRIVE_SETTLE,STOP,-0.10901234341179102,0.6759621280882995,-9.161206468201389,-0.2172770378570077,1.3472882455131199,3.097522238704187e-14,4.679999999999803,-169.99999999999903,0.7451158382406092,0.575,3.2556073684147835,19.16120646820235,0.7451158382406092,3.9356073684147836,4.0055215603860805,-0.40514812527664834,2.5122365081032494,-0.022564834910059894,-2.205183527156012,-0.30594448123805884,-2.3036516745287448,0.26081481141793916,-2.10671537978328,0.0,2.9556073684147837,0,
2026-09-08T07:01:12.018+00:00,1011.4,11.39999999999997,tick,WAYPOINT_DRIVE_SETTLE,STOP,-0.10901234341179102,0.6759621280882995,-9.161206468201389,-0.2172770378570077,1.3472882455131199,3.097522238704187e-14,4.679999999999803,-169.99999999999903,0.7451158382406092,0.575,3.2556073684147835,19.16120646820235,0.7451158382406092,3.9356073684147836,4.0055215603860805,-0.40514812527664834,2.5122365081032494,-0.022564834910059894,-2.205183527156012,-0.30594448123805884,-2.3036516745287448,0.26081481141793916,-2.10671537978328,0.0,2.9556073684147837,0,
2026-09-08T07:01:12.052+00:00,1011.4333333333333,11.433333333333303,tick,WAYPOINT_DRIVE_SETTLE,STOP,-0.10901234341179102,0.6759621280882995,-9.161206468201389,-0.2172770378570077,1.3472882455131199,3.097522238704187e-14,4.679999999999803,-169.99999999999903,0.7451158382406092,0.575,3.2556073684147835,19.16120646820235,0.7451158382406092,3.9356073684147836,4.0055215603860805,-0.40514812527664834,2.5122365081032494,-0.022564834910059894,-2.205183527156012,-0.30594448123805884,-2.3036516745287448,0.26081481141793916,-2.10671537978328,0.0,2.9556073684147837,0,
2026-09-08T07:01:12.085+00:00,1011.4666666666666,11.466666666666637,tick,WAYPOINT_DRIVE_SETTLE,STOP,-0.10901234341179102,0.6759621280882995,-9.161206468201389,-0.2172770378570077,1.3472882455131199,3.097522238704187e-14,4.679999999999803,-169.99999999999903,0.7451158382406092,0.575,3.2556073684147835,19.16120646820235,0.7451158382406092,3.9356073684147836,4.0055215603860805,-0.40514812527664834,2.5122365081032494,-0.022564834910059894,-2.205183527156012,-0.30594448123805884,-2.3036516745287448,0.26081481141793916,-2.10671537978328,0.0,2.9556073684147837,0,
2026-09-08T07:01:12.118+00:00,1011.5,11.49999999999997,tick,WAYPOINT_DRIVE_SETTLE,STOP,-0.10901234341179102,0.6759621280882995,-9.161206468201389,-0.2172770378570077,1.3472882455131199,3.097522238704187e-14,4.679999999999803,-169.99999999999903,0.7451158382406092,0.575,3.2556073684147835,19.16120646820235,0.7451158382406092,3.9356073684147836,4.0055215603860805,-0.40514812527664834,2.5122365081032494,-0.022564834910059894,-2.205183527156012,-0.30594448123805884,-2.3036516745287448,0.26081481141793916,-2.10671537978328,0.0,2.9556073684147837,0,
2026-09-08T07:01:12.152+00:00,1011.5333333333333,11.533333333333303,tick,WAYPOINT_DRIVE_SETTLE,STOP,-0.10901234341179102,0.6759621280882995,-9.161206468201389,-0.2172770378570077,1.3472882455131199,3.097522238704187e-14,4.679999999999803,-169.99999999999903,0.7451158382406092,0.575,3.2556073684147835,19.16120646820235,0.7451158382406092,3.9356073684147836,4.0055215603860805,-0.40514812527664834,2.5122365081032494,-0.022564834910059894,-2.205183527156012,-0.30594448123805884,-2.3036516745287448,0.26081481141793916,-2.10671537978328,0.0,2.9556073684147837,0,
2026-09-08T07:01:12.185+00:00,1011.5666666666666,11.566666666666636,tick,WAYPOINT_DRIVE_SETTLE,STOP,-0.10901234341179102,0.6759621280882995,-9.161206468201389,-0.2172770378570077,1.3472882455131199,3.097522238704187e-14,4.679999999999803,-169.99999999999903,0.7451158382406092,0.575,3.2556073684147835,19.16120646820235,0.7451158382406092,3.9356073684147836,4.0055215603860805,-0.40514812527664834,2.5122365081032494,-0.022564834910059894,-2.205183527156012,-0.30594448123805884,-2.3036516745287448,0.26081481141793916,-2.10671537978328,0.0,2.9556073684147837,0,
2026-09-08T07:01:12.218+00:00,1011.6,11.59999999999997,tick,WAYPOINT_DRIVE_SETTLE,STOP,-0.10901234341179102,0.6759621280882995,-9.161206468201389,-0.2172770378570077,1.3472882455131199,3.097522238704187e-14,4.679999999999803,-169.99999999999903,0.7451158382406092,0.575,3.2556073684147835,19.16120646820235,0.7451158382406092,3.9356073684147836,4.0055215603860805,-0.40514812527664834,2.5122365081032494,-0.022564834910059894,-2.205183527156012,-0.30594448123805884,-2.3036516745287448,0.26081481141793916,-2.10671537978328,0.0,2.9556073684147837,0,
2026-09-08T07:01:12.252+00:00,1011.6333333333333,11.633333333333303,tick,WAYPOINT_DRIVE_SETTLE,STOP,-0.10901234341179102,0.6759621280882995,-9.161206468201389,-0.2172770378570077,1.3472882455131199,3.097522238704187e-14,4.679999999999803,-169.99999999999903,0.7451158382406092,0.575,3.2556073684147835,19.16120646820235,0.7451158382406092,3.9356073684147836,4.0055215603860805,-0.40514812527664834,2.5122365081032494,-0.022564834910059894,-2.205183527156012,-0.30594448123805884,-2.3036516745287448,0.26081481141793916,-2.10671537978328,0.0,2.9556073684147837,0,
2026-09-08T07:01:12.285+00:00,1011.6666666666666,11.666666666666636,tick,WAYPOINT_DRIVE_SETTLE,STOP,-0.10901234341179102,0.6759621280882995,-9.161206468201389,-0.2172770378570077,1.3472882455131199,3.097522238704187e-14,4.679999999999803,-169.99999999999903,0.7451158382406092,0.575,3.2556073684147835,19.16120646820235,0.7451158382406092,3.9356073684147836,4.0055215603860805,-0.40514812527664834,2.5122365081032494,-0.022564834910059894,-2.205183527156012,-0.30594448123805884,-2.3036516745287448,0.26081481141793916,-2.10671537978328,0.0,2.9556073684147837,0,
2026-09-08T07:01:12.318+00:00,1011.6999999999999,11.699999999999969,tick,WAYPOINT_DRIVE_SETTLE,STOP,-0.10901234341179102,0.6759621280882995,-9.161206468201389,-0.2172770378570077,1.3472882455131199,3.097522238704187e-14,4.679999999999803,-169.99999999999903,0.7451158382406092,0.575,3.2556073684147835,19.16120646820235,0.7451158382406092,3.9356073684147836,4.0055215603860805,-0.40514812527664834,2.5122365081032494,-0.022564834910059894,-2.205183527156012,-0.30594448123805884,-2.3036516745287448,0.26081481141793916,-2.10671537978328,0.0,2.9556073684147837,0,
2026-09-08T07:01:12.352+00:00,1011.7333333333333,11.733333333333302,tick,WAYPOINT_DRIVE_SETTLE,STOP,-0.10901234341179102,0.6759621280882995,-9.161206468201389,-0.2172770378570077,1.3472882455131199,3.097522238704187e-14,4.679999999999803,-169.99999999999903,0.7451158382406092,0.575,3.2556073684147835,19.16120646820235,0.7451158382406092,3.9356073684147836,4.0055215603860805,-0.40514812527664834,2.5122365081032494,-0.022564834910059894,-2.205183527156012,-0.30594448123805884,-2.3036516745287448,0.26081481141793916,-2.10671537978328,0.0,2.9556073684147837,0,
2026-09-08T07:01:12.385+00:00,1011.7666666666667,11.766666666666636,tick,WAYPOINT_DRIVE_SETTLE,STOP,-0.10901234341179102,0.6759621280882995,-9.161206468201389,-0.2172770378570077,1.3472882455131199,3.097522238704187e-14,4.679999999999803,-169.99999999999903,0.7451158382406092,0.575,3.2556073684147835,19.16120646820235,0.7451158382406092,3.9356073684147836,4.0055215603860805,-0.40514812527664834,2.5122365081032494,-0.022564834910059894,-2.205183527156012,-0.30594448123805884,-2.3036516745287448,0.26081481141793916,-2.10671537978328,0.0,2.9556073684147837,0,
2026-09-08T07:01:12.418+00:00,1011.8,11.799999999999969,tick,WAYPOINT_DRIVE_SETTLE,STOP,-0.10901234341179102,0.6759621280882995,-9.161206468201389,-0.2172770378570077,1.3472882455131199,3.097522238704187e-14,4.679999999999803,-169.99999999999903,0.7451158382406092,0.575,3.2556073684147835,19.16120646820235,0.7451158382406092,3.9356073684147836,4.0055215603860805,-0.40514812527664834,2.5122365081032494,-0.022564834910059894,-2.205183527156012,-0.30594448123805884,-2.3036516745287448,0.26081481141793916,-2.10671537978328,0.0,2.9556073684147837,0,
2026-09-08T07:01:12.452+00:00,1011.8333333333333,11.833333333333302,tick,WAYPOINT_DRIVE_SETTLE,STOP,-0.10901234341179102,0.6759621280882995,-9.161206468201389,-0.2172770378570077,1.3472882455131199,3.097522238704187e-14,4.679999999999803,-169.99999999999903,0.7451158382406092,0.575,3.2556073684147835,19.16120646820235,0.7451158382406092,3.9356073684147836,4.0055215603860805,-0.40514812527664834,2.5122365081032494,-0.022564834910059894,-2.205183527156012,-0.30594448123805884,-2.3036516745287448,0.26081481141793916,-2.10671537978328,0.0,2.9556073684147837,0,
2026-09-08T07:01:12.485+00:00,1011.8666666666667,11.866666666666635,tick,WAYPOINT_DRIVE_SETTLE,STOP,-0.10901234341179102,0.6759621280882995,-9.161206468201389,-0.2172770378570077,1.3472882455131199,3.097522238704187e-14,4.679999999999803,-169.99999999999903,0.7451158382406092,0.575,3.2556073684147835,19.16120646820235,0.7451158382406092,3.9356073684147836,4.0055215603860805,-0.40514812527664834,2.5122365081032494,-0.022564834910059894,-2.205183527156012,-0.30594448123805884,-2.3036516745287448,0.26081481141793916,-2.10671537978328,0.0,2.9556073684147837,0,
2026-09-08T07:01:12.518+00:00,1011.9,11.899999999999968,tick,WAYPOINT_DRIVE_SETTLE,STOP,-0.10901234341179102,0.6759621280882995,-9.161206468201389,-0.2172770378570077,1.3472882455131199,3.097522238704187e-14,4.679999999999803,-169.99999999999903,0.7451158382406092,0.575,3.2556073684147835,19.16120646820235,0.7451158382406092,3.9356073684147836,4.0055215603860805,-0.40514812527664834,2.5122365081032494,-0.022564834910059894,-2.205183527156012,-0.30594448123805884,-2.3036516745287448,0.26081481141793916,-2.10671537978328,0.0,2.9556073684147837,0,
2026-09-08T07:01:12.552+00:00,1011.9333333333333,11.933333333333302,tick,WAYPOINT_DRIVE_SETTLE,STOP,-0.10901234341179102,0.6759621280882995,-9.161206468201389,-0.2172770378570077,1.3472882455131199,3.097522238704187e-14,4.679999999999803,-169.99999999999903,0.7451158382406092,0.575,3.2556073684147835,19.16120646820235,0.7451158382406092,3.9356073684147836,4.0055215603860805,-0.40514812527664834,2.5122365081032494,-0.022564834910059894,-2.205183527156012,-0.30594448123805884,-2.3036516745287448,0.26081481141793916,-2.10671537978328,0.0,2.9556073684147837,0,
2026-09-08T07:01:12.585+00:00,1011.9666666666666,11.966666666666635,tick,WAYPOINT_DRIVE_SETTLE,STOP,-0.10901234341179102,0.6759621280882995,-9.161206468201389,-0.2172770378570077,1.3472882455131199,3.097522238704187e-14,4.679999999999803,-169.99999999999903,0.7451158382406092,0.575,3.2556073684147835,19.16120646820235,0.7451158382406092,3.9356073684147836,4.0055215603860805,-0.40514812527664834,2.5122365081032494,-0.022564834910059894,-2.205183527156012,-0.30594448123805884,-2.3036516745287448,0.26081481141793916,-2.10671537978328,0.0,2.9556073684147837,0,
2026-09-08T07:01:12.618+00:00,1012.0,11.999999999999968,tick,WAYPOINT_DRIVE_SETTLE,STOP,-0.10901234341179102,0.6759621280882995,-9.161206468201389,-0.2172770378570077,1.3472882455131199,3.097522238704187e-14,4.679999999999803,-169.99999999999903,0.7451158382406092,0.575,3.2556073684147835,19.16120646820235,0.7451158382406092,3.9356073684147836,4.0055215603860805,-0.40514812527664834,2.5122365081032494,-0.022564834910059894,-2.205183527156012,-0.30594448123805884,-2.3036516745287448,0.26081481141793916,-2.10671537978328,0.0,2.9556073684147837,0,
2026-09-08T07:01:12.652+00:00,1012.0333333333333,12.033333333333301,tick,WAYPOINT_DRIVE_SETTLE,STOP,-0.10901234341179102,0.6759621280882995,-9.161206468201389,-0.2172770378570077,1.3472882455131199,3.097522238704187e-14,4.679999999999803,-169.99999999999903,0.7451158382406092,0.575,3.2556073684147835,19.16120646820235,0.7451158382406092,3.9356073684147836,4.0055215603860805,-0.40514812527664834,2.5122365081032494,-0.022564834910059894,-2.205183527156012,-0.30594448123805884,-2.3036516745287448,0.26081481141793916,-2.10671537978328,0.0,2.9556073684147837,0,
2026-09-08T07:01:12.685+00:00,1012.0666666666666,12.066666666666634,tick,WAYPOINT_DRIVE_SETTLE,STOP,-0.10901234341179102,0.6759621280882995,-9.161206468201389,-0.2172770378570077,1.3472882455131199,3.097522238704187e-14,4.679999999999803,-169.99999999999903,0.7451158382406092,0.575,3.2556073684147835,19.16120646820235,0.7451158382406092,3.9356073684147836,4.0055215603860805,-0.40514812527664834,2.5122365081032494,-0.022564834910059894,-2.205183527156012,-0.30594448123805884,-2.3036516745287448,0.26081481141793916,-2.10671537978328,0.0,2.9556073684147837,0,
2026-09-08T07:01:12.718+00:00,1012.1,12.099999999999968,tick,WAYPOINT_DRIVE_SETTLE,STOP,-0.10901234341179102,0.6759621280882995,-9.161206468201389,-0.2172770378570077,1.3472882455131199,3.097522238704187e-14,4.679999999999803,-169.99999999999903,0.7451158382406092,0.575,3.2556073684147835,19.16120646820235,0.7451158382406092,3.9356073684147836,4.0055215603860805,-0.40514812527664834,2.5122365081032494,-0.022564834910059894,-2.205183527156012,-0.30594448123805884,-2.3036516745287448,0.26081481141793916,-2.10671537978328,0.0,2.9556073684147837,0,
2026-09-08T07:01:12.752+00:00,1012.1333333333333,12.1333333333333,tick,WAYPOINT_DRIVE_SETTLE,STOP,-0.10901234341179102,0.6759621280882995,-9.161206468201389,-0.2172770378570077,1.3472882455131199,3.097522238704187e-14,4.679999999999803,-169.99999999999903,0.7451158382406092,0.575,3.2556073684147835,19.16120646820235,0.7451158382406092,3.9356073684147836,4.0055215603860805,-0.40514812527664834,2.5122365081032494,-0.022564834910059894,-2.205183527156012,-0.30594448123805884,-2.3036516745287448,0.26081481141793916,-2.10671537978328,0.0,2.9556073684147837,0,
2026-09-08T07:01:12.785+00:00,1012.1666666666666,12.166666666666634,tick,WAYPOINT_DRIVE_SETTLE,STOP,-0.10901234341179102,0.6759621280882995,-9.161206468201389,-0.2172770378570077,1.3472882455131199,3.097522238704187e-14,4.679999999999803,-169.99999999999903,0.7451158382406092,0.575,3.2556073684147835,19.16120646820235,0.7451158382406092,3.9356073684147836,4.0055215603860805,-0.40514812527664834,2.5122365081032494,-0.022564834910059894,-2.205183527156012,-0.30594448123805884,-2.3036516745287448,0.26081481141793916,-2.10671537978328,0.0,2.9556073684147837,0,
2026-09-08T07:01:12.818+00:00,1012.1999999999999,12.199999999999967,tick,WAYPOINT_DRIVE_SETTLE,STOP,-0.10901234341179102,0.6759621280882995,-9.161206468201389,-0.2172770378570077,1.3472882455131199,3.097522238704187e-14,4.679999999999803,-169.99999999999903,0.7451158382406092,0.575,3.2556073684147835,19.16120646820235,0.7451158382406092,3.9356073684147836,4.0055215603860805,-0.40514812527664834,2.5122365081032494,-0.022564834910059894,-2.205183527156012,-0.30594448123805884,-2.3036516745287448,0.26081481141793916,-2.10671537978328,0.0,2.9556073684147837,0,
2026-09-08T07:01:12.852+00:00,1012.2333333333333,12.2333333333333,tick,WAYPOINT_DRIVE_SETTLE,STOP,-0.10901234341179102,0.6759621280882995,-9.161206468201389,-0.2172770378570077,1.3472882455131199,3.097522238704187e-14,4.679999999999803,-169.99999999999903,0.7451158382406092,0.575,3.2556073684147835,19.16120646820235,0.7451158382406092,3.9356073684147836,4.0055215603860805,-0.40514812527664834,2.5122365081032494,-0.022564834910059894,-2.205183527156012,-0.30594448123805884,-2.3036516745287448,0.26081481141793916,-2.10671537978328,0.0,2.9556073684147837,0,
2026-09-08T07:01:12.885+00:00,1012.2666666666667,12.266666666666634,tick,WAYPOINT_DRIVE_SETTLE,STOP,-0.10901234341179102,0.6759621280882995,-9.161206468201389,-0.2172770378570077,1.3472882455131199,3.097522238704187e-14,4.679999999999803,-169.99999999999903,0.7451158382406092,0.575,3.2556073684147835,19.16120646820235,0.7451158382406092,3.9356073684147836,4.0055215603860805,-0.40514812527664834,2.5122365081032494,-0.022564834910059894,-2.205183527156012,-0.30594448123805884,-2.3036516745287448,0.26081481141793916,-2.10671537978328,0.0,2.9556073684147837,0,
2026-09-08T07:01:12.918+00:00,1012.3,12.299999999999967,tick,WAYPOINT_DRIVE_SETTLE,STOP,-0.10901234341179102,0.6759621280882995,-9.161206468201389,-0.2172770378570077,1.3472882455131199,3.097522238704187e-14,4.679999999999803,-169.99999999999903,0.7451158382406092,0.575,3.2556073684147835,19.16120646820235,0.7451158382406092,3.9356073684147836,4.0055215603860805,-0.40514812527664834,2.5122365081032494,-0.022564834910059894,-2.205183527156012,-0.30594448123805884,-2.3036516745287448,0.26081481141793916,-2.10671537978328,0.0,2.9556073684147837,0,
2026-09-08T07:01:12.952+00:00,1012.3333333333333,12.3333333333333,tick,WAYPOINT_DRIVE_SETTLE,STOP,-0.10901234341179102,0.6759621280882995,-9.161206468201389,-0.2172770378570077,1.3472882455131199,3.097522238704187e-14,4.679999999999803,-169.99999999999903,0.7451158382406092,0.575,3.2556073684147835,19.16120646820235,0.7451158382406092,3.9356073684147836,4.0055215603860805,-0.40514812527664834,2.5122365081032494,-0.022564834910059894,-2.205183527156012,-0.30594448123805884,-2.3036516745287448,0.26081481141793916,-2.10671537978328,0.0,2.9556073684147837,0,
2026-09-08T07:01:12.985+00:00,1012.3666666666667,12.366666666666633,tick,WAYPOINT_DRIVE_SETTLE,STOP,-0.10901234341179102,0.6759621280882995,-9.161206468201389,-0.2172770378570077,1.3472882455131199,3.097522238704187e-14,4.679999999999803,-169.99999999999903,0.7451158382406092,0.575,3.2556073684147835,19.16120646820235,0.7451158382406092,3.9356073684147836,4.0055215603860805,-0.40514812527664834,2.5122365081032494,-0.022564834910059894,-2.205183527156012,-0.30594448123805884,-2.3036516745287448,0.26081481141793916,-2.10671537978328,0.0,2.9556073684147837,0,
2026-09-08T07:01:13.018+00:00,1012.4,12.399999999999967,tick,WAYPOINT_DRIVE_SETTLE,STOP,-0.10901234341179102,0.6759621280882995,-9.161206468201389,-0.2172770378570077,1.3472882455131199,3.097522238704187e-14,4.679999999999803,-169.99999999999903,0.7451158382406092,0.575,3.2556073684147835,19.16120646820235,0.7451158382406092,3.9356073684147836,4.0055215603860805,-0.40514812527664834,2.5122365081032494,-0.022564834910059894,-2.205183527156012,-0.30594448123805884,-2.3036516745287448,0.26081481141793916,-2.10671537978328,0.0,2.9556073684147837,0,
2026-09-08T07:01:13.052+00:00,1012.4333333333333,12.4333333333333,tick,WAYPOINT_DRIVE_SETTLE,STOP,-0.10901234341179102,0.6759621280882995,-9.161206468201389,-0.2172770378570077,1.3472882455131199,3.097522238704187e-14,4.679999999999803,-169.99999999999903,0.7451158382406092,0.575,3.2556073684147835,19.16120646820235,0.7451158382406092,3.9356073684147836,4.0055215603860805,-0.40514812527664834,2.5122365081032494,-0.022564834910059894,-2.205183527156012,-0.30594448123805884,-2.3036516745287448,0.26081481141793916,-2.10671537978328,0.0,2.9556073684147837,0,
2026-09-08T07:01:13.085+00:00,1012.4666666666666,12.466666666666633,tick,WAYPOINT_DRIVE_SETTLE,STOP,-0.10901234341179102,0.6759621280882995,-9.161206468201389,-0.2172770378570077,1.3472882455131199,3.097522238704187e-14,4.679999999999803,-169.99999999999903,0.7451158382406092,0.575,3.2556073684147835,19.16120646820235,0.7451158382406092,3.9356073684147836,4.0055215603860805,-0.40514812527664834,2.5122365081032494,-0.022564834910059894,-2.205183527156012,-0.30594448123805884,-2.3036516745287448,0.26081481141793916,-2.10671537978328,0.0,2.9556073684147837,0,
2026-09-08T07:01:13.118+00:00,1012.5,12.499999999999966,tick,WAYPOINT_DRIVE_SETTLE,STOP,-0.10901234341179102,0.6759621280882995,-9.161206468201389,-0.2172770378570077,1.3472882455131199,3.097522238704187e-14,4.679999999999803,-169.99999999999903,0.7451158382406092,0.575,3.2556073684147835,19.16120646820235,0.7451158382406092,3.9356073684147836,4.0055215603860805,-0.40514812527664834,2.5122365081032494,-0.022564834910059894,-2.205183527156012,-0.30594448123805884,-2.3036516745287448,0.26081481141793916,-2.10671537978328,0.0,2.9556073684147837,0,
2026-09-08T07:01:13.152+00:00,1012.5333333333333,12.5333333333333,tick,WAYPOINT_DRIVE_SETTLE,STOP,-0.10901234341179102,0.6759621280882995,-9.161206468201389,-0.2172770378570077,1.3472882455131199,3.097522238704187e-14,4.679999999999803,-169.99999999999903,0.7451158382406092,0.575,3.2556073684147835,19.16120646820235,0.7451158382406092,3.9356073684147836,4.0055215603860805,-0.40514812527664834,2.5122365081032494,-0.022564834910059894,-2.205183527156012,-0.30594448123805884,-2.3036516745287448,0.26081481141793916,-2.10671537978328,0.0,2.9556073684147837,0,
2026-09-08T07:01:13.185+00:00,1012.5666666666666,12.566666666666633,tick,WAYPOINT_DRIVE_SETTLE,STOP,-0.10901234341179102,0.6759621280882995,-9.161206468201389,-0.2172770378570077,1.3472882455131199,3.097522238704187e-14,4.679999999999803,-169.99999999999903,0.7451158382406092,0.575,3.2556073684147835,19.16120646820235,0.7451158382406092,3.9356073684147836,4.0055215603860805,-0.40514812527664834,2.5122365081032494,-0.022564834910059894,-2.205183527156012,-0.30594448123805884,-2.3036516745287448,0.26081481141793916,-2.10671537978328,0.0,2.9556073684147837,0,
2026-09-08T07:01:13.218+00:00,1012.5999999999999,12.599999999999966,tick,WAYPOINT_DRIVE_SETTLE,STOP,-0.10901234341179102,0.6759621280882995,-9.161206468201389,-0.2172770378570077,1.3472882455131199,3.097522238704187e-14,4.679999999999803,-169.99999999999903,0.7451158382406092,0.575,3.2556073684147835,19.16120646820235,0.7451158382406092,3.9356073684147836,4.0055215603860805,-0.40514812527664834,2.5122365081032494,-0.022564834910059894,-2.205183527156012,-0.30594448123805884,-2.3036516745287448,0.26081481141793916,-2.10671537978328,0.0,2.9556073684147837,0,
2026-09-08T07:01:13.252+00:00,1012.6333333333333,12.633333333333299,tick,WAYPOINT_DRIVE_SETTLE,STOP,-0.10901234341179102,0.6759621280882995,-9.161206468201389,-0.2172770378570077,1.3472882455131199,3.097522238704187e-14,4.679999999999803,-169.99999999999903,0.7451158382406092,0.575,3.2556073684147835,19.16120646820235,0.7451158382406092,3.9356073684147836,4.0055215603860805,-0.40514812527664834,2.5122365081032494,-0.022564834910059894,-2.205183527156012,-0.30594448123805884,-2.3036516745287448,0.26081481141793916,-2.10671537978328,0.0,2.9556073684147837,0,
2026-09-08T07:01:13.285+00:00,1012.6666666666666,12.666666666666632,tick,WAYPOINT_DRIVE_SETTLE,STOP,-0.10901234341179102,0.6759621280882995,-9.161206468201389,-0.2172770378570077,1.3472882455131199,3.097522238704187e-14,4.679999999999803,-169.99999999999903,0.7451158382406092,0.575,3.2556073684147835,19.16120646820235,0.7451158382406092,3.9356073684147836,4.0055215603860805,-0.40514812527664834,2.5122365081032494,-0.022564834910059894,-2.205183527156012,-0.30594448123805884,-2.3036516745287448,0.26081481141793916,-2.10671537978328,0.0,2.9556073684147837,0,
2026-09-08T07:01:13.318+00:00,1012.6999999999999,12.699999999999966,tick,WAYPOINT_DRIVE_SETTLE,STOP,-0.10901234341179102,0.6759621280882995,-9.161206468201389,-0.2172770378570077,1.3472882455131199,3.097522238704187e-14,4.679999999999803,-169.99999999999903,0.7451158382406092,0.575,3.2556073684147835,19.16120646820235,0.7451158382406092,3.9356073684147836,4.0055215603860805,-0.40514812527664834,2.5122365081032494,-0.022564834910059894,-2.205183527156012,-0.30594448123805884,-2.3036516745287448,0.26081481141793916,-2.10671537978328,0.0,2.9556073684147837,0,
2026-09-08T07:01:13.352+00:00,1012.7333333333333,12.733333333333299,tick,WAYPOINT_DRIVE_SETTLE,STOP,-0.10901234341179102,0.6759621280882995,-9.161206468201389,-0.2172770378570077,1.3472882455131199,3.097522238704187e-14,4.679999999999803,-169.99999999999903,0.7451158382406092,0.575,3.2556073684147835,19.16120646820235,0.7451158382406092,3.9356073684147836,4.0055215603860805,-0.40514812527664834,2.5122365081032494,-0.022564834910059894,-2.205183527156012,-0.30594448123805884,-2.3036516745287448,0.26081481141793916,-2.10671537978328,0.0,2.9556073684147837,0,
2026-09-08T07:01:13.385+00:00,1012.7666666666667,12.766666666666632,tick,WAYPOINT_DRIVE_SETTLE,STOP,-0.10901234341179102,0.6759621280882995,-9.161206468201389,-0.2172770378570077,1.3472882455131199,3.097522238704187e-14,4.679999999999803,-169.99999999999903,0.7451158382406092,0.575,3.2556073684147835,19.16120646820235,0.7451158382406092,3.9356073684147836,4.0055215603860805,-0.40514812527664834,2.5122365081032494,-0.022564834910059894,-2.205183527156012,-0.30594448123805884,-2.3036516745287448,0.26081481141793916,-2.10671537978328,0.0,2.9556073684147837,0,
2026-09-08T07:01:13.418+00:00,1012.8,12.799999999999965,tick,WAYPOINT_DRIVE_SETTLE,STOP,-0.10901234341179102,0.6759621280882995,-9.161206468201389,-0.2172770378570077,1.3472882455131199,3.097522238704187e-14,4.679999999999803,-169.99999999999903,0.7451158382406092,0.575,3.2556073684147835,19.16120646820235,0.7451158382406092,3.9356073684147836,4.0055215603860805,-0.40514812527664834,2.5122365081032494,-0.022564834910059894,-2.205183527156012,-0.30594448123805884,-2.3036516745287448,0.26081481141793916,-2.10671537978328,0.0,2.9556073684147837,0,
2026-09-08T07:01:13.452+00:00,1012.8333333333333,12.833333333333298,tick,WAYPOINT_DRIVE_SETTLE,STOP,-0.10901234341179102,0.6759621280882995,-9.161206468201389,-0.2172770378570077,1.3472882455131199,3.097522238704187e-14,4.679999999999803,-169.99999999999903,0.7451158382406092,0.575,3.2556073684147835,19.16120646820235,0.7451158382406092,3.9356073684147836,4.0055215603860805,-0.40514812527664834,2.5122365081032494,-0.022564834910059894,-2.205183527156012,-0.30594448123805884,-2.3036516745287448,0.26081481141793916,-2.10671537978328,0.0,2.9556073684147837,0,
2026-09-08T07:01:13.485+00:00,1012.8666666666667,12.866666666666632,tick,WAYPOINT_DRIVE_SETTLE,STOP,-0.10901234341179102,0.6759621280882995,-9.161206468201389,-0.2172770378570077,1.3472882455131199,3.097522238704187e-14,4.679999999999803,-169.99999999999903,0.7451158382406092,0.575,3.2556073684147835,19.16120646820235,0.7451158382406092,3.9356073684147836,4.0055215603860805,-0.40514812527664834,2.5122365081032494,-0.022564834910059894,-2.205183527156012,-0.30594448123805884,-2.3036516745287448,0.26081481141793916,-2.10671537978328,0.0,2.9556073684147837,0,
2026-09-08T07:01:13.518+00:00,1012.9,12.899999999999965,tick,WAYPOINT_DRIVE_SETTLE,STOP,-0.10901234341179102,0.6759621280882995,-9.161206468201389,-0.2172770378570077,1.3472882455131199,3.097522238704187e-14,4.679999999999803,-169.99999999999903,0.7451158382406092,0.575,3.2556073684147835,19.16120646820235,0.7451158382406092,3.9356073684147836,4.0055215603860805,-0.40514812527664834,2.5122365081032494,-0.022564834910059894,-2.205183527156012,-0.30594448123805884,-2.3036516745287448,0.26081481141793916,-2.10671537978328,0.0,2.9556073684147837,0,
2026-09-08T07:01:13.552+00:00,1012.9333333333333,12.933333333333298,tick,WAYPOINT_DRIVE_SETTLE,STOP,-0.10901234341179102,0.6759621280882995,-9.161206468201389,-0.2172770378570077,1.3472882455131199,3.097522238704187e-14,4.679999999999803,-169.99999999999903,0.7451158382406092,0.575,3.2556073684147835,19.16120646820235,0.7451158382406092,3.9356073684147836,4.0055215603860805,-0.40514812527664834,2.5122365081032494,-0.022564834910059894,-2.205183527156012,-0.30594448123805884,-2.3036516745287448,0.26081481141793916,-2.10671537978328,0.0,2.9556073684147837,0,
2026-09-08T07:01:13.585+00:00,1012.9666666666666,12.966666666666631,tick,WAYPOINT_DRIVE_SETTLE,STOP,-0.10901234341179102,0.6759621280882995,-9.161206468201389,-0.2172770378570077,1.3472882455131199,3.097522238704187e-14,4.679999999999803,-169.99999999999903,0.7451158382406092,0.575,3.2556073684147835,19.16120646820235,0.7451158382406092,3.9356073684147836,4.0055215603860805,-0.40514812527664834,2.5122365081032494,-0.022564834910059894,-2.205183527156012,-0.30594448123805884,-2.3036516745287448,0.26081481141793916,-2.10671537978328,0.0,2.9556073684147837,0,
2026-09-08T07:01:13.618+00:00,1013.0,12.999999999999964,tick,WAYPOINT_DRIVE_SETTLE,STOP,-0.10901234341179102,0.6759621280882995,-9.161206468201389,-0.2172770378570077,1.3472882455131199,3.097522238704187e-14,4.679999999999803,-169.99999999999903,0.7451158382406092,0.575,3.2556073684147835,19.16120646820235,0.7451158382406092,3.9356073684147836,4.0055215603860805,-0.40514812527664834,2.5122365081032494,-0.022564834910059894,-2.205183527156012,-0.30594448123805884,-2.3036516745287448,0.26081481141793916,-2.10671537978328,0.0,2.9556073684147837,0,
2026-09-08T07:01:13.652+00:00,1013.0333333333333,13.033333333333298,tick,WAYPOINT_DRIVE_SETTLE,STOP,-0.10901234341179102,0.6759621280882995,-9.161206468201389,-0.2172770378570077,1.3472882455131199,3.097522238704187e-14,4.679999999999803,-169.99999999999903,0.7451158382406092,0.575,3.2556073684147835,19.16120646820235,0.7451158382406092,3.9356073684147836,4.0055215603860805,-0.40514812527664834,2.5122365081032494,-0.022564834910059894,-2.205183527156012,-0.30594448123805884,-2.3036516745287448,0.26081481141793916,-2.10671537978328,0.0,2.9556073684147837,0,
2026-09-08T07:01:13.685+00:00,1013.0666666666666,13.066666666666631,tick,WAYPOINT_DRIVE_SETTLE,STOP,-0.10901234341179102,0.6759621280882995,-9.161206468201389,-0.2172770378570077,1.3472882455131199,3.097522238704187e-14,4.679999999999803,-169.99999999999903,0.7451158382406092,0.575,3.2556073684147835,19.16120646820235,0.7451158382406092,3.9356073684147836,4.0055215603860805,-0.40514812527664834,2.5122365081032494,-0.022564834910059894,-2.205183527156012,-0.30594448123805884,-2.3036516745287448,0.26081481141793916,-2.10671537978328,0.0,2.9556073684147837,0,
2026-09-08T07:01:13.718+00:00,1013.0999999999999,13.099999999999964,tick,WAYPOINT_DRIVE_SETTLE,STOP,-0.10901234341179102,0.6759621280882995,-9.161206468201389,-0.2172770378570077,1.3472882455131199,3.097522238704187e-14,4.679999999999803,-169.99999999999903,0.7451158382406092,0.575,3.2556073684147835,19.16120646820235,0.7451158382406092,3.9356073684147836,4.0055215603860805,-0.40514812527664834,2.5122365081032494,-0.022564834910059894,-2.205183527156012,-0.30594448123805884,-2.3036516745287448,0.26081481141793916,-2.10671537978328,0.0,2.9556073684147837,0,
2026-09-08T07:01:13.752+00:00,1013.1333333333333,13.133333333333297,tick,WAYPOINT_DRIVE_SETTLE,STOP,-0.10901234341179102,0.6759621280882995,-9.161206468201389,-0.2172770378570077,1.3472882455131199,3.097522238704187e-14,4.679999999999803,-169.99999999999903,0.7451158382406092,0.575,3.2556073684147835,19.16120646820235,0.7451158382406092,3.9356073684147836,4.0055215603860805,-0.40514812527664834,2.5122365081032494,-0.022564834910059894,-2.205183527156012,-0.30594448123805884,-2.3036516745287448,0.26081481141793916,-2.10671537978328,0.0,2.9556073684147837,0,
2026-09-08T07:01:13.785+00:00,1013.1666666666666,13.16666666666663,tick,WAYPOINT_DRIVE_SETTLE,STOP,-0.10901234341179102,0.6759621280882995,-9.161206468201389,-0.2172770378570077,1.3472882455131199,3.097522238704187e-14,4.679999999999803,-169.99999999999903,0.7451158382406092,0.575,3.2556073684147835,19.16120646820235,0.7451158382406092,3.9356073684147836,4.0055215603860805,-0.40514812527664834,2.5122365081032494,-0.022564834910059894,-2.205183527156012,-0.30594448123805884,-2.3036516745287448,0.26081481141793916,-2.10671537978328,0.0,2.9556073684147837,0,
2026-09-08T07:01:13.818+00:00,1013.1999999999999,13.199999999999964,tick,WAYPOINT_DRIVE_SETTLE,STOP,-0.10901234341179102,0.6759621280882995,-9.161206468201389,-0.2172770378570077,1.3472882455131199,3.097522238704187e-14,4.679999999999803,-169.99999999999903,0.7451158382406092,0.575,3.2556073684147835,19.16120646820235,0.7451158382406092,3.9356073684147836,4.0055215603860805,-0.40514812527664834,2.5122365081032494,-0.022564834910059894,-2.205183527156012,-0.30594448123805884,-2.3036516745287448,0.26081481141793916,-2.10671537978328,0.0,2.9556073684147837,0,
2026-09-08T07:01:13.852+00:00,1013.2333333333333,13.233333333333297,tick,WAYPOINT_DRIVE_SETTLE,STOP,-0.10901234341179102,0.6759621280882995,-9.161206468201389,-0.2172770378570077,1.3472882455131199,3.097522238704187e-14,4.679999999999803,-169.99999999999903,0.7451158382406092,0.575,3.2556073684147835,19.16120646820235,0.7451158382406092,3.9356073684147836,4.0055215603860805,-0.40514812527664834,2.5122365081032494,-0.022564834910059894,-2.205183527156012,-0.30594448123805884,-2.3036516745287448,0.26081481141793916,-2.10671537978328,0.0,2.9556073684147837,0,
2026-09-08T07:01:13.885+00:00,1013.2666666666667,13.26666666666663,tick,WAYPOINT_DRIVE_SETTLE,STOP,-0.10901234341179102,0.6759621280882995,-9.161206468201389,-0.2172770378570077,1.3472882455131199,3.097522238704187e-14,4.679999999999803,-169.99999999999903,0.7451158382406092,0.575,3.2556073684147835,19.16120646820235,0.7451158382406092,3.9356073684147836,4.0055215603860805,-0.40514812527664834,2.5122365081032494,-0.022564834910059894,-2.205183527156012,-0.30594448123805884,-2.3036516745287448,0.26081481141793916,-2.10671537978328,0.0,2.9556073684147837,0,
2026-09-08T07:01:13.918+00:00,1013.3,13.299999999999963,tick,WAYPOINT_DRIVE_SETTLE,STOP,-0.10901234341179102,0.6759621280882995,-9.161206468201389,-0.2172770378570077,1.3472882455131199,3.097522238704187e-14,4.679999999999803,-169.99999999999903,0.7451158382406092,0.575,3.2556073684147835,19.16120646820235,0.7451158382406092,3.9356073684147836,4.0055215603860805,-0.40514812527664834,2.5122365081032494,-0.022564834910059894,-2.205183527156012,-0.30594448123805884,-2.3036516745287448,0.26081481141793916,-2.10671537978328,0.0,2.9556073684147837,0,
2026-09-08T07:01:13.952+00:00,1013.3333333333333,13.333333333333297,tick,STAGING_PLAN,STOP,-0.10901234341179102,0.6759621280882995,-9.161206468201389,-0.2172770378570077,1.3472882455131199,3.097522238704187e-14,4.679999999999803,-169.99999999999903,0.7451158382406092,0.575,3.2556073684147835,19.16120646820235,0.7451158382406092,3.9356073684147836,4.0055215603860805,-0.40514812527664834,2.5122365081032494,-0.022564834910059894,-2.205183527156012,-0.30594448123805884,-2.3036516745287448,0.26081481141793916,-2.10671537978328,0.0,2.9556073684147837,0,
2026-09-08T07:01:13.985+00:00,1013.3666666666667,13.36666666666663,tick,WAYPOINT_TURN,ROT_RIGHT,-0.10901234341179102,0.6759621280882995,-9.161206468201389,-0.2172770378570077,1.3472882455131199,3.097522238704187e-14,4.679999999999803,-169.99999999999903,0.7451158382406092,0.575,3.2556073684147835,19.16120646820235,0.7451158382406092,3.9356073684147836,4.0055215603860805,-0.40514812527664834,2.5122365081032494,-0.022564834910059894,-2.205183527156012,-0.30594448123805884,-2.3036516745287448,0.26081481141793916,-2.10671537978328,0.0,2.9556073684147837,0,
2026-09-08T07:01:14.018+00:00,1013.4,13.399999999999963,tick,WAYPOINT_TURN,ROT_RIGHT,-0.10901234341179102,0.6759621280882995,-9.161206468201389,-0.2172770378570077,1.3472882455131199,3.097522238704187e-14,4.679999999999803,-169.99999999999903,0.7451158382406092,0.575,3.2556073684147835,19.16120646820235,0.7451158382406092,3.9356073684147836,4.0055215603860805,-0.40514812527664834,2.5122365081032494,-0.022564834910059894,-2.205183527156012,-0.30594448123805884,-2.3036516745287448,0.26081481141793916,-2.10671537978328,0.0,2.9556073684147837,0,
2026-09-08T07:01:14.052+00:00,1013.4333333333333,13.433333333333296,tick,WAYPOINT_TURN,ROT_RIGHT,-0.10901234341179102,0.6759621280882995,-9.161206468201389,-0.2172770378570077,1.3472882455131199,3.097522238704187e-14,4.679999999999803,-169.99999999999903,0.7451158382406092,0.575,3.2556073684147835,19.16120646820235,0.7451158382406092,3.9356073684147836,4.0055215603860805,-0.40514812527664834,2.5122365081032494,-0.022564834910059894,-2.205183527156012,-0.30594448123805884,-2.3036516745287448,0.26081481141793916,-2.10671537978328,0.0,2.9556073684147837,0,
2026-09-08T07:01:14.085+00:00,1013.4666666666666,13.46666666666663,tick,WAYPOINT_TURN,ROT_RIGHT,-0.10901234341179102,0.6759621280882995,-9.161206468201389,-0.2172770378570077,1.3472882455131199,3.097522238704187e-14,4.679999999999803,-169.99999999999903,0.7451158382406092,0.575,3.2556073684147835,19.16120646820235,0.7451158382406092,3.9356073684147836,4.0055215603860805,-0.40514812527664834,2.5122365081032494,-0.022564834910059894,-2.205183527156012,-0.30594448123805884,-2.3036516745287448,0.26081481141793916,-2.10671537978328,0.0,2.9556073684147837,0,
2026-09-08T07:01:14.118+00:00,1013.5,13.499999999999963,tick,WAYPOINT_TURN,ROT_RIGHT,-0.10901234341179102,0.6759621280882995,-9.161206468201389,-0.2172770378570077,1.3472882455131199,3.097522238704187e-14,4.679999999999803,-169.99999999999903,0.7451158382406092,0.575,3.2556073684147835,19.16120646820235,0.7451158382406092,3.9356073684147836,4.0055215603860805,-0.40514812527664834,2.5122365081032494,-0.022564834910059894,-2.205183527156012,-0.30594448123805884,-2.3036516745287448,0.26081481141793916,-2.10671537978328,0.0,2.9556073684147837,0,
2026-09-08T07:01:14.152+00:00,1013.5333333333333,13.533333333333296,tick,WAYPOINT_TURN,ROT_RIGHT,-0.10901234341179102,0.6759621280882995,-9.161206468201389,-0.2172770378570077,1.3472882455131199,3.097522238704187e-14,4.679999999999803,-169.99999999999903,0.7451158382406092,0.575,3.2556073684147835,19.16120646820235,0.7451158382406092,3.9356073684147836,4.0055215603860805,-0.40514812527664834,2.5122365081032494,-0.022564834910059894,-2.205183527156012,-0.30594448123805884,-2.3036516745287448,0.26081481141793916,-2.10671537978328,0.0,2.9556073684147837,0,
2026-09-08T07:01:14.185+00:00,1013.5666666666666,13.56666666666663,tick,WAYPOINT_TURN,ROT_RIGHT,-0.10901234341179102,0.6759621280882995,-9.161206468201389,-0.2172770378570077,1.3472882455131199,3.097522238704187e-14,4.679999999999803,-169.99999999999903,0.7451158382406092,0.575,3.2556073684147835,19.16120646820235,0.7451158382406092,3.9356073684147836,4.0055215603860805,-0.40514812527664834,2.5122365081032494,-0.022564834910059894,-2.205183527156012,-0.30594448123805884,-2.3036516745287448,0.26081481141793916,-2.10671537978328,0.0,2.9556073684147837,0,
2026-09-08T07:01:14.218+00:00,1013.5999999999999,13.599999999999962,tick,WAYPOINT_TURN,ROT_RIGHT,-0.10901234341179102,0.6759621280882995,-9.161206468201389,-0.2172770378570077,1.3472882455131199,3.097522238704187e-14,4.679999999999803,-169.99999999999903,0.7451158382406092,0.575,3.2556073684147835,19.16120646820235,0.7451158382406092,3.9356073684147836,4.0055215603860805,-0.40514812527664834,2.5122365081032494,-0.022564834910059894,-2.205183527156012,-0.30594448123805884,-2.3036516745287448,0.26081481141793916,-2.10671537978328,0.0,2.9556073684147837,0,
2026-09-08T07:01:14.252+00:00,1013.6333333333333,13.633333333333296,tick,WAYPOINT_TURN,ROT_RIGHT,-0.10901234341179102,0.6759621280882995,-9.161206468201389,-0.2172770378570077,1.3472882455131199,3.097522238704187e-14,4.679999999999803,-169.99999999999903,0.7451158382406092,0.575,3.2556073684147835,19.16120646820235,0.7451158382406092,3.9356073684147836,4.0055215603860805,-0.40514812527664834,2.5122365081032494,-0.022564834910059894,-2.205183527156012,-0.30594448123805884,-2.3036516745287448,0.26081481141793916,-2.10671537978328,0.0,2.9556073684147837,0,
2026-09-08T07:01:14.285+00:00,1013.6666666666666,13.666666666666629,tick,WAYPOINT_TURN,ROT_RIGHT,-0.10901234341179102,0.6759621280882995,-9.161206468201389,-0.2172770378570077,1.3472882455131199,3.097522238704187e-14,4.679999999999803,-169.99999999999903,0.7451158382406092,0.575,3.2556073684147835,19.16120646820235,0.7451158382406092,3.9356073684147836,4.0055215603860805,-0.40514812527664834,2.5122365081032494,-0.022564834910059894,-2.205183527156012,-0.30594448123805884,-2.3036516745287448,0.26081481141793916,-2.10671537978328,0.0,2.9556073684147837,0,
2026-09-08T07:01:14.318+00:00,1013.6999999999999,13.699999999999962,tick,WAYPOINT_TURN,ROT_RIGHT,-0.10901234341179102,0.6759621280882995,-9.161206468201389,-0.2172770378570077,1.3472882455131199,3.097522238704187e-14,4.679999999999803,-169.99999999999903,0.7451158382406092,0.575,3.2556073684147835,19.16120646820235,0.7451158382406092,3.9356073684147836,4.0055215603860805,-0.40514812527664834,2.5122365081032494,-0.022564834910059894,-2.205183527156012,-0.30594448123805884,-2.3036516745287448,0.26081481141793916,-2.10671537978328,0.0,2.9556073684147837,0,
2026-09-08T07:01:14.352+00:00,1013.7333333333333,13.733333333333295,tick,WAYPOINT_TURN,ROT_RIGHT,-0.10901234341179102,0.6759621280882995,-9.161206468201389,-0.2172770378570077,1.3472882455131199,3.097522238704187e-14,4.679999999999803,-169.99999999999903,0.7451158382406092,0.575,3.2556073684147835,19.16120646820235,0.7451158382406092,3.9356073684147836,4.0055215603860805,-0.40514812527664834,2.5122365081032494,-0.022564834910059894,-2.205183527156012,-0.30594448123805884,-2.3036516745287448,0.26081481141793916,-2.10671537978328,0.0,2.9556073684147837,0,
2026-09-08T07:01:14.385+00:00,1013.7666666666667,13.766666666666628,tick,WAYPOINT_TURN,ROT_RIGHT,-0.10901234341179102,0.6759621280882995,-9.161206468201389,-0.2172770378570077,1.3472882455131199,3.097522238704187e-14,4.679999999999803,-169.99999999999903,0.7451158382406092,0.575,3.2556073684147835,19.16120646820235,0.7451158382406092,3.9356073684147836,4.0055215603860805,-0.40514812527664834,2.5122365081032494,-0.022564834910059894,-2.205183527156012,-0.30594448123805884,-2.3036516745287448,0.26081481141793916,-2.10671537978328,0.0,2.9556073684147837,0,
2026-09-08T07:01:14.418+00:00,1013.8,13.799999999999962,tick,WAYPOINT_TURN,ROT_RIGHT,-0.10901234341179102,0.6759621280882995,-9.161206468201389,-0.2172770378570077,1.3472882455131199,3.097522238704187e-14,4.679999999999803,-169.99999999999903,0.7451158382406092,0.575,3.2556073684147835,19.16120646820235,0.7451158382406092,3.9356073684147836,4.0055215603860805,-0.40514812527664834,2.5122365081032494,-0.022564834910059894,-2.205183527156012,-0.30594448123805884,-2.3036516745287448,0.26081481141793916,-2.10671537978328,0.0,2.9556073684147837,0,
2026-09-08T07:01:14.452+00:00,1013.8333333333333,13.833333333333295,tick,WAYPOINT_TURN,ROT_RIGHT,-0.10901234341179102,0.6759621280882995,-9.161206468201389,-0.2172770378570077,1.3472882455131199,3.097522238704187e-14,4.679999999999803,-169.99999999999903,0.7451158382406092,0.575,3.2556073684147835,19.16120646820235,0.7451158382406092,3.9356073684147836,4.0055215603860805,-0.40514812527664834,2.5122365081032494,-0.022564834910059894,-2.205183527156012,-0.30594448123805884,-2.3036516745287448,0.26081481141793916,-2.10671537978328,0.0,2.9556073684147837,0,
2026-09-08T07:01:14.485+00:00,1013.8666666666667,13.866666666666628,tick,WAYPOINT_TURN,ROT_RIGHT,-0.10901234341179102,0.6759621280882995,-9.161206468201389,-0.2172770378570077,1.3472882455131199,3.097522238704187e-14,4.679999999999803,-169.99999999999903,0.7451158382406092,0.575,3.2556073684147835,19.16120646820235,0.7451158382406092,3.9356073684147836,4.0055215603860805,-0.40514812527664834,2.5122365081032494,-0.022564834910059894,-2.205183527156012,-0.30594448123805884,-2.3036516745287448,0.26081481141793916,-2.10671537978328,0.0,2.9556073684147837,0,
2026-09-08T07:01:14.518+00:00,1013.9,13.899999999999961,tick,WAYPOINT_TURN,ROT_RIGHT,-0.10901234341179102,0.6759621280882995,-9.161206468201389,-0.2172770378570077,1.3472882455131199,3.097522238704187e-14,4.679999999999803,-169.99999999999903,0.7451158382406092,0.575,3.2556073684147835,19.16120646820235,0.7451158382406092,3.9356073684147836,4.0055215603860805,-0.40514812527664834,2.5122365081032494,-0.022564834910059894,-2.205183527156012,-0.30594448123805884,-2.3036516745287448,0.26081481141793916,-2.10671537978328,0.0,2.9556073684147837,0,
2026-09-08T07:01:14.552+00:00,1013.9333333333333,13.933333333333294,tick,WAYPOINT_TURN,ROT_RIGHT,-0.10901234341179102,0.6759621280882995,-9.161206468201389,-0.2172770378570077,1.3472882455131199,3.097522238704187e-14,4.679999999999803,-169.99999999999903,0.7451158382406092,0.575,3.2556073684147835,19.16120646820235,0.7451158382406092,3.9356073684147836,4.0055215603860805,-0.40514812527664834,2.5122365081032494,-0.022564834910059894,-2.205183527156012,-0.30594448123805884,-2.3036516745287448,0.26081481141793916,-2.10671537978328,0.0,2.9556073684147837,0,
2026-09-08T07:01:14.585+00:00,1013.9666666666666,13.966666666666628,tick,WAYPOINT_TURN,ROT_RIGHT,-0.10901234341179102,0.6759621280882995,-9.161206468201389,-0.2172770378570077,1.3472882455131199,3.097522238704187e-14,4.679999999999803,-169.99999999999903,0.7451158382406092,0.575,3.2556073684147835,19.16120646820235,0.7451158382406092,3.9356073684147836,4.0055215603860805,-0.40514812527664834,2.5122365081032494,-0.022564834910059894,-2.205183527156012,-0.30594448123805884,-2.3036516745287448,0.26081481141793916,-2.10671537978328,0.0,2.9556073684147837,0,
2026-09-08T07:01:14.618+00:00,1014.0,13.999999999999961,tick,WAYPOINT_TURN,ROT_RIGHT,-0.10901234341179102,0.6759621280882995,-9.161206468201389,-0.2172770378570077,1.3472882455131199,3.097522238704187e-14,4.679999999999803,-169.99999999999903,0.7451158382406092,0.575,3.2556073684147835,19.16120646820235,0.7451158382406092,3.9356073684147836,4.0055215603860805,-0.40514812527664834,2.5122365081032494,-0.022564834910059894,-2.205183527156012,-0.30594448123805884,-2.3036516745287448,0.26081481141793916,-2.10671537978328,0.0,2.9556073684147837,0,
2026-09-08T07:01:14.652+00:00,1014.0333333333333,14.033333333333294,tick,WAYPOINT_TURN,ROT_RIGHT,-0.10901234341179102,0.6759621280882995,-9.161206468201389,-0.2172770378570077,1.3472882455131199,3.097522238704187e-14,4.679999999999803,-169.99999999999903,0.7451158382406092,0.575,3.2556073684147835,19.16120646820235,0.7451158382406092,3.9356073684147836,4.0055215603860805,-0.40514812527664834,2.5122365081032494,-0.022564834910059894,-2.205183527156012,-0.30594448123805884,-2.3036516745287448,0.26081481141793916,-2.10671537978328,0.0,2.9556073684147837,0,
2026-09-08T07:01:14.685+00:00,1014.0666666666666,14.066666666666627,tick,WAYPOINT_TURN,ROT_RIGHT,-0.10901234341179102,0.6759621280882995,-9.161206468201389,-0.2172770378570077,1.3472882455131199,3.097522238704187e-14,4.679999999999803,-169.99999999999903,0.7451158382406092,0.575,3.2556073684147835,19.16120646820235,0.7451158382406092,3.9356073684147836,4.0055215603860805,-0.40514812527664834,2.5122365081032494,-0.022564834910059894,-2.205183527156012,-0.30594448123805884,-2.3036516745287448,0.26081481141793916,-2.10671537978328,0.0,2.9556073684147837,0,
2026-09-08T07:01:14.718+00:00,1014.0999999999999,14.09999999999996,tick,WAYPOINT_TURN,ROT_RIGHT,-0.10901234341179102,0.6759621280882995,-9.161206468201389,-0.2172770378570077,1.3472882455131199,3.097522238704187e-14,4.679999999999803,-169.99999999999903,0.7451158382406092,0.575,3.2556073684147835,19.16120646820235,0.7451158382406092,3.9356073684147836,4.0055215603860805,-0.40514812527664834,2.5122365081032494,-0.022564834910059894,-2.205183527156012,-0.30594448123805884,-2.3036516745287448,0.26081481141793916,-2.10671537978328,0.0,2.9556073684147837,0,
2026-09-08T07:01:14.752+00:00,1014.1333333333333,14.133333333333294,tick,WAYPOINT_TURN,ROT_RIGHT,-0.10901234341179102,0.6759621280882995,-9.161206468201389,-0.2172770378570077,1.3472882455131199,3.097522238704187e-14,4.679999999999803,-169.99999999999903,0.7451158382406092,0.575,3.2556073684147835,19.16120646820235,0.7451158382406092,3.9356073684147836,4.0055215603860805,-0.40514812527664834,2.5122365081032494,-0.022564834910059894,-2.205183527156012,-0.30594448123805884,-2.3036516745287448,0.26081481141793916,-2.10671537978328,0.0,2.9556073684147837,0,
2026-09-08T07:01:14.785+00:00,1014.1666666666666,14.166666666666627,tick,WAYPOINT_TURN,ROT_RIGHT,-0.10901234341179102,0.6759621280882995,-9.161206468201389,-0.2172770378570077,1.3472882455131199,3.097522238704187e-14,4.679999999999803,-169.99999999999903,0.7451158382406092,0.575,3.2556073684147835,19.16120646820235,0.7451158382406092,3.9356073684147836,4.0055215603860805,-0.40514812527664834,2.5122365081032494,-0.022564834910059894,-2.205183527156012,-0.30594448123805884,-2.3036516745287448,0.26081481141793916,-2.10671537978328,0.0,2.9556073684147837,0,
2026-09-08T07:01:14.818+00:00,1014.1999999999999,14.19999999999996,tick,WAYPOINT_TURN,ROT_RIGHT,-0.10901234341179102,0.6759621280882995,-9.161206468201389,-0.2172770378570077,1.3472882455131199,3.097522238704187e-14,4.679999999999803,-169.99999999999903,0.7451158382406092,0.575,3.2556073684147835,19.16120646820235,0.7451158382406092,3.9356073684147836,4.0055215603860805,-0.40514812527664834,2.5122365081032494,-0.022564834910059894,-2.205183527156012,-0.30594448123805884,-2.3036516745287448,0.26081481141793916,-2.10671537978328,0.0,2.9556073684147837,0,
2026-09-08T07:01:14.852+00:00,1014.2333333333333,14.233333333333293,tick,WAYPOINT_TURN,ROT_RIGHT,-0.10901234341179102,0.6759621280882995,-9.161206468201389,-0.2172770378570077,1.3472882455131199,3.097522238704187e-14,4.679999999999803,-169.99999999999903,0.7451158382406092,0.575,3.2556073684147835,19.16120646820235,0.7451158382406092,3.9356073684147836,4.0055215603860805,-0.40514812527664834,2.5122365081032494,-0.022564834910059894,-2.205183527156012,-0.30594448123805884,-2.3036516745287448,0.26081481141793916,-2.10671537978328,0.0,2.9556073684147837,0,
2026-09-08T07:01:14.885+00:00,1014.2666666666667,14.266666666666627,tick,WAYPOINT_TURN,ROT_RIGHT,-0.10901234341179102,0.6759621280882995,-9.161206468201389,-0.2172770378570077,1.3472882455131199,3.097522238704187e-14,4.679999999999803,-169.99999999999903,0.7451158382406092,0.575,3.2556073684147835,19.16120646820235,0.7451158382406092,3.9356073684147836,4.0055215603860805,-0.40514812527664834,2.5122365081032494,-0.022564834910059894,-2.205183527156012,-0.30594448123805884,-2.3036516745287448,0.26081481141793916,-2.10671537978328,0.0,2.9556073684147837,0,
2026-09-08T07:01:14.918+00:00,1014.3,14.29999999999996,tick,WAYPOINT_TURN,ROT_RIGHT,-0.10901234341179102,0.6759621280882995,-9.161206468201389,-0.2172770378570077,1.3472882455131199,3.097522238704187e-14,4.679999999999803,-169.99999999999903,0.7451158382406092,0.575,3.2556073684147835,19.16120646820235,0.7451158382406092,3.9356073684147836,4.0055215603860805,-0.40514812527664834,2.5122365081032494,-0.022564834910059894,-2.205183527156012,-0.30594448123805884,-2.3036516745287448,0.26081481141793916,-2.10671537978328,0.0,2.9556073684147837,0,
2026-09-08T07:01:14.952+00:00,1014.3333333333333,14.333333333333293,tick,WAYPOINT_TURN,ROT_RIGHT,-0.10901234341179102,0.6759621280882995,-9.161206468201389,-0.2172770378570077,1.3472882455131199,3.097522238704187e-14,4.679999999999803,-169.99999999999903,0.7451158382406092,0.575,3.2556073684147835,19.16120646820235,0.7451158382406092,3.9356073684147836,4.0055215603860805,-0.40514812527664834,2.5122365081032494,-0.022564834910059894,-2.205183527156012,-0.30594448123805884,-2.3036516745287448,0.26081481141793916,-2.10671537978328,0.0,2.9556073684147837,0,
2026-09-08T07:01:14.985+00:00,1014.3666666666667,14.366666666666626,tick,WAYPOINT_TURN,ROT_RIGHT,-0.10901234341179102,0.6759621280882995,-9.161206468201389,-0.2172770378570077,1.3472882455131199,3.097522238704187e-14,4.679999999999803,-169.99999999999903,0.7451158382406092,0.575,3.2556073684147835,19.16120646820235,0.7451158382406092,3.9356073684147836,4.0055215603860805,-0.40514812527664834,2.5122365081032494,-0.022564834910059894,-2.205183527156012,-0.30594448123805884,-2.3036516745287448,0.26081481141793916,-2.10671537978328,0.0,2.9556073684147837,0,
2026-09-08T07:01:15.018+00:00,1014.4,14.39999999999996,tick,WAYPOINT_TURN,ROT_RIGHT,-0.10901234341179102,0.6759621280882995,-9.161206468201389,-0.2172770378570077,1.3472882455131199,3.097522238704187e-14,4.679999999999803,-169.99999999999903,0.7451158382406092,0.575,3.2556073684147835,19.16120646820235,0.7451158382406092,3.9356073684147836,4.0055215603860805,-0.40514812527664834,2.5122365081032494,-0.022564834910059894,-2.205183527156012,-0.30594448123805884,-2.3036516745287448,0.26081481141793916,-2.10671537978328,0.0,2.9556073684147837,0,
2026-09-08T07:01:15.052+00:00,1014.4333333333333,14.433333333333293,tick,WAYPOINT_TURN,ROT_RIGHT,-0.10901234341179102,0.6759621280882995,-9.161206468201389,-0.2172770378570077,1.3472882455131199,3.097522238704187e-14,4.679999999999803,-169.99999999999903,0.7451158382406092,0.575,3.2556073684147835,19.16120646820235,0.7451158382406092,3.9356073684147836,4.0055215603860805,-0.40514812527664834,2.5122365081032494,-0.022564834910059894,-2.205183527156012,-0.30594448123805884,-2.3036516745287448,0.26081481141793916,-2.10671537978328,0.0,2.9556073684147837,0,
2026-09-08T07:01:15.085+00:00,1014.4666666666666,14.466666666666626,tick,WAYPOINT_TURN,ROT_RIGHT,-0.10901234341179102,0.6759621280882995,-9.161206468201389,-0.2172770378570077,1.3472882455131199,3.097522238704187e-14,4.679999999999803,-169.99999999999903,0.7451158382406092,0.575,3.2556073684147835,19.16120646820235,0.7451158382406092,3.9356073684147836,4.0055215603860805,-0.40514812527664834,2.5122365081032494,-0.022564834910059894,-2.205183527156012,-0.30594448123805884,-2.3036516745287448,0.26081481141793916,-2.10671537978328,0.0,2.9556073684147837,0,
2026-09-08T07:01:15.118+00:00,1014.5,14.49999999999996,tick,WAYPOINT_TURN,ROT_RIGHT,-0.10901234341179102,0.6759621280882995,-9.161206468201389,-0.2172770378570077,1.3472882455131199,3.097522238704187e-14,4.679999999999803,-169.99999999999903,0.7451158382406092,0.575,3.2556073684147835,19.16120646820235,0.7451158382406092,3.9356073684147836,4.0055215603860805,-0.40514812527664834,2.5122365081032494,-0.022564834910059894,-2.205183527156012,-0.30594448123805884,-2.3036516745287448,0.26081481141793916,-2.10671537978328,0.0,2.9556073684147837,0,
2026-09-08T07:01:15.152+00:00,1014.5333333333333,14.533333333333292,tick,WAYPOINT_TURN,ROT_RIGHT,-0.10901234341179102,0.6759621280882995,-9.161206468201389,-0.2172770378570077,1.3472882455131199,3.097522238704187e-14,4.679999999999803,-169.99999999999903,0.7451158382406092,0.575,3.2556073684147835,19.16120646820235,0.7451158382406092,3.9356073684147836,4.0055215603860805,-0.40514812527664834,2.5122365081032494,-0.022564834910059894,-2.205183527156012,-0.30594448123805884,-2.3036516745287448,0.26081481141793916,-2.10671537978328,0.0,2.9556073684147837,0,
2026-09-08T07:01:15.185+00:00,1014.5666666666666,14.566666666666626,tick,WAYPOINT_TURN,ROT_RIGHT,-0.10901234341179102,0.6759621280882995,-9.161206468201389,-0.2172770378570077,1.3472882455131199,3.097522238704187e-14,4.679999999999803,-169.99999999999903,0.7451158382406092,0.575,3.2556073684147835,19.16120646820235,0.7451158382406092,3.9356073684147836,4.0055215603860805,-0.40514812527664834,2.5122365081032494,-0.022564834910059894,-2.205183527156012,-0.30594448123805884,-2.3036516745287448,0.26081481141793916,-2.10671537978328,0.0,2.9556073684147837,0,
2026-09-08T07:01:15.218+00:00,1014.5999999999999,14.599999999999959,tick,WAYPOINT_TURN,ROT_RIGHT,-0.10901234341179102,0.6759621280882995,-9.161206468201389,-0.2172770378570077,1.3472882455131199,3.097522238704187e-14,4.679999999999803,-169.99999999999903,0.7451158382406092,0.575,3.2556073684147835,19.16120646820235,0.7451158382406092,3.9356073684147836,4.0055215603860805,-0.40514812527664834,2.5122365081032494,-0.022564834910059894,-2.205183527156012,-0.30594448123805884,-2.3036516745287448,0.26081481141793916,-2.10671537978328,0.0,2.9556073684147837,0,
2026-09-08T07:01:15.252+00:00,1014.6333333333333,14.633333333333292,tick,WAYPOINT_TURN,ROT_RIGHT,-0.10901234341179102,0.6759621280882995,-9.161206468201389,-0.2172770378570077,1.3472882455131199,3.097522238704187e-14,4.679999999999803,-169.99999999999903,0.7451158382406092,0.575,3.2556073684147835,19.16120646820235,0.7451158382406092,3.9356073684147836,4.0055215603860805,-0.40514812527664834,2.5122365081032494,-0.022564834910059894,-2.205183527156012,-0.30594448123805884,-2.3036516745287448,0.26081481141793916,-2.10671537978328,0.0,2.9556073684147837,0,
2026-09-08T07:01:15.285+00:00,1014.6666666666666,14.666666666666625,tick,WAYPOINT_TURN,ROT_RIGHT,-0.10901234341179102,0.6759621280882995,-8.875144421268207,-0.21392395600126451,1.3478204119130033,3.097522238704187e-14,4.679999999999804,-169.9999999999991,0.7254572293704934,0.575,3.2592784591942507,18.87514442126914,0.7254572293704934,3.939278459194251,4.0055215603860805,-0.3959764602006449,2.5136921397264596,-0.013785275813906317,-2.2021573669213255,-0.29765301250233867,-2.299209456375323,0.27008246087452614,-2.105105277467328,0.0,2.959278459194251,0,
2026-09-08T07:01:15.318+00:00,1014.6999999999999,14.699999999999958,tick,WAYPOINT_TURN,ROT_RIGHT,-0.10901234341179102,0.6759621280882995,-8.471728765755895,-0.2091908865001579,1.3485424277586753,3.097522238704187e-14,4.679999999999804,-169.9999999999991,0.6977032868800478,0.575,3.2642886677060696,18.47172876575678,0.6977032868800478,3.94428866770607,4.005521560386081,-0.3830301230358533,2.5156670654219737,-0.001378564848965036,-2.1979643369286324,-0.2859225966975093,-2.2930153439689294,0.28316546699957934,-2.1029133298883353,0.0,2.96428866770607,0,
2026-09-08T07:01:15.352+00:00,1014.7333333333333,14.733333333333292,tick,WAYPOINT_TURN,ROT_RIGHT,-0.10901234341179102,0.6759621280882995,-8.068313110243583,-0.20445285069678726,1.349231100765032,3.097522238704187e-14,4.679999999999804,-169.99999999999915,0.6699147560904871,0.575,3.2691033400368203,18.068313110244446,0.6699147560904871,3.9491033400368205,4.005521560386081,-0.3700702015736924,2.5175507886452437,0.011057361180449754,-2.1938587649492165,-0.2741488596970326,-2.28690397746864,0.2962635820579323,-2.100813552429793,0.0,2.9691033400368205,0,
2026-09-08T07:01:15.385+00:00,1014.7666666666667,14.766666666666625,tick,WAYPOINT_TURN,ROT_RIGHT,-0.10901234341179102,0.6759621280882995,-7.66489745473155,-0.1997100834769628,1.3498863967914458,3.086420008457935e-14,4.679999999999803,-169.99999999999915,0.6420930146046493,0.575,3.273722237501473,17.664897454732397,0.6420930146046493,3.953722237501473,4.0055215603860805,-0.35709733829593737,2.5193432160116114,0.023521885769379303,-2.189840854514801,-0.26233238517817015,-2.2808756598424615,0.30937615671692875,-2.0988060491871408,0.0,2.973722237501473,0,
2026-09-08T07:01:15.418+00:00,1014.8,14.799999999999958,tick,WAYPOINT_TURN,ROT_RIGHT,-0.10901234341179102,0.6759621280882995,-7.261481799219237,-0.1949628199610427,1.350508283351938,3.108624468950438e-14,4.679999999999803,-169.9999999999992,0.6142394416717194,0.575,3.278145131120454,17.261481799220036,0.6142394416717194,3.958145131120454,4.0055215603860805,-0.34411217632592056,2.521044258662369,0.036014390995131484,-2.1859108048113267,-0.2504737589368494,-2.274930689941285,0.3225025409271123,-2.096890919681369,0.0,2.978145131120454,0,
2026-09-08T07:01:15.452+00:00,1014.8333333333333,14.833333333333291,tick,WAYPOINT_TURN,ROT_RIGHT,-0.10901234341179102,0.6759621280882995,-6.858066143706925,-0.1902112954922965,1.3510967296167857,3.097522238704187e-14,4.6799999999998025,-169.9999999999992,0.5863554181189681,0.575,3.282371801630971,16.858066143707703,0.5863554181189681,3.962371801630971,4.00552156038608,-0.3311153593967031,2.5226538322691585,0.048534257547864335,-2.1820688106690866,-0.2385735688586712,-2.2690693624840876,0.3356420839544,-2.095068258854086,0.0,2.982371801630971,0,
2026-09-08T07:01:15.485+00:00,1014.8666666666667,14.866666666666625,tick,WAYPOINT_TURN,ROT_RIGHT,-0.10901234341179102,0.6759621280882995,-6.454650488194913,-0.18545574562522882,1.351651706414053,3.086420008457935e-14,4.6799999999998025,-169.9999999999992,0.5584423262832423,0.575,3.2864020394978994,16.454650488195682,0.5584423262832423,3.9664020394978996,4.00552156038608,-0.3181075318191356,2.524171857038154,0.06108086476130914,-2.178315062553064,-0.22663240488974623,-2.2632919680433154,0.3487941344123645,-2.0933381570628122,0.0,2.9864020394978996,0,
2026-09-08T07:01:15.518+00:00,1014.9,14.899999999999958,tick,WAYPOINT_TURN,ROT_RIGHT,-0.10901234341179102,0.6759621280882995,-6.0512348326826,-0.18069640611389065,1.3521731862310375,3.069766663088558e-14,4.679999999999803,-169.99999999999926,0.5305015499423725,0.575,3.290235644924175,16.05123483268335,0.5305015499423725,3.970235644924175,4.0055215603860805,-0.30508933844988706,2.525598257714024,0.07365359064356902,-2.1746497465534804,-0.2146508590074192,-2.257598793030464,0.3619580402945573,-2.091700700076497,0.0,2.990235644924175,0,
2026-09-08T07:01:15.552+00:00,1014.9333333333333,14.933333333333291,tick,WAYPOINT_TURN,ROT_RIGHT,-0.10901234341179102,0.6759621280882995,-5.647819177170288,-0.17593351290021347,1.3526611432156321,3.0808688933348094e-14,4.679999999999803,-169.99999999999932,0.5025344742466977,0.575,3.2938724278606797,15.647819177170987,0.5025344742466977,3.97387242786068,4.0055215603860805,-0.2920614246595348,2.52693296358365,0.08625181190789866,-2.1710730443765853,-0.2026295251909761,-2.2519901196819023,0.3751331490067733,-2.0901559690712688,0.0,2.99387242786068,0,
2026-09-08T07:01:15.585+00:00,1014.9666666666666,14.966666666666624,tick,WAYPOINT_TURN,ROT_RIGHT,-0.10901234341179102,0.6759621280882995,-5.244403521658299,-0.17116730210230202,1.3531155531776073,3.0753177782116836e-14,4.679999999999803,-169.99999999999932,0.47454248565033536,0.575,3.2973122080156774,15.244403521658967,0.47454248565033536,3.9773122080156775,4.0055215603860805,-0.2790244363005417,2.5281759084796414,0.09887490400363469,-2.1675851333356424,-0.19056899939216643,-2.2464662260448724,0.3883188073994358,-2.0887040406264124,0.0,2.9973122080156775,0,
2026-09-08T07:01:15.618+00:00,1015.0,14.999999999999957,tick,WAYPOINT_TURN_SETTLE,STOP,-0.10901234341179102,0.6759621280882995,-4.840987866145985,-0.16639801000271723,1.3535363935898128,3.069766663088558e-14,4.6799999999998025,-169.99999999999937,0.446526971842381,0.575,3.3005548148637534,14.840987866146605,0.446526971842381,3.9805548148637535,4.00552156038608,-0.2659790196752068,2.529327030783615,0.11152224114718012,-2.1641861863421283,-0.17846987950563942,-2.2410273859636893,0.4015143617999996,-2.0873449867205673,0.0,3.0005548148637535,0,
2026-09-08T07:01:15.652+00:00,1015.0333333333333,15.03333333333329,tick,WAYPOINT_TURN_SETTLE,STOP,-0.10901234341179102,0.6759621280882995,-4.840987866145985,-0.16639801000271723,1.3535363935898128,3.069766663088558e-14,4.6799999999998025,-169.99999999999937,0.446526971842381,0.575,3.3005548148637534,14.840987866146605,0.446526971842381,3.9805548148637535,4.00552156038608,-0.2659790196752068,2.529327030783615,0.11152224114718012,-2.1641861863421283,-0.17846987950563942,-2.2410273859636893,0.4015143617999996,-2.0873449867205673,0.0,3.0005548148637535,0,
2026-09-08T07:01:15.685+00:00,1015.0666666666666,15.066666666666624,tick,WAYPOINT_TURN_SETTLE,STOP,-0.10901234341179102,0.6759621280882995,-4.840987866145985,-0.16639801000271723,1.3535363935898128,3.069766663088558e-14,4.6799999999998025,-169.99999999999937,0.446526971842381,0.575,3.3005548148637534,14.840987866146605,0.446526971842381,3.9805548148637535,4.00552156038608,-0.2659790196752068,2.529327030783615,0.11152224114718012,-2.1641861863421283,-0.17846987950563942,-2.2410273859636893,0.4015143617999996,-2.0873449867205673,0.0,3.0005548148637535,0,
2026-09-08T07:01:15.718+00:00,1015.0999999999999,15.099999999999957,tick,WAYPOINT_TURN_SETTLE,STOP,-0.10901234341179102,0.6759621280882995,-4.840987866145985,-0.16639801000271723,1.3535363935898128,3.069766663088558e-14,4.6799999999998025,-169.99999999999937,0.446526971842381,0.575,3.3005548148637534,14.840987866146605,0.446526971842381,3.9805548148637535,4.00552156038608,-0.2659790196752068,2.529327030783615,0.11152224114718012,-2.1641861863421283,-0.17846987950563942,-2.2410273859636893,0.4015143617999996,-2.0873449867205673,0.0,3.0005548148637535,0,
2026-09-08T07:01:15.752+00:00,1015.1333333333333,15.13333333333329,tick,WAYPOINT_TURN_SETTLE,STOP,-0.10901234341179102,0.6759621280882995,-4.840987866145985,-0.16639801000271723,1.3535363935898128,3.069766663088558e-14,4.6799999999998025,-169.99999999999937,0.446526971842381,0.575,3.3005548148637534,14.840987866146605,0.446526971842381,3.9805548148637535,4.00552156038608,-0.2659790196752068,2.529327030783615,0.11152224114718012,-2.1641861863421283,-0.17846987950563942,-2.2410273859636893,0.4015143617999996,-2.0873449867205673,0.0,3.0005548148637535,0,
2026-09-08T07:01:15.785+00:00,1015.1666666666666,15.166666666666623,tick,WAYPOINT_TURN_SETTLE,STOP,-0.10901234341179102,0.6759621280882995,-4.840987866145985,-0.16639801000271723,1.3535363935898128,3.069766663088558e-14,4.6799999999998025,-169.99999999999937,0.446526971842381,0.575,3.3005548148637534,14.840987866146605,0.446526971842381,3.9805548148637535,4.00552156038608,-0.2659790196752068,2.529327030783615,0.11152224114718012,-2.1641861863421283,-0.17846987950563942,-2.2410273859636893,0.4015143617999996,-2.0873449867205673,0.0,3.0005548148637535,0,
2026-09-08T07:01:15.818+00:00,1015.1999999999999,15.199999999999957,tick,WAYPOINT_TURN_SETTLE,STOP,-0.10901234341179102,0.6759621280882995,-4.840987866145985,-0.16639801000271723,1.3535363935898128,3.069766663088558e-14,4.6799999999998025,-169.99999999999937,0.446526971842381,0.575,3.3005548148637534,14.840987866146605,0.446526971842381,3.9805548148637535,4.00552156038608,-0.2659790196752068,2.529327030783615,0.11152224114718012,-2.1641861863421283,-0.17846987950563942,-2.2410273859636893,0.4015143617999996,-2.0873449867205673,0.0,3.0005548148637535,0,
2026-09-08T07:01:15.852+00:00,1015.2333333333332,15.23333333333329,tick,WAYPOINT_TURN_SETTLE,STOP,-0.10901234341179102,0.6759621280882995,-4.840987866145985,-0.16639801000271723,1.3535363935898128,3.069766663088558e-14,4.6799999999998025,-169.99999999999937,0.446526971842381,0.575,3.3005548148637534,14.840987866146605,0.446526971842381,3.9805548148637535,4.00552156038608,-0.2659790196752068,2.529327030783615,0.11152224114718012,-2.1641861863421283,-0.17846987950563942,-2.2410273859636893,0.4015143617999996,-2.0873449867205673,0.0,3.0005548148637535,0,
2026-09-08T07:01:15.885+00:00,1015.2666666666667,15.266666666666623,tick,WAYPOINT_TURN_SETTLE,STOP,-0.10901234341179102,0.6759621280882995,-4.840987866145985,-0.16639801000271723,1.3535363935898128,3.069766663088558e-14,4.6799999999998025,-169.99999999999937,0.446526971842381,0.575,3.3005548148637534,14.840987866146605,0.446526971842381,3.9805548148637535,4.00552156038608,-0.2659790196752068,2.529327030783615,0.11152224114718012,-2.1641861863421283,-0.17846987950563942,-2.2410273859636893,0.4015143617999996,-2.0873449867205673,0.0,3.0005548148637535,0,
2026-09-08T07:01:15.918+00:00,1015.3,15.299999999999956,tick,WAYPOINT_TURN_SETTLE,STOP,-0.10901234341179102,0.6759621280882995,-4.840987866145985,-0.16639801000271723,1.3535363935898128,3.069766663088558e-14,4.6799999999998025,-169.99999999999937,0.446526971842381,0.575,3.3005548148637534,14.840987866146605,0.446526971842381,3.9805548148637535,4.00552156038608,-0.2659790196752068,2.529327030783615,0.11152224114718012,-2.1641861863421283,-0.17846987950563942,-2.2410273859636893,0.4015143617999996,-2.0873449867205673,0.0,3.0005548148637535,0,
2026-09-08T07:01:15.952+00:00,1015.3333333333333,15.33333333333329,tick,WAYPOINT_TURN_SETTLE,STOP,-0.10901234341179102,0.6759621280882995,-4.840987866145985,-0.16639801000271723,1.3535363935898128,3.069766663088558e-14,4.6799999999998025,-169.99999999999937,0.446526971842381,0.575,3.3005548148637534,14.840987866146605,0.446526971842381,3.9805548148637535,4.00552156038608,-0.2659790196752068,2.529327030783615,0.11152224114718012,-2.1641861863421283,-0.17846987950563942,-2.2410273859636893,0.4015143617999996,-2.0873449867205673,0.0,3.0005548148637535,0,
2026-09-08T07:01:15.985+00:00,1015.3666666666667,15.366666666666623,tick,WAYPOINT_TURN_SETTLE,STOP,-0.10901234341179102,0.6759621280882995,-4.840987866145985,-0.16639801000271723,1.3535363935898128,3.069766663088558e-14,4.6799999999998025,-169.99999999999937,0.446526971842381,0.575,3.3005548148637534,14.840987866146605,0.446526971842381,3.9805548148637535,4.00552156038608,-0.2659790196752068,2.529327030783615,0.11152224114718012,-2.1641861863421283,-0.17846987950563942,-2.2410273859636893,0.4015143617999996,-2.0873449867205673,0.0,3.0005548148637535,0,
2026-09-08T07:01:16.018+00:00,1015.4,15.399999999999956,tick,WAYPOINT_TURN_SETTLE,STOP,-0.10901234341179102,0.6759621280882995,-4.840987866145985,-0.16639801000271723,1.3535363935898128,3.069766663088558e-14,4.6799999999998025,-169.99999999999937,0.446526971842381,0.575,3.3005548148637534,14.840987866146605,0.446526971842381,3.9805548148637535,4.00552156038608,-0.2659790196752068,2.529327030783615,0.11152224114718012,-2.1641861863421283,-0.17846987950563942,-2.2410273859636893,0.4015143617999996,-2.0873449867205673,0.0,3.0005548148637535,0,
2026-09-08T07:01:16.052+00:00,1015.4333333333333,15.43333333333329,tick,WAYPOINT_TURN_SETTLE,STOP,-0.10901234341179102,0.6759621280882995,-4.840987866145985,-0.16639801000271723,1.3535363935898128,3.069766663088558e-14,4.6799999999998025,-169.99999999999937,0.446526971842381,0.575,3.3005548148637534,14.840987866146605,0.446526971842381,3.9805548148637535,4.00552156038608,-0.2659790196752068,2.529327030783615,0.11152224114718012,-2.1641861863421283,-0.17846987950563942,-2.2410273859636893,0.4015143617999996,-2.0873449867205673,0.0,3.0005548148637535,0,
2026-09-08T07:01:16.085+00:00,1015.4666666666666,15.466666666666622,tick,WAYPOINT_TURN_SETTLE,STOP,-0.10901234341179102,0.6759621280882995,-4.840987866145985,-0.16639801000271723,1.3535363935898128,3.069766663088558e-14,4.6799999999998025,-169.99999999999937,0.446526971842381,0.575,3.3005548148637534,14.840987866146605,0.446526971842381,3.9805548148637535,4.00552156038608,-0.2659790196752068,2.529327030783615,0.11152224114718012,-2.1641861863421283,-0.17846987950563942,-2.2410273859636893,0.4015143617999996,-2.0873449867205673,0.0,3.0005548148637535,0,
2026-09-08T07:01:16.118+00:00,1015.5,15.499999999999956,tick,WAYPOINT_TURN_SETTLE,STOP,-0.10901234341179102,0.6759621280882995,-4.840987866145985,-0.16639801000271723,1.3535363935898128,3.069766663088558e-14,4.6799999999998025,-169.99999999999937,0.446526971842381,0.575,3.3005548148637534,14.840987866146605,0.446526971842381,3.9805548148637535,4.00552156038608,-0.2659790196752068,2.529327030783615,0.11152224114718012,-2.1641861863421283,-0.17846987950563942,-2.2410273859636893,0.4015143617999996,-2.0873449867205673,0.0,3.0005548148637535,0,
2026-09-08T07:01:16.152+00:00,1015.5333333333333,15.533333333333289,tick,WAYPOINT_TURN_SETTLE,STOP,-0.10901234341179102,0.6759621280882995,-4.840987866145985,-0.16639801000271723,1.3535363935898128,3.069766663088558e-14,4.6799999999998025,-169.99999999999937,0.446526971842381,0.575,3.3005548148637534,14.840987866146605,0.446526971842381,3.9805548148637535,4.00552156038608,-0.2659790196752068,2.529327030783615,0.11152224114718012,-2.1641861863421283,-0.17846987950563942,-2.2410273859636893,0.4015143617999996,-2.0873449867205673,0.0,3.0005548148637535,0,
2026-09-08T07:01:16.185+00:00,1015.5666666666666,15.566666666666622,tick,WAYPOINT_TURN_SETTLE,STOP,-0.10901234341179102,0.6759621280882995,-4.840987866145985,-0.16639801000271723,1.3535363935898128,3.069766663088558e-14,4.6799999999998025,-169.99999999999937,0.446526971842381,0.575,3.3005548148637534,14.840987866146605,0.446526971842381,3.9805548148637535,4.00552156038608,-0.2659790196752068,2.529327030783615,0.11152224114718012,-2.1641861863421283,-0.17846987950563942,-2.2410273859636893,0.4015143617999996,-2.0873449867205673,0.0,3.0005548148637535,0,
2026-09-08T07:01:16.218+00:00,1015.5999999999999,15.599999999999955,tick,WAYPOINT_TURN_SETTLE,STOP,-0.10901234341179102,0.6759621280882995,-4.840987866145985,-0.16639801000271723,1.3535363935898128,3.069766663088558e-14,4.6799999999998025,-169.99999999999937,0.446526971842381,0.575,3.3005548148637534,14.840987866146605,0.446526971842381,3.9805548148637535,4.00552156038608,-0.2659790196752068,2.529327030783615,0.11152224114718012,-2.1641861863421283,-0.17846987950563942,-2.2410273859636893,0.4015143617999996,-2.0873449867205673,0.0,3.0005548148637535,0,
2026-09-08T07:01:16.252+00:00,1015.6333333333333,15.633333333333288,tick,WAYPOINT_TURN_SETTLE,STOP,-0.10901234341179102,0.6759621280882995,-4.840987866145985,-0.16639801000271723,1.3535363935898128,3.069766663088558e-14,4.6799999999998025,-169.99999999999937,0.446526971842381,0.575,3.3005548148637534,14.840987866146605,0.446526971842381,3.9805548148637535,4.00552156038608,-0.2659790196752068,2.529327030783615,0.11152224114718012,-2.1641861863421283,-0.17846987950563942,-2.2410273859636893,0.4015143617999996,-2.0873449867205673,0.0,3.0005548148637535,0,
2026-09-08T07:01:16.285+00:00,1015.6666666666666,15.666666666666622,tick,WAYPOINT_TURN_SETTLE,STOP,-0.10901234341179102,0.6759621280882995,-4.840987866145985,-0.16639801000271723,1.3535363935898128,3.069766663088558e-14,4.6799999999998025,-169.99999999999937,0.446526971842381,0.575,3.3005548148637534,14.840987866146605,0.446526971842381,3.9805548148637535,4.00552156038608,-0.2659790196752068,2.529327030783615,0.11152224114718012,-2.1641861863421283,-0.17846987950563942,-2.2410273859636893,0.4015143617999996,-2.0873449867205673,0.0,3.0005548148637535,0,
2026-09-08T07:01:16.318+00:00,1015.6999999999999,15.699999999999955,tick,WAYPOINT_TURN_SETTLE,STOP,-0.10901234341179102,0.6759621280882995,-4.840987866145985,-0.16639801000271723,1.3535363935898128,3.069766663088558e-14,4.6799999999998025,-169.99999999999937,0.446526971842381,0.575,3.3005548148637534,14.840987866146605,0.446526971842381,3.9805548148637535,4.00552156038608,-0.2659790196752068,2.529327030783615,0.11152224114718012,-2.1641861863421283,-0.17846987950563942,-2.2410273859636893,0.4015143617999996,-2.0873449867205673,0.0,3.0005548148637535,0,
2026-09-08T07:01:16.352+00:00,1015.7333333333332,15.733333333333288,tick,WAYPOINT_TURN_SETTLE,STOP,-0.10901234341179102,0.6759621280882995,-4.840987866145985,-0.16639801000271723,1.3535363935898128,3.069766663088558e-14,4.6799999999998025,-169.99999999999937,0.446526971842381,0.575,3.3005548148637534,14.840987866146605,0.446526971842381,3.9805548148637535,4.00552156038608,-0.2659790196752068,2.529327030783615,0.11152224114718012,-2.1641861863421283,-0.17846987950563942,-2.2410273859636893,0.4015143617999996,-2.0873449867205673,0.0,3.0005548148637535,0,
2026-09-08T07:01:16.385+00:00,1015.7666666666667,15.766666666666621,tick,WAYPOINT_TURN_SETTLE,STOP,-0.10901234341179102,0.6759621280882995,-4.840987866145985,-0.16639801000271723,1.3535363935898128,3.069766663088558e-14,4.6799999999998025,-169.99999999999937,0.446526971842381,0.575,3.3005548148637534,14.840987866146605,0.446526971842381,3.9805548148637535,4.00552156038608,-0.2659790196752068,2.529327030783615,0.11152224114718012,-2.1641861863421283,-0.17846987950563942,-2.2410273859636893,0.4015143617999996,-2.0873449867205673,0.0,3.0005548148637535,0,
2026-09-08T07:01:16.418+00:00,1015.8,15.799999999999955,tick,WAYPOINT_TURN_SETTLE,STOP,-0.10901234341179102,0.6759621280882995,-4.840987866145985,-0.16639801000271723,1.3535363935898128,3.069766663088558e-14,4.6799999999998025,-169.99999999999937,0.446526971842381,0.575,3.3005548148637534,14.840987866146605,0.446526971842381,3.9805548148637535,4.00552156038608,-0.2659790196752068,2.529327030783615,0.11152224114718012,-2.1641861863421283,-0.17846987950563942,-2.2410273859636893,0.4015143617999996,-2.0873449867205673,0.0,3.0005548148637535,0,
2026-09-08T07:01:16.452+00:00,1015.8333333333333,15.833333333333288,tick,WAYPOINT_TURN_SETTLE,STOP,-0.10901234341179102,0.6759621280882995,-4.840987866145985,-0.16639801000271723,1.3535363935898128,3.069766663088558e-14,4.6799999999998025,-169.99999999999937,0.446526971842381,0.575,3.3005548148637534,14.840987866146605,0.446526971842381,3.9805548148637535,4.00552156038608,-0.2659790196752068,2.529327030783615,0.11152224114718012,-2.1641861863421283,-0.17846987950563942,-2.2410273859636893,0.4015143617999996,-2.0873449867205673,0.0,3.0005548148637535,0,
2026-09-08T07:01:16.485+00:00,1015.8666666666667,15.866666666666621,tick,WAYPOINT_TURN_SETTLE,STOP,-0.10901234341179102,0.6759621280882995,-4.840987866145985,-0.16639801000271723,1.3535363935898128,3.069766663088558e-14,4.6799999999998025,-169.99999999999937,0.446526971842381,0.575,3.3005548148637534,14.840987866146605,0.446526971842381,3.9805548148637535,4.00552156038608,-0.2659790196752068,2.529327030783615,0.11152224114718012,-2.1641861863421283,-0.17846987950563942,-2.2410273859636893,0.4015143617999996,-2.0873449867205673,0.0,3.0005548148637535,0,
2026-09-08T07:01:16.518+00:00,1015.9,15.899999999999954,tick,WAYPOINT_TURN_SETTLE,STOP,-0.10901234341179102,0.6759621280882995,-4.840987866145985,-0.16639801000271723,1.3535363935898128,3.069766663088558e-14,4.6799999999998025,-169.99999999999937,0.446526971842381,0.575,3.3005548148637534,14.840987866146605,0.446526971842381,3.9805548148637535,4.00552156038608,-0.2659790196752068,2.529327030783615,0.11152224114718012,-2.1641861863421283,-0.17846987950563942,-2.2410273859636893,0.4015143617999996,-2.0873449867205673,0.0,3.0005548148637535,0,
2026-09-08T07:01:16.552+00:00,1015.9333333333333,15.933333333333287,tick,WAYPOINT_TURN_SETTLE,STOP,-0.10901234341179102,0.6759621280882995,-4.840987866145985,-0.16639801000271723,1.3535363935898128,3.069766663088558e-14,4.6799999999998025,-169.99999999999937,0.446526971842381,0.575,3.3005548148637534,14.840987866146605,0.446526971842381,3.9805548148637535,4.00552156038608,-0.2659790196752068,2.529327030783615,0.11152224114718012,-2.1641861863421283,-0.17846987950563942,-2.2410273859636893,0.4015143617999996,-2.0873449867205673,0.0,3.0005548148637535,0,
2026-09-08T07:01:16.585+00:00,1015.9666666666666,15.96666666666662,tick,WAYPOINT_TURN_SETTLE,STOP,-0.10901234341179102,0.6759621280882995,-4.840987866145985,-0.16639801000271723,1.3535363935898128,3.069766663088558e-14,4.6799999999998025,-169.99999999999937,0.446526971842381,0.575,3.3005548148637534,14.840987866146605,0.446526971842381,3.9805548148637535,4.00552156038608,-0.2659790196752068,2.529327030783615,0.11152224114718012,-2.1641861863421283,-0.17846987950563942,-2.2410273859636893,0.4015143617999996,-2.0873449867205673,0.0,3.0005548148637535,0,
2026-09-08T07:01:16.618+00:00,1016.0,15.999999999999954,tick,WAYPOINT_TURN_SETTLE,STOP,-0.10901234341179102,0.6759621280882995,-4.840987866145985,-0.16639801000271723,1.3535363935898128,3.069766663088558e-14,4.6799999999998025,-169.99999999999937,0.446526971842381,0.575,3.3005548148637534,14.840987866146605,0.446526971842381,3.9805548148637535,4.00552156038608,-0.2659790196752068,2.529327030783615,0.11152224114718012,-2.1641861863421283,-0.17846987950563942,-2.2410273859636893,0.4015143617999996,-2.0873449867205673,0.0,3.0005548148637535,0,
2026-09-08T07:01:16.652+00:00,1016.0333333333333,16.03333333333329,tick,WAYPOINT_TURN_SETTLE,STOP,-0.10901234341179102,0.6759621280882995,-4.840987866145985,-0.16639801000271723,1.3535363935898128,3.069766663088558e-14,4.6799999999998025,-169.99999999999937,0.446526971842381,0.575,3.3005548148637534,14.840987866146605,0.446526971842381,3.9805548148637535,4.00552156038608,-0.2659790196752068,2.529327030783615,0.11152224114718012,-2.1641861863421283,-0.17846987950563942,-2.2410273859636893,0.4015143617999996,-2.0873449867205673,0.0,3.0005548148637535,0,
2026-09-08T07:01:16.685+00:00,1016.0666666666666,16.066666666666624,tick,WAYPOINT_TURN_SETTLE,STOP,-0.10901234341179102,0.6759621280882995,-4.840987866145985,-0.16639801000271723,1.3535363935898128,3.069766663088558e-14,4.6799999999998025,-169.99999999999937,0.446526971842381,0.575,3.3005548148637534,14.840987866146605,0.446526971842381,3.9805548148637535,4.00552156038608,-0.2659790196752068,2.529327030783615,0.11152224114718012,-2.1641861863421283,-0.17846987950563942,-2.2410273859636893,0.4015143617999996,-2.0873449867205673,0.0,3.0005548148637535,0,
2026-09-08T07:01:16.718+00:00,1016.0999999999999,16.09999999999996,tick,WAYPOINT_TURN_SETTLE,STOP,-0.10901234341179102,0.6759621280882995,-4.840987866145985,-0.16639801000271723,1.3535363935898128,3.069766663088558e-14,4.6799999999998025,-169.99999999999937,0.446526971842381,0.575,3.3005548148637534,14.840987866146605,0.446526971842381,3.9805548148637535,4.00552156038608,-0.2659790196752068,2.529327030783615,0.11152224114718012,-2.1641861863421283,-0.17846987950563942,-2.2410273859636893,0.4015143617999996,-2.0873449867205673,0.0,3.0005548148637535,0,
2026-09-08T07:01:16.752+00:00,1016.1333333333333,16.133333333333294,tick,WAYPOINT_TURN_SETTLE,STOP,-0.10901234341179102,0.6759621280882995,-4.840987866145985,-0.16639801000271723,1.3535363935898128,3.069766663088558e-14,4.6799999999998025,-169.99999999999937,0.446526971842381,0.575,3.3005548148637534,14.840987866146605,0.446526971842381,3.9805548148637535,4.00552156038608,-0.2659790196752068,2.529327030783615,0.11152224114718012,-2.1641861863421283,-0.17846987950563942,-2.2410273859636893,0.4015143617999996,-2.0873449867205673,0.0,3.0005548148637535,0,
2026-09-08T07:01:16.785+00:00,1016.1666666666666,16.16666666666663,tick,WAYPOINT_TURN_SETTLE,STOP,-0.10901234341179102,0.6759621280882995,-4.840987866145985,-0.16639801000271723,1.3535363935898128,3.069766663088558e-14,4.6799999999998025,-169.99999999999937,0.446526971842381,0.575,3.3005548148637534,14.840987866146605,0.446526971842381,3.9805548148637535,4.00552156038608,-0.2659790196752068,2.529327030783615,0.11152224114718012,-2.1641861863421283,-0.17846987950563942,-2.2410273859636893,0.4015143617999996,-2.0873449867205673,0.0,3.0005548148637535,0,
2026-09-08T07:01:16.818+00:00,1016.1999999999999,16.199999999999964,tick,WAYPOINT_TURN_SETTLE,STOP,-0.10901234341179102,0.6759621280882995,-4.840987866145985,-0.16639801000271723,1.3535363935898128,3.069766663088558e-14,4.6799999999998025,-169.99999999999937,0.446526971842381,0.575,3.3005548148637534,14.840987866146605,0.446526971842381,3.9805548148637535,4.00552156038608,-0.2659790196752068,2.529327030783615,0.11152224114718012,-2.1641861863421283,-0.17846987950563942,-2.2410273859636893,0.4015143617999996,-2.0873449867205673,0.0,3.0005548148637535,0,
2026-09-08T07:01:16.852+00:00,1016.2333333333333,16.2333333333333,tick,WAYPOINT_TURN_SETTLE,STOP,-0.10901234341179102,0.6759621280882995,-4.840987866145985,-0.16639801000271723,1.3535363935898128,3.069766663088558e-14,4.6799999999998025,-169.99999999999937,0.446526971842381,0.575,3.3005548148637534,14.840987866146605,0.446526971842381,3.9805548148637535,4.00552156038608,-0.2659790196752068,2.529327030783615,0.11152224114718012,-2.1641861863421283,-0.17846987950563942,-2.2410273859636893,0.4015143617999996,-2.0873449867205673,0.0,3.0005548148637535,0,
2026-09-08T07:01:16.885+00:00,1016.2666666666667,16.266666666666634,tick,WAYPOINT_TURN_SETTLE,STOP,-0.10901234341179102,0.6759621280882995,-4.840987866145985,-0.16639801000271723,1.3535363935898128,3.069766663088558e-14,4.6799999999998025,-169.99999999999937,0.446526971842381,0.575,3.3005548148637534,14.840987866146605,0.446526971842381,3.9805548148637535,4.00552156038608,-0.2659790196752068,2.529327030783615,0.11152224114718012,-2.1641861863421283,-0.17846987950563942,-2.2410273859636893,0.4015143617999996,-2.0873449867205673,0.0,3.0005548148637535,0,
2026-09-08T07:01:16.918+00:00,1016.3,16.29999999999997,tick,WAYPOINT_TURN_SETTLE,STOP,-0.10901234341179102,0.6759621280882995,-4.840987866145985,-0.16639801000271723,1.3535363935898128,3.069766663088558e-14,4.6799999999998025,-169.99999999999937,0.446526971842381,0.575,3.3005548148637534,14.840987866146605,0.446526971842381,3.9805548148637535,4.00552156038608,-0.2659790196752068,2.529327030783615,0.11152224114718012,-2.1641861863421283,-0.17846987950563942,-2.2410273859636893,0.4015143617999996,-2.0873449867205673,0.0,3.0005548148637535,0,
2026-09-08T07:01:16.952+00:00,1016.3333333333333,16.333333333333304,tick,WAYPOINT_TURN_SETTLE,STOP,-0.10901234341179102,0.6759621280882995,-4.840987866145985,-0.16639801000271723,1.3535363935898128,3.069766663088558e-14,4.6799999999998025,-169.99999999999937,0.446526971842381,0.575,3.3005548148637534,14.840987866146605,0.446526971842381,3.9805548148637535,4.00552156038608,-0.2659790196752068,2.529327030783615,0.11152224114718012,-2.1641861863421283,-0.17846987950563942,-2.2410273859636893,0.4015143617999996,-2.0873449867205673,0.0,3.0005548148637535,0,
2026-09-08T07:01:16.985+00:00,1016.3666666666667,16.36666666666664,tick,WAYPOINT_TURN_SETTLE,STOP,-0.10901234341179102,0.6759621280882995,-4.840987866145985,-0.16639801000271723,1.3535363935898128,3.069766663088558e-14,4.6799999999998025,-169.99999999999937,0.446526971842381,0.575,3.3005548148637534,14.840987866146605,0.446526971842381,3.9805548148637535,4.00552156038608,-0.2659790196752068,2.529327030783615,0.11152224114718012,-2.1641861863421283,-0.17846987950563942,-2.2410273859636893,0.4015143617999996,-2.0873449867205673,0.0,3.0005548148637535,0,
2026-09-08T07:01:17.018+00:00,1016.4,16.399999999999974,tick,WAYPOINT_TURN_SETTLE,STOP,-0.10901234341179102,0.6759621280882995,-4.840987866145985,-0.16639801000271723,1.3535363935898128,3.069766663088558e-14,4.6799999999998025,-169.99999999999937,0.446526971842381,0.575,3.3005548148637534,14.840987866146605,0.446526971842381,3.9805548148637535,4.00552156038608,-0.2659790196752068,2.529327030783615,0.11152224114718012,-2.1641861863421283,-0.17846987950563942,-2.2410273859636893,0.4015143617999996,-2.0873449867205673,0.0,3.0005548148637535,0,
2026-09-08T07:01:17.052+00:00,1016.4333333333333,16.43333333333331,tick,WAYPOINT_TURN_SETTLE,STOP,-0.10901234341179102,0.6759621280882995,-4.840987866145985,-0.16639801000271723,1.3535363935898128,3.069766663088558e-14,4.6799999999998025,-169.99999999999937,0.446526971842381,0.575,3.3005548148637534,14.840987866146605,0.446526971842381,3.9805548148637535,4.00552156038608,-0.2659790196752068,2.529327030783615,0.11152224114718012,-2.1641861863421283,-0.17846987950563942,-2.2410273859636893,0.4015143617999996,-2.0873449867205673,0.0,3.0005548148637535,0,
2026-09-08T07:01:17.085+00:00,1016.4666666666667,16.466666666666644,tick,WAYPOINT_TURN_SETTLE,STOP,-0.10901234341179102,0.6759621280882995,-4.840987866145985,-0.16639801000271723,1.3535363935898128,3.069766663088558e-14,4.6799999999998025,-169.99999999999937,0.446526971842381,0.575,3.3005548148637534,14.840987866146605,0.446526971842381,3.9805548148637535,4.00552156038608,-0.2659790196752068,2.529327030783615,0.11152224114718012,-2.1641861863421283,-0.17846987950563942,-2.2410273859636893,0.4015143617999996,-2.0873449867205673,0.0,3.0005548148637535,0,
2026-09-08T07:01:17.118+00:00,1016.5,16.49999999999998,tick,WAYPOINT_TURN_SETTLE,STOP,-0.10901234341179102,0.6759621280882995,-4.840987866145985,-0.16639801000271723,1.3535363935898128,3.069766663088558e-14,4.6799999999998025,-169.99999999999937,0.446526971842381,0.575,3.3005548148637534,14.840987866146605,0.446526971842381,3.9805548148637535,4.00552156038608,-0.2659790196752068,2.529327030783615,0.11152224114718012,-2.1641861863421283,-0.17846987950563942,-2.2410273859636893,0.4015143617999996,-2.0873449867205673,0.0,3.0005548148637535,0,
2026-09-08T07:01:17.152+00:00,1016.5333333333333,16.533333333333314,tick,WAYPOINT_TURN_SETTLE,STOP,-0.10901234341179102,0.6759621280882995,-4.840987866145985,-0.16639801000271723,1.3535363935898128,3.069766663088558e-14,4.6799999999998025,-169.99999999999937,0.446526971842381,0.575,3.3005548148637534,14.840987866146605,0.446526971842381,3.9805548148637535,4.00552156038608,-0.2659790196752068,2.529327030783615,0.11152224114718012,-2.1641861863421283,-0.17846987950563942,-2.2410273859636893,0.4015143617999996,-2.0873449867205673,0.0,3.0005548148637535,0,
2026-09-08T07:01:17.185+00:00,1016.5666666666666,16.56666666666665,tick,WAYPOINT_TURN_SETTLE,STOP,-0.10901234341179102,0.6759621280882995,-4.840987866145985,-0.16639801000271723,1.3535363935898128,3.069766663088558e-14,4.6799999999998025,-169.99999999999937,0.446526971842381,0.575,3.3005548148637534,14.840987866146605,0.446526971842381,3.9805548148637535,4.00552156038608,-0.2659790196752068,2.529327030783615,0.11152224114718012,-2.1641861863421283,-0.17846987950563942,-2.2410273859636893,0.4015143617999996,-2.0873449867205673,0.0,3.0005548148637535,0,
2026-09-08T07:01:17.218+00:00,1016.6,16.599999999999984,tick,WAYPOINT_TURN_SETTLE,STOP,-0.10901234341179102,0.6759621280882995,-4.840987866145985,-0.16639801000271723,1.3535363935898128,3.069766663088558e-14,4.6799999999998025,-169.99999999999937,0.446526971842381,0.575,3.3005548148637534,14.840987866146605,0.446526971842381,3.9805548148637535,4.00552156038608,-0.2659790196752068,2.529327030783615,0.11152224114718012,-2.1641861863421283,-0.17846987950563942,-2.2410273859636893,0.4015143617999996,-2.0873449867205673,0.0,3.0005548148637535,0,
2026-09-08T07:01:17.252+00:00,1016.6333333333333,16.63333333333332,tick,WAYPOINT_TURN_SETTLE,STOP,-0.10901234341179102,0.6759621280882995,-4.840987866145985,-0.16639801000271723,1.3535363935898128,3.069766663088558e-14,4.6799999999998025,-169.99999999999937,0.446526971842381,0.575,3.3005548148637534,14.840987866146605,0.446526971842381,3.9805548148637535,4.00552156038608,-0.2659790196752068,2.529327030783615,0.11152224114718012,-2.1641861863421283,-0.17846987950563942,-2.2410273859636893,0.4015143617999996,-2.0873449867205673,0.0,3.0005548148637535,0,
2026-09-08T07:01:17.285+00:00,1016.6666666666666,16.666666666666654,tick,WAYPOINT_TURN_SETTLE,STOP,-0.10901234341179102,0.6759621280882995,-4.840987866145985,-0.16639801000271723,1.3535363935898128,3.069766663088558e-14,4.6799999999998025,-169.99999999999937,0.446526971842381,0.575,3.3005548148637534,14.840987866146605,0.446526971842381,3.9805548148637535,4.00552156038608,-0.2659790196752068,2.529327030783615,0.11152224114718012,-2.1641861863421283,-0.17846987950563942,-2.2410273859636893,0.4015143617999996,-2.0873449867205673,0.0,3.0005548148637535,0,
2026-09-08T07:01:17.318+00:00,1016.7,16.69999999999999,tick,WAYPOINT_TURN_SETTLE,STOP,-0.10901234341179102,0.6759621280882995,-4.840987866145985,-0.16639801000271723,1.3535363935898128,3.069766663088558e-14,4.6799999999998025,-169.99999999999937,0.446526971842381,0.575,3.3005548148637534,14.840987866146605,0.446526971842381,3.9805548148637535,4.00552156038608,-0.2659790196752068,2.529327030783615,0.11152224114718012,-2.1641861863421283,-0.17846987950563942,-2.2410273859636893,0.4015143617999996,-2.0873449867205673,0.0,3.0005548148637535,0,
2026-09-08T07:01:17.352+00:00,1016.7333333333333,16.733333333333324,tick,WAYPOINT_TURN_SETTLE,STOP,-0.10901234341179102,0.6759621280882995,-4.840987866145985,-0.16639801000271723,1.3535363935898128,3.069766663088558e-14,4.6799999999998025,-169.99999999999937,0.446526971842381,0.575,3.3005548148637534,14.840987866146605,0.446526971842381,3.9805548148637535,4.00552156038608,-0.2659790196752068,2.529327030783615,0.11152224114718012,-2.1641861863421283,-0.17846987950563942,-2.2410273859636893,0.4015143617999996,-2.0873449867205673,0.0,3.0005548148637535,0,
2026-09-08T07:01:17.385+00:00,1016.7666666666667,16.76666666666666,tick,WAYPOINT_TURN_SETTLE,STOP,-0.10901234341179102,0.6759621280882995,-4.840987866145985,-0.16639801000271723,1.3535363935898128,3.069766663088558e-14,4.6799999999998025,-169.99999999999937,0.446526971842381,0.575,3.3005548148637534,14.840987866146605,0.446526971842381,3.9805548148637535,4.00552156038608,-0.2659790196752068,2.529327030783615,0.11152224114718012,-2.1641861863421283,-0.17846987950563942,-2.2410273859636893,0.4015143617999996,-2.0873449867205673,0.0,3.0005548148637535,0,
2026-09-08T07:01:17.418+00:00,1016.8,16.799999999999994,tick,WAYPOINT_TURN_SETTLE,STOP,-0.10901234341179102,0.6759621280882995,-4.840987866145985,-0.16639801000271723,1.3535363935898128,3.069766663088558e-14,4.6799999999998025,-169.99999999999937,0.446526971842381,0.575,3.3005548148637534,14.840987866146605,0.446526971842381,3.9805548148637535,4.00552156038608,-0.2659790196752068,2.529327030783615,0.11152224114718012,-2.1641861863421283,-0.17846987950563942,-2.2410273859636893,0.4015143617999996,-2.0873449867205673,0.0,3.0005548148637535,0,
2026-09-08T07:01:17.452+00:00,1016.8333333333334,16.83333333333333,tick,WAYPOINT_TURN_SETTLE,STOP,-0.10901234341179102,0.6759621280882995,-4.840987866145985,-0.16639801000271723,1.3535363935898128,3.069766663088558e-14,4.6799999999998025,-169.99999999999937,0.446526971842381,0.575,3.3005548148637534,14.840987866146605,0.446526971842381,3.9805548148637535,4.00552156038608,-0.2659790196752068,2.529327030783615,0.11152224114718012,-2.1641861863421283,-0.17846987950563942,-2.2410273859636893,0.4015143617999996,-2.0873449867205673,0.0,3.0005548148637535,0,
2026-09-08T07:01:17.485+00:00,1016.8666666666667,16.866666666666664,tick,WAYPOINT_TURN_SETTLE,STOP,-0.10901234341179102,0.6759621280882995,-4.840987866145985,-0.16639801000271723,1.3535363935898128,3.069766663088558e-14,4.6799999999998025,-169.99999999999937,0.446526971842381,0.575,3.3005548148637534,14.840987866146605,0.446526971842381,3.9805548148637535,4.00552156038608,-0.2659790196752068,2.529327030783615,0.11152224114718012,-2.1641861863421283,-0.17846987950563942,-2.2410273859636893,0.4015143617999996,-2.0873449867205673,0.0,3.0005548148637535,0,
2026-09-08T07:01:17.518+00:00,1016.9,16.9,tick,WAYPOINT_TURN_SETTLE,STOP,-0.10901234341179102,0.6759621280882995,-4.840987866145985,-0.16639801000271723,1.3535363935898128,3.069766663088558e-14,4.6799999999998025,-169.99999999999937,0.446526971842381,0.575,3.3005548148637534,14.840987866146605,0.446526971842381,3.9805548148637535,4.00552156038608,-0.2659790196752068,2.529327030783615,0.11152224114718012,-2.1641861863421283,-0.17846987950563942,-2.2410273859636893,0.4015143617999996,-2.0873449867205673,0.0,3.0005548148637535,0,
2026-09-08T07:01:17.552+00:00,1016.9333333333333,16.933333333333334,tick,WAYPOINT_TURN_SETTLE,STOP,-0.10901234341179102,0.6759621280882995,-4.840987866145985,-0.16639801000271723,1.3535363935898128,3.069766663088558e-14,4.6799999999998025,-169.99999999999937,0.446526971842381,0.575,3.3005548148637534,14.840987866146605,0.446526971842381,3.9805548148637535,4.00552156038608,-0.2659790196752068,2.529327030783615,0.11152224114718012,-2.1641861863421283,-0.17846987950563942,-2.2410273859636893,0.4015143617999996,-2.0873449867205673,0.0,3.0005548148637535,0,
2026-09-08T07:01:17.585+00:00,1016.9666666666667,16.96666666666667,tick,WAYPOINT_TURN_SETTLE,STOP,-0.10901234341179102,0.6759621280882995,-4.840987866145985,-0.16639801000271723,1.3535363935898128,3.069766663088558e-14,4.6799999999998025,-169.99999999999937,0.446526971842381,0.575,3.3005548148637534,14.840987866146605,0.446526971842381,3.9805548148637535,4.00552156038608,-0.2659790196752068,2.529327030783615,0.11152224114718012,-2.1641861863421283,-0.17846987950563942,-2.2410273859636893,0.4015143617999996,-2.0873449867205673,0.0,3.0005548148637535,0,
2026-09-08T07:01:17.618+00:00,1017.0,17.000000000000004,tick,WAYPOINT_TURN_SETTLE,STOP,-0.10901234341179102,0.6759621280882995,-4.840987866145985,-0.16639801000271723,1.3535363935898128,3.069766663088558e-14,4.6799999999998025,-169.99999999999937,0.446526971842381,0.575,3.3005548148637534,14.840987866146605,0.446526971842381,3.9805548148637535,4.00552156038608,-0.2659790196752068,2.529327030783615,0.11152224114718012,-2.1641861863421283,-0.17846987950563942,-2.2410273859636893,0.4015143617999996,-2.0873449867205673,0.0,3.0005548148637535,0,
2026-09-08T07:01:17.652+00:00,1017.0333333333333,17.03333333333334,tick,WAYPOINT_TURN_SETTLE,STOP,-0.10901234341179102,0.6759621280882995,-4.840987866145985,-0.16639801000271723,1.3535363935898128,3.069766663088558e-14,4.6799999999998025,-169.99999999999937,0.446526971842381,0.575,3.3005548148637534,14.840987866146605,0.446526971842381,3.9805548148637535,4.00552156038608,-0.2659790196752068,2.529327030783615,0.11152224114718012,-2.1641861863421283,-0.17846987950563942,-2.2410273859636893,0.4015143617999996,-2.0873449867205673,0.0,3.0005548148637535,0,
2026-09-08T07:01:17.685+00:00,1017.0666666666667,17.066666666666674,tick,WAYPOINT_TURN_SETTLE,STOP,-0.10901234341179102,0.6759621280882995,-4.840987866145985,-0.16639801000271723,1.3535363935898128,3.069766663088558e-14,4.6799999999998025,-169.99999999999937,0.446526971842381,0.575,3.3005548148637534,14.840987866146605,0.446526971842381,3.9805548148637535,4.00552156038608,-0.2659790196752068,2.529327030783615,0.11152224114718012,-2.1641861863421283,-0.17846987950563942,-2.2410273859636893,0.4015143617999996,-2.0873449867205673,0.0,3.0005548148637535,0,
2026-09-08T07:01:17.718+00:00,1017.1,17.10000000000001,tick,WAYPOINT_TURN_SETTLE,STOP,-0.10901234341179102,0.6759621280882995,-4.840987866145985,-0.16639801000271723,1.3535363935898128,3.069766663088558e-14,4.6799999999998025,-169.99999999999937,0.446526971842381,0.575,3.3005548148637534,14.840987866146605,0.446526971842381,3.9805548148637535,4.00552156038608,-0.2659790196752068,2.529327030783615,0.11152224114718012,-2.1641861863421283,-0.17846987950563942,-2.2410273859636893,0.4015143617999996,-2.0873449867205673,0.0,3.0005548148637535,0,
2026-09-08T07:01:17.752+00:00,1017.1333333333333,17.133333333333344,tick,WAYPOINT_TURN_SETTLE,STOP,-0.10901234341179102,0.6759621280882995,-4.840987866145985,-0.16639801000271723,1.3535363935898128,3.069766663088558e-14,4.6799999999998025,-169.99999999999937,0.446526971842381,0.575,3.3005548148637534,14.840987866146605,0.446526971842381,3.9805548148637535,4.00552156038608,-0.2659790196752068,2.529327030783615,0.11152224114718012,-2.1641861863421283,-0.17846987950563942,-2.2410273859636893,0.4015143617999996,-2.0873449867205673,0.0,3.0005548148637535,0,
2026-09-08T07:01:17.785+00:00,1017.1666666666666,17.16666666666668,tick,WAYPOINT_TURN_SETTLE,STOP,-0.10901234341179102,0.6759621280882995,-4.840987866145985,-0.16639801000271723,1.3535363935898128,3.069766663088558e-14,4.6799999999998025,-169.99999999999937,0.446526971842381,0.575,3.3005548148637534,14.840987866146605,0.446526971842381,3.9805548148637535,4.00552156038608,-0.2659790196752068,2.529327030783615,0.11152224114718012,-2.1641861863421283,-0.17846987950563942,-2.2410273859636893,0.4015143617999996,-2.0873449867205673,0.0,3.0005548148637535,0,
2026-09-08T07:01:17.818+00:00,1017.2,17.200000000000014,tick,WAYPOINT_TURN_SETTLE,STOP,-0.10901234341179102,0.6759621280882995,-4.840987866145985,-0.16639801000271723,1.3535363935898128,3.069766663088558e-14,4.6799999999998025,-169.99999999999937,0.446526971842381,0.575,3.3005548148637534,14.840987866146605,0.446526971842381,3.9805548148637535,4.00552156038608,-0.2659790196752068,2.529327030783615,0.11152224114718012,-2.1641861863421283,-0.17846987950563942,-2.2410273859636893,0.4015143617999996,-2.0873449867205673,0.0,3.0005548148637535,0,
2026-09-08T07:01:17.852+00:00,1017.2333333333333,17.23333333333335,tick,WAYPOINT_TURN_SETTLE,STOP,-0.10901234341179102,0.6759621280882995,-4.840987866145985,-0.16639801000271723,1.3535363935898128,3.069766663088558e-14,4.6799999999998025,-169.99999999999937,0.446526971842381,0.575,3.3005548148637534,14.840987866146605,0.446526971842381,3.9805548148637535,4.00552156038608,-0.2659790196752068,2.529327030783615,0.11152224114718012,-2.1641861863421283,-0.17846987950563942,-2.2410273859636893,0.4015143617999996,-2.0873449867205673,0.0,3.0005548148637535,0,
2026-09-08T07:01:17.885+00:00,1017.2666666666667,17.266666666666683,tick,WAYPOINT_TURN_SETTLE,STOP,-0.10901234341179102,0.6759621280882995,-4.840987866145985,-0.16639801000271723,1.3535363935898128,3.069766663088558e-14,4.6799999999998025,-169.99999999999937,0.446526971842381,0.575,3.3005548148637534,14.840987866146605,0.446526971842381,3.9805548148637535,4.00552156038608,-0.2659790196752068,2.529327030783615,0.11152224114718012,-2.1641861863421283,-0.17846987950563942,-2.2410273859636893,0.4015143617999996,-2.0873449867205673,0.0,3.0005548148637535,0,
2026-09-08T07:01:17.918+00:00,1017.3000000000001,17.30000000000002,tick,WAYPOINT_TURN_SETTLE,STOP,-0.10901234341179102,0.6759621280882995,-4.840987866145985,-0.16639801000271723,1.3535363935898128,3.069766663088558e-14,4.6799999999998025,-169.99999999999937,0.446526971842381,0.575,3.3005548148637534,14.840987866146605,0.446526971842381,3.9805548148637535,4.00552156038608,-0.2659790196752068,2.529327030783615,0.11152224114718012,-2.1641861863421283,-0.17846987950563942,-2.2410273859636893,0.4015143617999996,-2.0873449867205673,0.0,3.0005548148637535,0,
2026-09-08T07:01:17.952+00:00,1017.3333333333334,17.333333333333353,tick,WAYPOINT_DRIVE,FWD,-0.10901234341179102,0.6759621280882995,-4.840987866145985,-0.16639801000271723,1.3535363935898128,3.069766663088558e-14,4.6799999999998025,-169.99999999999937,0.446526971842381,0.575,3.3005548148637534,14.840987866146605,0.446526971842381,3.9805548148637535,4.00552156038608,-0.2659790196752068,2.529327030783615,0.11152224114718012,-2.1641861863421283,-0.17846987950563942,-2.2410273859636893,0.4015143617999996,-2.0873449867205673,0.0,3.0005548148637535,0,
2026-09-08T07:01:17.985+00:00,1017.3666666666667,17.36666666666669,tick,WAYPOINT_DRIVE,FWD,-0.10901234341179102,0.6759621280882995,-4.840987866145985,-0.16639801000271723,1.3535363935898128,3.069766663088558e-14,4.6799999999998025,-169.99999999999937,0.446526971842381,0.575,3.3005548148637534,14.840987866146605,0.446526971842381,3.9805548148637535,4.00552156038608,-0.2659790196752068,2.529327030783615,0.11152224114718012,-2.1641861863421283,-0.17846987950563942,-2.2410273859636893,0.4015143617999996,-2.0873449867205673,0.0,3.0005548148637535,0,
2026-09-08T07:01:18.018+00:00,1017.4,17.400000000000023,tick,WAYPOINT_DRIVE,FWD,-0.10901234341179102,0.6759621280882995,-4.840987866145985,-0.16639801000271723,1.3535363935898128,3.069766663088558e-14,4.6799999999998025,-169.99999999999937,0.446526971842381,0.575,3.3005548148637534,14.840987866146605,0.446526971842381,3.9805548148637535,4.00552156038608,-0.2659790196752068,2.529327030783615,0.11152224114718012,-2.1641861863421283,-0.17846987950563942,-2.2410273859636893,0.4015143617999996,-2.0873449867205673,0.0,3.0005548148637535,0,
2026-09-08T07:01:18.052+00:00,1017.4333333333334,17.43333333333336,tick,WAYPOINT_DRIVE,FWD,-0.10901234341179102,0.6759621280882995,-4.840987866145985,-0.16639801000271723,1.3535363935898128,3.069766663088558e-14,4.6799999999998025,-169.99999999999937,0.446526971842381,0.575,3.3005548148637534,14.840987866146605,0.446526971842381,3.9805548148637535,4.00552156038608,-0.2659790196752068,2.529327030783615,0.11152224114718012,-2.1641861863421283,-0.17846987950563942,-2.2410273859636893,0.4015143617999996,-2.0873449867205673,0.0,3.0005548148637535,0,
2026-09-08T07:01:18.085+00:00,1017.4666666666667,17.466666666666693,tick,WAYPOINT_DRIVE,FWD,-0.10901234341179102,0.6759621280882995,-4.840987866145985,-0.16639801000271723,1.3535363935898128,3.069766663088558e-14,4.6799999999998025,-169.99999999999937,0.446526971842381,0.575,3.3005548148637534,14.840987866146605,0.446526971842381,3.9805548148637535,4.00552156038608,-0.2659790196752068,2.529327030783615,0.11152224114718012,-2.1641861863421283,-0.17846987950563942,-2.2410273859636893,0.4015143617999996,-2.0873449867205673,0.0,3.0005548148637535,0,
2026-09-08T07:01:18.118+00:00,1017.5,17.50000000000003,tick,WAYPOINT_DRIVE,FWD,-0.10901234341179102,0.6759621280882995,-4.840987866145985,-0.16639801000271723,1.3535363935898128,3.069766663088558e-14,4.6799999999998025,-169.99999999999937,0.446526971842381,0.575,3.3005548148637534,14.840987866146605,0.446526971842381,3.9805548148637535,4.00552156038608,-0.2659790196752068,2.529327030783615,0.11152224114718012,-2.1641861863421283,-0.17846987950563942,-2.2410273859636893,0.4015143617999996,-2.0873449867205673,0.0,3.0005548148637535,0,
2026-09-08T07:01:18.152+00:00,1017.5333333333334,17.533333333333363,tick,WAYPOINT_DRIVE,FWD,-0.10901234341179102,0.6759621280882995,-4.840987866145985,-0.16639801000271723,1.3535363935898128,3.069766663088558e-14,4.6799999999998025,-169.99999999999937,0.446526971842381,0.575,3.3005548148637534,14.840987866146605,0.446526971842381,3.9805548148637535,4.00552156038608,-0.2659790196752068,2.529327030783615,0.11152224114718012,-2.1641861863421283,-0.17846987950563942,-2.2410273859636893,0.4015143617999996,-2.0873449867205673,0.0,3.0005548148637535,0,
2026-09-08T07:01:18.185+00:00,1017.5666666666667,17.5666666666667,tick,WAYPOINT_DRIVE,FWD,-0.10901234341179102,0.6759621280882995,-4.840987866145985,-0.16639801000271723,1.3535363935898128,3.069766663088558e-14,4.6799999999998025,-169.99999999999937,0.446526971842381,0.575,3.3005548148637534,14.840987866146605,0.446526971842381,3.9805548148637535,4.00552156038608,-0.2659790196752068,2.529327030783615,0.11152224114718012,-2.1641861863421283,-0.17846987950563942,-2.2410273859636893,0.4015143617999996,-2.0873449867205673,0.0,3.0005548148637535,0,
2026-09-08T07:01:18.218+00:00,1017.6,17.600000000000033,tick,WAYPOINT_DRIVE,FWD,-0.10901234341179102,0.6759621280882995,-4.840987866145985,-0.16639801000271723,1.3535363935898128,3.069766663088558e-14,4.6799999999998025,-169.99999999999937,0.446526971842381,0.575,3.3005548148637534,14.840987866146605,0.446526971842381,3.9805548148637535,4.00552156038608,-0.2659790196752068,2.529327030783615,0.11152224114718012,-2.1641861863421283,-0.17846987950563942,-2.2410273859636893,0.4015143617999996,-2.0873449867205673,0.0,3.0005548148637535,0,
2026-09-08T07:01:18.252+00:00,1017.6333333333333,17.63333333333337,tick,WAYPOINT_DRIVE,FWD,-0.10901234341179102,0.6759621280882995,-4.840987866145985,-0.16639801000271723,1.3535363935898128,3.069766663088558e-14,4.6799999999998025,-169.99999999999937,0.446526971842381,0.575,3.3005548148637534,14.840987866146605,0.446526971842381,3.9805548148637535,4.00552156038608,-0.2659790196752068,2.529327030783615,0.11152224114718012,-2.1641861863421283,-0.17846987950563942,-2.2410273859636893,0.4015143617999996,-2.0873449867205673,0.0,3.0005548148637535,0,
2026-09-08T07:01:18.285+00:00,1017.6666666666667,17.666666666666703,tick,WAYPOINT_DRIVE,FWD,-0.10901234341179102,0.6759621280882995,-4.840987866145985,-0.16639801000271723,1.3535363935898128,3.069766663088558e-14,4.6799999999998025,-169.99999999999937,0.446526971842381,0.575,3.3005548148637534,14.840987866146605,0.446526971842381,3.9805548148637535,4.00552156038608,-0.2659790196752068,2.529327030783615,0.11152224114718012,-2.1641861863421283,-0.17846987950563942,-2.2410273859636893,0.4015143617999996,-2.0873449867205673,0.0,3.0005548148637535,0,
2026-09-08T07:01:18.318+00:00,1017.7,17.70000000000004,tick,WAYPOINT_DRIVE,FWD,-0.10901234341179102,0.6759621280882995,-4.840987866145985,-0.16639801000271723,1.3535363935898128,3.069766663088558e-14,4.6799999999998025,-169.99999999999937,0.446526971842381,0.575,3.3005548148637534,14.840987866146605,0.446526971842381,3.9805548148637535,4.00552156038608,-0.2659790196752068,2.529327030783615,0.11152224114718012,-2.1641861863421283,-0.17846987950563942,-2.2410273859636893,0.4015143617999996,-2.0873449867205673,0.0,3.0005548148637535,0,
2026-09-08T07:01:18.352+00:00,1017.7333333333333,17.733333333333373,tick,WAYPOINT_DRIVE,FWD,-0.10901234341179102,0.6759621280882995,-4.840987866145985,-0.16639801000271723,1.3535363935898128,3.069766663088558e-14,4.6799999999998025,-169.99999999999937,0.446526971842381,0.575,3.3005548148637534,14.840987866146605,0.446526971842381,3.9805548148637535,4.00552156038608,-0.2659790196752068,2.529327030783615,0.11152224114718012,-2.1641861863421283,-0.17846987950563942,-2.2410273859636893,0.4015143617999996,-2.0873449867205673,0.0,3.0005548148637535,0,
2026-09-08T07:01:18.385+00:00,1017.7666666666667,17.76666666666671,tick,WAYPOINT_DRIVE,FWD,-0.10901234341179102,0.6759621280882995,-4.840987866145985,-0.16639801000271723,1.3535363935898128,3.069766663088558e-14,4.6799999999998025,-169.99999999999937,0.446526971842381,0.575,3.3005548148637534,14.840987866146605,0.446526971842381,3.9805548148637535,4.00552156038608,-0.2659790196752068,2.529327030783615,0.11152224114718012,-2.1641861863421283,-0.17846987950563942,-2.2410273859636893,0.4015143617999996,-2.0873449867205673,0.0,3.0005548148637535,0,
2026-09-08T07:01:18.418+00:00,1017.8000000000001,17.800000000000043,tick,WAYPOINT_DRIVE,FWD,-0.10901234341179102,0.6759621280882995,-4.840987866145985,-0.16639801000271723,1.3535363935898128,3.069766663088558e-14,4.6799999999998025,-169.99999999999937,0.446526971842381,0.575,3.3005548148637534,14.840987866146605,0.446526971842381,3.9805548148637535,4.00552156038608,-0.2659790196752068,2.529327030783615,0.11152224114718012,-2.1641861863421283,-0.17846987950563942,-2.2410273859636893,0.4015143617999996,-2.0873449867205673,0.0,3.0005548148637535,0,
2026-09-08T07:01:18.452+00:00,1017.8333333333334,17.83333333333338,tick,WAYPOINT_DRIVE,FWD,-0.10901234341179102,0.6759621280882995,-4.840987866145985,-0.16639801000271723,1.3535363935898128,3.069766663088558e-14,4.6799999999998025,-169.99999999999937,0.446526971842381,0.575,3.3005548148637534,14.840987866146605,0.446526971842381,3.9805548148637535,4.00552156038608,-0.2659790196752068,2.529327030783615,0.11152224114718012,-2.1641861863421283,-0.17846987950563942,-2.2410273859636893,0.4015143617999996,-2.0873449867205673,0.0,3.0005548148637535,0,
2026-09-08T07:01:18.485+00:00,1017.8666666666667,17.866666666666713,tick,WAYPOINT_DRIVE,FWD,-0.10901646050470254,0.6760107401611609,-4.840987866145985,-0.16640212709562877,1.3535850056626741,3.064215547965432e-14,4.679999999999803,-169.99999999999937,0.446526971842381,0.575,3.300506028758335,14.840987866146605,0.446526971842381,3.9805060287583354,4.005473078372164,-0.26598313676811836,2.5293756428564764,0.11150974520429602,-2.164139027721566,-0.17848237544852352,-2.240980227343127,0.4015018658571155,-2.087297828100005,0.0,3.0005060287583354,0,
2026-09-08T07:01:18.518+00:00,1017.9000000000001,17.90000000000005,tick,WAYPOINT_DRIVE,FWD,-0.10903339112281495,0.6762106463714309,-4.840987866145985,-0.16641905771374116,1.3537849118729441,3.064215547965432e-14,4.679999999999803,-169.99999999999937,0.446526971842381,0.575,3.3003054068783366,14.840987866146605,0.446526971842381,3.980305406878337,4.005273707077664,-0.2660000673862308,2.529575549066746,0.111458358451198,-2.1639450985067987,-0.17853376220162154,-2.2407862981283597,0.4014504791040175,-2.0871038988852377,0.0,3.000305406878337,0,
2026-09-08T07:01:18.552+00:00,1017.9333333333334,17.933333333333383,tick,WAYPOINT_DRIVE,FWD,-0.10906341579979227,0.6765651590861623,-4.840987866145985,-0.16644908239071848,1.3541394245876757,3.064215547965432e-14,4.679999999999803,-169.99999999999937,0.446526971842381,0.575,3.29994962499834,14.840987866146605,0.446526971842381,3.97994962499834,4.004920143287149,-0.2660300920632081,2.529930061781478,0.11136722942965627,-2.163601185367232,-0.17862489122316327,-2.240442384988793,0.40135935008247575,-2.086759985745671,0.0,2.99994962499834,0,
2026-09-08T07:01:18.585+00:00,1017.9666666666667,17.96666666666672,tick,WAYPOINT_DRIVE,FWD,-0.10910653453563478,0.6770742783053587,-4.840987866145985,-0.166492201126561,1.354648543806872,3.064215547965432e-14,4.679999999999803,-169.99999999999937,0.446526971842381,0.575,3.299438683118342,14.840987866146605,0.446526971842381,3.9794386831183424,4.004412387514724,-0.2660732107990506,2.5304391810006743,0.1112363581396697,-2.163107288302862,-0.17875576251314984,-2.239948487924423,0.4012284787924892,-2.086266088681301,0.0,2.9994386831183424,0,
2026-09-08T07:01:18.618+00:00,1018.0,18.000000000000053,tick,WAYPOINT_DRIVE,FWD,-0.10916274733034234,0.6777380040290186,-4.840987866145985,-0.16654841392126857,1.3553122695305317,3.069766663088558e-14,4.679999999999803,-169.99999999999937,0.446526971842381,0.575,3.298772581238344,14.840987866146605,0.446526971842381,3.9787725812383443,4.003750440499103,-0.26612942359375813,2.531102906724334,0.11106574458123908,-2.162463407313691,-0.17892637607158046,-2.239304606935252,0.40105786523405856,-2.08562220769213,0.0,2.9987725812383443,0,
2026-09-08T07:01:18.652+00:00,1018.0333333333334,18.03333333333339,tick,WAYPOINT_DRIVE,FWD,-0.1092320541839146,0.6785563362571375,-4.840987866145985,-0.16661772077484083,1.3561306017586507,3.064215547965432e-14,4.679999999999803,-169.99999999999937,0.446526971842381,0.575,3.2979513193583507,14.840987866146605,0.446526971842381,3.977951319358351,4.002934303204035,-0.26619873044733044,2.531921238952453,0.11085538875436518,-2.1616695423997223,-0.17913673189845436,-2.2385107420212833,0.40084750940718467,-2.0848283427781613,0.0,2.997951319358351,0,
2026-09-08T07:01:18.685+00:00,1018.0666666666667,18.066666666666723,tick,WAYPOINT_DRIVE,FWD,-0.10931445509635225,0.6795292749897238,-4.840987866145985,-0.16670012168727846,1.357103540491237,3.069766663088558e-14,4.6799999999998025,-169.99999999999937,0.446526971842381,0.575,3.2969748974783535,14.840987866146605,0.446526971842381,3.9769748974783536,4.001963976818843,-0.26628113135976805,2.5328941776850393,0.11060529065904612,-2.1607256935609485,-0.17938682999377342,-2.2375668931825095,0.4005974113118656,-2.0838844939393875,0.0,2.9969748974783537,0,
2026-09-08T07:01:18.718+00:00,1018.1,18.10000000000006,tick,WAYPOINT_DRIVE,FWD,-0.10940995006765496,0.6806568202267734,-4.840987866145985,-0.16679561665858117,1.3582310857282867,3.064215547965432e-14,4.6799999999998025,-169.99999999999937,0.446526971842381,0.575,3.2958433155983564,14.840987866146605,0.446526971842381,3.9758433155983566,4.000839462759142,-0.2663766263310708,2.534021722922089,0.11031545029528267,-2.159631860797372,-0.17967667035753687,-2.236473060418933,0.40030757094810215,-2.082790661175811,0.0,2.9958433155983566,0,
2026-09-08T07:01:18.752+00:00,1018.1333333333334,18.133333333333393,tick,WAYPOINT_DRIVE,FWD,-0.10951853909782207,0.6819389719682789,-4.840987866145985,-0.16690420568874828,1.359513237469792,3.069766663088558e-14,4.679999999999803,-169.99999999999937,0.446526971842381,0.575,3.2945565737183675,14.840987866146605,0.446526971842381,3.9745565737183677,3.999560762667648,-0.26648521536123787,2.5353038746635943,0.10998586766307716,-2.158388044109003,-0.18000625298974238,-2.235229243730564,0.39997798831589665,-2.081546844487442,0.0,2.9945565737183677,0,
2026-09-08T07:01:18.785+00:00,1018.1666666666667,18.16666666666673,tick,WAYPOINT_DRIVE,FWD,-0.10964022218685486,0.6833757302142548,-4.840987866145985,-0.16702588877778107,1.360949995715768,3.064215547965432e-14,4.679999999999803,-169.99999999999937,0.446526971842381,0.575,3.2931146718383713,14.840987866146605,0.446526971842381,3.9731146718383714,3.9981278784151035,-0.2666068984502707,2.53674063290957,0.1096165427624255,-2.156994243495825,-0.18037557789039405,-2.233835443117386,0.399608663415245,-2.080153043874264,0.0,2.9931146718383714,0,
2026-09-08T07:01:18.818+00:00,1018.2,18.200000000000063,tick,WAYPOINT_DRIVE,FWD,-0.10977499933475272,0.6849670949646945,-4.840987866145985,-0.16716066592567894,1.3625413604662078,3.064215547965432e-14,4.679999999999803,-169.99999999999937,0.446526971842381,0.575,3.291517609958375,14.840987866146605,0.446526971842381,3.9715176099583753,3.996540812101412,-0.2667416755981685,2.53833199766001,0.10920747559332977,-2.155450458957846,-0.18078464505948977,-2.232291658579407,0.39919959624614926,-2.078609259336285,0.0,2.9915176099583753,0,
2026-09-08T07:01:18.852+00:00,1018.2333333333333,18.2333333333334,tick,WAYPOINT_DRIVE,FWD,-0.10992287054151462,0.6867130662195856,-4.840987866145985,-0.16730853713244084,1.3642873317210988,3.064215547965432e-14,4.679999999999803,-169.99999999999937,0.446526971842381,0.575,3.2897653880783913,14.840987866146605,0.446526971842381,3.9697653880783914,3.9947995660568387,-0.26688954680493043,2.540077968914901,0.10875866615579255,-2.1537566904950762,-0.181233454497027,-2.2305978901166372,0.39875078680861203,-2.0769154908735152,0.0,2.9897653880783914,0,
2026-09-08T07:01:18.885+00:00,1018.2666666666668,18.266666666666733,tick,WAYPOINT_DRIVE,FWD,-0.11008383580714254,0.6886136439789514,-4.840987866145985,-0.16746950239806876,1.3661879094804648,3.064215547965432e-14,4.679999999999803,-169.99999999999937,0.446526971842381,0.575,3.287858006198396,14.840987866146605,0.446526971842381,3.967858006198396,3.992904142843331,-0.26705051207055835,2.541978546674267,0.10827011444980839,-2.151912938107494,-0.18172200620301115,-2.228754137729055,0.39826223510262787,-2.075071738485933,0.0,2.987858006198396,0,
2026-09-08T07:01:18.918+00:00,1018.3000000000001,18.300000000000068,tick,WAYPOINT_DRIVE,FWD,-0.11025789513163553,0.6906688282427805,-4.840987866145985,-0.16764356172256176,1.3682430937442938,3.058664432842306e-14,4.679999999999804,-169.99999999999937,0.446526971842381,0.575,3.2857954643184013,14.840987866146605,0.446526971842381,3.9657954643184015,3.990854545256082,-0.26722457139505135,2.544033730938096,0.10774182047538006,-2.1499192017951114,-0.18225030017743948,-2.2267604014166724,0.39773394112819954,-2.0730780021735504,0.0,2.9857954643184015,0,
2026-09-08T07:01:18.952+00:00,1018.3333333333334,18.333333333333403,tick,WAYPOINT_DRIVE,FWD,-0.11044504851499216,0.6928786190110566,-4.840987866145985,-0.16783071510591838,1.3704528845125699,3.058664432842306e-14,4.679999999999804,-169.99999999999937,0.446526971842381,0.575,3.283577762438423,14.840987866146605,0.446526971842381,3.963577762438423,3.988650776325135,-0.26741172477840797,2.546243521706372,0.10717378423251167,-2.1477754815579426,-0.18281833642030787,-2.2246166811795036,0.39716590488533116,-2.0709342819363816,0.0,2.983577762438423,0,
2026-09-08T07:01:18.985+00:00,1018.3666666666668,18.366666666666738,tick,WAYPOINT_DRIVE,FWD,-0.1106452959572152,0.695243016283812,-4.840987866145985,-0.16803096254814143,1.3728172817853252,3.0531133177191805e-14,4.679999999999804,-169.99999999999937,0.446526971842381,0.575,3.2812049005584285,14.840987866146605,0.446526971842381,3.9612049005584287,3.986292839317106,-0.26761197222063104,2.5486079189791275,0.1065660057211949,-2.1454817773959567,-0.18342611493162464,-2.2223229770175177,0.3965581263740144,-2.0686405777743957,0.0,2.9812049005584287,0,
2026-09-08T07:01:19.018+00:00,1018.4000000000001,18.400000000000073,tick,WAYPOINT_DRIVE,FWD,-0.11085863745830331,0.6977620200610307,-4.840987866145985,-0.16824430404922952,1.375336285562544,3.058664432842306e-14,4.679999999999803,-169.99999999999937,0.446526971842381,0.575,3.278676878678434,14.840987866146605,0.446526971842381,3.958676878678434,3.983780737737201,-0.26782531372171914,2.551126922756346,0.10591848494143374,-2.1430380893091687,-0.1840736357113858,-2.2198792889307297,0.39591060559425323,-2.0661968896876077,0.0,2.978676878678434,0,
2026-09-08T07:01:19.052+00:00,1018.4333333333334,18.433333333333408,tick,WAYPOINT_DRIVE,FWD,-0.11108507301825458,0.7004356303426909,-4.840987866145985,-0.1684707396091808,1.3780098958442042,3.058664432842306e-14,4.679999999999803,-169.99999999999937,0.446526971842381,0.575,3.275993696798462,14.840987866146605,0.446526971842381,3.9559936967984624,3.9811144753312346,-0.2680517492816704,2.5538005330380065,0.1052312218932342,-2.1404444172976014,-0.18476089875958535,-2.2172856169191624,0.3952233425460537,-2.0636032176760404,0.0,2.9759936967984624,0,
2026-09-08T07:01:19.085+00:00,1018.4666666666667,18.466666666666743,tick,WAYPOINT_DRIVE,FWD,-0.11132460263707272,0.7032638471288357,-4.840987866145985,-0.16871026922799895,1.3808381126303488,3.058664432842306e-14,4.679999999999804,-169.99999999999937,0.446526971842381,0.575,3.2731553549184698,14.840987866146605,0.446526971842381,3.95315535491847,3.9782940560877726,-0.26829127890048854,2.556628749824151,0.10450421657658515,-2.1377007613612125,-0.1854879040762344,-2.2145419609827734,0.39449633722940464,-2.0608595617396515,0.0,2.97315535491847,0,
2026-09-08T07:01:19.118+00:00,1018.5000000000001,18.500000000000078,tick,WAYPOINT_DRIVE,FWD,-0.11157722631475595,0.7062466704194438,-4.840987866145985,-0.16896289290568217,1.383820935920957,3.058664432842306e-14,4.679999999999804,-169.99999999999937,0.446526971842381,0.575,3.270161853038477,14.840987866146605,0.446526971842381,3.9501618530384772,3.975319484240619,-0.26854390257817173,2.559611573114759,0.10373746899149172,-2.1348071215000215,-0.18625465166132782,-2.2116483211215825,0.3937295896443112,-2.0579659218784605,0.0,2.9701618530384772,0,
2026-09-08T07:01:19.152+00:00,1018.5333333333334,18.533333333333413,tick,WAYPOINT_DRIVE,FWD,-0.11184294405130182,0.7093841002144872,-4.840987866145985,-0.16922861064222805,1.3869583657160005,3.0531133177191805e-14,4.679999999999804,-169.99999999999937,0.446526971842381,0.575,3.2670131911585125,14.840987866146605,0.446526971842381,3.9470131911585127,3.9721907642712773,-0.26880962031471767,2.5627490029098023,0.10293097913796112,-2.131763497714056,-0.18706114151485842,-2.208604697335617,0.3929230997907806,-2.054922298092495,0.0,2.9670131911585127,0,
2026-09-08T07:01:19.185+00:00,1018.5666666666667,18.566666666666748,tick,WAYPOINT_DRIVE,FWD,-0.11212175584671505,0.7126761365140214,-4.840987866145985,-0.16950742243764128,1.3902504020155346,3.0531133177191805e-14,4.679999999999804,-169.99999999999937,0.446526971842381,0.575,3.263709369278521,14.840987866146605,0.446526971842381,3.9437093692785212,3.968907900911524,-0.2690884321101309,2.566041039209337,0.10208474701597947,-2.1285698900032632,-0.18790737363684007,-2.2054110896248242,0.39207686766879896,-2.0517286903817022,0.0,2.9637093692785212,0,
2026-09-08T07:01:19.218+00:00,1018.6000000000001,18.600000000000083,tick,WAYPOINT_DRIVE,FWD,-0.11241366170099337,0.7161227793180188,-4.840987866145985,-0.1697993282919196,1.393697044819532,3.0531133177191805e-14,4.679999999999804,-169.99999999999937,0.446526971842381,0.575,3.26025038739853,14.840987866146605,0.446526971842381,3.94025038739853,3.9654708991464043,-0.2693803379644092,2.5694876820133343,0.10119877262555343,-2.125226298367668,-0.1887933480272661,-2.202067497989229,0.3911908932783729,-2.048385098746107,0.0,2.96025038739853,0,
2026-09-08T07:01:19.252+00:00,1018.6333333333334,18.633333333333418,tick,WAYPOINT_DRIVE,FWD,-0.11271866161413378,0.7197240286264448,-4.840987866145985,-0.17010432820506,1.3972982941279581,3.0531133177191805e-14,4.679999999999804,-169.99999999999937,0.446526971842381,0.575,3.2566362455185733,14.840987866146605,0.446526971842381,3.9366362455185735,3.9618797642171444,-0.2696853378775496,2.5730889313217604,0.10027305596669223,-2.1217327228073057,-0.18971906468612731,-2.1985739224288667,0.3902651766195117,-2.0448915231857447,0.0,2.9566362455185735,0,
2026-09-08T07:01:19.285+00:00,1018.6666666666667,18.666666666666753,tick,WAYPOINT_DRIVE,FWD,-0.11303675558614212,0.723479884439368,-4.840987866145985,-0.17042242217706835,1.4010541499408813,3.0531133177191805e-14,4.679999999999804,-169.99999999999937,0.446526971842381,0.575,3.2528669436385833,14.840987866146605,0.446526971842381,3.9328669436385835,3.9581345016241958,-0.27000343184955794,2.576844787134683,0.09930759703937819,-2.1180891633221095,-0.19068452361344135,-2.1949303629436705,0.3892997176921977,-2.0412479637005485,0.0,2.9528669436385835,0,
2026-09-08T07:01:19.318+00:00,1018.7,18.700000000000088,tick,WAYPOINT_DRIVE,FWD,-0.11336794361701552,0.7273903467567547,-4.840987866145985,-0.17075361020794175,1.404964612258268,3.0531133177191805e-14,4.679999999999804,-169.99999999999937,0.446526971842381,0.575,3.248942481758593,14.840987866146605,0.446526971842381,3.928942481758593,3.954235117130758,-0.27033461988043134,2.58075524945207,0.09830239584361955,-2.1142956199121103,-0.1916897248092,-2.1911368195336713,0.38829451649643903,-2.0374544202905494,0.0,2.948942481758593,0,
2026-09-08T07:01:19.352+00:00,1018.7333333333335,18.733333333333423,tick,WAYPOINT_DRIVE,FWD,-0.11371222570675037,0.7314554155785623,-4.840987866145985,-0.17109789229767658,1.4090296810800755,3.0531133177191805e-14,4.679999999999805,-169.99999999999937,0.446526971842381,0.575,3.244862859878646,14.840987866146605,0.446526971842381,3.924862859878646,3.950181616766185,-0.2706789019701662,2.5848203182738776,0.09725745237942807,-2.1103520925773527,-0.19273466827339147,-2.1871932921989137,0.38724957303224755,-2.0335108929557917,0.0,2.944862859878646,0,
2026-09-08T07:01:19.385+00:00,1018.7666666666668,18.766666666666758,tick,WAYPOINT_DRIVE,FWD,-0.1140696018553538,0.7356750909048746,-4.840987866145985,-0.17145526844628,1.413249356406388,3.0531133177191805e-14,4.679999999999804,-169.99999999999937,0.446526971842381,0.575,3.240628077998657,14.840987866146605,0.446526971842381,3.920628077998657,3.945974006829514,-0.2710362781187696,2.58903999360019,0.0961727666467812,-2.1062585813177517,-0.19381935400603834,-2.1830997809393127,0.3861648872996007,-2.0294173816961907,0.0,2.940628077998657,0,
2026-09-08T07:01:19.418+00:00,1018.8000000000001,18.800000000000093,tick,WAYPOINT_DRIVE,FWD,-0.11444007206282228,0.7400493727356506,-4.840987866145985,-0.1718257386537485,1.4176236382371639,3.0531133177191805e-14,4.679999999999804,-169.99999999999937,0.446526971842381,0.575,3.2362381361186685,14.840987866146605,0.446526971842381,3.9162381361186687,3.9416122938935727,-0.2714067483262381,2.593414275430966,0.09504833864569051,-2.1020150861333504,-0.19494378200712903,-2.1788562857549114,0.38504045929851,-2.0251738865117894,0.0,2.9362381361186687,0,
2026-09-08T07:01:19.452+00:00,1018.8333333333335,18.833333333333428,tick,WAYPOINT_DRIVE,FWD,-0.1148236363291515,0.7445782610708389,-4.840987866145985,-0.17220930292007772,1.422152526572352,3.0531133177191805e-14,4.679999999999804,-169.99999999999937,0.446526971842381,0.575,3.2316930342387313,14.840987866146605,0.446526971842381,3.9116930342387315,3.937096484808893,-0.2717903125925673,2.5979431637661543,0.09388416837616853,-2.0976216070241964,-0.196107952276651,-2.1744628066457574,0.383876289028988,-2.0207804074026354,0.0,2.9316930342387315,0,
2026-09-08T07:01:19.485+00:00,1018.8666666666668,18.866666666666763,tick,WAYPOINT_DRIVE,FWD,-0.11522029465434998,0.7492617559105405,-4.840987866145985,-0.1726059612452762,1.4268360214120537,3.064215547965432e-14,4.679999999999804,-169.99999999999937,0.446526971842381,0.575,3.2269927723587437,14.840987866146605,0.446526971842381,3.906992772358744,3.932426586707779,-0.2721869709177658,2.602626658605856,0.0926802558381894,-2.0930781439901924,-0.19731186481463014,-2.1699193436117534,0.3826723764910089,-2.0162369443686314,0.0,2.926992772358744,0,
2026-09-08T07:01:19.518+00:00,1018.9000000000001,18.900000000000098,tick,WAYPOINT_DRIVE,FWD,-0.11563004703841352,0.7540998572547053,-4.840987866145985,-0.17301571362933973,1.4316741227562186,3.064215547965432e-14,4.679999999999804,-169.99999999999937,0.446526971842381,0.575,3.2221373504787567,14.840987866146605,0.446526971842381,3.902137350478757,3.9276026070090264,-0.2725967233018293,2.6074647599500205,0.0914366010317661,-2.0883846970313873,-0.19855551962105344,-2.1652258966529483,0.3814287216845856,-2.0115434974098263,0.0,2.922137350478757,0,
2026-09-08T07:01:19.552+00:00,1018.9333333333334,18.933333333333433,tick,WAYPOINT_DRIVE,FWD,-0.11605289348133707,0.7590925651032737,-4.840987866145985,-0.1734385600722633,1.436666830604787,3.064215547965432e-14,4.679999999999804,-169.99999999999937,0.446526971842381,0.575,3.21712676859883,14.840987866146605,0.446526971842381,3.89712676859883,3.9226245534224002,-0.2730195697447529,2.6124574677985892,0.09015320395691395,-2.0835412661478387,-0.1998389166959056,-2.1603824657693997,0.38014532460973344,-2.0067000665262777,0.0,2.91712676859883,0,
2026-09-08T07:01:19.585+00:00,1018.9666666666668,18.966666666666768,tick,WAYPOINT_DRIVE,FWD,-0.11648883398313062,0.7642398794563641,-4.840987866145985,-0.17387450057405685,1.4418141449578772,3.064215547965432e-14,4.679999999999804,-169.99999999999937,0.446526971842381,0.575,3.2119610267188445,14.840987866146605,0.446526971842381,3.8919610267188447,3.9174924339532717,-0.27345551024654646,2.6176047821516795,0.08883006461360277,-2.078547851339432,-0.20116205603921677,-2.155389050960993,0.37882218526642225,-2.001706651717871,0.0,2.9119610267188447,0,
2026-09-08T07:01:19.618+00:00,1019.0000000000001,19.000000000000103,tick,WAYPOINT_DRIVE,FWD,-0.11693786854378924,0.7695418003139176,-4.840987866145985,-0.17432353513471546,1.4471160658154307,3.058664432842306e-14,4.679999999999804,-169.99999999999937,0.446526971842381,0.575,3.20664012483886,14.840987866146605,0.446526971842381,3.88664012483886,3.9122062569080067,-0.27390454480720505,2.622906703009233,0.08746718300184719,-2.073404452606224,-0.20252493765097235,-2.150245652227785,0.3774593036546667,-1.9965632529846633,0.0,2.90664012483886,0,
2026-09-08T07:01:19.652+00:00,1019.0333333333334,19.033333333333438,tick,WAYPOINT_DRIVE,FWD,-0.11739999716330703,0.7749983276758654,-4.840987866145985,-0.17478566375423324,1.4525725931773787,3.064215547965432e-14,4.679999999999804,-169.99999999999937,0.446526971842381,0.575,3.2011640629589446,14.840987866146605,0.446526971842381,3.881164062958945,3.9067660308990493,-0.27436667342672283,2.628363230371181,0.08606455912166522,-2.068111069948282,-0.20392756153115432,-2.144952269569843,0.3760566797744847,-1.991269870326721,0.0,2.901164062958945,0,
2026-09-08T07:01:19.685+00:00,1019.0666666666667,19.066666666666773,tick,WAYPOINT_DRIVE,FWD,-0.11787521984169565,0.7806094615423446,-4.840987866145985,-0.17526088643262186,1.4581837270438578,3.058664432842306e-14,4.679999999999805,-169.99999999999937,0.446526971842381,0.575,3.1955328410789616,14.840987866146605,0.446526971842381,3.875532841078962,3.9011717648501834,-0.27484189610511145,2.63397436423766,0.08462219297302165,-2.0626677033654723,-0.2053699276797979,-2.1395089029870333,0.37461431362584113,-1.9858265037439116,0.0,2.895532841078962,0,
2026-09-08T07:01:19.718+00:00,1019.1000000000001,19.100000000000108,tick,WAYPOINT_DRIVE,FWD,-0.11836353657894931,0.7863752019132871,-4.840987866145985,-0.17574920316987552,1.4639494674148004,3.0531133177191805e-14,4.679999999999805,-169.99999999999937,0.446526971842381,0.575,3.1897464591989784,14.840987866146605,0.446526971842381,3.8697464591989785,3.8954234680026456,-0.27533021284236514,2.6397401046086024,0.08314008455593369,-2.057074352857861,-0.20685203609688585,-2.133915552479422,0.3731322052087532,-1.9802331532363002,0.0,2.8897464591989785,0,
2026-09-08T07:01:19.752+00:00,1019.1333333333334,19.133333333333443,tick,WAYPOINT_DRIVE,FWD,-0.11886494737506129,0.7922955487886133,-4.840987866145985,-0.1762506139659875,1.4698698142901265,3.0531133177191805e-14,4.679999999999804,-169.99999999999937,0.446526971842381,0.575,3.1838049173190752,14.840987866146605,0.446526971842381,3.8638049173190754,3.8895211499208733,-0.27583162363847713,2.645660451483929,0.08161823387042211,-2.0513310184255262,-0.20837388678239743,-2.1281722180470872,0.3716103545232416,-1.9744898188039652,0.0,2.8838049173190754,0,
2026-09-08T07:01:19.785+00:00,1019.1666666666667,19.166666666666778,tick,WAYPOINT_DRIVE,FWD,-0.11937945223004491,0.798370502168481,-4.840987866145985,-0.17676511882097112,1.4759447676699944,3.058664432842306e-14,4.679999999999804,-169.99999999999937,0.446526971842381,0.575,3.1777082154390937,14.840987866146605,0.446526971842381,3.857708215439094,3.883464820498443,-0.27634612849346074,2.651735404863796,0.08005664091644604,-2.045437700068313,-0.2099354797363735,-2.122278899689874,0.3700487615692655,-1.968596500446752,0.0,2.877708215439094,0,
2026-09-08T07:01:19.818+00:00,1019.2000000000002,19.200000000000113,tick,WAYPOINT_DRIVE,FWD,-0.11990705114389363,0.8046000620528121,-4.840987866145985,-0.17729271773481986,1.4821743275543253,3.064215547965432e-14,4.679999999999804,-169.99999999999937,0.446526971842381,0.575,3.1714563535591123,14.840987866146605,0.446526971842381,3.8514563535591124,3.877254489964978,-0.2768737274073094,2.6579649647481274,0.07845530569402581,-2.0393943977862987,-0.21153681495879373,-2.1162355974078597,0.3684474263468453,-1.9625531981647377,0.0,2.8714563535591124,0,
2026-09-08T07:01:19.852+00:00,1019.2333333333335,19.233333333333448,tick,WAYPOINT_DRIVE,FWD,-0.12044774411659973,0.810984228441516,-4.840987866145985,-0.17783341070752595,1.4885584939430292,3.064215547965432e-14,4.679999999999804,-169.99999999999937,0.446526971842381,0.575,3.165049331679222,14.840987866146605,0.446526971842381,3.8450493316792222,3.870890168892623,-0.2774144203800155,2.6643491311368313,0.07681422820318462,-2.0332011115795705,-0.21317789244963492,-2.1100423112011315,0.3668063488560041,-1.9563599119580097,0.0,2.8650493316792223,0,
2026-09-08T07:01:19.885+00:00,1019.2666666666668,19.266666666666783,tick,WAYPOINT_DRIVE,FWD,-0.12100153114817841,0.8175230013347723,-4.840987866145985,-0.17838719773910464,1.4950972668362854,3.064215547965432e-14,4.679999999999804,-169.99999999999937,0.446526971842381,0.575,3.158487149799243,14.840987866146605,0.446526971842381,3.838487149799243,3.864371868202728,-0.2779682074115942,2.6708879040300877,0.07513340844387639,-2.026857841447955,-0.21485871220894315,-2.103699041069516,0.3651255290966959,-1.9500166418263942,0.0,2.858487149799243,0,
2026-09-08T07:01:19.918+00:00,1019.3000000000001,19.300000000000118,tick,WAYPOINT_DRIVE,FWD,-0.12156841223862215,0.824216380732492,-4.840987866145985,-0.17895407882954836,1.5017906462340052,3.064215547965432e-14,4.679999999999804,-169.99999999999937,0.446526971842381,0.575,3.1517698079192638,14.840987866146605,0.446526971842381,3.831769807919264,3.8576995991736265,-0.27853508850203795,2.6775812834278074,0.07341284641612389,-2.020364587391538,-0.21657927423669565,-2.097205787013099,0.3634049670689434,-1.9435233877699771,0.0,2.851769807919264,0,
2026-09-08T07:01:19.952+00:00,1019.3333333333335,19.333333333333453,tick,WAYPOINT_DRIVE,FWD,-0.12214838738792227,0.8310643666345728,-4.840987866145985,-0.1795340539788485,1.508638632136086,3.058664432842306e-14,4.679999999999804,-169.99999999999937,0.446526971842381,0.575,3.144897306039388,14.840987866146605,0.446526971842381,3.824897306039388,3.8508733734479113,-0.2791150636513381,2.6844292693298883,0.07165254211995353,-2.013721349410419,-0.218339578532866,-2.09056254903198,0.361644662772773,-1.9368801497888581,0.0,2.844897306039388,0,
2026-09-08T07:01:19.985+00:00,1019.3666666666668,19.366666666666788,tick,WAYPOINT_DRIVE,FWD,-0.12274145659609598,0.8380669590412173,-4.840987866145985,-0.1801271231870222,1.5156412245427306,3.058664432842306e-14,4.679999999999804,-169.99999999999937,0.446526971842381,0.575,3.137869644159411,14.840987866146605,0.446526971842381,3.817869644159411,3.843893203039938,-0.2797081328595118,2.6914318617365325,0.06985249555531303,-2.0069281275044006,-0.2201396250975065,-2.0837693271259616,0.3598446162081325,-1.9300869278828396,0.0,2.837869644159411,0,
2026-09-08T07:01:20.018+00:00,1019.4000000000001,19.400000000000123,tick,WAYPOINT_DRIVE,FWD,-0.12334761986313474,0.8452241579523255,-4.840987866145985,-0.18073328645406095,1.5227984234538388,3.058664432842306e-14,4.679999999999804,-169.99999999999937,0.446526971842381,0.575,3.130686822279434,14.840987866146605,0.446526971842381,3.8106868222794343,3.836759100344568,-0.28031429612655057,2.698589060647641,0.06801270672222837,-1.999984921673581,-0.22197941393059117,-2.076826121295142,0.35800482737504785,-1.92314372205202,0.0,2.8306868222794344,0,
2026-09-08T07:01:20.052+00:00,1019.4333333333335,19.433333333333458,tick,WAYPOINT_DRIVE,FWD,-0.12396687718902882,0.8525359633677819,-4.840987866145985,-0.18135254377995505,1.5301102288692952,3.064215547965432e-14,4.679999999999804,-169.99999999999937,0.446526971842381,0.575,3.1233488403995726,14.840987866146605,0.446526971842381,3.8033488403995728,3.829471078145323,-0.28093355345244464,2.7059008660630974,0.0661331756207289,-1.992891731918071,-0.22385894503209064,-2.069732931539632,0.3561252962735484,-1.91605053229651,0.0,2.823348840399573,0,
2026-09-08T07:01:20.085+00:00,1019.4666666666668,19.466666666666793,tick,WAYPOINT_DRIVE,FWD,-0.12459922857379753,0.860002375287815,-4.840987866145985,-0.18198489516472374,1.5375766407893283,3.064215547965432e-14,4.679999999999804,-169.99999999999937,0.446526971842381,0.575,3.115855698519598,14.840987866146605,0.446526971842381,3.795855698519598,3.8220291496228063,-0.28156590483721333,2.7133672779831306,0.06421390225075624,-1.98564855823765,-0.2257782184020633,-2.0624897578592107,0.3542060229035757,-1.908807358616089,0.0,2.815855698519598,0,
2026-09-08T07:01:20.118+00:00,1019.5000000000001,19.500000000000128,tick,WAYPOINT_DRIVE,FWD,-0.12524467401743128,0.8676233937123112,-4.840987866145985,-0.1826303406083575,1.5451976592138243,3.069766663088558e-14,4.679999999999804,-169.99999999999937,0.446526971842381,0.575,3.1082073966396235,14.840987866146605,0.446526971842381,3.7882073966396237,3.8144333283645007,-0.2822113502808471,2.7209882964076266,0.0622548866123393,-1.9782554006324276,-0.22773723404048024,-2.0550966002539885,0.3522470072651588,-1.9014142010108666,0.0,2.8082073966396237,0,
2026-09-08T07:01:20.152+00:00,1019.5333333333334,19.533333333333463,tick,WAYPOINT_DRIVE,FWD,-0.12590321351991926,0.8753990186411432,-4.840987866145985,-0.1832888801108455,1.5529732841426565,3.069766663088558e-14,4.679999999999804,-169.99999999999937,0.446526971842381,0.575,3.1004039347597776,14.840987866146605,0.446526971842381,3.7804039347597778,3.806683628373907,-0.28286988978333505,2.7287639213364585,0.060256128705511,-1.9707122591025277,-0.22973599194730854,-2.0475534587240887,0.3502482493583305,-1.8938710594809667,0.0,2.800403934759778,0,
2026-09-08T07:01:20.185+00:00,1019.5666666666668,19.566666666666798,tick,WAYPOINT_DRIVE,FWD,-0.12657484708128297,0.8833292500745641,-4.840987866145985,-0.1839605136722092,1.5609035155760773,3.069766663088558e-14,4.679999999999804,-169.99999999999937,0.446526971842381,0.575,3.0924453128798057,14.840987866146605,0.446526971842381,3.772445312879806,3.798780064079986,-0.2835415233446988,2.7366941527698794,0.058217628530206234,-1.9630191336477043,-0.2317744921226133,-2.039860333269265,0.3482097491830257,-1.8861779340261433,0.0,2.792445312879806,0,
2026-09-08T07:01:20.218+00:00,1019.6000000000001,19.600000000000133,tick,WAYPOINT_DRIVE,FWD,-0.12725957470151178,0.8914140880124487,-4.840987866145985,-0.184645241292438,1.568988353513962,3.064215547965432e-14,4.679999999999804,-169.99999999999937,0.446526971842381,0.575,3.0843315309998336,14.840987866146605,0.446526971842381,3.7643315309998338,3.7907226503481204,-0.2842262509649276,2.744778990707764,0.05613938608645708,-1.9551760242680791,-0.23385273456636246,-2.03201722388964,0.34613150673927656,-1.8783348246465181,0.0,2.7843315309998338,0,
2026-09-08T07:01:20.252+00:00,1019.6333333333334,19.633333333333468,tick,WAYPOINT_DRIVE,FWD,-0.1279573963805936,0.899653532454655,-4.840987866145985,-0.18534306297151984,1.5772277979561682,3.069766663088558e-14,4.679999999999804,-169.99999999999937,0.446526971842381,0.575,3.0760625891200037,14.840987866146605,0.446526971842381,3.756062589120004,3.7825114024903606,-0.28492407264400943,2.7530184351499702,0.054021401374300115,-1.94718293096379,-0.23597071927851943,-2.024024130585351,0.3440135220271196,-1.870341731342229,0.0,2.776062589120004,0,
2026-09-08T07:01:20.285+00:00,1019.6666666666669,19.666666666666803,tick,WAYPOINT_DRIVE,FWD,-0.1286683121185523,0.9080475834014637,-4.840987866145985,-0.18605397870947854,1.585621848902977,3.0753177782116836e-14,4.679999999999803,-169.99999999999937,0.446526971842381,0.575,3.067638487240034,14.840987866146605,0.446526971842381,3.7476384872400343,3.774146336275993,-0.2856349883819681,2.7614124860967793,0.05186367439366307,-1.9390398537345641,-0.23812844625915647,-2.015881053356125,0.34185579504648256,-1.8621986541130031,0.0,2.7676384872400344,0,
2026-09-08T07:01:20.318+00:00,1019.7000000000002,19.700000000000138,tick,WAYPOINT_DRIVE,FWD,-0.12939232191537609,0.9165962408527365,-4.840987866145985,-0.1867779885063023,1.5941705063542497,3.0753177782116836e-14,4.679999999999803,-169.99999999999937,0.446526971842381,0.575,3.0590592253600644,14.840987866146605,0.446526971842381,3.7390592253600645,3.765627467943813,-0.2863589981787919,2.769961143548052,0.0496662051445817,-1.9307467925805362,-0.24032591550823784,-2.007587992202097,0.3396583257974012,-1.8539055929589752,0.0,2.7590592253600645,0,
2026-09-08T07:01:20.352+00:00,1019.7333333333335,19.733333333333473,tick,WAYPOINT_DRIVE,FWD,-0.1301294257710517,0.9252995048083165,-4.840987866145985,-0.18751509236197791,1.6028737703098297,3.0753177782116836e-14,4.679999999999803,-169.99999999999937,0.446526971842381,0.575,3.050324803480252,14.840987866146605,0.446526971842381,3.730324803480252,3.756954814213595,-0.2870961020344675,2.7786644075036318,0.047428993627096405,-1.922303747501859,-0.24256312702572314,-1.9991449471234197,0.3374211142799159,-1.845462547880298,0.0,2.750324803480252,0,
2026-09-08T07:01:20.385+00:00,1019.7666666666668,19.766666666666808,tick,WAYPOINT_DRIVE,FWD,-0.13087962368560535,0.9341573752685134,-4.840987866145985,-0.18826529027653158,1.6117316407700266,3.0753177782116836e-14,4.679999999999803,-169.99999999999937,0.446526971842381,0.575,3.0414352216002856,14.840987866146605,0.446526971842381,3.7214352216002857,3.748128392297934,-0.28784629994902117,2.787522277963829,0.04515203984112737,-1.9137107184982312,-0.24484008081169217,-1.990551918119792,0.33514416049394685,-1.8368695188766702,0.0,2.7414352216002857,0,
2026-09-08T07:01:20.418+00:00,1019.8000000000002,19.800000000000143,tick,WAYPOINT_DRIVE,FWD,-0.1316429156590241,0.943169852233174,-4.840987866145985,-0.18902858224995034,1.620744117734687,3.064215547965432e-14,4.679999999999804,-169.99999999999937,0.446526971842381,0.575,3.0323904797203194,14.840987866146605,0.446526971842381,3.7123904797203195,3.739148219915973,-0.28860959192243996,2.7965347549284894,0.04283534378671411,-1.904967705569802,-0.24715677686610543,-1.9818089051913628,0.3328274644395336,-1.828126505948241,0.0,2.7323904797203196,0,
2026-09-08T07:01:20.452+00:00,1019.8333333333335,19.833333333333478,tick,WAYPOINT_DRIVE,FWD,-0.1324193016912934,0.9523369357021265,-4.840987866145985,-0.18980496828221963,1.6299112012036399,3.069766663088558e-14,4.679999999999804,-169.99999999999937,0.446526971842381,0.575,3.023190577840525,14.840987866146605,0.446526971842381,3.703190577840525,3.730014315306252,-0.2893859779547092,2.805701838397442,0.04047890546390054,-1.8960747087167371,-0.249513215188919,-1.9729159083382979,0.33047102611672,-1.8192335090951761,0.0,2.723190577840525,0,
2026-09-08T07:01:20.485+00:00,1019.8666666666668,19.866666666666813,tick,WAYPOINT_DRIVE,FWD,-0.1332087817824421,0.9616586256757114,-4.840987866145985,-0.19059444837336834,1.6392328911772247,3.064215547965432e-14,4.679999999999804,-169.99999999999937,0.446526971842381,0.575,3.013835515960561,14.840987866146605,0.446526971842381,3.6938355159605614,3.720726697239983,-0.2901754580458579,2.815023528371027,0.03808272487259945,-1.887031727938707,-0.2519093957802201,-1.9638729275602678,0.32807484552541893,-1.810190528317146,0.0,2.7138355159605614,0,
2026-09-08T07:01:20.518+00:00,1019.9000000000001,19.900000000000148,tick,WAYPOINT_DRIVE,FWD,-0.13400794307076744,0.9710946252052498,-4.840987866145985,-0.19139360966169366,1.648668890706763,3.058664432842306e-14,4.679999999999804,-169.99999999999937,0.446526971842381,0.575,3.0043657352932907,14.840987866146605,0.446526971842381,3.684365735293291,3.7113255324730003,-0.2909746193341832,2.824459527900565,0.03565716051717899,-1.8778778553459774,-0.25433496013564055,-1.9547190549675382,0.3256492811699985,-1.8010366557244164,0.0,2.704365735293291,0,
2026-09-08T07:01:20.552+00:00,1019.9333333333335,19.933333333333483,tick,WAYPOINT_DRIVE,FWD,-0.13480761033970085,0.9805365990391617,-4.840987866145985,-0.19219327693062707,1.6581108645406748,3.0531133177191805e-14,4.679999999999804,-169.99999999999937,0.446526971842381,0.575,2.994889958933473,14.840987866146605,0.446526971842381,3.6748899589334734,3.701918765566418,-0.29177428660311666,2.833901501734477,0.033230060441065634,-1.868718187074593,-0.2567620602117539,-1.9455593866961538,0.3232221810938851,-1.791876987453032,0.0,2.6948899589334734,0,
2026-09-08T07:01:20.585+00:00,1019.9666666666668,19.966666666666818,tick,WAYPOINT_DRIVE,FWD,-0.13560727760864968,0.9899785728732556,-4.840987866145985,-0.1929929441995759,1.6675528383747689,3.042011087472929e-14,4.679999999999804,-169.99999999999937,0.446526971842381,0.575,2.985414182573473,14.840987866146605,0.446526971842381,3.665414182573473,3.692512351555982,-0.29257395387206553,2.843343475568571,0.03080296036490543,-1.859558518803032,-0.2591891602879141,-1.9363997184245927,0.3207950810177249,-1.782717319181471,0.0,2.685414182573473,0,
2026-09-08T07:01:20.618+00:00,1020.0000000000001,20.000000000000153,tick,WAYPOINT_DRIVE,FWD,-0.13640694487759852,0.9994205467073497,-4.840987866145985,-0.19379261146852475,1.676994812208863,3.036459972349803e-14,4.679999999999804,-169.99999999999937,0.446526971842381,0.575,2.9759384062134724,14.840987866146605,0.446526971842381,3.6559384062134725,3.683106293145696,-0.29337362114101434,2.852785449402665,0.028375860288745225,-1.8503988505314706,-0.2616162603640743,-1.9272400501530313,0.3183679809415647,-1.7735576509099096,0.0,2.6759384062134726,0,
2026-09-08T07:01:20.652+00:00,1020.0333333333335,20.033333333333488,tick,WAYPOINT_DRIVE,FWD,-0.13720661214653135,1.008862520541255,-4.840987866145985,-0.19459227873745757,1.6864367860427683,3.0253577421035516e-14,4.679999999999805,-169.99999999999937,0.446526971842381,0.575,2.966462629853662,14.840987866146605,0.446526971842381,3.646462629853662,3.6737005930671613,-0.29417328840994716,2.86222742323657,0.02594876021263376,-1.841239182260093,-0.2640433604401858,-1.9180803818816539,0.31594088086545324,-1.764397982638532,0.0,2.6664626298536622,0,
2026-09-08T07:01:20.685+00:00,1020.0666666666668,20.066666666666823,tick,WAYPOINT_DRIVE,FWD,-0.13800627941548016,1.0183044943753494,-4.840987866145985,-0.1953919460064064,1.6958787598768628,3.0253577421035516e-14,4.679999999999805,-169.99999999999937,0.446526971842381,0.575,2.9569868534936616,14.840987866146605,0.446526971842381,3.636986853493662,3.6642952540793505,-0.294972955678896,2.871669397070665,0.023521660136473554,-1.832079513988532,-0.266470460516346,-1.9089207136100927,0.31351378078929304,-1.755238314366971,0.0,2.656986853493662,0,
2026-09-08T07:01:20.718+00:00,1020.1000000000001,20.100000000000158,tick,WAYPOINT_DRIVE,FWD,-0.138805946684429,1.027746468209444,-4.840987866145985,-0.19619161327535523,1.7053207337109573,3.0142555118573e-14,4.679999999999807,-169.99999999999937,0.446526971842381,0.575,2.9475110771336617,14.840987866146605,0.446526971842381,3.627511077133662,3.6548902789701017,-0.2957726229478448,2.881111370904759,0.02109456006031346,-1.822919845716971,-0.2688975605925061,-1.8997610453385319,0.31108668071313295,-1.74607864609541,0.0,2.647511077133662,0,
2026-09-08T07:01:20.752+00:00,1020.1333333333334,20.133333333333493,tick,WAYPOINT_DRIVE,FWD,-0.1396056139533612,1.0371884420433422,-4.840987866145985,-0.19699128054428744,1.7147627075448555,3.008704396734174e-14,4.679999999999807,-169.99999999999937,0.446526971842381,0.575,2.9380353007738584,14.840987866146605,0.446526971842381,3.6180353007738586,3.6454856705559155,-0.296572290216777,2.8905533447386578,0.01866745998420377,-1.8137601774456005,-0.27132466066861577,-1.8906013770671612,0.30865958063702326,-1.7369189778240395,0.0,2.6380353007738586,0,
2026-09-08T07:01:20.785+00:00,1020.1666666666669,20.166666666666828,tick,WAYPOINT_DRIVE,FWD,-0.14040528122231005,1.0466304158774367,-4.840987866145985,-0.19779094781323628,1.72420468137895,2.9976021664879227e-14,4.679999999999808,-169.99999999999937,0.446526971842381,0.575,2.928559524413858,14.840987866146605,0.446526971842381,3.608559524413858,3.636081431681735,-0.29737195748572587,2.899995318572752,0.016240359908043567,-1.8046005091740391,-0.273751760744776,-1.8814417087956,0.30623248056086305,-1.7277593095524781,0.0,2.628559524413858,0,
2026-09-08T07:01:20.818+00:00,1020.2000000000002,20.200000000000163,tick,WAYPOINT_DRIVE,FWD,-0.1412049484912589,1.0560723897115314,-4.840987866145985,-0.19859061508218512,1.7336466552130445,2.986499936241671e-14,4.679999999999809,-169.99999999999937,0.446526971842381,0.575,2.9190837480538576,14.840987866146605,0.446526971842381,3.599083748053858,3.6266775652224905,-0.29817162475467474,2.909437292406847,0.013813259831883362,-1.795440840902478,-0.2761788608209362,-1.8722820405240388,0.30380538048470285,-1.718599641280917,0.0,2.619083748053858,0,
2026-09-08T07:01:20.852+00:00,1020.2333333333335,20.233333333333498,tick,WAYPOINT_DRIVE,FWD,-0.14200461576019052,1.0655143635454225,-4.840987866145985,-0.19939028235111675,1.7430886290469356,2.986499936241671e-14,4.679999999999809,-169.99999999999937,0.446526971842381,0.575,2.909607971694061,14.840987866146605,0.446526971842381,3.589607971694061,3.617274074082897,-0.29897129202360634,2.918879266240738,0.011386159755775394,-1.7862811726311136,-0.27860596089704415,-1.8631223722526744,0.3013782804085949,-1.7094399730095526,0.0,2.6096079716940612,0,
2026-09-08T07:01:20.885+00:00,1020.2666666666669,20.266666666666833,tick,WAYPOINT_DRIVE,FWD,-0.14280428302913933,1.074956337379517,-4.840987866145985,-0.20018994962006556,1.7525306028810301,2.980948821118545e-14,4.67999999999981,-169.99999999999937,0.446526971842381,0.575,2.9001321953340606,14.840987866146605,0.446526971842381,3.580132195334061,3.6078709611972277,-0.29977095929255515,2.9283212400748324,0.008959059679615189,-1.7771215043595525,-0.28103306097320435,-1.8539627039811133,0.2989511803324347,-1.7002803047379915,0.0,2.600132195334061,0,
2026-09-08T07:01:20.918+00:00,1020.3000000000002,20.300000000000168,tick,WAYPOINT_DRIVE,FWD,-0.14360395029808817,1.0843983112136115,-4.840987866145985,-0.2009896168890144,1.7619725767151246,2.969846590872294e-14,4.67999999999981,-169.99999999999937,0.446526971842381,0.575,2.8906564189740602,14.840987866146605,0.446526971842381,3.5706564189740604,3.598468229530919,-0.300570626561504,2.937763213908927,0.006531959603454984,-1.7679618360879912,-0.28346016104936456,-1.844803035709552,0.29652408025627447,-1.6911206364664302,0.0,2.5906564189740604,0,
2026-09-08T07:01:20.952+00:00,1020.3333333333335,20.333333333333503,tick,WAYPOINT_DRIVE,FWD,-0.1444036175670192,1.0938402850474958,-4.840987866145985,-0.20178928415794542,1.771414550549009,2.969846590872294e-14,4.6799999999998105,-169.99999999999937,0.446526971842381,0.575,2.8811806426142708,14.840987866146605,0.446526971842381,3.561180642614271,3.5890658820803663,-0.301370293830435,2.947205187742811,0.004104859527348792,-1.758802167816634,-0.28588726112547075,-1.8356433674381947,0.2940969801801683,-1.681960968195073,0.0,2.581180642614271,0,
2026-09-08T07:01:20.985+00:00,1020.3666666666668,20.366666666666838,tick,WAYPOINT_DRIVE,FWD,-0.14520328483596803,1.10328225888159,-4.840987866145985,-0.20258895142689426,1.7808565243831032,2.958744360626042e-14,4.679999999999811,-169.99999999999937,0.446526971842381,0.575,2.8717048662542703,14.840987866146605,0.446526971842381,3.5517048662542705,3.5796639218726933,-0.3021699610993839,2.9566471615769054,0.0016777594511885874,-1.7496424995450726,-0.28831436120163095,-1.8264836991666333,0.2916698801040081,-1.6728012999235116,0.0,2.5717048662542705,0,
2026-09-08T07:01:21.018+00:00,1020.4000000000002,20.400000000000173,tick,WAYPOINT_DRIVE,FWD,-0.14600295210491687,1.1127242327156845,-4.840987866145985,-0.2033886186958431,1.7902984982171977,2.9531932455029164e-14,4.679999999999811,-169.99999999999937,0.446526971842381,0.575,2.86222908989427,14.840987866146605,0.446526971842381,3.54222908989427,3.5702623519674175,-0.3029696283683327,2.966089135411,-0.0007493406249716172,-1.7404828312735114,-0.29074146127779116,-1.8173240308950722,0.28924278002784787,-1.6636416316519504,0.0,2.56222908989427,0,
2026-09-08T07:01:21.052+00:00,1020.4333333333335,20.433333333333508,tick,WAYPOINT_DRIVE,FWD,-0.1468026193738473,1.1221662065495615,-4.840987866145985,-0.20418828596477354,1.7997404720510746,2.9476421303797906e-14,4.679999999999811,-169.99999999999937,0.446526971842381,0.575,2.8527533135344876,14.840987866146605,0.446526971842381,3.5327533135344877,3.5608611754562447,-0.3037692956372631,2.975531109244877,-0.003176440701075922,-1.7313231630021608,-0.29316856135389546,-1.8081643626237216,0.28681567995174356,-1.6544819633805998,0.0,2.5527533135344878,0,
2026-09-08T07:01:21.085+00:00,1020.4666666666668,20.466666666666843,tick,WAYPOINT_DRIVE,FWD,-0.14760228664279612,1.131608180383656,-4.840987866145985,-0.20498795323372235,1.809182445885169,2.942091015256665e-14,4.679999999999812,-169.99999999999937,0.446526971842381,0.575,2.843277537174487,14.840987866146605,0.446526971842381,3.5232775371744873,3.5514603954628368,-0.30456896290621194,2.9849730830789714,-0.005603540777236127,-1.7221634947305997,-0.29559566143005567,-1.7990046943521605,0.28438857987558336,-1.6453222951090387,0.0,2.5432775371744873,0,
2026-09-08T07:01:21.118+00:00,1020.5000000000002,20.500000000000178,tick,WAYPOINT_DRIVE,FWD,-0.148401953911745,1.1410501542177505,-4.840987866145985,-0.20578762050267121,1.8186244197192636,2.936539900133539e-14,4.679999999999813,-169.99999999999937,0.446526971842381,0.575,2.8338017608144868,14.840987866146605,0.446526971842381,3.513801760814487,3.5420600151445365,-0.3053686301751608,2.994415056913066,-0.008030640853396331,-1.7130038264590384,-0.29802276150621587,-1.7898450260805991,0.28196147979942315,-1.6361626268374774,0.0,2.533801760814487,0,
2026-09-08T07:01:21.152+00:00,1020.5333333333335,20.533333333333513,tick,WAYPOINT_DRIVE,FWD,-0.14920162118067481,1.1504921280516205,-4.840987866145985,-0.20658728777160104,1.8280663935531338,2.930988785010413e-14,4.679999999999813,-169.99999999999937,0.446526971842381,0.575,2.8243259844547115,14.840987866146605,0.446526971842381,3.5043259844547117,3.5326600376921653,-0.30616829744409063,3.0038570307469357,-0.01045774092949886,-1.7038441581876949,-0.3004498615823184,-1.7806853578092556,0.2795343797233206,-1.6270029585661339,0.0,2.5243259844547117,0,
2026-09-08T07:01:21.185+00:00,1020.5666666666668,20.566666666666848,tick,WAYPOINT_DRIVE,FWD,-0.15000128844962365,1.159934101885715,-4.840987866145985,-0.20738695504054988,1.8375083673872283,2.9254376698872875e-14,4.679999999999814,-169.99999999999937,0.446526971842381,0.575,2.814850208094711,14.840987866146605,0.446526971842381,3.4948502080947113,3.523260466329785,-0.30696796471303944,3.0132990045810306,-0.012884841005659065,-1.6946844899161335,-0.3028769616584786,-1.7715256895376943,0.2771072796471604,-1.6178432902945725,0.0,2.5148502080947113,0,
2026-09-08T07:01:21.218+00:00,1020.6000000000001,20.600000000000183,tick,WAYPOINT_DRIVE,FWD,-0.1508009557185725,1.1693760757198097,-4.840987866145985,-0.20818662230949872,1.8469503412213228,2.914335439641036e-14,4.679999999999815,-169.99999999999937,0.446526971842381,0.575,2.8053744317347107,14.840987866146605,0.446526971842381,3.485374431734711,3.51386130431649,-0.3077676319819883,3.022740978415125,-0.01531194108181927,-1.6855248216445724,-0.3053040617346388,-1.7623660212661332,0.2746801795710002,-1.6086836220230114,0.0,2.505374431734711,0,
2026-09-08T07:01:21.252+00:00,1020.6333333333336,20.633333333333518,tick,WAYPOINT_DRIVE,FWD,-0.15160062298750174,1.1788180495536729,-4.840987866145985,-0.20898628957842796,1.856392315055186,2.90878432451791e-14,4.679999999999815,-169.99999999999937,0.446526971842381,0.575,2.7958986553749425,14.840987866146605,0.446526971842381,3.4758986553749427,3.504462554946202,-0.3085672992509175,3.0321829522489883,-0.017739041157919966,-1.6763651533732356,-0.3077311618107395,-1.7532063529947963,0.2722530794948995,-1.5995239537516746,0.0,2.4958986553749427,0,
2026-09-08T07:01:21.285+00:00,1020.6666666666669,20.666666666666853,tick,WAYPOINT_DRIVE,FWD,-0.15240029025645055,1.1882600233877674,-4.840987866145985,-0.20978595684737678,1.8658342888892805,2.8976820942716586e-14,4.679999999999816,-169.99999999999937,0.446526971842381,0.575,2.786422879014942,14.840987866146605,0.446526971842381,3.4664228790149423,3.4950642215474335,-0.3093669665198664,3.0416249260830828,-0.02016614123408017,-1.6672054851016744,-0.3101582618868997,-1.7440466847232352,0.2698259794187393,-1.5903642854801134,0.0,2.4864228790149423,0,
2026-09-08T07:01:21.318+00:00,1020.7000000000002,20.700000000000188,tick,WAYPOINT_DRIVE,FWD,-0.1531999575253994,1.1977019972218619,-4.840987866145985,-0.21058562411632561,1.875276262723375,2.8976820942716586e-14,4.679999999999817,-169.99999999999937,0.446526971842381,0.575,2.7769471026549417,14.840987866146605,0.446526971842381,3.456947102654942,3.4856663074851446,-0.3101666337888152,3.0510668999171773,-0.022593241310240375,-1.658045816830113,-0.3125853619630599,-1.7348870164516739,0.2673988793425791,-1.581204617208552,0.0,2.476947102654942,0,
2026-09-08T07:01:21.352+00:00,1020.7333333333336,20.733333333333523,tick,WAYPOINT_DRIVE,FWD,-0.15399962479432802,1.207143971055718,-4.840987866145985,-0.21138529138525425,1.884718236557231,2.892130979148533e-14,4.679999999999817,-169.99999999999937,0.446526971842381,0.575,2.7674713262951807,14.840987866146605,0.446526971842381,3.447471326295181,3.4762688161605366,-0.3109663010577438,3.0605088737510333,-0.02502034138633924,-1.6488861485587833,-0.3150124620391588,-1.7257273481803441,0.26497177926648025,-1.5720449489372224,0.0,2.467471326295181,0,
2026-09-08T07:01:21.385+00:00,1020.7666666666669,20.766666666666858,tick,WAYPOINT_DRIVE,FWD,-0.15479929206327686,1.2165859448898122,-4.840987866145985,-0.2121849586542031,1.8941602103913255,2.881028748902281e-14,4.679999999999818,-169.99999999999937,0.446526971842381,0.575,2.7579955499351803,14.840987866146605,0.446526971842381,3.4379955499351804,3.46687175101082,-0.3117659683266927,3.069950847585128,-0.027447441462499444,-1.639726480287222,-0.317439562115319,-1.7165676799087828,0.26254467919032004,-1.562885280665661,0.0,2.4579955499351804,0,
2026-09-08T07:01:21.418+00:00,1020.8000000000002,20.800000000000193,tick,WAYPOINT_DRIVE,FWD,-0.1555989593322257,1.2260279187239067,-4.840987866145985,-0.21298462592315193,1.90360218422542,2.8754776337791554e-14,4.679999999999818,-169.99999999999937,0.446526971842381,0.575,2.74851977357518,14.840987866146605,0.446526971842381,3.42851977357518,3.457475115511134,-0.31256563559564154,3.079392821419222,-0.02987454153865965,-1.6305668120156607,-0.3198666621914792,-1.7074080116372214,0.26011757911415984,-1.5537256123940997,0.0,2.44851977357518,0,
2026-09-08T07:01:21.452+00:00,1020.8333333333335,20.833333333333528,tick,WAYPOINT_DRIVE,FWD,-0.15639862660115375,1.2354698925577559,-4.840987866145985,-0.21378429319207998,1.913044158059269,2.8699265186560297e-14,4.6799999999998185,-169.99999999999937,0.446526971842381,0.575,2.739043997215426,14.840987866146605,0.446526971842381,3.419043997215426,3.448078913174344,-0.31336530286456954,3.0888347952530713,-0.03230164161475674,-1.6214071437443378,-0.3222937622675763,-1.6982483433658986,0.25769047903806275,-1.5445659441227768,0.0,2.439043997215426,0,
2026-09-08T07:01:21.485+00:00,1020.8666666666669,20.866666666666863,tick,WAYPOINT_DRIVE,FWD,-0.15719829387010256,1.2449118663918501,-4.840987866145985,-0.2145839604610288,1.9224861318933635,2.858824288409778e-14,4.679999999999819,-169.99999999999937,0.446526971842381,0.575,2.7295682208554255,14.840987866146605,0.446526971842381,3.4095682208554257,3.438683147550812,-0.3141649701335184,3.0982767690871658,-0.03472874169091694,-1.6122474754727765,-0.3247208623437365,-1.6890886750943372,0.25526337896190254,-1.5354062758512155,0.0,2.4295682208554257,0,
2026-09-08T07:01:21.518+00:00,1020.9000000000002,20.900000000000198,tick,WAYPOINT_DRIVE,FWD,-0.1579979611390514,1.2543538402259449,-4.840987866145985,-0.21538362772997763,1.931928105727458,2.858824288409778e-14,4.67999999999982,-169.99999999999937,0.446526971842381,0.575,2.720092444495425,14.840987866146605,0.446526971842381,3.4000924444954252,3.429287822230383,-0.3149646374024672,3.1077187429212603,-0.03715584176707715,-1.6030878072012154,-0.3271479624198967,-1.6799290068227761,0.25283627888574234,-1.5262466075796544,0.0,2.4200924444954253,0,
2026-09-08T07:01:21.552+00:00,1020.9333333333335,20.933333333333533,tick,WAYPOINT_DRIVE,FWD,-0.15879762840797884,1.263795814059787,-4.840987866145985,-0.21618329499890507,1.9413700795613003,2.8477220581635265e-14,4.67999999999982,-169.99999999999937,0.446526971842381,0.575,2.7106166681356783,14.840987866146605,0.446526971842381,3.3906166681356784,3.419892940842186,-0.31576430467139466,3.1171607167551025,-0.0395829418431724,-1.5939281389298992,-0.32957506249599194,-1.67076933855146,0.2504091788096471,-1.5170869393083382,0.0,2.4106166681356784,0,
2026-09-08T07:01:21.585+00:00,1020.9666666666669,20.966666666666868,tick,WAYPOINT_DRIVE,FWD,-0.15959729567692768,1.2732377878938814,-4.840987866145985,-0.2169829622678539,1.9508120533953948,2.8477220581635265e-14,4.679999999999821,-169.99999999999937,0.446526971842381,0.575,2.701140891775678,14.840987866146605,0.446526971842381,3.381140891775678,3.410498507054409,-0.31656397194034347,3.1266026905891966,-0.04201004191933255,-1.5847684706583378,-0.3320021625721521,-1.6616096702798986,0.24798207873348693,-1.5079272710367768,0.0,2.401140891775678,0,
2026-09-08T07:01:21.618+00:00,1021.0000000000002,21.000000000000203,tick,WAYPOINT_DRIVE,FWD,-0.16039696294587652,1.2826797617279762,-4.840987866145985,-0.21778262953680275,1.9602540272294893,2.836619827917275e-14,4.679999999999822,-169.99999999999937,0.446526971842381,0.575,2.6916651154156774,14.840987866146605,0.446526971842381,3.3716651154156776,3.401104524576353,-0.31736363920929234,3.1360446644232916,-0.04443714199549276,-1.5756088023867767,-0.3344292626483123,-1.6524500020083375,0.24555497865732673,-1.4987676027652157,0.0,2.3916651154156776,0,
2026-09-08T07:01:21.652+00:00,1021.0333333333335,21.033333333333537,tick,WAYPOINT_DRIVE,FWD,-0.16119663021480335,1.2921217355618106,-4.840987866145985,-0.21858229680572958,1.969696001063324,2.8310687127941492e-14,4.679999999999822,-169.99999999999937,0.446526971842381,0.575,2.6821893390559377,14.840987866146605,0.446526971842381,3.362189339055938,3.3917109971582384,-0.31816330647821917,3.1454866382571263,-0.04686424207158618,-1.5664491341154674,-0.3368563627244057,-1.6432903337370282,0.2431278785812333,-1.4896079344939064,0.0,2.382189339055938,0,
2026-09-08T07:01:21.685+00:00,1021.0666666666668,21.066666666666872,tick,WAYPOINT_DRIVE,FWD,-0.1619962974837522,1.3015637093959052,-4.840987866145985,-0.21938196407467841,1.9791379748974185,2.8255175976710234e-14,4.679999999999823,-169.99999999999937,0.446526971842381,0.575,2.6727135626959373,14.840987866146605,0.446526971842381,3.3527135626959375,3.382317928590985,-0.318962973747168,3.1549286120912203,-0.049291342147746386,-1.557289465843906,-0.3392834628005659,-1.6341306654654668,0.2407007785050731,-1.480448266222345,0.0,2.3727135626959375,0,
2026-09-08T07:01:21.718+00:00,1021.1000000000003,21.100000000000207,tick,WAYPOINT_DRIVE,FWD,-0.162795964752701,1.3110056832299997,-4.840987866145985,-0.22018163134362723,1.988579948731513,2.8199664825478976e-14,4.679999999999823,-169.99999999999937,0.446526971842381,0.575,2.6632377863359364,14.840987866146605,0.446526971842381,3.3432377863359366,3.3729253227083373,-0.31976264101611684,3.1643705859253153,-0.0517184422239067,-1.5481297975723445,-0.34171056287672624,-1.6249709971939053,0.23827367842891278,-1.4712885979507835,0.0,2.3632377863359366,0,
2026-09-08T07:01:21.752+00:00,1021.1333333333336,21.133333333333542,tick,WAYPOINT_DRIVE,FWD,-0.16359563202162725,1.3204476570638277,-4.840987866145985,-0.22098129861255347,1.998021922565341,2.8199664825478976e-14,4.679999999999824,-169.99999999999937,0.446526971842381,0.575,2.6537620099762034,14.840987866146605,0.446526971842381,3.3337620099762035,3.3635331833866755,-0.32056230828504306,3.173812559759143,-0.05414554229999846,-1.5389701293010416,-0.344137662952818,-1.6158113289226024,0.23584657835282102,-1.4621289296794806,0.0,2.3537620099762036,0,
2026-09-08T07:01:21.785+00:00,1021.1666666666669,21.166666666666877,tick,WAYPOINT_DRIVE,FWD,-0.16439529929057606,1.3298896308979222,-4.840987866145985,-0.22178096588150228,2.0074638963994356,2.8144153674247718e-14,4.679999999999824,-169.99999999999937,0.446526971842381,0.575,2.644286233616203,14.840987866146605,0.446526971842381,3.324286233616203,3.3541415145448066,-0.3213619755539919,3.183254533593238,-0.05657264237615861,-1.5298104610294805,-0.34656476302897815,-1.6066516606510413,0.23341947827666087,-1.4529692614079195,0.0,2.344286233616203,0,
2026-09-08T07:01:21.818+00:00,1021.2000000000002,21.200000000000212,tick,WAYPOINT_DRIVE,FWD,-0.1651949665595249,1.339331604732017,-4.840987866145985,-0.22258063315045112,2.01690587023353,2.808864252301646e-14,4.679999999999825,-169.99999999999937,0.446526971842381,0.575,2.6348104572562026,14.840987866146605,0.446526971842381,3.3148104572562027,3.3447503201461544,-0.3221616428229407,3.1926965074273324,-0.058999742452318815,-1.5206507927579191,-0.34899186310513836,-1.59749199237948,0.23099237820050067,-1.4438095931363581,0.0,2.3348104572562027,0,
2026-09-08T07:01:21.852+00:00,1021.2333333333336,21.233333333333547,tick,WAYPOINT_DRIVE,FWD,-0.1659946338284505,1.3487735785658375,-4.840987866145985,-0.22338030041937673,2.0263478440673506,2.8033131371785203e-14,4.679999999999826,-169.99999999999937,0.446526971842381,0.575,2.625334680896477,14.840987866146605,0.446526971842381,3.305334680896477,3.3353596041985853,-0.32296131009186635,3.202138481261153,-0.06142684252840863,-1.5114911244866236,-0.35141896318122817,-1.5883323241081844,0.22856527812441085,-1.4346499248650626,0.0,2.325334680896477,0,
2026-09-08T07:01:21.885+00:00,1021.2666666666669,21.266666666666882,tick,WAYPOINT_DRIVE_SETTLE,STOP,-0.16679430109739932,1.358215552399932,-4.840987866145985,-0.22417996768832554,2.035789817901445,2.808864252301646e-14,4.679999999999826,-169.99999999999937,0.446526971842381,0.575,2.615858904536476,14.840987866146605,0.446526971842381,3.2958589045364763,3.325969370754203,-0.3237609773608151,3.2115804550952474,-0.06385394260456895,-1.502331456215062,-0.3538460632573885,-1.5791726558366228,0.22613817804825054,-1.425490256593501,0.0,2.3158589045364764,0,
2026-09-08T07:01:21.918+00:00,1021.3000000000002,21.300000000000217,tick,WAYPOINT_DRIVE_SETTLE,STOP,-0.16679430109739932,1.358215552399932,-4.840987866145985,-0.22417996768832554,2.035789817901445,2.808864252301646e-14,4.679999999999826,-169.99999999999937,0.446526971842381,0.575,2.615858904536476,14.840987866146605,0.446526971842381,3.2958589045364763,3.325969370754203,-0.3237609773608151,3.2115804550952474,-0.06385394260456895,-1.502331456215062,-0.3538460632573885,-1.5791726558366228,0.22613817804825054,-1.425490256593501,0.0,2.3158589045364764,0,
2026-09-08T07:01:21.952+00:00,1021.3333333333336,21.333333333333552,tick,WAYPOINT_DRIVE_SETTLE,STOP,-0.16679430109739932,1.358215552399932,-4.840987866145985,-0.22417996768832554,2.035789817901445,2.808864252301646e-14,4.679999999999826,-169.99999999999937,0.446526971842381,0.575,2.615858904536476,14.840987866146605,0.446526971842381,3.2958589045364763,3.325969370754203,-0.3237609773608151,3.2115804550952474,-0.06385394260456895,-1.502331456215062,-0.3538460632573885,-1.5791726558366228,0.22613817804825054,-1.425490256593501,0.0,2.3158589045364764,0,
2026-09-08T07:01:21.985+00:00,1021.3666666666669,21.366666666666887,tick,WAYPOINT_DRIVE_SETTLE,STOP,-0.16679430109739932,1.358215552399932,-4.840987866145985,-0.22417996768832554,2.035789817901445,2.808864252301646e-14,4.679999999999826,-169.99999999999937,0.446526971842381,0.575,2.615858904536476,14.840987866146605,0.446526971842381,3.2958589045364763,3.325969370754203,-0.3237609773608151,3.2115804550952474,-0.06385394260456895,-1.502331456215062,-0.3538460632573885,-1.5791726558366228,0.22613817804825054,-1.425490256593501,0.0,2.3158589045364764,0,
2026-09-08T07:01:22.018+00:00,1021.4000000000002,21.400000000000222,tick,WAYPOINT_DRIVE_SETTLE,STOP,-0.16679430109739932,1.358215552399932,-4.840987866145985,-0.22417996768832554,2.035789817901445,2.808864252301646e-14,4.679999999999826,-169.99999999999937,0.446526971842381,0.575,2.615858904536476,14.840987866146605,0.446526971842381,3.2958589045364763,3.325969370754203,-0.3237609773608151,3.2115804550952474,-0.06385394260456895,-1.502331456215062,-0.3538460632573885,-1.5791726558366228,0.22613817804825054,-1.425490256593501,0.0,2.3158589045364764,0,
2026-09-08T07:01:22.052+00:00,1021.4333333333335,21.433333333333557,tick,WAYPOINT_DRIVE_SETTLE,STOP,-0.16679430109739932,1.358215552399932,-4.840987866145985,-0.22417996768832554,2.035789817901445,2.808864252301646e-14,4.679999999999826,-169.99999999999937,0.446526971842381,0.575,2.615858904536476,14.840987866146605,0.446526971842381,3.2958589045364763,3.325969370754203,-0.3237609773608151,3.2115804550952474,-0.06385394260456895,-1.502331456215062,-0.3538460632573885,-1.5791726558366228,0.22613817804825054,-1.425490256593501,0.0,2.3158589045364764,0,
2026-09-08T07:01:22.085+00:00,1021.4666666666669,21.466666666666892,tick,WAYPOINT_DRIVE_SETTLE,STOP,-0.16679430109739932,1.358215552399932,-4.840987866145985,-0.22417996768832554,2.035789817901445,2.808864252301646e-14,4.679999999999826,-169.99999999999937,0.446526971842381,0.575,2.615858904536476,14.840987866146605,0.446526971842381,3.2958589045364763,3.325969370754203,-0.3237609773608151,3.2115804550952474,-0.06385394260456895,-1.502331456215062,-0.3538460632573885,-1.5791726558366228,0.22613817804825054,-1.425490256593501,0.0,2.3158589045364764,0,
2026-09-08T07:01:22.118+00:00,1021.5000000000002,21.500000000000227,tick,WAYPOINT_DRIVE_SETTLE,STOP,-0.16679430109739932,1.358215552399932,-4.840987866145985,-0.22417996768832554,2.035789817901445,2.808864252301646e-14,4.679999999999826,-169.99999999999937,0.446526971842381,0.575,2.615858904536476,14.840987866146605,0.446526971842381,3.2958589045364763,3.325969370754203,-0.3237609773608151,3.2115804550952474,-0.06385394260456895,-1.502331456215062,-0.3538460632573885,-1.5791726558366228,0.22613817804825054,-1.425490256593501,0.0,2.3158589045364764,0,
2026-09-08T07:01:22.152+00:00,1021.5333333333335,21.533333333333562,tick,WAYPOINT_DRIVE_SETTLE,STOP,-0.16679430109739932,1.358215552399932,-4.840987866145985,-0.22417996768832554,2.035789817901445,2.808864252301646e-14,4.679999999999826,-169.99999999999937,0.446526971842381,0.575,2.615858904536476,14.840987866146605,0.446526971842381,3.2958589045364763,3.325969370754203,-0.3237609773608151,3.2115804550952474,-0.06385394260456895,-1.502331456215062,-0.3538460632573885,-1.5791726558366228,0.22613817804825054,-1.425490256593501,0.0,2.3158589045364764,0,
2026-09-08T07:01:22.185+00:00,1021.566666666667,21.566666666666897,tick,WAYPOINT_DRIVE_SETTLE,STOP,-0.16679430109739932,1.358215552399932,-4.840987866145985,-0.22417996768832554,2.035789817901445,2.808864252301646e-14,4.679999999999826,-169.99999999999937,0.446526971842381,0.575,2.615858904536476,14.840987866146605,0.446526971842381,3.2958589045364763,3.325969370754203,-0.3237609773608151,3.2115804550952474,-0.06385394260456895,-1.502331456215062,-0.3538460632573885,-1.5791726558366228,0.22613817804825054,-1.425490256593501,0.0,2.3158589045364764,0,
2026-09-08T07:01:22.218+00:00,1021.6000000000003,21.600000000000232,tick,WAYPOINT_DRIVE_SETTLE,STOP,-0.16679430109739932,1.358215552399932,-4.840987866145985,-0.22417996768832554,2.035789817901445,2.808864252301646e-14,4.679999999999826,-169.99999999999937,0.446526971842381,0.575,2.615858904536476,14.840987866146605,0.446526971842381,3.2958589045364763,3.325969370754203,-0.3237609773608151,3.2115804550952474,-0.06385394260456895,-1.502331456215062,-0.3538460632573885,-1.5791726558366228,0.22613817804825054,-1.425490256593501,0.0,2.3158589045364764,0,
2026-09-08T07:01:22.252+00:00,1021.6333333333336,21.633333333333567,tick,WAYPOINT_DRIVE_SETTLE,STOP,-0.16679430109739932,1.358215552399932,-4.840987866145985,-0.22417996768832554,2.035789817901445,2.808864252301646e-14,4.679999999999826,-169.99999999999937,0.446526971842381,0.575,2.615858904536476,14.840987866146605,0.446526971842381,3.2958589045364763,3.325969370754203,-0.3237609773608151,3.2115804550952474,-0.06385394260456895,-1.502331456215062,-0.3538460632573885,-1.5791726558366228,0.22613817804825054,-1.425490256593501,0.0,2.3158589045364764,0,
2026-09-08T07:01:22.285+00:00,1021.6666666666669,21.666666666666902,tick,WAYPOINT_DRIVE_SETTLE,STOP,-0.16679430109739932,1.358215552399932,-4.840987866145985,-0.22417996768832554,2.035789817901445,2.808864252301646e-14,4.679999999999826,-169.99999999999937,0.446526971842381,0.575,2.615858904536476,14.840987866146605,0.446526971842381,3.2958589045364763,3.325969370754203,-0.3237609773608151,3.2115804550952474,-0.06385394260456895,-1.502331456215062,-0.3538460632573885,-1.5791726558366228,0.22613817804825054,-1.425490256593501,0.0,2.3158589045364764,0,
2026-09-08T07:01:22.318+00:00,1021.7000000000003,21.700000000000237,tick,WAYPOINT_DRIVE_SETTLE,STOP,-0.16679430109739932,1.358215552399932,-4.840987866145985,-0.22417996768832554,2.035789817901445,2.808864252301646e-14,4.679999999999826,-169.99999999999937,0.446526971842381,0.575,2.615858904536476,14.840987866146605,0.446526971842381,3.2958589045364763,3.325969370754203,-0.3237609773608151,3.2115804550952474,-0.06385394260456895,-1.502331456215062,-0.3538460632573885,-1.5791726558366228,0.22613817804825054,-1.425490256593501,0.0,2.3158589045364764,0,
2026-09-08T07:01:22.352+00:00,1021.7333333333336,21.733333333333572,tick,WAYPOINT_DRIVE_SETTLE,STOP,-0.16679430109739932,1.358215552399932,-4.840987866145985,-0.22417996768832554,2.035789817901445,2.808864252301646e-14,4.679999999999826,-169.99999999999937,0.446526971842381,0.575,2.615858904536476,14.840987866146605,0.446526971842381,3.2958589045364763,3.325969370754203,-0.3237609773608151,3.2115804550952474,-0.06385394260456895,-1.502331456215062,-0.3538460632573885,-1.5791726558366228,0.22613817804825054,-1.425490256593501,0.0,2.3158589045364764,0,
2026-09-08T07:01:22.385+00:00,1021.7666666666669,21.766666666666907,tick,WAYPOINT_DRIVE_SETTLE,STOP,-0.16679430109739932,1.358215552399932,-4.840987866145985,-0.22417996768832554,2.035789817901445,2.808864252301646e-14,4.679999999999826,-169.99999999999937,0.446526971842381,0.575,2.615858904536476,14.840987866146605,0.446526971842381,3.2958589045364763,3.325969370754203,-0.3237609773608151,3.2115804550952474,-0.06385394260456895,-1.502331456215062,-0.3538460632573885,-1.5791726558366228,0.22613817804825054,-1.425490256593501,0.0,2.3158589045364764,0,
2026-09-08T07:01:22.418+00:00,1021.8000000000003,21.800000000000242,tick,WAYPOINT_DRIVE_SETTLE,STOP,-0.16679430109739932,1.358215552399932,-4.840987866145985,-0.22417996768832554,2.035789817901445,2.808864252301646e-14,4.679999999999826,-169.99999999999937,0.446526971842381,0.575,2.615858904536476,14.840987866146605,0.446526971842381,3.2958589045364763,3.325969370754203,-0.3237609773608151,3.2115804550952474,-0.06385394260456895,-1.502331456215062,-0.3538460632573885,-1.5791726558366228,0.22613817804825054,-1.425490256593501,0.0,2.3158589045364764,0,
2026-09-08T07:01:22.452+00:00,1021.8333333333336,21.833333333333577,tick,WAYPOINT_DRIVE_SETTLE,STOP,-0.16679430109739932,1.358215552399932,-4.840987866145985,-0.22417996768832554,2.035789817901445,2.808864252301646e-14,4.679999999999826,-169.99999999999937,0.446526971842381,0.575,2.615858904536476,14.840987866146605,0.446526971842381,3.2958589045364763,3.325969370754203,-0.3237609773608151,3.2115804550952474,-0.06385394260456895,-1.502331456215062,-0.3538460632573885,-1.5791726558366228,0.22613817804825054,-1.425490256593501,0.0,2.3158589045364764,0,
2026-09-08T07:01:22.485+00:00,1021.8666666666669,21.866666666666912,tick,WAYPOINT_DRIVE_SETTLE,STOP,-0.16679430109739932,1.358215552399932,-4.840987866145985,-0.22417996768832554,2.035789817901445,2.808864252301646e-14,4.679999999999826,-169.99999999999937,0.446526971842381,0.575,2.615858904536476,14.840987866146605,0.446526971842381,3.2958589045364763,3.325969370754203,-0.3237609773608151,3.2115804550952474,-0.06385394260456895,-1.502331456215062,-0.3538460632573885,-1.5791726558366228,0.22613817804825054,-1.425490256593501,0.0,2.3158589045364764,0,
2026-09-08T07:01:22.518+00:00,1021.9000000000002,21.900000000000247,tick,WAYPOINT_DRIVE_SETTLE,STOP,-0.16679430109739932,1.358215552399932,-4.840987866145985,-0.22417996768832554,2.035789817901445,2.808864252301646e-14,4.679999999999826,-169.99999999999937,0.446526971842381,0.575,2.615858904536476,14.840987866146605,0.446526971842381,3.2958589045364763,3.325969370754203,-0.3237609773608151,3.2115804550952474,-0.06385394260456895,-1.502331456215062,-0.3538460632573885,-1.5791726558366228,0.22613817804825054,-1.425490256593501,0.0,2.3158589045364764,0,
2026-09-08T07:01:22.552+00:00,1021.9333333333336,21.933333333333582,tick,WAYPOINT_DRIVE_SETTLE,STOP,-0.16679430109739932,1.358215552399932,-4.840987866145985,-0.22417996768832554,2.035789817901445,2.808864252301646e-14,4.679999999999826,-169.99999999999937,0.446526971842381,0.575,2.615858904536476,14.840987866146605,0.446526971842381,3.2958589045364763,3.325969370754203,-0.3237609773608151,3.2115804550952474,-0.06385394260456895,-1.502331456215062,-0.3538460632573885,-1.5791726558366228,0.22613817804825054,-1.425490256593501,0.0,2.3158589045364764,0,
2026-09-08T07:01:22.585+00:00,1021.9666666666669,21.966666666666917,tick,WAYPOINT_DRIVE_SETTLE,STOP,-0.16679430109739932,1.358215552399932,-4.840987866145985,-0.22417996768832554,2.035789817901445,2.808864252301646e-14,4.679999999999826,-169.99999999999937,0.446526971842381,0.575,2.615858904536476,14.840987866146605,0.446526971842381,3.2958589045364763,3.325969370754203,-0.3237609773608151,3.2115804550952474,-0.06385394260456895,-1.502331456215062,-0.3538460632573885,-1.5791726558366228,0.22613817804825054,-1.425490256593501,0.0,2.3158589045364764,0,
2026-09-08T07:01:22.618+00:00,1022.0000000000002,22.000000000000252,tick,WAYPOINT_DRIVE_SETTLE,STOP,-0.16679430109739932,1.358215552399932,-4.840987866145985,-0.22417996768832554,2.035789817901445,2.808864252301646e-14,4.679999999999826,-169.99999999999937,0.446526971842381,0.575,2.615858904536476,14.840987866146605,0.446526971842381,3.2958589045364763,3.325969370754203,-0.3237609773608151,3.2115804550952474,-0.06385394260456895,-1.502331456215062,-0.3538460632573885,-1.5791726558366228,0.22613817804825054,-1.425490256593501,0.0,2.3158589045364764,0,
2026-09-08T07:01:22.652+00:00,1022.0333333333335,22.033333333333587,tick,WAYPOINT_DRIVE_SETTLE,STOP,-0.16679430109739932,1.358215552399932,-4.840987866145985,-0.22417996768832554,2.035789817901445,2.808864252301646e-14,4.679999999999826,-169.99999999999937,0.446526971842381,0.575,2.615858904536476,14.840987866146605,0.446526971842381,3.2958589045364763,3.325969370754203,-0.3237609773608151,3.2115804550952474,-0.06385394260456895,-1.502331456215062,-0.3538460632573885,-1.5791726558366228,0.22613817804825054,-1.425490256593501,0.0,2.3158589045364764,0,
2026-09-08T07:01:22.685+00:00,1022.066666666667,22.066666666666922,tick,WAYPOINT_DRIVE_SETTLE,STOP,-0.16679430109739932,1.358215552399932,-4.840987866145985,-0.22417996768832554,2.035789817901445,2.808864252301646e-14,4.679999999999826,-169.99999999999937,0.446526971842381,0.575,2.615858904536476,14.840987866146605,0.446526971842381,3.2958589045364763,3.325969370754203,-0.3237609773608151,3.2115804550952474,-0.06385394260456895,-1.502331456215062,-0.3538460632573885,-1.5791726558366228,0.22613817804825054,-1.425490256593501,0.0,2.3158589045364764,0,
2026-09-08T07:01:22.718+00:00,1022.1000000000003,22.100000000000257,tick,WAYPOINT_DRIVE_SETTLE,STOP,-0.16679430109739932,1.358215552399932,-4.840987866145985,-0.22417996768832554,2.035789817901445,2.808864252301646e-14,4.679999999999826,-169.99999999999937,0.446526971842381,0.575,2.615858904536476,14.840987866146605,0.446526971842381,3.2958589045364763,3.325969370754203,-0.3237609773608151,3.2115804550952474,-0.06385394260456895,-1.502331456215062,-0.3538460632573885,-1.5791726558366228,0.22613817804825054,-1.425490256593501,0.0,2.3158589045364764,0,
2026-09-08T07:01:22.752+00:00,1022.1333333333336,22.133333333333592,tick,WAYPOINT_DRIVE_SETTLE,STOP,-0.16679430109739932,1.358215552399932,-4.840987866145985,-0.22417996768832554,2.035789817901445,2.808864252301646e-14,4.679999999999826,-169.99999999999937,0.446526971842381,0.575,2.615858904536476,14.840987866146605,0.446526971842381,3.2958589045364763,3.325969370754203,-0.3237609773608151,3.2115804550952474,-0.06385394260456895,-1.502331456215062,-0.3538460632573885,-1.5791726558366228,0.22613817804825054,-1.425490256593501,0.0,2.3158589045364764,0,
2026-09-08T07:01:22.785+00:00,1022.166666666667,22.166666666666927,tick,WAYPOINT_DRIVE_SETTLE,STOP,-0.16679430109739932,1.358215552399932,-4.840987866145985,-0.22417996768832554,2.035789817901445,2.808864252301646e-14,4.679999999999826,-169.99999999999937,0.446526971842381,0.575,2.615858904536476,14.840987866146605,0.446526971842381,3.2958589045364763,3.325969370754203,-0.3237609773608151,3.2115804550952474,-0.06385394260456895,-1.502331456215062,-0.3538460632573885,-1.5791726558366228,0.22613817804825054,-1.425490256593501,0.0,2.3158589045364764,0,
2026-09-08T07:01:22.818+00:00,1022.2000000000003,22.200000000000262,tick,WAYPOINT_DRIVE_SETTLE,STOP,-0.16679430109739932,1.358215552399932,-4.840987866145985,-0.22417996768832554,2.035789817901445,2.808864252301646e-14,4.679999999999826,-169.99999999999937,0.446526971842381,0.575,2.615858904536476,14.840987866146605,0.446526971842381,3.2958589045364763,3.325969370754203,-0.3237609773608151,3.2115804550952474,-0.06385394260456895,-1.502331456215062,-0.3538460632573885,-1.5791726558366228,0.22613817804825054,-1.425490256593501,0.0,2.3158589045364764,0,
2026-09-08T07:01:22.852+00:00,1022.2333333333336,22.233333333333597,tick,WAYPOINT_DRIVE_SETTLE,STOP,-0.16679430109739932,1.358215552399932,-4.840987866145985,-0.22417996768832554,2.035789817901445,2.808864252301646e-14,4.679999999999826,-169.99999999999937,0.446526971842381,0.575,2.615858904536476,14.840987866146605,0.446526971842381,3.2958589045364763,3.325969370754203,-0.3237609773608151,3.2115804550952474,-0.06385394260456895,-1.502331456215062,-0.3538460632573885,-1.5791726558366228,0.22613817804825054,-1.425490256593501,0.0,2.3158589045364764,0,
2026-09-08T07:01:22.885+00:00,1022.2666666666669,22.266666666666932,tick,WAYPOINT_DRIVE_SETTLE,STOP,-0.16679430109739932,1.358215552399932,-4.840987866145985,-0.22417996768832554,2.035789817901445,2.808864252301646e-14,4.679999999999826,-169.99999999999937,0.446526971842381,0.575,2.615858904536476,14.840987866146605,0.446526971842381,3.2958589045364763,3.325969370754203,-0.3237609773608151,3.2115804550952474,-0.06385394260456895,-1.502331456215062,-0.3538460632573885,-1.5791726558366228,0.22613817804825054,-1.425490256593501,0.0,2.3158589045364764,0,
2026-09-08T07:01:22.918+00:00,1022.3000000000003,22.300000000000267,tick,WAYPOINT_DRIVE_SETTLE,STOP,-0.16679430109739932,1.358215552399932,-4.840987866145985,-0.22417996768832554,2.035789817901445,2.808864252301646e-14,4.679999999999826,-169.99999999999937,0.446526971842381,0.575,2.615858904536476,14.840987866146605,0.446526971842381,3.2958589045364763,3.325969370754203,-0.3237609773608151,3.2115804550952474,-0.06385394260456895,-1.502331456215062,-0.3538460632573885,-1.5791726558366228,0.22613817804825054,-1.425490256593501,0.0,2.3158589045364764,0,
2026-09-08T07:01:22.952+00:00,1022.3333333333336,22.333333333333602,tick,WAYPOINT_DRIVE_SETTLE,STOP,-0.16679430109739932,1.358215552399932,-4.840987866145985,-0.22417996768832554,2.035789817901445,2.808864252301646e-14,4.679999999999826,-169.99999999999937,0.446526971842381,0.575,2.615858904536476,14.840987866146605,0.446526971842381,3.2958589045364763,3.325969370754203,-0.3237609773608151,3.2115804550952474,-0.06385394260456895,-1.502331456215062,-0.3538460632573885,-1.5791726558366228,0.22613817804825054,-1.425490256593501,0.0,2.3158589045364764,0,
2026-09-08T07:01:22.985+00:00,1022.3666666666669,22.366666666666937,tick,WAYPOINT_DRIVE_SETTLE,STOP,-0.16679430109739932,1.358215552399932,-4.840987866145985,-0.22417996768832554,2.035789817901445,2.808864252301646e-14,4.679999999999826,-169.99999999999937,0.446526971842381,0.575,2.615858904536476,14.840987866146605,0.446526971842381,3.2958589045364763,3.325969370754203,-0.3237609773608151,3.2115804550952474,-0.06385394260456895,-1.502331456215062,-0.3538460632573885,-1.5791726558366228,0.22613817804825054,-1.425490256593501,0.0,2.3158589045364764,0,
2026-09-08T07:01:23.018+00:00,1022.4000000000003,22.400000000000272,tick,WAYPOINT_DRIVE_SETTLE,STOP,-0.16679430109739932,1.358215552399932,-4.840987866145985,-0.22417996768832554,2.035789817901445,2.808864252301646e-14,4.679999999999826,-169.99999999999937,0.446526971842381,0.575,2.615858904536476,14.840987866146605,0.446526971842381,3.2958589045364763,3.325969370754203,-0.3237609773608151,3.2115804550952474,-0.06385394260456895,-1.502331456215062,-0.3538460632573885,-1.5791726558366228,0.22613817804825054,-1.425490256593501,0.0,2.3158589045364764,0,
2026-09-08T07:01:23.052+00:00,1022.4333333333336,22.433333333333607,tick,WAYPOINT_DRIVE_SETTLE,STOP,-0.16679430109739932,1.358215552399932,-4.840987866145985,-0.22417996768832554,2.035789817901445,2.808864252301646e-14,4.679999999999826,-169.99999999999937,0.446526971842381,0.575,2.615858904536476,14.840987866146605,0.446526971842381,3.2958589045364763,3.325969370754203,-0.3237609773608151,3.2115804550952474,-0.06385394260456895,-1.502331456215062,-0.3538460632573885,-1.5791726558366228,0.22613817804825054,-1.425490256593501,0.0,2.3158589045364764,0,
2026-09-08T07:01:23.085+00:00,1022.4666666666669,22.466666666666942,tick,WAYPOINT_DRIVE_SETTLE,STOP,-0.16679430109739932,1.358215552399932,-4.840987866145985,-0.22417996768832554,2.035789817901445,2.808864252301646e-14,4.679999999999826,-169.99999999999937,0.446526971842381,0.575,2.615858904536476,14.840987866146605,0.446526971842381,3.2958589045364763,3.325969370754203,-0.3237609773608151,3.2115804550952474,-0.06385394260456895,-1.502331456215062,-0.3538460632573885,-1.5791726558366228,0.22613817804825054,-1.425490256593501,0.0,2.3158589045364764,0,
2026-09-08T07:01:23.118+00:00,1022.5000000000002,22.500000000000277,tick,WAYPOINT_DRIVE_SETTLE,STOP,-0.16679430109739932,1.358215552399932,-4.840987866145985,-0.22417996768832554,2.035789817901445,2.808864252301646e-14,4.679999999999826,-169.99999999999937,0.446526971842381,0.575,2.615858904536476,14.840987866146605,0.446526971842381,3.2958589045364763,3.325969370754203,-0.3237609773608151,3.2115804550952474,-0.06385394260456895,-1.502331456215062,-0.3538460632573885,-1.5791726558366228,0.22613817804825054,-1.425490256593501,0.0,2.3158589045364764,0,
2026-09-08T07:01:23.152+00:00,1022.5333333333336,22.533333333333612,tick,WAYPOINT_DRIVE_SETTLE,STOP,-0.16679430109739932,1.358215552399932,-4.840987866145985,-0.22417996768832554,2.035789817901445,2.808864252301646e-14,4.679999999999826,-169.99999999999937,0.446526971842381,0.575,2.615858904536476,14.840987866146605,0.446526971842381,3.2958589045364763,3.325969370754203,-0.3237609773608151,3.2115804550952474,-0.06385394260456895,-1.502331456215062,-0.3538460632573885,-1.5791726558366228,0.22613817804825054,-1.425490256593501,0.0,2.3158589045364764,0,
2026-09-08T07:01:23.185+00:00,1022.566666666667,22.566666666666947,tick,WAYPOINT_DRIVE_SETTLE,STOP,-0.16679430109739932,1.358215552399932,-4.840987866145985,-0.22417996768832554,2.035789817901445,2.808864252301646e-14,4.679999999999826,-169.99999999999937,0.446526971842381,0.575,2.615858904536476,14.840987866146605,0.446526971842381,3.2958589045364763,3.325969370754203,-0.3237609773608151,3.2115804550952474,-0.06385394260456895,-1.502331456215062,-0.3538460632573885,-1.5791726558366228,0.22613817804825054,-1.425490256593501,0.0,2.3158589045364764,0,
2026-09-08T07:01:23.218+00:00,1022.6000000000003,22.600000000000282,tick,WAYPOINT_DRIVE_SETTLE,STOP,-0.16679430109739932,1.358215552399932,-4.840987866145985,-0.22417996768832554,2.035789817901445,2.808864252301646e-14,4.679999999999826,-169.99999999999937,0.446526971842381,0.575,2.615858904536476,14.840987866146605,0.446526971842381,3.2958589045364763,3.325969370754203,-0.3237609773608151,3.2115804550952474,-0.06385394260456895,-1.502331456215062,-0.3538460632573885,-1.5791726558366228,0.22613817804825054,-1.425490256593501,0.0,2.3158589045364764,0,
2026-09-08T07:01:23.252+00:00,1022.6333333333337,22.633333333333617,tick,WAYPOINT_DRIVE_SETTLE,STOP,-0.16679430109739932,1.358215552399932,-4.840987866145985,-0.22417996768832554,2.035789817901445,2.808864252301646e-14,4.679999999999826,-169.99999999999937,0.446526971842381,0.575,2.615858904536476,14.840987866146605,0.446526971842381,3.2958589045364763,3.325969370754203,-0.3237609773608151,3.2115804550952474,-0.06385394260456895,-1.502331456215062,-0.3538460632573885,-1.5791726558366228,0.22613817804825054,-1.425490256593501,0.0,2.3158589045364764,0,
2026-09-08T07:01:23.285+00:00,1022.666666666667,22.666666666666952,tick,WAYPOINT_DRIVE_SETTLE,STOP,-0.16679430109739932,1.358215552399932,-4.840987866145985,-0.22417996768832554,2.035789817901445,2.808864252301646e-14,4.679999999999826,-169.99999999999937,0.446526971842381,0.575,2.615858904536476,14.840987866146605,0.446526971842381,3.2958589045364763,3.325969370754203,-0.3237609773608151,3.2115804550952474,-0.06385394260456895,-1.502331456215062,-0.3538460632573885,-1.5791726558366228,0.22613817804825054,-1.425490256593501,0.0,2.3158589045364764,0,
2026-09-08T07:01:23.318+00:00,1022.7000000000003,22.700000000000287,tick,WAYPOINT_DRIVE_SETTLE,STOP,-0.16679430109739932,1.358215552399932,-4.840987866145985,-0.22417996768832554,2.035789817901445,2.808864252301646e-14,4.679999999999826,-169.99999999999937,0.446526971842381,0.575,2.615858904536476,14.840987866146605,0.446526971842381,3.2958589045364763,3.325969370754203,-0.3237609773608151,3.2115804550952474,-0.06385394260456895,-1.502331456215062,-0.3538460632573885,-1.5791726558366228,0.22613817804825054,-1.425490256593501,0.0,2.3158589045364764,0,
2026-09-08T07:01:23.352+00:00,1022.7333333333336,22.733333333333622,tick,WAYPOINT_DRIVE_SETTLE,STOP,-0.16679430109739932,1.358215552399932,-4.840987866145985,-0.22417996768832554,2.035789817901445,2.808864252301646e-14,4.679999999999826,-169.99999999999937,0.446526971842381,0.575,2.615858904536476,14.840987866146605,0.446526971842381,3.2958589045364763,3.325969370754203,-0.3237609773608151,3.2115804550952474,-0.06385394260456895,-1.502331456215062,-0.3538460632573885,-1.5791726558366228,0.22613817804825054,-1.425490256593501,0.0,2.3158589045364764,0,
2026-09-08T07:01:23.385+00:00,1022.766666666667,22.766666666666957,tick,WAYPOINT_DRIVE_SETTLE,STOP,-0.16679430109739932,1.358215552399932,-4.840987866145985,-0.22417996768832554,2.035789817901445,2.808864252301646e-14,4.679999999999826,-169.99999999999937,0.446526971842381,0.575,2.615858904536476,14.840987866146605,0.446526971842381,3.2958589045364763,3.325969370754203,-0.3237609773608151,3.2115804550952474,-0.06385394260456895,-1.502331456215062,-0.3538460632573885,-1.5791726558366228,0.22613817804825054,-1.425490256593501,0.0,2.3158589045364764,0,
2026-09-08T07:01:23.418+00:00,1022.8000000000003,22.800000000000292,tick,WAYPOINT_DRIVE_SETTLE,STOP,-0.16679430109739932,1.358215552399932,-4.840987866145985,-0.22417996768832554,2.035789817901445,2.808864252301646e-14,4.679999999999826,-169.99999999999937,0.446526971842381,0.575,2.615858904536476,14.840987866146605,0.446526971842381,3.2958589045364763,3.325969370754203,-0.3237609773608151,3.2115804550952474,-0.06385394260456895,-1.502331456215062,-0.3538460632573885,-1.5791726558366228,0.22613817804825054,-1.425490256593501,0.0,2.3158589045364764,0,
2026-09-08T07:01:23.452+00:00,1022.8333333333336,22.833333333333627,tick,WAYPOINT_DRIVE_SETTLE,STOP,-0.16679430109739932,1.358215552399932,-4.840987866145985,-0.22417996768832554,2.035789817901445,2.808864252301646e-14,4.679999999999826,-169.99999999999937,0.446526971842381,0.575,2.615858904536476,14.840987866146605,0.446526971842381,3.2958589045364763,3.325969370754203,-0.3237609773608151,3.2115804550952474,-0.06385394260456895,-1.502331456215062,-0.3538460632573885,-1.5791726558366228,0.22613817804825054,-1.425490256593501,0.0,2.3158589045364764,0,
2026-09-08T07:01:23.485+00:00,1022.866666666667,22.866666666666962,tick,WAYPOINT_DRIVE_SETTLE,STOP,-0.16679430109739932,1.358215552399932,-4.840987866145985,-0.22417996768832554,2.035789817901445,2.808864252301646e-14,4.679999999999826,-169.99999999999937,0.446526971842381,0.575,2.615858904536476,14.840987866146605,0.446526971842381,3.2958589045364763,3.325969370754203,-0.3237609773608151,3.2115804550952474,-0.06385394260456895,-1.502331456215062,-0.3538460632573885,-1.5791726558366228,0.22613817804825054,-1.425490256593501,0.0,2.3158589045364764,0,
2026-09-08T07:01:23.518+00:00,1022.9000000000003,22.900000000000297,tick,WAYPOINT_DRIVE_SETTLE,STOP,-0.16679430109739932,1.358215552399932,-4.840987866145985,-0.22417996768832554,2.035789817901445,2.808864252301646e-14,4.679999999999826,-169.99999999999937,0.446526971842381,0.575,2.615858904536476,14.840987866146605,0.446526971842381,3.2958589045364763,3.325969370754203,-0.3237609773608151,3.2115804550952474,-0.06385394260456895,-1.502331456215062,-0.3538460632573885,-1.5791726558366228,0.22613817804825054,-1.425490256593501,0.0,2.3158589045364764,0,
2026-09-08T07:01:23.552+00:00,1022.9333333333336,22.933333333333632,tick,WAYPOINT_DRIVE_SETTLE,STOP,-0.16679430109739932,1.358215552399932,-4.840987866145985,-0.22417996768832554,2.035789817901445,2.808864252301646e-14,4.679999999999826,-169.99999999999937,0.446526971842381,0.575,2.615858904536476,14.840987866146605,0.446526971842381,3.2958589045364763,3.325969370754203,-0.3237609773608151,3.2115804550952474,-0.06385394260456895,-1.502331456215062,-0.3538460632573885,-1.5791726558366228,0.22613817804825054,-1.425490256593501,0.0,2.3158589045364764,0,
2026-09-08T07:01:23.585+00:00,1022.9666666666669,22.966666666666967,tick,WAYPOINT_DRIVE_SETTLE,STOP,-0.16679430109739932,1.358215552399932,-4.840987866145985,-0.22417996768832554,2.035789817901445,2.808864252301646e-14,4.679999999999826,-169.99999999999937,0.446526971842381,0.575,2.615858904536476,14.840987866146605,0.446526971842381,3.2958589045364763,3.325969370754203,-0.3237609773608151,3.2115804550952474,-0.06385394260456895,-1.502331456215062,-0.3538460632573885,-1.5791726558366228,0.22613817804825054,-1.425490256593501,0.0,2.3158589045364764,0,
2026-09-08T07:01:23.618+00:00,1023.0000000000003,23.000000000000302,tick,WAYPOINT_DRIVE_SETTLE,STOP,-0.16679430109739932,1.358215552399932,-4.840987866145985,-0.22417996768832554,2.035789817901445,2.808864252301646e-14,4.679999999999826,-169.99999999999937,0.446526971842381,0.575,2.615858904536476,14.840987866146605,0.446526971842381,3.2958589045364763,3.325969370754203,-0.3237609773608151,3.2115804550952474,-0.06385394260456895,-1.502331456215062,-0.3538460632573885,-1.5791726558366228,0.22613817804825054,-1.425490256593501,0.0,2.3158589045364764,0,
2026-09-08T07:01:23.652+00:00,1023.0333333333336,23.033333333333637,tick,WAYPOINT_DRIVE_SETTLE,STOP,-0.16679430109739932,1.358215552399932,-4.840987866145985,-0.22417996768832554,2.035789817901445,2.808864252301646e-14,4.679999999999826,-169.99999999999937,0.446526971842381,0.575,2.615858904536476,14.840987866146605,0.446526971842381,3.2958589045364763,3.325969370754203,-0.3237609773608151,3.2115804550952474,-0.06385394260456895,-1.502331456215062,-0.3538460632573885,-1.5791726558366228,0.22613817804825054,-1.425490256593501,0.0,2.3158589045364764,0,
2026-09-08T07:01:23.685+00:00,1023.066666666667,23.066666666666972,tick,WAYPOINT_DRIVE_SETTLE,STOP,-0.16679430109739932,1.358215552399932,-4.840987866145985,-0.22417996768832554,2.035789817901445,2.808864252301646e-14,4.679999999999826,-169.99999999999937,0.446526971842381,0.575,2.615858904536476,14.840987866146605,0.446526971842381,3.2958589045364763,3.325969370754203,-0.3237609773608151,3.2115804550952474,-0.06385394260456895,-1.502331456215062,-0.3538460632573885,-1.5791726558366228,0.22613817804825054,-1.425490256593501,0.0,2.3158589045364764,0,
2026-09-08T07:01:23.718+00:00,1023.1000000000004,23.100000000000307,tick,WAYPOINT_DRIVE_SETTLE,STOP,-0.16679430109739932,1.358215552399932,-4.840987866145985,-0.22417996768832554,2.035789817901445,2.808864252301646e-14,4.679999999999826,-169.99999999999937,0.446526971842381,0.575,2.615858904536476,14.840987866146605,0.446526971842381,3.2958589045364763,3.325969370754203,-0.3237609773608151,3.2115804550952474,-0.06385394260456895,-1.502331456215062,-0.3538460632573885,-1.5791726558366228,0.22613817804825054,-1.425490256593501,0.0,2.3158589045364764,0,
2026-09-08T07:01:23.752+00:00,1023.1333333333337,23.133333333333642,tick,WAYPOINT_DRIVE_SETTLE,STOP,-0.16679430109739932,1.358215552399932,-4.840987866145985,-0.22417996768832554,2.035789817901445,2.808864252301646e-14,4.679999999999826,-169.99999999999937,0.446526971842381,0.575,2.615858904536476,14.840987866146605,0.446526971842381,3.2958589045364763,3.325969370754203,-0.3237609773608151,3.2115804550952474,-0.06385394260456895,-1.502331456215062,-0.3538460632573885,-1.5791726558366228,0.22613817804825054,-1.425490256593501,0.0,2.3158589045364764,0,
2026-09-08T07:01:23.785+00:00,1023.166666666667,23.166666666666977,tick,WAYPOINT_DRIVE_SETTLE,STOP,-0.16679430109739932,1.358215552399932,-4.840987866145985,-0.22417996768832554,2.035789817901445,2.808864252301646e-14,4.679999999999826,-169.99999999999937,0.446526971842381,0.575,2.615858904536476,14.840987866146605,0.446526971842381,3.2958589045364763,3.325969370754203,-0.3237609773608151,3.2115804550952474,-0.06385394260456895,-1.502331456215062,-0.3538460632573885,-1.5791726558366228,0.22613817804825054,-1.425490256593501,0.0,2.3158589045364764,0,
2026-09-08T07:01:23.818+00:00,1023.2000000000003,23.200000000000312,tick,WAYPOINT_DRIVE_SETTLE,STOP,-0.16679430109739932,1.358215552399932,-4.840987866145985,-0.22417996768832554,2.035789817901445,2.808864252301646e-14,4.679999999999826,-169.99999999999937,0.446526971842381,0.575,2.615858904536476,14.840987866146605,0.446526971842381,3.2958589045364763,3.325969370754203,-0.3237609773608151,3.2115804550952474,-0.06385394260456895,-1.502331456215062,-0.3538460632573885,-1.5791726558366228,0.22613817804825054,-1.425490256593501,0.0,2.3158589045364764,0,
2026-09-08T07:01:23.852+00:00,1023.2333333333337,23.233333333333647,tick,WAYPOINT_DRIVE_SETTLE,STOP,-0.16679430109739932,1.358215552399932,-4.840987866145985,-0.22417996768832554,2.035789817901445,2.808864252301646e-14,4.679999999999826,-169.99999999999937,0.446526971842381,0.575,2.615858904536476,14.840987866146605,0.446526971842381,3.2958589045364763,3.325969370754203,-0.3237609773608151,3.2115804550952474,-0.06385394260456895,-1.502331456215062,-0.3538460632573885,-1.5791726558366228,0.22613817804825054,-1.425490256593501,0.0,2.3158589045364764,0,
2026-09-08T07:01:23.885+00:00,1023.266666666667,23.266666666666982,tick,WAYPOINT_DRIVE_SETTLE,STOP,-0.16679430109739932,1.358215552399932,-4.840987866145985,-0.22417996768832554,2.035789817901445,2.808864252301646e-14,4.679999999999826,-169.99999999999937,0.446526971842381,0.575,2.615858904536476,14.840987866146605,0.446526971842381,3.2958589045364763,3.325969370754203,-0.3237609773608151,3.2115804550952474,-0.06385394260456895,-1.502331456215062,-0.3538460632573885,-1.5791726558366228,0.22613817804825054,-1.425490256593501,0.0,2.3158589045364764,0,
2026-09-08T07:01:23.918+00:00,1023.3000000000003,23.300000000000317,tick,WAYPOINT_DRIVE_SETTLE,STOP,-0.16679430109739932,1.358215552399932,-4.840987866145985,-0.22417996768832554,2.035789817901445,2.808864252301646e-14,4.679999999999826,-169.99999999999937,0.446526971842381,0.575,2.615858904536476,14.840987866146605,0.446526971842381,3.2958589045364763,3.325969370754203,-0.3237609773608151,3.2115804550952474,-0.06385394260456895,-1.502331456215062,-0.3538460632573885,-1.5791726558366228,0.22613817804825054,-1.425490256593501,0.0,2.3158589045364764,0,
2026-09-08T07:01:23.952+00:00,1023.3333333333336,23.333333333333652,tick,WAYPOINT_DRIVE_SETTLE,STOP,-0.16679430109739932,1.358215552399932,-4.840987866145985,-0.22417996768832554,2.035789817901445,2.808864252301646e-14,4.679999999999826,-169.99999999999937,0.446526971842381,0.575,2.615858904536476,14.840987866146605,0.446526971842381,3.2958589045364763,3.325969370754203,-0.3237609773608151,3.2115804550952474,-0.06385394260456895,-1.502331456215062,-0.3538460632573885,-1.5791726558366228,0.22613817804825054,-1.425490256593501,0.0,2.3158589045364764,0,
2026-09-08T07:01:23.985+00:00,1023.366666666667,23.366666666666987,tick,WAYPOINT_DRIVE_SETTLE,STOP,-0.16679430109739932,1.358215552399932,-4.840987866145985,-0.22417996768832554,2.035789817901445,2.808864252301646e-14,4.679999999999826,-169.99999999999937,0.446526971842381,0.575,2.615858904536476,14.840987866146605,0.446526971842381,3.2958589045364763,3.325969370754203,-0.3237609773608151,3.2115804550952474,-0.06385394260456895,-1.502331456215062,-0.3538460632573885,-1.5791726558366228,0.22613817804825054,-1.425490256593501,0.0,2.3158589045364764,0,
2026-09-08T07:01:24.018+00:00,1023.4000000000003,23.400000000000322,tick,WAYPOINT_DRIVE_SETTLE,STOP,-0.16679430109739932,1.358215552399932,-4.840987866145985,-0.22417996768832554,2.035789817901445,2.808864252301646e-14,4.679999999999826,-169.99999999999937,0.446526971842381,0.575,2.615858904536476,14.840987866146605,0.446526971842381,3.2958589045364763,3.325969370754203,-0.3237609773608151,3.2115804550952474,-0.06385394260456895,-1.502331456215062,-0.3538460632573885,-1.5791726558366228,0.22613817804825054,-1.425490256593501,0.0,2.3158589045364764,0,
2026-09-08T07:01:24.052+00:00,1023.4333333333336,23.433333333333657,tick,WAYPOINT_DRIVE_SETTLE,STOP,-0.16679430109739932,1.358215552399932,-4.840987866145985,-0.22417996768832554,2.035789817901445,2.808864252301646e-14,4.679999999999826,-169.99999999999937,0.446526971842381,0.575,2.615858904536476,14.840987866146605,0.446526971842381,3.2958589045364763,3.325969370754203,-0.3237609773608151,3.2115804550952474,-0.06385394260456895,-1.502331456215062,-0.3538460632573885,-1.5791726558366228,0.22613817804825054,-1.425490256593501,0.0,2.3158589045364764,0,
2026-09-08T07:01:24.085+00:00,1023.466666666667,23.466666666666992,tick,WAYPOINT_DRIVE_SETTLE,STOP,-0.16679430109739932,1.358215552399932,-4.840987866145985,-0.22417996768832554,2.035789817901445,2.808864252301646e-14,4.679999999999826,-169.99999999999937,0.446526971842381,0.575,2.615858904536476,14.840987866146605,0.446526971842381,3.2958589045364763,3.325969370754203,-0.3237609773608151,3.2115804550952474,-0.06385394260456895,-1.502331456215062,-0.3538460632573885,-1.5791726558366228,0.22613817804825054,-1.425490256593501,0.0,2.3158589045364764,0,
2026-09-08T07:01:24.118+00:00,1023.5000000000003,23.500000000000327,tick,WAYPOINT_DRIVE_SETTLE,STOP,-0.16679430109739932,1.358215552399932,-4.840987866145985,-0.22417996768832554,2.035789817901445,2.808864252301646e-14,4.679999999999826,-169.99999999999937,0.446526971842381,0.575,2.615858904536476,14.840987866146605,0.446526971842381,3.2958589045364763,3.325969370754203,-0.3237609773608151,3.2115804550952474,-0.06385394260456895,-1.502331456215062,-0.3538460632573885,-1.5791726558366228,0.22613817804825054,-1.425490256593501,0.0,2.3158589045364764,0,
2026-09-08T07:01:24.152+00:00,1023.5333333333336,23.533333333333662,tick,WAYPOINT_DRIVE_SETTLE,STOP,-0.16679430109739932,1.358215552399932,-4.840987866145985,-0.22417996768832554,2.035789817901445,2.808864252301646e-14,4.679999999999826,-169.99999999999937,0.446526971842381,0.575,2.615858904536476,14.840987866146605,0.446526971842381,3.2958589045364763,3.325969370754203,-0.3237609773608151,3.2115804550952474,-0.06385394260456895,-1.502331456215062,-0.3538460632573885,-1.5791726558366228,0.22613817804825054,-1.425490256593501,0.0,2.3158589045364764,0,
2026-09-08T07:01:24.185+00:00,1023.566666666667,23.566666666666997,tick,WAYPOINT_DRIVE_SETTLE,STOP,-0.16679430109739932,1.358215552399932,-4.840987866145985,-0.22417996768832554,2.035789817901445,2.808864252301646e-14,4.679999999999826,-169.99999999999937,0.446526971842381,0.575,2.615858904536476,14.840987866146605,0.446526971842381,3.2958589045364763,3.325969370754203,-0.3237609773608151,3.2115804550952474,-0.06385394260456895,-1.502331456215062,-0.3538460632573885,-1.5791726558366228,0.22613817804825054,-1.425490256593501,0.0,2.3158589045364764,0,
2026-09-08T07:01:24.218+00:00,1023.6000000000004,23.600000000000332,tick,STAGING_PLAN,STOP,-0.16679430109739932,1.358215552399932,-4.840987866145985,-0.22417996768832554,2.035789817901445,2.808864252301646e-14,4.679999999999826,-169.99999999999937,0.446526971842381,0.575,2.615858904536476,14.840987866146605,0.446526971842381,3.2958589045364763,3.325969370754203,-0.3237609773608151,3.2115804550952474,-0.06385394260456895,-1.502331456215062,-0.3538460632573885,-1.5791726558366228,0.22613817804825054,-1.425490256593501,0.0,2.3158589045364764,0,
2026-09-08T07:01:24.252+00:00,1023.6333333333337,23.633333333333667,tick,WAYPOINT_TURN,ROT_RIGHT,-0.16679430109739932,1.358215552399932,-4.840987866145985,-0.22417996768832554,2.035789817901445,2.808864252301646e-14,4.679999999999826,-169.99999999999937,0.446526971842381,0.575,2.615858904536476,14.840987866146605,0.446526971842381,3.2958589045364763,3.325969370754203,-0.3237609773608151,3.2115804550952474,-0.06385394260456895,-1.502331456215062,-0.3538460632573885,-1.5791726558366228,0.22613817804825054,-1.425490256593501,0.0,2.3158589045364764,0,
2026-09-08T07:01:24.285+00:00,1023.666666666667,23.666666666667002,tick,WAYPOINT_TURN,ROT_RIGHT,-0.16679430109739932,1.358215552399932,-4.840987866145985,-0.22417996768832554,2.035789817901445,2.808864252301646e-14,4.679999999999826,-169.99999999999937,0.446526971842381,0.575,2.615858904536476,14.840987866146605,0.446526971842381,3.2958589045364763,3.325969370754203,-0.3237609773608151,3.2115804550952474,-0.06385394260456895,-1.502331456215062,-0.3538460632573885,-1.5791726558366228,0.22613817804825054,-1.425490256593501,0.0,2.3158589045364764,0,
2026-09-08T07:01:24.318+00:00,1023.7000000000004,23.700000000000337,tick,WAYPOINT_TURN,ROT_RIGHT,-0.16679430109739932,1.358215552399932,-4.840987866145985,-0.22417996768832554,2.035789817901445,2.808864252301646e-14,4.679999999999826,-169.99999999999937,0.446526971842381,0.575,2.615858904536476,14.840987866146605,0.446526971842381,3.2958589045364763,3.325969370754203,-0.3237609773608151,3.2115804550952474,-0.06385394260456895,-1.502331456215062,-0.3538460632573885,-1.5791726558366228,0.22613817804825054,-1.425490256593501,0.0,2.3158589045364764,0,
2026-09-08T07:01:24.352+00:00,1023.7333333333337,23.733333333333672,tick,WAYPOINT_TURN,ROT_RIGHT,-0.16679430109739932,1.358215552399932,-4.840987866145985,-0.22417996768832554,2.035789817901445,2.808864252301646e-14,4.679999999999826,-169.99999999999937,0.446526971842381,0.575,2.615858904536476,14.840987866146605,0.446526971842381,3.2958589045364763,3.325969370754203,-0.3237609773608151,3.2115804550952474,-0.06385394260456895,-1.502331456215062,-0.3538460632573885,-1.5791726558366228,0.22613817804825054,-1.425490256593501,0.0,2.3158589045364764,0,
2026-09-08T07:01:24.385+00:00,1023.766666666667,23.766666666667007,tick,WAYPOINT_TURN,ROT_RIGHT,-0.16679430109739932,1.358215552399932,-4.840987866145985,-0.22417996768832554,2.035789817901445,2.808864252301646e-14,4.679999999999826,-169.99999999999937,0.446526971842381,0.575,2.615858904536476,14.840987866146605,0.446526971842381,3.2958589045364763,3.325969370754203,-0.3237609773608151,3.2115804550952474,-0.06385394260456895,-1.502331456215062,-0.3538460632573885,-1.5791726558366228,0.22613817804825054,-1.425490256593501,0.0,2.3158589045364764,0,
2026-09-08T07:01:24.418+00:00,1023.8000000000003,23.80000000000034,tick,WAYPOINT_TURN,ROT_RIGHT,-0.16679430109739932,1.358215552399932,-4.840987866145985,-0.22417996768832554,2.035789817901445,2.808864252301646e-14,4.679999999999826,-169.99999999999937,0.446526971842381,0.575,2.615858904536476,14.840987866146605,0.446526971842381,3.2958589045364763,3.325969370754203,-0.3237609773608151,3.2115804550952474,-0.06385394260456895,-1.502331456215062,-0.3538460632573885,-1.5791726558366228,0.22613817804825054,-1.425490256593501,0.0,2.3158589045364764,0,
2026-09-08T07:01:24.452+00:00,1023.8333333333337,23.833333333333677,tick,WAYPOINT_TURN,ROT_RIGHT,-0.16679430109739932,1.358215552399932,-4.840987866145985,-0.22417996768832554,2.035789817901445,2.808864252301646e-14,4.679999999999826,-169.99999999999937,0.446526971842381,0.575,2.615858904536476,14.840987866146605,0.446526971842381,3.2958589045364763,3.325969370754203,-0.3237609773608151,3.2115804550952474,-0.06385394260456895,-1.502331456215062,-0.3538460632573885,-1.5791726558366228,0.22613817804825054,-1.425490256593501,0.0,2.3158589045364764,0,
2026-09-08T07:01:24.485+00:00,1023.866666666667,23.86666666666701,tick,WAYPOINT_TURN,ROT_RIGHT,-0.16679430109739932,1.358215552399932,-4.840987866145985,-0.22417996768832554,2.035789817901445,2.808864252301646e-14,4.679999999999826,-169.99999999999937,0.446526971842381,0.575,2.615858904536476,14.840987866146605,0.446526971842381,3.2958589045364763,3.325969370754203,-0.3237609773608151,3.2115804550952474,-0.06385394260456895,-1.502331456215062,-0.3538460632573885,-1.5791726558366228,0.22613817804825054,-1.425490256593501,0.0,2.3158589045364764,0,
2026-09-08T07:01:24.518+00:00,1023.9000000000003,23.900000000000347,tick,WAYPOINT_TURN,ROT_RIGHT,-0.16679430109739932,1.358215552399932,-4.840987866145985,-0.22417996768832554,2.035789817901445,2.808864252301646e-14,4.679999999999826,-169.99999999999937,0.446526971842381,0.575,2.615858904536476,14.840987866146605,0.446526971842381,3.2958589045364763,3.325969370754203,-0.3237609773608151,3.2115804550952474,-0.06385394260456895,-1.502331456215062,-0.3538460632573885,-1.5791726558366228,0.22613817804825054,-1.425490256593501,0.0,2.3158589045364764,0,
2026-09-08T07:01:24.552+00:00,1023.9333333333337,23.93333333333368,tick,WAYPOINT_TURN,ROT_RIGHT,-0.16679430109739932,1.358215552399932,-4.840987866145985,-0.22417996768832554,2.035789817901445,2.808864252301646e-14,4.679999999999826,-169.99999999999937,0.446526971842381,0.575,2.615858904536476,14.840987866146605,0.446526971842381,3.2958589045364763,3.325969370754203,-0.3237609773608151,3.2115804550952474,-0.06385394260456895,-1.502331456215062,-0.3538460632573885,-1.5791726558366228,0.22613817804825054,-1.425490256593501,0.0,2.3158589045364764,0,
2026-09-08T07:01:24.585+00:00,1023.966666666667,23.966666666667017,tick,WAYPOINT_TURN,ROT_RIGHT,-0.16679430109739932,1.358215552399932,-4.840987866145985,-0.22417996768832554,2.035789817901445,2.808864252301646e-14,4.679999999999826,-169.99999999999937,0.446526971842381,0.575,2.615858904536476,14.840987866146605,0.446526971842381,3.2958589045364763,3.325969370754203,-0.3237609773608151,3.2115804550952474,-0.06385394260456895,-1.502331456215062,-0.3538460632573885,-1.5791726558366228,0.22613817804825054,-1.425490256593501,0.0,2.3158589045364764,0,
2026-09-08T07:01:24.618+00:00,1024.0000000000005,24.00000000000035,tick,WAYPOINT_TURN,ROT_RIGHT,-0.16679430109739932,1.358215552399932,-4.840987866145985,-0.22417996768832554,2.035789817901445,2.808864252301646e-14,4.679999999999826,-169.99999999999937,0.446526971842381,0.575,2.615858904536476,14.840987866146605,0.446526971842381,3.2958589045364763,3.325969370754203,-0.3237609773608151,3.2115804550952474,-0.06385394260456895,-1.502331456215062,-0.3538460632573885,-1.5791726558366228,0.22613817804825054,-1.425490256593501,0.0,2.3158589045364764,0,
2026-09-08T07:01:24.652+00:00,1024.0333333333338,24.033333333333687,tick,WAYPOINT_TURN,ROT_RIGHT,-0.16679430109739932,1.358215552399932,-4.840987866145985,-0.22417996768832554,2.035789817901445,2.808864252301646e-14,4.679999999999826,-169.99999999999937,0.446526971842381,0.575,2.615858904536476,14.840987866146605,0.446526971842381,3.2958589045364763,3.325969370754203,-0.3237609773608151,3.2115804550952474,-0.06385394260456895,-1.502331456215062,-0.3538460632573885,-1.5791726558366228,0.22613817804825054,-1.425490256593501,0.0,2.3158589045364764,0,
2026-09-08T07:01:24.685+00:00,1024.066666666667,24.06666666666702,tick,WAYPOINT_TURN,ROT_RIGHT,-0.16679430109739932,1.358215552399932,-4.840987866145985,-0.22417996768832554,2.035789817901445,2.808864252301646e-14,4.679999999999826,-169.99999999999937,0.446526971842381,0.575,2.615858904536476,14.840987866146605,0.446526971842381,3.2958589045364763,3.325969370754203,-0.3237609773608151,3.2115804550952474,-0.06385394260456895,-1.502331456215062,-0.3538460632573885,-1.5791726558366228,0.22613817804825054,-1.425490256593501,0.0,2.3158589045364764,0,
2026-09-08T07:01:24.718+00:00,1024.1000000000004,24.100000000000357,tick,WAYPOINT_TURN,ROT_RIGHT,-0.16679430109739932,1.358215552399932,-4.840987866145985,-0.22417996768832554,2.035789817901445,2.808864252301646e-14,4.679999999999826,-169.99999999999937,0.446526971842381,0.575,2.615858904536476,14.840987866146605,0.446526971842381,3.2958589045364763,3.325969370754203,-0.3237609773608151,3.2115804550952474,-0.06385394260456895,-1.502331456215062,-0.3538460632573885,-1.5791726558366228,0.22613817804825054,-1.425490256593501,0.0,2.3158589045364764,0,
2026-09-08T07:01:24.752+00:00,1024.1333333333337,24.13333333333369,tick,WAYPOINT_TURN,ROT_RIGHT,-0.16679430109739932,1.358215552399932,-4.840987866145985,-0.22417996768832554,2.035789817901445,2.808864252301646e-14,4.679999999999826,-169.99999999999937,0.446526971842381,0.575,2.615858904536476,14.840987866146605,0.446526971842381,3.2958589045364763,3.325969370754203,-0.3237609773608151,3.2115804550952474,-0.06385394260456895,-1.502331456215062,-0.3538460632573885,-1.5791726558366228,0.22613817804825054,-1.425490256593501,0.0,2.3158589045364764,0,
2026-09-08T07:01:24.785+00:00,1024.166666666667,24.166666666667027,tick,WAYPOINT_TURN,ROT_RIGHT,-0.16679430109739932,1.358215552399932,-4.840987866145985,-0.22417996768832554,2.035789817901445,2.808864252301646e-14,4.679999999999826,-169.99999999999937,0.446526971842381,0.575,2.615858904536476,14.840987866146605,0.446526971842381,3.2958589045364763,3.325969370754203,-0.3237609773608151,3.2115804550952474,-0.06385394260456895,-1.502331456215062,-0.3538460632573885,-1.5791726558366228,0.22613817804825054,-1.425490256593501,0.0,2.3158589045364764,0,
2026-09-08T07:01:24.818+00:00,1024.2000000000003,24.20000000000036,tick,WAYPOINT_TURN,ROT_RIGHT,-0.16679430109739932,1.358215552399932,-4.840987866145985,-0.22417996768832554,2.035789817901445,2.808864252301646e-14,4.679999999999826,-169.99999999999937,0.446526971842381,0.575,2.615858904536476,14.840987866146605,0.446526971842381,3.2958589045364763,3.325969370754203,-0.3237609773608151,3.2115804550952474,-0.06385394260456895,-1.502331456215062,-0.3538460632573885,-1.5791726558366228,0.22613817804825054,-1.425490256593501,0.0,2.3158589045364764,0,
2026-09-08T07:01:24.852+00:00,1024.2333333333338,24.233333333333697,tick,WAYPOINT_TURN,ROT_RIGHT,-0.16679430109739932,1.358215552399932,-4.840987866145985,-0.22417996768832554,2.035789817901445,2.808864252301646e-14,4.679999999999826,-169.99999999999937,0.446526971842381,0.575,2.615858904536476,14.840987866146605,0.446526971842381,3.2958589045364763,3.325969370754203,-0.3237609773608151,3.2115804550952474,-0.06385394260456895,-1.502331456215062,-0.3538460632573885,-1.5791726558366228,0.22613817804825054,-1.425490256593501,0.0,2.3158589045364764,0,
2026-09-08T07:01:24.885+00:00,1024.266666666667,24.26666666666703,tick,WAYPOINT_TURN,ROT_RIGHT,-0.16679430109739932,1.358215552399932,-4.840987866145985,-0.22417996768832554,2.035789817901445,2.808864252301646e-14,4.679999999999826,-169.99999999999937,0.446526971842381,0.575,2.615858904536476,14.840987866146605,0.446526971842381,3.2958589045364763,3.325969370754203,-0.3237609773608151,3.2115804550952474,-0.06385394260456895,-1.502331456215062,-0.3538460632573885,-1.5791726558366228,0.22613817804825054,-1.425490256593501,0.0,2.3158589045364764,0,
2026-09-08T07:01:24.918+00:00,1024.3000000000004,24.300000000000367,tick,WAYPOINT_TURN,ROT_RIGHT,-0.16679430109739932,1.358215552399932,-4.840987866145985,-0.22417996768832554,2.035789817901445,2.808864252301646e-14,4.679999999999826,-169.99999999999937,0.446526971842381,0.575,2.615858904536476,14.840987866146605,0.446526971842381,3.2958589045364763,3.325969370754203,-0.3237609773608151,3.2115804550952474,-0.06385394260456895,-1.502331456215062,-0.3538460632573885,-1.5791726558366228,0.22613817804825054,-1.425490256593501,0.0,2.3158589045364764,0,
2026-09-08T07:01:24.952+00:00,1024.3333333333337,24.3333333333337,tick,WAYPOINT_TURN,ROT_RIGHT,-0.16679430109739932,1.358215552399932,-4.840987866145985,-0.22417996768832554,2.035789817901445,2.808864252301646e-14,4.679999999999826,-169.99999999999937,0.446526971842381,0.575,2.615858904536476,14.840987866146605,0.446526971842381,3.2958589045364763,3.325969370754203,-0.3237609773608151,3.2115804550952474,-0.06385394260456895,-1.502331456215062,-0.3538460632573885,-1.5791726558366228,0.22613817804825054,-1.425490256593501,0.0,2.3158589045364764,0,
2026-09-08T07:01:24.985+00:00,1024.366666666667,24.366666666667037,tick,WAYPOINT_TURN,ROT_RIGHT,-0.16679430109739932,1.358215552399932,-4.840987866145985,-0.22417996768832554,2.035789817901445,2.808864252301646e-14,4.679999999999826,-169.99999999999937,0.446526971842381,0.575,2.615858904536476,14.840987866146605,0.446526971842381,3.2958589045364763,3.325969370754203,-0.3237609773608151,3.2115804550952474,-0.06385394260456895,-1.502331456215062,-0.3538460632573885,-1.5791726558366228,0.22613817804825054,-1.425490256593501,0.0,2.3158589045364764,0,
2026-09-08T07:01:25.018+00:00,1024.4000000000003,24.40000000000037,tick,WAYPOINT_TURN,ROT_RIGHT,-0.16679430109739932,1.358215552399932,-4.840987866145985,-0.22417996768832554,2.035789817901445,2.808864252301646e-14,4.679999999999826,-169.99999999999937,0.446526971842381,0.575,2.615858904536476,14.840987866146605,0.446526971842381,3.2958589045364763,3.325969370754203,-0.3237609773608151,3.2115804550952474,-0.06385394260456895,-1.502331456215062,-0.3538460632573885,-1.5791726558366228,0.22613817804825054,-1.425490256593501,0.0,2.3158589045364764,0,
2026-09-08T07:01:25.052+00:00,1024.4333333333336,24.433333333333707,tick,WAYPOINT_TURN,ROT_RIGHT,-0.16679430109739932,1.358215552399932,-4.840987866145985,-0.22417996768832554,2.035789817901445,2.808864252301646e-14,4.679999999999826,-169.99999999999937,0.446526971842381,0.575,2.615858904536476,14.840987866146605,0.446526971842381,3.2958589045364763,3.325969370754203,-0.3237609773608151,3.2115804550952474,-0.06385394260456895,-1.502331456215062,-0.3538460632573885,-1.5791726558366228,0.22613817804825054,-1.425490256593501,0.0,2.3158589045364764,0,
2026-09-08T07:01:25.085+00:00,1024.4666666666672,24.46666666666704,tick,WAYPOINT_TURN,ROT_RIGHT,-0.16679430109739932,1.358215552399932,-4.840987866145985,-0.22417996768832554,2.035789817901445,2.808864252301646e-14,4.679999999999826,-169.99999999999937,0.446526971842381,0.575,2.615858904536476,14.840987866146605,0.446526971842381,3.2958589045364763,3.325969370754203,-0.3237609773608151,3.2115804550952474,-0.06385394260456895,-1.502331456215062,-0.3538460632573885,-1.5791726558366228,0.22613817804825054,-1.425490256593501,0.0,2.3158589045364764,0,
2026-09-08T07:01:25.118+00:00,1024.5000000000005,24.500000000000377,tick,WAYPOINT_TURN,ROT_RIGHT,-0.16679430109739932,1.358215552399932,-4.840987866145985,-0.22417996768832554,2.035789817901445,2.808864252301646e-14,4.679999999999826,-169.99999999999937,0.446526971842381,0.575,2.615858904536476,14.840987866146605,0.446526971842381,3.2958589045364763,3.325969370754203,-0.3237609773608151,3.2115804550952474,-0.06385394260456895,-1.502331456215062,-0.3538460632573885,-1.5791726558366228,0.22613817804825054,-1.425490256593501,0.0,2.3158589045364764,0,
2026-09-08T07:01:25.152+00:00,1024.5333333333338,24.53333333333371,tick,WAYPOINT_TURN,ROT_RIGHT,-0.16679430109739932,1.358215552399932,-4.840987866145985,-0.22417996768832554,2.035789817901445,2.808864252301646e-14,4.679999999999826,-169.99999999999937,0.446526971842381,0.575,2.615858904536476,14.840987866146605,0.446526971842381,3.2958589045364763,3.325969370754203,-0.3237609773608151,3.2115804550952474,-0.06385394260456895,-1.502331456215062,-0.3538460632573885,-1.5791726558366228,0.22613817804825054,-1.425490256593501,0.0,2.3158589045364764,0,
2026-09-08T07:01:25.185+00:00,1024.566666666667,24.566666666667047,tick,WAYPOINT_TURN,ROT_RIGHT,-0.16679430109739932,1.358215552399932,-4.840987866145985,-0.22417996768832554,2.035789817901445,2.808864252301646e-14,4.679999999999826,-169.99999999999937,0.446526971842381,0.575,2.615858904536476,14.840987866146605,0.446526971842381,3.2958589045364763,3.325969370754203,-0.3237609773608151,3.2115804550952474,-0.06385394260456895,-1.502331456215062,-0.3538460632573885,-1.5791726558366228,0.22613817804825054,-1.425490256593501,0.0,2.3158589045364764,0,
2026-09-08T07:01:25.218+00:00,1024.6000000000004,24.60000000000038,tick,WAYPOINT_TURN,ROT_RIGHT,-0.16679430109739932,1.358215552399932,-4.840987866145985,-0.22417996768832554,2.035789817901445,2.808864252301646e-14,4.679999999999826,-169.99999999999937,0.446526971842381,0.575,2.615858904536476,14.840987866146605,0.446526971842381,3.2958589045364763,3.325969370754203,-0.3237609773608151,3.2115804550952474,-0.06385394260456895,-1.502331456215062,-0.3538460632573885,-1.5791726558366228,0.22613817804825054,-1.425490256593501,0.0,2.3158589045364764,0,
2026-09-08T07:01:25.252+00:00,1024.6333333333337,24.633333333333717,tick,WAYPOINT_TURN,ROT_RIGHT,-0.16679430109739932,1.358215552399932,-4.840987866145985,-0.22417996768832554,2.035789817901445,2.808864252301646e-14,4.679999999999826,-169.99999999999937,0.446526971842381,0.575,2.615858904536476,14.840987866146605,0.446526971842381,3.2958589045364763,3.325969370754203,-0.3237609773608151,3.2115804550952474,-0.06385394260456895,-1.502331456215062,-0.3538460632573885,-1.5791726558366228,0.22613817804825054,-1.425490256593501,0.0,2.3158589045364764,0,
2026-09-08T07:01:25.285+00:00,1024.666666666667,24.66666666666705,tick,WAYPOINT_TURN,ROT_RIGHT,-0.16679430109739932,1.358215552399932,-4.840987866145985,-0.22417996768832554,2.035789817901445,2.808864252301646e-14,4.679999999999826,-169.99999999999937,0.446526971842381,0.575,2.615858904536476,14.840987866146605,0.446526971842381,3.2958589045364763,3.325969370754203,-0.3237609773608151,3.2115804550952474,-0.06385394260456895,-1.502331456215062,-0.3538460632573885,-1.5791726558366228,0.22613817804825054,-1.425490256593501,0.0,2.3158589045364764,0,
2026-09-08T07:01:25.318+00:00,1024.7000000000003,24.700000000000387,tick,WAYPOINT_TURN,ROT_RIGHT,-0.16679430109739932,1.358215552399932,-4.840987866145985,-0.22417996768832554,2.035789817901445,2.808864252301646e-14,4.679999999999826,-169.99999999999937,0.446526971842381,0.575,2.615858904536476,14.840987866146605,0.446526971842381,3.2958589045364763,3.325969370754203,-0.3237609773608151,3.2115804550952474,-0.06385394260456895,-1.502331456215062,-0.3538460632573885,-1.5791726558366228,0.22613817804825054,-1.425490256593501,0.0,2.3158589045364764,0,
2026-09-08T07:01:25.352+00:00,1024.7333333333338,24.73333333333372,tick,WAYPOINT_TURN,ROT_RIGHT,-0.16679430109739932,1.358215552399932,-4.840987866145985,-0.22417996768832554,2.035789817901445,2.808864252301646e-14,4.679999999999826,-169.99999999999937,0.446526971842381,0.575,2.615858904536476,14.840987866146605,0.446526971842381,3.2958589045364763,3.325969370754203,-0.3237609773608151,3.2115804550952474,-0.06385394260456895,-1.502331456215062,-0.3538460632573885,-1.5791726558366228,0.22613817804825054,-1.425490256593501,0.0,2.3158589045364764,0,
2026-09-08T07:01:25.385+00:00,1024.766666666667,24.766666666667057,tick,WAYPOINT_TURN,ROT_RIGHT,-0.16679430109739932,1.358215552399932,-4.840987866145985,-0.22417996768832554,2.035789817901445,2.808864252301646e-14,4.679999999999826,-169.99999999999937,0.446526971842381,0.575,2.615858904536476,14.840987866146605,0.446526971842381,3.2958589045364763,3.325969370754203,-0.3237609773608151,3.2115804550952474,-0.06385394260456895,-1.502331456215062,-0.3538460632573885,-1.5791726558366228,0.22613817804825054,-1.425490256593501,0.0,2.3158589045364764,0,
2026-09-08T07:01:25.418+00:00,1024.8000000000004,24.80000000000039,tick,WAYPOINT_TURN,ROT_RIGHT,-0.16679430109739932,1.358215552399932,-4.840987866145985,-0.22417996768832554,2.035789817901445,2.808864252301646e-14,4.679999999999826,-169.99999999999937,0.446526971842381,0.575,2.615858904536476,14.840987866146605,0.446526971842381,3.2958589045364763,3.325969370754203,-0.3237609773608151,3.2115804550952474,-0.06385394260456895,-1.502331456215062,-0.3538460632573885,-1.5791726558366228,0.22613817804825054,-1.425490256593501,0.0,2.3158589045364764,0,
2026-09-08T07:01:25.452+00:00,1024.8333333333337,24.833333333333727,tick,WAYPOINT_TURN,ROT_RIGHT,-0.16679430109739932,1.358215552399932,-4.840987866145985,-0.22417996768832554,2.035789817901445,2.808864252301646e-14,4.679999999999826,-169.99999999999937,0.446526971842381,0.575,2.615858904536476,14.840987866146605,0.446526971842381,3.2958589045364763,3.325969370754203,-0.3237609773608151,3.2115804550952474,-0.06385394260456895,-1.502331456215062,-0.3538460632573885,-1.5791726558366228,0.22613817804825054,-1.425490256593501,0.0,2.3158589045364764,0,
2026-09-08T07:01:25.485+00:00,1024.866666666667,24.86666666666706,tick,WAYPOINT_TURN,ROT_RIGHT,-0.16679430109739932,1.358215552399932,-4.840987866145985,-0.22417996768832554,2.035789817901445,2.808864252301646e-14,4.679999999999826,-169.99999999999937,0.446526971842381,0.575,2.615858904536476,14.840987866146605,0.446526971842381,3.2958589045364763,3.325969370754203,-0.3237609773608151,3.2115804550952474,-0.06385394260456895,-1.502331456215062,-0.3538460632573885,-1.5791726558366228,0.22613817804825054,-1.425490256593501,0.0,2.3158589045364764,0,
2026-09-08T07:01:25.518+00:00,1024.9000000000003,24.900000000000396,tick,WAYPOINT_TURN,ROT_RIGHT,-0.16679430109739932,1.358215552399932,-4.840987866145985,-0.22417996768832554,2.035789817901445,2.808864252301646e-14,4.679999999999826,-169.99999999999937,0.446526971842381,0.575,2.615858904536476,14.840987866146605,0.446526971842381,3.2958589045364763,3.325969370754203,-0.3237609773608151,3.2115804550952474,-0.06385394260456895,-1.502331456215062,-0.3538460632573885,-1.5791726558366228,0.22613817804825054,-1.425490256593501,0.0,2.3158589045364764,0,
2026-09-08T07:01:25.552+00:00,1024.9333333333336,24.93333333333373,tick,WAYPOINT_TURN,ROT_RIGHT,-0.16679430109739932,1.358215552399932,-4.554925819237117,-0.22079632481701233,2.0360678825089216,2.8033131371785203e-14,4.679999999999826,-169.99999999999932,0.43006615908606255,0.575,2.618047203119456,14.55492581923778,0.43006615908606255,3.2980472031194563,3.3259693707542026,-0.3145057189186937,3.2123410435804027,-0.054871367139036675,-1.4999752640157178,-0.3452435187917503,-1.5753676611428384,0.23550078451367693,-1.4245828668885971,0.0,2.3180472031194563,0,
2026-09-08T07:01:25.585+00:00,1024.9666666666672,24.966666666667066,tick,WAYPOINT_TURN,ROT_RIGHT,-0.16679430109739932,1.358215552399932,-4.151510163724783,-0.21602231390463894,2.0364313018153006,2.808864252301646e-14,4.679999999999825,-169.99999999999926,0.40683436653873734,0.575,2.6209934949039404,14.151510163725504,0.40683436653873734,3.3009934949039406,3.3259693707542026,-0.30144739495249595,3.2133351022713814,-0.04218404493596106,-1.496728753149778,-0.3330798273735036,-1.5700748079860805,0.2487117375015815,-1.4233826983134754,0.0,2.3209934949039406,0,
2026-09-08T07:01:25.618+00:00,1025.0000000000005,25.0000000000004,tick,WAYPOINT_TURN,ROT_RIGHT,-0.16679430109739932,1.358215552399932,-3.748094508212449,-0.2112458625376141,2.036761098907701,2.7949864644938316e-14,4.6799999999998265,-169.9999999999992,0.38358240537672317,0.575,2.6237761415508345,13.748094508213256,0.38358240537672317,3.3037761415508347,3.3259693707542035,-0.28838239562504564,3.2142371943182413,-0.02947417894521115,-1.4935716525836695,-0.32087917115148096,-1.5648677290343682,0.2619308132610586,-1.422275576132971,0.0,2.3237761415508347,0,
2026-09-08T07:01:25.652+00:00,1025.0333333333338,25.033333333333736,tick,WAYPOINT_TURN,ROT_RIGHT,-0.16679430109739932,1.358215552399932,-3.344678852704285,-0.20646720750622694,2.0370572574365897,2.7922109069322687e-14,4.679999999999826,-169.99999999999915,0.3603114283048601,0.575,2.6263950051117644,13.344678852705158,0.3603114283048601,3.3063950051117645,3.3259693707542035,-0.2753113686274278,3.215047275000201,-0.016742399252309026,-1.4905041188291381,-0.30864215496737407,-1.5597466824261432,0.275157356462756,-1.4212615552321328,0.0,2.3263950051117646,0,
2026-09-08T07:01:25.685+00:00,1025.066666666667,25.06666666666707,tick,WAYPOINT_TURN,ROT_RIGHT,-0.16679430109739932,1.358215552399932,-2.94126319719195,-0.201686585709864,2.0373197627200588,2.7977620220553945e-14,4.6799999999998265,-169.9999999999991,0.3370225889699707,0.575,2.628849955757905,12.941263197192882,0.3370225889699707,3.308849955757905,3.3259693707542035,-0.262234961949141,3.2157653041579253,-0.003989337028740714,-1.487526303957606,-0.2963693854650207,-1.5547119220346817,0.28839071140753914,-1.4203406858805308,0.0,2.328849955757905,0,
2026-09-08T07:01:25.718+00:00,1025.1000000000004,25.100000000000406,tick,WAYPOINT_TURN,ROT_RIGHT,-0.16679430109739932,1.358215552399932,-2.537847541679615,-0.1969042341455615,2.037548601744534,2.8005375796169574e-14,4.679999999999825,-169.99999999999903,0.31371704190511196,0.575,2.63114087178625,12.537847541680605,0.31371704190511196,3.3111408717862503,3.325969370754202,-0.24915382384678408,3.2163912461954602,0.00878437549854183,-1.48463835559282,-0.28406147106109025,-1.549763697455818,0.30163022205817397,-1.4195130137298217,0.0,2.3311408717862503,0,
2026-09-08T07:01:25.752+00:00,1025.1333333333337,25.13333333333374,tick,WAYPOINT_TURN,ROT_RIGHT,-0.16679430109739932,1.358215552399932,-2.1344318861717517,-0.1921203898961116,2.0377437631654303,2.8033131371785203e-14,4.679999999999826,-169.99999999999892,0.29039594247163675,0.575,2.6332676396257395,12.13443188617282,0.29039594247163675,3.3132676396257397,3.325969370754203,-0.2360686028115241,3.2169250700820307,0.021578105078848442,-1.4818404169034414,-0.2717190219145545,-1.544902253995423,0.31487523207225143,-1.4187785798114596,0.0,2.3332676396257397,0,
2026-09-08T07:01:25.785+00:00,1025.166666666667,25.166666666667076,tick,WAYPOINT_TURN,ROT_RIGHT,-0.16679430109739932,1.358215552399932,-1.7310162306594163,-0.18733529011814656,2.037905237307721,2.811639809863209e-14,4.679999999999826,-169.99999999999886,0.2670604468011232,0.575,2.6352301538429415,11.731016230660543,0.2670604468011232,3.3152301538429416,3.325969370754203,-0.2229799475365021,3.21736674935359,0.034391217469576074,-1.4791326265958462,-0.2593426498960196,-1.540127832657066,0.3281250848351717,-1.4181374205346267,0.0,2.3352301538429416,0,
2026-09-08T07:01:25.818+00:00,1025.2000000000005,25.20000000000041,tick,WAYPOINT_TURN,ROT_RIGHT,-0.16679430109739932,1.358215552399932,-1.3276005751470814,-0.18254917203069995,2.0380330161664015,2.821354261328679e-14,4.679999999999826,-169.9999999999988,0.24371171173961134,0.575,2.6370283171471507,11.327600575148267,0.24371171173961134,3.317028317147151,3.325969370754203,-0.20988850688554517,3.2177162621140987,0.04722307746680546,-1.4765151189074472,-0.24693296855820934,-1.5354406701304046,0.3413791234918202,-1.4175895676844898,0.0,2.337028317147151,0,
2026-09-08T07:01:25.852+00:00,1025.2333333333338,25.233333333333746,tick,WAYPOINT_TURN,ROT_RIGHT,-0.16679430109739932,1.358215552399932,-0.9241849196395191,-0.17776227290329108,2.0381270934068967,2.8206603719382883e-14,4.679999999999826,-169.9999999999988,0.22035089478949552,0.575,2.6386620403952823,10.924184919640737,0.22035089478949552,3.3186620403952825,3.325969370754203,-0.19679492986057384,3.2179735910366287,0.060073048937202056,-1.473988023599937,-0.23449059310515302,-1.5308409987792824,0.3546366909795572,-1.4171350484205918,0.0,2.3386620403952825,0,
2026-09-08T07:01:25.885+00:00,1025.266666666667,25.26666666666708,tick,WAYPOINT_TURN,ROT_RIGHT,-0.16679430109739932,1.358215552399932,-0.5207692641271837,-0.17297483004398906,2.0381874643653752,2.8244767635854373e-14,4.679999999999826,-169.99999999999875,0.19697915405129474,0.575,2.640131242596344,10.520769264128432,0.19697915405129474,3.3201312425963443,3.325969370754203,-0.18369986556895362,3.2181387233642322,0.07294049485002141,-1.4715514659527684,-0.2220161403612318,-1.5263290466300465,0.3678971300612746,-1.4167738852754905,0.0,2.3401312425963443,0,
2026-09-08T07:01:25.918+00:00,1025.3000000000004,25.300000000000416,tick,WAYPOINT_TURN,ROT_RIGHT,-0.16679430109739932,1.358215552399932,-0.11735360861484878,-0.1681870807879882,2.0382141260489757,2.829594197839569e-14,4.679999999999825,-169.9999999999987,0.17359764816789844,0.575,2.641435850915335,10.117353608616156,0.17359764816789844,3.321435850915335,3.325969370754202,-0.17060396319224533,3.2182116509105505,0.08582477730777613,-1.469205566757125,-0.20951022874148378,-1.5219050373605723,0.38115978335703604,-1.416506096153678,0.0,2.3414358509153352,0,
2026-09-08T07:01:25.952+00:00,1025.3333333333337,25.33333333333375,tick,WAYPOINT_TURN,ROT_RIGHT,-0.16679430109739932,1.358215552399932,0.2860620468924129,-0.16339926248567574,2.0382070771359575,2.83176260218454e-14,4.679999999999824,-169.99999999999864,0.1502075362663162,0.575,2.6425758006769238,9.713937953108967,0.1502075362663162,3.322575800676924,3.3259693707542013,-0.15750787195356716,3.2181923700602373,0.09872525757830411,-1.4669504423098414,-0.19697347822051758,-1.5175691902890105,0.39442399337712586,-1.4163316943306725,0.0,2.342575800676924,0,
2026-09-08T07:01:25.985+00:00,1025.366666666667,25.366666666667086,tick,WAYPOINT_TURN,ROT_RIGHT,-0.16679430109739932,1.358215552399932,0.6894777024047478,-0.15861161249068131,2.038166317975768,2.826211487061414e-14,4.679999999999824,-169.99999999999858,0.12680997789931425,0.575,2.643551035368687,9.310522297596691,0.12680997789931425,3.3235510353686872,3.3259693707542013,-0.14441224108490597,3.21808088176913,0.111641296126931,-1.4647862044075508,-0.18440651030129226,-1.5133217203627483,0.4076891025551543,-1.4162506884523534,0.0,2.3435510353686873,0,
2026-09-08T07:01:26.018+00:00,1025.4000000000003,25.40000000000042,tick,WAYPOINT_TURN,ROT_RIGHT,-0.16679430109739932,1.358215552399932,1.0928933579170828,-0.15382436814847142,2.038091850589022,2.8269053764518048e-14,4.679999999999824,-169.99999999999852,0.10340613298969624,0.575,2.644361506643827,8.907106642084415,0.10340613298969624,3.324361506643827,3.3259693707542013,-0.13131771979592008,3.2178771915642073,0.12457225264720269,-1.4627129603413183,-0.1718099479852516,-1.5091628381480855,0.42095445327965697,-1.416263082534551,0.0,2.344361506643827,0,
2026-09-08T07:01:26.052+00:00,1025.4333333333338,25.433333333333756,tick,WAYPOINT_TURN,ROT_RIGHT,-0.16679430109739932,1.358215552399932,1.4963090134240433,-0.14903776678440606,2.0379836786674055,2.8255175976710234e-14,4.679999999999824,-169.99999999999847,0.07999716177193568,0.575,2.6450071743236183,8.50369098657751,0.07999716177193568,3.3250071743236185,3.3259693707542013,-0.1182249572412707,3.2175813095433146,0.1375174860931031,-1.460730812891229,-0.15918441574097844,-1.5050927498196258,0.4342193879271846,-1.4163688759628326,0.0,2.3450071743236185,0,
2026-09-08T07:01:26.085+00:00,1025.4666666666672,25.46666666666709,tick,WAYPOINT_TURN,ROT_RIGHT,-0.16679430109739932,1.358215552399932,1.8997246689363783,-0.1442520456917786,2.037841807573485,2.824129818890242e-14,4.679999999999824,-169.9999999999984,0.05658422473370485,0.575,2.6454880063994186,8.100275331065234,0.05658422473370485,3.3254880063994188,3.325969370754201,-0.10513460248790736,3.2171932503746508,0.15047635471136228,-1.45883986032122,-0.14653053947272052,-1.5011116571498981,0.4474832488954451,-1.4165680634925422,0.0,2.345488006399419,0,
2026-09-08T07:01:26.118+00:00,1025.5000000000005,25.500000000000426,tick,WAYPOINT_TURN,ROT_RIGHT,-0.16679430109739932,1.358215552399932,2.303140324448713,-0.13946744212043471,2.0376662443404534,2.8255175976710234e-14,4.679999999999824,-169.99999999999835,0.0331684825602151,0.575,2.645803979034205,7.6968596755529575,0.0331684825602151,3.3258039790342053,3.3259693707542017,-0.0920473044839373,3.2167130332960636,0.163448216072236,-1.457040196374369,-0.13384894649037124,-1.4972197574996808,0.46074537863484333,-1.4168606352490574,0.0,2.3458039790342053,0,
2026-09-08T07:01:26.152+00:00,1025.5333333333338,25.53333333333376,tick,WAYPOINT_TURN,ROT_RIGHT,-0.16679430109739932,1.358215552399932,2.7065559799553727,-0.13468419326482298,2.037456997671774,2.8227420401094605e-14,4.679999999999824,-169.99999999999824,0.009751096075758636,0.575,2.6459550765637863,7.2934440200463655,0.009751096075758636,3.3259550765637864,3.3259693707542017,-0.07896371202594053,3.216140682114087,0.1764324271018607,-1.4553319102681566,-0.12114026547787757,-1.4934172438080455,0.47400511968159886,-1.4172465767282674,0.0,2.3459550765637864,0,
2026-09-08T07:01:26.185+00:00,1025.566666666667,25.566666666667096,tick,WAYPOINT_TURN,ROT_RIGHT,-0.16679430109739932,1.358215552399932,3.1099716354677076,-0.12990253625203077,2.037214077940742,2.8282931552325863e-14,4.679999999999825,-169.99999999999818,-0.013666773814844773,0.575,2.6459412914975813,6.890028364534089,-0.013666773814844773,3.3259412914975814,3.3259693707542026,-0.06588447372624417,3.2154762252027353,0.18942834411469173,-1.4537150866899844,-0.10840512646152597,-1.489704304582643,0.48726181469090935,-1.4177258687973255,0.0,2.3459412914975815,0,
2026-09-08T07:01:26.218+00:00,1025.6000000000004,25.60000000000043,tick,WAYPOINT_TURN,ROT_RIGHT,-0.16679430109739932,1.358215552399932,3.5133872909800425,-0.1251227081304325,2.036937497189988,2.8310687127941492e-14,4.679999999999826,-169.99999999999812,-0.03708396618182241,0.575,2.645762624518974,6.486612709021813,-0.03708396618182241,3.325762624518974,3.325969370754203,-0.05281023798187247,3.214719695502143,0.2024353228443187,-1.4521898057931137,-0.09564416077978133,-1.486081123890672,0.5005148064684187,-1.4182984876955556,0.0,2.345762624518974,0,
2026-09-08T07:01:26.252+00:00,1025.6333333333337,25.633333333333766,tick,WAYPOINT_TURN,ROT_RIGHT,-0.16679430109739932,1.358215552399932,3.916802946486402,-0.12034494585773967,2.036627269130871,2.833844270355712e-14,4.679999999999826,-169.99999999999812,-0.060499320128972044,0.575,2.6454190844852987,6.083197053515477,-0.060499320128972044,3.325419084485299,3.3259693707542035,-0.03974165294185972,3.213871130516912,0.21545271847594044,-1.4507561431926201,-0.08285800105146501,-1.4825478813495945,0.5137634380033459,-1.4189644050356458,0.0,2.345419084485299,0,
2026-09-08T07:01:26.285+00:00,1025.6666666666672,25.6666666666671,tick,WAYPOINT_TURN,ROT_RIGHT,-0.16679430109739932,1.358215552399932,4.320218601998737,-0.115569486289038,2.0362834091427873,2.8310687127941492e-14,4.679999999999826,-169.99999999999807,-0.08391167485227077,0.575,2.6449106884273736,5.6797813980032,-0.08391167485227077,3.324910688427374,3.3259693707542026,-0.026679366474528676,3.212930572314212,0.22847988567892447,-1.4494141699615817,-0.07004728114380959,-1.4791047521180753,0.5270070525016585,-1.4197235878050882,0.0,2.344910688427374,0,
2026-09-08T07:01:26.318+00:00,1025.7000000000005,25.700000000000436,tick,WAYPOINT_TURN,ROT_RIGHT,-0.16679430109739932,1.358215552399932,4.723634257511072,-0.11079656616547015,2.035905934272431,2.8310687127941492e-14,4.679999999999826,-169.99999999999795,-0.10731986969534014,0.575,2.644237461548691,5.2763657424909525,-0.10731986969534014,3.3242374615486914,3.3259693707542035,-0.013624026136534295,3.211898067521767,0.24151617863763708,-1.4481639526276895,-0.05721263614217642,-1.4757519068876173,0.5402449934174506,-1.4205759983677617,0.0,2.3442374615486914,0,
2026-09-08T07:01:26.352+00:00,1025.7333333333338,25.73333333333377,tick,WAYPOINT_TURN,ROT_RIGHT,-0.16679430109739932,1.358215552399932,5.127049913017129,-0.10602642210229044,2.035494863232941,2.842170943040401e-14,4.679999999999827,-169.9999999999979,-0.1307227442080085,0.575,2.6433994372241574,4.872950086984957,-0.1307227442080085,3.3233994372241575,3.3259693707542044,-0.0005762791401897338,3.2107736673255154,0.254560951084028,-1.4470055531698722,-0.044354702318014166,-1.4724895118739312,0.5534766044860702,-1.4215215944658133,0.0,2.3433994372241576,0,
2026-09-08T07:01:26.385+00:00,1025.766666666667,25.766666666667106,tick,WAYPOINT_TURN_SETTLE,STOP,-0.16679430109739932,1.358215552399932,5.530465568529464,-0.10125929057690865,2.0350502164029507,2.8477220581635265e-14,4.679999999999827,-169.99999999999784,-0.15411913820494938,0.575,2.642396656998391,4.469534431472681,-0.15411913820494938,3.322396656998391,3.325969370754205,0.01246322767923691,3.2095574274670122,0.2676135563302913,-1.4459390290151795,-0.03147411709670128,-1.4693177288085513,0.566701229757284,-1.4225603292218076,0.0,2.342396656998391,0,
2026-09-08T07:01:26.418+00:00,1025.8000000000004,25.80000000000044,tick,WAYPOINT_TURN_SETTLE,STOP,-0.16679430109739932,1.358215552399932,5.530465568529464,-0.10125929057690865,2.0350502164029507,2.8477220581635265e-14,4.679999999999827,-169.99999999999784,-0.15411913820494938,0.575,2.642396656998391,4.469534431472681,-0.15411913820494938,3.322396656998391,3.325969370754205,0.01246322767923691,3.2095574274670122,0.2676135563302913,-1.4459390290151795,-0.03147411709670128,-1.4693177288085513,0.566701229757284,-1.4225603292218076,0.0,2.342396656998391,0,
2026-09-08T07:01:26.452+00:00,1025.8333333333337,25.833333333333776,tick,WAYPOINT_TURN_SETTLE,STOP,-0.16679430109739932,1.358215552399932,5.530465568529464,-0.10125929057690865,2.0350502164029507,2.8477220581635265e-14,4.679999999999827,-169.99999999999784,-0.15411913820494938,0.575,2.642396656998391,4.469534431472681,-0.15411913820494938,3.322396656998391,3.325969370754205,0.01246322767923691,3.2095574274670122,0.2676135563302913,-1.4459390290151795,-0.03147411709670128,-1.4693177288085513,0.566701229757284,-1.4225603292218076,0.0,2.342396656998391,0,
2026-09-08T07:01:26.485+00:00,1025.866666666667,25.86666666666711,tick,WAYPOINT_TURN_SETTLE,STOP,-0.16679430109739932,1.358215552399932,5.530465568529464,-0.10125929057690865,2.0350502164029507,2.8477220581635265e-14,4.679999999999827,-169.99999999999784,-0.15411913820494938,0.575,2.642396656998391,4.469534431472681,-0.15411913820494938,3.322396656998391,3.325969370754205,0.01246322767923691,3.2095574274670122,0.2676135563302913,-1.4459390290151795,-0.03147411709670128,-1.4693177288085513,0.566701229757284,-1.4225603292218076,0.0,2.342396656998391,0,
2026-09-08T07:01:26.518+00:00,1025.9000000000005,25.900000000000446,tick,WAYPOINT_TURN_SETTLE,STOP,-0.16679430109739932,1.358215552399932,5.530465568529464,-0.10125929057690865,2.0350502164029507,2.8477220581635265e-14,4.679999999999827,-169.99999999999784,-0.15411913820494938,0.575,2.642396656998391,4.469534431472681,-0.15411913820494938,3.322396656998391,3.325969370754205,0.01246322767923691,3.2095574274670122,0.2676135563302913,-1.4459390290151795,-0.03147411709670128,-1.4693177288085513,0.566701229757284,-1.4225603292218076,0.0,2.342396656998391,0,
2026-09-08T07:01:26.552+00:00,1025.9333333333338,25.93333333333378,tick,WAYPOINT_TURN_SETTLE,STOP,-0.16679430109739932,1.358215552399932,5.530465568529464,-0.10125929057690865,2.0350502164029507,2.8477220581635265e-14,4.679999999999827,-169.99999999999784,-0.15411913820494938,0.575,2.642396656998391,4.469534431472681,-0.15411913820494938,3.322396656998391,3.325969370754205,0.01246322767923691,3.2095574274670122,0.2676135563302913,-1.4459390290151795,-0.03147411709670128,-1.4693177288085513,0.566701229757284,-1.4225603292218076,0.0,2.342396656998391,0,
2026-09-08T07:01:26.585+00:00,1025.9666666666672,25.966666666667116,tick,WAYPOINT_TURN_SETTLE,STOP,-0.16679430109739932,1.358215552399932,5.530465568529464,-0.10125929057690865,2.0350502164029507,2.8477220581635265e-14,4.679999999999827,-169.99999999999784,-0.15411913820494938,0.575,2.642396656998391,4.469534431472681,-0.15411913820494938,3.322396656998391,3.325969370754205,0.01246322767923691,3.2095574274670122,0.2676135563302913,-1.4459390290151795,-0.03147411709670128,-1.4693177288085513,0.566701229757284,-1.4225603292218076,0.0,2.342396656998391,0,
2026-09-08T07:01:26.618+00:00,1026.0000000000005,26.00000000000045,tick,WAYPOINT_TURN_SETTLE,STOP,-0.16679430109739932,1.358215552399932,5.530465568529464,-0.10125929057690865,2.0350502164029507,2.8477220581635265e-14,4.679999999999827,-169.99999999999784,-0.15411913820494938,0.575,2.642396656998391,4.469534431472681,-0.15411913820494938,3.322396656998391,3.325969370754205,0.01246322767923691,3.2095574274670122,0.2676135563302913,-1.4459390290151795,-0.03147411709670128,-1.4693177288085513,0.566701229757284,-1.4225603292218076,0.0,2.342396656998391,0,
2026-09-08T07:01:26.652+00:00,1026.0333333333338,26.033333333333786,tick,WAYPOINT_TURN_SETTLE,STOP,-0.16679430109739932,1.358215552399932,5.530465568529464,-0.10125929057690865,2.0350502164029507,2.8477220581635265e-14,4.679999999999827,-169.99999999999784,-0.15411913820494938,0.575,2.642396656998391,4.469534431472681,-0.15411913820494938,3.322396656998391,3.325969370754205,0.01246322767923691,3.2095574274670122,0.2676135563302913,-1.4459390290151795,-0.03147411709670128,-1.4693177288085513,0.566701229757284,-1.4225603292218076,0.0,2.342396656998391,0,
2026-09-08T07:01:26.685+00:00,1026.066666666667,26.06666666666712,tick,WAYPOINT_TURN_SETTLE,STOP,-0.16679430109739932,1.358215552399932,5.530465568529464,-0.10125929057690865,2.0350502164029507,2.8477220581635265e-14,4.679999999999827,-169.99999999999784,-0.15411913820494938,0.575,2.642396656998391,4.469534431472681,-0.15411913820494938,3.322396656998391,3.325969370754205,0.01246322767923691,3.2095574274670122,0.2676135563302913,-1.4459390290151795,-0.03147411709670128,-1.4693177288085513,0.566701229757284,-1.4225603292218076,0.0,2.342396656998391,0,
2026-09-08T07:01:26.718+00:00,1026.1000000000004,26.100000000000456,tick,WAYPOINT_TURN_SETTLE,STOP,-0.16679430109739932,1.358215552399932,5.530465568529464,-0.10125929057690865,2.0350502164029507,2.8477220581635265e-14,4.679999999999827,-169.99999999999784,-0.15411913820494938,0.575,2.642396656998391,4.469534431472681,-0.15411913820494938,3.322396656998391,3.325969370754205,0.01246322767923691,3.2095574274670122,0.2676135563302913,-1.4459390290151795,-0.03147411709670128,-1.4693177288085513,0.566701229757284,-1.4225603292218076,0.0,2.342396656998391,0,
2026-09-08T07:01:26.752+00:00,1026.133333333334,26.13333333333379,tick,WAYPOINT_TURN_SETTLE,STOP,-0.16679430109739932,1.358215552399932,5.530465568529464,-0.10125929057690865,2.0350502164029507,2.8477220581635265e-14,4.679999999999827,-169.99999999999784,-0.15411913820494938,0.575,2.642396656998391,4.469534431472681,-0.15411913820494938,3.322396656998391,3.325969370754205,0.01246322767923691,3.2095574274670122,0.2676135563302913,-1.4459390290151795,-0.03147411709670128,-1.4693177288085513,0.566701229757284,-1.4225603292218076,0.0,2.342396656998391,0,
2026-09-08T07:01:26.785+00:00,1026.1666666666672,26.166666666667126,tick,WAYPOINT_TURN_SETTLE,STOP,-0.16679430109739932,1.358215552399932,5.530465568529464,-0.10125929057690865,2.0350502164029507,2.8477220581635265e-14,4.679999999999827,-169.99999999999784,-0.15411913820494938,0.575,2.642396656998391,4.469534431472681,-0.15411913820494938,3.322396656998391,3.325969370754205,0.01246322767923691,3.2095574274670122,0.2676135563302913,-1.4459390290151795,-0.03147411709670128,-1.4693177288085513,0.566701229757284,-1.4225603292218076,0.0,2.342396656998391,0,
2026-09-08T07:01:26.818+00:00,1026.2000000000005,26.20000000000046,tick,WAYPOINT_TURN_SETTLE,STOP,-0.16679430109739932,1.358215552399932,5.530465568529464,-0.10125929057690865,2.0350502164029507,2.8477220581635265e-14,4.679999999999827,-169.99999999999784,-0.15411913820494938,0.575,2.642396656998391,4.469534431472681,-0.15411913820494938,3.322396656998391,3.325969370754205,0.01246322767923691,3.2095574274670122,0.2676135563302913,-1.4459390290151795,-0.03147411709670128,-1.4693177288085513,0.566701229757284,-1.4225603292218076,0.0,2.342396656998391,0,
2026-09-08T07:01:26.852+00:00,1026.2333333333338,26.233333333333796,tick,WAYPOINT_TURN_SETTLE,STOP,-0.16679430109739932,1.358215552399932,5.530465568529464,-0.10125929057690865,2.0350502164029507,2.8477220581635265e-14,4.679999999999827,-169.99999999999784,-0.15411913820494938,0.575,2.642396656998391,4.469534431472681,-0.15411913820494938,3.322396656998391,3.325969370754205,0.01246322767923691,3.2095574274670122,0.2676135563302913,-1.4459390290151795,-0.03147411709670128,-1.4693177288085513,0.566701229757284,-1.4225603292218076,0.0,2.342396656998391,0,
2026-09-08T07:01:26.885+00:00,1026.266666666667,26.26666666666713,tick,WAYPOINT_TURN_SETTLE,STOP,-0.16679430109739932,1.358215552399932,5.530465568529464,-0.10125929057690865,2.0350502164029507,2.8477220581635265e-14,4.679999999999827,-169.99999999999784,-0.15411913820494938,0.575,2.642396656998391,4.469534431472681,-0.15411913820494938,3.322396656998391,3.325969370754205,0.01246322767923691,3.2095574274670122,0.2676135563302913,-1.4459390290151795,-0.03147411709670128,-1.4693177288085513,0.566701229757284,-1.4225603292218076,0.0,2.342396656998391,0,
2026-09-08T07:01:26.918+00:00,1026.3000000000004,26.300000000000466,tick,WAYPOINT_TURN_SETTLE,STOP,-0.16679430109739932,1.358215552399932,5.530465568529464,-0.10125929057690865,2.0350502164029507,2.8477220581635265e-14,4.679999999999827,-169.99999999999784,-0.15411913820494938,0.575,2.642396656998391,4.469534431472681,-0.15411913820494938,3.322396656998391,3.325969370754205,0.01246322767923691,3.2095574274670122,0.2676135563302913,-1.4459390290151795,-0.03147411709670128,-1.4693177288085513,0.566701229757284,-1.4225603292218076,0.0,2.342396656998391,0,
2026-09-08T07:01:26.952+00:00,1026.3333333333337,26.3333333333338,tick,WAYPOINT_TURN_SETTLE,STOP,-0.16679430109739932,1.358215552399932,5.530465568529464,-0.10125929057690865,2.0350502164029507,2.8477220581635265e-14,4.679999999999827,-169.99999999999784,-0.15411913820494938,0.575,2.642396656998391,4.469534431472681,-0.15411913820494938,3.322396656998391,3.325969370754205,0.01246322767923691,3.2095574274670122,0.2676135563302913,-1.4459390290151795,-0.03147411709670128,-1.4693177288085513,0.566701229757284,-1.4225603292218076,0.0,2.342396656998391,0,
2026-09-08T07:01:26.985+00:00,1026.3666666666672,26.366666666667136,tick,WAYPOINT_TURN_SETTLE,STOP,-0.16679430109739932,1.358215552399932,5.530465568529464,-0.10125929057690865,2.0350502164029507,2.8477220581635265e-14,4.679999999999827,-169.99999999999784,-0.15411913820494938,0.575,2.642396656998391,4.469534431472681,-0.15411913820494938,3.322396656998391,3.325969370754205,0.01246322767923691,3.2095574274670122,0.2676135563302913,-1.4459390290151795,-0.03147411709670128,-1.4693177288085513,0.566701229757284,-1.4225603292218076,0.0,2.342396656998391,0,
2026-09-08T07:01:27.018+00:00,1026.4000000000005,26.40000000000047,tick,WAYPOINT_TURN_SETTLE,STOP,-0.16679430109739932,1.358215552399932,5.530465568529464,-0.10125929057690865,2.0350502164029507,2.8477220581635265e-14,4.679999999999827,-169.99999999999784,-0.15411913820494938,0.575,2.642396656998391,4.469534431472681,-0.15411913820494938,3.322396656998391,3.325969370754205,0.01246322767923691,3.2095574274670122,0.2676135563302913,-1.4459390290151795,-0.03147411709670128,-1.4693177288085513,0.566701229757284,-1.4225603292218076,0.0,2.342396656998391,0,
2026-09-08T07:01:27.052+00:00,1026.4333333333338,26.433333333333806,tick,WAYPOINT_TURN_SETTLE,STOP,-0.16679430109739932,1.358215552399932,5.530465568529464,-0.10125929057690865,2.0350502164029507,2.8477220581635265e-14,4.679999999999827,-169.99999999999784,-0.15411913820494938,0.575,2.642396656998391,4.469534431472681,-0.15411913820494938,3.322396656998391,3.325969370754205,0.01246322767923691,3.2095574274670122,0.2676135563302913,-1.4459390290151795,-0.03147411709670128,-1.4693177288085513,0.566701229757284,-1.4225603292218076,0.0,2.342396656998391,0,
2026-09-08T07:01:27.085+00:00,1026.4666666666672,26.46666666666714,tick,WAYPOINT_TURN_SETTLE,STOP,-0.16679430109739932,1.358215552399932,5.530465568529464,-0.10125929057690865,2.0350502164029507,2.8477220581635265e-14,4.679999999999827,-169.99999999999784,-0.15411913820494938,0.575,2.642396656998391,4.469534431472681,-0.15411913820494938,3.322396656998391,3.325969370754205,0.01246322767923691,3.2095574274670122,0.2676135563302913,-1.4459390290151795,-0.03147411709670128,-1.4693177288085513,0.566701229757284,-1.4225603292218076,0.0,2.342396656998391,0,
2026-09-08T07:01:27.118+00:00,1026.5000000000005,26.500000000000476,tick,WAYPOINT_TURN_SETTLE,STOP,-0.16679430109739932,1.358215552399932,5.530465568529464,-0.10125929057690865,2.0350502164029507,2.8477220581635265e-14,4.679999999999827,-169.99999999999784,-0.15411913820494938,0.575,2.642396656998391,4.469534431472681,-0.15411913820494938,3.322396656998391,3.325969370754205,0.01246322767923691,3.2095574274670122,0.2676135563302913,-1.4459390290151795,-0.03147411709670128,-1.4693177288085513,0.566701229757284,-1.4225603292218076,0.0,2.342396656998391,0,
2026-09-08T07:01:27.152+00:00,1026.5333333333338,26.53333333333381,tick,WAYPOINT_TURN_SETTLE,STOP,-0.16679430109739932,1.358215552399932,5.530465568529464,-0.10125929057690865,2.0350502164029507,2.8477220581635265e-14,4.679999999999827,-169.99999999999784,-0.15411913820494938,0.575,2.642396656998391,4.469534431472681,-0.15411913820494938,3.322396656998391,3.325969370754205,0.01246322767923691,3.2095574274670122,0.2676135563302913,-1.4459390290151795,-0.03147411709670128,-1.4693177288085513,0.566701229757284,-1.4225603292218076,0.0,2.342396656998391,0,
2026-09-08T07:01:27.185+00:00,1026.566666666667,26.566666666667146,tick,WAYPOINT_TURN_SETTLE,STOP,-0.16679430109739932,1.358215552399932,5.530465568529464,-0.10125929057690865,2.0350502164029507,2.8477220581635265e-14,4.679999999999827,-169.99999999999784,-0.15411913820494938,0.575,2.642396656998391,4.469534431472681,-0.15411913820494938,3.322396656998391,3.325969370754205,0.01246322767923691,3.2095574274670122,0.2676135563302913,-1.4459390290151795,-0.03147411709670128,-1.4693177288085513,0.566701229757284,-1.4225603292218076,0.0,2.342396656998391,0,
2026-09-08T07:01:27.218+00:00,1026.6000000000006,26.60000000000048,tick,WAYPOINT_TURN_SETTLE,STOP,-0.16679430109739932,1.358215552399932,5.530465568529464,-0.10125929057690865,2.0350502164029507,2.8477220581635265e-14,4.679999999999827,-169.99999999999784,-0.15411913820494938,0.575,2.642396656998391,4.469534431472681,-0.15411913820494938,3.322396656998391,3.325969370754205,0.01246322767923691,3.2095574274670122,0.2676135563302913,-1.4459390290151795,-0.03147411709670128,-1.4693177288085513,0.566701229757284,-1.4225603292218076,0.0,2.342396656998391,0,
2026-09-08T07:01:27.252+00:00,1026.633333333334,26.633333333333816,tick,WAYPOINT_TURN_SETTLE,STOP,-0.16679430109739932,1.358215552399932,5.530465568529464,-0.10125929057690865,2.0350502164029507,2.8477220581635265e-14,4.679999999999827,-169.99999999999784,-0.15411913820494938,0.575,2.642396656998391,4.469534431472681,-0.15411913820494938,3.322396656998391,3.325969370754205,0.01246322767923691,3.2095574274670122,0.2676135563302913,-1.4459390290151795,-0.03147411709670128,-1.4693177288085513,0.566701229757284,-1.4225603292218076,0.0,2.342396656998391,0,
2026-09-08T07:01:27.285+00:00,1026.6666666666672,26.66666666666715,tick,WAYPOINT_TURN_SETTLE,STOP,-0.16679430109739932,1.358215552399932,5.530465568529464,-0.10125929057690865,2.0350502164029507,2.8477220581635265e-14,4.679999999999827,-169.99999999999784,-0.15411913820494938,0.575,2.642396656998391,4.469534431472681,-0.15411913820494938,3.322396656998391,3.325969370754205,0.01246322767923691,3.2095574274670122,0.2676135563302913,-1.4459390290151795,-0.03147411709670128,-1.4693177288085513,0.566701229757284,-1.4225603292218076,0.0,2.342396656998391,0,
2026-09-08T07:01:27.318+00:00,1026.7000000000005,26.700000000000486,tick,WAYPOINT_TURN_SETTLE,STOP,-0.16679430109739932,1.358215552399932,5.530465568529464,-0.10125929057690865,2.0350502164029507,2.8477220581635265e-14,4.679999999999827,-169.99999999999784,-0.15411913820494938,0.575,2.642396656998391,4.469534431472681,-0.15411913820494938,3.322396656998391,3.325969370754205,0.01246322767923691,3.2095574274670122,0.2676135563302913,-1.4459390290151795,-0.03147411709670128,-1.4693177288085513,0.566701229757284,-1.4225603292218076,0.0,2.342396656998391,0,
2026-09-08T07:01:27.352+00:00,1026.7333333333338,26.73333333333382,tick,WAYPOINT_TURN_SETTLE,STOP,-0.16679430109739932,1.358215552399932,5.530465568529464,-0.10125929057690865,2.0350502164029507,2.8477220581635265e-14,4.679999999999827,-169.99999999999784,-0.15411913820494938,0.575,2.642396656998391,4.469534431472681,-0.15411913820494938,3.322396656998391,3.325969370754205,0.01246322767923691,3.2095574274670122,0.2676135563302913,-1.4459390290151795,-0.03147411709670128,-1.4693177288085513,0.566701229757284,-1.4225603292218076,0.0,2.342396656998391,0,
2026-09-08T07:01:27.385+00:00,1026.766666666667,26.766666666667156,tick,WAYPOINT_TURN_SETTLE,STOP,-0.16679430109739932,1.358215552399932,5.530465568529464,-0.10125929057690865,2.0350502164029507,2.8477220581635265e-14,4.679999999999827,-169.99999999999784,-0.15411913820494938,0.575,2.642396656998391,4.469534431472681,-0.15411913820494938,3.322396656998391,3.325969370754205,0.01246322767923691,3.2095574274670122,0.2676135563302913,-1.4459390290151795,-0.03147411709670128,-1.4693177288085513,0.566701229757284,-1.4225603292218076,0.0,2.342396656998391,0,
2026-09-08T07:01:27.418+00:00,1026.8000000000004,26.80000000000049,tick,WAYPOINT_TURN_SETTLE,STOP,-0.16679430109739932,1.358215552399932,5.530465568529464,-0.10125929057690865,2.0350502164029507,2.8477220581635265e-14,4.679999999999827,-169.99999999999784,-0.15411913820494938,0.575,2.642396656998391,4.469534431472681,-0.15411913820494938,3.322396656998391,3.325969370754205,0.01246322767923691,3.2095574274670122,0.2676135563302913,-1.4459390290151795,-0.03147411709670128,-1.4693177288085513,0.566701229757284,-1.4225603292218076,0.0,2.342396656998391,0,
2026-09-08T07:01:27.452+00:00,1026.833333333334,26.833333333333826,tick,WAYPOINT_TURN_SETTLE,STOP,-0.16679430109739932,1.358215552399932,5.530465568529464,-0.10125929057690865,2.0350502164029507,2.8477220581635265e-14,4.679999999999827,-169.99999999999784,-0.15411913820494938,0.575,2.642396656998391,4.469534431472681,-0.15411913820494938,3.322396656998391,3.325969370754205,0.01246322767923691,3.2095574274670122,0.2676135563302913,-1.4459390290151795,-0.03147411709670128,-1.4693177288085513,0.566701229757284,-1.4225603292218076,0.0,2.342396656998391,0,
2026-09-08T07:01:27.485+00:00,1026.8666666666672,26.86666666666716,tick,WAYPOINT_TURN_SETTLE,STOP,-0.16679430109739932,1.358215552399932,5.530465568529464,-0.10125929057690865,2.0350502164029507,2.8477220581635265e-14,4.679999999999827,-169.99999999999784,-0.15411913820494938,0.575,2.642396656998391,4.469534431472681,-0.15411913820494938,3.322396656998391,3.325969370754205,0.01246322767923691,3.2095574274670122,0.2676135563302913,-1.4459390290151795,-0.03147411709670128,-1.4693177288085513,0.566701229757284,-1.4225603292218076,0.0,2.342396656998391,0,
2026-09-08T07:01:27.518+00:00,1026.9000000000005,26.900000000000496,tick,WAYPOINT_TURN_SETTLE,STOP,-0.16679430109739932,1.358215552399932,5.530465568529464,-0.10125929057690865,2.0350502164029507,2.8477220581635265e-14,4.679999999999827,-169.99999999999784,-0.15411913820494938,0.575,2.642396656998391,4.469534431472681,-0.15411913820494938,3.322396656998391,3.325969370754205,0.01246322767923691,3.2095574274670122,0.2676135563302913,-1.4459390290151795,-0.03147411709670128,-1.4693177288085513,0.566701229757284,-1.4225603292218076,0.0,2.342396656998391,0,
2026-09-08T07:01:27.552+00:00,1026.9333333333338,26.93333333333383,tick,WAYPOINT_TURN_SETTLE,STOP,-0.16679430109739932,1.358215552399932,5.530465568529464,-0.10125929057690865,2.0350502164029507,2.8477220581635265e-14,4.679999999999827,-169.99999999999784,-0.15411913820494938,0.575,2.642396656998391,4.469534431472681,-0.15411913820494938,3.322396656998391,3.325969370754205,0.01246322767923691,3.2095574274670122,0.2676135563302913,-1.4459390290151795,-0.03147411709670128,-1.4693177288085513,0.566701229757284,-1.4225603292218076,0.0,2.342396656998391,0,
2026-09-08T07:01:27.585+00:00,1026.9666666666672,26.966666666667166,tick,WAYPOINT_TURN_SETTLE,STOP,-0.16679430109739932,1.358215552399932,5.530465568529464,-0.10125929057690865,2.0350502164029507,2.8477220581635265e-14,4.679999999999827,-169.99999999999784,-0.15411913820494938,0.575,2.642396656998391,4.469534431472681,-0.15411913820494938,3.322396656998391,3.325969370754205,0.01246322767923691,3.2095574274670122,0.2676135563302913,-1.4459390290151795,-0.03147411709670128,-1.4693177288085513,0.566701229757284,-1.4225603292218076,0.0,2.342396656998391,0,
2026-09-08T07:01:27.618+00:00,1027.0000000000005,27.0000000000005,tick,WAYPOINT_TURN_SETTLE,STOP,-0.16679430109739932,1.358215552399932,5.530465568529464,-0.10125929057690865,2.0350502164029507,2.8477220581635265e-14,4.679999999999827,-169.99999999999784,-0.15411913820494938,0.575,2.642396656998391,4.469534431472681,-0.15411913820494938,3.322396656998391,3.325969370754205,0.01246322767923691,3.2095574274670122,0.2676135563302913,-1.4459390290151795,-0.03147411709670128,-1.4693177288085513,0.566701229757284,-1.4225603292218076,0.0,2.342396656998391,0,
2026-09-08T07:01:27.652+00:00,1027.0333333333338,27.033333333333836,tick,WAYPOINT_TURN_SETTLE,STOP,-0.16679430109739932,1.358215552399932,5.530465568529464,-0.10125929057690865,2.0350502164029507,2.8477220581635265e-14,4.679999999999827,-169.99999999999784,-0.15411913820494938,0.575,2.642396656998391,4.469534431472681,-0.15411913820494938,3.322396656998391,3.325969370754205,0.01246322767923691,3.2095574274670122,0.2676135563302913,-1.4459390290151795,-0.03147411709670128,-1.4693177288085513,0.566701229757284,-1.4225603292218076,0.0,2.342396656998391,0,
2026-09-08T07:01:27.685+00:00,1027.066666666667,27.06666666666717,tick,WAYPOINT_TURN_SETTLE,STOP,-0.16679430109739932,1.358215552399932,5.530465568529464,-0.10125929057690865,2.0350502164029507,2.8477220581635265e-14,4.679999999999827,-169.99999999999784,-0.15411913820494938,0.575,2.642396656998391,4.469534431472681,-0.15411913820494938,3.322396656998391,3.325969370754205,0.01246322767923691,3.2095574274670122,0.2676135563302913,-1.4459390290151795,-0.03147411709670128,-1.4693177288085513,0.566701229757284,-1.4225603292218076,0.0,2.342396656998391,0,
2026-09-08T07:01:27.718+00:00,1027.1000000000006,27.100000000000506,tick,WAYPOINT_TURN_SETTLE,STOP,-0.16679430109739932,1.358215552399932,5.530465568529464,-0.10125929057690865,2.0350502164029507,2.8477220581635265e-14,4.679999999999827,-169.99999999999784,-0.15411913820494938,0.575,2.642396656998391,4.469534431472681,-0.15411913820494938,3.322396656998391,3.325969370754205,0.01246322767923691,3.2095574274670122,0.2676135563302913,-1.4459390290151795,-0.03147411709670128,-1.4693177288085513,0.566701229757284,-1.4225603292218076,0.0,2.342396656998391,0,
2026-09-08T07:01:27.752+00:00,1027.133333333334,27.13333333333384,tick,WAYPOINT_TURN_SETTLE,STOP,-0.16679430109739932,1.358215552399932,5.530465568529464,-0.10125929057690865,2.0350502164029507,2.8477220581635265e-14,4.679999999999827,-169.99999999999784,-0.15411913820494938,0.575,2.642396656998391,4.469534431472681,-0.15411913820494938,3.322396656998391,3.325969370754205,0.01246322767923691,3.2095574274670122,0.2676135563302913,-1.4459390290151795,-0.03147411709670128,-1.4693177288085513,0.566701229757284,-1.4225603292218076,0.0,2.342396656998391,0,
2026-09-08T07:01:27.785+00:00,1027.1666666666672,27.166666666667176,tick,WAYPOINT_TURN_SETTLE,STOP,-0.16679430109739932,1.358215552399932,5.530465568529464,-0.10125929057690865,2.0350502164029507,2.8477220581635265e-14,4.679999999999827,-169.99999999999784,-0.15411913820494938,0.575,2.642396656998391,4.469534431472681,-0.15411913820494938,3.322396656998391,3.325969370754205,0.01246322767923691,3.2095574274670122,0.2676135563302913,-1.4459390290151795,-0.03147411709670128,-1.4693177288085513,0.566701229757284,-1.4225603292218076,0.0,2.342396656998391,0,
2026-09-08T07:01:27.818+00:00,1027.2000000000005,27.20000000000051,tick,WAYPOINT_TURN_SETTLE,STOP,-0.16679430109739932,1.358215552399932,5.530465568529464,-0.10125929057690865,2.0350502164029507,2.8477220581635265e-14,4.679999999999827,-169.99999999999784,-0.15411913820494938,0.575,2.642396656998391,4.469534431472681,-0.15411913820494938,3.322396656998391,3.325969370754205,0.01246322767923691,3.2095574274670122,0.2676135563302913,-1.4459390290151795,-0.03147411709670128,-1.4693177288085513,0.566701229757284,-1.4225603292218076,0.0,2.342396656998391,0,
2026-09-08T07:01:27.852+00:00,1027.2333333333338,27.233333333333846,tick,WAYPOINT_TURN_SETTLE,STOP,-0.16679430109739932,1.358215552399932,5.530465568529464,-0.10125929057690865,2.0350502164029507,2.8477220581635265e-14,4.679999999999827,-169.99999999999784,-0.15411913820494938,0.575,2.642396656998391,4.469534431472681,-0.15411913820494938,3.322396656998391,3.325969370754205,0.01246322767923691,3.2095574274670122,0.2676135563302913,-1.4459390290151795,-0.03147411709670128,-1.4693177288085513,0.566701229757284,-1.4225603292218076,0.0,2.342396656998391,0,
2026-09-08T07:01:27.885+00:00,1027.266666666667,27.26666666666718,tick,WAYPOINT_TURN_SETTLE,STOP,-0.16679430109739932,1.358215552399932,5.530465568529464,-0.10125929057690865,2.0350502164029507,2.8477220581635265e-14,4.679999999999827,-169.99999999999784,-0.15411913820494938,0.575,2.642396656998391,4.469534431472681,-0.15411913820494938,3.322396656998391,3.325969370754205,0.01246322767923691,3.2095574274670122,0.2676135563302913,-1.4459390290151795,-0.03147411709670128,-1.4693177288085513,0.566701229757284,-1.4225603292218076,0.0,2.342396656998391,0,
2026-09-08T07:01:27.918+00:00,1027.3000000000004,27.300000000000516,tick,WAYPOINT_TURN_SETTLE,STOP,-0.16679430109739932,1.358215552399932,5.530465568529464,-0.10125929057690865,2.0350502164029507,2.8477220581635265e-14,4.679999999999827,-169.99999999999784,-0.15411913820494938,0.575,2.642396656998391,4.469534431472681,-0.15411913820494938,3.322396656998391,3.325969370754205,0.01246322767923691,3.2095574274670122,0.2676135563302913,-1.4459390290151795,-0.03147411709670128,-1.4693177288085513,0.566701229757284,-1.4225603292218076,0.0,2.342396656998391,0,
2026-09-08T07:01:27.952+00:00,1027.333333333334,27.33333333333385,tick,WAYPOINT_TURN_SETTLE,STOP,-0.16679430109739932,1.358215552399932,5.530465568529464,-0.10125929057690865,2.0350502164029507,2.8477220581635265e-14,4.679999999999827,-169.99999999999784,-0.15411913820494938,0.575,2.642396656998391,4.469534431472681,-0.15411913820494938,3.322396656998391,3.325969370754205,0.01246322767923691,3.2095574274670122,0.2676135563302913,-1.4459390290151795,-0.03147411709670128,-1.4693177288085513,0.566701229757284,-1.4225603292218076,0.0,2.342396656998391,0,
2026-09-08T07:01:27.985+00:00,1027.3666666666672,27.366666666667186,tick,WAYPOINT_TURN_SETTLE,STOP,-0.16679430109739932,1.358215552399932,5.530465568529464,-0.10125929057690865,2.0350502164029507,2.8477220581635265e-14,4.679999999999827,-169.99999999999784,-0.15411913820494938,0.575,2.642396656998391,4.469534431472681,-0.15411913820494938,3.322396656998391,3.325969370754205,0.01246322767923691,3.2095574274670122,0.2676135563302913,-1.4459390290151795,-0.03147411709670128,-1.4693177288085513,0.566701229757284,-1.4225603292218076,0.0,2.342396656998391,0,
2026-09-08T07:01:28.018+00:00,1027.4000000000005,27.40000000000052,tick,WAYPOINT_TURN_SETTLE,STOP,-0.16679430109739932,1.358215552399932,5.530465568529464,-0.10125929057690865,2.0350502164029507,2.8477220581635265e-14,4.679999999999827,-169.99999999999784,-0.15411913820494938,0.575,2.642396656998391,4.469534431472681,-0.15411913820494938,3.322396656998391,3.325969370754205,0.01246322767923691,3.2095574274670122,0.2676135563302913,-1.4459390290151795,-0.03147411709670128,-1.4693177288085513,0.566701229757284,-1.4225603292218076,0.0,2.342396656998391,0,
2026-09-08T07:01:28.052+00:00,1027.4333333333338,27.433333333333856,tick,WAYPOINT_TURN_SETTLE,STOP,-0.16679430109739932,1.358215552399932,5.530465568529464,-0.10125929057690865,2.0350502164029507,2.8477220581635265e-14,4.679999999999827,-169.99999999999784,-0.15411913820494938,0.575,2.642396656998391,4.469534431472681,-0.15411913820494938,3.322396656998391,3.325969370754205,0.01246322767923691,3.2095574274670122,0.2676135563302913,-1.4459390290151795,-0.03147411709670128,-1.4693177288085513,0.566701229757284,-1.4225603292218076,0.0,2.342396656998391,0,
2026-09-08T07:01:28.085+00:00,1027.4666666666672,27.46666666666719,tick,WAYPOINT_TURN_SETTLE,STOP,-0.16679430109739932,1.358215552399932,5.530465568529464,-0.10125929057690865,2.0350502164029507,2.8477220581635265e-14,4.679999999999827,-169.99999999999784,-0.15411913820494938,0.575,2.642396656998391,4.469534431472681,-0.15411913820494938,3.322396656998391,3.325969370754205,0.01246322767923691,3.2095574274670122,0.2676135563302913,-1.4459390290151795,-0.03147411709670128,-1.4693177288085513,0.566701229757284,-1.4225603292218076,0.0,2.342396656998391,0,
2026-09-08T07:01:28.118+00:00,1027.5000000000005,27.500000000000526,tick,WAYPOINT_TURN_SETTLE,STOP,-0.16679430109739932,1.358215552399932,5.530465568529464,-0.10125929057690865,2.0350502164029507,2.8477220581635265e-14,4.679999999999827,-169.99999999999784,-0.15411913820494938,0.575,2.642396656998391,4.469534431472681,-0.15411913820494938,3.322396656998391,3.325969370754205,0.01246322767923691,3.2095574274670122,0.2676135563302913,-1.4459390290151795,-0.03147411709670128,-1.4693177288085513,0.566701229757284,-1.4225603292218076,0.0,2.342396656998391,0,
2026-09-08T07:01:28.152+00:00,1027.5333333333338,27.53333333333386,tick,WAYPOINT_TURN_SETTLE,STOP,-0.16679430109739932,1.358215552399932,5.530465568529464,-0.10125929057690865,2.0350502164029507,2.8477220581635265e-14,4.679999999999827,-169.99999999999784,-0.15411913820494938,0.575,2.642396656998391,4.469534431472681,-0.15411913820494938,3.322396656998391,3.325969370754205,0.01246322767923691,3.2095574274670122,0.2676135563302913,-1.4459390290151795,-0.03147411709670128,-1.4693177288085513,0.566701229757284,-1.4225603292218076,0.0,2.342396656998391,0,
2026-09-08T07:01:28.185+00:00,1027.5666666666673,27.566666666667196,tick,WAYPOINT_TURN_SETTLE,STOP,-0.16679430109739932,1.358215552399932,5.530465568529464,-0.10125929057690865,2.0350502164029507,2.8477220581635265e-14,4.679999999999827,-169.99999999999784,-0.15411913820494938,0.575,2.642396656998391,4.469534431472681,-0.15411913820494938,3.322396656998391,3.325969370754205,0.01246322767923691,3.2095574274670122,0.2676135563302913,-1.4459390290151795,-0.03147411709670128,-1.4693177288085513,0.566701229757284,-1.4225603292218076,0.0,2.342396656998391,0,
2026-09-08T07:01:28.218+00:00,1027.6000000000006,27.60000000000053,tick,WAYPOINT_TURN_SETTLE,STOP,-0.16679430109739932,1.358215552399932,5.530465568529464,-0.10125929057690865,2.0350502164029507,2.8477220581635265e-14,4.679999999999827,-169.99999999999784,-0.15411913820494938,0.575,2.642396656998391,4.469534431472681,-0.15411913820494938,3.322396656998391,3.325969370754205,0.01246322767923691,3.2095574274670122,0.2676135563302913,-1.4459390290151795,-0.03147411709670128,-1.4693177288085513,0.566701229757284,-1.4225603292218076,0.0,2.342396656998391,0,
2026-09-08T07:01:28.252+00:00,1027.633333333334,27.633333333333866,tick,WAYPOINT_TURN_SETTLE,STOP,-0.16679430109739932,1.358215552399932,5.530465568529464,-0.10125929057690865,2.0350502164029507,2.8477220581635265e-14,4.679999999999827,-169.99999999999784,-0.15411913820494938,0.575,2.642396656998391,4.469534431472681,-0.15411913820494938,3.322396656998391,3.325969370754205,0.01246322767923691,3.2095574274670122,0.2676135563302913,-1.4459390290151795,-0.03147411709670128,-1.4693177288085513,0.566701229757284,-1.4225603292218076,0.0,2.342396656998391,0,
2026-09-08T07:01:28.285+00:00,1027.6666666666672,27.6666666666672,tick,WAYPOINT_TURN_SETTLE,STOP,-0.16679430109739932,1.358215552399932,5.530465568529464,-0.10125929057690865,2.0350502164029507,2.8477220581635265e-14,4.679999999999827,-169.99999999999784,-0.15411913820494938,0.575,2.642396656998391,4.469534431472681,-0.15411913820494938,3.322396656998391,3.325969370754205,0.01246322767923691,3.2095574274670122,0.2676135563302913,-1.4459390290151795,-0.03147411709670128,-1.4693177288085513,0.566701229757284,-1.4225603292218076,0.0,2.342396656998391,0,
2026-09-08T07:01:28.318+00:00,1027.7000000000005,27.700000000000536,tick,WAYPOINT_TURN_SETTLE,STOP,-0.16679430109739932,1.358215552399932,5.530465568529464,-0.10125929057690865,2.0350502164029507,2.8477220581635265e-14,4.679999999999827,-169.99999999999784,-0.15411913820494938,0.575,2.642396656998391,4.469534431472681,-0.15411913820494938,3.322396656998391,3.325969370754205,0.01246322767923691,3.2095574274670122,0.2676135563302913,-1.4459390290151795,-0.03147411709670128,-1.4693177288085513,0.566701229757284,-1.4225603292218076,0.0,2.342396656998391,0,
2026-09-08T07:01:28.352+00:00,1027.7333333333338,27.73333333333387,tick,WAYPOINT_TURN_SETTLE,STOP,-0.16679430109739932,1.358215552399932,5.530465568529464,-0.10125929057690865,2.0350502164029507,2.8477220581635265e-14,4.679999999999827,-169.99999999999784,-0.15411913820494938,0.575,2.642396656998391,4.469534431472681,-0.15411913820494938,3.322396656998391,3.325969370754205,0.01246322767923691,3.2095574274670122,0.2676135563302913,-1.4459390290151795,-0.03147411709670128,-1.4693177288085513,0.566701229757284,-1.4225603292218076,0.0,2.342396656998391,0,
2026-09-08T07:01:28.385+00:00,1027.766666666667,27.766666666667206,tick,WAYPOINT_TURN_SETTLE,STOP,-0.16679430109739932,1.358215552399932,5.530465568529464,-0.10125929057690865,2.0350502164029507,2.8477220581635265e-14,4.679999999999827,-169.99999999999784,-0.15411913820494938,0.575,2.642396656998391,4.469534431472681,-0.15411913820494938,3.322396656998391,3.325969370754205,0.01246322767923691,3.2095574274670122,0.2676135563302913,-1.4459390290151795,-0.03147411709670128,-1.4693177288085513,0.566701229757284,-1.4225603292218076,0.0,2.342396656998391,0,
2026-09-08T07:01:28.418+00:00,1027.8000000000006,27.80000000000054,tick,WAYPOINT_TURN_SETTLE,STOP,-0.16679430109739932,1.358215552399932,5.530465568529464,-0.10125929057690865,2.0350502164029507,2.8477220581635265e-14,4.679999999999827,-169.99999999999784,-0.15411913820494938,0.575,2.642396656998391,4.469534431472681,-0.15411913820494938,3.322396656998391,3.325969370754205,0.01246322767923691,3.2095574274670122,0.2676135563302913,-1.4459390290151795,-0.03147411709670128,-1.4693177288085513,0.566701229757284,-1.4225603292218076,0.0,2.342396656998391,0,
2026-09-08T07:01:28.452+00:00,1027.833333333334,27.833333333333876,tick,WAYPOINT_TURN_SETTLE,STOP,-0.16679430109739932,1.358215552399932,5.530465568529464,-0.10125929057690865,2.0350502164029507,2.8477220581635265e-14,4.679999999999827,-169.99999999999784,-0.15411913820494938,0.575,2.642396656998391,4.469534431472681,-0.15411913820494938,3.322396656998391,3.325969370754205,0.01246322767923691,3.2095574274670122,0.2676135563302913,-1.4459390290151795,-0.03147411709670128,-1.4693177288085513,0.566701229757284,-1.4225603292218076,0.0,2.342396656998391,0,
2026-09-08T07:01:28.485+00:00,1027.8666666666672,27.86666666666721,tick,WAYPOINT_TURN_SETTLE,STOP,-0.16679430109739932,1.358215552399932,5.530465568529464,-0.10125929057690865,2.0350502164029507,2.8477220581635265e-14,4.679999999999827,-169.99999999999784,-0.15411913820494938,0.575,2.642396656998391,4.469534431472681,-0.15411913820494938,3.322396656998391,3.325969370754205,0.01246322767923691,3.2095574274670122,0.2676135563302913,-1.4459390290151795,-0.03147411709670128,-1.4693177288085513,0.566701229757284,-1.4225603292218076,0.0,2.342396656998391,0,
2026-09-08T07:01:28.518+00:00,1027.9000000000005,27.900000000000546,tick,WAYPOINT_TURN_SETTLE,STOP,-0.16679430109739932,1.358215552399932,5.530465568529464,-0.10125929057690865,2.0350502164029507,2.8477220581635265e-14,4.679999999999827,-169.99999999999784,-0.15411913820494938,0.575,2.642396656998391,4.469534431472681,-0.15411913820494938,3.322396656998391,3.325969370754205,0.01246322767923691,3.2095574274670122,0.2676135563302913,-1.4459390290151795,-0.03147411709670128,-1.4693177288085513,0.566701229757284,-1.4225603292218076,0.0,2.342396656998391,0,
2026-09-08T07:01:28.552+00:00,1027.9333333333338,27.93333333333388,tick,WAYPOINT_TURN_SETTLE,STOP,-0.16679430109739932,1.358215552399932,5.530465568529464,-0.10125929057690865,2.0350502164029507,2.8477220581635265e-14,4.679999999999827,-169.99999999999784,-0.15411913820494938,0.575,2.642396656998391,4.469534431472681,-0.15411913820494938,3.322396656998391,3.325969370754205,0.01246322767923691,3.2095574274670122,0.2676135563302913,-1.4459390290151795,-0.03147411709670128,-1.4693177288085513,0.566701229757284,-1.4225603292218076,0.0,2.342396656998391,0,
2026-09-08T07:01:28.585+00:00,1027.9666666666672,27.966666666667216,tick,WAYPOINT_TURN_SETTLE,STOP,-0.16679430109739932,1.358215552399932,5.530465568529464,-0.10125929057690865,2.0350502164029507,2.8477220581635265e-14,4.679999999999827,-169.99999999999784,-0.15411913820494938,0.575,2.642396656998391,4.469534431472681,-0.15411913820494938,3.322396656998391,3.325969370754205,0.01246322767923691,3.2095574274670122,0.2676135563302913,-1.4459390290151795,-0.03147411709670128,-1.4693177288085513,0.566701229757284,-1.4225603292218076,0.0,2.342396656998391,0,
2026-09-08T07:01:28.618+00:00,1028.0000000000005,28.00000000000055,tick,WAYPOINT_TURN_SETTLE,STOP,-0.16679430109739932,1.358215552399932,5.530465568529464,-0.10125929057690865,2.0350502164029507,2.8477220581635265e-14,4.679999999999827,-169.99999999999784,-0.15411913820494938,0.575,2.642396656998391,4.469534431472681,-0.15411913820494938,3.322396656998391,3.325969370754205,0.01246322767923691,3.2095574274670122,0.2676135563302913,-1.4459390290151795,-0.03147411709670128,-1.4693177288085513,0.566701229757284,-1.4225603292218076,0.0,2.342396656998391,0,
2026-09-08T07:01:28.652+00:00,1028.033333333334,28.033333333333886,tick,WAYPOINT_TURN_SETTLE,STOP,-0.16679430109739932,1.358215552399932,5.530465568529464,-0.10125929057690865,2.0350502164029507,2.8477220581635265e-14,4.679999999999827,-169.99999999999784,-0.15411913820494938,0.575,2.642396656998391,4.469534431472681,-0.15411913820494938,3.322396656998391,3.325969370754205,0.01246322767923691,3.2095574274670122,0.2676135563302913,-1.4459390290151795,-0.03147411709670128,-1.4693177288085513,0.566701229757284,-1.4225603292218076,0.0,2.342396656998391,0,
2026-09-08T07:01:28.685+00:00,1028.0666666666673,28.06666666666722,tick,WAYPOINT_TURN_SETTLE,STOP,-0.16679430109739932,1.358215552399932,5.530465568529464,-0.10125929057690865,2.0350502164029507,2.8477220581635265e-14,4.679999999999827,-169.99999999999784,-0.15411913820494938,0.575,2.642396656998391,4.469534431472681,-0.15411913820494938,3.322396656998391,3.325969370754205,0.01246322767923691,3.2095574274670122,0.2676135563302913,-1.4459390290151795,-0.03147411709670128,-1.4693177288085513,0.566701229757284,-1.4225603292218076,0.0,2.342396656998391,0,
2026-09-08T07:01:28.718+00:00,1028.1000000000006,28.100000000000556,tick,WAYPOINT_DRIVE,FWD,-0.16679430109739932,1.358215552399932,5.530465568529464,-0.10125929057690865,2.0350502164029507,2.8477220581635265e-14,4.679999999999827,-169.99999999999784,-0.15411913820494938,0.575,2.642396656998391,4.469534431472681,-0.15411913820494938,3.322396656998391,3.325969370754205,0.01246322767923691,3.2095574274670122,0.2676135563302913,-1.4459390290151795,-0.03147411709670128,-1.4693177288085513,0.566701229757284,-1.4225603292218076,0.0,2.342396656998391,0,
2026-09-08T07:01:28.752+00:00,1028.133333333334,28.13333333333389,tick,WAYPOINT_DRIVE,FWD,-0.16679430109739932,1.358215552399932,5.530465568529464,-0.10125929057690865,2.0350502164029507,2.8477220581635265e-14,4.679999999999827,-169.99999999999784,-0.15411913820494938,0.575,2.642396656998391,4.469534431472681,-0.15411913820494938,3.322396656998391,3.325969370754205,0.01246322767923691,3.2095574274670122,0.2676135563302913,-1.4459390290151795,-0.03147411709670128,-1.4693177288085513,0.566701229757284,-1.4225603292218076,0.0,2.342396656998391,0,
2026-09-08T07:01:28.785+00:00,1028.1666666666672,28.166666666667226,tick,WAYPOINT_DRIVE,FWD,-0.16679430109739932,1.358215552399932,5.530465568529464,-0.10125929057690865,2.0350502164029507,2.8477220581635265e-14,4.679999999999827,-169.99999999999784,-0.15411913820494938,0.575,2.642396656998391,4.469534431472681,-0.15411913820494938,3.322396656998391,3.325969370754205,0.01246322767923691,3.2095574274670122,0.2676135563302913,-1.4459390290151795,-0.03147411709670128,-1.4693177288085513,0.566701229757284,-1.4225603292218076,0.0,2.342396656998391,0,
2026-09-08T07:01:28.818+00:00,1028.2000000000005,28.20000000000056,tick,WAYPOINT_DRIVE,FWD,-0.16679430109739932,1.358215552399932,5.530465568529464,-0.10125929057690865,2.0350502164029507,2.8477220581635265e-14,4.679999999999827,-169.99999999999784,-0.15411913820494938,0.575,2.642396656998391,4.469534431472681,-0.15411913820494938,3.322396656998391,3.325969370754205,0.01246322767923691,3.2095574274670122,0.2676135563302913,-1.4459390290151795,-0.03147411709670128,-1.4693177288085513,0.566701229757284,-1.4225603292218076,0.0,2.342396656998391,0,
2026-09-08T07:01:28.852+00:00,1028.2333333333338,28.233333333333896,tick,WAYPOINT_DRIVE,FWD,-0.16679430109739932,1.358215552399932,5.530465568529464,-0.10125929057690865,2.0350502164029507,2.8477220581635265e-14,4.679999999999827,-169.99999999999784,-0.15411913820494938,0.575,2.642396656998391,4.469534431472681,-0.15411913820494938,3.322396656998391,3.325969370754205,0.01246322767923691,3.2095574274670122,0.2676135563302913,-1.4459390290151795,-0.03147411709670128,-1.4693177288085513,0.566701229757284,-1.4225603292218076,0.0,2.342396656998391,0,
2026-09-08T07:01:28.885+00:00,1028.2666666666673,28.26666666666723,tick,WAYPOINT_DRIVE,FWD,-0.16679430109739932,1.358215552399932,5.530465568529464,-0.10125929057690865,2.0350502164029507,2.8477220581635265e-14,4.679999999999827,-169.99999999999784,-0.15411913820494938,0.575,2.642396656998391,4.469534431472681,-0.15411913820494938,3.322396656998391,3.325969370754205,0.01246322767923691,3.2095574274670122,0.2676135563302913,-1.4459390290151795,-0.03147411709670128,-1.4693177288085513,0.566701229757284,-1.4225603292218076,0.0,2.342396656998391,0,
2026-09-08T07:01:28.918+00:00,1028.3000000000006,28.300000000000566,tick,WAYPOINT_DRIVE,FWD,-0.16679430109739932,1.358215552399932,5.530465568529464,-0.10125929057690865,2.0350502164029507,2.8477220581635265e-14,4.679999999999827,-169.99999999999784,-0.15411913820494938,0.575,2.642396656998391,4.469534431472681,-0.15411913820494938,3.322396656998391,3.325969370754205,0.01246322767923691,3.2095574274670122,0.2676135563302913,-1.4459390290151795,-0.03147411709670128,-1.4693177288085513,0.566701229757284,-1.4225603292218076,0.0,2.342396656998391,0,
2026-09-08T07:01:28.952+00:00,1028.333333333334,28.3333333333339,tick,WAYPOINT_DRIVE,FWD,-0.16679430109739932,1.358215552399932,5.530465568529464,-0.10125929057690865,2.0350502164029507,2.8477220581635265e-14,4.679999999999827,-169.99999999999784,-0.15411913820494938,0.575,2.642396656998391,4.469534431472681,-0.15411913820494938,3.322396656998391,3.325969370754205,0.01246322767923691,3.2095574274670122,0.2676135563302913,-1.4459390290151795,-0.03147411709670128,-1.4693177288085513,0.566701229757284,-1.4225603292218076,0.0,2.342396656998391,0,
2026-09-08T07:01:28.985+00:00,1028.3666666666672,28.366666666667236,tick,WAYPOINT_DRIVE,FWD,-0.16679430109739932,1.358215552399932,5.530465568529464,-0.10125929057690865,2.0350502164029507,2.8477220581635265e-14,4.679999999999827,-169.99999999999784,-0.15411913820494938,0.575,2.642396656998391,4.469534431472681,-0.15411913820494938,3.322396656998391,3.325969370754205,0.01246322767923691,3.2095574274670122,0.2676135563302913,-1.4459390290151795,-0.03147411709670128,-1.4693177288085513,0.566701229757284,-1.4225603292218076,0.0,2.342396656998391,0,
2026-09-08T07:01:29.018+00:00,1028.4000000000005,28.40000000000057,tick,WAYPOINT_DRIVE,FWD,-0.16679430109739932,1.358215552399932,5.530465568529464,-0.10125929057690865,2.0350502164029507,2.8477220581635265e-14,4.679999999999827,-169.99999999999784,-0.15411913820494938,0.575,2.642396656998391,4.469534431472681,-0.15411913820494938,3.322396656998391,3.325969370754205,0.01246322767923691,3.2095574274670122,0.2676135563302913,-1.4459390290151795,-0.03147411709670128,-1.4693177288085513,0.566701229757284,-1.4225603292218076,0.0,2.342396656998391,0,
2026-09-08T07:01:29.052+00:00,1028.4333333333338,28.433333333333906,tick,WAYPOINT_DRIVE,FWD,-0.16679430109739932,1.358215552399932,5.530465568529464,-0.10125929057690865,2.0350502164029507,2.8477220581635265e-14,4.679999999999827,-169.99999999999784,-0.15411913820494938,0.575,2.642396656998391,4.469534431472681,-0.15411913820494938,3.322396656998391,3.325969370754205,0.01246322767923691,3.2095574274670122,0.2676135563302913,-1.4459390290151795,-0.03147411709670128,-1.4693177288085513,0.566701229757284,-1.4225603292218076,0.0,2.342396656998391,0,
2026-09-08T07:01:29.085+00:00,1028.4666666666672,28.46666666666724,tick,WAYPOINT_DRIVE,FWD,-0.16679430109739932,1.358215552399932,5.530465568529464,-0.10125929057690865,2.0350502164029507,2.8477220581635265e-14,4.679999999999827,-169.99999999999784,-0.15411913820494938,0.575,2.642396656998391,4.469534431472681,-0.15411913820494938,3.322396656998391,3.325969370754205,0.01246322767923691,3.2095574274670122,0.2676135563302913,-1.4459390290151795,-0.03147411709670128,-1.4693177288085513,0.566701229757284,-1.4225603292218076,0.0,2.342396656998391,0,
2026-09-08T07:01:29.118+00:00,1028.5000000000007,28.500000000000576,tick,WAYPOINT_DRIVE,FWD,-0.16679430109739932,1.358215552399932,5.530465568529464,-0.10125929057690865,2.0350502164029507,2.8477220581635265e-14,4.679999999999827,-169.99999999999784,-0.15411913820494938,0.575,2.642396656998391,4.469534431472681,-0.15411913820494938,3.322396656998391,3.325969370754205,0.01246322767923691,3.2095574274670122,0.2676135563302913,-1.4459390290151795,-0.03147411709670128,-1.4693177288085513,0.566701229757284,-1.4225603292218076,0.0,2.342396656998391,0,
2026-09-08T07:01:29.152+00:00,1028.533333333334,28.53333333333391,tick,WAYPOINT_DRIVE,FWD,-0.16679430109739932,1.358215552399932,5.530465568529464,-0.10125929057690865,2.0350502164029507,2.8477220581635265e-14,4.679999999999827,-169.99999999999784,-0.15411913820494938,0.575,2.642396656998391,4.469534431472681,-0.15411913820494938,3.322396656998391,3.325969370754205,0.01246322767923691,3.2095574274670122,0.2676135563302913,-1.4459390290151795,-0.03147411709670128,-1.4693177288085513,0.566701229757284,-1.4225603292218076,0.0,2.342396656998391,0,
2026-09-08T07:01:29.185+00:00,1028.5666666666673,28.566666666667246,tick,WAYPOINT_DRIVE,FWD,-0.16679430109739932,1.358215552399932,5.530465568529464,-0.10125929057690865,2.0350502164029507,2.8477220581635265e-14,4.679999999999827,-169.99999999999784,-0.15411913820494938,0.575,2.642396656998391,4.469534431472681,-0.15411913820494938,3.322396656998391,3.325969370754205,0.01246322767923691,3.2095574274670122,0.2676135563302913,-1.4459390290151795,-0.03147411709670128,-1.4693177288085513,0.566701229757284,-1.4225603292218076,0.0,2.342396656998391,0,
2026-09-08T07:01:29.218+00:00,1028.6000000000006,28.60000000000058,tick,WAYPOINT_DRIVE,FWD,-0.16679430109739932,1.358215552399932,5.530465568529464,-0.10125929057690865,2.0350502164029507,2.8477220581635265e-14,4.679999999999827,-169.99999999999784,-0.15411913820494938,0.575,2.642396656998391,4.469534431472681,-0.15411913820494938,3.322396656998391,3.325969370754205,0.01246322767923691,3.2095574274670122,0.2676135563302913,-1.4459390290151795,-0.03147411709670128,-1.4693177288085513,0.566701229757284,-1.4225603292218076,0.0,2.342396656998391,0,
2026-09-08T07:01:29.252+00:00,1028.633333333334,28.633333333333916,tick,WAYPOINT_DRIVE,FWD,-0.16678959933573623,1.3582641114106078,5.530465568529464,-0.10125458881524556,2.0350987754136263,2.842170943040401e-14,4.679999999999827,-169.99999999999784,-0.15411913820494938,0.575,2.6423478708929866,4.469534431472681,-0.15411913820494938,3.3223478708929868,3.325920637054979,0.0124679294409,3.209605986477688,0.26760975447791685,-1.4458903912726428,-0.03147791894907574,-1.4692690910660147,0.5666974279049095,-1.422511691479271,0.0,2.342347870892987,0,
2026-09-08T07:01:29.285+00:00,1028.6666666666672,28.66666666666725,tick,WAYPOINT_DRIVE,FWD,-0.16677026439894926,1.3584637994146196,5.530465568529464,-0.1012352538784586,2.0352984634176385,2.836619827917275e-14,4.679999999999827,-169.99999999999784,-0.15411913820494938,0.575,2.6421472490130062,4.469534431472681,-0.15411913820494938,3.3221472490130064,3.3257202306997686,0.012487264377686963,3.2098056744817,0.26759412021557005,-1.4456903795015699,-0.031493553211422554,-1.4690690792949417,0.5666817936425627,-1.422311679708198,0.0,2.3421472490130064,0,
2026-09-08T07:01:29.318+00:00,1028.7000000000005,28.700000000000585,tick,WAYPOINT_DRIVE,FWD,-0.16673597591476313,1.358817925163421,5.530465568529464,-0.10120096539427247,2.03565258916644,2.842170943040401e-14,4.679999999999827,-169.99999999999784,-0.15411913820494938,0.575,2.6417914671330407,4.469534431472681,-0.15411913820494938,3.321791467133041,3.3253648310943142,0.012521552861873092,3.2101598002305014,0.2675663944896913,-1.4453356795858152,-0.031521278937301334,-1.468714379379187,0.5666540679166838,-1.4219569797924434,0.0,2.341791467133041,0,
2026-09-08T07:01:29.352+00:00,1028.733333333334,28.73333333333392,tick,WAYPOINT_DRIVE,FWD,-0.1666867338831756,1.3593264886570355,5.530465568529464,-0.10115172336268492,2.0361611526600543,2.836619827917275e-14,4.679999999999827,-169.99999999999784,-0.15411913820494938,0.575,2.6412805252530656,4.469534431472681,-0.15411913820494938,3.3212805252530657,3.3248544383455823,0.012570794893460635,3.210668363724116,0.2675265773002786,-1.4448262915253547,-0.031561096126714,-1.4682049913187265,0.5666142507272712,-1.4214475917319829,0.0,2.3412805252530657,0,
2026-09-08T07:01:29.385+00:00,1028.7666666666673,28.766666666667255,tick,WAYPOINT_DRIVE,FWD,-0.16662253830418755,1.359989489895454,5.530465568529464,-0.10108752778369688,2.036824153898473,2.842170943040401e-14,4.679999999999827,-169.99999999999784,-0.15411913820494938,0.575,2.6406144233730906,4.469534431472681,-0.15411913820494938,3.3206144233730908,3.324189052607333,0.012634990472448676,3.2113313649625344,0.2674746686473328,-1.4441622153201978,-0.03161300477965978,-1.4675409151135697,0.5665623420743254,-1.420783515526826,0.0,2.340614423373091,0,
2026-09-08T07:01:29.418+00:00,1028.8000000000006,28.80000000000059,tick,WAYPOINT_DRIVE,FWD,-0.16654338917780193,1.3608069288786462,5.530465568529464,-0.10100837865731126,2.037641592881665,2.842170943040401e-14,4.679999999999827,-169.99999999999784,-0.15411913820494938,0.575,2.6397931614931465,4.469534431472681,-0.15411913820494938,3.3197931614931466,3.323368674080217,0.012714139598834301,3.2121488039457264,0.2674106685308563,-1.4433434509703753,-0.0316770048961363,-1.4667221507637471,0.5664983419578489,-1.4199647511770035,0.0,2.3397931614931466,0,
2026-09-08T07:01:29.452+00:00,1028.833333333334,28.833333333333925,tick,WAYPOINT_DRIVE,FWD,-0.1664492865040133,1.3617788056066678,5.530465568529464,-0.10091427598352264,2.0386134696096865,2.842170943040401e-14,4.679999999999827,-169.99999999999784,-0.15411913820494938,0.575,2.6388167396131768,4.469534431472681,-0.15411913820494938,3.318816739613177,3.3223933030118022,0.012808242272622922,3.213120680673748,0.26733457695084467,-1.4423699984758307,-0.031753096476147935,-1.4657486982692025,0.5664222503778373,-1.4189912986824589,0.0,2.338816739613177,0,
2026-09-08T07:01:29.485+00:00,1028.8666666666672,28.86666666666726,tick,WAYPOINT_DRIVE,FWD,-0.16634023028282416,1.362905120079493,5.530465568529464,-0.10080521976233349,2.0397397840825118,2.842170943040401e-14,4.679999999999827,-169.99999999999784,-0.15411913820494938,0.575,2.6376851577332068,4.469534431472681,-0.15411913820494938,3.317685157733207,3.3212629396969238,0.012917298493812068,3.2142469951465733,0.2672463939072999,-1.4412418578365895,-0.03184127951969273,-1.4646205576299614,0.5663340673342925,-1.4178631580432177,0.0,2.337685157733207,0,
2026-09-08T07:01:29.518+00:00,1028.9000000000005,28.900000000000595,tick,WAYPOINT_DRIVE,FWD,-0.1662162205142391,1.3641858722970743,5.530465568529464,-0.10068120999374842,2.041020536300093,2.8477220581635265e-14,4.679999999999827,-169.99999999999784,-0.15411913820494938,0.575,2.636398415853285,4.469534431472681,-0.15411913820494938,3.316398415853285,3.3199775844778254,0.013041308262397133,3.2155277473641544,0.2671461194002257,-1.4399590290527,-0.031941554026766905,-1.4633377288460718,0.5662337928272183,-1.4165803292593282,0.0,2.336398415853285,0,
2026-09-08T07:01:29.552+00:00,1028.9333333333338,28.93333333333393,tick,WAYPOINT_DRIVE,FWD,-0.16607725719824942,1.3656210622595024,5.530465568529464,-0.10054224667775875,2.042455726262521,2.836619827917275e-14,4.679999999999827,-169.99999999999784,-0.15411913820494938,0.575,2.63495651397332,4.469534431472681,-0.15411913820494938,3.3149565139733204,3.318537237744242,0.013180271578386804,3.2169629373265827,0.26703375342961505,-1.438521512124071,-0.03205391999737754,-1.461900211917443,0.5661214268566077,-1.4151428123306993,0.0,2.3349565139733204,0,
2026-09-08T07:01:29.585+00:00,1028.9666666666672,28.966666666667265,tick,WAYPOINT_DRIVE,FWD,-0.1659233403348592,1.367210689966734,5.530465568529464,-0.10038832981436853,2.0440453539697527,2.8477220581635265e-14,4.679999999999827,-169.99999999999784,-0.15411913820494938,0.575,2.633359452093356,4.469534431472681,-0.15411913820494938,3.3133594520933562,3.316941899933947,0.013334188441777028,3.2185525650338143,0.2669092959954713,-1.4369293070507463,-0.03217837743152127,-1.460308006844118,0.5659969694224639,-1.4135506072573745,0.0,2.3333594520933563,0,
2026-09-08T07:01:29.618+00:00,1029.0000000000007,29.0000000000006,tick,WAYPOINT_DRIVE,FWD,-0.1657544699240748,1.3689547554187045,5.530465568529464,-0.10021945940358414,2.045789419421723,2.8477220581635265e-14,4.679999999999827,-169.99999999999784,-0.15411913820494938,0.575,2.6316072302134574,4.469534431472681,-0.15411913820494938,3.3116072302134576,3.315191571532946,0.013503058852561423,3.2202966304857847,0.2667727470977996,-1.4351824138327904,-0.03231492632919304,-1.4585611136261623,0.5658604205247921,-1.4118037140394186,0.0,2.3316072302134576,0,
2026-09-08T07:01:29.652+00:00,1029.033333333334,29.033333333333935,tick,WAYPOINT_DRIVE,FWD,-0.16557064596588408,1.3708532586155389,5.530465568529464,-0.10003563544539341,2.0476879226185574,2.842170943040401e-14,4.6799999999998265,-169.99999999999784,-0.15411913820494938,0.575,2.6296998483334986,4.469534431472681,-0.15411913820494938,3.3096998483334987,3.313286253075611,0.013686882810752143,3.222195133682619,0.26662410673659,-1.433280832470078,-0.03246356669040262,-1.45665953226345,0.5657117801635826,-1.4099021326767063,0.0,2.3296998483334987,0,
2026-09-08T07:01:29.685+00:00,1029.0666666666673,29.06666666666727,tick,WAYPOINT_DRIVE,FWD,-0.1653718684602928,1.372906199557177,5.530465568529464,-0.09983685793980214,2.0497408635601957,2.842170943040401e-14,4.679999999999826,-169.99999999999784,-0.15411913820494938,0.575,2.6276373064535394,4.469534431472681,-0.15411913820494938,3.3076373064535396,3.3112259451454324,0.013885660316343418,3.224248074624257,0.26646337491184724,-1.4312245629626692,-0.03262429851514537,-1.454603262756041,0.5655510483388398,-1.4078458631692974,0.0,2.3276373064535396,0,
2026-09-08T07:01:29.718+00:00,1029.1000000000006,29.100000000000605,tick,WAYPOINT_DRIVE,FWD,-0.16515813740730914,1.3751135782435358,5.530465568529464,-0.09962312688681847,2.0519482422465547,2.836619827917275e-14,4.6799999999998265,-169.99999999999784,-0.15411913820494938,0.575,2.625419604573665,4.469534431472681,-0.15411913820494938,3.305419604573665,3.3090106483752755,0.014099391369327086,3.2264554533106162,0.26629055162357795,-1.429013605310648,-0.03279712180341464,-1.4523923051040197,0.5653782250505706,-1.405634905517276,0.0,2.325419604573665,0,
2026-09-08T07:01:29.752+00:00,1029.133333333334,29.13333333333394,tick,WAYPOINT_DRIVE,FWD,-0.16492945280691737,1.3774753946747764,5.530465568529464,-0.0993944422864267,2.054310058677795,2.8477220581635265e-14,4.679999999999827,-169.99999999999784,-0.15411913820494938,0.575,2.6230467426937123,4.469534431472681,-0.15411913820494938,3.3030467426937125,3.3066403634475554,0.014328075969718856,3.2288172697418567,0.26610563687176947,-1.4266479595138526,-0.032982036555223124,-1.4500266593072244,0.5651933102987621,-1.4032692597204808,0.0,2.3230467426937125,0,
2026-09-08T07:01:29.785+00:00,1029.1666666666672,29.166666666667275,tick,WAYPOINT_DRIVE,FWD,-0.16468581465912505,1.379991648850821,5.530465568529464,-0.09915080413863438,2.0568263128538398,2.8477220581635265e-14,4.679999999999827,-169.99999999999784,-0.15411913820494938,0.575,2.620518720813759,4.469534431472681,-0.15411913820494938,3.300518720813759,3.304115091095213,0.01457171411751118,3.2313335239179013,0.2659086306564278,-1.42412762557236,-0.03317904277056481,-1.4475063253657319,0.5649963040834204,-1.4007489257789882,0.0,2.320518720813759,0,
2026-09-08T07:01:29.818+00:00,1029.2000000000005,29.20000000000061,tick,WAYPOINT_DRIVE,FWD,-0.1644272229639422,1.3826623407715672,5.530465568529464,-0.09889221244345152,2.059497004774586,2.8477220581635265e-14,4.679999999999827,-169.99999999999784,-0.15411913820494938,0.575,2.617835538933909,4.469534431472681,-0.15411913820494938,3.297835538933909,3.3014348321020277,0.014830305812694039,3.2340042158386475,0.26569953297756105,-1.421452603486274,-0.03338814044943157,-1.4448313032796458,0.5647872064045536,-1.3980739036929022,0.0,2.317835538933909,0,
2026-09-08T07:01:29.852+00:00,1029.233333333334,29.233333333333945,tick,WAYPOINT_DRIVE,FWD,-0.1641536777213494,1.385487470437214,5.530465568529464,-0.09861866720085873,2.0623221344402327,2.8477220581635265e-14,4.679999999999827,-169.99999999999784,-0.15411913820494938,0.575,2.614997197053962,4.469534431472681,-0.15411913820494938,3.294997197053962,3.2985995873028453,0.015103851055286832,3.2368293455042942,0.26547834383515356,-1.4186228932553946,-0.03360932959183903,-1.4420015930487664,0.5645660172621462,-1.3952441934620228,0.0,2.314997197053962,0,
2026-09-08T07:01:29.885+00:00,1029.2666666666673,29.26666666666728,tick,WAYPOINT_DRIVE,FWD,-0.16386517893135605,1.388467037847665,5.530465568529464,-0.09833016841086538,2.0653017018506836,2.853273173286652e-14,4.679999999999827,-169.99999999999784,-0.15411913820494938,0.575,2.612003695174015,4.469534431472681,-0.15411913820494938,3.292003695174015,3.295609357584786,0.015392349845280179,3.239808912914745,0.265245063229213,-1.415638494879819,-0.03384261019777962,-1.439017194673191,0.5643327366562056,-1.3922597950864473,0.0,2.312003695174015,0,
2026-09-08T07:01:29.918+00:00,1029.3000000000006,29.300000000000615,tick,WAYPOINT_DRIVE,FWD,-0.16356172659397405,1.3916010430027974,5.530465568529464,-0.09802671607348339,2.068435707005816,2.853273173286652e-14,4.679999999999827,-169.99999999999784,-0.15411913820494938,0.575,2.60885503329419,4.469534431472681,-0.15411913820494938,3.2888550332941904,3.292464143887609,0.015695802182662172,3.2429429180698777,0.2649996911597488,-1.4124994083596691,-0.0340879822672438,-1.435878108153041,0.5640873645867415,-1.3891207085662973,0.0,2.3088550332941904,0,
2026-09-08T07:01:29.952+00:00,1029.333333333334,29.33333333333395,tick,WAYPOINT_DRIVE,FWD,-0.1632433207091802,1.3948894859028507,5.530465568529464,-0.09770831018868954,2.0717241499058696,2.853273173286652e-14,4.679999999999827,-169.99999999999784,-0.15411913820494938,0.575,2.6055512114142485,4.469534431472681,-0.15411913820494938,3.2855512114142487,3.2891639472040115,0.016014208067456015,3.246231360969931,0.2647422276267424,-1.4092056336947059,-0.03434544580025023,-1.4325843334880777,0.563829901053735,-1.385826933901334,0.0,2.3055512114142487,0,
2026-09-08T07:01:29.985+00:00,1029.3666666666672,29.366666666667285,tick,WAYPOINT_DRIVE,FWD,-0.16290996127698587,1.3983323665477077,5.530465568529464,-0.0973749507564952,2.0751670305507264,2.853273173286652e-14,4.679999999999827,-169.99999999999784,-0.15411913820494938,0.575,2.602092229534307,4.469534431472681,-0.15411913820494938,3.282092229534307,3.2857087685810678,0.016347567499650356,3.249674241614788,0.2644726726302028,-1.4057571708850465,-0.03461500079678978,-1.4291358706784183,0.5635603460571954,-1.3823784710916747,0.0,2.302092229534307,0,
2026-09-08T07:01:30.018+00:00,1029.4000000000005,29.40000000000062,tick,WAYPOINT_DRIVE,FWD,-0.16256164829740483,1.4019296849372258,5.530465568529464,-0.09702663777691416,2.0787643489402443,2.853273173286652e-14,4.679999999999827,-169.99999999999784,-0.15411913820494938,0.575,2.598478087654509,4.469534431472681,-0.15411913820494938,3.278478087654509,3.282098609120665,0.0166958804792314,3.253271560004306,0.26419102617014134,-1.4021540199308338,-0.03489664725685128,-1.4255327197242056,0.563278699597134,-1.378775320137462,0.0,2.2984780876545092,0,
2026-09-08T07:01:30.052+00:00,1029.4333333333338,29.433333333333955,tick,WAYPOINT_DRIVE,FWD,-0.16219838177041,1.405681441071685,5.530465568529464,-0.09666337124991932,2.0825161050747036,2.8477220581635265e-14,4.679999999999827,-169.99999999999784,-0.15411913820494938,0.575,2.5947087857745728,4.469534431472681,-0.15411913820494938,3.274708785774573,3.278333469979864,0.01705914700622624,3.257023316138765,0.2638972882465359,-1.3983961808317866,-0.035190385180456696,-1.4217748806251584,0.5629849616735285,-1.3750174810384148,0.0,2.294708785774573,0,
2026-09-08T07:01:30.085+00:00,1029.4666666666674,29.46666666666729,tick,WAYPOINT_DRIVE,FWD,-0.16182016169601462,1.4095876349509477,5.530465568529464,-0.09628515117552396,2.0864222989539662,2.853273173286652e-14,4.679999999999827,-169.99999999999784,-0.15411913820494938,0.575,2.5907843238946375,4.469534431472681,-0.15411913820494938,3.2707843238946377,3.2744133523725956,0.017437367080621602,3.2609295100180278,0.26359145885939744,-1.394483653588044,-0.03549621456759515,-1.4178623533814159,0.5626791322863901,-1.3711049537946722,0.0,2.2907843238946377,0,
2026-09-08T07:01:30.118+00:00,1029.5000000000007,29.500000000000625,tick,WAYPOINT_DRIVE,FWD,-0.16142698807423464,1.4136482665748507,5.530465568529464,-0.09589197755374397,2.0904829305778696,2.8477220581635265e-14,4.679999999999827,-169.99999999999784,-0.15411913820494938,0.575,2.586704702014867,4.469534431472681,-0.15411913820494938,3.266704702014867,3.270338257570167,0.017830540702401587,3.264990141641931,0.2632735380087387,-1.3904164381997692,-0.035814135418253915,-1.413795137993141,0.5623612114357313,-1.3670377384063974,0.0,2.286704702014867,0,
2026-09-08T07:01:30.152+00:00,1029.533333333334,29.53333333333396,tick,WAYPOINT_DRIVE,FWD,-0.1610188609050388,1.4178633359437156,5.530465568529464,-0.09548385038454814,2.0946979999467343,2.8477220581635265e-14,4.679999999999827,-169.99999999999784,-0.15411913820494938,0.575,2.5824699201349373,4.469534431472681,-0.15411913820494938,3.2624699201349374,3.2661081869016986,0.01823866787159742,3.269205211010796,0.2629435256945344,-1.3861945346666396,-0.03614414773245819,-1.4095732344600114,0.562031199121527,-1.3628158348732677,0.0,2.2824699201349374,0,
2026-09-08T07:01:30.185+00:00,1029.5666666666673,29.566666666667295,tick,WAYPOINT_DRIVE,FWD,-0.16059578018844245,1.4222328430573845,5.530465568529464,-0.09506076966795178,2.0990675070604032,2.853273173286652e-14,4.679999999999827,-169.99999999999784,-0.15411913820494938,0.575,2.578079978255008,4.469534431472681,-0.15411913820494938,3.258079978255008,3.2617231417560855,0.018661748588193777,3.2735747181244648,0.26260142191679703,-1.3818179429888136,-0.03648625151019559,-1.4051966427821854,0.5616890953437896,-1.3584392431954417,0.0,2.278079978255008,0,
2026-09-08T07:01:30.218+00:00,1029.6000000000006,29.60000000000063,tick,WAYPOINT_DRIVE,FWD,-0.16015774592446355,1.4267567879156713,5.530465568529464,-0.09462273540397288,2.10359145191869,2.853273173286652e-14,4.679999999999827,-169.99999999999784,-0.15411913820494938,0.575,2.5735348763752652,4.469534431472681,-0.15411913820494938,3.2535348763752654,3.2571831235825917,0.019099782852172675,3.2780986629827513,0.262247226675541,-1.3772866631664773,-0.03684044675145157,-1.4006653629598491,0.5613349001025336,-1.3539079633731055,0.0,2.2735348763752654,0,
2026-09-08T07:01:30.252+00:00,1029.633333333334,29.633333333333965,tick,WAYPOINT_DRIVE,FWD,-0.15970475811306678,1.431435170518942,5.530465568529464,-0.09416974759257611,2.108269834521961,2.8477220581635265e-14,4.679999999999827,-169.99999999999784,-0.15411913820494938,0.575,2.568834614495342,4.469534431472681,-0.15411913820494938,3.248834614495342,3.252488133891365,0.019552770663569446,3.2827770455860223,0.26188093997073786,-1.3726006951992644,-0.03720673345625475,-1.3959793949926362,0.5609686133977305,-1.3492219954058926,0.0,2.268834614495342,0,
2026-09-08T07:01:30.285+00:00,1029.6666666666672,29.6666666666673,tick,WAYPOINT_DRIVE,FWD,-0.15923681675426943,1.4362679908670168,5.530465568529464,-0.09370180623377876,2.1131026548700356,2.8477220581635265e-14,4.679999999999827,-169.99999999999784,-0.15411913820494938,0.575,2.5639791926154185,4.469534431472681,-0.15411913820494938,3.2439791926154187,3.2476381742556883,0.0200207120223668,3.287609865934097,0.2615025618024015,-1.367760039087355,-0.03758511162459109,-1.3911387388807268,0.5605902352293941,-1.3443813392939832,0.0,2.2639791926154187,0,
2026-09-08T07:01:30.318+00:00,1029.7000000000007,29.700000000000635,tick,WAYPOINT_DRIVE,FWD,-0.15875392184809176,1.4412552489596873,5.530465568529464,-0.09321891132760109,2.1180899129627058,2.8477220581635265e-14,4.679999999999827,-169.99999999999784,-0.15411913820494938,0.575,2.5589686107357044,4.469534431472681,-0.15411913820494938,3.2389686107357045,3.2426332463126655,0.02050360692854447,3.2925971240267673,0.26111209217054837,-1.3627646948309577,-0.03797558125644425,-1.3861433946243296,0.5601997655975409,-1.339385995037586,0.0,2.2589686107357045,0,
2026-09-08T07:01:30.352+00:00,1029.733333333334,29.73333333333397,tick,WAYPOINT_DRIVE,FWD,-0.15825607339449396,1.4463969447973637,5.530465568529464,-0.0927210628740033,2.123231608800382,2.853273173286652e-14,4.679999999999827,-169.99999999999784,-0.15411913820494938,0.575,2.553802868855788,4.469534431472681,-0.15411913820494938,3.233802868855788,3.237473351763835,0.021001455382142264,3.2977388198644437,0.26070953107514633,-1.3576146624296626,-0.03837814235184629,-1.3809933622230344,0.5597972045021389,-1.3342359626362907,0.0,2.253802868855788,0,
2026-09-08T07:01:30.385+00:00,1029.7666666666673,29.766666666667305,tick,WAYPOINT_DRIVE,FWD,-0.15774327139349564,1.4516930783798436,5.530465568529464,-0.09220826087300497,2.1285277423828624,2.853273173286652e-14,4.679999999999827,-169.99999999999784,-0.15411913820494938,0.575,2.548481966975871,4.469534431472681,-0.15411913820494938,3.2284819669758713,3.232158492377722,0.021514257383140584,3.303034953446924,0.26029487851621114,-1.3523099418836706,-0.0387927949107815,-1.3756886416770424,0.5593825519432037,-1.3289312420902988,0.0,2.2484819669758713,0,
2026-09-08T07:01:30.418+00:00,1029.8000000000006,29.80000000000064,tick,WAYPOINT_DRIVE,FWD,-0.15721551584511922,1.4571436497068964,5.530465568529464,-0.09168050532462856,2.133978313709915,2.8477220581635265e-14,4.6799999999998265,-169.99999999999784,-0.15411913820494938,0.575,2.5430059050961864,4.469534431472681,-0.15411913820494938,3.2230059050961866,3.226688669990634,0.022042012931517002,3.3084855247739764,0.25986813449376084,-1.3468505331932132,-0.039219538933231754,-1.370229232986585,0.5589558079207535,-1.3234718333998414,0.0,2.2430059050961866,0,
2026-09-08T07:01:30.452+00:00,1029.833333333334,29.833333333333975,tick,WAYPOINT_DRIVE,FWD,-0.15667280674932044,1.462748658778978,5.530465568529464,-0.09113779622882977,2.1395833227819967,2.853273173286652e-14,4.679999999999827,-169.99999999999784,-0.15411913820494938,0.575,2.5373746832162762,4.469534431472681,-0.15411913820494938,3.2173746832162764,3.2210638865073866,0.02258472202731579,3.3140905338460582,0.2594292990077599,-1.3412364363578348,-0.039658374419232714,-1.3646151361512067,0.5585169724347525,-1.317857736564463,0.0,2.2373746832162764,0,
2026-09-08T07:01:30.485+00:00,1029.8666666666672,29.86666666666731,tick,WAYPOINT_DRIVE,FWD,-0.15611514410612118,1.468508105595864,5.530465568529464,-0.09058013358563051,2.1453427695988827,2.842170943040401e-14,4.679999999999827,-169.99999999999784,-0.15411913820494938,0.575,2.5315883013363654,4.469534431472681,-0.15411913820494938,3.2115883013363655,3.21528414390418,0.023142384670515048,3.3198499806629442,0.25897837205822577,-1.3354676513777595,-0.04010930136876685,-1.3588463511711313,0.5580660454852183,-1.3120889515843877,0.0,2.2315883013363655,0,
2026-09-08T07:01:30.518+00:00,1029.9000000000005,29.900000000000645,tick,WAYPOINT_DRIVE,FWD,-0.1555425279155461,1.4744219901572984,5.530465568529464,-0.09000751739505543,2.151256654160317,2.853273173286652e-14,4.679999999999827,-169.99999999999784,-0.15411913820494938,0.575,2.525646759456712,4.469534431472681,-0.15411913820494938,3.205646759456712,3.209349444229524,0.02371500086109013,3.3257638652243786,0.2585153536451785,-1.329544178253244,-0.04057231978181408,-1.3529228780466158,0.5576030270721711,-1.3061654784598722,0.0,2.225646759456712,0,
2026-09-08T07:01:30.552+00:00,1029.933333333334,29.93333333333398,tick,WAYPOINT_DRIVE,FWD,-0.1549549581775464,1.4804903124637858,5.530465568529464,-0.08941994765705573,2.1573249764668043,2.8477220581635265e-14,4.6799999999998265,-169.99999999999784,-0.15411913820494938,0.575,2.5195500575768075,4.469534431472681,-0.15411913820494938,3.1995500575768077,3.2032597896050814,0.02430257059908983,3.331832187530866,0.25804024376857865,-1.3234660169837822,-0.04104742965841397,-1.346844716777154,0.5571279171955712,-1.3000873171904104,0.0,2.2195500575768077,0,
2026-09-08T07:01:30.585+00:00,1029.9666666666674,29.966666666667315,tick,WAYPOINT_DRIVE,FWD,-0.15435243489214617,1.486713072515077,5.530465568529464,-0.0888174243716555,2.1635477365180957,2.842170943040401e-14,4.6799999999998265,-169.99999999999784,-0.15411913820494938,0.575,2.5132981956969034,4.469534431472681,-0.15411913820494938,3.1932981956969035,3.197015182228908,0.024905093884490054,3.3380549475821573,0.2575530424284456,-1.317233167569624,-0.041534630998546984,-1.3406118673629959,0.5566407158554383,-1.2938544677762522,0.0,2.2132981956969036,0,
2026-09-08T07:01:30.618+00:00,1030.0000000000007,30.00000000000065,tick,WAYPOINT_DRIVE,FWD,-0.1537349580593725,1.4930902703108921,5.530465568529464,-0.08819994753888184,2.1699249343139106,2.8477220581635265e-14,4.6799999999998265,-169.99999999999784,-0.15411913820494938,0.575,2.506891173817281,4.469534431472681,-0.15411913820494938,3.186891173817281,3.190615624376513,0.025522570717263715,3.344432145377972,0.25705374962480143,-1.3108456300110505,-0.042033923802191175,-1.3342243298044223,0.556141423051794,-1.2874669302176787,0.0,2.206891173817281,0,
2026-09-08T07:01:30.652+00:00,1030.033333333334,30.033333333333985,tick,WAYPOINT_DRIVE,FWD,-0.15310252767917185,1.4996219058517846,5.530465568529464,-0.08756751715868118,2.1764565698548033,2.8477220581635265e-14,4.6799999999998265,-169.99999999999784,-0.15411913820494938,0.575,2.5003289919373834,4.469534431472681,-0.15411913820494938,3.1803289919373836,3.184061118401858,0.02615500109746438,3.350963780918865,0.25654236535760266,-1.3043034043075061,-0.04254530806938994,-1.327682104100878,0.5556300387845953,-1.2809247045141343,0.0,2.2003289919373836,0,
2026-09-08T07:01:30.685+00:00,1030.0666666666673,30.06666666666732,tick,WAYPOINT_DRIVE,FWD,-0.15245514375157068,1.5063079791374814,5.530465568529464,-0.08692013323108001,2.1831426431405,2.8477220581635265e-14,4.679999999999827,-169.99999999999784,-0.15411913820494938,0.575,2.4936116500574865,4.469534431472681,-0.15411913820494938,3.1736116500574867,3.177351666740973,0.026802385025065545,3.3576498542045616,0.2560188896268708,-1.297606490459266,-0.04306878380012179,-1.3209851902526377,0.5551065630538634,-1.274227790665894,0.0,2.1936116500574867,0,
2026-09-08T07:01:30.718+00:00,1030.1000000000006,30.100000000000655,tick,WAYPOINT_DRIVE,FWD,-0.15179280627659855,1.5131484901676768,5.530465568529464,-0.08625779575610788,2.1899831541706956,2.842170943040401e-14,4.679999999999827,-169.99999999999784,-0.15411913820494938,0.575,2.4867391481778958,4.469534431472681,-0.15411913820494938,3.166739148177896,3.1704872719131836,0.027464722500037675,3.364490365234757,0.2554833224326297,-1.2907548884666344,-0.04360435099436291,-1.3141335882600063,0.5545709958596223,-1.2673761886732626,0.0,2.186739148177896,0,
2026-09-08T07:01:30.752+00:00,1030.133333333334,30.13333333333399,tick,WAYPOINT_DRIVE,FWD,-0.151115515254197,1.5201434389429744,5.530465568529464,-0.08558050473370633,2.196978102945993,2.842170943040401e-14,4.679999999999827,-169.99999999999784,-0.15411913820494938,0.575,2.4797114862980054,4.469534431472681,-0.15411913820494938,3.1597114862980056,3.163467936522289,0.028142013522439224,3.3714853140100547,0.2549356637748321,-1.2837485983290078,-0.04415200965216051,-1.3071272981223796,0.5540233372018247,-1.260369898535636,0.0,2.1797114862980056,0,
2026-09-08T07:01:30.785+00:00,1030.1666666666674,30.166666666667325,tick,WAYPOINT_DRIVE,FWD,-0.15042327068439487,1.5272928254630764,5.530465568529464,-0.0848882601639042,2.204127489466095,2.842170943040401e-14,4.6799999999998265,-169.99999999999784,-0.15411913820494938,0.575,2.472528664418115,4.469534431472681,-0.15411913820494938,3.152528664418115,3.1562936632605814,0.028834258092241355,3.3786347005301565,0.2543759136535013,-1.2765876200466846,-0.04471175977349126,-1.2999663198400564,0.5534635870804939,-1.2532089202533128,0.0,2.172528664418115,0,
2026-09-08T07:01:30.818+00:00,1030.2000000000007,30.20000000000066,tick,WAYPOINT_DRIVE,FWD,-0.14971607256722433,1.5345966497276509,5.530465568529464,-0.08418106204673366,2.2114313137306696,2.836619827917275e-14,4.6799999999998265,-169.99999999999784,-0.15411913820494938,0.575,2.465190682538557,4.469534431472681,-0.15411913820494938,3.145190682538557,3.148964454910279,0.029541456209411898,3.385938524794731,0.2538040720686634,-1.2692719536199966,-0.045283601358329206,-1.2926506534133684,0.552891745495656,-1.2458932538266247,0.0,2.165190682538557,0,
2026-09-08T07:01:30.852+00:00,1030.233333333334,30.233333333333995,tick,WAYPOINT_DRIVE,FWD,-0.14899392090262184,1.5420549117373537,5.530465568529464,-0.08345891038213117,2.2188895757403726,2.8477220581635265e-14,4.679999999999827,-169.99999999999784,-0.15411913820494938,0.575,2.457697540658674,4.469534431472681,-0.15411913820494938,3.137697540658674,3.1414803143448995,0.030263607874014387,3.393396786804434,0.25322013902026697,-1.2618015990482878,-0.04586753440672564,-1.2851802988416596,0.5523078124472596,-1.238422899254916,0.0,2.157697540658674,0,
2026-09-08T07:01:30.885+00:00,1030.2666666666673,30.26666666666733,tick,WAYPOINT_DRIVE,FWD,-0.1482568156906188,1.5496676114918606,5.530465568529464,-0.08272180517012813,2.2265022754948793,2.842170943040401e-14,4.679999999999827,-169.99999999999784,-0.15411913820494938,0.575,2.4500492387787904,4.469534431472681,-0.15411913820494938,3.1300492387787906,3.133841244533731,0.03100071308601743,3.401009486558941,0.2526241145083374,-1.2541765563318825,-0.04646355891865522,-1.2775552561252543,0.5517117879353299,-1.2307978565385107,0.0,2.1500492387787906,0,
2026-09-08T07:01:30.918+00:00,1030.3000000000006,30.300000000000665,tick,WAYPOINT_DRIVE,FWD,-0.1475047569312499,1.5574347489908134,5.530465568529464,-0.08196974641075923,2.2342694129938323,2.842170943040401e-14,4.6799999999998265,-169.99999999999784,-0.15411913820494938,0.575,2.442245776899266,4.469534431472681,-0.15411913820494938,3.122245776899266,3.1260472485434923,0.03175277184538633,3.408776624057894,0.25201599853290263,-1.2463968254711386,-0.04707167489408996,-1.2697755252645104,0.5511036719598953,-1.2230181256777668,0.0,2.142245776899266,0,
2026-09-08T07:01:30.952+00:00,1030.333333333334,30.333333333334,tick,WAYPOINT_DRIVE,FWD,-0.14673774462444647,1.5653563242349213,5.530465568529464,-0.0812027341039558,2.2421909882379403,2.842170943040401e-14,4.6799999999998265,-169.99999999999784,-0.15411913820494938,0.575,2.434287155019389,4.469534431472681,-0.15411913820494938,3.1142871550193894,3.1180983295399454,0.03251978415218976,3.416698199302002,0.2513957910939073,-1.2384624064653469,-0.0476918823330853,-1.2618411062587187,0.5504834645208999,-1.215083706671975,0.0,2.1342871550193894,0,
2026-09-08T07:01:30.985+00:00,1030.3666666666672,30.366666666667335,tick,WAYPOINT_DRIVE,FWD,-0.14595577877024254,1.573432337223833,5.530465568529464,-0.08042076824975188,2.2502670012268515,2.8477220581635265e-14,4.6799999999998265,-169.99999999999784,-0.15411913820494938,0.575,2.426173373139513,4.469534431472681,-0.15411913820494938,3.106173373139513,3.1099944907928596,0.03330175000639368,3.424774212290913,0.2507634921913789,-1.2303732993148593,-0.04832418123561372,-1.253751999108231,0.5498511656183716,-1.2069945995214875,0.0,2.126173373139513,0,
2026-09-08T07:01:31.018+00:00,1030.4000000000008,30.40000000000067,tick,WAYPOINT_DRIVE,FWD,-0.14515885936867537,1.5816627879571636,5.530465568529464,-0.0796238488481847,2.2584974519601824,2.8477220581635265e-14,4.679999999999827,-169.99999999999784,-0.15411913820494938,0.575,2.4179044312600237,4.469534431472681,-0.15411913820494938,3.097904431260024,3.101735735677933,0.03409866940796086,3.433004663024244,0.25011910182534747,-1.222129504020061,-0.048968571601645125,-1.2455082038134329,0.5492067752523401,-1.1987508042266892,0.0,2.117904431260024,0,
2026-09-08T07:01:31.052+00:00,1030.433333333334,30.433333333334005,tick,WAYPOINT_DRIVE,FWD,-0.14434698641967106,1.5900476764356763,5.530465568529464,-0.07881197589918039,2.266882340438695,2.842170943040401e-14,4.679999999999827,-169.99999999999784,-0.15411913820494938,0.575,2.409480329380154,4.469534431472681,-0.15411913820494938,3.0894803293801543,3.0933220676786863,0.03491054235696517,3.4413895515027564,0.2494626199957533,-1.2137310205801872,-0.0496250534312393,-1.237109720373559,0.548550293422746,-1.1903523207868154,0.0,2.1094803293801543,0,
2026-09-08T07:01:31.085+00:00,1030.4666666666674,30.46666666666734,tick,WAYPOINT_DRIVE,FWD,-0.14352015992326622,1.5985870026589928,5.530465568529464,-0.07798514940277555,2.2754216666620115,2.8477220581635265e-14,4.679999999999827,-169.99999999999784,-0.15411913820494938,0.575,2.4009010675002846,4.469534431472681,-0.15411913820494938,3.080901067500285,3.084753490391968,0.035737368853370005,3.449928877726073,0.248794046702626,-1.205177848995617,-0.05029362672436659,-1.228556548788989,0.5478817201296187,-1.1817991492022453,0.0,2.100901067500285,0,
2026-09-08T07:01:31.118+00:00,1030.5000000000007,30.500000000000675,tick,WAYPOINT_DRIVE,FWD,-0.14267837987950086,1.6072807666267002,5.530465568529464,-0.07714336935901019,2.284115430629719,2.842170943040401e-14,4.6799999999998265,-169.99999999999784,-0.15411913820494938,0.575,2.39216664562083,4.469534431472681,-0.15411913820494938,3.0721666456208303,3.07603000753019,0.03657914889713537,3.4586226416937804,0.24811338194599794,-1.196469989266764,-0.050974291480994666,-1.2198486890601359,0.5472010553729906,-1.1730912894733923,0.0,2.0921666456208303,0,
2026-09-08T07:01:31.152+00:00,1030.533333333334,30.53333333333401,tick,WAYPOINT_DRIVE,FWD,-0.1418216462882957,1.6161289683396174,5.530465568529464,-0.07628663576780502,2.2929636323426363,2.8477220581635265e-14,4.6799999999998265,-169.99999999999784,-0.15411913820494938,0.575,2.3832770637409686,4.469534431472681,-0.15411913820494938,3.0632770637409688,3.067151622923544,0.03743588248834054,3.467470843406698,0.247420625725805,-1.187607441392809,-0.0516670477011876,-1.2109861411861809,0.5465082991527976,-1.1642287415994372,0.0,2.0832770637409688,0,
2026-09-08T07:01:31.185+00:00,1030.5666666666673,30.566666666667345,tick,WAYPOINT_DRIVE,FWD,-0.14094995914968997,1.6251316077973386,5.530465568529464,-0.0754149486291993,2.3019662718003575,2.853273173286652e-14,4.679999999999827,-169.99999999999784,-0.15411913820494938,0.575,2.3742323218611068,4.469534431472681,-0.15411913820494938,3.054232321861107,3.0581183405261028,0.03830756962694626,3.476473482864419,0.2467157780420789,-1.178590205374157,-0.0523718953849137,-1.2019689051675289,0.5458034514690715,-1.1552115055807852,0.0,2.074232321861107,0,
2026-09-08T07:01:31.218+00:00,1030.6000000000006,30.60000000000068,tick,WAYPOINT_DRIVE,FWD,-0.1400633184637265,1.6342886849994218,5.530465568529464,-0.07452830794323582,2.3111233490024405,2.853273173286652e-14,4.6799999999998265,-169.99999999999784,-0.15411913820494938,0.575,2.3650324199816883,4.469534431472681,-0.15411913820494938,3.0450324199816885,3.048930164418427,0.03919421031290973,3.485630560066502,0.24599883889485424,-1.1694182812112508,-0.05308883453213836,-1.1927969810046226,0.5450865123218469,-1.146039581417879,0.0,2.0650324199816885,0,
2026-09-08T07:01:31.252+00:00,1030.6333333333341,30.633333333334015,tick,WAYPOINT_DRIVE,FWD,-0.13916172423032044,1.643600199946744,5.530465568529464,-0.07362671370982977,2.320434863949763,2.853273173286652e-14,4.6799999999998265,-169.99999999999784,-0.15411913820494938,0.575,2.3556773581018335,4.469534431472681,-0.15411913820494938,3.0356773581018337,3.03958709881016,0.04009580454631578,3.4949420750138245,0.24526980828406242,-1.1600916689032132,-0.053817865142930174,-1.183470368696585,0.544357481711055,-1.1367129691098414,0.0,2.0556773581018337,0,
2026-09-08T07:01:31.285+00:00,1030.6666666666674,30.66666666666735,tick,WAYPOINT_DRIVE,FWD,-0.1382490739720052,1.6530258996762937,5.530465568529464,-0.07271406345151453,2.329860563679312,2.858824288409778e-14,4.679999999999827,-169.99999999999784,-0.15411913820494938,0.575,2.3462075774345936,4.469534431472681,-0.15411913820494938,3.026207577434594,3.0301295369148145,0.04100845480463103,3.5043677747433737,0.2445318377529675,-1.1506506866777841,-0.0545558356740251,-1.174029386471156,0.5436195111799601,-1.1272719868844123,0.0,2.046207577434594,0,
2026-09-08T07:01:31.318+00:00,1030.7000000000007,30.700000000000685,tick,WAYPOINT_DRIVE,FWD,-0.1373358458787518,1.66245756718876,5.530465568529464,-0.07180083535826114,2.339292231191779,2.864375403532904e-14,4.679999999999827,-169.99999999999784,-0.15411913820494938,0.575,2.3367318010750537,4.469534431472681,-0.15411913820494938,3.016731801075054,3.020666063698299,0.04192168289788442,3.5137994422558405,0.24379339998357147,-1.1412037269934865,-0.05529427344342114,-1.1645824267868583,0.542881073410564,-1.1178250272001147,0.0,2.036731801075054,0,
2026-09-08T07:01:31.352+00:00,1030.733333333334,30.73333333333402,tick,WAYPOINT_DRIVE,FWD,-0.136422617785454,1.6718892347016847,5.530465568529464,-0.07088760726496333,2.348723898704703,2.8754776337791554e-14,4.679999999999827,-169.99999999999784,-0.15411913820494938,0.575,2.3272560247150533,4.469534431472681,-0.15411913820494938,3.0072560247150535,3.0112026678631287,0.04283491099118222,3.5232311097687647,0.24305496221413952,-1.1317567673087299,-0.05603271121285308,-1.1551354671021017,0.5421426356411321,-1.108378067515358,0.0,2.0272560247150535,0,
2026-09-08T07:01:31.385+00:00,1030.7666666666673,30.766666666667355,tick,WAYPOINT_DRIVE,FWD,-0.13550938969215623,1.6813209022146094,5.530465568529464,-0.06997437917166556,2.3581555662176283,2.8754776337791554e-14,4.679999999999827,-169.99999999999784,-0.15411913820494938,0.575,2.317780248355053,4.469534431472681,-0.15411913820494938,2.997780248355053,3.001739350141634,0.04374813908448,3.53266277728169,0.24231652444470758,-1.122309807623973,-0.05677114898228501,-1.1456885074173448,0.5414041978717002,-1.0989311078306012,0.0,2.017780248355053,0,
2026-09-08T07:01:31.418+00:00,1030.8000000000006,30.80000000000069,tick,WAYPOINT_DRIVE,FWD,-0.1345961615989035,1.6907525697270687,5.530465568529464,-0.06906115107841283,2.367587233730087,2.892130979148533e-14,4.679999999999828,-169.99999999999784,-0.15411913820494938,0.575,2.30830447199552,4.469534431472681,-0.15411913820494938,2.9883044719955203,2.9922761112754053,0.044661367177732725,3.5420944447941487,0.2415780866753121,-1.1128628479396825,-0.0575095867516805,-1.1362415477330543,0.5406657601023047,-1.0894841481463107,0.0,2.0083044719955203,0,
2026-09-08T07:01:31.452+00:00,1030.833333333334,30.833333333334025,tick,WAYPOINT_DRIVE,FWD,-0.13368293350560573,1.7001842372399933,5.530465568529464,-0.06814792298511506,2.3770189012430123,2.8976820942716586e-14,4.679999999999828,-169.99999999999784,-0.15411913820494938,0.575,2.2988286956355197,4.469534431472681,-0.15411913820494938,2.97882869563552,2.9828129520140294,0.0455745952710305,3.551526112307074,0.24083964890588017,-1.1034158882549259,-0.058248024521112426,-1.1267945880482977,0.5399273223328728,-1.080037188461554,0.0,1.9988286956355197,0,
2026-09-08T07:01:31.485+00:00,1030.8666666666675,30.86666666666736,tick,WAYPOINT_DRIVE,FWD,-0.13276970541230793,1.709615904752918,5.530465568529464,-0.06723469489181726,2.3864505687559365,2.9032332093947844e-14,4.679999999999828,-169.99999999999784,-0.15411913820494938,0.575,2.2893529192755193,4.469534431472681,-0.15411913820494938,2.9693529192755195,2.9733498731180434,0.0464878233643283,3.560957779819998,0.24010121113644825,-1.093968928570169,-0.058986462290544356,-1.1173476283635408,0.5391888845634408,-1.0705902287767972,0.0,1.9893529192755193,0,
2026-09-08T07:01:31.518+00:00,1030.9000000000008,30.900000000000695,tick,WAYPOINT_DRIVE,FWD,-0.1318564773190559,1.7190475722653704,5.530465568529464,-0.06632146679856522,2.395882236268389,2.914335439641036e-14,4.679999999999829,-169.99999999999784,-0.15411913820494938,0.575,2.2798771429159936,4.469534431472681,-0.15411913820494938,2.959877142915994,2.963886875357692,0.047401051457580334,3.5703894473324507,0.2393627733670533,-1.0845219688858856,-0.0597249000599393,-1.1079006686792574,0.5384504467940459,-1.0611432690925138,0.0,1.9798771429159936,0,
2026-09-08T07:01:31.552+00:00,1030.933333333334,30.93333333333403,tick,WAYPOINT_DRIVE,FWD,-0.13094324922575812,1.728479239778295,5.530465568529464,-0.06540823870526745,2.405313903781314,2.919886554764162e-14,4.679999999999829,-169.99999999999784,-0.15411913820494938,0.575,2.2704013665559932,4.469534431472681,-0.15411913820494938,2.9504013665559934,2.954423959511652,0.04831427955087811,3.5798211148453754,0.23862433559762136,-1.075075009201129,-0.06046333782937123,-1.0984537089945008,0.537712009024614,-1.0516963094077572,0.0,1.9704013665559932,0,
2026-09-08T07:01:31.585+00:00,1030.9666666666674,30.966666666667365,tick,WAYPOINT_DRIVE,FWD,-0.13003002113246034,1.73791090729122,5.530465568529464,-0.06449501061196967,2.4147455712942385,2.919886554764162e-14,4.67999999999983,-169.99999999999784,-0.15411913820494938,0.575,2.260925590195993,4.469534431472681,-0.15411913820494938,2.940925590195993,2.9449611263700386,0.04922750764417588,3.5892527823583,0.23788589782818945,-1.0656280495163721,-0.06120177559880316,-1.089006749309744,0.5369735712551821,-1.0422493497230003,0.0,1.9609255901959928,0,
2026-09-08T07:01:31.618+00:00,1031.0000000000007,31.0000000000007,tick,WAYPOINT_DRIVE,FWD,-0.129116793039209,1.7473425748036653,5.530465568529464,-0.06358178251871834,2.424177238806684,2.930988785010413e-14,4.67999999999983,-169.99999999999784,-0.15411913820494938,0.575,2.2514498138364742,4.469534431472681,-0.15411913820494938,2.9314498138364744,2.9354983767331464,0.05014073573742722,3.5986844498707455,0.23714746005879506,-1.0561810898320958,-0.061940213368197536,-1.0795597896254676,0.5362351334857877,-1.032802390038724,0.0,1.9514498138364742,0,
2026-09-08T07:01:31.652+00:00,1031.033333333334,31.033333333334035,tick,WAYPOINT_DRIVE,FWD,-0.12820356494591123,1.75677424231659,5.530465568529464,-0.06266855442542056,2.4336089063196087,2.936539900133539e-14,4.679999999999831,-169.99999999999784,-0.15411913820494938,0.575,2.241974037476474,4.469534431472681,-0.15411913820494938,2.921974037476474,2.926035711410167,0.051053963830725,3.60811611738367,0.23640902228936314,-1.0467341301473392,-0.06267865113762947,-1.070112829940711,0.5354966957163557,-1.0233554303539674,0.0,1.9419740374764738,0,
2026-09-08T07:01:31.685+00:00,1031.0666666666673,31.06666666666737,tick,WAYPOINT_DRIVE,FWD,-0.12729033685261343,1.7662059098295149,5.530465568529464,-0.06175532633212276,2.4430405738325334,2.9476421303797906e-14,4.679999999999831,-169.99999999999784,-0.15411913820494938,0.575,2.2324982611164734,4.469534431472681,-0.15411913820494938,2.9124982611164736,2.916573131222243,0.0519671919240228,3.617547784896595,0.2356705845199312,-1.0372871704625823,-0.06341708890706141,-1.0606658702559542,0.5347582579469238,-1.0139084706692105,0.0,1.9324982611164734,0,
2026-09-08T07:01:31.718+00:00,1031.1000000000008,31.100000000000705,tick,WAYPOINT_DRIVE,FWD,-0.12637710875936276,1.775637577341953,5.530465568529464,-0.060842098238872086,2.4524722413449718,2.9531932455029164e-14,4.679999999999831,-169.99999999999784,-0.15411913820494938,0.575,2.223022484756962,4.469534431472681,-0.15411913820494938,2.903022484756962,2.9071106370012,0.05288042001727347,3.6269794524090333,0.23493214675053736,-1.0278402107783131,-0.06415552667645523,-1.051218910571685,0.53401982017753,-1.0044615109849413,0.0,1.923022484756962,0,
2026-09-08T07:01:31.752+00:00,1031.1333333333341,31.13333333333404,tick,WAYPOINT_DRIVE,FWD,-0.12546388066606498,1.785069244854878,5.530465568529464,-0.05992887014557431,2.461903908857897,2.958744360626042e-14,4.679999999999832,-169.99999999999784,-0.15411913820494938,0.575,2.2135467083969615,4.469534431472681,-0.15411913820494938,2.8935467083969617,2.8976482295882513,0.053793648110571246,3.6364111199219584,0.23419370898110545,-1.0183932510935563,-0.06489396444588716,-1.041771950886928,0.5332813824080981,-0.9950145513001845,0.0,1.9135467083969615,0,
2026-09-08T07:01:31.785+00:00,1031.1666666666674,31.166666666667375,tick,WAYPOINT_DRIVE,FWD,-0.12455065257276725,1.7945009123678026,5.530465568529464,-0.05901564205227658,2.471335576370821,2.964295475749168e-14,4.679999999999832,-169.99999999999784,-0.15411913820494938,0.575,2.204070932036961,4.469534431472681,-0.15411913820494938,2.8840709320369613,2.8881859098371043,0.05470687620386898,3.6458427874348827,0.23345527121167353,-1.0089462914087997,-0.06563240221531909,-1.0323249912021715,0.5325429446386661,-0.9855675916154278,0.0,1.904070932036961,0,
2026-09-08T07:01:31.818+00:00,1031.2000000000007,31.20000000000071,tick,WAYPOINT_DRIVE_SETTLE,STOP,-0.12363742447951732,1.803932579880234,5.530465568529464,-0.058102413959026655,2.4807672438832524,2.964295475749168e-14,4.679999999999833,-169.99999999999784,-0.15411913820494938,0.575,2.1945951556774568,4.469534431472681,-0.15411913820494938,2.874595155677457,2.8787236786126833,0.0556201042971189,3.655274454947314,0.23271683344228022,-0.9994993317245376,-0.06637083998471237,-1.0228780315179093,0.5318045068692728,-0.9761206319311657,0.0,1.8945951556774567,0,
2026-09-08T07:01:31.852+00:00,1031.233333333334,31.233333333334045,tick,WAYPOINT_DRIVE_SETTLE,STOP,-0.12363742447951732,1.803932579880234,5.530465568529464,-0.058102413959026655,2.4807672438832524,2.964295475749168e-14,4.679999999999833,-169.99999999999784,-0.15411913820494938,0.575,2.1945951556774568,4.469534431472681,-0.15411913820494938,2.874595155677457,2.8787236786126833,0.0556201042971189,3.655274454947314,0.23271683344228022,-0.9994993317245376,-0.06637083998471237,-1.0228780315179093,0.5318045068692728,-0.9761206319311657,0.0,1.8945951556774567,0,
2026-09-08T07:01:31.885+00:00,1031.2666666666673,31.26666666666738,tick,WAYPOINT_DRIVE_SETTLE,STOP,-0.12363742447951732,1.803932579880234,5.530465568529464,-0.058102413959026655,2.4807672438832524,2.964295475749168e-14,4.679999999999833,-169.99999999999784,-0.15411913820494938,0.575,2.1945951556774568,4.469534431472681,-0.15411913820494938,2.874595155677457,2.8787236786126833,0.0556201042971189,3.655274454947314,0.23271683344228022,-0.9994993317245376,-0.06637083998471237,-1.0228780315179093,0.5318045068692728,-0.9761206319311657,0.0,1.8945951556774567,0,
2026-09-08T07:01:31.918+00:00,1031.3000000000006,31.300000000000715,tick,WAYPOINT_DRIVE_SETTLE,STOP,-0.12363742447951732,1.803932579880234,5.530465568529464,-0.058102413959026655,2.4807672438832524,2.964295475749168e-14,4.679999999999833,-169.99999999999784,-0.15411913820494938,0.575,2.1945951556774568,4.469534431472681,-0.15411913820494938,2.874595155677457,2.8787236786126833,0.0556201042971189,3.655274454947314,0.23271683344228022,-0.9994993317245376,-0.06637083998471237,-1.0228780315179093,0.5318045068692728,-0.9761206319311657,0.0,1.8945951556774567,0,
2026-09-08T07:01:31.952+00:00,1031.333333333334,31.33333333333405,tick,WAYPOINT_DRIVE_SETTLE,STOP,-0.12363742447951732,1.803932579880234,5.530465568529464,-0.058102413959026655,2.4807672438832524,2.964295475749168e-14,4.679999999999833,-169.99999999999784,-0.15411913820494938,0.575,2.1945951556774568,4.469534431472681,-0.15411913820494938,2.874595155677457,2.8787236786126833,0.0556201042971189,3.655274454947314,0.23271683344228022,-0.9994993317245376,-0.06637083998471237,-1.0228780315179093,0.5318045068692728,-0.9761206319311657,0.0,1.8945951556774567,0,
2026-09-08T07:01:31.985+00:00,1031.3666666666675,31.366666666667385,tick,WAYPOINT_DRIVE_SETTLE,STOP,-0.12363742447951732,1.803932579880234,5.530465568529464,-0.058102413959026655,2.4807672438832524,2.964295475749168e-14,4.679999999999833,-169.99999999999784,-0.15411913820494938,0.575,2.1945951556774568,4.469534431472681,-0.15411913820494938,2.874595155677457,2.8787236786126833,0.0556201042971189,3.655274454947314,0.23271683344228022,-0.9994993317245376,-0.06637083998471237,-1.0228780315179093,0.5318045068692728,-0.9761206319311657,0.0,1.8945951556774567,0,
2026-09-08T07:01:32.018+00:00,1031.4000000000008,31.40000000000072,tick,WAYPOINT_DRIVE_SETTLE,STOP,-0.12363742447951732,1.803932579880234,5.530465568529464,-0.058102413959026655,2.4807672438832524,2.964295475749168e-14,4.679999999999833,-169.99999999999784,-0.15411913820494938,0.575,2.1945951556774568,4.469534431472681,-0.15411913820494938,2.874595155677457,2.8787236786126833,0.0556201042971189,3.655274454947314,0.23271683344228022,-0.9994993317245376,-0.06637083998471237,-1.0228780315179093,0.5318045068692728,-0.9761206319311657,0.0,1.8945951556774567,0,
2026-09-08T07:01:32.052+00:00,1031.433333333334,31.433333333334055,tick,WAYPOINT_DRIVE_SETTLE,STOP,-0.12363742447951732,1.803932579880234,5.530465568529464,-0.058102413959026655,2.4807672438832524,2.964295475749168e-14,4.679999999999833,-169.99999999999784,-0.15411913820494938,0.575,2.1945951556774568,4.469534431472681,-0.15411913820494938,2.874595155677457,2.8787236786126833,0.0556201042971189,3.655274454947314,0.23271683344228022,-0.9994993317245376,-0.06637083998471237,-1.0228780315179093,0.5318045068692728,-0.9761206319311657,0.0,1.8945951556774567,0,
2026-09-08T07:01:32.085+00:00,1031.4666666666674,31.46666666666739,tick,WAYPOINT_DRIVE_SETTLE,STOP,-0.12363742447951732,1.803932579880234,5.530465568529464,-0.058102413959026655,2.4807672438832524,2.964295475749168e-14,4.679999999999833,-169.99999999999784,-0.15411913820494938,0.575,2.1945951556774568,4.469534431472681,-0.15411913820494938,2.874595155677457,2.8787236786126833,0.0556201042971189,3.655274454947314,0.23271683344228022,-0.9994993317245376,-0.06637083998471237,-1.0228780315179093,0.5318045068692728,-0.9761206319311657,0.0,1.8945951556774567,0,
2026-09-08T07:01:32.118+00:00,1031.5000000000007,31.500000000000725,tick,WAYPOINT_DRIVE_SETTLE,STOP,-0.12363742447951732,1.803932579880234,5.530465568529464,-0.058102413959026655,2.4807672438832524,2.964295475749168e-14,4.679999999999833,-169.99999999999784,-0.15411913820494938,0.575,2.1945951556774568,4.469534431472681,-0.15411913820494938,2.874595155677457,2.8787236786126833,0.0556201042971189,3.655274454947314,0.23271683344228022,-0.9994993317245376,-0.06637083998471237,-1.0228780315179093,0.5318045068692728,-0.9761206319311657,0.0,1.8945951556774567,0,
2026-09-08T07:01:32.152+00:00,1031.533333333334,31.53333333333406,tick,WAYPOINT_DRIVE_SETTLE,STOP,-0.12363742447951732,1.803932579880234,5.530465568529464,-0.058102413959026655,2.4807672438832524,2.964295475749168e-14,4.679999999999833,-169.99999999999784,-0.15411913820494938,0.575,2.1945951556774568,4.469534431472681,-0.15411913820494938,2.874595155677457,2.8787236786126833,0.0556201042971189,3.655274454947314,0.23271683344228022,-0.9994993317245376,-0.06637083998471237,-1.0228780315179093,0.5318045068692728,-0.9761206319311657,0.0,1.8945951556774567,0,
2026-09-08T07:01:32.185+00:00,1031.5666666666673,31.566666666667395,tick,WAYPOINT_DRIVE_SETTLE,STOP,-0.12363742447951732,1.803932579880234,5.530465568529464,-0.058102413959026655,2.4807672438832524,2.964295475749168e-14,4.679999999999833,-169.99999999999784,-0.15411913820494938,0.575,2.1945951556774568,4.469534431472681,-0.15411913820494938,2.874595155677457,2.8787236786126833,0.0556201042971189,3.655274454947314,0.23271683344228022,-0.9994993317245376,-0.06637083998471237,-1.0228780315179093,0.5318045068692728,-0.9761206319311657,0.0,1.8945951556774567,0,
2026-09-08T07:01:32.218+00:00,1031.6000000000008,31.60000000000073,tick,WAYPOINT_DRIVE_SETTLE,STOP,-0.12363742447951732,1.803932579880234,5.530465568529464,-0.058102413959026655,2.4807672438832524,2.964295475749168e-14,4.679999999999833,-169.99999999999784,-0.15411913820494938,0.575,2.1945951556774568,4.469534431472681,-0.15411913820494938,2.874595155677457,2.8787236786126833,0.0556201042971189,3.655274454947314,0.23271683344228022,-0.9994993317245376,-0.06637083998471237,-1.0228780315179093,0.5318045068692728,-0.9761206319311657,0.0,1.8945951556774567,0,
2026-09-08T07:01:32.252+00:00,1031.6333333333341,31.633333333334065,tick,WAYPOINT_DRIVE_SETTLE,STOP,-0.12363742447951732,1.803932579880234,5.530465568529464,-0.058102413959026655,2.4807672438832524,2.964295475749168e-14,4.679999999999833,-169.99999999999784,-0.15411913820494938,0.575,2.1945951556774568,4.469534431472681,-0.15411913820494938,2.874595155677457,2.8787236786126833,0.0556201042971189,3.655274454947314,0.23271683344228022,-0.9994993317245376,-0.06637083998471237,-1.0228780315179093,0.5318045068692728,-0.9761206319311657,0.0,1.8945951556774567,0,
2026-09-08T07:01:32.285+00:00,1031.6666666666674,31.6666666666674,tick,WAYPOINT_DRIVE_SETTLE,STOP,-0.12363742447951732,1.803932579880234,5.530465568529464,-0.058102413959026655,2.4807672438832524,2.964295475749168e-14,4.679999999999833,-169.99999999999784,-0.15411913820494938,0.575,2.1945951556774568,4.469534431472681,-0.15411913820494938,2.874595155677457,2.8787236786126833,0.0556201042971189,3.655274454947314,0.23271683344228022,-0.9994993317245376,-0.06637083998471237,-1.0228780315179093,0.5318045068692728,-0.9761206319311657,0.0,1.8945951556774567,0,
2026-09-08T07:01:32.318+00:00,1031.7000000000007,31.700000000000735,tick,WAYPOINT_DRIVE_SETTLE,STOP,-0.12363742447951732,1.803932579880234,5.530465568529464,-0.058102413959026655,2.4807672438832524,2.964295475749168e-14,4.679999999999833,-169.99999999999784,-0.15411913820494938,0.575,2.1945951556774568,4.469534431472681,-0.15411913820494938,2.874595155677457,2.8787236786126833,0.0556201042971189,3.655274454947314,0.23271683344228022,-0.9994993317245376,-0.06637083998471237,-1.0228780315179093,0.5318045068692728,-0.9761206319311657,0.0,1.8945951556774567,0,
2026-09-08T07:01:32.352+00:00,1031.733333333334,31.73333333333407,tick,WAYPOINT_DRIVE_SETTLE,STOP,-0.12363742447951732,1.803932579880234,5.530465568529464,-0.058102413959026655,2.4807672438832524,2.964295475749168e-14,4.679999999999833,-169.99999999999784,-0.15411913820494938,0.575,2.1945951556774568,4.469534431472681,-0.15411913820494938,2.874595155677457,2.8787236786126833,0.0556201042971189,3.655274454947314,0.23271683344228022,-0.9994993317245376,-0.06637083998471237,-1.0228780315179093,0.5318045068692728,-0.9761206319311657,0.0,1.8945951556774567,0,
2026-09-08T07:01:32.385+00:00,1031.7666666666673,31.766666666667405,tick,WAYPOINT_DRIVE_SETTLE,STOP,-0.12363742447951732,1.803932579880234,5.530465568529464,-0.058102413959026655,2.4807672438832524,2.964295475749168e-14,4.679999999999833,-169.99999999999784,-0.15411913820494938,0.575,2.1945951556774568,4.469534431472681,-0.15411913820494938,2.874595155677457,2.8787236786126833,0.0556201042971189,3.655274454947314,0.23271683344228022,-0.9994993317245376,-0.06637083998471237,-1.0228780315179093,0.5318045068692728,-0.9761206319311657,0.0,1.8945951556774567,0,
2026-09-08T07:01:32.418+00:00,1031.8000000000006,31.80000000000074,tick,WAYPOINT_DRIVE_SETTLE,STOP,-0.12363742447951732,1.803932579880234,5.530465568529464,-0.058102413959026655,2.4807672438832524,2.964295475749168e-14,4.679999999999833,-169.99999999999784,-0.15411913820494938,0.575,2.1945951556774568,4.469534431472681,-0.15411913820494938,2.874595155677457,2.8787236786126833,0.0556201042971189,3.655274454947314,0.23271683344228022,-0.9994993317245376,-0.06637083998471237,-1.0228780315179093,0.5318045068692728,-0.9761206319311657,0.0,1.8945951556774567,0,
2026-09-08T07:01:32.452+00:00,1031.8333333333342,31.833333333334075,tick,WAYPOINT_DRIVE_SETTLE,STOP,-0.12363742447951732,1.803932579880234,5.530465568529464,-0.058102413959026655,2.4807672438832524,2.964295475749168e-14,4.679999999999833,-169.99999999999784,-0.15411913820494938,0.575,2.1945951556774568,4.469534431472681,-0.15411913820494938,2.874595155677457,2.8787236786126833,0.0556201042971189,3.655274454947314,0.23271683344228022,-0.9994993317245376,-0.06637083998471237,-1.0228780315179093,0.5318045068692728,-0.9761206319311657,0.0,1.8945951556774567,0,
2026-09-08T07:01:32.485+00:00,1031.8666666666675,31.86666666666741,tick,WAYPOINT_DRIVE_SETTLE,STOP,-0.12363742447951732,1.803932579880234,5.530465568529464,-0.058102413959026655,2.4807672438832524,2.964295475749168e-14,4.679999999999833,-169.99999999999784,-0.15411913820494938,0.575,2.1945951556774568,4.469534431472681,-0.15411913820494938,2.874595155677457,2.8787236786126833,0.0556201042971189,3.655274454947314,0.23271683344228022,-0.9994993317245376,-0.06637083998471237,-1.0228780315179093,0.5318045068692728,-0.9761206319311657,0.0,1.8945951556774567,0,
2026-09-08T07:01:32.518+00:00,1031.9000000000008,31.900000000000745,tick,WAYPOINT_DRIVE_SETTLE,STOP,-0.12363742447951732,1.803932579880234,5.530465568529464,-0.058102413959026655,2.4807672438832524,2.964295475749168e-14,4.679999999999833,-169.99999999999784,-0.15411913820494938,0.575,2.1945951556774568,4.469534431472681,-0.15411913820494938,2.874595155677457,2.8787236786126833,0.0556201042971189,3.655274454947314,0.23271683344228022,-0.9994993317245376,-0.06637083998471237,-1.0228780315179093,0.5318045068692728,-0.9761206319311657,0.0,1.8945951556774567,0,
2026-09-08T07:01:32.552+00:00,1031.933333333334,31.93333333333408,tick,WAYPOINT_DRIVE_SETTLE,STOP,-0.12363742447951732,1.803932579880234,5.530465568529464,-0.058102413959026655,2.4807672438832524,2.964295475749168e-14,4.679999999999833,-169.99999999999784,-0.15411913820494938,0.575,2.1945951556774568,4.469534431472681,-0.15411913820494938,2.874595155677457,2.8787236786126833,0.0556201042971189,3.655274454947314,0.23271683344228022,-0.9994993317245376,-0.06637083998471237,-1.0228780315179093,0.5318045068692728,-0.9761206319311657,0.0,1.8945951556774567,0,
2026-09-08T07:01:32.585+00:00,1031.9666666666674,31.966666666667415,tick,WAYPOINT_DRIVE_SETTLE,STOP,-0.12363742447951732,1.803932579880234,5.530465568529464,-0.058102413959026655,2.4807672438832524,2.964295475749168e-14,4.679999999999833,-169.99999999999784,-0.15411913820494938,0.575,2.1945951556774568,4.469534431472681,-0.15411913820494938,2.874595155677457,2.8787236786126833,0.0556201042971189,3.655274454947314,0.23271683344228022,-0.9994993317245376,-0.06637083998471237,-1.0228780315179093,0.5318045068692728,-0.9761206319311657,0.0,1.8945951556774567,0,
2026-09-08T07:01:32.618+00:00,1032.0000000000007,32.000000000000746,tick,WAYPOINT_DRIVE_SETTLE,STOP,-0.12363742447951732,1.803932579880234,5.530465568529464,-0.058102413959026655,2.4807672438832524,2.964295475749168e-14,4.679999999999833,-169.99999999999784,-0.15411913820494938,0.575,2.1945951556774568,4.469534431472681,-0.15411913820494938,2.874595155677457,2.8787236786126833,0.0556201042971189,3.655274454947314,0.23271683344228022,-0.9994993317245376,-0.06637083998471237,-1.0228780315179093,0.5318045068692728,-0.9761206319311657,0.0,1.8945951556774567,0,
2026-09-08T07:01:32.652+00:00,1032.033333333334,32.03333333333408,tick,WAYPOINT_DRIVE_SETTLE,STOP,-0.12363742447951732,1.803932579880234,5.530465568529464,-0.058102413959026655,2.4807672438832524,2.964295475749168e-14,4.679999999999833,-169.99999999999784,-0.15411913820494938,0.575,2.1945951556774568,4.469534431472681,-0.15411913820494938,2.874595155677457,2.8787236786126833,0.0556201042971189,3.655274454947314,0.23271683344228022,-0.9994993317245376,-0.06637083998471237,-1.0228780315179093,0.5318045068692728,-0.9761206319311657,0.0,1.8945951556774567,0,
2026-09-08T07:01:32.685+00:00,1032.0666666666675,32.06666666666741,tick,WAYPOINT_DRIVE_SETTLE,STOP,-0.12363742447951732,1.803932579880234,5.530465568529464,-0.058102413959026655,2.4807672438832524,2.964295475749168e-14,4.679999999999833,-169.99999999999784,-0.15411913820494938,0.575,2.1945951556774568,4.469534431472681,-0.15411913820494938,2.874595155677457,2.8787236786126833,0.0556201042971189,3.655274454947314,0.23271683344228022,-0.9994993317245376,-0.06637083998471237,-1.0228780315179093,0.5318045068692728,-0.9761206319311657,0.0,1.8945951556774567,0,
2026-09-08T07:01:32.718+00:00,1032.1000000000008,32.10000000000074,tick,WAYPOINT_DRIVE_SETTLE,STOP,-0.12363742447951732,1.803932579880234,5.530465568529464,-0.058102413959026655,2.4807672438832524,2.964295475749168e-14,4.679999999999833,-169.99999999999784,-0.15411913820494938,0.575,2.1945951556774568,4.469534431472681,-0.15411913820494938,2.874595155677457,2.8787236786126833,0.0556201042971189,3.655274454947314,0.23271683344228022,-0.9994993317245376,-0.06637083998471237,-1.0228780315179093,0.5318045068692728,-0.9761206319311657,0.0,1.8945951556774567,0,
2026-09-08T07:01:32.752+00:00,1032.1333333333341,32.13333333333407,tick,WAYPOINT_DRIVE_SETTLE,STOP,-0.12363742447951732,1.803932579880234,5.530465568529464,-0.058102413959026655,2.4807672438832524,2.964295475749168e-14,4.679999999999833,-169.99999999999784,-0.15411913820494938,0.575,2.1945951556774568,4.469534431472681,-0.15411913820494938,2.874595155677457,2.8787236786126833,0.0556201042971189,3.655274454947314,0.23271683344228022,-0.9994993317245376,-0.06637083998471237,-1.0228780315179093,0.5318045068692728,-0.9761206319311657,0.0,1.8945951556774567,0,
2026-09-08T07:01:32.785+00:00,1032.1666666666674,32.1666666666674,tick,WAYPOINT_DRIVE_SETTLE,STOP,-0.12363742447951732,1.803932579880234,5.530465568529464,-0.058102413959026655,2.4807672438832524,2.964295475749168e-14,4.679999999999833,-169.99999999999784,-0.15411913820494938,0.575,2.1945951556774568,4.469534431472681,-0.15411913820494938,2.874595155677457,2.8787236786126833,0.0556201042971189,3.655274454947314,0.23271683344228022,-0.9994993317245376,-0.06637083998471237,-1.0228780315179093,0.5318045068692728,-0.9761206319311657,0.0,1.8945951556774567,0,
2026-09-08T07:01:32.818+00:00,1032.2000000000007,32.200000000000735,tick,WAYPOINT_DRIVE_SETTLE,STOP,-0.12363742447951732,1.803932579880234,5.530465568529464,-0.058102413959026655,2.4807672438832524,2.964295475749168e-14,4.679999999999833,-169.99999999999784,-0.15411913820494938,0.575,2.1945951556774568,4.469534431472681,-0.15411913820494938,2.874595155677457,2.8787236786126833,0.0556201042971189,3.655274454947314,0.23271683344228022,-0.9994993317245376,-0.06637083998471237,-1.0228780315179093,0.5318045068692728,-0.9761206319311657,0.0,1.8945951556774567,0,
2026-09-08T07:01:32.852+00:00,1032.233333333334,32.233333333334066,tick,WAYPOINT_DRIVE_SETTLE,STOP,-0.12363742447951732,1.803932579880234,5.530465568529464,-0.058102413959026655,2.4807672438832524,2.964295475749168e-14,4.679999999999833,-169.99999999999784,-0.15411913820494938,0.575,2.1945951556774568,4.469534431472681,-0.15411913820494938,2.874595155677457,2.8787236786126833,0.0556201042971189,3.655274454947314,0.23271683344228022,-0.9994993317245376,-0.06637083998471237,-1.0228780315179093,0.5318045068692728,-0.9761206319311657,0.0,1.8945951556774567,0,
2026-09-08T07:01:32.885+00:00,1032.2666666666673,32.2666666666674,tick,WAYPOINT_DRIVE_SETTLE,STOP,-0.12363742447951732,1.803932579880234,5.530465568529464,-0.058102413959026655,2.4807672438832524,2.964295475749168e-14,4.679999999999833,-169.99999999999784,-0.15411913820494938,0.575,2.1945951556774568,4.469534431472681,-0.15411913820494938,2.874595155677457,2.8787236786126833,0.0556201042971189,3.655274454947314,0.23271683344228022,-0.9994993317245376,-0.06637083998471237,-1.0228780315179093,0.5318045068692728,-0.9761206319311657,0.0,1.8945951556774567,0,
2026-09-08T07:01:32.918+00:00,1032.3000000000006,32.30000000000073,tick,WAYPOINT_DRIVE_SETTLE,STOP,-0.12363742447951732,1.803932579880234,5.530465568529464,-0.058102413959026655,2.4807672438832524,2.964295475749168e-14,4.679999999999833,-169.99999999999784,-0.15411913820494938,0.575,2.1945951556774568,4.469534431472681,-0.15411913820494938,2.874595155677457,2.8787236786126833,0.0556201042971189,3.655274454947314,0.23271683344228022,-0.9994993317245376,-0.06637083998471237,-1.0228780315179093,0.5318045068692728,-0.9761206319311657,0.0,1.8945951556774567,0,
2026-09-08T07:01:32.952+00:00,1032.3333333333342,32.33333333333406,tick,WAYPOINT_DRIVE_SETTLE,STOP,-0.12363742447951732,1.803932579880234,5.530465568529464,-0.058102413959026655,2.4807672438832524,2.964295475749168e-14,4.679999999999833,-169.99999999999784,-0.15411913820494938,0.575,2.1945951556774568,4.469534431472681,-0.15411913820494938,2.874595155677457,2.8787236786126833,0.0556201042971189,3.655274454947314,0.23271683344228022,-0.9994993317245376,-0.06637083998471237,-1.0228780315179093,0.5318045068692728,-0.9761206319311657,0.0,1.8945951556774567,0,
2026-09-08T07:01:32.985+00:00,1032.3666666666675,32.36666666666739,tick,WAYPOINT_DRIVE_SETTLE,STOP,-0.12363742447951732,1.803932579880234,5.530465568529464,-0.058102413959026655,2.4807672438832524,2.964295475749168e-14,4.679999999999833,-169.99999999999784,-0.15411913820494938,0.575,2.1945951556774568,4.469534431472681,-0.15411913820494938,2.874595155677457,2.8787236786126833,0.0556201042971189,3.655274454947314,0.23271683344228022,-0.9994993317245376,-0.06637083998471237,-1.0228780315179093,0.5318045068692728,-0.9761206319311657,0.0,1.8945951556774567,0,
2026-09-08T07:01:33.018+00:00,1032.4000000000008,32.40000000000072,tick,WAYPOINT_DRIVE_SETTLE,STOP,-0.12363742447951732,1.803932579880234,5.530465568529464,-0.058102413959026655,2.4807672438832524,2.964295475749168e-14,4.679999999999833,-169.99999999999784,-0.15411913820494938,0.575,2.1945951556774568,4.469534431472681,-0.15411913820494938,2.874595155677457,2.8787236786126833,0.0556201042971189,3.655274454947314,0.23271683344228022,-0.9994993317245376,-0.06637083998471237,-1.0228780315179093,0.5318045068692728,-0.9761206319311657,0.0,1.8945951556774567,0,
2026-09-08T07:01:33.052+00:00,1032.433333333334,32.433333333334055,tick,WAYPOINT_DRIVE_SETTLE,STOP,-0.12363742447951732,1.803932579880234,5.530465568529464,-0.058102413959026655,2.4807672438832524,2.964295475749168e-14,4.679999999999833,-169.99999999999784,-0.15411913820494938,0.575,2.1945951556774568,4.469534431472681,-0.15411913820494938,2.874595155677457,2.8787236786126833,0.0556201042971189,3.655274454947314,0.23271683344228022,-0.9994993317245376,-0.06637083998471237,-1.0228780315179093,0.5318045068692728,-0.9761206319311657,0.0,1.8945951556774567,0,
2026-09-08T07:01:33.085+00:00,1032.4666666666674,32.466666666667386,tick,WAYPOINT_DRIVE_SETTLE,STOP,-0.12363742447951732,1.803932579880234,5.530465568529464,-0.058102413959026655,2.4807672438832524,2.964295475749168e-14,4.679999999999833,-169.99999999999784,-0.15411913820494938,0.575,2.1945951556774568,4.469534431472681,-0.15411913820494938,2.874595155677457,2.8787236786126833,0.0556201042971189,3.655274454947314,0.23271683344228022,-0.9994993317245376,-0.06637083998471237,-1.0228780315179093,0.5318045068692728,-0.9761206319311657,0.0,1.8945951556774567,0,
2026-09-08T07:01:33.118+00:00,1032.5000000000007,32.50000000000072,tick,WAYPOINT_DRIVE_SETTLE,STOP,-0.12363742447951732,1.803932579880234,5.530465568529464,-0.058102413959026655,2.4807672438832524,2.964295475749168e-14,4.679999999999833,-169.99999999999784,-0.15411913820494938,0.575,2.1945951556774568,4.469534431472681,-0.15411913820494938,2.874595155677457,2.8787236786126833,0.0556201042971189,3.655274454947314,0.23271683344228022,-0.9994993317245376,-0.06637083998471237,-1.0228780315179093,0.5318045068692728,-0.9761206319311657,0.0,1.8945951556774567,0,
2026-09-08T07:01:33.152+00:00,1032.533333333334,32.53333333333405,tick,WAYPOINT_DRIVE_SETTLE,STOP,-0.12363742447951732,1.803932579880234,5.530465568529464,-0.058102413959026655,2.4807672438832524,2.964295475749168e-14,4.679999999999833,-169.99999999999784,-0.15411913820494938,0.575,2.1945951556774568,4.469534431472681,-0.15411913820494938,2.874595155677457,2.8787236786126833,0.0556201042971189,3.655274454947314,0.23271683344228022,-0.9994993317245376,-0.06637083998471237,-1.0228780315179093,0.5318045068692728,-0.9761206319311657,0.0,1.8945951556774567,0,
2026-09-08T07:01:33.185+00:00,1032.5666666666673,32.56666666666738,tick,WAYPOINT_DRIVE_SETTLE,STOP,-0.12363742447951732,1.803932579880234,5.530465568529464,-0.058102413959026655,2.4807672438832524,2.964295475749168e-14,4.679999999999833,-169.99999999999784,-0.15411913820494938,0.575,2.1945951556774568,4.469534431472681,-0.15411913820494938,2.874595155677457,2.8787236786126833,0.0556201042971189,3.655274454947314,0.23271683344228022,-0.9994993317245376,-0.06637083998471237,-1.0228780315179093,0.5318045068692728,-0.9761206319311657,0.0,1.8945951556774567,0,
2026-09-08T07:01:33.218+00:00,1032.6000000000008,32.60000000000071,tick,WAYPOINT_DRIVE_SETTLE,STOP,-0.12363742447951732,1.803932579880234,5.530465568529464,-0.058102413959026655,2.4807672438832524,2.964295475749168e-14,4.679999999999833,-169.99999999999784,-0.15411913820494938,0.575,2.1945951556774568,4.469534431472681,-0.15411913820494938,2.874595155677457,2.8787236786126833,0.0556201042971189,3.655274454947314,0.23271683344228022,-0.9994993317245376,-0.06637083998471237,-1.0228780315179093,0.5318045068692728,-0.9761206319311657,0.0,1.8945951556774567,0,
2026-09-08T07:01:33.252+00:00,1032.6333333333341,32.63333333333404,tick,WAYPOINT_DRIVE_SETTLE,STOP,-0.12363742447951732,1.803932579880234,5.530465568529464,-0.058102413959026655,2.4807672438832524,2.964295475749168e-14,4.679999999999833,-169.99999999999784,-0.15411913820494938,0.575,2.1945951556774568,4.469534431472681,-0.15411913820494938,2.874595155677457,2.8787236786126833,0.0556201042971189,3.655274454947314,0.23271683344228022,-0.9994993317245376,-0.06637083998471237,-1.0228780315179093,0.5318045068692728,-0.9761206319311657,0.0,1.8945951556774567,0,
2026-09-08T07:01:33.285+00:00,1032.6666666666674,32.666666666667375,tick,WAYPOINT_DRIVE_SETTLE,STOP,-0.12363742447951732,1.803932579880234,5.530465568529464,-0.058102413959026655,2.4807672438832524,2.964295475749168e-14,4.679999999999833,-169.99999999999784,-0.15411913820494938,0.575,2.1945951556774568,4.469534431472681,-0.15411913820494938,2.874595155677457,2.8787236786126833,0.0556201042971189,3.655274454947314,0.23271683344228022,-0.9994993317245376,-0.06637083998471237,-1.0228780315179093,0.5318045068692728,-0.9761206319311657,0.0,1.8945951556774567,0,
2026-09-08T07:01:33.318+00:00,1032.7000000000007,32.700000000000706,tick,WAYPOINT_DRIVE_SETTLE,STOP,-0.12363742447951732,1.803932579880234,5.530465568529464,-0.058102413959026655,2.4807672438832524,2.964295475749168e-14,4.679999999999833,-169.99999999999784,-0.15411913820494938,0.575,2.1945951556774568,4.469534431472681,-0.15411913820494938,2.874595155677457,2.8787236786126833,0.0556201042971189,3.655274454947314,0.23271683344228022,-0.9994993317245376,-0.06637083998471237,-1.0228780315179093,0.5318045068692728,-0.9761206319311657,0.0,1.8945951556774567,0,
2026-09-08T07:01:33.352+00:00,1032.733333333334,32.73333333333404,tick,WAYPOINT_DRIVE_SETTLE,STOP,-0.12363742447951732,1.803932579880234,5.530465568529464,-0.058102413959026655,2.4807672438832524,2.964295475749168e-14,4.679999999999833,-169.99999999999784,-0.15411913820494938,0.575,2.1945951556774568,4.469534431472681,-0.15411913820494938,2.874595155677457,2.8787236786126833,0.0556201042971189,3.655274454947314,0.23271683344228022,-0.9994993317245376,-0.06637083998471237,-1.0228780315179093,0.5318045068692728,-0.9761206319311657,0.0,1.8945951556774567,0,
2026-09-08T07:01:33.385+00:00,1032.7666666666673,32.76666666666737,tick,WAYPOINT_DRIVE_SETTLE,STOP,-0.12363742447951732,1.803932579880234,5.530465568529464,-0.058102413959026655,2.4807672438832524,2.964295475749168e-14,4.679999999999833,-169.99999999999784,-0.15411913820494938,0.575,2.1945951556774568,4.469534431472681,-0.15411913820494938,2.874595155677457,2.8787236786126833,0.0556201042971189,3.655274454947314,0.23271683344228022,-0.9994993317245376,-0.06637083998471237,-1.0228780315179093,0.5318045068692728,-0.9761206319311657,0.0,1.8945951556774567,0,
2026-09-08T07:01:33.418+00:00,1032.8000000000006,32.8000000000007,tick,WAYPOINT_DRIVE_SETTLE,STOP,-0.12363742447951732,1.803932579880234,5.530465568529464,-0.058102413959026655,2.4807672438832524,2.964295475749168e-14,4.679999999999833,-169.99999999999784,-0.15411913820494938,0.575,2.1945951556774568,4.469534431472681,-0.15411913820494938,2.874595155677457,2.8787236786126833,0.0556201042971189,3.655274454947314,0.23271683344228022,-0.9994993317245376,-0.06637083998471237,-1.0228780315179093,0.5318045068692728,-0.9761206319311657,0.0,1.8945951556774567,0,
2026-09-08T07:01:33.452+00:00,1032.833333333334,32.83333333333403,tick,WAYPOINT_DRIVE_SETTLE,STOP,-0.12363742447951732,1.803932579880234,5.530465568529464,-0.058102413959026655,2.4807672438832524,2.964295475749168e-14,4.679999999999833,-169.99999999999784,-0.15411913820494938,0.575,2.1945951556774568,4.469534431472681,-0.15411913820494938,2.874595155677457,2.8787236786126833,0.0556201042971189,3.655274454947314,0.23271683344228022,-0.9994993317245376,-0.06637083998471237,-1.0228780315179093,0.5318045068692728,-0.9761206319311657,0.0,1.8945951556774567,0,
2026-09-08T07:01:33.485+00:00,1032.8666666666675,32.86666666666736,tick,WAYPOINT_DRIVE_SETTLE,STOP,-0.12363742447951732,1.803932579880234,5.530465568529464,-0.058102413959026655,2.4807672438832524,2.964295475749168e-14,4.679999999999833,-169.99999999999784,-0.15411913820494938,0.575,2.1945951556774568,4.469534431472681,-0.15411913820494938,2.874595155677457,2.8787236786126833,0.0556201042971189,3.655274454947314,0.23271683344228022,-0.9994993317245376,-0.06637083998471237,-1.0228780315179093,0.5318045068692728,-0.9761206319311657,0.0,1.8945951556774567,0,
2026-09-08T07:01:33.518+00:00,1032.9000000000008,32.900000000000695,tick,WAYPOINT_DRIVE_SETTLE,STOP,-0.12363742447951732,1.803932579880234,5.530465568529464,-0.058102413959026655,2.4807672438832524,2.964295475749168e-14,4.679999999999833,-169.99999999999784,-0.15411913820494938,0.575,2.1945951556774568,4.469534431472681,-0.15411913820494938,2.874595155677457,2.8787236786126833,0.0556201042971189,3.655274454947314,0.23271683344228022,-0.9994993317245376,-0.06637083998471237,-1.0228780315179093,0.5318045068692728,-0.9761206319311657,0.0,1.8945951556774567,0,
2026-09-08T07:01:33.552+00:00,1032.933333333334,32.933333333334026,tick,WAYPOINT_DRIVE_SETTLE,STOP,-0.12363742447951732,1.803932579880234,5.530465568529464,-0.058102413959026655,2.4807672438832524,2.964295475749168e-14,4.679999999999833,-169.99999999999784,-0.15411913820494938,0.575,2.1945951556774568,4.469534431472681,-0.15411913820494938,2.874595155677457,2.8787236786126833,0.0556201042971189,3.655274454947314,0.23271683344228022,-0.9994993317245376,-0.06637083998471237,-1.0228780315179093,0.5318045068692728,-0.9761206319311657,0.0,1.8945951556774567,0,
2026-09-08T07:01:33.585+00:00,1032.9666666666674,32.96666666666736,tick,WAYPOINT_DRIVE_SETTLE,STOP,-0.12363742447951732,1.803932579880234,5.530465568529464,-0.058102413959026655,2.4807672438832524,2.964295475749168e-14,4.679999999999833,-169.99999999999784,-0.15411913820494938,0.575,2.1945951556774568,4.469534431472681,-0.15411913820494938,2.874595155677457,2.8787236786126833,0.0556201042971189,3.655274454947314,0.23271683344228022,-0.9994993317245376,-0.06637083998471237,-1.0228780315179093,0.5318045068692728,-0.9761206319311657,0.0,1.8945951556774567,0,
2026-09-08T07:01:33.618+00:00,1033.0000000000007,33.00000000000069,tick,WAYPOINT_DRIVE_SETTLE,STOP,-0.12363742447951732,1.803932579880234,5.530465568529464,-0.058102413959026655,2.4807672438832524,2.964295475749168e-14,4.679999999999833,-169.99999999999784,-0.15411913820494938,0.575,2.1945951556774568,4.469534431472681,-0.15411913820494938,2.874595155677457,2.8787236786126833,0.0556201042971189,3.655274454947314,0.23271683344228022,-0.9994993317245376,-0.06637083998471237,-1.0228780315179093,0.5318045068692728,-0.9761206319311657,0.0,1.8945951556774567,0,
2026-09-08T07:01:33.652+00:00,1033.033333333334,33.03333333333402,tick,WAYPOINT_DRIVE_SETTLE,STOP,-0.12363742447951732,1.803932579880234,5.530465568529464,-0.058102413959026655,2.4807672438832524,2.964295475749168e-14,4.679999999999833,-169.99999999999784,-0.15411913820494938,0.575,2.1945951556774568,4.469534431472681,-0.15411913820494938,2.874595155677457,2.8787236786126833,0.0556201042971189,3.655274454947314,0.23271683344228022,-0.9994993317245376,-0.06637083998471237,-1.0228780315179093,0.5318045068692728,-0.9761206319311657,0.0,1.8945951556774567,0,
2026-09-08T07:01:33.685+00:00,1033.0666666666673,33.06666666666735,tick,WAYPOINT_DRIVE_SETTLE,STOP,-0.12363742447951732,1.803932579880234,5.530465568529464,-0.058102413959026655,2.4807672438832524,2.964295475749168e-14,4.679999999999833,-169.99999999999784,-0.15411913820494938,0.575,2.1945951556774568,4.469534431472681,-0.15411913820494938,2.874595155677457,2.8787236786126833,0.0556201042971189,3.655274454947314,0.23271683344228022,-0.9994993317245376,-0.06637083998471237,-1.0228780315179093,0.5318045068692728,-0.9761206319311657,0.0,1.8945951556774567,0,
2026-09-08T07:01:33.718+00:00,1033.1000000000006,33.10000000000068,tick,WAYPOINT_DRIVE_SETTLE,STOP,-0.12363742447951732,1.803932579880234,5.530465568529464,-0.058102413959026655,2.4807672438832524,2.964295475749168e-14,4.679999999999833,-169.99999999999784,-0.15411913820494938,0.575,2.1945951556774568,4.469534431472681,-0.15411913820494938,2.874595155677457,2.8787236786126833,0.0556201042971189,3.655274454947314,0.23271683344228022,-0.9994993317245376,-0.06637083998471237,-1.0228780315179093,0.5318045068692728,-0.9761206319311657,0.0,1.8945951556774567,0,
2026-09-08T07:01:33.752+00:00,1033.1333333333341,33.133333333334015,tick,WAYPOINT_DRIVE_SETTLE,STOP,-0.12363742447951732,1.803932579880234,5.530465568529464,-0.058102413959026655,2.4807672438832524,2.964295475749168e-14,4.679999999999833,-169.99999999999784,-0.15411913820494938,0.575,2.1945951556774568,4.469534431472681,-0.15411913820494938,2.874595155677457,2.8787236786126833,0.0556201042971189,3.655274454947314,0.23271683344228022,-0.9994993317245376,-0.06637083998471237,-1.0228780315179093,0.5318045068692728,-0.9761206319311657,0.0,1.8945951556774567,0,
2026-09-08T07:01:33.785+00:00,1033.1666666666674,33.166666666667346,tick,WAYPOINT_DRIVE_SETTLE,STOP,-0.12363742447951732,1.803932579880234,5.530465568529464,-0.058102413959026655,2.4807672438832524,2.964295475749168e-14,4.679999999999833,-169.99999999999784,-0.15411913820494938,0.575,2.1945951556774568,4.469534431472681,-0.15411913820494938,2.874595155677457,2.8787236786126833,0.0556201042971189,3.655274454947314,0.23271683344228022,-0.9994993317245376,-0.06637083998471237,-1.0228780315179093,0.5318045068692728,-0.9761206319311657,0.0,1.8945951556774567,0,
2026-09-08T07:01:33.818+00:00,1033.2000000000007,33.20000000000068,tick,WAYPOINT_DRIVE_SETTLE,STOP,-0.12363742447951732,1.803932579880234,5.530465568529464,-0.058102413959026655,2.4807672438832524,2.964295475749168e-14,4.679999999999833,-169.99999999999784,-0.15411913820494938,0.575,2.1945951556774568,4.469534431472681,-0.15411913820494938,2.874595155677457,2.8787236786126833,0.0556201042971189,3.655274454947314,0.23271683344228022,-0.9994993317245376,-0.06637083998471237,-1.0228780315179093,0.5318045068692728,-0.9761206319311657,0.0,1.8945951556774567,0,
2026-09-08T07:01:33.852+00:00,1033.233333333334,33.23333333333401,tick,WAYPOINT_DRIVE_SETTLE,STOP,-0.12363742447951732,1.803932579880234,5.530465568529464,-0.058102413959026655,2.4807672438832524,2.964295475749168e-14,4.679999999999833,-169.99999999999784,-0.15411913820494938,0.575,2.1945951556774568,4.469534431472681,-0.15411913820494938,2.874595155677457,2.8787236786126833,0.0556201042971189,3.655274454947314,0.23271683344228022,-0.9994993317245376,-0.06637083998471237,-1.0228780315179093,0.5318045068692728,-0.9761206319311657,0.0,1.8945951556774567,0,
2026-09-08T07:01:33.885+00:00,1033.2666666666673,33.26666666666734,tick,WAYPOINT_DRIVE_SETTLE,STOP,-0.12363742447951732,1.803932579880234,5.530465568529464,-0.058102413959026655,2.4807672438832524,2.964295475749168e-14,4.679999999999833,-169.99999999999784,-0.15411913820494938,0.575,2.1945951556774568,4.469534431472681,-0.15411913820494938,2.874595155677457,2.8787236786126833,0.0556201042971189,3.655274454947314,0.23271683344228022,-0.9994993317245376,-0.06637083998471237,-1.0228780315179093,0.5318045068692728,-0.9761206319311657,0.0,1.8945951556774567,0,
2026-09-08T07:01:33.918+00:00,1033.3000000000006,33.30000000000067,tick,WAYPOINT_DRIVE_SETTLE,STOP,-0.12363742447951732,1.803932579880234,5.530465568529464,-0.058102413959026655,2.4807672438832524,2.964295475749168e-14,4.679999999999833,-169.99999999999784,-0.15411913820494938,0.575,2.1945951556774568,4.469534431472681,-0.15411913820494938,2.874595155677457,2.8787236786126833,0.0556201042971189,3.655274454947314,0.23271683344228022,-0.9994993317245376,-0.06637083998471237,-1.0228780315179093,0.5318045068692728,-0.9761206319311657,0.0,1.8945951556774567,0,
2026-09-08T07:01:33.952+00:00,1033.333333333334,33.333333333334004,tick,WAYPOINT_DRIVE_SETTLE,STOP,-0.12363742447951732,1.803932579880234,5.530465568529464,-0.058102413959026655,2.4807672438832524,2.964295475749168e-14,4.679999999999833,-169.99999999999784,-0.15411913820494938,0.575,2.1945951556774568,4.469534431472681,-0.15411913820494938,2.874595155677457,2.8787236786126833,0.0556201042971189,3.655274454947314,0.23271683344228022,-0.9994993317245376,-0.06637083998471237,-1.0228780315179093,0.5318045068692728,-0.9761206319311657,0.0,1.8945951556774567,0,
2026-09-08T07:01:33.985+00:00,1033.3666666666672,33.366666666667335,tick,WAYPOINT_DRIVE_SETTLE,STOP,-0.12363742447951732,1.803932579880234,5.530465568529464,-0.058102413959026655,2.4807672438832524,2.964295475749168e-14,4.679999999999833,-169.99999999999784,-0.15411913820494938,0.575,2.1945951556774568,4.469534431472681,-0.15411913820494938,2.874595155677457,2.8787236786126833,0.0556201042971189,3.655274454947314,0.23271683344228022,-0.9994993317245376,-0.06637083998471237,-1.0228780315179093,0.5318045068692728,-0.9761206319311657,0.0,1.8945951556774567,0,
2026-09-08T07:01:34.018+00:00,1033.4000000000008,33.40000000000067,tick,WAYPOINT_DRIVE_SETTLE,STOP,-0.12363742447951732,1.803932579880234,5.530465568529464,-0.058102413959026655,2.4807672438832524,2.964295475749168e-14,4.679999999999833,-169.99999999999784,-0.15411913820494938,0.575,2.1945951556774568,4.469534431472681,-0.15411913820494938,2.874595155677457,2.8787236786126833,0.0556201042971189,3.655274454947314,0.23271683344228022,-0.9994993317245376,-0.06637083998471237,-1.0228780315179093,0.5318045068692728,-0.9761206319311657,0.0,1.8945951556774567,0,
2026-09-08T07:01:34.052+00:00,1033.433333333334,33.433333333334,tick,WAYPOINT_DRIVE_SETTLE,STOP,-0.12363742447951732,1.803932579880234,5.530465568529464,-0.058102413959026655,2.4807672438832524,2.964295475749168e-14,4.679999999999833,-169.99999999999784,-0.15411913820494938,0.575,2.1945951556774568,4.469534431472681,-0.15411913820494938,2.874595155677457,2.8787236786126833,0.0556201042971189,3.655274454947314,0.23271683344228022,-0.9994993317245376,-0.06637083998471237,-1.0228780315179093,0.5318045068692728,-0.9761206319311657,0.0,1.8945951556774567,0,
2026-09-08T07:01:34.085+00:00,1033.4666666666674,33.46666666666733,tick,WAYPOINT_DRIVE_SETTLE,STOP,-0.12363742447951732,1.803932579880234,5.530465568529464,-0.058102413959026655,2.4807672438832524,2.964295475749168e-14,4.679999999999833,-169.99999999999784,-0.15411913820494938,0.575,2.1945951556774568,4.469534431472681,-0.15411913820494938,2.874595155677457,2.8787236786126833,0.0556201042971189,3.655274454947314,0.23271683344228022,-0.9994993317245376,-0.06637083998471237,-1.0228780315179093,0.5318045068692728,-0.9761206319311657,0.0,1.8945951556774567,0,
2026-09-08T07:01:34.118+00:00,1033.5000000000007,33.50000000000066,tick,WAYPOINT_DRIVE_SETTLE,STOP,-0.12363742447951732,1.803932579880234,5.530465568529464,-0.058102413959026655,2.4807672438832524,2.964295475749168e-14,4.679999999999833,-169.99999999999784,-0.15411913820494938,0.575,2.1945951556774568,4.469534431472681,-0.15411913820494938,2.874595155677457,2.8787236786126833,0.0556201042971189,3.655274454947314,0.23271683344228022,-0.9994993317245376,-0.06637083998471237,-1.0228780315179093,0.5318045068692728,-0.9761206319311657,0.0,1.8945951556774567,0,
2026-09-08T07:01:34.152+00:00,1033.533333333334,33.53333333333399,tick,FINAL_POSE_LOCK,STOP,-0.12363742447951732,1.803932579880234,5.530465568529464,-0.058102413959026655,2.4807672438832524,2.964295475749168e-14,4.679999999999833,-169.99999999999784,-0.15411913820494938,0.575,2.1945951556774568,4.469534431472681,-0.15411913820494938,2.874595155677457,2.8787236786126833,0.0556201042971189,3.655274454947314,0.23271683344228022,-0.9994993317245376,-0.06637083998471237,-1.0228780315179093,0.5318045068692728,-0.9761206319311657,0.0,1.8945951556774567,0,
2026-09-08T07:01:34.185+00:00,1033.5666666666673,33.566666666667324,tick,FAILED,STOP,-0.12363742447951732,1.803932579880234,5.530465568529464,-0.058102413959026655,2.4807672438832524,2.964295475749168e-14,4.679999999999833,-169.99999999999784,-0.15411913820494938,0.575,2.1945951556774568,4.469534431472681,-0.15411913820494938,2.874595155677457,2.8787236786126833,0.0556201042971189,3.655274454947314,0.23271683344228022,-0.9994993317245376,-0.06637083998471237,-1.0228780315179093,0.5318045068692728,-0.9761206319311657,0.0,1.8945951556774567,0,
2026-09-08T07:01:34.185+00:00,1033.5666666666673,33.566666666667324,final,FAILED,STOP,-0.12363742447951732,1.803932579880234,5.530465568529464,-0.058102413959026655,2.4807672438832524,2.964295475749168e-14,4.679999999999833,-169.99999999999784,-0.15411913820494938,0.575,2.1945951556774568,4.469534431472681,-0.15411913820494938,2.874595155677457,2.8787236786126833,0.0556201042971189,3.655274454947314,0.23271683344228022,-0.9994993317245376,-0.06637083998471237,-1.0228780315179093,0.5318045068692728,-0.9761206319311657,0.0,1.8945951556774567,0,
