t_iso,frame_i,fsm_state,align_sub,camera_frame_number,camera_frame_delta,camera_sensor_timestamp_ms,camera_sensor_interval_ms,camera_timestamp_domain,camera_input_host_mono_ms,camera_input_interval_ms,inference_ran,inference_start_host_mono_ms,inference_end_host_mono_ms,model_inference_ms,input_to_inference_end_ms,pose_result_host_mono_ms,input_to_pose_result_ms,model_det_ok,pnp_ok,pose_src,pose_n_used,pose_rms_px,yaw_deg,pos_x_m,pos_z_m,center_bearing_deg
2026-09-04T15:03:38.018,1,PRECHECK,PRECHECK,1,,1788501817029.756,,timestamp_domain.system_time,4043781.000,,1,4043781.000,4044703.000,922.000,922.000,4044718.000,937.000,1,1,pnp_visible_ransac,9,1.323,-12.0482,-0.425746,3.600119,-6.7444
2026-09-04T15:03:38.139,2,SEARCH_SWEEP,SEARCH_SWEEP,33,32,1788501818094.850,1065.094,timestamp_domain.system_time,4044812.000,1031.000,1,4044812.000,4044843.000,31.000,31.000,4044843.000,31.000,1,1,pnp_visible_ransac,9,1.145,-11.7007,-0.426255,3.604414,-6.7444
2026-09-04T15:03:38.207,3,ACQUIRE_VERIFY,ACQUIRE_VERIFY,35,2,1788501818161.450,66.600,timestamp_domain.system_time,4044875.000,63.000,1,4044875.000,4044906.000,31.000,31.000,4044906.000,31.000,1,1,pnp_visible_ransac,9,1.215,-11.7539,-0.425987,3.605517,-6.7382
2026-09-04T15:03:38.273,4,ACQUIRE_VERIFY,ACQUIRE_VERIFY,37,2,1788501818228.161,66.711,timestamp_domain.system_time,4044953.000,78.000,1,4044953.000,4044968.000,15.000,15.000,4044968.000,15.000,1,1,pnp_visible_ransac,9,1.201,-11.5091,-0.425984,3.597827,-6.7524
2026-09-04T15:03:38.352,5,ACQUIRE_VERIFY,ACQUIRE_VERIFY,39,2,1788501818294.930,66.769,timestamp_domain.system_time,4045015.000,62.000,1,4045015.000,4045046.000,31.000,31.000,4045046.000,31.000,1,1,pnp_visible_ransac,9,1.167,-11.7668,-0.423113,3.591828,-6.7184
2026-09-04T15:03:38.434,6,ACQUIRE_VERIFY,ACQUIRE_VERIFY,42,3,1788501818395.305,100.375,timestamp_domain.system_time,4045109.000,94.000,1,4045109.000,4045140.000,31.000,31.000,4045140.000,31.000,1,1,pnp_visible_ransac,9,1.174,-11.6750,-0.424796,3.599991,-6.7297
2026-09-04T15:03:38.505,7,ACQUIRE_VERIFY,ACQUIRE_VERIFY,44,2,1788501818462.048,66.743,timestamp_domain.system_time,4045171.000,62.000,1,4045171.000,4045203.000,32.000,32.000,4045203.000,32.000,1,1,pnp_visible_ransac,9,1.127,-11.6770,-0.424244,3.591092,-6.7376
2026-09-04T15:03:38.585,8,ACQUIRE_VERIFY,ACQUIRE_VERIFY,46,2,1788501818528.669,66.621,timestamp_domain.system_time,4045250.000,79.000,1,4045250.000,4045281.000,31.000,31.000,4045281.000,31.000,1,1,pnp_visible_ransac,9,1.112,-11.5246,-0.424139,3.590632,-6.7368
2026-09-04T15:03:38.660,9,ACQUIRE_VERIFY,ACQUIRE_VERIFY,48,2,1788501818595.839,67.170,timestamp_domain.system_time,4045328.000,78.000,1,4045328.000,4045359.000,31.000,31.000,4045359.000,31.000,1,1,pnp_visible_ransac,9,1.121,-11.7294,-0.423783,3.595572,-6.7220
2026-09-04T15:03:38.742,10,ACQUIRE_VERIFY,ACQUIRE_VERIFY,51,3,1788501818695.242,99.403,timestamp_domain.system_time,4045406.000,78.000,1,4045406.000,4045437.000,31.000,31.000,4045437.000,31.000,1,1,pnp_visible_ransac,9,1.129,-11.7720,-0.422421,3.593982,-6.7035
2026-09-04T15:03:38.820,11,ACQUIRE_VERIFY,ACQUIRE_VERIFY,53,2,1788501818762.247,67.005,timestamp_domain.system_time,4045484.000,78.000,1,4045484.000,4045515.000,31.000,31.000,4045515.000,31.000,1,1,pnp_visible_ransac,9,1.129,-11.7882,-0.422335,3.590282,-6.7090
2026-09-04T15:03:38.901,12,ACQUIRE_VERIFY,ACQUIRE_VERIFY,56,3,1788501818862.608,100.361,timestamp_domain.system_time,4045562.000,78.000,1,4045562.000,4045593.000,31.000,31.000,4045593.000,31.000,1,1,pnp_visible_ransac,9,1.162,-11.6223,-0.423883,3.600612,-6.7143
2026-09-04T15:03:38.963,13,STANDOFF_VERIFY,STANDOFF_VERIFY,57,1,1788501818895.674,33.066,timestamp_domain.system_time,4045625.000,63.000,1,4045625.000,4045656.000,31.000,31.000,4045656.000,31.000,1,1,pnp_visible_ransac,9,1.148,-11.8858,-0.421531,3.588375,-6.6999
2026-09-04T15:03:39.054,14,STANDOFF_VERIFY,STANDOFF_VERIFY,60,3,1788501818995.648,99.974,timestamp_domain.system_time,4045718.000,93.000,1,4045718.000,4045750.000,32.000,32.000,4045750.000,32.000,1,1,pnp_visible_ransac,9,1.200,-11.6921,-0.423375,3.596164,-6.7145
2026-09-04T15:03:39.145,15,STANDOFF_VERIFY,STANDOFF_VERIFY,63,3,1788501819095.780,100.132,timestamp_domain.system_time,4045812.000,94.000,1,4045812.000,4045843.000,31.000,31.000,4045843.000,31.000,1,1,pnp_visible_ransac,9,1.158,-11.8291,-0.421881,3.595371,-6.6925
2026-09-04T15:03:39.220,16,STANDOFF_VERIFY,STANDOFF_VERIFY,65,2,1788501819162.542,66.762,timestamp_domain.system_time,4045890.000,78.000,1,4045890.000,4045921.000,31.000,31.000,4045921.000,31.000,1,1,pnp_visible_ransac,9,1.157,-11.5751,-0.424257,3.600051,-6.7212
2026-09-04T15:03:39.297,17,STANDOFF_VERIFY,STANDOFF_VERIFY,68,3,1788501819262.578,100.037,timestamp_domain.system_time,4045968.000,78.000,1,4045968.000,4046000.000,32.000,32.000,4046000.000,32.000,1,1,pnp_visible_ransac,9,1.145,-11.7711,-0.422313,3.593818,-6.7021
2026-09-04T15:03:39.373,18,STANDOFF_VERIFY,STANDOFF_VERIFY,70,2,1788501819329.323,66.745,timestamp_domain.system_time,4046046.000,78.000,1,4046046.000,4046078.000,32.000,32.000,4046078.000,32.000,1,1,pnp_visible_ransac,9,1.191,-11.5600,-0.421597,3.590834,-6.6964
2026-09-04T15:03:39.450,19,STANDOFF_VERIFY,STANDOFF_VERIFY,72,2,1788501819396.100,66.777,timestamp_domain.system_time,4046125.000,79.000,1,4046125.000,4046140.000,15.000,15.000,4046156.000,31.000,1,1,pnp_visible_ransac,9,1.170,-11.8008,-0.420990,3.586635,-6.6946
2026-09-04T15:03:39.522,20,STANDOFF_VERIFY,STANDOFF_VERIFY,74,2,1788501819462.615,66.515,timestamp_domain.system_time,4046187.000,62.000,1,4046187.000,4046203.000,16.000,16.000,4046218.000,31.000,1,1,pnp_visible_ransac,9,1.198,-11.6571,-0.422673,3.596795,-6.7023
2026-09-04T15:03:39.592,21,STANDOFF_VERIFY,STANDOFF_VERIFY,76,2,1788501819529.411,66.796,timestamp_domain.system_time,4046265.000,78.000,1,4046265.000,4046296.000,31.000,31.000,4046296.000,31.000,1,1,pnp_visible_ransac,9,1.157,-11.6061,-0.422353,3.594235,-6.7020
2026-09-04T15:03:39.671,22,STANDOFF_VERIFY,STANDOFF_VERIFY,79,3,1788501819629.719,100.308,timestamp_domain.system_time,4046328.000,63.000,1,4046328.000,4046375.000,47.000,47.000,4046375.000,47.000,1,1,pnp_visible_ransac,9,1.159,-11.6296,-0.422169,3.594518,-6.6986
2026-09-04T15:03:39.744,23,STANDOFF_MOVE,STANDOFF_MOVE,81,2,1788501819695.729,66.009,timestamp_domain.system_time,4046406.000,78.000,1,4046406.000,4046437.000,31.000,31.000,4046437.000,31.000,1,1,pnp_visible_ransac,9,1.155,-11.6650,-0.422180,3.596446,-6.6952
2026-09-04T15:03:39.827,24,STANDOFF_MOVE,STANDOFF_MOVE,83,2,1788501819762.832,67.103,timestamp_domain.system_time,4046484.000,78.000,1,4046484.000,4046531.000,47.000,47.000,4046531.000,47.000,1,1,pnp_visible_ransac,9,1.173,-11.7767,-0.422254,3.597978,-6.6935
2026-09-04T15:03:39.896,25,STANDOFF_MOVE,STANDOFF_MOVE,86,3,1788501819862.842,100.010,timestamp_domain.system_time,4046562.000,78.000,1,4046562.000,4046593.000,31.000,31.000,4046593.000,31.000,1,1,pnp_visible_ransac,9,1.175,-11.7893,-0.422147,3.597363,-6.6930
2026-09-04T15:03:39.967,26,STANDOFF_MOVE,STANDOFF_MOVE,87,1,1788501819896.597,33.755,timestamp_domain.system_time,4046640.000,78.000,1,4046640.000,4046671.000,31.000,31.000,4046671.000,31.000,1,1,pnp_visible_ransac,9,1.195,-11.7758,-0.422167,3.597950,-6.6922
2026-09-04T15:03:40.058,27,STANDOFF_MOVE,STANDOFF_MOVE,90,3,1788501819996.640,100.043,timestamp_domain.system_time,4046734.000,94.000,1,4046734.000,4046765.000,31.000,31.000,4046765.000,31.000,1,1,pnp_visible_ransac,9,1.188,-11.6491,-0.421841,3.596240,-6.6903
2026-09-04T15:03:40.139,28,STANDOFF_MOVE,STANDOFF_MOVE,93,3,1788501820096.370,99.730,timestamp_domain.system_time,4046812.000,78.000,1,4046812.000,4046843.000,31.000,31.000,4046843.000,31.000,1,1,pnp_visible_ransac,9,1.168,-11.6761,-0.422124,3.597520,-6.6923
2026-09-04T15:03:40.224,29,STANDOFF_MOVE,STANDOFF_MOVE,95,2,1788501820163.069,66.698,timestamp_domain.system_time,4046890.000,78.000,1,4046890.000,4046906.000,16.000,16.000,4046921.000,31.000,1,1,pnp_visible_ransac,9,1.170,-11.8295,-0.420739,3.592399,-6.6800
2026-09-04T15:03:40.301,30,STANDOFF_MOVE,STANDOFF_MOVE,98,3,1788501820263.323,100.255,timestamp_domain.system_time,4046968.000,78.000,1,4046968.000,4047000.000,32.000,32.000,4047000.000,32.000,1,1,pnp_visible_ransac,9,1.158,-11.7772,-0.421640,3.594747,-6.6898
2026-09-04T15:03:40.378,31,STANDOFF_MOVE,STANDOFF_MOVE,100,2,1788501820330.034,66.711,timestamp_domain.system_time,4047031.000,63.000,1,4047031.000,4047062.000,31.000,31.000,4047078.000,47.000,1,1,pnp_visible_ransac,9,1.220,-11.7987,-0.422036,3.599995,-6.6864
2026-09-04T15:03:40.453,32,STANDOFF_MOVE,STANDOFF_MOVE,102,2,1788501820396.611,66.576,timestamp_domain.system_time,4047125.000,94.000,1,4047125.000,4047156.000,31.000,31.000,4047156.000,31.000,1,1,pnp_visible_ransac,9,1.167,-11.7236,-0.421427,3.595624,-6.6849
2026-09-04T15:03:40.535,33,STANDOFF_MOVE,STANDOFF_MOVE,104,2,1788501820463.304,66.693,timestamp_domain.system_time,4047187.000,62.000,1,4047187.000,4047234.000,47.000,47.000,4047234.000,47.000,1,1,pnp_visible_ransac,9,1.182,-11.8270,-0.421219,3.592297,-6.6877
2026-09-04T15:03:40.609,34,STANDOFF_MOVE,STANDOFF_MOVE,107,3,1788501820563.661,100.357,timestamp_domain.system_time,4047281.000,94.000,1,4047281.000,4047312.000,31.000,31.000,4047312.000,31.000,1,1,pnp_visible_ransac,9,1.205,-11.9089,-0.421280,3.587407,-6.6977
2026-09-04T15:03:40.691,35,STANDOFF_MOVE,STANDOFF_MOVE,109,2,1788501820630.115,66.454,timestamp_domain.system_time,4047359.000,78.000,1,4047359.000,4047390.000,31.000,31.000,4047390.000,31.000,1,1,pnp_visible_ransac,9,1.220,-12.0149,-0.419949,3.579357,-6.6916
2026-09-04T15:03:40.778,36,STANDOFF_MOVE,STANDOFF_MOVE,112,3,1788501820730.153,100.038,timestamp_domain.system_time,4047421.000,62.000,1,4047453.000,4047484.000,31.000,63.000,4047484.000,63.000,1,1,pnp_visible_ransac,9,1.211,-11.8749,-0.420920,3.576018,-6.7132
2026-09-04T15:03:40.885,37,STANDOFF_MOVE,STANDOFF_MOVE,115,3,1788501820830.284,100.132,timestamp_domain.system_time,4047546.000,125.000,1,4047546.000,4047578.000,32.000,32.000,4047578.000,32.000,1,1,pnp_visible_ransac,9,1.265,-11.8957,-0.424198,3.558391,-6.7982
2026-09-04T15:03:40.970,38,STANDOFF_MOVE,STANDOFF_MOVE,117,2,1788501820896.985,66.700,timestamp_domain.system_time,4047640.000,94.000,1,4047640.000,4047671.000,31.000,31.000,4047671.000,31.000,1,1,pnp_visible_ransac,9,1.267,-11.8501,-0.423884,3.557644,-6.7946
2026-09-04T15:03:41.122,39,STANDOFF_MOVE,STANDOFF_MOVE,121,4,1788501821030.275,133.290,timestamp_domain.system_time,4047765.000,125.000,1,4047781.000,4047828.000,47.000,63.000,4047828.000,63.000,1,1,pnp_visible_ransac,9,1.190,-11.9563,-0.422158,3.542719,-6.7954
2026-09-04T15:03:41.226,40,STANDOFF_MOVE,STANDOFF_MOVE,125,4,1788501821163.828,133.552,timestamp_domain.system_time,4047890.000,125.000,1,4047890.000,4047921.000,31.000,31.000,4047921.000,31.000,1,1,pnp_visible_ransac,9,1.307,-11.0282,-0.420054,3.528385,-6.7891
2026-09-04T15:03:41.307,41,STANDOFF_MOVE,STANDOFF_MOVE,128,3,1788501821263.634,99.806,timestamp_domain.system_time,4047984.000,94.000,1,4047984.000,4048000.000,16.000,16.000,4048000.000,16.000,1,1,pnp_visible_ransac,9,1.187,-11.5894,-0.419801,3.500845,-6.8379
2026-09-04T15:03:41.414,42,STANDOFF_MOVE,STANDOFF_MOVE,131,3,1788501821363.781,100.147,timestamp_domain.system_time,4048078.000,94.000,1,4048078.000,4048109.000,31.000,31.000,4048109.000,31.000,1,1,pnp_visible_ransac,9,1.262,-11.5615,-0.429724,3.471249,-7.0570
2026-09-04T15:03:41.523,43,STANDOFF_MOVE,STANDOFF_MOVE,134,3,1788501821463.519,99.738,timestamp_domain.system_time,4048171.000,93.000,1,4048187.000,4048218.000,31.000,47.000,4048218.000,47.000,1,1,pnp_visible_ransac,9,1.231,-11.4417,-0.426815,3.453655,-7.0451
2026-09-04T15:03:41.612,44,STANDOFF_MOVE,STANDOFF_MOVE,137,3,1788501821563.946,100.427,timestamp_domain.system_time,4048281.000,110.000,1,4048281.000,4048312.000,31.000,31.000,4048312.000,31.000,1,1,pnp_visible_ransac,9,1.321,-11.5989,-0.417920,3.435091,-6.9366
2026-09-04T15:03:41.703,45,STANDOFF_MOVE,STANDOFF_MOVE,140,3,1788501821664.124,100.178,timestamp_domain.system_time,4048375.000,94.000,1,4048375.000,4048406.000,31.000,31.000,4048406.000,31.000,1,1,pnp_visible_ransac,9,1.385,-11.4783,-0.418871,3.430432,-6.9616
2026-09-04T15:03:41.797,46,STANDOFF_MOVE,STANDOFF_MOVE,142,2,1788501821730.812,66.688,timestamp_domain.system_time,4048468.000,93.000,1,4048468.000,4048500.000,32.000,32.000,4048500.000,32.000,1,1,pnp_visible_ransac,9,1.380,-11.7980,-0.423944,3.401406,-7.1046
2026-09-04T15:03:41.892,47,STANDOFF_MOVE,STANDOFF_MOVE,145,3,1788501821830.529,99.717,timestamp_domain.system_time,4048562.000,94.000,1,4048562.000,4048593.000,31.000,31.000,4048593.000,31.000,1,1,pnp_visible_ransac,9,1.412,-11.8596,-0.422660,3.389457,-7.1080
2026-09-04T15:03:41.977,48,STANDOFF_MOVE,STANDOFF_MOVE,147,2,1788501821897.349,66.821,timestamp_domain.system_time,4048640.000,78.000,1,4048640.000,4048671.000,31.000,31.000,4048671.000,31.000,1,1,pnp_visible_ransac,9,1.448,-11.8700,-0.416412,3.387252,-7.0085
2026-09-04T15:03:42.098,49,STANDOFF_MOVE,STANDOFF_MOVE,151,4,1788501822030.922,133.573,timestamp_domain.system_time,4048765.000,125.000,1,4048765.000,4048796.000,31.000,31.000,4048796.000,31.000,1,1,pnp_visible_ransac,9,1.438,-11.7611,-0.420858,3.357492,-7.1447
2026-09-04T15:03:42.197,50,STANDOFF_MOVE,STANDOFF_MOVE,154,3,1788501822131.076,100.154,timestamp_domain.system_time,4048859.000,94.000,1,4048859.000,4048890.000,31.000,31.000,4048890.000,31.000,1,1,pnp_visible_ransac,9,1.631,-11.7146,-0.419097,3.332430,-7.1681
2026-09-04T15:03:42.280,51,STANDOFF_MOVE,STANDOFF_MOVE,157,3,1788501822231.050,99.974,timestamp_domain.system_time,4048953.000,94.000,1,4048953.000,4048984.000,31.000,31.000,4048984.000,31.000,1,1,pnp_visible_ransac,9,1.648,-11.2362,-0.413231,3.286816,-7.1659
2026-09-04T15:03:42.371,52,STANDOFF_MOVE,STANDOFF_MOVE,160,3,1788501822331.288,100.238,timestamp_domain.system_time,4049031.000,78.000,1,4049046.000,4049078.000,32.000,47.000,4049078.000,47.000,1,1,pnp_visible_ransac,9,1.590,-11.6833,-0.420265,3.277248,-7.3076
2026-09-04T15:03:42.464,53,STANDOFF_MOVE,STANDOFF_MOVE,162,2,1788501822397.817,66.529,timestamp_domain.system_time,4049125.000,94.000,1,4049125.000,4049156.000,31.000,31.000,4049156.000,31.000,1,1,pnp_visible_ransac,9,1.683,-11.5648,-0.413759,3.262209,-7.2285
2026-09-04T15:03:42.554,54,STANDOFF_MOVE,STANDOFF_MOVE,165,3,1788501822497.844,100.026,timestamp_domain.system_time,4049218.000,93.000,1,4049218.000,4049250.000,32.000,32.000,4049250.000,32.000,1,1,pnp_visible_ransac,9,1.816,-11.2847,-0.412498,3.232251,-7.2727
2026-09-04T15:03:42.645,55,STANDOFF_MOVE,STANDOFF_MOVE,168,3,1788501822598.023,100.179,timestamp_domain.system_time,4049312.000,94.000,1,4049312.000,4049343.000,31.000,31.000,4049343.000,31.000,1,1,pnp_visible_ransac,9,1.834,-11.3728,-0.411861,3.205241,-7.3222
2026-09-04T15:03:42.736,56,STANDOFF_SETTLE,STANDOFF_SETTLE,171,3,1788501822698.122,100.099,timestamp_domain.system_time,4049406.000,94.000,1,4049406.000,4049437.000,31.000,31.000,4049437.000,31.000,1,1,pnp_visible_ransac,9,1.696,-10.8932,-0.412658,3.183186,-7.3864
2026-09-04T15:03:42.830,57,STANDOFF_SETTLE,STANDOFF_SETTLE,173,2,1788501822764.662,66.540,timestamp_domain.system_time,4049500.000,94.000,1,4049500.000,4049531.000,31.000,31.000,4049531.000,31.000,1,1,pnp_visible_ransac,9,1.733,-10.8085,-0.416499,3.152883,-7.5253
2026-09-04T15:03:42.919,58,STANDOFF_SETTLE,STANDOFF_SETTLE,176,3,1788501822865.037,100.375,timestamp_domain.system_time,4049593.000,93.000,1,4049593.000,4049625.000,32.000,32.000,4049625.000,32.000,1,1,pnp_visible_ransac,9,1.758,-10.6750,-0.412266,3.122409,-7.5215
2026-09-04T15:03:43.010,59,STANDOFF_SETTLE,STANDOFF_SETTLE,178,2,1788501822931.685,66.648,timestamp_domain.system_time,4049687.000,94.000,1,4049687.000,4049703.000,16.000,16.000,4049703.000,16.000,1,1,pnp_visible_ransac,9,1.694,-10.5018,-0.413485,3.108225,-7.5775
2026-09-04T15:03:43.101,60,STANDOFF_SETTLE,STANDOFF_SETTLE,182,4,1788501823065.047,133.361,timestamp_domain.system_time,4049765.000,78.000,1,4049765.000,4049796.000,31.000,31.000,4049796.000,31.000,1,1,pnp_visible_ransac,9,1.748,-10.6187,-0.403314,3.078930,-7.4628
2026-09-04T15:03:43.200,61,STANDOFF_SETTLE,STANDOFF_SETTLE,184,2,1788501823131.652,66.605,timestamp_domain.system_time,4049859.000,94.000,1,4049859.000,4049906.000,47.000,47.000,4049906.000,47.000,1,1,pnp_visible_ransac,9,1.702,-10.2061,-0.397790,3.080566,-7.3578
2026-09-04T15:03:43.285,62,STANDOFF_SETTLE,STANDOFF_SETTLE,187,3,1788501823231.881,100.229,timestamp_domain.system_time,4049953.000,94.000,1,4049968.000,4049984.000,16.000,31.000,4049984.000,31.000,1,1,pnp_visible_ransac,9,1.772,-10.6522,-0.402009,3.063710,-7.4754
2026-09-04T15:03:43.376,63,STANDOFF_SETTLE,STANDOFF_SETTLE,190,3,1788501823331.927,100.046,timestamp_domain.system_time,4050046.000,93.000,1,4050046.000,4050078.000,32.000,32.000,4050078.000,32.000,1,1,pnp_visible_ransac,9,1.735,-10.9264,-0.413411,3.063250,-7.6861
2026-09-04T15:03:43.467,64,STANDOFF_SETTLE,STANDOFF_SETTLE,193,3,1788501823431.942,100.014,timestamp_domain.system_time,4050140.000,94.000,1,4050140.000,4050171.000,31.000,31.000,4050171.000,31.000,1,1,pnp_visible_ransac,9,1.815,-11.2530,-0.417183,3.048310,-7.7929
2026-09-04T15:03:43.567,65,STANDOFF_SETTLE,STANDOFF_SETTLE,195,2,1788501823498.505,66.564,timestamp_domain.system_time,4050234.000,94.000,1,4050234.000,4050265.000,31.000,31.000,4050265.000,31.000,1,1,pnp_visible_ransac,9,1.831,-11.0729,-0.415492,3.057793,-7.7379
2026-09-04T15:03:43.649,66,STANDOFF_SETTLE,STANDOFF_SETTLE,198,3,1788501823598.803,100.297,timestamp_domain.system_time,4050312.000,78.000,1,4050312.000,4050343.000,31.000,31.000,4050343.000,31.000,1,1,pnp_visible_ransac,9,1.757,-11.1814,-0.410460,3.055353,-7.6514
2026-09-04T15:03:43.740,67,STANDOFF_SETTLE,STANDOFF_SETTLE,201,3,1788501823698.709,99.906,timestamp_domain.system_time,4050406.000,94.000,1,4050406.000,4050437.000,31.000,31.000,4050437.000,31.000,1,1,pnp_visible_ransac,9,1.797,-11.0805,-0.418393,3.057710,-7.7915
2026-09-04T15:03:43.831,68,STANDOFF_SETTLE,STANDOFF_SETTLE,203,2,1788501823765.445,66.736,timestamp_domain.system_time,4050500.000,94.000,1,4050500.000,4050531.000,31.000,31.000,4050531.000,31.000,1,1,pnp_visible_ransac,9,1.818,-11.1873,-0.415733,3.051603,-7.7579
2026-09-04T15:03:43.916,69,STANDOFF_SETTLE,STANDOFF_SETTLE,206,3,1788501823865.656,100.211,timestamp_domain.system_time,4050578.000,78.000,1,4050578.000,4050609.000,31.000,31.000,4050609.000,31.000,1,1,pnp_visible_ransac,9,1.780,-11.1881,-0.415673,3.057717,-7.7415
2026-09-04T15:03:44.007,70,STANDOFF_SETTLE,STANDOFF_SETTLE,208,2,1788501823932.529,66.874,timestamp_domain.system_time,4050671.000,93.000,1,4050671.000,4050703.000,32.000,32.000,4050703.000,32.000,1,1,pnp_visible_ransac,9,1.784,-11.1191,-0.417160,3.055190,-7.7752
2026-09-04T15:03:44.103,71,STANDOFF_SETTLE,STANDOFF_SETTLE,209,1,1788501823966.001,33.472,timestamp_domain.system_time,4050765.000,94.000,1,4050765.000,4050796.000,31.000,31.000,4050796.000,31.000,1,1,pnp_visible_ransac,9,1.796,-11.0950,-0.417470,3.059451,-7.7702
2026-09-04T15:03:44.189,72,STANDOFF_SETTLE,STANDOFF_SETTLE,214,5,1788501824132.088,166.087,timestamp_domain.system_time,4050843.000,78.000,1,4050859.000,4050890.000,31.000,47.000,4050890.000,47.000,1,1,pnp_visible_ransac,9,1.815,-11.0938,-0.417100,3.051576,-7.7832
2026-09-04T15:03:44.281,73,STANDOFF_SETTLE,STANDOFF_SETTLE,217,3,1788501824232.475,100.387,timestamp_domain.system_time,4050953.000,110.000,1,4050953.000,4050984.000,31.000,31.000,4050984.000,31.000,1,1,pnp_visible_ransac,9,1.822,-11.1166,-0.416579,3.058108,-7.7572
2026-09-04T15:03:44.373,74,STANDOFF_SETTLE,STANDOFF_SETTLE,220,3,1788501824332.528,100.053,timestamp_domain.system_time,4051031.000,78.000,1,4051031.000,4051062.000,31.000,31.000,4051078.000,47.000,1,1,pnp_visible_ransac,9,1.780,-11.1069,-0.416639,3.053070,-7.7709
2026-09-04T15:03:44.454,75,STANDOFF_SETTLE,STANDOFF_SETTLE,222,2,1788501824399.115,66.587,timestamp_domain.system_time,4051125.000,94.000,1,4051125.000,4051156.000,31.000,31.000,4051156.000,31.000,1,1,pnp_visible_ransac,9,1.856,-11.0541,-0.416603,3.056451,-7.7618
2026-09-04T15:03:44.536,76,STANDOFF_SETTLE,STANDOFF_SETTLE,225,3,1788501824499.016,99.902,timestamp_domain.system_time,4051203.000,78.000,1,4051218.000,4051234.000,16.000,31.000,4051234.000,31.000,1,1,pnp_visible_ransac,9,1.824,-11.0965,-0.417470,3.058476,-7.7726
2026-09-04T15:03:44.636,77,STANDOFF_SETTLE,STANDOFF_SETTLE,227,2,1788501824566.051,67.035,timestamp_domain.system_time,4051296.000,93.000,1,4051296.000,4051328.000,32.000,32.000,4051343.000,47.000,1,1,pnp_visible_ransac,9,1.826,-11.2779,-0.416275,3.056097,-7.7566
2026-09-04T15:03:44.715,78,STANDOFF_SETTLE,STANDOFF_SETTLE,230,3,1788501824666.080,100.029,timestamp_domain.system_time,4051390.000,94.000,1,4051390.000,4051421.000,31.000,31.000,4051421.000,31.000,1,1,pnp_visible_ransac,9,1.835,-11.1205,-0.416644,3.057177,-7.7607
2026-09-04T15:03:44.806,79,STANDOFF_SETTLE,STANDOFF_SETTLE,233,3,1788501824766.170,100.091,timestamp_domain.system_time,4051468.000,78.000,1,4051468.000,4051500.000,32.000,32.000,4051500.000,32.000,1,1,pnp_visible_ransac,9,1.820,-11.0315,-0.417316,3.054443,-7.7799
2026-09-04T15:03:44.896,80,STANDOFF_SETTLE,STANDOFF_SETTLE,235,2,1788501824832.813,66.642,timestamp_domain.system_time,4051562.000,94.000,1,4051562.000,4051593.000,31.000,31.000,4051593.000,31.000,1,1,pnp_visible_ransac,9,1.779,-11.0890,-0.417818,3.058190,-7.7797
2026-09-04T15:03:44.982,81,STANDOFF_SETTLE,STANDOFF_SETTLE,238,3,1788501824933.134,100.321,timestamp_domain.system_time,4051656.000,94.000,1,4051656.000,4051687.000,31.000,31.000,4051687.000,31.000,1,1,pnp_visible_ransac,9,1.806,-11.0157,-0.417467,3.057141,-7.7759
2026-09-04T15:03:45.111,82,STANDOFF_SETTLE,STANDOFF_SETTLE,241,3,1788501825033.435,100.301,timestamp_domain.system_time,4051765.000,109.000,1,4051781.000,4051812.000,31.000,47.000,4051812.000,47.000,1,1,pnp_visible_ransac,9,1.812,-11.0722,-0.417213,3.060624,-7.7625
2026-09-04T15:03:45.207,83,STANDOFF_SETTLE,STANDOFF_SETTLE,245,4,1788501825166.451,133.016,timestamp_domain.system_time,4051875.000,110.000,1,4051875.000,4051906.000,31.000,31.000,4051906.000,31.000,1,1,pnp_visible_ransac,9,1.844,-10.8451,-0.418565,3.057891,-7.7942
2026-09-04T15:03:45.294,84,STANDOFF_SETTLE,STANDOFF_SETTLE,247,2,1788501825233.232,66.781,timestamp_domain.system_time,4051968.000,93.000,1,4051968.000,4052000.000,32.000,32.000,4052000.000,32.000,1,1,pnp_visible_ransac,9,1.744,-11.1050,-0.417452,3.059986,-7.7685
2026-09-04T15:03:45.386,85,STANDOFF_SETTLE,STANDOFF_SETTLE,250,3,1788501825333.274,100.043,timestamp_domain.system_time,4052046.000,78.000,1,4052062.000,4052078.000,16.000,32.000,4052078.000,32.000,1,1,pnp_visible_ransac,9,1.800,-11.1334,-0.417441,3.061694,-7.7640
2026-09-04T15:03:45.472,86,STANDOFF_SETTLE,STANDOFF_SETTLE,253,3,1788501825433.314,100.040,timestamp_domain.system_time,4052140.000,94.000,1,4052140.000,4052171.000,31.000,31.000,4052171.000,31.000,1,1,pnp_visible_ransac,9,1.828,-11.1944,-0.416551,3.058551,-7.7555
2026-09-04T15:03:45.558,87,STANDOFF_SETTLE,STANDOFF_SETTLE,255,2,1788501825500.209,66.895,timestamp_domain.system_time,4052218.000,78.000,1,4052218.000,4052265.000,47.000,47.000,4052265.000,47.000,1,1,pnp_visible_ransac,9,1.791,-10.9559,-0.418463,3.058332,-7.7912
2026-09-04T15:03:45.644,88,STANDOFF_SETTLE,STANDOFF_SETTLE,258,3,1788501825600.104,99.896,timestamp_domain.system_time,4052312.000,94.000,1,4052312.000,4052343.000,31.000,31.000,4052343.000,31.000,1,1,pnp_visible_ransac,9,1.852,-11.0950,-0.416836,3.054179,-7.7718
2026-09-04T15:03:45.727,89,STANDOFF_SETTLE,STANDOFF_SETTLE,260,2,1788501825666.804,66.699,timestamp_domain.system_time,4052390.000,78.000,1,4052390.000,4052421.000,31.000,31.000,4052421.000,31.000,1,1,pnp_visible_ransac,9,1.791,-11.1134,-0.416640,3.055108,-7.7658
2026-09-04T15:03:45.812,90,STANDOFF_SETTLE,STANDOFF_SETTLE,263,3,1788501825766.882,100.078,timestamp_domain.system_time,4052484.000,94.000,1,4052484.000,4052515.000,31.000,31.000,4052515.000,31.000,1,1,pnp_visible_ransac,9,1.777,-11.0966,-0.416839,3.053776,-7.7728
2026-09-04T15:03:45.896,91,STANDOFF_SETTLE,STANDOFF_SETTLE,265,2,1788501825833.522,66.640,timestamp_domain.system_time,4052562.000,78.000,1,4052562.000,4052593.000,31.000,31.000,4052593.000,31.000,1,1,pnp_visible_ransac,9,1.781,-11.0652,-0.416843,3.053427,-7.7738
2026-09-04T15:03:45.989,92,STANDOFF_SETTLE,STANDOFF_SETTLE,268,3,1788501825933.809,100.287,timestamp_domain.system_time,4052656.000,94.000,1,4052656.000,4052687.000,31.000,31.000,4052687.000,31.000,1,1,pnp_visible_ransac,9,1.801,-11.0710,-0.416991,3.055829,-7.7704
2026-09-04T15:03:46.102,93,STANDOFF_SETTLE,STANDOFF_SETTLE,271,3,1788501826034.317,100.508,timestamp_domain.system_time,4052765.000,109.000,1,4052781.000,4052796.000,15.000,31.000,4052796.000,31.000,1,1,pnp_visible_ransac,9,1.827,-11.0484,-0.417096,3.055640,-7.7729
2026-09-04T15:03:46.177,94,STANDOFF_SETTLE,STANDOFF_SETTLE,274,3,1788501826133.712,99.395,timestamp_domain.system_time,4052843.000,78.000,1,4052859.000,4052875.000,16.000,32.000,4052875.000,32.000,1,1,pnp_visible_ransac,9,1.833,-11.1224,-0.416169,3.052007,-7.7649
2026-09-04T15:03:46.277,95,STANDOFF_SETTLE,STANDOFF_SETTLE,277,3,1788501826233.760,100.048,timestamp_domain.system_time,4052937.000,94.000,1,4052937.000,4052968.000,31.000,31.000,4052984.000,47.000,1,1,pnp_visible_ransac,9,1.769,-11.0192,-0.416865,3.053344,-7.7744
2026-09-04T15:03:46.360,96,STANDOFF_SETTLE,STANDOFF_SETTLE,279,2,1788501826300.103,66.343,timestamp_domain.system_time,4053031.000,94.000,1,4053031.000,4053062.000,31.000,31.000,4053062.000,31.000,1,1,pnp_visible_ransac,9,1.815,-11.0971,-0.416725,3.057845,-7.7605
2026-09-04T15:03:46.451,97,STANDOFF_SETTLE,STANDOFF_SETTLE,282,3,1788501826400.646,100.543,timestamp_domain.system_time,4053125.000,94.000,1,4053125.000,4053156.000,31.000,31.000,4053156.000,31.000,1,1,pnp_visible_ransac,9,1.801,-11.0803,-0.416924,3.056511,-7.7675
2026-09-04T15:03:46.534,98,STANDOFF_SETTLE,STANDOFF_SETTLE,284,2,1788501826467.303,66.656,timestamp_domain.system_time,4053203.000,78.000,1,4053203.000,4053234.000,31.000,31.000,4053234.000,31.000,1,1,pnp_visible_ransac,9,1.803,-11.0231,-0.417568,3.051840,-7.7911
2026-09-04T15:03:46.614,99,STANDOFF_SETTLE,STANDOFF_SETTLE,287,3,1788501826567.588,100.285,timestamp_domain.system_time,4053296.000,93.000,1,4053296.000,4053312.000,16.000,16.000,4053312.000,16.000,1,1,pnp_visible_ransac,9,1.798,-11.0984,-0.417046,3.058478,-7.7648
2026-09-04T15:03:46.708,100,STANDOFF_SETTLE,STANDOFF_SETTLE,290,3,1788501826667.516,99.928,timestamp_domain.system_time,4053375.000,79.000,1,4053375.000,4053406.000,31.000,31.000,4053406.000,31.000,1,1,pnp_visible_ransac,9,1.805,-10.9730,-0.417187,3.055230,-7.7756
2026-09-04T15:03:46.789,101,STANDOFF_SETTLE,STANDOFF_SETTLE,292,2,1788501826734.250,66.733,timestamp_domain.system_time,4053453.000,78.000,1,4053453.000,4053484.000,31.000,31.000,4053484.000,31.000,1,1,pnp_visible_ransac,9,1.823,-11.1271,-0.416643,3.054910,-7.7664
2026-09-04T15:03:46.876,102,STANDOFF_SETTLE,STANDOFF_SETTLE,295,3,1788501826834.384,100.134,timestamp_domain.system_time,4053546.000,93.000,1,4053546.000,4053578.000,32.000,32.000,4053578.000,32.000,1,1,pnp_visible_ransac,9,1.854,-11.0675,-0.417032,3.052135,-7.7805
2026-09-04T15:03:46.967,103,STANDOFF_SETTLE,STANDOFF_SETTLE,297,2,1788501826900.955,66.571,timestamp_domain.system_time,4053625.000,79.000,1,4053640.000,4053671.000,31.000,46.000,4053671.000,46.000,1,1,pnp_visible_ransac,9,1.790,-11.0241,-0.417319,3.052414,-7.7851
2026-09-04T15:03:47.051,104,STANDOFF_SETTLE,STANDOFF_SETTLE,298,1,1788501826934.365,33.410,timestamp_domain.system_time,4053718.000,93.000,1,4053718.000,4053750.000,32.000,32.000,4053750.000,32.000,1,1,pnp_visible_ransac,9,1.803,-10.9143,-0.417377,3.051741,-7.7879
2026-09-04T15:03:47.143,105,STANDOFF_SETTLE,STANDOFF_SETTLE,303,5,1788501827101.140,166.776,timestamp_domain.system_time,4053812.000,94.000,1,4053812.000,4053828.000,16.000,16.000,4053843.000,31.000,1,1,pnp_visible_ransac,9,1.793,-11.0338,-0.416963,3.056537,-7.7682
2026-09-04T15:03:47.219,106,STANDOFF_SETTLE,STANDOFF_SETTLE,305,2,1788501827167.887,66.747,timestamp_domain.system_time,4053890.000,78.000,1,4053890.000,4053921.000,31.000,31.000,4053921.000,31.000,1,1,pnp_visible_ransac,9,1.794,-10.9133,-0.417629,3.053359,-7.7884
2026-09-04T15:03:47.317,107,STANDOFF_SETTLE,STANDOFF_SETTLE,308,3,1788501827268.129,100.242,timestamp_domain.system_time,4053984.000,94.000,1,4053984.000,4054015.000,31.000,31.000,4054015.000,31.000,1,1,pnp_visible_ransac,9,1.784,-11.0612,-0.417052,3.055095,-7.7734
2026-09-04T15:03:47.411,108,STANDOFF_SETTLE,STANDOFF_SETTLE,311,3,1788501827368.018,99.888,timestamp_domain.system_time,4054062.000,78.000,1,4054078.000,4054109.000,31.000,47.000,4054109.000,47.000,1,1,pnp_visible_ransac,9,1.783,-11.0451,-0.417837,3.058216,-7.7800
2026-09-04T15:03:47.500,109,STANDOFF_SETTLE,STANDOFF_SETTLE,313,2,1788501827434.789,66.772,timestamp_domain.system_time,4054156.000,94.000,1,4054171.000,4054187.000,16.000,31.000,4054203.000,47.000,1,1,pnp_visible_ransac,9,1.844,-11.0839,-0.416923,3.054585,-7.7723
2026-09-04T15:03:47.578,110,STANDOFF_SETTLE,STANDOFF_SETTLE,316,3,1788501827534.862,100.072,timestamp_domain.system_time,4054250.000,94.000,1,4054265.000,4054281.000,16.000,31.000,4054281.000,31.000,1,1,pnp_visible_ransac,9,1.773,-11.0284,-0.417318,3.055353,-7.7777
2026-09-04T15:03:47.679,111,STANDOFF_SETTLE,STANDOFF_SETTLE,319,3,1788501827634.815,99.954,timestamp_domain.system_time,4054343.000,93.000,1,4054343.000,4054359.000,16.000,16.000,4054375.000,32.000,1,1,pnp_visible_ransac,9,1.790,-11.1283,-0.416887,3.050210,-7.7827
2026-09-04T15:03:47.758,112,STANDOFF_SETTLE,STANDOFF_SETTLE,321,2,1788501827701.526,66.711,timestamp_domain.system_time,4054421.000,78.000,1,4054421.000,4054453.000,32.000,32.000,4054453.000,32.000,1,1,pnp_visible_ransac,9,1.850,-10.9097,-0.418223,3.054907,-7.7954
2026-09-04T15:03:47.862,113,STANDOFF_SETTLE,STANDOFF_SETTLE,324,3,1788501827801.732,100.206,timestamp_domain.system_time,4054515.000,94.000,1,4054531.000,4054546.000,15.000,31.000,4054562.000,47.000,1,1,pnp_visible_ransac,9,1.776,-11.0367,-0.417776,3.051955,-7.7947
2026-09-04T15:03:47.956,114,STANDOFF_SETTLE,STANDOFF_SETTLE,327,3,1788501827901.653,99.921,timestamp_domain.system_time,4054625.000,110.000,1,4054625.000,4054640.000,15.000,15.000,4054656.000,31.000,1,1,pnp_visible_ransac,9,1.766,-10.9340,-0.417550,3.053618,-7.7863
2026-09-04T15:03:48.033,115,STANDOFF_SETTLE,STANDOFF_SETTLE,329,2,1788501827968.406,66.753,timestamp_domain.system_time,4054703.000,78.000,1,4054718.000,4054734.000,16.000,31.000,4054734.000,31.000,1,1,pnp_visible_ransac,9,1.787,-11.0805,-0.416946,3.051326,-7.7809
2026-09-04T15:03:48.140,116,STANDOFF_SETTLE,STANDOFF_SETTLE,332,3,1788501828069.082,100.676,timestamp_domain.system_time,4054796.000,93.000,1,4054796.000,4054828.000,32.000,32.000,4054843.000,47.000,1,1,pnp_visible_ransac,9,1.809,-10.8673,-0.418525,3.055322,-7.8000
2026-09-04T15:03:48.222,117,STANDOFF_SETTLE,STANDOFF_SETTLE,335,3,1788501828168.466,99.384,timestamp_domain.system_time,4054890.000,94.000,1,4054906.000,4054921.000,15.000,31.000,4054921.000,31.000,1,1,pnp_visible_ransac,9,1.834,-11.0287,-0.416893,3.049316,-7.7850
2026-09-04T15:03:48.314,118,STANDOFF_SETTLE,STANDOFF_SETTLE,338,3,1788501828268.625,100.158,timestamp_domain.system_time,4054984.000,94.000,1,4054984.000,4055015.000,31.000,31.000,4055015.000,31.000,1,1,pnp_visible_ransac,9,1.768,-11.0514,-0.417107,3.054333,-7.7764
2026-09-04T15:03:48.398,119,STANDOFF_SETTLE,STANDOFF_SETTLE,340,2,1788501828335.336,66.711,timestamp_domain.system_time,4055062.000,78.000,1,4055062.000,4055093.000,31.000,31.000,4055093.000,31.000,1,1,pnp_visible_ransac,9,1.823,-11.0520,-0.417150,3.054642,-7.7764
2026-09-04T15:03:48.489,120,STANDOFF_SETTLE,STANDOFF_SETTLE,343,3,1788501828435.503,100.167,timestamp_domain.system_time,4055156.000,94.000,1,4055156.000,4055187.000,31.000,31.000,4055187.000,31.000,1,1,pnp_visible_ransac,9,1.828,-11.0650,-0.416527,3.051829,-7.7720
2026-09-04T15:03:48.578,121,STANDOFF_SETTLE,STANDOFF_SETTLE,346,3,1788501828535.175,99.672,timestamp_domain.system_time,4055250.000,94.000,1,4055250.000,4055281.000,31.000,31.000,4055281.000,31.000,1,1,pnp_visible_ransac,9,1.778,-10.9266,-0.417456,3.055735,-7.7793
2026-09-04T15:03:48.648,122,STANDOFF_VERIFY,STANDOFF_VERIFY,348,2,1788501828602.158,66.983,timestamp_domain.system_time,4055328.000,78.000,1,4055328.000,4055343.000,15.000,15.000,4055343.000,15.000,1,1,pnp_visible_ransac,9,1.778,-11.1880,-0.416193,3.052608,-7.7638
2026-09-04T15:03:48.749,123,STANDOFF_VERIFY,STANDOFF_VERIFY,351,3,1788501828702.006,99.848,timestamp_domain.system_time,4055421.000,93.000,1,4055421.000,4055437.000,16.000,16.000,4055453.000,32.000,1,1,pnp_visible_ransac,9,1.833,-11.0553,-0.417816,3.058194,-7.7797
2026-09-04T15:03:48.825,124,STANDOFF_VERIFY,STANDOFF_VERIFY,353,2,1788501828768.912,66.906,timestamp_domain.system_time,4055500.000,79.000,1,4055500.000,4055531.000,31.000,31.000,4055531.000,31.000,1,1,pnp_visible_ransac,9,1.761,-10.9849,-0.417150,3.054677,-7.7763
2026-09-04T15:03:48.925,125,STANDOFF_VERIFY,STANDOFF_VERIFY,356,3,1788501828869.062,100.150,timestamp_domain.system_time,4055578.000,78.000,1,4055578.000,4055625.000,47.000,47.000,4055625.000,47.000,1,1,pnp_visible_ransac,9,1.742,-11.0653,-0.417311,3.054451,-7.7798
2026-09-04T15:03:49.016,126,STANDOFF_VERIFY,STANDOFF_VERIFY,359,3,1788501828969.094,100.031,timestamp_domain.system_time,4055687.000,109.000,1,4055687.000,4055703.000,16.000,16.000,4055718.000,31.000,1,1,pnp_visible_ransac,9,1.784,-11.0029,-0.417921,3.057184,-7.7842
2026-09-04T15:03:49.099,127,STANDOFF_VERIFY,STANDOFF_VERIFY,360,1,1788501829002.394,33.300,timestamp_domain.system_time,4055765.000,78.000,1,4055765.000,4055796.000,31.000,31.000,4055796.000,31.000,1,1,pnp_visible_ransac,9,1.776,-11.1195,-0.416629,3.052756,-7.7715
2026-09-04T15:03:49.190,128,STANDOFF_VERIFY,STANDOFF_VERIFY,364,4,1788501829136.005,133.611,timestamp_domain.system_time,4055859.000,94.000,1,4055859.000,4055890.000,31.000,31.000,4055890.000,31.000,1,1,pnp_visible_ransac,9,1.812,-10.9819,-0.417173,3.050906,-7.7862
2026-09-04T15:03:49.281,129,STANDOFF_VERIFY,STANDOFF_VERIFY,367,3,1788501829235.868,99.863,timestamp_domain.system_time,4055937.000,78.000,1,4055937.000,4055984.000,47.000,47.000,4055984.000,47.000,1,1,pnp_visible_ransac,9,1.782,-11.0696,-0.417284,3.052387,-7.7845
2026-09-04T15:03:49.351,130,STANDOFF_VERIFY,STANDOFF_VERIFY,369,2,1788501829302.589,66.721,timestamp_domain.system_time,4056031.000,94.000,1,4056031.000,4056046.000,15.000,15.000,4056046.000,15.000,1,1,pnp_visible_ransac,9,1.790,-11.1064,-0.416913,3.054880,-7.7714
2026-09-04T15:03:49.445,131,STANDOFF_VERIFY,STANDOFF_VERIFY,372,3,1788501829402.833,100.245,timestamp_domain.system_time,4056109.000,78.000,1,4056109.000,4056140.000,31.000,31.000,4056140.000,31.000,1,1,pnp_visible_ransac,9,1.745,-11.0616,-0.416996,3.054761,-7.7732
2026-09-04T15:03:49.530,132,STAGING_PLAN,STAGING_PLAN,374,2,1788501829469.499,66.666,timestamp_domain.system_time,4056203.000,94.000,1,4056203.000,4056234.000,31.000,31.000,4056234.000,31.000,1,1,pnp_visible_ransac,9,1.789,-10.9175,-0.417755,3.054423,-7.7881
2026-09-04T15:03:49.619,133,STAGING_PLAN,STAGING_PLAN,377,3,1788501829569.643,100.144,timestamp_domain.system_time,4056281.000,78.000,1,4056281.000,4056312.000,31.000,31.000,4056312.000,31.000,1,1,pnp_visible_ransac,9,1.807,-10.9094,-0.418070,3.054397,-7.7939
2026-09-04T15:03:49.707,134,STAGING_PLAN,STAGING_PLAN,380,3,1788501829669.709,100.065,timestamp_domain.system_time,4056375.000,94.000,1,4056375.000,4056406.000,31.000,31.000,4056406.000,31.000,1,1,pnp_visible_ransac,9,1.857,-11.0292,-0.416281,3.053285,-7.7638
2026-09-04T15:03:49.793,135,STAGING_PLAN,STAGING_PLAN,382,2,1788501829736.368,66.659,timestamp_domain.system_time,4056453.000,78.000,1,4056468.000,4056500.000,32.000,47.000,4056500.000,47.000,1,1,pnp_visible_ransac,9,1.778,-10.9559,-0.417274,3.052598,-7.7838
2026-09-04T15:03:49.876,136,STAGING_PLAN,STAGING_PLAN,385,3,1788501829836.476,100.108,timestamp_domain.system_time,4056546.000,93.000,1,4056546.000,4056578.000,32.000,32.000,4056578.000,32.000,1,1,pnp_visible_ransac,9,1.759,-11.0085,-0.417197,3.054343,-7.7780
2026-09-04T15:03:49.967,137,STAGING_PLAN,STAGING_PLAN,387,2,1788501829903.030,66.554,timestamp_domain.system_time,4056625.000,79.000,1,4056625.000,4056656.000,31.000,31.000,4056671.000,46.000,1,1,pnp_visible_ransac,9,1.765,-11.0613,-0.417031,3.054966,-7.7734
2026-09-04T15:03:50.068,138,STAGING_PLAN,STAGING_PLAN,390,3,1788501830003.463,100.433,timestamp_domain.system_time,4056734.000,109.000,1,4056734.000,4056765.000,31.000,31.000,4056765.000,31.000,1,1,pnp_visible_ransac,9,1.746,-11.0115,-0.417833,3.057688,-7.7813
2026-09-04T15:03:50.179,139,STAGING_PLAN,STAGING_PLAN,393,3,1788501830103.580,100.117,timestamp_domain.system_time,4056828.000,94.000,1,4056843.000,4056875.000,32.000,47.000,4056875.000,47.000,1,1,pnp_visible_ransac,9,1.780,-11.0477,-0.418533,3.057639,-7.7943
2026-09-04T15:03:50.271,140,STAGING_PLAN,STAGING_PLAN,396,3,1788501830203.363,99.783,timestamp_domain.system_time,4056937.000,109.000,1,4056937.000,4056968.000,31.000,31.000,4056968.000,31.000,1,1,pnp_visible_ransac,9,1.791,-11.0361,-0.418391,3.057565,-7.7918
2026-09-04T15:03:50.355,141,STAGING_PLAN,STAGING_PLAN,399,3,1788501830303.490,100.127,timestamp_domain.system_time,4057031.000,94.000,1,4057031.000,4057062.000,31.000,31.000,4057062.000,31.000,1,1,pnp_visible_ransac,9,1.779,-11.0325,-0.418102,3.054934,-7.7932
2026-09-04T15:03:50.453,142,WAYPOINT_DRIVE,WAYPOINT_DRIVE,402,3,1788501830403.445,99.956,timestamp_domain.system_time,4057109.000,78.000,1,4057125.000,4057140.000,15.000,31.000,4057156.000,47.000,1,1,pnp_visible_ransac,9,1.726,-11.0543,-0.418112,3.055306,-7.7924
2026-09-04T15:03:50.533,143,WAYPOINT_DRIVE,WAYPOINT_DRIVE,404,2,1788501830470.229,66.783,timestamp_domain.system_time,4057203.000,94.000,1,4057203.000,4057234.000,31.000,31.000,4057234.000,31.000,1,1,pnp_visible_ransac,9,1.795,-11.0529,-0.417840,3.054976,-7.7882
2026-09-04T15:03:50.627,144,WAYPOINT_DRIVE,WAYPOINT_DRIVE,407,3,1788501830570.349,100.120,timestamp_domain.system_time,4057296.000,93.000,1,4057296.000,4057328.000,32.000,32.000,4057328.000,32.000,1,1,pnp_visible_ransac,9,1.753,-10.9783,-0.418492,3.057819,-7.7931
2026-09-04T15:03:50.718,145,WAYPOINT_DRIVE,WAYPOINT_DRIVE,410,3,1788501830670.212,99.863,timestamp_domain.system_time,4057390.000,94.000,1,4057390.000,4057421.000,31.000,31.000,4057421.000,31.000,1,1,pnp_visible_ransac,9,1.784,-11.0165,-0.416478,3.050600,-7.7741
2026-09-04T15:03:50.803,146,WAYPOINT_DRIVE,WAYPOINT_DRIVE,412,2,1788501830737.323,67.111,timestamp_domain.system_time,4057468.000,78.000,1,4057468.000,4057500.000,32.000,32.000,4057500.000,32.000,1,1,pnp_visible_ransac,9,1.742,-11.0699,-0.417244,3.052145,-7.7844
2026-09-04T15:03:50.894,147,WAYPOINT_DRIVE,WAYPOINT_DRIVE,415,3,1788501830836.930,99.607,timestamp_domain.system_time,4057562.000,94.000,1,4057562.000,4057593.000,31.000,31.000,4057593.000,31.000,1,1,pnp_visible_ransac,9,1.767,-11.0431,-0.417160,3.053602,-7.7792
2026-09-04T15:03:50.980,148,WAYPOINT_DRIVE,WAYPOINT_DRIVE,418,3,1788501830937.157,100.228,timestamp_domain.system_time,4057656.000,94.000,1,4057656.000,4057687.000,31.000,31.000,4057687.000,31.000,1,1,pnp_visible_ransac,9,1.775,-10.9548,-0.417395,3.053894,-7.7828
2026-09-04T15:03:51.057,149,WAYPOINT_DRIVE,WAYPOINT_DRIVE,420,2,1788501831004.182,67.025,timestamp_domain.system_time,4057734.000,78.000,1,4057734.000,4057750.000,16.000,16.000,4057750.000,16.000,1,1,pnp_visible_ransac,9,1.786,-11.0834,-0.416866,3.054199,-7.7722
2026-09-04T15:03:51.167,150,WAYPOINT_DRIVE,WAYPOINT_DRIVE,423,3,1788501831104.175,99.993,timestamp_domain.system_time,4057843.000,109.000,1,4057843.000,4057875.000,32.000,32.000,4057875.000,32.000,1,1,pnp_visible_ransac,9,1.771,-11.0490,-0.417183,3.051457,-7.7850
2026-09-04T15:03:51.258,151,WAYPOINT_DRIVE,WAYPOINT_DRIVE,426,3,1788501831204.113,99.938,timestamp_domain.system_time,4057921.000,78.000,1,4057937.000,4057953.000,16.000,32.000,4057953.000,32.000,1,1,pnp_visible_ransac,9,1.809,-11.0709,-0.417038,3.050821,-7.7839
2026-09-04T15:03:51.349,152,WAYPOINT_DRIVE,WAYPOINT_DRIVE,429,3,1788501831304.186,100.073,timestamp_domain.system_time,4058015.000,94.000,1,4058031.000,4058046.000,15.000,31.000,4058046.000,31.000,1,1,pnp_visible_ransac,9,1.821,-11.1501,-0.416777,3.045537,-7.7924
2026-09-04T15:03:51.440,153,WAYPOINT_DRIVE,WAYPOINT_DRIVE,431,2,1788501831370.854,66.668,timestamp_domain.system_time,4058109.000,94.000,1,4058109.000,4058140.000,31.000,31.000,4058140.000,31.000,1,1,pnp_visible_ransac,9,1.775,-11.0367,-0.417338,3.047996,-7.7966
2026-09-04T15:03:51.528,154,WAYPOINT_DRIVE,WAYPOINT_DRIVE,434,3,1788501831470.848,99.993,timestamp_domain.system_time,4058187.000,78.000,1,4058187.000,4058218.000,31.000,31.000,4058234.000,47.000,1,1,pnp_visible_ransac,9,1.782,-11.1936,-0.415837,3.037314,-7.7959
2026-09-04T15:03:51.624,155,WAYPOINT_DRIVE,WAYPOINT_DRIVE,437,3,1788501831570.957,100.109,timestamp_domain.system_time,4058281.000,94.000,1,4058296.000,4058328.000,32.000,47.000,4058328.000,47.000,1,1,pnp_visible_ransac,9,1.732,-11.2864,-0.417307,3.037500,-7.8226
2026-09-04T15:03:51.710,156,WAYPOINT_DRIVE,WAYPOINT_DRIVE,440,3,1788501831671.103,100.146,timestamp_domain.system_time,4058375.000,94.000,1,4058375.000,4058406.000,31.000,31.000,4058406.000,31.000,1,1,pnp_visible_ransac,9,1.746,-11.3799,-0.417633,3.034456,-7.8364
2026-09-04T15:03:51.806,157,WAYPOINT_DRIVE,WAYPOINT_DRIVE,442,2,1788501831737.785,66.683,timestamp_domain.system_time,4058468.000,93.000,1,4058468.000,4058500.000,32.000,32.000,4058500.000,32.000,1,1,pnp_visible_ransac,9,1.701,-11.1783,-0.419821,3.032035,-7.8832
2026-09-04T15:03:51.897,158,WAYPOINT_DRIVE,WAYPOINT_DRIVE,445,3,1788501831837.880,100.094,timestamp_domain.system_time,4058562.000,94.000,1,4058562.000,4058593.000,31.000,31.000,4058593.000,31.000,1,1,pnp_visible_ransac,9,1.789,-11.2884,-0.419431,3.015948,-7.9174
2026-09-04T15:03:51.992,159,WAYPOINT_DRIVE,WAYPOINT_DRIVE,448,3,1788501831937.913,100.033,timestamp_domain.system_time,4058656.000,94.000,1,4058656.000,4058687.000,31.000,31.000,4058687.000,31.000,1,1,pnp_visible_ransac,9,1.742,-11.2866,-0.420690,3.010606,-7.9548
2026-09-04T15:03:52.080,160,WAYPOINT_DRIVE,WAYPOINT_DRIVE,450,2,1788501832004.638,66.726,timestamp_domain.system_time,4058750.000,94.000,1,4058750.000,4058781.000,31.000,31.000,4058781.000,31.000,1,1,pnp_visible_ransac,9,1.751,-11.3028,-0.418998,2.997550,-7.9572
2026-09-04T15:03:52.172,161,WAYPOINT_DRIVE,WAYPOINT_DRIVE,453,3,1788501832105.290,100.652,timestamp_domain.system_time,4058843.000,93.000,1,4058843.000,4058875.000,32.000,32.000,4058875.000,32.000,1,1,pnp_visible_ransac,9,1.778,-11.2503,-0.422740,2.976982,-8.0821
2026-09-04T15:03:52.263,162,WAYPOINT_DRIVE,WAYPOINT_DRIVE,456,3,1788501832204.703,99.413,timestamp_domain.system_time,4058937.000,94.000,1,4058937.000,4058968.000,31.000,31.000,4058968.000,31.000,1,1,pnp_visible_ransac,9,1.755,-11.2623,-0.421215,2.963967,-8.0882
2026-09-04T15:03:52.360,163,WAYPOINT_DRIVE,WAYPOINT_DRIVE,459,3,1788501832304.935,100.232,timestamp_domain.system_time,4059031.000,94.000,1,4059031.000,4059062.000,31.000,31.000,4059062.000,31.000,1,1,pnp_visible_ransac,9,1.682,-11.2644,-0.426062,2.949199,-8.2205
2026-09-04T15:03:52.445,164,WAYPOINT_DRIVE,WAYPOINT_DRIVE,462,3,1788501832405.034,100.099,timestamp_domain.system_time,4059109.000,78.000,1,4059109.000,4059140.000,31.000,31.000,4059140.000,31.000,1,1,pnp_visible_ransac,9,1.746,-11.4869,-0.424404,2.941715,-8.2095
2026-09-04T15:03:52.543,165,WAYPOINT_DRIVE,WAYPOINT_DRIVE,465,3,1788501832504.892,99.859,timestamp_domain.system_time,4059203.000,94.000,1,4059203.000,4059250.000,47.000,47.000,4059250.000,47.000,1,1,pnp_visible_ransac,9,1.772,-11.6737,-0.424083,2.932027,-8.2301
2026-09-04T15:03:52.643,166,WAYPOINT_DRIVE,WAYPOINT_DRIVE,468,3,1788501832604.806,99.914,timestamp_domain.system_time,4059312.000,109.000,1,4059312.000,4059343.000,31.000,31.000,4059343.000,31.000,1,1,pnp_visible_ransac,9,1.740,-11.5652,-0.426971,2.913223,-8.3381
2026-09-04T15:03:52.732,167,WAYPOINT_DRIVE,WAYPOINT_DRIVE,470,2,1788501832671.653,66.847,timestamp_domain.system_time,4059390.000,78.000,1,4059390.000,4059437.000,47.000,47.000,4059437.000,47.000,1,1,pnp_visible_ransac,9,1.743,-11.8021,-0.426364,2.902266,-8.3574
2026-09-04T15:03:52.828,168,WAYPOINT_DRIVE,WAYPOINT_DRIVE,473,3,1788501832771.740,100.087,timestamp_domain.system_time,4059500.000,110.000,1,4059500.000,4059531.000,31.000,31.000,4059531.000,31.000,1,1,pnp_visible_ransac,9,1.816,-11.9416,-0.425391,2.883499,-8.3921
2026-09-04T15:03:52.916,169,WAYPOINT_DRIVE,WAYPOINT_DRIVE,476,3,1788501832871.382,99.643,timestamp_domain.system_time,4059593.000,93.000,1,4059593.000,4059609.000,16.000,16.000,4059609.000,16.000,1,1,pnp_visible_ransac,9,1.880,-12.1308,-0.422774,2.836778,-8.4766
2026-09-04T15:03:53.015,170,WAYPOINT_DRIVE,WAYPOINT_DRIVE,479,3,1788501832971.658,100.276,timestamp_domain.system_time,4059687.000,94.000,1,4059687.000,4059718.000,31.000,31.000,4059718.000,31.000,1,1,pnp_visible_ransac,9,1.852,-11.7635,-0.426657,2.813844,-8.6220
2026-09-04T15:03:53.095,171,WAYPOINT_DRIVE,WAYPOINT_DRIVE,480,1,1788501833004.918,33.260,timestamp_domain.system_time,4059765.000,78.000,1,4059765.000,4059796.000,31.000,31.000,4059796.000,31.000,1,1,pnp_visible_ransac,9,1.815,-11.6725,-0.427240,2.805689,-8.6583
2026-09-04T15:03:53.190,172,WAYPOINT_DRIVE,WAYPOINT_DRIVE,484,4,1788501833138.746,133.828,timestamp_domain.system_time,4059843.000,78.000,1,4059859.000,4059890.000,31.000,47.000,4059890.000,47.000,1,1,pnp_visible_ransac,9,1.741,-11.4878,-0.428643,2.787018,-8.7436
2026-09-04T15:03:53.266,173,WAYPOINT_DRIVE,WAYPOINT_DRIVE,487,3,1788501833238.787,100.041,timestamp_domain.system_time,4059953.000,110.000,1,4059953.000,4059968.000,15.000,15.000,4059968.000,15.000,1,1,pnp_visible_ransac,9,1.712,-11.8757,-0.427907,2.757658,-8.8203
2026-09-04T15:03:53.363,174,WAYPOINT_DRIVE,WAYPOINT_DRIVE,489,2,1788501833305.458,66.670,timestamp_domain.system_time,4060031.000,78.000,1,4060031.000,4060062.000,31.000,31.000,4060062.000,31.000,1,1,pnp_visible_ransac,9,1.791,-11.7009,-0.426754,2.745349,-8.8357
2026-09-04T15:03:53.449,175,WAYPOINT_DRIVE,WAYPOINT_DRIVE,492,3,1788501833405.612,100.155,timestamp_domain.system_time,4060125.000,94.000,1,4060125.000,4060156.000,31.000,31.000,4060156.000,31.000,1,1,pnp_visible_ransac,9,1.747,-11.4956,-0.429671,2.715145,-8.9925
2026-09-04T15:03:53.540,176,WAYPOINT_DRIVE,WAYPOINT_DRIVE,495,3,1788501833505.611,99.999,timestamp_domain.system_time,4060203.000,78.000,1,4060203.000,4060234.000,31.000,31.000,4060234.000,31.000,1,1,pnp_visible_ransac,9,1.694,-11.4101,-0.430642,2.686711,-9.1063
2026-09-04T15:03:53.632,177,WAYPOINT_DRIVE,WAYPOINT_DRIVE,497,2,1788501833572.432,66.821,timestamp_domain.system_time,4060296.000,93.000,1,4060296.000,4060328.000,32.000,32.000,4060328.000,32.000,1,1,pnp_visible_ransac,9,1.649,-11.6243,-0.428989,2.668537,-9.1326
2026-09-04T15:03:53.721,178,WAYPOINT_DRIVE,WAYPOINT_DRIVE,500,3,1788501833672.396,99.964,timestamp_domain.system_time,4060375.000,79.000,1,4060390.000,4060406.000,16.000,31.000,4060421.000,46.000,1,1,pnp_visible_ransac,9,1.807,-11.2421,-0.434321,2.643340,-9.3308
2026-09-04T15:03:53.798,179,WAYPOINT_DRIVE,WAYPOINT_DRIVE,502,2,1788501833739.038,66.642,timestamp_domain.system_time,4060468.000,93.000,1,4060468.000,4060500.000,32.000,32.000,4060500.000,32.000,1,1,pnp_visible_ransac,9,1.747,-11.5369,-0.433801,2.629809,-9.3669
2026-09-04T15:03:53.898,180,WAYPOINT_DRIVE,WAYPOINT_DRIVE,505,3,1788501833839.109,100.071,timestamp_domain.system_time,4060562.000,94.000,1,4060562.000,4060593.000,31.000,31.000,4060593.000,31.000,1,1,pnp_visible_ransac,9,1.689,-11.6603,-0.434548,2.607151,-9.4628
2026-09-04T15:03:53.983,181,WAYPOINT_DRIVE,WAYPOINT_DRIVE,508,3,1788501833939.300,100.191,timestamp_domain.system_time,4060656.000,94.000,1,4060656.000,4060687.000,31.000,31.000,4060687.000,31.000,1,1,pnp_visible_ransac,9,1.749,-11.8418,-0.432979,2.581069,-9.5228
2026-09-04T15:03:54.065,182,WAYPOINT_DRIVE,WAYPOINT_DRIVE,510,2,1788501834006.117,66.816,timestamp_domain.system_time,4060734.000,78.000,1,4060734.000,4060765.000,31.000,31.000,4060765.000,31.000,1,1,pnp_visible_ransac,9,1.835,-11.8411,-0.432994,2.568521,-9.5688
2026-09-04T15:03:54.180,183,WAYPOINT_DRIVE,WAYPOINT_DRIVE,513,3,1788501834106.326,100.209,timestamp_domain.system_time,4060843.000,109.000,1,4060859.000,4060875.000,16.000,32.000,4060875.000,32.000,1,1,pnp_visible_ransac,9,1.897,-11.9396,-0.433115,2.533104,-9.7027
2026-09-04T15:03:54.271,184,WAYPOINT_DRIVE,WAYPOINT_DRIVE,516,3,1788501834205.917,99.592,timestamp_domain.system_time,4060937.000,94.000,1,4060937.000,4060968.000,31.000,31.000,4060968.000,31.000,1,1,pnp_visible_ransac,9,2.061,-11.9022,-0.431391,2.505196,-9.7704
2026-09-04T15:03:54.360,185,WAYPOINT_DRIVE,WAYPOINT_DRIVE,519,3,1788501834306.169,100.252,timestamp_domain.system_time,4061015.000,78.000,1,4061031.000,4061062.000,31.000,47.000,4061062.000,47.000,1,1,pnp_visible_ransac,9,2.116,-11.7588,-0.434599,2.475831,-9.9561
2026-09-04T15:03:54.451,186,WAYPOINT_DRIVE,WAYPOINT_DRIVE,522,3,1788501834406.215,100.046,timestamp_domain.system_time,4061109.000,94.000,1,4061109.000,4061140.000,31.000,31.000,4061156.000,47.000,1,1,pnp_visible_ransac,9,2.182,-11.6786,-0.433030,2.446129,-10.0389
2026-09-04T15:03:54.532,187,WAYPOINT_DRIVE,WAYPOINT_DRIVE,524,2,1788501834472.986,66.771,timestamp_domain.system_time,4061203.000,94.000,1,4061203.000,4061234.000,31.000,31.000,4061234.000,31.000,1,1,pnp_visible_ransac,9,2.332,-11.7499,-0.434976,2.428075,-10.1565
2026-09-04T15:03:54.622,188,WAYPOINT_DRIVE,WAYPOINT_DRIVE,527,3,1788501834573.151,100.166,timestamp_domain.system_time,4061281.000,78.000,1,4061296.000,4061328.000,32.000,47.000,4061328.000,47.000,1,1,pnp_visible_ransac,9,2.280,-11.5156,-0.437414,2.409136,-10.2908
2026-09-04T15:03:54.711,189,WAYPOINT_DRIVE,WAYPOINT_DRIVE,530,3,1788501834673.211,100.060,timestamp_domain.system_time,4061375.000,94.000,1,4061375.000,4061406.000,31.000,31.000,4061406.000,31.000,1,1,pnp_visible_ransac,9,2.423,-11.6020,-0.434647,2.376850,-10.3630
2026-09-04T15:03:54.800,190,WAYPOINT_DRIVE,WAYPOINT_DRIVE,532,2,1788501834739.735,66.524,timestamp_domain.system_time,4061468.000,93.000,1,4061468.000,4061500.000,32.000,32.000,4061500.000,32.000,1,1,pnp_visible_ransac,9,2.388,-11.6167,-0.438730,2.362292,-10.5212
2026-09-04T15:03:54.900,191,WAYPOINT_DRIVE_SETTLE,WAYPOINT_DRIVE_SETTLE,535,3,1788501834840.018,100.283,timestamp_domain.system_time,4061562.000,94.000,1,4061562.000,4061593.000,31.000,31.000,4061593.000,31.000,1,1,pnp_visible_ransac,9,2.553,-11.7140,-0.434633,2.319170,-10.6146
2026-09-04T15:03:54.989,192,WAYPOINT_DRIVE_SETTLE,WAYPOINT_DRIVE_SETTLE,538,3,1788501834940.079,100.061,timestamp_domain.system_time,4061656.000,94.000,1,4061656.000,4061687.000,31.000,31.000,4061687.000,31.000,1,1,pnp_visible_ransac,9,2.408,-11.5240,-0.435630,2.294143,-10.7518
2026-09-04T15:03:55.068,193,WAYPOINT_DRIVE_SETTLE,WAYPOINT_DRIVE_SETTLE,540,2,1788501835007.396,67.317,timestamp_domain.system_time,4061734.000,78.000,1,4061734.000,4061765.000,31.000,31.000,4061765.000,31.000,1,1,pnp_visible_ransac,9,2.293,-11.6194,-0.431682,2.280676,-10.7180
2026-09-04T15:03:55.217,194,WAYPOINT_DRIVE_SETTLE,WAYPOINT_DRIVE_SETTLE,541,1,1788501835040.145,32.749,timestamp_domain.system_time,4061875.000,141.000,1,4061890.000,4061921.000,31.000,46.000,4061921.000,46.000,1,1,pnp_visible_ransac,9,2.318,-11.6448,-0.431075,2.275506,-10.7271
2026-09-04T15:03:55.308,195,WAYPOINT_DRIVE_SETTLE,WAYPOINT_DRIVE_SETTLE,547,6,1788501835240.298,200.153,timestamp_domain.system_time,4061968.000,93.000,1,4061984.000,4062015.000,31.000,47.000,4062015.000,47.000,1,1,pnp_visible_ransac,9,2.448,-11.6877,-0.429695,2.236392,-10.8761
2026-09-04T15:03:55.397,196,WAYPOINT_DRIVE_SETTLE,WAYPOINT_DRIVE_SETTLE,550,3,1788501835340.338,100.040,timestamp_domain.system_time,4062062.000,94.000,1,4062062.000,4062093.000,31.000,31.000,4062093.000,31.000,1,1,pnp_visible_ransac,9,2.456,-11.5341,-0.422157,2.217736,-10.7776
2026-09-04T15:03:55.483,197,WAYPOINT_DRIVE_SETTLE,WAYPOINT_DRIVE_SETTLE,553,3,1788501835440.205,99.867,timestamp_domain.system_time,4062140.000,78.000,1,4062156.000,4062171.000,15.000,31.000,4062187.000,47.000,1,1,pnp_visible_ransac,9,2.755,-11.3815,-0.430183,2.208884,-11.0205
2026-09-04T15:03:55.570,198,WAYPOINT_DRIVE_SETTLE,WAYPOINT_DRIVE_SETTLE,555,2,1788501835506.914,66.709,timestamp_domain.system_time,4062234.000,94.000,1,4062234.000,4062265.000,31.000,31.000,4062265.000,31.000,1,1,pnp_visible_ransac,9,2.531,-11.6234,-0.433683,2.210393,-11.1005
2026-09-04T15:03:55.658,199,WAYPOINT_DRIVE_SETTLE,WAYPOINT_DRIVE_SETTLE,558,3,1788501835606.861,99.947,timestamp_domain.system_time,4062328.000,94.000,1,4062328.000,4062359.000,31.000,31.000,4062359.000,31.000,1,1,pnp_visible_ransac,9,2.668,-11.6043,-0.441356,2.210012,-11.2938
2026-09-04T15:03:55.747,200,WAYPOINT_DRIVE_SETTLE,WAYPOINT_DRIVE_SETTLE,560,2,1788501835673.722,66.861,timestamp_domain.system_time,4062406.000,78.000,1,4062406.000,4062437.000,31.000,31.000,4062453.000,47.000,1,1,pnp_visible_ransac,9,2.669,-11.5362,-0.443354,2.208624,-11.3506
2026-09-04T15:03:55.831,201,WAYPOINT_DRIVE_SETTLE,WAYPOINT_DRIVE_SETTLE,563,3,1788501835773.832,100.110,timestamp_domain.system_time,4062500.000,94.000,1,4062500.000,4062531.000,31.000,31.000,4062531.000,31.000,1,1,pnp_visible_ransac,9,2.398,-11.5527,-0.435986,2.205693,-11.1812
2026-09-04T15:03:55.917,202,WAYPOINT_DRIVE_SETTLE,WAYPOINT_DRIVE_SETTLE,566,3,1788501835873.662,99.830,timestamp_domain.system_time,4062593.000,93.000,1,4062593.000,4062609.000,16.000,16.000,4062609.000,16.000,1,1,pnp_visible_ransac,9,2.517,-11.4908,-0.437603,2.208442,-11.2080
2026-09-04T15:03:56.007,203,WAYPOINT_DRIVE_SETTLE,WAYPOINT_DRIVE_SETTLE,568,2,1788501835940.437,66.774,timestamp_domain.system_time,4062671.000,78.000,1,4062671.000,4062703.000,32.000,32.000,4062703.000,32.000,1,1,pnp_visible_ransac,9,2.499,-11.5194,-0.441314,2.205935,-11.3131
2026-09-04T15:03:56.093,204,WAYPOINT_DRIVE_SETTLE,WAYPOINT_DRIVE_SETTLE,570,2,1788501836008.122,67.685,timestamp_domain.system_time,4062765.000,94.000,1,4062765.000,4062796.000,31.000,31.000,4062796.000,31.000,1,1,pnp_visible_ransac,9,2.584,-11.6098,-0.440759,2.208648,-11.2857
2026-09-04T15:03:56.217,205,WAYPOINT_DRIVE_SETTLE,WAYPOINT_DRIVE_SETTLE,574,4,1788501836141.030,132.907,timestamp_domain.system_time,4062875.000,110.000,1,4062890.000,4062921.000,31.000,46.000,4062921.000,46.000,1,1,pnp_visible_ransac,9,2.620,-11.6036,-0.440586,2.205704,-11.2961
2026-09-04T15:03:56.299,206,WAYPOINT_DRIVE_SETTLE,WAYPOINT_DRIVE_SETTLE,577,3,1788501836240.885,99.855,timestamp_domain.system_time,4062968.000,93.000,1,4062968.000,4063000.000,32.000,32.000,4063000.000,32.000,1,1,pnp_visible_ransac,9,2.594,-11.6252,-0.440723,2.209178,-11.2822
2026-09-04T15:03:56.374,207,WAYPOINT_DRIVE_SETTLE,WAYPOINT_DRIVE_SETTLE,580,3,1788501836341.740,100.855,timestamp_domain.system_time,4063046.000,78.000,1,4063046.000,4063078.000,32.000,32.000,4063078.000,32.000,1,1,pnp_visible_ransac,9,2.589,-11.5626,-0.440360,2.207225,-11.2829
2026-09-04T15:03:56.473,208,WAYPOINT_DRIVE_SETTLE,WAYPOINT_DRIVE_SETTLE,582,2,1788501836407.572,65.832,timestamp_domain.system_time,4063140.000,94.000,1,4063140.000,4063171.000,31.000,31.000,4063171.000,31.000,1,1,pnp_visible_ransac,9,2.508,-11.5191,-0.442112,2.208941,-11.3180
2026-09-04T15:03:56.564,209,WAYPOINT_DRIVE_SETTLE,WAYPOINT_DRIVE_SETTLE,585,3,1788501836507.619,100.047,timestamp_domain.system_time,4063234.000,94.000,1,4063234.000,4063250.000,16.000,16.000,4063265.000,31.000,1,1,pnp_visible_ransac,9,2.579,-11.6285,-0.440360,2.207782,-11.2801
2026-09-04T15:03:56.649,210,WAYPOINT_DRIVE_SETTLE,WAYPOINT_DRIVE_SETTLE,588,3,1788501836607.767,100.148,timestamp_domain.system_time,4063312.000,78.000,1,4063312.000,4063343.000,31.000,31.000,4063343.000,31.000,1,1,pnp_visible_ransac,9,2.583,-11.5984,-0.441540,2.207673,-11.3101
2026-09-04T15:03:56.741,211,WAYPOINT_DRIVE_SETTLE,WAYPOINT_DRIVE_SETTLE,591,3,1788501836707.792,100.025,timestamp_domain.system_time,4063406.000,94.000,1,4063406.000,4063437.000,31.000,31.000,4063437.000,31.000,1,1,pnp_visible_ransac,9,2.511,-11.6037,-0.440616,2.208298,-11.2839
2026-09-04T15:03:56.841,212,WAYPOINT_DRIVE_SETTLE,WAYPOINT_DRIVE_SETTLE,593,2,1788501836774.567,66.775,timestamp_domain.system_time,4063500.000,94.000,1,4063500.000,4063531.000,31.000,31.000,4063546.000,46.000,1,1,pnp_visible_ransac,9,2.526,-11.5931,-0.440247,2.207066,-11.2808
2026-09-04T15:03:56.923,213,WAYPOINT_DRIVE_SETTLE,WAYPOINT_DRIVE_SETTLE,596,3,1788501836874.715,100.148,timestamp_domain.system_time,4063593.000,93.000,1,4063593.000,4063625.000,32.000,32.000,4063625.000,32.000,1,1,pnp_visible_ransac,9,2.561,-11.4382,-0.441160,2.207649,-11.3007
2026-09-04T15:03:57.014,214,WAYPOINT_DRIVE_SETTLE,WAYPOINT_DRIVE_SETTLE,599,3,1788501836974.613,99.898,timestamp_domain.system_time,4063687.000,94.000,1,4063687.000,4063718.000,31.000,31.000,4063718.000,31.000,1,1,pnp_visible_ransac,9,2.566,-11.5150,-0.440514,2.207085,-11.2874
2026-09-04T15:03:57.107,215,WAYPOINT_DRIVE_SETTLE,WAYPOINT_DRIVE_SETTLE,601,2,1788501837041.302,66.688,timestamp_domain.system_time,4063781.000,94.000,1,4063781.000,4063812.000,31.000,31.000,4063812.000,31.000,1,1,pnp_visible_ransac,9,2.515,-11.5017,-0.442465,2.211045,-11.3163
2026-09-04T15:03:57.208,216,WAYPOINT_DRIVE_SETTLE,WAYPOINT_DRIVE_SETTLE,604,3,1788501837141.922,100.620,timestamp_domain.system_time,4063875.000,94.000,1,4063875.000,4063906.000,31.000,31.000,4063906.000,31.000,1,1,pnp_visible_ransac,9,2.577,-11.5094,-0.440560,2.206769,-11.2901
2026-09-04T15:03:57.288,217,WAYPOINT_DRIVE_SETTLE,WAYPOINT_DRIVE_SETTLE,607,3,1788501837241.498,99.577,timestamp_domain.system_time,4063968.000,93.000,1,4063968.000,4063984.000,16.000,16.000,4063984.000,16.000,1,1,pnp_visible_ransac,9,2.476,-11.4395,-0.442354,2.210876,-11.3144
2026-09-04T15:03:57.379,218,WAYPOINT_DRIVE_SETTLE,WAYPOINT_DRIVE_SETTLE,610,3,1788501837341.216,99.718,timestamp_domain.system_time,4064046.000,78.000,1,4064062.000,4064078.000,16.000,32.000,4064078.000,32.000,1,1,pnp_visible_ransac,9,2.633,-11.5977,-0.440673,2.204173,-11.3059
2026-09-04T15:03:57.474,219,WAYPOINT_DRIVE_SETTLE,WAYPOINT_DRIVE_SETTLE,612,2,1788501837408.072,66.856,timestamp_domain.system_time,4064140.000,94.000,1,4064140.000,4064171.000,31.000,31.000,4064171.000,31.000,1,1,pnp_visible_ransac,9,2.606,-11.6722,-0.441460,2.208908,-11.3019
2026-09-04T15:03:57.557,220,WAYPOINT_DRIVE_SETTLE,WAYPOINT_DRIVE_SETTLE,615,3,1788501837508.440,100.368,timestamp_domain.system_time,4064218.000,78.000,1,4064234.000,4064250.000,16.000,32.000,4064250.000,32.000,1,1,pnp_visible_ransac,9,2.619,-11.6143,-0.441117,2.208959,-11.2931
2026-09-04T15:03:57.642,221,WAYPOINT_DRIVE_SETTLE,WAYPOINT_DRIVE_SETTLE,617,2,1788501837575.245,66.805,timestamp_domain.system_time,4064312.000,94.000,1,4064312.000,4064343.000,31.000,31.000,4064343.000,31.000,1,1,pnp_visible_ransac,9,2.655,-11.6997,-0.439844,2.206417,-11.2740
2026-09-04T15:03:57.720,222,WAYPOINT_DRIVE_SETTLE,WAYPOINT_DRIVE_SETTLE,620,3,1788501837675.266,100.021,timestamp_domain.system_time,4064390.000,78.000,1,4064390.000,4064421.000,31.000,31.000,4064421.000,31.000,1,1,pnp_visible_ransac,9,2.625,-11.4476,-0.442834,2.211151,-11.3250
2026-09-04T15:03:57.813,223,WAYPOINT_DRIVE_SETTLE,WAYPOINT_DRIVE_SETTLE,623,3,1788501837775.323,100.057,timestamp_domain.system_time,4064484.000,94.000,1,4064484.000,4064515.000,31.000,31.000,4064515.000,31.000,1,1,pnp_visible_ransac,9,2.569,-11.4436,-0.442028,2.210515,-11.3081
2026-09-04T15:03:57.897,224,WAYPOINT_DRIVE_SETTLE,WAYPOINT_DRIVE_SETTLE,625,2,1788501837842.501,67.178,timestamp_domain.system_time,4064562.000,78.000,1,4064562.000,4064593.000,31.000,31.000,4064593.000,31.000,1,1,pnp_visible_ransac,9,2.589,-11.5771,-0.440739,2.207927,-11.2888
2026-09-04T15:03:57.989,225,WAYPOINT_DRIVE_SETTLE,WAYPOINT_DRIVE_SETTLE,628,3,1788501837942.181,99.680,timestamp_domain.system_time,4064656.000,94.000,1,4064656.000,4064687.000,31.000,31.000,4064687.000,31.000,1,1,pnp_visible_ransac,9,2.611,-11.5805,-0.440232,2.207124,-11.2802
2026-09-04T15:03:58.076,226,WAYPOINT_DRIVE_SETTLE,WAYPOINT_DRIVE_SETTLE,630,2,1788501838008.746,66.565,timestamp_domain.system_time,4064750.000,94.000,1,4064750.000,4064781.000,31.000,31.000,4064781.000,31.000,1,1,pnp_visible_ransac,9,2.496,-11.3908,-0.441372,2.209344,-11.2975
2026-09-04T15:03:58.157,227,WAYPOINT_DRIVE_SETTLE,WAYPOINT_DRIVE_SETTLE,631,1,1788501838042.186,33.440,timestamp_domain.system_time,4064828.000,78.000,1,4064828.000,4064859.000,31.000,31.000,4064859.000,31.000,1,1,pnp_visible_ransac,9,2.509,-11.5368,-0.442061,2.212872,-11.2971
2026-09-04T15:03:58.249,228,WAYPOINT_DRIVE_SETTLE,WAYPOINT_DRIVE_SETTLE,636,5,1788501838209.178,166.992,timestamp_domain.system_time,4064906.000,78.000,1,4064906.000,4064953.000,47.000,47.000,4064953.000,47.000,1,1,pnp_visible_ransac,9,2.502,-11.5000,-0.441295,2.209654,-11.2941
2026-09-04T15:03:58.347,229,WAYPOINT_DRIVE_SETTLE,WAYPOINT_DRIVE_SETTLE,639,3,1788501838309.073,99.895,timestamp_domain.system_time,4065015.000,109.000,1,4065015.000,4065046.000,31.000,31.000,4065046.000,31.000,1,1,pnp_visible_ransac,9,2.701,-11.6715,-0.440157,2.204457,-11.2916
2026-09-04T15:03:58.416,230,WAYPOINT_DRIVE_SETTLE,WAYPOINT_DRIVE_SETTLE,641,2,1788501838375.317,66.245,timestamp_domain.system_time,4065078.000,63.000,1,4065078.000,4065109.000,31.000,31.000,4065109.000,31.000,1,1,pnp_visible_ransac,9,2.484,-11.4481,-0.441374,2.210520,-11.2917
2026-09-04T15:03:58.499,231,WAYPOINT_DRIVE_SETTLE,WAYPOINT_DRIVE_SETTLE,643,2,1788501838442.167,66.850,timestamp_domain.system_time,4065171.000,93.000,1,4065171.000,4065203.000,32.000,32.000,4065203.000,32.000,1,1,pnp_visible_ransac,9,2.566,-11.5561,-0.440941,2.207391,-11.2965
2026-09-04T15:03:58.572,232,WAYPOINT_DRIVE_SETTLE,WAYPOINT_DRIVE_SETTLE,645,2,1788501838508.830,66.663,timestamp_domain.system_time,4065234.000,63.000,1,4065234.000,4065265.000,31.000,31.000,4065265.000,31.000,1,1,pnp_visible_ransac,9,2.631,-11.6675,-0.439513,2.203292,-11.2813
2026-09-04T15:03:58.642,233,WAYPOINT_DRIVE_SETTLE,WAYPOINT_DRIVE_SETTLE,648,3,1788501838609.170,100.340,timestamp_domain.system_time,4065312.000,78.000,1,4065312.000,4065343.000,31.000,31.000,4065343.000,31.000,1,1,pnp_visible_ransac,9,2.587,-11.4579,-0.440087,2.206046,-11.2819
2026-09-04T15:03:58.717,234,WAYPOINT_DRIVE_SETTLE,WAYPOINT_DRIVE_SETTLE,650,2,1788501838676.328,67.159,timestamp_domain.system_time,4065390.000,78.000,1,4065390.000,4065421.000,31.000,31.000,4065421.000,31.000,1,1,pnp_visible_ransac,9,2.586,-11.5968,-0.440635,2.206776,-11.2920
2026-09-04T15:03:58.791,235,WAYPOINT_DRIVE_SETTLE,WAYPOINT_DRIVE_SETTLE,652,2,1788501838742.520,66.192,timestamp_domain.system_time,4065453.000,63.000,1,4065453.000,4065484.000,31.000,31.000,4065484.000,31.000,1,1,pnp_visible_ransac,9,2.476,-11.5513,-0.441084,2.210262,-11.2858
2026-09-04T15:03:58.866,236,WAYPOINT_DRIVE_SETTLE,WAYPOINT_DRIVE_SETTLE,654,2,1788501838809.201,66.681,timestamp_domain.system_time,4065531.000,78.000,1,4065531.000,4065562.000,31.000,31.000,4065562.000,31.000,1,1,pnp_visible_ransac,9,2.549,-11.5698,-0.441015,2.208343,-11.2936
2026-09-04T15:03:58.941,237,WAYPOINT_DRIVE_SETTLE,WAYPOINT_DRIVE_SETTLE,656,2,1788501838875.840,66.639,timestamp_domain.system_time,4065609.000,78.000,1,4065609.000,4065640.000,31.000,31.000,4065640.000,31.000,1,1,pnp_visible_ransac,9,2.565,-11.5827,-0.441655,2.208221,-11.3102
2026-09-04T15:03:59.016,238,WAYPOINT_DRIVE_SETTLE,WAYPOINT_DRIVE_SETTLE,659,3,1788501838975.813,99.974,timestamp_domain.system_time,4065671.000,62.000,1,4065687.000,4065703.000,16.000,32.000,4065718.000,47.000,1,1,pnp_visible_ransac,9,2.577,-11.5801,-0.441278,2.208732,-11.2982
2026-09-04T15:03:59.086,239,WAYPOINT_DRIVE_SETTLE,WAYPOINT_DRIVE_SETTLE,661,2,1788501839042.740,66.926,timestamp_domain.system_time,4065750.000,79.000,1,4065750.000,4065781.000,31.000,31.000,4065781.000,31.000,1,1,pnp_visible_ransac,9,2.636,-11.4968,-0.440244,2.205968,-11.2862
2026-09-04T15:03:59.208,240,WAYPOINT_DRIVE_SETTLE,WAYPOINT_DRIVE_SETTLE,664,3,1788501839142.740,100.001,timestamp_domain.system_time,4065875.000,125.000,1,4065875.000,4065906.000,31.000,31.000,4065906.000,31.000,1,1,pnp_visible_ransac,9,2.604,-11.5176,-0.439947,2.205256,-11.2823
2026-09-04T15:03:59.293,241,WAYPOINT_DRIVE_SETTLE,WAYPOINT_DRIVE_SETTLE,667,3,1788501839242.847,100.106,timestamp_domain.system_time,4065968.000,93.000,1,4065968.000,4066000.000,32.000,32.000,4066000.000,32.000,1,1,pnp_visible_ransac,9,2.596,-11.4437,-0.441118,2.206829,-11.3038
2026-09-04T15:03:59.376,242,WAYPOINT_DRIVE_SETTLE,WAYPOINT_DRIVE_SETTLE,670,3,1788501839342.764,99.918,timestamp_domain.system_time,4066046.000,78.000,1,4066046.000,4066078.000,32.000,32.000,4066078.000,32.000,1,1,pnp_visible_ransac,9,2.577,-11.4405,-0.441125,2.206576,-11.3052
2026-09-04T15:03:59.446,243,WAYPOINT_DRIVE_SETTLE,WAYPOINT_DRIVE_SETTLE,672,2,1788501839410.083,67.319,timestamp_domain.system_time,4066109.000,63.000,1,4066125.000,4066140.000,15.000,31.000,4066140.000,31.000,1,1,pnp_visible_ransac,9,2.663,-11.4924,-0.440373,2.205534,-11.2916
2026-09-04T15:03:59.526,244,WAYPOINT_DRIVE_SETTLE,WAYPOINT_DRIVE_SETTLE,674,2,1788501839476.314,66.231,timestamp_domain.system_time,4066187.000,78.000,1,4066203.000,4066218.000,15.000,31.000,4066218.000,31.000,1,1,pnp_visible_ransac,9,2.774,-11.6360,-0.439654,2.204911,-11.2767
2026-09-04T15:03:59.599,245,WAYPOINT_DRIVE_SETTLE,WAYPOINT_DRIVE_SETTLE,676,2,1788501839542.893,66.579,timestamp_domain.system_time,4066265.000,78.000,1,4066265.000,4066296.000,31.000,31.000,4066296.000,31.000,1,1,pnp_visible_ransac,9,2.558,-11.5793,-0.440818,2.207145,-11.2947
2026-09-04T15:03:59.666,246,WAYPOINT_DRIVE_SETTLE,WAYPOINT_DRIVE_SETTLE,678,2,1788501839609.509,66.615,timestamp_domain.system_time,4066328.000,63.000,1,4066343.000,4066359.000,16.000,31.000,4066359.000,31.000,1,1,pnp_visible_ransac,9,2.573,-11.5919,-0.440437,2.207219,-11.2848
2026-09-04T15:03:59.742,247,WAYPOINT_DRIVE_SETTLE,WAYPOINT_DRIVE_SETTLE,681,3,1788501839710.001,100.492,timestamp_domain.system_time,4066406.000,78.000,1,4066406.000,4066437.000,31.000,31.000,4066437.000,31.000,1,1,pnp_visible_ransac,9,2.515,-11.5227,-0.440307,2.207339,-11.2809
2026-09-04T15:03:59.812,248,WAYPOINT_DRIVE_SETTLE,WAYPOINT_DRIVE_SETTLE,683,2,1788501839776.414,66.413,timestamp_domain.system_time,4066484.000,78.000,1,4066484.000,4066515.000,31.000,31.000,4066515.000,31.000,1,1,pnp_visible_ransac,9,2.461,-11.4851,-0.441382,2.209820,-11.2954
2026-09-04T15:03:59.880,249,WAYPOINT_DRIVE_SETTLE,WAYPOINT_DRIVE_SETTLE,685,2,1788501839843.388,66.975,timestamp_domain.system_time,4066546.000,62.000,1,4066546.000,4066578.000,32.000,32.000,4066578.000,32.000,1,1,pnp_visible_ransac,9,2.480,-11.5703,-0.440680,2.208677,-11.2836
2026-09-04T15:03:59.963,250,WAYPOINT_DRIVE_SETTLE,WAYPOINT_DRIVE_SETTLE,687,2,1788501839910.027,66.639,timestamp_domain.system_time,4066640.000,94.000,1,4066640.000,4066656.000,16.000,16.000,4066656.000,16.000,1,1,pnp_visible_ransac,9,2.634,-11.7387,-0.440328,2.206475,-11.2858
2026-09-04T15:04:00.032,251,WAYPOINT_DRIVE_SETTLE,WAYPOINT_DRIVE_SETTLE,689,2,1788501839976.902,66.875,timestamp_domain.system_time,4066703.000,63.000,1,4066703.000,4066734.000,31.000,31.000,4066734.000,31.000,1,1,pnp_visible_ransac,9,2.511,-11.5165,-0.441185,2.209593,-11.2916
2026-09-04T15:04:00.112,252,WAYPOINT_DRIVE_SETTLE,WAYPOINT_DRIVE_SETTLE,691,2,1788501840044.629,67.727,timestamp_domain.system_time,4066781.000,78.000,1,4066781.000,4066812.000,31.000,31.000,4066812.000,31.000,1,1,pnp_visible_ransac,9,2.449,-11.4395,-0.442414,2.210901,-11.3158
2026-09-04T15:04:00.210,253,WAYPOINT_DRIVE_SETTLE,WAYPOINT_DRIVE_SETTLE,694,3,1788501840144.085,99.456,timestamp_domain.system_time,4066875.000,94.000,1,4066875.000,4066906.000,31.000,31.000,4066906.000,31.000,1,1,pnp_visible_ransac,9,2.526,-11.5913,-0.440601,2.207688,-11.2866
2026-09-04T15:04:00.280,254,WAYPOINT_DRIVE_SETTLE,WAYPOINT_DRIVE_SETTLE,697,3,1788501840243.548,99.464,timestamp_domain.system_time,4066937.000,62.000,1,4066937.000,4066984.000,47.000,47.000,4066984.000,47.000,1,1,pnp_visible_ransac,9,2.499,-11.5131,-0.442066,2.210987,-11.3067
2026-09-04T15:04:00.356,255,WAYPOINT_DRIVE_SETTLE,WAYPOINT_DRIVE_SETTLE,699,2,1788501840310.375,66.827,timestamp_domain.system_time,4067031.000,94.000,1,4067031.000,4067062.000,31.000,31.000,4067062.000,31.000,1,1,pnp_visible_ransac,9,2.454,-11.4844,-0.441474,2.208526,-11.3042
2026-09-04T15:04:00.428,256,WAYPOINT_DRIVE_SETTLE,WAYPOINT_DRIVE_SETTLE,701,2,1788501840377.039,66.664,timestamp_domain.system_time,4067093.000,62.000,1,4067093.000,4067125.000,32.000,32.000,4067125.000,32.000,1,1,pnp_visible_ransac,9,2.522,-11.7233,-0.440585,2.208570,-11.2818
2026-09-04T15:04:00.508,257,WAYPOINT_DRIVE_SETTLE,WAYPOINT_DRIVE_SETTLE,703,2,1788501840443.878,66.839,timestamp_domain.system_time,4067171.000,78.000,1,4067171.000,4067203.000,32.000,32.000,4067203.000,32.000,1,1,pnp_visible_ransac,9,2.625,-11.6530,-0.440622,2.206984,-11.2906
2026-09-04T15:04:00.581,258,WAYPOINT_DRIVE_SETTLE,WAYPOINT_DRIVE_SETTLE,706,3,1788501840543.833,99.955,timestamp_domain.system_time,4067250.000,79.000,1,4067250.000,4067281.000,31.000,31.000,4067281.000,31.000,1,1,pnp_visible_ransac,9,2.619,-11.5956,-0.440537,2.206402,-11.2914
2026-09-04T15:04:00.645,259,STAGING_PLAN,STAGING_PLAN,708,2,1788501840610.627,66.794,timestamp_domain.system_time,4067312.000,62.000,1,4067312.000,4067343.000,31.000,31.000,4067343.000,31.000,1,1,pnp_visible_ransac,9,2.693,-11.7032,-0.439315,2.203821,-11.2737
2026-09-04T15:04:00.724,260,STAGING_PLAN,STAGING_PLAN,710,2,1788501840677.454,66.828,timestamp_domain.system_time,4067390.000,78.000,1,4067390.000,4067421.000,31.000,31.000,4067421.000,31.000,1,1,pnp_visible_ransac,9,2.662,-11.5956,-0.440577,2.206586,-11.2914
2026-09-04T15:04:00.793,261,STAGING_PLAN,STAGING_PLAN,712,2,1788501840743.923,66.469,timestamp_domain.system_time,4067468.000,78.000,1,4067468.000,4067500.000,32.000,32.000,4067500.000,32.000,1,1,pnp_visible_ransac,9,2.469,-11.5118,-0.442302,2.211067,-11.3121
2026-09-04T15:04:00.876,262,STAGING_PLAN,STAGING_PLAN,714,2,1788501840810.610,66.687,timestamp_domain.system_time,4067546.000,78.000,1,4067546.000,4067578.000,32.000,32.000,4067578.000,32.000,1,1,pnp_visible_ransac,9,2.661,-11.5848,-0.440636,2.205532,-11.2982
2026-09-04T15:04:00.948,263,STAGING_PLAN,STAGING_PLAN,717,3,1788501840910.375,99.765,timestamp_domain.system_time,4067609.000,63.000,1,4067609.000,4067640.000,31.000,31.000,4067640.000,31.000,1,1,pnp_visible_ransac,9,2.564,-11.5414,-0.441404,2.206479,-11.3126
2026-09-04T15:04:01.024,264,STAGING_PLAN,STAGING_PLAN,719,2,1788501840977.229,66.854,timestamp_domain.system_time,4067687.000,78.000,1,4067687.000,4067718.000,31.000,31.000,4067718.000,31.000,1,1,pnp_visible_ransac,9,2.594,-11.4633,-0.440710,2.204973,-11.3028
2026-09-04T15:04:01.098,265,STAGING_PLAN,STAGING_PLAN,721,2,1788501841044.863,67.635,timestamp_domain.system_time,4067765.000,78.000,1,4067765.000,4067796.000,31.000,31.000,4067796.000,31.000,1,1,pnp_visible_ransac,9,2.665,-11.6383,-0.440411,2.205176,-11.2943
2026-09-04T15:04:01.250,266,STAGING_PLAN,STAGING_PLAN,725,4,1788501841179.288,134.425,timestamp_domain.system_time,4067921.000,156.000,1,4067921.000,4067953.000,32.000,32.000,4067953.000,32.000,1,1,pnp_visible_ransac,9,2.659,-11.4775,-0.440802,2.204046,-11.3098
2026-09-04T15:04:01.333,267,STAGING_PLAN,STAGING_PLAN,728,3,1788501841277.606,98.318,timestamp_domain.system_time,4068000.000,79.000,1,4068000.000,4068031.000,31.000,31.000,4068031.000,31.000,1,1,pnp_visible_ransac,9,2.547,-11.3460,-0.441029,2.206579,-11.3028
2026-09-04T15:04:01.404,268,STAGING_PLAN,STAGING_PLAN,731,3,1788501841377.856,100.251,timestamp_domain.system_time,4068078.000,78.000,1,4068078.000,4068109.000,31.000,31.000,4068109.000,31.000,1,1,pnp_visible_ransac,9,2.526,-11.6868,-0.440638,2.206472,-11.2936
2026-09-04T15:04:01.486,269,WAYPOINT_DRIVE,WAYPOINT_DRIVE,733,2,1788501841444.392,66.536,timestamp_domain.system_time,4068156.000,78.000,1,4068156.000,4068187.000,31.000,31.000,4068187.000,31.000,1,1,pnp_visible_ransac,9,2.564,-11.5705,-0.440322,2.205993,-11.2880
2026-09-04T15:04:01.566,270,WAYPOINT_DRIVE,WAYPOINT_DRIVE,735,2,1788501841511.181,66.789,timestamp_domain.system_time,4068218.000,62.000,1,4068218.000,4068265.000,47.000,47.000,4068265.000,47.000,1,1,pnp_visible_ransac,9,2.610,-11.6522,-0.440502,2.208068,-11.2822
2026-09-04T15:04:01.641,271,WAYPOINT_DRIVE,WAYPOINT_DRIVE,737,2,1788501841577.927,66.746,timestamp_domain.system_time,4068312.000,94.000,1,4068312.000,4068343.000,31.000,31.000,4068343.000,31.000,1,1,pnp_visible_ransac,9,2.567,-11.5109,-0.441019,2.206702,-11.3019
2026-09-04T15:04:01.713,272,WAYPOINT_DRIVE,WAYPOINT_DRIVE,740,3,1788501841677.719,99.792,timestamp_domain.system_time,4068375.000,63.000,1,4068390.000,4068406.000,16.000,31.000,4068406.000,31.000,1,1,pnp_visible_ransac,9,2.747,-11.6474,-0.440591,2.205961,-11.2949
2026-09-04T15:04:01.788,273,WAYPOINT_DRIVE,WAYPOINT_DRIVE,742,2,1788501841744.294,66.575,timestamp_domain.system_time,4068453.000,78.000,1,4068453.000,4068484.000,31.000,31.000,4068484.000,31.000,1,1,pnp_visible_ransac,9,2.636,-11.5452,-0.440749,2.206270,-11.2973
2026-09-04T15:04:01.869,274,WAYPOINT_DRIVE,WAYPOINT_DRIVE,744,2,1788501841811.332,67.038,timestamp_domain.system_time,4068531.000,78.000,1,4068531.000,4068562.000,31.000,31.000,4068562.000,31.000,1,1,pnp_visible_ransac,9,2.686,-11.6751,-0.440222,2.205511,-11.2879
2026-09-04T15:04:01.943,275,WAYPOINT_DRIVE,WAYPOINT_DRIVE,746,2,1788501841877.800,66.468,timestamp_domain.system_time,4068609.000,78.000,1,4068609.000,4068640.000,31.000,31.000,4068640.000,31.000,1,1,pnp_visible_ransac,9,2.500,-11.4419,-0.442158,2.210073,-11.3135
2026-09-04T15:04:02.018,276,WAYPOINT_DRIVE,WAYPOINT_DRIVE,749,3,1788501841978.219,100.419,timestamp_domain.system_time,4068687.000,78.000,1,4068687.000,4068718.000,31.000,31.000,4068718.000,31.000,1,1,pnp_visible_ransac,9,2.589,-11.5932,-0.439807,2.206017,-11.2750
2026-09-04T15:04:02.102,277,WAYPOINT_DRIVE,WAYPOINT_DRIVE,751,2,1788501842045.454,67.235,timestamp_domain.system_time,4068765.000,78.000,1,4068765.000,4068796.000,31.000,31.000,4068796.000,31.000,1,1,pnp_visible_ransac,9,2.548,-11.4602,-0.440702,2.208210,-11.2865
2026-09-04T15:04:02.175,278,WAYPOINT_DRIVE,WAYPOINT_DRIVE,752,1,1788501842078.533,33.079,timestamp_domain.system_time,4068843.000,78.000,1,4068843.000,4068875.000,32.000,32.000,4068875.000,32.000,1,1,pnp_visible_ransac,9,2.495,-11.5039,-0.442120,2.210401,-11.3109
2026-09-04T15:04:02.249,279,WAYPOINT_DRIVE,WAYPOINT_DRIVE,756,4,1788501842211.703,133.170,timestamp_domain.system_time,4068921.000,78.000,1,4068921.000,4068953.000,32.000,32.000,4068953.000,32.000,1,1,pnp_visible_ransac,9,2.625,-11.5637,-0.440214,2.204752,-11.2915
2026-09-04T15:04:02.321,280,WAYPOINT_DRIVE,WAYPOINT_DRIVE,758,2,1788501842278.417,66.715,timestamp_domain.system_time,4068984.000,63.000,1,4069000.000,4069015.000,15.000,31.000,4069015.000,31.000,1,1,pnp_visible_ransac,9,2.542,-11.5999,-0.439991,2.206646,-11.2765
2026-09-04T15:04:02.403,281,WAYPOINT_DRIVE,WAYPOINT_DRIVE,760,2,1788501842345.069,66.651,timestamp_domain.system_time,4069078.000,94.000,1,4069078.000,4069109.000,31.000,31.000,4069109.000,31.000,1,1,pnp_visible_ransac,9,2.529,-11.5438,-0.440383,2.204505,-11.2970
2026-09-04T15:04:02.478,282,WAYPOINT_DRIVE,WAYPOINT_DRIVE,762,2,1788501842411.689,66.620,timestamp_domain.system_time,4069140.000,62.000,1,4069156.000,4069171.000,15.000,31.000,4069171.000,31.000,1,1,pnp_visible_ransac,9,2.677,-11.7339,-0.441020,2.205632,-11.3073
2026-09-04T15:04:02.552,283,WAYPOINT_DRIVE,WAYPOINT_DRIVE,765,3,1788501842511.663,99.974,timestamp_domain.system_time,4069218.000,78.000,1,4069218.000,4069250.000,32.000,32.000,4069250.000,32.000,1,1,pnp_visible_ransac,9,2.731,-11.4744,-0.441054,2.202330,-11.3246
2026-09-04T15:04:02.624,284,WAYPOINT_DRIVE,WAYPOINT_DRIVE,767,2,1788501842578.759,67.096,timestamp_domain.system_time,4069296.000,78.000,1,4069296.000,4069328.000,32.000,32.000,4069328.000,32.000,1,1,pnp_visible_ransac,9,2.769,-11.6654,-0.440919,2.197432,-11.3458
2026-09-04T15:04:02.700,285,WAYPOINT_DRIVE,WAYPOINT_DRIVE,769,2,1788501842645.212,66.453,timestamp_domain.system_time,4069375.000,79.000,1,4069375.000,4069406.000,31.000,31.000,4069406.000,31.000,1,1,pnp_visible_ransac,9,3.122,-11.8561,-0.440062,2.186511,-11.3795
2026-09-04T15:04:02.780,286,WAYPOINT_DRIVE,WAYPOINT_DRIVE,771,2,1788501842711.817,66.605,timestamp_domain.system_time,4069437.000,62.000,1,4069453.000,4069468.000,15.000,31.000,4069484.000,47.000,1,1,pnp_visible_ransac,9,3.033,-11.8221,-0.442334,2.182907,-11.4550
2026-09-04T15:04:02.854,287,WAYPOINT_DRIVE,WAYPOINT_DRIVE,774,3,1788501842812.070,100.253,timestamp_domain.system_time,4069531.000,94.000,1,4069531.000,4069546.000,15.000,15.000,4069546.000,15.000,1,1,pnp_visible_ransac,9,3.276,-12.0313,-0.442813,2.172599,-11.5201
2026-09-04T15:04:02.927,288,WAYPOINT_DRIVE,WAYPOINT_DRIVE,776,2,1788501842878.794,66.724,timestamp_domain.system_time,4069593.000,62.000,1,4069609.000,4069625.000,16.000,32.000,4069625.000,32.000,1,1,pnp_visible_ransac,9,2.998,-11.8444,-0.446273,2.173006,-11.6055
2026-09-04T15:04:03.015,289,WAYPOINT_DRIVE,WAYPOINT_DRIVE,778,2,1788501842945.459,66.665,timestamp_domain.system_time,4069687.000,94.000,1,4069687.000,4069718.000,31.000,31.000,4069718.000,31.000,1,1,pnp_visible_ransac,9,3.035,-12.0519,-0.445121,2.159041,-11.6492
2026-09-04T15:04:03.091,290,WAYPOINT_DRIVE,WAYPOINT_DRIVE,781,3,1788501843045.557,100.098,timestamp_domain.system_time,4069750.000,63.000,1,4069750.000,4069781.000,31.000,31.000,4069796.000,46.000,1,1,pnp_visible_ransac,9,3.715,-12.5358,-0.436666,2.122986,-11.6228
2026-09-04T15:04:03.168,291,WAYPOINT_DRIVE,WAYPOINT_DRIVE,782,1,1788501843078.896,33.339,timestamp_domain.system_time,4069828.000,78.000,1,4069843.000,4069859.000,16.000,31.000,4069875.000,47.000,1,1,pnp_visible_ransac,9,3.711,-12.5315,-0.434476,2.120089,-11.5814
2026-09-04T15:04:03.247,292,WAYPOINT_DRIVE,WAYPOINT_DRIVE,783,1,1788501843112.471,33.575,timestamp_domain.system_time,4069906.000,78.000,1,4069921.000,4069937.000,16.000,31.000,4069953.000,47.000,1,1,pnp_visible_ransac,9,3.702,-12.6175,-0.432691,2.116373,-11.5548
2026-09-04T15:04:03.320,293,WAYPOINT_DRIVE,WAYPOINT_DRIVE,788,5,1788501843278.989,166.519,timestamp_domain.system_time,4069984.000,78.000,1,4069984.000,4070015.000,31.000,31.000,4070015.000,31.000,1,1,pnp_visible_ransac,9,3.450,-12.7318,-0.440570,2.091068,-11.8977
2026-09-04T15:04:03.400,294,WAYPOINT_DRIVE,WAYPOINT_DRIVE,790,2,1788501843345.688,66.699,timestamp_domain.system_time,4070062.000,78.000,1,4070062.000,4070093.000,31.000,31.000,4070093.000,31.000,1,1,pnp_visible_ransac,9,3.488,-12.7265,-0.443004,2.083722,-12.0025
2026-09-04T15:04:03.472,295,WAYPOINT_DRIVE,WAYPOINT_DRIVE,792,2,1788501843412.402,66.714,timestamp_domain.system_time,4070140.000,78.000,1,4070140.000,4070171.000,31.000,31.000,4070171.000,31.000,1,1,pnp_visible_ransac,9,3.688,-12.9372,-0.437952,2.074792,-11.9192
2026-09-04T15:04:03.563,296,WAYPOINT_DRIVE,WAYPOINT_DRIVE,795,3,1788501843512.617,100.215,timestamp_domain.system_time,4070218.000,78.000,1,4070218.000,4070250.000,32.000,32.000,4070265.000,47.000,1,1,pnp_visible_ransac,8,3.666,-12.8579,-0.431728,2.041995,-11.9379
2026-09-04T15:04:04.564,297,WAYPOINT_DRIVE,WAYPOINT_DRIVE,810,15,1788501844015.686,503.070,timestamp_domain.system_time,4070781.000,563.000,1,4070812.000,4071250.000,438.000,469.000,4071265.000,484.000,1,1,pnp_visible_ransac,8,4.070,-12.5367,-0.447605,1.937159,-13.0106
2026-09-04T15:04:05.430,298,WAYPOINT_DRIVE,WAYPOINT_DRIVE,841,31,1788501845049.107,1033.421,timestamp_domain.system_time,4071828.000,1047.000,1,4071859.000,4072109.000,250.000,281.000,4072125.000,297.000,1,1,pnp_visible_ransac,7,3.635,-13.3620,-0.447561,1.616653,-15.4744
2026-09-04T15:04:06.101,299,WAYPOINT_DRIVE,WAYPOINT_DRIVE,866,25,1788501845883.891,834.784,timestamp_domain.system_time,4072656.000,828.000,1,4072671.000,4072796.000,125.000,140.000,4072796.000,140.000,1,1,pnp_visible_ransac,7,3.584,-13.0691,-0.453945,1.500368,-16.8335
2026-09-04T15:04:06.317,300,WAYPOINT_DRIVE_SETTLE,WAYPOINT_DRIVE_SETTLE,873,7,1788501846114.713,230.822,timestamp_domain.system_time,4072953.000,297.000,1,4072953.000,4073015.000,62.000,62.000,4073015.000,62.000,1,1,pnp_visible_ransac,7,2.612,-14.8739,-0.448046,1.536771,-16.2541
2026-09-04T15:04:06.529,301,WAYPOINT_DRIVE_SETTLE,WAYPOINT_DRIVE_SETTLE,883,10,1788501846448.330,333.617,timestamp_domain.system_time,4073156.000,203.000,1,4073156.000,4073218.000,62.000,62.000,4073234.000,78.000,1,1,pnp_visible_ransac,7,2.952,-14.7216,-0.448644,1.498297,-16.6696
2026-09-04T15:04:06.731,302,WAYPOINT_DRIVE_SETTLE,WAYPOINT_DRIVE_SETTLE,889,6,1788501846648.385,200.055,timestamp_domain.system_time,4073359.000,203.000,1,4073375.000,4073421.000,46.000,62.000,4073437.000,78.000,1,1,pnp_visible_ransac,7,3.587,-14.3973,-0.453456,1.445498,-17.4168
2026-09-04T15:04:06.920,303,WAYPOINT_DRIVE_SETTLE,WAYPOINT_DRIVE_SETTLE,895,6,1788501846848.528,200.142,timestamp_domain.system_time,4073546.000,187.000,1,4073562.000,4073625.000,63.000,79.000,4073625.000,79.000,1,1,pnp_visible_ransac,7,3.470,-14.8565,-0.455967,1.443596,-17.5290
2026-09-04T15:04:07.138,304,WAYPOINT_DRIVE_SETTLE,WAYPOINT_DRIVE_SETTLE,901,6,1788501847048.677,200.149,timestamp_domain.system_time,4073781.000,235.000,1,4073781.000,4073828.000,47.000,47.000,4073843.000,62.000,1,1,pnp_visible_ransac,7,3.540,-14.4351,-0.454475,1.453632,-17.3617
2026-09-04T15:04:07.272,305,WAYPOINT_DRIVE_SETTLE,WAYPOINT_DRIVE_SETTLE,903,2,1788501847115.504,66.828,timestamp_domain.system_time,4073921.000,140.000,1,4073937.000,4073968.000,31.000,47.000,4073968.000,47.000,1,1,pnp_visible_ransac,7,3.502,-14.5483,-0.454790,1.461890,-17.2808
2026-09-04T15:04:07.390,306,WAYPOINT_DRIVE_SETTLE,WAYPOINT_DRIVE_SETTLE,909,6,1788501847315.482,199.977,timestamp_domain.system_time,4074046.000,125.000,1,4074046.000,4074078.000,32.000,32.000,4074093.000,47.000,1,1,pnp_visible_ransac,7,3.584,-14.4701,-0.456300,1.428988,-17.7092
2026-09-04T15:04:07.491,307,WAYPOINT_DRIVE_SETTLE,WAYPOINT_DRIVE_SETTLE,913,4,1788501847448.865,133.384,timestamp_domain.system_time,4074156.000,110.000,1,4074156.000,4074187.000,31.000,31.000,4074187.000,31.000,1,1,pnp_visible_ransac,7,3.584,-14.5161,-0.456125,1.441672,-17.5566
2026-09-04T15:04:07.613,308,WAYPOINT_DRIVE_SETTLE,WAYPOINT_DRIVE_SETTLE,916,3,1788501847548.983,100.118,timestamp_domain.system_time,4074265.000,109.000,1,4074281.000,4074312.000,31.000,47.000,4074312.000,47.000,1,1,pnp_visible_ransac,7,3.535,-14.4925,-0.457019,1.419527,-17.8461
2026-09-04T15:04:07.740,309,WAYPOINT_DRIVE_SETTLE,WAYPOINT_DRIVE_SETTLE,920,4,1788501847682.372,133.389,timestamp_domain.system_time,4074406.000,141.000,1,4074406.000,4074437.000,31.000,31.000,4074437.000,31.000,1,1,pnp_visible_ransac,7,3.520,-14.4307,-0.455892,1.443439,-17.5281
2026-09-04T15:04:07.859,310,WAYPOINT_DRIVE_SETTLE,WAYPOINT_DRIVE_SETTLE,924,4,1788501847815.567,133.195,timestamp_domain.system_time,4074531.000,125.000,1,4074531.000,4074562.000,31.000,31.000,4074562.000,31.000,1,1,pnp_visible_ransac,7,3.577,-14.5369,-0.456380,1.430981,-17.6890
2026-09-04T15:04:08.008,311,WAYPOINT_DRIVE_SETTLE,WAYPOINT_DRIVE_SETTLE,928,4,1788501847948.954,133.387,timestamp_domain.system_time,4074656.000,125.000,1,4074656.000,4074703.000,47.000,47.000,4074703.000,47.000,1,1,pnp_visible_ransac,7,3.566,-14.4438,-0.456440,1.426364,-17.7448
2026-09-04T15:04:08.130,312,WAYPOINT_DRIVE_SETTLE,WAYPOINT_DRIVE_SETTLE,932,4,1788501848082.698,133.744,timestamp_domain.system_time,4074781.000,125.000,1,4074796.000,4074828.000,32.000,47.000,4074828.000,47.000,1,1,pnp_visible_ransac,7,3.510,-14.5280,-0.456140,1.431788,-17.6709
2026-09-04T15:04:08.245,313,WAYPOINT_DRIVE_SETTLE,WAYPOINT_DRIVE_SETTLE,934,2,1788501848149.606,66.908,timestamp_domain.system_time,4074890.000,109.000,1,4074906.000,4074937.000,31.000,47.000,4074937.000,47.000,1,1,pnp_visible_ransac,7,3.608,-14.5268,-0.457504,1.435804,-17.6739
2026-09-04T15:04:08.367,314,WAYPOINT_DRIVE_SETTLE,WAYPOINT_DRIVE_SETTLE,939,5,1788501848316.495,166.889,timestamp_domain.system_time,4075031.000,141.000,1,4075031.000,4075062.000,31.000,31.000,4075062.000,31.000,1,1,pnp_visible_ransac,7,3.586,-14.4378,-0.456524,1.428575,-17.7221
2026-09-04T15:04:08.464,315,WAYPOINT_DRIVE_SETTLE,WAYPOINT_DRIVE_SETTLE,942,3,1788501848416.105,99.610,timestamp_domain.system_time,4075140.000,109.000,1,4075140.000,4075171.000,31.000,31.000,4075171.000,31.000,1,1,pnp_visible_ransac,7,3.499,-14.6865,-0.455803,1.451232,-17.4364
2026-09-04T15:04:08.586,316,WAYPOINT_DRIVE_SETTLE,WAYPOINT_DRIVE_SETTLE,945,3,1788501848516.173,100.068,timestamp_domain.system_time,4075250.000,110.000,1,4075250.000,4075281.000,31.000,31.000,4075281.000,31.000,1,1,pnp_visible_ransac,7,3.576,-14.5505,-0.455948,1.449027,-17.4666
2026-09-04T15:04:08.711,317,WAYPOINT_DRIVE_SETTLE,WAYPOINT_DRIVE_SETTLE,949,4,1788501848649.625,133.451,timestamp_domain.system_time,4075359.000,109.000,1,4075375.000,4075406.000,31.000,47.000,4075406.000,47.000,1,1,pnp_visible_ransac,7,3.597,-14.4497,-0.457723,1.435182,-17.6891
2026-09-04T15:04:08.819,318,WAYPOINT_DRIVE_SETTLE,WAYPOINT_DRIVE_SETTLE,952,3,1788501848749.750,100.126,timestamp_domain.system_time,4075468.000,109.000,1,4075484.000,4075515.000,31.000,47.000,4075515.000,47.000,1,1,pnp_visible_ransac,7,3.633,-14.5212,-0.456291,1.431519,-17.6795
2026-09-04T15:04:08.930,319,WAYPOINT_DRIVE_SETTLE,WAYPOINT_DRIVE_SETTLE,956,4,1788501848883.183,133.433,timestamp_domain.system_time,4075593.000,125.000,1,4075593.000,4075625.000,32.000,32.000,4075625.000,32.000,1,1,pnp_visible_ransac,7,3.614,-14.4172,-0.456591,1.420826,-17.8151
2026-09-04T15:04:09.030,320,WAYPOINT_DRIVE_SETTLE,WAYPOINT_DRIVE_SETTLE,959,3,1788501848983.279,100.096,timestamp_domain.system_time,4075703.000,110.000,1,4075703.000,4075734.000,31.000,31.000,4075734.000,31.000,1,1,pnp_visible_ransac,7,3.484,-14.5772,-0.456212,1.435459,-17.6311
2026-09-04T15:04:09.154,321,WAYPOINT_DRIVE_SETTLE,WAYPOINT_DRIVE_SETTLE,962,3,1788501849083.323,100.043,timestamp_domain.system_time,4075812.000,109.000,1,4075812.000,4075859.000,47.000,47.000,4075859.000,47.000,1,1,pnp_visible_ransac,7,3.524,-14.4985,-0.456132,1.436233,-17.6193
2026-09-04T15:04:09.261,322,WAYPOINT_DRIVE_SETTLE,WAYPOINT_DRIVE_SETTLE,964,2,1788501849150.027,66.704,timestamp_domain.system_time,4075921.000,109.000,1,4075937.000,4075953.000,16.000,32.000,4075953.000,32.000,1,1,pnp_visible_ransac,7,3.560,-14.4767,-0.456159,1.433514,-17.6516
2026-09-04T15:04:09.366,323,WAYPOINT_DRIVE_SETTLE,WAYPOINT_DRIVE_SETTLE,969,5,1788501849316.708,166.681,timestamp_domain.system_time,4076031.000,110.000,1,4076031.000,4076062.000,31.000,31.000,4076062.000,31.000,1,1,pnp_visible_ransac,7,3.557,-14.5391,-0.456437,1.439073,-17.5977
2026-09-04T15:04:09.474,324,WAYPOINT_DRIVE_SETTLE,WAYPOINT_DRIVE_SETTLE,972,3,1788501849416.917,100.210,timestamp_domain.system_time,4076140.000,109.000,1,4076156.000,4076171.000,15.000,31.000,4076171.000,31.000,1,1,pnp_visible_ransac,7,3.655,-14.4089,-0.457531,1.431982,-17.7192
2026-09-04T15:04:09.583,325,WAYPOINT_DRIVE_SETTLE,WAYPOINT_DRIVE_SETTLE,975,3,1788501849516.949,100.031,timestamp_domain.system_time,4076250.000,110.000,1,4076265.000,4076281.000,16.000,31.000,4076281.000,31.000,1,1,pnp_visible_ransac,7,3.595,-14.4336,-0.457056,1.430421,-17.7200
2026-09-04T15:04:09.701,326,WAYPOINT_DRIVE_SETTLE,WAYPOINT_DRIVE_SETTLE,979,4,1788501849650.375,133.426,timestamp_domain.system_time,4076359.000,109.000,1,4076375.000,4076406.000,31.000,47.000,4076406.000,47.000,1,1,pnp_visible_ransac,7,3.476,-14.4292,-0.456003,1.429491,-17.6925
2026-09-04T15:04:09.809,327,WAYPOINT_DRIVE_SETTLE,WAYPOINT_DRIVE_SETTLE,982,3,1788501849750.432,100.058,timestamp_domain.system_time,4076468.000,109.000,1,4076484.000,4076515.000,31.000,47.000,4076515.000,47.000,1,1,pnp_visible_ransac,7,3.607,-14.4624,-0.457228,1.416230,-17.8926
2026-09-04T15:04:09.918,328,WAYPOINT_DRIVE_SETTLE,WAYPOINT_DRIVE_SETTLE,985,3,1788501849850.406,99.974,timestamp_domain.system_time,4076593.000,125.000,1,4076593.000,4076625.000,32.000,32.000,4076625.000,32.000,1,1,pnp_visible_ransac,7,3.538,-14.5838,-0.455003,1.437333,-17.5657
2026-09-04T15:04:10.036,329,WAYPOINT_DRIVE_SETTLE,WAYPOINT_DRIVE_SETTLE,989,4,1788501849983.821,133.415,timestamp_domain.system_time,4076703.000,110.000,1,4076703.000,4076718.000,15.000,15.000,4076734.000,31.000,1,1,pnp_visible_ransac,7,3.553,-14.5672,-0.456012,1.441002,-17.5602
2026-09-04T15:04:10.143,330,WAYPOINT_DRIVE_SETTLE,WAYPOINT_DRIVE_SETTLE,992,3,1788501850084.082,100.261,timestamp_domain.system_time,4076796.000,93.000,1,4076796.000,4076843.000,47.000,47.000,4076843.000,47.000,1,1,pnp_visible_ransac,7,3.608,-14.4840,-0.456451,1.425809,-17.7517
2026-09-04T15:04:10.265,331,WAYPOINT_DRIVE_SETTLE,WAYPOINT_DRIVE_SETTLE,994,2,1788501850151.891,67.809,timestamp_domain.system_time,4076921.000,125.000,1,4076921.000,4076953.000,32.000,32.000,4076968.000,47.000,1,1,pnp_visible_ransac,7,3.525,-14.5345,-0.455121,1.430307,-17.6510
2026-09-04T15:04:10.371,332,WAYPOINT_DRIVE_SETTLE,WAYPOINT_DRIVE_SETTLE,999,5,1788501850317.537,165.646,timestamp_domain.system_time,4077031.000,110.000,1,4077031.000,4077062.000,31.000,31.000,4077078.000,47.000,1,1,pnp_visible_ransac,7,3.592,-14.4369,-0.456521,1.427677,-17.7324
2026-09-04T15:04:10.479,333,WAYPOINT_DRIVE_SETTLE,WAYPOINT_DRIVE_SETTLE,1002,3,1788501850417.576,100.039,timestamp_domain.system_time,4077140.000,109.000,1,4077156.000,4077171.000,15.000,31.000,4077171.000,31.000,1,1,pnp_visible_ransac,6,1.949,-15.4031,-0.449167,1.486073,-16.8175
2026-09-04T15:04:10.588,334,WAYPOINT_DRIVE_SETTLE,WAYPOINT_DRIVE_SETTLE,1005,3,1788501850517.482,99.906,timestamp_domain.system_time,4077250.000,110.000,1,4077250.000,4077281.000,31.000,31.000,4077281.000,31.000,1,1,pnp_visible_ransac,7,3.516,-14.4751,-0.456282,1.435525,-17.6329
2026-09-04T15:04:10.706,335,WAYPOINT_DRIVE_SETTLE,WAYPOINT_DRIVE_SETTLE,1009,4,1788501850651.044,133.562,timestamp_domain.system_time,4077359.000,109.000,1,4077375.000,4077390.000,15.000,31.000,4077406.000,47.000,1,1,pnp_visible_ransac,7,3.515,-14.5976,-0.454822,1.445151,-17.4700
2026-09-04T15:04:10.815,336,WAYPOINT_DRIVE_SETTLE,WAYPOINT_DRIVE_SETTLE,1012,3,1788501850751.192,100.148,timestamp_domain.system_time,4077468.000,109.000,1,4077468.000,4077515.000,47.000,47.000,4077515.000,47.000,1,1,pnp_visible_ransac,7,3.379,-14.6875,-0.454948,1.453929,-17.3754
2026-09-04T15:04:10.941,337,WAYPOINT_DRIVE_SETTLE,WAYPOINT_DRIVE_SETTLE,1016,4,1788501850884.660,133.468,timestamp_domain.system_time,4077593.000,125.000,1,4077609.000,4077640.000,31.000,47.000,4077640.000,47.000,1,1,pnp_visible_ransac,7,3.601,-14.4909,-0.456424,1.427432,-17.7318
2026-09-04T15:04:11.126,338,WAYPOINT_DRIVE_SETTLE,WAYPOINT_DRIVE_SETTLE,1019,3,1788501850984.931,100.271,timestamp_domain.system_time,4077703.000,110.000,1,4077703.000,4077828.000,125.000,125.000,4077828.000,125.000,1,1,pnp_visible_ransac,7,3.586,-14.5218,-0.456370,1.419336,-17.8245
2026-09-04T15:04:11.243,339,WAYPOINT_DRIVE_SETTLE,WAYPOINT_DRIVE_SETTLE,1025,6,1788501851184.943,200.012,timestamp_domain.system_time,4077906.000,203.000,1,4077906.000,4077937.000,31.000,31.000,4077937.000,31.000,1,1,pnp_visible_ransac,7,3.421,-14.5430,-0.455639,1.434323,-17.6234
2026-09-04T15:04:11.364,340,WAYPOINT_DRIVE_SETTLE,WAYPOINT_DRIVE_SETTLE,1029,4,1788501851318.375,133.432,timestamp_domain.system_time,4078031.000,125.000,1,4078031.000,4078062.000,31.000,31.000,4078062.000,31.000,1,1,pnp_visible_ransac,7,3.582,-14.5209,-0.456555,1.436845,-17.6276
2026-09-04T15:04:11.478,341,WAYPOINT_DRIVE_SETTLE,WAYPOINT_DRIVE_SETTLE,1032,3,1788501851418.318,99.943,timestamp_domain.system_time,4078125.000,94.000,1,4078140.000,4078171.000,31.000,46.000,4078171.000,46.000,1,1,pnp_visible_ransac,7,3.579,-14.4625,-0.456326,1.426471,-17.7394
2026-09-04T15:04:11.579,342,WAYPOINT_DRIVE_SETTLE,WAYPOINT_DRIVE_SETTLE,1035,3,1788501851518.323,100.005,timestamp_domain.system_time,4078250.000,125.000,1,4078250.000,4078281.000,31.000,31.000,4078281.000,31.000,1,1,pnp_visible_ransac,7,3.524,-14.6430,-0.455409,1.443538,-17.5095
2026-09-04T15:04:11.695,343,WAYPOINT_DRIVE_SETTLE,WAYPOINT_DRIVE_SETTLE,1039,4,1788501851651.670,133.346,timestamp_domain.system_time,4078343.000,93.000,1,4078359.000,4078375.000,16.000,32.000,4078390.000,47.000,1,1,pnp_visible_ransac,6,1.936,-15.4553,-0.448691,1.486969,-16.7911
2026-09-04T15:04:11.807,344,WAYPOINT_DRIVE_SETTLE,WAYPOINT_DRIVE_SETTLE,1042,3,1788501851751.928,100.259,timestamp_domain.system_time,4078468.000,125.000,1,4078468.000,4078484.000,16.000,16.000,4078500.000,32.000,1,1,pnp_visible_ransac,7,3.510,-14.5629,-0.454977,1.436691,-17.5722
2026-09-04T15:04:11.915,345,WAYPOINT_DRIVE_SETTLE,WAYPOINT_DRIVE_SETTLE,1045,3,1788501851851.933,100.004,timestamp_domain.system_time,4078578.000,110.000,1,4078578.000,4078609.000,31.000,31.000,4078609.000,31.000,1,1,pnp_visible_ransac,7,3.452,-14.6527,-0.455207,1.450000,-17.4290
2026-09-04T15:04:12.028,346,WAYPOINT_DRIVE_SETTLE,WAYPOINT_DRIVE_SETTLE,1049,4,1788501851985.283,133.350,timestamp_domain.system_time,4078687.000,109.000,1,4078687.000,4078734.000,47.000,47.000,4078734.000,47.000,1,1,pnp_visible_ransac,7,3.465,-14.5770,-0.455692,1.448701,-17.4611
2026-09-04T15:04:12.143,347,WAYPOINT_DRIVE_SETTLE,WAYPOINT_DRIVE_SETTLE,1052,3,1788501852085.773,100.490,timestamp_domain.system_time,4078796.000,109.000,1,4078812.000,4078828.000,16.000,32.000,4078843.000,47.000,1,1,pnp_visible_ransac,7,3.478,-14.6327,-0.455270,1.453611,-17.3905
2026-09-04T15:04:12.251,348,WAYPOINT_DRIVE_SETTLE,WAYPOINT_DRIVE_SETTLE,1055,3,1788501852185.593,99.820,timestamp_domain.system_time,4078921.000,125.000,1,4078921.000,4078953.000,32.000,32.000,4078953.000,32.000,1,1,pnp_visible_ransac,7,3.395,-14.6316,-0.455158,1.446891,-17.4623
2026-09-04T15:04:12.338,349,FAILED,FAILED,1059,4,1788501852319.031,133.437,timestamp_domain.system_time,4079031.000,110.000,0,,,,,,,0,0,,,,,,,
2026-09-04T15:04:12.415,350,FAILED,FAILED,1061,2,1788501852385.719,66.688,timestamp_domain.system_time,4079109.000,78.000,0,,,,,,,0,0,,,,,,,
2026-09-04T15:04:12.499,351,FAILED,FAILED,1064,3,1788501852485.740,100.021,timestamp_domain.system_time,4079203.000,94.000,0,,,,,,,0,0,,,,,,,
2026-09-04T15:04:12.565,352,FAILED,FAILED,1066,2,1788501852552.315,66.575,timestamp_domain.system_time,4079265.000,62.000,0,,,,,,,0,0,,,,,,,
2026-09-04T15:04:12.649,353,FAILED,FAILED,1068,2,1788501852619.007,66.692,timestamp_domain.system_time,4079343.000,78.000,0,,,,,,,0,0,,,,,,,
2026-09-04T15:04:12.757,354,FAILED,FAILED,1071,3,1788501852719.523,100.516,timestamp_domain.system_time,4079453.000,110.000,0,,,,,,,0,0,,,,,,,
2026-09-04T15:04:12.831,355,FAILED,FAILED,1074,3,1788501852819.146,99.622,timestamp_domain.system_time,4079531.000,78.000,0,,,,,,,0,0,,,,,,,
2026-09-04T15:04:12.905,356,FAILED,FAILED,1076,2,1788501852886.094,66.948,timestamp_domain.system_time,4079609.000,78.000,0,,,,,,,0,0,,,,,,,
2026-09-04T15:04:12.982,357,FAILED,FAILED,1078,2,1788501852952.762,66.668,timestamp_domain.system_time,4079671.000,62.000,0,,,,,,,0,0,,,,,,,
2026-09-04T15:04:13.059,358,FAILED,FAILED,1080,2,1788501853019.715,66.953,timestamp_domain.system_time,4079750.000,79.000,0,,,,,,,0,0,,,,,,,
2026-09-04T15:04:13.132,359,FAILED,FAILED,1083,3,1788501853119.350,99.635,timestamp_domain.system_time,4079828.000,78.000,0,,,,,,,0,0,,,,,,,
2026-09-04T15:04:13.221,360,FAILED,FAILED,1085,2,1788501853186.344,66.994,timestamp_domain.system_time,4079906.000,78.000,0,,,,,,,0,0,,,,,,,
2026-09-04T15:04:13.332,361,FAILED,FAILED,1086,1,1788501853219.899,33.555,timestamp_domain.system_time,4080031.000,125.000,0,,,,,,,0,0,,,,,,,
2026-09-04T15:04:13.410,362,FAILED,FAILED,1091,5,1788501853386.189,166.290,timestamp_domain.system_time,4080109.000,78.000,0,,,,,,,0,0,,,,,,,
2026-09-04T15:04:13.489,363,FAILED,FAILED,1093,2,1788501853453.004,66.814,timestamp_domain.system_time,4080187.000,78.000,0,,,,,,,0,0,,,,,,,
2026-09-04T15:04:13.562,364,FAILED,FAILED,1096,3,1788501853553.186,100.182,timestamp_domain.system_time,4080265.000,78.000,0,,,,,,,0,0,,,,,,,
2026-09-04T15:04:13.638,365,FAILED,FAILED,1098,2,1788501853619.905,66.719,timestamp_domain.system_time,4080328.000,63.000,0,,,,,,,0,0,,,,,,,
2026-09-04T15:04:13.699,366,FAILED,FAILED,1100,2,1788501853686.410,66.505,timestamp_domain.system_time,4080406.000,78.000,0,,,,,,,0,0,,,,,,,
2026-09-04T15:04:13.772,367,FAILED,FAILED,1102,2,1788501853753.182,66.772,timestamp_domain.system_time,4080468.000,62.000,0,,,,,,,0,0,,,,,,,
2026-09-04T15:04:13.858,368,FAILED,FAILED,1104,2,1788501853819.965,66.783,timestamp_domain.system_time,4080546.000,78.000,0,,,,,,,0,0,,,,,,,
2026-09-04T15:04:13.935,369,FAILED,FAILED,1107,3,1788501853919.994,100.029,timestamp_domain.system_time,4080625.000,79.000,0,,,,,,,0,0,,,,,,,
2026-09-04T15:04:14.004,370,FAILED,FAILED,1109,2,1788501853986.643,66.649,timestamp_domain.system_time,4080703.000,78.000,0,,,,,,,0,0,,,,,,,
2026-09-04T15:04:14.073,371,FAILED,FAILED,1111,2,1788501854053.414,66.771,timestamp_domain.system_time,4080765.000,62.000,0,,,,,,,0,0,,,,,,,
2026-09-04T15:04:14.157,372,FAILED,FAILED,1113,2,1788501854120.231,66.817,timestamp_domain.system_time,4080843.000,78.000,0,,,,,,,0,0,,,,,,,
2026-09-04T15:04:14.235,373,FAILED,FAILED,1115,2,1788501854187.213,66.982,timestamp_domain.system_time,4080937.000,94.000,0,,,,,,,0,0,,,,,,,
2026-09-04T15:04:14.332,374,FAILED,FAILED,1118,3,1788501854287.124,99.910,timestamp_domain.system_time,4081031.000,94.000,0,,,,,,,0,0,,,,,,,
2026-09-04T15:04:14.400,375,FAILED,FAILED,1121,3,1788501854387.018,99.895,timestamp_domain.system_time,4081093.000,62.000,0,,,,,,,0,0,,,,,,,
2026-09-04T15:04:14.492,376,FAILED,FAILED,1123,2,1788501854453.675,66.656,timestamp_domain.system_time,4081187.000,94.000,0,,,,,,,0,0,,,,,,,
2026-09-04T15:04:14.566,377,FAILED,FAILED,1126,3,1788501854553.653,99.979,timestamp_domain.system_time,4081265.000,78.000,0,,,,,,,0,0,,,,,,,
2026-09-04T15:04:14.636,378,FAILED,FAILED,1128,2,1788501854620.557,66.904,timestamp_domain.system_time,4081343.000,78.000,0,,,,,,,0,0,,,,,,,
2026-09-04T15:04:14.704,379,FAILED,FAILED,1130,2,1788501854687.290,66.733,timestamp_domain.system_time,4081406.000,63.000,0,,,,,,,0,0,,,,,,,
2026-09-04T15:04:14.776,380,FAILED,FAILED,1132,2,1788501854753.784,66.494,timestamp_domain.system_time,4081468.000,62.000,0,,,,,,,0,0,,,,,,,
2026-09-04T15:04:14.867,381,FAILED,FAILED,1135,3,1788501854853.899,100.115,timestamp_domain.system_time,4081562.000,94.000,0,,,,,,,0,0,,,,,,,
2026-09-04T15:04:14.937,382,FAILED,FAILED,1137,2,1788501854920.848,66.950,timestamp_domain.system_time,4081640.000,78.000,0,,,,,,,0,0,,,,,,,
2026-09-04T15:04:15.009,383,FAILED,FAILED,1139,2,1788501854987.400,66.552,timestamp_domain.system_time,4081703.000,63.000,0,,,,,,,0,0,,,,,,,
2026-09-04T15:04:15.078,384,FAILED,FAILED,1141,2,1788501855054.091,66.691,timestamp_domain.system_time,4081781.000,78.000,0,,,,,,,0,0,,,,,,,
2026-09-04T15:04:15.169,385,FAILED,FAILED,1144,3,1788501855154.118,100.026,timestamp_domain.system_time,4081875.000,94.000,0,,,,,,,0,0,,,,,,,
2026-09-04T15:04:15.238,386,FAILED,FAILED,1145,1,1788501855187.638,33.520,timestamp_domain.system_time,4081937.000,62.000,0,,,,,,,0,0,,,,,,,
2026-09-04T15:04:15.330,387,FAILED,FAILED,1148,3,1788501855287.922,100.284,timestamp_domain.system_time,4082015.000,78.000,0,,,,,,,0,0,,,,,,,
2026-09-04T15:04:15.403,388,FAILED,FAILED,1151,3,1788501855387.677,99.755,timestamp_domain.system_time,4082093.000,78.000,0,,,,,,,0,0,,,,,,,
2026-09-04T15:04:15.470,389,FAILED,FAILED,1153,2,1788501855454.476,66.800,timestamp_domain.system_time,4082171.000,78.000,0,,,,,,,0,0,,,,,,,
2026-09-04T15:04:15.538,390,FAILED,FAILED,1155,2,1788501855520.871,66.395,timestamp_domain.system_time,4082234.000,63.000,0,,,,,,,0,0,,,,,,,
2026-09-04T15:04:15.618,391,FAILED,FAILED,1157,2,1788501855587.839,66.968,timestamp_domain.system_time,4082312.000,78.000,0,,,,,,,0,0,,,,,,,
2026-09-04T15:04:15.696,392,FAILED,FAILED,1160,3,1788501855687.864,100.024,timestamp_domain.system_time,4082375.000,63.000,0,,,,,,,0,0,,,,,,,
2026-09-04T15:04:15.769,393,FAILED,FAILED,1162,2,1788501855754.657,66.793,timestamp_domain.system_time,4082453.000,78.000,0,,,,,,,0,0,,,,,,,
2026-09-04T15:04:15.839,394,FAILED,FAILED,1164,2,1788501855821.339,66.682,timestamp_domain.system_time,4082546.000,93.000,0,,,,,,,0,0,,,,,,,
2026-09-04T15:04:15.924,395,FAILED,FAILED,1166,2,1788501855888.088,66.750,timestamp_domain.system_time,4082609.000,63.000,0,,,,,,,0,0,,,,,,,
2026-09-04T15:04:15.985,396,FAILED,FAILED,1169,3,1788501855988.169,100.080,timestamp_domain.system_time,4082687.000,78.000,0,,,,,,,0,0,,,,,,,
2026-09-04T15:04:16.077,397,FAILED,FAILED,1171,2,1788501856054.854,66.686,timestamp_domain.system_time,4082765.000,78.000,0,,,,,,,0,0,,,,,,,
2026-09-04T15:04:16.140,398,FAILED,FAILED,1173,2,1788501856121.631,66.777,timestamp_domain.system_time,4082843.000,78.000,0,,,,,,,0,0,,,,,,,
2026-09-04T15:04:16.222,399,FAILED,FAILED,1175,2,1788501856188.429,66.798,timestamp_domain.system_time,4082921.000,78.000,0,,,,,,,0,0,,,,,,,
2026-09-04T15:04:16.321,400,FAILED,FAILED,1177,2,1788501856255.186,66.757,timestamp_domain.system_time,4083015.000,94.000,0,,,,,,,0,0,,,,,,,
2026-09-04T15:04:16.408,401,FAILED,FAILED,1181,4,1788501856388.506,133.320,timestamp_domain.system_time,4083093.000,78.000,0,,,,,,,0,0,,,,,,,
2026-09-04T15:04:16.475,402,FAILED,FAILED,1183,2,1788501856455.128,66.622,timestamp_domain.system_time,4083171.000,78.000,0,,,,,,,0,0,,,,,,,
2026-09-04T15:04:16.542,403,FAILED,FAILED,1185,2,1788501856521.875,66.748,timestamp_domain.system_time,4083234.000,63.000,0,,,,,,,0,0,,,,,,,
2026-09-04T15:04:16.613,404,FAILED,FAILED,1187,2,1788501856588.799,66.923,timestamp_domain.system_time,4083312.000,78.000,0,,,,,,,0,0,,,,,,,
2026-09-04T15:04:16.688,405,FAILED,FAILED,1189,2,1788501856655.513,66.714,timestamp_domain.system_time,4083390.000,78.000,0,,,,,,,0,0,,,,,,,
2026-09-04T15:04:16.779,406,FAILED,FAILED,1192,3,1788501856755.394,99.881,timestamp_domain.system_time,4083468.000,78.000,0,,,,,,,0,0,,,,,,,
2026-09-04T15:04:16.847,407,FAILED,FAILED,1194,2,1788501856822.067,66.673,timestamp_domain.system_time,4083546.000,78.000,0,,,,,,,0,0,,,,,,,
2026-09-04T15:04:16.914,408,FAILED,FAILED,1196,2,1788501856888.714,66.648,timestamp_domain.system_time,4083609.000,63.000,0,,,,,,,0,0,,,,,,,
2026-09-04T15:04:16.993,409,FAILED,FAILED,1199,3,1788501856988.639,99.925,timestamp_domain.system_time,4083687.000,78.000,0,,,,,,,0,0,,,,,,,
2026-09-04T15:04:17.070,410,FAILED,FAILED,1201,2,1788501857055.613,66.974,timestamp_domain.system_time,4083765.000,78.000,0,,,,,,,0,0,,,,,,,
2026-09-04T15:04:17.149,411,FAILED,FAILED,1203,2,1788501857122.287,66.674,timestamp_domain.system_time,4083843.000,78.000,0,,,,,,,0,0,,,,,,,
2026-09-04T15:04:17.216,412,FAILED,FAILED,1205,2,1788501857189.214,66.927,timestamp_domain.system_time,4083921.000,78.000,0,,,,,,,0,0,,,,,,,
2026-09-04T15:04:17.329,413,FAILED,FAILED,1208,3,1788501857289.366,100.152,timestamp_domain.system_time,4084031.000,110.000,0,,,,,,,0,0,,,,,,,
2026-09-04T15:04:17.417,414,FAILED,FAILED,1211,3,1788501857389.488,100.122,timestamp_domain.system_time,4084109.000,78.000,0,,,,,,,0,0,,,,,,,
2026-09-04T15:04:17.489,415,FAILED,FAILED,1213,2,1788501857455.960,66.472,timestamp_domain.system_time,4084187.000,78.000,0,,,,,,,0,0,,,,,,,
2026-09-04T15:04:17.568,416,FAILED,FAILED,1216,3,1788501857555.984,100.024,timestamp_domain.system_time,4084250.000,63.000,0,,,,,,,0,0,,,,,,,
2026-09-04T15:04:17.643,417,FAILED,FAILED,1218,2,1788501857622.663,66.679,timestamp_domain.system_time,4084343.000,93.000,0,,,,,,,0,0,,,,,,,
2026-09-04T15:04:17.720,418,FAILED,FAILED,1220,2,1788501857689.444,66.781,timestamp_domain.system_time,4084421.000,78.000,0,,,,,,,0,0,,,,,,,
2026-09-04T15:04:17.798,419,FAILED,FAILED,1222,2,1788501857756.548,67.104,timestamp_domain.system_time,4084500.000,79.000,0,,,,,,,0,0,,,,,,,
2026-09-04T15:04:17.870,420,FAILED,FAILED,1225,3,1788501857856.015,99.467,timestamp_domain.system_time,4084578.000,78.000,0,,,,,,,0,0,,,,,,,
2026-09-04T15:04:17.955,421,FAILED,FAILED,1227,2,1788501857922.741,66.726,timestamp_domain.system_time,4084656.000,78.000,0,,,,,,,0,0,,,,,,,
2026-09-04T15:04:18.038,422,FAILED,FAILED,1230,3,1788501858022.845,100.104,timestamp_domain.system_time,4084718.000,62.000,0,,,,,,,0,0,,,,,,,
2026-09-04T15:04:18.099,423,FAILED,FAILED,1232,2,1788501858089.598,66.753,timestamp_domain.system_time,4084796.000,78.000,0,,,,,,,0,0,,,,,,,
2026-09-04T15:04:18.176,424,FAILED,FAILED,1234,2,1788501858156.389,66.791,timestamp_domain.system_time,4084875.000,79.000,0,,,,,,,0,0,,,,,,,
2026-09-04T15:04:18.256,425,FAILED,FAILED,1235,1,1788501858190.465,34.076,timestamp_domain.system_time,4084953.000,78.000,0,,,,,,,0,0,,,,,,,
2026-09-04T15:04:18.356,426,FAILED,FAILED,1239,4,1788501858323.192,132.727,timestamp_domain.system_time,4085062.000,109.000,0,,,,,,,0,0,,,,,,,
2026-09-04T15:04:18.435,427,FAILED,FAILED,1242,3,1788501858423.103,99.911,timestamp_domain.system_time,4085125.000,63.000,0,,,,,,,0,0,,,,,,,
2026-09-04T15:04:18.497,428,FAILED,FAILED,1244,2,1788501858489.830,66.727,timestamp_domain.system_time,4085203.000,78.000,0,,,,,,,0,0,,,,,,,
2026-09-04T15:04:18.583,429,FAILED,FAILED,1246,2,1788501858556.700,66.871,timestamp_domain.system_time,4085281.000,78.000,0,,,,,,,0,0,,,,,,,
2026-09-04T15:04:18.657,430,FAILED,FAILED,1248,2,1788501858623.383,66.683,timestamp_domain.system_time,4085359.000,78.000,0,,,,,,,0,0,,,,,,,
2026-09-04T15:04:18.735,431,FAILED,FAILED,1251,3,1788501858723.444,100.061,timestamp_domain.system_time,4085437.000,78.000,0,,,,,,,0,0,,,,,,,
2026-09-04T15:04:18.815,432,FAILED,FAILED,1253,2,1788501858790.323,66.879,timestamp_domain.system_time,4085500.000,63.000,0,,,,,,,0,0,,,,,,,
2026-09-04T15:04:18.897,433,FAILED,FAILED,1255,2,1788501858856.861,66.538,timestamp_domain.system_time,4085593.000,93.000,0,,,,,,,0,0,,,,,,,
2026-09-04T15:04:18.981,434,FAILED,FAILED,1258,3,1788501858956.885,100.023,timestamp_domain.system_time,4085671.000,78.000,0,,,,,,,0,0,,,,,,,
2026-09-04T15:04:19.054,435,FAILED,FAILED,1260,2,1788501859023.459,66.574,timestamp_domain.system_time,4085750.000,79.000,0,,,,,,,0,0,,,,,,,
2026-09-04T15:04:19.140,436,FAILED,FAILED,1263,3,1788501859123.879,100.420,timestamp_domain.system_time,4085828.000,78.000,0,,,,,,,0,0,,,,,,,
2026-09-04T15:04:19.232,437,FAILED,FAILED,1265,2,1788501859191.011,67.132,timestamp_domain.system_time,4085921.000,93.000,0,,,,,,,0,0,,,,,,,
2026-09-04T15:04:19.319,438,FAILED,FAILED,1266,1,1788501859224.972,33.961,timestamp_domain.system_time,4086015.000,94.000,0,,,,,,,0,0,,,,,,,
2026-09-04T15:04:19.387,439,FAILED,FAILED,1270,4,1788501859357.177,132.205,timestamp_domain.system_time,4086093.000,78.000,0,,,,,,,0,0,,,,,,,
2026-09-04T15:04:19.466,440,FAILED,FAILED,1273,3,1788501859457.266,100.088,timestamp_domain.system_time,4086156.000,63.000,0,,,,,,,0,0,,,,,,,
2026-09-04T15:04:19.539,441,FAILED,FAILED,1275,2,1788501859524.077,66.811,timestamp_domain.system_time,4086234.000,78.000,0,,,,,,,0,0,,,,,,,
2026-09-04T15:04:19.600,442,FAILED,FAILED,1277,2,1788501859590.762,66.685,timestamp_domain.system_time,4086296.000,62.000,0,,,,,,,0,0,,,,,,,
2026-09-04T15:04:19.683,443,FAILED,FAILED,1279,2,1788501859657.485,66.723,timestamp_domain.system_time,4086375.000,79.000,0,,,,,,,0,0,,,,,,,
2026-09-04T15:04:19.758,444,FAILED,FAILED,1281,2,1788501859724.039,66.554,timestamp_domain.system_time,4086453.000,78.000,0,,,,,,,0,0,,,,,,,
2026-09-04T15:04:19.835,445,FAILED,FAILED,1284,3,1788501859824.151,100.112,timestamp_domain.system_time,4086531.000,78.000,0,,,,,,,0,0,,,,,,,
2026-09-04T15:04:19.905,446,FAILED,FAILED,1286,2,1788501859891.075,66.923,timestamp_domain.system_time,4086609.000,78.000,0,,,,,,,0,0,,,,,,,
2026-09-04T15:04:19.985,447,FAILED,FAILED,1288,2,1788501859957.812,66.737,timestamp_domain.system_time,4086687.000,78.000,0,,,,,,,0,0,,,,,,,
2026-09-04T15:04:20.058,448,FAILED,FAILED,1290,2,1788501860024.802,66.990,timestamp_domain.system_time,4086765.000,78.000,0,,,,,,,0,0,,,,,,,
2026-09-04T15:04:20.137,449,FAILED,FAILED,1293,3,1788501860124.470,99.669,timestamp_domain.system_time,4086843.000,78.000,0,,,,,,,0,0,,,,,,,
2026-09-04T15:04:20.211,450,FAILED,FAILED,1295,2,1788501860191.234,66.764,timestamp_domain.system_time,4086906.000,63.000,0,,,,,,,0,0,,,,,,,
2026-09-04T15:04:20.302,451,FAILED,FAILED,1296,1,1788501860224.656,33.422,timestamp_domain.system_time,4087000.000,94.000,0,,,,,,,0,0,,,,,,,
2026-09-04T15:04:20.372,452,FAILED,FAILED,1300,4,1788501860357.974,133.318,timestamp_domain.system_time,4087078.000,78.000,0,,,,,,,0,0,,,,,,,
2026-09-04T15:04:20.485,453,FAILED,FAILED,1303,3,1788501860457.935,99.961,timestamp_domain.system_time,4087187.000,109.000,0,,,,,,,0,0,,,,,,,
2026-09-04T15:04:20.559,454,FAILED,FAILED,1305,2,1788501860524.616,66.681,timestamp_domain.system_time,4087250.000,63.000,0,,,,,,,0,0,,,,,,,
2026-09-04T15:04:20.623,455,FAILED,FAILED,1307,2,1788501860591.735,67.119,timestamp_domain.system_time,4087328.000,78.000,0,,,,,,,0,0,,,,,,,
2026-09-04T15:04:20.706,456,FAILED,FAILED,1310,3,1788501860691.383,99.649,timestamp_domain.system_time,4087406.000,78.000,0,,,,,,,0,0,,,,,,,
2026-09-04T15:04:20.779,457,FAILED,FAILED,1312,2,1788501860758.302,66.919,timestamp_domain.system_time,4087484.000,78.000,0,,,,,,,0,0,,,,,,,
2026-09-04T15:04:20.855,458,FAILED,FAILED,1314,2,1788501860824.927,66.624,timestamp_domain.system_time,4087562.000,78.000,0,,,,,,,0,0,,,,,,,
2026-09-04T15:04:20.971,459,FAILED,FAILED,1318,4,1788501860958.538,133.612,timestamp_domain.system_time,4087671.000,109.000,0,,,,,,,0,0,,,,,,,
2026-09-04T15:04:21.038,460,FAILED,FAILED,1320,2,1788501861025.029,66.491,timestamp_domain.system_time,4087734.000,63.000,0,,,,,,,0,0,,,,,,,
2026-09-04T15:04:21.114,461,FAILED,FAILED,1322,2,1788501861091.716,66.687,timestamp_domain.system_time,4087812.000,78.000,0,,,,,,,0,0,,,,,,,
2026-09-04T15:04:21.187,462,FAILED,FAILED,1324,2,1788501861158.478,66.761,timestamp_domain.system_time,4087890.000,78.000,0,,,,,,,0,0,,,,,,,
2026-09-04T15:04:21.259,463,FAILED,FAILED,1326,2,1788501861225.162,66.685,timestamp_domain.system_time,4087953.000,63.000,0,,,,,,,0,0,,,,,,,
2026-09-04T15:04:21.361,464,FAILED,FAILED,1329,3,1788501861325.073,99.911,timestamp_domain.system_time,4088062.000,109.000,0,,,,,,,0,0,,,,,,,
2026-09-04T15:04:21.448,465,FAILED,FAILED,1332,3,1788501861425.322,100.249,timestamp_domain.system_time,4088140.000,78.000,0,,,,,,,0,0,,,,,,,
2026-09-04T15:04:21.515,466,FAILED,FAILED,1334,2,1788501861492.132,66.810,timestamp_domain.system_time,4088218.000,78.000,0,,,,,,,0,0,,,,,,,
2026-09-04T15:04:21.632,467,FAILED,FAILED,1338,4,1788501861625.548,133.416,timestamp_domain.system_time,4088328.000,110.000,0,,,,,,,0,0,,,,,,,
2026-09-04T15:04:21.716,468,FAILED,FAILED,1340,2,1788501861692.181,66.633,timestamp_domain.system_time,4088406.000,78.000,0,,,,,,,0,0,,,,,,,
2026-09-04T15:04:21.795,469,FAILED,FAILED,1342,2,1788501861758.822,66.641,timestamp_domain.system_time,4088484.000,78.000,0,,,,,,,0,0,,,,,,,
2026-09-04T15:04:21.855,470,FAILED,FAILED,1344,2,1788501861825.653,66.831,timestamp_domain.system_time,4088562.000,78.000,0,,,,,,,0,0,,,,,,,
2026-09-04T15:04:21.934,471,FAILED,FAILED,1347,3,1788501861925.766,100.113,timestamp_domain.system_time,4088640.000,78.000,0,,,,,,,0,0,,,,,,,
2026-09-04T15:04:22.018,472,FAILED,FAILED,1349,2,1788501861992.423,66.657,timestamp_domain.system_time,4088703.000,63.000,0,,,,,,,0,0,,,,,,,
