t_iso,frame_i,raw_video_frame_index,fsm_state,align_sub,camera_frame_number,camera_frame_delta,camera_sensor_timestamp_ms,camera_sensor_interval_ms,camera_timestamp_domain,camera_input_host_mono_ms,camera_input_interval_ms,inference_ran,inference_start_host_mono_ms,inference_end_host_mono_ms,model_inference_ms,input_to_inference_end_ms,pose_result_host_mono_ms,input_to_pose_result_ms,model_det_ok,pnp_ok,pose_src,pose_n_used,pose_rms_px,yaw_deg,pos_x_m,pos_z_m,center_bearing_deg
2026-09-06T15:53:53.768,1,,PRECHECK,PRECHECK,1,,1788677633042.029,,timestamp_domain.system_time,179857421.000,,1,179857437.000,179858093.000,656.000,672.000,179858109.000,688.000,1,1,pnp_visible_ransac,9,0.968,-8.9324,0.219579,3.583378,3.5065
2026-09-06T15:53:53.877,2,,SEARCH_SWEEP,SEARCH_SWEEP,25,24,1788677633842.514,800.485,timestamp_domain.system_time,179858187.000,766.000,1,179858187.000,179858218.000,31.000,31.000,179858218.000,31.000,1,1,pnp_visible_ransac,9,0.650,-8.4108,0.227697,3.633104,3.5862
2026-09-06T15:53:53.921,3,,ACQUIRE_VERIFY,ACQUIRE_VERIFY,27,2,1788677633908.886,66.372,timestamp_domain.system_time,179858250.000,63.000,1,179858250.000,179858265.000,15.000,15.000,179858265.000,15.000,1,1,pnp_visible_ransac,9,0.628,-8.5414,0.228294,3.622275,3.6063
2026-09-06T15:53:53.982,4,,ACQUIRE_VERIFY,ACQUIRE_VERIFY,28,1,1788677633942.302,33.417,timestamp_domain.system_time,179858312.000,62.000,1,179858312.000,179858328.000,16.000,16.000,179858328.000,16.000,1,1,pnp_visible_ransac,9,0.595,-8.5413,0.228920,3.625790,3.6127
2026-09-06T15:53:54.130,5,,ACQUIRE_VERIFY,ACQUIRE_VERIFY,32,4,1788677634075.597,133.294,timestamp_domain.system_time,179858453.000,141.000,1,179858453.000,179858453.000,0.000,0.000,179858468.000,15.000,1,1,pnp_visible_ransac,9,0.654,-8.5372,0.229658,3.626928,3.6231
2026-09-06T15:53:54.183,6,,ACQUIRE_VERIFY,ACQUIRE_VERIFY,34,2,1788677634142.698,67.101,timestamp_domain.system_time,179858500.000,47.000,1,179858500.000,179858531.000,31.000,31.000,179858531.000,31.000,1,1,pnp_visible_ransac,9,0.667,-8.5223,0.229470,3.632408,3.6147
2026-09-06T15:53:54.225,7,,ACQUIRE_VERIFY,ACQUIRE_VERIFY,36,2,1788677634209.169,66.471,timestamp_domain.system_time,179858562.000,62.000,1,179858562.000,179858562.000,0.000,0.000,179858562.000,0.000,1,1,pnp_visible_ransac,9,0.640,-8.3791,0.228975,3.628906,3.6104
2026-09-06T15:53:54.286,8,,ACQUIRE_VERIFY,ACQUIRE_VERIFY,37,1,1788677634242.739,33.571,timestamp_domain.system_time,179858609.000,47.000,1,179858609.000,179858625.000,16.000,16.000,179858625.000,16.000,1,1,pnp_visible_ransac,9,0.688,-8.5116,0.229826,3.631438,3.6213
2026-09-06T15:53:54.347,9,,ACQUIRE_VERIFY,ACQUIRE_VERIFY,39,2,1788677634309.240,66.500,timestamp_domain.system_time,179858656.000,47.000,1,179858656.000,179858687.000,31.000,31.000,179858687.000,31.000,1,1,pnp_visible_ransac,9,0.668,-8.4771,0.229709,3.630425,3.6205
2026-09-06T15:53:54.394,10,,ACQUIRE_VERIFY,ACQUIRE_VERIFY,41,2,1788677634375.787,66.548,timestamp_domain.system_time,179858718.000,62.000,1,179858718.000,179858734.000,16.000,16.000,179858734.000,16.000,1,1,pnp_visible_ransac,9,0.642,-8.2462,0.228138,3.626997,3.5992
2026-09-06T15:53:54.459,11,,ACQUIRE_VERIFY,ACQUIRE_VERIFY,42,1,1788677634409.227,33.439,timestamp_domain.system_time,179858765.000,47.000,1,179858765.000,179858796.000,31.000,31.000,179858796.000,31.000,1,1,pnp_visible_ransac,9,0.601,-8.3109,0.229388,3.630916,3.6149
2026-09-06T15:53:54.526,12,,ACQUIRE_VERIFY,ACQUIRE_VERIFY,45,3,1788677634509.390,100.163,timestamp_domain.system_time,179858859.000,94.000,1,179858859.000,179858875.000,16.000,16.000,179858875.000,16.000,1,1,pnp_visible_ransac,9,0.704,-8.3078,0.229615,3.631276,3.6181
2026-09-06T15:53:54.594,13,,FACE_ROTATE,FACE_ROTATE,47,2,1788677634575.950,66.561,timestamp_domain.system_time,179858921.000,62.000,1,179858921.000,179858937.000,16.000,16.000,179858937.000,16.000,1,1,pnp_visible_ransac,9,0.651,-8.3450,0.229511,3.632134,3.6157
2026-09-06T15:53:54.652,14,,FACE_ROTATE,FACE_ROTATE,48,1,1788677634609.215,33.264,timestamp_domain.system_time,179858968.000,47.000,1,179858968.000,179859000.000,32.000,32.000,179859000.000,32.000,1,1,pnp_visible_ransac,9,0.700,-8.1806,0.227642,3.637121,3.5814
2026-09-06T15:53:54.703,15,,FACE_ROTATE,FACE_ROTATE,50,2,1788677634676.266,67.051,timestamp_domain.system_time,179859031.000,63.000,1,179859031.000,179859046.000,15.000,15.000,179859046.000,15.000,1,1,pnp_visible_ransac,9,0.701,-8.3064,0.229613,3.631498,3.6179
2026-09-06T15:53:54.769,16,,FACE_ROTATE,FACE_ROTATE,51,1,1788677634709.602,33.336,timestamp_domain.system_time,179859078.000,47.000,1,179859078.000,179859109.000,31.000,31.000,179859109.000,31.000,1,1,pnp_visible_ransac,9,0.658,-8.2734,0.228961,3.628983,3.6101
2026-09-06T15:53:54.816,17,,FACE_ROTATE,FACE_ROTATE,53,2,1788677634776.036,66.434,timestamp_domain.system_time,179859140.000,62.000,1,179859140.000,179859156.000,16.000,16.000,179859156.000,16.000,1,1,pnp_visible_ransac,9,0.708,-8.4148,0.229755,3.634175,3.6175
2026-09-06T15:53:54.876,18,,FACE_ROTATE,FACE_ROTATE,55,2,1788677634842.748,66.712,timestamp_domain.system_time,179859203.000,63.000,1,179859203.000,179859218.000,15.000,15.000,179859218.000,15.000,1,1,pnp_visible_ransac,9,0.658,-8.2734,0.228961,3.628983,3.6101
2026-09-06T15:53:54.923,19,,FACE_ROTATE,FACE_ROTATE,57,2,1788677634909.978,67.230,timestamp_domain.system_time,179859250.000,47.000,1,179859250.000,179859265.000,15.000,15.000,179859265.000,15.000,1,1,pnp_visible_ransac,9,0.732,-8.2481,0.229149,3.633734,3.6084
2026-09-06T15:53:54.989,20,,FACE_ROTATE,FACE_ROTATE,58,1,1788677634943.281,33.302,timestamp_domain.system_time,179859312.000,62.000,1,179859312.000,179859328.000,16.000,16.000,179859328.000,16.000,1,1,pnp_visible_ransac,9,0.711,-8.0815,0.228195,3.630603,3.5965
2026-09-06T15:53:55.043,21,,FACE_ROTATE,FACE_ROTATE,59,1,1788677634976.629,33.348,timestamp_domain.system_time,179859359.000,47.000,1,179859359.000,179859390.000,31.000,31.000,179859390.000,31.000,1,1,pnp_visible_ransac,9,0.712,-8.2131,0.229033,3.632858,3.6074
2026-09-06T15:53:55.127,22,,FACE_ROTATE,FACE_ROTATE,62,3,1788677635076.476,99.847,timestamp_domain.system_time,179859453.000,94.000,1,179859453.000,179859468.000,15.000,15.000,179859468.000,15.000,1,1,pnp_visible_ransac,9,0.745,-8.1828,0.229065,3.634820,3.6060
2026-09-06T15:53:55.180,23,,FACE_ROTATE,FACE_ROTATE,64,2,1788677635142.982,66.505,timestamp_domain.system_time,179859515.000,62.000,1,179859515.000,179859515.000,0.000,0.000,179859515.000,0.000,1,1,pnp_visible_ransac,9,0.695,-8.3073,0.229617,3.631279,3.6182
2026-09-06T15:53:55.240,24,,FACE_ROTATE,FACE_ROTATE,66,2,1788677635210.030,67.048,timestamp_domain.system_time,179859562.000,47.000,1,179859562.000,179859578.000,16.000,16.000,179859578.000,16.000,1,1,pnp_visible_ransac,9,0.723,-8.2159,0.229693,3.636597,3.6141
2026-09-06T15:53:55.295,25,,FACE_ROTATE,FACE_ROTATE,67,1,1788677635243.172,33.142,timestamp_domain.system_time,179859609.000,47.000,1,179859609.000,179859640.000,31.000,31.000,179859640.000,31.000,1,1,pnp_visible_ransac,9,0.680,-8.2452,0.229647,3.634536,3.6154
2026-09-06T15:53:55.348,26,,FACE_ROTATE,FACE_ROTATE,69,2,1788677635309.802,66.630,timestamp_domain.system_time,179859671.000,62.000,1,179859671.000,179859687.000,16.000,16.000,179859687.000,16.000,1,1,pnp_visible_ransac,9,0.712,-8.2131,0.229033,3.632858,3.6074
2026-09-06T15:53:55.400,27,,FACE_ROTATE,FACE_ROTATE,71,2,1788677635376.865,67.063,timestamp_domain.system_time,179859734.000,63.000,1,179859734.000,179859734.000,0.000,0.000,179859734.000,0.000,1,1,pnp_visible_ransac,9,0.645,-8.1454,0.227516,3.635950,3.5806
2026-09-06T15:53:55.458,28,,FACE_ROTATE,FACE_ROTATE,72,1,1788677635410.030,33.165,timestamp_domain.system_time,179859781.000,47.000,1,179859781.000,179859796.000,15.000,15.000,179859796.000,15.000,1,1,pnp_visible_ransac,9,0.661,-8.1456,0.227510,3.635771,3.5806
2026-09-06T15:53:55.516,29,,FACE_ROTATE,FACE_ROTATE,74,2,1788677635476.833,66.803,timestamp_domain.system_time,179859843.000,62.000,1,179859843.000,179859843.000,0.000,0.000,179859859.000,16.000,1,1,pnp_visible_ransac,9,0.671,-8.3076,0.227694,3.632687,3.5866
2026-09-06T15:53:55.570,30,,FACE_ROTATE,FACE_ROTATE,76,2,1788677635543.352,66.519,timestamp_domain.system_time,179859890.000,47.000,1,179859890.000,179859906.000,16.000,16.000,179859906.000,16.000,1,1,pnp_visible_ransac,9,0.613,-8.5877,0.223464,3.619823,3.5326
2026-09-06T15:53:55.625,31,,FACE_ROTATE,FACE_ROTATE,77,1,1788677635576.781,33.430,timestamp_domain.system_time,179859937.000,47.000,1,179859937.000,179859968.000,31.000,31.000,179859968.000,31.000,1,1,pnp_visible_ransac,9,0.579,-8.5772,0.221925,3.620935,3.5072
2026-09-06T15:53:55.675,32,,FACE_ROTATE,FACE_ROTATE,79,2,1788677635643.963,67.182,timestamp_domain.system_time,179860000.000,63.000,1,179860000.000,179860015.000,15.000,15.000,179860015.000,15.000,1,1,pnp_visible_ransac,9,0.658,-8.2930,0.221434,3.606371,3.5136
2026-09-06T15:53:55.729,33,,FACE_ROTATE,FACE_ROTATE,81,2,1788677635710.643,66.680,timestamp_domain.system_time,179860062.000,62.000,1,179860062.000,179860062.000,0.000,0.000,179860062.000,0.000,1,1,pnp_visible_ransac,9,0.577,-8.4722,0.215961,3.612394,3.4213
2026-09-06T15:53:55.792,34,,FACE_ROTATE,FACE_ROTATE,82,1,1788677635743.754,33.111,timestamp_domain.system_time,179860109.000,47.000,1,179860109.000,179860125.000,16.000,16.000,179860125.000,16.000,1,1,pnp_visible_ransac,9,0.651,-8.8211,0.212016,3.616225,3.3554
2026-09-06T15:53:55.842,35,,FACE_ROTATE,FACE_ROTATE,84,2,1788677635810.526,66.772,timestamp_domain.system_time,179860171.000,62.000,1,179860171.000,179860187.000,16.000,16.000,179860187.000,16.000,1,1,pnp_visible_ransac,9,0.695,-8.3831,0.198252,3.616151,3.1380
2026-09-06T15:53:55.904,36,0,FACE_ROTATE,FACE_ROTATE,85,1,1788677635843.441,32.915,timestamp_domain.system_time,179860218.000,47.000,1,179860234.000,179860250.000,16.000,32.000,179860250.000,32.000,1,1,pnp_visible_ransac,9,0.583,-8.6528,0.190698,3.606489,3.0268
2026-09-06T15:53:55.976,37,1,FACE_ROTATE,FACE_ROTATE,88,3,1788677635943.997,100.555,timestamp_domain.system_time,179860296.000,78.000,1,179860296.000,179860312.000,16.000,16.000,179860312.000,16.000,1,1,pnp_visible_ransac,9,0.612,-9.2780,0.163391,3.617249,2.5863
2026-09-06T15:53:56.045,38,2,FACE_ROTATE,FACE_ROTATE,89,1,1788677635977.142,33.145,timestamp_domain.system_time,179860359.000,63.000,1,179860375.000,179860375.000,0.000,16.000,179860390.000,31.000,1,1,pnp_visible_ransac,9,0.486,-9.4924,0.147077,3.609323,2.3335
2026-09-06T15:53:56.132,39,3,FACE_SETTLE,FACE_SETTLE,92,3,1788677636081.230,104.088,timestamp_domain.system_time,179860453.000,94.000,1,179860453.000,179860468.000,15.000,15.000,179860468.000,15.000,1,1,pnp_visible_ransac,9,0.551,-9.7016,0.092987,3.613649,1.4740
2026-09-06T15:53:56.195,40,4,FACE_SETTLE,FACE_SETTLE,94,2,1788677636143.788,62.558,timestamp_domain.system_time,179860515.000,62.000,1,179860515.000,179860531.000,16.000,16.000,179860531.000,16.000,1,1,pnp_visible_ransac,9,0.765,-10.4207,0.064128,3.628789,1.0124
2026-09-06T15:53:56.262,41,5,FACE_SETTLE,FACE_SETTLE,96,2,1788677636210.252,66.464,timestamp_domain.system_time,179860578.000,63.000,1,179860593.000,179860609.000,16.000,31.000,179860609.000,31.000,1,1,pnp_visible_ransac,9,0.649,-10.9842,0.033474,3.632631,0.5280
2026-09-06T15:53:56.325,42,6,FACE_SETTLE,FACE_SETTLE,98,2,1788677636277.244,66.991,timestamp_domain.system_time,179860656.000,78.000,1,179860656.000,179860671.000,15.000,15.000,179860671.000,15.000,1,1,pnp_visible_ransac,9,0.777,-11.0454,-0.008233,3.624691,-0.1301
2026-09-06T15:53:56.393,43,7,FACE_SETTLE,FACE_SETTLE,100,2,1788677636344.192,66.948,timestamp_domain.system_time,179860718.000,62.000,1,179860718.000,179860734.000,16.000,16.000,179860734.000,16.000,1,1,pnp_visible_ransac,9,0.517,-11.0206,-0.049491,3.626341,-0.7819
2026-09-06T15:53:56.477,44,8,FACE_SETTLE,FACE_SETTLE,102,2,1788677636410.636,66.444,timestamp_domain.system_time,179860781.000,63.000,1,179860796.000,179860812.000,16.000,31.000,179860812.000,31.000,1,1,pnp_visible_ransac,9,0.555,-11.6117,-0.064045,3.642638,-1.0073
2026-09-06T15:53:56.547,45,9,FACE_SETTLE,FACE_SETTLE,105,3,1788677636510.385,99.749,timestamp_domain.system_time,179860859.000,78.000,1,179860859.000,179860890.000,31.000,31.000,179860890.000,31.000,1,1,pnp_visible_ransac,9,0.729,-11.0896,-0.015918,3.627867,-0.2514
2026-09-06T15:53:56.627,46,10,FACE_SETTLE,FACE_SETTLE,107,2,1788677636577.082,66.697,timestamp_domain.system_time,179860953.000,94.000,1,179860953.000,179860968.000,15.000,15.000,179860968.000,15.000,1,1,pnp_visible_ransac,9,0.589,-11.3397,0.014860,3.648350,0.2334
2026-09-06T15:53:56.692,47,11,FACE_SETTLE,FACE_SETTLE,109,2,1788677636643.887,66.805,timestamp_domain.system_time,179861015.000,62.000,1,179861015.000,179861031.000,16.000,16.000,179861031.000,16.000,1,1,pnp_visible_ransac,9,0.681,-10.3663,0.038572,3.626884,0.6093
2026-09-06T15:53:56.772,48,12,FACE_SETTLE,FACE_SETTLE,111,2,1788677636710.494,66.607,timestamp_domain.system_time,179861093.000,78.000,1,179861093.000,179861109.000,16.000,16.000,179861109.000,16.000,1,1,pnp_visible_ransac,9,0.584,-10.7342,0.035175,3.632860,0.5547
2026-09-06T15:53:56.839,49,13,FACE_SETTLE,FACE_SETTLE,114,3,1788677636810.602,100.108,timestamp_domain.system_time,179861156.000,63.000,1,179861156.000,179861171.000,15.000,15.000,179861187.000,31.000,1,1,pnp_visible_ransac,9,0.721,-11.2288,-0.002770,3.628405,-0.0437
2026-09-06T15:53:56.896,50,14,FACE_SETTLE,FACE_SETTLE,116,2,1788677636877.468,66.866,timestamp_domain.system_time,179861218.000,62.000,1,179861234.000,179861234.000,0.000,16.000,179861234.000,16.000,1,1,pnp_visible_ransac,9,0.711,-11.1450,-0.005339,3.625501,-0.0844
2026-09-06T15:53:56.960,51,15,FACE_SETTLE,FACE_SETTLE,117,1,1788677636910.953,33.485,timestamp_domain.system_time,179861281.000,63.000,1,179861281.000,179861296.000,15.000,15.000,179861296.000,15.000,1,1,pnp_visible_ransac,9,0.722,-11.2138,-0.000397,3.631122,-0.0063
2026-09-06T15:53:57.027,52,16,FACE_SETTLE,FACE_SETTLE,119,2,1788677636978.609,67.656,timestamp_domain.system_time,179861343.000,62.000,1,179861343.000,179861375.000,32.000,32.000,179861375.000,32.000,1,1,pnp_visible_ransac,9,0.815,-11.0422,0.005152,3.635617,0.0812
2026-09-06T15:53:57.181,53,17,FACE_SETTLE,FACE_SETTLE,123,4,1788677637111.740,133.131,timestamp_domain.system_time,179861484.000,141.000,1,179861484.000,179861515.000,31.000,31.000,179861515.000,31.000,1,1,pnp_visible_ransac,9,0.734,-11.2057,0.004516,3.624593,0.0714
2026-09-06T15:53:57.248,54,18,FACE_SETTLE,FACE_SETTLE,126,3,1788677637211.239,99.499,timestamp_domain.system_time,179861578.000,94.000,1,179861578.000,179861593.000,15.000,15.000,179861593.000,15.000,1,1,pnp_visible_ransac,9,0.724,-11.3336,0.000037,3.634570,0.0006
2026-09-06T15:53:57.316,55,19,FACE_SETTLE,FACE_SETTLE,128,2,1788677637277.936,66.697,timestamp_domain.system_time,179861640.000,62.000,1,179861640.000,179861656.000,16.000,16.000,179861656.000,16.000,1,1,pnp_visible_ransac,9,0.800,-11.1607,0.004985,3.633144,0.0786
2026-09-06T15:53:57.375,56,20,FACE_SETTLE,FACE_SETTLE,130,2,1788677637344.698,66.763,timestamp_domain.system_time,179861703.000,63.000,1,179861703.000,179861718.000,15.000,15.000,179861718.000,15.000,1,1,pnp_visible_ransac,9,0.744,-11.1753,0.004831,3.630074,0.0763
2026-09-06T15:53:57.442,57,21,FACE_SETTLE,FACE_SETTLE,132,2,1788677637411.460,66.761,timestamp_domain.system_time,179861765.000,62.000,1,179861765.000,179861781.000,16.000,16.000,179861781.000,16.000,1,1,pnp_visible_ransac,9,0.711,-11.2362,0.001421,3.631282,0.0224
2026-09-06T15:53:57.508,58,22,FACE_SETTLE,FACE_SETTLE,134,2,1788677637478.003,66.544,timestamp_domain.system_time,179861828.000,63.000,1,179861843.000,179861843.000,0.000,15.000,179861843.000,15.000,1,1,pnp_visible_ransac,9,0.781,-11.3318,0.000653,3.638390,0.0103
2026-09-06T15:53:57.576,59,23,FACE_SETTLE,FACE_SETTLE,136,2,1788677637544.899,66.895,timestamp_domain.system_time,179861890.000,62.000,1,179861890.000,179861906.000,16.000,16.000,179861921.000,31.000,1,1,pnp_visible_ransac,9,0.716,-11.2689,0.003082,3.626824,0.0487
2026-09-06T15:53:57.633,60,24,FACE_SETTLE,FACE_SETTLE,138,2,1788677637611.617,66.719,timestamp_domain.system_time,179861953.000,63.000,1,179861968.000,179861968.000,0.000,15.000,179861968.000,15.000,1,1,pnp_visible_ransac,9,0.883,-11.2598,0.003156,3.635192,0.0497
2026-09-06T15:53:57.699,61,25,FACE_SETTLE,FACE_SETTLE,140,2,1788677637678.224,66.607,timestamp_domain.system_time,179862031.000,78.000,1,179862031.000,179862046.000,15.000,15.000,179862046.000,15.000,1,1,pnp_visible_ransac,9,0.723,-11.2856,0.001714,3.633344,0.0270
2026-09-06T15:53:57.770,62,26,FACE_SETTLE,FACE_SETTLE,142,2,1788677637744.920,66.696,timestamp_domain.system_time,179862093.000,62.000,1,179862093.000,179862109.000,16.000,16.000,179862109.000,16.000,1,1,pnp_visible_ransac,9,0.734,-11.3000,0.000949,3.625318,0.0150
2026-09-06T15:53:57.825,63,27,FACE_SETTLE,FACE_SETTLE,143,1,1788677637777.857,32.938,timestamp_domain.system_time,179862156.000,63.000,1,179862156.000,179862171.000,15.000,15.000,179862171.000,15.000,1,1,pnp_visible_ransac,9,0.666,-11.2025,0.001773,3.633930,0.0279
2026-09-06T15:53:57.889,64,28,FACE_SETTLE,FACE_SETTLE,145,2,1788677637844.673,66.816,timestamp_domain.system_time,179862218.000,62.000,1,179862218.000,179862234.000,16.000,16.000,179862234.000,16.000,1,1,pnp_visible_ransac,9,0.764,-11.1681,0.001884,3.635990,0.0297
2026-09-06T15:53:57.962,65,29,FACE_SETTLE,FACE_SETTLE,147,2,1788677637912.460,67.787,timestamp_domain.system_time,179862281.000,63.000,1,179862281.000,179862296.000,15.000,15.000,179862296.000,15.000,1,1,pnp_visible_ransac,9,0.741,-11.2368,0.002583,3.624852,0.0408
2026-09-06T15:53:58.045,66,30,FACE_SETTLE,FACE_SETTLE,149,2,1788677637979.268,66.808,timestamp_domain.system_time,179862359.000,78.000,1,179862359.000,179862390.000,31.000,31.000,179862390.000,31.000,1,1,pnp_visible_ransac,9,0.679,-11.1849,0.000914,3.627361,0.0144
2026-09-06T15:53:58.184,67,31,FACE_SETTLE,FACE_SETTLE,153,4,1788677638112.289,133.021,timestamp_domain.system_time,179862500.000,141.000,1,179862500.000,179862531.000,31.000,31.000,179862531.000,31.000,1,1,pnp_visible_ransac,9,0.709,-11.2309,0.002080,3.632304,0.0328
2026-09-06T15:53:58.265,68,32,FACE_SETTLE,FACE_SETTLE,156,3,1788677638212.061,99.772,timestamp_domain.system_time,179862578.000,78.000,1,179862593.000,179862593.000,0.000,15.000,179862609.000,31.000,1,1,pnp_visible_ransac,9,0.706,-11.1537,0.000820,3.629098,0.0129
2026-09-06T15:53:58.337,69,33,FACE_SETTLE,FACE_SETTLE,159,3,1788677638312.145,100.084,timestamp_domain.system_time,179862656.000,78.000,1,179862671.000,179862671.000,0.000,15.000,179862671.000,15.000,1,1,pnp_visible_ransac,9,0.833,-11.1752,0.000780,3.633862,0.0123
2026-09-06T15:53:58.418,70,34,FACE_SETTLE,FACE_SETTLE,161,2,1788677638378.904,66.758,timestamp_domain.system_time,179862734.000,78.000,1,179862734.000,179862765.000,31.000,31.000,179862765.000,31.000,1,1,pnp_visible_ransac,9,0.774,-11.2386,0.001373,3.634100,0.0216
2026-09-06T15:53:58.499,71,35,FACE_SETTLE,FACE_SETTLE,163,2,1788677638445.567,66.663,timestamp_domain.system_time,179862812.000,78.000,1,179862812.000,179862843.000,31.000,31.000,179862843.000,31.000,1,1,pnp_visible_ransac,9,0.689,-11.2148,0.002039,3.632841,0.0322
2026-09-06T15:53:58.575,72,36,FACE_SETTLE,FACE_SETTLE,166,3,1788677638545.693,100.126,timestamp_domain.system_time,179862890.000,78.000,1,179862890.000,179862921.000,31.000,31.000,179862921.000,31.000,1,1,pnp_visible_ransac,9,0.716,-11.3011,0.001561,3.630609,0.0246
2026-09-06T15:53:58.656,73,37,FACE_SETTLE,FACE_SETTLE,168,2,1788677638612.346,66.654,timestamp_domain.system_time,179862984.000,94.000,1,179862984.000,179863000.000,16.000,16.000,179863000.000,16.000,1,1,pnp_visible_ransac,9,0.642,-11.2174,0.001614,3.631197,0.0255
2026-09-06T15:53:58.736,74,38,FACE_SETTLE,FACE_SETTLE,171,3,1788677638712.333,99.987,timestamp_domain.system_time,179863062.000,78.000,1,179863062.000,179863078.000,16.000,16.000,179863078.000,16.000,1,1,pnp_visible_ransac,9,0.779,-11.1514,0.001429,3.633135,0.0225
2026-09-06T15:53:58.816,75,39,FACE_SETTLE,FACE_SETTLE,173,2,1788677638778.917,66.584,timestamp_domain.system_time,179863140.000,78.000,1,179863140.000,179863156.000,16.000,16.000,179863156.000,16.000,1,1,pnp_visible_ransac,9,0.689,-11.1695,0.000869,3.628228,0.0137
2026-09-06T15:53:58.893,76,40,FACE_SETTLE,FACE_SETTLE,175,2,1788677638845.871,66.954,timestamp_domain.system_time,179863218.000,78.000,1,179863218.000,179863234.000,16.000,16.000,179863234.000,16.000,1,1,pnp_visible_ransac,9,0.668,-11.3481,0.001901,3.629851,0.0300
2026-09-06T15:53:58.974,77,41,FACE_SETTLE,FACE_SETTLE,177,2,1788677638912.714,66.843,timestamp_domain.system_time,179863296.000,78.000,1,179863296.000,179863312.000,16.000,16.000,179863312.000,16.000,1,1,pnp_visible_ransac,9,0.761,-11.1520,0.001641,3.634804,0.0259
2026-09-06T15:53:59.050,78,42,FACE_SETTLE,FACE_SETTLE,180,3,1788677639012.521,99.807,timestamp_domain.system_time,179863375.000,79.000,1,179863375.000,179863390.000,15.000,15.000,179863390.000,15.000,1,1,pnp_visible_ransac,9,0.601,-11.2802,0.001802,3.627882,0.0285
2026-09-06T15:53:59.179,79,43,FACE_SETTLE,FACE_SETTLE,183,3,1788677639112.951,100.429,timestamp_domain.system_time,179863484.000,109.000,1,179863500.000,179863515.000,15.000,31.000,179863515.000,31.000,1,1,pnp_visible_ransac,9,0.640,-11.2320,0.001056,3.624754,0.0167
2026-09-06T15:53:59.258,80,44,FACE_SETTLE,FACE_SETTLE,186,3,1788677639212.805,99.854,timestamp_domain.system_time,179863578.000,94.000,1,179863578.000,179863593.000,15.000,15.000,179863593.000,15.000,1,1,pnp_visible_ransac,9,0.664,-11.2016,0.001367,3.630206,0.0216
2026-09-06T15:53:59.339,81,45,FACE_SETTLE,FACE_SETTLE,188,2,1788677639279.498,66.693,timestamp_domain.system_time,179863656.000,78.000,1,179863656.000,179863671.000,15.000,15.000,179863671.000,15.000,1,1,pnp_visible_ransac,9,0.646,-11.2173,0.001421,3.629144,0.0224
2026-09-06T15:53:59.419,82,46,FACE_SETTLE,FACE_SETTLE,191,3,1788677639379.606,100.108,timestamp_domain.system_time,179863734.000,78.000,1,179863734.000,179863765.000,31.000,31.000,179863765.000,31.000,1,1,pnp_visible_ransac,9,0.655,-11.2173,0.001223,3.627284,0.0193
2026-09-06T15:53:59.496,83,47,FACE_SETTLE,FACE_SETTLE,193,2,1788677639446.294,66.688,timestamp_domain.system_time,179863812.000,78.000,1,179863812.000,179863843.000,31.000,31.000,179863843.000,31.000,1,1,pnp_visible_ransac,9,0.686,-11.1534,0.000626,3.627048,0.0099
2026-09-06T15:53:59.572,84,48,FACE_SETTLE,FACE_SETTLE,195,2,1788677639512.836,66.542,timestamp_domain.system_time,179863890.000,78.000,1,179863890.000,179863906.000,16.000,16.000,179863906.000,16.000,1,1,pnp_visible_ransac,9,0.682,-11.1698,0.000878,3.628035,0.0139
2026-09-06T15:53:59.653,85,49,FACE_SETTLE,FACE_SETTLE,198,3,1788677639613.211,100.375,timestamp_domain.system_time,179863968.000,78.000,1,179863968.000,179864000.000,32.000,32.000,179864000.000,32.000,1,1,pnp_visible_ransac,9,0.689,-11.1695,0.000869,3.628228,0.0137
2026-09-06T15:53:59.739,86,50,FACE_SETTLE,FACE_SETTLE,200,2,1788677639680.116,66.905,timestamp_domain.system_time,179864046.000,78.000,1,179864046.000,179864078.000,32.000,32.000,179864078.000,32.000,1,1,pnp_visible_ransac,9,0.718,-11.3020,0.001966,3.634332,0.0310
2026-09-06T15:53:59.815,87,51,FACE_SETTLE,FACE_SETTLE,203,3,1788677639779.976,99.860,timestamp_domain.system_time,179864140.000,94.000,1,179864140.000,179864156.000,16.000,16.000,179864156.000,16.000,1,1,pnp_visible_ransac,9,0.684,-11.2016,0.001166,3.628517,0.0184
2026-09-06T15:53:59.892,88,52,FACE_SETTLE,FACE_SETTLE,205,2,1788677639846.263,66.286,timestamp_domain.system_time,179864218.000,78.000,1,179864218.000,179864234.000,16.000,16.000,179864234.000,16.000,1,1,pnp_visible_ransac,9,0.698,-11.3167,0.001615,3.629544,0.0255
2026-09-06T15:53:59.979,89,53,STANDOFF_VERIFY,STANDOFF_VERIFY,208,3,1788677639946.624,100.361,timestamp_domain.system_time,179864296.000,78.000,1,179864296.000,179864312.000,16.000,16.000,179864312.000,16.000,1,1,pnp_visible_ransac,9,0.667,-11.2995,0.001808,3.630004,0.0285
2026-09-06T15:54:00.058,90,54,STANDOFF_VERIFY,STANDOFF_VERIFY,210,2,1788677640013.680,67.056,timestamp_domain.system_time,179864390.000,94.000,1,179864390.000,179864406.000,16.000,16.000,179864406.000,16.000,1,1,pnp_visible_ransac,9,0.711,-11.3010,0.001759,3.632472,0.0277
2026-09-06T15:54:00.172,91,55,STANDOFF_VERIFY,STANDOFF_VERIFY,211,1,1788677640046.845,33.166,timestamp_domain.system_time,179864500.000,110.000,1,179864500.000,179864515.000,15.000,15.000,179864515.000,15.000,1,1,pnp_visible_ransac,9,0.620,-11.2472,0.001498,3.627632,0.0237
2026-09-06T15:54:00.245,92,56,STANDOFF_VERIFY,STANDOFF_VERIFY,216,5,1788677640213.500,166.655,timestamp_domain.system_time,179864562.000,62.000,1,179864562.000,179864593.000,31.000,31.000,179864593.000,31.000,1,1,pnp_visible_ransac,9,0.745,-11.2364,0.001413,3.631619,0.0223
2026-09-06T15:54:00.325,93,57,STANDOFF_VERIFY,STANDOFF_VERIFY,218,2,1788677640280.209,66.708,timestamp_domain.system_time,179864640.000,78.000,1,179864640.000,179864656.000,16.000,16.000,179864671.000,31.000,1,1,pnp_visible_ransac,9,0.714,-11.3165,0.001408,3.627877,0.0222
2026-09-06T15:54:00.399,94,58,STANDOFF_VERIFY,STANDOFF_VERIFY,220,2,1788677640346.900,66.691,timestamp_domain.system_time,179864718.000,78.000,1,179864718.000,179864734.000,16.000,16.000,179864734.000,16.000,1,1,pnp_visible_ransac,9,0.680,-11.1858,0.001318,3.631078,0.0208
2026-09-06T15:54:00.489,95,59,STANDOFF_VERIFY,STANDOFF_VERIFY,223,3,1788677640447.008,100.108,timestamp_domain.system_time,179864812.000,94.000,1,179864812.000,179864828.000,16.000,16.000,179864828.000,16.000,1,1,pnp_visible_ransac,9,0.646,-11.2173,0.001421,3.629144,0.0224
2026-09-06T15:54:00.568,96,60,STANDOFF_VERIFY,STANDOFF_VERIFY,225,2,1788677640513.691,66.683,timestamp_domain.system_time,179864890.000,78.000,1,179864890.000,179864906.000,16.000,16.000,179864906.000,16.000,1,1,pnp_visible_ransac,9,0.771,-11.4005,0.001754,3.631002,0.0277
2026-09-06T15:54:00.657,97,61,STANDOFF_VERIFY,STANDOFF_VERIFY,228,3,1788677640613.819,100.128,timestamp_domain.system_time,179864968.000,78.000,1,179864968.000,179865000.000,32.000,32.000,179865000.000,32.000,1,1,pnp_visible_ransac,9,0.621,-11.2494,0.001920,3.631121,0.0303
2026-09-06T15:54:00.743,98,62,STANDOFF_VERIFY,STANDOFF_VERIFY,231,3,1788677640713.740,99.921,timestamp_domain.system_time,179865062.000,94.000,1,179865062.000,179865078.000,16.000,16.000,179865078.000,16.000,1,1,pnp_visible_ransac,9,0.694,-11.0509,0.000838,3.628659,0.0132
2026-09-06T15:54:00.827,99,63,STANDOFF_MOVE,STANDOFF_MOVE,233,2,1788677640780.667,66.927,timestamp_domain.system_time,179865140.000,78.000,1,179865140.000,179865171.000,31.000,31.000,179865171.000,31.000,1,1,pnp_visible_ransac,9,0.612,-11.1768,0.001618,3.625432,0.0256
2026-09-06T15:54:00.901,100,64,STANDOFF_MOVE,STANDOFF_MOVE,235,2,1788677640847.110,66.443,timestamp_domain.system_time,179865218.000,78.000,1,179865218.000,179865234.000,16.000,16.000,179865234.000,16.000,1,1,pnp_visible_ransac,9,0.664,-11.2008,0.000963,3.626491,0.0152
2026-09-06T15:54:00.980,101,65,STANDOFF_MOVE,STANDOFF_MOVE,238,3,1788677640947.325,100.215,timestamp_domain.system_time,179865296.000,78.000,1,179865296.000,179865328.000,32.000,32.000,179865328.000,32.000,1,1,pnp_visible_ransac,9,0.694,-11.3168,0.001807,3.631597,0.0285
2026-09-06T15:54:01.053,102,66,STANDOFF_MOVE,STANDOFF_MOVE,240,2,1788677641014.294,66.969,timestamp_domain.system_time,179865375.000,79.000,1,179865375.000,179865390.000,15.000,15.000,179865390.000,15.000,1,1,pnp_visible_ransac,9,0.697,-11.2312,0.002678,3.638099,0.0422
2026-09-06T15:54:01.173,103,67,STANDOFF_MOVE,STANDOFF_MOVE,243,3,1788677641114.146,99.852,timestamp_domain.system_time,179865484.000,109.000,1,179865500.000,179865515.000,15.000,31.000,179865515.000,31.000,1,1,pnp_visible_ransac,9,0.669,-11.0108,0.006511,3.628761,0.1028
2026-09-06T15:54:01.253,104,68,STANDOFF_MOVE,STANDOFF_MOVE,246,3,1788677641214.291,100.145,timestamp_domain.system_time,179865578.000,94.000,1,179865578.000,179865593.000,15.000,15.000,179865593.000,15.000,1,1,pnp_visible_ransac,9,0.803,-11.1768,0.005629,3.638252,0.0887
2026-09-06T15:54:01.331,105,69,STANDOFF_MOVE,STANDOFF_MOVE,248,2,1788677641281.045,66.754,timestamp_domain.system_time,179865656.000,78.000,1,179865656.000,179865671.000,15.000,15.000,179865671.000,15.000,1,1,pnp_visible_ransac,9,0.794,-11.1913,0.005063,3.631781,0.0799
2026-09-06T15:54:01.406,106,70,STANDOFF_MOVE,STANDOFF_MOVE,251,3,1788677641381.033,99.988,timestamp_domain.system_time,179865734.000,78.000,1,179865734.000,179865750.000,16.000,16.000,179865750.000,16.000,1,1,pnp_visible_ransac,9,0.735,-11.0890,0.005499,3.634527,0.0867
2026-09-06T15:54:01.497,107,71,STANDOFF_MOVE,STANDOFF_MOVE,253,2,1788677641447.690,66.657,timestamp_domain.system_time,179865812.000,78.000,1,179865812.000,179865843.000,31.000,31.000,179865843.000,31.000,1,1,pnp_visible_ransac,9,0.815,-11.3073,0.006312,3.640675,0.0993
2026-09-06T15:54:01.574,108,72,STANDOFF_MOVE,STANDOFF_MOVE,255,2,1788677641514.363,66.673,timestamp_domain.system_time,179865890.000,78.000,1,179865890.000,179865921.000,31.000,31.000,179865921.000,31.000,1,1,pnp_visible_ransac,9,0.704,-10.9452,0.003937,3.627784,0.0622
2026-09-06T15:54:01.654,109,73,STANDOFF_MOVE,STANDOFF_MOVE,258,3,1788677641614.610,100.246,timestamp_domain.system_time,179865968.000,78.000,1,179865968.000,179866000.000,32.000,32.000,179866000.000,32.000,1,1,pnp_visible_ransac,9,0.707,-11.2083,0.003889,3.621273,0.0615
2026-09-06T15:54:01.723,110,74,STANDOFF_MOVE,STANDOFF_MOVE,260,2,1788677641681.199,66.590,timestamp_domain.system_time,179866046.000,78.000,1,179866046.000,179866062.000,16.000,16.000,179866062.000,16.000,1,1,pnp_visible_ransac,9,0.800,-11.1962,0.007174,3.618523,0.1136
2026-09-06T15:54:01.809,111,75,STANDOFF_MOVE,STANDOFF_MOVE,262,2,1788677641747.900,66.700,timestamp_domain.system_time,179866125.000,79.000,1,179866125.000,179866140.000,15.000,15.000,179866156.000,31.000,1,1,pnp_visible_ransac,9,0.701,-11.0166,0.008216,3.611763,0.1303
2026-09-06T15:54:01.884,112,76,STANDOFF_MOVE,STANDOFF_MOVE,265,3,1788677641847.639,99.739,timestamp_domain.system_time,179866187.000,62.000,1,179866203.000,179866218.000,15.000,31.000,179866218.000,31.000,1,1,pnp_visible_ransac,9,0.558,-11.1006,0.005401,3.628376,0.0853
2026-09-06T15:54:01.955,113,77,STANDOFF_MOVE,STANDOFF_MOVE,267,2,1788677641914.871,67.232,timestamp_domain.system_time,179866281.000,94.000,1,179866281.000,179866296.000,15.000,15.000,179866296.000,15.000,1,1,pnp_visible_ransac,9,0.479,-11.1042,0.006811,3.622683,0.1077
2026-09-06T15:54:02.037,114,78,STANDOFF_MOVE,STANDOFF_MOVE,269,2,1788677641981.544,66.673,timestamp_domain.system_time,179866359.000,78.000,1,179866359.000,179866375.000,16.000,16.000,179866375.000,16.000,1,1,pnp_visible_ransac,9,0.518,-11.1428,0.007401,3.613635,0.1173
2026-09-06T15:54:02.114,115,79,STANDOFF_MOVE,STANDOFF_MOVE,270,1,1788677642014.548,33.004,timestamp_domain.system_time,179866437.000,78.000,1,179866437.000,179866453.000,16.000,16.000,179866453.000,16.000,1,1,pnp_visible_ransac,9,0.563,-11.2117,0.006469,3.608449,0.1027
2026-09-06T15:54:02.192,116,80,STANDOFF_MOVE,STANDOFF_MOVE,274,4,1788677642148.221,133.673,timestamp_domain.system_time,179866515.000,78.000,1,179866515.000,179866531.000,16.000,16.000,179866531.000,16.000,1,1,pnp_visible_ransac,9,0.596,-11.2124,0.002081,3.584445,0.0333
2026-09-06T15:54:02.279,117,81,STANDOFF_MOVE,STANDOFF_MOVE,277,3,1788677642248.285,100.064,timestamp_domain.system_time,179866593.000,78.000,1,179866593.000,179866625.000,32.000,32.000,179866625.000,32.000,1,1,pnp_visible_ransac,9,0.742,-11.2811,0.003660,3.568045,0.0588
2026-09-06T15:54:02.371,118,82,STANDOFF_MOVE,STANDOFF_MOVE,279,2,1788677642315.025,66.740,timestamp_domain.system_time,179866687.000,94.000,1,179866687.000,179866703.000,16.000,16.000,179866718.000,31.000,1,1,pnp_visible_ransac,9,0.555,-11.1927,0.000189,3.552887,0.0030
2026-09-06T15:54:02.456,119,83,STANDOFF_MOVE,STANDOFF_MOVE,282,3,1788677642414.896,99.870,timestamp_domain.system_time,179866765.000,78.000,1,179866765.000,179866796.000,31.000,31.000,179866796.000,31.000,1,1,pnp_visible_ransac,9,0.785,-11.1578,-0.001153,3.545999,-0.0186
2026-09-06T15:54:02.526,120,84,STANDOFF_MOVE,STANDOFF_MOVE,284,2,1788677642481.729,66.834,timestamp_domain.system_time,179866843.000,78.000,1,179866859.000,179866859.000,0.000,16.000,179866859.000,16.000,1,1,pnp_visible_ransac,9,0.891,-11.0847,0.000475,3.536296,0.0077
2026-09-06T15:54:02.620,121,85,STANDOFF_MOVE,STANDOFF_MOVE,287,3,1788677642581.771,100.041,timestamp_domain.system_time,179866937.000,94.000,1,179866937.000,179866953.000,16.000,16.000,179866953.000,16.000,1,1,pnp_visible_ransac,9,0.916,-11.0584,-0.004053,3.512667,-0.0661
2026-09-06T15:54:02.711,122,86,STANDOFF_MOVE,STANDOFF_MOVE,290,3,1788677642681.757,99.986,timestamp_domain.system_time,179867015.000,78.000,1,179867031.000,179867046.000,15.000,31.000,179867046.000,31.000,1,1,pnp_visible_ransac,9,1.041,-11.0750,-0.005066,3.491044,-0.0831
2026-09-06T15:54:02.798,123,87,STANDOFF_MOVE,STANDOFF_MOVE,292,2,1788677642748.598,66.841,timestamp_domain.system_time,179867125.000,110.000,1,179867125.000,179867140.000,15.000,15.000,179867140.000,15.000,1,1,pnp_visible_ransac,9,0.892,-11.0242,-0.005859,3.480929,-0.0964
2026-09-06T15:54:02.878,124,88,STANDOFF_MOVE,STANDOFF_MOVE,295,3,1788677642848.402,99.804,timestamp_domain.system_time,179867203.000,78.000,1,179867203.000,179867218.000,15.000,15.000,179867218.000,15.000,1,1,pnp_visible_ransac,9,0.944,-11.1334,-0.003254,3.459806,-0.0539
2026-09-06T15:54:02.960,125,89,STANDOFF_MOVE,STANDOFF_MOVE,297,2,1788677642915.356,66.954,timestamp_domain.system_time,179867281.000,78.000,1,179867281.000,179867296.000,15.000,15.000,179867296.000,15.000,1,1,pnp_visible_ransac,9,0.881,-11.1324,-0.005598,3.446472,-0.0931
2026-09-06T15:54:03.040,126,90,STANDOFF_MOVE,STANDOFF_MOVE,300,3,1788677643015.665,100.309,timestamp_domain.system_time,179867359.000,78.000,1,179867359.000,179867375.000,16.000,16.000,179867375.000,16.000,1,1,pnp_visible_ransac,9,0.621,-11.2380,-0.009203,3.397453,-0.1552
2026-09-06T15:54:03.182,127,91,STANDOFF_MOVE,STANDOFF_MOVE,303,3,1788677643115.578,99.914,timestamp_domain.system_time,179867500.000,141.000,1,179867500.000,179867515.000,15.000,15.000,179867515.000,15.000,1,1,pnp_visible_ransac,9,0.620,-11.1050,-0.009306,3.371012,-0.1582
2026-09-06T15:54:03.268,128,92,STANDOFF_MOVE,STANDOFF_MOVE,306,3,1788677643215.627,100.049,timestamp_domain.system_time,179867593.000,93.000,1,179867593.000,179867609.000,16.000,16.000,179867609.000,16.000,1,1,pnp_visible_ransac,9,0.540,-10.9926,-0.009188,3.347441,-0.1573
2026-09-06T15:54:03.348,129,93,STANDOFF_MOVE,STANDOFF_MOVE,309,3,1788677643315.809,100.183,timestamp_domain.system_time,179867656.000,63.000,1,179867671.000,179867687.000,16.000,31.000,179867687.000,31.000,1,1,pnp_visible_ransac,9,0.527,-10.6453,-0.011363,3.321779,-0.1960
2026-09-06T15:54:03.430,130,94,STANDOFF_MOVE,STANDOFF_MOVE,311,2,1788677643382.525,66.716,timestamp_domain.system_time,179867750.000,94.000,1,179867750.000,179867765.000,15.000,15.000,179867765.000,15.000,1,1,pnp_visible_ransac,9,0.545,-10.6570,-0.012838,3.310673,-0.2222
2026-09-06T15:54:03.507,131,95,STANDOFF_MOVE,STANDOFF_MOVE,313,2,1788677643449.086,66.561,timestamp_domain.system_time,179867828.000,78.000,1,179867828.000,179867843.000,15.000,15.000,179867843.000,15.000,1,1,pnp_visible_ransac,9,0.500,-10.7183,-0.011134,3.289331,-0.1939
2026-09-06T15:54:03.588,132,96,STANDOFF_MOVE,STANDOFF_MOVE,316,3,1788677643549.194,100.108,timestamp_domain.system_time,179867906.000,78.000,1,179867906.000,179867921.000,15.000,15.000,179867921.000,15.000,1,1,pnp_visible_ransac,9,0.475,-10.9870,-0.015731,3.253267,-0.2770
2026-09-06T15:54:03.670,133,97,STANDOFF_MOVE,STANDOFF_MOVE,318,2,1788677643615.765,66.571,timestamp_domain.system_time,179867984.000,78.000,1,179867984.000,179868015.000,31.000,31.000,179868015.000,31.000,1,1,pnp_visible_ransac,9,0.494,-10.9035,-0.014880,3.230449,-0.2639
2026-09-06T15:54:03.753,134,98,STANDOFF_MOVE,STANDOFF_MOVE,321,3,1788677643715.982,100.217,timestamp_domain.system_time,179868078.000,94.000,1,179868078.000,179868093.000,15.000,15.000,179868093.000,15.000,0,0,,,,,,,
2026-09-06T15:54:03.852,135,99,STANDOFF_MOVE,STANDOFF_MOVE,324,3,1788677643815.804,99.822,timestamp_domain.system_time,179868171.000,93.000,1,179868171.000,179868187.000,16.000,16.000,179868187.000,16.000,1,1,pnp_visible_ransac,9,0.424,-10.6976,-0.018236,3.170800,-0.3295
2026-09-06T15:54:03.944,136,100,STANDOFF_SETTLE,STANDOFF_SETTLE,327,3,1788677643916.344,100.540,timestamp_domain.system_time,179868265.000,94.000,1,179868265.000,179868281.000,16.000,16.000,179868281.000,16.000,0,0,,,,,,,
2026-09-06T15:54:04.015,137,101,STANDOFF_SETTLE,STANDOFF_SETTLE,329,2,1788677643982.927,66.584,timestamp_domain.system_time,179868328.000,63.000,1,179868328.000,179868359.000,31.000,31.000,179868359.000,31.000,1,1,pnp_visible_ransac,9,0.596,-10.7415,-0.015018,3.107905,-0.2769
2026-09-06T15:54:04.102,138,102,STANDOFF_SETTLE,STANDOFF_SETTLE,330,1,1788677644016.125,33.197,timestamp_domain.system_time,179868421.000,93.000,1,179868421.000,179868437.000,16.000,16.000,179868437.000,16.000,1,1,pnp_visible_ransac,9,0.655,-10.7429,-0.014828,3.099432,-0.2741
2026-09-06T15:54:04.185,139,103,STANDOFF_SETTLE,STANDOFF_SETTLE,334,4,1788677644149.744,133.619,timestamp_domain.system_time,179868500.000,79.000,1,179868500.000,179868515.000,15.000,15.000,179868531.000,31.000,1,1,pnp_visible_ransac,9,0.472,-10.9930,-0.011798,3.053270,-0.2214
2026-09-06T15:54:04.256,140,104,STANDOFF_SETTLE,STANDOFF_SETTLE,336,2,1788677644216.269,66.525,timestamp_domain.system_time,179868578.000,78.000,1,179868578.000,179868593.000,15.000,15.000,179868593.000,15.000,1,1,pnp_visible_ransac,9,0.501,-10.9431,-0.010724,3.038785,-0.2022
2026-09-06T15:54:04.338,141,105,STANDOFF_SETTLE,STANDOFF_SETTLE,338,2,1788677644282.890,66.621,timestamp_domain.system_time,179868656.000,78.000,1,179868656.000,179868671.000,15.000,15.000,179868671.000,15.000,0,0,,,,,,,
2026-09-06T15:54:04.420,142,106,STANDOFF_SETTLE,STANDOFF_SETTLE,341,3,1788677644383.236,100.346,timestamp_domain.system_time,179868734.000,78.000,1,179868734.000,179868765.000,31.000,31.000,179868765.000,31.000,1,1,pnp_visible_ransac,9,0.753,-10.1910,0.000914,3.007639,0.0174
2026-09-06T15:54:04.498,143,107,STANDOFF_SETTLE,STANDOFF_SETTLE,343,2,1788677644449.842,66.606,timestamp_domain.system_time,179868812.000,78.000,1,179868812.000,179868843.000,31.000,31.000,179868843.000,31.000,1,1,pnp_visible_ransac,9,0.772,-10.1540,-0.005296,3.011204,-0.1008
2026-09-06T15:54:04.577,144,108,STANDOFF_SETTLE,STANDOFF_SETTLE,346,3,1788677644549.880,100.038,timestamp_domain.system_time,179868890.000,78.000,1,179868890.000,179868921.000,31.000,31.000,179868921.000,31.000,1,1,pnp_visible_ransac,9,0.390,-10.4630,-0.022668,3.021125,-0.4299
2026-09-06T15:54:04.674,145,109,STANDOFF_SETTLE,STANDOFF_SETTLE,348,2,1788677644616.648,66.769,timestamp_domain.system_time,179868984.000,94.000,1,179868984.000,179869000.000,16.000,16.000,179869015.000,31.000,1,1,pnp_visible_ransac,9,0.447,-10.5288,-0.026310,3.017524,-0.4995
2026-09-06T15:54:04.758,146,110,STANDOFF_SETTLE,STANDOFF_SETTLE,351,3,1788677644716.758,100.109,timestamp_domain.system_time,179869078.000,94.000,1,179869078.000,179869093.000,15.000,15.000,179869093.000,15.000,1,1,pnp_visible_ransac,9,0.525,-10.5572,-0.018468,3.016684,-0.3508
2026-09-06T15:54:04.838,147,111,STANDOFF_SETTLE,STANDOFF_SETTLE,353,2,1788677644783.546,66.788,timestamp_domain.system_time,179869156.000,78.000,1,179869156.000,179869171.000,15.000,15.000,179869171.000,15.000,1,1,pnp_visible_ransac,9,0.441,-10.4379,-0.016243,3.019485,-0.3082
2026-09-06T15:54:04.928,148,112,STANDOFF_SETTLE,STANDOFF_SETTLE,356,3,1788677644883.208,99.663,timestamp_domain.system_time,179869234.000,78.000,1,179869250.000,179869265.000,15.000,31.000,179869265.000,31.000,1,1,pnp_visible_ransac,9,0.555,-10.3558,-0.019137,3.016732,-0.3635
2026-09-06T15:54:04.999,149,113,STANDOFF_SETTLE,STANDOFF_SETTLE,358,2,1788677644950.159,66.951,timestamp_domain.system_time,179869312.000,78.000,1,179869328.000,179869343.000,15.000,31.000,179869343.000,31.000,1,1,pnp_visible_ransac,9,0.546,-10.5053,-0.022037,3.014754,-0.4188
2026-09-06T15:54:05.079,150,114,STANDOFF_SETTLE,STANDOFF_SETTLE,361,3,1788677645050.527,100.368,timestamp_domain.system_time,179869390.000,78.000,1,179869406.000,179869421.000,15.000,31.000,179869421.000,31.000,1,1,pnp_visible_ransac,9,0.591,-10.4592,-0.019022,3.014701,-0.3615
2026-09-06T15:54:05.227,151,115,STANDOFF_SETTLE,STANDOFF_SETTLE,364,3,1788677645151.058,100.531,timestamp_domain.system_time,179869531.000,141.000,1,179869531.000,179869562.000,31.000,31.000,179869562.000,31.000,1,1,pnp_visible_ransac,9,0.463,-10.3299,-0.020100,3.016269,-0.3818
2026-09-06T15:54:05.300,152,116,STANDOFF_SETTLE,STANDOFF_SETTLE,367,3,1788677645250.703,99.645,timestamp_domain.system_time,179869625.000,94.000,1,179869625.000,179869640.000,15.000,15.000,179869640.000,15.000,1,1,pnp_visible_ransac,9,0.494,-10.6034,-0.021322,3.018016,-0.4048
2026-09-06T15:54:05.379,153,117,STANDOFF_SETTLE,STANDOFF_SETTLE,370,3,1788677645350.427,99.725,timestamp_domain.system_time,179869703.000,78.000,1,179869703.000,179869718.000,15.000,15.000,179869718.000,15.000,1,1,pnp_visible_ransac,9,0.486,-10.4602,-0.019985,3.015657,-0.3797
2026-09-06T15:54:05.457,154,118,STANDOFF_SETTLE,STANDOFF_SETTLE,372,2,1788677645417.311,66.883,timestamp_domain.system_time,179869781.000,78.000,1,179869781.000,179869796.000,15.000,15.000,179869796.000,15.000,1,1,pnp_visible_ransac,9,0.474,-10.4464,-0.020021,3.015965,-0.3803
2026-09-06T15:54:05.543,155,119,STANDOFF_SETTLE,STANDOFF_SETTLE,374,2,1788677645483.936,66.625,timestamp_domain.system_time,179869859.000,78.000,1,179869859.000,179869890.000,31.000,31.000,179869890.000,31.000,1,1,pnp_visible_ransac,9,0.495,-10.4741,-0.019770,3.016256,-0.3755
2026-09-06T15:54:05.620,156,120,STANDOFF_SETTLE,STANDOFF_SETTLE,377,3,1788677645584.010,100.073,timestamp_domain.system_time,179869937.000,78.000,1,179869937.000,179869968.000,31.000,31.000,179869968.000,31.000,1,1,pnp_visible_ransac,9,0.548,-10.6174,-0.020119,3.014441,-0.3824
2026-09-06T15:54:05.707,157,121,STANDOFF_SETTLE,STANDOFF_SETTLE,379,2,1788677645650.853,66.844,timestamp_domain.system_time,179870015.000,78.000,1,179870031.000,179870031.000,0.000,16.000,179870046.000,31.000,1,1,pnp_visible_ransac,9,0.530,-10.5730,-0.019316,3.015273,-0.3670
2026-09-06T15:54:05.797,158,122,STANDOFF_SETTLE,STANDOFF_SETTLE,382,3,1788677645750.822,99.969,timestamp_domain.system_time,179870109.000,94.000,1,179870109.000,179870140.000,31.000,31.000,179870140.000,31.000,1,1,pnp_visible_ransac,9,0.493,-10.3587,-0.020160,3.013837,-0.3832
2026-09-06T15:54:05.871,159,123,STANDOFF_SETTLE,STANDOFF_SETTLE,384,2,1788677645817.406,66.583,timestamp_domain.system_time,179870187.000,78.000,1,179870187.000,179870218.000,31.000,31.000,179870218.000,31.000,1,1,pnp_visible_ransac,9,0.537,-10.4639,-0.021001,3.012852,-0.3994
2026-09-06T15:54:05.951,160,124,STANDOFF_SETTLE,STANDOFF_SETTLE,387,3,1788677645917.549,100.144,timestamp_domain.system_time,179870265.000,78.000,1,179870265.000,179870296.000,31.000,31.000,179870296.000,31.000,1,1,pnp_visible_ransac,9,0.580,-10.5037,-0.020406,3.015498,-0.3877
2026-09-06T15:54:06.029,161,125,STANDOFF_SETTLE,STANDOFF_SETTLE,389,2,1788677645984.296,66.746,timestamp_domain.system_time,179870343.000,78.000,1,179870343.000,179870375.000,32.000,32.000,179870375.000,32.000,1,1,pnp_visible_ransac,9,0.584,-10.5547,-0.019625,3.018942,-0.3725
2026-09-06T15:54:06.105,162,126,STANDOFF_SETTLE,STANDOFF_SETTLE,391,2,1788677646051.111,66.815,timestamp_domain.system_time,179870421.000,78.000,1,179870421.000,179870453.000,32.000,32.000,179870453.000,32.000,1,1,pnp_visible_ransac,9,0.459,-10.5343,-0.019804,3.015853,-0.3762
2026-09-06T15:54:06.216,163,127,STANDOFF_SETTLE,STANDOFF_SETTLE,394,3,1788677646151.238,100.127,timestamp_domain.system_time,179870531.000,110.000,1,179870531.000,179870562.000,31.000,31.000,179870562.000,31.000,1,1,pnp_visible_ransac,9,0.562,-10.5463,-0.020317,3.015642,-0.3860
2026-09-06T15:54:06.286,164,128,STANDOFF_SETTLE,STANDOFF_SETTLE,397,3,1788677646250.969,99.731,timestamp_domain.system_time,179870609.000,78.000,1,179870609.000,179870625.000,16.000,16.000,179870625.000,16.000,1,1,pnp_visible_ransac,9,0.616,-10.3435,-0.020760,3.014745,-0.3945
2026-09-06T15:54:06.376,165,129,STANDOFF_SETTLE,STANDOFF_SETTLE,399,2,1788677646317.631,66.662,timestamp_domain.system_time,179870687.000,78.000,1,179870703.000,179870703.000,0.000,16.000,179870718.000,31.000,1,1,pnp_visible_ransac,9,0.538,-10.4606,-0.020072,3.012240,-0.3818
2026-09-06T15:54:06.453,166,130,STANDOFF_SETTLE,STANDOFF_SETTLE,402,3,1788677646417.952,100.321,timestamp_domain.system_time,179870765.000,78.000,1,179870765.000,179870796.000,31.000,31.000,179870796.000,31.000,1,1,pnp_visible_ransac,9,0.501,-10.5047,-0.020603,3.015592,-0.3914
2026-09-06T15:54:06.539,167,131,STANDOFF_SETTLE,STANDOFF_SETTLE,404,2,1788677646484.662,66.710,timestamp_domain.system_time,179870859.000,94.000,1,179870859.000,179870875.000,16.000,16.000,179870875.000,16.000,1,1,pnp_visible_ransac,9,0.598,-10.3917,-0.020414,3.012134,-0.3883
2026-09-06T15:54:06.616,168,132,STANDOFF_SETTLE,STANDOFF_SETTLE,407,3,1788677646584.675,100.013,timestamp_domain.system_time,179870921.000,62.000,1,179870921.000,179870953.000,32.000,32.000,179870953.000,32.000,1,1,pnp_visible_ransac,9,0.505,-10.5200,-0.019961,3.013401,-0.3795
2026-09-06T15:54:06.692,169,133,STANDOFF_SETTLE,STANDOFF_SETTLE,409,2,1788677646651.380,66.705,timestamp_domain.system_time,179871015.000,94.000,1,179871015.000,179871031.000,16.000,16.000,179871031.000,16.000,1,1,pnp_visible_ransac,9,0.437,-10.5065,-0.020062,3.015701,-0.3812
2026-09-06T15:54:06.774,170,134,STANDOFF_SETTLE,STANDOFF_SETTLE,411,2,1788677646718.058,66.678,timestamp_domain.system_time,179871093.000,78.000,1,179871093.000,179871109.000,16.000,16.000,179871109.000,16.000,1,1,pnp_visible_ransac,9,0.481,-10.5626,-0.019705,3.014711,-0.3745
2026-09-06T15:54:06.854,171,135,STANDOFF_SETTLE,STANDOFF_SETTLE,414,3,1788677646818.125,100.067,timestamp_domain.system_time,179871171.000,78.000,1,179871171.000,179871187.000,16.000,16.000,179871187.000,16.000,1,1,pnp_visible_ransac,9,0.580,-10.5037,-0.020406,3.015498,-0.3877
2026-09-06T15:54:06.926,172,136,STANDOFF_SETTLE,STANDOFF_SETTLE,416,2,1788677646884.946,66.821,timestamp_domain.system_time,179871250.000,79.000,1,179871250.000,179871265.000,15.000,15.000,179871265.000,15.000,1,1,pnp_visible_ransac,9,0.537,-10.4912,-0.020666,3.016625,-0.3925
2026-09-06T15:54:07.000,173,137,STANDOFF_SETTLE,STANDOFF_SETTLE,418,2,1788677646951.628,66.683,timestamp_domain.system_time,179871312.000,62.000,1,179871312.000,179871343.000,31.000,31.000,179871343.000,31.000,1,1,pnp_visible_ransac,9,0.487,-10.5890,-0.019296,3.016163,-0.3665
2026-09-06T15:54:07.073,174,138,STANDOFF_SETTLE,STANDOFF_SETTLE,421,3,1788677647051.923,100.295,timestamp_domain.system_time,179871406.000,94.000,1,179871406.000,179871406.000,0.000,0.000,179871406.000,0.000,1,1,pnp_visible_ransac,9,0.535,-10.5473,-0.020452,3.013878,-0.3888
2026-09-06T15:54:07.222,175,139,STANDOFF_SETTLE,STANDOFF_SETTLE,424,3,1788677647152.102,100.178,timestamp_domain.system_time,179871531.000,125.000,1,179871531.000,179871562.000,31.000,31.000,179871562.000,31.000,1,1,pnp_visible_ransac,9,0.534,-10.5163,-0.019623,3.014545,-0.3730
2026-09-06T15:54:07.302,176,140,STANDOFF_SETTLE,STANDOFF_SETTLE,427,3,1788677647251.831,99.729,timestamp_domain.system_time,179871625.000,94.000,1,179871625.000,179871640.000,15.000,15.000,179871640.000,15.000,1,1,pnp_visible_ransac,9,0.506,-10.5041,-0.020619,3.015856,-0.3917
2026-09-06T15:54:07.380,177,141,STANDOFF_SETTLE,STANDOFF_SETTLE,430,3,1788677647351.952,100.121,timestamp_domain.system_time,179871703.000,78.000,1,179871703.000,179871718.000,15.000,15.000,179871718.000,15.000,1,1,pnp_visible_ransac,9,0.622,-10.5139,-0.020024,3.016198,-0.3804
2026-09-06T15:54:07.461,178,142,STANDOFF_SETTLE,STANDOFF_SETTLE,432,2,1788677647418.707,66.755,timestamp_domain.system_time,179871781.000,78.000,1,179871781.000,179871796.000,15.000,15.000,179871796.000,15.000,1,1,pnp_visible_ransac,9,0.572,-10.5334,-0.020518,3.014913,-0.3899
2026-09-06T15:54:07.534,179,143,STANDOFF_SETTLE,STANDOFF_SETTLE,434,2,1788677647485.390,66.683,timestamp_domain.system_time,179871859.000,78.000,1,179871859.000,179871875.000,16.000,16.000,179871875.000,16.000,1,1,pnp_visible_ransac,9,0.550,-10.5051,-0.020618,3.016055,-0.3917
2026-09-06T15:54:07.611,180,144,STANDOFF_SETTLE,STANDOFF_SETTLE,437,3,1788677647585.328,99.938,timestamp_domain.system_time,179871921.000,62.000,1,179871937.000,179871953.000,16.000,32.000,179871953.000,32.000,1,1,pnp_visible_ransac,9,0.537,-10.4648,-0.021074,3.015168,-0.4005
2026-09-06T15:54:07.698,181,145,STANDOFF_SETTLE,STANDOFF_SETTLE,439,2,1788677647652.107,66.779,timestamp_domain.system_time,179872015.000,94.000,1,179872015.000,179872031.000,16.000,16.000,179872031.000,16.000,1,1,pnp_visible_ransac,9,0.568,-10.5603,-0.020924,3.018816,-0.3971
2026-09-06T15:54:07.787,182,146,STANDOFF_VERIFY,STANDOFF_VERIFY,441,2,1788677647718.661,66.554,timestamp_domain.system_time,179872093.000,78.000,1,179872093.000,179872125.000,32.000,32.000,179872125.000,32.000,1,1,pnp_visible_ransac,9,0.582,-10.5286,-0.020026,3.017359,-0.3803
2026-09-06T15:54:07.856,183,147,STANDOFF_VERIFY,STANDOFF_VERIFY,444,3,1788677647818.524,99.863,timestamp_domain.system_time,179872187.000,94.000,1,179872187.000,179872203.000,16.000,16.000,179872203.000,16.000,1,1,pnp_visible_ransac,9,0.512,-10.4920,-0.020975,3.013829,-0.3988
2026-09-06T15:54:07.940,184,148,STANDOFF_VERIFY,STANDOFF_VERIFY,446,2,1788677647885.328,66.804,timestamp_domain.system_time,179872265.000,78.000,1,179872265.000,179872281.000,16.000,16.000,179872281.000,16.000,1,1,pnp_visible_ransac,9,0.620,-10.4704,-0.020115,3.015928,-0.3821
2026-09-06T15:54:08.021,185,149,STANDOFF_VERIFY,STANDOFF_VERIFY,449,3,1788677647985.534,100.206,timestamp_domain.system_time,179872343.000,78.000,1,179872343.000,179872359.000,16.000,16.000,179872359.000,16.000,1,1,pnp_visible_ransac,9,0.547,-10.5324,-0.020365,3.016212,-0.3868
2026-09-06T15:54:08.097,186,150,STANDOFF_VERIFY,STANDOFF_VERIFY,451,2,1788677648052.400,66.866,timestamp_domain.system_time,179872421.000,78.000,1,179872421.000,179872437.000,16.000,16.000,179872437.000,16.000,1,1,pnp_visible_ransac,9,0.611,-10.4997,-0.020069,3.016633,-0.3812
2026-09-06T15:54:08.221,187,151,STANDOFF_VERIFY,STANDOFF_VERIFY,454,3,1788677648152.572,100.172,timestamp_domain.system_time,179872531.000,110.000,1,179872531.000,179872562.000,31.000,31.000,179872562.000,31.000,1,1,pnp_visible_ransac,9,0.584,-10.4614,-0.020079,3.012576,-0.3819
2026-09-06T15:54:08.298,188,152,STANDOFF_VERIFY,STANDOFF_VERIFY,457,3,1788677648252.531,99.958,timestamp_domain.system_time,179872625.000,94.000,1,179872625.000,179872640.000,15.000,15.000,179872640.000,15.000,1,1,pnp_visible_ransac,9,0.562,-10.5600,-0.019538,3.015012,-0.3713
2026-09-06T15:54:08.378,189,153,STANDOFF_VERIFY,STANDOFF_VERIFY,460,3,1788677648352.648,100.118,timestamp_domain.system_time,179872703.000,78.000,1,179872703.000,179872718.000,15.000,15.000,179872718.000,15.000,1,1,pnp_visible_ransac,9,0.580,-10.4583,-0.019705,3.012981,-0.3747
2026-09-06T15:54:08.455,190,154,STANDOFF_VERIFY,STANDOFF_VERIFY,462,2,1788677648419.305,66.657,timestamp_domain.system_time,179872765.000,62.000,1,179872765.000,179872796.000,31.000,31.000,179872796.000,31.000,1,1,pnp_visible_ransac,9,0.557,-10.5605,-0.019523,3.014747,-0.3710
2026-09-06T15:54:08.531,191,155,STANDOFF_VERIFY,STANDOFF_VERIFY,464,2,1788677648485.990,66.684,timestamp_domain.system_time,179872843.000,78.000,1,179872859.000,179872875.000,16.000,32.000,179872875.000,32.000,1,1,pnp_visible_ransac,9,0.530,-10.4615,-0.020064,3.012194,-0.3816
2026-09-06T15:54:08.610,192,156,STAGING_PLAN,STAGING_PLAN,467,3,1788677648586.179,100.189,timestamp_domain.system_time,179872937.000,94.000,1,179872937.000,179872953.000,16.000,16.000,179872953.000,16.000,1,1,pnp_visible_ransac,9,0.600,-10.5186,-0.019176,3.011417,-0.3648
2026-09-06T15:54:08.704,193,157,STAGING_PLAN,STAGING_PLAN,469,2,1788677648652.823,66.645,timestamp_domain.system_time,179873015.000,78.000,1,179873031.000,179873046.000,15.000,31.000,179873046.000,31.000,1,1,pnp_visible_ransac,9,0.486,-10.5622,-0.019713,3.014838,-0.3746
2026-09-06T15:54:08.784,194,158,STAGING_PLAN,STAGING_PLAN,472,3,1788677648752.892,100.069,timestamp_domain.system_time,179873093.000,78.000,1,179873109.000,179873125.000,16.000,32.000,179873125.000,32.000,1,1,pnp_visible_ransac,9,0.568,-10.4991,-0.020061,3.016308,-0.3811
2026-09-06T15:54:08.858,195,159,STAGING_PLAN,STAGING_PLAN,474,2,1788677648819.390,66.498,timestamp_domain.system_time,179873171.000,78.000,1,179873187.000,179873203.000,16.000,32.000,179873203.000,32.000,1,1,pnp_visible_ransac,9,0.651,-10.4441,-0.019701,3.011894,-0.3748
2026-09-06T15:54:08.992,196,160,STAGING_PLAN,STAGING_PLAN,476,2,1788677648886.073,66.683,timestamp_domain.system_time,179873250.000,79.000,1,179873250.000,179873328.000,78.000,78.000,179873328.000,78.000,1,1,pnp_visible_ransac,9,0.482,-10.5630,-0.019864,3.013417,-0.3777
2026-09-06T15:54:09.078,197,161,STAGING_PLAN,STAGING_PLAN,480,4,1788677649019.740,133.667,timestamp_domain.system_time,179873390.000,140.000,1,179873390.000,179873421.000,31.000,31.000,179873421.000,31.000,1,1,pnp_visible_ransac,9,0.526,-10.6600,-0.019862,3.015748,-0.3774
2026-09-06T15:54:09.151,198,162,STAGING_PLAN,STAGING_PLAN,481,1,1788677649054.109,34.369,timestamp_domain.system_time,179873468.000,78.000,1,179873484.000,179873484.000,0.000,16.000,179873484.000,16.000,1,1,pnp_visible_ransac,9,0.499,-10.7638,-0.019794,3.015341,-0.3761
2026-09-06T15:54:09.242,199,163,STAGING_PLAN,STAGING_PLAN,485,4,1788677649186.810,132.700,timestamp_domain.system_time,179873562.000,94.000,1,179873562.000,179873578.000,16.000,16.000,179873578.000,16.000,1,1,pnp_visible_ransac,9,0.467,-10.7214,-0.019949,3.017198,-0.3788
2026-09-06T15:54:09.315,200,164,STAGING_PLAN,STAGING_PLAN,488,3,1788677649286.554,99.744,timestamp_domain.system_time,179873640.000,78.000,1,179873640.000,179873656.000,16.000,16.000,179873656.000,16.000,1,1,pnp_visible_ransac,9,0.536,-10.6918,-0.020593,3.018442,-0.3909
2026-09-06T15:54:09.402,201,165,STAGING_PLAN,STAGING_PLAN,490,2,1788677649353.312,66.758,timestamp_domain.system_time,179873718.000,78.000,1,179873718.000,179873750.000,32.000,32.000,179873750.000,32.000,1,1,pnp_visible_ransac,9,0.546,-10.5893,-0.020141,3.013418,-0.3830
2026-09-06T15:54:09.617,202,166,WAYPOINT_TURN,WAYPOINT_TURN,497,7,1788677649586.639,233.327,timestamp_domain.system_time,179873937.000,219.000,1,179873937.000,179873953.000,16.000,16.000,179873953.000,16.000,1,1,pnp_visible_ransac,9,0.515,-10.5452,-0.020150,3.016611,-0.3827
2026-09-06T15:54:09.692,203,167,WAYPOINT_TURN,WAYPOINT_TURN,499,2,1788677649653.522,66.883,timestamp_domain.system_time,179874015.000,78.000,1,179874015.000,179874031.000,16.000,16.000,179874031.000,16.000,1,1,pnp_visible_ransac,9,0.553,-10.5200,-0.020551,3.015218,-0.3905
2026-09-06T15:54:09.771,204,168,WAYPOINT_TURN,WAYPOINT_TURN,501,2,1788677649720.198,66.676,timestamp_domain.system_time,179874093.000,78.000,1,179874093.000,179874109.000,16.000,16.000,179874109.000,16.000,1,1,pnp_visible_ransac,9,0.462,-10.5344,-0.019972,3.014686,-0.3796
2026-09-06T15:54:09.860,205,169,WAYPOINT_TURN,WAYPOINT_TURN,504,3,1788677649820.037,99.839,timestamp_domain.system_time,179874171.000,78.000,1,179874171.000,179874203.000,32.000,32.000,179874203.000,32.000,1,1,pnp_visible_ransac,9,0.551,-10.5132,-0.019262,3.015284,-0.3660
2026-09-06T15:54:09.934,206,170,WAYPOINT_TURN,WAYPOINT_TURN,506,2,1788677649887.040,67.003,timestamp_domain.system_time,179874250.000,79.000,1,179874250.000,179874281.000,31.000,31.000,179874281.000,31.000,1,1,pnp_visible_ransac,9,0.499,-10.4446,-0.019818,3.015539,-0.3765
2026-09-06T15:54:10.012,207,171,WAYPOINT_TURN,WAYPOINT_TURN,508,2,1788677649953.821,66.781,timestamp_domain.system_time,179874328.000,78.000,1,179874328.000,179874359.000,31.000,31.000,179874359.000,31.000,1,1,pnp_visible_ransac,9,0.540,-10.4150,-0.019703,3.016123,-0.3743
2026-09-06T15:54:10.085,208,172,WAYPOINT_TURN,WAYPOINT_TURN,511,3,1788677650054.461,100.639,timestamp_domain.system_time,179874406.000,78.000,1,179874406.000,179874421.000,15.000,15.000,179874421.000,15.000,1,1,pnp_visible_ransac,9,0.539,-10.3874,-0.019891,3.013924,-0.3781
2026-09-06T15:54:10.165,209,173,WAYPOINT_TURN,WAYPOINT_TURN,511,0,1788677650054.461,0.000,timestamp_domain.system_time,179874484.000,78.000,1,179874484.000,179874500.000,16.000,16.000,179874500.000,16.000,1,1,pnp_visible_ransac,9,0.539,-10.3874,-0.019891,3.013924,-0.3781
2026-09-06T15:54:10.242,210,174,WAYPOINT_TURN,WAYPOINT_TURN,515,4,1788677650187.268,132.807,timestamp_domain.system_time,179874562.000,78.000,1,179874562.000,179874578.000,16.000,16.000,179874578.000,16.000,1,1,pnp_visible_ransac,9,0.517,-10.5143,-0.018716,3.015111,-0.3557
2026-09-06T15:54:10.322,211,175,WAYPOINT_TURN,WAYPOINT_TURN,518,3,1788677650287.318,100.051,timestamp_domain.system_time,179874640.000,78.000,1,179874640.000,179874656.000,16.000,16.000,179874656.000,16.000,1,1,pnp_visible_ransac,9,0.605,-10.4015,-0.019852,3.013602,-0.3774
2026-09-06T15:54:10.393,212,176,WAYPOINT_TURN,WAYPOINT_TURN,520,2,1788677650354.001,66.683,timestamp_domain.system_time,179874718.000,78.000,1,179874718.000,179874734.000,16.000,16.000,179874734.000,16.000,1,1,pnp_visible_ransac,9,0.577,-10.4598,-0.020671,3.014123,-0.3929
2026-09-06T15:54:10.484,213,177,WAYPOINT_TURN,WAYPOINT_TURN,523,3,1788677650454.043,100.042,timestamp_domain.system_time,179874796.000,78.000,1,179874796.000,179874828.000,32.000,32.000,179874828.000,32.000,1,1,pnp_visible_ransac,9,0.528,-10.4385,-0.024236,3.014467,-0.4606
2026-09-06T15:54:10.561,214,178,WAYPOINT_TURN,WAYPOINT_TURN,525,2,1788677650520.713,66.670,timestamp_domain.system_time,179874875.000,79.000,1,179874890.000,179874906.000,16.000,31.000,179874906.000,31.000,1,1,pnp_visible_ransac,9,0.564,-10.7328,-0.028886,3.015215,-0.5489
2026-09-06T15:54:10.643,215,179,WAYPOINT_TURN,WAYPOINT_TURN,528,3,1788677650620.953,100.240,timestamp_domain.system_time,179874953.000,78.000,1,179874968.000,179874984.000,16.000,31.000,179874984.000,31.000,1,1,pnp_visible_ransac,9,0.580,-10.5968,-0.035845,3.015289,-0.6811
2026-09-06T15:54:10.729,216,180,WAYPOINT_TURN,WAYPOINT_TURN,530,2,1788677650687.497,66.544,timestamp_domain.system_time,179875046.000,93.000,1,179875046.000,179875062.000,16.000,16.000,179875062.000,16.000,1,1,pnp_visible_ransac,9,0.719,-10.5821,-0.039371,3.015903,-0.7479
2026-09-06T15:54:10.811,217,181,WAYPOINT_TURN,WAYPOINT_TURN,532,2,1788677650754.659,67.162,timestamp_domain.system_time,179875125.000,79.000,1,179875125.000,179875140.000,15.000,15.000,179875156.000,31.000,1,1,pnp_visible_ransac,9,0.693,-10.5531,-0.047209,3.016509,-0.8966
2026-09-06T15:54:10.892,218,182,WAYPOINT_TURN,WAYPOINT_TURN,535,3,1788677650854.356,99.697,timestamp_domain.system_time,179875203.000,78.000,1,179875203.000,179875218.000,15.000,15.000,179875234.000,31.000,1,1,pnp_visible_ransac,9,0.576,-10.9608,-0.072492,3.010356,-1.3795
2026-09-06T15:54:10.982,219,183,WAYPOINT_TURN,WAYPOINT_TURN,538,3,1788677650954.490,100.133,timestamp_domain.system_time,179875312.000,109.000,1,179875312.000,179875328.000,16.000,16.000,179875328.000,16.000,1,1,pnp_visible_ransac,9,0.616,-12.0022,-0.098642,3.016336,-1.8731
2026-09-06T15:54:11.062,220,184,WAYPOINT_TURN,WAYPOINT_TURN,540,2,1788677651021.244,66.754,timestamp_domain.system_time,179875390.000,78.000,1,179875390.000,179875406.000,16.000,16.000,179875406.000,16.000,1,1,pnp_visible_ransac,9,0.559,-12.2419,-0.124251,3.019053,-2.3567
2026-09-06T15:54:11.141,221,185,WAYPOINT_TURN,WAYPOINT_TURN,541,1,1788677651055.067,33.823,timestamp_domain.system_time,179875453.000,63.000,1,179875468.000,179875484.000,16.000,31.000,179875484.000,31.000,1,1,pnp_visible_ransac,9,0.519,-12.4974,-0.139025,3.011412,-2.6432
2026-09-06T15:54:11.250,222,186,WAYPOINT_TURN,WAYPOINT_TURN,545,4,1788677651188.363,133.296,timestamp_domain.system_time,179875562.000,109.000,1,179875578.000,179875593.000,15.000,31.000,179875593.000,31.000,1,1,pnp_visible_ransac,9,0.638,-13.6456,-0.204127,2.999655,-3.8930
2026-09-06T15:54:11.331,223,187,WAYPOINT_TURN_SETTLE,WAYPOINT_TURN_SETTLE,548,3,1788677651288.141,99.778,timestamp_domain.system_time,179875656.000,94.000,1,179875656.000,179875671.000,15.000,15.000,179875671.000,15.000,1,1,pnp_visible_ransac,9,0.665,-13.9601,-0.250683,2.999489,-4.7774
2026-09-06T15:54:11.406,224,188,WAYPOINT_TURN_SETTLE,WAYPOINT_TURN_SETTLE,550,2,1788677651354.638,66.498,timestamp_domain.system_time,179875718.000,62.000,1,179875718.000,179875750.000,32.000,32.000,179875750.000,32.000,1,1,pnp_visible_ransac,9,0.683,-13.9066,-0.283631,2.975834,-5.4445
2026-09-06T15:54:11.485,225,189,WAYPOINT_TURN_SETTLE,WAYPOINT_TURN_SETTLE,553,3,1788677651454.732,100.094,timestamp_domain.system_time,179875796.000,78.000,1,179875796.000,179875812.000,16.000,16.000,179875828.000,32.000,1,1,pnp_visible_ransac,9,0.738,-15.3461,-0.381317,2.960585,-7.3392
2026-09-06T15:54:11.560,226,190,WAYPOINT_TURN_SETTLE,WAYPOINT_TURN_SETTLE,555,2,1788677651521.419,66.687,timestamp_domain.system_time,179875875.000,79.000,1,179875875.000,179875906.000,31.000,31.000,179875906.000,31.000,1,1,pnp_visible_ransac,9,0.681,-17.1265,-0.468860,2.942284,-9.0541
2026-09-06T15:54:11.641,227,191,WAYPOINT_TURN_SETTLE,WAYPOINT_TURN_SETTLE,557,2,1788677651588.422,67.003,timestamp_domain.system_time,179875968.000,93.000,1,179875968.000,179875984.000,16.000,16.000,179875984.000,16.000,1,1,pnp_visible_ransac,9,0.740,-17.0417,-0.555325,3.010751,-10.4506
2026-09-06T15:54:11.718,228,192,WAYPOINT_TURN_SETTLE,WAYPOINT_TURN_SETTLE,560,3,1788677651688.286,99.865,timestamp_domain.system_time,179876046.000,78.000,1,179876046.000,179876062.000,16.000,16.000,179876062.000,16.000,1,1,pnp_visible_ransac,9,0.725,-17.4717,-0.561922,2.987254,-10.6532
2026-09-06T15:54:11.818,229,193,WAYPOINT_TURN_SETTLE,WAYPOINT_TURN_SETTLE,563,3,1788677651788.372,100.086,timestamp_domain.system_time,179876140.000,94.000,1,179876140.000,179876156.000,16.000,16.000,179876156.000,16.000,1,1,pnp_visible_ransac,9,0.802,-17.4692,-0.487960,2.941900,-9.4177
2026-09-06T15:54:11.928,230,194,WAYPOINT_TURN_SETTLE,WAYPOINT_TURN_SETTLE,566,3,1788677651888.191,99.819,timestamp_domain.system_time,179876234.000,94.000,1,179876234.000,179876265.000,31.000,31.000,179876265.000,31.000,1,1,pnp_visible_ransac,9,0.751,-15.9714,-0.476066,2.969249,-9.1088
2026-09-06T15:54:12.008,231,195,WAYPOINT_TURN_SETTLE,WAYPOINT_TURN_SETTLE,568,2,1788677651955.140,66.949,timestamp_domain.system_time,179876312.000,78.000,1,179876328.000,179876343.000,15.000,31.000,179876343.000,31.000,1,1,pnp_visible_ransac,9,0.703,-16.9977,-0.470727,2.951894,-9.0604
2026-09-06T15:54:12.089,232,196,WAYPOINT_TURN_SETTLE,WAYPOINT_TURN_SETTLE,571,3,1788677652055.549,100.409,timestamp_domain.system_time,179876406.000,94.000,1,179876406.000,179876421.000,15.000,15.000,179876421.000,15.000,1,1,pnp_visible_ransac,9,0.731,-17.6052,-0.499584,2.939361,-9.6460
2026-09-06T15:54:12.165,233,197,WAYPOINT_TURN_SETTLE,WAYPOINT_TURN_SETTLE,572,1,1788677652088.614,33.065,timestamp_domain.system_time,179876468.000,62.000,1,179876484.000,179876500.000,16.000,32.000,179876500.000,32.000,1,1,pnp_visible_ransac,9,0.776,-17.4391,-0.500988,2.940809,-9.6679
2026-09-06T15:54:12.245,234,198,WAYPOINT_TURN_SETTLE,WAYPOINT_TURN_SETTLE,573,1,1788677652122.321,33.707,timestamp_domain.system_time,179876562.000,94.000,1,179876562.000,179876578.000,16.000,16.000,179876578.000,16.000,1,1,pnp_visible_ransac,9,0.754,-17.3283,-0.498773,2.945185,-9.6120
2026-09-06T15:54:12.322,235,199,WAYPOINT_TURN_SETTLE,WAYPOINT_TURN_SETTLE,578,5,1788677652288.615,166.294,timestamp_domain.system_time,179876640.000,78.000,1,179876640.000,179876656.000,16.000,16.000,179876656.000,16.000,1,1,pnp_visible_ransac,9,0.730,-17.4266,-0.486875,2.933264,-9.4243
2026-09-06T15:54:12.402,236,200,WAYPOINT_TURN_SETTLE,WAYPOINT_TURN_SETTLE,580,2,1788677652355.274,66.659,timestamp_domain.system_time,179876718.000,78.000,1,179876718.000,179876750.000,32.000,32.000,179876750.000,32.000,1,1,pnp_visible_ransac,9,0.805,-17.4906,-0.493301,2.934941,-9.5410
2026-09-06T15:54:12.479,237,201,WAYPOINT_TURN_SETTLE,WAYPOINT_TURN_SETTLE,582,2,1788677652422.177,66.903,timestamp_domain.system_time,179876796.000,78.000,1,179876796.000,179876812.000,16.000,16.000,179876812.000,16.000,1,1,pnp_visible_ransac,9,0.831,-17.2953,-0.497444,2.940007,-9.6034
2026-09-06T15:54:12.563,238,202,WAYPOINT_TURN_SETTLE,WAYPOINT_TURN_SETTLE,585,3,1788677652522.182,100.006,timestamp_domain.system_time,179876875.000,79.000,1,179876875.000,179876906.000,31.000,31.000,179876906.000,31.000,1,1,pnp_visible_ransac,9,0.790,-17.5044,-0.493284,2.941132,-9.5210
2026-09-06T15:54:12.636,239,203,WAYPOINT_TURN_SETTLE,WAYPOINT_TURN_SETTLE,587,2,1788677652588.877,66.694,timestamp_domain.system_time,179876953.000,78.000,1,179876968.000,179876984.000,16.000,31.000,179876984.000,31.000,1,1,pnp_visible_ransac,9,0.772,-17.4112,-0.492987,2.939122,-9.5217
2026-09-06T15:54:12.728,240,204,WAYPOINT_TURN_SETTLE,WAYPOINT_TURN_SETTLE,590,3,1788677652689.113,100.236,timestamp_domain.system_time,179877046.000,93.000,1,179877046.000,179877062.000,16.000,16.000,179877062.000,16.000,1,1,pnp_visible_ransac,9,0.800,-17.3705,-0.497219,2.943563,-9.5877
2026-09-06T15:54:12.852,241,205,WAYPOINT_TURN_SETTLE,WAYPOINT_TURN_SETTLE,594,4,1788677652822.901,133.789,timestamp_domain.system_time,179877171.000,125.000,1,179877171.000,179877187.000,16.000,16.000,179877187.000,16.000,1,1,pnp_visible_ransac,9,0.824,-17.4554,-0.493609,2.938339,-9.5360
2026-09-06T15:54:12.934,242,206,WAYPOINT_TURN_SETTLE,WAYPOINT_TURN_SETTLE,596,2,1788677652889.236,66.335,timestamp_domain.system_time,179877250.000,79.000,1,179877250.000,179877265.000,15.000,15.000,179877281.000,31.000,1,1,pnp_visible_ransac,9,0.806,-17.3646,-0.493710,2.935922,-9.5457
2026-09-06T15:54:13.018,243,207,WAYPOINT_TURN_SETTLE,WAYPOINT_TURN_SETTLE,599,3,1788677652989.217,99.981,timestamp_domain.system_time,179877328.000,78.000,1,179877328.000,179877359.000,31.000,31.000,179877359.000,31.000,1,1,pnp_visible_ransac,9,0.848,-17.2570,-0.497406,2.944034,-9.5898
2026-09-06T15:54:13.102,244,208,WAYPOINT_TURN_SETTLE,WAYPOINT_TURN_SETTLE,601,2,1788677653056.154,66.936,timestamp_domain.system_time,179877421.000,93.000,1,179877421.000,179877437.000,16.000,16.000,179877437.000,16.000,1,1,pnp_visible_ransac,9,0.878,-17.3562,-0.496156,2.942708,-9.5704
2026-09-06T15:54:13.178,245,209,WAYPOINT_TURN_SETTLE,WAYPOINT_TURN_SETTLE,602,1,1788677653089.573,33.419,timestamp_domain.system_time,179877500.000,79.000,1,179877500.000,179877515.000,15.000,15.000,179877515.000,15.000,1,1,pnp_visible_ransac,9,0.825,-17.3764,-0.495557,2.939130,-9.5704
2026-09-06T15:54:13.255,246,210,WAYPOINT_TURN_SETTLE,WAYPOINT_TURN_SETTLE,606,4,1788677653222.923,133.350,timestamp_domain.system_time,179877562.000,62.000,1,179877562.000,179877593.000,31.000,31.000,179877593.000,31.000,1,1,pnp_visible_ransac,9,0.787,-17.2754,-0.495786,2.941448,-9.5674
2026-09-06T15:54:13.332,247,211,WAYPOINT_TURN_SETTLE,WAYPOINT_TURN_SETTLE,608,2,1788677653289.399,66.477,timestamp_domain.system_time,179877656.000,94.000,1,179877656.000,179877671.000,15.000,15.000,179877671.000,15.000,1,1,pnp_visible_ransac,9,0.833,-17.4291,-0.496075,2.940213,-9.5768
2026-09-06T15:54:13.419,248,212,WAYPOINT_TURN_SETTLE,WAYPOINT_TURN_SETTLE,611,3,1788677653389.554,100.155,timestamp_domain.system_time,179877734.000,78.000,1,179877734.000,179877750.000,16.000,16.000,179877765.000,31.000,1,1,pnp_visible_ransac,9,0.814,-17.2911,-0.495912,2.940314,-9.5734
2026-09-06T15:54:13.503,249,213,WAYPOINT_TURN_SETTLE,WAYPOINT_TURN_SETTLE,613,2,1788677653456.427,66.872,timestamp_domain.system_time,179877828.000,94.000,1,179877828.000,179877843.000,15.000,15.000,179877843.000,15.000,1,1,pnp_visible_ransac,9,0.821,-17.3863,-0.495534,2.941027,-9.5639
2026-09-06T15:54:13.590,250,214,WAYPOINT_TURN_SETTLE,WAYPOINT_TURN_SETTLE,616,3,1788677653556.292,99.865,timestamp_domain.system_time,179877906.000,78.000,1,179877906.000,179877937.000,31.000,31.000,179877937.000,31.000,1,1,pnp_visible_ransac,9,0.796,-17.3829,-0.495180,2.941611,-9.5554
2026-09-06T15:54:13.667,251,215,WAYPOINT_TURN_SETTLE,WAYPOINT_TURN_SETTLE,618,2,1788677653623.056,66.764,timestamp_domain.system_time,179877984.000,78.000,1,179877984.000,179878015.000,31.000,31.000,179878015.000,31.000,1,1,pnp_visible_ransac,9,0.786,-17.3675,-0.496837,2.944032,-9.5790
2026-09-06T15:54:13.744,252,216,WAYPOINT_TURN_SETTLE,WAYPOINT_TURN_SETTLE,620,2,1788677653689.709,66.653,timestamp_domain.system_time,179878062.000,78.000,1,179878062.000,179878078.000,16.000,16.000,179878078.000,16.000,1,1,pnp_visible_ransac,9,0.822,-17.3156,-0.495746,2.941693,-9.5658
2026-09-06T15:54:13.841,253,217,WAYPOINT_TURN_SETTLE,WAYPOINT_TURN_SETTLE,623,3,1788677653789.930,100.221,timestamp_domain.system_time,179878156.000,94.000,1,179878171.000,179878187.000,16.000,31.000,179878187.000,31.000,1,1,pnp_visible_ransac,9,0.821,-17.3722,-0.495667,2.941520,-9.5649
2026-09-06T15:54:13.923,254,218,WAYPOINT_TURN_SETTLE,WAYPOINT_TURN_SETTLE,626,3,1788677653889.794,99.864,timestamp_domain.system_time,179878234.000,78.000,1,179878234.000,179878265.000,31.000,31.000,179878265.000,31.000,1,1,pnp_visible_ransac,9,0.870,-17.3530,-0.496325,2.943331,-9.5716
2026-09-06T15:54:14.003,255,219,WAYPOINT_TURN_SETTLE,WAYPOINT_TURN_SETTLE,628,2,1788677653956.775,66.981,timestamp_domain.system_time,179878312.000,78.000,1,179878312.000,179878343.000,31.000,31.000,179878343.000,31.000,1,1,pnp_visible_ransac,9,0.818,-17.3769,-0.497130,2.946491,-9.5767
2026-09-06T15:54:14.086,256,220,WAYPOINT_TURN_SETTLE,WAYPOINT_TURN_SETTLE,631,3,1788677654056.643,99.868,timestamp_domain.system_time,179878406.000,94.000,1,179878406.000,179878421.000,15.000,15.000,179878421.000,15.000,1,1,pnp_visible_ransac,9,0.772,-17.4294,-0.495129,2.939561,-9.5610
2026-09-06T15:54:14.163,257,221,WAYPOINT_TURN_SETTLE,WAYPOINT_TURN_SETTLE,632,1,1788677654089.785,33.142,timestamp_domain.system_time,179878484.000,78.000,1,179878484.000,179878500.000,16.000,16.000,179878500.000,16.000,1,1,pnp_visible_ransac,9,0.801,-17.3730,-0.495203,2.939713,-9.5619
2026-09-06T15:54:14.250,258,222,WAYPOINT_TURN_SETTLE,WAYPOINT_TURN_SETTLE,635,3,1788677654190.275,100.490,timestamp_domain.system_time,179878562.000,78.000,1,179878578.000,179878593.000,15.000,31.000,179878593.000,31.000,1,1,pnp_visible_ransac,9,0.836,-17.3435,-0.495939,2.942512,-9.5669
2026-09-06T15:54:14.330,259,223,WAYPOINT_TURN_SETTLE,WAYPOINT_TURN_SETTLE,638,3,1788677654290.226,99.951,timestamp_domain.system_time,179878640.000,78.000,1,179878640.000,179878671.000,31.000,31.000,179878671.000,31.000,1,1,pnp_visible_ransac,9,0.821,-17.3722,-0.495667,2.941520,-9.5649
2026-09-06T15:54:14.408,260,224,WAYPOINT_TURN_SETTLE,WAYPOINT_TURN_SETTLE,640,2,1788677654356.990,66.763,timestamp_domain.system_time,179878734.000,94.000,1,179878734.000,179878750.000,16.000,16.000,179878750.000,16.000,1,1,pnp_visible_ransac,9,0.813,-17.3591,-0.496287,2.940901,-9.5786
2026-09-06T15:54:14.498,261,225,WAYPOINT_TURN_SETTLE,WAYPOINT_TURN_SETTLE,643,3,1788677654456.797,99.808,timestamp_domain.system_time,179878812.000,78.000,1,179878812.000,179878843.000,31.000,31.000,179878843.000,31.000,1,1,pnp_visible_ransac,9,0.789,-17.3328,-0.496190,2.940139,-9.5792
2026-09-06T15:54:14.567,262,226,WAYPOINT_TURN_SETTLE,WAYPOINT_TURN_SETTLE,645,2,1788677654523.320,66.523,timestamp_domain.system_time,179878890.000,78.000,1,179878890.000,179878906.000,16.000,16.000,179878906.000,16.000,1,1,pnp_visible_ransac,9,0.840,-17.3501,-0.494793,2.937086,-9.5625
2026-09-06T15:54:14.652,263,227,WAYPOINT_TURN_SETTLE,WAYPOINT_TURN_SETTLE,648,3,1788677654623.741,100.421,timestamp_domain.system_time,179878968.000,78.000,1,179878968.000,179878984.000,16.000,16.000,179879000.000,32.000,1,1,pnp_visible_ransac,9,0.795,-17.2787,-0.497344,2.947842,-9.5764
2026-09-06T15:54:14.733,264,228,WAYPOINT_TURN_SETTLE,WAYPOINT_TURN_SETTLE,650,2,1788677654690.484,66.742,timestamp_domain.system_time,179879046.000,78.000,1,179879046.000,179879078.000,32.000,32.000,179879078.000,32.000,1,1,pnp_visible_ransac,9,0.792,-17.2954,-0.497537,2.946596,-9.5841
2026-09-06T15:54:14.835,265,229,WAYPOINT_TURN_SETTLE,WAYPOINT_TURN_SETTLE,653,3,1788677654790.385,99.901,timestamp_domain.system_time,179879156.000,110.000,1,179879156.000,179879171.000,15.000,15.000,179879171.000,15.000,1,1,pnp_visible_ransac,9,0.702,-17.1860,-0.497145,2.945863,-9.5790
2026-09-06T15:54:14.912,266,230,WAYPOINT_TURN_SETTLE,WAYPOINT_TURN_SETTLE,655,2,1788677654857.004,66.618,timestamp_domain.system_time,179879234.000,78.000,1,179879234.000,179879250.000,16.000,16.000,179879250.000,16.000,1,1,pnp_visible_ransac,9,0.792,-17.2823,-0.497636,2.946976,-9.5847
2026-09-06T15:54:14.990,267,231,WAYPOINT_TURN_SETTLE,WAYPOINT_TURN_SETTLE,658,3,1788677654957.350,100.346,timestamp_domain.system_time,179879312.000,78.000,1,179879312.000,179879328.000,16.000,16.000,179879328.000,16.000,1,1,pnp_visible_ransac,9,0.760,-17.3355,-0.497204,2.947389,-9.5752
2026-09-06T15:54:15.070,268,232,WAYPOINT_TURN_SETTLE,WAYPOINT_TURN_SETTLE,660,2,1788677655024.097,66.747,timestamp_domain.system_time,179879390.000,78.000,1,179879390.000,179879406.000,16.000,16.000,179879406.000,16.000,1,1,pnp_visible_ransac,9,0.712,-17.2144,-0.496878,2.944879,-9.5771
2026-09-06T15:54:15.150,269,233,WAYPOINT_DRIVE,WAYPOINT_DRIVE,662,2,1788677655090.995,66.898,timestamp_domain.system_time,179879468.000,78.000,1,179879468.000,179879484.000,16.000,16.000,179879484.000,16.000,1,1,pnp_visible_ransac,9,0.792,-17.3794,-0.496236,2.944698,-9.5655
2026-09-06T15:54:15.247,270,234,WAYPOINT_DRIVE,WAYPOINT_DRIVE,665,3,1788677655190.867,99.872,timestamp_domain.system_time,179879562.000,94.000,1,179879578.000,179879593.000,15.000,31.000,179879593.000,31.000,1,1,pnp_visible_ransac,9,0.772,-17.4294,-0.495129,2.939561,-9.5610
2026-09-06T15:54:15.331,271,235,WAYPOINT_DRIVE,WAYPOINT_DRIVE,668,3,1788677655290.982,100.116,timestamp_domain.system_time,179879640.000,78.000,1,179879656.000,179879656.000,0.000,16.000,179879671.000,31.000,1,1,pnp_visible_ransac,9,0.879,-17.3785,-0.494830,2.936631,-9.5646
2026-09-06T15:54:15.411,272,236,WAYPOINT_DRIVE,WAYPOINT_DRIVE,670,2,1788677655357.790,66.808,timestamp_domain.system_time,179879718.000,78.000,1,179879734.000,179879750.000,16.000,32.000,179879750.000,32.000,1,1,pnp_visible_ransac,9,0.821,-17.3722,-0.495667,2.941520,-9.5649
2026-09-06T15:54:15.484,273,237,WAYPOINT_DRIVE,WAYPOINT_DRIVE,673,3,1788677655457.645,99.855,timestamp_domain.system_time,179879796.000,78.000,1,179879796.000,179879828.000,32.000,32.000,179879828.000,32.000,1,1,pnp_visible_ransac,9,0.837,-17.3230,-0.494342,2.944239,-9.5312
2026-09-06T15:54:15.565,274,238,WAYPOINT_DRIVE,WAYPOINT_DRIVE,675,2,1788677655524.395,66.750,timestamp_domain.system_time,179879890.000,94.000,1,179879890.000,179879906.000,16.000,16.000,179879906.000,16.000,1,1,pnp_visible_ransac,9,0.755,-17.3949,-0.491713,2.940142,-9.4943
2026-09-06T15:54:15.649,275,239,WAYPOINT_DRIVE,WAYPOINT_DRIVE,677,2,1788677655591.012,66.616,timestamp_domain.system_time,179879968.000,78.000,1,179879968.000,179879984.000,16.000,16.000,179879984.000,16.000,1,1,pnp_visible_ransac,9,0.825,-17.3744,-0.492952,2.943861,-9.5060
2026-09-06T15:54:15.723,276,240,WAYPOINT_DRIVE,WAYPOINT_DRIVE,680,3,1788677655691.162,100.150,timestamp_domain.system_time,179880046.000,78.000,1,179880046.000,179880062.000,16.000,16.000,179880062.000,16.000,1,1,pnp_visible_ransac,9,0.863,-17.3486,-0.494446,2.945006,-9.5307
2026-09-06T15:54:15.823,277,241,WAYPOINT_DRIVE,WAYPOINT_DRIVE,683,3,1788677655790.938,99.776,timestamp_domain.system_time,179880140.000,94.000,1,179880140.000,179880171.000,31.000,31.000,179880171.000,31.000,1,1,pnp_visible_ransac,9,0.789,-17.3305,-0.493900,2.946460,-9.5157
2026-09-06T15:54:15.916,278,242,WAYPOINT_DRIVE,WAYPOINT_DRIVE,685,2,1788677655857.768,66.831,timestamp_domain.system_time,179880218.000,78.000,1,179880234.000,179880250.000,16.000,32.000,179880250.000,32.000,1,1,pnp_visible_ransac,9,0.805,-17.3202,-0.493929,2.944561,-9.5223
2026-09-06T15:54:15.990,279,243,WAYPOINT_DRIVE,WAYPOINT_DRIVE,688,3,1788677655958.150,100.382,timestamp_domain.system_time,179880312.000,94.000,1,179880312.000,179880328.000,16.000,16.000,179880328.000,16.000,1,1,pnp_visible_ransac,9,0.845,-17.3777,-0.494821,2.937565,-9.5615
2026-09-06T15:54:16.078,280,244,WAYPOINT_DRIVE,WAYPOINT_DRIVE,690,2,1788677656024.633,66.483,timestamp_domain.system_time,179880390.000,78.000,1,179880390.000,179880421.000,31.000,31.000,179880421.000,31.000,1,1,pnp_visible_ransac,9,0.782,-17.3430,-0.493900,2.934301,-9.5544
2026-09-06T15:54:16.203,281,245,WAYPOINT_DRIVE,WAYPOINT_DRIVE,692,2,1788677656091.762,67.129,timestamp_domain.system_time,179880515.000,125.000,1,179880515.000,179880531.000,16.000,16.000,179880546.000,31.000,1,1,pnp_visible_ransac,9,0.798,-17.3324,-0.488771,2.927936,-9.4772
2026-09-06T15:54:16.289,282,246,WAYPOINT_DRIVE,WAYPOINT_DRIVE,696,4,1788677656224.675,132.914,timestamp_domain.system_time,179880609.000,94.000,1,179880609.000,179880625.000,16.000,16.000,179880625.000,16.000,1,1,pnp_visible_ransac,9,0.809,-17.3972,-0.489171,2.924014,-9.4973
2026-09-06T15:54:16.363,283,247,WAYPOINT_DRIVE,WAYPOINT_DRIVE,699,3,1788677656324.855,100.179,timestamp_domain.system_time,179880687.000,78.000,1,179880687.000,179880703.000,16.000,16.000,179880703.000,16.000,1,1,pnp_visible_ransac,9,0.755,-16.7802,-0.501625,2.967451,-9.5947
2026-09-06T15:54:16.444,284,248,WAYPOINT_DRIVE,WAYPOINT_DRIVE,701,2,1788677656391.649,66.794,timestamp_domain.system_time,179880765.000,78.000,1,179880765.000,179880781.000,16.000,16.000,179880781.000,16.000,1,1,pnp_visible_ransac,9,0.837,-16.7496,-0.500065,2.953975,-9.6083
2026-09-06T15:54:16.527,285,249,WAYPOINT_DRIVE,WAYPOINT_DRIVE,704,3,1788677656491.573,99.923,timestamp_domain.system_time,179880843.000,78.000,1,179880843.000,179880875.000,32.000,32.000,179880875.000,32.000,1,1,pnp_visible_ransac,9,0.775,-16.7457,-0.500956,2.944913,-9.6541
2026-09-06T15:54:16.606,286,250,WAYPOINT_DRIVE,WAYPOINT_DRIVE,706,2,1788677656558.436,66.863,timestamp_domain.system_time,179880921.000,78.000,1,179880921.000,179880937.000,16.000,16.000,179880953.000,32.000,1,1,pnp_visible_ransac,9,0.922,-16.7324,-0.503575,2.929464,-9.7538
2026-09-06T15:54:16.697,287,251,WAYPOINT_DRIVE,WAYPOINT_DRIVE,709,3,1788677656658.727,100.291,timestamp_domain.system_time,179881015.000,94.000,1,179881015.000,179881031.000,16.000,16.000,179881031.000,16.000,1,1,pnp_visible_ransac,9,0.939,-16.6116,-0.505037,2.902365,-9.8711
2026-09-06T15:54:16.783,288,252,WAYPOINT_DRIVE,WAYPOINT_DRIVE,711,2,1788677656724.867,66.141,timestamp_domain.system_time,179881093.000,78.000,1,179881093.000,179881125.000,32.000,32.000,179881125.000,32.000,1,1,pnp_visible_ransac,9,0.948,-16.5815,-0.502702,2.895360,-9.8497
2026-09-06T15:54:16.902,289,253,WAYPOINT_DRIVE,WAYPOINT_DRIVE,715,4,1788677656859.109,134.242,timestamp_domain.system_time,179881218.000,125.000,1,179881218.000,179881250.000,32.000,32.000,179881250.000,32.000,1,1,pnp_visible_ransac,9,0.964,-16.4685,-0.496570,2.865107,-9.8326
2026-09-06T15:54:16.984,290,254,WAYPOINT_DRIVE,WAYPOINT_DRIVE,717,2,1788677656925.099,65.990,timestamp_domain.system_time,179881296.000,78.000,1,179881296.000,179881328.000,32.000,32.000,179881328.000,32.000,1,1,pnp_visible_ransac,9,0.950,-16.6227,-0.497584,2.849183,-9.9063
2026-09-06T15:54:17.073,291,255,WAYPOINT_DRIVE,WAYPOINT_DRIVE,720,3,1788677657025.440,100.341,timestamp_domain.system_time,179881390.000,94.000,1,179881390.000,179881406.000,16.000,16.000,179881406.000,16.000,1,1,pnp_visible_ransac,9,0.719,-16.4572,-0.508267,2.841196,-10.1425
2026-09-06T15:54:17.151,292,256,WAYPOINT_DRIVE,WAYPOINT_DRIVE,722,2,1788677657092.568,67.127,timestamp_domain.system_time,179881468.000,78.000,1,179881468.000,179881500.000,32.000,32.000,179881500.000,32.000,1,1,pnp_visible_ransac,9,0.651,-16.4584,-0.506875,2.830329,-10.1533
2026-09-06T15:54:17.252,293,257,WAYPOINT_DRIVE,WAYPOINT_DRIVE,725,3,1788677657192.806,100.238,timestamp_domain.system_time,179881562.000,94.000,1,179881562.000,179881593.000,31.000,31.000,179881593.000,31.000,1,1,pnp_visible_ransac,9,0.747,-16.5352,-0.501007,2.807634,-10.1176
2026-09-06T15:54:17.332,294,258,WAYPOINT_DRIVE,WAYPOINT_DRIVE,728,3,1788677657292.311,99.505,timestamp_domain.system_time,179881640.000,78.000,1,179881640.000,179881671.000,31.000,31.000,179881671.000,31.000,1,1,pnp_visible_ransac,9,0.728,-16.5757,-0.501603,2.772972,-10.2534
2026-09-06T15:54:17.412,295,259,WAYPOINT_DRIVE,WAYPOINT_DRIVE,730,2,1788677657359.055,66.744,timestamp_domain.system_time,179881718.000,78.000,1,179881734.000,179881750.000,16.000,32.000,179881750.000,32.000,1,1,pnp_visible_ransac,9,0.639,-16.5897,-0.504159,2.754330,-10.3727
2026-09-06T15:54:17.493,296,260,WAYPOINT_DRIVE,WAYPOINT_DRIVE,733,3,1788677657459.059,100.004,timestamp_domain.system_time,179881812.000,94.000,1,179881812.000,179881828.000,16.000,16.000,179881828.000,16.000,1,1,pnp_visible_ransac,9,0.691,-16.6689,-0.501218,2.733858,-10.3891
2026-09-06T15:54:17.574,297,261,WAYPOINT_DRIVE,WAYPOINT_DRIVE,735,2,1788677657525.944,66.885,timestamp_domain.system_time,179881890.000,78.000,1,179881890.000,179881906.000,16.000,16.000,179881921.000,31.000,1,1,pnp_visible_ransac,9,0.758,-16.6180,-0.498143,2.710031,-10.4155
2026-09-06T15:54:17.655,298,262,WAYPOINT_DRIVE,WAYPOINT_DRIVE,738,3,1788677657625.656,99.711,timestamp_domain.system_time,179881968.000,78.000,1,179881968.000,179882000.000,32.000,32.000,179882000.000,32.000,1,1,pnp_visible_ransac,9,0.731,-17.3571,-0.499502,2.681174,-10.5532
2026-09-06T15:54:17.731,299,263,WAYPOINT_DRIVE,WAYPOINT_DRIVE,740,2,1788677657692.602,66.947,timestamp_domain.system_time,179882046.000,78.000,1,179882062.000,179882078.000,16.000,32.000,179882078.000,32.000,1,1,pnp_visible_ransac,9,0.727,-17.2241,-0.500573,2.663585,-10.6436
2026-09-06T15:54:17.835,300,264,WAYPOINT_DRIVE,WAYPOINT_DRIVE,743,3,1788677657792.401,99.799,timestamp_domain.system_time,179882156.000,110.000,1,179882156.000,179882171.000,15.000,15.000,179882171.000,15.000,1,1,pnp_visible_ransac,9,0.811,-17.2078,-0.495302,2.636459,-10.6399
2026-09-06T15:54:17.919,301,265,WAYPOINT_DRIVE,WAYPOINT_DRIVE,746,3,1788677657892.964,100.563,timestamp_domain.system_time,179882234.000,78.000,1,179882250.000,179882265.000,15.000,31.000,179882265.000,31.000,1,1,pnp_visible_ransac,9,0.896,-17.5652,-0.498455,2.607268,-10.8232
2026-09-06T15:54:17.986,302,266,WAYPOINT_DRIVE_SETTLE,WAYPOINT_DRIVE_SETTLE,748,2,1788677657959.064,66.100,timestamp_domain.system_time,179882312.000,78.000,1,179882312.000,179882328.000,16.000,16.000,179882328.000,16.000,1,1,pnp_visible_ransac,9,0.871,-17.5465,-0.500582,2.580615,-10.9778
2026-09-06T15:54:18.043,303,267,WAYPOINT_DRIVE_SETTLE,WAYPOINT_DRIVE_SETTLE,749,1,1788677657992.522,33.458,timestamp_domain.system_time,179882359.000,47.000,1,179882359.000,179882390.000,31.000,31.000,179882390.000,31.000,1,1,pnp_visible_ransac,9,0.893,-17.6788,-0.500543,2.568800,-11.0262
2026-09-06T15:54:18.105,304,268,WAYPOINT_DRIVE_SETTLE,WAYPOINT_DRIVE_SETTLE,751,2,1788677658059.312,66.791,timestamp_domain.system_time,179882437.000,78.000,1,179882437.000,179882453.000,16.000,16.000,179882453.000,16.000,0,0,,,,,,,
2026-09-06T15:54:18.168,305,269,WAYPOINT_DRIVE_SETTLE,WAYPOINT_DRIVE_SETTLE,753,2,1788677658126.205,66.893,timestamp_domain.system_time,179882500.000,63.000,1,179882500.000,179882515.000,15.000,15.000,179882515.000,15.000,0,0,,,,,,,
2026-09-06T15:54:18.287,306,270,WAYPOINT_DRIVE_SETTLE,WAYPOINT_DRIVE_SETTLE,756,3,1788677658226.173,99.968,timestamp_domain.system_time,179882609.000,109.000,1,179882609.000,179882625.000,16.000,16.000,179882625.000,16.000,1,1,pnp_visible_ransac,9,0.610,-18.5154,-0.504661,2.538149,-11.2455
2026-09-06T15:54:18.351,307,271,WAYPOINT_DRIVE_SETTLE,WAYPOINT_DRIVE_SETTLE,759,3,1788677658326.235,100.062,timestamp_domain.system_time,179882671.000,62.000,1,179882671.000,179882687.000,16.000,16.000,179882687.000,16.000,1,1,pnp_visible_ransac,9,0.700,-18.3100,-0.494257,2.524379,-11.0780
2026-09-06T15:54:18.414,308,272,WAYPOINT_DRIVE_SETTLE,WAYPOINT_DRIVE_SETTLE,761,2,1788677658392.869,66.634,timestamp_domain.system_time,179882750.000,79.000,1,179882750.000,179882750.000,0.000,0.000,179882750.000,0.000,1,1,pnp_visible_ransac,9,0.711,-18.2466,-0.493882,2.514748,-11.1112
2026-09-06T15:54:18.479,309,273,WAYPOINT_DRIVE_SETTLE,WAYPOINT_DRIVE_SETTLE,763,2,1788677658459.703,66.834,timestamp_domain.system_time,179882812.000,62.000,1,179882812.000,179882812.000,0.000,0.000,179882812.000,0.000,1,1,pnp_visible_ransac,9,0.593,-18.4493,-0.502061,2.516623,-11.2823
2026-09-06T15:54:18.549,310,274,WAYPOINT_DRIVE_SETTLE,WAYPOINT_DRIVE_SETTLE,765,2,1788677658526.384,66.680,timestamp_domain.system_time,179882859.000,47.000,1,179882875.000,179882875.000,0.000,16.000,179882890.000,31.000,1,1,pnp_visible_ransac,9,0.701,-18.5067,-0.511953,2.520539,-11.4813
2026-09-06T15:54:18.613,311,275,WAYPOINT_DRIVE_SETTLE,WAYPOINT_DRIVE_SETTLE,766,1,1788677658559.791,33.408,timestamp_domain.system_time,179882937.000,78.000,1,179882937.000,179882937.000,0.000,0.000,179882953.000,16.000,1,1,pnp_visible_ransac,9,0.650,-18.6162,-0.515345,2.518209,-11.5657
2026-09-06T15:54:18.687,312,276,WAYPOINT_DRIVE_SETTLE,WAYPOINT_DRIVE_SETTLE,769,3,1788677658659.783,99.992,timestamp_domain.system_time,179883000.000,63.000,1,179883015.000,179883031.000,16.000,31.000,179883031.000,31.000,1,1,pnp_visible_ransac,9,0.681,-18.6850,-0.516338,2.517130,-11.5923
2026-09-06T15:54:18.758,313,277,WAYPOINT_DRIVE_SETTLE,WAYPOINT_DRIVE_SETTLE,771,2,1788677658726.531,66.748,timestamp_domain.system_time,179883078.000,78.000,1,179883078.000,179883093.000,15.000,15.000,179883093.000,15.000,1,1,pnp_visible_ransac,9,0.742,-18.5742,-0.514586,2.517487,-11.5524
2026-09-06T15:54:18.830,314,278,WAYPOINT_DRIVE_SETTLE,WAYPOINT_DRIVE_SETTLE,773,2,1788677658792.895,66.364,timestamp_domain.system_time,179883156.000,78.000,1,179883156.000,179883156.000,0.000,0.000,179883171.000,15.000,1,1,pnp_visible_ransac,9,0.674,-18.3999,-0.514253,2.519978,-11.5340
2026-09-06T15:54:18.898,315,279,WAYPOINT_DRIVE_SETTLE,WAYPOINT_DRIVE_SETTLE,775,2,1788677658859.524,66.629,timestamp_domain.system_time,179883218.000,62.000,1,179883218.000,179883234.000,16.000,16.000,179883234.000,16.000,1,1,pnp_visible_ransac,9,0.717,-18.5600,-0.512704,2.525635,-11.4751
2026-09-06T15:54:18.961,316,280,WAYPOINT_DRIVE_SETTLE,WAYPOINT_DRIVE_SETTLE,777,2,1788677658926.670,67.146,timestamp_domain.system_time,179883281.000,63.000,1,179883281.000,179883296.000,15.000,15.000,179883296.000,15.000,1,1,pnp_visible_ransac,9,0.682,-18.5791,-0.513644,2.526764,-11.4906
2026-09-06T15:54:19.022,317,281,WAYPOINT_DRIVE_SETTLE,WAYPOINT_DRIVE_SETTLE,779,2,1788677658993.484,66.814,timestamp_domain.system_time,179883343.000,62.000,1,179883343.000,179883359.000,16.000,16.000,179883359.000,16.000,1,1,pnp_visible_ransac,9,0.675,-18.5225,-0.515471,2.515752,-11.5795
2026-09-06T15:54:19.087,318,282,WAYPOINT_DRIVE_SETTLE,WAYPOINT_DRIVE_SETTLE,781,2,1788677659060.137,66.654,timestamp_domain.system_time,179883406.000,63.000,1,179883406.000,179883421.000,15.000,15.000,179883421.000,15.000,1,1,pnp_visible_ransac,9,0.663,-18.5078,-0.515099,2.519113,-11.5563
2026-09-06T15:54:19.152,319,283,WAYPOINT_DRIVE_SETTLE,WAYPOINT_DRIVE_SETTLE,783,2,1788677659126.904,66.767,timestamp_domain.system_time,179883468.000,62.000,1,179883484.000,179883500.000,16.000,32.000,179883500.000,32.000,1,1,pnp_visible_ransac,9,0.667,-18.5069,-0.515013,2.526684,-11.5208
2026-09-06T15:54:19.305,320,284,WAYPOINT_DRIVE_SETTLE,WAYPOINT_DRIVE_SETTLE,786,3,1788677659226.940,100.036,timestamp_domain.system_time,179883609.000,141.000,1,179883609.000,179883640.000,31.000,31.000,179883640.000,31.000,1,1,pnp_visible_ransac,9,0.648,-18.5820,-0.515186,2.523818,-11.5373
2026-09-06T15:54:19.372,321,285,WAYPOINT_DRIVE_SETTLE,WAYPOINT_DRIVE_SETTLE,789,3,1788677659326.965,100.026,timestamp_domain.system_time,179883687.000,78.000,1,179883687.000,179883718.000,31.000,31.000,179883718.000,31.000,1,1,pnp_visible_ransac,9,0.663,-18.5779,-0.515047,2.515378,-11.5719
2026-09-06T15:54:19.432,322,286,WAYPOINT_DRIVE_SETTLE,WAYPOINT_DRIVE_SETTLE,791,2,1788677659393.648,66.683,timestamp_domain.system_time,179883765.000,78.000,1,179883765.000,179883765.000,0.000,0.000,179883765.000,0.000,1,1,pnp_visible_ransac,9,0.652,-18.4616,-0.515421,2.519861,-11.5600
2026-09-06T15:54:19.505,323,287,WAYPOINT_DRIVE_SETTLE,WAYPOINT_DRIVE_SETTLE,793,2,1788677659460.396,66.748,timestamp_domain.system_time,179883828.000,63.000,1,179883828.000,179883843.000,15.000,15.000,179883843.000,15.000,1,1,pnp_visible_ransac,9,0.665,-18.4180,-0.515301,2.522591,-11.5452
2026-09-06T15:54:19.562,324,288,WAYPOINT_DRIVE_SETTLE,WAYPOINT_DRIVE_SETTLE,795,2,1788677659527.034,66.637,timestamp_domain.system_time,179883875.000,47.000,1,179883890.000,179883906.000,16.000,31.000,179883906.000,31.000,1,1,pnp_visible_ransac,9,0.651,-18.4435,-0.515780,2.525038,-11.5448
2026-09-06T15:54:19.629,325,289,WAYPOINT_DRIVE_SETTLE,WAYPOINT_DRIVE_SETTLE,797,2,1788677659593.838,66.804,timestamp_domain.system_time,179883953.000,78.000,1,179883953.000,179883968.000,15.000,15.000,179883968.000,15.000,1,1,pnp_visible_ransac,9,0.678,-18.4606,-0.515514,2.520581,-11.5588
2026-09-06T15:54:19.696,326,290,WAYPOINT_DRIVE_SETTLE,WAYPOINT_DRIVE_SETTLE,799,2,1788677659660.653,66.815,timestamp_domain.system_time,179884015.000,62.000,1,179884015.000,179884031.000,16.000,16.000,179884031.000,16.000,1,1,pnp_visible_ransac,9,0.621,-18.5156,-0.514974,2.517098,-11.5626
2026-09-06T15:54:19.771,327,291,WAYPOINT_DRIVE_SETTLE,WAYPOINT_DRIVE_SETTLE,801,2,1788677659727.292,66.639,timestamp_domain.system_time,179884078.000,63.000,1,179884078.000,179884109.000,31.000,31.000,179884109.000,31.000,1,1,pnp_visible_ransac,9,0.609,-18.5741,-0.515123,2.519218,-11.5564
2026-09-06T15:54:19.836,328,292,WAYPOINT_DRIVE_SETTLE,WAYPOINT_DRIVE_SETTLE,803,2,1788677659793.698,66.406,timestamp_domain.system_time,179884156.000,78.000,1,179884156.000,179884171.000,15.000,15.000,179884171.000,15.000,1,1,pnp_visible_ransac,9,0.645,-18.4421,-0.515137,2.521605,-11.5460
2026-09-06T15:54:19.896,329,293,WAYPOINT_DRIVE_SETTLE,WAYPOINT_DRIVE_SETTLE,805,2,1788677659860.435,66.738,timestamp_domain.system_time,179884218.000,62.000,1,179884218.000,179884234.000,16.000,16.000,179884234.000,16.000,1,1,pnp_visible_ransac,9,0.673,-18.5477,-0.514306,2.519133,-11.5389
2026-09-06T15:54:19.963,330,294,WAYPOINT_DRIVE_SETTLE,WAYPOINT_DRIVE_SETTLE,807,2,1788677659927.445,67.010,timestamp_domain.system_time,179884281.000,63.000,1,179884281.000,179884296.000,15.000,15.000,179884296.000,15.000,1,1,pnp_visible_ransac,9,0.639,-18.5911,-0.514863,2.517726,-11.5574
2026-09-06T15:54:20.022,331,295,WAYPOINT_DRIVE_SETTLE,WAYPOINT_DRIVE_SETTLE,809,2,1788677659994.034,66.588,timestamp_domain.system_time,179884343.000,62.000,1,179884343.000,179884359.000,16.000,16.000,179884359.000,16.000,1,1,pnp_visible_ransac,9,0.627,-18.5484,-0.514945,2.516310,-11.5655
2026-09-06T15:54:20.087,332,296,WAYPOINT_DRIVE_SETTLE,WAYPOINT_DRIVE_SETTLE,811,2,1788677660060.980,66.947,timestamp_domain.system_time,179884406.000,63.000,1,179884406.000,179884421.000,15.000,15.000,179884421.000,15.000,1,1,pnp_visible_ransac,9,0.669,-18.5056,-0.515080,2.518039,-11.5607
2026-09-06T15:54:20.143,333,297,WAYPOINT_DRIVE_SETTLE,WAYPOINT_DRIVE_SETTLE,813,2,1788677660128.409,67.428,timestamp_domain.system_time,179884468.000,62.000,1,179884468.000,179884484.000,16.000,16.000,179884484.000,16.000,1,1,pnp_visible_ransac,9,0.673,-18.4316,-0.515732,2.521412,-11.5599
2026-09-06T15:54:20.213,334,298,WAYPOINT_DRIVE_SETTLE,WAYPOINT_DRIVE_SETTLE,813,0,1788677660128.409,0.000,timestamp_domain.system_time,179884531.000,63.000,1,179884531.000,179884546.000,15.000,15.000,179884546.000,15.000,1,1,pnp_visible_ransac,9,0.673,-18.4316,-0.515732,2.521412,-11.5599
2026-09-06T15:54:20.336,335,299,WAYPOINT_DRIVE_SETTLE,WAYPOINT_DRIVE_SETTLE,817,4,1788677660260.810,132.401,timestamp_domain.system_time,179884640.000,109.000,1,179884640.000,179884671.000,31.000,31.000,179884671.000,31.000,1,1,pnp_visible_ransac,9,0.671,-18.4314,-0.514923,2.515985,-11.5665
2026-09-06T15:54:20.391,336,300,WAYPOINT_DRIVE_SETTLE,WAYPOINT_DRIVE_SETTLE,820,3,1788677660360.936,100.126,timestamp_domain.system_time,179884718.000,78.000,1,179884718.000,179884734.000,16.000,16.000,179884734.000,16.000,1,1,pnp_visible_ransac,9,0.635,-18.5065,-0.515113,2.517860,-11.5622
2026-09-06T15:54:20.457,337,301,WAYPOINT_DRIVE_SETTLE,WAYPOINT_DRIVE_SETTLE,822,2,1788677660427.711,66.775,timestamp_domain.system_time,179884781.000,63.000,1,179884781.000,179884796.000,15.000,15.000,179884796.000,15.000,1,1,pnp_visible_ransac,9,0.622,-18.5369,-0.514798,2.519250,-11.5492
2026-09-06T15:54:20.521,338,302,WAYPOINT_DRIVE_SETTLE,WAYPOINT_DRIVE_SETTLE,824,2,1788677660494.514,66.803,timestamp_domain.system_time,179884843.000,62.000,1,179884843.000,179884859.000,16.000,16.000,179884859.000,16.000,1,1,pnp_visible_ransac,9,0.659,-18.5075,-0.515167,2.521048,-11.5492
2026-09-06T15:54:20.588,339,303,WAYPOINT_DRIVE_SETTLE,WAYPOINT_DRIVE_SETTLE,826,2,1788677660561.219,66.705,timestamp_domain.system_time,179884906.000,63.000,1,179884921.000,179884921.000,0.000,15.000,179884921.000,15.000,1,1,pnp_visible_ransac,9,0.589,-18.4729,-0.515382,2.521455,-11.5521
2026-09-06T15:54:20.655,340,304,WAYPOINT_DRIVE_SETTLE,WAYPOINT_DRIVE_SETTLE,828,2,1788677660627.852,66.634,timestamp_domain.system_time,179884968.000,62.000,1,179884968.000,179885000.000,32.000,32.000,179885000.000,32.000,1,1,pnp_visible_ransac,9,0.613,-18.4971,-0.515112,2.518384,-11.5599
2026-09-06T15:54:20.719,341,305,WAYPOINT_DRIVE_SETTLE,WAYPOINT_DRIVE_SETTLE,830,2,1788677660694.659,66.807,timestamp_domain.system_time,179885046.000,78.000,1,179885046.000,179885062.000,16.000,16.000,179885062.000,16.000,1,1,pnp_visible_ransac,9,0.635,-18.5255,-0.514906,2.518866,-11.5532
2026-09-06T15:54:20.776,342,306,WAYPOINT_DRIVE_SETTLE,WAYPOINT_DRIVE_SETTLE,832,2,1788677660761.170,66.510,timestamp_domain.system_time,179885109.000,63.000,1,179885109.000,179885109.000,0.000,0.000,179885109.000,0.000,1,1,pnp_visible_ransac,9,0.624,-18.5506,-0.515028,2.519320,-11.5539
2026-09-06T15:54:20.842,343,307,WAYPOINT_DRIVE_SETTLE,WAYPOINT_DRIVE_SETTLE,833,1,1788677660794.379,33.209,timestamp_domain.system_time,179885156.000,47.000,1,179885156.000,179885187.000,31.000,31.000,179885187.000,31.000,1,1,pnp_visible_ransac,9,0.667,-18.4609,-0.515507,2.520572,-11.5587
2026-09-06T15:54:20.903,344,308,WAYPOINT_DRIVE_SETTLE,WAYPOINT_DRIVE_SETTLE,835,2,1788677660861.590,67.211,timestamp_domain.system_time,179885218.000,62.000,1,179885218.000,179885250.000,32.000,32.000,179885250.000,32.000,1,1,pnp_visible_ransac,9,0.629,-18.4339,-0.515655,2.521180,-11.5592
2026-09-06T15:54:20.963,345,309,WAYPOINT_DRIVE_SETTLE,WAYPOINT_DRIVE_SETTLE,837,2,1788677660928.117,66.528,timestamp_domain.system_time,179885281.000,63.000,1,179885296.000,179885296.000,0.000,15.000,179885296.000,15.000,1,1,pnp_visible_ransac,9,0.690,-18.5400,-0.515139,2.520253,-11.5521
2026-09-06T15:54:21.023,346,310,WAYPOINT_DRIVE_SETTLE,WAYPOINT_DRIVE_SETTLE,839,2,1788677660994.952,66.835,timestamp_domain.system_time,179885343.000,62.000,1,179885359.000,179885359.000,0.000,16.000,179885359.000,16.000,1,1,pnp_visible_ransac,9,0.588,-18.4941,-0.515242,2.518259,-11.5633
2026-09-06T15:54:21.094,347,311,WAYPOINT_DRIVE_SETTLE,WAYPOINT_DRIVE_SETTLE,841,2,1788677661061.465,66.513,timestamp_domain.system_time,179885406.000,63.000,1,179885406.000,179885437.000,31.000,31.000,179885437.000,31.000,1,1,pnp_visible_ransac,9,0.614,-18.5196,-0.514857,2.517319,-11.5591
2026-09-06T15:54:21.160,348,312,WAYPOINT_DRIVE_SETTLE,WAYPOINT_DRIVE_SETTLE,843,2,1788677661128.897,67.432,timestamp_domain.system_time,179885484.000,78.000,1,179885484.000,179885484.000,0.000,0.000,179885500.000,16.000,1,1,pnp_visible_ransac,9,0.611,-18.5084,-0.515011,2.518790,-11.5558
2026-09-06T15:54:21.224,349,313,WAYPOINT_DRIVE_SETTLE,WAYPOINT_DRIVE_SETTLE,843,0,1788677661128.897,0.000,timestamp_domain.system_time,179885546.000,62.000,1,179885546.000,179885562.000,16.000,16.000,179885562.000,16.000,1,1,pnp_visible_ransac,9,0.611,-18.5084,-0.515011,2.518790,-11.5558
2026-09-06T15:54:21.318,350,314,WAYPOINT_DRIVE_SETTLE,WAYPOINT_DRIVE_SETTLE,845,2,1788677661194.828,65.931,timestamp_domain.system_time,179885640.000,94.000,1,179885640.000,179885656.000,16.000,16.000,179885656.000,16.000,1,1,pnp_visible_ransac,9,0.685,-18.4858,-0.515331,2.520119,-11.5569
2026-09-06T15:54:21.382,351,315,WAYPOINT_DRIVE_SETTLE,WAYPOINT_DRIVE_SETTLE,849,4,1788677661328.402,133.574,timestamp_domain.system_time,179885703.000,63.000,1,179885703.000,179885718.000,15.000,15.000,179885718.000,15.000,1,1,pnp_visible_ransac,9,0.718,-18.5044,-0.515701,2.519078,-11.5696
2026-09-06T15:54:21.444,352,316,WAYPOINT_DRIVE_SETTLE,WAYPOINT_DRIVE_SETTLE,851,2,1788677661395.019,66.616,timestamp_domain.system_time,179885765.000,62.000,1,179885765.000,179885781.000,16.000,16.000,179885781.000,16.000,1,1,pnp_visible_ransac,9,0.601,-18.5805,-0.515027,2.519264,-11.5541
2026-09-06T15:54:21.504,353,317,WAYPOINT_DRIVE_SETTLE,WAYPOINT_DRIVE_SETTLE,853,2,1788677661461.705,66.686,timestamp_domain.system_time,179885828.000,63.000,1,179885828.000,179885843.000,15.000,15.000,179885843.000,15.000,1,1,pnp_visible_ransac,9,0.670,-18.4644,-0.515394,2.520785,-11.5553
2026-09-06T15:54:21.571,354,318,WAYPOINT_DRIVE_SETTLE,WAYPOINT_DRIVE_SETTLE,855,2,1788677661528.646,66.942,timestamp_domain.system_time,179885890.000,62.000,1,179885890.000,179885906.000,16.000,16.000,179885906.000,16.000,1,1,pnp_visible_ransac,9,0.610,-18.4981,-0.515071,2.518260,-11.5595
2026-09-06T15:54:21.638,355,319,WAYPOINT_DRIVE_SETTLE,WAYPOINT_DRIVE_SETTLE,857,2,1788677661595.063,66.416,timestamp_domain.system_time,179885953.000,63.000,1,179885953.000,179885984.000,31.000,31.000,179885984.000,31.000,1,1,pnp_visible_ransac,9,0.615,-18.4575,-0.515870,2.518241,-11.5771
2026-09-06T15:54:21.702,356,320,STAGING_PLAN,STAGING_PLAN,859,2,1788677661662.174,67.112,timestamp_domain.system_time,179886015.000,62.000,1,179886015.000,179886046.000,31.000,31.000,179886046.000,31.000,1,1,pnp_visible_ransac,9,0.661,-18.5018,-0.515088,2.517385,-11.5638
2026-09-06T15:54:21.774,357,321,STAGING_PLAN,STAGING_PLAN,861,2,1788677661728.550,66.375,timestamp_domain.system_time,179886078.000,63.000,1,179886078.000,179886109.000,31.000,31.000,179886109.000,31.000,1,1,pnp_visible_ransac,9,0.659,-18.4915,-0.515148,2.516855,-11.5675
2026-09-06T15:54:21.834,358,322,STAGING_PLAN,STAGING_PLAN,863,2,1788677661795.349,66.800,timestamp_domain.system_time,179886171.000,93.000,1,179886171.000,179886171.000,0.000,0.000,179886171.000,0.000,1,1,pnp_visible_ransac,9,0.615,-18.5052,-0.515074,2.519661,-11.5533
2026-09-06T15:54:21.901,359,323,STAGING_PLAN,STAGING_PLAN,865,2,1788677661862.078,66.729,timestamp_domain.system_time,179886218.000,47.000,1,179886234.000,179886234.000,0.000,16.000,179886234.000,16.000,1,1,pnp_visible_ransac,9,0.695,-18.5147,-0.514899,2.517104,-11.5609
2026-09-06T15:54:21.968,360,324,STAGING_PLAN,STAGING_PLAN,867,2,1788677661928.898,66.820,timestamp_domain.system_time,179886281.000,63.000,1,179886296.000,179886312.000,16.000,31.000,179886312.000,31.000,1,1,pnp_visible_ransac,9,0.688,-18.4370,-0.515035,2.515234,-11.5723
2026-09-06T15:54:22.036,361,325,STAGING_PLAN,STAGING_PLAN,869,2,1788677661995.579,66.681,timestamp_domain.system_time,179886359.000,78.000,1,179886359.000,179886375.000,16.000,16.000,179886375.000,16.000,1,1,pnp_visible_ransac,9,0.731,-18.4915,-0.515191,2.517025,-11.5677
2026-09-06T15:54:22.100,362,326,STAGING_PLAN,STAGING_PLAN,871,2,1788677662062.227,66.649,timestamp_domain.system_time,179886421.000,62.000,1,179886421.000,179886437.000,16.000,16.000,179886437.000,16.000,1,1,pnp_visible_ransac,9,0.661,-18.5275,-0.514934,2.518710,-11.5545
2026-09-06T15:54:22.160,363,327,STAGING_PLAN,STAGING_PLAN,873,2,1788677662129.140,66.913,timestamp_domain.system_time,179886484.000,63.000,1,179886484.000,179886500.000,16.000,16.000,179886500.000,16.000,1,1,pnp_visible_ransac,9,0.649,-18.5103,-0.515544,2.520127,-11.5615
2026-09-06T15:54:22.222,364,328,STAGING_PLAN,STAGING_PLAN,874,1,1788677662162.280,33.140,timestamp_domain.system_time,179886546.000,62.000,1,179886546.000,179886562.000,16.000,16.000,179886562.000,16.000,1,1,pnp_visible_ransac,9,0.638,-18.5403,-0.514857,2.518530,-11.5536
2026-09-06T15:54:22.322,365,329,STAGING_PLAN,STAGING_PLAN,877,3,1788677662262.954,100.674,timestamp_domain.system_time,179886640.000,94.000,1,179886640.000,179886656.000,16.000,16.000,179886656.000,16.000,1,1,pnp_visible_ransac,9,0.717,-18.5326,-0.514932,2.517432,-11.5602
2026-09-06T15:54:22.397,366,330,RECENTER_ROTATE,RECENTER_ROTATE,880,3,1788677662362.368,99.414,timestamp_domain.system_time,179886718.000,78.000,1,179886718.000,179886734.000,16.000,16.000,179886734.000,16.000,1,1,pnp_visible_ransac,9,0.648,-18.6166,-0.514712,2.519053,-11.5481
2026-09-06T15:54:22.468,367,331,RECENTER_ROTATE,RECENTER_ROTATE,882,2,1788677662429.077,66.709,timestamp_domain.system_time,179886796.000,78.000,1,179886796.000,179886812.000,16.000,16.000,179886812.000,16.000,1,1,pnp_visible_ransac,9,0.633,-18.4457,-0.515454,2.517537,-11.5711
2026-09-06T15:54:22.528,368,332,RECENTER_ROTATE,RECENTER_ROTATE,884,2,1788677662495.849,66.772,timestamp_domain.system_time,179886843.000,47.000,1,179886843.000,179886875.000,32.000,32.000,179886875.000,32.000,1,1,pnp_visible_ransac,9,0.693,-18.5076,-0.515109,2.517884,-11.5620
2026-09-06T15:54:22.594,369,333,RECENTER_ROTATE,RECENTER_ROTATE,886,2,1788677662562.588,66.739,timestamp_domain.system_time,179886921.000,78.000,1,179886921.000,179886921.000,0.000,0.000,179886937.000,16.000,1,1,pnp_visible_ransac,9,0.729,-18.4642,-0.515176,2.516371,-11.5703
2026-09-06T15:54:22.654,370,334,RECENTER_ROTATE,RECENTER_ROTATE,888,2,1788677662629.279,66.690,timestamp_domain.system_time,179886968.000,47.000,1,179886968.000,179887000.000,32.000,32.000,179887000.000,32.000,1,1,pnp_visible_ransac,9,0.681,-18.4583,-0.515481,2.519442,-11.5632
2026-09-06T15:54:22.715,371,335,RECENTER_ROTATE,RECENTER_ROTATE,890,2,1788677662696.187,66.908,timestamp_domain.system_time,179887046.000,78.000,1,179887046.000,179887062.000,16.000,16.000,179887062.000,16.000,1,1,pnp_visible_ransac,9,0.676,-18.4534,-0.515510,2.519175,-11.5650
2026-09-06T15:54:22.785,372,336,RECENTER_ROTATE,RECENTER_ROTATE,891,1,1788677662729.311,33.125,timestamp_domain.system_time,179887109.000,63.000,1,179887109.000,179887125.000,16.000,16.000,179887125.000,16.000,1,1,pnp_visible_ransac,9,0.596,-18.5858,-0.514995,2.519527,-11.5522
2026-09-06T15:54:22.850,373,337,RECENTER_ROTATE,RECENTER_ROTATE,894,3,1788677662829.356,100.045,timestamp_domain.system_time,179887171.000,62.000,1,179887171.000,179887187.000,16.000,16.000,179887187.000,16.000,1,1,pnp_visible_ransac,9,0.632,-18.5252,-0.514926,2.518941,-11.5533
2026-09-06T15:54:22.919,374,338,RECENTER_ROTATE,RECENTER_ROTATE,895,1,1788677662862.561,33.205,timestamp_domain.system_time,179887234.000,63.000,1,179887234.000,179887265.000,31.000,31.000,179887265.000,31.000,1,1,pnp_visible_ransac,9,0.699,-18.3982,-0.515407,2.518846,-11.5642
2026-09-06T15:54:22.979,375,339,RECENTER_ROTATE,RECENTER_ROTATE,897,2,1788677662929.412,66.852,timestamp_domain.system_time,179887296.000,62.000,1,179887296.000,179887312.000,16.000,16.000,179887312.000,16.000,1,1,pnp_visible_ransac,9,0.683,-18.4171,-0.515452,2.518903,-11.5650
2026-09-06T15:54:23.042,376,340,RECENTER_ROTATE,RECENTER_ROTATE,899,2,1788677662996.132,66.720,timestamp_domain.system_time,179887359.000,63.000,1,179887359.000,179887390.000,31.000,31.000,179887390.000,31.000,1,1,pnp_visible_ransac,9,0.702,-18.5182,-0.514966,2.517710,-11.5597
2026-09-06T15:54:23.101,377,341,RECENTER_ROTATE,RECENTER_ROTATE,901,2,1788677663063.145,67.013,timestamp_domain.system_time,179887421.000,62.000,1,179887421.000,179887437.000,16.000,16.000,179887437.000,16.000,1,1,pnp_visible_ransac,9,0.675,-18.4805,-0.515211,2.519579,-11.5567
2026-09-06T15:54:23.170,378,342,RECENTER_ROTATE,RECENTER_ROTATE,903,2,1788677663129.724,66.579,timestamp_domain.system_time,179887484.000,63.000,1,179887500.000,179887515.000,15.000,31.000,179887515.000,31.000,1,1,pnp_visible_ransac,9,0.658,-18.5715,-0.514615,2.518249,-11.5496
2026-09-06T15:54:23.230,379,343,RECENTER_ROTATE,RECENTER_ROTATE,904,1,1788677663163.138,33.413,timestamp_domain.system_time,179887546.000,62.000,1,179887546.000,179887578.000,32.000,32.000,179887578.000,32.000,1,1,pnp_visible_ransac,9,0.652,-18.4909,-0.515195,2.521232,-11.5490
2026-09-06T15:54:23.319,380,344,RECENTER_ROTATE,RECENTER_ROTATE,905,1,1788677663196.758,33.620,timestamp_domain.system_time,179887640.000,94.000,1,179887640.000,179887656.000,16.000,16.000,179887656.000,16.000,1,1,pnp_visible_ransac,9,0.677,-18.4609,-0.514123,2.520482,-11.5289
2026-09-06T15:54:23.382,381,345,RECENTER_ROTATE,RECENTER_ROTATE,909,4,1788677663329.630,132.873,timestamp_domain.system_time,179887703.000,63.000,1,179887703.000,179887718.000,15.000,15.000,179887718.000,15.000,1,1,pnp_visible_ransac,9,0.706,-18.5306,-0.502589,2.522160,-11.2697
2026-09-06T15:54:23.448,382,346,RECENTER_ROTATE,RECENTER_ROTATE,911,2,1788677663396.537,66.907,timestamp_domain.system_time,179887765.000,62.000,1,179887765.000,179887781.000,16.000,16.000,179887781.000,16.000,1,1,pnp_visible_ransac,9,0.649,-18.5413,-0.496986,2.518839,-11.1615
2026-09-06T15:54:23.506,383,347,RECENTER_ROTATE,RECENTER_ROTATE,913,2,1788677663463.137,66.600,timestamp_domain.system_time,179887828.000,63.000,1,179887843.000,179887843.000,0.000,15.000,179887843.000,15.000,1,1,pnp_visible_ransac,9,0.680,-18.3749,-0.497191,2.518924,-11.1656
2026-09-06T15:54:23.580,384,348,RECENTER_ROTATE,RECENTER_ROTATE,915,2,1788677663529.992,66.855,timestamp_domain.system_time,179887906.000,78.000,1,179887906.000,179887921.000,15.000,15.000,179887921.000,15.000,1,1,pnp_visible_ransac,9,0.745,-18.3160,-0.490883,2.523017,-11.0100
2026-09-06T15:54:23.640,385,349,RECENTER_ROTATE,RECENTER_ROTATE,917,2,1788677663596.621,66.629,timestamp_domain.system_time,179887968.000,62.000,1,179887968.000,179887984.000,16.000,16.000,179887984.000,16.000,1,1,pnp_visible_ransac,9,0.713,-18.0455,-0.478769,2.528624,-10.7214
2026-09-06T15:54:23.711,386,350,RECENTER_ROTATE,RECENTER_ROTATE,919,2,1788677663663.300,66.679,timestamp_domain.system_time,179888031.000,63.000,1,179888031.000,179888046.000,15.000,15.000,179888046.000,15.000,1,1,pnp_visible_ransac,9,0.879,-17.8021,-0.459725,2.523867,-10.3233
2026-09-06T15:54:23.784,387,351,RECENTER_ROTATE,RECENTER_ROTATE,921,2,1788677663730.288,66.989,timestamp_domain.system_time,179888093.000,62.000,1,179888093.000,179888125.000,32.000,32.000,179888125.000,32.000,1,1,pnp_visible_ransac,9,0.975,-17.5360,-0.439802,2.529385,-9.8638
2026-09-06T15:54:23.850,388,352,RECENTER_ROTATE,RECENTER_ROTATE,924,3,1788677663830.049,99.761,timestamp_domain.system_time,179888171.000,78.000,1,179888171.000,179888187.000,16.000,16.000,179888187.000,16.000,1,1,pnp_visible_ransac,9,0.992,-17.4771,-0.404307,2.532796,-9.0695
2026-09-06T15:54:23.914,389,353,RECENTER_ROTATE,RECENTER_ROTATE,925,1,1788677663863.252,33.202,timestamp_domain.system_time,179888234.000,63.000,1,179888234.000,179888250.000,16.000,16.000,179888250.000,16.000,0,0,,,,,,,
2026-09-06T15:54:23.987,390,354,RECENTER_ROTATE,RECENTER_ROTATE,928,3,1788677663963.593,100.341,timestamp_domain.system_time,179888312.000,78.000,1,179888312.000,179888328.000,16.000,16.000,179888328.000,16.000,0,0,,,,,,,
2026-09-06T15:54:24.063,391,355,RECENTER_ROTATE,RECENTER_ROTATE,930,2,1788677664030.173,66.580,timestamp_domain.system_time,179888375.000,63.000,1,179888390.000,179888406.000,16.000,31.000,179888406.000,31.000,0,0,,,,,,,
2026-09-06T15:54:24.130,392,356,RECENTER_ROTATE,RECENTER_ROTATE,932,2,1788677664096.949,66.776,timestamp_domain.system_time,179888453.000,78.000,1,179888453.000,179888468.000,15.000,15.000,179888468.000,15.000,1,1,pnp_visible_ransac,9,0.855,-13.8446,-0.295837,2.541425,-6.6397
2026-09-06T15:54:24.193,393,357,RECENTER_ROTATE,RECENTER_ROTATE,934,2,1788677664163.571,66.623,timestamp_domain.system_time,179888515.000,62.000,1,179888515.000,179888531.000,16.000,16.000,179888531.000,16.000,1,1,pnp_visible_ransac,9,0.877,-13.2478,-0.262276,2.549491,-5.8736
2026-09-06T15:54:24.330,394,358,RECENTER_ROTATE,RECENTER_ROTATE,937,3,1788677664265.061,101.490,timestamp_domain.system_time,179888640.000,125.000,1,179888656.000,179888671.000,15.000,31.000,179888671.000,31.000,1,1,pnp_visible_ransac,9,0.854,-12.2715,-0.192901,2.548585,-4.3284
2026-09-06T15:54:24.399,395,359,RECENTER_SETTLE,RECENTER_SETTLE,940,3,1788677664363.846,98.784,timestamp_domain.system_time,179888718.000,78.000,1,179888718.000,179888734.000,16.000,16.000,179888734.000,16.000,1,1,pnp_visible_ransac,9,0.768,-10.7139,-0.105191,2.551782,-2.3605
2026-09-06T15:54:24.464,396,360,RECENTER_SETTLE,RECENTER_SETTLE,942,2,1788677664430.771,66.925,timestamp_domain.system_time,179888781.000,63.000,1,179888781.000,179888796.000,15.000,15.000,179888812.000,31.000,1,1,pnp_visible_ransac,9,0.839,-9.5358,-0.043455,2.551448,-0.9757
2026-09-06T15:54:24.531,397,361,RECENTER_SETTLE,RECENTER_SETTLE,944,2,1788677664497.166,66.395,timestamp_domain.system_time,179888859.000,78.000,1,179888859.000,179888875.000,16.000,16.000,179888875.000,16.000,1,1,pnp_visible_ransac,9,0.880,-8.6802,0.020479,2.541202,0.4617
2026-09-06T15:54:24.588,398,362,RECENTER_SETTLE,RECENTER_SETTLE,946,2,1788677664563.962,66.796,timestamp_domain.system_time,179888921.000,62.000,1,179888921.000,179888921.000,0.000,0.000,179888921.000,0.000,1,1,pnp_visible_ransac,9,0.946,-7.6167,0.083032,2.532077,1.8782
2026-09-06T15:54:24.665,399,363,RECENTER_SETTLE,RECENTER_SETTLE,948,2,1788677664630.802,66.840,timestamp_domain.system_time,179888984.000,63.000,1,179888984.000,179889000.000,16.000,16.000,179889000.000,16.000,1,1,pnp_visible_ransac,9,0.951,-7.0004,0.106866,2.531607,2.4172
2026-09-06T15:54:24.725,400,364,RECENTER_SETTLE,RECENTER_SETTLE,950,2,1788677664697.413,66.611,timestamp_domain.system_time,179889046.000,62.000,1,179889046.000,179889062.000,16.000,16.000,179889062.000,16.000,1,1,pnp_visible_ransac,9,0.986,-7.1325,0.088016,2.534748,1.9887
2026-09-06T15:54:24.789,401,365,RECENTER_SETTLE,RECENTER_SETTLE,952,2,1788677664763.969,66.557,timestamp_domain.system_time,179889109.000,63.000,1,179889125.000,179889125.000,0.000,16.000,179889125.000,16.000,1,1,pnp_visible_ransac,9,0.961,-8.2654,0.039448,2.562647,0.8819
2026-09-06T15:54:24.853,402,366,RECENTER_SETTLE,RECENTER_SETTLE,954,2,1788677664830.708,66.739,timestamp_domain.system_time,179889171.000,62.000,1,179889187.000,179889187.000,0.000,16.000,179889187.000,16.000,1,1,pnp_visible_ransac,9,0.980,-8.5487,0.021559,2.553802,0.4837
2026-09-06T15:54:24.919,403,367,RECENTER_SETTLE,RECENTER_SETTLE,956,2,1788677664897.498,66.789,timestamp_domain.system_time,179889250.000,79.000,1,179889250.000,179889265.000,15.000,15.000,179889265.000,15.000,1,1,pnp_visible_ransac,9,0.937,-8.4008,0.032902,2.559492,0.7365
2026-09-06T15:54:24.984,404,368,RECENTER_SETTLE,RECENTER_SETTLE,958,2,1788677664964.321,66.824,timestamp_domain.system_time,179889312.000,62.000,1,179889312.000,179889328.000,16.000,16.000,179889328.000,16.000,1,1,pnp_visible_ransac,9,0.763,-8.1842,0.045576,2.570332,1.0158
2026-09-06T15:54:25.047,405,369,RECENTER_SETTLE,RECENTER_SETTLE,959,1,1788677664997.669,33.348,timestamp_domain.system_time,179889375.000,63.000,1,179889375.000,179889390.000,15.000,15.000,179889390.000,15.000,1,1,pnp_visible_ransac,9,0.794,-8.1320,0.052897,2.570156,1.1791
2026-09-06T15:54:25.117,406,370,RECENTER_SETTLE,RECENTER_SETTLE,961,2,1788677665064.479,66.810,timestamp_domain.system_time,179889437.000,62.000,1,179889437.000,179889453.000,16.000,16.000,179889453.000,16.000,1,1,pnp_visible_ransac,9,0.905,-7.9153,0.057893,2.559772,1.2956
2026-09-06T15:54:25.181,407,371,RECENTER_SETTLE,RECENTER_SETTLE,963,2,1788677665131.089,66.610,timestamp_domain.system_time,179889500.000,63.000,1,179889500.000,179889515.000,15.000,15.000,179889515.000,15.000,1,1,pnp_visible_ransac,9,0.866,-8.0450,0.050699,2.569896,1.1302
2026-09-06T15:54:25.245,408,372,RECENTER_SETTLE,RECENTER_SETTLE,964,1,1788677665164.659,33.570,timestamp_domain.system_time,179889562.000,62.000,1,179889562.000,179889578.000,16.000,16.000,179889578.000,16.000,1,1,pnp_visible_ransac,9,0.900,-8.1002,0.046588,2.569936,1.0386
2026-09-06T15:54:25.318,409,373,RECENTER_SETTLE,RECENTER_SETTLE,967,3,1788677665264.998,100.339,timestamp_domain.system_time,179889640.000,78.000,1,179889640.000,179889656.000,16.000,16.000,179889656.000,16.000,1,1,pnp_visible_ransac,9,0.942,-8.3785,0.038218,2.564970,0.8537
2026-09-06T15:54:25.381,410,374,RECENTER_SETTLE,RECENTER_SETTLE,970,3,1788677665364.577,99.579,timestamp_domain.system_time,179889703.000,63.000,1,179889718.000,179889718.000,0.000,15.000,179889718.000,15.000,1,1,pnp_visible_ransac,9,0.939,-8.2331,0.040782,2.568371,0.9097
2026-09-06T15:54:25.454,411,375,RECENTER_SETTLE,RECENTER_SETTLE,971,1,1788677665397.805,33.228,timestamp_domain.system_time,179889765.000,62.000,1,179889765.000,179889796.000,31.000,31.000,179889796.000,31.000,1,1,pnp_visible_ransac,9,0.895,-8.2142,0.041694,2.568026,0.9302
2026-09-06T15:54:25.517,412,376,RECENTER_SETTLE,RECENTER_SETTLE,973,2,1788677665464.367,66.563,timestamp_domain.system_time,179889843.000,78.000,1,179889843.000,179889843.000,0.000,0.000,179889859.000,16.000,1,1,pnp_visible_ransac,9,0.881,-8.2736,0.041386,2.565810,0.9241
2026-09-06T15:54:25.581,413,377,RECENTER_SETTLE,RECENTER_SETTLE,975,2,1788677665531.152,66.785,timestamp_domain.system_time,179889890.000,47.000,1,179889906.000,179889921.000,15.000,31.000,179889921.000,31.000,1,1,pnp_visible_ransac,9,0.907,-8.3426,0.040125,2.567220,0.8954
2026-09-06T15:54:25.646,414,378,RECENTER_SETTLE,RECENTER_SETTLE,977,2,1788677665597.949,66.797,timestamp_domain.system_time,179889953.000,63.000,1,179889968.000,179889984.000,16.000,31.000,179889984.000,31.000,1,1,pnp_visible_ransac,9,0.932,-8.4498,0.039313,2.568219,0.8770
2026-09-06T15:54:25.705,415,379,RECENTER_SETTLE,RECENTER_SETTLE,979,2,1788677665664.856,66.906,timestamp_domain.system_time,179890031.000,78.000,1,179890031.000,179890046.000,15.000,15.000,179890046.000,15.000,1,1,pnp_visible_ransac,9,0.906,-8.3256,0.039463,2.569684,0.8798
2026-09-06T15:54:25.771,416,380,RECENTER_SETTLE,RECENTER_SETTLE,981,2,1788677665731.408,66.552,timestamp_domain.system_time,179890093.000,62.000,1,179890093.000,179890109.000,16.000,16.000,179890109.000,16.000,1,1,pnp_visible_ransac,9,0.910,-8.2828,0.041085,2.567738,0.9167
2026-09-06T15:54:25.828,417,381,RECENTER_SETTLE,RECENTER_SETTLE,983,2,1788677665797.960,66.552,timestamp_domain.system_time,179890156.000,63.000,1,179890156.000,179890171.000,15.000,15.000,179890171.000,15.000,1,1,pnp_visible_ransac,9,0.921,-8.2129,0.040267,2.564985,0.8994
2026-09-06T15:54:25.904,418,382,RECENTER_SETTLE,RECENTER_SETTLE,985,2,1788677665864.711,66.751,timestamp_domain.system_time,179890218.000,62.000,1,179890234.000,179890250.000,16.000,32.000,179890250.000,32.000,1,1,pnp_visible_ransac,9,0.906,-8.2801,0.039966,2.568099,0.8916
2026-09-06T15:54:25.960,419,383,RECENTER_SETTLE,RECENTER_SETTLE,987,2,1788677665931.734,67.024,timestamp_domain.system_time,179890281.000,63.000,1,179890281.000,179890296.000,15.000,15.000,179890296.000,15.000,1,1,pnp_visible_ransac,9,0.898,-8.2149,0.038685,2.569089,0.8627
2026-09-06T15:54:26.027,420,384,RECENTER_SETTLE,RECENTER_SETTLE,989,2,1788677665998.466,66.731,timestamp_domain.system_time,179890343.000,62.000,1,179890343.000,179890359.000,16.000,16.000,179890359.000,16.000,1,1,pnp_visible_ransac,9,0.837,-8.2656,0.039624,2.569341,0.8835
2026-09-06T15:54:26.086,421,385,RECENTER_SETTLE,RECENTER_SETTLE,991,2,1788677666065.075,66.609,timestamp_domain.system_time,179890406.000,63.000,1,179890406.000,179890421.000,15.000,15.000,179890421.000,15.000,1,1,pnp_visible_ransac,9,0.922,-8.1513,0.039466,2.567278,0.8807
2026-09-06T15:54:26.150,422,386,RECENTER_SETTLE,RECENTER_SETTLE,993,2,1788677666131.795,66.720,timestamp_domain.system_time,179890484.000,78.000,1,179890484.000,179890484.000,0.000,0.000,179890484.000,0.000,1,1,pnp_visible_ransac,9,0.933,-8.2246,0.040296,2.564618,0.9002
2026-09-06T15:54:26.211,423,387,RECENTER_SETTLE,RECENTER_SETTLE,994,1,1788677666165.732,33.938,timestamp_domain.system_time,179890531.000,47.000,1,179890531.000,179890546.000,15.000,15.000,179890546.000,15.000,1,1,pnp_visible_ransac,9,0.945,-8.2121,0.039953,2.567410,0.8915
2026-09-06T15:54:26.378,424,388,RECENTER_SETTLE,RECENTER_SETTLE,997,3,1788677666265.056,99.323,timestamp_domain.system_time,179890671.000,140.000,1,179890687.000,179890718.000,31.000,47.000,179890718.000,47.000,1,1,pnp_visible_ransac,9,0.945,-8.3044,0.039090,2.568713,0.8718
2026-09-06T15:54:26.456,425,389,RECENTER_SETTLE,RECENTER_SETTLE,1002,5,1788677666432.064,167.009,timestamp_domain.system_time,179890781.000,110.000,1,179890781.000,179890796.000,15.000,15.000,179890796.000,15.000,1,1,pnp_visible_ransac,9,0.922,-8.1683,0.040147,2.569314,0.8952
2026-09-06T15:54:26.515,426,390,RECENTER_SETTLE,RECENTER_SETTLE,1003,1,1788677666465.274,33.210,timestamp_domain.system_time,179890828.000,47.000,1,179890828.000,179890859.000,31.000,31.000,179890859.000,31.000,1,1,pnp_visible_ransac,9,0.884,-8.2197,0.040297,2.567554,0.8992
2026-09-06T15:54:26.580,427,391,RECENTER_SETTLE,RECENTER_SETTLE,1005,2,1788677666532.147,66.873,timestamp_domain.system_time,179890906.000,78.000,1,179890906.000,179890921.000,15.000,15.000,179890921.000,15.000,1,1,pnp_visible_ransac,9,0.910,-8.2123,0.039014,2.569702,0.8698
2026-09-06T15:54:26.649,428,392,RECENTER_SETTLE,RECENTER_SETTLE,1007,2,1788677666598.742,66.595,timestamp_domain.system_time,179890968.000,62.000,1,179890968.000,179890984.000,16.000,16.000,179890984.000,16.000,1,1,pnp_visible_ransac,9,0.876,-8.1124,0.038420,2.569757,0.8566
2026-09-06T15:54:26.716,429,393,RECENTER_SETTLE,RECENTER_SETTLE,1009,2,1788677666665.530,66.788,timestamp_domain.system_time,179891031.000,63.000,1,179891031.000,179891046.000,15.000,15.000,179891062.000,31.000,1,1,pnp_visible_ransac,9,0.892,-8.2578,0.039590,2.566698,0.8837
2026-09-06T15:54:26.778,430,394,RECENTER_SETTLE,RECENTER_SETTLE,1011,2,1788677666732.171,66.641,timestamp_domain.system_time,179891093.000,62.000,1,179891093.000,179891125.000,32.000,32.000,179891125.000,32.000,1,1,pnp_visible_ransac,9,0.906,-8.1840,0.040504,2.567607,0.9038
2026-09-06T15:54:26.836,431,395,RECENTER_SETTLE,RECENTER_SETTLE,1013,2,1788677666798.692,66.521,timestamp_domain.system_time,179891156.000,63.000,1,179891156.000,179891171.000,15.000,15.000,179891171.000,15.000,1,1,pnp_visible_ransac,9,0.949,-8.1479,0.039770,2.569374,0.8868
2026-09-06T15:54:26.897,432,396,RECENTER_SETTLE,RECENTER_SETTLE,1015,2,1788677666865.338,66.646,timestamp_domain.system_time,179891218.000,62.000,1,179891234.000,179891234.000,0.000,16.000,179891234.000,16.000,1,1,pnp_visible_ransac,9,0.917,-8.2141,0.038845,2.570124,0.8659
2026-09-06T15:54:26.970,433,397,RECENTER_SETTLE,RECENTER_SETTLE,1017,2,1788677666932.483,67.145,timestamp_domain.system_time,179891281.000,63.000,1,179891296.000,179891312.000,16.000,31.000,179891312.000,31.000,1,1,pnp_visible_ransac,9,0.915,-8.2014,0.038809,2.570517,0.8650
2026-09-06T15:54:27.037,434,398,RECENTER_SETTLE,RECENTER_SETTLE,1019,2,1788677666999.049,66.566,timestamp_domain.system_time,179891359.000,78.000,1,179891359.000,179891375.000,16.000,16.000,179891375.000,16.000,1,1,pnp_visible_ransac,9,0.943,-8.2220,0.039164,2.566156,0.8744
2026-09-06T15:54:27.100,435,399,RECENTER_SETTLE,RECENTER_SETTLE,1021,2,1788677667065.757,66.708,timestamp_domain.system_time,179891421.000,62.000,1,179891421.000,179891437.000,16.000,16.000,179891437.000,16.000,1,1,pnp_visible_ransac,9,0.889,-8.1473,0.039781,2.567909,0.8875
2026-09-06T15:54:27.161,436,400,RECENTER_SETTLE,RECENTER_SETTLE,1023,2,1788677667132.464,66.708,timestamp_domain.system_time,179891484.000,63.000,1,179891484.000,179891500.000,16.000,16.000,179891500.000,16.000,1,1,pnp_visible_ransac,9,0.870,-8.2499,0.039272,2.570668,0.8752
2026-09-06T15:54:27.222,437,401,RECENTER_SETTLE,RECENTER_SETTLE,1025,2,1788677667199.268,66.804,timestamp_domain.system_time,179891546.000,62.000,1,179891546.000,179891562.000,16.000,16.000,179891562.000,16.000,1,1,pnp_visible_ransac,9,0.916,-8.2041,0.038498,2.568525,0.8587
2026-09-06T15:54:27.363,438,402,RECENTER_SETTLE,RECENTER_SETTLE,1028,3,1788677667299.578,100.310,timestamp_domain.system_time,179891687.000,141.000,1,179891687.000,179891703.000,16.000,16.000,179891703.000,16.000,1,1,pnp_visible_ransac,9,0.870,-8.2499,0.039272,2.570668,0.8752
2026-09-06T15:54:27.430,439,403,RECENTER_SETTLE,RECENTER_SETTLE,1031,3,1788677667399.388,99.810,timestamp_domain.system_time,179891750.000,63.000,1,179891750.000,179891765.000,15.000,15.000,179891765.000,15.000,1,1,pnp_visible_ransac,9,0.888,-8.1962,0.039599,2.568743,0.8832
2026-09-06T15:54:27.497,440,404,RECENTER_SETTLE,RECENTER_SETTLE,1033,2,1788677667466.026,66.637,timestamp_domain.system_time,179891812.000,62.000,1,179891828.000,179891843.000,15.000,31.000,179891843.000,31.000,1,1,pnp_visible_ransac,9,0.886,-8.2277,0.038892,2.569544,0.8671
2026-09-06T15:54:27.554,441,405,RECENTER_SETTLE,RECENTER_SETTLE,1035,2,1788677667533.008,66.983,timestamp_domain.system_time,179891875.000,63.000,1,179891875.000,179891890.000,15.000,15.000,179891890.000,15.000,1,1,pnp_visible_ransac,9,0.934,-8.1918,0.038465,2.569000,0.8578
2026-09-06T15:54:27.624,442,406,RECENTER_SETTLE,RECENTER_SETTLE,1037,2,1788677667599.446,66.438,timestamp_domain.system_time,179891953.000,78.000,1,179891953.000,179891968.000,15.000,15.000,179891968.000,15.000,1,1,pnp_visible_ransac,9,0.879,-8.1353,0.038805,2.570880,0.8648
2026-09-06T15:54:27.684,443,407,RECENTER_SETTLE,RECENTER_SETTLE,1038,1,1788677667632.725,33.279,timestamp_domain.system_time,179892000.000,47.000,1,179892000.000,179892031.000,31.000,31.000,179892031.000,31.000,1,1,pnp_visible_ransac,9,0.918,-8.2573,0.039582,2.566883,0.8834
2026-09-06T15:54:27.751,444,408,RECENTER_SETTLE,RECENTER_SETTLE,1040,2,1788677667699.276,66.551,timestamp_domain.system_time,179892078.000,78.000,1,179892078.000,179892078.000,0.000,0.000,179892093.000,15.000,1,1,pnp_visible_ransac,9,0.880,-8.2404,0.039388,2.569173,0.8783
2026-09-06T15:54:27.822,445,409,RECENTER_SETTLE,RECENTER_SETTLE,1043,3,1788677667799.426,100.150,timestamp_domain.system_time,179892140.000,62.000,1,179892140.000,179892156.000,16.000,16.000,179892156.000,16.000,1,1,pnp_visible_ransac,9,0.818,-8.2029,0.039315,2.567797,0.8772
2026-09-06T15:54:27.884,446,410,RECENTER_SETTLE,RECENTER_SETTLE,1045,2,1788677667866.127,66.701,timestamp_domain.system_time,179892203.000,63.000,1,179892203.000,179892218.000,15.000,15.000,179892218.000,15.000,1,1,pnp_visible_ransac,9,0.847,-8.2170,0.039182,2.567633,0.8743
2026-09-06T15:54:27.941,447,411,RECENTER_SETTLE,RECENTER_SETTLE,1046,1,1788677667899.631,33.504,timestamp_domain.system_time,179892265.000,62.000,1,179892265.000,179892281.000,16.000,16.000,179892281.000,16.000,1,1,pnp_visible_ransac,9,0.872,-8.2013,0.038827,2.569052,0.8659
2026-09-06T15:54:28.006,448,412,RECENTER_SETTLE,RECENTER_SETTLE,1048,2,1788677667966.593,66.962,timestamp_domain.system_time,179892328.000,63.000,1,179892328.000,179892343.000,15.000,15.000,179892343.000,15.000,1,1,pnp_visible_ransac,9,0.834,-8.2017,0.039305,2.567797,0.8769
2026-09-06T15:54:28.066,449,413,STAGING_PLAN,STAGING_PLAN,1050,2,1788677668033.324,66.731,timestamp_domain.system_time,179892390.000,62.000,1,179892390.000,179892406.000,16.000,16.000,179892406.000,16.000,1,1,pnp_visible_ransac,9,0.898,-8.1975,0.039917,2.566432,0.8911
2026-09-06T15:54:28.133,450,414,STAGING_PLAN,STAGING_PLAN,1052,2,1788677668099.984,66.659,timestamp_domain.system_time,179892453.000,63.000,1,179892453.000,179892468.000,15.000,15.000,179892468.000,15.000,1,1,pnp_visible_ransac,9,0.828,-8.1788,0.038920,2.566678,0.8687
2026-09-06T15:54:28.200,451,415,STAGING_PLAN,STAGING_PLAN,1054,2,1788677668166.643,66.659,timestamp_domain.system_time,179892515.000,62.000,1,179892515.000,179892546.000,31.000,31.000,179892546.000,31.000,1,1,pnp_visible_ransac,9,0.924,-8.0852,0.038358,2.568111,0.8557
2026-09-06T15:54:28.264,452,416,STAGING_PLAN,STAGING_PLAN,1055,1,1788677668200.034,33.391,timestamp_domain.system_time,179892578.000,63.000,1,179892578.000,179892609.000,31.000,31.000,179892609.000,31.000,1,1,pnp_visible_ransac,9,0.934,-8.2261,0.038860,2.570928,0.8660
2026-09-06T15:54:28.361,453,417,STAGING_PLAN,STAGING_PLAN,1058,3,1788677668300.445,100.411,timestamp_domain.system_time,179892687.000,109.000,1,179892687.000,179892703.000,16.000,16.000,179892703.000,16.000,1,1,pnp_visible_ransac,9,0.954,-8.2625,0.040065,2.568297,0.8937
2026-09-06T15:54:28.423,454,418,STAGING_PLAN,STAGING_PLAN,1061,3,1788677668400.074,99.629,timestamp_domain.system_time,179892750.000,63.000,1,179892750.000,179892765.000,15.000,15.000,179892765.000,15.000,1,1,pnp_visible_ransac,9,0.881,-8.2391,0.039083,2.570199,0.8712
2026-09-06T15:54:28.496,455,419,STAGING_PLAN,STAGING_PLAN,1063,2,1788677668466.829,66.755,timestamp_domain.system_time,179892812.000,62.000,1,179892812.000,179892843.000,31.000,31.000,179892843.000,31.000,1,1,pnp_visible_ransac,9,0.890,-8.2142,0.039474,2.571104,0.8796
2026-09-06T15:54:28.563,456,420,STAGING_PLAN,STAGING_PLAN,1065,2,1788677668533.568,66.739,timestamp_domain.system_time,179892890.000,78.000,1,179892890.000,179892906.000,16.000,16.000,179892906.000,16.000,1,1,pnp_visible_ransac,9,0.882,-8.1244,0.038617,2.570414,0.8607
2026-09-06T15:54:28.630,457,421,STAGING_PLAN,STAGING_PLAN,1067,2,1788677668600.149,66.581,timestamp_domain.system_time,179892953.000,63.000,1,179892953.000,179892968.000,15.000,15.000,179892968.000,15.000,1,1,pnp_visible_ransac,9,0.905,-8.2120,0.039955,2.567224,0.8916
2026-09-06T15:54:28.697,458,422,STAGING_PLAN,STAGING_PLAN,1069,2,1788677668667.041,66.892,timestamp_domain.system_time,179893015.000,62.000,1,179893015.000,179893031.000,16.000,16.000,179893031.000,16.000,1,1,pnp_visible_ransac,9,0.924,-8.2102,0.040105,2.568364,0.8946
2026-09-06T15:54:28.854,459,423,WAYPOINT_TURN,WAYPOINT_TURN,1073,4,1788677668799.929,132.888,timestamp_domain.system_time,179893171.000,156.000,1,179893171.000,179893187.000,16.000,16.000,179893187.000,16.000,1,1,pnp_visible_ransac,9,0.854,-8.1357,0.038814,2.570695,0.8650
2026-09-06T15:54:28.920,460,424,WAYPOINT_TURN,WAYPOINT_TURN,1075,2,1788677668867.070,67.141,timestamp_domain.system_time,179893234.000,63.000,1,179893250.000,179893265.000,15.000,31.000,179893265.000,31.000,1,1,pnp_visible_ransac,9,0.868,-8.1842,0.039585,2.567763,0.8832
2026-09-06T15:54:28.978,461,425,WAYPOINT_TURN,WAYPOINT_TURN,1077,2,1788677668933.759,66.688,timestamp_domain.system_time,179893296.000,62.000,1,179893312.000,179893312.000,0.000,16.000,179893312.000,16.000,1,1,pnp_visible_ransac,9,0.868,-8.2801,0.039968,2.567914,0.8917
2026-09-06T15:54:29.036,462,426,WAYPOINT_TURN,WAYPOINT_TURN,1079,2,1788677669000.731,66.972,timestamp_domain.system_time,179893359.000,63.000,1,179893359.000,179893375.000,16.000,16.000,179893375.000,16.000,1,1,pnp_visible_ransac,9,0.884,-8.1228,0.039087,2.567889,0.8720
2026-09-06T15:54:29.105,463,427,WAYPOINT_TURN,WAYPOINT_TURN,1081,2,1788677669067.352,66.622,timestamp_domain.system_time,179893421.000,62.000,1,179893421.000,179893453.000,32.000,32.000,179893453.000,32.000,1,1,pnp_visible_ransac,9,0.887,-8.3564,0.037667,2.564002,0.8416
2026-09-06T15:54:29.165,464,428,WAYPOINT_TURN,WAYPOINT_TURN,1083,2,1788677669134.005,66.652,timestamp_domain.system_time,179893484.000,63.000,1,179893500.000,179893500.000,0.000,16.000,179893500.000,16.000,1,1,pnp_visible_ransac,9,1.000,-8.3295,0.032395,2.564370,0.7238
2026-09-06T15:54:29.238,465,429,WAYPOINT_TURN,WAYPOINT_TURN,1085,2,1788677669200.922,66.917,timestamp_domain.system_time,179893562.000,78.000,1,179893562.000,179893562.000,0.000,0.000,179893578.000,16.000,1,1,pnp_visible_ransac,9,1.008,-8.5367,0.031351,2.561441,0.7012
2026-09-06T15:54:29.364,466,430,WAYPOINT_TURN,WAYPOINT_TURN,1088,3,1788677669300.805,99.883,timestamp_domain.system_time,179893687.000,125.000,1,179893687.000,179893703.000,16.000,16.000,179893703.000,16.000,1,1,pnp_visible_ransac,9,0.827,-8.4137,0.036118,2.564041,0.8070
2026-09-06T15:54:29.431,467,431,WAYPOINT_TURN,WAYPOINT_TURN,1091,3,1788677669400.800,99.995,timestamp_domain.system_time,179893750.000,63.000,1,179893750.000,179893765.000,15.000,15.000,179893765.000,15.000,1,1,pnp_visible_ransac,9,0.965,-8.4898,0.036260,2.567142,0.8092
2026-09-06T15:54:29.506,468,432,WAYPOINT_TURN,WAYPOINT_TURN,1093,2,1788677669467.587,66.788,timestamp_domain.system_time,179893828.000,78.000,1,179893828.000,179893843.000,15.000,15.000,179893843.000,15.000,1,1,pnp_visible_ransac,9,0.959,-8.4108,0.032304,2.562357,0.7223
2026-09-06T15:54:29.572,469,433,WAYPOINT_TURN,WAYPOINT_TURN,1095,2,1788677669534.223,66.636,timestamp_domain.system_time,179893890.000,62.000,1,179893890.000,179893906.000,16.000,16.000,179893906.000,16.000,1,1,pnp_visible_ransac,9,0.930,-8.3997,0.031957,2.560724,0.7150
2026-09-06T15:54:29.634,470,434,WAYPOINT_TURN,WAYPOINT_TURN,1097,2,1788677669601.038,66.815,timestamp_domain.system_time,179893968.000,78.000,1,179893968.000,179893968.000,0.000,0.000,179893968.000,0.000,1,1,pnp_visible_ransac,9,0.956,-8.3960,0.033201,2.560218,0.7430
2026-09-06T15:54:29.701,471,435,WAYPOINT_TURN,WAYPOINT_TURN,1099,2,1788677669667.514,66.476,timestamp_domain.system_time,179894015.000,47.000,1,179894031.000,179894046.000,15.000,31.000,179894046.000,31.000,1,1,pnp_visible_ransac,9,0.974,-8.3112,0.033605,2.563010,0.7512
2026-09-06T15:54:29.767,472,436,WAYPOINT_TURN,WAYPOINT_TURN,1101,2,1788677669734.422,66.908,timestamp_domain.system_time,179894078.000,63.000,1,179894078.000,179894109.000,31.000,31.000,179894109.000,31.000,1,1,pnp_visible_ransac,9,0.975,-8.3343,0.032399,2.566887,0.7231
2026-09-06T15:54:29.833,473,437,WAYPOINT_TURN,WAYPOINT_TURN,1103,2,1788677669800.783,66.361,timestamp_domain.system_time,179894156.000,78.000,1,179894156.000,179894171.000,15.000,15.000,179894171.000,15.000,1,1,pnp_visible_ransac,9,0.908,-8.4887,0.028004,2.555513,0.6278
2026-09-06T15:54:29.890,474,438,WAYPOINT_TURN,WAYPOINT_TURN,1105,2,1788677669867.531,66.748,timestamp_domain.system_time,179894203.000,47.000,1,179894218.000,179894234.000,16.000,31.000,179894234.000,31.000,1,1,pnp_visible_ransac,9,0.997,-8.5073,0.018788,2.554283,0.4214
2026-09-06T15:54:29.961,475,439,WAYPOINT_TURN,WAYPOINT_TURN,1107,2,1788677669934.637,67.107,timestamp_domain.system_time,179894281.000,78.000,1,179894281.000,179894296.000,15.000,15.000,179894296.000,15.000,1,1,pnp_visible_ransac,9,1.081,-8.7210,0.016848,2.554441,0.3779
2026-09-06T15:54:30.025,476,440,WAYPOINT_TURN,WAYPOINT_TURN,1109,2,1788677670001.137,66.500,timestamp_domain.system_time,179894343.000,62.000,1,179894359.000,179894359.000,0.000,16.000,179894359.000,16.000,1,1,pnp_visible_ransac,9,0.972,-8.6979,0.014352,2.551079,0.3223
2026-09-06T15:54:30.091,477,441,WAYPOINT_TURN,WAYPOINT_TURN,1111,2,1788677670068.052,66.915,timestamp_domain.system_time,179894406.000,63.000,1,179894406.000,179894437.000,31.000,31.000,179894437.000,31.000,1,1,pnp_visible_ransac,9,0.947,-8.6040,0.005452,2.552724,0.1224
2026-09-06T15:54:30.158,478,442,WAYPOINT_TURN,WAYPOINT_TURN,1113,2,1788677670134.676,66.625,timestamp_domain.system_time,179894484.000,78.000,1,179894484.000,179894500.000,16.000,16.000,179894500.000,16.000,1,1,pnp_visible_ransac,9,0.784,-9.0242,-0.014780,2.560492,-0.3307
2026-09-06T15:54:30.225,479,443,WAYPOINT_TURN,WAYPOINT_TURN,1115,2,1788677670201.305,66.629,timestamp_domain.system_time,179894546.000,62.000,1,179894546.000,179894562.000,16.000,16.000,179894562.000,16.000,1,1,pnp_visible_ransac,9,0.753,-9.5637,-0.031638,2.568850,-0.7056
2026-09-06T15:54:30.372,480,444,WAYPOINT_TURN,WAYPOINT_TURN,1118,3,1788677670302.168,100.863,timestamp_domain.system_time,179894687.000,141.000,1,179894687.000,179894718.000,31.000,31.000,179894718.000,31.000,1,1,pnp_visible_ransac,9,0.874,-9.7492,-0.062562,2.553171,-1.4037
2026-09-06T15:54:30.446,481,445,WAYPOINT_TURN_SETTLE,WAYPOINT_TURN_SETTLE,1121,3,1788677670401.331,99.163,timestamp_domain.system_time,179894765.000,78.000,1,179894765.000,179894781.000,16.000,16.000,179894781.000,16.000,1,1,pnp_visible_ransac,9,0.845,-10.4937,-0.112104,2.563913,-2.5036
2026-09-06T15:54:30.510,482,446,WAYPOINT_TURN_SETTLE,WAYPOINT_TURN_SETTLE,1123,2,1788677670468.247,66.917,timestamp_domain.system_time,179894828.000,63.000,1,179894828.000,179894843.000,15.000,15.000,179894843.000,15.000,1,1,pnp_visible_ransac,9,0.824,-11.4241,-0.152495,2.543119,-3.4316
2026-09-06T15:54:30.575,483,447,WAYPOINT_TURN_SETTLE,WAYPOINT_TURN_SETTLE,1125,2,1788677670534.799,66.552,timestamp_domain.system_time,179894890.000,62.000,1,179894890.000,179894906.000,16.000,16.000,179894921.000,31.000,1,1,pnp_visible_ransac,9,0.853,-12.2556,-0.221081,2.556888,-4.9418
2026-09-06T15:54:30.636,484,448,WAYPOINT_TURN_SETTLE,WAYPOINT_TURN_SETTLE,1127,2,1788677670601.542,66.744,timestamp_domain.system_time,179894953.000,63.000,1,179894968.000,179894968.000,0.000,15.000,179894968.000,15.000,1,1,pnp_visible_ransac,9,0.854,-13.4829,-0.273478,2.543444,-6.1370
2026-09-06T15:54:30.707,485,449,WAYPOINT_TURN_SETTLE,WAYPOINT_TURN_SETTLE,1129,2,1788677670668.176,66.633,timestamp_domain.system_time,179895031.000,78.000,1,179895031.000,179895046.000,15.000,15.000,179895046.000,15.000,1,1,pnp_visible_ransac,9,0.800,-13.7437,-0.292603,2.548928,-6.5486
2026-09-06T15:54:30.772,486,450,WAYPOINT_TURN_SETTLE,WAYPOINT_TURN_SETTLE,1131,2,1788677670735.077,66.901,timestamp_domain.system_time,179895093.000,62.000,1,179895093.000,179895109.000,16.000,16.000,179895109.000,16.000,1,1,pnp_visible_ransac,9,0.751,-13.4378,-0.270727,2.550323,-6.0595
2026-09-06T15:54:30.828,487,451,WAYPOINT_TURN_SETTLE,WAYPOINT_TURN_SETTLE,1133,2,1788677670801.512,66.436,timestamp_domain.system_time,179895156.000,63.000,1,179895156.000,179895171.000,15.000,15.000,179895171.000,15.000,1,1,pnp_visible_ransac,9,0.906,-12.8935,-0.229623,2.536860,-5.1720
2026-09-06T15:54:30.904,488,452,WAYPOINT_TURN_SETTLE,WAYPOINT_TURN_SETTLE,1135,2,1788677670869.931,68.419,timestamp_domain.system_time,179895218.000,62.000,1,179895218.000,179895250.000,32.000,32.000,179895250.000,32.000,1,1,pnp_visible_ransac,9,0.926,-12.3191,-0.216842,2.550462,-4.8596
2026-09-06T15:54:30.962,489,453,WAYPOINT_TURN_SETTLE,WAYPOINT_TURN_SETTLE,1137,2,1788677670935.335,65.404,timestamp_domain.system_time,179895281.000,63.000,1,179895296.000,179895296.000,0.000,15.000,179895296.000,15.000,1,1,pnp_visible_ransac,9,0.804,-12.3869,-0.222300,2.549660,-4.9829
2026-09-06T15:54:31.029,490,454,WAYPOINT_TURN_SETTLE,WAYPOINT_TURN_SETTLE,1139,2,1788677671002.121,66.785,timestamp_domain.system_time,179895359.000,78.000,1,179895359.000,179895375.000,16.000,16.000,179895375.000,16.000,1,1,pnp_visible_ransac,9,0.978,-12.8766,-0.236333,2.527598,-5.3417
2026-09-06T15:54:31.098,491,455,WAYPOINT_TURN_SETTLE,WAYPOINT_TURN_SETTLE,1141,2,1788677671068.676,66.555,timestamp_domain.system_time,179895421.000,62.000,1,179895421.000,179895437.000,16.000,16.000,179895437.000,16.000,1,1,pnp_visible_ransac,9,0.979,-13.0739,-0.245879,2.527693,-5.5559
2026-09-06T15:54:31.157,492,456,WAYPOINT_TURN_SETTLE,WAYPOINT_TURN_SETTLE,1143,2,1788677671135.457,66.782,timestamp_domain.system_time,179895484.000,63.000,1,179895484.000,179895500.000,16.000,16.000,179895500.000,16.000,1,1,pnp_visible_ransac,9,0.987,-13.1816,-0.241191,2.527167,-5.4518
2026-09-06T15:54:31.231,493,457,WAYPOINT_TURN_SETTLE,WAYPOINT_TURN_SETTLE,1145,2,1788677671201.933,66.476,timestamp_domain.system_time,179895546.000,62.000,1,179895546.000,179895578.000,32.000,32.000,179895578.000,32.000,1,1,pnp_visible_ransac,9,0.924,-13.0666,-0.236108,2.531856,-5.3277
2026-09-06T15:54:31.351,494,458,WAYPOINT_TURN_SETTLE,WAYPOINT_TURN_SETTLE,1148,3,1788677671302.115,100.182,timestamp_domain.system_time,179895671.000,125.000,1,179895687.000,179895687.000,0.000,16.000,179895687.000,16.000,1,1,pnp_visible_ransac,9,0.944,-12.9412,-0.236914,2.527884,-5.3541
2026-09-06T15:54:31.422,495,459,WAYPOINT_TURN_SETTLE,WAYPOINT_TURN_SETTLE,1150,2,1788677671368.641,66.526,timestamp_domain.system_time,179895734.000,63.000,1,179895734.000,179895765.000,31.000,31.000,179895765.000,31.000,1,1,pnp_visible_ransac,9,0.956,-13.0873,-0.240067,2.527346,-5.4261
2026-09-06T15:54:31.485,496,460,WAYPOINT_TURN_SETTLE,WAYPOINT_TURN_SETTLE,1152,2,1788677671435.446,66.804,timestamp_domain.system_time,179895812.000,78.000,1,179895812.000,179895828.000,16.000,16.000,179895828.000,16.000,1,1,pnp_visible_ransac,9,0.961,-13.1294,-0.242434,2.528708,-5.4764
2026-09-06T15:54:31.545,497,461,WAYPOINT_TURN_SETTLE,WAYPOINT_TURN_SETTLE,1154,2,1788677671502.113,66.667,timestamp_domain.system_time,179895875.000,63.000,1,179895875.000,179895890.000,15.000,15.000,179895890.000,15.000,1,1,pnp_visible_ransac,9,1.009,-13.1429,-0.240238,2.525903,-5.4330
2026-09-06T15:54:31.610,498,462,WAYPOINT_TURN_SETTLE,WAYPOINT_TURN_SETTLE,1156,2,1788677671568.761,66.648,timestamp_domain.system_time,179895937.000,62.000,1,179895937.000,179895953.000,16.000,16.000,179895953.000,16.000,1,1,pnp_visible_ransac,9,0.979,-13.1657,-0.239205,2.528559,-5.4042
2026-09-06T15:54:31.681,499,463,WAYPOINT_TURN_SETTLE,WAYPOINT_TURN_SETTLE,1158,2,1788677671635.714,66.953,timestamp_domain.system_time,179896000.000,63.000,1,179896000.000,179896015.000,15.000,15.000,179896015.000,15.000,1,1,pnp_visible_ransac,9,0.965,-13.0231,-0.239976,2.526597,-5.4257
2026-09-06T15:54:31.742,500,464,WAYPOINT_TURN_SETTLE,WAYPOINT_TURN_SETTLE,1160,2,1788677671702.415,66.701,timestamp_domain.system_time,179896062.000,62.000,1,179896062.000,179896078.000,16.000,16.000,179896078.000,16.000,1,1,pnp_visible_ransac,9,0.948,-13.1414,-0.241071,2.526652,-5.4502
2026-09-06T15:54:31.816,501,465,WAYPOINT_TURN_SETTLE,WAYPOINT_TURN_SETTLE,1162,2,1788677671768.988,66.574,timestamp_domain.system_time,179896140.000,78.000,1,179896140.000,179896156.000,16.000,16.000,179896156.000,16.000,1,1,pnp_visible_ransac,9,0.960,-13.1450,-0.242321,2.528260,-5.4748
2026-09-06T15:54:31.879,502,466,WAYPOINT_TURN_SETTLE,WAYPOINT_TURN_SETTLE,1164,2,1788677671835.737,66.749,timestamp_domain.system_time,179896203.000,63.000,1,179896203.000,179896218.000,15.000,15.000,179896218.000,15.000,1,1,pnp_visible_ransac,9,0.900,-13.1289,-0.239837,2.525168,-5.4256
2026-09-06T15:54:31.940,503,467,WAYPOINT_TURN_SETTLE,WAYPOINT_TURN_SETTLE,1166,2,1788677671902.690,66.954,timestamp_domain.system_time,179896265.000,62.000,1,179896265.000,179896281.000,16.000,16.000,179896281.000,16.000,1,1,pnp_visible_ransac,9,0.930,-13.1237,-0.239568,2.526844,-5.4160
2026-09-06T15:54:32.001,504,468,WAYPOINT_TURN_SETTLE,WAYPOINT_TURN_SETTLE,1168,2,1788677671969.067,66.377,timestamp_domain.system_time,179896328.000,63.000,1,179896328.000,179896343.000,15.000,15.000,179896343.000,15.000,1,1,pnp_visible_ransac,9,0.927,-13.1127,-0.239693,2.526300,-5.4200
2026-09-06T15:54:32.072,505,469,WAYPOINT_TURN_SETTLE,WAYPOINT_TURN_SETTLE,1170,2,1788677672035.750,66.683,timestamp_domain.system_time,179896390.000,62.000,1,179896390.000,179896406.000,16.000,16.000,179896406.000,16.000,1,1,pnp_visible_ransac,9,0.937,-13.1592,-0.239716,2.523674,-5.4261
2026-09-06T15:54:32.137,506,470,WAYPOINT_TURN_SETTLE,WAYPOINT_TURN_SETTLE,1172,2,1788677672102.769,67.019,timestamp_domain.system_time,179896453.000,63.000,1,179896453.000,179896484.000,31.000,31.000,179896484.000,31.000,1,1,pnp_visible_ransac,9,0.963,-13.1147,-0.242270,2.529773,-5.4704
2026-09-06T15:54:32.203,507,471,WAYPOINT_TURN_SETTLE,WAYPOINT_TURN_SETTLE,1174,2,1788677672169.149,66.380,timestamp_domain.system_time,179896515.000,62.000,1,179896515.000,179896546.000,31.000,31.000,179896546.000,31.000,1,1,pnp_visible_ransac,9,0.914,-13.1404,-0.239719,2.525795,-5.4216
2026-09-06T15:54:32.260,508,472,WAYPOINT_TURN_SETTLE,WAYPOINT_TURN_SETTLE,1175,1,1788677672202.516,33.367,timestamp_domain.system_time,179896578.000,63.000,1,179896593.000,179896593.000,0.000,15.000,179896593.000,15.000,1,1,pnp_visible_ransac,9,0.953,-13.1416,-0.239568,2.524680,-5.4206
2026-09-06T15:54:32.360,509,473,WAYPOINT_TURN_SETTLE,WAYPOINT_TURN_SETTLE,1178,3,1788677672303.145,100.629,timestamp_domain.system_time,179896671.000,93.000,1,179896687.000,179896703.000,16.000,32.000,179896703.000,32.000,1,1,pnp_visible_ransac,9,0.936,-13.1481,-0.239574,2.527364,-5.4150
2026-09-06T15:54:32.426,510,474,WAYPOINT_TURN_SETTLE,WAYPOINT_TURN_SETTLE,1181,3,1788677672402.962,99.817,timestamp_domain.system_time,179896750.000,79.000,1,179896750.000,179896765.000,15.000,15.000,179896765.000,15.000,1,1,pnp_visible_ransac,9,0.967,-13.1373,-0.241018,2.528720,-5.4445
2026-09-06T15:54:32.488,511,475,WAYPOINT_TURN_SETTLE,WAYPOINT_TURN_SETTLE,1183,2,1788677672469.745,66.783,timestamp_domain.system_time,179896812.000,62.000,1,179896812.000,179896828.000,16.000,16.000,179896828.000,16.000,1,1,pnp_visible_ransac,9,0.958,-13.0534,-0.241331,2.526894,-5.4555
2026-09-06T15:54:32.550,512,476,WAYPOINT_TURN_SETTLE,WAYPOINT_TURN_SETTLE,1184,1,1788677672502.928,33.183,timestamp_domain.system_time,179896875.000,63.000,1,179896875.000,179896890.000,15.000,15.000,179896890.000,15.000,1,1,pnp_visible_ransac,9,0.979,-13.1253,-0.239870,2.526559,-5.4234
2026-09-06T15:54:32.617,513,477,WAYPOINT_TURN_SETTLE,WAYPOINT_TURN_SETTLE,1186,2,1788677672569.650,66.721,timestamp_domain.system_time,179896937.000,62.000,1,179896937.000,179896953.000,16.000,16.000,179896953.000,16.000,1,1,pnp_visible_ransac,9,0.940,-13.0499,-0.240141,2.527181,-5.4281
2026-09-06T15:54:32.683,514,478,WAYPOINT_TURN_SETTLE,WAYPOINT_TURN_SETTLE,1188,2,1788677672636.326,66.676,timestamp_domain.system_time,179897000.000,63.000,1,179897000.000,179897015.000,15.000,15.000,179897031.000,31.000,1,1,pnp_visible_ransac,9,0.929,-13.1749,-0.239814,2.527128,-5.4209
2026-09-06T15:54:32.743,515,479,WAYPOINT_TURN_SETTLE,WAYPOINT_TURN_SETTLE,1190,2,1788677672703.090,66.764,timestamp_domain.system_time,179897062.000,62.000,1,179897062.000,179897078.000,16.000,16.000,179897078.000,16.000,1,1,pnp_visible_ransac,9,0.904,-13.1360,-0.240549,2.527708,-5.4362
2026-09-06T15:54:32.814,516,480,WAYPOINT_TURN_SETTLE,WAYPOINT_TURN_SETTLE,1192,2,1788677672769.820,66.730,timestamp_domain.system_time,179897140.000,78.000,1,179897140.000,179897156.000,16.000,16.000,179897156.000,16.000,1,1,pnp_visible_ransac,9,0.985,-13.1170,-0.241238,2.527489,-5.4521
2026-09-06T15:54:32.881,517,481,WAYPOINT_TURN_SETTLE,WAYPOINT_TURN_SETTLE,1194,2,1788677672836.371,66.551,timestamp_domain.system_time,179897203.000,63.000,1,179897203.000,179897218.000,15.000,15.000,179897218.000,15.000,1,1,pnp_visible_ransac,9,1.003,-13.1825,-0.239962,2.524612,-5.4296
2026-09-06T15:54:32.945,518,482,WAYPOINT_TURN_SETTLE,WAYPOINT_TURN_SETTLE,1196,2,1788677672903.154,66.783,timestamp_domain.system_time,179897265.000,62.000,1,179897265.000,179897281.000,16.000,16.000,179897281.000,16.000,1,1,pnp_visible_ransac,9,0.889,-13.1024,-0.239789,2.525570,-5.4237
2026-09-06T15:54:33.005,519,483,WAYPOINT_TURN_SETTLE,WAYPOINT_TURN_SETTLE,1198,2,1788677672969.885,66.730,timestamp_domain.system_time,179897328.000,63.000,1,179897328.000,179897343.000,15.000,15.000,179897343.000,15.000,1,1,pnp_visible_ransac,9,0.964,-13.1032,-0.240026,2.526098,-5.4279
2026-09-06T15:54:33.075,520,484,WAYPOINT_TURN_SETTLE,WAYPOINT_TURN_SETTLE,1200,2,1788677673036.519,66.635,timestamp_domain.system_time,179897390.000,62.000,1,179897390.000,179897406.000,16.000,16.000,179897421.000,31.000,1,1,pnp_visible_ransac,9,0.966,-13.1715,-0.241070,2.526122,-5.4513
2026-09-06T15:54:33.140,521,485,WAYPOINT_TURN_SETTLE,WAYPOINT_TURN_SETTLE,1202,2,1788677673103.367,66.848,timestamp_domain.system_time,179897468.000,78.000,1,179897468.000,179897484.000,16.000,16.000,179897484.000,16.000,1,1,pnp_visible_ransac,9,0.997,-13.1372,-0.241003,2.528586,-5.4445
2026-09-06T15:54:33.205,522,486,WAYPOINT_TURN_SETTLE,WAYPOINT_TURN_SETTLE,1204,2,1788677673170.078,66.711,timestamp_domain.system_time,179897531.000,63.000,1,179897531.000,179897546.000,15.000,15.000,179897546.000,15.000,1,1,pnp_visible_ransac,9,0.966,-13.1141,-0.239901,2.526642,-5.4239
2026-09-06T15:54:33.266,523,487,WAYPOINT_TURN_SETTLE,WAYPOINT_TURN_SETTLE,1205,1,1788677673204.354,34.276,timestamp_domain.system_time,179897593.000,62.000,1,179897593.000,179897609.000,16.000,16.000,179897609.000,16.000,1,1,pnp_visible_ransac,9,0.882,-13.1371,-0.239676,2.526639,-5.4188
2026-09-06T15:54:33.413,524,488,WAYPOINT_TURN_SETTLE,WAYPOINT_TURN_SETTLE,1208,3,1788677673304.002,99.648,timestamp_domain.system_time,179897718.000,125.000,1,179897718.000,179897750.000,32.000,32.000,179897750.000,32.000,1,1,pnp_visible_ransac,9,0.907,-13.0941,-0.239950,2.524100,-5.4304
2026-09-06T15:54:33.486,525,489,WAYPOINT_TURN_SETTLE,WAYPOINT_TURN_SETTLE,1212,4,1788677673437.138,133.136,timestamp_domain.system_time,179897796.000,78.000,1,179897796.000,179897828.000,32.000,32.000,179897828.000,32.000,1,1,pnp_visible_ransac,9,0.913,-13.1339,-0.239917,2.523361,-5.4313
2026-09-06T15:54:33.550,526,490,WAYPOINT_TURN_SETTLE,WAYPOINT_TURN_SETTLE,1214,2,1788677673503.529,66.391,timestamp_domain.system_time,179897875.000,79.000,1,179897875.000,179897875.000,0.000,0.000,179897890.000,15.000,1,1,pnp_visible_ransac,9,0.948,-13.1270,-0.239815,2.526248,-5.4228
2026-09-06T15:54:33.620,527,491,WAYPOINT_TURN_SETTLE,WAYPOINT_TURN_SETTLE,1216,2,1788677673570.555,67.026,timestamp_domain.system_time,179897937.000,62.000,1,179897953.000,179897953.000,0.000,16.000,179897953.000,16.000,1,1,pnp_visible_ransac,9,0.895,-13.0890,-0.239873,2.525930,-5.4248
2026-09-06T15:54:33.682,528,492,WAYPOINT_TURN_SETTLE,WAYPOINT_TURN_SETTLE,1218,2,1788677673637.020,66.465,timestamp_domain.system_time,179898000.000,63.000,1,179898015.000,179898015.000,0.000,15.000,179898015.000,15.000,1,1,pnp_visible_ransac,9,0.902,-13.1551,-0.239673,2.524452,-5.4234
2026-09-06T15:54:33.743,529,493,WAYPOINT_TURN_SETTLE,WAYPOINT_TURN_SETTLE,1220,2,1788677673703.767,66.747,timestamp_domain.system_time,179898078.000,78.000,1,179898078.000,179898078.000,0.000,0.000,179898078.000,0.000,1,1,pnp_visible_ransac,9,0.911,-13.0903,-0.240787,2.526094,-5.4450
2026-09-06T15:54:33.815,530,494,WAYPOINT_TURN_SETTLE,WAYPOINT_TURN_SETTLE,1222,2,1788677673770.511,66.744,timestamp_domain.system_time,179898140.000,62.000,1,179898140.000,179898156.000,16.000,16.000,179898156.000,16.000,1,1,pnp_visible_ransac,9,0.967,-13.1448,-0.239819,2.524106,-5.4275
2026-09-06T15:54:33.876,531,495,WAYPOINT_TURN_SETTLE,WAYPOINT_TURN_SETTLE,1224,2,1788677673836.939,66.428,timestamp_domain.system_time,179898203.000,63.000,1,179898203.000,179898218.000,15.000,15.000,179898218.000,15.000,1,1,pnp_visible_ransac,9,0.888,-13.1216,-0.239763,2.523293,-5.4280
2026-09-06T15:54:33.938,532,496,WAYPOINT_TURN_SETTLE,WAYPOINT_TURN_SETTLE,1226,2,1788677673904.006,67.067,timestamp_domain.system_time,179898265.000,62.000,1,179898265.000,179898281.000,16.000,16.000,179898281.000,16.000,1,1,pnp_visible_ransac,9,0.948,-13.1153,-0.239733,2.525395,-5.4228
2026-09-06T15:54:33.999,533,497,WAYPOINT_TURN_SETTLE,WAYPOINT_TURN_SETTLE,1228,2,1788677673970.618,66.612,timestamp_domain.system_time,179898328.000,63.000,1,179898328.000,179898343.000,15.000,15.000,179898343.000,15.000,1,1,pnp_visible_ransac,9,0.918,-13.0947,-0.239958,2.524184,-5.4304
2026-09-06T15:54:34.064,534,498,WAYPOINT_TURN_SETTLE,WAYPOINT_TURN_SETTLE,1230,2,1788677674037.375,66.756,timestamp_domain.system_time,179898390.000,62.000,1,179898390.000,179898406.000,16.000,16.000,179898406.000,16.000,1,1,pnp_visible_ransac,9,0.918,-13.0824,-0.240947,2.524642,-5.4517
2026-09-06T15:54:34.131,535,499,WAYPOINT_DRIVE,WAYPOINT_DRIVE,1232,2,1788677674103.982,66.608,timestamp_domain.system_time,179898453.000,63.000,1,179898453.000,179898468.000,15.000,15.000,179898468.000,15.000,1,1,pnp_visible_ransac,9,0.909,-13.1227,-0.240633,2.528069,-5.4373
2026-09-06T15:54:34.192,536,500,WAYPOINT_DRIVE,WAYPOINT_DRIVE,1233,1,1788677674137.199,33.216,timestamp_domain.system_time,179898515.000,62.000,1,179898515.000,179898531.000,16.000,16.000,179898531.000,16.000,1,1,pnp_visible_ransac,9,0.913,-13.1581,-0.239711,2.523566,-5.4262
2026-09-06T15:54:34.255,537,501,WAYPOINT_DRIVE,WAYPOINT_DRIVE,1235,2,1788677674204.508,67.309,timestamp_domain.system_time,179898578.000,63.000,1,179898578.000,179898593.000,15.000,15.000,179898593.000,15.000,1,1,pnp_visible_ransac,9,0.946,-13.0987,-0.240866,2.528083,-5.4425
2026-09-06T15:54:34.316,538,502,WAYPOINT_DRIVE,WAYPOINT_DRIVE,1236,1,1788677674237.292,32.785,timestamp_domain.system_time,179898640.000,62.000,1,179898640.000,179898656.000,16.000,16.000,179898656.000,16.000,1,1,pnp_visible_ransac,9,0.973,-13.1579,-0.240756,2.529648,-5.4367
2026-09-06T15:54:34.393,539,503,WAYPOINT_DRIVE,WAYPOINT_DRIVE,1237,1,1788677674270.791,33.499,timestamp_domain.system_time,179898703.000,63.000,1,179898703.000,179898734.000,31.000,31.000,179898734.000,31.000,1,1,pnp_visible_ransac,9,0.941,-13.1660,-0.240988,2.527898,-5.4456
2026-09-06T15:54:34.452,540,504,WAYPOINT_DRIVE,WAYPOINT_DRIVE,1241,4,1788677674404.147,133.355,timestamp_domain.system_time,179898781.000,78.000,1,179898781.000,179898796.000,15.000,15.000,179898796.000,15.000,1,1,pnp_visible_ransac,9,0.981,-13.1515,-0.239855,2.527021,-5.4221
2026-09-06T15:54:34.524,541,505,WAYPOINT_DRIVE,WAYPOINT_DRIVE,1243,2,1788677674471.114,66.967,timestamp_domain.system_time,179898843.000,62.000,1,179898843.000,179898859.000,16.000,16.000,179898859.000,16.000,1,1,pnp_visible_ransac,9,0.983,-13.0648,-0.239532,2.529071,-5.4104
2026-09-06T15:54:34.589,542,506,WAYPOINT_DRIVE,WAYPOINT_DRIVE,1245,2,1788677674537.634,66.520,timestamp_domain.system_time,179898906.000,63.000,1,179898906.000,179898921.000,15.000,15.000,179898937.000,31.000,1,1,pnp_visible_ransac,9,0.916,-13.1938,-0.236020,2.527444,-5.3350
2026-09-06T15:54:34.650,543,507,WAYPOINT_DRIVE,WAYPOINT_DRIVE,1247,2,1788677674604.325,66.691,timestamp_domain.system_time,179898968.000,62.000,1,179898968.000,179898984.000,16.000,16.000,179898984.000,16.000,1,1,pnp_visible_ransac,9,0.907,-13.1498,-0.236168,2.530257,-5.3324
2026-09-06T15:54:34.717,544,508,WAYPOINT_DRIVE,WAYPOINT_DRIVE,1249,2,1788677674671.071,66.746,timestamp_domain.system_time,179899031.000,63.000,1,179899031.000,179899062.000,31.000,31.000,179899062.000,31.000,1,1,pnp_visible_ransac,9,0.983,-13.1257,-0.237092,2.526557,-5.3609
2026-09-06T15:54:34.778,545,509,WAYPOINT_DRIVE,WAYPOINT_DRIVE,1251,2,1788677674737.953,66.882,timestamp_domain.system_time,179899109.000,78.000,1,179899109.000,179899125.000,16.000,16.000,179899125.000,16.000,1,1,pnp_visible_ransac,9,0.984,-13.1140,-0.239536,2.530064,-5.4084
2026-09-06T15:54:34.849,546,510,WAYPOINT_DRIVE,WAYPOINT_DRIVE,1253,2,1788677674804.575,66.622,timestamp_domain.system_time,179899171.000,62.000,1,179899171.000,179899187.000,16.000,16.000,179899187.000,16.000,1,1,pnp_visible_ransac,9,0.955,-13.0267,-0.239739,2.529928,-5.4133
2026-09-06T15:54:34.911,547,511,WAYPOINT_DRIVE,WAYPOINT_DRIVE,1255,2,1788677674871.229,66.653,timestamp_domain.system_time,179899234.000,63.000,1,179899234.000,179899250.000,16.000,16.000,179899250.000,16.000,1,1,pnp_visible_ransac,9,0.887,-13.1239,-0.236461,2.525586,-5.3488
2026-09-06T15:54:34.974,548,512,WAYPOINT_DRIVE,WAYPOINT_DRIVE,1257,2,1788677674937.780,66.551,timestamp_domain.system_time,179899296.000,62.000,1,179899296.000,179899312.000,16.000,16.000,179899312.000,16.000,1,1,pnp_visible_ransac,9,0.934,-13.1683,-0.236996,2.525546,-5.3609
2026-09-06T15:54:35.041,549,513,WAYPOINT_DRIVE,WAYPOINT_DRIVE,1259,2,1788677675004.725,66.945,timestamp_domain.system_time,179899359.000,63.000,1,179899359.000,179899375.000,16.000,16.000,179899375.000,16.000,1,1,pnp_visible_ransac,9,0.894,-13.1976,-0.239452,2.522405,-5.4228
2026-09-06T15:54:35.105,550,514,WAYPOINT_DRIVE,WAYPOINT_DRIVE,1261,2,1788677675071.229,66.505,timestamp_domain.system_time,179899421.000,62.000,1,179899421.000,179899437.000,16.000,16.000,179899453.000,32.000,1,1,pnp_visible_ransac,9,0.926,-13.1697,-0.237305,2.520306,-5.3790
2026-09-06T15:54:35.166,551,515,WAYPOINT_DRIVE,WAYPOINT_DRIVE,1263,2,1788677675138.243,67.014,timestamp_domain.system_time,179899484.000,63.000,1,179899484.000,179899500.000,16.000,16.000,179899500.000,16.000,1,1,pnp_visible_ransac,9,0.917,-13.0589,-0.234620,2.518785,-5.3216
2026-09-06T15:54:35.232,552,516,WAYPOINT_DRIVE,WAYPOINT_DRIVE,1265,2,1788677675204.889,66.646,timestamp_domain.system_time,179899546.000,62.000,1,179899562.000,179899578.000,16.000,32.000,179899578.000,32.000,1,1,pnp_visible_ransac,9,0.896,-13.0913,-0.234926,2.513051,-5.3406
2026-09-06T15:54:35.299,553,517,WAYPOINT_DRIVE,WAYPOINT_DRIVE,1266,1,1788677675238.135,33.246,timestamp_domain.system_time,179899625.000,79.000,1,179899625.000,179899640.000,15.000,15.000,179899640.000,15.000,1,1,pnp_visible_ransac,9,0.863,-13.1386,-0.234918,2.513870,-5.3387
2026-09-06T15:54:35.394,554,518,WAYPOINT_DRIVE,WAYPOINT_DRIVE,1268,2,1788677675305.078,66.943,timestamp_domain.system_time,179899718.000,93.000,1,179899718.000,179899734.000,16.000,16.000,179899734.000,16.000,1,1,pnp_visible_ransac,9,0.894,-13.0847,-0.233421,2.504943,-5.3237
2026-09-06T15:54:35.453,555,519,WAYPOINT_DRIVE,WAYPOINT_DRIVE,1271,3,1788677675404.717,99.639,timestamp_domain.system_time,179899781.000,63.000,1,179899781.000,179899796.000,15.000,15.000,179899796.000,15.000,0,0,,,,,,,
2026-09-06T15:54:35.516,556,520,WAYPOINT_DRIVE,WAYPOINT_DRIVE,1273,2,1788677675471.515,66.798,timestamp_domain.system_time,179899843.000,62.000,1,179899843.000,179899859.000,16.000,16.000,179899859.000,16.000,0,0,,,,,,,
2026-09-06T15:54:35.579,557,521,WAYPOINT_DRIVE,WAYPOINT_DRIVE,1275,2,1788677675538.240,66.725,timestamp_domain.system_time,179899906.000,63.000,1,179899906.000,179899921.000,15.000,15.000,179899921.000,15.000,1,1,pnp_visible_ransac,9,0.910,-14.1994,-0.230923,2.511937,-5.2525
2026-09-06T15:54:35.642,558,522,WAYPOINT_DRIVE,WAYPOINT_DRIVE,1277,2,1788677675605.135,66.895,timestamp_domain.system_time,179899968.000,62.000,1,179899968.000,179899984.000,16.000,16.000,179899984.000,16.000,1,1,pnp_visible_ransac,9,0.909,-14.1649,-0.236818,2.497477,-5.4168
2026-09-06T15:54:35.704,559,523,WAYPOINT_DRIVE,WAYPOINT_DRIVE,1279,2,1788677675671.706,66.571,timestamp_domain.system_time,179900031.000,63.000,1,179900031.000,179900046.000,15.000,15.000,179900046.000,15.000,1,1,pnp_visible_ransac,9,0.922,-14.2032,-0.240729,2.486484,-5.5299
2026-09-06T15:54:35.775,560,524,WAYPOINT_DRIVE,WAYPOINT_DRIVE,1281,2,1788677675738.507,66.801,timestamp_domain.system_time,179900093.000,62.000,1,179900093.000,179900109.000,16.000,16.000,179900109.000,16.000,1,1,pnp_visible_ransac,9,0.766,-14.1443,-0.240860,2.480686,-5.5457
2026-09-06T15:54:35.836,561,525,WAYPOINT_DRIVE,WAYPOINT_DRIVE,1283,2,1788677675805.302,66.795,timestamp_domain.system_time,179900156.000,63.000,1,179900156.000,179900171.000,15.000,15.000,179900171.000,15.000,1,1,pnp_visible_ransac,9,0.836,-14.1480,-0.239688,2.468884,-5.5451
2026-09-06T15:54:35.899,562,526,WAYPOINT_DRIVE,WAYPOINT_DRIVE,1285,2,1788677675871.739,66.437,timestamp_domain.system_time,179900218.000,62.000,1,179900218.000,179900234.000,16.000,16.000,179900234.000,16.000,1,1,pnp_visible_ransac,9,0.975,-14.2244,-0.235721,2.453155,-5.4886
2026-09-06T15:54:35.967,563,527,WAYPOINT_DRIVE,WAYPOINT_DRIVE,1287,2,1788677675938.626,66.888,timestamp_domain.system_time,179900281.000,63.000,1,179900281.000,179900312.000,31.000,31.000,179900312.000,31.000,1,1,pnp_visible_ransac,9,0.945,-14.2776,-0.232592,2.442043,-5.4407
2026-09-06T15:54:36.029,564,528,WAYPOINT_DRIVE,WAYPOINT_DRIVE,1289,2,1788677676005.381,66.755,timestamp_domain.system_time,179900343.000,62.000,1,179900343.000,179900375.000,32.000,32.000,179900375.000,32.000,1,1,pnp_visible_ransac,9,1.027,-14.1448,-0.234530,2.428162,-5.5169
2026-09-06T15:54:36.093,565,529,WAYPOINT_DRIVE,WAYPOINT_DRIVE,1291,2,1788677676072.226,66.844,timestamp_domain.system_time,179900421.000,78.000,1,179900421.000,179900437.000,16.000,16.000,179900437.000,16.000,1,1,pnp_visible_ransac,9,0.914,-14.3239,-0.240013,2.411180,-5.6846
2026-09-06T15:54:36.156,566,530,WAYPOINT_DRIVE,WAYPOINT_DRIVE,1292,1,1788677676105.269,33.043,timestamp_domain.system_time,179900484.000,63.000,1,179900484.000,179900500.000,16.000,16.000,179900500.000,16.000,1,1,pnp_visible_ransac,9,0.950,-14.2524,-0.243118,2.398278,-5.7884
2026-09-06T15:54:36.225,567,531,WAYPOINT_DRIVE,WAYPOINT_DRIVE,1294,2,1788677676172.317,67.049,timestamp_domain.system_time,179900546.000,62.000,1,179900546.000,179900562.000,16.000,16.000,179900562.000,16.000,1,1,pnp_visible_ransac,9,0.965,-14.1088,-0.242853,2.385128,-5.8138
2026-09-06T15:54:36.290,568,532,WAYPOINT_DRIVE,WAYPOINT_DRIVE,1296,2,1788677676239.038,66.721,timestamp_domain.system_time,179900609.000,63.000,1,179900609.000,179900625.000,16.000,16.000,179900625.000,16.000,1,1,pnp_visible_ransac,9,0.968,-14.0651,-0.238701,2.376647,-5.7353
2026-09-06T15:54:36.395,569,533,WAYPOINT_DRIVE,WAYPOINT_DRIVE,1297,1,1788677676272.784,33.746,timestamp_domain.system_time,179900718.000,109.000,1,179900718.000,179900734.000,16.000,16.000,179900734.000,16.000,1,1,pnp_visible_ransac,9,1.089,-14.1991,-0.236181,2.364674,-5.7037
2026-09-06T15:54:36.461,570,534,WAYPOINT_DRIVE,WAYPOINT_DRIVE,1301,4,1788677676405.497,132.713,timestamp_domain.system_time,179900781.000,63.000,1,179900781.000,179900796.000,15.000,15.000,179900796.000,15.000,1,1,pnp_visible_ransac,9,0.943,-14.1238,-0.244148,2.337521,-5.9628
2026-09-06T15:54:36.523,571,535,WAYPOINT_DRIVE,WAYPOINT_DRIVE,1303,2,1788677676472.307,66.810,timestamp_domain.system_time,179900843.000,62.000,1,179900843.000,179900859.000,16.000,16.000,179900859.000,16.000,1,1,pnp_visible_ransac,9,1.012,-14.0985,-0.245844,2.323810,-6.0391
2026-09-06T15:54:36.586,572,536,WAYPOINT_DRIVE,WAYPOINT_DRIVE,1305,2,1788677676538.806,66.499,timestamp_domain.system_time,179900906.000,63.000,1,179900921.000,179900921.000,0.000,15.000,179900921.000,15.000,1,1,pnp_visible_ransac,9,0.905,-14.1254,-0.239095,2.305200,-5.9215
2026-09-06T15:54:36.648,573,537,WAYPOINT_DRIVE,WAYPOINT_DRIVE,1307,2,1788677676606.175,67.369,timestamp_domain.system_time,179900968.000,62.000,1,179900984.000,179900984.000,0.000,16.000,179900984.000,16.000,1,1,pnp_visible_ransac,9,0.891,-14.0904,-0.238836,2.289629,-5.9551
2026-09-06T15:54:36.718,574,538,WAYPOINT_DRIVE,WAYPOINT_DRIVE,1309,2,1788677676672.526,66.351,timestamp_domain.system_time,179901031.000,63.000,1,179901031.000,179901062.000,31.000,31.000,179901062.000,31.000,1,1,pnp_visible_ransac,9,1.083,-14.0615,-0.244626,2.268961,-6.1535
2026-09-06T15:54:36.782,575,539,WAYPOINT_DRIVE,WAYPOINT_DRIVE,1311,2,1788677676739.280,66.754,timestamp_domain.system_time,179901093.000,62.000,1,179901093.000,179901125.000,32.000,32.000,179901125.000,32.000,1,1,pnp_visible_ransac,9,0.964,-14.0413,-0.247620,2.251333,-6.2766
2026-09-06T15:54:36.845,576,540,WAYPOINT_DRIVE,WAYPOINT_DRIVE,1313,2,1788677676805.746,66.467,timestamp_domain.system_time,179901171.000,78.000,1,179901171.000,179901187.000,16.000,16.000,179901187.000,16.000,1,1,pnp_visible_ransac,9,1.099,-14.1170,-0.241900,2.234443,-6.1788
2026-09-06T15:54:36.916,577,541,WAYPOINT_DRIVE,WAYPOINT_DRIVE,1315,2,1788677676872.619,66.873,timestamp_domain.system_time,179901234.000,63.000,1,179901234.000,179901250.000,16.000,16.000,179901250.000,16.000,1,1,pnp_visible_ransac,9,0.886,-13.9637,-0.242350,2.205189,-6.2716
2026-09-06T15:54:36.979,578,542,WAYPOINT_DRIVE,WAYPOINT_DRIVE,1317,2,1788677676939.352,66.733,timestamp_domain.system_time,179901296.000,62.000,1,179901312.000,179901312.000,0.000,16.000,179901312.000,16.000,1,1,pnp_visible_ransac,9,0.810,-14.0445,-0.249531,2.194047,-6.4884
2026-09-06T15:54:37.042,579,543,WAYPOINT_DRIVE,WAYPOINT_DRIVE,1319,2,1788677677006.062,66.710,timestamp_domain.system_time,179901375.000,79.000,1,179901375.000,179901375.000,0.000,0.000,179901375.000,0.000,1,1,pnp_visible_ransac,9,0.858,-14.1626,-0.245953,2.170735,-6.4643
2026-09-06T15:54:37.114,580,544,WAYPOINT_DRIVE,WAYPOINT_DRIVE,1321,2,1788677677072.781,66.719,timestamp_domain.system_time,179901437.000,62.000,1,179901437.000,179901453.000,16.000,16.000,179901453.000,16.000,1,1,pnp_visible_ransac,9,0.850,-14.0604,-0.243486,2.153792,-6.4499
2026-09-06T15:54:37.179,581,545,WAYPOINT_DRIVE,WAYPOINT_DRIVE,1323,2,1788677677139.472,66.691,timestamp_domain.system_time,179901500.000,63.000,1,179901500.000,179901515.000,15.000,15.000,179901515.000,15.000,1,1,pnp_visible_ransac,9,0.862,-14.2055,-0.245165,2.128957,-6.5691
2026-09-06T15:54:37.242,582,546,WAYPOINT_DRIVE,WAYPOINT_DRIVE,1325,2,1788677677206.086,66.614,timestamp_domain.system_time,179901562.000,62.000,1,179901562.000,179901578.000,16.000,16.000,179901578.000,16.000,1,1,pnp_visible_ransac,9,0.844,-14.2045,-0.249643,2.110788,-6.7450
2026-09-06T15:54:37.305,583,547,WAYPOINT_DRIVE,WAYPOINT_DRIVE,1326,1,1788677677239.646,33.560,timestamp_domain.system_time,179901625.000,63.000,1,179901640.000,179901640.000,0.000,15.000,179901640.000,15.000,1,1,pnp_visible_ransac,9,0.823,-14.1882,-0.250718,2.100325,-6.8072
2026-09-06T15:54:37.396,584,548,WAYPOINT_DRIVE,WAYPOINT_DRIVE,1329,3,1788677677340.380,100.734,timestamp_domain.system_time,179901718.000,93.000,1,179901718.000,179901734.000,16.000,16.000,179901734.000,16.000,1,1,pnp_visible_ransac,9,0.839,-14.2149,-0.251624,2.070975,-6.9275
2026-09-06T15:54:37.460,585,549,WAYPOINT_DRIVE,WAYPOINT_DRIVE,1331,2,1788677677406.308,65.928,timestamp_domain.system_time,179901781.000,63.000,1,179901781.000,179901796.000,15.000,15.000,179901796.000,15.000,1,1,pnp_visible_ransac,9,0.856,-14.0557,-0.252535,2.050183,-7.0221
2026-09-06T15:54:37.521,586,550,WAYPOINT_DRIVE,WAYPOINT_DRIVE,1333,2,1788677677473.000,66.692,timestamp_domain.system_time,179901843.000,62.000,1,179901843.000,179901859.000,16.000,16.000,179901859.000,16.000,1,1,pnp_visible_ransac,9,0.909,-14.0729,-0.252917,2.032883,-7.0919
2026-09-06T15:54:37.590,587,551,WAYPOINT_DRIVE,WAYPOINT_DRIVE,1335,2,1788677677540.039,67.039,timestamp_domain.system_time,179901906.000,63.000,1,179901921.000,179901937.000,16.000,31.000,179901937.000,31.000,1,1,pnp_visible_ransac,9,0.991,-14.0296,-0.250391,2.012001,-7.0939
2026-09-06T15:54:37.659,588,552,WAYPOINT_DRIVE_SETTLE,WAYPOINT_DRIVE_SETTLE,1337,2,1788677677606.265,66.226,timestamp_domain.system_time,179901984.000,78.000,1,179901984.000,179902000.000,16.000,16.000,179902000.000,16.000,1,1,pnp_visible_ransac,9,0.998,-13.9929,-0.254193,1.990859,-7.2762
2026-09-06T15:54:37.729,589,553,WAYPOINT_DRIVE_SETTLE,WAYPOINT_DRIVE_SETTLE,1340,3,1788677677706.667,100.402,timestamp_domain.system_time,179902046.000,62.000,1,179902046.000,179902062.000,16.000,16.000,179902062.000,16.000,1,1,pnp_visible_ransac,9,0.950,-14.2947,-0.254670,1.961544,-7.3974
2026-09-06T15:54:37.800,590,554,WAYPOINT_DRIVE_SETTLE,WAYPOINT_DRIVE_SETTLE,1342,2,1788677677773.223,66.556,timestamp_domain.system_time,179902125.000,79.000,1,179902125.000,179902125.000,0.000,0.000,179902140.000,15.000,1,1,pnp_visible_ransac,9,1.037,-14.3165,-0.251787,1.939757,-7.3958
2026-09-06T15:54:37.864,591,555,WAYPOINT_DRIVE_SETTLE,WAYPOINT_DRIVE_SETTLE,1344,2,1788677677839.859,66.636,timestamp_domain.system_time,179902187.000,62.000,1,179902187.000,179902203.000,16.000,16.000,179902203.000,16.000,1,1,pnp_visible_ransac,9,1.041,-14.0308,-0.248340,1.927209,-7.3427
2026-09-06T15:54:37.926,592,556,WAYPOINT_DRIVE_SETTLE,WAYPOINT_DRIVE_SETTLE,1345,1,1788677677873.587,33.728,timestamp_domain.system_time,179902250.000,63.000,1,179902250.000,179902265.000,15.000,15.000,179902265.000,15.000,1,1,pnp_visible_ransac,9,1.008,-14.0323,-0.247270,1.923640,-7.3248
2026-09-06T15:54:37.994,593,557,WAYPOINT_DRIVE_SETTLE,WAYPOINT_DRIVE_SETTLE,1347,2,1788677677939.973,66.386,timestamp_domain.system_time,179902312.000,62.000,1,179902312.000,179902328.000,16.000,16.000,179902328.000,16.000,1,1,pnp_visible_ransac,9,0.977,-13.9195,-0.241788,1.905224,-7.2326
2026-09-06T15:54:38.061,594,558,WAYPOINT_DRIVE_SETTLE,WAYPOINT_DRIVE_SETTLE,1349,2,1788677678006.854,66.880,timestamp_domain.system_time,179902375.000,63.000,1,179902375.000,179902406.000,31.000,31.000,179902406.000,31.000,1,1,pnp_visible_ransac,9,1.052,-14.1481,-0.242130,1.898699,-7.2674
2026-09-06T15:54:38.127,595,559,WAYPOINT_DRIVE_SETTLE,WAYPOINT_DRIVE_SETTLE,1351,2,1788677678073.585,66.732,timestamp_domain.system_time,179902437.000,62.000,1,179902437.000,179902468.000,31.000,31.000,179902468.000,31.000,1,1,pnp_visible_ransac,9,1.111,-13.9960,-0.248332,1.899462,-7.4485
2026-09-06T15:54:38.186,596,560,WAYPOINT_DRIVE_SETTLE,WAYPOINT_DRIVE_SETTLE,1353,2,1788677678140.337,66.752,timestamp_domain.system_time,179902500.000,63.000,1,179902515.000,179902531.000,16.000,31.000,179902531.000,31.000,1,1,pnp_visible_ransac,9,1.062,-14.0525,-0.251515,1.899966,-7.5409
2026-09-06T15:54:38.249,597,561,WAYPOINT_DRIVE_SETTLE,WAYPOINT_DRIVE_SETTLE,1355,2,1788677678207.108,66.771,timestamp_domain.system_time,179902578.000,78.000,1,179902578.000,179902593.000,15.000,15.000,179902593.000,15.000,1,1,pnp_visible_ransac,9,1.071,-14.3501,-0.253271,1.900724,-7.5899
2026-09-06T15:54:38.316,598,562,WAYPOINT_DRIVE_SETTLE,WAYPOINT_DRIVE_SETTLE,1356,1,1788677678240.947,33.839,timestamp_domain.system_time,179902640.000,62.000,1,179902640.000,179902656.000,16.000,16.000,179902656.000,16.000,1,1,pnp_visible_ransac,9,1.130,-14.3595,-0.253444,1.900502,-7.5959
2026-09-06T15:54:38.437,599,563,WAYPOINT_DRIVE_SETTLE,WAYPOINT_DRIVE_SETTLE,1360,4,1788677678373.663,132.716,timestamp_domain.system_time,179902750.000,110.000,1,179902750.000,179902781.000,31.000,31.000,179902781.000,31.000,1,1,pnp_visible_ransac,9,1.037,-14.2162,-0.256734,1.901495,-7.6894
2026-09-06T15:54:38.504,600,564,WAYPOINT_DRIVE_SETTLE,WAYPOINT_DRIVE_SETTLE,1363,3,1788677678473.788,100.125,timestamp_domain.system_time,179902828.000,78.000,1,179902828.000,179902843.000,15.000,15.000,179902843.000,15.000,1,1,pnp_visible_ransac,9,0.987,-14.3758,-0.253141,1.900241,-7.5880
2026-09-06T15:54:38.577,601,565,WAYPOINT_DRIVE_SETTLE,WAYPOINT_DRIVE_SETTLE,1365,2,1788677678540.403,66.616,timestamp_domain.system_time,179902890.000,62.000,1,179902890.000,179902921.000,31.000,31.000,179902921.000,31.000,1,1,pnp_visible_ransac,9,1.114,-14.3210,-0.253288,1.901927,-7.5857
2026-09-06T15:54:38.643,602,566,WAYPOINT_DRIVE_SETTLE,WAYPOINT_DRIVE_SETTLE,1367,2,1788677678607.006,66.602,timestamp_domain.system_time,179902953.000,63.000,1,179902968.000,179902984.000,16.000,31.000,179902984.000,31.000,1,1,pnp_visible_ransac,9,0.990,-14.2786,-0.254258,1.901268,-7.6170
2026-09-06T15:54:38.704,603,567,WAYPOINT_DRIVE_SETTLE,WAYPOINT_DRIVE_SETTLE,1369,2,1788677678673.888,66.882,timestamp_domain.system_time,179903031.000,78.000,1,179903031.000,179903046.000,15.000,15.000,179903046.000,15.000,1,1,pnp_visible_ransac,9,0.950,-14.2678,-0.255229,1.900751,-7.6478
2026-09-06T15:54:38.775,604,568,WAYPOINT_DRIVE_SETTLE,WAYPOINT_DRIVE_SETTLE,1371,2,1788677678740.550,66.662,timestamp_domain.system_time,179903093.000,62.000,1,179903093.000,179903109.000,16.000,16.000,179903109.000,16.000,1,1,pnp_visible_ransac,9,0.983,-14.3238,-0.255012,1.902095,-7.6360
2026-09-06T15:54:38.837,605,569,WAYPOINT_DRIVE_SETTLE,WAYPOINT_DRIVE_SETTLE,1373,2,1788677678807.391,66.842,timestamp_domain.system_time,179903156.000,63.000,1,179903156.000,179903171.000,15.000,15.000,179903171.000,15.000,1,1,pnp_visible_ransac,9,1.060,-14.3156,-0.254282,1.901906,-7.6152
2026-09-06T15:54:38.905,606,570,WAYPOINT_DRIVE_SETTLE,WAYPOINT_DRIVE_SETTLE,1375,2,1788677678874.216,66.824,timestamp_domain.system_time,179903218.000,62.000,1,179903218.000,179903250.000,32.000,32.000,179903250.000,32.000,1,1,pnp_visible_ransac,9,1.078,-14.2508,-0.254485,1.902208,-7.6200
2026-09-06T15:54:38.965,607,571,WAYPOINT_DRIVE_SETTLE,WAYPOINT_DRIVE_SETTLE,1377,2,1788677678940.986,66.771,timestamp_domain.system_time,179903296.000,78.000,1,179903296.000,179903312.000,16.000,16.000,179903312.000,16.000,1,1,pnp_visible_ransac,9,0.990,-14.2903,-0.254052,1.901684,-7.6093
2026-09-06T15:54:39.033,608,572,WAYPOINT_DRIVE_SETTLE,WAYPOINT_DRIVE_SETTLE,1379,2,1788677679007.732,66.746,timestamp_domain.system_time,179903359.000,63.000,1,179903359.000,179903375.000,16.000,16.000,179903375.000,16.000,1,1,pnp_visible_ransac,9,1.001,-14.3364,-0.254599,1.901285,-7.6270
2026-09-06T15:54:39.099,609,573,WAYPOINT_DRIVE_SETTLE,WAYPOINT_DRIVE_SETTLE,1381,2,1788677679074.257,66.525,timestamp_domain.system_time,179903421.000,62.000,1,179903421.000,179903437.000,16.000,16.000,179903437.000,16.000,1,1,pnp_visible_ransac,9,1.004,-14.2952,-0.254742,1.901367,-7.6310
2026-09-06T15:54:39.167,610,574,WAYPOINT_DRIVE_SETTLE,WAYPOINT_DRIVE_SETTLE,1383,2,1788677679141.102,66.845,timestamp_domain.system_time,179903484.000,63.000,1,179903484.000,179903500.000,16.000,16.000,179903500.000,16.000,1,1,pnp_visible_ransac,9,1.087,-14.2893,-0.254380,1.901990,-7.6178
2026-09-06T15:54:39.237,611,575,WAYPOINT_DRIVE_SETTLE,WAYPOINT_DRIVE_SETTLE,1385,2,1788677679207.988,66.886,timestamp_domain.system_time,179903562.000,78.000,1,179903562.000,179903578.000,16.000,16.000,179903578.000,16.000,1,1,pnp_visible_ransac,9,1.047,-14.3203,-0.253664,1.901224,-7.5996
2026-09-06T15:54:39.317,612,576,WAYPOINT_DRIVE_SETTLE,WAYPOINT_DRIVE_SETTLE,1387,2,1788677679275.070,67.082,timestamp_domain.system_time,179903640.000,78.000,1,179903640.000,179903656.000,16.000,16.000,179903656.000,16.000,1,1,pnp_visible_ransac,9,0.974,-14.3012,-0.254120,1.900924,-7.6143
2026-09-06T15:54:39.439,613,577,WAYPOINT_DRIVE_SETTLE,WAYPOINT_DRIVE_SETTLE,1390,3,1788677679374.529,99.460,timestamp_domain.system_time,179903750.000,110.000,1,179903765.000,179903765.000,0.000,15.000,179903781.000,31.000,1,1,pnp_visible_ransac,9,1.043,-14.3000,-0.254413,1.899795,-7.6274
2026-09-06T15:54:39.495,614,578,WAYPOINT_DRIVE_SETTLE,WAYPOINT_DRIVE_SETTLE,1393,3,1788677679474.588,100.059,timestamp_domain.system_time,179903812.000,62.000,1,179903812.000,179903828.000,16.000,16.000,179903828.000,16.000,1,1,pnp_visible_ransac,9,1.025,-14.3403,-0.254095,1.901409,-7.6116
2026-09-06T15:54:39.558,615,579,WAYPOINT_DRIVE_SETTLE,WAYPOINT_DRIVE_SETTLE,1395,2,1788677679541.411,66.823,timestamp_domain.system_time,179903890.000,78.000,1,179903890.000,179903906.000,16.000,16.000,179903906.000,16.000,1,1,pnp_visible_ransac,9,1.010,-14.3730,-0.253562,1.900256,-7.6004
2026-09-06T15:54:39.628,616,580,WAYPOINT_DRIVE_SETTLE,WAYPOINT_DRIVE_SETTLE,1397,2,1788677679608.818,67.408,timestamp_domain.system_time,179903953.000,63.000,1,179903953.000,179903968.000,15.000,15.000,179903968.000,15.000,1,1,pnp_visible_ransac,9,1.010,-14.3594,-0.253991,1.900891,-7.6106
2026-09-06T15:54:39.696,617,581,WAYPOINT_DRIVE_SETTLE,WAYPOINT_DRIVE_SETTLE,1398,1,1788677679641.413,32.595,timestamp_domain.system_time,179904015.000,62.000,1,179904015.000,179904031.000,16.000,16.000,179904031.000,16.000,1,1,pnp_visible_ransac,9,1.053,-14.3549,-0.254621,1.901654,-7.6262
2026-09-06T15:54:39.760,618,582,WAYPOINT_DRIVE_SETTLE,WAYPOINT_DRIVE_SETTLE,1400,2,1788677679708.254,66.841,timestamp_domain.system_time,179904078.000,63.000,1,179904078.000,179904093.000,15.000,15.000,179904093.000,15.000,1,1,pnp_visible_ransac,9,1.066,-14.2532,-0.255415,1.903210,-7.6435
2026-09-06T15:54:39.826,619,583,WAYPOINT_DRIVE_SETTLE,WAYPOINT_DRIVE_SETTLE,1402,2,1788677679774.804,66.551,timestamp_domain.system_time,179904140.000,62.000,1,179904140.000,179904156.000,16.000,16.000,179904171.000,31.000,1,1,pnp_visible_ransac,9,0.982,-14.4046,-0.253801,1.900362,-7.6071
2026-09-06T15:54:39.890,620,584,WAYPOINT_DRIVE_SETTLE,WAYPOINT_DRIVE_SETTLE,1404,2,1788677679841.559,66.754,timestamp_domain.system_time,179904203.000,63.000,1,179904203.000,179904234.000,31.000,31.000,179904234.000,31.000,1,1,pnp_visible_ransac,9,1.032,-14.3090,-0.254148,1.902129,-7.6103
2026-09-06T15:54:39.954,621,585,WAYPOINT_DRIVE_SETTLE,WAYPOINT_DRIVE_SETTLE,1406,2,1788677679908.200,66.641,timestamp_domain.system_time,179904281.000,78.000,1,179904281.000,179904281.000,0.000,0.000,179904296.000,15.000,1,1,pnp_visible_ransac,9,1.024,-14.3540,-0.253963,1.902212,-7.6045
2026-09-06T15:54:40.014,622,586,WAYPOINT_DRIVE_SETTLE,WAYPOINT_DRIVE_SETTLE,1408,2,1788677679974.982,66.782,timestamp_domain.system_time,179904343.000,62.000,1,179904343.000,179904359.000,16.000,16.000,179904359.000,16.000,1,1,pnp_visible_ransac,9,1.029,-14.3354,-0.254152,1.901287,-7.6138
2026-09-06T15:54:40.080,623,587,WAYPOINT_DRIVE_SETTLE,WAYPOINT_DRIVE_SETTLE,1410,2,1788677680041.681,66.699,timestamp_domain.system_time,179904406.000,63.000,1,179904406.000,179904421.000,15.000,15.000,179904421.000,15.000,1,1,pnp_visible_ransac,9,1.002,-14.2787,-0.254266,1.901311,-7.6171
2026-09-06T15:54:40.137,624,588,WAYPOINT_DRIVE_SETTLE,WAYPOINT_DRIVE_SETTLE,1412,2,1788677680108.575,66.894,timestamp_domain.system_time,179904453.000,47.000,1,179904468.000,179904484.000,16.000,31.000,179904484.000,31.000,1,1,pnp_visible_ransac,9,1.016,-14.3095,-0.254178,1.901358,-7.6143
2026-09-06T15:54:40.210,625,589,WAYPOINT_DRIVE_SETTLE,WAYPOINT_DRIVE_SETTLE,1414,2,1788677680175.122,66.547,timestamp_domain.system_time,179904531.000,78.000,1,179904531.000,179904546.000,15.000,15.000,179904546.000,15.000,1,1,pnp_visible_ransac,9,0.994,-14.3785,-0.253787,1.901788,-7.6010
2026-09-06T15:54:40.271,626,590,WAYPOINT_DRIVE_SETTLE,WAYPOINT_DRIVE_SETTLE,1416,2,1788677680241.834,66.712,timestamp_domain.system_time,179904593.000,62.000,1,179904593.000,179904609.000,16.000,16.000,179904609.000,16.000,1,1,pnp_visible_ransac,9,1.055,-14.2737,-0.254340,1.901856,-7.6171
2026-09-06T15:54:40.340,627,591,WAYPOINT_DRIVE_SETTLE,WAYPOINT_DRIVE_SETTLE,1417,1,1788677680275.222,33.388,timestamp_domain.system_time,179904656.000,63.000,1,179904656.000,179904671.000,15.000,15.000,179904687.000,31.000,1,1,pnp_visible_ransac,9,1.044,-14.2279,-0.254532,1.901772,-7.6231
2026-09-06T15:54:40.438,628,592,WAYPOINT_DRIVE_SETTLE,WAYPOINT_DRIVE_SETTLE,1420,3,1788677680375.399,100.177,timestamp_domain.system_time,179904750.000,94.000,1,179904750.000,179904781.000,31.000,31.000,179904781.000,31.000,1,1,pnp_visible_ransac,9,0.997,-14.3442,-0.254048,1.900964,-7.6120
2026-09-06T15:54:40.505,629,593,WAYPOINT_DRIVE_SETTLE,WAYPOINT_DRIVE_SETTLE,1423,3,1788677680475.449,100.051,timestamp_domain.system_time,179904828.000,78.000,1,179904828.000,179904843.000,15.000,15.000,179904843.000,15.000,1,1,pnp_visible_ransac,9,0.965,-14.3898,-0.253777,1.901581,-7.6015
2026-09-06T15:54:40.580,630,594,WAYPOINT_DRIVE_SETTLE,WAYPOINT_DRIVE_SETTLE,1425,2,1788677680541.866,66.417,timestamp_domain.system_time,179904906.000,78.000,1,179904906.000,179904921.000,15.000,15.000,179904921.000,15.000,1,1,pnp_visible_ransac,9,1.062,-14.3089,-0.254153,1.902741,-7.6081
2026-09-06T15:54:40.638,631,595,WAYPOINT_DRIVE_SETTLE,WAYPOINT_DRIVE_SETTLE,1427,2,1788677680608.429,66.563,timestamp_domain.system_time,179904968.000,62.000,1,179904968.000,179904984.000,16.000,16.000,179904984.000,16.000,1,1,pnp_visible_ransac,9,1.000,-14.3265,-0.253849,1.900926,-7.6063
2026-09-06T15:54:40.705,632,596,WAYPOINT_DRIVE_SETTLE,WAYPOINT_DRIVE_SETTLE,1429,2,1788677680675.413,66.984,timestamp_domain.system_time,179905015.000,47.000,1,179905031.000,179905046.000,15.000,31.000,179905046.000,31.000,1,1,pnp_visible_ransac,9,0.985,-14.3973,-0.253772,1.901372,-7.6022
2026-09-06T15:54:40.776,633,597,WAYPOINT_DRIVE_SETTLE,WAYPOINT_DRIVE_SETTLE,1431,2,1788677680742.024,66.611,timestamp_domain.system_time,179905093.000,78.000,1,179905093.000,179905109.000,16.000,16.000,179905109.000,16.000,1,1,pnp_visible_ransac,9,0.997,-14.3872,-0.253707,1.902404,-7.5962
2026-09-06T15:54:40.838,634,598,WAYPOINT_DRIVE_SETTLE,WAYPOINT_DRIVE_SETTLE,1433,2,1788677680808.646,66.623,timestamp_domain.system_time,179905156.000,63.000,1,179905156.000,179905171.000,15.000,15.000,179905171.000,15.000,1,1,pnp_visible_ransac,9,1.092,-14.3183,-0.253793,1.902075,-7.6001
2026-09-06T15:54:40.904,635,599,WAYPOINT_DRIVE_SETTLE,WAYPOINT_DRIVE_SETTLE,1435,2,1788677680875.584,66.938,timestamp_domain.system_time,179905218.000,62.000,1,179905218.000,179905250.000,32.000,32.000,179905250.000,32.000,1,1,pnp_visible_ransac,9,1.010,-14.3544,-0.253943,1.902120,-7.6043
2026-09-06T15:54:40.965,636,600,WAYPOINT_DRIVE_SETTLE,WAYPOINT_DRIVE_SETTLE,1437,2,1788677680942.464,66.880,timestamp_domain.system_time,179905281.000,63.000,1,179905281.000,179905312.000,31.000,31.000,179905312.000,31.000,1,1,pnp_visible_ransac,9,1.015,-14.2521,-0.254445,1.901453,-7.6218
2026-09-06T15:54:41.032,637,601,WAYPOINT_DRIVE_SETTLE,WAYPOINT_DRIVE_SETTLE,1439,2,1788677681009.116,66.652,timestamp_domain.system_time,179905359.000,78.000,1,179905359.000,179905375.000,16.000,16.000,179905375.000,16.000,1,1,pnp_visible_ransac,9,0.969,-14.3858,-0.253876,1.900745,-7.6078
2026-09-06T15:54:41.092,638,602,WAYPOINT_DRIVE_SETTLE,WAYPOINT_DRIVE_SETTLE,1440,1,1788677681042.302,33.185,timestamp_domain.system_time,179905406.000,47.000,1,179905406.000,179905437.000,31.000,31.000,179905437.000,31.000,1,1,pnp_visible_ransac,9,1.024,-14.3391,-0.254110,1.901453,-7.6119
2026-09-06T15:54:41.159,639,603,WAYPOINT_DRIVE_SETTLE,WAYPOINT_DRIVE_SETTLE,1442,2,1788677681109.272,66.970,timestamp_domain.system_time,179905484.000,78.000,1,179905484.000,179905500.000,16.000,16.000,179905500.000,16.000,1,1,pnp_visible_ransac,9,1.024,-14.3540,-0.253963,1.902212,-7.6045
2026-09-06T15:54:41.226,640,604,WAYPOINT_DRIVE_SETTLE,WAYPOINT_DRIVE_SETTLE,1444,2,1788677681175.755,66.483,timestamp_domain.system_time,179905546.000,62.000,1,179905546.000,179905562.000,16.000,16.000,179905562.000,16.000,1,1,pnp_visible_ransac,9,1.077,-14.2921,-0.254342,1.902127,-7.6161
2026-09-06T15:54:41.283,641,605,WAYPOINT_DRIVE_SETTLE,WAYPOINT_DRIVE_SETTLE,1446,2,1788677681242.563,66.808,timestamp_domain.system_time,179905593.000,47.000,1,179905609.000,179905625.000,16.000,32.000,179905625.000,32.000,1,1,pnp_visible_ransac,9,0.988,-14.4636,-0.253613,1.901650,-7.5964
2026-09-06T15:54:41.350,642,606,STAGING_PLAN,STAGING_PLAN,1447,1,1788677681276.005,33.442,timestamp_domain.system_time,179905671.000,78.000,1,179905671.000,179905687.000,16.000,16.000,179905687.000,16.000,1,1,pnp_visible_ransac,9,1.034,-14.3838,-0.254003,1.901356,-7.6091
2026-09-06T15:54:41.440,643,607,STAGING_PLAN,STAGING_PLAN,1450,3,1788677681376.330,100.325,timestamp_domain.system_time,179905750.000,79.000,1,179905750.000,179905781.000,31.000,31.000,179905781.000,31.000,1,1,pnp_visible_ransac,9,1.048,-14.3819,-0.254045,1.901500,-7.6098
2026-09-06T15:54:41.500,644,608,STAGING_PLAN,STAGING_PLAN,1453,3,1788677681475.978,99.648,timestamp_domain.system_time,179905828.000,78.000,1,179905828.000,179905843.000,15.000,15.000,179905843.000,15.000,1,1,pnp_visible_ransac,9,1.067,-14.3686,-0.253996,1.902032,-7.6062
2026-09-06T15:54:41.561,645,609,STAGING_PLAN,STAGING_PLAN,1455,2,1788677681542.775,66.797,timestamp_domain.system_time,179905890.000,62.000,1,179905890.000,179905906.000,16.000,16.000,179905906.000,16.000,1,1,pnp_visible_ransac,9,1.045,-14.3312,-0.254108,1.902565,-7.6074
2026-09-06T15:54:41.628,646,610,STAGING_PLAN,STAGING_PLAN,1456,1,1788677681576.160,33.385,timestamp_domain.system_time,179905937.000,47.000,1,179905953.000,179905968.000,15.000,31.000,179905968.000,31.000,1,1,pnp_visible_ransac,9,1.025,-14.3403,-0.254095,1.901409,-7.6116
2026-09-06T15:54:41.688,647,611,STAGING_PLAN,STAGING_PLAN,1458,2,1788677681642.759,66.599,timestamp_domain.system_time,179906000.000,63.000,1,179906015.000,179906031.000,16.000,31.000,179906031.000,31.000,1,1,pnp_visible_ransac,9,1.015,-14.3522,-0.253962,1.901901,-7.6058
2026-09-06T15:54:41.755,648,612,STAGING_PLAN,STAGING_PLAN,1460,2,1788677681709.668,66.909,timestamp_domain.system_time,179906062.000,62.000,1,179906078.000,179906093.000,15.000,31.000,179906093.000,31.000,1,1,pnp_visible_ransac,9,1.002,-14.3745,-0.253836,1.901631,-7.6031
2026-09-06T15:54:41.814,649,613,STAGING_PLAN,STAGING_PLAN,1462,2,1788677681776.253,66.586,timestamp_domain.system_time,179906140.000,78.000,1,179906140.000,179906156.000,16.000,16.000,179906156.000,16.000,1,1,pnp_visible_ransac,9,1.037,-14.3294,-0.254108,1.902254,-7.6087
2026-09-06T15:54:41.885,650,614,STAGING_PLAN,STAGING_PLAN,1464,2,1788677681842.982,66.729,timestamp_domain.system_time,179906203.000,63.000,1,179906203.000,179906218.000,15.000,15.000,179906218.000,15.000,1,1,pnp_visible_ransac,9,1.087,-14.2860,-0.254298,1.903094,-7.6110
2026-09-06T15:54:41.944,651,615,STAGING_PLAN,STAGING_PLAN,1466,2,1788677681909.637,66.654,timestamp_domain.system_time,179906265.000,62.000,1,179906281.000,179906281.000,0.000,16.000,179906281.000,16.000,1,1,pnp_visible_ransac,9,1.104,-14.2804,-0.254382,1.903072,-7.6135
2026-09-06T15:54:42.019,652,616,RECENTER_ROTATE,RECENTER_ROTATE,1468,2,1788677681976.649,67.012,timestamp_domain.system_time,179906343.000,78.000,1,179906343.000,179906359.000,16.000,16.000,179906359.000,16.000,1,1,pnp_visible_ransac,9,1.014,-14.3510,-0.253977,1.901945,-7.6060
2026-09-06T15:54:42.089,653,617,RECENTER_ROTATE,RECENTER_ROTATE,1470,2,1788677682043.003,66.354,timestamp_domain.system_time,179906406.000,63.000,1,179906406.000,179906421.000,15.000,15.000,179906437.000,31.000,1,1,pnp_visible_ransac,9,1.061,-14.3077,-0.254168,1.902786,-7.6083
2026-09-06T15:54:42.148,654,618,RECENTER_ROTATE,RECENTER_ROTATE,1472,2,1788677682109.829,66.825,timestamp_domain.system_time,179906468.000,62.000,1,179906484.000,179906484.000,0.000,16.000,179906484.000,16.000,1,1,pnp_visible_ransac,9,1.015,-14.3522,-0.253962,1.901901,-7.6058
2026-09-06T15:54:42.208,655,619,RECENTER_ROTATE,RECENTER_ROTATE,1474,2,1788677682176.525,66.696,timestamp_domain.system_time,179906531.000,63.000,1,179906531.000,179906546.000,15.000,15.000,179906546.000,15.000,1,1,pnp_visible_ransac,9,1.035,-14.3282,-0.254122,1.902298,-7.6089
2026-09-06T15:54:42.275,656,620,RECENTER_ROTATE,RECENTER_ROTATE,1476,2,1788677682243.317,66.792,timestamp_domain.system_time,179906609.000,78.000,1,179906609.000,179906609.000,0.000,0.000,179906609.000,0.000,1,1,pnp_visible_ransac,9,1.035,-14.3282,-0.254122,1.902298,-7.6089
2026-09-06T15:54:42.344,657,621,RECENTER_ROTATE,RECENTER_ROTATE,1477,1,1788677682276.548,33.231,timestamp_domain.system_time,179906671.000,62.000,1,179906671.000,179906687.000,16.000,16.000,179906687.000,16.000,1,1,pnp_visible_ransac,9,1.069,-14.2935,-0.254400,1.902158,-7.6177
2026-09-06T15:54:42.425,658,622,RECENTER_ROTATE,RECENTER_ROTATE,1480,3,1788677682376.834,100.286,timestamp_domain.system_time,179906750.000,79.000,1,179906750.000,179906765.000,15.000,15.000,179906765.000,15.000,1,1,pnp_visible_ransac,9,1.023,-14.3496,-0.253919,1.901914,-7.6044
2026-09-06T15:54:42.494,659,623,RECENTER_ROTATE,RECENTER_ROTATE,1482,2,1788677682443.323,66.488,timestamp_domain.system_time,179906812.000,62.000,1,179906812.000,179906828.000,16.000,16.000,179906828.000,16.000,1,1,pnp_visible_ransac,9,1.067,-14.2627,-0.254353,1.902701,-7.6141
2026-09-06T15:54:42.559,660,624,RECENTER_ROTATE,RECENTER_ROTATE,1484,2,1788677682510.072,66.749,timestamp_domain.system_time,179906875.000,63.000,1,179906875.000,179906906.000,31.000,31.000,179906906.000,31.000,1,1,pnp_visible_ransac,9,1.058,-14.3059,-0.254168,1.902475,-7.6096
2026-09-06T15:54:42.626,661,625,RECENTER_ROTATE,RECENTER_ROTATE,1486,2,1788677682576.944,66.872,timestamp_domain.system_time,179906937.000,62.000,1,179906953.000,179906968.000,15.000,31.000,179906968.000,31.000,1,1,pnp_visible_ransac,9,1.077,-14.2921,-0.254342,1.902127,-7.6161
2026-09-06T15:54:42.693,662,626,RECENTER_ROTATE,RECENTER_ROTATE,1488,2,1788677682643.551,66.607,timestamp_domain.system_time,179907015.000,78.000,1,179907015.000,179907031.000,16.000,16.000,179907031.000,16.000,1,1,pnp_visible_ransac,9,1.156,-14.2241,-0.254677,1.903006,-7.6225
2026-09-06T15:54:42.760,663,627,RECENTER_ROTATE,RECENTER_ROTATE,1490,2,1788677682710.167,66.616,timestamp_domain.system_time,179907078.000,63.000,1,179907078.000,179907093.000,15.000,15.000,179907093.000,15.000,1,1,pnp_visible_ransac,9,1.106,-14.2853,-0.253480,1.901049,-7.5948
2026-09-06T15:54:42.827,664,628,RECENTER_ROTATE,RECENTER_ROTATE,1492,2,1788677682776.707,66.541,timestamp_domain.system_time,179907140.000,62.000,1,179907156.000,179907171.000,15.000,31.000,179907171.000,31.000,1,1,pnp_visible_ransac,9,1.069,-14.3640,-0.253014,1.900991,-7.5813
2026-09-06T15:54:42.896,665,629,RECENTER_ROTATE,RECENTER_ROTATE,1494,2,1788677682843.528,66.821,timestamp_domain.system_time,179907203.000,63.000,1,179907203.000,179907234.000,31.000,31.000,179907234.000,31.000,1,1,pnp_visible_ransac,9,1.051,-14.3465,-0.253458,1.903126,-7.5860
2026-09-06T15:54:42.962,666,630,RECENTER_ROTATE,RECENTER_ROTATE,1496,2,1788677682910.113,66.585,timestamp_domain.system_time,179907281.000,78.000,1,179907281.000,179907296.000,15.000,15.000,179907296.000,15.000,1,1,pnp_visible_ransac,9,1.104,-14.2609,-0.250994,1.904383,-7.5082
2026-09-06T15:54:43.023,667,631,RECENTER_ROTATE,RECENTER_ROTATE,1498,2,1788677682976.934,66.820,timestamp_domain.system_time,179907343.000,62.000,1,179907343.000,179907359.000,16.000,16.000,179907359.000,16.000,1,1,pnp_visible_ransac,9,1.102,-14.3783,-0.243073,1.902728,-7.2801
2026-09-06T15:54:43.083,668,632,RECENTER_ROTATE,RECENTER_ROTATE,1500,2,1788677683043.664,66.730,timestamp_domain.system_time,179907406.000,63.000,1,179907406.000,179907421.000,15.000,15.000,179907421.000,15.000,1,1,pnp_visible_ransac,9,0.962,-14.3335,-0.238240,1.901334,-7.1420
2026-09-06T15:54:43.154,669,633,RECENTER_ROTATE,RECENTER_ROTATE,1502,2,1788677683110.591,66.927,timestamp_domain.system_time,179907468.000,62.000,1,179907484.000,179907484.000,0.000,16.000,179907500.000,32.000,1,1,pnp_visible_ransac,9,1.276,-14.2618,-0.234500,1.900161,-7.0353
2026-09-06T15:54:43.213,670,634,RECENTER_ROTATE,RECENTER_ROTATE,1504,2,1788677683177.370,66.778,timestamp_domain.system_time,179907531.000,63.000,1,179907531.000,179907546.000,15.000,15.000,179907546.000,15.000,1,1,pnp_visible_ransac,9,1.125,-14.1871,-0.229053,1.900138,-6.8736
2026-09-06T15:54:43.282,671,635,RECENTER_ROTATE,RECENTER_ROTATE,1506,2,1788677683243.929,66.559,timestamp_domain.system_time,179907609.000,78.000,1,179907609.000,179907625.000,16.000,16.000,179907625.000,16.000,1,1,pnp_visible_ransac,9,0.914,-13.9557,-0.219741,1.901096,-6.5933
2026-09-06T15:54:43.342,672,636,RECENTER_ROTATE,RECENTER_ROTATE,1507,1,1788677683277.915,33.987,timestamp_domain.system_time,179907656.000,47.000,1,179907671.000,179907687.000,16.000,31.000,179907687.000,31.000,1,1,pnp_visible_ransac,9,0.931,-13.6870,-0.214582,1.905635,-6.4247
2026-09-06T15:54:43.475,673,637,RECENTER_ROTATE,RECENTER_ROTATE,1511,4,1788677683410.982,133.067,timestamp_domain.system_time,179907796.000,140.000,1,179907796.000,179907812.000,16.000,16.000,179907812.000,16.000,1,1,pnp_visible_ransac,9,0.963,-13.2506,-0.180639,1.903764,-5.4203
2026-09-06T15:54:43.538,674,638,RECENTER_ROTATE,RECENTER_ROTATE,1514,3,1788677683510.823,99.841,timestamp_domain.system_time,179907859.000,63.000,1,179907859.000,179907875.000,16.000,16.000,179907875.000,16.000,1,1,pnp_visible_ransac,9,1.154,-12.8625,-0.148942,1.903469,-4.4741
2026-09-06T15:54:43.599,675,639,RECENTER_ROTATE,RECENTER_ROTATE,1516,2,1788677683577.666,66.843,timestamp_domain.system_time,179907921.000,62.000,1,179907921.000,179907937.000,16.000,16.000,179907937.000,16.000,1,1,pnp_visible_ransac,9,1.234,-11.6219,-0.133976,1.908140,-4.0163
2026-09-06T15:54:43.674,676,640,RECENTER_SETTLE,RECENTER_SETTLE,1518,2,1788677683644.206,66.540,timestamp_domain.system_time,179908000.000,79.000,1,179908000.000,179908015.000,15.000,15.000,179908015.000,15.000,1,1,pnp_visible_ransac,9,1.115,-11.1518,-0.109316,1.909434,-3.2766
2026-09-06T15:54:43.736,677,641,RECENTER_SETTLE,RECENTER_SETTLE,1520,2,1788677683710.914,66.708,timestamp_domain.system_time,179908062.000,62.000,1,179908062.000,179908078.000,16.000,16.000,179908078.000,16.000,1,1,pnp_visible_ransac,9,1.161,-10.7156,-0.078861,1.909088,-2.3654
2026-09-06T15:54:43.807,678,642,RECENTER_SETTLE,RECENTER_SETTLE,1522,2,1788677683777.360,66.447,timestamp_domain.system_time,179908140.000,78.000,1,179908140.000,179908140.000,0.000,0.000,179908140.000,0.000,1,1,pnp_visible_ransac,9,1.085,-10.3004,-0.041590,1.912145,-1.2460
2026-09-06T15:54:43.870,679,643,RECENTER_SETTLE,RECENTER_SETTLE,1524,2,1788677683844.055,66.694,timestamp_domain.system_time,179908187.000,47.000,1,179908187.000,179908203.000,16.000,16.000,179908203.000,16.000,1,1,pnp_visible_ransac,9,1.058,-9.0423,-0.001217,1.921411,-0.0363
2026-09-06T15:54:43.942,680,644,RECENTER_SETTLE,RECENTER_SETTLE,1526,2,1788677683911.067,67.012,timestamp_domain.system_time,179908265.000,78.000,1,179908265.000,179908281.000,16.000,16.000,179908281.000,16.000,1,1,pnp_visible_ransac,9,0.955,-8.3851,0.055203,1.915989,1.6503
2026-09-06T15:54:44.002,681,645,RECENTER_SETTLE,RECENTER_SETTLE,1528,2,1788677683977.714,66.647,timestamp_domain.system_time,179908328.000,63.000,1,179908328.000,179908343.000,15.000,15.000,179908343.000,15.000,1,1,pnp_visible_ransac,9,0.926,-7.4350,0.112233,1.913144,3.3574
2026-09-06T15:54:44.066,682,646,RECENTER_SETTLE,RECENTER_SETTLE,1530,2,1788677684044.493,66.779,timestamp_domain.system_time,179908390.000,62.000,1,179908390.000,179908406.000,16.000,16.000,179908406.000,16.000,1,1,pnp_visible_ransac,9,1.178,-6.0353,0.136269,1.923060,4.0532
2026-09-06T15:54:44.132,683,647,RECENTER_SETTLE,RECENTER_SETTLE,1531,1,1788677684077.830,33.337,timestamp_domain.system_time,179908453.000,63.000,1,179908453.000,179908468.000,15.000,15.000,179908468.000,15.000,1,1,pnp_visible_ransac,9,1.283,-5.8718,0.137260,1.917830,4.0937
2026-09-06T15:54:44.200,684,648,RECENTER_SETTLE,RECENTER_SETTLE,1533,2,1788677684144.498,66.669,timestamp_domain.system_time,179908515.000,62.000,1,179908515.000,179908531.000,16.000,16.000,179908546.000,31.000,1,1,pnp_visible_ransac,9,1.004,-6.8242,0.125414,1.904944,3.7667
2026-09-06T15:54:44.267,685,649,RECENTER_SETTLE,RECENTER_SETTLE,1535,2,1788677684211.323,66.824,timestamp_domain.system_time,179908593.000,78.000,1,179908593.000,179908593.000,0.000,0.000,179908609.000,16.000,1,1,pnp_visible_ransac,9,0.885,-7.5496,0.097460,1.916314,2.9114
2026-09-06T15:54:44.324,686,650,RECENTER_SETTLE,RECENTER_SETTLE,1537,2,1788677684278.722,67.399,timestamp_domain.system_time,179908640.000,47.000,1,179908656.000,179908671.000,15.000,31.000,179908671.000,31.000,1,1,pnp_visible_ransac,9,0.888,-7.6281,0.091575,1.915403,2.7372
2026-09-06T15:54:44.391,687,651,RECENTER_SETTLE,RECENTER_SETTLE,1538,1,1788677684311.540,32.818,timestamp_domain.system_time,179908718.000,78.000,1,179908718.000,179908734.000,16.000,16.000,179908734.000,16.000,1,1,pnp_visible_ransac,9,0.889,-7.7907,0.094841,1.915854,2.8340
2026-09-06T15:54:44.468,688,652,RECENTER_SETTLE,RECENTER_SETTLE,1539,1,1788677684345.036,33.496,timestamp_domain.system_time,179908781.000,63.000,1,179908781.000,179908796.000,15.000,15.000,179908812.000,31.000,1,1,pnp_visible_ransac,9,0.986,-7.7676,0.097390,1.917957,2.9069
2026-09-06T15:54:44.526,689,653,RECENTER_SETTLE,RECENTER_SETTLE,1543,4,1788677684478.107,133.071,timestamp_domain.system_time,179908843.000,62.000,1,179908859.000,179908859.000,0.000,16.000,179908859.000,16.000,1,1,pnp_visible_ransac,9,0.953,-7.4752,0.102644,1.919294,3.0613
2026-09-06T15:54:44.593,690,654,RECENTER_SETTLE,RECENTER_SETTLE,1545,2,1788677684545.042,66.935,timestamp_domain.system_time,179908906.000,63.000,1,179908906.000,179908937.000,31.000,31.000,179908937.000,31.000,1,1,pnp_visible_ransac,9,0.889,-7.5611,0.099719,1.919312,2.9742
2026-09-06T15:54:44.660,691,655,RECENTER_SETTLE,RECENTER_SETTLE,1547,2,1788677684611.529,66.486,timestamp_domain.system_time,179908984.000,78.000,1,179908984.000,179909000.000,16.000,16.000,179909000.000,16.000,1,1,pnp_visible_ransac,9,0.883,-7.6112,0.098018,1.919950,2.9225
2026-09-06T15:54:44.716,692,656,RECENTER_SETTLE,RECENTER_SETTLE,1549,2,1788677684678.304,66.775,timestamp_domain.system_time,179909046.000,62.000,1,179909046.000,179909062.000,16.000,16.000,179909062.000,16.000,1,1,pnp_visible_ransac,9,0.886,-7.5923,0.097833,1.919197,2.9182
2026-09-06T15:54:44.788,693,657,RECENTER_SETTLE,RECENTER_SETTLE,1551,2,1788677684745.117,66.813,timestamp_domain.system_time,179909109.000,63.000,1,179909109.000,179909125.000,16.000,16.000,179909125.000,16.000,1,1,pnp_visible_ransac,9,0.981,-7.6273,0.099439,1.918670,2.9668
2026-09-06T15:54:44.849,694,658,RECENTER_SETTLE,RECENTER_SETTLE,1553,2,1788677684811.550,66.433,timestamp_domain.system_time,179909171.000,62.000,1,179909171.000,179909187.000,16.000,16.000,179909187.000,16.000,1,1,pnp_visible_ransac,9,0.933,-7.6774,0.099853,1.918562,2.9793
2026-09-06T15:54:44.916,695,659,RECENTER_SETTLE,RECENTER_SETTLE,1555,2,1788677684878.387,66.836,timestamp_domain.system_time,179909234.000,63.000,1,179909234.000,179909250.000,16.000,16.000,179909250.000,16.000,1,1,pnp_visible_ransac,9,0.937,-7.6857,0.099452,1.920329,2.9646
2026-09-06T15:54:44.983,696,660,RECENTER_SETTLE,RECENTER_SETTLE,1557,2,1788677684945.171,66.784,timestamp_domain.system_time,179909312.000,78.000,1,179909312.000,179909328.000,16.000,16.000,179909328.000,16.000,1,1,pnp_visible_ransac,9,0.947,-7.6807,0.099047,1.919639,2.9536
2026-09-06T15:54:45.044,697,661,RECENTER_SETTLE,RECENTER_SETTLE,1559,2,1788677685012.027,66.856,timestamp_domain.system_time,179909375.000,63.000,1,179909375.000,179909390.000,15.000,15.000,179909390.000,15.000,1,1,pnp_visible_ransac,9,0.947,-7.6807,0.099047,1.919639,2.9536
2026-09-06T15:54:45.113,698,662,RECENTER_SETTLE,RECENTER_SETTLE,1561,2,1788677685078.708,66.680,timestamp_domain.system_time,179909437.000,62.000,1,179909437.000,179909453.000,16.000,16.000,179909453.000,16.000,1,1,pnp_visible_ransac,9,0.935,-7.6596,0.099326,1.918561,2.9636
2026-09-06T15:54:45.175,699,663,RECENTER_SETTLE,RECENTER_SETTLE,1563,2,1788677685145.054,66.347,timestamp_domain.system_time,179909500.000,63.000,1,179909500.000,179909515.000,15.000,15.000,179909515.000,15.000,1,1,pnp_visible_ransac,9,0.864,-7.6831,0.099989,1.918938,2.9828
2026-09-06T15:54:45.246,700,664,RECENTER_SETTLE,RECENTER_SETTLE,1565,2,1788677685211.950,66.896,timestamp_domain.system_time,179909562.000,62.000,1,179909562.000,179909578.000,16.000,16.000,179909593.000,31.000,1,1,pnp_visible_ransac,9,0.887,-7.6370,0.098919,1.920379,2.9487
2026-09-06T15:54:45.308,701,665,RECENTER_SETTLE,RECENTER_SETTLE,1567,2,1788677685278.841,66.891,timestamp_domain.system_time,179909625.000,63.000,1,179909625.000,179909640.000,15.000,15.000,179909656.000,31.000,1,1,pnp_visible_ransac,9,0.960,-7.6291,0.098760,1.919533,2.9453
2026-09-06T15:54:45.369,702,666,RECENTER_SETTLE,RECENTER_SETTLE,1568,1,1788677685312.157,33.316,timestamp_domain.system_time,179909687.000,62.000,1,179909687.000,179909703.000,16.000,16.000,179909703.000,16.000,1,1,pnp_visible_ransac,9,0.946,-7.6164,0.098849,1.919650,2.9477
2026-09-06T15:54:45.481,703,667,RECENTER_SETTLE,RECENTER_SETTLE,1571,3,1788677685412.018,99.861,timestamp_domain.system_time,179909796.000,109.000,1,179909796.000,179909828.000,32.000,32.000,179909828.000,32.000,1,1,pnp_visible_ransac,9,0.943,-7.6529,0.099349,1.920420,2.9615
2026-09-06T15:54:45.552,704,668,RECENTER_SETTLE,RECENTER_SETTLE,1574,3,1788677685512.160,100.142,timestamp_domain.system_time,179909875.000,79.000,1,179909875.000,179909890.000,15.000,15.000,179909890.000,15.000,1,1,pnp_visible_ransac,9,0.894,-7.6357,0.099035,1.919653,2.9533
2026-09-06T15:54:45.614,705,669,RECENTER_SETTLE,RECENTER_SETTLE,1576,2,1788677685578.870,66.710,timestamp_domain.system_time,179909937.000,62.000,1,179909937.000,179909953.000,16.000,16.000,179909953.000,16.000,1,1,pnp_visible_ransac,9,0.849,-7.6490,0.098813,1.919574,2.9468
2026-09-06T15:54:45.674,706,670,RECENTER_SETTLE,RECENTER_SETTLE,1578,2,1788677685645.735,66.865,timestamp_domain.system_time,179910000.000,63.000,1,179910000.000,179910015.000,15.000,15.000,179910015.000,15.000,1,1,pnp_visible_ransac,9,0.906,-7.6693,0.099356,1.919003,2.9638
2026-09-06T15:54:45.731,707,671,RECENTER_SETTLE,RECENTER_SETTLE,1580,2,1788677685712.479,66.743,timestamp_domain.system_time,179910046.000,46.000,1,179910062.000,179910078.000,16.000,32.000,179910078.000,32.000,1,1,pnp_visible_ransac,9,0.973,-7.6319,0.099824,1.918147,2.9791
2026-09-06T15:54:45.794,708,672,RECENTER_SETTLE,RECENTER_SETTLE,1581,1,1788677685745.717,33.239,timestamp_domain.system_time,179910109.000,63.000,1,179910125.000,179910140.000,15.000,31.000,179910140.000,31.000,1,1,pnp_visible_ransac,9,0.956,-7.6527,0.099888,1.918354,2.9807
2026-09-06T15:54:45.857,709,673,RECENTER_SETTLE,RECENTER_SETTLE,1583,2,1788677685812.562,66.845,timestamp_domain.system_time,179910187.000,78.000,1,179910187.000,179910203.000,16.000,16.000,179910203.000,16.000,1,1,pnp_visible_ransac,9,0.923,-7.6133,0.098952,1.919536,2.9510
2026-09-06T15:54:45.919,710,674,RECENTER_SETTLE,RECENTER_SETTLE,1585,2,1788677685879.100,66.538,timestamp_domain.system_time,179910250.000,63.000,1,179910250.000,179910265.000,15.000,15.000,179910265.000,15.000,1,1,pnp_visible_ransac,9,0.949,-7.6552,0.099233,1.920513,2.9578
2026-09-06T15:54:45.982,711,675,RECENTER_SETTLE,RECENTER_SETTLE,1587,2,1788677685945.899,66.798,timestamp_domain.system_time,179910312.000,62.000,1,179910312.000,179910328.000,16.000,16.000,179910328.000,16.000,1,1,pnp_visible_ransac,9,0.957,-7.6059,0.099317,1.920640,2.9601
2026-09-06T15:54:46.043,712,676,RECENTER_SETTLE,RECENTER_SETTLE,1589,2,1788677686012.765,66.866,timestamp_domain.system_time,179910375.000,63.000,1,179910375.000,179910390.000,15.000,15.000,179910390.000,15.000,1,1,pnp_visible_ransac,9,0.895,-7.6089,0.099540,1.919136,2.9691
2026-09-06T15:54:46.109,713,677,RECENTER_SETTLE,RECENTER_SETTLE,1591,2,1788677686079.221,66.456,timestamp_domain.system_time,179910437.000,62.000,1,179910437.000,179910453.000,16.000,16.000,179910453.000,16.000,1,1,pnp_visible_ransac,9,0.942,-7.6246,0.099002,1.919980,2.9518
2026-09-06T15:54:46.171,714,678,RECENTER_SETTLE,RECENTER_SETTLE,1593,2,1788677686146.036,66.815,timestamp_domain.system_time,179910484.000,47.000,1,179910484.000,179910515.000,31.000,31.000,179910515.000,31.000,1,1,pnp_visible_ransac,9,0.910,-7.6489,0.098941,1.918901,2.9516
2026-09-06T15:54:46.234,715,679,RECENTER_SETTLE,RECENTER_SETTLE,1595,2,1788677686212.849,66.813,timestamp_domain.system_time,179910546.000,62.000,1,179910546.000,179910578.000,32.000,32.000,179910578.000,32.000,1,1,pnp_visible_ransac,9,0.962,-7.6355,0.099372,1.918983,2.9643
2026-09-06T15:54:46.293,716,680,RECENTER_SETTLE,RECENTER_SETTLE,1596,1,1788677686245.996,33.146,timestamp_domain.system_time,179910625.000,79.000,1,179910625.000,179910640.000,15.000,15.000,179910640.000,15.000,1,1,pnp_visible_ransac,9,0.966,-7.5630,0.099020,1.918664,2.9543
2026-09-06T15:54:46.357,717,681,RECENTER_SETTLE,RECENTER_SETTLE,1598,2,1788677686312.942,66.947,timestamp_domain.system_time,179910687.000,62.000,1,179910687.000,179910703.000,16.000,16.000,179910703.000,16.000,1,1,pnp_visible_ransac,9,0.939,-7.5622,0.098818,1.919851,2.9465
2026-09-06T15:54:46.482,718,682,RECENTER_SETTLE,RECENTER_SETTLE,1601,3,1788677686412.729,99.786,timestamp_domain.system_time,179910781.000,94.000,1,179910796.000,179910828.000,32.000,47.000,179910828.000,47.000,1,1,pnp_visible_ransac,9,0.886,-7.6668,0.099126,1.919675,2.9560
2026-09-06T15:54:46.549,719,683,RECENTER_SETTLE,RECENTER_SETTLE,1604,3,1788677686512.892,100.164,timestamp_domain.system_time,179910859.000,78.000,1,179910859.000,179910875.000,16.000,16.000,179910890.000,31.000,1,1,pnp_visible_ransac,9,0.938,-7.6184,0.098862,1.919513,2.9484
2026-09-06T15:54:46.614,720,684,RECENTER_SETTLE,RECENTER_SETTLE,1606,2,1788677686579.811,66.919,timestamp_domain.system_time,179910937.000,78.000,1,179910937.000,179910953.000,16.000,16.000,179910953.000,16.000,1,1,pnp_visible_ransac,9,0.963,-7.5736,0.099260,1.917803,2.9628
2026-09-06T15:54:46.676,721,685,RECENTER_SETTLE,RECENTER_SETTLE,1608,2,1788677686646.416,66.604,timestamp_domain.system_time,179911000.000,63.000,1,179911000.000,179911015.000,15.000,15.000,179911015.000,15.000,1,1,pnp_visible_ransac,9,0.944,-7.6388,0.099260,1.918352,2.9620
2026-09-06T15:54:46.743,722,686,RECENTER_SETTLE,RECENTER_SETTLE,1610,2,1788677686713.177,66.761,timestamp_domain.system_time,179911062.000,62.000,1,179911062.000,179911078.000,16.000,16.000,179911078.000,16.000,1,1,pnp_visible_ransac,9,0.908,-7.6681,0.099135,1.919649,2.9563
2026-09-06T15:54:46.802,723,687,RECENTER_SETTLE,RECENTER_SETTLE,1612,2,1788677686779.794,66.617,timestamp_domain.system_time,179911125.000,63.000,1,179911125.000,179911140.000,15.000,15.000,179911140.000,15.000,1,1,pnp_visible_ransac,9,0.952,-7.6701,0.099150,1.919624,2.9568
2026-09-06T15:54:46.866,724,688,RECENTER_SETTLE,RECENTER_SETTLE,1613,1,1788677686812.872,33.078,timestamp_domain.system_time,179911187.000,62.000,1,179911187.000,179911203.000,16.000,16.000,179911203.000,16.000,1,1,pnp_visible_ransac,9,0.940,-7.6656,0.099393,1.920071,2.9633
2026-09-06T15:54:46.923,725,689,RECENTER_SETTLE,RECENTER_SETTLE,1615,2,1788677686879.956,67.084,timestamp_domain.system_time,179911250.000,63.000,1,179911250.000,179911265.000,15.000,15.000,179911265.000,15.000,1,1,pnp_visible_ransac,9,0.948,-7.6198,0.099581,1.919644,2.9695
2026-09-06T15:54:46.990,726,690,RECENTER_SETTLE,RECENTER_SETTLE,1617,2,1788677686946.638,66.682,timestamp_domain.system_time,179911312.000,62.000,1,179911312.000,179911328.000,16.000,16.000,179911328.000,16.000,1,1,pnp_visible_ransac,9,0.956,-7.6527,0.099888,1.918354,2.9807
2026-09-06T15:54:47.053,727,691,RECENTER_SETTLE,RECENTER_SETTLE,1619,2,1788677687013.337,66.699,timestamp_domain.system_time,179911375.000,63.000,1,179911375.000,179911390.000,15.000,15.000,179911390.000,15.000,1,1,pnp_visible_ransac,9,0.907,-7.5935,0.098903,1.919823,2.9491
2026-09-06T15:54:47.117,728,692,RECENTER_SETTLE,RECENTER_SETTLE,1621,2,1788677687079.998,66.661,timestamp_domain.system_time,179911437.000,62.000,1,179911437.000,179911453.000,16.000,16.000,179911453.000,16.000,1,1,pnp_visible_ransac,9,0.960,-7.6331,0.099143,1.919677,2.9565
2026-09-06T15:54:47.177,729,693,RECENTER_SETTLE,RECENTER_SETTLE,1623,2,1788677687146.766,66.768,timestamp_domain.system_time,179911500.000,63.000,1,179911500.000,179911515.000,15.000,15.000,179911515.000,15.000,1,1,pnp_visible_ransac,9,0.971,-7.6282,0.099384,1.920211,2.9628
2026-09-06T15:54:47.243,730,694,RECENTER_SETTLE,RECENTER_SETTLE,1625,2,1788677687213.526,66.760,timestamp_domain.system_time,179911562.000,62.000,1,179911562.000,179911578.000,16.000,16.000,179911578.000,16.000,1,1,pnp_visible_ransac,9,0.940,-7.6656,0.099393,1.920071,2.9633
2026-09-06T15:54:47.301,731,695,STAGING_PLAN,STAGING_PLAN,1627,2,1788677687280.064,66.538,timestamp_domain.system_time,179911625.000,63.000,1,179911625.000,179911640.000,15.000,15.000,179911640.000,15.000,1,1,pnp_visible_ransac,9,0.955,-7.6136,0.099309,1.919408,2.9618
2026-09-06T15:54:47.378,732,696,STAGING_PLAN,STAGING_PLAN,1628,1,1788677687313.571,33.507,timestamp_domain.system_time,179911703.000,78.000,1,179911703.000,179911718.000,15.000,15.000,179911718.000,15.000,1,1,pnp_visible_ransac,9,0.954,-7.6852,0.099450,1.920416,2.9645
2026-09-06T15:54:47.467,733,697,STAGING_PLAN,STAGING_PLAN,1631,3,1788677687413.748,100.177,timestamp_domain.system_time,179911781.000,78.000,1,179911796.000,179911812.000,16.000,31.000,179911812.000,31.000,1,1,pnp_visible_ransac,9,0.898,-7.5957,0.099493,1.919488,2.9672
2026-09-06T15:54:47.539,734,698,STAGING_PLAN,STAGING_PLAN,1634,3,1788677687513.701,99.953,timestamp_domain.system_time,179911859.000,78.000,1,179911859.000,179911875.000,16.000,16.000,179911875.000,16.000,1,1,pnp_visible_ransac,9,0.904,-7.6432,0.099522,1.918590,2.9694
2026-09-06T15:54:47.602,735,699,STAGING_PLAN,STAGING_PLAN,1635,1,1788677687546.890,33.189,timestamp_domain.system_time,179911921.000,62.000,1,179911921.000,179911937.000,16.000,16.000,179911937.000,16.000,1,1,pnp_visible_ransac,9,0.860,-7.6320,0.099282,1.919988,2.9601
2026-09-06T15:54:47.665,736,700,STAGING_PLAN,STAGING_PLAN,1637,2,1788677687613.646,66.755,timestamp_domain.system_time,179911984.000,63.000,1,179911984.000,179912000.000,16.000,16.000,179912000.000,16.000,1,1,pnp_visible_ransac,9,0.937,-7.6537,0.099567,1.919777,2.9689
2026-09-06T15:54:47.722,737,701,STAGING_PLAN,STAGING_PLAN,1639,2,1788677687680.345,66.699,timestamp_domain.system_time,179912046.000,62.000,1,179912046.000,179912062.000,16.000,16.000,179912062.000,16.000,1,1,pnp_visible_ransac,9,0.939,-7.5979,0.099503,1.918804,2.9685
2026-09-06T15:54:47.792,738,702,STAGING_PLAN,STAGING_PLAN,1641,2,1788677687747.089,66.744,timestamp_domain.system_time,179912109.000,63.000,1,179912109.000,179912125.000,16.000,16.000,179912125.000,16.000,1,1,pnp_visible_ransac,9,0.860,-7.6195,0.099242,1.920291,2.9584
2026-09-06T15:54:47.870,739,703,STAGING_PLAN,STAGING_PLAN,1644,3,1788677687847.263,100.174,timestamp_domain.system_time,179912187.000,78.000,1,179912187.000,179912203.000,16.000,16.000,179912203.000,16.000,1,1,pnp_visible_ransac,9,0.912,-7.6187,0.099567,1.919011,2.9701
2026-09-06T15:54:47.927,740,704,STAGING_PLAN,STAGING_PLAN,1645,1,1788677687880.644,33.382,timestamp_domain.system_time,179912250.000,63.000,1,179912250.000,179912265.000,15.000,15.000,179912265.000,15.000,1,1,pnp_visible_ransac,9,0.912,-7.5909,0.099010,1.919125,2.9533
2026-09-06T15:54:48.051,741,705,RECENTER_ROTATE,RECENTER_ROTATE,1649,4,1788677688014.030,133.385,timestamp_domain.system_time,179912375.000,125.000,1,179912375.000,179912390.000,15.000,15.000,179912390.000,15.000,1,1,pnp_visible_ransac,9,0.961,-7.6019,0.099050,1.919632,2.9538
2026-09-06T15:54:48.123,742,706,RECENTER_ROTATE,RECENTER_ROTATE,1651,2,1788677688080.696,66.666,timestamp_domain.system_time,179912437.000,62.000,1,179912453.000,179912468.000,15.000,31.000,179912468.000,31.000,1,1,pnp_visible_ransac,9,0.868,-7.6389,0.099428,1.920451,2.9637
2026-09-06T15:54:48.184,743,707,RECENTER_ROTATE,RECENTER_ROTATE,1653,2,1788677688147.433,66.737,timestamp_domain.system_time,179912500.000,63.000,1,179912500.000,179912531.000,31.000,31.000,179912531.000,31.000,1,1,pnp_visible_ransac,9,0.886,-7.6961,0.099683,1.918838,2.9738
2026-09-06T15:54:48.251,744,708,RECENTER_ROTATE,RECENTER_ROTATE,1655,2,1788677688214.222,66.789,timestamp_domain.system_time,179912578.000,78.000,1,179912578.000,179912593.000,15.000,15.000,179912593.000,15.000,1,1,pnp_visible_ransac,9,0.957,-7.6176,0.098841,1.918276,2.9496
2026-09-06T15:54:48.321,745,709,RECENTER_ROTATE,RECENTER_ROTATE,1657,2,1788677688281.058,66.836,timestamp_domain.system_time,179912640.000,62.000,1,179912640.000,179912656.000,16.000,16.000,179912656.000,16.000,1,1,pnp_visible_ransac,9,0.953,-7.7166,0.096898,1.918283,2.8917
2026-09-06T15:54:48.385,746,710,RECENTER_ROTATE,RECENTER_ROTATE,1658,1,1788677688314.296,33.238,timestamp_domain.system_time,179912718.000,78.000,1,179912718.000,179912718.000,0.000,0.000,179912718.000,0.000,1,1,pnp_visible_ransac,9,0.913,-7.7658,0.094324,1.917637,2.8160
2026-09-06T15:54:48.472,747,711,RECENTER_ROTATE,RECENTER_ROTATE,1661,3,1788677688414.943,100.647,timestamp_domain.system_time,179912781.000,63.000,1,179912796.000,179912812.000,16.000,31.000,179912812.000,31.000,1,1,pnp_visible_ransac,9,0.957,-7.6738,0.089192,1.918787,2.6614
2026-09-06T15:54:48.542,748,712,RECENTER_ROTATE,RECENTER_ROTATE,1664,3,1788677688514.442,99.499,timestamp_domain.system_time,179912859.000,78.000,1,179912859.000,179912875.000,16.000,16.000,179912875.000,16.000,1,1,pnp_visible_ransac,9,1.029,-7.7824,0.094326,1.915219,2.8196
2026-09-06T15:54:48.606,749,713,RECENTER_ROTATE,RECENTER_ROTATE,1666,2,1788677688581.263,66.821,timestamp_domain.system_time,179912921.000,62.000,1,179912921.000,179912953.000,32.000,32.000,179912953.000,32.000,1,1,pnp_visible_ransac,9,0.980,-7.7659,0.094331,1.918413,2.8150
2026-09-06T15:54:48.678,750,714,RECENTER_ROTATE,RECENTER_ROTATE,1668,2,1788677688647.924,66.661,timestamp_domain.system_time,179913000.000,79.000,1,179913000.000,179913015.000,15.000,15.000,179913015.000,15.000,1,1,pnp_visible_ransac,9,1.002,-7.6986,0.092241,1.914582,2.7583
2026-09-06T15:54:48.745,751,715,RECENTER_ROTATE,RECENTER_ROTATE,1670,2,1788677688714.599,66.676,timestamp_domain.system_time,179913062.000,62.000,1,179913062.000,179913078.000,16.000,16.000,179913078.000,16.000,1,1,pnp_visible_ransac,9,0.887,-7.7214,0.091269,1.915117,2.7285
2026-09-06T15:54:48.812,752,716,RECENTER_ROTATE,RECENTER_ROTATE,1672,2,1788677688781.290,66.691,timestamp_domain.system_time,179913140.000,78.000,1,179913140.000,179913156.000,16.000,16.000,179913156.000,16.000,1,1,pnp_visible_ransac,9,0.977,-7.7413,0.091960,1.916764,2.7467
2026-09-06T15:54:48.879,753,717,RECENTER_ROTATE,RECENTER_ROTATE,1674,2,1788677688847.813,66.523,timestamp_domain.system_time,179913203.000,63.000,1,179913203.000,179913218.000,15.000,15.000,179913218.000,15.000,1,1,pnp_visible_ransac,9,0.903,-7.7569,0.092606,1.916571,2.7663
2026-09-06T15:54:48.946,754,718,RECENTER_ROTATE,RECENTER_ROTATE,1676,2,1788677688914.627,66.814,timestamp_domain.system_time,179913265.000,62.000,1,179913265.000,179913281.000,16.000,16.000,179913281.000,16.000,1,1,pnp_visible_ransac,9,0.975,-7.7426,0.091969,1.916719,2.7471
2026-09-06T15:54:49.011,755,719,RECENTER_ROTATE,RECENTER_ROTATE,1678,2,1788677688981.373,66.746,timestamp_domain.system_time,179913328.000,63.000,1,179913328.000,179913343.000,15.000,15.000,179913359.000,31.000,1,1,pnp_visible_ransac,9,0.939,-7.6193,0.085629,1.920374,2.5531
2026-09-06T15:54:49.078,756,720,RECENTER_ROTATE,RECENTER_ROTATE,1680,2,1788677689048.049,66.676,timestamp_domain.system_time,179913390.000,62.000,1,179913390.000,179913406.000,16.000,16.000,179913421.000,31.000,1,1,pnp_visible_ransac,9,0.947,-7.7843,0.078789,1.926511,2.3419
2026-09-06T15:54:49.145,757,721,RECENTER_ROTATE,RECENTER_ROTATE,1682,2,1788677689114.790,66.740,timestamp_domain.system_time,179913468.000,78.000,1,179913468.000,179913484.000,16.000,16.000,179913484.000,16.000,1,1,pnp_visible_ransac,9,0.896,-7.8230,0.071424,1.925222,2.1246
2026-09-06T15:54:49.212,758,722,RECENTER_ROTATE,RECENTER_ROTATE,1684,2,1788677689181.508,66.719,timestamp_domain.system_time,179913531.000,63.000,1,179913531.000,179913546.000,15.000,15.000,179913546.000,15.000,1,1,pnp_visible_ransac,9,0.958,-7.8834,0.064485,1.924657,1.9189
2026-09-06T15:54:49.278,759,723,RECENTER_ROTATE,RECENTER_ROTATE,1686,2,1788677689248.322,66.813,timestamp_domain.system_time,179913593.000,62.000,1,179913593.000,179913609.000,16.000,16.000,179913625.000,32.000,1,1,pnp_visible_ransac,9,0.966,-8.0015,0.056553,1.917522,1.6893
2026-09-06T15:54:49.334,760,724,RECENTER_ROTATE,RECENTER_ROTATE,1688,2,1788677689315.373,67.052,timestamp_domain.system_time,179913671.000,78.000,1,179913671.000,179913671.000,0.000,0.000,179913671.000,0.000,1,1,pnp_visible_ransac,9,0.972,-8.1802,0.044517,1.926953,1.3234
2026-09-06T15:54:49.527,761,725,RECENTER_ROTATE,RECENTER_ROTATE,1692,4,1788677689449.625,134.252,timestamp_domain.system_time,179913828.000,157.000,1,179913828.000,179913875.000,47.000,47.000,179913875.000,47.000,1,1,pnp_visible_ransac,9,1.122,-8.6283,0.008357,1.925302,0.2487
2026-09-06T15:54:49.608,762,726,RECENTER_SETTLE,RECENTER_SETTLE,1696,4,1788677689581.679,132.054,timestamp_domain.system_time,179913921.000,93.000,1,179913937.000,179913953.000,16.000,32.000,179913953.000,32.000,1,1,pnp_visible_ransac,9,1.158,-9.9588,-0.050690,1.920943,-1.5116
2026-09-06T15:54:49.669,763,727,RECENTER_SETTLE,RECENTER_SETTLE,1698,2,1788677689648.404,66.725,timestamp_domain.system_time,179913984.000,63.000,1,179913984.000,179914015.000,31.000,31.000,179914015.000,31.000,1,1,pnp_visible_ransac,9,1.134,-10.7705,-0.095280,1.915651,-2.8474
2026-09-06T15:54:49.742,764,728,RECENTER_SETTLE,RECENTER_SETTLE,1700,2,1788677689715.152,66.749,timestamp_domain.system_time,179914062.000,78.000,1,179914062.000,179914078.000,16.000,16.000,179914078.000,16.000,1,1,pnp_visible_ransac,9,1.262,-11.5460,-0.138030,1.909919,-4.1336
2026-09-06T15:54:49.811,765,729,RECENTER_SETTLE,RECENTER_SETTLE,1702,2,1788677689781.960,66.808,timestamp_domain.system_time,179914140.000,78.000,1,179914140.000,179914156.000,16.000,16.000,179914156.000,16.000,1,1,pnp_visible_ransac,9,0.955,-12.4785,-0.155434,1.901024,-4.6743
2026-09-06T15:54:49.869,766,730,RECENTER_SETTLE,RECENTER_SETTLE,1704,2,1788677689848.546,66.586,timestamp_domain.system_time,179914187.000,47.000,1,179914203.000,179914203.000,0.000,16.000,179914203.000,16.000,1,1,pnp_visible_ransac,9,0.943,-12.6244,-0.154616,1.897180,-4.6592
2026-09-06T15:54:49.936,767,731,RECENTER_SETTLE,RECENTER_SETTLE,1705,1,1788677689881.944,33.398,timestamp_domain.system_time,179914250.000,63.000,1,179914250.000,179914265.000,15.000,15.000,179914281.000,31.000,1,1,pnp_visible_ransac,9,0.969,-12.5527,-0.144703,1.900081,-4.3550
2026-09-06T15:54:49.999,768,732,RECENTER_SETTLE,RECENTER_SETTLE,1707,2,1788677689948.608,66.664,timestamp_domain.system_time,179914312.000,62.000,1,179914312.000,179914343.000,31.000,31.000,179914343.000,31.000,1,1,pnp_visible_ransac,9,1.135,-11.4236,-0.128715,1.908287,-3.8588
2026-09-06T15:54:50.069,769,733,RECENTER_SETTLE,RECENTER_SETTLE,1709,2,1788677690015.284,66.676,timestamp_domain.system_time,179914390.000,78.000,1,179914390.000,179914406.000,16.000,16.000,179914406.000,16.000,1,1,pnp_visible_ransac,9,1.147,-11.1269,-0.104042,1.899541,-3.1351
2026-09-06T15:54:50.133,770,734,RECENTER_SETTLE,RECENTER_SETTLE,1711,2,1788677690082.053,66.769,timestamp_domain.system_time,179914453.000,63.000,1,179914453.000,179914468.000,15.000,15.000,179914468.000,15.000,1,1,pnp_visible_ransac,9,1.244,-11.0376,-0.104827,1.900836,-3.1566
2026-09-06T15:54:50.200,771,735,RECENTER_SETTLE,RECENTER_SETTLE,1713,2,1788677690149.050,66.997,timestamp_domain.system_time,179914515.000,62.000,1,179914515.000,179914531.000,16.000,16.000,179914546.000,31.000,1,1,pnp_visible_ransac,9,1.099,-11.2394,-0.122818,1.907924,-3.6832
2026-09-06T15:54:50.272,772,736,RECENTER_SETTLE,RECENTER_SETTLE,1715,2,1788677690215.612,66.562,timestamp_domain.system_time,179914578.000,63.000,1,179914578.000,179914609.000,31.000,31.000,179914609.000,31.000,1,1,pnp_visible_ransac,9,1.240,-11.6169,-0.135589,1.904475,-4.0723
2026-09-06T15:54:50.336,773,737,RECENTER_SETTLE,RECENTER_SETTLE,1717,2,1788677690282.432,66.820,timestamp_domain.system_time,179914656.000,78.000,1,179914656.000,179914671.000,15.000,15.000,179914671.000,15.000,1,1,pnp_visible_ransac,9,1.192,-11.6246,-0.135334,1.904702,-4.0642
2026-09-06T15:54:50.400,774,738,RECENTER_SETTLE,RECENTER_SETTLE,1718,1,1788677690316.402,33.970,timestamp_domain.system_time,179914718.000,62.000,1,179914718.000,179914734.000,16.000,16.000,179914734.000,16.000,1,1,pnp_visible_ransac,9,1.260,-11.5525,-0.132563,1.906160,-3.9782
2026-09-06T15:54:50.524,775,739,RECENTER_SETTLE,RECENTER_SETTLE,1722,4,1788677690448.948,132.545,timestamp_domain.system_time,179914828.000,110.000,1,179914828.000,179914859.000,31.000,31.000,179914859.000,31.000,1,1,pnp_visible_ransac,9,1.247,-11.3791,-0.127546,1.907709,-3.8250
2026-09-06T15:54:50.591,776,740,RECENTER_SETTLE,RECENTER_SETTLE,1725,3,1788677690549.073,100.125,timestamp_domain.system_time,179914906.000,78.000,1,179914906.000,179914937.000,31.000,31.000,179914937.000,31.000,1,1,pnp_visible_ransac,9,1.181,-11.4524,-0.131042,1.907733,-3.9295
2026-09-06T15:54:50.659,777,741,RECENTER_SETTLE,RECENTER_SETTLE,1727,2,1788677690616.064,66.991,timestamp_domain.system_time,179914984.000,78.000,1,179914984.000,179915000.000,16.000,16.000,179915000.000,16.000,1,1,pnp_visible_ransac,9,1.150,-11.4869,-0.133312,1.905918,-4.0011
2026-09-06T15:54:50.729,778,742,RECENTER_SETTLE,RECENTER_SETTLE,1729,2,1788677690682.638,66.574,timestamp_domain.system_time,179915046.000,62.000,1,179915046.000,179915062.000,16.000,16.000,179915062.000,16.000,1,1,pnp_visible_ransac,9,1.149,-11.5120,-0.132329,1.904982,-3.9736
2026-09-06T15:54:50.799,779,743,RECENTER_SETTLE,RECENTER_SETTLE,1731,2,1788677690749.338,66.700,timestamp_domain.system_time,179915125.000,79.000,1,179915125.000,179915140.000,15.000,15.000,179915140.000,15.000,1,1,pnp_visible_ransac,9,1.166,-11.5311,-0.131451,1.906335,-3.9446
2026-09-06T15:54:50.872,780,744,RECENTER_SETTLE,RECENTER_SETTLE,1733,2,1788677690816.032,66.694,timestamp_domain.system_time,179915187.000,62.000,1,179915187.000,179915203.000,16.000,16.000,179915218.000,31.000,1,1,pnp_visible_ransac,9,1.201,-11.4585,-0.131156,1.906719,-3.9350
2026-09-06T15:54:50.939,781,745,RECENTER_SETTLE,RECENTER_SETTLE,1736,3,1788677690916.186,100.154,timestamp_domain.system_time,179915250.000,63.000,1,179915250.000,179915281.000,31.000,31.000,179915281.000,31.000,1,1,pnp_visible_ransac,9,1.175,-11.5097,-0.132125,1.905423,-3.9666
2026-09-06T15:54:50.999,782,746,RECENTER_SETTLE,RECENTER_SETTLE,1737,1,1788677690949.478,33.292,timestamp_domain.system_time,179915328.000,78.000,1,179915328.000,179915343.000,15.000,15.000,179915343.000,15.000,1,1,pnp_visible_ransac,9,1.243,-11.5481,-0.132107,1.906122,-3.9647
2026-09-06T15:54:51.059,783,747,RECENTER_SETTLE,RECENTER_SETTLE,1739,2,1788677691016.170,66.692,timestamp_domain.system_time,179915375.000,47.000,1,179915390.000,179915406.000,16.000,31.000,179915406.000,31.000,1,1,pnp_visible_ransac,9,1.210,-11.5549,-0.131906,1.906806,-3.9572
2026-09-06T15:54:51.130,784,748,RECENTER_SETTLE,RECENTER_SETTLE,1741,2,1788677691082.895,66.725,timestamp_domain.system_time,179915453.000,78.000,1,179915453.000,179915468.000,15.000,15.000,179915468.000,15.000,1,1,pnp_visible_ransac,9,1.214,-11.5497,-0.131169,1.906109,-3.9366
2026-09-06T15:54:51.191,785,749,RECENTER_SETTLE,RECENTER_SETTLE,1743,2,1788677691149.516,66.621,timestamp_domain.system_time,179915515.000,62.000,1,179915515.000,179915531.000,16.000,16.000,179915531.000,16.000,1,1,pnp_visible_ransac,9,1.255,-11.4820,-0.131318,1.906514,-3.9402
2026-09-06T15:54:51.252,786,750,RECENTER_SETTLE,RECENTER_SETTLE,1745,2,1788677691216.456,66.940,timestamp_domain.system_time,179915578.000,63.000,1,179915578.000,179915593.000,15.000,15.000,179915593.000,15.000,1,1,pnp_visible_ransac,9,1.204,-11.4847,-0.131794,1.907113,-3.9532
2026-09-06T15:54:51.323,787,751,RECENTER_SETTLE,RECENTER_SETTLE,1747,2,1788677691282.921,66.465,timestamp_domain.system_time,179915640.000,62.000,1,179915640.000,179915656.000,16.000,16.000,179915656.000,16.000,1,1,pnp_visible_ransac,9,1.174,-11.5136,-0.131983,1.906369,-3.9604
2026-09-06T15:54:51.385,788,752,RECENTER_SETTLE,RECENTER_SETTLE,1749,2,1788677691349.862,66.941,timestamp_domain.system_time,179915703.000,63.000,1,179915718.000,179915718.000,0.000,15.000,179915718.000,15.000,1,1,pnp_visible_ransac,9,1.191,-11.5396,-0.132062,1.905585,-3.9644
2026-09-06T15:54:51.529,789,753,RECENTER_SETTLE,RECENTER_SETTLE,1752,3,1788677691450.206,100.344,timestamp_domain.system_time,179915843.000,140.000,1,179915843.000,179915875.000,32.000,32.000,179915875.000,32.000,1,1,pnp_visible_ransac,9,1.265,-11.4821,-0.131323,1.906560,-3.9403
2026-09-06T15:54:51.597,790,754,RECENTER_SETTLE,RECENTER_SETTLE,1755,3,1788677691549.962,99.755,timestamp_domain.system_time,179915921.000,78.000,1,179915921.000,179915937.000,16.000,16.000,179915937.000,16.000,1,1,pnp_visible_ransac,9,1.201,-11.5010,-0.132114,1.907110,-3.9628
2026-09-06T15:54:51.674,791,755,RECENTER_SETTLE,RECENTER_SETTLE,1758,3,1788677691649.900,99.938,timestamp_domain.system_time,179916000.000,79.000,1,179916000.000,179916000.000,0.000,0.000,179916015.000,15.000,1,1,pnp_visible_ransac,9,1.179,-11.5202,-0.132086,1.905332,-3.9657
2026-09-06T15:54:51.739,792,756,RECENTER_SETTLE,RECENTER_SETTLE,1759,1,1788677691683.421,33.521,timestamp_domain.system_time,179916046.000,46.000,1,179916062.000,179916078.000,16.000,32.000,179916078.000,32.000,1,1,pnp_visible_ransac,9,1.154,-11.5860,-0.131612,1.906212,-3.9496
2026-09-06T15:54:51.808,793,757,RECENTER_SETTLE,RECENTER_SETTLE,1762,3,1788677691783.182,99.760,timestamp_domain.system_time,179916125.000,79.000,1,179916125.000,179916140.000,15.000,15.000,179916140.000,15.000,1,1,pnp_visible_ransac,9,1.174,-11.5346,-0.131318,1.907334,-3.9385
2026-09-06T15:54:51.879,794,758,RECENTER_SETTLE,RECENTER_SETTLE,1764,2,1788677691849.980,66.799,timestamp_domain.system_time,179916203.000,78.000,1,179916203.000,179916218.000,15.000,15.000,179916218.000,15.000,1,1,pnp_visible_ransac,9,1.195,-11.5827,-0.131715,1.906893,-3.9513
2026-09-06T15:54:51.940,795,759,RECENTER_SETTLE,RECENTER_SETTLE,1766,2,1788677691916.771,66.791,timestamp_domain.system_time,179916265.000,62.000,1,179916265.000,179916281.000,16.000,16.000,179916281.000,16.000,1,1,pnp_visible_ransac,9,1.198,-11.5626,-0.131798,1.907141,-3.9533
2026-09-06T15:54:52.009,796,760,RECENTER_SETTLE,RECENTER_SETTLE,1768,2,1788677691983.561,66.790,timestamp_domain.system_time,179916328.000,63.000,1,179916328.000,179916343.000,15.000,15.000,179916343.000,15.000,1,1,pnp_visible_ransac,9,1.207,-11.5909,-0.131796,1.905794,-3.9560
2026-09-06T15:54:52.070,797,761,RECENTER_SETTLE,RECENTER_SETTLE,1770,2,1788677692050.393,66.833,timestamp_domain.system_time,179916390.000,62.000,1,179916390.000,179916406.000,16.000,16.000,179916406.000,16.000,1,1,pnp_visible_ransac,9,1.156,-11.5412,-0.131698,1.906847,-3.9509
2026-09-06T15:54:52.130,798,762,RECENTER_SETTLE,RECENTER_SETTLE,1771,1,1788677692083.519,33.126,timestamp_domain.system_time,179916453.000,63.000,1,179916453.000,179916468.000,15.000,15.000,179916468.000,15.000,1,1,pnp_visible_ransac,9,1.137,-11.5676,-0.131433,1.907383,-3.9419
2026-09-06T15:54:52.201,799,763,RECENTER_SETTLE,RECENTER_SETTLE,1773,2,1788677692150.284,66.765,timestamp_domain.system_time,179916515.000,62.000,1,179916515.000,179916531.000,16.000,16.000,179916546.000,31.000,1,1,pnp_visible_ransac,9,1.203,-11.5694,-0.131704,1.907542,-3.9497
2026-09-06T15:54:52.260,800,764,RECENTER_SETTLE,RECENTER_SETTLE,1775,2,1788677692217.249,66.965,timestamp_domain.system_time,179916578.000,63.000,1,179916578.000,179916593.000,15.000,15.000,179916593.000,15.000,1,1,pnp_visible_ransac,9,1.221,-11.5504,-0.132066,1.905952,-3.9638
2026-09-06T15:54:52.330,801,765,RECENTER_SETTLE,RECENTER_SETTLE,1777,2,1788677692283.602,66.354,timestamp_domain.system_time,179916656.000,78.000,1,179916656.000,179916671.000,15.000,15.000,179916671.000,15.000,1,1,pnp_visible_ransac,9,1.233,-11.5978,-0.131755,1.906685,-3.9529
2026-09-06T15:54:52.390,802,766,RECENTER_SETTLE,RECENTER_SETTLE,1779,2,1788677692350.694,67.091,timestamp_domain.system_time,179916703.000,47.000,1,179916718.000,179916734.000,16.000,31.000,179916734.000,31.000,1,1,pnp_visible_ransac,9,1.229,-11.4605,-0.131987,1.908043,-3.9571
2026-09-06T15:54:52.524,803,767,RECENTER_SETTLE,RECENTER_SETTLE,1782,3,1788677692450.344,99.650,timestamp_domain.system_time,179916828.000,125.000,1,179916843.000,179916859.000,16.000,31.000,179916859.000,31.000,1,1,pnp_visible_ransac,9,1.163,-11.4717,-0.132124,1.906469,-3.9644
2026-09-06T15:54:52.596,804,768,RECENTER_SETTLE,RECENTER_SETTLE,1785,3,1788677692550.642,100.299,timestamp_domain.system_time,179916921.000,93.000,1,179916921.000,179916937.000,16.000,16.000,179916937.000,16.000,1,1,pnp_visible_ransac,9,1.174,-11.5136,-0.131983,1.906369,-3.9604
2026-09-06T15:54:52.667,805,769,RECENTER_SETTLE,RECENTER_SETTLE,1787,2,1788677692617.281,66.639,timestamp_domain.system_time,179916984.000,63.000,1,179916984.000,179917000.000,16.000,16.000,179917000.000,16.000,1,1,pnp_visible_ransac,9,1.208,-11.4960,-0.132279,1.906259,-3.9695
2026-09-06T15:54:52.734,806,770,RECENTER_SETTLE,RECENTER_SETTLE,1789,2,1788677692684.029,66.749,timestamp_domain.system_time,179917062.000,78.000,1,179917062.000,179917078.000,16.000,16.000,179917078.000,16.000,1,1,pnp_visible_ransac,9,1.184,-11.5484,-0.131755,1.907389,-3.9515
2026-09-06T15:54:52.801,807,771,RECENTER_SETTLE,RECENTER_SETTLE,1791,2,1788677692750.822,66.793,timestamp_domain.system_time,179917109.000,47.000,1,179917125.000,179917140.000,15.000,31.000,179917140.000,31.000,1,1,pnp_visible_ransac,9,1.184,-11.5484,-0.131755,1.907389,-3.9515
2026-09-06T15:54:52.861,808,772,RECENTER_SETTLE,RECENTER_SETTLE,1793,2,1788677692817.561,66.739,timestamp_domain.system_time,179917187.000,78.000,1,179917187.000,179917203.000,16.000,16.000,179917203.000,16.000,1,1,pnp_visible_ransac,9,1.126,-11.4816,-0.131931,1.906198,-3.9592
2026-09-06T15:54:52.928,809,773,RECENTER_SETTLE,RECENTER_SETTLE,1795,2,1788677692884.175,66.615,timestamp_domain.system_time,179917250.000,63.000,1,179917250.000,179917265.000,15.000,15.000,179917265.000,15.000,1,1,pnp_visible_ransac,9,1.194,-11.5187,-0.132159,1.905887,-3.9667
2026-09-06T15:54:52.994,810,774,RECENTER_SETTLE,RECENTER_SETTLE,1797,2,1788677692950.811,66.635,timestamp_domain.system_time,179917312.000,62.000,1,179917312.000,179917328.000,16.000,16.000,179917328.000,16.000,1,1,pnp_visible_ransac,9,1.171,-11.5491,-0.131736,1.907289,-3.9511
2026-09-06T15:54:53.062,811,775,RECENTER_SETTLE,RECENTER_SETTLE,1799,2,1788677693017.679,66.868,timestamp_domain.system_time,179917375.000,63.000,1,179917375.000,179917390.000,15.000,15.000,179917406.000,31.000,1,1,pnp_visible_ransac,9,1.219,-11.5603,-0.131839,1.907312,-3.9542
2026-09-06T15:54:53.118,812,776,RECENTER_SETTLE,RECENTER_SETTLE,1801,2,1788677693084.341,66.662,timestamp_domain.system_time,179917453.000,78.000,1,179917453.000,179917453.000,0.000,0.000,179917453.000,0.000,1,1,pnp_visible_ransac,9,1.219,-11.5533,-0.131927,1.906876,-3.9577
2026-09-06T15:54:53.186,813,777,RECENTER_SETTLE,RECENTER_SETTLE,1803,2,1788677693150.976,66.635,timestamp_domain.system_time,179917500.000,47.000,1,179917515.000,179917531.000,16.000,31.000,179917531.000,31.000,1,1,pnp_visible_ransac,9,1.222,-11.5598,-0.132030,1.905837,-3.9629
2026-09-06T15:54:53.253,814,778,RECENTER_SETTLE,RECENTER_SETTLE,1805,2,1788677693217.843,66.867,timestamp_domain.system_time,179917562.000,62.000,1,179917578.000,179917593.000,15.000,31.000,179917593.000,31.000,1,1,pnp_visible_ransac,9,1.215,-11.5718,-0.131777,1.907123,-3.9527
2026-09-06T15:54:53.320,815,779,STAGING_PLAN,STAGING_PLAN,1807,2,1788677693284.600,66.757,timestamp_domain.system_time,179917640.000,78.000,1,179917640.000,179917656.000,16.000,16.000,179917656.000,16.000,1,1,pnp_visible_ransac,9,1.234,-11.5376,-0.131958,1.907685,-3.9569
2026-09-06T15:54:53.386,816,780,STAGING_PLAN,STAGING_PLAN,1809,2,1788677693351.216,66.615,timestamp_domain.system_time,179917703.000,63.000,1,179917703.000,179917718.000,15.000,15.000,179917718.000,15.000,1,1,pnp_visible_ransac,9,1.203,-11.5621,-0.131802,1.907122,-3.9535
2026-09-06T15:54:53.526,817,781,STAGING_PLAN,STAGING_PLAN,1812,3,1788677693451.771,100.555,timestamp_domain.system_time,179917828.000,125.000,1,179917828.000,179917859.000,31.000,31.000,179917859.000,31.000,1,1,pnp_visible_ransac,9,1.185,-11.5304,-0.132229,1.905702,-3.9692
2026-09-06T15:54:53.609,818,782,STAGING_PLAN,STAGING_PLAN,1816,4,1788677693584.843,133.072,timestamp_domain.system_time,179917921.000,93.000,1,179917921.000,179917937.000,16.000,16.000,179917953.000,32.000,1,1,pnp_visible_ransac,9,1.256,-11.5295,-0.131978,1.907758,-3.9574
2026-09-06T15:54:53.676,819,783,STAGING_PLAN,STAGING_PLAN,1818,2,1788677693651.367,66.525,timestamp_domain.system_time,179918000.000,79.000,1,179918000.000,179918015.000,15.000,15.000,179918015.000,15.000,1,1,pnp_visible_ransac,9,1.161,-11.4894,-0.132161,1.907190,-3.9641
2026-09-06T15:54:53.732,820,784,STAGING_PLAN,STAGING_PLAN,1819,1,1788677693684.711,33.344,timestamp_domain.system_time,179918046.000,46.000,1,179918062.000,179918078.000,16.000,32.000,179918078.000,32.000,1,1,pnp_visible_ransac,9,1.239,-11.5829,-0.131378,1.904633,-3.9459
2026-09-06T15:54:53.816,821,785,STAGING_PLAN,STAGING_PLAN,1822,3,1788677693784.750,100.038,timestamp_domain.system_time,179918125.000,79.000,1,179918125.000,179918156.000,31.000,31.000,179918156.000,31.000,1,1,pnp_visible_ransac,9,1.185,-11.5304,-0.132229,1.905702,-3.9692
2026-09-06T15:54:53.882,822,786,STAGING_PLAN,STAGING_PLAN,1824,2,1788677693851.481,66.731,timestamp_domain.system_time,179918203.000,78.000,1,179918203.000,179918218.000,15.000,15.000,179918218.000,15.000,1,1,pnp_visible_ransac,9,1.213,-11.5845,-0.131731,1.904755,-3.9562
2026-09-06T15:54:53.947,823,787,STAGING_PLAN,STAGING_PLAN,1826,2,1788677693918.236,66.755,timestamp_domain.system_time,179918265.000,62.000,1,179918265.000,179918281.000,16.000,16.000,179918281.000,16.000,1,1,pnp_visible_ransac,9,1.232,-11.5850,-0.131309,1.904128,-3.9449
2026-09-06T15:54:54.010,824,788,STAGING_PLAN,STAGING_PLAN,1828,2,1788677693984.956,66.720,timestamp_domain.system_time,179918328.000,63.000,1,179918328.000,179918343.000,15.000,15.000,179918343.000,15.000,1,1,pnp_visible_ransac,9,1.258,-11.5041,-0.131827,1.905403,-3.9578
2026-09-06T15:54:54.141,825,789,RECENTER_ROTATE,RECENTER_ROTATE,1832,4,1788677694118.492,133.536,timestamp_domain.system_time,179918468.000,140.000,1,179918468.000,179918484.000,16.000,16.000,179918484.000,16.000,1,1,pnp_visible_ransac,9,1.216,-11.4928,-0.132366,1.906824,-3.9709
2026-09-06T15:54:54.223,826,790,RECENTER_ROTATE,RECENTER_ROTATE,1834,2,1788677694185.108,66.616,timestamp_domain.system_time,179918546.000,78.000,1,179918546.000,179918562.000,16.000,16.000,179918562.000,16.000,1,1,pnp_visible_ransac,9,1.164,-11.5549,-0.131892,1.906698,-3.9570
2026-09-06T15:54:54.287,827,791,RECENTER_ROTATE,RECENTER_ROTATE,1836,2,1788677694251.747,66.640,timestamp_domain.system_time,179918609.000,63.000,1,179918609.000,179918625.000,16.000,16.000,179918625.000,16.000,1,1,pnp_visible_ransac,9,1.332,-11.4493,-0.131825,1.905733,-3.9570
2026-09-06T15:54:54.346,828,792,RECENTER_ROTATE,RECENTER_ROTATE,1838,2,1788677694318.444,66.697,timestamp_domain.system_time,179918671.000,62.000,1,179918671.000,179918687.000,16.000,16.000,179918687.000,16.000,1,1,pnp_visible_ransac,9,1.239,-11.5364,-0.132202,1.906658,-3.9664
2026-09-06T15:54:54.416,829,793,RECENTER_ROTATE,RECENTER_ROTATE,1839,1,1788677694352.785,34.341,timestamp_domain.system_time,179918734.000,63.000,1,179918734.000,179918750.000,16.000,16.000,179918750.000,16.000,1,1,pnp_visible_ransac,9,1.273,-11.5494,-0.132079,1.907997,-3.9599
2026-09-06T15:54:54.547,830,794,RECENTER_ROTATE,RECENTER_ROTATE,1843,4,1788677694485.462,132.677,timestamp_domain.system_time,179918859.000,125.000,1,179918859.000,179918875.000,16.000,16.000,179918890.000,31.000,1,1,pnp_visible_ransac,9,1.201,-11.5275,-0.131886,1.905577,-3.9592
2026-09-06T15:54:54.608,831,795,RECENTER_ROTATE,RECENTER_ROTATE,1846,3,1788677694585.444,99.982,timestamp_domain.system_time,179918937.000,78.000,1,179918937.000,179918953.000,16.000,16.000,179918953.000,16.000,1,1,pnp_visible_ransac,9,1.268,-11.5261,-0.131476,1.904896,-3.9483
2026-09-06T15:54:54.669,832,796,RECENTER_ROTATE,RECENTER_ROTATE,1848,2,1788677694652.121,66.677,timestamp_domain.system_time,179918984.000,47.000,1,179919000.000,179919015.000,15.000,31.000,179919015.000,31.000,1,1,pnp_visible_ransac,9,1.256,-11.4854,-0.131702,1.904594,-3.9557
2026-09-06T15:54:54.741,833,797,RECENTER_ROTATE,RECENTER_ROTATE,1849,1,1788677694685.557,33.436,timestamp_domain.system_time,179919062.000,78.000,1,179919062.000,179919078.000,16.000,16.000,179919078.000,16.000,1,1,pnp_visible_ransac,9,1.320,-11.5681,-0.131600,1.904042,-3.9538
2026-09-06T15:54:54.806,834,798,RECENTER_ROTATE,RECENTER_ROTATE,1851,2,1788677694752.149,66.593,timestamp_domain.system_time,179919125.000,63.000,1,179919125.000,179919140.000,15.000,15.000,179919140.000,15.000,1,1,pnp_visible_ransac,9,1.281,-11.5262,-0.131481,1.904941,-3.9484
2026-09-06T15:54:54.862,835,799,RECENTER_ROTATE,RECENTER_ROTATE,1853,2,1788677694819.102,66.952,timestamp_domain.system_time,179919187.000,62.000,1,179919187.000,179919203.000,16.000,16.000,179919203.000,16.000,1,1,pnp_visible_ransac,9,1.188,-11.4688,-0.132545,1.905669,-3.9787
2026-09-06T15:54:54.930,836,800,RECENTER_ROTATE,RECENTER_ROTATE,1855,2,1788677694885.644,66.543,timestamp_domain.system_time,179919250.000,63.000,1,179919250.000,179919265.000,15.000,15.000,179919265.000,15.000,1,1,pnp_visible_ransac,9,1.201,-11.5275,-0.131886,1.905577,-3.9592
2026-09-06T15:54:54.997,837,801,RECENTER_ROTATE,RECENTER_ROTATE,1857,2,1788677694952.054,66.410,timestamp_domain.system_time,179919312.000,62.000,1,179919312.000,179919328.000,16.000,16.000,179919343.000,31.000,1,1,pnp_visible_ransac,9,1.175,-11.5749,-0.131140,1.905568,-3.9369
2026-09-06T15:54:55.060,838,802,RECENTER_ROTATE,RECENTER_ROTATE,1859,2,1788677695019.004,66.949,timestamp_domain.system_time,179919375.000,63.000,1,179919375.000,179919406.000,31.000,31.000,179919406.000,31.000,1,1,pnp_visible_ransac,9,1.172,-11.5087,-0.131320,1.907590,-3.9381
2026-09-06T15:54:55.127,839,803,RECENTER_ROTATE,RECENTER_ROTATE,1861,2,1788677695085.600,66.597,timestamp_domain.system_time,179919453.000,78.000,1,179919453.000,179919468.000,15.000,15.000,179919468.000,15.000,1,1,pnp_visible_ransac,9,1.131,-11.4630,-0.128931,1.909290,-3.8632
2026-09-06T15:54:55.188,840,804,RECENTER_ROTATE,RECENTER_ROTATE,1863,2,1788677695152.396,66.795,timestamp_domain.system_time,179919515.000,62.000,1,179919515.000,179919531.000,16.000,16.000,179919531.000,16.000,1,1,pnp_visible_ransac,9,1.300,-11.3567,-0.125818,1.910710,-3.7674
2026-09-06T15:54:55.274,841,805,RECENTER_ROTATE,RECENTER_ROTATE,1865,2,1788677695218.981,66.586,timestamp_domain.system_time,179919593.000,78.000,1,179919593.000,179919609.000,16.000,16.000,179919609.000,16.000,1,1,pnp_visible_ransac,9,1.147,-11.4220,-0.121768,1.909028,-3.6497
2026-09-06T15:54:55.339,842,806,RECENTER_ROTATE,RECENTER_ROTATE,1867,2,1788677695285.605,66.624,timestamp_domain.system_time,179919656.000,63.000,1,179919656.000,179919671.000,15.000,15.000,179919687.000,31.000,1,1,pnp_visible_ransac,9,1.164,-11.3432,-0.119033,1.909703,-3.5667
2026-09-06T15:54:55.398,843,807,RECENTER_ROTATE,RECENTER_ROTATE,1869,2,1788677695353.273,67.668,timestamp_domain.system_time,179919718.000,62.000,1,179919718.000,179919734.000,16.000,16.000,179919734.000,16.000,1,1,pnp_visible_ransac,9,1.161,-11.1859,-0.113604,1.907715,-3.4079
2026-09-06T15:54:55.547,844,808,RECENTER_ROTATE,RECENTER_ROTATE,1873,4,1788677695487.615,134.342,timestamp_domain.system_time,179919859.000,141.000,1,179919859.000,179919890.000,31.000,31.000,179919890.000,31.000,1,1,pnp_visible_ransac,9,1.085,-11.0777,-0.090425,1.905572,-2.7168
2026-09-06T15:54:55.621,845,809,RECENTER_SETTLE,RECENTER_SETTLE,1876,3,1788677695586.066,98.451,timestamp_domain.system_time,179919937.000,78.000,1,179919937.000,179919953.000,16.000,16.000,179919968.000,31.000,1,1,pnp_visible_ransac,9,0.957,-10.6614,-0.064204,1.905578,-1.9297
2026-09-06T15:54:55.681,846,810,RECENTER_SETTLE,RECENTER_SETTLE,1878,2,1788677695652.773,66.707,timestamp_domain.system_time,179920015.000,78.000,1,179920015.000,179920015.000,0.000,0.000,179920015.000,0.000,1,1,pnp_visible_ransac,9,1.138,-10.3168,-0.039901,1.909515,-1.1971
2026-09-06T15:54:55.759,847,811,RECENTER_SETTLE,RECENTER_SETTLE,1880,2,1788677695719.596,66.823,timestamp_domain.system_time,179920078.000,63.000,1,179920078.000,179920093.000,15.000,15.000,179920093.000,15.000,1,1,pnp_visible_ransac,9,1.077,-9.8279,-0.010693,1.903157,-0.3219
2026-09-06T15:54:55.826,848,812,RECENTER_SETTLE,RECENTER_SETTLE,1882,2,1788677695786.143,66.547,timestamp_domain.system_time,179920140.000,62.000,1,179920140.000,179920171.000,31.000,31.000,179920171.000,31.000,1,1,pnp_visible_ransac,9,1.227,-8.6495,0.012332,1.912594,0.3694
2026-09-06T15:54:55.892,849,813,RECENTER_SETTLE,RECENTER_SETTLE,1884,2,1788677695853.066,66.923,timestamp_domain.system_time,179920218.000,78.000,1,179920218.000,179920234.000,16.000,16.000,179920234.000,16.000,1,1,pnp_visible_ransac,9,1.335,-8.3284,0.024980,1.915136,0.7473
2026-09-06T15:54:55.953,850,814,RECENTER_SETTLE,RECENTER_SETTLE,1886,2,1788677695919.532,66.467,timestamp_domain.system_time,179920265.000,47.000,1,179920281.000,179920296.000,15.000,31.000,179920296.000,31.000,1,1,pnp_visible_ransac,9,1.182,-8.3280,0.006656,1.919209,0.1987
2026-09-06T15:54:56.013,851,815,RECENTER_SETTLE,RECENTER_SETTLE,1888,2,1788677695986.437,66.904,timestamp_domain.system_time,179920328.000,63.000,1,179920328.000,179920359.000,31.000,31.000,179920359.000,31.000,1,1,pnp_visible_ransac,9,1.170,-9.5359,-0.008391,1.904245,-0.2525
2026-09-06T15:54:56.083,852,816,RECENTER_SETTLE,RECENTER_SETTLE,1890,2,1788677696053.034,66.597,timestamp_domain.system_time,179920406.000,78.000,1,179920406.000,179920421.000,15.000,15.000,179920421.000,15.000,1,1,pnp_visible_ransac,9,1.206,-9.8746,-0.009978,1.906528,-0.2999
2026-09-06T15:54:56.150,853,817,RECENTER_SETTLE,RECENTER_SETTLE,1892,2,1788677696119.650,66.616,timestamp_domain.system_time,179920468.000,62.000,1,179920468.000,179920484.000,16.000,16.000,179920484.000,16.000,1,1,pnp_visible_ransac,9,1.270,-9.7047,-0.008006,1.908529,-0.2403
2026-09-06T15:54:56.215,854,818,RECENTER_SETTLE,RECENTER_SETTLE,1894,2,1788677696186.419,66.769,timestamp_domain.system_time,179920531.000,63.000,1,179920546.000,179920562.000,16.000,31.000,179920562.000,31.000,1,1,pnp_visible_ransac,9,1.317,-9.5033,-0.003587,1.907520,-0.1077
2026-09-06T15:54:56.276,855,819,RECENTER_SETTLE,RECENTER_SETTLE,1896,2,1788677696253.088,66.668,timestamp_domain.system_time,179920593.000,62.000,1,179920609.000,179920609.000,0.000,16.000,179920609.000,16.000,1,1,pnp_visible_ransac,9,1.418,-9.4100,-0.003379,1.906136,-0.1016
2026-09-06T15:54:56.338,856,820,RECENTER_SETTLE,RECENTER_SETTLE,1898,2,1788677696319.794,66.706,timestamp_domain.system_time,179920656.000,63.000,1,179920671.000,179920671.000,0.000,15.000,179920671.000,15.000,1,1,pnp_visible_ransac,9,1.271,-9.4185,-0.005974,1.907951,-0.1794
2026-09-06T15:54:56.398,857,821,RECENTER_SETTLE,RECENTER_SETTLE,1899,1,1788677696353.547,33.753,timestamp_domain.system_time,179920718.000,62.000,1,179920734.000,179920734.000,0.000,16.000,179920734.000,16.000,1,1,pnp_visible_ransac,9,1.300,-9.4364,-0.006873,1.908246,-0.2064
2026-09-06T15:54:56.465,858,822,RECENTER_SETTLE,RECENTER_SETTLE,1900,1,1788677696386.598,33.051,timestamp_domain.system_time,179920781.000,63.000,1,179920796.000,179920812.000,16.000,31.000,179920812.000,31.000,1,1,pnp_visible_ransac,9,1.341,-9.5672,-0.006718,1.908466,-0.2017
2026-09-06T15:54:56.549,859,823,RECENTER_SETTLE,RECENTER_SETTLE,1903,3,1788677696487.102,100.504,timestamp_domain.system_time,179920875.000,94.000,1,179920875.000,179920890.000,15.000,15.000,179920890.000,15.000,1,1,pnp_visible_ransac,9,1.296,-9.4968,-0.005817,1.907259,-0.1747
2026-09-06T15:54:56.613,860,824,RECENTER_SETTLE,RECENTER_SETTLE,1906,3,1788677696586.830,99.728,timestamp_domain.system_time,179920937.000,62.000,1,179920937.000,179920953.000,16.000,16.000,179920953.000,16.000,1,1,pnp_visible_ransac,9,1.375,-9.4377,-0.004901,1.908709,-0.1471
2026-09-06T15:54:56.686,861,825,RECENTER_SETTLE,RECENTER_SETTLE,1908,2,1788677696653.613,66.782,timestamp_domain.system_time,179921000.000,63.000,1,179921000.000,179921031.000,31.000,31.000,179921031.000,31.000,1,1,pnp_visible_ransac,9,1.296,-9.4052,-0.006557,1.910060,-0.1967
2026-09-06T15:54:56.753,862,826,RECENTER_SETTLE,RECENTER_SETTLE,1910,2,1788677696720.249,66.636,timestamp_domain.system_time,179921078.000,78.000,1,179921078.000,179921093.000,15.000,15.000,179921093.000,15.000,1,1,pnp_visible_ransac,9,1.242,-9.4922,-0.006664,1.907813,-0.2001
2026-09-06T15:54:56.820,863,827,RECENTER_SETTLE,RECENTER_SETTLE,1912,2,1788677696786.633,66.385,timestamp_domain.system_time,179921140.000,62.000,1,179921140.000,179921156.000,16.000,16.000,179921156.000,16.000,1,1,pnp_visible_ransac,9,1.209,-9.5267,-0.006104,1.908989,-0.1832
2026-09-06T15:54:56.888,864,828,RECENTER_SETTLE,RECENTER_SETTLE,1914,2,1788677696853.598,66.965,timestamp_domain.system_time,179921203.000,63.000,1,179921203.000,179921218.000,15.000,15.000,179921234.000,31.000,1,1,pnp_visible_ransac,9,1.276,-9.5296,-0.005033,1.907893,-0.1511
2026-09-06T15:54:56.955,865,829,RECENTER_SETTLE,RECENTER_SETTLE,1916,2,1788677696920.452,66.854,timestamp_domain.system_time,179921281.000,78.000,1,179921281.000,179921296.000,15.000,15.000,179921296.000,15.000,1,1,pnp_visible_ransac,9,1.211,-9.4374,-0.005007,1.905952,-0.1505
2026-09-06T15:54:57.021,866,830,RECENTER_SETTLE,RECENTER_SETTLE,1918,2,1788677696986.924,66.473,timestamp_domain.system_time,179921343.000,62.000,1,179921343.000,179921359.000,16.000,16.000,179921359.000,16.000,1,1,pnp_visible_ransac,9,1.281,-9.5049,-0.005681,1.907526,-0.1706
2026-09-06T15:54:57.096,867,831,RECENTER_SETTLE,RECENTER_SETTLE,1920,2,1788677697053.860,66.936,timestamp_domain.system_time,179921421.000,78.000,1,179921421.000,179921437.000,16.000,16.000,179921437.000,16.000,1,1,pnp_visible_ransac,9,1.328,-9.4774,-0.006002,1.907186,-0.1803
2026-09-06T15:54:57.157,868,832,RECENTER_SETTLE,RECENTER_SETTLE,1922,2,1788677697120.360,66.500,timestamp_domain.system_time,179921484.000,63.000,1,179921484.000,179921500.000,16.000,16.000,179921500.000,16.000,1,1,pnp_visible_ransac,9,1.324,-9.5263,-0.005114,1.906009,-0.1537
2026-09-06T15:54:57.218,869,833,RECENTER_SETTLE,RECENTER_SETTLE,1924,2,1788677697187.195,66.834,timestamp_domain.system_time,179921546.000,62.000,1,179921546.000,179921562.000,16.000,16.000,179921562.000,16.000,1,1,pnp_visible_ransac,9,1.260,-9.4872,-0.004766,1.906732,-0.1432
2026-09-06T15:54:57.290,870,834,RECENTER_SETTLE,RECENTER_SETTLE,1926,2,1788677697254.017,66.823,timestamp_domain.system_time,179921609.000,63.000,1,179921609.000,179921625.000,16.000,16.000,179921625.000,16.000,1,1,pnp_visible_ransac,9,1.281,-9.5316,-0.005624,1.908738,-0.1688
2026-09-06T15:54:57.356,871,835,RECENTER_SETTLE,RECENTER_SETTLE,1928,2,1788677697320.680,66.663,timestamp_domain.system_time,179921671.000,62.000,1,179921671.000,179921703.000,32.000,32.000,179921703.000,32.000,1,1,pnp_visible_ransac,9,1.284,-9.4935,-0.005732,1.907754,-0.1722
2026-09-06T15:54:57.423,872,836,RECENTER_SETTLE,RECENTER_SETTLE,1930,2,1788677697387.599,66.918,timestamp_domain.system_time,179921750.000,79.000,1,179921750.000,179921765.000,15.000,15.000,179921765.000,15.000,1,1,pnp_visible_ransac,9,1.180,-9.5352,-0.006083,1.908905,-0.1826
2026-09-06T15:54:57.546,873,837,RECENTER_SETTLE,RECENTER_SETTLE,1933,3,1788677697487.701,100.102,timestamp_domain.system_time,179921859.000,109.000,1,179921875.000,179921890.000,15.000,31.000,179921890.000,31.000,1,1,pnp_visible_ransac,9,1.238,-9.5376,-0.005145,1.908870,-0.1544
2026-09-06T15:54:57.614,874,838,RECENTER_SETTLE,RECENTER_SETTLE,1936,3,1788677697587.526,99.825,timestamp_domain.system_time,179921937.000,78.000,1,179921937.000,179921953.000,16.000,16.000,179921953.000,16.000,1,1,pnp_visible_ransac,9,1.213,-9.4676,-0.005575,1.908070,-0.1674
2026-09-06T15:54:57.671,875,839,RECENTER_SETTLE,RECENTER_SETTLE,1938,2,1788677697654.255,66.729,timestamp_domain.system_time,179922000.000,63.000,1,179922000.000,179922015.000,15.000,15.000,179922015.000,15.000,1,1,pnp_visible_ransac,9,1.192,-9.4954,-0.005666,1.906612,-0.1703
2026-09-06T15:54:57.737,876,840,RECENTER_SETTLE,RECENTER_SETTLE,1939,1,1788677697687.544,33.289,timestamp_domain.system_time,179922046.000,46.000,1,179922062.000,179922078.000,16.000,32.000,179922078.000,32.000,1,1,pnp_visible_ransac,9,1.234,-9.5243,-0.005638,1.907877,-0.1693
2026-09-06T15:54:57.807,877,841,RECENTER_SETTLE,RECENTER_SETTLE,1941,2,1788677697754.089,66.545,timestamp_domain.system_time,179922125.000,79.000,1,179922125.000,179922140.000,15.000,15.000,179922140.000,15.000,1,1,pnp_visible_ransac,9,1.332,-9.5091,-0.005479,1.908665,-0.1645
2026-09-06T15:54:57.874,878,842,RECENTER_SETTLE,RECENTER_SETTLE,1943,2,1788677697820.841,66.752,timestamp_domain.system_time,179922187.000,62.000,1,179922187.000,179922218.000,31.000,31.000,179922218.000,31.000,1,1,pnp_visible_ransac,9,1.265,-9.5194,-0.005313,1.908709,-0.1595
2026-09-06T15:54:57.940,879,843,RECENTER_SETTLE,RECENTER_SETTLE,1945,2,1788677697887.735,66.894,timestamp_domain.system_time,179922250.000,63.000,1,179922250.000,179922281.000,31.000,31.000,179922281.000,31.000,1,1,pnp_visible_ransac,9,1.240,-9.4985,-0.005998,1.909872,-0.1799
2026-09-06T15:54:57.999,880,844,RECENTER_SETTLE,RECENTER_SETTLE,1947,2,1788677697954.363,66.628,timestamp_domain.system_time,179922312.000,62.000,1,179922328.000,179922343.000,15.000,31.000,179922343.000,31.000,1,1,pnp_visible_ransac,9,1.216,-9.5041,-0.005280,1.906206,-0.1587
2026-09-06T15:54:58.069,881,845,RECENTER_SETTLE,RECENTER_SETTLE,1949,2,1788677698021.047,66.684,timestamp_domain.system_time,179922390.000,78.000,1,179922390.000,179922406.000,16.000,16.000,179922406.000,16.000,1,1,pnp_visible_ransac,9,1.274,-9.5109,-0.005570,1.907999,-0.1673
2026-09-06T15:54:58.136,882,846,RECENTER_SETTLE,RECENTER_SETTLE,1951,2,1788677698087.902,66.855,timestamp_domain.system_time,179922453.000,63.000,1,179922453.000,179922468.000,15.000,15.000,179922468.000,15.000,1,1,pnp_visible_ransac,9,1.252,-9.4224,-0.005359,1.907466,-0.1610
2026-09-06T15:54:58.203,883,847,RECENTER_SETTLE,RECENTER_SETTLE,1953,2,1788677698154.644,66.741,timestamp_domain.system_time,179922515.000,62.000,1,179922515.000,179922531.000,16.000,16.000,179922546.000,31.000,1,1,pnp_visible_ransac,9,1.276,-9.5276,-0.005055,1.908035,-0.1518
2026-09-06T15:54:58.260,884,848,RECENTER_SETTLE,RECENTER_SETTLE,1955,2,1788677698221.348,66.704,timestamp_domain.system_time,179922578.000,63.000,1,179922593.000,179922593.000,0.000,15.000,179922593.000,15.000,1,1,pnp_visible_ransac,9,1.258,-9.4770,-0.006202,1.909886,-0.1860
2026-09-06T15:54:58.332,885,849,RECENTER_SETTLE,RECENTER_SETTLE,1957,2,1788677698287.979,66.631,timestamp_domain.system_time,179922656.000,78.000,1,179922656.000,179922671.000,15.000,15.000,179922671.000,15.000,1,1,pnp_visible_ransac,9,1.328,-9.5053,-0.005435,1.906907,-0.1633
2026-09-06T15:54:58.396,886,850,RECENTER_SETTLE,RECENTER_SETTLE,1959,2,1788677698354.456,66.477,timestamp_domain.system_time,179922703.000,47.000,1,179922718.000,179922734.000,16.000,31.000,179922734.000,31.000,1,1,pnp_visible_ransac,9,1.315,-9.4911,-0.005638,1.908285,-0.1693
2026-09-06T15:54:58.455,887,851,RECENTER_SETTLE,RECENTER_SETTLE,1960,1,1788677698388.240,33.785,timestamp_domain.system_time,179922781.000,78.000,1,179922781.000,179922796.000,15.000,15.000,179922796.000,15.000,1,1,pnp_visible_ransac,9,1.303,-9.5043,-0.005444,1.906909,-0.1636
2026-09-06T15:54:58.552,888,852,RECENTER_SETTLE,RECENTER_SETTLE,1963,3,1788677698488.151,99.910,timestamp_domain.system_time,179922859.000,78.000,1,179922875.000,179922890.000,15.000,31.000,179922890.000,31.000,1,1,pnp_visible_ransac,9,1.242,-9.5229,-0.005512,1.907689,-0.1655
2026-09-06T15:54:58.622,889,853,RECENTER_SETTLE,RECENTER_SETTLE,1966,3,1788677698588.295,100.144,timestamp_domain.system_time,179922937.000,78.000,1,179922937.000,179922968.000,31.000,31.000,179922968.000,31.000,1,1,pnp_visible_ransac,9,1.239,-9.5768,-0.004940,1.906536,-0.1485
2026-09-06T15:54:58.706,890,854,RECENTER_SETTLE,RECENTER_SETTLE,1968,2,1788677698655.013,66.718,timestamp_domain.system_time,179923031.000,94.000,1,179923031.000,179923031.000,0.000,0.000,179923046.000,15.000,1,1,pnp_visible_ransac,9,1.225,-9.4563,-0.005622,1.908272,-0.1688
2026-09-06T15:54:58.766,891,855,RECENTER_SETTLE,RECENTER_SETTLE,1970,2,1788677698721.329,66.315,timestamp_domain.system_time,179923093.000,62.000,1,179923093.000,179923109.000,16.000,16.000,179923109.000,16.000,1,1,pnp_visible_ransac,9,1.208,-9.4729,-0.005350,1.908930,-0.1606
2026-09-06T15:54:58.826,892,856,RECENTER_SETTLE,RECENTER_SETTLE,1972,2,1788677698788.116,66.787,timestamp_domain.system_time,179923140.000,47.000,1,179923140.000,179923171.000,31.000,31.000,179923171.000,31.000,1,1,pnp_visible_ransac,9,1.287,-9.4889,-0.005658,1.908381,-0.1699
2026-09-06T15:54:58.886,893,857,RECENTER_SETTLE,RECENTER_SETTLE,1974,2,1788677698855.164,67.048,timestamp_domain.system_time,179923218.000,78.000,1,179923218.000,179923234.000,16.000,16.000,179923234.000,16.000,1,1,pnp_visible_ransac,9,1.205,-9.4551,-0.005633,1.908305,-0.1691
2026-09-06T15:54:58.956,894,858,RECENTER_SETTLE,RECENTER_SETTLE,1976,2,1788677698921.943,66.779,timestamp_domain.system_time,179923281.000,63.000,1,179923281.000,179923296.000,15.000,15.000,179923296.000,15.000,1,1,pnp_visible_ransac,9,1.246,-9.4683,-0.005815,1.908684,-0.1746
2026-09-06T15:54:59.024,895,859,RECENTER_SETTLE,RECENTER_SETTLE,1978,2,1788677698988.511,66.568,timestamp_domain.system_time,179923343.000,62.000,1,179923343.000,179923359.000,16.000,16.000,179923359.000,16.000,1,1,pnp_visible_ransac,9,1.254,-9.4749,-0.005334,1.908902,-0.1601
2026-09-06T15:54:59.088,896,860,RECENTER_SETTLE,RECENTER_SETTLE,1980,2,1788677699055.283,66.772,timestamp_domain.system_time,179923406.000,63.000,1,179923406.000,179923421.000,15.000,15.000,179923421.000,15.000,1,1,pnp_visible_ransac,9,1.340,-9.4907,-0.005644,1.908372,-0.1694
2026-09-06T15:54:59.147,897,861,RECENTER_SETTLE,RECENTER_SETTLE,1982,2,1788677699121.954,66.671,timestamp_domain.system_time,179923468.000,62.000,1,179923468.000,179923484.000,16.000,16.000,179923484.000,16.000,1,1,pnp_visible_ransac,9,1.226,-9.4375,-0.006425,1.909420,-0.1928
2026-09-06T15:54:59.208,898,862,RECENTER_SETTLE,RECENTER_SETTLE,1984,2,1788677699188.471,66.517,timestamp_domain.system_time,179923531.000,63.000,1,179923531.000,179923546.000,15.000,15.000,179923546.000,15.000,1,1,pnp_visible_ransac,9,1.287,-9.4994,-0.005499,1.908585,-0.1651
2026-09-06T15:54:59.277,899,863,STAGING_PLAN,STAGING_PLAN,1986,2,1788677699255.730,67.260,timestamp_domain.system_time,179923593.000,62.000,1,179923593.000,179923625.000,32.000,32.000,179923625.000,32.000,1,1,pnp_visible_ransac,9,1.351,-9.4613,-0.005549,1.909307,-0.1665
2026-09-06T15:54:59.337,900,864,STAGING_PLAN,STAGING_PLAN,1987,1,1788677699288.669,32.939,timestamp_domain.system_time,179923656.000,63.000,1,179923671.000,179923671.000,0.000,15.000,179923671.000,15.000,1,1,pnp_visible_ransac,9,1.368,-9.4445,-0.005722,1.909613,-0.1717
2026-09-06T15:54:59.410,901,865,STAGING_PLAN,STAGING_PLAN,1990,3,1788677699388.891,100.222,timestamp_domain.system_time,179923734.000,78.000,1,179923734.000,179923750.000,16.000,16.000,179923750.000,16.000,1,1,pnp_visible_ransac,9,1.329,-9.4775,-0.005589,1.909013,-0.1677
2026-09-06T15:54:59.551,902,866,STAGING_PLAN,STAGING_PLAN,1993,3,1788677699490.706,101.815,timestamp_domain.system_time,179923875.000,141.000,1,179923875.000,179923890.000,15.000,15.000,179923890.000,15.000,1,1,pnp_visible_ransac,9,1.238,-9.4467,-0.006281,1.909718,-0.1884
2026-09-06T15:54:59.609,903,867,STAGING_PLAN,STAGING_PLAN,1996,3,1788677699588.972,98.266,timestamp_domain.system_time,179923937.000,62.000,1,179923937.000,179923953.000,16.000,16.000,179923953.000,16.000,1,1,pnp_visible_ransac,9,1.303,-9.4559,-0.005630,1.908209,-0.1690
2026-09-06T15:54:59.681,904,868,STAGING_PLAN,STAGING_PLAN,1998,2,1788677699655.799,66.827,timestamp_domain.system_time,179924000.000,63.000,1,179924000.000,179924015.000,15.000,15.000,179924015.000,15.000,1,1,pnp_visible_ransac,9,1.329,-9.4994,-0.005505,1.908699,-0.1652
2026-09-06T15:54:59.747,905,869,STAGING_PLAN,STAGING_PLAN,2000,2,1788677699722.381,66.581,timestamp_domain.system_time,179924062.000,62.000,1,179924062.000,179924093.000,31.000,31.000,179924093.000,31.000,1,1,pnp_visible_ransac,9,1.254,-9.5094,-0.005463,1.908417,-0.1640
2026-09-06T15:54:59.814,906,870,STAGING_PLAN,STAGING_PLAN,2002,2,1788677699788.875,66.495,timestamp_domain.system_time,179924125.000,63.000,1,179924125.000,179924156.000,31.000,31.000,179924156.000,31.000,1,1,pnp_visible_ransac,9,1.303,-9.4743,-0.006115,1.910530,-0.1834
2026-09-06T15:54:59.878,907,871,STAGING_PLAN,STAGING_PLAN,2004,2,1788677699855.744,66.869,timestamp_domain.system_time,179924203.000,78.000,1,179924203.000,179924218.000,15.000,15.000,179924218.000,15.000,1,1,pnp_visible_ransac,9,1.321,-9.4990,-0.005012,1.907332,-0.1506
2026-09-06T15:54:59.939,908,872,STAGING_PLAN,STAGING_PLAN,2005,1,1788677699889.247,33.502,timestamp_domain.system_time,179924250.000,47.000,1,179924265.000,179924281.000,16.000,31.000,179924281.000,31.000,1,1,pnp_visible_ransac,9,1.287,-9.4994,-0.005499,1.908585,-0.1651
2026-09-06T15:55:00.044,909,873,FAILED,FAILED,2009,4,1788677700022.636,133.390,timestamp_domain.system_time,179924375.000,125.000,0,,,,,,,0,0,,,,,,,
2026-09-06T15:55:00.092,910,874,FAILED,FAILED,2010,1,1788677700055.898,33.261,timestamp_domain.system_time,179924437.000,62.000,0,,,,,,,0,0,,,,,,,
2026-09-06T15:55:00.135,911,875,FAILED,FAILED,2012,2,1788677700122.470,66.572,timestamp_domain.system_time,179924468.000,31.000,0,,,,,,,0,0,,,,,,,
2026-09-06T15:55:00.181,912,876,FAILED,FAILED,2013,1,1788677700156.021,33.551,timestamp_domain.system_time,179924515.000,47.000,0,,,,,,,0,0,,,,,,,
2026-09-06T15:55:00.235,913,877,FAILED,FAILED,2015,2,1788677700222.444,66.423,timestamp_domain.system_time,179924578.000,63.000,0,,,,,,,0,0,,,,,,,
2026-09-06T15:55:00.289,914,878,FAILED,FAILED,2016,1,1788677700256.109,33.665,timestamp_domain.system_time,179924625.000,47.000,0,,,,,,,0,0,,,,,,,
2026-09-06T15:55:00.330,915,879,FAILED,FAILED,2018,2,1788677700322.865,66.756,timestamp_domain.system_time,179924671.000,46.000,0,,,,,,,0,0,,,,,,,
2026-09-06T15:55:00.385,916,880,FAILED,FAILED,2019,1,1788677700356.158,33.293,timestamp_domain.system_time,179924718.000,47.000,0,,,,,,,0,0,,,,,,,
2026-09-06T15:55:00.426,917,881,FAILED,FAILED,2020,1,1788677700389.490,33.332,timestamp_domain.system_time,179924765.000,47.000,0,,,,,,,0,0,,,,,,,
2026-09-06T15:55:00.525,918,882,FAILED,FAILED,2021,1,1788677700423.420,33.930,timestamp_domain.system_time,179924859.000,94.000,0,,,,,,,0,0,,,,,,,
2026-09-06T15:55:00.570,919,883,FAILED,FAILED,2025,4,1788677700556.260,132.840,timestamp_domain.system_time,179924906.000,47.000,0,,,,,,,0,0,,,,,,,
2026-09-06T15:55:00.621,920,884,FAILED,FAILED,2026,1,1788677700589.716,33.455,timestamp_domain.system_time,179924953.000,47.000,0,,,,,,,0,0,,,,,,,
2026-09-06T15:55:00.667,921,885,FAILED,FAILED,2028,2,1788677700656.311,66.596,timestamp_domain.system_time,179925000.000,47.000,0,,,,,,,0,0,,,,,,,
2026-09-06T15:55:00.712,922,886,FAILED,FAILED,2029,1,1788677700689.649,33.337,timestamp_domain.system_time,179925046.000,46.000,0,,,,,,,0,0,,,,,,,
2026-09-06T15:55:00.757,923,887,FAILED,FAILED,2031,2,1788677700756.517,66.868,timestamp_domain.system_time,179925093.000,47.000,0,,,,,,,0,0,,,,,,,
2026-09-06T15:55:00.801,924,888,FAILED,FAILED,2032,1,1788677700789.408,32.891,timestamp_domain.system_time,179925140.000,47.000,0,,,,,,,0,0,,,,,,,
2026-09-06T15:55:00.857,925,889,FAILED,FAILED,2033,1,1788677700822.808,33.400,timestamp_domain.system_time,179925203.000,63.000,0,,,,,,,0,0,,,,,,,
2026-09-06T15:55:00.905,926,890,FAILED,FAILED,2035,2,1788677700889.760,66.952,timestamp_domain.system_time,179925250.000,47.000,0,,,,,,,0,0,,,,,,,
2026-09-06T15:55:00.951,927,891,FAILED,FAILED,2036,1,1788677700923.161,33.401,timestamp_domain.system_time,179925296.000,46.000,0,,,,,,,0,0,,,,,,,
2026-09-06T15:55:01.002,928,892,FAILED,FAILED,2038,2,1788677700990.030,66.869,timestamp_domain.system_time,179925343.000,47.000,0,,,,,,,0,0,,,,,,,
2026-09-06T15:55:01.036,929,893,FAILED,FAILED,2039,1,1788677701023.298,33.268,timestamp_domain.system_time,179925375.000,32.000,0,,,,,,,0,0,,,,,,,
2026-09-06T15:55:01.088,930,894,FAILED,FAILED,2041,2,1788677701090.125,66.827,timestamp_domain.system_time,179925421.000,46.000,0,,,,,,,0,0,,,,,,,
2026-09-06T15:55:01.136,931,895,FAILED,FAILED,2042,1,1788677701123.429,33.305,timestamp_domain.system_time,179925468.000,47.000,0,,,,,,,0,0,,,,,,,
2026-09-06T15:55:01.192,932,896,FAILED,FAILED,2043,1,1788677701156.808,33.378,timestamp_domain.system_time,179925515.000,47.000,0,,,,,,,0,0,,,,,,,
2026-09-06T15:55:01.236,933,897,FAILED,FAILED,2045,2,1788677701223.507,66.699,timestamp_domain.system_time,179925578.000,63.000,0,,,,,,,0,0,,,,,,,
2026-09-06T15:55:01.286,934,898,FAILED,FAILED,2046,1,1788677701257.154,33.647,timestamp_domain.system_time,179925609.000,31.000,0,,,,,,,0,0,,,,,,,
2026-09-06T15:55:01.332,935,899,FAILED,FAILED,2048,2,1788677701323.560,66.406,timestamp_domain.system_time,179925671.000,62.000,0,,,,,,,0,0,,,,,,,
2026-09-06T15:55:01.371,936,900,FAILED,FAILED,2049,1,1788677701356.947,33.387,timestamp_domain.system_time,179925718.000,47.000,0,,,,,,,0,0,,,,,,,
2026-09-06T15:55:01.429,937,901,FAILED,FAILED,2050,1,1788677701391.314,34.368,timestamp_domain.system_time,179925765.000,47.000,0,,,,,,,0,0,,,,,,,
2026-09-06T15:55:01.538,938,902,FAILED,FAILED,2053,3,1788677701490.838,99.524,timestamp_domain.system_time,179925875.000,110.000,0,,,,,,,0,0,,,,,,,
2026-09-06T15:55:01.592,939,903,FAILED,FAILED,2055,2,1788677701557.257,66.418,timestamp_domain.system_time,179925937.000,62.000,0,,,,,,,0,0,,,,,,,
2026-09-06T15:55:01.642,940,904,FAILED,FAILED,2057,2,1788677701623.928,66.672,timestamp_domain.system_time,179925984.000,47.000,0,,,,,,,0,0,,,,,,,
2026-09-06T15:55:01.688,941,905,FAILED,FAILED,2058,1,1788677701657.205,33.277,timestamp_domain.system_time,179926031.000,47.000,0,,,,,,,0,0,,,,,,,
2026-09-06T15:55:01.731,942,906,FAILED,FAILED,2060,2,1788677701723.678,66.473,timestamp_domain.system_time,179926078.000,47.000,0,,,,,,,0,0,,,,,,,
2026-09-06T15:55:01.789,943,907,FAILED,FAILED,2061,1,1788677701757.015,33.337,timestamp_domain.system_time,179926125.000,47.000,0,,,,,,,0,0,,,,,,,
2026-09-06T15:55:01.831,944,908,FAILED,FAILED,2063,2,1788677701823.819,66.804,timestamp_domain.system_time,179926171.000,46.000,0,,,,,,,0,0,,,,,,,
2026-09-06T15:55:01.881,945,909,FAILED,FAILED,2064,1,1788677701857.171,33.352,timestamp_domain.system_time,179926218.000,47.000,0,,,,,,,0,0,,,,,,,
2026-09-06T15:55:01.927,946,910,FAILED,FAILED,2066,2,1788677701923.995,66.824,timestamp_domain.system_time,179926265.000,47.000,0,,,,,,,0,0,,,,,,,
2026-09-06T15:55:01.978,947,911,FAILED,FAILED,2067,1,1788677701957.393,33.398,timestamp_domain.system_time,179926312.000,47.000,0,,,,,,,0,0,,,,,,,
2026-09-06T15:55:02.020,948,912,FAILED,FAILED,2068,1,1788677701990.667,33.274,timestamp_domain.system_time,179926359.000,47.000,0,,,,,,,0,0,,,,,,,
2026-09-06T15:55:02.074,949,913,FAILED,FAILED,2070,2,1788677702057.290,66.623,timestamp_domain.system_time,179926421.000,62.000,0,,,,,,,0,0,,,,,,,
2026-09-06T15:55:02.125,950,914,FAILED,FAILED,2071,1,1788677702090.605,33.316,timestamp_domain.system_time,179926468.000,47.000,0,,,,,,,0,0,,,,,,,
2026-09-06T15:55:02.177,951,915,FAILED,FAILED,2073,2,1788677702157.533,66.928,timestamp_domain.system_time,179926515.000,47.000,0,,,,,,,0,0,,,,,,,
2026-09-06T15:55:02.226,952,916,FAILED,FAILED,2074,1,1788677702190.796,33.263,timestamp_domain.system_time,179926562.000,47.000,0,,,,,,,0,0,,,,,,,
2026-09-06T15:55:02.270,953,917,FAILED,FAILED,2076,2,1788677702257.544,66.748,timestamp_domain.system_time,179926609.000,47.000,0,,,,,,,0,0,,,,,,,
2026-09-06T15:55:02.323,954,918,FAILED,FAILED,2077,1,1788677702290.851,33.307,timestamp_domain.system_time,179926656.000,47.000,0,,,,,,,0,0,,,,,,,
2026-09-06T15:55:02.374,955,919,FAILED,FAILED,2079,2,1788677702357.366,66.515,timestamp_domain.system_time,179926718.000,62.000,0,,,,,,,0,0,,,,,,,
2026-09-06T15:55:02.424,956,920,FAILED,FAILED,2080,1,1788677702390.853,33.486,timestamp_domain.system_time,179926750.000,32.000,0,,,,,,,0,0,,,,,,,
2026-09-06T15:55:02.465,957,921,FAILED,FAILED,2081,1,1788677702424.271,33.419,timestamp_domain.system_time,179926812.000,62.000,0,,,,,,,0,0,,,,,,,
2026-09-06T15:55:02.568,958,922,FAILED,FAILED,2084,3,1788677702524.325,100.054,timestamp_domain.system_time,179926906.000,94.000,0,,,,,,,0,0,,,,,,,
2026-09-06T15:55:02.618,959,923,FAILED,FAILED,2086,2,1788677702591.070,66.745,timestamp_domain.system_time,179926953.000,47.000,0,,,,,,,0,0,,,,,,,
2026-09-06T15:55:02.659,960,924,FAILED,FAILED,2088,2,1788677702657.539,66.469,timestamp_domain.system_time,179927000.000,47.000,0,,,,,,,0,0,,,,,,,
2026-09-06T15:55:02.709,961,925,FAILED,FAILED,2089,1,1788677702690.790,33.251,timestamp_domain.system_time,179927046.000,46.000,0,,,,,,,0,0,,,,,,,
2026-09-06T15:55:02.769,962,926,FAILED,FAILED,2091,2,1788677702758.181,67.391,timestamp_domain.system_time,179927109.000,63.000,0,,,,,,,0,0,,,,,,,
2026-09-06T15:55:02.811,963,927,FAILED,FAILED,2092,1,1788677702791.062,32.881,timestamp_domain.system_time,179927156.000,47.000,0,,,,,,,0,0,,,,,,,
2026-09-06T15:55:02.861,964,928,FAILED,FAILED,2093,1,1788677702824.225,33.163,timestamp_domain.system_time,179927203.000,47.000,0,,,,,,,0,0,,,,,,,
2026-09-06T15:55:02.905,965,929,FAILED,FAILED,2095,2,1788677702891.119,66.894,timestamp_domain.system_time,179927250.000,47.000,0,,,,,,,0,0,,,,,,,
2026-09-06T15:55:02.947,966,930,FAILED,FAILED,2096,1,1788677702924.768,33.650,timestamp_domain.system_time,179927281.000,31.000,0,,,,,,,0,0,,,,,,,
2026-09-06T15:55:02.997,967,931,FAILED,FAILED,2098,2,1788677702991.264,66.496,timestamp_domain.system_time,179927328.000,47.000,0,,,,,,,0,0,,,,,,,
2026-09-06T15:55:03.043,968,932,FAILED,FAILED,2099,1,1788677703024.423,33.159,timestamp_domain.system_time,179927375.000,47.000,0,,,,,,,0,0,,,,,,,
2026-09-06T15:55:03.083,969,933,FAILED,FAILED,2100,1,1788677703058.012,33.590,timestamp_domain.system_time,179927421.000,46.000,0,,,,,,,0,0,,,,,,,
2026-09-06T15:55:03.133,970,934,FAILED,FAILED,2102,2,1788677703125.016,67.004,timestamp_domain.system_time,179927468.000,47.000,0,,,,,,,0,0,,,,,,,
2026-09-06T15:55:03.182,971,935,FAILED,FAILED,2103,1,1788677703158.141,33.125,timestamp_domain.system_time,179927515.000,47.000,0,,,,,,,0,0,,,,,,,
2026-09-06T15:55:03.221,972,936,FAILED,FAILED,2104,1,1788677703191.370,33.229,timestamp_domain.system_time,179927562.000,47.000,0,,,,,,,0,0,,,,,,,
2026-09-06T15:55:03.277,973,937,FAILED,FAILED,2106,2,1788677703258.308,66.938,timestamp_domain.system_time,179927625.000,63.000,0,,,,,,,0,0,,,,,,,
2026-09-06T15:55:03.312,974,938,FAILED,FAILED,2107,1,1788677703291.632,33.324,timestamp_domain.system_time,179927656.000,31.000,0,,,,,,,0,0,,,,,,,
2026-09-06T15:55:03.360,975,939,FAILED,FAILED,2109,2,1788677703358.438,66.806,timestamp_domain.system_time,179927703.000,47.000,0,,,,,,,0,0,,,,,,,
2026-09-06T15:55:03.411,976,940,FAILED,FAILED,2110,1,1788677703391.885,33.447,timestamp_domain.system_time,179927750.000,47.000,0,,,,,,,0,0,,,,,,,
2026-09-06T15:55:03.465,977,941,FAILED,FAILED,2111,1,1788677703425.200,33.315,timestamp_domain.system_time,179927796.000,46.000,0,,,,,,,0,0,,,,,,,
2026-09-06T15:55:03.572,978,942,FAILED,FAILED,2114,3,1788677703525.477,100.277,timestamp_domain.system_time,179927890.000,94.000,0,,,,,,,0,0,,,,,,,
2026-09-06T15:55:03.618,979,943,FAILED,FAILED,2116,2,1788677703591.792,66.315,timestamp_domain.system_time,179927953.000,63.000,0,,,,,,,0,0,,,,,,,
2026-09-06T15:55:03.664,980,944,FAILED,FAILED,2118,2,1788677703658.601,66.809,timestamp_domain.system_time,179928000.000,47.000,0,,,,,,,0,0,,,,,,,
2026-09-06T15:55:03.712,981,945,FAILED,FAILED,2119,1,1788677703691.846,33.245,timestamp_domain.system_time,179928046.000,46.000,0,,,,,,,0,0,,,,,,,
2026-09-06T15:55:03.762,982,946,FAILED,FAILED,2121,2,1788677703758.607,66.760,timestamp_domain.system_time,179928109.000,63.000,0,,,,,,,0,0,,,,,,,
2026-09-06T15:55:03.801,983,947,FAILED,FAILED,2122,1,1788677703791.929,33.322,timestamp_domain.system_time,179928140.000,31.000,0,,,,,,,0,0,,,,,,,
2026-09-06T15:55:03.862,984,948,FAILED,FAILED,2123,1,1788677703824.983,33.054,timestamp_domain.system_time,179928187.000,47.000,0,,,,,,,0,0,,,,,,,
2026-09-06T15:55:03.907,985,949,FAILED,FAILED,2125,2,1788677703891.828,66.845,timestamp_domain.system_time,179928250.000,63.000,0,,,,,,,0,0,,,,,,,
2026-09-06T15:55:03.954,986,950,FAILED,FAILED,2126,1,1788677703925.439,33.611,timestamp_domain.system_time,179928296.000,46.000,0,,,,,,,0,0,,,,,,,
2026-09-06T15:55:03.998,987,951,FAILED,FAILED,2128,2,1788677703992.362,66.923,timestamp_domain.system_time,179928343.000,47.000,0,,,,,,,0,0,,,,,,,
2026-09-06T15:55:04.049,988,952,FAILED,FAILED,2129,1,1788677704025.461,33.099,timestamp_domain.system_time,179928390.000,47.000,0,,,,,,,0,0,,,,,,,
2026-09-06T15:55:04.098,989,953,FAILED,FAILED,2131,2,1788677704092.116,66.655,timestamp_domain.system_time,179928437.000,47.000,0,,,,,,,0,0,,,,,,,
2026-09-06T15:55:04.143,990,954,FAILED,FAILED,2132,1,1788677704125.444,33.328,timestamp_domain.system_time,179928484.000,47.000,0,,,,,,,0,0,,,,,,,
2026-09-06T15:55:04.194,991,955,FAILED,FAILED,2133,1,1788677704158.879,33.435,timestamp_domain.system_time,179928515.000,31.000,0,,,,,,,0,0,,,,,,,
2026-09-06T15:55:04.229,992,956,FAILED,FAILED,2135,2,1788677704225.596,66.717,timestamp_domain.system_time,179928562.000,47.000,0,,,,,,,0,0,,,,,,,
2026-09-06T15:55:04.282,993,957,FAILED,FAILED,2136,1,1788677704259.121,33.525,timestamp_domain.system_time,179928625.000,63.000,0,,,,,,,0,0,,,,,,,
2026-09-06T15:55:04.329,994,958,FAILED,FAILED,2137,1,1788677704292.326,33.205,timestamp_domain.system_time,179928671.000,46.000,0,,,,,,,0,0,,,,,,,
2026-09-06T15:55:04.369,995,959,FAILED,FAILED,2139,2,1788677704359.184,66.857,timestamp_domain.system_time,179928703.000,32.000,0,,,,,,,0,0,,,,,,,
2026-09-06T15:55:04.416,996,960,FAILED,FAILED,2140,1,1788677704392.327,33.143,timestamp_domain.system_time,179928750.000,47.000,0,,,,,,,0,0,,,,,,,
2026-09-06T15:55:04.470,997,961,FAILED,FAILED,2141,1,1788677704425.913,33.586,timestamp_domain.system_time,179928812.000,62.000,0,,,,,,,0,0,,,,,,,
2026-09-06T15:55:04.564,998,962,FAILED,FAILED,2144,3,1788677704525.631,99.718,timestamp_domain.system_time,179928906.000,94.000,0,,,,,,,0,0,,,,,,,
2026-09-06T15:55:04.628,999,963,FAILED,FAILED,2146,2,1788677704592.484,66.853,timestamp_domain.system_time,179928968.000,62.000,0,,,,,,,0,0,,,,,,,
2026-09-06T15:55:04.684,1000,964,FAILED,FAILED,2148,2,1788677704659.183,66.699,timestamp_domain.system_time,179929015.000,47.000,0,,,,,,,0,0,,,,,,,
2026-09-06T15:55:04.717,1001,965,FAILED,FAILED,2149,1,1788677704692.581,33.398,timestamp_domain.system_time,179929062.000,47.000,0,,,,,,,0,0,,,,,,,
2026-09-06T15:55:04.778,1002,966,FAILED,FAILED,2151,2,1788677704759.369,66.788,timestamp_domain.system_time,179929109.000,47.000,0,,,,,,,0,0,,,,,,,
2026-09-06T15:55:04.818,1003,967,FAILED,FAILED,2152,1,1788677704792.457,33.088,timestamp_domain.system_time,179929156.000,47.000,0,,,,,,,0,0,,,,,,,
2026-09-06T15:55:04.874,1004,968,FAILED,FAILED,2154,2,1788677704858.904,66.448,timestamp_domain.system_time,179929218.000,62.000,0,,,,,,,0,0,,,,,,,
2026-09-06T15:55:04.918,1005,969,FAILED,FAILED,2155,1,1788677704892.361,33.457,timestamp_domain.system_time,179929265.000,47.000,0,,,,,,,0,0,,,,,,,
2026-09-06T15:55:04.969,1006,970,FAILED,FAILED,2157,2,1788677704959.418,67.057,timestamp_domain.system_time,179929312.000,47.000,0,,,,,,,0,0,,,,,,,
2026-09-06T15:55:05.013,1007,971,FAILED,FAILED,2158,1,1788677704992.867,33.449,timestamp_domain.system_time,179929359.000,47.000,0,,,,,,,0,0,,,,,,,
2026-09-06T15:55:05.066,1008,972,FAILED,FAILED,2159,1,1788677705026.146,33.279,timestamp_domain.system_time,179929390.000,31.000,0,,,,,,,0,0,,,,,,,
2026-09-06T15:55:05.116,1009,973,FAILED,FAILED,2161,2,1788677705092.911,66.766,timestamp_domain.system_time,179929453.000,63.000,0,,,,,,,0,0,,,,,,,
2026-09-06T15:55:05.161,1010,974,FAILED,FAILED,2162,1,1788677705126.246,33.334,timestamp_domain.system_time,179929500.000,47.000,0,,,,,,,0,0,,,,,,,
2026-09-06T15:55:05.213,1011,975,FAILED,FAILED,2164,2,1788677705193.133,66.887,timestamp_domain.system_time,179929546.000,46.000,0,,,,,,,0,0,,,,,,,
2026-09-06T15:55:05.260,1012,976,FAILED,FAILED,2165,1,1788677705226.304,33.171,timestamp_domain.system_time,179929593.000,47.000,0,,,,,,,0,0,,,,,,,
2026-09-06T15:55:05.306,1013,977,FAILED,FAILED,2167,2,1788677705292.814,66.511,timestamp_domain.system_time,179929640.000,47.000,0,,,,,,,0,0,,,,,,,
2026-09-06T15:55:05.354,1014,978,FAILED,FAILED,2168,1,1788677705326.385,33.571,timestamp_domain.system_time,179929687.000,47.000,0,,,,,,,0,0,,,,,,,
2026-09-06T15:55:05.401,1015,979,FAILED,FAILED,2170,2,1788677705392.899,66.514,timestamp_domain.system_time,179929734.000,47.000,0,,,,,,,0,0,,,,,,,
2026-09-06T15:55:05.446,1016,980,FAILED,FAILED,2171,1,1788677705426.427,33.528,timestamp_domain.system_time,179929781.000,47.000,0,,,,,,,0,0,,,,,,,
2026-09-06T15:55:05.570,1017,981,FAILED,FAILED,2174,3,1788677705527.371,100.944,timestamp_domain.system_time,179929906.000,125.000,0,,,,,,,0,0,,,,,,,
2026-09-06T15:55:05.620,1018,982,FAILED,FAILED,2176,2,1788677705593.110,65.739,timestamp_domain.system_time,179929953.000,47.000,0,,,,,,,0,0,,,,,,,
2026-09-06T15:55:05.661,1019,983,FAILED,FAILED,2178,2,1788677705660.005,66.896,timestamp_domain.system_time,179930000.000,47.000,0,,,,,,,0,0,,,,,,,
2026-09-06T15:55:05.716,1020,984,FAILED,FAILED,2179,1,1788677705693.243,33.238,timestamp_domain.system_time,179930046.000,46.000,0,,,,,,,0,0,,,,,,,
2026-09-06T15:55:05.755,1021,985,FAILED,FAILED,2181,2,1788677705759.939,66.696,timestamp_domain.system_time,179930093.000,47.000,0,,,,,,,0,0,,,,,,,
2026-09-06T15:55:05.811,1022,986,FAILED,FAILED,2182,1,1788677705793.130,33.192,timestamp_domain.system_time,179930140.000,47.000,0,,,,,,,0,0,,,,,,,
2026-09-06T15:55:05.855,1023,987,FAILED,FAILED,2183,1,1788677705826.362,33.232,timestamp_domain.system_time,179930203.000,63.000,0,,,,,,,0,0,,,,,,,
2026-09-06T15:55:05.902,1024,988,FAILED,FAILED,2185,2,1788677705893.354,66.992,timestamp_domain.system_time,179930234.000,31.000,0,,,,,,,0,0,,,,,,,
2026-09-06T15:55:05.935,1025,989,FAILED,FAILED,2186,1,1788677705927.024,33.670,timestamp_domain.system_time,179930281.000,47.000,0,,,,,,,0,0,,,,,,,
2026-09-06T15:55:05.989,1026,990,FAILED,FAILED,2187,1,1788677705960.229,33.206,timestamp_domain.system_time,179930328.000,47.000,0,,,,,,,0,0,,,,,,,
2026-09-06T15:55:06.036,1027,991,FAILED,FAILED,2189,2,1788677706026.876,66.646,timestamp_domain.system_time,179930359.000,31.000,0,,,,,,,0,0,,,,,,,
2026-09-06T15:55:06.080,1028,992,FAILED,FAILED,2190,1,1788677706060.237,33.361,timestamp_domain.system_time,179930421.000,62.000,0,,,,,,,0,0,,,,,,,
2026-09-06T15:55:06.124,1029,993,FAILED,FAILED,2191,1,1788677706093.583,33.346,timestamp_domain.system_time,179930468.000,47.000,0,,,,,,,0,0,,,,,,,
2026-09-06T15:55:06.173,1030,994,FAILED,FAILED,2193,2,1788677706160.278,66.695,timestamp_domain.system_time,179930515.000,47.000,0,,,,,,,0,0,,,,,,,
2026-09-06T15:55:06.218,1031,995,FAILED,FAILED,2194,1,1788677706193.742,33.464,timestamp_domain.system_time,179930562.000,47.000,0,,,,,,,0,0,,,,,,,
2026-09-06T15:55:06.268,1032,996,FAILED,FAILED,2196,2,1788677706260.526,66.784,timestamp_domain.system_time,179930593.000,31.000,0,,,,,,,0,0,,,,,,,
2026-09-06T15:55:06.317,1033,997,FAILED,FAILED,2197,1,1788677706293.635,33.109,timestamp_domain.system_time,179930656.000,63.000,0,,,,,,,0,0,,,,,,,
2026-09-06T15:55:06.364,1034,998,FAILED,FAILED,2198,1,1788677706326.998,33.363,timestamp_domain.system_time,179930703.000,47.000,0,,,,,,,0,0,,,,,,,
2026-09-06T15:55:06.405,1035,999,FAILED,FAILED,2200,2,1788677706393.690,66.692,timestamp_domain.system_time,179930750.000,47.000,0,,,,,,,0,0,,,,,,,
2026-09-06T15:55:06.456,1036,1000,FAILED,FAILED,2201,1,1788677706427.158,33.468,timestamp_domain.system_time,179930796.000,46.000,0,,,,,,,0,0,,,,,,,
2026-09-06T15:55:06.573,1037,1001,FAILED,FAILED,2204,3,1788677706528.068,100.910,timestamp_domain.system_time,179930890.000,94.000,0,,,,,,,0,0,,,,,,,
2026-09-06T15:55:06.629,1038,1002,FAILED,FAILED,2206,2,1788677706593.955,65.887,timestamp_domain.system_time,179930968.000,78.000,0,,,,,,,0,0,,,,,,,
2026-09-06T15:55:06.665,1039,1003,FAILED,FAILED,2208,2,1788677706660.617,66.662,timestamp_domain.system_time,179931000.000,32.000,0,,,,,,,0,0,,,,,,,
2026-09-06T15:55:06.719,1040,1004,FAILED,FAILED,2209,1,1788677706693.932,33.315,timestamp_domain.system_time,179931062.000,62.000,0,,,,,,,0,0,,,,,,,
2026-09-06T15:55:06.759,1041,1005,FAILED,FAILED,2211,2,1788677706760.477,66.545,timestamp_domain.system_time,179931093.000,31.000,0,,,,,,,0,0,,,,,,,
2026-09-06T15:55:06.816,1042,1006,FAILED,FAILED,2212,1,1788677706793.877,33.400,timestamp_domain.system_time,179931156.000,63.000,0,,,,,,,0,0,,,,,,,
2026-09-06T15:55:06.859,1043,1007,FAILED,FAILED,2213,1,1788677706827.177,33.300,timestamp_domain.system_time,179931203.000,47.000,0,,,,,,,0,0,,,,,,,
2026-09-06T15:55:06.907,1044,1008,FAILED,FAILED,2215,2,1788677706893.831,66.654,timestamp_domain.system_time,179931234.000,31.000,0,,,,,,,0,0,,,,,,,
2026-09-06T15:55:06.953,1045,1009,FAILED,FAILED,2216,1,1788677706927.619,33.788,timestamp_domain.system_time,179931281.000,47.000,0,,,,,,,0,0,,,,,,,
2026-09-06T15:55:06.998,1046,1010,FAILED,FAILED,2217,1,1788677706960.702,33.083,timestamp_domain.system_time,179931328.000,47.000,0,,,,,,,0,0,,,,,,,
2026-09-06T15:55:07.045,1047,1011,FAILED,FAILED,2219,2,1788677707027.472,66.770,timestamp_domain.system_time,179931375.000,47.000,0,,,,,,,0,0,,,,,,,
2026-09-06T15:55:07.092,1048,1012,FAILED,FAILED,2220,1,1788677707060.781,33.310,timestamp_domain.system_time,179931437.000,62.000,0,,,,,,,0,0,,,,,,,
2026-09-06T15:55:07.132,1049,1013,FAILED,FAILED,2222,2,1788677707127.604,66.822,timestamp_domain.system_time,179931468.000,31.000,0,,,,,,,0,0,,,,,,,
2026-09-06T15:55:07.183,1050,1014,FAILED,FAILED,2223,1,1788677707161.018,33.414,timestamp_domain.system_time,179931515.000,47.000,0,,,,,,,0,0,,,,,,,
2026-09-06T15:55:07.227,1051,1015,FAILED,FAILED,2224,1,1788677707194.448,33.430,timestamp_domain.system_time,179931562.000,47.000,0,,,,,,,0,0,,,,,,,
2026-09-06T15:55:07.277,1052,1016,FAILED,FAILED,2226,2,1788677707261.008,66.560,timestamp_domain.system_time,179931609.000,47.000,0,,,,,,,0,0,,,,,,,
2026-09-06T15:55:07.321,1053,1017,FAILED,FAILED,2227,1,1788677707294.307,33.299,timestamp_domain.system_time,179931656.000,47.000,0,,,,,,,0,0,,,,,,,
2026-09-06T15:55:07.363,1054,1018,FAILED,FAILED,2228,1,1788677707327.786,33.479,timestamp_domain.system_time,179931703.000,47.000,0,,,,,,,0,0,,,,,,,
2026-09-06T15:55:07.409,1055,1019,FAILED,FAILED,2230,2,1788677707394.558,66.772,timestamp_domain.system_time,179931734.000,31.000,0,,,,,,,0,0,,,,,,,
2026-09-06T15:55:07.455,1056,1020,FAILED,FAILED,2231,1,1788677707428.559,34.001,timestamp_domain.system_time,179931796.000,62.000,0,,,,,,,0,0,,,,,,,
2026-09-06T15:55:07.607,1057,1021,FAILED,FAILED,2235,4,1788677707562.361,133.802,timestamp_domain.system_time,179931937.000,141.000,0,,,,,,,0,0,,,,,,,
2026-09-06T15:55:07.661,1058,1022,FAILED,FAILED,2237,2,1788677707628.099,65.738,timestamp_domain.system_time,179932000.000,63.000,0,,,,,,,0,0,,,,,,,
2026-09-06T15:55:07.699,1059,1023,FAILED,FAILED,2239,2,1788677707695.043,66.945,timestamp_domain.system_time,179932046.000,46.000,0,,,,,,,0,0,,,,,,,
2026-09-06T15:55:07.741,1060,1024,FAILED,FAILED,2240,1,1788677707728.048,33.005,timestamp_domain.system_time,179932078.000,32.000,0,,,,,,,0,0,,,,,,,
2026-09-06T15:55:07.794,1061,1025,FAILED,FAILED,2242,2,1788677707794.591,66.543,timestamp_domain.system_time,179932140.000,62.000,0,,,,,,,0,0,,,,,,,
2026-09-06T15:55:07.841,1062,1026,FAILED,FAILED,2243,1,1788677707827.828,33.237,timestamp_domain.system_time,179932187.000,47.000,0,,,,,,,0,0,,,,,,,
2026-09-06T15:55:07.881,1063,1027,FAILED,FAILED,2244,1,1788677707861.376,33.548,timestamp_domain.system_time,179932218.000,31.000,0,,,,,,,0,0,,,,,,,
2026-09-06T15:55:07.941,1064,1028,FAILED,FAILED,2246,2,1788677707928.185,66.809,timestamp_domain.system_time,179932265.000,47.000,0,,,,,,,0,0,,,,,,,
2026-09-06T15:55:07.972,1065,1029,FAILED,FAILED,2247,1,1788677707961.608,33.423,timestamp_domain.system_time,179932312.000,47.000,0,,,,,,,0,0,,,,,,,
2026-09-06T15:55:08.033,1066,1030,FAILED,FAILED,2248,1,1788677707994.708,33.100,timestamp_domain.system_time,179932375.000,63.000,0,,,,,,,0,0,,,,,,,
2026-09-06T15:55:08.083,1067,1031,FAILED,FAILED,2250,2,1788677708061.953,67.246,timestamp_domain.system_time,179932421.000,46.000,0,,,,,,,0,0,,,,,,,
2026-09-06T15:55:08.127,1068,1032,FAILED,FAILED,2251,1,1788677708095.087,33.134,timestamp_domain.system_time,179932468.000,47.000,0,,,,,,,0,0,,,,,,,
2026-09-06T15:55:08.170,1069,1033,FAILED,FAILED,2253,2,1788677708161.906,66.818,timestamp_domain.system_time,179932515.000,47.000,0,,,,,,,0,0,,,,,,,
2026-09-06T15:55:08.220,1070,1034,FAILED,FAILED,2254,1,1788677708195.054,33.148,timestamp_domain.system_time,179932562.000,47.000,0,,,,,,,0,0,,,,,,,
2026-09-06T15:55:08.264,1071,1035,FAILED,FAILED,2255,1,1788677708228.475,33.421,timestamp_domain.system_time,179932609.000,47.000,0,,,,,,,0,0,,,,,,,
2026-09-06T15:55:08.308,1072,1036,FAILED,FAILED,2257,2,1788677708295.295,66.820,timestamp_domain.system_time,179932640.000,31.000,0,,,,,,,0,0,,,,,,,
2026-09-06T15:55:08.348,1073,1037,FAILED,FAILED,2258,1,1788677708328.507,33.213,timestamp_domain.system_time,179932687.000,47.000,0,,,,,,,0,0,,,,,,,
2026-09-06T15:55:08.396,1074,1038,FAILED,FAILED,2259,1,1788677708361.865,33.358,timestamp_domain.system_time,179932734.000,47.000,0,,,,,,,0,0,,,,,,,
2026-09-06T15:55:08.440,1075,1039,FAILED,FAILED,2261,2,1788677708429.488,67.622,timestamp_domain.system_time,179932765.000,31.000,0,,,,,,,0,0,,,,,,,
2026-09-06T15:55:08.612,1076,1040,FAILED,FAILED,2265,4,1788677708563.563,134.076,timestamp_domain.system_time,179932937.000,172.000,0,,,,,,,0,0,,,,,,,
2026-09-06T15:55:08.673,1077,1041,FAILED,FAILED,2268,3,1788677708662.127,98.564,timestamp_domain.system_time,179933000.000,63.000,0,,,,,,,0,0,,,,,,,
2026-09-06T15:55:08.719,1078,1042,FAILED,FAILED,2269,1,1788677708695.323,33.196,timestamp_domain.system_time,179933046.000,46.000,0,,,,,,,0,0,,,,,,,
2026-09-06T15:55:08.764,1079,1043,FAILED,FAILED,2270,1,1788677708728.788,33.465,timestamp_domain.system_time,179933109.000,63.000,0,,,,,,,0,0,,,,,,,
2026-09-06T15:55:08.806,1080,1044,FAILED,FAILED,2272,2,1788677708795.727,66.938,timestamp_domain.system_time,179933140.000,31.000,0,,,,,,,0,0,,,,,,,
2026-09-06T15:55:08.859,1081,1045,FAILED,FAILED,2273,1,1788677708828.862,33.135,timestamp_domain.system_time,179933203.000,63.000,0,,,,,,,0,0,,,,,,,
2026-09-06T15:55:08.908,1082,1046,FAILED,FAILED,2275,2,1788677708895.598,66.736,timestamp_domain.system_time,179933234.000,31.000,0,,,,,,,0,0,,,,,,,
2026-09-06T15:55:08.952,1083,1047,FAILED,FAILED,2276,1,1788677708928.722,33.124,timestamp_domain.system_time,179933296.000,62.000,0,,,,,,,0,0,,,,,,,
2026-09-06T15:55:09.002,1084,1048,FAILED,FAILED,2278,2,1788677708995.804,67.082,timestamp_domain.system_time,179933343.000,47.000,0,,,,,,,0,0,,,,,,,
2026-09-06T15:55:09.044,1085,1049,FAILED,FAILED,2279,1,1788677709029.020,33.216,timestamp_domain.system_time,179933390.000,47.000,0,,,,,,,0,0,,,,,,,
2026-09-06T15:55:09.088,1086,1050,FAILED,FAILED,2280,1,1788677709062.386,33.367,timestamp_domain.system_time,179933421.000,31.000,0,,,,,,,0,0,,,,,,,
2026-09-06T15:55:09.140,1087,1051,FAILED,FAILED,2282,2,1788677709129.582,67.195,timestamp_domain.system_time,179933484.000,63.000,0,,,,,,,0,0,,,,,,,
2026-09-06T15:55:09.183,1088,1052,FAILED,FAILED,2283,1,1788677709162.456,32.874,timestamp_domain.system_time,179933515.000,31.000,0,,,,,,,0,0,,,,,,,
2026-09-06T15:55:09.233,1089,1053,FAILED,FAILED,2284,1,1788677709195.894,33.439,timestamp_domain.system_time,179933562.000,47.000,0,,,,,,,0,0,,,,,,,
2026-09-06T15:55:09.278,1090,1054,FAILED,FAILED,2286,2,1788677709262.299,66.405,timestamp_domain.system_time,179933609.000,47.000,0,,,,,,,0,0,,,,,,,
2026-09-06T15:55:09.318,1091,1055,FAILED,FAILED,2287,1,1788677709295.621,33.322,timestamp_domain.system_time,179933656.000,47.000,0,,,,,,,0,0,,,,,,,
2026-09-06T15:55:09.370,1092,1056,FAILED,FAILED,2289,2,1788677709362.525,66.904,timestamp_domain.system_time,179933703.000,47.000,0,,,,,,,0,0,,,,,,,
2026-09-06T15:55:09.422,1093,1057,FAILED,FAILED,2290,1,1788677709395.736,33.211,timestamp_domain.system_time,179933765.000,62.000,0,,,,,,,0,0,,,,,,,
2026-09-06T15:55:09.467,1094,1058,FAILED,FAILED,2292,2,1788677709462.543,66.807,timestamp_domain.system_time,179933812.000,47.000,0,,,,,,,0,0,,,,,,,
2026-09-06T15:55:09.600,1095,1059,FAILED,FAILED,2295,3,1788677709563.919,101.376,timestamp_domain.system_time,179933937.000,125.000,0,,,,,,,0,0,,,,,,,
2026-09-06T15:55:09.677,1096,1060,FAILED,FAILED,2298,3,1788677709662.989,99.069,timestamp_domain.system_time,179934000.000,63.000,0,,,,,,,0,0,,,,,,,
2026-09-06T15:55:09.724,1097,1061,FAILED,FAILED,2299,1,1788677709696.647,33.658,timestamp_domain.system_time,179934046.000,46.000,0,,,,,,,0,0,,,,,,,
2026-09-06T15:55:09.768,1098,1062,FAILED,FAILED,2301,2,1788677709762.738,66.091,timestamp_domain.system_time,179934109.000,63.000,0,,,,,,,0,0,,,,,,,
2026-09-06T15:55:09.801,1099,1063,FAILED,FAILED,2302,1,1788677709796.251,33.513,timestamp_domain.system_time,179934140.000,31.000,0,,,,,,,0,0,,,,,,,
2026-09-06T15:55:09.850,1100,1064,FAILED,FAILED,2303,1,1788677709829.560,33.309,timestamp_domain.system_time,179934187.000,47.000,0,,,,,,,0,0,,,,,,,
2026-09-06T15:55:09.890,1101,1065,FAILED,FAILED,2304,1,1788677709862.980,33.419,timestamp_domain.system_time,179934234.000,47.000,0,,,,,,,0,0,,,,,,,
2026-09-06T15:55:09.935,1102,1066,FAILED,FAILED,2306,2,1788677709929.486,66.507,timestamp_domain.system_time,179934281.000,47.000,0,,,,,,,0,0,,,,,,,
2026-09-06T15:55:09.982,1103,1067,FAILED,FAILED,2307,1,1788677709962.949,33.462,timestamp_domain.system_time,179934328.000,47.000,0,,,,,,,0,0,,,,,,,
2026-09-06T15:55:10.036,1104,1068,FAILED,FAILED,2309,2,1788677710029.735,66.786,timestamp_domain.system_time,179934375.000,47.000,0,,,,,,,0,0,,,,,,,
2026-09-06T15:55:10.089,1105,1069,FAILED,FAILED,2310,1,1788677710063.177,33.442,timestamp_domain.system_time,179934406.000,31.000,0,,,,,,,0,0,,,,,,,
2026-09-06T15:55:10.135,1106,1070,FAILED,FAILED,2311,1,1788677710096.450,33.274,timestamp_domain.system_time,179934468.000,62.000,0,,,,,,,0,0,,,,,,,
2026-09-06T15:55:10.180,1107,1071,FAILED,FAILED,2313,2,1788677710163.249,66.799,timestamp_domain.system_time,179934515.000,47.000,0,,,,,,,0,0,,,,,,,
2026-09-06T15:55:10.230,1108,1072,FAILED,FAILED,2314,1,1788677710196.456,33.207,timestamp_domain.system_time,179934562.000,47.000,0,,,,,,,0,0,,,,,,,
2026-09-06T15:55:10.274,1109,1073,FAILED,FAILED,2316,2,1788677710263.451,66.995,timestamp_domain.system_time,179934609.000,47.000,0,,,,,,,0,0,,,,,,,
2026-09-06T15:55:10.317,1110,1074,FAILED,FAILED,2317,1,1788677710296.491,33.041,timestamp_domain.system_time,179934656.000,47.000,0,,,,,,,0,0,,,,,,,
2026-09-06T15:55:10.367,1111,1075,FAILED,FAILED,2318,1,1788677710329.746,33.255,timestamp_domain.system_time,179934703.000,47.000,0,,,,,,,0,0,,,,,,,
2026-09-06T15:55:10.411,1112,1076,FAILED,FAILED,2320,2,1788677710396.602,66.856,timestamp_domain.system_time,179934750.000,47.000,0,,,,,,,0,0,,,,,,,
2026-09-06T15:55:10.457,1113,1077,FAILED,FAILED,2321,1,1788677710430.013,33.410,timestamp_domain.system_time,179934796.000,46.000,0,,,,,,,0,0,,,,,,,
2026-09-06T15:55:10.502,1114,1078,FAILED,FAILED,2322,1,1788677710463.657,33.644,timestamp_domain.system_time,179934843.000,47.000,0,,,,,,,0,0,,,,,,,
2026-09-06T15:55:10.605,1115,1079,FAILED,FAILED,2325,3,1788677710563.625,99.968,timestamp_domain.system_time,179934937.000,94.000,0,,,,,,,0,0,,,,,,,
2026-09-06T15:55:10.652,1116,1080,FAILED,FAILED,2327,2,1788677710630.072,66.447,timestamp_domain.system_time,179935000.000,63.000,0,,,,,,,0,0,,,,,,,
2026-09-06T15:55:10.705,1117,1081,FAILED,FAILED,2329,2,1788677710696.857,66.786,timestamp_domain.system_time,179935046.000,46.000,0,,,,,,,0,0,,,,,,,
2026-09-06T15:55:10.743,1118,1082,FAILED,FAILED,2330,1,1788677710730.040,33.183,timestamp_domain.system_time,179935078.000,32.000,0,,,,,,,0,0,,,,,,,
2026-09-06T15:55:10.792,1119,1083,FAILED,FAILED,2331,1,1788677710763.233,33.193,timestamp_domain.system_time,179935125.000,47.000,0,,,,,,,0,0,,,,,,,
2026-09-06T15:55:10.839,1120,1084,FAILED,FAILED,2333,2,1788677710830.087,66.854,timestamp_domain.system_time,179935171.000,46.000,0,,,,,,,0,0,,,,,,,
2026-09-06T15:55:10.877,1121,1085,FAILED,FAILED,2334,1,1788677710863.588,33.500,timestamp_domain.system_time,179935218.000,47.000,0,,,,,,,0,0,,,,,,,
2026-09-06T15:55:10.926,1122,1086,FAILED,FAILED,2335,1,1788677710897.021,33.433,timestamp_domain.system_time,179935265.000,47.000,0,,,,,,,0,0,,,,,,,
2026-09-06T15:55:10.977,1123,1087,FAILED,FAILED,2337,2,1788677710963.381,66.360,timestamp_domain.system_time,179935312.000,47.000,0,,,,,,,0,0,,,,,,,
2026-09-06T15:55:11.018,1124,1088,FAILED,FAILED,2338,1,1788677710996.942,33.561,timestamp_domain.system_time,179935359.000,47.000,0,,,,,,,0,0,,,,,,,
2026-09-06T15:55:11.073,1125,1089,FAILED,FAILED,2340,2,1788677711063.746,66.804,timestamp_domain.system_time,179935406.000,47.000,0,,,,,,,0,0,,,,,,,
2026-09-06T15:55:11.109,1126,1090,FAILED,FAILED,2341,1,1788677711097.111,33.365,timestamp_domain.system_time,179935453.000,47.000,0,,,,,,,0,0,,,,,,,
2026-09-06T15:55:11.155,1127,1091,FAILED,FAILED,2342,1,1788677711130.628,33.517,timestamp_domain.system_time,179935500.000,47.000,0,,,,,,,0,0,,,,,,,
2026-09-06T15:55:11.207,1128,1092,FAILED,FAILED,2344,2,1788677711196.949,66.321,timestamp_domain.system_time,179935546.000,46.000,0,,,,,,,0,0,,,,,,,
2026-09-06T15:55:11.256,1129,1093,FAILED,FAILED,2345,1,1788677711230.475,33.526,timestamp_domain.system_time,179935578.000,32.000,0,,,,,,,0,0,,,,,,,
2026-09-06T15:55:11.299,1130,1094,FAILED,FAILED,2346,1,1788677711263.875,33.400,timestamp_domain.system_time,179935625.000,47.000,0,,,,,,,0,0,,,,,,,
2026-09-06T15:55:11.341,1131,1095,FAILED,FAILED,2348,2,1788677711330.692,66.818,timestamp_domain.system_time,179935687.000,62.000,0,,,,,,,0,0,,,,,,,
2026-09-06T15:55:11.383,1132,1096,FAILED,FAILED,2349,1,1788677711363.958,33.266,timestamp_domain.system_time,179935718.000,31.000,0,,,,,,,0,0,,,,,,,
2026-09-06T15:55:11.441,1133,1097,FAILED,FAILED,2351,2,1788677711430.719,66.761,timestamp_domain.system_time,179935781.000,63.000,0,,,,,,,0,0,,,,,,,
2026-09-06T15:55:11.488,1134,1098,FAILED,FAILED,2352,1,1788677711464.363,33.645,timestamp_domain.system_time,179935828.000,47.000,0,,,,,,,0,0,,,,,,,
2026-09-06T15:55:11.529,1135,1099,FAILED,FAILED,2353,1,1788677711497.409,33.045,timestamp_domain.system_time,179935875.000,47.000,0,,,,,,,0,0,,,,,,,
2026-09-06T15:55:11.641,1136,1100,FAILED,FAILED,2355,2,1788677711564.210,66.802,timestamp_domain.system_time,179935984.000,109.000,0,,,,,,,0,0,,,,,,,
2026-09-06T15:55:11.708,1137,1101,FAILED,FAILED,2359,4,1788677711697.752,133.542,timestamp_domain.system_time,179936046.000,62.000,0,,,,,,,0,0,,,,,,,
2026-09-06T15:55:11.748,1138,1102,FAILED,FAILED,2360,1,1788677711730.962,33.210,timestamp_domain.system_time,179936093.000,47.000,0,,,,,,,0,0,,,,,,,
2026-09-06T15:55:11.809,1139,1103,FAILED,FAILED,2362,2,1788677711801.435,70.473,timestamp_domain.system_time,179936140.000,47.000,0,,,,,,,0,0,,,,,,,
2026-09-06T15:55:11.857,1140,1104,FAILED,FAILED,2363,1,1788677711830.975,29.540,timestamp_domain.system_time,179936187.000,47.000,0,,,,,,,0,0,,,,,,,
2026-09-06T15:55:11.908,1141,1105,FAILED,FAILED,2365,2,1788677711897.746,66.771,timestamp_domain.system_time,179936250.000,63.000,0,,,,,,,0,0,,,,,,,
2026-09-06T15:55:11.962,1142,1106,FAILED,FAILED,2366,1,1788677711931.100,33.354,timestamp_domain.system_time,179936296.000,46.000,0,,,,,,,0,0,,,,,,,
2026-09-06T15:55:12.008,1143,1107,FAILED,FAILED,2368,2,1788677711997.539,66.439,timestamp_domain.system_time,179936343.000,47.000,0,,,,,,,0,0,,,,,,,
2026-09-06T15:55:12.053,1144,1108,FAILED,FAILED,2369,1,1788677712030.959,33.421,timestamp_domain.system_time,179936390.000,47.000,0,,,,,,,0,0,,,,,,,
2026-09-06T15:55:12.108,1145,1109,FAILED,FAILED,2371,2,1788677712097.610,66.650,timestamp_domain.system_time,179936437.000,47.000,0,,,,,,,0,0,,,,,,,
2026-09-06T15:55:12.144,1146,1110,FAILED,FAILED,2372,1,1788677712131.166,33.556,timestamp_domain.system_time,179936484.000,47.000,0,,,,,,,0,0,,,,,,,
2026-09-06T15:55:12.201,1147,1111,FAILED,FAILED,2373,1,1788677712164.517,33.351,timestamp_domain.system_time,179936531.000,47.000,0,,,,,,,0,0,,,,,,,
2026-09-06T15:55:12.242,1148,1112,FAILED,FAILED,2375,2,1788677712231.360,66.843,timestamp_domain.system_time,179936578.000,47.000,0,,,,,,,0,0,,,,,,,
2026-09-06T15:55:12.278,1149,1113,FAILED,FAILED,2376,1,1788677712264.715,33.354,timestamp_domain.system_time,179936625.000,47.000,0,,,,,,,0,0,,,,,,,
2026-09-06T15:55:12.327,1150,1114,FAILED,FAILED,2377,1,1788677712297.902,33.187,timestamp_domain.system_time,179936671.000,46.000,0,,,,,,,0,0,,,,,,,
2026-09-06T15:55:12.378,1151,1115,FAILED,FAILED,2379,2,1788677712364.758,66.856,timestamp_domain.system_time,179936718.000,47.000,0,,,,,,,0,0,,,,,,,
2026-09-06T15:55:12.423,1152,1116,FAILED,FAILED,2380,1,1788677712398.372,33.614,timestamp_domain.system_time,179936765.000,47.000,0,,,,,,,0,0,,,,,,,
2026-09-06T15:55:12.459,1153,1117,FAILED,FAILED,2382,2,1788677712464.991,66.620,timestamp_domain.system_time,179936796.000,31.000,0,,,,,,,0,0,,,,,,,
2026-09-06T15:55:12.511,1154,1118,FAILED,FAILED,2383,1,1788677712498.324,33.333,timestamp_domain.system_time,179936843.000,47.000,0,,,,,,,0,0,,,,,,,
2026-09-06T15:55:12.645,1155,1119,FAILED,FAILED,2385,2,1788677712564.705,66.381,timestamp_domain.system_time,179936984.000,141.000,0,,,,,,,0,0,,,,,,,
2026-09-06T15:55:12.708,1156,1120,FAILED,FAILED,2389,4,1788677712698.483,133.778,timestamp_domain.system_time,179937046.000,62.000,0,,,,,,,0,0,,,,,,,
2026-09-06T15:55:12.753,1157,1121,FAILED,FAILED,2390,1,1788677712731.651,33.168,timestamp_domain.system_time,179937078.000,32.000,0,,,,,,,0,0,,,,,,,
2026-09-06T15:55:12.784,1158,1122,FAILED,FAILED,2391,1,1788677712765.004,33.353,timestamp_domain.system_time,179937125.000,47.000,0,,,,,,,0,0,,,,,,,
2026-09-06T15:55:12.838,1159,1123,FAILED,FAILED,2393,2,1788677712831.505,66.501,timestamp_domain.system_time,179937171.000,46.000,0,,,,,,,0,0,,,,,,,
2026-09-06T15:55:12.881,1160,1124,FAILED,FAILED,2394,1,1788677712864.889,33.384,timestamp_domain.system_time,179937218.000,47.000,0,,,,,,,0,0,,,,,,,
2026-09-06T15:55:12.931,1161,1125,FAILED,FAILED,2395,1,1788677712898.494,33.605,timestamp_domain.system_time,179937265.000,47.000,0,,,,,,,0,0,,,,,,,
2026-09-06T15:55:12.975,1162,1126,FAILED,FAILED,2397,2,1788677712965.320,66.826,timestamp_domain.system_time,179937312.000,47.000,0,,,,,,,0,0,,,,,,,
2026-09-06T15:55:13.017,1163,1127,FAILED,FAILED,2398,1,1788677712998.211,32.890,timestamp_domain.system_time,179937359.000,47.000,0,,,,,,,0,0,,,,,,,
2026-09-06T15:55:13.059,1164,1128,FAILED,FAILED,2399,1,1788677713031.871,33.660,timestamp_domain.system_time,179937406.000,47.000,0,,,,,,,0,0,,,,,,,
2026-09-06T15:55:13.113,1165,1129,FAILED,FAILED,2401,2,1788677713098.771,66.900,timestamp_domain.system_time,179937453.000,47.000,0,,,,,,,0,0,,,,,,,
2026-09-06T15:55:13.154,1166,1130,FAILED,FAILED,2402,1,1788677713131.994,33.222,timestamp_domain.system_time,179937500.000,47.000,0,,,,,,,0,0,,,,,,,
2026-09-06T15:55:13.203,1167,1131,FAILED,FAILED,2403,1,1788677713165.282,33.288,timestamp_domain.system_time,179937531.000,31.000,0,,,,,,,0,0,,,,,,,
2026-09-06T15:55:13.247,1168,1132,FAILED,FAILED,2405,2,1788677713231.876,66.594,timestamp_domain.system_time,179937578.000,47.000,0,,,,,,,0,0,,,,,,,
2026-09-06T15:55:13.282,1169,1133,FAILED,FAILED,2406,1,1788677713265.438,33.562,timestamp_domain.system_time,179937625.000,47.000,0,,,,,,,0,0,,,,,,,
2026-09-06T15:55:13.332,1170,1134,FAILED,FAILED,2407,1,1788677713298.773,33.335,timestamp_domain.system_time,179937671.000,46.000,0,,,,,,,0,0,,,,,,,
2026-09-06T15:55:13.378,1171,1135,FAILED,FAILED,2409,2,1788677713365.485,66.712,timestamp_domain.system_time,179937718.000,47.000,0,,,,,,,0,0,,,,,,,
2026-09-06T15:55:13.423,1172,1136,FAILED,FAILED,2410,1,1788677713398.890,33.405,timestamp_domain.system_time,179937750.000,32.000,0,,,,,,,0,0,,,,,,,
2026-09-06T15:55:13.460,1173,1137,FAILED,FAILED,2411,1,1788677713432.161,33.271,timestamp_domain.system_time,179937796.000,46.000,0,,,,,,,0,0,,,,,,,
2026-09-06T15:55:13.500,1174,1138,FAILED,FAILED,2413,2,1788677713499.047,66.886,timestamp_domain.system_time,179937843.000,47.000,0,,,,,,,0,0,,,,,,,
2026-09-06T15:55:13.641,1175,1139,FAILED,FAILED,2415,2,1788677713565.620,66.573,timestamp_domain.system_time,179937984.000,141.000,0,,,,,,,0,0,,,,,,,
2026-09-06T15:55:13.691,1176,1140,FAILED,FAILED,2418,3,1788677713665.304,99.684,timestamp_domain.system_time,179938031.000,47.000,0,,,,,,,0,0,,,,,,,
2026-09-06T15:55:13.727,1177,1141,FAILED,FAILED,2420,2,1788677713732.417,67.113,timestamp_domain.system_time,179938062.000,31.000,0,,,,,,,0,0,,,,,,,
2026-09-06T15:55:13.788,1178,1142,FAILED,FAILED,2421,1,1788677713765.889,33.472,timestamp_domain.system_time,179938125.000,63.000,0,,,,,,,0,0,,,,,,,
2026-09-06T15:55:13.834,1179,1143,FAILED,FAILED,2422,1,1788677713799.125,33.237,timestamp_domain.system_time,179938156.000,31.000,0,,,,,,,0,0,,,,,,,
2026-09-06T15:55:13.879,1180,1144,FAILED,FAILED,2424,2,1788677713865.861,66.735,timestamp_domain.system_time,179938203.000,47.000,0,,,,,,,0,0,,,,,,,
2026-09-06T15:55:13.925,1181,1145,FAILED,FAILED,2425,1,1788677713899.078,33.218,timestamp_domain.system_time,179938265.000,62.000,0,,,,,,,0,0,,,,,,,
2026-09-06T15:55:13.970,1182,1146,FAILED,FAILED,2426,1,1788677713932.484,33.406,timestamp_domain.system_time,179938296.000,31.000,0,,,,,,,0,0,,,,,,,
2026-09-06T15:55:14.017,1183,1147,FAILED,FAILED,2428,2,1788677713999.361,66.876,timestamp_domain.system_time,179938359.000,63.000,0,,,,,,,0,0,,,,,,,
2026-09-06T15:55:14.061,1184,1148,FAILED,FAILED,2429,1,1788677714032.299,32.938,timestamp_domain.system_time,179938406.000,47.000,0,,,,,,,0,0,,,,,,,
2026-09-06T15:55:14.108,1185,1149,FAILED,FAILED,2431,2,1788677714099.138,66.839,timestamp_domain.system_time,179938453.000,47.000,0,,,,,,,0,0,,,,,,,
2026-09-06T15:55:14.153,1186,1150,FAILED,FAILED,2432,1,1788677714132.551,33.414,timestamp_domain.system_time,179938484.000,31.000,0,,,,,,,0,0,,,,,,,
2026-09-06T15:55:14.201,1187,1151,FAILED,FAILED,2433,1,1788677714165.896,33.345,timestamp_domain.system_time,179938531.000,47.000,0,,,,,,,0,0,,,,,,,
2026-09-06T15:55:14.245,1188,1152,FAILED,FAILED,2435,2,1788677714232.758,66.862,timestamp_domain.system_time,179938578.000,47.000,0,,,,,,,0,0,,,,,,,
2026-09-06T15:55:14.296,1189,1153,FAILED,FAILED,2436,1,1788677714266.308,33.549,timestamp_domain.system_time,179938625.000,47.000,0,,,,,,,0,0,,,,,,,
2026-09-06T15:55:14.340,1190,1154,FAILED,FAILED,2438,2,1788677714332.754,66.446,timestamp_domain.system_time,179938687.000,62.000,0,,,,,,,0,0,,,,,,,
2026-09-06T15:55:14.387,1191,1155,FAILED,FAILED,2439,1,1788677714366.152,33.398,timestamp_domain.system_time,179938718.000,31.000,0,,,,,,,0,0,,,,,,,
2026-09-06T15:55:14.433,1192,1156,FAILED,FAILED,2440,1,1788677714399.521,33.369,timestamp_domain.system_time,179938765.000,47.000,0,,,,,,,0,0,,,,,,,
2026-09-06T15:55:14.477,1193,1157,FAILED,FAILED,2442,2,1788677714466.327,66.805,timestamp_domain.system_time,179938812.000,47.000,0,,,,,,,0,0,,,,,,,
2026-09-06T15:55:14.519,1194,1158,FAILED,FAILED,2443,1,1788677714499.685,33.358,timestamp_domain.system_time,179938859.000,47.000,0,,,,,,,0,0,,,,,,,
2026-09-06T15:55:14.569,1195,1159,FAILED,FAILED,2444,1,1788677714533.185,33.500,timestamp_domain.system_time,179938906.000,47.000,0,,,,,,,0,0,,,,,,,
2026-09-06T15:55:14.670,1196,1160,FAILED,FAILED,2447,3,1788677714633.385,100.200,timestamp_domain.system_time,179939015.000,109.000,0,,,,,,,0,0,,,,,,,
2026-09-06T15:55:14.719,1197,1161,FAILED,FAILED,2449,2,1788677714699.694,66.309,timestamp_domain.system_time,179939062.000,47.000,0,,,,,,,0,0,,,,,,,
2026-09-06T15:55:14.762,1198,1162,FAILED,FAILED,2451,2,1788677714766.429,66.734,timestamp_domain.system_time,179939109.000,47.000,0,,,,,,,0,0,,,,,,,
2026-09-06T15:55:14.823,1199,1163,FAILED,FAILED,2452,1,1788677714799.727,33.298,timestamp_domain.system_time,179939156.000,47.000,0,,,,,,,0,0,,,,,,,
2026-09-06T15:55:14.869,1200,1164,FAILED,FAILED,2454,2,1788677714866.630,66.903,timestamp_domain.system_time,179939203.000,47.000,0,,,,,,,0,0,,,,,,,
2026-09-06T15:55:14.920,1201,1165,FAILED,FAILED,2455,1,1788677714899.854,33.224,timestamp_domain.system_time,179939265.000,62.000,0,,,,,,,0,0,,,,,,,
2026-09-06T15:55:14.965,1202,1166,FAILED,FAILED,2456,1,1788677714933.280,33.427,timestamp_domain.system_time,179939312.000,47.000,0,,,,,,,0,0,,,,,,,
2026-09-06T15:55:15.012,1203,1167,FAILED,FAILED,2458,2,1788677714999.908,66.628,timestamp_domain.system_time,179939359.000,47.000,0,,,,,,,0,0,,,,,,,
2026-09-06T15:55:15.057,1204,1168,FAILED,FAILED,2459,1,1788677715033.138,33.231,timestamp_domain.system_time,179939390.000,31.000,0,,,,,,,0,0,,,,,,,
2026-09-06T15:55:15.098,1205,1169,FAILED,FAILED,2460,1,1788677715066.844,33.705,timestamp_domain.system_time,179939437.000,47.000,0,,,,,,,0,0,,,,,,,
2026-09-06T15:55:15.151,1206,1170,FAILED,FAILED,2462,2,1788677715133.417,66.574,timestamp_domain.system_time,179939484.000,47.000,0,,,,,,,0,0,,,,,,,
2026-09-06T15:55:15.191,1207,1171,FAILED,FAILED,2463,1,1788677715166.612,33.195,timestamp_domain.system_time,179939531.000,47.000,0,,,,,,,0,0,,,,,,,
2026-09-06T15:55:15.237,1208,1172,FAILED,FAILED,2465,2,1788677715233.445,66.833,timestamp_domain.system_time,179939578.000,47.000,0,,,,,,,0,0,,,,,,,
2026-09-06T15:55:15.288,1209,1173,FAILED,FAILED,2466,1,1788677715266.786,33.341,timestamp_domain.system_time,179939625.000,47.000,0,,,,,,,0,0,,,,,,,
2026-09-06T15:55:15.322,1210,1174,FAILED,FAILED,2467,1,1788677715300.152,33.366,timestamp_domain.system_time,179939656.000,31.000,0,,,,,,,0,0,,,,,,,
2026-09-06T15:55:15.372,1211,1175,FAILED,FAILED,2469,2,1788677715366.836,66.684,timestamp_domain.system_time,179939718.000,62.000,0,,,,,,,0,0,,,,,,,
2026-09-06T15:55:15.422,1212,1176,FAILED,FAILED,2470,1,1788677715400.229,33.393,timestamp_domain.system_time,179939765.000,47.000,0,,,,,,,0,0,,,,,,,
2026-09-06T15:55:15.473,1213,1177,FAILED,FAILED,2472,2,1788677715466.914,66.686,timestamp_domain.system_time,179939812.000,47.000,0,,,,,,,0,0,,,,,,,
2026-09-06T15:55:15.515,1214,1178,FAILED,FAILED,2473,1,1788677715500.292,33.377,timestamp_domain.system_time,179939859.000,47.000,0,,,,,,,0,0,,,,,,,
2026-09-06T15:55:15.567,1215,1179,FAILED,FAILED,2474,1,1788677715533.704,33.412,timestamp_domain.system_time,179939906.000,47.000,0,,,,,,,0,0,,,,,,,
2026-09-06T15:55:15.675,1216,1180,FAILED,FAILED,2477,3,1788677715634.436,100.733,timestamp_domain.system_time,179940000.000,94.000,0,,,,,,,0,0,,,,,,,
2026-09-06T15:55:15.707,1217,1181,FAILED,FAILED,2479,2,1788677715700.430,65.994,timestamp_domain.system_time,179940046.000,46.000,0,,,,,,,0,0,,,,,,,
2026-09-06T15:55:15.766,1218,1182,FAILED,FAILED,2480,1,1788677715733.795,33.365,timestamp_domain.system_time,179940093.000,47.000,0,,,,,,,0,0,,,,,,,
2026-09-06T15:55:15.798,1219,1183,FAILED,FAILED,2482,2,1788677715800.406,66.611,timestamp_domain.system_time,179940140.000,47.000,0,,,,,,,0,0,,,,,,,
2026-09-06T15:55:15.852,1220,1184,FAILED,FAILED,2483,1,1788677715833.701,33.294,timestamp_domain.system_time,179940187.000,47.000,0,,,,,,,0,0,,,,,,,
2026-09-06T15:55:15.897,1221,1185,FAILED,FAILED,2484,1,1788677715866.756,33.056,timestamp_domain.system_time,179940234.000,47.000,0,,,,,,,0,0,,,,,,,
2026-09-06T15:55:15.943,1222,1186,FAILED,FAILED,2486,2,1788677715933.691,66.935,timestamp_domain.system_time,179940281.000,47.000,0,,,,,,,0,0,,,,,,,
2026-09-06T15:55:15.988,1223,1187,FAILED,FAILED,2487,1,1788677715967.398,33.707,timestamp_domain.system_time,179940328.000,47.000,0,,,,,,,0,0,,,,,,,
2026-09-06T15:55:16.031,1224,1188,FAILED,FAILED,2488,1,1788677716000.778,33.380,timestamp_domain.system_time,179940375.000,47.000,0,,,,,,,0,0,,,,,,,
2026-09-06T15:55:16.082,1225,1189,FAILED,FAILED,2490,2,1788677716067.151,66.373,timestamp_domain.system_time,179940421.000,46.000,0,,,,,,,0,0,,,,,,,
2026-09-06T15:55:16.135,1226,1190,FAILED,FAILED,2491,1,1788677716100.358,33.207,timestamp_domain.system_time,179940468.000,47.000,0,,,,,,,0,0,,,,,,,
2026-09-06T15:55:16.176,1227,1191,FAILED,FAILED,2493,2,1788677716167.284,66.926,timestamp_domain.system_time,179940515.000,47.000,0,,,,,,,0,0,,,,,,,
2026-09-06T15:55:16.226,1228,1192,FAILED,FAILED,2494,1,1788677716200.790,33.506,timestamp_domain.system_time,179940562.000,47.000,0,,,,,,,0,0,,,,,,,
2026-09-06T15:55:16.270,1229,1193,FAILED,FAILED,2495,1,1788677716234.140,33.350,timestamp_domain.system_time,179940609.000,47.000,0,,,,,,,0,0,,,,,,,
2026-09-06T15:55:16.320,1230,1194,FAILED,FAILED,2497,2,1788677716300.631,66.491,timestamp_domain.system_time,179940656.000,47.000,0,,,,,,,0,0,,,,,,,
2026-09-06T15:55:16.361,1231,1195,FAILED,FAILED,2498,1,1788677716334.107,33.477,timestamp_domain.system_time,179940703.000,47.000,0,,,,,,,0,0,,,,,,,
2026-09-06T15:55:16.408,1232,1196,FAILED,FAILED,2500,2,1788677716400.848,66.740,timestamp_domain.system_time,179940750.000,47.000,0,,,,,,,0,0,,,,,,,
2026-09-06T15:55:16.454,1233,1197,FAILED,FAILED,2501,1,1788677716434.219,33.371,timestamp_domain.system_time,179940796.000,46.000,0,,,,,,,0,0,,,,,,,
2026-09-06T15:55:16.500,1234,1198,FAILED,FAILED,2502,1,1788677716467.582,33.363,timestamp_domain.system_time,179940843.000,47.000,0,,,,,,,0,0,,,,,,,
2026-09-06T15:55:16.548,1235,1199,FAILED,FAILED,2504,2,1788677716535.310,67.728,timestamp_domain.system_time,179940890.000,47.000,0,,,,,,,0,0,,,,,,,
2026-09-06T15:55:16.712,1236,1200,FAILED,FAILED,2508,4,1788677716668.274,132.964,timestamp_domain.system_time,179941046.000,156.000,0,,,,,,,0,0,,,,,,,
2026-09-06T15:55:16.773,1237,1201,FAILED,FAILED,2511,3,1788677716767.877,99.603,timestamp_domain.system_time,179941109.000,63.000,0,,,,,,,0,0,,,,,,,
2026-09-06T15:55:16.834,1238,1202,FAILED,FAILED,2512,1,1788677716801.025,33.148,timestamp_domain.system_time,179941171.000,62.000,0,,,,,,,0,0,,,,,,,
2026-09-06T15:55:16.883,1239,1203,FAILED,FAILED,2514,2,1788677716867.681,66.657,timestamp_domain.system_time,179941218.000,47.000,0,,,,,,,0,0,,,,,,,
2026-09-06T15:55:16.929,1240,1204,FAILED,FAILED,2515,1,1788677716901.124,33.442,timestamp_domain.system_time,179941265.000,47.000,0,,,,,,,0,0,,,,,,,
2026-09-06T15:55:16.968,1241,1205,FAILED,FAILED,2517,2,1788677716968.098,66.974,timestamp_domain.system_time,179941312.000,47.000,0,,,,,,,0,0,,,,,,,
2026-09-06T15:55:17.017,1242,1206,FAILED,FAILED,2518,1,1788677717001.496,33.399,timestamp_domain.system_time,179941359.000,47.000,0,,,,,,,0,0,,,,,,,
2026-09-06T15:55:17.063,1243,1207,FAILED,FAILED,2519,1,1788677717034.753,33.257,timestamp_domain.system_time,179941390.000,31.000,0,,,,,,,0,0,,,,,,,
2026-09-06T15:55:17.106,1244,1208,FAILED,FAILED,2521,2,1788677717101.394,66.641,timestamp_domain.system_time,179941437.000,47.000,0,,,,,,,0,0,,,,,,,
2026-09-06T15:55:17.139,1245,1209,FAILED,FAILED,2522,1,1788677717134.735,33.341,timestamp_domain.system_time,179941484.000,47.000,0,,,,,,,0,0,,,,,,,
2026-09-06T15:55:17.185,1246,1210,FAILED,FAILED,2523,1,1788677717167.930,33.195,timestamp_domain.system_time,179941531.000,47.000,0,,,,,,,0,0,,,,,,,
2026-09-06T15:55:17.231,1247,1211,FAILED,FAILED,2525,2,1788677717234.867,66.937,timestamp_domain.system_time,179941578.000,47.000,0,,,,,,,0,0,,,,,,,
2026-09-06T15:55:17.288,1248,1212,FAILED,FAILED,2526,1,1788677717268.159,33.293,timestamp_domain.system_time,179941625.000,47.000,0,,,,,,,0,0,,,,,,,
2026-09-06T15:55:17.332,1249,1213,FAILED,FAILED,2527,1,1788677717301.622,33.463,timestamp_domain.system_time,179941671.000,46.000,0,,,,,,,0,0,,,,,,,
2026-09-06T15:55:17.383,1250,1214,FAILED,FAILED,2529,2,1788677717368.145,66.523,timestamp_domain.system_time,179941718.000,47.000,0,,,,,,,0,0,,,,,,,
2026-09-06T15:55:17.414,1251,1215,FAILED,FAILED,2530,1,1788677717401.804,33.659,timestamp_domain.system_time,179941750.000,32.000,0,,,,,,,0,0,,,,,,,
2026-09-06T15:55:17.471,1252,1216,FAILED,FAILED,2531,1,1788677717434.987,33.182,timestamp_domain.system_time,179941812.000,62.000,0,,,,,,,0,0,,,,,,,
2026-09-06T15:55:17.513,1253,1217,FAILED,FAILED,2533,2,1788677717501.688,66.701,timestamp_domain.system_time,179941859.000,47.000,0,,,,,,,0,0,,,,,,,
2026-09-06T15:55:17.563,1254,1218,FAILED,FAILED,2534,1,1788677717535.751,34.064,timestamp_domain.system_time,179941906.000,47.000,0,,,,,,,0,0,,,,,,,
2026-09-06T15:55:17.719,1255,1219,FAILED,FAILED,2536,2,1788677717601.855,66.104,timestamp_domain.system_time,179942062.000,156.000,0,,,,,,,0,0,,,,,,,
2026-09-06T15:55:17.780,1256,1220,FAILED,FAILED,2541,5,1788677717768.632,166.777,timestamp_domain.system_time,179942125.000,63.000,0,,,,,,,0,0,,,,,,,
2026-09-06T15:55:17.827,1257,1221,FAILED,FAILED,2542,1,1788677717801.768,33.136,timestamp_domain.system_time,179942171.000,46.000,0,,,,,,,0,0,,,,,,,
2026-09-06T15:55:17.872,1258,1222,FAILED,FAILED,2543,1,1788677717835.057,33.289,timestamp_domain.system_time,179942203.000,32.000,0,,,,,,,0,0,,,,,,,
2026-09-06T15:55:17.904,1259,1223,FAILED,FAILED,2545,2,1788677717902.046,66.989,timestamp_domain.system_time,179942250.000,47.000,0,,,,,,,0,0,,,,,,,
2026-09-06T15:55:17.964,1260,1224,FAILED,FAILED,2546,1,1788677717935.365,33.319,timestamp_domain.system_time,179942296.000,46.000,0,,,,,,,0,0,,,,,,,
2026-09-06T15:55:18.005,1261,1225,FAILED,FAILED,2548,2,1788677718001.742,66.378,timestamp_domain.system_time,179942343.000,47.000,0,,,,,,,0,0,,,,,,,
2026-09-06T15:55:18.060,1262,1226,FAILED,FAILED,2549,1,1788677718035.293,33.551,timestamp_domain.system_time,179942406.000,63.000,0,,,,,,,0,0,,,,,,,
2026-09-06T15:55:18.106,1263,1227,FAILED,FAILED,2550,1,1788677718068.661,33.368,timestamp_domain.system_time,179942437.000,31.000,0,,,,,,,0,0,,,,,,,
2026-09-06T15:55:18.146,1264,1228,FAILED,FAILED,2552,2,1788677718135.301,66.640,timestamp_domain.system_time,179942484.000,47.000,0,,,,,,,0,0,,,,,,,
2026-09-06T15:55:18.193,1265,1229,FAILED,FAILED,2553,1,1788677718168.969,33.667,timestamp_domain.system_time,179942531.000,47.000,0,,,,,,,0,0,,,,,,,
2026-09-06T15:55:18.238,1266,1230,FAILED,FAILED,2554,1,1788677718202.127,33.158,timestamp_domain.system_time,179942578.000,47.000,0,,,,,,,0,0,,,,,,,
2026-09-06T15:55:18.284,1267,1231,FAILED,FAILED,2556,2,1788677718268.924,66.796,timestamp_domain.system_time,179942625.000,47.000,0,,,,,,,0,0,,,,,,,
2026-09-06T15:55:18.329,1268,1232,FAILED,FAILED,2557,1,1788677718302.041,33.118,timestamp_domain.system_time,179942671.000,46.000,0,,,,,,,0,0,,,,,,,
2026-09-06T15:55:18.368,1269,1233,FAILED,FAILED,2559,2,1788677718369.063,67.022,timestamp_domain.system_time,179942703.000,32.000,0,,,,,,,0,0,,,,,,,
2026-09-06T15:55:18.421,1270,1234,FAILED,FAILED,2560,1,1788677718402.302,33.238,timestamp_domain.system_time,179942765.000,62.000,0,,,,,,,0,0,,,,,,,
2026-09-06T15:55:18.468,1271,1235,FAILED,FAILED,2561,1,1788677718435.761,33.459,timestamp_domain.system_time,179942812.000,47.000,0,,,,,,,0,0,,,,,,,
2026-09-06T15:55:18.512,1272,1236,FAILED,FAILED,2563,2,1788677718502.384,66.623,timestamp_domain.system_time,179942859.000,47.000,0,,,,,,,0,0,,,,,,,
2026-09-06T15:55:18.568,1273,1237,FAILED,FAILED,2564,1,1788677718535.938,33.554,timestamp_domain.system_time,179942906.000,47.000,0,,,,,,,0,0,,,,,,,
2026-09-06T15:55:18.617,1274,1238,FAILED,FAILED,2565,1,1788677718569.194,33.256,timestamp_domain.system_time,179942953.000,47.000,0,,,,,,,0,0,,,,,,,
2026-09-06T15:55:18.711,1275,1239,FAILED,FAILED,2568,3,1788677718669.394,100.199,timestamp_domain.system_time,179943046.000,93.000,0,,,,,,,0,0,,,,,,,
2026-09-06T15:55:18.758,1276,1240,FAILED,FAILED,2570,2,1788677718735.897,66.504,timestamp_domain.system_time,179943093.000,47.000,0,,,,,,,0,0,,,,,,,
2026-09-06T15:55:18.802,1277,1241,FAILED,FAILED,2571,1,1788677718769.219,33.322,timestamp_domain.system_time,179943140.000,47.000,0,,,,,,,0,0,,,,,,,
2026-09-06T15:55:18.849,1278,1242,FAILED,FAILED,2573,2,1788677718835.907,66.688,timestamp_domain.system_time,179943187.000,47.000,0,,,,,,,0,0,,,,,,,
2026-09-06T15:55:18.902,1279,1243,FAILED,FAILED,2574,1,1788677718869.068,33.160,timestamp_domain.system_time,179943234.000,47.000,0,,,,,,,0,0,,,,,,,
2026-09-06T15:55:18.941,1280,1244,FAILED,FAILED,2576,2,1788677718936.093,67.025,timestamp_domain.system_time,179943281.000,47.000,0,,,,,,,0,0,,,,,,,
2026-09-06T15:55:18.993,1281,1245,FAILED,FAILED,2577,1,1788677718969.375,33.282,timestamp_domain.system_time,179943328.000,47.000,0,,,,,,,0,0,,,,,,,
2026-09-06T15:55:19.040,1282,1246,FAILED,FAILED,2578,1,1788677719002.771,33.397,timestamp_domain.system_time,179943375.000,47.000,0,,,,,,,0,0,,,,,,,
2026-09-06T15:55:19.084,1283,1247,FAILED,FAILED,2580,2,1788677719069.574,66.803,timestamp_domain.system_time,179943421.000,46.000,0,,,,,,,0,0,,,,,,,
2026-09-06T15:55:19.123,1284,1248,FAILED,FAILED,2581,1,1788677719102.966,33.392,timestamp_domain.system_time,179943468.000,47.000,0,,,,,,,0,0,,,,,,,
2026-09-06T15:55:19.175,1285,1249,FAILED,FAILED,2583,2,1788677719169.261,66.294,timestamp_domain.system_time,179943515.000,47.000,0,,,,,,,0,0,,,,,,,
2026-09-06T15:55:19.215,1286,1250,FAILED,FAILED,2584,1,1788677719202.628,33.367,timestamp_domain.system_time,179943562.000,47.000,0,,,,,,,0,0,,,,,,,
2026-09-06T15:55:19.269,1287,1251,FAILED,FAILED,2585,1,1788677719236.208,33.580,timestamp_domain.system_time,179943609.000,47.000,0,,,,,,,0,0,,,,,,,
2026-09-06T15:55:19.312,1288,1252,FAILED,FAILED,2587,2,1788677719303.046,66.838,timestamp_domain.system_time,179943656.000,47.000,0,,,,,,,0,0,,,,,,,
2026-09-06T15:55:19.358,1289,1253,FAILED,FAILED,2588,1,1788677719336.462,33.417,timestamp_domain.system_time,179943703.000,47.000,0,,,,,,,0,0,,,,,,,
2026-09-06T15:55:19.403,1290,1254,FAILED,FAILED,2590,2,1788677719403.198,66.735,timestamp_domain.system_time,179943750.000,47.000,0,,,,,,,0,0,,,,,,,
2026-09-06T15:55:19.449,1291,1255,FAILED,FAILED,2591,1,1788677719436.440,33.242,timestamp_domain.system_time,179943796.000,46.000,0,,,,,,,0,0,,,,,,,
2026-09-06T15:55:19.490,1292,1256,FAILED,FAILED,2592,1,1788677719469.842,33.402,timestamp_domain.system_time,179943828.000,32.000,0,,,,,,,0,0,,,,,,,
2026-09-06T15:55:19.541,1293,1257,FAILED,FAILED,2594,2,1788677719536.497,66.655,timestamp_domain.system_time,179943875.000,47.000,0,,,,,,,0,0,,,,,,,
2026-09-06T15:55:19.581,1294,1258,FAILED,FAILED,2595,1,1788677719570.007,33.511,timestamp_domain.system_time,179943921.000,46.000,0,,,,,,,0,0,,,,,,,
2026-09-06T15:55:19.713,1295,1259,FAILED,FAILED,2598,3,1788677719671.448,101.441,timestamp_domain.system_time,179944046.000,125.000,0,,,,,,,0,0,,,,,,,
2026-09-06T15:55:19.768,1296,1260,FAILED,FAILED,2600,2,1788677719736.556,65.108,timestamp_domain.system_time,179944109.000,63.000,0,,,,,,,0,0,,,,,,,
2026-09-06T15:55:19.815,1297,1261,FAILED,FAILED,2602,2,1788677719803.426,66.869,timestamp_domain.system_time,179944156.000,47.000,0,,,,,,,0,0,,,,,,,
2026-09-06T15:55:19.857,1298,1262,FAILED,FAILED,2603,1,1788677719836.818,33.393,timestamp_domain.system_time,179944203.000,47.000,0,,,,,,,0,0,,,,,,,
2026-09-06T15:55:19.911,1299,1263,FAILED,FAILED,2605,2,1788677719903.267,66.449,timestamp_domain.system_time,179944250.000,47.000,0,,,,,,,0,0,,,,,,,
2026-09-06T15:55:19.948,1300,1264,FAILED,FAILED,2606,1,1788677719936.797,33.530,timestamp_domain.system_time,179944281.000,31.000,0,,,,,,,0,0,,,,,,,
2026-09-06T15:55:20.003,1301,1265,FAILED,FAILED,2607,1,1788677719970.058,33.260,timestamp_domain.system_time,179944343.000,62.000,0,,,,,,,0,0,,,,,,,
2026-09-06T15:55:20.042,1302,1266,FAILED,FAILED,2609,2,1788677720037.110,67.052,timestamp_domain.system_time,179944375.000,32.000,0,,,,,,,0,0,,,,,,,
2026-09-06T15:55:20.089,1303,1267,FAILED,FAILED,2610,1,1788677720070.159,33.049,timestamp_domain.system_time,179944421.000,46.000,0,,,,,,,0,0,,,,,,,
2026-09-06T15:55:20.139,1304,1268,FAILED,FAILED,2611,1,1788677720103.594,33.434,timestamp_domain.system_time,179944484.000,63.000,0,,,,,,,0,0,,,,,,,
2026-09-06T15:55:20.180,1305,1269,FAILED,FAILED,2613,2,1788677720170.297,66.704,timestamp_domain.system_time,179944515.000,31.000,0,,,,,,,0,0,,,,,,,
2026-09-06T15:55:20.222,1306,1270,FAILED,FAILED,2614,1,1788677720203.306,33.009,timestamp_domain.system_time,179944562.000,47.000,0,,,,,,,0,0,,,,,,,
2026-09-06T15:55:20.273,1307,1271,FAILED,FAILED,2616,2,1788677720270.032,66.726,timestamp_domain.system_time,179944609.000,47.000,0,,,,,,,0,0,,,,,,,
2026-09-06T15:55:20.318,1308,1272,FAILED,FAILED,2617,1,1788677720303.607,33.575,timestamp_domain.system_time,179944656.000,47.000,0,,,,,,,0,0,,,,,,,
2026-09-06T15:55:20.374,1309,1273,FAILED,FAILED,2618,1,1788677720336.842,33.235,timestamp_domain.system_time,179944718.000,62.000,0,,,,,,,0,0,,,,,,,
2026-09-06T15:55:20.422,1310,1274,FAILED,FAILED,2620,2,1788677720403.865,67.023,timestamp_domain.system_time,179944750.000,32.000,0,,,,,,,0,0,,,,,,,
2026-09-06T15:55:20.466,1311,1275,FAILED,FAILED,2621,1,1788677720437.156,33.292,timestamp_domain.system_time,179944812.000,62.000,0,,,,,,,0,0,,,,,,,
2026-09-06T15:55:20.514,1312,1276,FAILED,FAILED,2623,2,1788677720503.921,66.764,timestamp_domain.system_time,179944843.000,31.000,0,,,,,,,0,0,,,,,,,
2026-09-06T15:55:20.558,1313,1277,FAILED,FAILED,2624,1,1788677720537.239,33.318,timestamp_domain.system_time,179944890.000,47.000,0,,,,,,,0,0,,,,,,,
2026-09-06T15:55:20.605,1314,1278,FAILED,FAILED,2625,1,1788677720570.655,33.417,timestamp_domain.system_time,179944921.000,31.000,0,,,,,,,0,0,,,,,,,
2026-09-06T15:55:20.718,1315,1279,FAILED,FAILED,2628,3,1788677720671.109,100.454,timestamp_domain.system_time,179945046.000,125.000,0,,,,,,,0,0,,,,,,,
2026-09-06T15:55:20.775,1316,1280,FAILED,FAILED,2630,2,1788677720737.291,66.182,timestamp_domain.system_time,179945109.000,63.000,0,,,,,,,0,0,,,,,,,
2026-09-06T15:55:20.819,1317,1281,FAILED,FAILED,2632,2,1788677720803.974,66.683,timestamp_domain.system_time,179945156.000,47.000,0,,,,,,,0,0,,,,,,,
2026-09-06T15:55:20.866,1318,1282,FAILED,FAILED,2633,1,1788677720837.251,33.277,timestamp_domain.system_time,179945203.000,47.000,0,,,,,,,0,0,,,,,,,
2026-09-06T15:55:20.911,1319,1283,FAILED,FAILED,2635,2,1788677720903.846,66.595,timestamp_domain.system_time,179945250.000,47.000,0,,,,,,,0,0,,,,,,,
2026-09-06T15:55:20.959,1320,1284,FAILED,FAILED,2636,1,1788677720937.436,33.590,timestamp_domain.system_time,179945296.000,46.000,0,,,,,,,0,0,,,,,,,
2026-09-06T15:55:21.009,1321,1285,FAILED,FAILED,2638,2,1788677721003.997,66.561,timestamp_domain.system_time,179945343.000,47.000,0,,,,,,,0,0,,,,,,,
2026-09-06T15:55:21.059,1322,1286,FAILED,FAILED,2639,1,1788677721037.417,33.419,timestamp_domain.system_time,179945390.000,47.000,0,,,,,,,0,0,,,,,,,
2026-09-06T15:55:21.115,1323,1287,FAILED,FAILED,2641,2,1788677721104.124,66.707,timestamp_domain.system_time,179945453.000,63.000,0,,,,,,,0,0,,,,,,,
2026-09-06T15:55:21.159,1324,1288,FAILED,FAILED,2642,1,1788677721137.271,33.147,timestamp_domain.system_time,179945500.000,47.000,0,,,,,,,0,0,,,,,,,
2026-09-06T15:55:21.208,1325,1289,FAILED,FAILED,2643,1,1788677721170.606,33.335,timestamp_domain.system_time,179945531.000,31.000,0,,,,,,,0,0,,,,,,,
2026-09-06T15:55:21.246,1326,1290,FAILED,FAILED,2645,2,1788677721237.640,67.034,timestamp_domain.system_time,179945593.000,62.000,0,,,,,,,0,0,,,,,,,
2026-09-06T15:55:21.298,1327,1291,FAILED,FAILED,2646,1,1788677721271.134,33.494,timestamp_domain.system_time,179945640.000,47.000,0,,,,,,,0,0,,,,,,,
2026-09-06T15:55:21.342,1328,1292,FAILED,FAILED,2647,1,1788677721304.271,33.137,timestamp_domain.system_time,179945671.000,31.000,0,,,,,,,0,0,,,,,,,
2026-09-06T15:55:21.382,1329,1293,FAILED,FAILED,2649,2,1788677721371.000,66.729,timestamp_domain.system_time,179945718.000,47.000,0,,,,,,,0,0,,,,,,,
2026-09-06T15:55:21.430,1330,1294,FAILED,FAILED,2650,1,1788677721404.419,33.419,timestamp_domain.system_time,179945765.000,47.000,0,,,,,,,0,0,,,,,,,
2026-09-06T15:55:21.478,1331,1295,FAILED,FAILED,2652,2,1788677721471.268,66.848,timestamp_domain.system_time,179945812.000,47.000,0,,,,,,,0,0,,,,,,,
2026-09-06T15:55:21.522,1332,1296,FAILED,FAILED,2653,1,1788677721504.404,33.136,timestamp_domain.system_time,179945859.000,47.000,0,,,,,,,0,0,,,,,,,
2026-09-06T15:55:21.563,1333,1297,FAILED,FAILED,2654,1,1788677721537.909,33.505,timestamp_domain.system_time,179945906.000,47.000,0,,,,,,,0,0,,,,,,,
2026-09-06T15:55:21.614,1334,1298,FAILED,FAILED,2656,2,1788677721604.771,66.862,timestamp_domain.system_time,179945953.000,47.000,0,,,,,,,0,0,,,,,,,
2026-09-06T15:55:21.744,1335,1299,FAILED,FAILED,2659,3,1788677721704.409,99.639,timestamp_domain.system_time,179946078.000,125.000,0,,,,,,,0,0,,,,,,,
2026-09-06T15:55:21.817,1336,1300,FAILED,FAILED,2662,3,1788677721804.856,100.447,timestamp_domain.system_time,179946156.000,78.000,0,,,,,,,0,0,,,,,,,
2026-09-06T15:55:21.865,1337,1301,FAILED,FAILED,2663,1,1788677721838.184,33.328,timestamp_domain.system_time,179946203.000,47.000,0,,,,,,,0,0,,,,,,,
2026-09-06T15:55:21.911,1338,1302,FAILED,FAILED,2665,2,1788677721904.962,66.778,timestamp_domain.system_time,179946250.000,47.000,0,,,,,,,0,0,,,,,,,
2026-09-06T15:55:21.957,1339,1303,FAILED,FAILED,2666,1,1788677721938.230,33.267,timestamp_domain.system_time,179946296.000,46.000,0,,,,,,,0,0,,,,,,,
2026-09-06T15:55:22.002,1340,1304,FAILED,FAILED,2667,1,1788677721971.456,33.226,timestamp_domain.system_time,179946343.000,47.000,0,,,,,,,0,0,,,,,,,
2026-09-06T15:55:22.048,1341,1305,FAILED,FAILED,2669,2,1788677722038.461,67.006,timestamp_domain.system_time,179946390.000,47.000,0,,,,,,,0,0,,,,,,,
2026-09-06T15:55:22.095,1342,1306,FAILED,FAILED,2670,1,1788677722071.512,33.051,timestamp_domain.system_time,179946437.000,47.000,0,,,,,,,0,0,,,,,,,
2026-09-06T15:55:22.143,1343,1307,FAILED,FAILED,2672,2,1788677722138.373,66.861,timestamp_domain.system_time,179946484.000,47.000,0,,,,,,,0,0,,,,,,,
2026-09-06T15:55:22.192,1344,1308,FAILED,FAILED,2673,1,1788677722171.568,33.195,timestamp_domain.system_time,179946531.000,47.000,0,,,,,,,0,0,,,,,,,
