t_iso,frame_i,raw_video_frame_index,fsm_state,align_sub,camera_frame_number,camera_frame_delta,camera_sensor_timestamp_ms,camera_sensor_interval_ms,camera_timestamp_domain,camera_input_host_mono_ms,camera_input_interval_ms,inference_ran,inference_start_host_mono_ms,inference_end_host_mono_ms,model_inference_ms,input_to_inference_end_ms,pose_result_host_mono_ms,input_to_pose_result_ms,model_det_ok,pnp_ok,pose_src,pose_n_used,pose_rms_px,yaw_deg,pos_x_m,pos_z_m,center_bearing_deg
2026-09-08T13:48:54.935,1,,PRECHECK,PRECHECK,1,,1788842934261.684,,timestamp_domain.system_time,88728031.000,,1,88728046.000,88728671.000,625.000,640.000,88728671.000,640.000,0,0,,,,,,,
2026-09-08T13:48:55.087,2,,SEARCH_SWEEP,SEARCH_SWEEP,24,23,1788842935028.925,767.241,timestamp_domain.system_time,88728796.000,765.000,1,88728796.000,88728796.000,0.000,0.000,88728812.000,16.000,1,1,pnp_visible_ransac,9,0.540,9.1858,0.710068,5.237520,7.7207
2026-09-08T13:48:55.195,3,,ACQUIRE_VERIFY,ACQUIRE_VERIFY,28,4,1788842935162.687,133.762,timestamp_domain.system_time,88728906.000,110.000,1,88728906.000,88728921.000,15.000,15.000,88728921.000,15.000,1,1,pnp_visible_ransac,9,0.553,9.0026,0.702787,5.185134,7.7188
2026-09-08T13:48:55.293,4,,ACQUIRE_VERIFY,ACQUIRE_VERIFY,31,3,1788842935262.831,100.144,timestamp_domain.system_time,88729000.000,94.000,1,88729000.000,88729031.000,31.000,31.000,88729031.000,31.000,1,1,pnp_visible_ransac,9,0.593,8.9732,0.700694,5.158449,7.7354
2026-09-08T13:48:55.436,5,,ACQUIRE_VERIFY,ACQUIRE_VERIFY,34,3,1788842935363.010,100.179,timestamp_domain.system_time,88729125.000,125.000,1,88729125.000,88729171.000,46.000,46.000,88729171.000,46.000,1,1,pnp_visible_ransac,9,0.530,9.3797,0.698187,5.163851,7.7001
2026-09-08T13:48:55.584,6,,ACQUIRE_VERIFY,ACQUIRE_VERIFY,39,5,1788842935529.669,166.658,timestamp_domain.system_time,88729281.000,156.000,1,88729296.000,88729312.000,16.000,31.000,88729312.000,31.000,1,1,pnp_visible_ransac,9,0.482,8.7625,0.696534,5.114236,7.7557
2026-09-08T13:48:55.686,7,,ACQUIRE_VERIFY,ACQUIRE_VERIFY,42,3,1788842935629.835,100.166,timestamp_domain.system_time,88729390.000,109.000,1,88729390.000,88729406.000,16.000,16.000,88729421.000,31.000,1,1,pnp_visible_ransac,9,0.508,8.8824,0.695980,5.116190,7.7467
2026-09-08T13:48:55.763,8,,ACQUIRE_VERIFY,ACQUIRE_VERIFY,45,3,1788842935729.888,100.053,timestamp_domain.system_time,88729484.000,94.000,1,88729484.000,88729500.000,16.000,16.000,88729500.000,16.000,1,1,pnp_visible_ransac,9,0.472,9.3074,0.694606,5.114169,7.7346
2026-09-08T13:48:55.841,9,,ACQUIRE_VERIFY,ACQUIRE_VERIFY,47,2,1788842935796.590,66.702,timestamp_domain.system_time,88729546.000,62.000,1,88729546.000,88729562.000,16.000,16.000,88729578.000,32.000,1,1,pnp_visible_ransac,9,0.452,9.0588,0.695154,5.105736,7.7532
2026-09-08T13:48:55.913,10,,ACQUIRE_VERIFY,ACQUIRE_VERIFY,48,1,1788842935829.920,33.329,timestamp_domain.system_time,88729625.000,79.000,1,88729625.000,88729640.000,15.000,15.000,88729640.000,15.000,1,1,pnp_visible_ransac,9,0.426,9.2316,0.694758,5.105258,7.7496
2026-09-08T13:48:55.981,11,,ACQUIRE_VERIFY,ACQUIRE_VERIFY,52,4,1788842935963.057,133.138,timestamp_domain.system_time,88729703.000,78.000,1,88729703.000,88729718.000,15.000,15.000,88729718.000,15.000,1,1,pnp_visible_ransac,9,0.493,9.0094,0.697698,5.098886,7.7916
2026-09-08T13:48:56.063,12,,ACQUIRE_VERIFY,ACQUIRE_VERIFY,54,2,1788842936030.103,67.045,timestamp_domain.system_time,88729781.000,78.000,1,88729781.000,88729796.000,15.000,15.000,88729796.000,15.000,1,1,pnp_visible_ransac,9,0.456,9.3430,0.694143,5.082408,7.7772
2026-09-08T13:48:56.144,13,,ACQUIRE_VERIFY,ACQUIRE_VERIFY,56,2,1788842936096.560,66.458,timestamp_domain.system_time,88729859.000,78.000,1,88729859.000,88729875.000,16.000,16.000,88729875.000,16.000,1,1,pnp_visible_ransac,9,0.521,8.8125,0.697359,5.080593,7.8155
2026-09-08T13:48:56.215,14,,ACQUIRE_VERIFY,ACQUIRE_VERIFY,58,2,1788842936163.263,66.702,timestamp_domain.system_time,88729937.000,78.000,1,88729937.000,88729953.000,16.000,16.000,88729953.000,16.000,1,1,pnp_visible_ransac,9,0.521,8.9289,0.697537,5.092216,7.7999
2026-09-08T13:48:56.291,15,,ACQUIRE_VERIFY,ACQUIRE_VERIFY,61,3,1788842936263.313,100.050,timestamp_domain.system_time,88730000.000,63.000,1,88730000.000,88730015.000,15.000,15.000,88730015.000,15.000,1,1,pnp_visible_ransac,9,0.478,8.8885,0.694327,5.064387,7.8066
2026-09-08T13:48:56.372,16,,ACQUIRE_VERIFY,ACQUIRE_VERIFY,63,2,1788842936330.158,66.845,timestamp_domain.system_time,88730078.000,78.000,1,88730078.000,88730093.000,15.000,15.000,88730109.000,31.000,1,1,pnp_visible_ransac,9,0.468,8.6965,0.697146,5.068765,7.8312
2026-09-08T13:48:56.451,17,,ACQUIRE_VERIFY,ACQUIRE_VERIFY,65,2,1788842936396.784,66.626,timestamp_domain.system_time,88730156.000,78.000,1,88730156.000,88730171.000,15.000,15.000,88730187.000,31.000,1,1,pnp_visible_ransac,9,0.495,8.7538,0.697477,5.091658,7.8001
2026-09-08T13:48:56.528,18,,ACQUIRE_VERIFY,ACQUIRE_VERIFY,68,3,1788842936496.957,100.173,timestamp_domain.system_time,88730234.000,78.000,1,88730234.000,88730265.000,31.000,31.000,88730265.000,31.000,1,1,pnp_visible_ransac,9,0.519,8.8940,0.696821,5.077668,7.8140
2026-09-08T13:48:56.612,19,,ACQUIRE_VERIFY,ACQUIRE_VERIFY,70,2,1788842936564.297,67.340,timestamp_domain.system_time,88730312.000,78.000,1,88730312.000,88730343.000,31.000,31.000,88730343.000,31.000,1,1,pnp_visible_ransac,9,0.478,8.8541,0.697676,5.083322,7.8149
2026-09-08T13:48:56.685,20,,ACQUIRE_VERIFY,ACQUIRE_VERIFY,73,3,1788842936663.589,99.292,timestamp_domain.system_time,88730406.000,94.000,1,88730406.000,88730421.000,15.000,15.000,88730421.000,15.000,1,1,pnp_visible_ransac,9,0.433,8.9544,0.694168,5.079622,7.7817
2026-09-08T13:48:56.762,21,,ACQUIRE_VERIFY,ACQUIRE_VERIFY,75,2,1788842936730.399,66.810,timestamp_domain.system_time,88730484.000,78.000,1,88730484.000,88730500.000,16.000,16.000,88730500.000,16.000,1,1,pnp_visible_ransac,9,0.473,9.0790,0.695043,5.089658,7.7762
2026-09-08T13:48:56.862,22,,ACQUIRE_VERIFY,ACQUIRE_VERIFY,78,3,1788842936830.336,99.937,timestamp_domain.system_time,88730578.000,94.000,1,88730578.000,88730578.000,0.000,0.000,88730593.000,15.000,1,1,pnp_visible_ransac,9,0.477,8.9201,0.694545,5.075211,7.7925
2026-09-08T13:48:56.986,23,,ACQUIRE_VERIFY,ACQUIRE_VERIFY,81,3,1788842936930.514,100.178,timestamp_domain.system_time,88730687.000,109.000,1,88730687.000,88730718.000,31.000,31.000,88730718.000,31.000,1,1,pnp_visible_ransac,9,0.416,9.0439,0.697240,5.102759,7.7807
2026-09-08T13:48:57.053,24,,ACQUIRE_VERIFY,ACQUIRE_VERIFY,84,3,1788842937030.620,100.106,timestamp_domain.system_time,88730765.000,78.000,1,88730765.000,88730781.000,16.000,16.000,88730781.000,16.000,1,1,pnp_visible_ransac,9,0.432,9.0098,0.697614,5.098322,7.7915
2026-09-08T13:48:57.119,25,,ACQUIRE_VERIFY,ACQUIRE_VERIFY,86,2,1788842937097.235,66.615,timestamp_domain.system_time,88730843.000,78.000,1,88730843.000,88730843.000,0.000,0.000,88730843.000,0.000,1,1,pnp_visible_ransac,9,0.442,8.8650,0.695882,5.095154,7.7772
2026-09-08T13:48:57.186,26,,ACQUIRE_VERIFY,ACQUIRE_VERIFY,88,2,1788842937164.148,66.913,timestamp_domain.system_time,88730906.000,63.000,1,88730906.000,88730921.000,15.000,15.000,88730921.000,15.000,1,1,pnp_visible_ransac,9,0.444,8.9432,0.694162,5.088333,7.7685
2026-09-08T13:48:57.253,27,,ACQUIRE_VERIFY,ACQUIRE_VERIFY,90,2,1788842937230.690,66.542,timestamp_domain.system_time,88730968.000,62.000,1,88730968.000,88730984.000,16.000,16.000,88730984.000,16.000,1,1,pnp_visible_ransac,9,0.426,8.8334,0.697684,5.098596,7.7919
2026-09-08T13:48:57.330,28,,ACQUIRE_VERIFY,ACQUIRE_VERIFY,92,2,1788842937297.402,66.712,timestamp_domain.system_time,88731031.000,63.000,1,88731031.000,88731062.000,31.000,31.000,88731062.000,31.000,1,1,pnp_visible_ransac,9,0.439,8.9258,0.696998,5.092936,7.7928
2026-09-08T13:48:57.397,29,,ACQUIRE_VERIFY,ACQUIRE_VERIFY,94,2,1788842937364.299,66.897,timestamp_domain.system_time,88731109.000,78.000,1,88731109.000,88731125.000,16.000,16.000,88731125.000,16.000,1,1,pnp_visible_ransac,9,0.455,8.9613,0.695707,5.088621,7.7851
2026-09-08T13:48:57.468,30,,ACQUIRE_VERIFY,ACQUIRE_VERIFY,96,2,1788842937430.991,66.692,timestamp_domain.system_time,88731171.000,62.000,1,88731171.000,88731203.000,32.000,32.000,88731203.000,32.000,1,1,pnp_visible_ransac,9,0.415,8.8429,0.696453,5.085743,7.7977
2026-09-08T13:48:57.541,31,,ACQUIRE_VERIFY,ACQUIRE_VERIFY,98,2,1788842937497.767,66.776,timestamp_domain.system_time,88731250.000,79.000,1,88731250.000,88731265.000,15.000,15.000,88731265.000,15.000,1,1,pnp_visible_ransac,9,0.460,9.1628,0.693650,5.085526,7.7670
2026-09-08T13:48:57.608,32,,ACQUIRE_VERIFY,ACQUIRE_VERIFY,100,2,1788842937564.342,66.575,timestamp_domain.system_time,88731328.000,78.000,1,88731328.000,88731343.000,15.000,15.000,88731343.000,15.000,1,1,pnp_visible_ransac,9,0.453,9.1205,0.696095,5.102328,7.7687
2026-09-08T13:48:57.674,33,,ACQUIRE_VERIFY,ACQUIRE_VERIFY,102,2,1788842937631.164,66.822,timestamp_domain.system_time,88731390.000,62.000,1,88731390.000,88731406.000,16.000,16.000,88731406.000,16.000,1,1,pnp_visible_ransac,9,0.455,9.1664,0.694049,5.083861,7.7740
2026-09-08T13:48:57.741,34,,ACQUIRE_VERIFY,ACQUIRE_VERIFY,104,2,1788842937697.893,66.729,timestamp_domain.system_time,88731453.000,63.000,1,88731453.000,88731468.000,15.000,15.000,88731468.000,15.000,1,1,pnp_visible_ransac,9,0.448,8.9638,0.696827,5.096716,7.7853
2026-09-08T13:48:57.840,35,,FACE_ROTATE,FACE_ROTATE,107,3,1788842937797.901,100.008,timestamp_domain.system_time,88731546.000,93.000,1,88731546.000,88731562.000,16.000,16.000,88731578.000,32.000,1,1,pnp_visible_ransac,9,0.445,9.0055,0.697164,5.099603,7.7846
2026-09-08T13:48:57.977,36,0,FACE_ROTATE,FACE_ROTATE,108,1,1788842937831.625,33.723,timestamp_domain.system_time,88731656.000,110.000,1,88731671.000,88731703.000,32.000,47.000,88731703.000,47.000,1,1,pnp_visible_ransac,9,0.395,8.9610,0.696557,5.096971,7.7819
2026-09-08T13:48:58.145,37,1,FACE_ROTATE,FACE_ROTATE,116,8,1788842938098.002,266.377,timestamp_domain.system_time,88731843.000,187.000,1,88731843.000,88731859.000,16.000,16.000,88731875.000,32.000,1,1,pnp_visible_ransac,9,0.506,8.8904,0.698321,5.097483,7.8006
2026-09-08T13:48:58.271,38,2,FACE_ROTATE,FACE_ROTATE,120,4,1788842938231.601,133.600,timestamp_domain.system_time,88731984.000,141.000,1,88731984.000,88732000.000,16.000,16.000,88732000.000,16.000,1,1,pnp_visible_ransac,9,0.394,8.9497,0.711991,5.131221,7.8997
2026-09-08T13:48:58.362,39,3,FACE_ROTATE,FACE_ROTATE,123,3,1788842938331.508,99.907,timestamp_domain.system_time,88732078.000,94.000,1,88732078.000,88732093.000,15.000,15.000,88732093.000,15.000,1,1,pnp_visible_ransac,9,0.447,8.9934,0.707019,5.120702,7.8612
2026-09-08T13:48:58.451,40,4,FACE_ROTATE,FACE_ROTATE,125,2,1788842938397.968,66.459,timestamp_domain.system_time,88732156.000,78.000,1,88732156.000,88732187.000,31.000,31.000,88732187.000,31.000,1,1,pnp_visible_ransac,9,0.385,8.9723,0.709624,5.125655,7.8822
2026-09-08T13:48:58.557,41,5,FACE_ROTATE,FACE_ROTATE,128,3,1788842938498.086,100.118,timestamp_domain.system_time,88732265.000,109.000,1,88732265.000,88732281.000,16.000,16.000,88732281.000,16.000,1,1,pnp_visible_ransac,9,0.411,9.1563,0.708310,5.112424,7.8879
2026-09-08T13:48:58.660,42,6,FACE_ROTATE,FACE_ROTATE,132,4,1788842938631.427,133.342,timestamp_domain.system_time,88732375.000,110.000,1,88732375.000,88732390.000,15.000,15.000,88732390.000,15.000,1,1,pnp_visible_ransac,9,0.410,9.1249,0.706399,5.118177,7.8582
2026-09-08T13:48:58.768,43,7,FACE_ROTATE,FACE_ROTATE,135,3,1788842938731.545,100.118,timestamp_domain.system_time,88732468.000,93.000,1,88732468.000,88732484.000,16.000,16.000,88732500.000,32.000,1,1,pnp_visible_ransac,9,0.449,8.8778,0.703549,5.114524,7.8324
2026-09-08T13:48:58.880,44,8,FACE_ROTATE,FACE_ROTATE,138,3,1788842938832.207,100.661,timestamp_domain.system_time,88732578.000,110.000,1,88732593.000,88732609.000,16.000,31.000,88732609.000,31.000,1,1,pnp_visible_ransac,9,0.413,8.8722,0.697504,5.102376,7.7842
2026-09-08T13:48:59.036,45,9,FACE_ROTATE,FACE_ROTATE,142,4,1788842938964.884,132.677,timestamp_domain.system_time,88732734.000,156.000,1,88732734.000,88732765.000,31.000,31.000,88732765.000,31.000,1,1,pnp_visible_ransac,9,0.491,9.4224,0.684455,5.141509,7.5828
2026-09-08T13:48:59.115,46,10,FACE_ROTATE,FACE_ROTATE,145,3,1788842939065.045,100.161,timestamp_domain.system_time,88732828.000,94.000,1,88732828.000,88732843.000,15.000,15.000,88732843.000,15.000,1,1,pnp_visible_ransac,9,0.482,9.8148,0.674591,5.174061,7.4283
2026-09-08T13:48:59.205,47,11,FACE_ROTATE,FACE_ROTATE,148,3,1788842939165.134,100.089,timestamp_domain.system_time,88732906.000,78.000,1,88732921.000,88732921.000,0.000,15.000,88732937.000,31.000,1,1,pnp_visible_ransac,9,0.452,9.7048,0.656865,5.135743,7.2886
2026-09-08T13:48:59.326,48,12,FACE_ROTATE,FACE_ROTATE,151,3,1788842939265.125,99.990,timestamp_domain.system_time,88733015.000,109.000,1,88733031.000,88733046.000,15.000,31.000,88733062.000,47.000,1,1,pnp_visible_ransac,9,0.520,8.8947,0.630248,5.187257,6.9274
2026-09-08T13:48:59.429,49,13,FACE_ROTATE,FACE_ROTATE,155,4,1788842939398.906,133.782,timestamp_domain.system_time,88733140.000,125.000,1,88733140.000,88733156.000,16.000,16.000,88733156.000,16.000,1,1,pnp_visible_ransac,9,0.449,7.5321,0.551491,5.150933,6.1112
2026-09-08T13:48:59.516,50,14,FACE_ROTATE,FACE_ROTATE,157,2,1788842939465.381,66.474,timestamp_domain.system_time,88733234.000,94.000,1,88733234.000,88733250.000,16.000,16.000,88733250.000,16.000,1,1,pnp_visible_ransac,9,0.440,7.6152,0.492295,5.171886,5.4374
2026-09-08T13:48:59.606,51,15,FACE_ROTATE,FACE_ROTATE,160,3,1788842939565.622,100.241,timestamp_domain.system_time,88733312.000,78.000,1,88733328.000,88733328.000,0.000,16.000,88733343.000,31.000,1,1,pnp_visible_ransac,9,0.450,5.9590,0.390639,5.134727,4.3506
2026-09-08T13:48:59.691,52,16,FACE_SETTLE,FACE_SETTLE,163,3,1788842939665.540,99.918,timestamp_domain.system_time,88733406.000,94.000,1,88733406.000,88733421.000,15.000,15.000,88733421.000,15.000,1,1,pnp_visible_ransac,9,0.541,5.5460,0.236276,5.180758,2.6113
2026-09-08T13:48:59.771,53,17,FACE_SETTLE,FACE_SETTLE,165,2,1788842939732.287,66.747,timestamp_domain.system_time,88733484.000,78.000,1,88733500.000,88733500.000,0.000,16.000,88733500.000,16.000,1,1,pnp_visible_ransac,9,0.529,3.4433,0.117504,5.174361,1.3009
2026-09-08T13:48:59.853,54,18,FACE_SETTLE,FACE_SETTLE,168,3,1788842939832.633,100.345,timestamp_domain.system_time,88733562.000,78.000,1,88733562.000,88733578.000,16.000,16.000,88733578.000,16.000,1,1,pnp_visible_ransac,9,0.397,2.3615,-0.022045,5.158605,-0.2449
2026-09-08T13:48:59.940,55,19,FACE_SETTLE,FACE_SETTLE,168,0,1788842939832.633,0.000,timestamp_domain.system_time,88733640.000,78.000,1,88733656.000,88733671.000,15.000,31.000,88733671.000,31.000,1,1,pnp_visible_ransac,9,0.397,2.3615,-0.022045,5.158605,-0.2449
2026-09-08T13:49:00.025,56,20,FACE_SETTLE,FACE_SETTLE,172,4,1788842939965.637,133.004,timestamp_domain.system_time,88733734.000,94.000,1,88733734.000,88733750.000,16.000,16.000,88733750.000,16.000,1,1,pnp_visible_ransac,9,0.586,1.7249,-0.065197,5.143779,-0.7262
2026-09-08T13:49:00.107,57,21,FACE_SETTLE,FACE_SETTLE,175,3,1788842940065.797,100.160,timestamp_domain.system_time,88733828.000,94.000,1,88733828.000,88733843.000,15.000,15.000,88733843.000,15.000,1,1,pnp_visible_ransac,9,0.361,1.4604,0.010541,5.098887,0.1184
2026-09-08T13:49:00.199,58,22,FACE_SETTLE,FACE_SETTLE,178,3,1788842940165.939,100.141,timestamp_domain.system_time,88733906.000,78.000,1,88733906.000,88733937.000,31.000,31.000,88733937.000,31.000,1,1,pnp_visible_ransac,9,0.614,2.9788,0.053359,5.130673,0.5959
2026-09-08T13:49:00.290,59,23,FACE_SETTLE,FACE_SETTLE,180,2,1788842940232.530,66.591,timestamp_domain.system_time,88734000.000,94.000,1,88734000.000,88734015.000,15.000,15.000,88734015.000,15.000,1,1,pnp_visible_ransac,9,0.548,2.4027,0.073416,5.147040,0.8172
2026-09-08T13:49:00.379,60,24,FACE_SETTLE,FACE_SETTLE,183,3,1788842940332.803,100.274,timestamp_domain.system_time,88734093.000,93.000,1,88734093.000,88734109.000,16.000,16.000,88734109.000,16.000,1,1,pnp_visible_ransac,9,0.516,0.9408,0.027706,5.055014,0.3140
2026-09-08T13:49:00.479,61,25,FACE_SETTLE,FACE_SETTLE,186,3,1788842940432.569,99.766,timestamp_domain.system_time,88734187.000,94.000,1,88734187.000,88734203.000,16.000,16.000,88734203.000,16.000,1,1,pnp_visible_ransac,9,0.480,0.5321,0.015342,5.079298,0.1731
2026-09-08T13:49:00.591,62,26,FACE_SETTLE,FACE_SETTLE,190,4,1788842940566.499,133.930,timestamp_domain.system_time,88734296.000,109.000,1,88734296.000,88734328.000,32.000,32.000,88734328.000,32.000,1,1,pnp_visible_ransac,9,0.548,0.7265,0.028352,5.042778,0.3221
2026-09-08T13:49:00.694,63,27,FACE_SETTLE,FACE_SETTLE,193,3,1788842940666.053,99.553,timestamp_domain.system_time,88734406.000,110.000,1,88734406.000,88734421.000,15.000,15.000,88734421.000,15.000,1,1,pnp_visible_ransac,9,0.467,0.6567,0.022396,5.051669,0.2540
2026-09-08T13:49:00.804,64,28,FACE_SETTLE,FACE_SETTLE,196,3,1788842940766.375,100.322,timestamp_domain.system_time,88734515.000,109.000,1,88734515.000,88734531.000,16.000,16.000,88734531.000,16.000,1,1,pnp_visible_ransac,9,0.468,0.5410,0.023828,5.048860,0.2704
2026-09-08T13:49:00.909,65,29,FACE_SETTLE,FACE_SETTLE,198,2,1788842940833.102,66.728,timestamp_domain.system_time,88734625.000,110.000,1,88734625.000,88734640.000,15.000,15.000,88734640.000,15.000,1,1,pnp_visible_ransac,9,0.433,0.4792,0.026003,5.032755,0.2960
2026-09-08T13:49:01.021,66,30,FACE_SETTLE,FACE_SETTLE,199,1,1788842940866.532,33.430,timestamp_domain.system_time,88734734.000,109.000,1,88734750.000,88734750.000,0.000,16.000,88734750.000,16.000,1,1,pnp_visible_ransac,9,0.502,0.6818,0.024460,5.045506,0.2778
2026-09-08T13:49:01.112,67,31,FACE_SETTLE,FACE_SETTLE,205,6,1788842941066.462,199.930,timestamp_domain.system_time,88734812.000,78.000,1,88734828.000,88734843.000,15.000,31.000,88734843.000,31.000,1,1,pnp_visible_ransac,9,0.473,0.6675,0.023332,5.058784,0.2643
2026-09-08T13:49:01.186,68,32,FACE_SETTLE,FACE_SETTLE,207,2,1788842941133.260,66.799,timestamp_domain.system_time,88734890.000,78.000,1,88734890.000,88734921.000,31.000,31.000,88734921.000,31.000,1,1,pnp_visible_ransac,9,0.505,0.7540,0.023091,5.044554,0.2623
2026-09-08T13:49:01.262,69,33,FACE_SETTLE,FACE_SETTLE,210,3,1788842941233.170,99.909,timestamp_domain.system_time,88734968.000,78.000,1,88734968.000,88735000.000,32.000,32.000,88735000.000,32.000,1,1,pnp_visible_ransac,9,0.488,0.6733,0.023828,5.037524,0.2710
2026-09-08T13:49:01.342,70,34,FACE_SETTLE,FACE_SETTLE,212,2,1788842941300.049,66.879,timestamp_domain.system_time,88735046.000,78.000,1,88735062.000,88735078.000,16.000,32.000,88735078.000,32.000,1,1,pnp_visible_ransac,9,0.446,0.6012,0.025138,5.028519,0.2864
2026-09-08T13:49:01.422,71,35,FACE_SETTLE,FACE_SETTLE,215,3,1788842941400.169,100.120,timestamp_domain.system_time,88735140.000,94.000,1,88735140.000,88735156.000,16.000,16.000,88735156.000,16.000,1,1,pnp_visible_ransac,9,0.476,0.6263,0.023602,5.035072,0.2686
2026-09-08T13:49:01.500,72,36,FACE_SETTLE,FACE_SETTLE,217,2,1788842941466.936,66.767,timestamp_domain.system_time,88735203.000,63.000,1,88735218.000,88735234.000,16.000,31.000,88735234.000,31.000,1,1,pnp_visible_ransac,9,0.443,0.9148,0.021669,5.067132,0.2450
2026-09-08T13:49:01.586,73,37,FACE_SETTLE,FACE_SETTLE,219,2,1788842941533.480,66.544,timestamp_domain.system_time,88735296.000,93.000,1,88735296.000,88735312.000,16.000,16.000,88735312.000,16.000,1,1,pnp_visible_ransac,9,0.487,0.4963,0.023866,5.037941,0.2714
2026-09-08T13:49:01.676,74,38,FACE_SETTLE,FACE_SETTLE,222,3,1788842941633.639,100.159,timestamp_domain.system_time,88735390.000,94.000,1,88735390.000,88735390.000,0.000,0.000,88735406.000,16.000,1,1,pnp_visible_ransac,9,0.487,0.6303,0.023892,5.034707,0.2719
2026-09-08T13:49:01.776,75,39,FACE_SETTLE,FACE_SETTLE,225,3,1788842941733.605,99.966,timestamp_domain.system_time,88735484.000,94.000,1,88735484.000,88735500.000,16.000,16.000,88735500.000,16.000,1,1,pnp_visible_ransac,9,0.486,0.8772,0.022295,5.054418,0.2527
2026-09-08T13:49:01.877,76,40,FACE_SETTLE,FACE_SETTLE,228,3,1788842941833.483,99.878,timestamp_domain.system_time,88735578.000,94.000,1,88735578.000,88735593.000,15.000,15.000,88735609.000,31.000,1,1,pnp_visible_ransac,9,0.527,0.7111,0.023185,5.047428,0.2632
2026-09-08T13:49:01.961,77,41,FACE_SETTLE,FACE_SETTLE,229,1,1788842941867.166,33.683,timestamp_domain.system_time,88735671.000,93.000,1,88735671.000,88735687.000,16.000,16.000,88735687.000,16.000,1,1,pnp_visible_ransac,9,0.503,0.7162,0.023766,5.040726,0.2701
2026-09-08T13:49:02.034,78,42,FACE_SETTLE,FACE_SETTLE,233,4,1788842942000.479,133.313,timestamp_domain.system_time,88735750.000,79.000,1,88735750.000,88735765.000,15.000,15.000,88735765.000,15.000,1,1,pnp_visible_ransac,9,0.445,0.7172,0.023754,5.040102,0.2700
2026-09-08T13:49:02.131,79,43,FACE_SETTLE,FACE_SETTLE,236,3,1788842942100.528,100.049,timestamp_domain.system_time,88735828.000,78.000,1,88735843.000,88735859.000,16.000,31.000,88735859.000,31.000,1,1,pnp_visible_ransac,9,0.477,0.7903,0.022431,5.048757,0.2546
2026-09-08T13:49:02.211,80,44,FACE_SETTLE,FACE_SETTLE,238,2,1788842942167.276,66.749,timestamp_domain.system_time,88735921.000,93.000,1,88735937.000,88735937.000,0.000,16.000,88735937.000,16.000,1,1,pnp_visible_ransac,9,0.505,0.7540,0.023091,5.044554,0.2623
2026-09-08T13:49:02.302,81,45,FACE_SETTLE,FACE_SETTLE,241,3,1788842942267.392,100.115,timestamp_domain.system_time,88736015.000,94.000,1,88736015.000,88736031.000,16.000,16.000,88736031.000,16.000,1,1,pnp_visible_ransac,9,0.461,0.6137,0.022461,5.048835,0.2549
2026-09-08T13:49:02.379,82,46,FACE_SETTLE,FACE_SETTLE,243,2,1788842942334.118,66.727,timestamp_domain.system_time,88736093.000,78.000,1,88736093.000,88736109.000,16.000,16.000,88736109.000,16.000,1,1,pnp_visible_ransac,9,0.479,0.5075,0.024793,5.044646,0.2816
2026-09-08T13:49:02.462,83,47,FACE_SETTLE,FACE_SETTLE,246,3,1788842942434.193,100.074,timestamp_domain.system_time,88736171.000,78.000,1,88736171.000,88736187.000,16.000,16.000,88736187.000,16.000,1,1,pnp_visible_ransac,9,0.476,0.6263,0.023602,5.035072,0.2686
2026-09-08T13:49:02.535,84,48,FACE_SETTLE,FACE_SETTLE,248,2,1788842942500.792,66.600,timestamp_domain.system_time,88736250.000,79.000,1,88736250.000,88736265.000,15.000,15.000,88736265.000,15.000,1,1,pnp_visible_ransac,9,0.485,0.1858,0.027406,5.016842,0.3130
2026-09-08T13:49:02.622,85,49,STANDOFF_VERIFY,STANDOFF_VERIFY,250,2,1788842942567.515,66.722,timestamp_domain.system_time,88736328.000,78.000,1,88736328.000,88736359.000,31.000,31.000,88736359.000,31.000,1,1,pnp_visible_ransac,9,0.477,0.7903,0.022431,5.048757,0.2546
2026-09-08T13:49:02.708,86,50,STANDOFF_MOVE,STANDOFF_MOVE,253,3,1788842942667.726,100.212,timestamp_domain.system_time,88736421.000,93.000,1,88736421.000,88736437.000,16.000,16.000,88736437.000,16.000,1,1,pnp_visible_ransac,9,0.497,0.5574,0.025214,5.026325,0.2874
2026-09-08T13:49:02.785,87,51,STANDOFF_MOVE,STANDOFF_MOVE,256,3,1788842942767.807,100.081,timestamp_domain.system_time,88736500.000,79.000,1,88736500.000,88736515.000,15.000,15.000,88736515.000,15.000,1,1,pnp_visible_ransac,9,0.507,0.4340,0.026123,5.036589,0.2972
2026-09-08T13:49:02.873,88,52,STANDOFF_MOVE,STANDOFF_MOVE,258,2,1788842942834.503,66.695,timestamp_domain.system_time,88736578.000,78.000,1,88736578.000,88736609.000,31.000,31.000,88736609.000,31.000,1,1,pnp_visible_ransac,9,0.510,0.5567,0.025221,5.026694,0.2875
2026-09-08T13:49:02.973,89,53,STANDOFF_MOVE,STANDOFF_MOVE,259,1,1788842942868.429,33.927,timestamp_domain.system_time,88736687.000,109.000,1,88736687.000,88736703.000,16.000,16.000,88736703.000,16.000,1,1,pnp_visible_ransac,9,0.515,0.4844,0.026583,5.026709,0.3030
2026-09-08T13:49:03.110,90,54,STANDOFF_MOVE,STANDOFF_MOVE,265,6,1788842943067.925,199.496,timestamp_domain.system_time,88736812.000,125.000,1,88736812.000,88736843.000,31.000,31.000,88736843.000,31.000,1,1,pnp_visible_ransac,9,0.500,0.6309,0.027801,5.021101,0.3172
2026-09-08T13:49:03.211,91,55,STANDOFF_MOVE,STANDOFF_MOVE,268,3,1788842943168.180,100.254,timestamp_domain.system_time,88736921.000,109.000,1,88736921.000,88736937.000,16.000,16.000,88736937.000,16.000,1,1,pnp_visible_ransac,9,0.511,0.5881,0.027914,5.026715,0.3182
2026-09-08T13:49:03.302,92,56,STANDOFF_MOVE,STANDOFF_MOVE,271,3,1788842943268.197,100.017,timestamp_domain.system_time,88737015.000,94.000,1,88737015.000,88737031.000,16.000,16.000,88737031.000,16.000,1,1,pnp_visible_ransac,9,0.521,0.7106,0.027076,5.027748,0.3085
2026-09-08T13:49:03.392,93,57,STANDOFF_MOVE,STANDOFF_MOVE,274,3,1788842943368.127,99.930,timestamp_domain.system_time,88737109.000,94.000,1,88737109.000,88737125.000,16.000,16.000,88737125.000,16.000,1,1,pnp_visible_ransac,9,0.568,0.5022,0.028112,5.032998,0.3200
2026-09-08T13:49:03.481,94,58,STANDOFF_MOVE,STANDOFF_MOVE,276,2,1788842943434.936,66.809,timestamp_domain.system_time,88737187.000,78.000,1,88737187.000,88737218.000,31.000,31.000,88737218.000,31.000,1,1,pnp_visible_ransac,9,0.476,0.3770,0.028541,5.013937,0.3261
2026-09-08T13:49:03.571,95,59,STANDOFF_MOVE,STANDOFF_MOVE,279,3,1788842943535.153,100.217,timestamp_domain.system_time,88737281.000,94.000,1,88737281.000,88737296.000,15.000,15.000,88737296.000,15.000,1,1,pnp_visible_ransac,9,0.462,0.4989,0.027637,5.003327,0.3165
2026-09-08T13:49:03.654,96,60,STANDOFF_MOVE,STANDOFF_MOVE,281,2,1788842943601.742,66.590,timestamp_domain.system_time,88737359.000,78.000,1,88737375.000,88737390.000,15.000,31.000,88737390.000,31.000,1,1,pnp_visible_ransac,9,0.530,0.0548,0.030886,4.998639,0.3540
2026-09-08T13:49:03.741,97,61,STANDOFF_MOVE,STANDOFF_MOVE,284,3,1788842943701.766,100.024,timestamp_domain.system_time,88737453.000,94.000,1,88737453.000,88737468.000,15.000,15.000,88737468.000,15.000,1,1,pnp_visible_ransac,9,0.515,0.0304,0.028739,4.986181,0.3302
2026-09-08T13:49:03.828,98,62,STANDOFF_MOVE,STANDOFF_MOVE,287,3,1788842943801.919,100.153,timestamp_domain.system_time,88737531.000,78.000,1,88737531.000,88737562.000,31.000,31.000,88737562.000,31.000,1,1,pnp_visible_ransac,9,0.545,0.4252,0.025081,5.012237,0.2867
2026-09-08T13:49:03.905,99,63,STANDOFF_MOVE,STANDOFF_MOVE,289,2,1788842943868.769,66.850,timestamp_domain.system_time,88737625.000,94.000,1,88737625.000,88737640.000,15.000,15.000,88737640.000,15.000,1,1,pnp_visible_ransac,9,0.537,0.4816,0.026135,5.000895,0.2994
2026-09-08T13:49:03.982,100,64,STANDOFF_MOVE,STANDOFF_MOVE,289,0,1788842943868.769,0.000,timestamp_domain.system_time,88737687.000,62.000,1,88737703.000,88737718.000,15.000,31.000,88737718.000,31.000,1,1,pnp_visible_ransac,9,0.537,0.4816,0.026135,5.000895,0.2994
2026-09-08T13:49:04.072,101,65,STANDOFF_MOVE,STANDOFF_MOVE,294,5,1788842944035.287,166.518,timestamp_domain.system_time,88737781.000,94.000,1,88737781.000,88737796.000,15.000,15.000,88737796.000,15.000,1,1,pnp_visible_ransac,9,0.467,1.4110,0.026448,5.044020,0.3004
2026-09-08T13:49:04.183,102,66,STANDOFF_MOVE,STANDOFF_MOVE,297,3,1788842944135.238,99.951,timestamp_domain.system_time,88737890.000,109.000,1,88737890.000,88737921.000,31.000,31.000,88737921.000,31.000,1,1,pnp_visible_ransac,9,0.495,0.7790,0.025254,4.999583,0.2894
2026-09-08T13:49:04.302,103,67,STANDOFF_MOVE,STANDOFF_MOVE,301,4,1788842944268.924,133.686,timestamp_domain.system_time,88738015.000,125.000,1,88738015.000,88738031.000,16.000,16.000,88738031.000,16.000,1,1,pnp_visible_ransac,9,0.530,0.7209,0.013063,4.953961,0.1511
2026-09-08T13:49:04.392,104,68,STANDOFF_MOVE,STANDOFF_MOVE,303,2,1788842944335.660,66.736,timestamp_domain.system_time,88738109.000,94.000,1,88738109.000,88738125.000,16.000,16.000,88738125.000,16.000,1,1,pnp_visible_ransac,9,0.464,0.3373,0.017338,4.935195,0.2013
2026-09-08T13:49:04.470,105,69,STANDOFF_MOVE,STANDOFF_MOVE,306,3,1788842944435.641,99.981,timestamp_domain.system_time,88738187.000,78.000,1,88738187.000,88738203.000,16.000,16.000,88738203.000,16.000,1,1,pnp_visible_ransac,9,0.480,0.8597,0.024776,4.940220,0.2873
2026-09-08T13:49:04.549,106,70,STANDOFF_MOVE,STANDOFF_MOVE,309,3,1788842944535.785,100.144,timestamp_domain.system_time,88738265.000,78.000,1,88738265.000,88738281.000,16.000,16.000,88738281.000,16.000,1,1,pnp_visible_ransac,9,0.511,0.4439,0.019094,4.898383,0.2233
2026-09-08T13:49:04.640,107,71,STANDOFF_MOVE,STANDOFF_MOVE,311,2,1788842944602.479,66.693,timestamp_domain.system_time,88738343.000,78.000,1,88738343.000,88738375.000,32.000,32.000,88738375.000,32.000,1,1,pnp_visible_ransac,9,0.543,1.1051,0.001756,4.926580,0.0204
2026-09-08T13:49:04.721,108,72,STANDOFF_MOVE,STANDOFF_MOVE,313,2,1788842944668.966,66.488,timestamp_domain.system_time,88738437.000,94.000,1,88738437.000,88738453.000,16.000,16.000,88738453.000,16.000,1,1,pnp_visible_ransac,9,0.488,1.4175,-0.001250,4.925438,-0.0145
2026-09-08T13:49:04.805,109,73,STANDOFF_MOVE,STANDOFF_MOVE,316,3,1788842944769.072,100.106,timestamp_domain.system_time,88738515.000,78.000,1,88738515.000,88738531.000,16.000,16.000,88738531.000,16.000,1,1,pnp_visible_ransac,9,0.414,1.5202,0.008033,4.883745,0.0942
2026-09-08T13:49:04.889,110,74,STANDOFF_MOVE,STANDOFF_MOVE,319,3,1788842944869.274,100.202,timestamp_domain.system_time,88738609.000,94.000,1,88738609.000,88738625.000,16.000,16.000,88738625.000,16.000,1,1,pnp_visible_ransac,9,0.552,1.6922,-0.006556,4.898356,-0.0767
2026-09-08T13:49:04.979,111,75,STANDOFF_MOVE,STANDOFF_MOVE,319,0,1788842944869.274,0.000,timestamp_domain.system_time,88738687.000,78.000,1,88738703.000,88738703.000,0.000,16.000,88738703.000,16.000,1,1,pnp_visible_ransac,9,0.552,1.6922,-0.006556,4.898356,-0.0767
2026-09-08T13:49:05.066,112,76,STANDOFF_MOVE,STANDOFF_MOVE,324,5,1788842945035.939,166.665,timestamp_domain.system_time,88738781.000,94.000,1,88738781.000,88738796.000,15.000,15.000,88738796.000,15.000,1,1,pnp_visible_ransac,9,0.471,1.7152,-0.004237,4.870756,-0.0498
2026-09-08T13:49:05.157,113,77,STANDOFF_MOVE,STANDOFF_MOVE,326,2,1788842945102.798,66.859,timestamp_domain.system_time,88738859.000,78.000,1,88738859.000,88738890.000,31.000,31.000,88738890.000,31.000,1,1,pnp_visible_ransac,9,0.520,2.0289,-0.006915,4.877626,-0.0812
2026-09-08T13:49:05.259,114,78,STANDOFF_MOVE,STANDOFF_MOVE,329,3,1788842945202.735,99.937,timestamp_domain.system_time,88738968.000,109.000,1,88738968.000,88738984.000,16.000,16.000,88738984.000,16.000,1,1,pnp_visible_ransac,9,0.616,1.5502,0.003502,4.695065,0.0427
2026-09-08T13:49:05.385,115,79,STANDOFF_MOVE,STANDOFF_MOVE,333,4,1788842945336.361,133.626,timestamp_domain.system_time,88739078.000,110.000,1,88739093.000,88739109.000,16.000,31.000,88739109.000,31.000,1,1,pnp_visible_ransac,9,0.497,1.8506,-0.005669,4.814549,-0.0675
2026-09-08T13:49:05.497,116,80,STANDOFF_MOVE,STANDOFF_MOVE,337,4,1788842945469.737,133.376,timestamp_domain.system_time,88739203.000,125.000,1,88739203.000,88739234.000,31.000,31.000,88739234.000,31.000,1,1,pnp_visible_ransac,9,0.512,2.4176,-0.010776,4.693398,-0.1316
2026-09-08T13:49:05.585,117,81,STANDOFF_MOVE,STANDOFF_MOVE,339,2,1788842945536.242,66.506,timestamp_domain.system_time,88739296.000,93.000,1,88739296.000,88739312.000,16.000,16.000,88739312.000,16.000,1,1,pnp_visible_ransac,9,0.543,2.2124,-0.006665,4.676975,-0.0816
2026-09-08T13:49:05.672,118,82,STANDOFF_MOVE,STANDOFF_MOVE,342,3,1788842945636.402,100.160,timestamp_domain.system_time,88739390.000,94.000,1,88739390.000,88739406.000,16.000,16.000,88739406.000,16.000,1,1,pnp_visible_ransac,9,0.614,1.7171,-0.004264,4.603556,-0.0531
2026-09-08T13:49:05.752,119,83,STANDOFF_MOVE,STANDOFF_MOVE,344,2,1788842945703.188,66.786,timestamp_domain.system_time,88739453.000,63.000,1,88739468.000,88739484.000,16.000,31.000,88739484.000,31.000,1,1,pnp_visible_ransac,9,0.566,2.0461,-0.011392,4.618517,-0.1413
2026-09-08T13:49:05.829,120,84,STANDOFF_MOVE,STANDOFF_MOVE,347,3,1788842945803.307,100.119,timestamp_domain.system_time,88739546.000,93.000,1,88739546.000,88739562.000,16.000,16.000,88739562.000,16.000,1,1,pnp_visible_ransac,9,0.515,2.3641,-0.008074,4.588115,-0.1008
2026-09-08T13:49:05.920,121,85,STANDOFF_MOVE,STANDOFF_MOVE,349,2,1788842945870.040,66.732,timestamp_domain.system_time,88739625.000,79.000,1,88739625.000,88739640.000,15.000,15.000,88739656.000,31.000,1,1,pnp_visible_ransac,9,0.591,2.7126,-0.008467,4.559789,-0.1064
2026-09-08T13:49:05.996,122,86,STANDOFF_MOVE,STANDOFF_MOVE,350,1,1788842945903.344,33.304,timestamp_domain.system_time,88739703.000,78.000,1,88739718.000,88739734.000,16.000,31.000,88739734.000,31.000,1,1,pnp_visible_ransac,9,0.494,2.6406,-0.008346,4.569907,-0.1046
2026-09-08T13:49:06.086,123,87,STANDOFF_MOVE,STANDOFF_MOVE,354,4,1788842946036.723,133.379,timestamp_domain.system_time,88739796.000,93.000,1,88739796.000,88739812.000,16.000,16.000,88739812.000,16.000,1,1,pnp_visible_ransac,9,0.546,3.4946,-0.018097,4.562983,-0.2272
2026-09-08T13:49:06.172,124,88,STANDOFF_MOVE,STANDOFF_MOVE,357,3,1788842946136.837,100.114,timestamp_domain.system_time,88739875.000,79.000,1,88739890.000,88739906.000,16.000,31.000,88739906.000,31.000,1,1,pnp_visible_ransac,9,0.543,2.0970,-0.006415,4.482668,-0.0820
2026-09-08T13:49:06.272,125,89,STANDOFF_MOVE,STANDOFF_MOVE,360,3,1788842946236.954,100.117,timestamp_domain.system_time,88739968.000,93.000,1,88739984.000,88740000.000,16.000,32.000,88740000.000,32.000,1,1,pnp_visible_ransac,9,0.524,2.9295,-0.020395,4.490520,-0.2602
2026-09-08T13:49:06.356,126,90,STANDOFF_MOVE,STANDOFF_MOVE,362,2,1788842946303.571,66.616,timestamp_domain.system_time,88740062.000,94.000,1,88740062.000,88740093.000,31.000,31.000,88740093.000,31.000,1,1,pnp_visible_ransac,9,0.521,3.0342,-0.020832,4.475334,-0.2667
2026-09-08T13:49:06.443,127,91,STANDOFF_MOVE,STANDOFF_MOVE,365,3,1788842946403.554,99.983,timestamp_domain.system_time,88740156.000,94.000,1,88740156.000,88740171.000,15.000,15.000,88740171.000,15.000,1,1,pnp_visible_ransac,9,0.532,2.7692,-0.014512,4.428816,-0.1877
2026-09-08T13:49:06.565,128,92,STANDOFF_MOVE,STANDOFF_MOVE,368,3,1788842946503.747,100.193,timestamp_domain.system_time,88740265.000,109.000,1,88740281.000,88740281.000,0.000,16.000,88740296.000,31.000,1,1,pnp_visible_ransac,9,0.509,2.7687,-0.021956,4.391297,-0.2865
2026-09-08T13:49:06.653,129,93,STANDOFF_MOVE,STANDOFF_MOVE,371,3,1788842946603.580,99.833,timestamp_domain.system_time,88740359.000,94.000,1,88740375.000,88740390.000,15.000,31.000,88740390.000,31.000,1,1,pnp_visible_ransac,9,0.583,2.3111,-0.013218,4.351574,-0.1740
2026-09-08T13:49:06.743,130,94,STANDOFF_MOVE,STANDOFF_MOVE,374,3,1788842946703.840,100.260,timestamp_domain.system_time,88740453.000,94.000,1,88740468.000,88740468.000,0.000,15.000,88740468.000,15.000,1,1,pnp_visible_ransac,9,0.363,3.7841,-0.032299,4.382684,-0.4222
2026-09-08T13:49:06.830,131,95,STANDOFF_MOVE,STANDOFF_MOVE,377,3,1788842946803.981,100.141,timestamp_domain.system_time,88740531.000,78.000,1,88740546.000,88740562.000,16.000,31.000,88740562.000,31.000,1,1,pnp_visible_ransac,9,0.721,1.8671,-0.005154,4.247069,-0.0695
2026-09-08T13:49:06.917,132,96,STANDOFF_MOVE,STANDOFF_MOVE,379,2,1788842946870.686,66.705,timestamp_domain.system_time,88740625.000,94.000,1,88740625.000,88740656.000,31.000,31.000,88740656.000,31.000,1,1,pnp_visible_ransac,9,0.401,3.3329,-0.028294,4.348779,-0.3728
2026-09-08T13:49:06.994,133,97,STANDOFF_MOVE,STANDOFF_MOVE,380,1,1788842946904.494,33.808,timestamp_domain.system_time,88740718.000,93.000,1,88740718.000,88740718.000,0.000,0.000,88740718.000,0.000,1,1,pnp_visible_ransac,9,0.416,3.3793,-0.027292,4.340204,-0.3603
2026-09-08T13:49:07.094,134,98,STANDOFF_MOVE,STANDOFF_MOVE,384,4,1788842947037.554,133.060,timestamp_domain.system_time,88740796.000,78.000,1,88740796.000,88740828.000,32.000,32.000,88740828.000,32.000,1,1,pnp_visible_ransac,9,0.391,3.0905,-0.023127,4.296192,-0.3084
2026-09-08T13:49:07.180,135,99,STANDOFF_MOVE,STANDOFF_MOVE,387,3,1788842947137.266,99.712,timestamp_domain.system_time,88740875.000,79.000,1,88740890.000,88740906.000,16.000,31.000,88740906.000,31.000,1,1,pnp_visible_ransac,9,0.545,2.5503,-0.028139,4.257406,-0.3787
2026-09-08T13:49:07.256,136,100,STANDOFF_MOVE,STANDOFF_MOVE,390,3,1788842947237.520,100.254,timestamp_domain.system_time,88740968.000,93.000,1,88740968.000,88740984.000,16.000,16.000,88740984.000,16.000,1,1,pnp_visible_ransac,9,0.489,2.5499,-0.020010,4.235423,-0.2707
2026-09-08T13:49:07.343,137,101,STANDOFF_MOVE,STANDOFF_MOVE,392,2,1788842947304.302,66.781,timestamp_domain.system_time,88741046.000,78.000,1,88741046.000,88741062.000,16.000,16.000,88741078.000,32.000,1,1,pnp_visible_ransac,9,0.685,1.9058,-0.017395,4.126778,-0.2415
2026-09-08T13:49:07.464,138,102,STANDOFF_SETTLE,STANDOFF_SETTLE,395,3,1788842947404.253,99.951,timestamp_domain.system_time,88741156.000,110.000,1,88741156.000,88741203.000,47.000,47.000,88741203.000,47.000,1,1,pnp_visible_ransac,9,0.481,1.7197,-0.020748,4.124592,-0.2882
2026-09-08T13:49:07.606,139,103,STANDOFF_SETTLE,STANDOFF_SETTLE,400,5,1788842947571.192,166.940,timestamp_domain.system_time,88741312.000,156.000,1,88741312.000,88741328.000,16.000,16.000,88741343.000,31.000,1,1,pnp_visible_ransac,9,0.779,1.6179,-0.022962,4.039369,-0.3257
2026-09-08T13:49:07.718,140,104,STANDOFF_SETTLE,STANDOFF_SETTLE,403,3,1788842947671.579,100.386,timestamp_domain.system_time,88741421.000,109.000,1,88741421.000,88741453.000,32.000,32.000,88741453.000,32.000,1,1,pnp_visible_ransac,9,0.459,1.2758,-0.015688,3.999354,-0.2248
2026-09-08T13:49:07.828,141,105,STANDOFF_SETTLE,STANDOFF_SETTLE,406,3,1788842947771.430,99.851,timestamp_domain.system_time,88741531.000,110.000,1,88741531.000,88741562.000,31.000,31.000,88741562.000,31.000,1,1,pnp_visible_ransac,9,0.484,1.4142,-0.009610,3.979795,-0.1384
2026-09-08T13:49:07.928,142,106,STANDOFF_SETTLE,STANDOFF_SETTLE,409,3,1788842947871.325,99.896,timestamp_domain.system_time,88741640.000,109.000,1,88741640.000,88741656.000,16.000,16.000,88741656.000,16.000,1,1,pnp_visible_ransac,9,0.596,1.0625,-0.014698,3.980837,-0.2115
2026-09-08T13:49:08.009,143,107,STANDOFF_SETTLE,STANDOFF_SETTLE,411,2,1788842947938.307,66.981,timestamp_domain.system_time,88741718.000,78.000,1,88741718.000,88741734.000,16.000,16.000,88741734.000,16.000,1,1,pnp_visible_ransac,9,0.523,1.0486,-0.014428,3.982037,-0.2076
2026-09-08T13:49:08.105,144,108,STANDOFF_SETTLE,STANDOFF_SETTLE,415,4,1788842948071.317,133.010,timestamp_domain.system_time,88741812.000,94.000,1,88741812.000,88741828.000,16.000,16.000,88741843.000,31.000,1,1,pnp_visible_ransac,9,0.490,1.7505,-0.023203,3.979155,-0.3341
2026-09-08T13:49:08.195,145,109,STANDOFF_SETTLE,STANDOFF_SETTLE,417,2,1788842948138.190,66.873,timestamp_domain.system_time,88741906.000,94.000,1,88741906.000,88741921.000,15.000,15.000,88741921.000,15.000,1,1,pnp_visible_ransac,9,0.478,1.7620,-0.023709,3.977513,-0.3415
2026-09-08T13:49:08.287,146,110,STANDOFF_SETTLE,STANDOFF_SETTLE,420,3,1788842948238.380,100.190,timestamp_domain.system_time,88742000.000,94.000,1,88742000.000,88742015.000,15.000,15.000,88742015.000,15.000,1,1,pnp_visible_ransac,9,0.645,1.3608,-0.020648,3.971764,-0.2979
2026-09-08T13:49:08.364,147,111,STANDOFF_SETTLE,STANDOFF_SETTLE,423,3,1788842948338.507,100.126,timestamp_domain.system_time,88742078.000,78.000,1,88742078.000,88742093.000,15.000,15.000,88742093.000,15.000,1,1,pnp_visible_ransac,9,0.425,1.4428,-0.022509,3.969620,-0.3249
2026-09-08T13:49:08.454,148,112,STANDOFF_SETTLE,STANDOFF_SETTLE,425,2,1788842948405.190,66.683,timestamp_domain.system_time,88742156.000,78.000,1,88742156.000,88742187.000,31.000,31.000,88742187.000,31.000,1,1,pnp_visible_ransac,9,0.552,1.3082,-0.022668,3.961884,-0.3278
2026-09-08T13:49:08.531,149,113,STANDOFF_SETTLE,STANDOFF_SETTLE,428,3,1788842948505.363,100.173,timestamp_domain.system_time,88742250.000,94.000,1,88742250.000,88742265.000,15.000,15.000,88742265.000,15.000,1,1,pnp_visible_ransac,9,0.493,1.4261,-0.020993,3.963740,-0.3035
2026-09-08T13:49:08.618,150,114,STANDOFF_SETTLE,STANDOFF_SETTLE,430,2,1788842948571.880,66.517,timestamp_domain.system_time,88742328.000,78.000,1,88742328.000,88742343.000,15.000,15.000,88742343.000,15.000,1,1,pnp_visible_ransac,9,0.614,1.5579,-0.022264,3.965967,-0.3216
2026-09-08T13:49:08.692,151,115,STANDOFF_SETTLE,STANDOFF_SETTLE,433,3,1788842948671.860,99.980,timestamp_domain.system_time,88742406.000,78.000,1,88742406.000,88742421.000,15.000,15.000,88742421.000,15.000,1,1,pnp_visible_ransac,9,0.488,1.6755,-0.021793,3.969422,-0.3146
2026-09-08T13:49:08.773,152,116,STANDOFF_SETTLE,STANDOFF_SETTLE,435,2,1788842948738.568,66.709,timestamp_domain.system_time,88742484.000,78.000,1,88742500.000,88742500.000,0.000,16.000,88742500.000,16.000,1,1,pnp_visible_ransac,9,0.485,1.5934,-0.022346,3.970630,-0.3224
2026-09-08T13:49:08.863,153,117,STANDOFF_SETTLE,STANDOFF_SETTLE,437,2,1788842948805.263,66.694,timestamp_domain.system_time,88742562.000,78.000,1,88742578.000,88742593.000,15.000,31.000,88742593.000,31.000,1,1,pnp_visible_ransac,9,0.516,1.4858,-0.022114,3.969132,-0.3192
2026-09-08T13:49:08.967,154,118,STANDOFF_SETTLE,STANDOFF_SETTLE,440,3,1788842948905.383,100.121,timestamp_domain.system_time,88742671.000,109.000,1,88742671.000,88742703.000,32.000,32.000,88742703.000,32.000,1,1,pnp_visible_ransac,9,0.528,1.4564,-0.021557,3.966434,-0.3114
2026-09-08T13:49:09.096,155,119,STANDOFF_SETTLE,STANDOFF_SETTLE,444,4,1788842949038.759,133.376,timestamp_domain.system_time,88742812.000,141.000,1,88742812.000,88742828.000,16.000,16.000,88742828.000,16.000,1,1,pnp_visible_ransac,9,0.483,1.5287,-0.021721,3.969694,-0.3135
2026-09-08T13:49:09.186,156,120,STANDOFF_SETTLE,STANDOFF_SETTLE,447,3,1788842949138.704,99.944,timestamp_domain.system_time,88742890.000,78.000,1,88742890.000,88742921.000,31.000,31.000,88742921.000,31.000,1,1,pnp_visible_ransac,9,0.570,1.6527,-0.023457,3.972620,-0.3383
2026-09-08T13:49:09.270,157,121,STANDOFF_SETTLE,STANDOFF_SETTLE,450,3,1788842949238.930,100.226,timestamp_domain.system_time,88742984.000,94.000,1,88742984.000,88743000.000,16.000,16.000,88743000.000,16.000,1,1,pnp_visible_ransac,9,0.511,1.6293,-0.022419,3.968865,-0.3236
2026-09-08T13:49:09.350,158,122,STANDOFF_SETTLE,STANDOFF_SETTLE,452,2,1788842949305.758,66.829,timestamp_domain.system_time,88743062.000,78.000,1,88743062.000,88743078.000,16.000,16.000,88743078.000,16.000,1,1,pnp_visible_ransac,9,0.458,1.5859,-0.022810,3.969562,-0.3292
2026-09-08T13:49:09.427,159,123,STANDOFF_SETTLE,STANDOFF_SETTLE,455,3,1788842949405.866,100.107,timestamp_domain.system_time,88743140.000,78.000,1,88743140.000,88743156.000,16.000,16.000,88743156.000,16.000,1,1,pnp_visible_ransac,9,0.524,1.6326,-0.022186,3.968865,-0.3203
2026-09-08T13:49:09.511,160,124,STANDOFF_SETTLE,STANDOFF_SETTLE,457,2,1788842949472.377,66.511,timestamp_domain.system_time,88743218.000,78.000,1,88743218.000,88743250.000,32.000,32.000,88743250.000,32.000,1,1,pnp_visible_ransac,9,0.483,1.6183,-0.023404,3.977797,-0.3371
2026-09-08T13:49:09.584,161,125,STANDOFF_SETTLE,STANDOFF_SETTLE,459,2,1788842949539.249,66.872,timestamp_domain.system_time,88743296.000,78.000,1,88743296.000,88743312.000,16.000,16.000,88743312.000,16.000,1,1,pnp_visible_ransac,9,0.528,1.4564,-0.021557,3.966434,-0.3114
2026-09-08T13:49:09.671,162,126,STANDOFF_SETTLE,STANDOFF_SETTLE,462,3,1788842949639.173,99.924,timestamp_domain.system_time,88743375.000,79.000,1,88743375.000,88743390.000,15.000,15.000,88743406.000,31.000,1,1,pnp_visible_ransac,9,0.495,1.5058,-0.021899,3.966642,-0.3163
2026-09-08T13:49:09.761,163,127,STANDOFF_SETTLE,STANDOFF_SETTLE,464,2,1788842949705.778,66.604,timestamp_domain.system_time,88743468.000,93.000,1,88743468.000,88743500.000,32.000,32.000,88743500.000,32.000,1,1,pnp_visible_ransac,9,0.463,1.5583,-0.022279,3.972394,-0.3213
2026-09-08T13:49:09.849,164,128,STANDOFF_SETTLE,STANDOFF_SETTLE,467,3,1788842949805.858,100.080,timestamp_domain.system_time,88743562.000,94.000,1,88743562.000,88743578.000,16.000,16.000,88743578.000,16.000,1,1,pnp_visible_ransac,9,0.495,1.5058,-0.021899,3.966642,-0.3163
2026-09-08T13:49:09.928,165,129,STANDOFF_SETTLE,STANDOFF_SETTLE,470,3,1788842949906.185,100.327,timestamp_domain.system_time,88743640.000,78.000,1,88743656.000,88743656.000,0.000,16.000,88743656.000,16.000,1,1,pnp_visible_ransac,9,0.507,1.4205,-0.021484,3.968190,-0.3102
2026-09-08T13:49:10.008,166,130,STANDOFF_SETTLE,STANDOFF_SETTLE,470,0,1788842949906.185,0.000,timestamp_domain.system_time,88743718.000,78.000,1,88743734.000,88743734.000,0.000,16.000,88743734.000,16.000,1,1,pnp_visible_ransac,9,0.507,1.4205,-0.021484,3.968190,-0.3102
2026-09-08T13:49:10.120,167,131,STANDOFF_SETTLE,STANDOFF_SETTLE,475,5,1788842950072.937,166.752,timestamp_domain.system_time,88743828.000,110.000,1,88743828.000,88743843.000,15.000,15.000,88743843.000,15.000,1,1,pnp_visible_ransac,9,0.516,1.4858,-0.022114,3.969132,-0.3192
2026-09-08T13:49:10.221,168,132,STANDOFF_SETTLE,STANDOFF_SETTLE,478,3,1788842950172.918,99.982,timestamp_domain.system_time,88743937.000,109.000,1,88743937.000,88743953.000,16.000,16.000,88743953.000,16.000,1,1,pnp_visible_ransac,9,0.499,1.5321,-0.021489,3.969694,-0.3102
2026-09-08T13:49:10.340,169,133,STANDOFF_VERIFY,STANDOFF_VERIFY,482,4,1788842950306.623,133.705,timestamp_domain.system_time,88744046.000,109.000,1,88744046.000,88744078.000,32.000,32.000,88744078.000,32.000,1,1,pnp_visible_ransac,9,0.502,1.4922,-0.021636,3.968059,-0.3124
2026-09-08T13:49:10.433,170,134,STAGING_PLAN,STAGING_PLAN,485,3,1788842950406.621,99.997,timestamp_domain.system_time,88744140.000,94.000,1,88744156.000,88744171.000,15.000,31.000,88744171.000,31.000,1,1,pnp_visible_ransac,9,0.547,1.3674,-0.021090,3.958864,-0.3052
2026-09-08T13:49:10.567,171,135,WAYPOINT_TURN,WAYPOINT_TURN,489,4,1788842950539.940,133.319,timestamp_domain.system_time,88744281.000,141.000,1,88744281.000,88744296.000,15.000,15.000,88744296.000,15.000,1,1,pnp_visible_ransac,9,0.539,1.3815,-0.021358,3.957674,-0.3092
2026-09-08T13:49:10.654,172,136,WAYPOINT_TURN,WAYPOINT_TURN,491,2,1788842950606.934,66.994,timestamp_domain.system_time,88744359.000,78.000,1,88744359.000,88744390.000,31.000,31.000,88744390.000,31.000,1,1,pnp_visible_ransac,9,0.478,1.7619,-0.023709,3.977506,-0.3415
2026-09-08T13:49:10.737,173,137,WAYPOINT_TURN,WAYPOINT_TURN,494,3,1788842950706.674,99.740,timestamp_domain.system_time,88744453.000,94.000,1,88744453.000,88744468.000,15.000,15.000,88744468.000,15.000,1,1,pnp_visible_ransac,9,0.528,1.4564,-0.021557,3.966434,-0.3114
2026-09-08T13:49:10.827,174,138,WAYPOINT_TURN,WAYPOINT_TURN,496,2,1788842950773.367,66.694,timestamp_domain.system_time,88744531.000,78.000,1,88744531.000,88744562.000,31.000,31.000,88744562.000,31.000,1,1,pnp_visible_ransac,9,0.493,1.6685,-0.022266,3.970485,-0.3213
2026-09-08T13:49:10.904,175,139,WAYPOINT_TURN,WAYPOINT_TURN,499,3,1788842950873.254,99.887,timestamp_domain.system_time,88744625.000,94.000,1,88744625.000,88744640.000,15.000,15.000,88744640.000,15.000,1,1,pnp_visible_ransac,9,0.528,1.4564,-0.021557,3.966434,-0.3114
2026-09-08T13:49:10.994,176,140,WAYPOINT_TURN,WAYPOINT_TURN,501,2,1788842950940.417,67.163,timestamp_domain.system_time,88744703.000,78.000,1,88744703.000,88744718.000,15.000,15.000,88744718.000,15.000,1,1,pnp_visible_ransac,9,0.539,1.6169,-0.023384,3.974390,-0.3371
2026-09-08T13:49:11.094,177,141,WAYPOINT_TURN,WAYPOINT_TURN,503,2,1788842951007.151,66.734,timestamp_domain.system_time,88744796.000,93.000,1,88744796.000,88744828.000,32.000,32.000,88744828.000,32.000,1,1,pnp_visible_ransac,9,0.535,1.6031,-0.021629,3.966173,-0.3125
2026-09-08T13:49:11.181,178,142,WAYPOINT_TURN,WAYPOINT_TURN,507,4,1788842951140.327,133.176,timestamp_domain.system_time,88744890.000,94.000,1,88744890.000,88744906.000,16.000,16.000,88744906.000,16.000,1,1,pnp_visible_ransac,9,0.503,1.5004,-0.020907,3.963610,-0.3022
2026-09-08T13:49:11.281,179,143,WAYPOINT_TURN,WAYPOINT_TURN,510,3,1788842951240.426,100.098,timestamp_domain.system_time,88744984.000,94.000,1,88744984.000,88745015.000,31.000,31.000,88745015.000,31.000,1,1,pnp_visible_ransac,9,0.615,1.4889,-0.020665,3.966940,-0.2985
2026-09-08T13:49:11.391,180,144,WAYPOINT_TURN,WAYPOINT_TURN,513,3,1788842951340.620,100.194,timestamp_domain.system_time,88745093.000,109.000,1,88745109.000,88745125.000,16.000,32.000,88745125.000,32.000,1,1,pnp_visible_ransac,9,0.473,1.3168,-0.017406,3.974082,-0.2510
2026-09-08T13:49:11.488,181,145,WAYPOINT_TURN,WAYPOINT_TURN,516,3,1788842951440.606,99.986,timestamp_domain.system_time,88745203.000,110.000,1,88745203.000,88745218.000,15.000,15.000,88745218.000,15.000,1,1,pnp_visible_ransac,9,0.526,1.6486,-0.014280,3.990432,-0.2050
2026-09-08T13:49:11.571,182,146,WAYPOINT_TURN,WAYPOINT_TURN,519,3,1788842951540.685,100.079,timestamp_domain.system_time,88745281.000,78.000,1,88745281.000,88745296.000,15.000,15.000,88745296.000,15.000,1,1,pnp_visible_ransac,9,0.487,1.1235,-0.011922,3.982910,-0.1715
2026-09-08T13:49:11.658,183,147,WAYPOINT_TURN,WAYPOINT_TURN,521,2,1788842951607.378,66.693,timestamp_domain.system_time,88745375.000,94.000,1,88745375.000,88745390.000,15.000,15.000,88745390.000,15.000,1,1,pnp_visible_ransac,9,0.431,2.3296,-0.012834,4.011946,-0.1833
2026-09-08T13:49:11.747,184,148,WAYPOINT_TURN,WAYPOINT_TURN,524,3,1788842951707.393,100.015,timestamp_domain.system_time,88745453.000,78.000,1,88745468.000,88745484.000,16.000,31.000,88745484.000,31.000,1,1,pnp_visible_ransac,9,0.468,2.8801,0.001644,4.011350,0.0235
2026-09-08T13:49:11.835,185,149,WAYPOINT_TURN,WAYPOINT_TURN,527,3,1788842951807.296,99.903,timestamp_domain.system_time,88745531.000,78.000,1,88745546.000,88745562.000,16.000,31.000,88745562.000,31.000,1,1,pnp_visible_ransac,9,0.625,4.4002,0.017258,4.013287,0.2464
2026-09-08T13:49:11.932,186,150,WAYPOINT_TURN_SETTLE,WAYPOINT_TURN_SETTLE,529,2,1788842951874.150,66.854,timestamp_domain.system_time,88745640.000,109.000,1,88745640.000,88745656.000,16.000,16.000,88745656.000,16.000,1,1,pnp_visible_ransac,9,0.645,3.3662,0.045690,4.016976,0.6517
2026-09-08T13:49:12.022,187,151,WAYPOINT_TURN_SETTLE,WAYPOINT_TURN_SETTLE,531,2,1788842951940.982,66.832,timestamp_domain.system_time,88745734.000,94.000,1,88745734.000,88745750.000,16.000,16.000,88745750.000,16.000,1,1,pnp_visible_ransac,9,0.513,4.3905,0.061414,4.044195,0.8700
2026-09-08T13:49:12.115,188,152,WAYPOINT_TURN_SETTLE,WAYPOINT_TURN_SETTLE,535,4,1788842952074.404,133.422,timestamp_domain.system_time,88745828.000,94.000,1,88745828.000,88745843.000,15.000,15.000,88745843.000,15.000,1,1,pnp_visible_ransac,9,0.564,3.9819,0.115410,4.000993,1.6523
2026-09-08T13:49:12.202,189,153,WAYPOINT_TURN_SETTLE,WAYPOINT_TURN_SETTLE,538,3,1788842952174.474,100.070,timestamp_domain.system_time,88745906.000,78.000,1,88745921.000,88745937.000,16.000,31.000,88745937.000,31.000,1,1,pnp_visible_ransac,9,0.715,4.6745,0.091231,4.020128,1.3000
2026-09-08T13:49:12.292,190,154,WAYPOINT_TURN_SETTLE,WAYPOINT_TURN_SETTLE,540,2,1788842952241.049,66.575,timestamp_domain.system_time,88746000.000,94.000,1,88746015.000,88746015.000,0.000,15.000,88746015.000,15.000,1,1,pnp_visible_ransac,9,0.498,3.6915,0.072703,4.029857,1.0336
2026-09-08T13:49:12.376,191,155,WAYPOINT_TURN_SETTLE,WAYPOINT_TURN_SETTLE,543,3,1788842952341.245,100.196,timestamp_domain.system_time,88746093.000,93.000,1,88746093.000,88746109.000,16.000,16.000,88746109.000,16.000,1,1,pnp_visible_ransac,9,0.569,4.4127,0.062261,4.066095,0.8773
2026-09-08T13:49:12.479,192,156,WAYPOINT_TURN_SETTLE,WAYPOINT_TURN_SETTLE,546,3,1788842952441.160,99.915,timestamp_domain.system_time,88746187.000,94.000,1,88746187.000,88746203.000,16.000,16.000,88746203.000,16.000,1,1,pnp_visible_ransac,9,0.549,3.4779,0.073589,4.026483,1.0470
2026-09-08T13:49:12.583,193,157,WAYPOINT_TURN_SETTLE,WAYPOINT_TURN_SETTLE,549,3,1788842952541.393,100.233,timestamp_domain.system_time,88746296.000,109.000,1,88746296.000,88746312.000,16.000,16.000,88746312.000,16.000,1,1,pnp_visible_ransac,9,0.570,4.0766,0.068153,4.039988,0.9665
2026-09-08T13:49:12.670,194,158,WAYPOINT_TURN_SETTLE,WAYPOINT_TURN_SETTLE,552,3,1788842952641.321,99.928,timestamp_domain.system_time,88746375.000,79.000,1,88746375.000,88746406.000,31.000,31.000,88746406.000,31.000,1,1,pnp_visible_ransac,9,0.403,3.9337,0.068611,4.047345,0.9712
2026-09-08T13:49:12.750,195,159,WAYPOINT_TURN_SETTLE,WAYPOINT_TURN_SETTLE,554,2,1788842952708.137,66.815,timestamp_domain.system_time,88746453.000,78.000,1,88746468.000,88746484.000,16.000,31.000,88746484.000,31.000,1,1,pnp_visible_ransac,9,0.637,4.0713,0.067703,4.041721,0.9597
2026-09-08T13:49:12.828,196,160,WAYPOINT_TURN_SETTLE,WAYPOINT_TURN_SETTLE,557,3,1788842952808.263,100.126,timestamp_domain.system_time,88746546.000,93.000,1,88746546.000,88746562.000,16.000,16.000,88746562.000,16.000,1,1,pnp_visible_ransac,9,0.442,4.1777,0.067255,4.054447,0.9503
2026-09-08T13:49:12.917,197,161,WAYPOINT_TURN_SETTLE,WAYPOINT_TURN_SETTLE,559,2,1788842952874.874,66.612,timestamp_domain.system_time,88746625.000,79.000,1,88746625.000,88746640.000,15.000,15.000,88746656.000,31.000,1,1,pnp_visible_ransac,9,0.594,3.7172,0.069079,4.036437,0.9805
2026-09-08T13:49:12.995,198,162,WAYPOINT_TURN_SETTLE,WAYPOINT_TURN_SETTLE,561,2,1788842952941.498,66.624,timestamp_domain.system_time,88746703.000,78.000,1,88746703.000,88746718.000,15.000,15.000,88746718.000,15.000,1,1,pnp_visible_ransac,9,0.438,3.9120,0.069900,4.035499,0.9923
2026-09-08T13:49:13.098,199,163,WAYPOINT_TURN_SETTLE,WAYPOINT_TURN_SETTLE,564,3,1788842953042.086,100.588,timestamp_domain.system_time,88746796.000,93.000,1,88746812.000,88746828.000,16.000,32.000,88746828.000,32.000,1,1,pnp_visible_ransac,9,0.534,4.1052,0.067335,4.051479,0.9522
2026-09-08T13:49:13.195,200,164,WAYPOINT_TURN_SETTLE,WAYPOINT_TURN_SETTLE,568,4,1788842953175.151,133.064,timestamp_domain.system_time,88746906.000,110.000,1,88746906.000,88746921.000,15.000,15.000,88746921.000,15.000,1,1,pnp_visible_ransac,9,0.527,4.1459,0.067593,4.044339,0.9575
2026-09-08T13:49:13.279,201,165,WAYPOINT_TURN_SETTLE,WAYPOINT_TURN_SETTLE,570,2,1788842953241.791,66.640,timestamp_domain.system_time,88747000.000,94.000,1,88747000.000,88747015.000,15.000,15.000,88747015.000,15.000,1,1,pnp_visible_ransac,9,0.477,4.3551,0.066426,4.056716,0.9381
2026-09-08T13:49:13.367,202,166,WAYPOINT_TURN_SETTLE,WAYPOINT_TURN_SETTLE,573,3,1788842953341.931,100.140,timestamp_domain.system_time,88747078.000,78.000,1,88747078.000,88747093.000,15.000,15.000,88747093.000,15.000,1,1,pnp_visible_ransac,9,0.537,4.1812,0.067576,4.046431,0.9568
2026-09-08T13:49:13.444,203,167,WAYPOINT_TURN_SETTLE,WAYPOINT_TURN_SETTLE,575,2,1788842953408.588,66.656,timestamp_domain.system_time,88747156.000,78.000,1,88747171.000,88747171.000,0.000,15.000,88747171.000,15.000,1,1,pnp_visible_ransac,9,0.494,4.2410,0.066241,4.060339,0.9346
2026-09-08T13:49:13.534,204,168,WAYPOINT_TURN_SETTLE,WAYPOINT_TURN_SETTLE,578,3,1788842953508.609,100.021,timestamp_domain.system_time,88747234.000,78.000,1,88747250.000,88747265.000,15.000,31.000,88747265.000,31.000,1,1,pnp_visible_ransac,9,0.520,4.3494,0.065970,4.058198,0.9313
2026-09-08T13:49:13.639,205,169,WAYPOINT_TURN_SETTLE,WAYPOINT_TURN_SETTLE,581,3,1788842953608.724,100.115,timestamp_domain.system_time,88747343.000,109.000,1,88747343.000,88747375.000,32.000,32.000,88747375.000,32.000,1,1,pnp_visible_ransac,9,0.483,4.1451,0.067691,4.048159,0.9580
2026-09-08T13:49:13.739,206,170,WAYPOINT_TURN_SETTLE,WAYPOINT_TURN_SETTLE,584,3,1788842953708.743,100.019,timestamp_domain.system_time,88747453.000,110.000,1,88747453.000,88747468.000,15.000,15.000,88747468.000,15.000,1,1,pnp_visible_ransac,9,0.531,4.0048,0.068404,4.044386,0.9690
2026-09-08T13:49:13.828,207,171,WAYPOINT_TURN_SETTLE,WAYPOINT_TURN_SETTLE,586,2,1788842953775.576,66.833,timestamp_domain.system_time,88747546.000,93.000,1,88747546.000,88747562.000,16.000,16.000,88747562.000,16.000,1,1,pnp_visible_ransac,9,0.469,4.2407,0.066233,4.059929,0.9346
2026-09-08T13:49:13.908,208,172,WAYPOINT_TURN_SETTLE,WAYPOINT_TURN_SETTLE,589,3,1788842953875.642,100.066,timestamp_domain.system_time,88747625.000,79.000,1,88747625.000,88747640.000,15.000,15.000,88747640.000,15.000,1,1,pnp_visible_ransac,9,0.503,4.0727,0.067856,4.048792,0.9602
2026-09-08T13:49:13.995,209,173,WAYPOINT_TURN_SETTLE,WAYPOINT_TURN_SETTLE,591,2,1788842953942.452,66.810,timestamp_domain.system_time,88747703.000,78.000,1,88747703.000,88747734.000,31.000,31.000,88747734.000,31.000,1,1,pnp_visible_ransac,9,0.511,3.9273,0.068170,4.049213,0.9645
2026-09-08T13:49:14.096,210,174,WAYPOINT_TURN_SETTLE,WAYPOINT_TURN_SETTLE,592,1,1788842953975.882,33.430,timestamp_domain.system_time,88747812.000,109.000,1,88747812.000,88747828.000,16.000,16.000,88747828.000,16.000,1,1,pnp_visible_ransac,9,0.426,4.1878,0.068019,4.044769,0.9634
2026-09-08T13:49:14.196,211,175,WAYPOINT_TURN_SETTLE,WAYPOINT_TURN_SETTLE,597,5,1788842954142.467,166.585,timestamp_domain.system_time,88747906.000,94.000,1,88747906.000,88747921.000,15.000,15.000,88747921.000,15.000,1,1,pnp_visible_ransac,9,0.470,4.1780,0.067263,4.054856,0.9503
2026-09-08T13:49:14.286,212,176,WAYPOINT_TURN_SETTLE,WAYPOINT_TURN_SETTLE,600,3,1788842954242.550,100.082,timestamp_domain.system_time,88748000.000,94.000,1,88748000.000,88748015.000,15.000,15.000,88748015.000,15.000,1,1,pnp_visible_ransac,9,0.524,4.2499,0.067029,4.051076,0.9479
2026-09-08T13:49:14.375,213,177,WAYPOINT_TURN_SETTLE,WAYPOINT_TURN_SETTLE,603,3,1788842954342.846,100.297,timestamp_domain.system_time,88748093.000,93.000,1,88748093.000,88748109.000,16.000,16.000,88748109.000,16.000,1,1,pnp_visible_ransac,9,0.575,4.0458,0.068658,4.037252,0.9743
2026-09-08T13:49:14.463,214,178,WAYPOINT_TURN_SETTLE,WAYPOINT_TURN_SETTLE,605,2,1788842954409.434,66.587,timestamp_domain.system_time,88748171.000,78.000,1,88748171.000,88748187.000,16.000,16.000,88748187.000,16.000,1,1,pnp_visible_ransac,9,0.528,4.1045,0.067343,4.051527,0.9523
2026-09-08T13:49:14.549,215,179,WAYPOINT_TURN_SETTLE,WAYPOINT_TURN_SETTLE,608,3,1788842954509.426,99.992,timestamp_domain.system_time,88748265.000,94.000,1,88748265.000,88748265.000,0.000,0.000,88748281.000,16.000,1,1,pnp_visible_ransac,9,0.471,3.9019,0.069126,4.044721,0.9791
2026-09-08T13:49:14.629,216,180,WAYPOINT_TURN_SETTLE,WAYPOINT_TURN_SETTLE,611,3,1788842954609.550,100.124,timestamp_domain.system_time,88748343.000,78.000,1,88748343.000,88748359.000,16.000,16.000,88748359.000,16.000,1,1,pnp_visible_ransac,9,0.570,3.9377,0.068946,4.039992,0.9777
2026-09-08T13:49:14.716,217,181,WAYPOINT_TURN_SETTLE,WAYPOINT_TURN_SETTLE,613,2,1788842954676.128,66.578,timestamp_domain.system_time,88748421.000,78.000,1,88748437.000,88748453.000,16.000,32.000,88748453.000,32.000,1,1,pnp_visible_ransac,9,0.477,4.0325,0.067577,4.055296,0.9547
2026-09-08T13:49:14.824,218,182,WAYPOINT_DRIVE,WAYPOINT_DRIVE,616,3,1788842954776.392,100.265,timestamp_domain.system_time,88748531.000,110.000,1,88748531.000,88748546.000,15.000,15.000,88748562.000,31.000,1,1,pnp_visible_ransac,9,0.495,4.1202,0.068574,4.040788,0.9722
2026-09-08T13:49:14.925,219,183,WAYPOINT_DRIVE,WAYPOINT_DRIVE,619,3,1788842954876.290,99.897,timestamp_domain.system_time,88748640.000,109.000,1,88748640.000,88748656.000,16.000,16.000,88748656.000,16.000,1,1,pnp_visible_ransac,9,0.434,3.9803,0.069356,4.040148,0.9835
2026-09-08T13:49:15.025,220,184,WAYPOINT_DRIVE,WAYPOINT_DRIVE,621,2,1788842954944.193,67.904,timestamp_domain.system_time,88748734.000,94.000,1,88748734.000,88748750.000,16.000,16.000,88748750.000,16.000,1,1,pnp_visible_ransac,9,0.446,3.9073,0.069611,4.044321,0.9861
2026-09-08T13:49:15.129,221,185,WAYPOINT_DRIVE,WAYPOINT_DRIVE,625,4,1788842955076.709,132.516,timestamp_domain.system_time,88748843.000,109.000,1,88748843.000,88748859.000,16.000,16.000,88748859.000,16.000,1,1,pnp_visible_ransac,9,0.459,4.2194,0.067512,4.047652,0.9556
2026-09-08T13:49:15.222,222,186,WAYPOINT_DRIVE,WAYPOINT_DRIVE,628,3,1788842955176.711,100.002,timestamp_domain.system_time,88748921.000,78.000,1,88748937.000,88748937.000,0.000,16.000,88748953.000,32.000,1,1,pnp_visible_ransac,9,0.672,4.2027,0.061397,4.035808,0.8716
2026-09-08T13:49:15.308,223,187,WAYPOINT_DRIVE,WAYPOINT_DRIVE,631,3,1788842955276.595,99.884,timestamp_domain.system_time,88749015.000,94.000,1,88749015.000,88749031.000,16.000,16.000,88749046.000,31.000,1,1,pnp_visible_ransac,9,0.648,3.1909,0.061497,4.030859,0.8741
2026-09-08T13:49:15.393,224,188,WAYPOINT_DRIVE,WAYPOINT_DRIVE,633,2,1788842955343.325,66.730,timestamp_domain.system_time,88749109.000,94.000,1,88749109.000,88749125.000,16.000,16.000,88749125.000,16.000,1,1,pnp_visible_ransac,9,0.680,3.4886,0.061350,4.030845,0.8720
2026-09-08T13:49:15.484,225,189,WAYPOINT_DRIVE,WAYPOINT_DRIVE,636,3,1788842955443.446,100.121,timestamp_domain.system_time,88749187.000,78.000,1,88749203.000,88749218.000,15.000,31.000,88749218.000,31.000,1,1,pnp_visible_ransac,9,0.557,4.0868,0.058446,4.049172,0.8270
2026-09-08T13:49:15.571,226,190,WAYPOINT_DRIVE,WAYPOINT_DRIVE,639,3,1788842955543.622,100.176,timestamp_domain.system_time,88749281.000,94.000,1,88749281.000,88749296.000,15.000,15.000,88749296.000,15.000,1,1,pnp_visible_ransac,9,0.593,3.8551,0.057803,4.055509,0.8166
2026-09-08T13:49:15.653,227,191,WAYPOINT_DRIVE,WAYPOINT_DRIVE,641,2,1788842955610.311,66.688,timestamp_domain.system_time,88749375.000,94.000,1,88749375.000,88749390.000,15.000,15.000,88749390.000,15.000,1,1,pnp_visible_ransac,9,0.700,4.3028,0.057666,4.046012,0.8166
2026-09-08T13:49:15.740,228,192,WAYPOINT_DRIVE,WAYPOINT_DRIVE,644,3,1788842955710.376,100.066,timestamp_domain.system_time,88749453.000,78.000,1,88749453.000,88749468.000,15.000,15.000,88749468.000,15.000,1,1,pnp_visible_ransac,9,0.612,4.1080,0.060268,4.029918,0.8568
2026-09-08T13:49:15.836,229,193,WAYPOINT_DRIVE,WAYPOINT_DRIVE,647,3,1788842955810.387,100.011,timestamp_domain.system_time,88749546.000,93.000,1,88749546.000,88749562.000,16.000,16.000,88749562.000,16.000,1,1,pnp_visible_ransac,9,0.563,4.1055,0.057276,4.041341,0.8120
2026-09-08T13:49:15.927,230,194,WAYPOINT_DRIVE,WAYPOINT_DRIVE,649,2,1788842955877.078,66.691,timestamp_domain.system_time,88749640.000,94.000,1,88749640.000,88749656.000,16.000,16.000,88749656.000,16.000,1,1,pnp_visible_ransac,9,0.630,4.1139,0.055427,4.035042,0.7870
2026-09-08T13:49:16.016,231,195,WAYPOINT_DRIVE,WAYPOINT_DRIVE,651,2,1788842955944.519,67.440,timestamp_domain.system_time,88749734.000,94.000,1,88749734.000,88749750.000,16.000,16.000,88749750.000,16.000,1,1,pnp_visible_ransac,9,0.578,3.7254,0.055117,4.010512,0.7874
2026-09-08T13:49:16.137,232,196,WAYPOINT_DRIVE,WAYPOINT_DRIVE,656,5,1788842956110.563,166.044,timestamp_domain.system_time,88749843.000,109.000,1,88749843.000,88749875.000,32.000,32.000,88749875.000,32.000,1,1,pnp_visible_ransac,9,0.575,3.7950,0.049479,4.019402,0.7053
2026-09-08T13:49:16.233,233,197,WAYPOINT_DRIVE,WAYPOINT_DRIVE,658,2,1788842956177.337,66.774,timestamp_domain.system_time,88749937.000,94.000,1,88749937.000,88749968.000,31.000,31.000,88749968.000,31.000,1,1,pnp_visible_ransac,9,0.650,3.9943,0.050755,4.002967,0.7264
2026-09-08T13:49:16.320,234,198,WAYPOINT_DRIVE,WAYPOINT_DRIVE,661,3,1788842956277.371,100.034,timestamp_domain.system_time,88750031.000,94.000,1,88750031.000,88750046.000,15.000,15.000,88750046.000,15.000,1,1,pnp_visible_ransac,9,0.796,4.5136,0.047568,4.011703,0.6793
2026-09-08T13:49:16.420,235,199,WAYPOINT_DRIVE,WAYPOINT_DRIVE,664,3,1788842956377.500,100.129,timestamp_domain.system_time,88750125.000,94.000,1,88750125.000,88750156.000,31.000,31.000,88750156.000,31.000,1,1,pnp_visible_ransac,9,0.728,4.3596,0.050390,3.998387,0.7220
2026-09-08T13:49:16.515,236,200,WAYPOINT_DRIVE,WAYPOINT_DRIVE,667,3,1788842956477.586,100.086,timestamp_domain.system_time,88750234.000,109.000,1,88750234.000,88750250.000,16.000,16.000,88750250.000,16.000,1,1,pnp_visible_ransac,9,0.781,4.8262,0.044129,3.990446,0.6336
2026-09-08T13:49:16.599,237,201,WAYPOINT_DRIVE,WAYPOINT_DRIVE,670,3,1788842956577.603,100.017,timestamp_domain.system_time,88750312.000,78.000,1,88750312.000,88750328.000,16.000,16.000,88750328.000,16.000,1,1,pnp_visible_ransac,9,0.743,4.5617,0.042234,3.970642,0.6094
2026-09-08T13:49:16.679,238,202,WAYPOINT_DRIVE,WAYPOINT_DRIVE,672,2,1788842956644.401,66.798,timestamp_domain.system_time,88750390.000,78.000,1,88750406.000,88750406.000,0.000,16.000,88750406.000,16.000,1,1,pnp_visible_ransac,9,0.741,4.3596,0.049175,3.953044,0.7127
2026-09-08T13:49:16.769,239,203,WAYPOINT_DRIVE,WAYPOINT_DRIVE,675,3,1788842956744.319,99.918,timestamp_domain.system_time,88750484.000,94.000,1,88750484.000,88750500.000,16.000,16.000,88750500.000,16.000,1,1,pnp_visible_ransac,9,0.641,4.0542,0.054330,3.919681,0.7941
2026-09-08T13:49:16.849,240,204,WAYPOINT_DRIVE,WAYPOINT_DRIVE,677,2,1788842956810.989,66.670,timestamp_domain.system_time,88750562.000,78.000,1,88750562.000,88750578.000,16.000,16.000,88750578.000,16.000,1,1,pnp_visible_ransac,9,0.581,4.6825,0.051542,3.875918,0.7619
2026-09-08T13:49:16.930,241,205,WAYPOINT_DRIVE,WAYPOINT_DRIVE,680,3,1788842956911.148,100.159,timestamp_domain.system_time,88750640.000,78.000,1,88750656.000,88750656.000,0.000,16.000,88750656.000,16.000,1,1,pnp_visible_ransac,9,0.591,4.4567,0.051968,3.844752,0.7744
2026-09-08T13:49:17.017,242,206,WAYPOINT_DRIVE,WAYPOINT_DRIVE,681,1,1788842956945.074,33.927,timestamp_domain.system_time,88750734.000,94.000,1,88750734.000,88750734.000,0.000,0.000,88750750.000,16.000,1,1,pnp_visible_ransac,9,0.542,4.2521,0.055351,3.838301,0.8262
2026-09-08T13:49:17.132,243,207,WAYPOINT_DRIVE,WAYPOINT_DRIVE,685,4,1788842957078.362,133.288,timestamp_domain.system_time,88750843.000,109.000,1,88750843.000,88750859.000,16.000,16.000,88750859.000,16.000,1,1,pnp_visible_ransac,9,0.572,4.3856,0.057496,3.818259,0.8627
2026-09-08T13:49:17.230,244,208,WAYPOINT_DRIVE,WAYPOINT_DRIVE,688,3,1788842957177.922,99.560,timestamp_domain.system_time,88750937.000,94.000,1,88750937.000,88750968.000,31.000,31.000,88750968.000,31.000,1,1,pnp_visible_ransac,9,0.649,4.3129,0.053626,3.776516,0.8135
2026-09-08T13:49:17.344,245,209,WAYPOINT_DRIVE,WAYPOINT_DRIVE,692,4,1788842957311.513,133.590,timestamp_domain.system_time,88751046.000,109.000,1,88751046.000,88751062.000,16.000,16.000,88751078.000,32.000,1,1,pnp_visible_ransac,9,0.591,3.7526,0.071245,3.685346,1.1075
2026-09-08T13:49:17.427,246,210,WAYPOINT_DRIVE,WAYPOINT_DRIVE,694,2,1788842957378.192,66.680,timestamp_domain.system_time,88751140.000,94.000,1,88751156.000,88751156.000,0.000,16.000,88751156.000,16.000,1,1,pnp_visible_ransac,9,0.564,4.2185,0.060746,3.695878,0.9416
2026-09-08T13:49:17.518,247,211,WAYPOINT_DRIVE,WAYPOINT_DRIVE,697,3,1788842957478.329,100.136,timestamp_domain.system_time,88751218.000,78.000,1,88751234.000,88751250.000,16.000,32.000,88751250.000,32.000,1,1,pnp_visible_ransac,9,0.443,4.1365,0.067383,3.650593,1.0575
2026-09-08T13:49:17.605,248,212,WAYPOINT_DRIVE,WAYPOINT_DRIVE,700,3,1788842957578.333,100.004,timestamp_domain.system_time,88751312.000,94.000,1,88751312.000,88751328.000,16.000,16.000,88751343.000,31.000,1,1,pnp_visible_ransac,9,0.410,3.9712,0.070214,3.641227,1.1047
2026-09-08T13:49:17.685,249,213,WAYPOINT_DRIVE,WAYPOINT_DRIVE,702,2,1788842957644.986,66.652,timestamp_domain.system_time,88751390.000,78.000,1,88751406.000,88751421.000,15.000,31.000,88751421.000,31.000,1,1,pnp_visible_ransac,9,0.413,4.1564,0.066993,3.615159,1.0616
2026-09-08T13:49:17.772,250,214,WAYPOINT_DRIVE,WAYPOINT_DRIVE,705,3,1788842957745.051,100.066,timestamp_domain.system_time,88751484.000,94.000,1,88751484.000,88751500.000,16.000,16.000,88751500.000,16.000,1,1,pnp_visible_ransac,9,0.459,3.7412,0.073617,3.602968,1.1705
2026-09-08T13:49:17.853,251,215,WAYPOINT_DRIVE,WAYPOINT_DRIVE,707,2,1788842957811.652,66.601,timestamp_domain.system_time,88751562.000,78.000,1,88751578.000,88751578.000,0.000,16.000,88751578.000,16.000,1,1,pnp_visible_ransac,9,0.468,3.4496,0.074770,3.587299,1.1940
2026-09-08T13:49:17.940,252,216,WAYPOINT_DRIVE,WAYPOINT_DRIVE,710,3,1788842957911.914,100.262,timestamp_domain.system_time,88751656.000,94.000,1,88751656.000,88751656.000,0.000,0.000,88751671.000,15.000,1,1,pnp_visible_ransac,9,0.489,3.7357,0.073621,3.556832,1.1858
2026-09-08T13:49:18.020,253,217,WAYPOINT_DRIVE,WAYPOINT_DRIVE,712,2,1788842957978.634,66.719,timestamp_domain.system_time,88751734.000,78.000,1,88751734.000,88751750.000,16.000,16.000,88751750.000,16.000,1,1,pnp_visible_ransac,9,0.463,3.8416,0.075853,3.534647,1.2294
2026-09-08T13:49:18.148,254,218,WAYPOINT_DRIVE,WAYPOINT_DRIVE,714,2,1788842958045.473,66.839,timestamp_domain.system_time,88751859.000,125.000,1,88751859.000,88751875.000,16.000,16.000,88751875.000,16.000,1,1,pnp_visible_ransac,9,0.503,3.2641,0.078034,3.543371,1.2616
2026-09-08T13:49:18.255,255,219,WAYPOINT_DRIVE,WAYPOINT_DRIVE,719,5,1788842958212.153,166.680,timestamp_domain.system_time,88751968.000,109.000,1,88751968.000,88751984.000,16.000,16.000,88751984.000,16.000,1,1,pnp_visible_ransac,9,0.465,3.7477,0.078224,3.510158,1.2766
2026-09-08T13:49:18.349,256,220,WAYPOINT_DRIVE,WAYPOINT_DRIVE,722,3,1788842958312.227,100.074,timestamp_domain.system_time,88752046.000,78.000,1,88752062.000,88752078.000,16.000,32.000,88752078.000,32.000,1,1,pnp_visible_ransac,9,0.507,3.6588,0.079183,3.481107,1.3031
2026-09-08T13:49:18.460,257,221,WAYPOINT_DRIVE,WAYPOINT_DRIVE,725,3,1788842958412.107,99.880,timestamp_domain.system_time,88752156.000,110.000,1,88752171.000,88752187.000,16.000,31.000,88752187.000,31.000,1,1,pnp_visible_ransac,9,0.461,3.6548,0.082845,3.443907,1.3780
2026-09-08T13:49:18.586,258,222,WAYPOINT_DRIVE,WAYPOINT_DRIVE,729,4,1788842958545.633,133.526,timestamp_domain.system_time,88752281.000,125.000,1,88752296.000,88752312.000,16.000,31.000,88752312.000,31.000,1,1,pnp_visible_ransac,9,0.455,3.9762,0.079277,3.424714,1.3261
2026-09-08T13:49:18.683,259,223,WAYPOINT_DRIVE,WAYPOINT_DRIVE,732,3,1788842958645.451,99.818,timestamp_domain.system_time,88752390.000,109.000,1,88752406.000,88752421.000,15.000,31.000,88752421.000,31.000,1,1,pnp_visible_ransac,9,0.506,4.2129,0.080435,3.389020,1.3596
2026-09-08T13:49:18.773,260,224,WAYPOINT_DRIVE,WAYPOINT_DRIVE,735,3,1788842958745.867,100.416,timestamp_domain.system_time,88752484.000,94.000,1,88752484.000,88752500.000,16.000,16.000,88752500.000,16.000,1,1,pnp_visible_ransac,9,0.516,4.2277,0.081478,3.361038,1.3887
2026-09-08T13:49:18.869,261,225,WAYPOINT_DRIVE_SETTLE,WAYPOINT_DRIVE_SETTLE,738,3,1788842958846.296,100.429,timestamp_domain.system_time,88752578.000,94.000,1,88752593.000,88752593.000,0.000,15.000,88752593.000,15.000,1,1,pnp_visible_ransac,9,0.441,3.9479,0.086856,3.306947,1.5045
2026-09-08T13:49:18.958,262,226,WAYPOINT_DRIVE_SETTLE,WAYPOINT_DRIVE_SETTLE,740,2,1788842958912.577,66.281,timestamp_domain.system_time,88752671.000,93.000,1,88752671.000,88752687.000,16.000,16.000,88752687.000,16.000,1,1,pnp_visible_ransac,9,0.470,4.1000,0.082798,3.297529,1.4384
2026-09-08T13:49:19.048,263,227,WAYPOINT_DRIVE_SETTLE,WAYPOINT_DRIVE_SETTLE,741,1,1788842958945.865,33.288,timestamp_domain.system_time,88752765.000,94.000,1,88752765.000,88752781.000,16.000,16.000,88752781.000,16.000,1,1,pnp_visible_ransac,9,0.550,4.0506,0.084601,3.286346,1.4747
2026-09-08T13:49:19.148,264,228,WAYPOINT_DRIVE_SETTLE,WAYPOINT_DRIVE_SETTLE,746,5,1788842959112.474,166.610,timestamp_domain.system_time,88752859.000,94.000,1,88752859.000,88752875.000,16.000,16.000,88752875.000,16.000,1,1,pnp_visible_ransac,9,0.547,4.5014,0.089359,3.262506,1.5689
2026-09-08T13:49:19.238,265,229,WAYPOINT_DRIVE_SETTLE,WAYPOINT_DRIVE_SETTLE,749,3,1788842959212.828,100.354,timestamp_domain.system_time,88752953.000,94.000,1,88752968.000,88752968.000,0.000,15.000,88752968.000,15.000,1,1,pnp_visible_ransac,9,0.499,4.2309,0.089835,3.237827,1.5893
2026-09-08T13:49:19.329,266,230,WAYPOINT_DRIVE_SETTLE,WAYPOINT_DRIVE_SETTLE,751,2,1788842959279.547,66.719,timestamp_domain.system_time,88753046.000,93.000,1,88753046.000,88753062.000,16.000,16.000,88753062.000,16.000,1,1,pnp_visible_ransac,9,0.564,4.4611,0.090673,3.238874,1.6036
2026-09-08T13:49:19.413,267,231,WAYPOINT_DRIVE_SETTLE,WAYPOINT_DRIVE_SETTLE,754,3,1788842959379.515,99.968,timestamp_domain.system_time,88753125.000,79.000,1,88753125.000,88753140.000,15.000,15.000,88753140.000,15.000,1,1,pnp_visible_ransac,9,0.446,4.3460,0.099979,3.219761,1.7786
2026-09-08T13:49:19.493,268,232,WAYPOINT_DRIVE_SETTLE,WAYPOINT_DRIVE_SETTLE,756,2,1788842959446.318,66.803,timestamp_domain.system_time,88753203.000,78.000,1,88753203.000,88753218.000,15.000,15.000,88753218.000,15.000,1,1,pnp_visible_ransac,9,0.675,4.5094,0.084379,3.238374,1.4926
2026-09-08T13:49:19.593,269,233,WAYPOINT_DRIVE_SETTLE,WAYPOINT_DRIVE_SETTLE,759,3,1788842959546.281,99.962,timestamp_domain.system_time,88753296.000,93.000,1,88753296.000,88753328.000,32.000,32.000,88753328.000,32.000,1,1,pnp_visible_ransac,9,0.565,4.4320,0.076217,3.229088,1.3521
2026-09-08T13:49:19.704,270,234,WAYPOINT_DRIVE_SETTLE,WAYPOINT_DRIVE_SETTLE,762,3,1788842959646.531,100.251,timestamp_domain.system_time,88753406.000,110.000,1,88753406.000,88753421.000,15.000,15.000,88753437.000,31.000,1,1,pnp_visible_ransac,9,0.678,4.4039,0.077872,3.243801,1.3752
2026-09-08T13:49:19.794,271,235,WAYPOINT_DRIVE_SETTLE,WAYPOINT_DRIVE_SETTLE,765,3,1788842959746.471,99.939,timestamp_domain.system_time,88753500.000,94.000,1,88753515.000,88753531.000,16.000,31.000,88753531.000,31.000,1,1,pnp_visible_ransac,9,0.473,4.1791,0.079959,3.234898,1.4159
2026-09-08T13:49:19.895,272,236,WAYPOINT_DRIVE_SETTLE,WAYPOINT_DRIVE_SETTLE,768,3,1788842959848.277,101.806,timestamp_domain.system_time,88753609.000,109.000,1,88753609.000,88753625.000,16.000,16.000,88753625.000,16.000,1,1,pnp_visible_ransac,9,0.592,4.3841,0.077023,3.239587,1.3620
2026-09-08T13:49:19.983,273,237,WAYPOINT_DRIVE_SETTLE,WAYPOINT_DRIVE_SETTLE,771,3,1788842959946.574,98.298,timestamp_domain.system_time,88753687.000,78.000,1,88753687.000,88753718.000,31.000,31.000,88753718.000,31.000,1,1,pnp_visible_ransac,9,0.658,4.2846,0.079494,3.234617,1.4078
2026-09-08T13:49:20.073,274,238,WAYPOINT_DRIVE_SETTLE,WAYPOINT_DRIVE_SETTLE,772,1,1788842959980.008,33.433,timestamp_domain.system_time,88753781.000,94.000,1,88753781.000,88753796.000,15.000,15.000,88753796.000,15.000,1,1,pnp_visible_ransac,9,0.569,4.1329,0.079173,3.238122,1.4006
2026-09-08T13:49:20.173,275,239,WAYPOINT_DRIVE_SETTLE,WAYPOINT_DRIVE_SETTLE,777,5,1788842960146.845,166.838,timestamp_domain.system_time,88753890.000,109.000,1,88753890.000,88753906.000,16.000,16.000,88753906.000,16.000,1,1,pnp_visible_ransac,9,0.611,4.4219,0.078210,3.242508,1.3817
2026-09-08T13:49:20.264,276,240,WAYPOINT_DRIVE_SETTLE,WAYPOINT_DRIVE_SETTLE,779,2,1788842960213.559,66.714,timestamp_domain.system_time,88753968.000,78.000,1,88753968.000,88754000.000,32.000,32.000,88754000.000,32.000,1,1,pnp_visible_ransac,9,0.633,4.3210,0.078837,3.235485,1.3958
2026-09-08T13:49:20.354,277,241,WAYPOINT_DRIVE_SETTLE,WAYPOINT_DRIVE_SETTLE,782,3,1788842960313.726,100.166,timestamp_domain.system_time,88754062.000,94.000,1,88754062.000,88754078.000,16.000,16.000,88754078.000,16.000,1,1,pnp_visible_ransac,9,0.612,4.3512,0.078800,3.236460,1.3947
2026-09-08T13:49:20.444,278,242,WAYPOINT_DRIVE_SETTLE,WAYPOINT_DRIVE_SETTLE,785,3,1788842960413.545,99.819,timestamp_domain.system_time,88754156.000,94.000,1,88754156.000,88754171.000,15.000,15.000,88754171.000,15.000,1,1,pnp_visible_ransac,9,0.624,4.3165,0.079450,3.235765,1.4065
2026-09-08T13:49:20.535,279,243,WAYPOINT_DRIVE_SETTLE,WAYPOINT_DRIVE_SETTLE,788,3,1788842960513.731,100.186,timestamp_domain.system_time,88754250.000,94.000,1,88754250.000,88754265.000,15.000,15.000,88754265.000,15.000,1,1,pnp_visible_ransac,9,0.573,4.3515,0.078795,3.236370,1.3947
2026-09-08T13:49:20.615,280,244,WAYPOINT_DRIVE_SETTLE,WAYPOINT_DRIVE_SETTLE,790,2,1788842960580.339,66.608,timestamp_domain.system_time,88754328.000,78.000,1,88754328.000,88754343.000,15.000,15.000,88754343.000,15.000,1,1,pnp_visible_ransac,9,0.595,4.3091,0.079171,3.238765,1.4003
2026-09-08T13:49:20.706,281,245,WAYPOINT_DRIVE_SETTLE,WAYPOINT_DRIVE_SETTLE,793,3,1788842960680.375,100.036,timestamp_domain.system_time,88754421.000,93.000,1,88754421.000,88754437.000,16.000,16.000,88754437.000,16.000,1,1,pnp_visible_ransac,9,0.581,4.2846,0.078642,3.239327,1.3907
2026-09-08T13:49:20.827,282,246,WAYPOINT_DRIVE_SETTLE,WAYPOINT_DRIVE_SETTLE,796,3,1788842960780.508,100.134,timestamp_domain.system_time,88754531.000,110.000,1,88754531.000,88754562.000,31.000,31.000,88754562.000,31.000,1,1,pnp_visible_ransac,9,0.611,4.3272,0.079201,3.234784,1.4026
2026-09-08T13:49:20.940,283,247,WAYPOINT_DRIVE_SETTLE,WAYPOINT_DRIVE_SETTLE,799,3,1788842960880.679,100.171,timestamp_domain.system_time,88754640.000,109.000,1,88754656.000,88754671.000,15.000,31.000,88754671.000,31.000,1,1,pnp_visible_ransac,9,0.662,4.4991,0.077186,3.240881,1.3643
2026-09-08T13:49:21.029,284,248,WAYPOINT_DRIVE_SETTLE,WAYPOINT_DRIVE_SETTLE,802,3,1788842960981.040,100.362,timestamp_domain.system_time,88754734.000,94.000,1,88754734.000,88754765.000,31.000,31.000,88754765.000,31.000,1,1,pnp_visible_ransac,9,0.661,4.4189,0.078033,3.236335,1.3812
2026-09-08T13:49:21.135,285,249,WAYPOINT_DRIVE_SETTLE,WAYPOINT_DRIVE_SETTLE,803,1,1788842961014.428,33.388,timestamp_domain.system_time,88754843.000,109.000,1,88754843.000,88754859.000,16.000,16.000,88754859.000,16.000,1,1,pnp_visible_ransac,9,0.595,4.3627,0.078550,3.235632,1.3907
2026-09-08T13:49:21.228,286,250,WAYPOINT_DRIVE_SETTLE,WAYPOINT_DRIVE_SETTLE,808,5,1788842961180.960,166.531,timestamp_domain.system_time,88754921.000,78.000,1,88754937.000,88754953.000,16.000,32.000,88754953.000,32.000,1,1,pnp_visible_ransac,9,0.579,4.3168,0.079439,3.235540,1.4065
2026-09-08T13:49:21.318,287,251,WAYPOINT_DRIVE_SETTLE,WAYPOINT_DRIVE_SETTLE,811,3,1788842961280.987,100.027,timestamp_domain.system_time,88755031.000,110.000,1,88755031.000,88755046.000,15.000,15.000,88755046.000,15.000,1,1,pnp_visible_ransac,9,0.582,4.4283,0.078563,3.241512,1.3884
2026-09-08T13:49:21.401,288,252,WAYPOINT_DRIVE_SETTLE,WAYPOINT_DRIVE_SETTLE,813,2,1788842961347.667,66.679,timestamp_domain.system_time,88755109.000,78.000,1,88755109.000,88755125.000,16.000,16.000,88755125.000,16.000,1,1,pnp_visible_ransac,9,0.571,4.4419,0.079417,3.237680,1.4051
2026-09-08T13:49:21.491,289,253,WAYPOINT_DRIVE_SETTLE,WAYPOINT_DRIVE_SETTLE,816,3,1788842961447.829,100.163,timestamp_domain.system_time,88755203.000,94.000,1,88755203.000,88755218.000,15.000,15.000,88755218.000,15.000,1,1,pnp_visible_ransac,9,0.637,4.2042,0.079418,3.232502,1.4074
2026-09-08T13:49:21.568,290,254,WAYPOINT_DRIVE_SETTLE,WAYPOINT_DRIVE_SETTLE,819,3,1788842961547.737,99.908,timestamp_domain.system_time,88755281.000,78.000,1,88755281.000,88755296.000,15.000,15.000,88755296.000,15.000,1,1,pnp_visible_ransac,9,0.713,4.4184,0.078874,3.231217,1.3983
2026-09-08T13:49:21.648,291,255,WAYPOINT_DRIVE_SETTLE,WAYPOINT_DRIVE_SETTLE,821,2,1788842961614.557,66.820,timestamp_domain.system_time,88755359.000,78.000,1,88755359.000,88755375.000,16.000,16.000,88755375.000,16.000,1,1,pnp_visible_ransac,9,0.576,4.5308,0.078047,3.238942,1.3804
2026-09-08T13:49:21.725,292,256,WAYPOINT_DRIVE_SETTLE,WAYPOINT_DRIVE_SETTLE,823,2,1788842961681.241,66.684,timestamp_domain.system_time,88755453.000,94.000,1,88755453.000,88755453.000,0.000,0.000,88755453.000,0.000,1,1,pnp_visible_ransac,9,0.545,4.2147,0.079233,3.240034,1.4008
2026-09-08T13:49:21.815,293,257,STAGING_PLAN,STAGING_PLAN,826,3,1788842961781.436,100.195,timestamp_domain.system_time,88755515.000,62.000,1,88755515.000,88755546.000,31.000,31.000,88755546.000,31.000,1,1,pnp_visible_ransac,9,0.734,4.3011,0.077625,3.240263,1.3723
2026-09-08T13:49:21.941,294,258,WAYPOINT_TURN,WAYPOINT_TURN,829,3,1788842961881.263,99.827,timestamp_domain.system_time,88755640.000,125.000,1,88755640.000,88755671.000,31.000,31.000,88755671.000,31.000,1,1,pnp_visible_ransac,9,0.634,4.3262,0.078201,3.241312,1.3821
2026-09-08T13:49:22.047,295,259,WAYPOINT_TURN,WAYPOINT_TURN,833,4,1788842962014.711,133.448,timestamp_domain.system_time,88755750.000,110.000,1,88755750.000,88755781.000,31.000,31.000,88755781.000,31.000,1,1,pnp_visible_ransac,9,0.633,4.4287,0.077565,3.241911,1.3706
2026-09-08T13:49:22.182,296,260,WAYPOINT_TURN,WAYPOINT_TURN,836,3,1788842962114.731,100.020,timestamp_domain.system_time,88755890.000,140.000,1,88755890.000,88755906.000,16.000,16.000,88755906.000,16.000,1,1,pnp_visible_ransac,9,0.606,4.3921,0.078226,3.241072,1.3826
2026-09-08T13:49:22.266,297,261,WAYPOINT_TURN,WAYPOINT_TURN,839,3,1788842962214.967,100.237,timestamp_domain.system_time,88755968.000,78.000,1,88755984.000,88756000.000,16.000,32.000,88756000.000,32.000,1,1,pnp_visible_ransac,9,0.675,4.2412,0.080497,3.238631,1.4238
2026-09-08T13:49:22.346,298,262,WAYPOINT_TURN,WAYPOINT_TURN,842,3,1788842962315.084,100.117,timestamp_domain.system_time,88756062.000,94.000,1,88756062.000,88756078.000,16.000,16.000,88756078.000,16.000,1,1,pnp_visible_ransac,9,0.673,4.2721,0.080378,3.237247,1.4223
2026-09-08T13:49:22.430,299,263,WAYPOINT_TURN,WAYPOINT_TURN,844,2,1788842962381.767,66.682,timestamp_domain.system_time,88756140.000,78.000,1,88756140.000,88756156.000,16.000,16.000,88756156.000,16.000,1,1,pnp_visible_ransac,9,0.567,4.2832,0.080185,3.238094,1.4185
2026-09-08T13:49:22.507,300,264,WAYPOINT_TURN,WAYPOINT_TURN,847,3,1788842962481.797,100.030,timestamp_domain.system_time,88756234.000,94.000,1,88756234.000,88756234.000,0.000,0.000,88756234.000,0.000,1,1,pnp_visible_ransac,9,0.604,4.2614,0.080698,3.240400,1.4266
2026-09-08T13:49:22.602,301,265,WAYPOINT_TURN,WAYPOINT_TURN,850,3,1788842962581.825,100.028,timestamp_domain.system_time,88756312.000,78.000,1,88756328.000,88756328.000,0.000,16.000,88756328.000,16.000,1,1,pnp_visible_ransac,9,0.666,4.4401,0.078974,3.243687,1.3947
2026-09-08T13:49:22.694,302,266,WAYPOINT_TURN,WAYPOINT_TURN,852,2,1788842962648.625,66.799,timestamp_domain.system_time,88756406.000,94.000,1,88756406.000,88756421.000,15.000,15.000,88756421.000,15.000,1,1,pnp_visible_ransac,9,0.646,4.3550,0.080543,3.242676,1.4228
2026-09-08T13:49:22.779,303,267,WAYPOINT_TURN,WAYPOINT_TURN,855,3,1788842962748.529,99.905,timestamp_domain.system_time,88756484.000,78.000,1,88756500.000,88756515.000,15.000,31.000,88756515.000,31.000,1,1,pnp_visible_ransac,9,0.875,4.4765,0.084987,3.236949,1.5040
2026-09-08T13:49:22.866,304,268,WAYPOINT_TURN,WAYPOINT_TURN,857,2,1788842962815.386,66.857,timestamp_domain.system_time,88756578.000,94.000,1,88756578.000,88756593.000,15.000,15.000,88756593.000,15.000,1,1,pnp_visible_ransac,9,0.577,4.2888,0.091547,3.223357,1.6268
2026-09-08T13:49:22.948,305,269,WAYPOINT_TURN,WAYPOINT_TURN,860,3,1788842962915.358,99.971,timestamp_domain.system_time,88756656.000,78.000,1,88756671.000,88756671.000,0.000,15.000,88756671.000,15.000,1,1,pnp_visible_ransac,9,0.579,4.3191,0.092435,3.228330,1.6401
2026-09-08T13:49:23.050,306,270,WAYPOINT_TURN,WAYPOINT_TURN,863,3,1788842963015.702,100.344,timestamp_domain.system_time,88756750.000,94.000,1,88756765.000,88756781.000,16.000,31.000,88756781.000,31.000,1,1,pnp_visible_ransac,9,0.401,4.1247,0.107209,3.224819,1.9041
2026-09-08T13:49:23.172,307,271,WAYPOINT_TURN,WAYPOINT_TURN,866,3,1788842963115.732,100.031,timestamp_domain.system_time,88756890.000,140.000,1,88756890.000,88756906.000,16.000,16.000,88756906.000,16.000,1,1,pnp_visible_ransac,9,1.009,5.2137,0.114827,3.221407,2.0414
2026-09-08T13:49:23.253,308,272,WAYPOINT_TURN,WAYPOINT_TURN,869,3,1788842963215.193,99.461,timestamp_domain.system_time,88756968.000,78.000,1,88756968.000,88756984.000,16.000,16.000,88756984.000,16.000,1,1,pnp_visible_ransac,9,0.856,5.0327,0.144684,3.214600,2.5771
2026-09-08T13:49:23.324,309,273,WAYPOINT_TURN,WAYPOINT_TURN,871,2,1788842963282.003,66.810,timestamp_domain.system_time,88757031.000,63.000,1,88757046.000,88757062.000,16.000,31.000,88757062.000,31.000,1,1,pnp_visible_ransac,9,0.688,5.5589,0.166546,3.226797,2.9546
2026-09-08T13:49:23.395,310,274,WAYPOINT_TURN,WAYPOINT_TURN,873,2,1788842963348.881,66.878,timestamp_domain.system_time,88757109.000,78.000,1,88757109.000,88757125.000,16.000,16.000,88757125.000,16.000,1,1,pnp_visible_ransac,9,0.510,5.5999,0.202941,3.217975,3.6086
2026-09-08T13:49:23.455,311,275,WAYPOINT_TURN,WAYPOINT_TURN,875,2,1788842963415.847,66.966,timestamp_domain.system_time,88757171.000,62.000,1,88757171.000,88757187.000,16.000,16.000,88757187.000,16.000,1,1,pnp_visible_ransac,9,0.768,6.5381,0.237902,3.226249,4.2173
2026-09-08T13:49:23.529,312,276,WAYPOINT_TURN_SETTLE,WAYPOINT_TURN_SETTLE,877,2,1788842963482.284,66.437,timestamp_domain.system_time,88757250.000,79.000,1,88757250.000,88757265.000,15.000,15.000,88757265.000,15.000,1,1,pnp_visible_ransac,9,0.925,7.0480,0.277789,3.210564,4.9451
2026-09-08T13:49:23.586,313,277,WAYPOINT_TURN_SETTLE,WAYPOINT_TURN_SETTLE,879,2,1788842963548.997,66.714,timestamp_domain.system_time,88757312.000,62.000,1,88757312.000,88757312.000,0.000,0.000,88757312.000,0.000,1,1,pnp_visible_ransac,9,0.759,7.7170,0.332718,3.224617,5.8910
2026-09-08T13:49:23.659,314,278,WAYPOINT_TURN_SETTLE,WAYPOINT_TURN_SETTLE,881,2,1788842963615.712,66.715,timestamp_domain.system_time,88757375.000,63.000,1,88757375.000,88757390.000,15.000,15.000,88757390.000,15.000,1,1,pnp_visible_ransac,9,0.786,8.2879,0.380956,3.211888,6.7641
2026-09-08T13:49:23.726,315,279,WAYPOINT_TURN_SETTLE,WAYPOINT_TURN_SETTLE,883,2,1788842963682.464,66.752,timestamp_domain.system_time,88757437.000,62.000,1,88757437.000,88757453.000,16.000,16.000,88757453.000,16.000,1,1,pnp_visible_ransac,9,0.714,8.9078,0.433601,3.210038,7.6928
2026-09-08T13:49:23.787,316,280,WAYPOINT_TURN_SETTLE,WAYPOINT_TURN_SETTLE,885,2,1788842963749.094,66.630,timestamp_domain.system_time,88757500.000,63.000,1,88757500.000,88757515.000,15.000,15.000,88757515.000,15.000,1,1,pnp_visible_ransac,9,0.669,9.7089,0.452014,3.180104,8.0897
2026-09-08T13:49:23.855,317,281,WAYPOINT_TURN_SETTLE,WAYPOINT_TURN_SETTLE,887,2,1788842963816.026,66.932,timestamp_domain.system_time,88757562.000,62.000,1,88757562.000,88757578.000,16.000,16.000,88757593.000,31.000,1,1,pnp_visible_ransac,9,0.679,9.1664,0.438550,3.206551,7.7878
2026-09-08T13:49:23.916,318,282,WAYPOINT_TURN_SETTLE,WAYPOINT_TURN_SETTLE,889,2,1788842963882.639,66.612,timestamp_domain.system_time,88757625.000,63.000,1,88757625.000,88757640.000,15.000,15.000,88757640.000,15.000,1,1,pnp_visible_ransac,9,0.841,8.6511,0.388142,3.209073,6.8965
2026-09-08T13:49:23.986,319,283,WAYPOINT_TURN_SETTLE,WAYPOINT_TURN_SETTLE,891,2,1788842963949.476,66.838,timestamp_domain.system_time,88757687.000,62.000,1,88757687.000,88757718.000,31.000,31.000,88757718.000,31.000,1,1,pnp_visible_ransac,9,0.692,8.5447,0.381353,3.213707,6.7673
2026-09-08T13:49:24.048,320,284,WAYPOINT_TURN_SETTLE,WAYPOINT_TURN_SETTLE,893,2,1788842964016.456,66.979,timestamp_domain.system_time,88757765.000,78.000,1,88757765.000,88757781.000,16.000,16.000,88757781.000,16.000,1,1,pnp_visible_ransac,9,0.732,8.4304,0.386522,3.207375,6.8716
2026-09-08T13:49:24.196,321,285,WAYPOINT_TURN_SETTLE,WAYPOINT_TURN_SETTLE,894,1,1788842964049.324,32.868,timestamp_domain.system_time,88757890.000,125.000,1,88757890.000,88757921.000,31.000,31.000,88757921.000,31.000,1,1,pnp_visible_ransac,9,0.703,8.7307,0.387580,3.209039,6.8867
2026-09-08T13:49:24.268,322,286,WAYPOINT_TURN_SETTLE,WAYPOINT_TURN_SETTLE,899,5,1788842964216.256,166.932,timestamp_domain.system_time,88757968.000,78.000,1,88757968.000,88758000.000,32.000,32.000,88758000.000,32.000,1,1,pnp_visible_ransac,9,0.818,8.5949,0.386620,3.206803,6.8745
2026-09-08T13:49:24.354,323,287,WAYPOINT_TURN_SETTLE,WAYPOINT_TURN_SETTLE,902,3,1788842964316.177,99.921,timestamp_domain.system_time,88758046.000,78.000,1,88758046.000,88758078.000,32.000,32.000,88758078.000,32.000,1,1,pnp_visible_ransac,9,0.844,8.7752,0.388069,3.209289,6.8948
2026-09-08T13:49:24.431,324,288,WAYPOINT_TURN_SETTLE,WAYPOINT_TURN_SETTLE,904,2,1788842964382.720,66.543,timestamp_domain.system_time,88758125.000,79.000,1,88758125.000,88758156.000,31.000,31.000,88758156.000,31.000,1,1,pnp_visible_ransac,9,0.796,8.6656,0.387435,3.209845,6.8824
2026-09-08T13:49:24.522,325,289,WAYPOINT_TURN_SETTLE,WAYPOINT_TURN_SETTLE,907,3,1788842964483.114,100.394,timestamp_domain.system_time,88758218.000,93.000,1,88758218.000,88758250.000,32.000,32.000,88758250.000,32.000,1,1,pnp_visible_ransac,9,0.784,8.8473,0.386986,3.209745,6.8747
2026-09-08T13:49:24.598,326,290,WAYPOINT_TURN_SETTLE,WAYPOINT_TURN_SETTLE,909,2,1788842964549.855,66.741,timestamp_domain.system_time,88758296.000,78.000,1,88758296.000,88758328.000,32.000,32.000,88758328.000,32.000,1,1,pnp_visible_ransac,9,0.845,8.6911,0.387270,3.212158,6.8746
2026-09-08T13:49:24.685,327,291,WAYPOINT_TURN_SETTLE,WAYPOINT_TURN_SETTLE,912,3,1788842964649.875,100.020,timestamp_domain.system_time,88758390.000,94.000,1,88758390.000,88758421.000,31.000,31.000,88758421.000,31.000,1,1,pnp_visible_ransac,9,0.719,8.7255,0.387613,3.212281,6.8804
2026-09-08T13:49:24.765,328,292,WAYPOINT_TURN_SETTLE,WAYPOINT_TURN_SETTLE,914,2,1788842964716.579,66.703,timestamp_domain.system_time,88758453.000,63.000,1,88758453.000,88758500.000,47.000,47.000,88758500.000,47.000,1,1,pnp_visible_ransac,9,0.885,8.7901,0.386870,3.207959,6.8765
2026-09-08T13:49:24.846,329,293,WAYPOINT_TURN_SETTLE,WAYPOINT_TURN_SETTLE,916,2,1788842964783.352,66.773,timestamp_domain.system_time,88758546.000,93.000,1,88758546.000,88758578.000,32.000,32.000,88758578.000,32.000,1,1,pnp_visible_ransac,9,0.868,8.5820,0.387319,3.206063,6.8884
2026-09-08T13:49:24.929,330,294,WAYPOINT_TURN_SETTLE,WAYPOINT_TURN_SETTLE,919,3,1788842964883.289,99.937,timestamp_domain.system_time,88758625.000,79.000,1,88758625.000,88758656.000,31.000,31.000,88758656.000,31.000,1,1,pnp_visible_ransac,9,0.863,8.7224,0.387033,3.210973,6.8730
2026-09-08T13:49:25.007,331,295,WAYPOINT_TURN_SETTLE,WAYPOINT_TURN_SETTLE,921,2,1788842964950.000,66.711,timestamp_domain.system_time,88758703.000,78.000,1,88758703.000,88758734.000,31.000,31.000,88758734.000,31.000,1,1,pnp_visible_ransac,9,0.850,8.6368,0.387376,3.208934,6.8833
2026-09-08T13:49:25.084,332,296,WAYPOINT_TURN_SETTLE,WAYPOINT_TURN_SETTLE,923,2,1788842965016.831,66.831,timestamp_domain.system_time,88758781.000,78.000,1,88758781.000,88758812.000,31.000,31.000,88758812.000,31.000,1,1,pnp_visible_ransac,9,0.891,8.5761,0.387592,3.209468,6.8860
2026-09-08T13:49:25.179,333,297,WAYPOINT_TURN_SETTLE,WAYPOINT_TURN_SETTLE,924,1,1788842965050.556,33.726,timestamp_domain.system_time,88758875.000,94.000,1,88758875.000,88758906.000,31.000,31.000,88758906.000,31.000,1,1,pnp_visible_ransac,9,0.920,8.6157,0.387285,3.204947,6.8902
2026-09-08T13:49:25.263,334,298,WAYPOINT_TURN_SETTLE,WAYPOINT_TURN_SETTLE,929,5,1788842965216.572,166.016,timestamp_domain.system_time,88758953.000,78.000,1,88758953.000,88758984.000,31.000,31.000,88759000.000,47.000,1,1,pnp_visible_ransac,9,0.818,8.6650,0.387497,3.210271,6.8826
2026-09-08T13:49:25.341,335,299,WAYPOINT_TURN_SETTLE,WAYPOINT_TURN_SETTLE,931,2,1788842965283.448,66.876,timestamp_domain.system_time,88759046.000,93.000,1,88759046.000,88759078.000,32.000,32.000,88759078.000,32.000,1,1,pnp_visible_ransac,9,0.838,8.6983,0.387201,3.208763,6.8806
2026-09-08T13:49:25.425,336,300,WAYPOINT_TURN_SETTLE,WAYPOINT_TURN_SETTLE,934,3,1788842965383.633,100.185,timestamp_domain.system_time,88759109.000,63.000,1,88759125.000,88759156.000,31.000,47.000,88759156.000,47.000,1,1,pnp_visible_ransac,9,0.744,8.7555,0.387375,3.210990,6.8789
2026-09-08T13:49:25.508,337,301,WAYPOINT_TURN_SETTLE,WAYPOINT_TURN_SETTLE,936,2,1788842965450.594,66.961,timestamp_domain.system_time,88759203.000,94.000,1,88759203.000,88759234.000,31.000,31.000,88759234.000,31.000,1,1,pnp_visible_ransac,9,0.781,8.6332,0.387721,3.211339,6.8843
2026-09-08T13:49:25.585,338,302,WAYPOINT_TURN_SETTLE,WAYPOINT_TURN_SETTLE,939,3,1788842965550.338,99.744,timestamp_domain.system_time,88759281.000,78.000,1,88759281.000,88759312.000,31.000,31.000,88759312.000,31.000,1,1,pnp_visible_ransac,9,0.816,8.6028,0.387425,3.210152,6.8816
2026-09-08T13:49:25.664,339,303,WAYPOINT_TURN_SETTLE,WAYPOINT_TURN_SETTLE,941,2,1788842965617.037,66.699,timestamp_domain.system_time,88759359.000,78.000,1,88759359.000,88759390.000,31.000,31.000,88759390.000,31.000,1,1,pnp_visible_ransac,9,0.778,8.6540,0.387309,3.213093,6.8733
2026-09-08T13:49:25.738,340,304,WAYPOINT_TURN_SETTLE,WAYPOINT_TURN_SETTLE,943,2,1788842965683.967,66.930,timestamp_domain.system_time,88759437.000,78.000,1,88759437.000,88759468.000,31.000,31.000,88759468.000,31.000,1,1,pnp_visible_ransac,9,0.744,8.7555,0.387375,3.210990,6.8789
2026-09-08T13:49:25.831,341,305,WAYPOINT_TURN_SETTLE,WAYPOINT_TURN_SETTLE,946,3,1788842965784.177,100.210,timestamp_domain.system_time,88759531.000,94.000,1,88759531.000,88759562.000,31.000,31.000,88759562.000,31.000,1,1,pnp_visible_ransac,9,0.879,8.8514,0.386705,3.207870,6.8738
2026-09-08T13:49:25.911,342,306,WAYPOINT_TURN_SETTLE,WAYPOINT_TURN_SETTLE,948,2,1788842965850.784,66.607,timestamp_domain.system_time,88759593.000,62.000,1,88759609.000,88759640.000,31.000,47.000,88759640.000,47.000,1,1,pnp_visible_ransac,9,0.856,8.5741,0.387349,3.209112,6.8825
2026-09-08T13:49:25.982,343,307,WAYPOINT_TURN_SETTLE,WAYPOINT_TURN_SETTLE,951,3,1788842965950.730,99.946,timestamp_domain.system_time,88759687.000,94.000,1,88759687.000,88759718.000,31.000,31.000,88759718.000,31.000,1,1,pnp_visible_ransac,9,0.854,8.6984,0.387249,3.209145,6.8806
2026-09-08T13:49:26.074,344,308,WAYPOINT_TURN_SETTLE,WAYPOINT_TURN_SETTLE,953,2,1788842966017.979,67.250,timestamp_domain.system_time,88759765.000,78.000,1,88759765.000,88759796.000,31.000,31.000,88759812.000,47.000,1,1,pnp_visible_ransac,9,0.926,8.7672,0.386766,3.203772,6.8836
2026-09-08T13:49:26.199,345,309,WAYPOINT_TURN_SETTLE,WAYPOINT_TURN_SETTLE,955,2,1788842966084.433,66.454,timestamp_domain.system_time,88759875.000,110.000,1,88759890.000,88759937.000,47.000,62.000,88759937.000,62.000,1,1,pnp_visible_ransac,9,0.796,8.6662,0.387446,3.209973,6.8823
2026-09-08T13:49:26.282,346,310,WAYPOINT_TURN_SETTLE,WAYPOINT_TURN_SETTLE,959,4,1788842966217.682,133.250,timestamp_domain.system_time,88759984.000,109.000,1,88759984.000,88760015.000,31.000,31.000,88760015.000,31.000,1,1,pnp_visible_ransac,9,0.860,8.6961,0.387279,3.209213,6.8810
2026-09-08T13:49:26.364,347,311,WAYPOINT_TURN_SETTLE,WAYPOINT_TURN_SETTLE,962,3,1788842966317.653,99.971,timestamp_domain.system_time,88760062.000,78.000,1,88760062.000,88760093.000,31.000,31.000,88760093.000,31.000,1,1,pnp_visible_ransac,9,0.856,8.6429,0.387384,3.206067,6.8896
2026-09-08T13:49:26.454,348,312,WAYPOINT_DRIVE,WAYPOINT_DRIVE,964,2,1788842966384.394,66.741,timestamp_domain.system_time,88760140.000,78.000,1,88760140.000,88760187.000,47.000,47.000,88760187.000,47.000,1,1,pnp_visible_ransac,9,0.838,8.6973,0.387229,3.208916,6.8808
2026-09-08T13:49:26.533,349,313,WAYPOINT_DRIVE,WAYPOINT_DRIVE,967,3,1788842966484.528,100.133,timestamp_domain.system_time,88760234.000,94.000,1,88760234.000,88760265.000,31.000,31.000,88760265.000,31.000,1,1,pnp_visible_ransac,9,0.802,8.6724,0.387455,3.207104,6.8886
2026-09-08T13:49:26.614,350,314,WAYPOINT_DRIVE,WAYPOINT_DRIVE,969,2,1788842966551.294,66.767,timestamp_domain.system_time,88760312.000,78.000,1,88760312.000,88760343.000,31.000,31.000,88760343.000,31.000,1,1,pnp_visible_ransac,9,0.838,8.6973,0.387229,3.208916,6.8808
2026-09-08T13:49:26.698,351,315,WAYPOINT_DRIVE,WAYPOINT_DRIVE,972,3,1788842966651.223,99.929,timestamp_domain.system_time,88760390.000,78.000,1,88760390.000,88760406.000,16.000,16.000,88760421.000,31.000,1,1,pnp_visible_ransac,9,0.757,8.6344,0.387670,3.211041,6.8840
2026-09-08T13:49:26.773,352,316,WAYPOINT_DRIVE,WAYPOINT_DRIVE,974,2,1788842966717.672,66.449,timestamp_domain.system_time,88760468.000,78.000,1,88760468.000,88760500.000,32.000,32.000,88760500.000,32.000,1,1,pnp_visible_ransac,9,0.759,8.6325,0.387473,3.211045,6.8805
2026-09-08T13:49:26.849,353,317,WAYPOINT_DRIVE,WAYPOINT_DRIVE,977,3,1788842966817.772,100.100,timestamp_domain.system_time,88760546.000,78.000,1,88760562.000,88760578.000,16.000,32.000,88760578.000,32.000,1,1,pnp_visible_ransac,9,0.570,8.3499,0.379669,3.213531,6.7381
2026-09-08T13:49:26.934,354,318,WAYPOINT_DRIVE,WAYPOINT_DRIVE,979,2,1788842966885.734,67.962,timestamp_domain.system_time,88760625.000,79.000,1,88760625.000,88760671.000,46.000,46.000,88760671.000,46.000,1,1,pnp_visible_ransac,9,0.555,8.4651,0.376001,3.216189,6.6681
2026-09-08T13:49:27.016,355,319,WAYPOINT_DRIVE,WAYPOINT_DRIVE,982,3,1788842966984.764,99.030,timestamp_domain.system_time,88760718.000,93.000,1,88760718.000,88760750.000,32.000,32.000,88760750.000,32.000,1,1,pnp_visible_ransac,9,0.579,8.3711,0.379047,3.212019,6.7303
2026-09-08T13:49:27.108,356,320,WAYPOINT_DRIVE,WAYPOINT_DRIVE,983,1,1788842967018.817,34.053,timestamp_domain.system_time,88760796.000,78.000,1,88760812.000,88760843.000,31.000,47.000,88760843.000,47.000,1,1,pnp_visible_ransac,9,0.690,8.3381,0.378691,3.211889,6.7243
2026-09-08T13:49:27.230,357,321,WAYPOINT_DRIVE,WAYPOINT_DRIVE,987,4,1788842967151.747,132.930,timestamp_domain.system_time,88760921.000,125.000,1,88760921.000,88760953.000,32.000,32.000,88760953.000,32.000,1,1,pnp_visible_ransac,9,0.711,8.3608,0.378467,3.213612,6.7168
2026-09-08T13:49:27.302,358,322,WAYPOINT_DRIVE,WAYPOINT_DRIVE,990,3,1788842967251.727,99.980,timestamp_domain.system_time,88761000.000,79.000,1,88761000.000,88761031.000,31.000,31.000,88761031.000,31.000,1,1,pnp_visible_ransac,9,0.635,8.4204,0.378607,3.215793,6.7147
2026-09-08T13:49:27.396,359,323,WAYPOINT_DRIVE,WAYPOINT_DRIVE,993,3,1788842967351.700,99.972,timestamp_domain.system_time,88761078.000,78.000,1,88761078.000,88761125.000,47.000,47.000,88761125.000,47.000,1,1,pnp_visible_ransac,9,0.697,8.3236,0.381317,3.212234,6.7698
2026-09-08T13:49:27.473,360,324,WAYPOINT_DRIVE,WAYPOINT_DRIVE,995,2,1788842967418.172,66.472,timestamp_domain.system_time,88761171.000,93.000,1,88761171.000,88761203.000,32.000,32.000,88761203.000,32.000,1,1,pnp_visible_ransac,9,0.513,8.3520,0.379544,3.209260,6.7448
2026-09-08T13:49:27.564,361,325,WAYPOINT_DRIVE,WAYPOINT_DRIVE,998,3,1788842967518.685,100.513,timestamp_domain.system_time,88761265.000,94.000,1,88761265.000,88761296.000,31.000,31.000,88761296.000,31.000,1,1,pnp_visible_ransac,9,0.783,8.3163,0.377849,3.201847,6.7303
2026-09-08T13:49:27.636,362,326,WAYPOINT_DRIVE,WAYPOINT_DRIVE,1000,2,1788842967585.328,66.643,timestamp_domain.system_time,88761328.000,63.000,1,88761328.000,88761375.000,47.000,47.000,88761375.000,47.000,1,1,pnp_visible_ransac,9,0.702,8.4958,0.377701,3.203975,6.7233
2026-09-08T13:49:27.729,363,327,WAYPOINT_DRIVE,WAYPOINT_DRIVE,1003,3,1788842967685.361,100.033,timestamp_domain.system_time,88761421.000,93.000,1,88761421.000,88761453.000,32.000,32.000,88761453.000,32.000,1,1,pnp_visible_ransac,9,0.637,8.4485,0.375904,3.194976,6.7103
2026-09-08T13:49:27.808,364,328,WAYPOINT_DRIVE,WAYPOINT_DRIVE,1005,2,1788842967752.142,66.781,timestamp_domain.system_time,88761515.000,94.000,1,88761515.000,88761546.000,31.000,31.000,88761546.000,31.000,1,1,pnp_visible_ransac,9,0.579,8.3339,0.375089,3.181557,6.7238
2026-09-08T13:49:27.886,365,329,WAYPOINT_DRIVE,WAYPOINT_DRIVE,1008,3,1788842967852.151,100.009,timestamp_domain.system_time,88761578.000,63.000,1,88761578.000,88761625.000,47.000,47.000,88761625.000,47.000,1,1,pnp_visible_ransac,9,0.496,8.5388,0.374808,3.170953,6.7411
2026-09-08T13:49:27.971,366,330,WAYPOINT_DRIVE,WAYPOINT_DRIVE,1010,2,1788842967918.738,66.587,timestamp_domain.system_time,88761671.000,93.000,1,88761671.000,88761703.000,32.000,32.000,88761703.000,32.000,1,1,pnp_visible_ransac,9,0.821,8.4521,0.375510,3.149369,6.7995
2026-09-08T13:49:28.051,367,331,WAYPOINT_DRIVE,WAYPOINT_DRIVE,1013,3,1788842968019.981,101.243,timestamp_domain.system_time,88761750.000,79.000,1,88761750.000,88761781.000,31.000,31.000,88761781.000,31.000,1,1,pnp_visible_ransac,9,0.723,8.6301,0.376415,3.132877,6.8512
2026-09-08T13:49:28.143,368,332,WAYPOINT_DRIVE,WAYPOINT_DRIVE,1014,1,1788842968052.067,32.086,timestamp_domain.system_time,88761843.000,93.000,1,88761843.000,88761875.000,32.000,32.000,88761875.000,32.000,1,1,pnp_visible_ransac,9,0.636,8.5660,0.375685,3.125851,6.8533
2026-09-08T13:49:28.222,369,333,WAYPOINT_DRIVE,WAYPOINT_DRIVE,1018,4,1788842968185.754,133.687,timestamp_domain.system_time,88761921.000,78.000,1,88761921.000,88761953.000,32.000,32.000,88761953.000,32.000,1,1,pnp_visible_ransac,9,0.769,8.6481,0.375163,3.101549,6.8970
2026-09-08T13:49:28.307,370,334,WAYPOINT_DRIVE,WAYPOINT_DRIVE,1020,2,1788842968252.492,66.737,timestamp_domain.system_time,88762000.000,79.000,1,88762000.000,88762031.000,31.000,31.000,88762031.000,31.000,1,1,pnp_visible_ransac,9,0.928,8.7123,0.375564,3.092987,6.9232
2026-09-08T13:49:28.387,371,335,WAYPOINT_DRIVE,WAYPOINT_DRIVE,1023,3,1788842968352.586,100.094,timestamp_domain.system_time,88762093.000,93.000,1,88762093.000,88762125.000,32.000,32.000,88762125.000,32.000,1,1,pnp_visible_ransac,9,0.720,8.3507,0.378731,3.061420,7.0523
2026-09-08T13:49:28.478,372,336,WAYPOINT_DRIVE,WAYPOINT_DRIVE,1025,2,1788842968419.189,66.603,timestamp_domain.system_time,88762171.000,78.000,1,88762171.000,88762203.000,32.000,32.000,88762203.000,32.000,1,1,pnp_visible_ransac,9,0.757,8.6131,0.377579,3.044985,7.0686
2026-09-08T13:49:28.557,373,337,WAYPOINT_DRIVE,WAYPOINT_DRIVE,1028,3,1788842968519.240,100.051,timestamp_domain.system_time,88762250.000,79.000,1,88762265.000,88762281.000,16.000,31.000,88762281.000,31.000,1,1,pnp_visible_ransac,9,0.655,8.5159,0.379468,3.023879,7.1527
2026-09-08T13:49:28.642,374,338,WAYPOINT_DRIVE,WAYPOINT_DRIVE,1030,2,1788842968586.062,66.822,timestamp_domain.system_time,88762343.000,93.000,1,88762343.000,88762375.000,32.000,32.000,88762375.000,32.000,1,1,pnp_visible_ransac,9,0.693,8.4499,0.380002,3.007580,7.2011
2026-09-08T13:49:28.731,375,339,WAYPOINT_DRIVE,WAYPOINT_DRIVE,1033,3,1788842968686.181,100.119,timestamp_domain.system_time,88762421.000,78.000,1,88762421.000,88762468.000,47.000,47.000,88762468.000,47.000,1,1,pnp_visible_ransac,9,0.515,8.5054,0.382836,2.980709,7.3189
2026-09-08T13:49:28.814,376,340,WAYPOINT_DRIVE,WAYPOINT_DRIVE,1035,2,1788842968752.723,66.542,timestamp_domain.system_time,88762500.000,79.000,1,88762515.000,88762546.000,31.000,46.000,88762546.000,46.000,1,1,pnp_visible_ransac,9,0.596,8.8525,0.382353,2.994113,7.2774
2026-09-08T13:49:28.893,377,341,WAYPOINT_DRIVE,WAYPOINT_DRIVE,1038,3,1788842968852.968,100.245,timestamp_domain.system_time,88762593.000,93.000,1,88762593.000,88762625.000,32.000,32.000,88762625.000,32.000,1,1,pnp_visible_ransac,9,0.599,8.4463,0.386105,2.940844,7.4796
2026-09-08T13:49:28.978,378,342,WAYPOINT_DRIVE,WAYPOINT_DRIVE,1040,2,1788842968919.712,66.744,timestamp_domain.system_time,88762671.000,78.000,1,88762671.000,88762703.000,32.000,32.000,88762703.000,32.000,1,1,pnp_visible_ransac,9,0.682,8.9345,0.385018,2.950814,7.4339
2026-09-08T13:49:29.074,379,343,WAYPOINT_DRIVE,WAYPOINT_DRIVE,1043,3,1788842969019.788,100.076,timestamp_domain.system_time,88762765.000,94.000,1,88762765.000,88762796.000,31.000,31.000,88762812.000,47.000,1,1,pnp_visible_ransac,9,0.571,8.8555,0.388852,2.949347,7.5108
2026-09-08T13:49:29.150,380,344,WAYPOINT_DRIVE,WAYPOINT_DRIVE,1044,1,1788842969053.278,33.490,timestamp_domain.system_time,88762843.000,78.000,1,88762843.000,88762875.000,32.000,32.000,88762875.000,32.000,1,1,pnp_visible_ransac,9,0.608,8.8633,0.389458,2.932555,7.5649
2026-09-08T13:49:29.233,381,345,WAYPOINT_DRIVE,WAYPOINT_DRIVE,1048,4,1788842969186.084,132.806,timestamp_domain.system_time,88762921.000,78.000,1,88762921.000,88762968.000,47.000,47.000,88762968.000,47.000,1,1,pnp_visible_ransac,9,0.517,8.7268,0.391962,2.892912,7.7160
2026-09-08T13:49:29.313,382,346,WAYPOINT_DRIVE,WAYPOINT_DRIVE,1050,2,1788842969253.264,67.180,timestamp_domain.system_time,88763015.000,94.000,1,88763015.000,88763046.000,31.000,31.000,88763046.000,31.000,1,1,pnp_visible_ransac,9,0.490,8.8788,0.393795,2.882545,7.7792
2026-09-08T13:49:29.394,383,347,WAYPOINT_DRIVE,WAYPOINT_DRIVE,1053,3,1788842969353.136,99.872,timestamp_domain.system_time,88763093.000,78.000,1,88763093.000,88763125.000,32.000,32.000,88763125.000,32.000,1,1,pnp_visible_ransac,9,0.643,9.0110,0.396538,2.843603,7.9387
2026-09-08T13:49:29.481,384,348,WAYPOINT_DRIVE,WAYPOINT_DRIVE,1055,2,1788842969419.847,66.710,timestamp_domain.system_time,88763171.000,78.000,1,88763171.000,88763218.000,47.000,47.000,88763218.000,47.000,1,1,pnp_visible_ransac,9,0.457,8.7535,0.398484,2.833293,8.0058
2026-09-08T13:49:29.571,385,349,WAYPOINT_DRIVE,WAYPOINT_DRIVE,1058,3,1788842969520.044,100.197,timestamp_domain.system_time,88763265.000,94.000,1,88763265.000,88763296.000,31.000,31.000,88763296.000,31.000,1,1,pnp_visible_ransac,9,0.547,8.6998,0.400709,2.804074,8.1326
2026-09-08T13:49:29.648,386,350,WAYPOINT_DRIVE,WAYPOINT_DRIVE,1060,2,1788842969586.622,66.578,timestamp_domain.system_time,88763343.000,78.000,1,88763343.000,88763375.000,32.000,32.000,88763375.000,32.000,1,1,pnp_visible_ransac,9,0.618,8.6320,0.401220,2.773849,8.2304
2026-09-08T13:49:29.734,387,351,WAYPOINT_DRIVE,WAYPOINT_DRIVE,1063,3,1788842969686.762,100.140,timestamp_domain.system_time,88763421.000,78.000,1,88763421.000,88763468.000,47.000,47.000,88763468.000,47.000,1,1,pnp_visible_ransac,9,0.565,9.0341,0.396784,2.735511,8.2532
2026-09-08T13:49:29.815,388,352,WAYPOINT_DRIVE,WAYPOINT_DRIVE,1065,2,1788842969753.485,66.722,timestamp_domain.system_time,88763515.000,94.000,1,88763515.000,88763546.000,31.000,31.000,88763546.000,31.000,1,1,pnp_visible_ransac,9,0.540,8.6937,0.402174,2.712007,8.4351
2026-09-08T13:49:29.898,389,353,WAYPOINT_DRIVE,WAYPOINT_DRIVE,1068,3,1788842969853.456,99.971,timestamp_domain.system_time,88763578.000,63.000,1,88763593.000,88763609.000,16.000,31.000,88763625.000,47.000,1,1,pnp_visible_ransac,9,0.504,8.8546,0.400725,2.691221,8.4692
2026-09-08T13:49:29.972,390,354,WAYPOINT_DRIVE,WAYPOINT_DRIVE,1070,2,1788842969920.278,66.823,timestamp_domain.system_time,88763671.000,93.000,1,88763687.000,88763703.000,16.000,32.000,88763703.000,32.000,1,1,pnp_visible_ransac,9,0.664,9.2629,0.400805,2.668320,8.5425
2026-09-08T13:49:30.064,391,355,WAYPOINT_DRIVE,WAYPOINT_DRIVE,1073,3,1788842970020.232,99.954,timestamp_domain.system_time,88763765.000,94.000,1,88763765.000,88763796.000,31.000,31.000,88763796.000,31.000,1,1,pnp_visible_ransac,9,0.902,9.1176,0.403796,2.628459,8.7338
2026-09-08T13:49:30.151,392,356,WAYPOINT_DRIVE,WAYPOINT_DRIVE,1074,1,1788842970053.759,33.527,timestamp_domain.system_time,88763843.000,78.000,1,88763843.000,88763875.000,32.000,32.000,88763875.000,32.000,1,1,pnp_visible_ransac,9,0.733,8.8308,0.403756,2.628119,8.7340
2026-09-08T13:49:30.231,393,357,WAYPOINT_DRIVE,WAYPOINT_DRIVE,1078,4,1788842970187.080,133.321,timestamp_domain.system_time,88763921.000,78.000,1,88763937.000,88763968.000,31.000,47.000,88763968.000,47.000,1,1,pnp_visible_ransac,9,0.992,9.2867,0.406489,2.570819,8.9850
2026-09-08T13:49:30.308,394,358,WAYPOINT_DRIVE,WAYPOINT_DRIVE,1080,2,1788842970253.784,66.704,timestamp_domain.system_time,88764015.000,94.000,1,88764015.000,88764031.000,16.000,16.000,88764031.000,16.000,1,1,pnp_visible_ransac,9,0.910,8.8939,0.404984,2.532861,9.0842
2026-09-08T13:49:30.399,395,359,WAYPOINT_DRIVE,WAYPOINT_DRIVE,1083,3,1788842970353.821,100.037,timestamp_domain.system_time,88764093.000,78.000,1,88764093.000,88764109.000,16.000,16.000,88764109.000,16.000,1,1,pnp_visible_ransac,9,1.031,8.9474,0.402842,2.511744,9.1117
2026-09-08T13:49:30.486,396,360,WAYPOINT_DRIVE_SETTLE,WAYPOINT_DRIVE_SETTLE,1085,2,1788842970420.387,66.566,timestamp_domain.system_time,88764187.000,94.000,1,88764187.000,88764218.000,31.000,31.000,88764218.000,31.000,1,1,pnp_visible_ransac,9,0.946,9.2002,0.406732,2.500184,9.2400
2026-09-08T13:49:30.570,397,361,WAYPOINT_DRIVE_SETTLE,WAYPOINT_DRIVE_SETTLE,1088,3,1788842970520.571,100.185,timestamp_domain.system_time,88764265.000,78.000,1,88764265.000,88764296.000,31.000,31.000,88764296.000,31.000,1,1,pnp_visible_ransac,9,1.278,9.2819,0.406096,2.481823,9.2928
2026-09-08T13:49:30.653,398,362,WAYPOINT_DRIVE_SETTLE,WAYPOINT_DRIVE_SETTLE,1090,2,1788842970587.446,66.874,timestamp_domain.system_time,88764343.000,78.000,1,88764343.000,88764390.000,47.000,47.000,88764390.000,47.000,1,1,pnp_visible_ransac,9,1.247,9.5034,0.408435,2.463563,9.4135
2026-09-08T13:49:30.736,399,363,WAYPOINT_DRIVE_SETTLE,WAYPOINT_DRIVE_SETTLE,1093,3,1788842970687.511,100.065,timestamp_domain.system_time,88764437.000,94.000,1,88764437.000,88764468.000,31.000,31.000,88764468.000,31.000,1,1,pnp_visible_ransac,9,1.222,9.5715,0.413574,2.437632,9.6292
2026-09-08T13:49:30.821,400,364,WAYPOINT_DRIVE_SETTLE,WAYPOINT_DRIVE_SETTLE,1095,2,1788842970754.247,66.736,timestamp_domain.system_time,88764515.000,78.000,1,88764515.000,88764546.000,31.000,31.000,88764546.000,31.000,1,1,pnp_visible_ransac,9,1.179,9.4455,0.413688,2.426651,9.6746
2026-09-08T13:49:30.904,401,365,WAYPOINT_DRIVE_SETTLE,WAYPOINT_DRIVE_SETTLE,1098,3,1788842970854.164,99.917,timestamp_domain.system_time,88764609.000,94.000,1,88764609.000,88764640.000,31.000,31.000,88764640.000,31.000,1,1,pnp_visible_ransac,9,1.239,9.4768,0.407946,2.413824,9.5926
2026-09-08T13:49:30.987,402,366,WAYPOINT_DRIVE_SETTLE,WAYPOINT_DRIVE_SETTLE,1100,2,1788842970920.936,66.772,timestamp_domain.system_time,88764687.000,78.000,1,88764687.000,88764718.000,31.000,31.000,88764718.000,31.000,1,1,pnp_visible_ransac,9,1.346,9.4969,0.408492,2.399868,9.6600
2026-09-08T13:49:31.069,403,367,WAYPOINT_DRIVE_SETTLE,WAYPOINT_DRIVE_SETTLE,1103,3,1788842971021.189,100.252,timestamp_domain.system_time,88764765.000,78.000,1,88764765.000,88764796.000,31.000,31.000,88764796.000,31.000,1,1,pnp_visible_ransac,9,1.199,9.6978,0.408631,2.396477,9.6766
2026-09-08T13:49:31.141,404,368,WAYPOINT_DRIVE_SETTLE,WAYPOINT_DRIVE_SETTLE,1104,1,1788842971054.503,33.314,timestamp_domain.system_time,88764843.000,78.000,1,88764859.000,88764875.000,16.000,32.000,88764875.000,32.000,1,1,pnp_visible_ransac,9,1.229,9.4814,0.405889,2.413198,9.5475
2026-09-08T13:49:31.237,405,369,WAYPOINT_DRIVE_SETTLE,WAYPOINT_DRIVE_SETTLE,1108,4,1788842971187.813,133.311,timestamp_domain.system_time,88764921.000,78.000,1,88764921.000,88764968.000,47.000,47.000,88764968.000,47.000,1,1,pnp_visible_ransac,9,1.218,9.2582,0.400613,2.410842,9.4347
2026-09-08T13:49:31.314,406,370,WAYPOINT_DRIVE_SETTLE,WAYPOINT_DRIVE_SETTLE,1110,2,1788842971254.422,66.608,timestamp_domain.system_time,88765015.000,94.000,1,88765015.000,88765046.000,31.000,31.000,88765046.000,31.000,1,1,pnp_visible_ransac,9,1.294,9.2977,0.404473,2.407626,9.5365
2026-09-08T13:49:31.389,407,371,WAYPOINT_DRIVE_SETTLE,WAYPOINT_DRIVE_SETTLE,1113,3,1788842971354.675,100.254,timestamp_domain.system_time,88765093.000,78.000,1,88765109.000,88765125.000,16.000,32.000,88765125.000,32.000,1,1,pnp_visible_ransac,9,1.106,9.3047,0.402421,2.413959,9.4645
2026-09-08T13:49:31.482,408,372,WAYPOINT_DRIVE_SETTLE,WAYPOINT_DRIVE_SETTLE,1115,2,1788842971421.538,66.863,timestamp_domain.system_time,88765171.000,78.000,1,88765171.000,88765218.000,47.000,47.000,88765218.000,47.000,1,1,pnp_visible_ransac,9,1.262,9.3200,0.403564,2.412509,9.4965
2026-09-08T13:49:31.557,409,373,WAYPOINT_DRIVE_SETTLE,WAYPOINT_DRIVE_SETTLE,1118,3,1788842971521.190,99.652,timestamp_domain.system_time,88765265.000,94.000,1,88765265.000,88765281.000,16.000,16.000,88765281.000,16.000,1,1,pnp_visible_ransac,9,1.200,9.3504,0.402357,2.410327,9.4770
2026-09-08T13:49:31.648,410,374,WAYPOINT_DRIVE_SETTLE,WAYPOINT_DRIVE_SETTLE,1120,2,1788842971587.794,66.604,timestamp_domain.system_time,88765343.000,78.000,1,88765343.000,88765375.000,32.000,32.000,88765375.000,32.000,1,1,pnp_visible_ransac,9,1.202,9.3533,0.402325,2.410276,9.4765
2026-09-08T13:49:31.723,411,375,WAYPOINT_DRIVE_SETTLE,WAYPOINT_DRIVE_SETTLE,1123,3,1788842971687.887,100.093,timestamp_domain.system_time,88765421.000,78.000,1,88765421.000,88765453.000,32.000,32.000,88765453.000,32.000,1,1,pnp_visible_ransac,9,1.245,9.3645,0.402808,2.410728,9.4859
2026-09-08T13:49:31.815,412,376,WAYPOINT_DRIVE_SETTLE,WAYPOINT_DRIVE_SETTLE,1125,2,1788842971754.785,66.898,timestamp_domain.system_time,88765500.000,79.000,1,88765500.000,88765546.000,46.000,46.000,88765546.000,46.000,1,1,pnp_visible_ransac,9,1.215,9.2755,0.402668,2.410839,9.4823
2026-09-08T13:49:31.893,413,377,WAYPOINT_DRIVE_SETTLE,WAYPOINT_DRIVE_SETTLE,1128,3,1788842971854.931,100.146,timestamp_domain.system_time,88765593.000,93.000,1,88765593.000,88765625.000,32.000,32.000,88765625.000,32.000,1,1,pnp_visible_ransac,9,1.203,9.3340,0.402913,2.411539,9.4852
2026-09-08T13:49:31.973,414,378,WAYPOINT_DRIVE_SETTLE,WAYPOINT_DRIVE_SETTLE,1130,2,1788842971921.649,66.718,timestamp_domain.system_time,88765671.000,78.000,1,88765671.000,88765703.000,32.000,32.000,88765703.000,32.000,1,1,pnp_visible_ransac,9,1.169,9.3342,0.402855,2.411237,9.4850
2026-09-08T13:49:32.057,415,379,WAYPOINT_DRIVE_SETTLE,WAYPOINT_DRIVE_SETTLE,1132,2,1788842971988.277,66.628,timestamp_domain.system_time,88765750.000,79.000,1,88765750.000,88765781.000,31.000,31.000,88765781.000,31.000,1,1,pnp_visible_ransac,9,1.205,9.3518,0.402358,2.410387,9.4768
2026-09-08T13:49:32.143,416,380,WAYPOINT_DRIVE_SETTLE,WAYPOINT_DRIVE_SETTLE,1134,2,1788842972055.154,66.877,timestamp_domain.system_time,88765843.000,93.000,1,88765843.000,88765875.000,32.000,32.000,88765875.000,32.000,1,1,pnp_visible_ransac,9,1.301,9.3801,0.402345,2.409976,9.4781
2026-09-08T13:49:32.224,417,381,WAYPOINT_DRIVE_SETTLE,WAYPOINT_DRIVE_SETTLE,1137,3,1788842972155.304,100.151,timestamp_domain.system_time,88765921.000,78.000,1,88765921.000,88765937.000,16.000,16.000,88765953.000,32.000,1,1,pnp_visible_ransac,9,1.225,9.3131,0.402819,2.410798,9.4859
2026-09-08T13:49:32.296,418,382,WAYPOINT_DRIVE_SETTLE,WAYPOINT_DRIVE_SETTLE,1140,3,1788842972255.436,100.132,timestamp_domain.system_time,88766000.000,79.000,1,88766000.000,88766031.000,31.000,31.000,88766031.000,31.000,1,1,pnp_visible_ransac,9,1.230,9.3331,0.403325,2.413799,9.4860
2026-09-08T13:49:32.379,419,383,WAYPOINT_DRIVE_SETTLE,WAYPOINT_DRIVE_SETTLE,1142,2,1788842972322.009,66.573,timestamp_domain.system_time,88766078.000,78.000,1,88766078.000,88766109.000,31.000,31.000,88766109.000,31.000,1,1,pnp_visible_ransac,9,1.178,9.2992,0.402691,2.411308,9.4810
2026-09-08T13:49:32.464,420,384,WAYPOINT_DRIVE_SETTLE,WAYPOINT_DRIVE_SETTLE,1145,3,1788842972422.164,100.156,timestamp_domain.system_time,88766156.000,78.000,1,88766156.000,88766187.000,31.000,31.000,88766187.000,31.000,1,1,pnp_visible_ransac,9,1.185,9.3344,0.402881,2.411384,9.4851
2026-09-08T13:49:32.544,421,385,WAYPOINT_DRIVE_SETTLE,WAYPOINT_DRIVE_SETTLE,1147,2,1788842972488.707,66.542,timestamp_domain.system_time,88766250.000,94.000,1,88766250.000,88766281.000,31.000,31.000,88766281.000,31.000,1,1,pnp_visible_ransac,9,1.202,9.3336,0.402929,2.411614,9.4853
2026-09-08T13:49:32.631,422,386,WAYPOINT_DRIVE_SETTLE,WAYPOINT_DRIVE_SETTLE,1150,3,1788842972588.948,100.241,timestamp_domain.system_time,88766328.000,78.000,1,88766328.000,88766359.000,31.000,31.000,88766359.000,31.000,1,1,pnp_visible_ransac,9,1.262,9.3383,0.403036,2.411517,9.4881
2026-09-08T13:49:32.715,423,387,WAYPOINT_DRIVE_SETTLE,WAYPOINT_DRIVE_SETTLE,1152,2,1788842972655.374,66.427,timestamp_domain.system_time,88766406.000,78.000,1,88766421.000,88766453.000,32.000,47.000,88766453.000,47.000,1,1,pnp_visible_ransac,9,1.233,9.3770,0.402195,2.409900,9.4749
2026-09-08T13:49:32.792,424,388,WAYPOINT_DRIVE_SETTLE,WAYPOINT_DRIVE_SETTLE,1155,3,1788842972755.834,100.460,timestamp_domain.system_time,88766484.000,78.000,1,88766484.000,88766515.000,31.000,31.000,88766515.000,31.000,1,1,pnp_visible_ransac,9,1.226,9.3167,0.403472,2.412735,9.4935
2026-09-08T13:49:32.866,425,389,WAYPOINT_DRIVE_SETTLE,WAYPOINT_DRIVE_SETTLE,1157,2,1788842972822.024,66.189,timestamp_domain.system_time,88766578.000,94.000,1,88766578.000,88766593.000,15.000,15.000,88766593.000,15.000,1,1,pnp_visible_ransac,9,1.265,9.3386,0.403019,2.411440,9.4880
2026-09-08T13:49:32.958,426,390,WAYPOINT_DRIVE_SETTLE,WAYPOINT_DRIVE_SETTLE,1159,2,1788842972888.713,66.689,timestamp_domain.system_time,88766640.000,62.000,1,88766656.000,88766687.000,31.000,47.000,88766687.000,47.000,1,1,pnp_visible_ransac,9,1.261,9.3465,0.403362,2.411866,9.4943
2026-09-08T13:49:33.034,427,391,WAYPOINT_DRIVE_SETTLE,WAYPOINT_DRIVE_SETTLE,1162,3,1788842972988.932,100.219,timestamp_domain.system_time,88766734.000,94.000,1,88766734.000,88766765.000,31.000,31.000,88766765.000,31.000,1,1,pnp_visible_ransac,9,1.250,9.4527,0.402258,2.410594,9.4737
2026-09-08T13:49:33.110,428,392,WAYPOINT_DRIVE_SETTLE,WAYPOINT_DRIVE_SETTLE,1164,2,1788842973056.036,67.104,timestamp_domain.system_time,88766812.000,78.000,1,88766812.000,88766843.000,31.000,31.000,88766843.000,31.000,1,1,pnp_visible_ransac,9,1.286,9.4072,0.402107,2.409165,9.4757
2026-09-08T13:49:33.226,429,393,WAYPOINT_DRIVE_SETTLE,WAYPOINT_DRIVE_SETTLE,1165,1,1788842973089.323,33.288,timestamp_domain.system_time,88766921.000,109.000,1,88766921.000,88766953.000,32.000,32.000,88766953.000,32.000,1,1,pnp_visible_ransac,9,1.292,9.3463,0.403419,2.412157,9.4945
2026-09-08T13:49:33.301,430,394,WAYPOINT_DRIVE_SETTLE,WAYPOINT_DRIVE_SETTLE,1170,5,1788842973256.036,166.713,timestamp_domain.system_time,88767000.000,79.000,1,88767000.000,88767031.000,31.000,31.000,88767031.000,31.000,1,1,pnp_visible_ransac,9,1.245,9.3645,0.402808,2.410728,9.4859
2026-09-08T13:49:33.384,431,395,STAGING_PLAN,STAGING_PLAN,1172,2,1788842973322.647,66.611,timestamp_domain.system_time,88767078.000,78.000,1,88767078.000,88767109.000,31.000,31.000,88767109.000,31.000,1,1,pnp_visible_ransac,9,1.218,9.3510,0.402367,2.410398,9.4770
2026-09-08T13:49:33.493,432,396,WAYPOINT_TURN,WAYPOINT_TURN,1175,3,1788842973422.744,100.097,timestamp_domain.system_time,88767171.000,93.000,1,88767171.000,88767218.000,47.000,47.000,88767218.000,47.000,1,1,pnp_visible_ransac,9,1.250,9.2676,0.403926,2.413587,9.5007
2026-09-08T13:49:33.568,433,397,WAYPOINT_TURN,WAYPOINT_TURN,1178,3,1788842973522.847,100.103,timestamp_domain.system_time,88767265.000,94.000,1,88767281.000,88767296.000,15.000,31.000,88767296.000,31.000,1,1,pnp_visible_ransac,9,1.270,9.3544,0.402485,2.410319,9.4800
2026-09-08T13:49:33.663,434,398,WAYPOINT_TURN,WAYPOINT_TURN,1181,3,1788842973622.864,100.017,timestamp_domain.system_time,88767359.000,94.000,1,88767359.000,88767390.000,31.000,31.000,88767390.000,31.000,1,1,pnp_visible_ransac,9,1.207,9.3522,0.402340,2.410300,9.4767
2026-09-08T13:49:33.747,435,399,WAYPOINT_TURN,WAYPOINT_TURN,1183,2,1788842973689.635,66.771,timestamp_domain.system_time,88767437.000,78.000,1,88767437.000,88767484.000,47.000,47.000,88767484.000,47.000,1,1,pnp_visible_ransac,9,1.246,9.3616,0.402459,2.408652,9.4859
2026-09-08T13:49:33.828,436,400,WAYPOINT_TURN,WAYPOINT_TURN,1186,3,1788842973789.829,100.194,timestamp_domain.system_time,88767515.000,78.000,1,88767531.000,88767562.000,31.000,47.000,88767562.000,47.000,1,1,pnp_visible_ransac,9,1.226,9.4183,0.404196,2.412734,9.5102
2026-09-08T13:49:33.904,437,401,WAYPOINT_TURN,WAYPOINT_TURN,1188,2,1788842973856.375,66.546,timestamp_domain.system_time,88767609.000,94.000,1,88767609.000,88767640.000,31.000,31.000,88767640.000,31.000,1,1,pnp_visible_ransac,9,1.185,9.4070,0.404451,2.415483,9.5055
2026-09-08T13:49:33.996,438,402,WAYPOINT_TURN,WAYPOINT_TURN,1191,3,1788842973956.142,99.767,timestamp_domain.system_time,88767687.000,78.000,1,88767687.000,88767734.000,47.000,47.000,88767734.000,47.000,1,1,pnp_visible_ransac,9,1.195,9.3760,0.405302,2.415653,9.5245
2026-09-08T13:49:34.079,439,403,WAYPOINT_TURN,WAYPOINT_TURN,1193,2,1788842974022.921,66.779,timestamp_domain.system_time,88767765.000,78.000,1,88767765.000,88767796.000,31.000,31.000,88767812.000,47.000,1,1,pnp_visible_ransac,9,1.257,9.3858,0.404642,2.410591,9.5288
2026-09-08T13:49:34.162,440,404,WAYPOINT_TURN,WAYPOINT_TURN,1195,2,1788842974089.801,66.880,timestamp_domain.system_time,88767859.000,94.000,1,88767859.000,88767875.000,16.000,16.000,88767890.000,31.000,1,1,pnp_visible_ransac,9,1.259,9.4435,0.404415,2.413463,9.5125
2026-09-08T13:49:34.250,441,405,WAYPOINT_TURN,WAYPOINT_TURN,1196,1,1788842974123.046,33.245,timestamp_domain.system_time,88767953.000,94.000,1,88767953.000,88767984.000,31.000,31.000,88767984.000,31.000,1,1,pnp_visible_ransac,9,1.205,9.4148,0.405196,2.417215,9.5160
2026-09-08T13:49:34.359,442,406,WAYPOINT_TURN,WAYPOINT_TURN,1201,5,1788842974289.954,166.908,timestamp_domain.system_time,88768031.000,78.000,1,88768031.000,88768078.000,47.000,47.000,88768093.000,62.000,1,1,pnp_visible_ransac,9,1.270,9.3453,0.403388,2.411953,9.4946
2026-09-08T13:49:34.439,443,407,WAYPOINT_TURN,WAYPOINT_TURN,1204,3,1788842974390.125,100.170,timestamp_domain.system_time,88768140.000,109.000,1,88768140.000,88768171.000,31.000,31.000,88768171.000,31.000,1,1,pnp_visible_ransac,9,1.295,9.3272,0.400579,2.407706,9.4460
2026-09-08T13:49:34.526,444,408,WAYPOINT_TURN,WAYPOINT_TURN,1206,2,1788842974456.687,66.562,timestamp_domain.system_time,88768203.000,63.000,1,88768203.000,88768234.000,31.000,31.000,88768250.000,47.000,1,1,pnp_visible_ransac,9,1.406,9.2181,0.396295,2.398770,9.3810
2026-09-08T13:49:34.607,445,409,WAYPOINT_TURN,WAYPOINT_TURN,1209,3,1788842974557.061,100.375,timestamp_domain.system_time,88768296.000,93.000,1,88768296.000,88768343.000,47.000,47.000,88768343.000,47.000,1,1,pnp_visible_ransac,9,1.315,9.2302,0.392078,2.403841,9.2636
2026-09-08T13:49:34.697,446,410,WAYPOINT_TURN,WAYPOINT_TURN,1212,3,1788842974657.129,100.068,timestamp_domain.system_time,88768390.000,94.000,1,88768390.000,88768421.000,31.000,31.000,88768421.000,31.000,1,1,pnp_visible_ransac,9,1.354,8.8224,0.387371,2.413161,9.1196
2026-09-08T13:49:34.783,447,411,WAYPOINT_TURN,WAYPOINT_TURN,1214,2,1788842974723.748,66.619,timestamp_domain.system_time,88768484.000,94.000,1,88768484.000,88768515.000,31.000,31.000,88768515.000,31.000,1,1,pnp_visible_ransac,9,1.035,8.9979,0.377161,2.405751,8.9100
2026-09-08T13:49:34.865,448,412,WAYPOINT_TURN,WAYPOINT_TURN,1217,3,1788842974823.819,100.071,timestamp_domain.system_time,88768562.000,78.000,1,88768562.000,88768593.000,31.000,31.000,88768593.000,31.000,1,1,pnp_visible_ransac,9,1.150,8.3658,0.357295,2.419245,8.4012
2026-09-08T13:49:34.942,449,413,WAYPOINT_TURN,WAYPOINT_TURN,1219,2,1788842974890.630,66.811,timestamp_domain.system_time,88768640.000,78.000,1,88768640.000,88768671.000,31.000,31.000,88768671.000,31.000,1,1,pnp_visible_ransac,9,1.250,7.6816,0.347086,2.420398,8.1606
2026-09-08T13:49:35.027,450,414,WAYPOINT_TURN,WAYPOINT_TURN,1222,3,1788842974990.613,99.983,timestamp_domain.system_time,88768734.000,94.000,1,88768734.000,88768750.000,16.000,16.000,88768750.000,16.000,1,1,pnp_visible_ransac,9,1.296,7.6642,0.325790,2.423835,7.6553
2026-09-08T13:49:35.114,451,415,WAYPOINT_TURN_SETTLE,WAYPOINT_TURN_SETTLE,1224,2,1788842975057.290,66.677,timestamp_domain.system_time,88768812.000,78.000,1,88768812.000,88768843.000,31.000,31.000,88768843.000,31.000,1,1,pnp_visible_ransac,9,1.286,7.3087,0.304546,2.416459,7.1831
2026-09-08T13:49:35.194,452,416,WAYPOINT_TURN_SETTLE,WAYPOINT_TURN_SETTLE,1225,1,1788842975090.570,33.280,timestamp_domain.system_time,88768890.000,78.000,1,88768890.000,88768921.000,31.000,31.000,88768921.000,31.000,1,1,pnp_visible_ransac,9,1.112,6.8424,0.297753,2.415492,7.0273
2026-09-08T13:49:35.277,453,417,WAYPOINT_TURN_SETTLE,WAYPOINT_TURN_SETTLE,1229,4,1788842975223.990,133.420,timestamp_domain.system_time,88768968.000,78.000,1,88768968.000,88769000.000,32.000,32.000,88769000.000,32.000,1,1,pnp_visible_ransac,9,1.178,6.2453,0.220650,2.430610,5.1871
2026-09-08T13:49:35.361,454,418,WAYPOINT_TURN_SETTLE,WAYPOINT_TURN_SETTLE,1231,2,1788842975290.491,66.501,timestamp_domain.system_time,88769062.000,94.000,1,88769062.000,88769093.000,31.000,31.000,88769093.000,31.000,1,1,pnp_visible_ransac,9,1.200,4.9770,0.178190,2.442261,4.1730
2026-09-08T13:49:35.444,455,419,WAYPOINT_TURN_SETTLE,WAYPOINT_TURN_SETTLE,1234,3,1788842975390.842,100.351,timestamp_domain.system_time,88769125.000,63.000,1,88769140.000,88769156.000,16.000,31.000,88769171.000,46.000,1,1,pnp_visible_ransac,9,0.906,4.2194,0.155295,2.442313,3.6383
2026-09-08T13:49:35.514,456,420,WAYPOINT_TURN_SETTLE,WAYPOINT_TURN_SETTLE,1237,3,1788842975490.789,99.948,timestamp_domain.system_time,88769218.000,93.000,1,88769218.000,88769250.000,32.000,32.000,88769250.000,32.000,1,1,pnp_visible_ransac,9,0.991,5.2889,0.203985,2.432293,4.7939
2026-09-08T13:49:35.611,457,421,WAYPOINT_TURN_SETTLE,WAYPOINT_TURN_SETTLE,1239,2,1788842975557.797,67.008,timestamp_domain.system_time,88769312.000,94.000,1,88769312.000,88769343.000,31.000,31.000,88769343.000,31.000,1,1,pnp_visible_ransac,9,1.193,6.1433,0.222589,2.419348,5.2566
2026-09-08T13:49:35.697,458,422,WAYPOINT_TURN_SETTLE,WAYPOINT_TURN_SETTLE,1242,3,1788842975657.812,100.014,timestamp_domain.system_time,88769390.000,78.000,1,88769390.000,88769421.000,31.000,31.000,88769421.000,31.000,1,1,pnp_visible_ransac,9,1.159,5.7417,0.218755,2.412723,5.1807
2026-09-08T13:49:35.778,459,423,WAYPOINT_TURN_SETTLE,WAYPOINT_TURN_SETTLE,1244,2,1788842975724.365,66.553,timestamp_domain.system_time,88769468.000,78.000,1,88769468.000,88769500.000,32.000,32.000,88769515.000,47.000,1,1,pnp_visible_ransac,9,1.099,5.2876,0.201402,2.426759,4.7442
2026-09-08T13:49:35.858,460,424,WAYPOINT_TURN_SETTLE,WAYPOINT_TURN_SETTLE,1246,2,1788842975791.135,66.771,timestamp_domain.system_time,88769562.000,94.000,1,88769562.000,88769593.000,31.000,31.000,88769593.000,31.000,1,1,pnp_visible_ransac,9,1.072,5.1865,0.199029,2.425158,4.6917
2026-09-08T13:49:35.942,461,425,WAYPOINT_TURN_SETTLE,WAYPOINT_TURN_SETTLE,1249,3,1788842975891.034,99.898,timestamp_domain.system_time,88769640.000,78.000,1,88769640.000,88769671.000,31.000,31.000,88769671.000,31.000,1,1,pnp_visible_ransac,9,1.167,5.4163,0.203963,2.426614,4.8046
2026-09-08T13:49:36.026,462,426,WAYPOINT_TURN_SETTLE,WAYPOINT_TURN_SETTLE,1251,2,1788842975957.750,66.717,timestamp_domain.system_time,88769718.000,78.000,1,88769718.000,88769750.000,32.000,32.000,88769750.000,32.000,1,1,pnp_visible_ransac,9,1.027,5.3583,0.202983,2.425004,4.7847
2026-09-08T13:49:36.110,463,427,WAYPOINT_TURN_SETTLE,WAYPOINT_TURN_SETTLE,1254,3,1788842976057.999,100.249,timestamp_domain.system_time,88769796.000,78.000,1,88769796.000,88769843.000,47.000,47.000,88769843.000,47.000,1,1,pnp_visible_ransac,9,1.115,5.3175,0.200832,2.421720,4.7407
2026-09-08T13:49:36.185,464,428,WAYPOINT_TURN_SETTLE,WAYPOINT_TURN_SETTLE,1256,2,1788842976124.726,66.727,timestamp_domain.system_time,88769890.000,94.000,1,88769890.000,88769921.000,31.000,31.000,88769921.000,31.000,1,1,pnp_visible_ransac,9,1.130,5.5581,0.200462,2.425281,4.7250
2026-09-08T13:49:36.303,465,429,WAYPOINT_TURN_SETTLE,WAYPOINT_TURN_SETTLE,1259,3,1788842976224.948,100.222,timestamp_domain.system_time,88769984.000,94.000,1,88770000.000,88770031.000,31.000,47.000,88770031.000,47.000,1,1,pnp_visible_ransac,9,1.147,5.3235,0.201898,2.423650,4.7619
2026-09-08T13:49:36.381,466,430,WAYPOINT_TURN_SETTLE,WAYPOINT_TURN_SETTLE,1262,3,1788842976324.861,99.913,timestamp_domain.system_time,88770078.000,94.000,1,88770078.000,88770109.000,31.000,31.000,88770109.000,31.000,1,1,pnp_visible_ransac,9,1.102,5.4333,0.201587,2.425313,4.7514
2026-09-08T13:49:36.459,467,431,WAYPOINT_TURN_SETTLE,WAYPOINT_TURN_SETTLE,1265,3,1788842976424.843,99.981,timestamp_domain.system_time,88770156.000,78.000,1,88770156.000,88770187.000,31.000,31.000,88770187.000,31.000,1,1,pnp_visible_ransac,9,1.046,5.2430,0.202343,2.427530,4.7648
2026-09-08T13:49:36.548,468,432,WAYPOINT_TURN_SETTLE,WAYPOINT_TURN_SETTLE,1267,2,1788842976491.626,66.783,timestamp_domain.system_time,88770234.000,78.000,1,88770250.000,88770281.000,31.000,47.000,88770281.000,47.000,1,1,pnp_visible_ransac,9,1.083,5.3928,0.200880,2.424584,4.7362
2026-09-08T13:49:36.633,469,433,WAYPOINT_TURN_SETTLE,WAYPOINT_TURN_SETTLE,1270,3,1788842976591.654,100.029,timestamp_domain.system_time,88770328.000,94.000,1,88770328.000,88770359.000,31.000,31.000,88770359.000,31.000,1,1,pnp_visible_ransac,9,1.087,5.2895,0.201632,2.424645,4.7537
2026-09-08T13:49:36.713,470,434,WAYPOINT_TURN_SETTLE,WAYPOINT_TURN_SETTLE,1272,2,1788842976658.507,66.853,timestamp_domain.system_time,88770406.000,78.000,1,88770406.000,88770437.000,31.000,31.000,88770437.000,31.000,1,1,pnp_visible_ransac,9,1.036,5.3703,0.201372,2.425722,4.7455
2026-09-08T13:49:36.793,471,435,WAYPOINT_TURN_SETTLE,WAYPOINT_TURN_SETTLE,1274,2,1788842976725.102,66.595,timestamp_domain.system_time,88770500.000,94.000,1,88770500.000,88770531.000,31.000,31.000,88770531.000,31.000,1,1,pnp_visible_ransac,9,1.084,5.5449,0.200960,2.423655,4.7399
2026-09-08T13:49:36.873,472,436,WAYPOINT_TURN_SETTLE,WAYPOINT_TURN_SETTLE,1277,3,1788842976825.191,100.089,timestamp_domain.system_time,88770562.000,62.000,1,88770562.000,88770609.000,47.000,47.000,88770609.000,47.000,1,1,pnp_visible_ransac,9,1.066,5.3400,0.201497,2.424736,4.7504
2026-09-08T13:49:36.951,473,437,WAYPOINT_TURN_SETTLE,WAYPOINT_TURN_SETTLE,1279,2,1788842976891.778,66.586,timestamp_domain.system_time,88770640.000,78.000,1,88770640.000,88770687.000,47.000,47.000,88770687.000,47.000,1,1,pnp_visible_ransac,9,1.094,5.4681,0.201234,2.424190,4.7453
2026-09-08T13:49:37.036,474,438,WAYPOINT_TURN_SETTLE,WAYPOINT_TURN_SETTLE,1282,3,1788842976991.870,100.092,timestamp_domain.system_time,88770734.000,94.000,1,88770734.000,88770765.000,31.000,31.000,88770765.000,31.000,1,1,pnp_visible_ransac,9,1.053,5.3740,0.201134,2.423458,4.7444
2026-09-08T13:49:37.119,475,439,WAYPOINT_TURN_SETTLE,WAYPOINT_TURN_SETTLE,1284,2,1788842977058.627,66.757,timestamp_domain.system_time,88770812.000,78.000,1,88770812.000,88770843.000,31.000,31.000,88770843.000,31.000,1,1,pnp_visible_ransac,9,1.082,5.4692,0.201217,2.424106,4.7450
2026-09-08T13:49:37.189,476,440,WAYPOINT_TURN_SETTLE,WAYPOINT_TURN_SETTLE,1286,2,1788842977125.255,66.628,timestamp_domain.system_time,88770890.000,78.000,1,88770890.000,88770921.000,31.000,31.000,88770921.000,31.000,1,1,pnp_visible_ransac,9,1.154,5.4122,0.200918,2.422367,4.7414
2026-09-08T13:49:37.287,477,441,WAYPOINT_TURN_SETTLE,WAYPOINT_TURN_SETTLE,1289,3,1788842977225.737,100.482,timestamp_domain.system_time,88771000.000,110.000,1,88771000.000,88771015.000,15.000,15.000,88771015.000,15.000,1,1,pnp_visible_ransac,9,1.048,5.3563,0.201587,2.424627,4.7527
2026-09-08T13:49:37.376,478,442,WAYPOINT_TURN_SETTLE,WAYPOINT_TURN_SETTLE,1292,3,1788842977325.486,99.749,timestamp_domain.system_time,88771078.000,78.000,1,88771078.000,88771109.000,31.000,31.000,88771109.000,31.000,1,1,pnp_visible_ransac,9,1.127,5.3771,0.201275,2.423498,4.7476
2026-09-08T13:49:37.464,479,443,WAYPOINT_TURN_SETTLE,WAYPOINT_TURN_SETTLE,1295,3,1788842977425.621,100.135,timestamp_domain.system_time,88771156.000,78.000,1,88771156.000,88771187.000,31.000,31.000,88771187.000,31.000,1,1,pnp_visible_ransac,9,1.108,5.3395,0.201998,2.423624,4.7643
2026-09-08T13:49:37.543,480,444,WAYPOINT_TURN_SETTLE,WAYPOINT_TURN_SETTLE,1297,2,1788842977492.189,66.568,timestamp_domain.system_time,88771234.000,78.000,1,88771234.000,88771281.000,47.000,47.000,88771281.000,47.000,1,1,pnp_visible_ransac,9,1.133,5.3574,0.201535,2.422373,4.7559
2026-09-08T13:49:37.622,481,445,WAYPOINT_TURN_SETTLE,WAYPOINT_TURN_SETTLE,1300,3,1788842977592.382,100.193,timestamp_domain.system_time,88771312.000,78.000,1,88771312.000,88771359.000,47.000,47.000,88771359.000,47.000,1,1,pnp_visible_ransac,9,1.073,5.3416,0.201368,2.423491,4.7498
2026-09-08T13:49:37.709,482,446,WAYPOINT_TURN_SETTLE,WAYPOINT_TURN_SETTLE,1302,2,1788842977658.954,66.572,timestamp_domain.system_time,88771406.000,94.000,1,88771406.000,88771437.000,31.000,31.000,88771437.000,31.000,1,1,pnp_visible_ransac,9,1.127,5.3771,0.201275,2.423498,4.7476
2026-09-08T13:49:37.789,483,447,WAYPOINT_TURN_SETTLE,WAYPOINT_TURN_SETTLE,1304,2,1788842977725.722,66.768,timestamp_domain.system_time,88771484.000,78.000,1,88771484.000,88771515.000,31.000,31.000,88771515.000,31.000,1,1,pnp_visible_ransac,9,1.062,5.4341,0.200638,2.426364,4.7271
2026-09-08T13:49:37.877,484,448,WAYPOINT_TURN_SETTLE,WAYPOINT_TURN_SETTLE,1307,3,1788842977825.815,100.093,timestamp_domain.system_time,88771562.000,78.000,1,88771578.000,88771593.000,15.000,31.000,88771609.000,47.000,1,1,pnp_visible_ransac,9,1.121,5.3595,0.201728,2.424668,4.7560
2026-09-08T13:49:37.961,485,449,WAYPOINT_DRIVE,WAYPOINT_DRIVE,1309,2,1788842977892.536,66.721,timestamp_domain.system_time,88771656.000,94.000,1,88771656.000,88771687.000,31.000,31.000,88771687.000,31.000,1,1,pnp_visible_ransac,9,1.101,5.2461,0.201677,2.425294,4.7535
2026-09-08T13:49:38.043,486,450,WAYPOINT_DRIVE,WAYPOINT_DRIVE,1312,3,1788842977992.610,100.074,timestamp_domain.system_time,88771734.000,78.000,1,88771734.000,88771765.000,31.000,31.000,88771781.000,47.000,1,1,pnp_visible_ransac,9,1.058,5.3643,0.201375,2.424128,4.7487
2026-09-08T13:49:38.117,487,451,WAYPOINT_DRIVE,WAYPOINT_DRIVE,1314,2,1788842978059.276,66.667,timestamp_domain.system_time,88771812.000,78.000,1,88771828.000,88771843.000,15.000,31.000,88771843.000,31.000,1,1,pnp_visible_ransac,9,1.103,5.3583,0.201528,2.422372,4.7557
2026-09-08T13:49:38.194,488,452,WAYPOINT_DRIVE,WAYPOINT_DRIVE,1316,2,1788842978126.708,67.431,timestamp_domain.system_time,88771890.000,78.000,1,88771890.000,88771921.000,31.000,31.000,88771921.000,31.000,1,1,pnp_visible_ransac,9,1.177,5.5591,0.201059,2.425320,4.7390
2026-09-08T13:49:38.326,489,453,WAYPOINT_DRIVE,WAYPOINT_DRIVE,1318,2,1788842978192.903,66.195,timestamp_domain.system_time,88772031.000,141.000,1,88772031.000,88772062.000,31.000,31.000,88772062.000,31.000,1,1,pnp_visible_ransac,9,1.053,5.2650,0.206418,2.425938,4.8635
2026-09-08T13:49:38.408,490,454,WAYPOINT_DRIVE,WAYPOINT_DRIVE,1323,5,1788842978359.919,167.016,timestamp_domain.system_time,88772109.000,78.000,1,88772109.000,88772140.000,31.000,31.000,88772140.000,31.000,1,1,pnp_visible_ransac,9,1.057,5.4078,0.206502,2.427866,4.8616
2026-09-08T13:49:38.493,491,455,WAYPOINT_DRIVE,WAYPOINT_DRIVE,1325,2,1788842978426.465,66.546,timestamp_domain.system_time,88772171.000,62.000,1,88772187.000,88772218.000,31.000,47.000,88772218.000,47.000,1,1,pnp_visible_ransac,9,1.104,5.2929,0.206774,2.429010,4.8657
2026-09-08T13:49:38.567,492,456,WAYPOINT_DRIVE,WAYPOINT_DRIVE,1328,3,1788842978526.431,99.966,timestamp_domain.system_time,88772265.000,94.000,1,88772265.000,88772296.000,31.000,31.000,88772296.000,31.000,1,1,pnp_visible_ransac,9,1.037,5.3027,0.207162,2.426779,4.8792
2026-09-08T13:49:38.660,493,457,WAYPOINT_DRIVE,WAYPOINT_DRIVE,1330,2,1788842978592.907,66.476,timestamp_domain.system_time,88772359.000,94.000,1,88772359.000,88772390.000,31.000,31.000,88772390.000,31.000,1,1,pnp_visible_ransac,9,1.042,5.3566,0.206416,2.430050,4.8552
2026-09-08T13:49:38.744,494,458,WAYPOINT_DRIVE,WAYPOINT_DRIVE,1333,3,1788842978693.237,100.330,timestamp_domain.system_time,88772421.000,62.000,1,88772437.000,88772468.000,31.000,47.000,88772468.000,47.000,1,1,pnp_visible_ransac,9,1.047,5.3948,0.204219,2.425281,4.8132
2026-09-08T13:49:38.819,495,459,WAYPOINT_DRIVE,WAYPOINT_DRIVE,1335,2,1788842978759.955,66.718,timestamp_domain.system_time,88772515.000,94.000,1,88772515.000,88772546.000,31.000,31.000,88772546.000,31.000,1,1,pnp_visible_ransac,9,1.061,5.4089,0.205162,2.422970,4.8399
2026-09-08T13:49:38.896,496,460,WAYPOINT_DRIVE,WAYPOINT_DRIVE,1338,3,1788842978860.020,100.064,timestamp_domain.system_time,88772593.000,78.000,1,88772593.000,88772625.000,32.000,32.000,88772625.000,32.000,1,1,pnp_visible_ransac,9,1.003,5.4282,0.207300,2.409977,4.9163
2026-09-08T13:49:38.987,497,461,WAYPOINT_DRIVE,WAYPOINT_DRIVE,1340,2,1788842978926.307,66.288,timestamp_domain.system_time,88772671.000,78.000,1,88772687.000,88772718.000,31.000,47.000,88772718.000,47.000,1,1,pnp_visible_ransac,9,1.114,5.4590,0.207285,2.406463,4.9231
2026-09-08T13:49:39.069,498,462,WAYPOINT_DRIVE,WAYPOINT_DRIVE,1343,3,1788842979026.663,100.356,timestamp_domain.system_time,88772765.000,94.000,1,88772765.000,88772796.000,31.000,31.000,88772796.000,31.000,1,1,pnp_visible_ransac,9,1.013,5.1646,0.209683,2.402426,4.9881
2026-09-08T13:49:39.147,499,463,WAYPOINT_DRIVE,WAYPOINT_DRIVE,1345,2,1788842979093.494,66.831,timestamp_domain.system_time,88772843.000,78.000,1,88772843.000,88772875.000,32.000,32.000,88772875.000,32.000,1,1,pnp_visible_ransac,9,0.959,5.3011,0.207131,2.405935,4.9206
2026-09-08T13:49:39.247,500,464,WAYPOINT_DRIVE,WAYPOINT_DRIVE,1346,1,1788842979127.664,34.170,timestamp_domain.system_time,88772937.000,94.000,1,88772937.000,88772984.000,47.000,47.000,88772984.000,47.000,1,1,pnp_visible_ransac,9,0.916,5.2995,0.206820,2.393289,4.9390
2026-09-08T13:49:39.334,501,465,WAYPOINT_DRIVE,WAYPOINT_DRIVE,1351,5,1788842979293.612,165.948,timestamp_domain.system_time,88773031.000,94.000,1,88773031.000,88773062.000,31.000,31.000,88773062.000,31.000,1,1,pnp_visible_ransac,9,0.949,5.1865,0.204070,2.368634,4.9242
2026-09-08T13:49:39.415,502,466,WAYPOINT_DRIVE,WAYPOINT_DRIVE,1353,2,1788842979360.336,66.724,timestamp_domain.system_time,88773109.000,78.000,1,88773109.000,88773140.000,31.000,31.000,88773140.000,31.000,1,1,pnp_visible_ransac,9,0.963,5.1104,0.204405,2.358973,4.9523
2026-09-08T13:49:39.498,503,467,WAYPOINT_DRIVE,WAYPOINT_DRIVE,1356,3,1788842979460.428,100.092,timestamp_domain.system_time,88773203.000,94.000,1,88773203.000,88773234.000,31.000,31.000,88773234.000,31.000,1,1,pnp_visible_ransac,9,0.748,4.8725,0.199429,2.386815,4.7762
2026-09-08T13:49:39.582,504,468,WAYPOINT_DRIVE,WAYPOINT_DRIVE,1358,2,1788842979527.122,66.694,timestamp_domain.system_time,88773281.000,78.000,1,88773281.000,88773312.000,31.000,31.000,88773312.000,31.000,1,1,pnp_visible_ransac,9,0.766,5.0026,0.201429,2.375893,4.8460
2026-09-08T13:49:39.665,505,469,WAYPOINT_DRIVE,WAYPOINT_DRIVE,1361,3,1788842979627.104,99.982,timestamp_domain.system_time,88773359.000,78.000,1,88773359.000,88773390.000,31.000,31.000,88773390.000,31.000,1,1,pnp_visible_ransac,9,0.636,5.1886,0.200034,2.354633,4.8558
2026-09-08T13:49:39.750,506,470,WAYPOINT_DRIVE,WAYPOINT_DRIVE,1363,2,1788842979693.789,66.685,timestamp_domain.system_time,88773453.000,94.000,1,88773453.000,88773484.000,31.000,31.000,88773484.000,31.000,1,1,pnp_visible_ransac,9,0.769,5.0982,0.197438,2.345353,4.8120
2026-09-08T13:49:39.833,507,471,WAYPOINT_DRIVE,WAYPOINT_DRIVE,1366,3,1788842979793.975,100.186,timestamp_domain.system_time,88773531.000,78.000,1,88773531.000,88773562.000,31.000,31.000,88773562.000,31.000,1,1,pnp_visible_ransac,9,0.609,5.1934,0.194281,2.323760,4.7792
2026-09-08T13:49:39.917,508,472,WAYPOINT_DRIVE,WAYPOINT_DRIVE,1368,2,1788842979860.701,66.726,timestamp_domain.system_time,88773609.000,78.000,1,88773609.000,88773640.000,31.000,31.000,88773640.000,31.000,1,1,pnp_visible_ransac,9,0.843,5.1833,0.196799,2.305893,4.8781
2026-09-08T13:49:40.000,509,473,WAYPOINT_DRIVE,WAYPOINT_DRIVE,1371,3,1788842979960.642,99.941,timestamp_domain.system_time,88773703.000,94.000,1,88773703.000,88773734.000,31.000,31.000,88773734.000,31.000,1,1,pnp_visible_ransac,9,0.822,5.2629,0.197608,2.285838,4.9409
2026-09-08T13:49:40.085,510,474,WAYPOINT_DRIVE,WAYPOINT_DRIVE,1373,2,1788842980027.508,66.865,timestamp_domain.system_time,88773781.000,78.000,1,88773781.000,88773812.000,31.000,31.000,88773812.000,31.000,1,1,pnp_visible_ransac,9,0.881,5.2658,0.193586,2.273111,4.8678
2026-09-08T13:49:40.176,511,475,WAYPOINT_DRIVE,WAYPOINT_DRIVE,1376,3,1788842980127.925,100.418,timestamp_domain.system_time,88773859.000,78.000,1,88773875.000,88773906.000,31.000,47.000,88773906.000,47.000,1,1,pnp_visible_ransac,9,0.937,5.0886,0.193020,2.255605,4.8911
2026-09-08T13:49:40.252,512,476,WAYPOINT_DRIVE,WAYPOINT_DRIVE,1377,1,1788842980160.616,32.691,timestamp_domain.system_time,88773953.000,94.000,1,88773953.000,88773984.000,31.000,31.000,88773984.000,31.000,1,1,pnp_visible_ransac,9,0.978,5.0316,0.194434,2.243952,4.9522
2026-09-08T13:49:40.335,513,477,WAYPOINT_DRIVE,WAYPOINT_DRIVE,1381,4,1788842980294.361,133.744,timestamp_domain.system_time,88774031.000,78.000,1,88774031.000,88774062.000,31.000,31.000,88774062.000,31.000,1,1,pnp_visible_ransac,9,0.823,5.2840,0.189888,2.213378,4.9035
2026-09-08T13:49:40.422,514,478,WAYPOINT_DRIVE,WAYPOINT_DRIVE,1383,2,1788842980360.976,66.615,timestamp_domain.system_time,88774125.000,94.000,1,88774125.000,88774156.000,31.000,31.000,88774156.000,31.000,1,1,pnp_visible_ransac,9,1.104,4.8927,0.187538,2.198750,4.8751
2026-09-08T13:49:40.510,515,479,WAYPOINT_DRIVE_SETTLE,WAYPOINT_DRIVE_SETTLE,1386,3,1788842980460.806,99.830,timestamp_domain.system_time,88774203.000,78.000,1,88774218.000,88774234.000,16.000,31.000,88774234.000,31.000,1,1,pnp_visible_ransac,9,1.003,5.3166,0.186012,2.160203,4.9215
2026-09-08T13:49:40.587,516,480,WAYPOINT_DRIVE_SETTLE,WAYPOINT_DRIVE_SETTLE,1388,2,1788842980527.617,66.811,timestamp_domain.system_time,88774281.000,78.000,1,88774281.000,88774312.000,31.000,31.000,88774312.000,31.000,1,1,pnp_visible_ransac,9,1.204,5.3634,0.184648,2.145970,4.9178
2026-09-08T13:49:40.676,517,481,WAYPOINT_DRIVE_SETTLE,WAYPOINT_DRIVE_SETTLE,1391,3,1788842980627.787,100.170,timestamp_domain.system_time,88774359.000,78.000,1,88774359.000,88774406.000,47.000,47.000,88774406.000,47.000,1,1,pnp_visible_ransac,9,1.411,5.4351,0.179658,2.122231,4.8389
2026-09-08T13:49:40.754,518,482,WAYPOINT_DRIVE_SETTLE,WAYPOINT_DRIVE_SETTLE,1393,2,1788842980694.556,66.769,timestamp_domain.system_time,88774453.000,94.000,1,88774453.000,88774484.000,31.000,31.000,88774484.000,31.000,1,1,pnp_visible_ransac,9,1.397,5.3284,0.181243,2.106924,4.9166
2026-09-08T13:49:40.846,519,483,WAYPOINT_DRIVE_SETTLE,WAYPOINT_DRIVE_SETTLE,1396,3,1788842980794.667,100.111,timestamp_domain.system_time,88774546.000,93.000,1,88774546.000,88774578.000,32.000,32.000,88774578.000,32.000,1,1,pnp_visible_ransac,9,1.204,5.2768,0.185457,2.084418,5.0844
2026-09-08T13:49:40.923,520,484,WAYPOINT_DRIVE_SETTLE,WAYPOINT_DRIVE_SETTLE,1398,2,1788842980861.335,66.669,timestamp_domain.system_time,88774609.000,63.000,1,88774609.000,88774656.000,47.000,47.000,88774656.000,47.000,1,1,pnp_visible_ransac,9,1.197,5.3633,0.183813,2.077101,5.0572
2026-09-08T13:49:41.003,521,485,WAYPOINT_DRIVE_SETTLE,WAYPOINT_DRIVE_SETTLE,1401,3,1788842980961.436,100.101,timestamp_domain.system_time,88774703.000,94.000,1,88774703.000,88774734.000,31.000,31.000,88774734.000,31.000,1,1,pnp_visible_ransac,9,1.332,5.3378,0.185881,2.076370,5.1156
2026-09-08T13:49:41.090,522,486,WAYPOINT_DRIVE_SETTLE,WAYPOINT_DRIVE_SETTLE,1403,2,1788842981028.163,66.727,timestamp_domain.system_time,88774796.000,93.000,1,88774796.000,88774828.000,32.000,32.000,88774828.000,32.000,1,1,pnp_visible_ransac,9,1.348,5.1340,0.186433,2.077873,5.1270
2026-09-08T13:49:41.179,523,487,WAYPOINT_DRIVE_SETTLE,WAYPOINT_DRIVE_SETTLE,1406,3,1788842981128.578,100.415,timestamp_domain.system_time,88774875.000,79.000,1,88774875.000,88774906.000,31.000,31.000,88774906.000,31.000,1,1,pnp_visible_ransac,9,1.412,5.0585,0.183154,2.081074,5.0296
2026-09-08T13:49:41.252,524,488,WAYPOINT_DRIVE_SETTLE,WAYPOINT_DRIVE_SETTLE,1407,1,1788842981161.694,33.115,timestamp_domain.system_time,88774953.000,78.000,1,88774953.000,88774984.000,31.000,31.000,88774984.000,31.000,1,1,pnp_visible_ransac,9,1.607,5.3782,0.181926,2.081204,4.9958
2026-09-08T13:49:41.337,525,489,WAYPOINT_DRIVE_SETTLE,WAYPOINT_DRIVE_SETTLE,1411,4,1788842981295.019,133.325,timestamp_domain.system_time,88775031.000,78.000,1,88775031.000,88775062.000,31.000,31.000,88775062.000,31.000,1,1,pnp_visible_ransac,9,1.503,5.2713,0.183761,2.082198,5.0435
2026-09-08T13:49:41.424,526,490,WAYPOINT_DRIVE_SETTLE,WAYPOINT_DRIVE_SETTLE,1413,2,1788842981361.477,66.458,timestamp_domain.system_time,88775125.000,94.000,1,88775125.000,88775156.000,31.000,31.000,88775156.000,31.000,1,1,pnp_visible_ransac,9,1.457,5.2737,0.183378,2.082371,5.0326
2026-09-08T13:49:41.505,527,491,WAYPOINT_DRIVE_SETTLE,WAYPOINT_DRIVE_SETTLE,1416,3,1788842981461.957,100.480,timestamp_domain.system_time,88775203.000,78.000,1,88775203.000,88775234.000,31.000,31.000,88775234.000,31.000,1,1,pnp_visible_ransac,9,1.545,5.3667,0.182923,2.083246,5.0181
2026-09-08T13:49:41.585,528,492,WAYPOINT_DRIVE_SETTLE,WAYPOINT_DRIVE_SETTLE,1418,2,1788842981528.520,66.562,timestamp_domain.system_time,88775281.000,78.000,1,88775281.000,88775312.000,31.000,31.000,88775312.000,31.000,1,1,pnp_visible_ransac,9,1.554,5.3339,0.182923,2.082232,5.0205
2026-09-08T13:49:41.686,529,493,WAYPOINT_DRIVE_SETTLE,WAYPOINT_DRIVE_SETTLE,1421,3,1788842981628.514,99.994,timestamp_domain.system_time,88775375.000,94.000,1,88775375.000,88775421.000,46.000,46.000,88775421.000,46.000,1,1,pnp_visible_ransac,9,1.573,5.3199,0.183445,2.083109,5.0327
2026-09-08T13:49:41.759,530,494,WAYPOINT_DRIVE_SETTLE,WAYPOINT_DRIVE_SETTLE,1424,3,1788842981728.587,100.073,timestamp_domain.system_time,88775453.000,78.000,1,88775453.000,88775484.000,31.000,31.000,88775484.000,31.000,1,1,pnp_visible_ransac,9,1.617,5.2995,0.183250,2.082952,5.0277
2026-09-08T13:49:41.849,531,495,WAYPOINT_DRIVE_SETTLE,WAYPOINT_DRIVE_SETTLE,1426,2,1788842981795.500,66.913,timestamp_domain.system_time,88775531.000,78.000,1,88775531.000,88775578.000,47.000,47.000,88775578.000,47.000,1,1,pnp_visible_ransac,9,1.480,5.2952,0.182965,2.082678,5.0206
2026-09-08T13:49:41.929,532,496,WAYPOINT_DRIVE_SETTLE,WAYPOINT_DRIVE_SETTLE,1428,2,1788842981861.994,66.494,timestamp_domain.system_time,88775625.000,94.000,1,88775625.000,88775656.000,31.000,31.000,88775656.000,31.000,1,1,pnp_visible_ransac,9,1.448,5.3910,0.183094,2.081940,5.0259
2026-09-08T13:49:42.015,533,497,WAYPOINT_DRIVE_SETTLE,WAYPOINT_DRIVE_SETTLE,1431,3,1788842981962.274,100.280,timestamp_domain.system_time,88775718.000,93.000,1,88775718.000,88775750.000,32.000,32.000,88775750.000,32.000,1,1,pnp_visible_ransac,9,1.560,5.3388,0.182916,2.083457,5.0174
2026-09-08T13:49:42.094,534,498,WAYPOINT_DRIVE_SETTLE,WAYPOINT_DRIVE_SETTLE,1433,2,1788842982028.620,66.346,timestamp_domain.system_time,88775796.000,78.000,1,88775796.000,88775828.000,32.000,32.000,88775828.000,32.000,1,1,pnp_visible_ransac,9,1.543,5.3319,0.183111,2.083951,5.0215
2026-09-08T13:49:42.176,535,499,WAYPOINT_DRIVE_SETTLE,WAYPOINT_DRIVE_SETTLE,1436,3,1788842982128.765,100.145,timestamp_domain.system_time,88775875.000,79.000,1,88775875.000,88775906.000,31.000,31.000,88775906.000,31.000,1,1,pnp_visible_ransac,9,1.564,5.3238,0.183131,2.082579,5.0254
2026-09-08T13:49:42.255,536,500,WAYPOINT_DRIVE_SETTLE,WAYPOINT_DRIVE_SETTLE,1437,1,1788842982162.225,33.460,timestamp_domain.system_time,88775953.000,78.000,1,88775953.000,88775984.000,31.000,31.000,88775984.000,31.000,1,1,pnp_visible_ransac,9,1.520,5.4257,0.182886,2.083343,5.0169
2026-09-08T13:49:42.337,537,501,WAYPOINT_DRIVE_SETTLE,WAYPOINT_DRIVE_SETTLE,1441,4,1788842982295.727,133.502,timestamp_domain.system_time,88776031.000,78.000,1,88776031.000,88776062.000,31.000,31.000,88776062.000,31.000,1,1,pnp_visible_ransac,9,1.599,5.3025,0.183675,2.082198,5.0411
2026-09-08T13:49:42.410,538,502,WAYPOINT_DRIVE_SETTLE,WAYPOINT_DRIVE_SETTLE,1443,2,1788842982362.320,66.592,timestamp_domain.system_time,88776109.000,78.000,1,88776125.000,88776140.000,15.000,31.000,88776140.000,31.000,1,1,pnp_visible_ransac,9,1.592,5.3616,0.182894,2.083964,5.0156
2026-09-08T13:49:42.489,539,503,WAYPOINT_DRIVE_SETTLE,WAYPOINT_DRIVE_SETTLE,1446,3,1788842982462.431,100.111,timestamp_domain.system_time,88776187.000,78.000,1,88776187.000,88776218.000,31.000,31.000,88776218.000,31.000,1,1,pnp_visible_ransac,9,1.639,5.3937,0.183091,2.083028,5.0232
2026-09-08T13:49:42.581,540,504,WAYPOINT_DRIVE_SETTLE,WAYPOINT_DRIVE_SETTLE,1448,2,1788842982529.276,66.845,timestamp_domain.system_time,88776281.000,94.000,1,88776281.000,88776312.000,31.000,31.000,88776312.000,31.000,1,1,pnp_visible_ransac,9,1.595,5.3184,0.183464,2.083183,5.0330
2026-09-08T13:49:42.658,541,505,WAYPOINT_DRIVE_SETTLE,WAYPOINT_DRIVE_SETTLE,1451,3,1788842982628.966,99.690,timestamp_domain.system_time,88776359.000,78.000,1,88776375.000,88776390.000,15.000,31.000,88776390.000,31.000,1,1,pnp_visible_ransac,9,1.465,5.3990,0.182895,2.081495,5.0215
2026-09-08T13:49:42.746,542,506,WAYPOINT_DRIVE_SETTLE,WAYPOINT_DRIVE_SETTLE,1453,2,1788842982695.667,66.701,timestamp_domain.system_time,88776437.000,78.000,1,88776437.000,88776484.000,47.000,47.000,88776484.000,47.000,1,1,pnp_visible_ransac,9,1.494,5.3249,0.183048,2.081825,5.0249
2026-09-08T13:49:42.825,543,507,WAYPOINT_DRIVE_SETTLE,WAYPOINT_DRIVE_SETTLE,1456,3,1788842982796.115,100.448,timestamp_domain.system_time,88776531.000,94.000,1,88776531.000,88776562.000,31.000,31.000,88776562.000,31.000,1,1,pnp_visible_ransac,9,1.541,5.3421,0.183337,2.082696,5.0307
2026-09-08T13:49:42.916,544,508,WAYPOINT_DRIVE_SETTLE,WAYPOINT_DRIVE_SETTLE,1458,2,1788842982862.924,66.810,timestamp_domain.system_time,88776609.000,78.000,1,88776609.000,88776640.000,31.000,31.000,88776640.000,31.000,1,1,pnp_visible_ransac,9,1.560,5.3388,0.182916,2.083457,5.0174
2026-09-08T13:49:42.990,545,509,WAYPOINT_DRIVE_SETTLE,WAYPOINT_DRIVE_SETTLE,1460,2,1788842982929.306,66.382,timestamp_domain.system_time,88776687.000,78.000,1,88776703.000,88776718.000,15.000,31.000,88776718.000,31.000,1,1,pnp_visible_ransac,9,1.543,5.3319,0.183111,2.083951,5.0215
2026-09-08T13:49:43.068,546,510,WAYPOINT_DRIVE_SETTLE,WAYPOINT_DRIVE_SETTLE,1463,3,1788842983029.696,100.390,timestamp_domain.system_time,88776765.000,78.000,1,88776781.000,88776796.000,15.000,31.000,88776796.000,31.000,1,1,pnp_visible_ransac,9,1.465,5.3990,0.182895,2.081495,5.0215
2026-09-08T13:49:43.157,547,511,WAYPOINT_DRIVE_SETTLE,WAYPOINT_DRIVE_SETTLE,1465,2,1788842983096.037,66.341,timestamp_domain.system_time,88776859.000,94.000,1,88776859.000,88776890.000,31.000,31.000,88776890.000,31.000,1,1,pnp_visible_ransac,9,1.541,5.3421,0.183337,2.082696,5.0307
2026-09-08T13:49:43.224,548,512,WAYPOINT_DRIVE_SETTLE,WAYPOINT_DRIVE_SETTLE,1467,2,1788842983163.023,66.986,timestamp_domain.system_time,88776921.000,62.000,1,88776921.000,88776953.000,32.000,32.000,88776953.000,32.000,1,1,pnp_visible_ransac,9,1.573,5.3188,0.183449,2.083061,5.0329
2026-09-08T13:49:43.325,549,513,WAYPOINT_DRIVE_SETTLE,WAYPOINT_DRIVE_SETTLE,1470,3,1788842983263.353,100.330,timestamp_domain.system_time,88777015.000,94.000,1,88777015.000,88777062.000,47.000,47.000,88777062.000,47.000,1,1,pnp_visible_ransac,9,1.549,5.3517,0.183138,2.082369,5.0261
2026-09-08T13:49:43.412,550,514,FINAL_POSE_LOCK,FINAL_POSE_LOCK,1473,3,1788842983363.076,99.723,timestamp_domain.system_time,88777109.000,94.000,1,88777109.000,88777140.000,31.000,31.000,88777140.000,31.000,1,1,pnp_visible_ransac,9,1.564,5.3238,0.183131,2.082579,5.0254
2026-09-08T13:49:43.502,551,515,FINAL_ROTATE,FINAL_ROTATE,1475,2,1788842983429.848,66.771,timestamp_domain.system_time,88777203.000,94.000,1,88777203.000,88777234.000,31.000,31.000,88777234.000,31.000,1,1,pnp_visible_ransac,9,1.535,5.2560,0.183298,2.082172,5.0309
2026-09-08T13:49:43.586,552,516,FINAL_ROTATE,FINAL_ROTATE,1478,3,1788842983529.932,100.084,timestamp_domain.system_time,88777281.000,78.000,1,88777281.000,88777312.000,31.000,31.000,88777312.000,31.000,1,1,pnp_visible_ransac,9,1.558,5.3501,0.183139,2.082250,5.0264
2026-09-08T13:49:43.675,553,517,FINAL_ROTATE,FINAL_ROTATE,1481,3,1788842983629.892,99.960,timestamp_domain.system_time,88777359.000,78.000,1,88777375.000,88777406.000,31.000,47.000,88777406.000,47.000,1,1,pnp_visible_ransac,9,1.474,5.4127,0.182694,2.082388,5.0139
2026-09-08T13:49:43.749,554,518,FINAL_ROTATE,FINAL_ROTATE,1483,2,1788842983696.650,66.758,timestamp_domain.system_time,88777437.000,78.000,1,88777437.000,88777484.000,47.000,47.000,88777484.000,47.000,1,1,pnp_visible_ransac,9,1.558,5.3477,0.182722,2.083127,5.0129
2026-09-08T13:49:43.829,555,519,FINAL_ROTATE,FINAL_ROTATE,1486,3,1788842983796.664,100.014,timestamp_domain.system_time,88777531.000,94.000,1,88777531.000,88777562.000,31.000,31.000,88777562.000,31.000,1,1,pnp_visible_ransac,9,1.434,5.3401,0.184558,2.080928,5.0683
2026-09-08T13:49:43.921,556,520,FINAL_ROTATE,FINAL_ROTATE,1488,2,1788842983863.313,66.649,timestamp_domain.system_time,88777625.000,94.000,1,88777625.000,88777656.000,31.000,31.000,88777656.000,31.000,1,1,pnp_visible_ransac,9,1.515,5.4052,0.183656,2.082867,5.0390
2026-09-08T13:49:44.008,557,521,FINAL_ROTATE,FINAL_ROTATE,1491,3,1788842983963.505,100.192,timestamp_domain.system_time,88777687.000,62.000,1,88777687.000,88777718.000,31.000,31.000,88777734.000,47.000,1,1,pnp_visible_ransac,9,1.513,5.3906,0.183184,2.082830,5.0262
2026-09-08T13:49:44.090,558,522,FINAL_ROTATE,FINAL_ROTATE,1493,2,1788842984030.281,66.777,timestamp_domain.system_time,88777781.000,94.000,1,88777781.000,88777828.000,47.000,47.000,88777828.000,47.000,1,1,pnp_visible_ransac,9,1.443,5.4450,0.183318,2.083375,5.0286
2026-09-08T13:49:44.163,559,523,FINAL_ROTATE,FINAL_ROTATE,1496,3,1788842984130.130,99.848,timestamp_domain.system_time,88777859.000,78.000,1,88777859.000,88777890.000,31.000,31.000,88777890.000,31.000,1,1,pnp_visible_ransac,9,1.619,5.4393,0.183279,2.082501,5.0296
2026-09-08T13:49:44.255,560,524,FINAL_ROTATE,FINAL_ROTATE,1497,1,1788842984163.613,33.483,timestamp_domain.system_time,88777953.000,94.000,1,88777953.000,88777984.000,31.000,31.000,88777984.000,31.000,1,1,pnp_visible_ransac,9,1.530,5.4279,0.183270,2.083538,5.0269
2026-09-08T13:49:44.343,561,525,FINAL_ROTATE,FINAL_ROTATE,1501,4,1788842984296.974,133.362,timestamp_domain.system_time,88778031.000,78.000,1,88778031.000,88778062.000,31.000,31.000,88778078.000,47.000,1,1,pnp_visible_ransac,9,1.629,5.4019,0.183089,2.084592,5.0194
2026-09-08T13:49:44.414,562,526,FINAL_ROTATE,FINAL_ROTATE,1503,2,1788842984363.698,66.723,timestamp_domain.system_time,88778125.000,94.000,1,88778125.000,88778140.000,15.000,15.000,88778140.000,15.000,1,1,pnp_visible_ransac,9,1.560,5.3403,0.182357,2.081792,5.0061
2026-09-08T13:49:44.499,563,527,FINAL_ROTATE,FINAL_ROTATE,1506,3,1788842984464.026,100.328,timestamp_domain.system_time,88778203.000,78.000,1,88778203.000,88778234.000,31.000,31.000,88778234.000,31.000,1,1,pnp_visible_ransac,9,1.521,5.2290,0.178857,2.083079,4.9075
2026-09-08T13:49:44.590,564,528,FINAL_ROTATE,FINAL_ROTATE,1508,2,1788842984530.702,66.676,timestamp_domain.system_time,88778281.000,78.000,1,88778281.000,88778328.000,47.000,47.000,88778328.000,47.000,1,1,pnp_visible_ransac,9,1.468,5.2676,0.177821,2.084180,4.8766
2026-09-08T13:49:44.662,565,529,FINAL_ROTATE,FINAL_ROTATE,1511,3,1788842984631.127,100.426,timestamp_domain.system_time,88778359.000,78.000,1,88778375.000,88778390.000,15.000,31.000,88778390.000,31.000,1,1,pnp_visible_ransac,9,1.247,4.9913,0.168264,2.085559,4.6127
2026-09-08T13:49:44.750,566,530,FINAL_ROTATE,FINAL_ROTATE,1513,2,1788842984697.329,66.202,timestamp_domain.system_time,88778453.000,94.000,1,88778453.000,88778484.000,31.000,31.000,88778484.000,31.000,1,1,pnp_visible_ransac,9,1.349,4.8154,0.156514,2.085683,4.2916
2026-09-08T13:49:44.836,567,531,FINAL_ROTATE,FINAL_ROTATE,1516,3,1788842984797.424,100.095,timestamp_domain.system_time,88778531.000,78.000,1,88778531.000,88778562.000,31.000,31.000,88778562.000,31.000,1,1,pnp_visible_ransac,9,1.174,4.5157,0.136816,2.086462,3.7517
2026-09-08T13:49:44.921,568,532,FINAL_ROTATE,FINAL_ROTATE,1518,2,1788842984864.247,66.823,timestamp_domain.system_time,88778609.000,78.000,1,88778625.000,88778656.000,31.000,47.000,88778656.000,47.000,1,1,pnp_visible_ransac,9,1.202,4.0057,0.117503,2.088792,3.2197
2026-09-08T13:49:44.996,569,533,FINAL_ROTATE,FINAL_ROTATE,1521,3,1788842984964.219,99.971,timestamp_domain.system_time,88778687.000,78.000,1,88778687.000,88778734.000,47.000,47.000,88778734.000,47.000,1,1,pnp_visible_ransac,9,1.445,3.3055,0.075695,2.099268,2.0651
2026-09-08T13:49:45.092,570,534,FINAL_SETTLE,FINAL_SETTLE,1523,2,1788842985030.792,66.573,timestamp_domain.system_time,88778781.000,94.000,1,88778796.000,88778828.000,32.000,47.000,88778828.000,47.000,1,1,pnp_visible_ransac,9,1.357,2.4560,0.043633,2.097107,1.1919
2026-09-08T13:49:45.168,571,535,FINAL_SETTLE,FINAL_SETTLE,1526,3,1788842985130.799,100.007,timestamp_domain.system_time,88778875.000,94.000,1,88778875.000,88778906.000,31.000,31.000,88778906.000,31.000,1,1,pnp_visible_ransac,9,1.541,1.7965,-0.014718,2.090359,-0.4034
2026-09-08T13:49:45.251,572,536,FINAL_SETTLE,FINAL_SETTLE,1527,1,1788842985164.199,33.400,timestamp_domain.system_time,88778953.000,78.000,1,88778953.000,88778984.000,31.000,31.000,88778984.000,31.000,1,1,pnp_visible_ransac,9,1.523,1.1737,-0.035454,2.092364,-0.9707
2026-09-08T13:49:45.330,573,537,FINAL_SETTLE,FINAL_SETTLE,1531,4,1788842985297.681,133.482,timestamp_domain.system_time,88779031.000,78.000,1,88779031.000,88779062.000,31.000,31.000,88779062.000,31.000,1,1,pnp_visible_ransac,9,1.176,-0.2036,-0.094563,2.080407,-2.6025
2026-09-08T13:49:45.427,574,538,FINAL_SETTLE,FINAL_SETTLE,1533,2,1788842985364.615,66.934,timestamp_domain.system_time,88779109.000,78.000,1,88779109.000,88779156.000,47.000,47.000,88779156.000,47.000,1,1,pnp_visible_ransac,9,1.348,-0.1288,-0.085292,2.083326,-2.3444
2026-09-08T13:49:45.502,575,539,FINAL_SETTLE,FINAL_SETTLE,1536,3,1788842985464.752,100.137,timestamp_domain.system_time,88779203.000,94.000,1,88779203.000,88779234.000,31.000,31.000,88779234.000,31.000,1,1,pnp_visible_ransac,9,1.102,0.8171,-0.034964,2.080970,-0.9626
2026-09-08T13:49:45.594,576,540,FINAL_SETTLE,FINAL_SETTLE,1538,2,1788842985531.453,66.701,timestamp_domain.system_time,88779281.000,78.000,1,88779296.000,88779328.000,32.000,47.000,88779328.000,47.000,1,1,pnp_visible_ransac,9,1.209,1.6437,-0.018471,2.081562,-0.5084
2026-09-08T13:49:45.680,577,541,FINAL_SETTLE,FINAL_SETTLE,1541,3,1788842985632.073,100.621,timestamp_domain.system_time,88779359.000,78.000,1,88779375.000,88779406.000,31.000,47.000,88779406.000,47.000,1,1,pnp_visible_ransac,9,1.257,1.4414,-0.035521,2.081146,-0.9778
2026-09-08T13:49:45.754,578,542,FINAL_SETTLE,FINAL_SETTLE,1543,2,1788842985698.162,66.088,timestamp_domain.system_time,88779453.000,94.000,1,88779468.000,88779484.000,16.000,31.000,88779484.000,31.000,1,1,pnp_visible_ransac,9,1.272,1.0112,-0.047590,2.085495,-1.3072
2026-09-08T13:49:45.837,579,543,FINAL_SETTLE,FINAL_SETTLE,1546,3,1788842985798.290,100.128,timestamp_domain.system_time,88779531.000,78.000,1,88779531.000,88779562.000,31.000,31.000,88779562.000,31.000,1,1,pnp_visible_ransac,9,1.435,0.9544,-0.046552,2.088681,-1.2768
2026-09-08T13:49:45.925,580,544,FINAL_SETTLE,FINAL_SETTLE,1548,2,1788842985864.875,66.585,timestamp_domain.system_time,88779625.000,94.000,1,88779625.000,88779656.000,31.000,31.000,88779656.000,31.000,1,1,pnp_visible_ransac,9,1.473,0.9201,-0.044564,2.090671,-1.2211
2026-09-08T13:49:45.999,581,545,FINAL_SETTLE,FINAL_SETTLE,1551,3,1788842985965.042,100.167,timestamp_domain.system_time,88779703.000,78.000,1,88779703.000,88779734.000,31.000,31.000,88779734.000,31.000,1,1,pnp_visible_ransac,9,1.476,0.9925,-0.047273,2.086340,-1.2980
2026-09-08T13:49:46.088,582,546,FINAL_SETTLE,FINAL_SETTLE,1553,2,1788842986031.860,66.817,timestamp_domain.system_time,88779781.000,78.000,1,88779781.000,88779812.000,31.000,31.000,88779812.000,31.000,1,1,pnp_visible_ransac,9,1.357,1.0310,-0.045773,2.088351,-1.2556
2026-09-08T13:49:46.173,583,547,FINAL_SETTLE,FINAL_SETTLE,1556,3,1788842986131.664,99.805,timestamp_domain.system_time,88779875.000,94.000,1,88779875.000,88779906.000,31.000,31.000,88779906.000,31.000,1,1,pnp_visible_ransac,9,1.450,0.9189,-0.046974,2.088920,-1.2882
2026-09-08T13:49:46.255,584,548,FINAL_SETTLE,FINAL_SETTLE,1557,1,1788842986164.900,33.236,timestamp_domain.system_time,88779953.000,78.000,1,88779953.000,88779984.000,31.000,31.000,88779984.000,31.000,1,1,pnp_visible_ransac,9,1.439,0.8957,-0.046510,2.088513,-1.2757
2026-09-08T13:49:46.332,585,549,FINAL_SETTLE,FINAL_SETTLE,1561,4,1788842986298.299,133.399,timestamp_domain.system_time,88780031.000,78.000,1,88780031.000,88780062.000,31.000,31.000,88780062.000,31.000,1,1,pnp_visible_ransac,9,1.298,0.9546,-0.046145,2.087044,-1.2666
2026-09-08T13:49:46.415,586,550,FINAL_SETTLE,FINAL_SETTLE,1563,2,1788842986365.302,67.003,timestamp_domain.system_time,88780109.000,78.000,1,88780109.000,88780140.000,31.000,31.000,88780140.000,31.000,1,1,pnp_visible_ransac,9,1.401,0.9217,-0.046060,2.087276,-1.2641
2026-09-08T13:49:46.499,587,551,FINAL_SETTLE,FINAL_SETTLE,1565,2,1788842986431.873,66.571,timestamp_domain.system_time,88780187.000,78.000,1,88780203.000,88780218.000,15.000,31.000,88780234.000,47.000,1,1,pnp_visible_ransac,9,1.400,1.0128,-0.046368,2.089127,-1.2715
2026-09-08T13:49:46.568,588,552,FINAL_SETTLE,FINAL_SETTLE,1568,3,1788842986532.048,100.175,timestamp_domain.system_time,88780265.000,78.000,1,88780265.000,88780296.000,31.000,31.000,88780296.000,31.000,1,1,pnp_visible_ransac,9,1.362,1.0758,-0.046808,2.087967,-1.2842
2026-09-08T13:49:46.666,589,553,FINAL_SETTLE,FINAL_SETTLE,1570,2,1788842986598.802,66.754,timestamp_domain.system_time,88780359.000,94.000,1,88780359.000,88780390.000,31.000,31.000,88780390.000,31.000,1,1,pnp_visible_ransac,9,1.489,0.9820,-0.046526,2.088924,-1.2759
2026-09-08T13:49:46.750,590,554,FINAL_SETTLE,FINAL_SETTLE,1573,3,1788842986698.883,100.081,timestamp_domain.system_time,88780437.000,78.000,1,88780453.000,88780484.000,31.000,47.000,88780484.000,47.000,1,1,pnp_visible_ransac,9,1.449,1.1153,-0.046291,2.088375,-1.2698
2026-09-08T13:49:46.833,591,555,FINAL_SETTLE,FINAL_SETTLE,1575,2,1788842986765.749,66.866,timestamp_domain.system_time,88780531.000,94.000,1,88780531.000,88780562.000,31.000,31.000,88780562.000,31.000,1,1,pnp_visible_ransac,9,1.435,1.0521,-0.046740,2.088506,-1.2821
2026-09-08T13:49:46.902,592,556,FINAL_SETTLE,FINAL_SETTLE,1578,3,1788842986865.688,99.938,timestamp_domain.system_time,88780609.000,78.000,1,88780609.000,88780640.000,31.000,31.000,88780640.000,31.000,1,1,pnp_visible_ransac,9,1.471,0.9597,-0.046069,2.088561,-1.2636
2026-09-08T13:49:46.993,593,557,FINAL_SETTLE,FINAL_SETTLE,1580,2,1788842986932.298,66.610,timestamp_domain.system_time,88780687.000,78.000,1,88780687.000,88780718.000,31.000,31.000,88780718.000,31.000,1,1,pnp_visible_ransac,9,1.480,1.0735,-0.046806,2.088860,-1.2836
2026-09-08T13:49:47.068,594,558,FINAL_SETTLE,FINAL_SETTLE,1583,3,1788842987032.387,100.089,timestamp_domain.system_time,88780765.000,78.000,1,88780765.000,88780796.000,31.000,31.000,88780796.000,31.000,1,1,pnp_visible_ransac,9,1.451,1.0382,-0.046472,2.090063,-1.2738
2026-09-08T13:49:47.159,595,559,FINAL_SETTLE,FINAL_SETTLE,1585,2,1788842987098.881,66.494,timestamp_domain.system_time,88780859.000,94.000,1,88780859.000,88780890.000,31.000,31.000,88780890.000,31.000,1,1,pnp_visible_ransac,9,1.449,0.9282,-0.045842,2.088725,-1.2573
2026-09-08T13:49:47.237,596,560,FINAL_SETTLE,FINAL_SETTLE,1587,2,1788842987166.229,67.347,timestamp_domain.system_time,88780937.000,78.000,1,88780937.000,88780968.000,31.000,31.000,88780968.000,31.000,1,1,pnp_visible_ransac,9,1.369,1.0421,-0.046566,2.088199,-1.2775
2026-09-08T13:49:47.369,597,561,FINAL_SETTLE,FINAL_SETTLE,1591,4,1788842987299.855,133.626,timestamp_domain.system_time,88781062.000,125.000,1,88781062.000,88781093.000,31.000,31.000,88781093.000,31.000,1,1,pnp_visible_ransac,9,1.383,0.9263,-0.045967,2.088671,-1.2607
2026-09-08T13:49:47.455,598,562,FINAL_SETTLE,FINAL_SETTLE,1594,3,1788842987399.315,99.459,timestamp_domain.system_time,88781156.000,94.000,1,88781156.000,88781187.000,31.000,31.000,88781187.000,31.000,1,1,pnp_visible_ransac,9,1.368,0.9737,-0.045967,2.087852,-1.2612
2026-09-08T13:49:47.536,599,563,FINAL_SETTLE,FINAL_SETTLE,1597,3,1788842987499.342,100.027,timestamp_domain.system_time,88781234.000,78.000,1,88781234.000,88781265.000,31.000,31.000,88781265.000,31.000,1,1,pnp_visible_ransac,9,1.440,0.9975,-0.046448,2.089076,-1.2737
2026-09-08T13:49:47.620,600,564,FINAL_SETTLE,FINAL_SETTLE,1599,2,1788842987565.797,66.455,timestamp_domain.system_time,88781296.000,62.000,1,88781312.000,88781343.000,31.000,47.000,88781343.000,47.000,1,1,pnp_visible_ransac,9,1.467,0.9898,-0.046676,2.089159,-1.2799
2026-09-08T13:49:47.705,601,565,FINAL_SETTLE,FINAL_SETTLE,1602,3,1788842987666.162,100.365,timestamp_domain.system_time,88781406.000,110.000,1,88781406.000,88781437.000,31.000,31.000,88781437.000,31.000,1,1,pnp_visible_ransac,9,1.420,1.0275,-0.046651,2.088161,-1.2798
2026-09-08T13:49:47.785,602,566,FINAL_SETTLE,FINAL_SETTLE,1604,2,1788842987732.902,66.740,timestamp_domain.system_time,88781484.000,78.000,1,88781484.000,88781515.000,31.000,31.000,88781515.000,31.000,1,1,pnp_visible_ransac,9,1.464,1.0248,-0.046421,2.089956,-1.2724
2026-09-08T13:49:47.871,603,567,FINAL_SETTLE,FINAL_SETTLE,1607,3,1788842987832.984,100.082,timestamp_domain.system_time,88781562.000,78.000,1,88781578.000,88781609.000,31.000,47.000,88781609.000,47.000,1,1,pnp_visible_ransac,9,1.388,0.9941,-0.046561,2.089030,-1.2768
2026-09-08T13:49:47.954,604,568,FINAL_SETTLE,FINAL_SETTLE,1609,2,1788842987899.644,66.660,timestamp_domain.system_time,88781640.000,78.000,1,88781640.000,88781687.000,47.000,47.000,88781687.000,47.000,1,1,pnp_visible_ransac,9,1.439,0.9711,-0.046497,2.089495,-1.2748
2026-09-08T13:49:48.029,605,569,FINAL_POSE_LOCK,FINAL_POSE_LOCK,1611,2,1788842987966.427,66.783,timestamp_domain.system_time,88781734.000,94.000,1,88781734.000,88781765.000,31.000,31.000,88781765.000,31.000,1,1,pnp_visible_ransac,9,1.354,0.9484,-0.046025,2.088316,-1.2626
