t_iso,t_mono,frame_i,fsm_state,align_sub,det_ok,pos_x,pos_y,pos_z,yaw_deg,yaw_model_raw_deg,width_m,fps,rot_stop_command,rot_stop_mode,rot_stop_measured_rate_deg_s,rot_stop_effective_rate_deg_s,rot_stop_error_deg,rot_post_stop_deg,rot_post_stop_peak_abs_deg
2026-09-04T19:04:49.621,18516.328000,1,PRECHECK,PRECHECK,0,,,,,,,1.50,,,,,,,
2026-09-04T19:04:49.843,18516.546000,2,SEARCH_SWEEP,SEARCH_SWEEP,1,-0.501284,0.311548,4.531850,-16.2672,-16.2672,1.1000,0.82,,,,,,,
2026-09-04T19:04:49.989,18516.687000,4,ACQUIRE_VERIFY,ACQUIRE_VERIFY,1,-0.501883,0.313871,4.563430,-16.7642,-16.7642,1.1000,0.82,,,,,,,
2026-09-04T19:04:50.089,18516.796000,5,ACQUIRE_VERIFY,ACQUIRE_VERIFY,1,-0.499920,0.311230,4.527425,-14.8198,-14.8198,1.1000,0.82,,,,,,,
2026-09-04T19:04:50.223,18516.921000,7,ACQUIRE_VERIFY,ACQUIRE_VERIFY,1,-0.506472,0.315018,4.569939,-16.8439,-16.8439,1.1000,0.82,,,,,,,
2026-09-04T19:04:50.367,18517.062000,9,ACQUIRE_VERIFY,ACQUIRE_VERIFY,1,-0.502129,0.313451,4.559536,-15.9247,-15.9247,1.1000,13.18,,,,,,,
2026-09-04T19:04:50.525,18517.218000,11,ACQUIRE_VERIFY,ACQUIRE_VERIFY,1,-0.502346,0.311679,4.536982,-17.3689,-17.3689,1.1000,13.18,,,,,,,
2026-09-04T19:04:50.666,18517.359000,13,ACQUIRE_VERIFY,ACQUIRE_VERIFY,1,-0.509311,0.314853,4.563763,-17.5738,-17.5738,1.1000,13.18,,,,,,,
2026-09-04T19:04:50.816,18517.515000,15,FACE_ROTATE,FACE_ROTATE,1,-0.513311,0.317007,4.582762,-14.5610,-14.5610,1.1000,13.18,,,,,,,
2026-09-04T19:04:50.969,18517.671000,17,FACE_ROTATE,FACE_ROTATE,1,-0.506977,0.317546,4.599588,-16.0268,-16.0268,1.1000,13.31,,,,,,,
2026-09-04T19:04:51.115,18517.812000,19,FACE_ROTATE,FACE_ROTATE,1,-0.505783,0.318042,4.612257,-16.7027,-16.7027,1.1000,13.31,,,,,,,
2026-09-04T19:04:51.256,18517.953000,21,FACE_ROTATE,FACE_ROTATE,1,-0.510575,0.317341,4.613807,-17.8698,-17.8698,1.1000,13.31,,,,,,,
2026-09-04T19:04:51.472,18518.171000,23,FACE_ROTATE,FACE_ROTATE,1,-0.509394,0.317793,4.596559,-16.5470,-16.5470,1.1000,12.39,,,,,,,
2026-09-04T19:04:51.617,18518.312000,25,FACE_ROTATE,FACE_ROTATE,1,-0.509450,0.317056,4.627612,-18.6757,-18.6757,1.1000,12.39,,,,,,,
2026-09-04T19:04:51.770,18518.468000,27,FACE_ROTATE,FACE_ROTATE,1,-0.506813,0.318238,4.631671,-16.8871,-16.8871,1.1000,12.39,,,,,,,
2026-09-04T19:04:51.936,18518.640000,29,FACE_ROTATE,FACE_ROTATE,1,-0.504110,0.313646,4.605815,-12.7288,-12.7288,1.1000,12.39,,,,,,,
2026-09-04T19:04:52.103,18518.796000,31,FACE_ROTATE,FACE_ROTATE,1,-0.463987,0.312217,4.536274,-16.9615,-16.9615,1.1000,12.76,,,,,,,
2026-09-04T19:04:52.249,18518.953000,33,FACE_ROTATE,FACE_ROTATE,1,-0.469816,0.299550,4.386254,-10.3593,-10.3593,1.1000,12.76,,,,,,,
2026-09-04T19:04:52.392,18519.093000,35,FACE_ROTATE,FACE_ROTATE,1,-0.397826,0.313914,4.604802,-17.0990,-17.0990,1.1000,12.76,,,,,,,
2026-09-04T19:04:52.591,18519.296000,37,FACE_SETTLE,FACE_SETTLE,1,-0.198815,0.298916,4.577606,-8.6038,-8.6038,1.1000,12.13,ROT_LEFT,face,20.4389,20.4389,-3.6705,0.0000,0.0000
2026-09-04T19:04:52.705,18519.406000,38,FACE_SETTLE,FACE_SETTLE,0,,,,,,,12.13,ROT_LEFT,face,20.4389,20.4389,-3.6705,0.0000,0.0000
2026-09-04T19:04:52.823,18519.515000,39,FACE_SETTLE,FACE_SETTLE,1,0.098560,0.298635,4.548027,-7.3523,-7.3523,1.1000,12.13,ROT_LEFT,face,20.4389,20.4389,-3.6705,0.0000,0.0000
2026-09-04T19:04:52.986,18519.687000,41,FACE_SETTLE,FACE_SETTLE,1,0.268211,0.315850,4.713563,-12.5026,-12.5026,1.1000,12.13,ROT_LEFT,face,20.4389,20.4389,-3.6705,4.9120,4.9120
2026-09-04T19:04:53.150,18519.843000,43,FACE_SETTLE,FACE_SETTLE,1,0.128512,0.297223,4.652674,-10.5456,-10.5456,1.1000,10.72,ROT_LEFT,face,20.4389,20.4389,-3.6705,4.9120,4.9120
2026-09-04T19:04:53.334,18520.031000,45,FACE_SETTLE,FACE_SETTLE,1,0.143996,0.296889,4.624960,-9.2967,-9.2967,1.1000,10.72,ROT_LEFT,face,20.4389,20.4389,-3.6705,5.2527,5.2527
2026-09-04T19:04:53.477,18520.171000,46,FACE_SETTLE,FACE_SETTLE,1,0.154907,0.297022,4.674960,-11.8287,-11.8287,1.1000,10.72,ROT_LEFT,face,20.4389,20.4389,-3.6705,5.4538,5.4538
2026-09-04T19:04:53.650,18520.343000,48,FACE_SETTLE,FACE_SETTLE,1,0.141648,0.291926,4.630678,-11.1811,-11.1811,1.1000,9.87,ROT_LEFT,face,20.4389,20.4389,-3.6705,5.6173,5.6173
2026-09-04T19:04:53.750,18520.453000,49,FACE_SETTLE,FACE_SETTLE,1,0.145761,0.296421,4.655950,-9.7124,-9.7124,1.1000,9.87,ROT_LEFT,face,20.4389,20.4389,-3.6705,5.4226,5.6173
2026-09-04T19:04:53.867,18520.562000,50,FACE_SETTLE,FACE_SETTLE,1,0.377518,0.383104,6.214498,-22.7966,-22.7966,1.1000,9.87,ROT_LEFT,face,20.4389,20.4389,-3.6705,5.4637,5.6173
2026-09-04T19:04:54.023,18520.718000,52,FACE_SETTLE,FACE_SETTLE,1,0.143967,0.293603,4.626894,-10.9073,-10.9073,1.1000,9.87,ROT_LEFT,face,20.4389,20.4389,-3.6705,5.4240,5.6173
2026-09-04T19:04:54.175,18520.875000,54,FACE_SETTLE,FACE_SETTLE,1,0.150412,0.296878,4.685695,-11.1641,-11.1641,1.1000,11.36,ROT_LEFT,face,20.4389,20.4389,-3.6705,5.3168,5.6173
2026-09-04T19:04:54.343,18521.046000,56,FACE_SETTLE,FACE_SETTLE,1,0.151873,0.295404,4.639339,-10.5386,-10.5386,1.1000,11.36,ROT_LEFT,face,20.4389,20.4389,-3.6705,5.4608,5.6173
2026-09-04T19:04:54.489,18521.187000,58,FACE_SETTLE,FACE_SETTLE,1,0.156034,0.297876,4.706016,-12.1002,-12.1002,1.1000,11.36,ROT_LEFT,face,20.4389,20.4389,-3.6705,5.5455,5.6173
2026-09-04T19:04:54.656,18521.359000,60,FACE_SETTLE,FACE_SETTLE,1,0.148493,0.295255,4.646822,-10.8466,-10.8466,1.1000,11.36,ROT_LEFT,face,20.4389,20.4389,-3.6705,5.5459,5.6173
2026-09-04T19:04:54.770,18521.468000,61,FACE_SETTLE,FACE_SETTLE,1,0.145084,0.299990,4.689883,-10.3956,-10.3956,1.1000,11.97,ROT_LEFT,face,20.4389,20.4389,-3.6705,5.5008,5.6173
2026-09-04T19:04:54.871,18521.578000,62,FACE_SETTLE,FACE_SETTLE,1,0.137441,0.296429,4.633252,-9.6011,-9.6011,1.1000,11.97,ROT_LEFT,face,20.4389,20.4389,-3.6705,5.4424,5.6173
2026-09-04T19:04:55.044,18521.750000,64,FACE_SETTLE,FACE_SETTLE,1,0.132391,0.303132,5.149709,-8.5101,-8.5101,1.1000,11.97,ROT_LEFT,face,20.4389,20.4389,-3.6705,5.4928,5.6173
2026-09-04T19:04:55.213,18521.906000,66,FACE_SETTLE,FACE_SETTLE,1,0.148146,0.296134,4.683223,-11.1018,-11.1018,1.1000,11.97,ROT_LEFT,face,20.4389,20.4389,-3.6705,5.4928,5.6173
2026-09-04T19:04:55.371,18522.078000,68,FACE_SETTLE,FACE_SETTLE,1,0.235508,0.331008,5.252852,-11.5142,-11.5142,1.1000,11.31,ROT_LEFT,face,20.4389,20.4389,-3.6705,5.4824,5.6173
2026-09-04T19:04:55.495,18522.203000,69,FACE_SETTLE,FACE_SETTLE,1,0.153416,0.296714,4.677630,-11.3405,-11.3405,1.1000,11.31,ROT_LEFT,face,20.4389,20.4389,-3.6705,5.4824,5.6173
2026-09-04T19:04:55.668,18522.375000,71,FACE_SETTLE,FACE_SETTLE,1,0.330038,0.339007,5.478849,-16.7344,-16.7344,1.1000,11.31,ROT_LEFT,face,20.4389,20.4389,-3.6705,6.0006,6.0006
2026-09-04T19:04:55.839,18522.546000,73,FACE_SETTLE,FACE_SETTLE,1,0.144608,0.296627,4.666568,-10.9413,-10.9413,1.1000,11.10,ROT_LEFT,face,20.4389,20.4389,-3.6705,5.5783,6.0006
2026-09-04T19:04:56.030,18522.734000,75,FACE_SETTLE,FACE_SETTLE,1,0.333437,0.362786,5.852202,-18.5138,-18.5138,1.1000,11.10,ROT_LEFT,face,20.4389,20.4389,-3.6705,5.3990,6.0006
2026-09-04T19:04:56.186,18522.890000,77,FACE_SETTLE,FACE_SETTLE,1,0.152098,0.296339,4.677578,-11.3249,-11.3249,1.1000,11.10,ROT_LEFT,face,20.4389,20.4389,-3.6705,5.4997,6.0006
2026-09-04T19:04:56.338,18523.031000,79,FACE_SETTLE,FACE_SETTLE,1,0.497343,0.384696,6.394278,-32.0627,-32.0627,1.1000,11.51,ROT_LEFT,face,20.4389,20.4389,-3.6705,5.4818,6.0006
2026-09-04T19:04:56.499,18523.203000,81,FACE_SETTLE,FACE_SETTLE,1,0.150589,0.297931,4.694477,-10.4702,-10.4702,1.1000,11.51,ROT_LEFT,face,20.4389,20.4389,-3.6705,5.4818,6.0006
2026-09-04T19:04:56.658,18523.359000,83,FACE_SETTLE,FACE_SETTLE,1,0.124240,0.295632,4.639555,-7.3416,-7.3416,1.1000,11.51,ROT_LEFT,face,20.4389,20.4389,-3.6705,5.4814,6.0006
2026-09-04T19:04:56.778,18523.484000,84,FACE_SETTLE,FACE_SETTLE,1,0.151503,0.296326,4.672019,-11.4315,-11.4315,1.1000,11.51,ROT_LEFT,face,20.4389,20.4389,-3.6705,5.4814,6.0006
2026-09-04T19:04:56.977,18523.671000,86,FACE_SETTLE,FACE_SETTLE,1,0.155291,0.300261,4.694189,-10.6931,-10.6931,1.1000,11.34,ROT_LEFT,face,20.4389,20.4389,-3.6705,5.4694,6.0006
2026-09-04T19:04:57.134,18523.828000,88,FACE_SETTLE,FACE_SETTLE,1,0.340194,0.367786,5.955927,-19.7933,-19.7933,1.1000,11.34,ROT_LEFT,face,20.4389,20.4389,-3.6705,5.4960,6.0006
2026-09-04T19:04:57.282,18523.984000,90,FACE_SETTLE,FACE_SETTLE,1,0.143818,0.299096,4.675009,-10.1502,-10.1502,1.1000,11.34,ROT_LEFT,face,20.4389,20.4389,-3.6705,5.1878,6.0006
2026-09-04T19:04:57.505,18524.203000,92,FACE_SETTLE,FACE_SETTLE,1,0.144992,0.300341,4.693130,-9.6287,-9.6287,1.1000,11.26,ROT_LEFT,face,20.4389,20.4389,-3.6705,5.3736,6.0006
2026-09-04T19:04:57.676,18524.375000,94,FACE_SETTLE,FACE_SETTLE,1,0.143380,0.296768,4.669484,-10.4072,-10.4072,1.1000,11.26,ROT_LEFT,face,20.4389,20.4389,-3.6705,5.4401,6.0006
2026-09-04T19:04:57.859,18524.562000,96,FACE_SETTLE,FACE_SETTLE,1,-0.142282,0.413506,7.116566,35.0709,35.0709,1.1000,11.26,ROT_LEFT,face,20.4389,20.4389,-3.6705,5.4827,6.0006
2026-09-04T19:04:58.042,18524.734000,98,FACE_SETTLE,FACE_SETTLE,1,0.142854,0.298439,4.673512,-10.2483,-10.2483,1.1000,11.01,ROT_LEFT,face,20.4389,20.4389,-3.6705,5.4307,6.0006
2026-09-04T19:04:58.137,18524.843000,99,FACE_SETTLE,FACE_SETTLE,1,0.147724,0.296395,4.662786,-10.6983,-10.6983,1.1000,11.01,ROT_LEFT,face,20.4389,20.4389,-3.6705,5.4213,6.0006
2026-09-04T19:04:58.291,18524.984000,101,FACE_SETTLE,FACE_SETTLE,1,0.148459,0.294583,4.672437,-10.7419,-10.7419,1.1000,11.01,ROT_LEFT,face,20.4389,20.4389,-3.6705,5.4097,6.0006
2026-09-04T19:04:58.508,18525.203000,103,FACE_SETTLE,FACE_SETTLE,1,0.037070,0.366564,6.250102,6.4893,6.4893,1.1000,11.01,ROT_LEFT,face,20.4389,20.4389,-3.6705,5.4904,6.0006
2026-09-04T19:04:58.671,18525.375000,105,FACE_SETTLE,FACE_SETTLE,1,0.150610,0.298611,4.674162,-9.4551,-9.4551,1.1000,11.26,ROT_LEFT,face,20.4389,20.4389,-3.6705,5.9263,6.0006
2026-09-04T19:04:58.834,18525.531000,107,FACE_SETTLE,FACE_SETTLE,1,0.149254,0.297446,4.655420,-9.8703,-9.8703,1.1000,11.26,ROT_LEFT,face,20.4389,20.4389,-3.6705,5.1212,6.0006
2026-09-04T19:04:58.985,18525.687000,109,FACE_SETTLE,FACE_SETTLE,1,0.154697,0.298306,4.694768,-12.1443,-12.1443,1.1000,11.26,ROT_LEFT,face,20.4389,20.4389,-3.6705,5.1212,6.0006
2026-09-04T19:04:59.143,18525.843000,111,FACE_SETTLE,FACE_SETTLE,1,0.147740,0.295079,4.650065,-11.0876,-11.0876,1.1000,12.37,ROT_LEFT,face,20.4389,20.4389,-3.6705,5.1212,6.0006
2026-09-04T19:04:59.293,18526.000000,113,STANDOFF_VERIFY,STANDOFF_VERIFY,1,0.128468,0.294398,4.628516,-7.8832,-7.8832,1.1000,12.37,ROT_LEFT,face,20.4389,20.4389,-3.6705,5.4903,6.0006
2026-09-04T19:04:59.512,18526.218000,115,STANDOFF_VERIFY,STANDOFF_VERIFY,1,0.151762,0.298064,4.696761,-10.9955,-10.9955,1.1000,12.37,ROT_LEFT,face,20.4389,20.4389,-3.6705,5.4903,6.0006
2026-09-04T19:04:59.676,18526.375000,117,STANDOFF_VERIFY,STANDOFF_VERIFY,1,0.142425,0.296174,4.650867,-9.9738,-9.9738,1.1000,11.34,ROT_LEFT,face,20.4389,20.4389,-3.6705,5.4903,6.0006
2026-09-04T19:04:59.843,18526.546000,119,STANDOFF_VERIFY,STANDOFF_VERIFY,1,0.129417,0.295604,4.623682,-7.0122,-7.0122,1.1000,11.34,ROT_LEFT,face,20.4389,20.4389,-3.6705,5.4903,6.0006
2026-09-04T19:05:00.011,18526.718000,121,STANDOFF_VERIFY,STANDOFF_VERIFY,1,0.150478,0.297192,4.701025,-11.5251,-11.5251,1.1000,11.34,ROT_LEFT,face,20.4389,20.4389,-3.6705,5.4903,6.0006
2026-09-04T19:05:00.168,18526.875000,123,STANDOFF_VERIFY,STANDOFF_VERIFY,1,0.150805,0.297322,4.686646,-11.7854,-11.7854,1.1000,11.34,ROT_LEFT,face,20.4389,20.4389,-3.6705,5.4903,6.0006
2026-09-04T19:05:00.326,18527.031000,125,STANDOFF_VERIFY,STANDOFF_VERIFY,1,0.149479,0.298662,4.683251,-11.2190,-11.2190,1.1000,12.27,ROT_LEFT,face,20.4389,20.4389,-3.6705,5.4903,6.0006
2026-09-04T19:05:00.553,18527.250000,127,STANDOFF_MOVE,STANDOFF_MOVE,1,0.135985,0.295587,4.626953,-9.5654,-9.5654,1.1000,12.27,ROT_LEFT,face,20.4389,20.4389,-3.6705,5.4903,6.0006
2026-09-04T19:05:00.720,18527.421000,129,STANDOFF_MOVE,STANDOFF_MOVE,1,0.143212,0.294445,4.618941,-11.1421,-11.1421,1.1000,12.27,ROT_LEFT,face,20.4389,20.4389,-3.6705,5.4903,6.0006
2026-09-04T19:05:00.901,18527.593000,131,STANDOFF_MOVE,STANDOFF_MOVE,1,0.129183,0.294972,4.650628,-10.9315,-10.9315,1.1000,10.68,ROT_LEFT,face,20.4389,20.4389,-3.6705,5.4903,6.0006
2026-09-04T19:05:01.061,18527.765000,133,STANDOFF_MOVE,STANDOFF_MOVE,1,0.141317,0.297744,4.674323,-12.5256,-12.5256,1.1000,10.68,ROT_LEFT,face,20.4389,20.4389,-3.6705,5.4903,6.0006
2026-09-04T19:05:01.222,18527.921000,135,STANDOFF_MOVE,STANDOFF_MOVE,1,0.146160,0.298103,4.679470,-12.8633,-12.8633,1.1000,10.68,ROT_LEFT,face,20.4389,20.4389,-3.6705,5.4903,6.0006
2026-09-04T19:05:01.382,18528.078000,137,STANDOFF_MOVE,STANDOFF_MOVE,1,0.125982,0.297231,4.663961,-11.7261,-11.7261,1.1000,12.20,ROT_LEFT,face,20.4389,20.4389,-3.6705,5.4903,6.0006
2026-09-04T19:05:01.539,18528.234000,139,STANDOFF_MOVE,STANDOFF_MOVE,1,0.134038,0.296777,4.670624,-11.5650,-11.5650,1.1000,12.20,ROT_LEFT,face,20.4389,20.4389,-3.6705,5.4903,6.0006
2026-09-04T19:05:01.678,18528.375000,140,STANDOFF_MOVE,STANDOFF_MOVE,1,0.128825,0.292397,4.623690,-11.1444,-11.1444,1.1000,12.20,ROT_LEFT,face,20.4389,20.4389,-3.6705,5.4903,6.0006
2026-09-04T19:05:01.792,18528.484000,141,STANDOFF_MOVE,STANDOFF_MOVE,1,0.154138,0.301809,4.700286,-14.2424,-14.2424,1.1000,12.20,ROT_LEFT,face,20.4389,20.4389,-3.6705,5.4903,6.0006
2026-09-04T19:05:01.961,18528.656000,143,STANDOFF_MOVE,STANDOFF_MOVE,1,0.145217,0.300548,4.649865,-14.1376,-14.1376,1.1000,10.59,ROT_LEFT,face,20.4389,20.4389,-3.6705,5.4903,6.0006
2026-09-04T19:05:02.128,18528.828000,145,STANDOFF_MOVE,STANDOFF_MOVE,1,0.149320,0.299737,4.644337,-12.6775,-12.6775,1.1000,10.59,ROT_LEFT,face,20.4389,20.4389,-3.6705,5.4903,6.0006
2026-09-04T19:05:02.288,18528.984000,147,STANDOFF_MOVE,STANDOFF_MOVE,1,0.142004,0.299672,4.504064,-11.8074,-11.8074,1.1000,10.59,ROT_LEFT,face,20.4389,20.4389,-3.6705,5.4903,6.0006
2026-09-04T19:05:02.455,18529.156000,149,STANDOFF_MOVE,STANDOFF_MOVE,1,0.146188,0.298860,4.618198,-10.0005,-10.0005,1.1000,11.90,ROT_LEFT,face,20.4389,20.4389,-3.6705,5.4903,6.0006
2026-09-04T19:05:02.625,18529.328000,151,STANDOFF_MOVE,STANDOFF_MOVE,1,0.114569,0.304256,4.391149,-7.7622,-7.7622,1.1000,11.90,ROT_LEFT,face,20.4389,20.4389,-3.6705,5.4903,6.0006
2026-09-04T19:05:02.780,18529.484000,153,STANDOFF_MOVE,STANDOFF_MOVE,1,0.109891,0.297839,4.358025,-6.6131,-6.6131,1.1000,11.90,ROT_LEFT,face,20.4389,20.4389,-3.6705,5.4903,6.0006
2026-09-04T19:05:02.959,18529.656000,155,STANDOFF_MOVE,STANDOFF_MOVE,1,0.116732,0.298635,4.291629,-8.4687,-8.4687,1.1000,11.90,ROT_LEFT,face,20.4389,20.4389,-3.6705,5.4903,6.0006
2026-09-04T19:05:03.117,18529.812000,157,STANDOFF_MOVE,STANDOFF_MOVE,1,0.138000,0.321262,4.381042,-6.3041,-6.3041,1.1000,11.95,ROT_LEFT,face,20.4389,20.4389,-3.6705,5.4903,6.0006
2026-09-04T19:05:03.284,18529.984000,159,STANDOFF_MOVE,STANDOFF_MOVE,1,0.155677,0.308495,4.272217,-11.3768,-11.3768,1.1000,11.95,ROT_LEFT,face,20.4389,20.4389,-3.6705,5.4903,6.0006
2026-09-04T19:05:03.453,18530.156000,161,STANDOFF_MOVE,STANDOFF_MOVE,1,0.181237,0.310557,4.462615,-14.1642,-14.1642,1.1000,11.95,ROT_LEFT,face,20.4389,20.4389,-3.6705,5.4903,6.0006
2026-09-04T19:05:03.619,18530.312000,163,STANDOFF_MOVE,STANDOFF_MOVE,1,0.150453,0.319013,4.237866,-7.1364,-7.1364,1.1000,12.32,ROT_LEFT,face,20.4389,20.4389,-3.6705,5.4903,6.0006
2026-09-04T19:05:03.768,18530.468000,165,STANDOFF_MOVE,STANDOFF_MOVE,1,0.484101,0.440632,6.472556,-40.5554,-40.5554,1.1000,12.32,ROT_LEFT,face,20.4389,20.4389,-3.6705,5.4903,6.0006
2026-09-04T19:05:03.938,18530.640000,167,STANDOFF_MOVE,STANDOFF_MOVE,1,0.171680,0.317698,4.108111,-11.5938,-11.5938,1.1000,12.32,ROT_LEFT,face,20.4389,20.4389,-3.6705,5.4903,6.0006
2026-09-04T19:05:04.121,18530.828000,169,STANDOFF_MOVE,STANDOFF_MOVE,1,0.178254,0.316035,4.102624,-11.6193,-11.6193,1.1000,11.63,ROT_LEFT,face,20.4389,20.4389,-3.6705,5.4903,6.0006
2026-09-04T19:05:04.293,18531.000000,171,STANDOFF_MOVE,STANDOFF_MOVE,1,0.185532,0.306886,4.038403,-11.5457,-11.5457,1.1000,11.63,ROT_LEFT,face,20.4389,20.4389,-3.6705,5.4903,6.0006
2026-09-04T19:05:04.460,18531.156000,173,STANDOFF_MOVE,STANDOFF_MOVE,1,0.146149,0.330977,3.996886,-5.8005,-5.8005,1.1000,11.63,ROT_LEFT,face,20.4389,20.4389,-3.6705,5.4903,6.0006
2026-09-04T19:05:04.640,18531.343000,175,STANDOFF_MOVE,STANDOFF_MOVE,1,0.201213,0.327182,4.085802,-14.8918,-14.8918,1.1000,11.56,ROT_LEFT,face,20.4389,20.4389,-3.6705,5.4903,6.0006
2026-09-04T19:05:04.794,18531.500000,177,STANDOFF_MOVE,STANDOFF_MOVE,1,0.152655,0.325161,3.814084,-8.4787,-8.4787,1.1000,11.56,ROT_LEFT,face,20.4389,20.4389,-3.6705,5.4903,6.0006
2026-09-04T19:05:04.954,18531.656000,179,STANDOFF_MOVE,STANDOFF_MOVE,1,0.171155,0.327992,3.813029,-11.0319,-11.0319,1.1000,11.56,ROT_LEFT,face,20.4389,20.4389,-3.6705,5.4903,6.0006
2026-09-04T19:05:05.117,18531.812000,181,STANDOFF_MOVE,STANDOFF_MOVE,1,0.313337,0.381914,4.780698,-19.2866,-19.2866,1.1000,11.56,ROT_LEFT,face,20.4389,20.4389,-3.6705,5.4903,6.0006
2026-09-04T19:05:05.280,18531.984000,183,STANDOFF_MOVE,STANDOFF_MOVE,1,0.459719,0.432183,5.525360,-34.7028,-34.7028,1.1000,12.65,ROT_LEFT,face,20.4389,20.4389,-3.6705,5.4903,6.0006
2026-09-04T19:05:05.445,18532.140000,185,STANDOFF_MOVE,STANDOFF_MOVE,1,0.178886,0.334676,3.692342,-10.6441,-10.6441,1.1000,12.65,ROT_LEFT,face,20.4389,20.4389,-3.6705,5.4903,6.0006
2026-09-04T19:05:05.615,18532.312000,187,STANDOFF_MOVE,STANDOFF_MOVE,1,0.161076,0.333276,3.619231,-6.8175,-6.8175,1.1000,12.65,ROT_LEFT,face,20.4389,20.4389,-3.6705,5.4903,6.0006
2026-09-04T19:05:05.846,18532.546000,189,STANDOFF_MOVE,STANDOFF_MOVE,1,0.077828,0.399799,4.865066,0.4356,0.4356,1.1000,11.94,ROT_LEFT,face,20.4389,20.4389,-3.6705,5.4903,6.0006
2026-09-04T19:05:06.027,18532.734000,191,STANDOFF_MOVE,STANDOFF_MOVE,1,0.161385,0.338025,3.441427,-8.7425,-8.7425,1.1000,11.94,ROT_LEFT,face,20.4389,20.4389,-3.6705,5.4903,6.0006
2026-09-04T19:05:06.198,18532.890000,193,STANDOFF_MOVE,STANDOFF_MOVE,1,0.199927,0.337009,3.459570,-13.0042,-13.0042,1.1000,11.94,ROT_LEFT,face,20.4389,20.4389,-3.6705,5.4903,6.0006
2026-09-04T19:05:06.376,18533.078000,195,STANDOFF_MOVE,STANDOFF_MOVE,1,0.170259,0.338338,3.387434,-8.1128,-8.1128,1.1000,10.18,ROT_LEFT,face,20.4389,20.4389,-3.6705,5.4903,6.0006
2026-09-04T19:05:06.567,18533.265000,197,STANDOFF_MOVE,STANDOFF_MOVE,1,0.180146,0.339441,3.334482,-9.6338,-9.6338,1.1000,10.18,ROT_LEFT,face,20.4389,20.4389,-3.6705,5.4903,6.0006
2026-09-04T19:05:06.734,18533.437000,199,STANDOFF_MOVE,STANDOFF_MOVE,1,0.210389,0.345137,3.274074,-12.9668,-12.9668,1.1000,10.18,ROT_LEFT,face,20.4389,20.4389,-3.6705,5.4903,6.0006
2026-09-04T19:05:06.911,18533.609000,201,STANDOFF_SETTLE,STANDOFF_SETTLE,1,0.194897,0.355109,3.218642,-11.1163,-11.1163,1.1000,11.18,ROT_LEFT,face,20.4389,20.4389,-3.6705,5.4903,6.0006
2026-09-04T19:05:07.083,18533.781000,203,STANDOFF_SETTLE,STANDOFF_SETTLE,1,0.185598,0.351245,3.132742,-10.7865,-10.7865,1.1000,11.18,ROT_LEFT,face,20.4389,20.4389,-3.6705,5.4903,6.0006
2026-09-04T19:05:07.252,18533.953000,205,STANDOFF_SETTLE,STANDOFF_SETTLE,1,0.203694,0.351607,3.153831,-12.9016,-12.9016,1.1000,11.18,ROT_LEFT,face,20.4389,20.4389,-3.6705,5.4903,6.0006
2026-09-04T19:05:07.419,18534.125000,207,STANDOFF_SETTLE,STANDOFF_SETTLE,1,0.189894,0.349083,3.076680,-9.7512,-9.7512,1.1000,11.46,ROT_LEFT,face,20.4389,20.4389,-3.6705,5.4903,6.0006
2026-09-04T19:05:07.595,18534.296000,209,STANDOFF_SETTLE,STANDOFF_SETTLE,1,0.172475,0.346176,3.026768,-8.6842,-8.6842,1.1000,11.46,ROT_LEFT,face,20.4389,20.4389,-3.6705,5.4903,6.0006
2026-09-04T19:05:07.762,18534.468000,211,STANDOFF_SETTLE,STANDOFF_SETTLE,1,0.158804,0.347748,3.002088,-8.2394,-8.2394,1.1000,11.46,ROT_LEFT,face,20.4389,20.4389,-3.6705,5.4903,6.0006
2026-09-04T19:05:07.939,18534.640000,213,STANDOFF_SETTLE,STANDOFF_SETTLE,1,0.167168,0.349581,3.049125,-8.8597,-8.8597,1.1000,11.92,ROT_LEFT,face,20.4389,20.4389,-3.6705,5.4903,6.0006
2026-09-04T19:05:08.101,18534.796000,215,STANDOFF_SETTLE,STANDOFF_SETTLE,1,0.176934,0.347727,3.034269,-9.6016,-9.6016,1.1000,11.92,ROT_LEFT,face,20.4389,20.4389,-3.6705,5.4903,6.0006
2026-09-04T19:05:08.261,18534.953000,217,STANDOFF_SETTLE,STANDOFF_SETTLE,1,0.149338,0.348316,3.036148,-6.8645,-6.8645,1.1000,11.92,ROT_LEFT,face,20.4389,20.4389,-3.6705,5.4903,6.0006
2026-09-04T19:05:08.415,18535.109000,219,STANDOFF_SETTLE,STANDOFF_SETTLE,1,0.190880,0.348852,3.067641,-11.1744,-11.1744,1.1000,11.92,ROT_LEFT,face,20.4389,20.4389,-3.6705,5.4903,6.0006
2026-09-04T19:05:08.585,18535.281000,221,STANDOFF_SETTLE,STANDOFF_SETTLE,1,0.164271,0.349228,3.036395,-8.5631,-8.5631,1.1000,12.43,ROT_LEFT,face,20.4389,20.4389,-3.6705,5.4903,6.0006
2026-09-04T19:05:08.762,18535.468000,223,STANDOFF_SETTLE,STANDOFF_SETTLE,1,0.168469,0.348517,3.039595,-8.9619,-8.9619,1.1000,12.43,ROT_LEFT,face,20.4389,20.4389,-3.6705,5.4903,6.0006
2026-09-04T19:05:08.920,18535.625000,225,STANDOFF_SETTLE,STANDOFF_SETTLE,1,0.177273,0.352013,3.077033,-9.8965,-9.8965,1.1000,12.43,ROT_LEFT,face,20.4389,20.4389,-3.6705,5.4903,6.0006
2026-09-04T19:05:09.079,18535.781000,227,STANDOFF_SETTLE,STANDOFF_SETTLE,1,0.189172,0.350082,3.073221,-11.2621,-11.2621,1.1000,11.88,ROT_LEFT,face,20.4389,20.4389,-3.6705,5.4903,6.0006
2026-09-04T19:05:09.247,18535.953000,229,STANDOFF_SETTLE,STANDOFF_SETTLE,1,0.176911,0.347901,3.038750,-10.2215,-10.2215,1.1000,11.88,ROT_LEFT,face,20.4389,20.4389,-3.6705,5.4903,6.0006
2026-09-04T19:05:09.397,18536.093000,231,STANDOFF_SETTLE,STANDOFF_SETTLE,1,0.188469,0.348900,3.072442,-11.8672,-11.8672,1.1000,11.88,ROT_LEFT,face,20.4389,20.4389,-3.6705,5.4903,6.0006
2026-09-04T19:05:09.560,18536.265000,233,STANDOFF_SETTLE,STANDOFF_SETTLE,1,0.188692,0.350602,3.077752,-11.1400,-11.1400,1.1000,12.32,ROT_LEFT,face,20.4389,20.4389,-3.6705,5.4903,6.0006
2026-09-04T19:05:09.731,18536.437000,235,STANDOFF_SETTLE,STANDOFF_SETTLE,1,0.188283,0.348752,3.075403,-11.4384,-11.4384,1.1000,12.32,ROT_LEFT,face,20.4389,20.4389,-3.6705,5.4903,6.0006
2026-09-04T19:05:09.895,18536.593000,237,STANDOFF_SETTLE,STANDOFF_SETTLE,1,0.165375,0.348725,3.030321,-8.2845,-8.2845,1.1000,12.32,ROT_LEFT,face,20.4389,20.4389,-3.6705,5.4903,6.0006
2026-09-04T19:05:10.052,18536.750000,239,STANDOFF_SETTLE,STANDOFF_SETTLE,1,0.185411,0.350850,3.067530,-10.8666,-10.8666,1.1000,12.32,ROT_LEFT,face,20.4389,20.4389,-3.6705,5.4903,6.0006
2026-09-04T19:05:10.200,18536.906000,241,STANDOFF_SETTLE,STANDOFF_SETTLE,1,0.179576,0.349967,3.068233,-10.6225,-10.6225,1.1000,12.50,ROT_LEFT,face,20.4389,20.4389,-3.6705,5.4903,6.0006
2026-09-04T19:05:10.368,18537.062000,243,STANDOFF_SETTLE,STANDOFF_SETTLE,1,0.182184,0.348840,3.067534,-11.0315,-11.0315,1.1000,12.50,ROT_LEFT,face,20.4389,20.4389,-3.6705,5.4903,6.0006
2026-09-04T19:05:10.585,18537.281000,245,STANDOFF_SETTLE,STANDOFF_SETTLE,1,0.178605,0.348962,3.051505,-10.6686,-10.6686,1.1000,12.50,ROT_LEFT,face,20.4389,20.4389,-3.6705,5.4903,6.0006
2026-09-04T19:05:10.694,18537.390000,246,STANDOFF_SETTLE,STANDOFF_SETTLE,1,0.170485,0.349107,3.031539,-9.3730,-9.3730,1.1000,10.79,ROT_LEFT,face,20.4389,20.4389,-3.6705,5.4903,6.0006
2026-09-04T19:05:10.854,18537.546000,248,STANDOFF_SETTLE,STANDOFF_SETTLE,1,0.163919,0.348385,3.027088,-8.2886,-8.2886,1.1000,10.79,ROT_LEFT,face,20.4389,20.4389,-3.6705,5.4903,6.0006
2026-09-04T19:05:11.008,18537.703000,250,STANDOFF_SETTLE,STANDOFF_SETTLE,1,0.196550,0.349297,3.090359,-12.1945,-12.1945,1.1000,10.79,ROT_LEFT,face,20.4389,20.4389,-3.6705,5.4903,6.0006
2026-09-04T19:05:11.177,18537.875000,252,STANDOFF_SETTLE,STANDOFF_SETTLE,1,0.190843,0.347180,3.068430,-11.5794,-11.5794,1.1000,10.79,ROT_LEFT,face,20.4389,20.4389,-3.6705,5.4903,6.0006
2026-09-04T19:05:11.327,18538.031000,254,STANDOFF_SETTLE,STANDOFF_SETTLE,1,0.186795,0.347448,3.058544,-11.3066,-11.3066,1.1000,12.26,ROT_LEFT,face,20.4389,20.4389,-3.6705,5.4903,6.0006
2026-09-04T19:05:11.490,18538.187000,256,STANDOFF_SETTLE,STANDOFF_SETTLE,1,0.181675,0.348010,3.051527,-10.6955,-10.6955,1.1000,12.26,ROT_LEFT,face,20.4389,20.4389,-3.6705,5.4903,6.0006
2026-09-04T19:05:11.657,18538.359000,258,STANDOFF_SETTLE,STANDOFF_SETTLE,1,0.177008,0.348545,3.043451,-10.2200,-10.2200,1.1000,12.26,ROT_LEFT,face,20.4389,20.4389,-3.6705,5.4903,6.0006
2026-09-04T19:05:11.815,18538.515000,260,STANDOFF_SETTLE,STANDOFF_SETTLE,1,0.189896,0.348219,3.074035,-11.8161,-11.8161,1.1000,12.60,ROT_LEFT,face,20.4389,20.4389,-3.6705,5.4903,6.0006
2026-09-04T19:05:11.972,18538.671000,262,STANDOFF_SETTLE,STANDOFF_SETTLE,1,0.189460,0.350349,3.080848,-11.6083,-11.6083,1.1000,12.60,ROT_LEFT,face,20.4389,20.4389,-3.6705,5.4903,6.0006
2026-09-04T19:05:12.075,18538.781000,263,STANDOFF_SETTLE,STANDOFF_SETTLE,1,0.178316,0.348099,3.051794,-10.6964,-10.6964,1.1000,12.60,ROT_LEFT,face,20.4389,20.4389,-3.6705,5.4903,6.0006
2026-09-04T19:05:12.227,18538.921000,265,STANDOFF_SETTLE,STANDOFF_SETTLE,1,0.179607,0.345982,3.039509,-11.0483,-11.0483,1.1000,12.60,ROT_LEFT,face,20.4389,20.4389,-3.6705,5.4903,6.0006
2026-09-04T19:05:12.395,18539.093000,267,STANDOFF_SETTLE,STANDOFF_SETTLE,1,0.189827,0.345881,3.053411,-11.8145,-11.8145,1.1000,11.94,ROT_LEFT,face,20.4389,20.4389,-3.6705,5.4903,6.0006
2026-09-04T19:05:12.654,18539.359000,269,STANDOFF_SETTLE,STANDOFF_SETTLE,1,0.170579,0.349602,3.027206,-9.4766,-9.4766,1.1000,11.94,ROT_LEFT,face,20.4389,20.4389,-3.6705,5.4903,6.0006
2026-09-04T19:05:12.781,18539.484000,270,STANDOFF_SETTLE,STANDOFF_SETTLE,1,0.175522,0.347260,3.041314,-10.3807,-10.3807,1.1000,11.94,ROT_LEFT,face,20.4389,20.4389,-3.6705,5.4903,6.0006
2026-09-04T19:05:12.964,18539.656000,272,STANDOFF_VERIFY,STANDOFF_VERIFY,1,0.186186,0.349866,3.066057,-11.5605,-11.5605,1.1000,9.08,ROT_LEFT,face,20.4389,20.4389,-3.6705,5.4903,6.0006
2026-09-04T19:05:13.131,18539.828000,274,STANDOFF_VERIFY,STANDOFF_VERIFY,1,0.186238,0.349168,3.062845,-11.4016,-11.4016,1.1000,9.08,ROT_LEFT,face,20.4389,20.4389,-3.6705,5.4903,6.0006
2026-09-04T19:05:13.232,18539.937000,275,STANDOFF_VERIFY,STANDOFF_VERIFY,1,0.183840,0.348239,3.052812,-10.9551,-10.9551,1.1000,9.08,ROT_LEFT,face,20.4389,20.4389,-3.6705,5.4903,6.0006
2026-09-04T19:05:13.401,18540.093000,277,STANDOFF_VERIFY,STANDOFF_VERIFY,1,0.184397,0.349824,3.075568,-11.3378,-11.3378,1.1000,11.41,ROT_LEFT,face,20.4389,20.4389,-3.6705,5.4903,6.0006
2026-09-04T19:05:13.614,18540.312000,279,STANDOFF_VERIFY,STANDOFF_VERIFY,1,0.189995,0.351186,3.087993,-11.5800,-11.5800,1.1000,11.41,ROT_LEFT,face,20.4389,20.4389,-3.6705,5.4903,6.0006
2026-09-04T19:05:13.784,18540.484000,281,STANDOFF_VERIFY,STANDOFF_VERIFY,1,0.178448,0.345464,3.036829,-10.4980,-10.4980,1.1000,11.41,ROT_LEFT,face,20.4389,20.4389,-3.6705,5.4903,6.0006
2026-09-04T19:05:13.961,18540.656000,283,STAGING_PLAN,STAGING_PLAN,1,0.171776,0.347997,3.035386,-9.2479,-9.2479,1.1000,10.63,ROT_LEFT,face,20.4389,20.4389,-3.6705,5.4903,6.0006
2026-09-04T19:05:14.118,18540.812000,285,STAGING_PLAN,STAGING_PLAN,1,0.175341,0.346929,3.040937,-9.9990,-9.9990,1.1000,10.63,ROT_LEFT,face,20.4389,20.4389,-3.6705,5.4903,6.0006
2026-09-04T19:05:14.284,18540.984000,287,STAGING_PLAN,STAGING_PLAN,1,0.182963,0.347242,3.042459,-11.1677,-11.1677,1.1000,10.63,ROT_LEFT,face,20.4389,20.4389,-3.6705,5.4903,6.0006
2026-09-04T19:05:14.451,18541.156000,289,STAGING_PLAN,STAGING_PLAN,1,0.192401,0.348855,3.077354,-12.1618,-12.1618,1.1000,11.97,ROT_LEFT,face,20.4389,20.4389,-3.6705,5.4903,6.0006
2026-09-04T19:05:14.619,18541.312000,291,STAGING_PLAN,STAGING_PLAN,1,0.190262,0.348078,3.073177,-12.0108,-12.0108,1.1000,11.97,ROT_LEFT,face,20.4389,20.4389,-3.6705,5.4903,6.0006
2026-09-04T19:05:14.904,18541.609000,293,WAYPOINT_TURN,WAYPOINT_TURN,1,0.172040,0.347494,3.034422,-10.0285,-10.0285,1.1000,11.97,ROT_LEFT,face,20.4389,20.4389,-3.6705,5.4903,6.0006
2026-09-04T19:05:15.078,18541.781000,295,WAYPOINT_TURN,WAYPOINT_TURN,1,0.184088,0.345382,3.053865,-11.5527,-11.5527,1.1000,9.26,ROT_LEFT,face,20.4389,20.4389,-3.6705,5.4903,6.0006
2026-09-04T19:05:15.241,18541.937000,297,WAYPOINT_TURN,WAYPOINT_TURN,1,0.185396,0.349553,3.062408,-11.3308,-11.3308,1.1000,9.26,ROT_LEFT,face,20.4389,20.4389,-3.6705,5.4903,6.0006
2026-09-04T19:05:15.413,18542.109000,299,WAYPOINT_TURN,WAYPOINT_TURN,1,0.191843,0.348218,3.068338,-11.8468,-11.8468,1.1000,9.26,ROT_LEFT,face,20.4389,20.4389,-3.6705,5.4903,6.0006
2026-09-04T19:05:15.609,18542.312000,301,WAYPOINT_TURN,WAYPOINT_TURN,1,0.190613,0.347701,3.058200,-11.7757,-11.7757,1.1000,11.39,ROT_LEFT,face,20.4389,20.4389,-3.6705,5.4903,6.0006
2026-09-04T19:05:15.790,18542.484000,303,WAYPOINT_TURN,WAYPOINT_TURN,1,0.184343,0.349417,3.067069,-10.9938,-10.9938,1.1000,11.39,ROT_LEFT,face,20.4389,20.4389,-3.6705,5.4903,6.0006
2026-09-04T19:05:15.910,18542.609000,304,WAYPOINT_TURN,WAYPOINT_TURN,1,0.102350,0.341047,2.974180,-4.3317,-4.3317,1.1000,11.39,ROT_LEFT,face,20.4389,20.4389,-3.6705,5.4903,6.0006
2026-09-04T19:05:16.091,18542.796000,306,WAYPOINT_TURN,WAYPOINT_TURN,1,0.187108,0.350203,3.080957,-12.1969,-12.1969,1.1000,11.39,ROT_LEFT,face,20.4389,20.4389,-3.6705,5.4903,6.0006
2026-09-04T19:05:16.244,18542.937000,308,WAYPOINT_TURN,WAYPOINT_TURN,1,0.144218,0.348549,3.020297,-8.7470,-8.7470,1.1000,10.85,ROT_LEFT,face,20.4389,20.4389,-3.6705,5.4903,6.0006
2026-09-04T19:05:16.417,18543.125000,310,WAYPOINT_TURN,WAYPOINT_TURN,1,0.126603,0.354113,3.115407,-10.8949,-10.8949,1.1000,10.85,ROT_LEFT,face,20.4389,20.4389,-3.6705,5.4903,6.0006
2026-09-04T19:05:16.617,18543.312000,312,WAYPOINT_TURN,WAYPOINT_TURN,1,0.051378,0.355097,3.074275,-10.8135,-10.8135,1.1000,10.85,ROT_LEFT,face,20.4389,20.4389,-3.6705,5.4903,6.0006
2026-09-04T19:05:16.784,18543.484000,314,WAYPOINT_TURN,WAYPOINT_TURN,1,-0.049722,0.366800,3.139080,-13.1512,-13.1512,1.1000,11.25,ROT_LEFT,face,20.4389,20.4389,-3.6705,5.4903,6.0006
2026-09-04T19:05:16.941,18543.640000,316,WAYPOINT_TURN_SETTLE,WAYPOINT_TURN_SETTLE,1,-0.171844,0.372690,3.115215,-16.2969,-16.2969,1.1000,11.25,ROT_RIGHT,waypoint,-22.7932,-22.7932,4.2879,0.0000,0.0000
2026-09-04T19:05:17.092,18543.796000,318,WAYPOINT_TURN_SETTLE,WAYPOINT_TURN_SETTLE,1,-0.343643,0.354259,3.006974,-16.5991,-16.5991,1.1000,11.25,ROT_RIGHT,waypoint,-22.7932,-22.7932,4.2879,1.0259,1.0259
2026-09-04T19:05:17.251,18543.953000,320,WAYPOINT_TURN_SETTLE,WAYPOINT_TURN_SETTLE,1,-0.449882,0.379659,3.032836,-14.5314,-14.5314,1.1000,12.45,ROT_RIGHT,waypoint,-22.7932,-22.7932,4.2879,1.9634,1.9634
2026-09-04T19:05:17.424,18544.125000,322,WAYPOINT_TURN_SETTLE,WAYPOINT_TURN_SETTLE,1,-0.420510,0.380743,3.054719,-18.4463,-18.4463,1.1000,12.45,ROT_RIGHT,waypoint,-22.7932,-22.7932,4.2879,-0.7395,1.9634
2026-09-04T19:05:17.607,18544.312000,324,WAYPOINT_TURN_SETTLE,WAYPOINT_TURN_SETTLE,1,-0.388921,0.376351,3.099243,-18.4292,-18.4292,1.1000,12.45,ROT_RIGHT,waypoint,-22.7932,-22.7932,4.2879,2.9300,3.1753
2026-09-04T19:05:17.776,18544.468000,326,WAYPOINT_TURN_SETTLE,WAYPOINT_TURN_SETTLE,1,-0.412749,0.364706,3.052835,-17.9005,-17.9005,1.1000,11.57,ROT_RIGHT,waypoint,-22.7932,-22.7932,4.2879,4.1903,4.1903
2026-09-04T19:05:17.946,18544.640000,328,WAYPOINT_TURN_SETTLE,WAYPOINT_TURN_SETTLE,1,-0.409499,0.367447,3.071648,-17.7514,-17.7514,1.1000,11.57,ROT_RIGHT,waypoint,-22.7932,-22.7932,4.2879,2.6295,4.1903
2026-09-04T19:05:18.108,18544.812000,330,WAYPOINT_TURN_SETTLE,WAYPOINT_TURN_SETTLE,1,-0.399256,0.367289,3.079736,-18.8034,-18.8034,1.1000,11.57,ROT_RIGHT,waypoint,-22.7932,-22.7932,4.2879,3.7621,4.1903
2026-09-04T19:05:18.257,18544.953000,332,WAYPOINT_TURN_SETTLE,WAYPOINT_TURN_SETTLE,1,-0.406076,0.363188,3.063907,-19.1371,-19.1371,1.1000,11.57,ROT_RIGHT,waypoint,-22.7932,-22.7932,4.2879,4.2151,4.2151
2026-09-04T19:05:18.427,18545.125000,334,WAYPOINT_TURN_SETTLE,WAYPOINT_TURN_SETTLE,1,-0.399946,0.366605,3.067760,-19.3940,-19.3940,1.1000,12.37,ROT_RIGHT,waypoint,-22.7932,-22.7932,4.2879,4.0979,4.2151
2026-09-04T19:05:18.578,18545.281000,336,WAYPOINT_TURN_SETTLE,WAYPOINT_TURN_SETTLE,1,-0.402436,0.368231,3.101149,-20.0733,-20.0733,1.1000,12.37,ROT_RIGHT,waypoint,-22.7932,-22.7932,4.2879,3.5437,4.2151
2026-09-04T19:05:18.743,18545.437000,338,WAYPOINT_TURN_SETTLE,WAYPOINT_TURN_SETTLE,1,-0.402444,0.366840,3.090085,-19.2989,-19.2989,1.1000,12.37,ROT_RIGHT,waypoint,-22.7932,-22.7932,4.2879,2.3437,4.8023
2026-09-04T19:05:18.910,18545.609000,340,WAYPOINT_TURN_SETTLE,WAYPOINT_TURN_SETTLE,1,-0.404714,0.364516,3.055213,-18.3073,-18.3073,1.1000,12.60,ROT_RIGHT,waypoint,-22.7932,-22.7932,4.2879,3.3566,4.8023
2026-09-04T19:05:19.060,18545.765000,342,WAYPOINT_TURN_SETTLE,WAYPOINT_TURN_SETTLE,1,-0.404436,0.363658,3.053926,-18.1006,-18.1006,1.1000,12.60,ROT_RIGHT,waypoint,-22.7932,-22.7932,4.2879,3.3219,4.8023
2026-09-04T19:05:19.229,18545.921000,344,WAYPOINT_TURN_SETTLE,WAYPOINT_TURN_SETTLE,1,-0.402870,0.367155,3.104245,-20.0305,-20.0305,1.1000,12.60,ROT_RIGHT,waypoint,-22.7932,-22.7932,4.2879,4.0295,4.8023
2026-09-04T19:05:19.396,18546.093000,346,WAYPOINT_TURN_SETTLE,WAYPOINT_TURN_SETTLE,1,-0.408095,0.363266,3.043846,-16.4185,-16.4185,1.1000,12.60,ROT_RIGHT,waypoint,-22.7932,-22.7932,4.2879,3.2851,4.8023
2026-09-04T19:05:19.566,18546.265000,348,WAYPOINT_TURN_SETTLE,WAYPOINT_TURN_SETTLE,1,-0.406776,0.365043,3.058214,-18.4146,-18.4146,1.1000,12.18,ROT_RIGHT,waypoint,-22.7932,-22.7932,4.2879,4.2585,4.8023
2026-09-04T19:05:19.709,18546.406000,349,WAYPOINT_TURN_SETTLE,WAYPOINT_TURN_SETTLE,1,-0.402132,0.366534,3.071969,-18.6201,-18.6201,1.1000,12.18,ROT_RIGHT,waypoint,-22.7932,-22.7932,4.2879,3.1436,4.8023
2026-09-04T19:05:19.867,18546.562000,351,WAYPOINT_TURN_SETTLE,WAYPOINT_TURN_SETTLE,1,-0.404331,0.363749,3.039150,-15.7524,-15.7524,1.1000,12.18,ROT_RIGHT,waypoint,-22.7932,-22.7932,4.2879,4.8288,4.8288
2026-09-04T19:05:20.032,18546.734000,353,WAYPOINT_TURN_SETTLE,WAYPOINT_TURN_SETTLE,1,-0.403602,0.364459,3.077844,-19.6089,-19.6089,1.1000,10.89,ROT_RIGHT,waypoint,-22.7932,-22.7932,4.2879,3.2065,4.8288
2026-09-04T19:05:20.193,18546.890000,355,WAYPOINT_TURN_SETTLE,WAYPOINT_TURN_SETTLE,1,-0.404360,0.364658,3.080885,-19.2592,-19.2592,1.1000,10.89,ROT_RIGHT,waypoint,-22.7932,-22.7932,4.2879,3.8963,4.8288
2026-09-04T19:05:20.352,18547.046000,357,WAYPOINT_TURN_SETTLE,WAYPOINT_TURN_SETTLE,1,-0.404259,0.366850,3.090368,-19.5687,-19.5687,1.1000,10.89,ROT_RIGHT,waypoint,-22.7932,-22.7932,4.2879,3.9621,4.8288
2026-09-04T19:05:20.503,18547.203000,359,WAYPOINT_TURN_SETTLE,WAYPOINT_TURN_SETTLE,1,-0.404657,0.366304,3.074439,-18.7244,-18.7244,1.1000,10.89,ROT_RIGHT,waypoint,-22.7932,-22.7932,4.2879,4.2977,4.8288
2026-09-04T19:05:20.680,18547.375000,361,WAYPOINT_TURN_SETTLE,WAYPOINT_TURN_SETTLE,1,-0.395708,0.365058,3.086321,-20.4276,-20.4276,1.1000,12.57,ROT_RIGHT,waypoint,-22.7932,-22.7932,4.2879,1.8332,4.8288
2026-09-04T19:05:20.834,18547.531000,363,WAYPOINT_TURN_SETTLE,WAYPOINT_TURN_SETTLE,1,-0.403947,0.363819,3.058263,-18.4615,-18.4615,1.1000,12.57,ROT_RIGHT,waypoint,-22.7932,-22.7932,4.2879,5.1566,5.1566
2026-09-04T19:05:20.991,18547.687000,365,WAYPOINT_TURN_SETTLE,WAYPOINT_TURN_SETTLE,1,-0.411382,0.361230,3.055330,-14.7398,-14.7398,1.1000,12.57,ROT_RIGHT,waypoint,-22.7932,-22.7932,4.2879,2.6611,5.1566
2026-09-04T19:05:21.143,18547.843000,367,WAYPOINT_TURN_SETTLE,WAYPOINT_TURN_SETTLE,1,-0.397378,0.359345,3.050776,-16.3494,-16.3494,1.1000,12.65,ROT_RIGHT,waypoint,-22.7932,-22.7932,4.2879,0.3927,5.1566
2026-09-04T19:05:21.295,18548.000000,369,WAYPOINT_TURN_SETTLE,WAYPOINT_TURN_SETTLE,1,-0.401378,0.365441,3.088844,-19.8733,-19.8733,1.1000,12.65,ROT_RIGHT,waypoint,-22.7932,-22.7932,4.2879,2.7443,5.1566
2026-09-04T19:05:21.471,18548.171000,371,WAYPOINT_TURN_SETTLE,WAYPOINT_TURN_SETTLE,1,-0.404819,0.367455,3.084491,-19.6966,-19.6966,1.1000,12.65,ROT_RIGHT,waypoint,-22.7932,-22.7932,4.2879,4.7865,5.1566
2026-09-04T19:05:21.691,18548.390000,373,WAYPOINT_TURN_SETTLE,WAYPOINT_TURN_SETTLE,1,-0.408649,0.358368,3.037273,-14.3336,-14.3336,1.1000,11.01,ROT_RIGHT,waypoint,-22.7932,-22.7932,4.2879,3.6733,5.1566
2026-09-04T19:05:21.851,18548.546000,375,WAYPOINT_TURN_SETTLE,WAYPOINT_TURN_SETTLE,1,-0.403746,0.362654,3.035194,-16.5529,-16.5529,1.1000,11.01,ROT_RIGHT,waypoint,-22.7932,-22.7932,4.2879,2.8123,5.1566
2026-09-04T19:05:22.002,18548.703000,377,WAYPOINT_TURN_SETTLE,WAYPOINT_TURN_SETTLE,1,-0.406540,0.362891,3.051383,-18.6105,-18.6105,1.1000,11.01,ROT_RIGHT,waypoint,-22.7932,-22.7932,4.2879,0.0515,5.1566
2026-09-04T19:05:22.169,18548.875000,379,WAYPOINT_TURN_SETTLE,WAYPOINT_TURN_SETTLE,1,-0.402118,0.363262,3.047100,-17.8853,-17.8853,1.1000,11.01,ROT_RIGHT,waypoint,-22.7932,-22.7932,4.2879,3.3395,5.1566
2026-09-04T19:05:22.330,18549.031000,381,WAYPOINT_TURN_SETTLE,WAYPOINT_TURN_SETTLE,1,-0.397736,0.368494,3.106316,-20.6438,-20.6438,1.1000,12.38,ROT_RIGHT,waypoint,-22.7932,-22.7932,4.2879,5.1102,5.1566
2026-09-04T19:05:22.487,18549.187000,383,WAYPOINT_TURN_SETTLE,WAYPOINT_TURN_SETTLE,1,-0.402156,0.367134,3.102478,-20.2917,-20.2917,1.1000,12.38,ROT_RIGHT,waypoint,-22.7932,-22.7932,4.2879,2.9228,5.3728
2026-09-04T19:05:22.657,18549.359000,385,WAYPOINT_TURN_SETTLE,WAYPOINT_TURN_SETTLE,1,-0.401158,0.365069,3.065572,-18.3283,-18.3283,1.1000,12.38,ROT_RIGHT,waypoint,-22.7932,-22.7932,4.2879,3.0119,5.3728
2026-09-04T19:05:22.813,18549.515000,387,WAYPOINT_TURN_SETTLE,WAYPOINT_TURN_SETTLE,1,-0.403823,0.363748,3.070970,-19.5253,-19.5253,1.1000,12.37,ROT_RIGHT,waypoint,-22.7932,-22.7932,4.2879,1.2966,5.3728
2026-09-04T19:05:22.974,18549.671000,389,STAGING_PLAN,STAGING_PLAN,1,-0.405450,0.366355,3.079978,-19.4644,-19.4644,1.1000,12.37,ROT_RIGHT,waypoint,-22.7932,-22.7932,4.2879,4.2543,5.3728
2026-09-04T19:05:23.137,18549.843000,391,STAGING_PLAN,STAGING_PLAN,1,-0.408517,0.370112,3.111488,-19.7650,-19.7650,1.1000,12.37,ROT_RIGHT,waypoint,-22.7932,-22.7932,4.2879,4.2543,5.3728
2026-09-04T19:05:23.290,18549.984000,393,STAGING_PLAN,STAGING_PLAN,1,-0.410216,0.363016,3.053018,-15.8562,-15.8562,1.1000,12.37,ROT_RIGHT,waypoint,-22.7932,-22.7932,4.2879,4.2543,5.3728
2026-09-04T19:05:23.456,18550.156000,395,STAGING_PLAN,STAGING_PLAN,1,-0.399283,0.367027,3.094434,-20.2956,-20.2956,1.1000,12.52,ROT_RIGHT,waypoint,-22.7932,-22.7932,4.2879,4.2543,5.3728
2026-09-04T19:05:23.607,18550.312000,397,STAGING_PLAN,STAGING_PLAN,1,-0.409082,0.362760,3.038705,-17.6707,-17.6707,1.1000,12.52,ROT_RIGHT,waypoint,-22.7932,-22.7932,4.2879,4.2543,5.3728
2026-09-04T19:05:23.824,18550.531000,398,WAYPOINT_TURN,WAYPOINT_TURN,1,-0.397905,0.365579,3.091125,-20.4036,-20.4036,1.1000,12.52,ROT_RIGHT,waypoint,-22.7932,-22.7932,4.2879,4.2543,5.3728
2026-09-04T19:05:23.990,18550.687000,400,WAYPOINT_TURN,WAYPOINT_TURN,1,-0.408428,0.363210,3.039747,-18.3883,-18.3883,1.1000,9.37,ROT_RIGHT,waypoint,-22.7932,-22.7932,4.2879,4.2543,5.3728
2026-09-04T19:05:24.185,18550.890000,402,WAYPOINT_TURN_SETTLE,WAYPOINT_TURN_SETTLE,1,-0.405929,0.364794,3.051786,-15.7059,-15.7059,1.1000,9.37,ROT_LEFT,waypoint,21.4803,21.4803,0.0276,0.0000,0.0000
2026-09-04T19:05:24.352,18551.046000,404,WAYPOINT_TURN_SETTLE,WAYPOINT_TURN_SETTLE,1,-0.400231,0.363683,3.079315,-19.4313,-19.4313,1.1000,9.37,ROT_LEFT,waypoint,21.4803,21.4803,0.0276,1.0069,1.0069
2026-09-04T19:05:24.512,18551.218000,406,WAYPOINT_TURN_SETTLE,WAYPOINT_TURN_SETTLE,1,-0.394972,0.364438,3.083375,-19.9786,-19.9786,1.1000,11.40,ROT_LEFT,waypoint,21.4803,21.4803,0.0276,-0.9764,2.7185
2026-09-04T19:05:24.713,18551.406000,408,WAYPOINT_TURN_SETTLE,WAYPOINT_TURN_SETTLE,1,-0.398579,0.365143,3.099121,-19.7793,-19.7793,1.1000,11.40,ROT_LEFT,waypoint,21.4803,21.4803,0.0276,-4.0700,4.0700
2026-09-04T19:05:24.880,18551.578000,410,WAYPOINT_TURN_SETTLE,WAYPOINT_TURN_SETTLE,1,-0.399444,0.363940,3.077519,-19.3560,-19.3560,1.1000,11.40,ROT_LEFT,waypoint,21.4803,21.4803,0.0276,-3.7177,4.0700
2026-09-04T19:05:25.042,18551.734000,412,WAYPOINT_TURN_SETTLE,WAYPOINT_TURN_SETTLE,1,-0.402751,0.364789,3.074588,-19.3000,-19.3000,1.1000,11.52,ROT_LEFT,waypoint,21.4803,21.4803,0.0276,-1.5679,4.0700
2026-09-04T19:05:25.208,18551.906000,414,WAYPOINT_TURN_SETTLE,WAYPOINT_TURN_SETTLE,1,-0.401292,0.363971,3.055369,-18.0787,-18.0787,1.1000,11.52,ROT_LEFT,waypoint,21.4803,21.4803,0.0276,-3.3218,4.0700
2026-09-04T19:05:25.375,18552.078000,416,WAYPOINT_TURN_SETTLE,WAYPOINT_TURN_SETTLE,1,-0.400008,0.362497,3.063482,-17.7790,-17.7790,1.1000,11.52,ROT_LEFT,waypoint,21.4803,21.4803,0.0276,-2.5906,4.0700
2026-09-04T19:05:25.522,18552.218000,418,WAYPOINT_TURN_SETTLE,WAYPOINT_TURN_SETTLE,1,-0.399063,0.364425,3.073884,-18.6890,-18.6890,1.1000,12.17,ROT_LEFT,waypoint,21.4803,21.4803,0.0276,-3.3184,4.0700
2026-09-04T19:05:25.715,18552.421000,420,WAYPOINT_TURN_SETTLE,WAYPOINT_TURN_SETTLE,1,-0.397423,0.365860,3.097192,-20.0596,-20.0596,1.1000,12.17,ROT_LEFT,waypoint,21.4803,21.4803,0.0276,-1.9520,4.0700
2026-09-04T19:05:25.882,18552.578000,422,WAYPOINT_TURN_SETTLE,WAYPOINT_TURN_SETTLE,1,-0.400344,0.365218,3.080117,-19.7052,-19.7052,1.1000,12.17,ROT_LEFT,waypoint,21.4803,21.4803,0.0276,-1.5810,4.0700
2026-09-04T19:05:26.039,18552.734000,424,WAYPOINT_TURN_SETTLE,WAYPOINT_TURN_SETTLE,1,-0.395345,0.367461,3.084298,-20.1937,-20.1937,1.1000,11.80,ROT_LEFT,waypoint,21.4803,21.4803,0.0276,-3.2672,4.0700
2026-09-04T19:05:26.191,18552.890000,426,WAYPOINT_TURN_SETTLE,WAYPOINT_TURN_SETTLE,1,-0.402129,0.365745,3.100196,-19.4503,-19.4503,1.1000,11.80,ROT_LEFT,waypoint,21.4803,21.4803,0.0276,-0.6369,4.0700
2026-09-04T19:05:26.350,18553.046000,428,WAYPOINT_TURN_SETTLE,WAYPOINT_TURN_SETTLE,1,-0.398497,0.366898,3.105755,-20.4555,-20.4555,1.1000,11.80,ROT_LEFT,waypoint,21.4803,21.4803,0.0276,-3.5833,4.0700
2026-09-04T19:05:26.517,18553.218000,430,WAYPOINT_TURN_SETTLE,WAYPOINT_TURN_SETTLE,1,-0.407027,0.366504,3.084926,-18.6566,-18.6566,1.1000,11.80,ROT_LEFT,waypoint,21.4803,21.4803,0.0276,-3.9968,4.0700
2026-09-04T19:05:26.731,18553.437000,432,WAYPOINT_TURN_SETTLE,WAYPOINT_TURN_SETTLE,1,-0.390944,0.364629,3.084443,-20.3886,-20.3886,1.1000,12.65,ROT_LEFT,waypoint,21.4803,21.4803,0.0276,-1.3776,4.0700
2026-09-04T19:05:26.890,18553.593000,434,WAYPOINT_TURN_SETTLE,WAYPOINT_TURN_SETTLE,1,-0.398766,0.363953,3.062139,-19.2944,-19.2944,1.1000,12.65,ROT_LEFT,waypoint,21.4803,21.4803,0.0276,-2.8720,4.0700
2026-09-04T19:05:27.053,18553.750000,436,WAYPOINT_TURN_SETTLE,WAYPOINT_TURN_SETTLE,1,-0.399096,0.361718,3.027101,-17.2035,-17.2035,1.1000,12.65,ROT_LEFT,waypoint,21.4803,21.4803,0.0276,-0.1987,4.0700
2026-09-04T19:05:27.194,18553.890000,438,WAYPOINT_TURN_SETTLE,WAYPOINT_TURN_SETTLE,1,-0.396109,0.362301,3.051473,-19.2627,-19.2627,1.1000,11.25,ROT_LEFT,waypoint,21.4803,21.4803,0.0276,-0.7379,4.0700
2026-09-04T19:05:27.292,18554.000000,439,WAYPOINT_TURN_SETTLE,WAYPOINT_TURN_SETTLE,1,-0.398092,0.361654,3.050083,-18.5352,-18.5352,1.1000,11.25,ROT_LEFT,waypoint,21.4803,21.4803,0.0276,-2.5499,4.0700
2026-09-04T19:05:27.469,18554.171000,441,WAYPOINT_TURN_SETTLE,WAYPOINT_TURN_SETTLE,1,-0.395497,0.362657,3.047073,-18.1650,-18.1650,1.1000,11.25,ROT_LEFT,waypoint,21.4803,21.4803,0.0276,-3.4078,4.0700
2026-09-04T19:05:27.621,18554.328000,443,WAYPOINT_TURN_SETTLE,WAYPOINT_TURN_SETTLE,1,-0.406589,0.364449,3.056829,-18.3919,-18.3919,1.1000,11.91,ROT_LEFT,waypoint,21.4803,21.4803,0.0276,1.4822,4.0700
2026-09-04T19:05:27.743,18554.437000,444,WAYPOINT_TURN_SETTLE,WAYPOINT_TURN_SETTLE,1,-0.401735,0.361773,3.033360,-16.5686,-16.5686,1.1000,11.91,ROT_LEFT,waypoint,21.4803,21.4803,0.0276,-1.6790,4.0700
2026-09-04T19:05:27.896,18554.593000,446,WAYPOINT_TURN_SETTLE,WAYPOINT_TURN_SETTLE,1,-0.398514,0.368579,3.101984,-20.1998,-20.1998,1.1000,11.91,ROT_LEFT,waypoint,21.4803,21.4803,0.0276,0.1131,4.0700
2026-09-04T19:05:28.069,18554.765000,448,WAYPOINT_TURN_SETTLE,WAYPOINT_TURN_SETTLE,1,-0.393654,0.366474,3.100303,-20.0670,-20.0670,1.1000,11.91,ROT_LEFT,waypoint,21.4803,21.4803,0.0276,-1.6528,4.0700
2026-09-04T19:05:28.224,18554.921000,450,WAYPOINT_TURN_SETTLE,WAYPOINT_TURN_SETTLE,1,-0.395258,0.361781,3.054820,-18.6744,-18.6744,1.1000,11.61,ROT_LEFT,waypoint,21.4803,21.4803,0.0276,-3.3541,4.0700
2026-09-04T19:05:28.371,18555.078000,452,WAYPOINT_TURN_SETTLE,WAYPOINT_TURN_SETTLE,1,-0.400357,0.362283,3.060948,-19.5067,-19.5067,1.1000,11.61,ROT_LEFT,waypoint,21.4803,21.4803,0.0276,-1.7653,4.0700
2026-09-04T19:05:28.525,18555.218000,454,WAYPOINT_TURN_SETTLE,WAYPOINT_TURN_SETTLE,1,-0.400251,0.362320,3.055556,-18.1952,-18.1952,1.1000,11.61,ROT_LEFT,waypoint,21.4803,21.4803,0.0276,-2.7942,4.0700
2026-09-04T19:05:28.672,18555.375000,456,WAYPOINT_TURN_SETTLE,WAYPOINT_TURN_SETTLE,1,-0.403626,0.365669,3.063278,-16.2210,-16.2210,1.1000,13.07,ROT_LEFT,waypoint,21.4803,21.4803,0.0276,-2.2192,4.0700
2026-09-04T19:05:28.843,18555.546000,458,WAYPOINT_TURN_SETTLE,WAYPOINT_TURN_SETTLE,1,-0.400164,0.362759,3.050894,-18.6896,-18.6896,1.1000,13.07,ROT_LEFT,waypoint,21.4803,21.4803,0.0276,0.4919,4.0700
2026-09-04T19:05:29.011,18555.718000,460,WAYPOINT_TURN_SETTLE,WAYPOINT_TURN_SETTLE,1,-0.397236,0.367283,3.094264,-20.1460,-20.1460,1.1000,13.07,ROT_LEFT,waypoint,21.4803,21.4803,0.0276,-1.0958,4.0700
2026-09-04T19:05:29.176,18555.875000,462,WAYPOINT_TURN_SETTLE,WAYPOINT_TURN_SETTLE,1,-0.393294,0.363634,3.075130,-19.7372,-19.7372,1.1000,11.92,ROT_LEFT,waypoint,21.4803,21.4803,0.0276,-1.3402,4.0700
2026-09-04T19:05:29.344,18556.046000,464,WAYPOINT_TURN_SETTLE,WAYPOINT_TURN_SETTLE,1,-0.402218,0.366671,3.083770,-19.4919,-19.4919,1.1000,11.92,ROT_LEFT,waypoint,21.4803,21.4803,0.0276,-3.0243,4.0700
2026-09-04T19:05:29.450,18556.156000,465,WAYPOINT_TURN_SETTLE,WAYPOINT_TURN_SETTLE,1,-0.402854,0.363895,3.056028,-18.6580,-18.6580,1.1000,11.92,ROT_LEFT,waypoint,21.4803,21.4803,0.0276,-2.7790,4.0700
2026-09-04T19:05:29.619,18556.312000,467,WAYPOINT_TURN_SETTLE,WAYPOINT_TURN_SETTLE,1,-0.396355,0.361321,3.038557,-17.5918,-17.5918,1.1000,11.92,ROT_LEFT,waypoint,21.4803,21.4803,0.0276,-2.4394,4.0700
2026-09-04T19:05:29.757,18556.453000,468,WAYPOINT_TURN_SETTLE,WAYPOINT_TURN_SETTLE,1,-0.401057,0.364529,3.070751,-19.3156,-19.3156,1.1000,10.60,ROT_LEFT,waypoint,21.4803,21.4803,0.0276,-0.8789,4.0700
2026-09-04T19:05:29.907,18556.609000,470,WAYPOINT_TURN_SETTLE,WAYPOINT_TURN_SETTLE,1,-0.397970,0.364952,3.089857,-19.8582,-19.8582,1.1000,10.60,ROT_LEFT,waypoint,21.4803,21.4803,0.0276,-3.4945,4.0700
2026-09-04T19:05:30.075,18556.781000,472,WAYPOINT_TURN_SETTLE,WAYPOINT_TURN_SETTLE,1,-0.404280,0.364828,3.063135,-19.0548,-19.0548,1.1000,10.60,ROT_LEFT,waypoint,21.4803,21.4803,0.0276,-1.2150,4.0700
2026-09-04T19:05:30.241,18556.937000,474,STAGING_PLAN,STAGING_PLAN,1,-0.400575,0.366672,3.098206,-19.8121,-19.8121,1.1000,10.60,ROT_LEFT,waypoint,21.4803,21.4803,0.0276,-2.3419,4.0700
2026-09-04T19:05:30.397,18557.093000,476,STAGING_PLAN,STAGING_PLAN,1,-0.403044,0.364118,3.077699,-19.6719,-19.6719,1.1000,12.32,ROT_LEFT,waypoint,21.4803,21.4803,0.0276,-2.3419,4.0700
2026-09-04T19:05:30.551,18557.250000,478,STAGING_PLAN,STAGING_PLAN,1,-0.398376,0.364072,3.071454,-19.3595,-19.3595,1.1000,12.32,ROT_LEFT,waypoint,21.4803,21.4803,0.0276,-2.3419,4.0700
2026-09-04T19:05:30.755,18557.453000,480,STAGING_PLAN,STAGING_PLAN,1,-0.393747,0.365925,3.098576,-20.2065,-20.2065,1.1000,12.32,ROT_LEFT,waypoint,21.4803,21.4803,0.0276,-2.3419,4.0700
2026-09-04T19:05:30.918,18557.625000,482,STAGING_PLAN,STAGING_PLAN,1,-0.410370,0.365634,3.069121,-18.7135,-18.7135,1.1000,11.52,ROT_LEFT,waypoint,21.4803,21.4803,0.0276,-2.3419,4.0700
2026-09-04T19:05:31.226,18557.921000,484,WAYPOINT_DRIVE,WAYPOINT_DRIVE,1,-0.400489,0.366687,3.096984,-19.5481,-19.5481,1.1000,11.52,ROT_LEFT,waypoint,21.4803,21.4803,0.0276,-2.3419,4.0700
2026-09-04T19:05:31.392,18558.093000,486,WAYPOINT_DRIVE_SETTLE,WAYPOINT_DRIVE_SETTLE,1,-0.390567,0.365550,3.086918,-20.5142,-20.5142,1.1000,9.01,ROT_LEFT,waypoint,21.4803,21.4803,0.0276,-2.3419,4.0700
2026-09-04T19:05:31.566,18558.265000,488,WAYPOINT_DRIVE_SETTLE,WAYPOINT_DRIVE_SETTLE,1,-0.399352,0.364982,3.066798,-19.5029,-19.5029,1.1000,9.01,ROT_LEFT,waypoint,21.4803,21.4803,0.0276,-2.3419,4.0700
2026-09-04T19:05:31.749,18558.453000,490,WAYPOINT_DRIVE_SETTLE,WAYPOINT_DRIVE_SETTLE,1,-0.399040,0.361534,3.043380,-18.2311,-18.2311,1.1000,9.01,ROT_LEFT,waypoint,21.4803,21.4803,0.0276,-2.3419,4.0700
2026-09-04T19:05:31.917,18558.609000,492,WAYPOINT_DRIVE_SETTLE,WAYPOINT_DRIVE_SETTLE,1,-0.404994,0.362534,3.047601,-18.0792,-18.0792,1.1000,11.68,ROT_LEFT,waypoint,21.4803,21.4803,0.0276,-2.3419,4.0700
2026-09-04T19:05:32.082,18558.781000,494,WAYPOINT_DRIVE_SETTLE,WAYPOINT_DRIVE_SETTLE,1,-0.394841,0.364835,3.079139,-19.6152,-19.6152,1.1000,11.68,ROT_LEFT,waypoint,21.4803,21.4803,0.0276,-2.3419,4.0700
2026-09-04T19:05:32.252,18558.953000,496,WAYPOINT_DRIVE_SETTLE,WAYPOINT_DRIVE_SETTLE,1,-0.397454,0.362452,3.055820,-18.0817,-18.0817,1.1000,11.68,ROT_LEFT,waypoint,21.4803,21.4803,0.0276,-2.3419,4.0700
2026-09-04T19:05:32.416,18559.109000,498,WAYPOINT_DRIVE_SETTLE,WAYPOINT_DRIVE_SETTLE,1,-0.401045,0.363973,3.065208,-19.2674,-19.2674,1.1000,11.68,ROT_LEFT,waypoint,21.4803,21.4803,0.0276,-2.3419,4.0700
2026-09-04T19:05:32.577,18559.281000,500,WAYPOINT_DRIVE_SETTLE,WAYPOINT_DRIVE_SETTLE,1,-0.401949,0.364128,3.070621,-19.0501,-19.0501,1.1000,12.08,ROT_LEFT,waypoint,21.4803,21.4803,0.0276,-2.3419,4.0700
2026-09-04T19:05:32.731,18559.437000,502,WAYPOINT_DRIVE_SETTLE,WAYPOINT_DRIVE_SETTLE,1,-0.399623,0.363860,3.075237,-19.0032,-19.0032,1.1000,12.08,ROT_LEFT,waypoint,21.4803,21.4803,0.0276,-2.3419,4.0700
2026-09-04T19:05:32.893,18559.593000,504,WAYPOINT_DRIVE_SETTLE,WAYPOINT_DRIVE_SETTLE,1,-0.395425,0.362469,3.077679,-19.4679,-19.4679,1.1000,12.08,ROT_LEFT,waypoint,21.4803,21.4803,0.0276,-2.3419,4.0700
2026-09-04T19:05:33.053,18559.750000,506,WAYPOINT_DRIVE_SETTLE,WAYPOINT_DRIVE_SETTLE,1,-0.399982,0.364051,3.068108,-19.1929,-19.1929,1.1000,12.70,ROT_LEFT,waypoint,21.4803,21.4803,0.0276,-2.3419,4.0700
2026-09-04T19:05:33.198,18559.890000,508,WAYPOINT_DRIVE_SETTLE,WAYPOINT_DRIVE_SETTLE,1,-0.402630,0.366404,3.097914,-19.2145,-19.2145,1.1000,12.70,ROT_LEFT,waypoint,21.4803,21.4803,0.0276,-2.3419,4.0700
2026-09-04T19:05:33.350,18560.046000,510,WAYPOINT_DRIVE_SETTLE,WAYPOINT_DRIVE_SETTLE,1,-0.394141,0.364909,3.090191,-20.3516,-20.3516,1.1000,12.70,ROT_LEFT,waypoint,21.4803,21.4803,0.0276,-2.3419,4.0700
2026-09-04T19:05:33.519,18560.218000,512,WAYPOINT_DRIVE_SETTLE,WAYPOINT_DRIVE_SETTLE,1,-0.392943,0.367312,3.096054,-20.5502,-20.5502,1.1000,12.70,ROT_LEFT,waypoint,21.4803,21.4803,0.0276,-2.3419,4.0700
2026-09-04T19:05:33.672,18560.375000,514,WAYPOINT_DRIVE_SETTLE,WAYPOINT_DRIVE_SETTLE,1,-0.397259,0.366887,3.104920,-19.9540,-19.9540,1.1000,12.79,ROT_LEFT,waypoint,21.4803,21.4803,0.0276,-2.3419,4.0700
2026-09-04T19:05:33.801,18560.500000,515,WAYPOINT_DRIVE_SETTLE,WAYPOINT_DRIVE_SETTLE,1,-0.392452,0.366291,3.097455,-19.8159,-19.8159,1.1000,12.79,ROT_LEFT,waypoint,21.4803,21.4803,0.0276,-2.3419,4.0700
2026-09-04T19:05:33.990,18560.687000,517,WAYPOINT_DRIVE_SETTLE,WAYPOINT_DRIVE_SETTLE,1,-0.399411,0.360100,3.037970,-17.6102,-17.6102,1.1000,12.79,ROT_LEFT,waypoint,21.4803,21.4803,0.0276,-2.3419,4.0700
2026-09-04T19:05:34.196,18560.890000,519,WAYPOINT_DRIVE_SETTLE,WAYPOINT_DRIVE_SETTLE,1,-0.393988,0.366690,3.102509,-20.3958,-20.3958,1.1000,9.88,ROT_LEFT,waypoint,21.4803,21.4803,0.0276,-2.3419,4.0700
2026-09-04T19:05:34.301,18561.000000,520,WAYPOINT_DRIVE_SETTLE,WAYPOINT_DRIVE_SETTLE,1,-0.397434,0.365422,3.077134,-19.4597,-19.4597,1.1000,9.88,ROT_LEFT,waypoint,21.4803,21.4803,0.0276,-2.3419,4.0700
2026-09-04T19:05:34.460,18561.156000,522,WAYPOINT_DRIVE_SETTLE,WAYPOINT_DRIVE_SETTLE,1,-0.397557,0.365805,3.087514,-19.8767,-19.8767,1.1000,9.88,ROT_LEFT,waypoint,21.4803,21.4803,0.0276,-2.3419,4.0700
2026-09-04T19:05:34.617,18561.312000,524,WAYPOINT_DRIVE_SETTLE,WAYPOINT_DRIVE_SETTLE,1,-0.401445,0.368215,3.101774,-19.9371,-19.9371,1.1000,9.88,ROT_LEFT,waypoint,21.4803,21.4803,0.0276,-2.3419,4.0700
2026-09-04T19:05:34.826,18561.531000,526,WAYPOINT_DRIVE_SETTLE,WAYPOINT_DRIVE_SETTLE,1,-0.397322,0.362145,3.074839,-19.4194,-19.4194,1.1000,11.96,ROT_LEFT,waypoint,21.4803,21.4803,0.0276,-2.3419,4.0700
2026-09-04T19:05:35.002,18561.703000,528,WAYPOINT_DRIVE_SETTLE,WAYPOINT_DRIVE_SETTLE,1,-0.399196,0.371468,3.117934,-20.2840,-20.2840,1.1000,11.96,ROT_LEFT,waypoint,21.4803,21.4803,0.0276,-2.3419,4.0700
2026-09-04T19:05:35.178,18561.875000,530,WAYPOINT_DRIVE_SETTLE,WAYPOINT_DRIVE_SETTLE,1,-0.401467,0.364129,3.087234,-19.8473,-19.8473,1.1000,11.96,ROT_LEFT,waypoint,21.4803,21.4803,0.0276,-2.3419,4.0700
2026-09-04T19:05:35.346,18562.046000,532,WAYPOINT_DRIVE_SETTLE,WAYPOINT_DRIVE_SETTLE,1,-0.405221,0.365971,3.097043,-19.0518,-19.0518,1.1000,10.61,ROT_LEFT,waypoint,21.4803,21.4803,0.0276,-2.3419,4.0700
2026-09-04T19:05:35.512,18562.218000,534,WAYPOINT_DRIVE_SETTLE,WAYPOINT_DRIVE_SETTLE,1,-0.404290,0.364985,3.066853,-17.9179,-17.9179,1.1000,10.61,ROT_LEFT,waypoint,21.4803,21.4803,0.0276,-2.3419,4.0700
2026-09-04T19:05:35.665,18562.359000,536,WAYPOINT_DRIVE_SETTLE,WAYPOINT_DRIVE_SETTLE,1,-0.404604,0.362755,3.033288,-17.8042,-17.8042,1.1000,10.61,ROT_LEFT,waypoint,21.4803,21.4803,0.0276,-2.3419,4.0700
2026-09-04T19:05:35.825,18562.531000,538,WAYPOINT_DRIVE_SETTLE,WAYPOINT_DRIVE_SETTLE,1,-0.397589,0.362300,3.049268,-18.6644,-18.6644,1.1000,12.43,ROT_LEFT,waypoint,21.4803,21.4803,0.0276,-2.3419,4.0700
2026-09-04T19:05:35.992,18562.687000,540,WAYPOINT_DRIVE_SETTLE,WAYPOINT_DRIVE_SETTLE,1,-0.398506,0.367652,3.097932,-20.0115,-20.0115,1.1000,12.43,ROT_LEFT,waypoint,21.4803,21.4803,0.0276,-2.3419,4.0700
2026-09-04T19:05:36.148,18562.843000,542,WAYPOINT_DRIVE_SETTLE,WAYPOINT_DRIVE_SETTLE,1,-0.402729,0.363331,3.058605,-18.7123,-18.7123,1.1000,12.43,ROT_LEFT,waypoint,21.4803,21.4803,0.0276,-2.3419,4.0700
2026-09-04T19:05:36.303,18563.000000,544,WAYPOINT_DRIVE_SETTLE,WAYPOINT_DRIVE_SETTLE,1,-0.399848,0.365449,3.091302,-19.9331,-19.9331,1.1000,12.43,ROT_LEFT,waypoint,21.4803,21.4803,0.0276,-2.3419,4.0700
2026-09-04T19:05:36.450,18563.156000,546,WAYPOINT_DRIVE_SETTLE,WAYPOINT_DRIVE_SETTLE,1,-0.398945,0.361413,3.041373,-18.0808,-18.0808,1.1000,12.58,ROT_LEFT,waypoint,21.4803,21.4803,0.0276,-2.3419,4.0700
2026-09-04T19:05:36.604,18563.296000,548,WAYPOINT_DRIVE_SETTLE,WAYPOINT_DRIVE_SETTLE,1,-0.399442,0.366754,3.097563,-19.7048,-19.7048,1.1000,12.58,ROT_LEFT,waypoint,21.4803,21.4803,0.0276,-2.3419,4.0700
2026-09-04T19:05:36.769,18563.468000,550,WAYPOINT_DRIVE_SETTLE,WAYPOINT_DRIVE_SETTLE,1,-0.398050,0.365864,3.090273,-19.5879,-19.5879,1.1000,12.58,ROT_LEFT,waypoint,21.4803,21.4803,0.0276,-2.3419,4.0700
2026-09-04T19:05:36.922,18563.625000,552,WAYPOINT_DRIVE_SETTLE,WAYPOINT_DRIVE_SETTLE,1,-0.400019,0.367245,3.103000,-19.9435,-19.9435,1.1000,12.76,ROT_LEFT,waypoint,21.4803,21.4803,0.0276,-2.3419,4.0700
2026-09-04T19:05:37.089,18563.796000,554,STAGING_PLAN,STAGING_PLAN,1,-0.403298,0.367345,3.088112,-19.3209,-19.3209,1.1000,12.76,ROT_LEFT,waypoint,21.4803,21.4803,0.0276,-2.3419,4.0700
2026-09-04T19:05:37.270,18563.968000,556,STAGING_PLAN,STAGING_PLAN,1,-0.396799,0.365078,3.085597,-19.7858,-19.7858,1.1000,12.76,ROT_LEFT,waypoint,21.4803,21.4803,0.0276,-2.3419,4.0700
2026-09-04T19:05:37.425,18564.125000,558,STAGING_PLAN,STAGING_PLAN,1,-0.398361,0.366996,3.092720,-19.7969,-19.7969,1.1000,11.97,ROT_LEFT,waypoint,21.4803,21.4803,0.0276,-2.3419,4.0700
2026-09-04T19:05:37.599,18564.296000,560,STAGING_PLAN,STAGING_PLAN,1,-0.395034,0.362820,3.024324,-16.9778,-16.9778,1.1000,11.97,ROT_LEFT,waypoint,21.4803,21.4803,0.0276,-2.3419,4.0700
2026-09-04T19:05:37.700,18564.406000,561,STAGING_PLAN,STAGING_PLAN,1,-0.407789,0.365148,3.080584,-18.8126,-18.8126,1.1000,11.97,ROT_LEFT,waypoint,21.4803,21.4803,0.0276,-2.3419,4.0700
2026-09-04T19:05:37.877,18564.578000,563,STAGING_PLAN,STAGING_PLAN,1,-0.398602,0.364383,3.063478,-19.1627,-19.1627,1.1000,11.97,ROT_LEFT,waypoint,21.4803,21.4803,0.0276,-2.3419,4.0700
2026-09-04T19:05:38.179,18564.875000,565,WAYPOINT_DRIVE,WAYPOINT_DRIVE,1,-0.401029,0.364290,3.076041,-18.7537,-18.7537,1.1000,11.51,ROT_LEFT,waypoint,21.4803,21.4803,0.0276,-2.3419,4.0700
2026-09-04T19:05:38.344,18565.046000,567,WAYPOINT_DRIVE_SETTLE,WAYPOINT_DRIVE_SETTLE,1,-0.406585,0.364671,3.076367,-18.7232,-18.7232,1.1000,11.51,ROT_LEFT,waypoint,21.4803,21.4803,0.0276,-2.3419,4.0700
2026-09-04T19:05:38.513,18565.218000,569,WAYPOINT_DRIVE_SETTLE,WAYPOINT_DRIVE_SETTLE,1,-0.397051,0.365116,3.074406,-19.5172,-19.5172,1.1000,8.99,ROT_LEFT,waypoint,21.4803,21.4803,0.0276,-2.3419,4.0700
2026-09-04T19:05:38.676,18565.375000,571,WAYPOINT_DRIVE_SETTLE,WAYPOINT_DRIVE_SETTLE,0,,,,,,,8.99,ROT_LEFT,waypoint,21.4803,21.4803,0.0276,-2.3419,4.0700
2026-09-04T19:05:38.830,18565.531000,573,WAYPOINT_DRIVE_SETTLE,WAYPOINT_DRIVE_SETTLE,1,-0.401037,0.363368,3.048376,-17.6035,-17.6035,1.1000,8.99,ROT_LEFT,waypoint,21.4803,21.4803,0.0276,-2.3419,4.0700
2026-09-04T19:05:38.995,18565.687000,575,WAYPOINT_DRIVE_SETTLE,WAYPOINT_DRIVE_SETTLE,1,-0.402893,0.362996,3.049363,-18.0715,-18.0715,1.1000,8.99,ROT_LEFT,waypoint,21.4803,21.4803,0.0276,-2.3419,4.0700
2026-09-04T19:05:39.159,18565.859000,577,WAYPOINT_DRIVE_SETTLE,WAYPOINT_DRIVE_SETTLE,1,-0.402784,0.363805,3.057005,-18.0009,-18.0009,1.1000,12.41,ROT_LEFT,waypoint,21.4803,21.4803,0.0276,-2.3419,4.0700
2026-09-04T19:05:39.324,18566.031000,579,WAYPOINT_DRIVE_SETTLE,WAYPOINT_DRIVE_SETTLE,1,-0.399447,0.363440,3.079681,-19.1603,-19.1603,1.1000,12.41,ROT_LEFT,waypoint,21.4803,21.4803,0.0276,-2.3419,4.0700
2026-09-04T19:05:39.491,18566.187000,581,WAYPOINT_DRIVE_SETTLE,WAYPOINT_DRIVE_SETTLE,1,-0.405162,0.366313,3.088362,-19.2130,-19.2130,1.1000,12.41,ROT_LEFT,waypoint,21.4803,21.4803,0.0276,-2.3419,4.0700
2026-09-04T19:05:39.662,18566.359000,583,WAYPOINT_DRIVE_SETTLE,WAYPOINT_DRIVE_SETTLE,1,-0.406356,0.361145,3.043317,-18.4411,-18.4411,1.1000,11.75,ROT_LEFT,waypoint,21.4803,21.4803,0.0276,-2.3419,4.0700
2026-09-04T19:05:39.834,18566.531000,585,WAYPOINT_DRIVE_SETTLE,WAYPOINT_DRIVE_SETTLE,1,-0.408331,0.368337,3.081879,-18.6847,-18.6847,1.1000,11.75,ROT_LEFT,waypoint,21.4803,21.4803,0.0276,-2.3419,4.0700
2026-09-04T19:05:39.986,18566.687000,587,WAYPOINT_DRIVE_SETTLE,WAYPOINT_DRIVE_SETTLE,1,-0.400901,0.363562,3.049892,-17.2652,-17.2652,1.1000,11.75,ROT_LEFT,waypoint,21.4803,21.4803,0.0276,-2.3419,4.0700
2026-09-04T19:05:40.153,18566.859000,589,WAYPOINT_DRIVE_SETTLE,WAYPOINT_DRIVE_SETTLE,1,-0.409708,0.366890,3.086227,-18.6188,-18.6188,1.1000,12.51,ROT_LEFT,waypoint,21.4803,21.4803,0.0276,-2.3419,4.0700
2026-09-04T19:05:40.305,18567.000000,591,WAYPOINT_DRIVE_SETTLE,WAYPOINT_DRIVE_SETTLE,1,-0.402388,0.366980,3.095645,-19.4159,-19.4159,1.1000,12.51,ROT_LEFT,waypoint,21.4803,21.4803,0.0276,-2.3419,4.0700
2026-09-04T19:05:40.408,18567.109000,592,WAYPOINT_DRIVE_SETTLE,WAYPOINT_DRIVE_SETTLE,1,-0.403426,0.365124,3.085644,-19.4296,-19.4296,1.1000,12.51,ROT_LEFT,waypoint,21.4803,21.4803,0.0276,-2.3419,4.0700
2026-09-04T19:05:40.573,18567.281000,594,WAYPOINT_DRIVE_SETTLE,WAYPOINT_DRIVE_SETTLE,1,-0.401428,0.364682,3.084294,-19.3019,-19.3019,1.1000,12.51,ROT_LEFT,waypoint,21.4803,21.4803,0.0276,-2.3419,4.0700
2026-09-04T19:05:40.730,18567.437000,596,WAYPOINT_DRIVE_SETTLE,WAYPOINT_DRIVE_SETTLE,1,-0.398974,0.364470,3.079844,-19.3405,-19.3405,1.1000,11.75,ROT_LEFT,waypoint,21.4803,21.4803,0.0276,-2.3419,4.0700
2026-09-04T19:05:40.908,18567.609000,598,WAYPOINT_DRIVE_SETTLE,WAYPOINT_DRIVE_SETTLE,1,-0.396308,0.366915,3.091863,-20.5170,-20.5170,1.1000,11.75,ROT_LEFT,waypoint,21.4803,21.4803,0.0276,-2.3419,4.0700
2026-09-04T19:05:41.055,18567.750000,600,WAYPOINT_DRIVE_SETTLE,WAYPOINT_DRIVE_SETTLE,1,-0.400083,0.361695,3.044296,-18.0572,-18.0572,1.1000,11.75,ROT_LEFT,waypoint,21.4803,21.4803,0.0276,-2.3419,4.0700
2026-09-04T19:05:41.218,18567.921000,602,WAYPOINT_DRIVE_SETTLE,WAYPOINT_DRIVE_SETTLE,1,-0.400676,0.363986,3.082559,-19.2628,-19.2628,1.1000,12.32,ROT_LEFT,waypoint,21.4803,21.4803,0.0276,-2.3419,4.0700
2026-09-04T19:05:41.376,18568.078000,604,WAYPOINT_DRIVE_SETTLE,WAYPOINT_DRIVE_SETTLE,1,-0.402787,0.366505,3.091155,-19.3782,-19.3782,1.1000,12.32,ROT_LEFT,waypoint,21.4803,21.4803,0.0276,-2.3419,4.0700
2026-09-04T19:05:41.534,18568.234000,606,WAYPOINT_DRIVE_SETTLE,WAYPOINT_DRIVE_SETTLE,1,-0.397200,0.362446,3.060180,-18.8413,-18.8413,1.1000,12.32,ROT_LEFT,waypoint,21.4803,21.4803,0.0276,-2.3419,4.0700
2026-09-04T19:05:41.692,18568.390000,608,WAYPOINT_DRIVE_SETTLE,WAYPOINT_DRIVE_SETTLE,1,-0.402912,0.366130,3.094381,-19.8847,-19.8847,1.1000,12.32,ROT_LEFT,waypoint,21.4803,21.4803,0.0276,-2.3419,4.0700
2026-09-04T19:05:41.843,18568.546000,609,WAYPOINT_DRIVE_SETTLE,WAYPOINT_DRIVE_SETTLE,1,-0.398242,0.365912,3.097618,-20.0876,-20.0876,1.1000,11.39,ROT_LEFT,waypoint,21.4803,21.4803,0.0276,-2.3419,4.0700
2026-09-04T19:05:42.020,18568.718000,611,WAYPOINT_DRIVE_SETTLE,WAYPOINT_DRIVE_SETTLE,1,-0.395914,0.362498,3.069521,-18.7694,-18.7694,1.1000,11.39,ROT_LEFT,waypoint,21.4803,21.4803,0.0276,-2.3419,4.0700
2026-09-04T19:05:42.208,18568.906000,613,WAYPOINT_DRIVE_SETTLE,WAYPOINT_DRIVE_SETTLE,1,-0.399288,0.363181,3.052033,-18.6754,-18.6754,1.1000,11.39,ROT_LEFT,waypoint,21.4803,21.4803,0.0276,-2.3419,4.0700
2026-09-04T19:05:42.371,18569.078000,615,WAYPOINT_DRIVE_SETTLE,WAYPOINT_DRIVE_SETTLE,1,-0.401534,0.366391,3.075135,-19.8941,-19.8941,1.1000,11.14,ROT_LEFT,waypoint,21.4803,21.4803,0.0276,-2.3419,4.0700
2026-09-04T19:05:42.526,18569.218000,617,WAYPOINT_DRIVE_SETTLE,WAYPOINT_DRIVE_SETTLE,1,-0.398579,0.361147,3.040098,-17.8037,-17.8037,1.1000,11.14,ROT_LEFT,waypoint,21.4803,21.4803,0.0276,-2.3419,4.0700
2026-09-04T19:05:42.683,18569.375000,619,WAYPOINT_DRIVE_SETTLE,WAYPOINT_DRIVE_SETTLE,1,-0.398579,0.362960,3.054544,-17.6745,-17.6745,1.1000,11.14,ROT_LEFT,waypoint,21.4803,21.4803,0.0276,-2.3419,4.0700
2026-09-04T19:05:42.841,18569.546000,621,WAYPOINT_DRIVE_SETTLE,WAYPOINT_DRIVE_SETTLE,1,-0.403393,0.363957,3.081337,-16.7213,-16.7213,1.1000,11.14,ROT_LEFT,waypoint,21.4803,21.4803,0.0276,-2.3419,4.0700
2026-09-04T19:05:43.018,18569.718000,623,WAYPOINT_DRIVE_SETTLE,WAYPOINT_DRIVE_SETTLE,1,-0.400855,0.360794,3.052510,-17.5468,-17.5468,1.1000,12.70,ROT_LEFT,waypoint,21.4803,21.4803,0.0276,-2.3419,4.0700
2026-09-04T19:05:43.187,18569.890000,625,WAYPOINT_DRIVE_SETTLE,WAYPOINT_DRIVE_SETTLE,1,-0.392376,0.361929,3.065526,-19.3459,-19.3459,1.1000,12.70,ROT_LEFT,waypoint,21.4803,21.4803,0.0276,-2.3419,4.0700
2026-09-04T19:05:43.347,18570.046000,627,WAYPOINT_DRIVE_SETTLE,WAYPOINT_DRIVE_SETTLE,1,-0.400939,0.362576,3.056557,-17.2517,-17.2517,1.1000,12.70,ROT_LEFT,waypoint,21.4803,21.4803,0.0276,-2.3419,4.0700
2026-09-04T19:05:43.501,18570.203000,629,WAYPOINT_DRIVE_SETTLE,WAYPOINT_DRIVE_SETTLE,1,-0.400174,0.365662,3.069940,-18.2755,-18.2755,1.1000,11.98,ROT_LEFT,waypoint,21.4803,21.4803,0.0276,-2.3419,4.0700
2026-09-04T19:05:43.671,18570.375000,631,WAYPOINT_DRIVE_SETTLE,WAYPOINT_DRIVE_SETTLE,1,-0.400935,0.365649,3.096817,-19.7110,-19.7110,1.1000,11.98,ROT_LEFT,waypoint,21.4803,21.4803,0.0276,-2.3419,4.0700
2026-09-04T19:05:43.856,18570.562000,633,WAYPOINT_DRIVE_SETTLE,WAYPOINT_DRIVE_SETTLE,1,-0.400107,0.362797,3.068252,-18.6164,-18.6164,1.1000,11.98,ROT_LEFT,waypoint,21.4803,21.4803,0.0276,-2.3419,4.0700
2026-09-04T19:05:44.022,18570.718000,635,WAYPOINT_DRIVE_SETTLE,WAYPOINT_DRIVE_SETTLE,1,-0.397944,0.360895,3.047675,-18.7357,-18.7357,1.1000,11.67,ROT_LEFT,waypoint,21.4803,21.4803,0.0276,-2.3419,4.0700
2026-09-04T19:05:44.176,18570.875000,637,STAGING_PLAN,STAGING_PLAN,1,-0.403348,0.367510,3.105316,-19.6045,-19.6045,1.1000,11.67,ROT_LEFT,waypoint,21.4803,21.4803,0.0276,-2.3419,4.0700
2026-09-04T19:05:44.342,18571.046000,639,STAGING_PLAN,STAGING_PLAN,1,-0.399788,0.367970,3.107031,-20.1750,-20.1750,1.1000,11.67,ROT_LEFT,waypoint,21.4803,21.4803,0.0276,-2.3419,4.0700
2026-09-04T19:05:44.497,18571.203000,641,STAGING_PLAN,STAGING_PLAN,1,-0.398948,0.365994,3.085284,-19.3648,-19.3648,1.1000,12.75,ROT_LEFT,waypoint,21.4803,21.4803,0.0276,-2.3419,4.0700
2026-09-04T19:05:44.649,18571.343000,643,STAGING_PLAN,STAGING_PLAN,1,-0.396357,0.362726,3.063823,-18.5953,-18.5953,1.1000,12.75,ROT_LEFT,waypoint,21.4803,21.4803,0.0276,-2.3419,4.0700
2026-09-04T19:05:44.801,18571.500000,645,STAGING_PLAN,STAGING_PLAN,1,-0.404543,0.364598,3.094187,-18.6325,-18.6325,1.1000,12.75,ROT_LEFT,waypoint,21.4803,21.4803,0.0276,-2.3419,4.0700
2026-09-04T19:05:45.012,18571.718000,646,WAYPOINT_DRIVE,WAYPOINT_DRIVE,1,-0.396082,0.363002,3.080242,-19.7326,-19.7326,1.1000,9.65,ROT_LEFT,waypoint,21.4803,21.4803,0.0276,-2.3419,4.0700
2026-09-04T19:05:45.168,18571.875000,648,WAYPOINT_DRIVE_SETTLE,WAYPOINT_DRIVE_SETTLE,1,-0.398379,0.366705,3.101651,-19.8234,-19.8234,1.1000,9.65,ROT_LEFT,waypoint,21.4803,21.4803,0.0276,-2.3419,4.0700
2026-09-04T19:05:45.326,18572.031000,650,WAYPOINT_DRIVE_SETTLE,WAYPOINT_DRIVE_SETTLE,1,-0.393374,0.366246,3.092354,-20.1012,-20.1012,1.1000,9.65,ROT_LEFT,waypoint,21.4803,21.4803,0.0276,-2.3419,4.0700
2026-09-04T19:05:45.478,18572.171000,652,WAYPOINT_DRIVE_SETTLE,WAYPOINT_DRIVE_SETTLE,1,-0.392987,0.365651,3.080562,-19.6793,-19.6793,1.1000,9.65,ROT_LEFT,waypoint,21.4803,21.4803,0.0276,-2.3419,4.0700
2026-09-04T19:05:45.629,18572.328000,654,WAYPOINT_DRIVE_SETTLE,WAYPOINT_DRIVE_SETTLE,1,-0.397014,0.366525,3.089456,-19.0958,-19.0958,1.1000,12.83,ROT_LEFT,waypoint,21.4803,21.4803,0.0276,-2.3419,4.0700
2026-09-04T19:05:45.809,18572.515000,656,WAYPOINT_DRIVE_SETTLE,WAYPOINT_DRIVE_SETTLE,1,-0.400196,0.366175,3.086788,-19.5949,-19.5949,1.1000,12.83,ROT_LEFT,waypoint,21.4803,21.4803,0.0276,-2.3419,4.0700
2026-09-04T19:05:45.999,18572.703000,658,WAYPOINT_DRIVE_SETTLE,WAYPOINT_DRIVE_SETTLE,1,-0.403150,0.362803,3.079167,-18.6842,-18.6842,1.1000,12.83,ROT_LEFT,waypoint,21.4803,21.4803,0.0276,-2.3419,4.0700
2026-09-04T19:05:46.192,18572.890000,660,WAYPOINT_DRIVE_SETTLE,WAYPOINT_DRIVE_SETTLE,1,-0.399547,0.365383,3.077529,-19.2607,-19.2607,1.1000,11.32,ROT_LEFT,waypoint,21.4803,21.4803,0.0276,-2.3419,4.0700
2026-09-04T19:05:46.362,18573.062000,662,WAYPOINT_DRIVE_SETTLE,WAYPOINT_DRIVE_SETTLE,1,-0.400062,0.361905,3.033702,-16.8094,-16.8094,1.1000,11.32,ROT_LEFT,waypoint,21.4803,21.4803,0.0276,-2.3419,4.0700
2026-09-04T19:05:46.520,18573.218000,664,WAYPOINT_DRIVE_SETTLE,WAYPOINT_DRIVE_SETTLE,1,-0.402890,0.360281,3.041410,-18.7027,-18.7027,1.1000,11.32,ROT_LEFT,waypoint,21.4803,21.4803,0.0276,-2.3419,4.0700
2026-09-04T19:05:46.683,18573.390000,666,WAYPOINT_DRIVE_SETTLE,WAYPOINT_DRIVE_SETTLE,1,-0.399724,0.369050,3.111950,-19.7031,-19.7031,1.1000,11.48,ROT_LEFT,waypoint,21.4803,21.4803,0.0276,-2.3419,4.0700
2026-09-04T19:05:46.866,18573.562000,668,WAYPOINT_DRIVE_SETTLE,WAYPOINT_DRIVE_SETTLE,1,-0.397238,0.361176,3.038530,-18.1205,-18.1205,1.1000,11.48,ROT_LEFT,waypoint,21.4803,21.4803,0.0276,-2.3419,4.0700
2026-09-04T19:05:47.023,18573.718000,670,WAYPOINT_DRIVE_SETTLE,WAYPOINT_DRIVE_SETTLE,1,-0.398579,0.367062,3.109841,-20.0443,-20.0443,1.1000,11.48,ROT_LEFT,waypoint,21.4803,21.4803,0.0276,-2.3419,4.0700
2026-09-04T19:05:47.184,18573.890000,672,WAYPOINT_DRIVE_SETTLE,WAYPOINT_DRIVE_SETTLE,1,-0.399471,0.367355,3.103343,-19.6604,-19.6604,1.1000,11.96,ROT_LEFT,waypoint,21.4803,21.4803,0.0276,-2.3419,4.0700
2026-09-04T19:05:47.342,18574.046000,674,WAYPOINT_DRIVE_SETTLE,WAYPOINT_DRIVE_SETTLE,1,-0.393665,0.363039,3.060825,-19.5264,-19.5264,1.1000,11.96,ROT_LEFT,waypoint,21.4803,21.4803,0.0276,-2.3419,4.0700
2026-09-04T19:05:47.502,18574.203000,676,WAYPOINT_DRIVE_SETTLE,WAYPOINT_DRIVE_SETTLE,1,-0.392628,0.364005,3.059853,-18.9582,-18.9582,1.1000,11.96,ROT_LEFT,waypoint,21.4803,21.4803,0.0276,-2.3419,4.0700
2026-09-04T19:05:47.649,18574.343000,678,WAYPOINT_DRIVE_SETTLE,WAYPOINT_DRIVE_SETTLE,1,-0.397513,0.365561,3.082474,-19.3933,-19.3933,1.1000,12.62,ROT_LEFT,waypoint,21.4803,21.4803,0.0276,-2.3419,4.0700
2026-09-04T19:05:47.867,18574.562000,680,WAYPOINT_DRIVE_SETTLE,WAYPOINT_DRIVE_SETTLE,1,-0.399070,0.365473,3.082009,-19.3828,-19.3828,1.1000,12.62,ROT_LEFT,waypoint,21.4803,21.4803,0.0276,-2.3419,4.0700
2026-09-04T19:05:48.017,18574.718000,682,WAYPOINT_DRIVE_SETTLE,WAYPOINT_DRIVE_SETTLE,1,-0.397769,0.366280,3.099923,-20.2318,-20.2318,1.1000,12.62,ROT_LEFT,waypoint,21.4803,21.4803,0.0276,-2.3419,4.0700
2026-09-04T19:05:48.177,18574.875000,684,WAYPOINT_DRIVE_SETTLE,WAYPOINT_DRIVE_SETTLE,1,-0.398806,0.362384,3.042237,-17.9387,-17.9387,1.1000,11.80,ROT_LEFT,waypoint,21.4803,21.4803,0.0276,-2.3419,4.0700
2026-09-04T19:05:48.335,18575.031000,686,WAYPOINT_DRIVE_SETTLE,WAYPOINT_DRIVE_SETTLE,1,-0.400539,0.366865,3.123095,-20.4646,-20.4646,1.1000,11.80,ROT_LEFT,waypoint,21.4803,21.4803,0.0276,-2.3419,4.0700
2026-09-04T19:05:48.494,18575.187000,688,WAYPOINT_DRIVE_SETTLE,WAYPOINT_DRIVE_SETTLE,1,-0.391878,0.365744,3.077642,-20.4233,-20.4233,1.1000,11.80,ROT_LEFT,waypoint,21.4803,21.4803,0.0276,-2.3419,4.0700
2026-09-04T19:05:48.644,18575.343000,690,WAYPOINT_DRIVE_SETTLE,WAYPOINT_DRIVE_SETTLE,1,-0.399719,0.367667,3.104846,-19.6257,-19.6257,1.1000,11.80,ROT_LEFT,waypoint,21.4803,21.4803,0.0276,-2.3419,4.0700
2026-09-04T19:05:48.826,18575.531000,692,WAYPOINT_DRIVE_SETTLE,WAYPOINT_DRIVE_SETTLE,1,-0.397979,0.365235,3.073339,-19.5523,-19.5523,1.1000,12.47,ROT_LEFT,waypoint,21.4803,21.4803,0.0276,-2.3419,4.0700
2026-09-04T19:05:48.993,18575.687000,694,WAYPOINT_DRIVE_SETTLE,WAYPOINT_DRIVE_SETTLE,1,-0.403479,0.363731,3.051854,-18.0933,-18.0933,1.1000,12.47,ROT_LEFT,waypoint,21.4803,21.4803,0.0276,-2.3419,4.0700
2026-09-04T19:05:49.146,18575.843000,696,WAYPOINT_DRIVE_SETTLE,WAYPOINT_DRIVE_SETTLE,1,-0.388729,0.362534,3.085962,-19.8367,-19.8367,1.1000,12.47,ROT_LEFT,waypoint,21.4803,21.4803,0.0276,-2.3419,4.0700
2026-09-04T19:05:49.314,18576.015000,698,WAYPOINT_DRIVE_SETTLE,WAYPOINT_DRIVE_SETTLE,1,-0.404921,0.365554,3.086459,-19.1813,-19.1813,1.1000,11.93,ROT_LEFT,waypoint,21.4803,21.4803,0.0276,-2.3419,4.0700
2026-09-04T19:05:49.462,18576.156000,700,WAYPOINT_DRIVE_SETTLE,WAYPOINT_DRIVE_SETTLE,1,-0.399011,0.363096,3.060217,-18.9012,-18.9012,1.1000,11.93,ROT_LEFT,waypoint,21.4803,21.4803,0.0276,-2.3419,4.0700
2026-09-04T19:05:49.630,18576.328000,702,WAYPOINT_DRIVE_SETTLE,WAYPOINT_DRIVE_SETTLE,1,-0.395054,0.361144,3.032287,-18.1791,-18.1791,1.1000,11.93,ROT_LEFT,waypoint,21.4803,21.4803,0.0276,-2.3419,4.0700
2026-09-04T19:05:49.804,18576.500000,704,WAYPOINT_DRIVE_SETTLE,WAYPOINT_DRIVE_SETTLE,1,-0.404384,0.362135,3.053376,-18.1821,-18.1821,1.1000,12.18,ROT_LEFT,waypoint,21.4803,21.4803,0.0276,-2.3419,4.0700
2026-09-04T19:05:49.980,18576.687000,706,WAYPOINT_DRIVE_SETTLE,WAYPOINT_DRIVE_SETTLE,1,-0.393898,0.366727,3.112981,-20.5041,-20.5041,1.1000,12.18,ROT_LEFT,waypoint,21.4803,21.4803,0.0276,-2.3419,4.0700
2026-09-04T19:05:50.132,18576.828000,708,WAYPOINT_DRIVE_SETTLE,WAYPOINT_DRIVE_SETTLE,1,-0.394440,0.362476,3.075860,-18.2111,-18.2111,1.1000,12.18,ROT_LEFT,waypoint,21.4803,21.4803,0.0276,-2.3419,4.0700
2026-09-04T19:05:50.304,18577.000000,710,WAYPOINT_DRIVE_SETTLE,WAYPOINT_DRIVE_SETTLE,1,-0.396897,0.367994,3.110132,-20.0826,-20.0826,1.1000,12.18,ROT_LEFT,waypoint,21.4803,21.4803,0.0276,-2.3419,4.0700
2026-09-04T19:05:50.465,18577.171000,712,WAYPOINT_DRIVE_SETTLE,WAYPOINT_DRIVE_SETTLE,1,-0.393145,0.363454,3.071138,-19.6047,-19.6047,1.1000,12.41,ROT_LEFT,waypoint,21.4803,21.4803,0.0276,-2.3419,4.0700
2026-09-04T19:05:50.632,18577.328000,714,WAYPOINT_DRIVE_SETTLE,WAYPOINT_DRIVE_SETTLE,1,-0.398554,0.365613,3.079625,-19.4799,-19.4799,1.1000,12.41,ROT_LEFT,waypoint,21.4803,21.4803,0.0276,-2.3419,4.0700
2026-09-04T19:05:50.801,18577.500000,716,WAYPOINT_DRIVE_SETTLE,WAYPOINT_DRIVE_SETTLE,1,-0.399859,0.363097,3.058035,-18.7941,-18.7941,1.1000,12.41,ROT_LEFT,waypoint,21.4803,21.4803,0.0276,-2.3419,4.0700
2026-09-04T19:05:50.913,18577.609000,717,WAYPOINT_DRIVE_SETTLE,WAYPOINT_DRIVE_SETTLE,1,-0.398490,0.366455,3.091859,-19.8202,-19.8202,1.1000,11.27,ROT_LEFT,waypoint,21.4803,21.4803,0.0276,-2.3419,4.0700
2026-09-04T19:05:51.083,18577.781000,719,STAGING_PLAN,STAGING_PLAN,1,-0.399198,0.363212,3.052123,-18.5032,-18.5032,1.1000,11.27,ROT_LEFT,waypoint,21.4803,21.4803,0.0276,-2.3419,4.0700
2026-09-04T19:05:51.248,18577.953000,721,STAGING_PLAN,STAGING_PLAN,1,-0.399655,0.366123,3.075101,-19.4023,-19.4023,1.1000,11.27,ROT_LEFT,waypoint,21.4803,21.4803,0.0276,-2.3419,4.0700
2026-09-04T19:05:51.401,18578.093000,723,STAGING_PLAN,STAGING_PLAN,1,-0.398273,0.363203,3.051744,-18.3158,-18.3158,1.1000,11.27,ROT_LEFT,waypoint,21.4803,21.4803,0.0276,-2.3419,4.0700
2026-09-04T19:05:51.566,18578.265000,725,STAGING_PLAN,STAGING_PLAN,1,-0.392747,0.364892,3.075483,-19.9950,-19.9950,1.1000,12.08,ROT_LEFT,waypoint,21.4803,21.4803,0.0276,-2.3419,4.0700
2026-09-04T19:05:51.721,18578.421000,727,STAGING_PLAN,STAGING_PLAN,1,-0.405739,0.363901,3.055180,-18.3658,-18.3658,1.1000,12.08,ROT_LEFT,waypoint,21.4803,21.4803,0.0276,-2.3419,4.0700
2026-09-04T19:05:51.918,18578.625000,728,WAYPOINT_TURN,WAYPOINT_TURN,1,-0.392210,0.362896,3.059595,-19.5952,-19.5952,1.1000,12.08,ROT_LEFT,waypoint,21.4803,21.4803,0.0276,-2.3419,4.0700
2026-09-04T19:05:52.096,18578.796000,730,WAYPOINT_TURN,WAYPOINT_TURN,1,-0.399044,0.365257,3.090095,-19.8830,-19.8830,1.1000,9.67,ROT_LEFT,waypoint,21.4803,21.4803,0.0276,-2.3419,4.0700
2026-09-04T19:05:52.265,18578.968000,732,WAYPOINT_TURN,WAYPOINT_TURN,1,-0.399640,0.367282,3.105123,-19.6008,-19.6008,1.1000,9.67,ROT_LEFT,waypoint,21.4803,21.4803,0.0276,-2.3419,4.0700
2026-09-04T19:05:52.426,18579.125000,734,WAYPOINT_TURN,WAYPOINT_TURN,1,-0.401716,0.365058,3.074934,-19.0538,-19.0538,1.1000,9.67,ROT_LEFT,waypoint,21.4803,21.4803,0.0276,-2.3419,4.0700
2026-09-04T19:05:52.593,18579.296000,736,WAYPOINT_TURN,WAYPOINT_TURN,1,-0.396728,0.361378,3.031869,-17.6076,-17.6076,1.1000,11.99,ROT_LEFT,waypoint,21.4803,21.4803,0.0276,-2.3419,4.0700
2026-09-04T19:05:52.760,18579.453000,738,WAYPOINT_TURN_SETTLE,WAYPOINT_TURN_SETTLE,1,-0.401138,0.363073,3.060144,-18.6372,-18.6372,1.1000,11.99,ROT_LEFT,waypoint,18.0223,18.0223,-1.5203,-1.8041,1.8041
2026-09-04T19:05:52.946,18579.640000,740,WAYPOINT_TURN_SETTLE,WAYPOINT_TURN_SETTLE,1,-0.395103,0.362412,3.044662,-18.4050,-18.4050,1.1000,11.99,ROT_LEFT,waypoint,18.0223,18.0223,-1.5203,-2.8919,2.8919
2026-09-04T19:05:53.121,18579.828000,742,WAYPOINT_TURN_SETTLE,WAYPOINT_TURN_SETTLE,1,-0.388463,0.362718,3.097943,-19.1756,-19.1756,1.1000,11.33,ROT_LEFT,waypoint,18.0223,18.0223,-1.5203,-1.3621,2.8919
2026-09-04T19:05:53.298,18580.000000,744,WAYPOINT_TURN_SETTLE,WAYPOINT_TURN_SETTLE,1,-0.392612,0.364698,3.085781,-20.0162,-20.0162,1.1000,11.33,ROT_LEFT,waypoint,18.0223,18.0223,-1.5203,-0.9987,2.8919
2026-09-04T19:05:53.454,18580.156000,746,WAYPOINT_TURN_SETTLE,WAYPOINT_TURN_SETTLE,1,-0.396455,0.364356,3.068982,-18.9346,-18.9346,1.1000,11.33,ROT_LEFT,waypoint,18.0223,18.0223,-1.5203,-0.6664,2.8919
2026-09-04T19:05:53.634,18580.328000,748,WAYPOINT_TURN_SETTLE,WAYPOINT_TURN_SETTLE,1,-0.392590,0.363218,3.061917,-19.8672,-19.8672,1.1000,11.72,ROT_LEFT,waypoint,18.0223,18.0223,-1.5203,0.3298,2.8919
2026-09-04T19:05:53.821,18580.515000,750,WAYPOINT_TURN_SETTLE,WAYPOINT_TURN_SETTLE,1,-0.397212,0.365999,3.080937,-19.5567,-19.5567,1.1000,11.72,ROT_LEFT,waypoint,18.0223,18.0223,-1.5203,-1.2633,2.8919
2026-09-04T19:05:53.962,18580.656000,751,WAYPOINT_TURN_SETTLE,WAYPOINT_TURN_SETTLE,1,-0.389041,0.367622,3.112015,-20.9650,-20.9650,1.1000,11.72,ROT_LEFT,waypoint,18.0223,18.0223,-1.5203,-1.9491,2.8919
2026-09-04T19:05:54.123,18580.828000,753,WAYPOINT_TURN_SETTLE,WAYPOINT_TURN_SETTLE,1,-0.390869,0.363237,3.062804,-19.5906,-19.5906,1.1000,9.80,ROT_LEFT,waypoint,18.0223,18.0223,-1.5203,-2.8194,3.3574
2026-09-04T19:05:54.288,18580.984000,755,WAYPOINT_TURN_SETTLE,WAYPOINT_TURN_SETTLE,1,-0.400292,0.364652,3.074921,-19.1415,-19.1415,1.1000,9.80,ROT_LEFT,waypoint,18.0223,18.0223,-1.5203,-2.4914,3.3574
2026-09-04T19:05:54.455,18581.156000,757,WAYPOINT_TURN_SETTLE,WAYPOINT_TURN_SETTLE,1,-0.390673,0.367144,3.091531,-20.0414,-20.0414,1.1000,9.80,ROT_LEFT,waypoint,18.0223,18.0223,-1.5203,-0.1129,3.3574
2026-09-04T19:05:54.618,18581.312000,759,WAYPOINT_TURN_SETTLE,WAYPOINT_TURN_SETTLE,1,-0.395605,0.362179,3.059921,-18.6261,-18.6261,1.1000,12.62,ROT_LEFT,waypoint,18.0223,18.0223,-1.5203,0.0773,3.3574
2026-09-04T19:05:54.800,18581.500000,761,WAYPOINT_TURN_SETTLE,WAYPOINT_TURN_SETTLE,1,-0.396052,0.364181,3.072160,-19.1382,-19.1382,1.1000,12.62,ROT_LEFT,waypoint,18.0223,18.0223,-1.5203,-2.1581,3.3574
2026-09-04T19:05:54.964,18581.671000,763,WAYPOINT_TURN_SETTLE,WAYPOINT_TURN_SETTLE,1,-0.396342,0.363974,3.068114,-18.8350,-18.8350,1.1000,12.62,ROT_LEFT,waypoint,18.0223,18.0223,-1.5203,-1.0602,3.3574
2026-09-04T19:05:55.118,18581.812000,765,WAYPOINT_TURN_SETTLE,WAYPOINT_TURN_SETTLE,1,-0.393376,0.364481,3.084964,-19.6137,-19.6137,1.1000,11.70,ROT_LEFT,waypoint,18.0223,18.0223,-1.5203,-2.0742,3.3574
2026-09-04T19:05:55.272,18581.968000,767,WAYPOINT_TURN_SETTLE,WAYPOINT_TURN_SETTLE,1,-0.398725,0.365225,3.085446,-19.4585,-19.4585,1.1000,11.70,ROT_LEFT,waypoint,18.0223,18.0223,-1.5203,-2.2220,3.3574
2026-09-04T19:05:55.433,18582.125000,769,WAYPOINT_TURN_SETTLE,WAYPOINT_TURN_SETTLE,1,-0.396936,0.361922,3.058504,-19.0376,-19.0376,1.1000,11.70,ROT_LEFT,waypoint,18.0223,18.0223,-1.5203,-1.5527,3.3574
2026-09-04T19:05:55.583,18582.281000,771,WAYPOINT_TURN_SETTLE,WAYPOINT_TURN_SETTLE,1,-0.404708,0.363973,3.064670,-18.1677,-18.1677,1.1000,11.70,ROT_LEFT,waypoint,18.0223,18.0223,-1.5203,0.4167,3.3574
2026-09-04T19:05:55.747,18582.453000,773,WAYPOINT_TURN_SETTLE,WAYPOINT_TURN_SETTLE,1,-0.399019,0.362054,3.047227,-18.4826,-18.4826,1.1000,12.92,ROT_LEFT,waypoint,18.0223,18.0223,-1.5203,-2.7484,3.3574
2026-09-04T19:05:55.957,18582.656000,775,WAYPOINT_TURN_SETTLE,WAYPOINT_TURN_SETTLE,1,-0.400461,0.364753,3.079457,-19.3216,-19.3216,1.1000,12.92,ROT_LEFT,waypoint,18.0223,18.0223,-1.5203,0.4314,3.3574
2026-09-04T19:05:56.124,18582.828000,777,WAYPOINT_TURN_SETTLE,WAYPOINT_TURN_SETTLE,1,-0.404644,0.365574,3.075354,-18.9695,-18.9695,1.1000,12.92,ROT_LEFT,waypoint,18.0223,18.0223,-1.5203,-1.9950,3.3574
2026-09-04T19:05:56.289,18582.984000,779,WAYPOINT_TURN_SETTLE,WAYPOINT_TURN_SETTLE,1,-0.394230,0.364200,3.076021,-19.6629,-19.6629,1.1000,10.89,ROT_LEFT,waypoint,18.0223,18.0223,-1.5203,-1.6240,3.3574
2026-09-04T19:05:56.439,18583.140000,781,WAYPOINT_TURN_SETTLE,WAYPOINT_TURN_SETTLE,1,-0.397032,0.364558,3.081311,-19.8389,-19.8389,1.1000,10.89,ROT_LEFT,waypoint,18.0223,18.0223,-1.5203,-1.5153,3.3574
2026-09-04T19:05:56.597,18583.296000,783,WAYPOINT_TURN_SETTLE,WAYPOINT_TURN_SETTLE,1,-0.404879,0.364705,3.072405,-18.1691,-18.1691,1.1000,10.89,ROT_LEFT,waypoint,18.0223,18.0223,-1.5203,-2.1655,3.3574
2026-09-04T19:05:56.763,18583.468000,785,WAYPOINT_TURN_SETTLE,WAYPOINT_TURN_SETTLE,1,-0.397305,0.365414,3.087732,-19.6531,-19.6531,1.1000,12.92,ROT_LEFT,waypoint,18.0223,18.0223,-1.5203,-2.3500,3.3574
2026-09-04T19:05:56.999,18583.703000,787,WAYPOINT_TURN_SETTLE,WAYPOINT_TURN_SETTLE,1,-0.394518,0.362946,3.076430,-19.5283,-19.5283,1.1000,12.92,ROT_LEFT,waypoint,18.0223,18.0223,-1.5203,-1.1706,3.3574
2026-09-04T19:05:57.166,18583.859000,789,WAYPOINT_TURN_SETTLE,WAYPOINT_TURN_SETTLE,1,-0.393319,0.364639,3.067927,-19.2019,-19.2019,1.1000,12.92,ROT_LEFT,waypoint,18.0223,18.0223,-1.5203,-2.1138,3.3574
2026-09-04T19:05:57.326,18584.031000,791,WAYPOINT_TURN_SETTLE,WAYPOINT_TURN_SETTLE,1,-0.396774,0.365572,3.081009,-19.4878,-19.4878,1.1000,10.51,ROT_LEFT,waypoint,18.0223,18.0223,-1.5203,-1.2566,3.3574
2026-09-04T19:05:57.483,18584.187000,793,WAYPOINT_TURN_SETTLE,WAYPOINT_TURN_SETTLE,1,-0.400316,0.363047,3.063627,-17.5879,-17.5879,1.1000,10.51,ROT_LEFT,waypoint,18.0223,18.0223,-1.5203,-2.5844,3.3574
2026-09-04T19:05:57.634,18584.328000,795,WAYPOINT_TURN_SETTLE,WAYPOINT_TURN_SETTLE,1,-0.399562,0.366092,3.086876,-19.6087,-19.6087,1.1000,10.51,ROT_LEFT,waypoint,18.0223,18.0223,-1.5203,-1.3391,3.3574
2026-09-04T19:05:57.801,18584.500000,797,WAYPOINT_TURN_SETTLE,WAYPOINT_TURN_SETTLE,1,-0.400817,0.362957,3.051937,-16.8404,-16.8404,1.1000,10.51,ROT_LEFT,waypoint,18.0223,18.0223,-1.5203,-2.2743,3.3574
2026-09-04T19:05:57.970,18584.671000,799,WAYPOINT_TURN_SETTLE,WAYPOINT_TURN_SETTLE,1,-0.401260,0.369145,3.119593,-19.7679,-19.7679,1.1000,12.82,ROT_LEFT,waypoint,18.0223,18.0223,-1.5203,-2.0441,3.3574
2026-09-04T19:05:58.130,18584.828000,801,WAYPOINT_TURN_SETTLE,WAYPOINT_TURN_SETTLE,1,-0.396590,0.365001,3.095001,-19.8120,-19.8120,1.1000,12.82,ROT_LEFT,waypoint,18.0223,18.0223,-1.5203,0.1341,3.3574
2026-09-04T19:05:58.285,18584.984000,803,WAYPOINT_TURN_SETTLE,WAYPOINT_TURN_SETTLE,1,-0.394046,0.365735,3.090128,-20.4472,-20.4472,1.1000,12.82,ROT_LEFT,waypoint,18.0223,18.0223,-1.5203,-2.1837,3.3574
2026-09-04T19:05:58.441,18585.140000,805,WAYPOINT_TURN_SETTLE,WAYPOINT_TURN_SETTLE,1,-0.401780,0.361130,3.039037,-17.6142,-17.6142,1.1000,12.47,ROT_LEFT,waypoint,18.0223,18.0223,-1.5203,-2.1591,3.3574
2026-09-04T19:05:58.594,18585.296000,807,STAGING_PLAN,STAGING_PLAN,1,-0.393565,0.367101,3.091006,-19.8509,-19.8509,1.1000,12.47,ROT_LEFT,waypoint,18.0223,18.0223,-1.5203,-0.0066,3.3574
2026-09-04T19:05:58.746,18585.453000,809,STAGING_PLAN,STAGING_PLAN,1,-0.398176,0.365858,3.096340,-19.8178,-19.8178,1.1000,12.47,ROT_LEFT,waypoint,18.0223,18.0223,-1.5203,-0.0066,3.3574
2026-09-04T19:05:58.905,18585.609000,811,STAGING_PLAN,STAGING_PLAN,1,-0.400012,0.364467,3.063417,-19.0841,-19.0841,1.1000,12.47,ROT_LEFT,waypoint,18.0223,18.0223,-1.5203,-0.0066,3.3574
2026-09-04T19:05:59.052,18585.750000,813,STAGING_PLAN,STAGING_PLAN,1,-0.398598,0.359684,3.025281,-15.2008,-15.2008,1.1000,12.76,ROT_LEFT,waypoint,18.0223,18.0223,-1.5203,-0.0066,3.3574
2026-09-04T19:05:59.206,18585.906000,815,STAGING_PLAN,STAGING_PLAN,1,-0.399357,0.363509,3.072027,-19.2702,-19.2702,1.1000,12.76,ROT_LEFT,waypoint,18.0223,18.0223,-1.5203,-0.0066,3.3574
2026-09-04T19:05:59.478,18586.171000,817,WAYPOINT_DRIVE,WAYPOINT_DRIVE,1,-0.397566,0.367893,3.108165,-20.0817,-20.0817,1.1000,9.94,ROT_LEFT,waypoint,18.0223,18.0223,-1.5203,-0.0066,3.3574
2026-09-04T19:05:59.574,18586.281000,818,WAYPOINT_DRIVE_SETTLE,WAYPOINT_DRIVE_SETTLE,1,-0.398376,0.365900,3.077606,-19.7592,-19.7592,1.1000,9.94,ROT_LEFT,waypoint,18.0223,18.0223,-1.5203,-0.0066,3.3574
2026-09-04T19:05:59.743,18586.437000,820,WAYPOINT_DRIVE_SETTLE,WAYPOINT_DRIVE_SETTLE,1,-0.397648,0.363722,3.081670,-19.6175,-19.6175,1.1000,9.94,ROT_LEFT,waypoint,18.0223,18.0223,-1.5203,-0.0066,3.3574
2026-09-04T19:05:59.898,18586.593000,822,WAYPOINT_DRIVE_SETTLE,WAYPOINT_DRIVE_SETTLE,1,-0.402269,0.363859,3.052237,-17.8680,-17.8680,1.1000,9.94,ROT_LEFT,waypoint,18.0223,18.0223,-1.5203,-0.0066,3.3574
2026-09-04T19:06:00.010,18586.703000,823,WAYPOINT_DRIVE_SETTLE,WAYPOINT_DRIVE_SETTLE,1,-0.396520,0.366783,3.085053,-19.7263,-19.7263,1.1000,11.70,ROT_LEFT,waypoint,18.0223,18.0223,-1.5203,-0.0066,3.3574
2026-09-04T19:06:00.105,18586.812000,824,WAYPOINT_DRIVE_SETTLE,WAYPOINT_DRIVE_SETTLE,1,-0.394892,0.367120,3.092558,-20.1606,-20.1606,1.1000,11.70,ROT_LEFT,waypoint,18.0223,18.0223,-1.5203,-0.0066,3.3574
2026-09-04T19:06:00.278,18586.984000,826,WAYPOINT_DRIVE_SETTLE,WAYPOINT_DRIVE_SETTLE,1,-0.400435,0.366244,3.095319,-19.0960,-19.0960,1.1000,11.70,ROT_LEFT,waypoint,18.0223,18.0223,-1.5203,-0.0066,3.3574
2026-09-04T19:06:00.440,18587.140000,828,WAYPOINT_DRIVE_SETTLE,WAYPOINT_DRIVE_SETTLE,1,-0.401801,0.363934,3.058441,-18.0242,-18.0242,1.1000,11.70,ROT_LEFT,waypoint,18.0223,18.0223,-1.5203,-0.0066,3.3574
2026-09-04T19:06:00.612,18587.312000,830,WAYPOINT_DRIVE_SETTLE,WAYPOINT_DRIVE_SETTLE,1,-0.399789,0.366968,3.103386,-19.5180,-19.5180,1.1000,11.32,ROT_LEFT,waypoint,18.0223,18.0223,-1.5203,-0.0066,3.3574
2026-09-04T19:06:00.772,18587.468000,832,WAYPOINT_DRIVE_SETTLE,WAYPOINT_DRIVE_SETTLE,1,-0.396753,0.364759,3.072056,-18.9666,-18.9666,1.1000,11.32,ROT_LEFT,waypoint,18.0223,18.0223,-1.5203,-0.0066,3.3574
2026-09-04T19:06:00.921,18587.625000,834,WAYPOINT_DRIVE_SETTLE,WAYPOINT_DRIVE_SETTLE,1,-0.387827,0.369585,3.117374,-21.0289,-21.0289,1.1000,11.32,ROT_LEFT,waypoint,18.0223,18.0223,-1.5203,-0.0066,3.3574
2026-09-04T19:06:01.081,18587.781000,836,WAYPOINT_DRIVE_SETTLE,WAYPOINT_DRIVE_SETTLE,1,-0.391208,0.366488,3.100248,-20.6449,-20.6449,1.1000,12.55,ROT_LEFT,waypoint,18.0223,18.0223,-1.5203,-0.0066,3.3574
2026-09-04T19:06:01.247,18587.953000,838,WAYPOINT_DRIVE_SETTLE,WAYPOINT_DRIVE_SETTLE,1,-0.395117,0.366862,3.091897,-20.1607,-20.1607,1.1000,12.55,ROT_LEFT,waypoint,18.0223,18.0223,-1.5203,-0.0066,3.3574
2026-09-04T19:06:01.400,18588.093000,840,WAYPOINT_DRIVE_SETTLE,WAYPOINT_DRIVE_SETTLE,1,-0.385731,0.368015,3.106301,-20.8898,-20.8898,1.1000,12.55,ROT_LEFT,waypoint,18.0223,18.0223,-1.5203,-0.0066,3.3574
2026-09-04T19:06:01.568,18588.265000,842,WAYPOINT_DRIVE_SETTLE,WAYPOINT_DRIVE_SETTLE,1,-0.397059,0.362481,3.043278,-18.2404,-18.2404,1.1000,12.55,ROT_LEFT,waypoint,18.0223,18.0223,-1.5203,-0.0066,3.3574
2026-09-04T19:06:01.736,18588.437000,844,WAYPOINT_DRIVE_SETTLE,WAYPOINT_DRIVE_SETTLE,1,-0.399259,0.363383,3.054350,-18.3851,-18.3851,1.1000,12.35,ROT_LEFT,waypoint,18.0223,18.0223,-1.5203,-0.0066,3.3574
2026-09-04T19:06:01.887,18588.593000,846,WAYPOINT_DRIVE_SETTLE,WAYPOINT_DRIVE_SETTLE,1,-0.391574,0.361698,3.041977,-18.3905,-18.3905,1.1000,12.35,ROT_LEFT,waypoint,18.0223,18.0223,-1.5203,-0.0066,3.3574
2026-09-04T19:06:02.047,18588.750000,848,WAYPOINT_DRIVE_SETTLE,WAYPOINT_DRIVE_SETTLE,1,-0.403973,0.363172,3.080260,-18.4830,-18.4830,1.1000,12.35,ROT_LEFT,waypoint,18.0223,18.0223,-1.5203,-0.0066,3.3574
2026-09-04T19:06:02.193,18588.890000,850,WAYPOINT_DRIVE_SETTLE,WAYPOINT_DRIVE_SETTLE,1,-0.396679,0.358388,3.022733,-15.3388,-15.3388,1.1000,12.67,ROT_LEFT,waypoint,18.0223,18.0223,-1.5203,-0.0066,3.3574
2026-09-04T19:06:02.367,18589.062000,852,WAYPOINT_DRIVE_SETTLE,WAYPOINT_DRIVE_SETTLE,1,-0.399080,0.365890,3.088907,-18.8917,-18.8917,1.1000,12.67,ROT_LEFT,waypoint,18.0223,18.0223,-1.5203,-0.0066,3.3574
2026-09-04T19:06:02.528,18589.234000,854,WAYPOINT_DRIVE_SETTLE,WAYPOINT_DRIVE_SETTLE,1,-0.397409,0.365010,3.074278,-19.3630,-19.3630,1.1000,12.67,ROT_LEFT,waypoint,18.0223,18.0223,-1.5203,-0.0066,3.3574
2026-09-04T19:06:02.685,18589.390000,856,WAYPOINT_DRIVE_SETTLE,WAYPOINT_DRIVE_SETTLE,1,-0.396106,0.363142,3.046214,-16.9143,-16.9143,1.1000,12.67,ROT_LEFT,waypoint,18.0223,18.0223,-1.5203,-0.0066,3.3574
2026-09-04T19:06:02.802,18589.500000,857,WAYPOINT_DRIVE_SETTLE,WAYPOINT_DRIVE_SETTLE,1,-0.397846,0.367090,3.095253,-19.7795,-19.7795,1.1000,11.90,ROT_LEFT,waypoint,18.0223,18.0223,-1.5203,-0.0066,3.3574
2026-09-04T19:06:02.955,18589.656000,859,WAYPOINT_DRIVE_SETTLE,WAYPOINT_DRIVE_SETTLE,1,-0.400098,0.362497,3.071465,-18.7803,-18.7803,1.1000,11.90,ROT_LEFT,waypoint,18.0223,18.0223,-1.5203,-0.0066,3.3574
2026-09-04T19:06:03.120,18589.812000,861,WAYPOINT_DRIVE_SETTLE,WAYPOINT_DRIVE_SETTLE,1,-0.392361,0.367189,3.112368,-20.6334,-20.6334,1.1000,11.90,ROT_LEFT,waypoint,18.0223,18.0223,-1.5203,-0.0066,3.3574
2026-09-04T19:06:03.275,18589.968000,863,WAYPOINT_DRIVE_SETTLE,WAYPOINT_DRIVE_SETTLE,1,-0.397575,0.365200,3.088060,-19.6084,-19.6084,1.1000,11.90,ROT_LEFT,waypoint,18.0223,18.0223,-1.5203,-0.0066,3.3574
2026-09-04T19:06:03.442,18590.140000,865,WAYPOINT_DRIVE_SETTLE,WAYPOINT_DRIVE_SETTLE,1,-0.399771,0.360978,3.048558,-16.8351,-16.8351,1.1000,12.33,ROT_LEFT,waypoint,18.0223,18.0223,-1.5203,-0.0066,3.3574
2026-09-04T19:06:03.605,18590.312000,867,WAYPOINT_DRIVE_SETTLE,WAYPOINT_DRIVE_SETTLE,1,-0.399888,0.364688,3.071241,-18.8889,-18.8889,1.1000,12.33,ROT_LEFT,waypoint,18.0223,18.0223,-1.5203,-0.0066,3.3574
2026-09-04T19:06:03.779,18590.484000,869,WAYPOINT_DRIVE_SETTLE,WAYPOINT_DRIVE_SETTLE,1,-0.396731,0.360339,3.047691,-18.5540,-18.5540,1.1000,12.33,ROT_LEFT,waypoint,18.0223,18.0223,-1.5203,-0.0066,3.3574
2026-09-04T19:06:03.937,18590.640000,871,WAYPOINT_DRIVE_SETTLE,WAYPOINT_DRIVE_SETTLE,1,-0.395124,0.362812,3.057353,-18.3395,-18.3395,1.1000,12.17,ROT_LEFT,waypoint,18.0223,18.0223,-1.5203,-0.0066,3.3574
2026-09-04T19:06:04.120,18590.812000,873,WAYPOINT_DRIVE_SETTLE,WAYPOINT_DRIVE_SETTLE,1,-0.399444,0.363862,3.093930,-18.8301,-18.8301,1.1000,12.17,ROT_LEFT,waypoint,18.0223,18.0223,-1.5203,-0.0066,3.3574
2026-09-04T19:06:04.288,18590.984000,875,WAYPOINT_DRIVE_SETTLE,WAYPOINT_DRIVE_SETTLE,1,-0.399509,0.368923,3.117624,-19.9433,-19.9433,1.1000,12.17,ROT_LEFT,waypoint,18.0223,18.0223,-1.5203,-0.0066,3.3574
2026-09-04T19:06:04.430,18591.125000,877,WAYPOINT_DRIVE_SETTLE,WAYPOINT_DRIVE_SETTLE,1,-0.400246,0.360504,3.024207,-16.6809,-16.6809,1.1000,12.17,ROT_LEFT,waypoint,18.0223,18.0223,-1.5203,-0.0066,3.3574
2026-09-04T19:06:04.608,18591.312000,879,WAYPOINT_DRIVE_SETTLE,WAYPOINT_DRIVE_SETTLE,1,-0.400150,0.363427,3.061754,-18.8109,-18.8109,1.1000,12.03,ROT_LEFT,waypoint,18.0223,18.0223,-1.5203,-0.0066,3.3574
2026-09-04T19:06:04.779,18591.484000,881,WAYPOINT_DRIVE_SETTLE,WAYPOINT_DRIVE_SETTLE,1,-0.396004,0.365704,3.090329,-20.1793,-20.1793,1.1000,12.03,ROT_LEFT,waypoint,18.0223,18.0223,-1.5203,-0.0066,3.3574
2026-09-04T19:06:04.943,18591.640000,883,WAYPOINT_DRIVE_SETTLE,WAYPOINT_DRIVE_SETTLE,1,-0.400377,0.363105,3.053612,-17.8881,-17.8881,1.1000,12.03,ROT_LEFT,waypoint,18.0223,18.0223,-1.5203,-0.0066,3.3574
2026-09-04T19:06:05.049,18591.750000,884,WAYPOINT_DRIVE_SETTLE,WAYPOINT_DRIVE_SETTLE,1,-0.399659,0.365495,3.065754,-18.6108,-18.6108,1.1000,11.49,ROT_LEFT,waypoint,18.0223,18.0223,-1.5203,-0.0066,3.3574
2026-09-04T19:06:05.219,18591.921000,886,WAYPOINT_DRIVE_SETTLE,WAYPOINT_DRIVE_SETTLE,1,-0.395337,0.362382,3.053497,-18.7603,-18.7603,1.1000,11.49,ROT_LEFT,waypoint,18.0223,18.0223,-1.5203,-0.0066,3.3574
2026-09-04T19:06:05.370,18592.062000,888,WAYPOINT_DRIVE_SETTLE,WAYPOINT_DRIVE_SETTLE,1,-0.396998,0.363059,3.047970,-18.5969,-18.5969,1.1000,11.49,ROT_LEFT,waypoint,18.0223,18.0223,-1.5203,-0.0066,3.3574
2026-09-04T19:06:05.509,18592.203000,890,FAILED,FAILED,0,,,,,,,11.49,ROT_LEFT,waypoint,18.0223,18.0223,-1.5203,-0.0066,3.3574
2026-09-04T19:06:05.635,18592.328000,892,FAILED,FAILED,0,,,,,,,12.65,ROT_LEFT,waypoint,18.0223,18.0223,-1.5203,-0.0066,3.3574
2026-09-04T19:06:05.751,18592.453000,894,FAILED,FAILED,0,,,,,,,12.65,ROT_LEFT,waypoint,18.0223,18.0223,-1.5203,-0.0066,3.3574
2026-09-04T19:06:05.869,18592.562000,896,FAILED,FAILED,0,,,,,,,12.65,ROT_LEFT,waypoint,18.0223,18.0223,-1.5203,-0.0066,3.3574
2026-09-04T19:06:06.072,18592.765000,898,FAILED,FAILED,0,,,,,,,12.65,ROT_LEFT,waypoint,18.0223,18.0223,-1.5203,-0.0066,3.3574
2026-09-04T19:06:06.198,18592.890000,900,FAILED,FAILED,0,,,,,,,14.30,ROT_LEFT,waypoint,18.0223,18.0223,-1.5203,-0.0066,3.3574
2026-09-04T19:06:06.328,18593.031000,902,FAILED,FAILED,0,,,,,,,14.30,ROT_LEFT,waypoint,18.0223,18.0223,-1.5203,-0.0066,3.3574
2026-09-04T19:06:06.465,18593.171000,904,FAILED,FAILED,0,,,,,,,14.30,ROT_LEFT,waypoint,18.0223,18.0223,-1.5203,-0.0066,3.3574
2026-09-04T19:06:06.594,18593.296000,906,FAILED,FAILED,0,,,,,,,14.30,ROT_LEFT,waypoint,18.0223,18.0223,-1.5203,-0.0066,3.3574
2026-09-04T19:06:06.738,18593.437000,908,FAILED,FAILED,0,,,,,,,14.78,ROT_LEFT,waypoint,18.0223,18.0223,-1.5203,-0.0066,3.3574
2026-09-04T19:06:06.852,18593.546000,910,FAILED,FAILED,0,,,,,,,14.78,ROT_LEFT,waypoint,18.0223,18.0223,-1.5203,-0.0066,3.3574
2026-09-04T19:06:06.980,18593.671000,912,FAILED,FAILED,0,,,,,,,14.78,ROT_LEFT,waypoint,18.0223,18.0223,-1.5203,-0.0066,3.3574
2026-09-04T19:06:07.121,18593.828000,914,FAILED,FAILED,0,,,,,,,14.78,ROT_LEFT,waypoint,18.0223,18.0223,-1.5203,-0.0066,3.3574
2026-09-04T19:06:07.234,18593.937000,916,FAILED,FAILED,0,,,,,,,16.02,ROT_LEFT,waypoint,18.0223,18.0223,-1.5203,-0.0066,3.3574
2026-09-04T19:06:07.349,18594.046000,918,FAILED,FAILED,0,,,,,,,16.02,ROT_LEFT,waypoint,18.0223,18.0223,-1.5203,-0.0066,3.3574
2026-09-04T19:06:07.473,18594.171000,920,FAILED,FAILED,0,,,,,,,16.02,ROT_LEFT,waypoint,18.0223,18.0223,-1.5203,-0.0066,3.3574
2026-09-04T19:06:07.589,18594.281000,922,FAILED,FAILED,0,,,,,,,16.02,ROT_LEFT,waypoint,18.0223,18.0223,-1.5203,-0.0066,3.3574
2026-09-04T19:06:07.704,18594.406000,924,FAILED,FAILED,0,,,,,,,16.02,ROT_LEFT,waypoint,18.0223,18.0223,-1.5203,-0.0066,3.3574
2026-09-04T19:06:07.865,18594.562000,926,FAILED,FAILED,0,,,,,,,16.12,ROT_LEFT,waypoint,18.0223,18.0223,-1.5203,-0.0066,3.3574
2026-09-04T19:06:07.978,18594.671000,928,FAILED,FAILED,0,,,,,,,16.12,ROT_LEFT,waypoint,18.0223,18.0223,-1.5203,-0.0066,3.3574
2026-09-04T19:06:08.130,18594.828000,930,FAILED,FAILED,0,,,,,,,16.12,ROT_LEFT,waypoint,18.0223,18.0223,-1.5203,-0.0066,3.3574
2026-09-04T19:06:08.240,18594.937000,932,FAILED,FAILED,0,,,,,,,16.12,ROT_LEFT,waypoint,18.0223,18.0223,-1.5203,-0.0066,3.3574
2026-09-04T19:06:08.361,18595.062000,934,FAILED,FAILED,0,,,,,,,15.94,ROT_LEFT,waypoint,18.0223,18.0223,-1.5203,-0.0066,3.3574
2026-09-04T19:06:08.478,18595.171000,936,FAILED,FAILED,0,,,,,,,15.94,ROT_LEFT,waypoint,18.0223,18.0223,-1.5203,-0.0066,3.3574
2026-09-04T19:06:08.592,18595.296000,938,FAILED,FAILED,0,,,,,,,15.94,ROT_LEFT,waypoint,18.0223,18.0223,-1.5203,-0.0066,3.3574
2026-09-04T19:06:08.711,18595.406000,940,FAILED,FAILED,0,,,,,,,15.94,ROT_LEFT,waypoint,18.0223,18.0223,-1.5203,-0.0066,3.3574
2026-09-04T19:06:08.826,18595.531000,942,FAILED,FAILED,0,,,,,,,15.94,ROT_LEFT,waypoint,18.0223,18.0223,-1.5203,-0.0066,3.3574
2026-09-04T19:06:08.950,18595.656000,944,FAILED,FAILED,0,,,,,,,17.26,ROT_LEFT,waypoint,18.0223,18.0223,-1.5203,-0.0066,3.3574
2026-09-04T19:06:09.093,18595.796000,946,FAILED,FAILED,0,,,,,,,17.26,ROT_LEFT,waypoint,18.0223,18.0223,-1.5203,-0.0066,3.3574
2026-09-04T19:06:09.215,18595.921000,948,FAILED,FAILED,0,,,,,,,17.26,ROT_LEFT,waypoint,18.0223,18.0223,-1.5203,-0.0066,3.3574
2026-09-04T19:06:09.331,18596.031000,950,FAILED,FAILED,0,,,,,,,17.26,ROT_LEFT,waypoint,18.0223,18.0223,-1.5203,-0.0066,3.3574
2026-09-04T19:06:09.443,18596.140000,952,FAILED,FAILED,0,,,,,,,15.89,ROT_LEFT,waypoint,18.0223,18.0223,-1.5203,-0.0066,3.3574
2026-09-04T19:06:09.565,18596.265000,954,FAILED,FAILED,0,,,,,,,15.89,ROT_LEFT,waypoint,18.0223,18.0223,-1.5203,-0.0066,3.3574
2026-09-04T19:06:09.680,18596.375000,956,FAILED,FAILED,0,,,,,,,15.89,ROT_LEFT,waypoint,18.0223,18.0223,-1.5203,-0.0066,3.3574
2026-09-04T19:06:09.801,18596.500000,958,FAILED,FAILED,0,,,,,,,15.89,ROT_LEFT,waypoint,18.0223,18.0223,-1.5203,-0.0066,3.3574
2026-09-04T19:06:09.916,18596.609000,960,FAILED,FAILED,0,,,,,,,17.18,ROT_LEFT,waypoint,18.0223,18.0223,-1.5203,-0.0066,3.3574
2026-09-04T19:06:10.102,18596.796000,962,FAILED,FAILED,0,,,,,,,17.18,ROT_LEFT,waypoint,18.0223,18.0223,-1.5203,-0.0066,3.3574
2026-09-04T19:06:10.251,18596.953000,964,FAILED,FAILED,0,,,,,,,17.18,ROT_LEFT,waypoint,18.0223,18.0223,-1.5203,-0.0066,3.3574
2026-09-04T19:06:10.365,18597.062000,966,FAILED,FAILED,0,,,,,,,17.18,ROT_LEFT,waypoint,18.0223,18.0223,-1.5203,-0.0066,3.3574
2026-09-04T19:06:10.499,18597.203000,968,FAILED,FAILED,0,,,,,,,13.30,ROT_LEFT,waypoint,18.0223,18.0223,-1.5203,-0.0066,3.3574
2026-09-04T19:06:10.616,18597.312000,970,FAILED,FAILED,0,,,,,,,13.30,ROT_LEFT,waypoint,18.0223,18.0223,-1.5203,-0.0066,3.3574
2026-09-04T19:06:10.733,18597.437000,972,FAILED,FAILED,0,,,,,,,13.30,ROT_LEFT,waypoint,18.0223,18.0223,-1.5203,-0.0066,3.3574
2026-09-04T19:06:10.867,18597.562000,974,FAILED,FAILED,0,,,,,,,13.30,ROT_LEFT,waypoint,18.0223,18.0223,-1.5203,-0.0066,3.3574
2026-09-04T19:06:10.986,18597.687000,976,FAILED,FAILED,0,,,,,,,16.23,ROT_LEFT,waypoint,18.0223,18.0223,-1.5203,-0.0066,3.3574
2026-09-04T19:06:11.101,18597.796000,977,FAILED,FAILED,0,,,,,,,16.23,ROT_LEFT,waypoint,18.0223,18.0223,-1.5203,-0.0066,3.3574
2026-09-04T19:06:11.226,18597.921000,979,FAILED,FAILED,0,,,,,,,16.23,ROT_LEFT,waypoint,18.0223,18.0223,-1.5203,-0.0066,3.3574
2026-09-04T19:06:11.336,18598.031000,981,FAILED,FAILED,0,,,,,,,16.23,ROT_LEFT,waypoint,18.0223,18.0223,-1.5203,-0.0066,3.3574
2026-09-04T19:06:11.469,18598.171000,983,FAILED,FAILED,0,,,,,,,16.23,ROT_LEFT,waypoint,18.0223,18.0223,-1.5203,-0.0066,3.3574
2026-09-04T19:06:11.603,18598.296000,985,FAILED,FAILED,0,,,,,,,15.11,ROT_LEFT,waypoint,18.0223,18.0223,-1.5203,-0.0066,3.3574
2026-09-04T19:06:11.719,18598.421000,987,FAILED,FAILED,0,,,,,,,15.11,ROT_LEFT,waypoint,18.0223,18.0223,-1.5203,-0.0066,3.3574
2026-09-04T19:06:11.843,18598.546000,989,FAILED,FAILED,0,,,,,,,15.11,ROT_LEFT,waypoint,18.0223,18.0223,-1.5203,-0.0066,3.3574
2026-09-04T19:06:11.950,18598.656000,991,FAILED,FAILED,0,,,,,,,15.11,ROT_LEFT,waypoint,18.0223,18.0223,-1.5203,-0.0066,3.3574
2026-09-04T19:06:12.095,18598.796000,993,FAILED,FAILED,0,,,,,,,15.55,ROT_LEFT,waypoint,18.0223,18.0223,-1.5203,-0.0066,3.3574
2026-09-04T19:06:12.229,18598.921000,995,FAILED,FAILED,0,,,,,,,15.55,ROT_LEFT,waypoint,18.0223,18.0223,-1.5203,-0.0066,3.3574
2026-09-04T19:06:12.339,18599.046000,997,FAILED,FAILED,0,,,,,,,15.55,ROT_LEFT,waypoint,18.0223,18.0223,-1.5203,-0.0066,3.3574
2026-09-04T19:06:12.474,18599.171000,999,FAILED,FAILED,0,,,,,,,15.55,ROT_LEFT,waypoint,18.0223,18.0223,-1.5203,-0.0066,3.3574
2026-09-04T19:06:12.607,18599.312000,1001,FAILED,FAILED,0,,,,,,,15.91,ROT_LEFT,waypoint,18.0223,18.0223,-1.5203,-0.0066,3.3574
2026-09-04T19:06:12.724,18599.421000,1003,FAILED,FAILED,0,,,,,,,15.91,ROT_LEFT,waypoint,18.0223,18.0223,-1.5203,-0.0066,3.3574
2026-09-04T19:06:12.846,18599.546000,1005,FAILED,FAILED,0,,,,,,,15.91,ROT_LEFT,waypoint,18.0223,18.0223,-1.5203,-0.0066,3.3574
2026-09-04T19:06:12.963,18599.656000,1007,FAILED,FAILED,0,,,,,,,15.91,ROT_LEFT,waypoint,18.0223,18.0223,-1.5203,-0.0066,3.3574
2026-09-04T19:06:13.099,18599.796000,1009,FAILED,FAILED,0,,,,,,,15.91,ROT_LEFT,waypoint,18.0223,18.0223,-1.5203,-0.0066,3.3574
2026-09-04T19:06:13.209,18599.906000,1011,FAILED,FAILED,0,,,,,,,16.53,ROT_LEFT,waypoint,18.0223,18.0223,-1.5203,-0.0066,3.3574
2026-09-04T19:06:13.331,18600.031000,1013,FAILED,FAILED,0,,,,,,,16.53,ROT_LEFT,waypoint,18.0223,18.0223,-1.5203,-0.0066,3.3574
2026-09-04T19:06:13.444,18600.140000,1015,FAILED,FAILED,0,,,,,,,16.53,ROT_LEFT,waypoint,18.0223,18.0223,-1.5203,-0.0066,3.3574
2026-09-04T19:06:13.557,18600.250000,1017,FAILED,FAILED,0,,,,,,,16.53,ROT_LEFT,waypoint,18.0223,18.0223,-1.5203,-0.0066,3.3574
2026-09-04T19:06:13.677,18600.375000,1019,FAILED,FAILED,0,,,,,,,17.21,ROT_LEFT,waypoint,18.0223,18.0223,-1.5203,-0.0066,3.3574
2026-09-04T19:06:13.791,18600.484000,1021,FAILED,FAILED,0,,,,,,,17.21,ROT_LEFT,waypoint,18.0223,18.0223,-1.5203,-0.0066,3.3574
2026-09-04T19:06:13.905,18600.609000,1023,FAILED,FAILED,0,,,,,,,17.21,ROT_LEFT,waypoint,18.0223,18.0223,-1.5203,-0.0066,3.3574
2026-09-04T19:06:14.030,18600.734000,1025,FAILED,FAILED,0,,,,,,,17.21,ROT_LEFT,waypoint,18.0223,18.0223,-1.5203,-0.0066,3.3574
2026-09-04T19:06:14.137,18600.843000,1026,FAILED,FAILED,0,,,,,,,17.21,ROT_LEFT,waypoint,18.0223,18.0223,-1.5203,-0.0066,3.3574
2026-09-04T19:06:14.260,18600.953000,1028,FAILED,FAILED,0,,,,,,,14.99,ROT_LEFT,waypoint,18.0223,18.0223,-1.5203,-0.0066,3.3574
2026-09-04T19:06:14.381,18601.078000,1030,FAILED,FAILED,0,,,,,,,14.99,ROT_LEFT,waypoint,18.0223,18.0223,-1.5203,-0.0066,3.3574
2026-09-04T19:06:14.502,18601.203000,1032,FAILED,FAILED,0,,,,,,,14.99,ROT_LEFT,waypoint,18.0223,18.0223,-1.5203,-0.0066,3.3574
2026-09-04T19:06:14.636,18601.328000,1034,FAILED,FAILED,0,,,,,,,14.99,ROT_LEFT,waypoint,18.0223,18.0223,-1.5203,-0.0066,3.3574
2026-09-04T19:06:14.783,18601.484000,1036,FAILED,FAILED,0,,,,,,,15.57,ROT_LEFT,waypoint,18.0223,18.0223,-1.5203,-0.0066,3.3574
2026-09-04T19:06:14.916,18601.609000,1038,FAILED,FAILED,0,,,,,,,15.57,ROT_LEFT,waypoint,18.0223,18.0223,-1.5203,-0.0066,3.3574
2026-09-04T19:06:15.036,18601.734000,1040,FAILED,FAILED,0,,,,,,,15.57,ROT_LEFT,waypoint,18.0223,18.0223,-1.5203,-0.0066,3.3574
2026-09-04T19:06:15.141,18601.843000,1041,FAILED,FAILED,0,,,,,,,15.57,ROT_LEFT,waypoint,18.0223,18.0223,-1.5203,-0.0066,3.3574
2026-09-04T19:06:15.263,18601.968000,1043,FAILED,FAILED,0,,,,,,,15.57,ROT_LEFT,waypoint,18.0223,18.0223,-1.5203,-0.0066,3.3574
2026-09-04T19:06:15.385,18602.078000,1045,FAILED,FAILED,0,,,,,,,14.61,ROT_LEFT,waypoint,18.0223,18.0223,-1.5203,-0.0066,3.3574
2026-09-04T19:06:15.521,18602.218000,1047,FAILED,FAILED,0,,,,,,,14.61,ROT_LEFT,waypoint,18.0223,18.0223,-1.5203,-0.0066,3.3574
2026-09-04T19:06:15.628,18602.328000,1049,FAILED,FAILED,0,,,,,,,14.61,ROT_LEFT,waypoint,18.0223,18.0223,-1.5203,-0.0066,3.3574
2026-09-04T19:06:15.769,18602.468000,1051,FAILED,FAILED,0,,,,,,,14.61,ROT_LEFT,waypoint,18.0223,18.0223,-1.5203,-0.0066,3.3574
2026-09-04T19:06:15.904,18602.609000,1053,FAILED,FAILED,0,,,,,,,15.45,ROT_LEFT,waypoint,18.0223,18.0223,-1.5203,-0.0066,3.3574
2026-09-04T19:06:16.025,18602.718000,1055,FAILED,FAILED,0,,,,,,,15.45,ROT_LEFT,waypoint,18.0223,18.0223,-1.5203,-0.0066,3.3574
2026-09-04T19:06:16.139,18602.843000,1056,FAILED,FAILED,0,,,,,,,15.45,ROT_LEFT,waypoint,18.0223,18.0223,-1.5203,-0.0066,3.3574
2026-09-04T19:06:16.255,18602.953000,1058,FAILED,FAILED,0,,,,,,,15.45,ROT_LEFT,waypoint,18.0223,18.0223,-1.5203,-0.0066,3.3574
2026-09-04T19:06:16.376,18603.078000,1060,FAILED,FAILED,0,,,,,,,14.97,ROT_LEFT,waypoint,18.0223,18.0223,-1.5203,-0.0066,3.3574
2026-09-04T19:06:16.505,18603.203000,1062,FAILED,FAILED,0,,,,,,,14.97,ROT_LEFT,waypoint,18.0223,18.0223,-1.5203,-0.0066,3.3574
2026-09-04T19:06:16.626,18603.328000,1064,FAILED,FAILED,0,,,,,,,14.97,ROT_LEFT,waypoint,18.0223,18.0223,-1.5203,-0.0066,3.3574
2026-09-04T19:06:16.732,18603.437000,1066,FAILED,FAILED,0,,,,,,,14.97,ROT_LEFT,waypoint,18.0223,18.0223,-1.5203,-0.0066,3.3574
2026-09-04T19:06:16.860,18603.562000,1068,FAILED,FAILED,0,,,,,,,14.97,ROT_LEFT,waypoint,18.0223,18.0223,-1.5203,-0.0066,3.3574
2026-09-04T19:06:16.977,18603.671000,1070,FAILED,FAILED,0,,,,,,,16.74,ROT_LEFT,waypoint,18.0223,18.0223,-1.5203,-0.0066,3.3574
2026-09-04T19:06:17.174,18603.875000,1072,FAILED,FAILED,0,,,,,,,16.74,ROT_LEFT,waypoint,18.0223,18.0223,-1.5203,-0.0066,3.3574
2026-09-04T19:06:17.307,18604.000000,1074,FAILED,FAILED,0,,,,,,,16.74,ROT_LEFT,waypoint,18.0223,18.0223,-1.5203,-0.0066,3.3574
2026-09-04T19:06:17.429,18604.125000,1076,FAILED,FAILED,0,,,,,,,13.59,ROT_LEFT,waypoint,18.0223,18.0223,-1.5203,-0.0066,3.3574
2026-09-04T19:06:17.590,18604.296000,1078,FAILED,FAILED,0,,,,,,,13.59,ROT_LEFT,waypoint,18.0223,18.0223,-1.5203,-0.0066,3.3574
2026-09-04T19:06:17.723,18604.421000,1080,FAILED,FAILED,0,,,,,,,13.59,ROT_LEFT,waypoint,18.0223,18.0223,-1.5203,-0.0066,3.3574
2026-09-04T19:06:17.879,18604.578000,1082,FAILED,FAILED,0,,,,,,,13.59,ROT_LEFT,waypoint,18.0223,18.0223,-1.5203,-0.0066,3.3574
2026-09-04T19:06:18.023,18604.718000,1084,FAILED,FAILED,0,,,,,,,13.37,ROT_LEFT,waypoint,18.0223,18.0223,-1.5203,-0.0066,3.3574
2026-09-04T19:06:18.164,18604.859000,1086,FAILED,FAILED,0,,,,,,,13.37,ROT_LEFT,waypoint,18.0223,18.0223,-1.5203,-0.0066,3.3574
2026-09-04T19:06:18.295,18605.000000,1088,FAILED,FAILED,0,,,,,,,13.37,ROT_LEFT,waypoint,18.0223,18.0223,-1.5203,-0.0066,3.3574
2026-09-04T19:06:18.430,18605.125000,1090,FAILED,FAILED,0,,,,,,,13.37,ROT_LEFT,waypoint,18.0223,18.0223,-1.5203,-0.0066,3.3574
