t_iso,frame_i,fsm_state,align_sub,camera_frame_number,camera_frame_delta,camera_sensor_timestamp_ms,camera_sensor_interval_ms,camera_timestamp_domain,camera_input_host_mono_ms,camera_input_interval_ms,inference_ran,inference_start_host_mono_ms,inference_end_host_mono_ms,model_inference_ms,input_to_inference_end_ms,pose_result_host_mono_ms,input_to_pose_result_ms,model_det_ok,pnp_ok,pose_src,pose_n_used,pose_rms_px,yaw_deg,pos_x_m,pos_z_m,center_bearing_deg
2026-09-04T10:25:07.072,1,PRECHECK,PRECHECK,1,,1788485106098.337,,timestamp_domain.system_time,644781.000,,1,644781.000,645734.000,953.000,953.000,645734.000,953.000,0,0,,,,,,,
2026-09-04T10:25:07.285,2,SEARCH_SWEEP,SEARCH_SWEEP,35,34,1788485107233.034,1134.697,timestamp_domain.system_time,645906.000,1125.000,1,645906.000,645937.000,31.000,31.000,645937.000,31.000,1,1,pnp_visible_ransac,9,1.507,-20.8177,-0.564812,3.950844,-8.1359
2026-09-04T10:25:07.416,3,ACQUIRE_VERIFY,ACQUIRE_VERIFY,39,4,1788485107365.879,132.845,timestamp_domain.system_time,646046.000,140.000,1,646046.000,646078.000,32.000,32.000,646078.000,32.000,1,1,pnp_visible_ransac,9,1.472,-20.8339,-0.563183,3.929584,-8.1560
2026-09-04T10:25:07.580,4,ACQUIRE_VERIFY,ACQUIRE_VERIFY,40,1,1788485107399.627,33.748,timestamp_domain.system_time,646171.000,125.000,1,646171.000,646218.000,47.000,47.000,646234.000,63.000,1,1,pnp_visible_ransac,9,1.266,-20.4235,-0.562402,3.918939,-8.1667
2026-09-04T10:25:07.711,5,ACQUIRE_VERIFY,ACQUIRE_VERIFY,47,7,1788485107632.294,232.667,timestamp_domain.system_time,646328.000,157.000,1,646328.000,646359.000,31.000,31.000,646375.000,47.000,1,1,pnp_visible_ransac,9,1.251,-20.0356,-0.561629,3.909588,-8.1749
2026-09-04T10:25:07.813,6,ACQUIRE_VERIFY,ACQUIRE_VERIFY,50,3,1788485107732.440,100.146,timestamp_domain.system_time,646421.000,93.000,1,646421.000,646468.000,47.000,47.000,646468.000,47.000,0,0,,,,,,,
2026-09-04T10:25:07.898,7,ACQUIRE_VERIFY,ACQUIRE_VERIFY,53,3,1788485107832.667,100.227,timestamp_domain.system_time,646531.000,110.000,1,646531.000,646562.000,31.000,31.000,646562.000,31.000,0,0,,,,,,,
2026-09-04T10:25:07.998,8,ACQUIRE_VERIFY,ACQUIRE_VERIFY,56,3,1788485107932.682,100.015,timestamp_domain.system_time,646625.000,94.000,1,646625.000,646656.000,31.000,31.000,646656.000,31.000,1,1,pnp_visible_ransac,9,1.290,-20.2578,-0.559619,3.907797,-8.1497
2026-09-04T10:25:08.085,9,ACQUIRE_VERIFY,ACQUIRE_VERIFY,59,3,1788485108032.539,99.857,timestamp_domain.system_time,646703.000,78.000,1,646718.000,646750.000,32.000,47.000,646750.000,47.000,0,0,,,,,,,
2026-09-04T10:25:08.172,10,ACQUIRE_VERIFY,ACQUIRE_VERIFY,62,3,1788485108132.696,100.156,timestamp_domain.system_time,646796.000,93.000,1,646796.000,646828.000,32.000,32.000,646828.000,32.000,1,1,pnp_visible_ransac,9,1.424,-20.1996,-0.562161,3.918237,-8.1647
2026-09-04T10:25:08.266,11,ACQUIRE_VERIFY,ACQUIRE_VERIFY,64,2,1788485108199.417,66.722,timestamp_domain.system_time,646890.000,94.000,1,646890.000,646921.000,31.000,31.000,646921.000,31.000,1,1,pnp_visible_ransac,9,1.250,-20.3341,-0.556979,3.901301,-8.1251
2026-09-04T10:25:08.373,12,ACQUIRE_VERIFY,ACQUIRE_VERIFY,67,3,1788485108299.548,100.131,timestamp_domain.system_time,646984.000,94.000,1,646984.000,647031.000,47.000,47.000,647031.000,47.000,1,1,pnp_visible_ransac,9,1.208,-20.0866,-0.559749,3.912481,-8.1419
2026-09-04T10:25:08.472,13,ACQUIRE_VERIFY,ACQUIRE_VERIFY,70,3,1788485108400.246,100.698,timestamp_domain.system_time,647093.000,109.000,1,647093.000,647125.000,32.000,32.000,647125.000,32.000,1,1,pnp_visible_ransac,9,1.027,-19.9402,-0.557869,3.902211,-8.1360
2026-09-04T10:25:08.567,14,ACQUIRE_VERIFY,ACQUIRE_VERIFY,73,3,1788485108500.128,99.883,timestamp_domain.system_time,647187.000,94.000,1,647187.000,647218.000,31.000,31.000,647218.000,31.000,1,1,pnp_visible_ransac,9,1.118,-20.0582,-0.558789,3.912282,-8.1285
2026-09-04T10:25:08.655,15,ACQUIRE_VERIFY,ACQUIRE_VERIFY,76,3,1788485108599.764,99.636,timestamp_domain.system_time,647281.000,94.000,1,647281.000,647312.000,31.000,31.000,647312.000,31.000,1,1,pnp_visible_ransac,9,1.017,-19.8860,-0.557713,3.905234,-8.1275
2026-09-04T10:25:08.733,16,ACQUIRE_VERIFY,ACQUIRE_VERIFY,79,3,1788485108699.849,100.084,timestamp_domain.system_time,647359.000,78.000,1,647359.000,647390.000,31.000,31.000,647390.000,31.000,1,1,pnp_visible_ransac,9,1.158,-20.2268,-0.558906,3.908279,-8.1384
2026-09-04T10:25:08.819,17,ACQUIRE_VERIFY,ACQUIRE_VERIFY,81,2,1788485108766.516,66.667,timestamp_domain.system_time,647453.000,94.000,1,647453.000,647484.000,31.000,31.000,647484.000,31.000,1,1,pnp_visible_ransac,9,1.191,-20.2303,-0.560645,3.919166,-8.1410
2026-09-04T10:25:08.901,18,ACQUIRE_VERIFY,ACQUIRE_VERIFY,83,2,1788485108833.455,66.938,timestamp_domain.system_time,647531.000,78.000,1,647531.000,647562.000,31.000,31.000,647562.000,31.000,1,1,pnp_visible_ransac,9,1.196,-20.3999,-0.559301,3.917744,-8.1247
2026-09-04T10:25:08.988,19,ACQUIRE_VERIFY,ACQUIRE_VERIFY,86,3,1788485108933.702,100.248,timestamp_domain.system_time,647609.000,78.000,1,647609.000,647640.000,31.000,31.000,647640.000,31.000,1,1,pnp_visible_ransac,9,1.199,-20.2554,-0.561433,3.920450,-8.1497
2026-09-04T10:25:09.082,20,FACE_ROTATE,FACE_ROTATE,89,3,1788485109033.147,99.445,timestamp_domain.system_time,647687.000,78.000,1,647687.000,647734.000,47.000,47.000,647734.000,47.000,1,1,pnp_visible_ransac,9,1.125,-20.5705,-0.559378,3.924552,-8.1119
2026-09-04T10:25:09.203,21,FACE_ROTATE,FACE_ROTATE,92,3,1788485109133.184,100.036,timestamp_domain.system_time,647812.000,125.000,1,647812.000,647859.000,47.000,47.000,647859.000,47.000,1,1,pnp_visible_ransac,9,1.225,-20.2358,-0.561310,3.923915,-8.1408
2026-09-04T10:25:09.292,22,FACE_ROTATE,FACE_ROTATE,95,3,1788485109233.294,100.110,timestamp_domain.system_time,647921.000,109.000,1,647921.000,647953.000,32.000,32.000,647953.000,32.000,1,1,pnp_visible_ransac,9,1.319,-20.8466,-0.559465,3.925092,-8.1120
2026-09-04T10:25:09.368,23,FACE_ROTATE,FACE_ROTATE,97,2,1788485109300.198,66.904,timestamp_domain.system_time,648000.000,79.000,1,648000.000,648031.000,31.000,31.000,648031.000,31.000,1,1,pnp_visible_ransac,9,1.272,-20.4715,-0.560063,3.925500,-8.1198
2026-09-04T10:25:09.455,24,FACE_ROTATE,FACE_ROTATE,100,3,1788485109400.420,100.222,timestamp_domain.system_time,648078.000,78.000,1,648078.000,648109.000,31.000,31.000,648109.000,31.000,1,1,pnp_visible_ransac,9,1.027,-19.6657,-0.556074,3.919840,-8.0742
2026-09-04T10:25:09.546,25,FACE_ROTATE,FACE_ROTATE,101,1,1788485109433.520,33.100,timestamp_domain.system_time,648171.000,93.000,1,648171.000,648203.000,32.000,32.000,648203.000,32.000,1,1,pnp_visible_ransac,9,1.077,-19.6063,-0.557468,3.928907,-8.0757
2026-09-04T10:25:09.635,26,FACE_ROTATE,FACE_ROTATE,105,4,1788485109566.936,133.416,timestamp_domain.system_time,648265.000,94.000,1,648265.000,648296.000,31.000,31.000,648296.000,31.000,1,1,pnp_visible_ransac,9,1.075,-19.3642,-0.550522,3.904618,-8.0254
2026-09-04T10:25:09.736,27,FACE_ROTATE,FACE_ROTATE,108,3,1788485109667.057,100.121,timestamp_domain.system_time,648359.000,94.000,1,648359.000,648390.000,31.000,31.000,648390.000,31.000,1,1,pnp_visible_ransac,9,1.264,-20.0273,-0.561164,3.943838,-8.0982
2026-09-04T10:25:09.830,28,FACE_ROTATE,FACE_ROTATE,111,3,1788485109767.200,100.144,timestamp_domain.system_time,648453.000,94.000,1,648453.000,648484.000,31.000,31.000,648484.000,31.000,1,1,pnp_visible_ransac,9,1.149,-19.5790,-0.556528,3.923041,-8.0742
2026-09-04T10:25:09.922,29,FACE_ROTATE,FACE_ROTATE,114,3,1788485109867.667,100.466,timestamp_domain.system_time,648546.000,93.000,1,648546.000,648578.000,32.000,32.000,648578.000,32.000,1,1,pnp_visible_ransac,9,1.091,-19.6092,-0.554964,3.919089,-8.0598
2026-09-04T10:25:10.003,30,FACE_ROTATE,FACE_ROTATE,116,2,1788485109934.422,66.756,timestamp_domain.system_time,648625.000,79.000,1,648625.000,648656.000,31.000,31.000,648656.000,31.000,1,1,pnp_visible_ransac,9,1.104,-19.3842,-0.554027,3.906954,-8.0710
2026-09-04T10:25:10.085,31,FACE_ROTATE,FACE_ROTATE,119,3,1788485110034.126,99.704,timestamp_domain.system_time,648703.000,78.000,1,648703.000,648750.000,47.000,47.000,648750.000,47.000,1,1,pnp_visible_ransac,9,1.058,-19.7806,-0.552347,3.923808,-8.0128
2026-09-04T10:25:10.170,32,FACE_ROTATE,FACE_ROTATE,121,2,1788485110100.880,66.754,timestamp_domain.system_time,648796.000,93.000,1,648796.000,648828.000,32.000,32.000,648828.000,32.000,1,1,pnp_visible_ransac,9,1.423,-20.4839,-0.543109,3.906221,-7.9155
2026-09-04T10:25:10.247,33,FACE_ROTATE,FACE_ROTATE,124,3,1788485110200.808,99.927,timestamp_domain.system_time,648875.000,79.000,1,648875.000,648906.000,31.000,31.000,648906.000,31.000,1,1,pnp_visible_ransac,9,1.180,-19.1530,-0.531420,3.891251,-7.7767
2026-09-04T10:25:10.337,34,FACE_ROTATE,FACE_ROTATE,126,2,1788485110267.344,66.537,timestamp_domain.system_time,648953.000,78.000,1,648953.000,649000.000,47.000,47.000,649000.000,47.000,1,1,pnp_visible_ransac,9,1.416,-19.6344,-0.531613,3.907975,-7.7466
2026-09-04T10:25:10.423,35,FACE_ROTATE,FACE_ROTATE,129,3,1788485110367.363,100.018,timestamp_domain.system_time,649046.000,93.000,1,649046.000,649078.000,32.000,32.000,649078.000,32.000,1,1,pnp_visible_ransac,9,1.386,-19.0700,-0.527367,3.897127,-7.7066
2026-09-04T10:25:10.523,36,FACE_ROTATE,FACE_ROTATE,131,2,1788485110434.255,66.892,timestamp_domain.system_time,649125.000,79.000,1,649140.000,649187.000,47.000,62.000,649187.000,62.000,0,0,,,,,,,
2026-09-04T10:25:10.638,37,FACE_ROTATE,FACE_ROTATE,135,4,1788485110567.865,133.610,timestamp_domain.system_time,649250.000,125.000,1,649265.000,649296.000,31.000,46.000,649296.000,46.000,1,1,pnp_visible_ransac,9,1.407,-18.6710,-0.444811,3.929500,-6.4583
2026-09-04T10:25:10.738,38,FACE_ROTATE,FACE_ROTATE,138,3,1788485110667.735,99.870,timestamp_domain.system_time,649359.000,109.000,1,649359.000,649390.000,31.000,31.000,649390.000,31.000,1,1,pnp_visible_ransac,9,1.098,-16.7645,-0.371890,3.868920,-5.4905
2026-09-04T10:25:10.846,39,FACE_SETTLE,FACE_SETTLE,142,4,1788485110801.629,133.894,timestamp_domain.system_time,649468.000,109.000,1,649468.000,649500.000,32.000,32.000,649500.000,32.000,1,1,pnp_visible_ransac,9,1.189,-16.6356,-0.273203,3.972980,-3.9338
2026-09-04T10:25:10.947,40,FACE_SETTLE,FACE_SETTLE,145,3,1788485110901.255,99.626,timestamp_domain.system_time,649562.000,94.000,1,649578.000,649609.000,31.000,47.000,649609.000,47.000,1,1,pnp_visible_ransac,9,1.134,-15.7737,-0.197622,3.969002,-2.8505
2026-09-04T10:25:11.039,41,FACE_SETTLE,FACE_SETTLE,147,2,1788485110968.098,66.843,timestamp_domain.system_time,649671.000,109.000,1,649671.000,649703.000,32.000,32.000,649703.000,32.000,1,1,pnp_visible_ransac,9,1.080,-15.3523,-0.146323,3.982186,-2.1043
2026-09-04T10:25:11.142,42,FACE_SETTLE,FACE_SETTLE,150,3,1788485111068.104,100.007,timestamp_domain.system_time,649765.000,94.000,1,649765.000,649796.000,31.000,31.000,649796.000,31.000,1,1,pnp_visible_ransac,9,1.120,-13.2315,-0.064833,3.992607,-0.9303
2026-09-04T10:25:11.241,43,FACE_SETTLE,FACE_SETTLE,153,3,1788485111168.131,100.027,timestamp_domain.system_time,649859.000,94.000,1,649859.000,649890.000,31.000,31.000,649906.000,47.000,1,1,pnp_visible_ransac,9,1.257,-13.3601,0.007932,3.947360,0.1151
2026-09-04T10:25:11.333,44,FACE_SETTLE,FACE_SETTLE,156,3,1788485111268.121,99.990,timestamp_domain.system_time,649953.000,94.000,1,649953.000,650000.000,47.000,47.000,650000.000,47.000,1,1,pnp_visible_ransac,9,1.126,-13.4184,-0.043825,3.995245,-0.6285
2026-09-04T10:25:11.430,45,FACE_SETTLE,FACE_SETTLE,159,3,1788485111368.531,100.410,timestamp_domain.system_time,650046.000,93.000,1,650046.000,650078.000,32.000,32.000,650093.000,47.000,1,1,pnp_visible_ransac,9,1.149,-13.8506,-0.102047,3.960489,-1.4760
2026-09-04T10:25:11.530,46,FACE_SETTLE,FACE_SETTLE,161,2,1788485111435.009,66.478,timestamp_domain.system_time,650156.000,110.000,1,650156.000,650187.000,31.000,31.000,650187.000,31.000,1,1,pnp_visible_ransac,9,1.072,-13.8009,-0.076761,3.953039,-1.1124
2026-09-04T10:25:11.617,47,FACE_SETTLE,FACE_SETTLE,165,4,1788485111568.224,133.215,timestamp_domain.system_time,650234.000,78.000,1,650234.000,650281.000,47.000,47.000,650281.000,47.000,1,1,pnp_visible_ransac,9,0.964,-13.5354,-0.044707,4.000682,-0.6402
2026-09-04T10:25:11.713,48,FACE_SETTLE,FACE_SETTLE,168,3,1788485111668.529,100.305,timestamp_domain.system_time,650343.000,109.000,1,650343.000,650375.000,32.000,32.000,650375.000,32.000,1,1,pnp_visible_ransac,9,1.021,-13.8103,-0.049617,3.990105,-0.7124
2026-09-04T10:25:11.819,49,FACE_SETTLE,FACE_SETTLE,171,3,1788485111768.388,99.859,timestamp_domain.system_time,650437.000,94.000,1,650437.000,650468.000,31.000,31.000,650484.000,47.000,1,1,pnp_visible_ransac,9,1.179,-14.0091,-0.066160,3.949581,-0.9597
2026-09-04T10:25:11.914,50,FACE_SETTLE,FACE_SETTLE,173,2,1788485111835.271,66.883,timestamp_domain.system_time,650515.000,78.000,1,650515.000,650578.000,63.000,63.000,650578.000,63.000,1,1,pnp_visible_ransac,9,1.143,-14.2081,-0.072509,3.942936,-1.0535
2026-09-04T10:25:12.015,51,FACE_SETTLE,FACE_SETTLE,177,4,1788485111968.459,133.188,timestamp_domain.system_time,650640.000,125.000,1,650640.000,650671.000,31.000,31.000,650671.000,31.000,1,1,pnp_visible_ransac,9,1.057,-13.4209,-0.062725,3.977177,-0.9035
2026-09-04T10:25:12.113,52,FACE_SETTLE,FACE_SETTLE,180,3,1788485112068.626,100.167,timestamp_domain.system_time,650718.000,78.000,1,650734.000,650765.000,31.000,47.000,650765.000,47.000,1,1,pnp_visible_ransac,9,1.061,-14.2972,-0.059474,3.997843,-0.8523
2026-09-04T10:25:12.216,53,FACE_SETTLE,FACE_SETTLE,182,2,1788485112135.475,66.849,timestamp_domain.system_time,650828.000,110.000,1,650828.000,650875.000,47.000,47.000,650875.000,47.000,1,1,pnp_visible_ransac,9,1.140,-13.8350,-0.066673,3.943177,-0.9687
2026-09-04T10:25:12.313,54,FACE_SETTLE,FACE_SETTLE,186,4,1788485112268.906,133.431,timestamp_domain.system_time,650937.000,109.000,1,650937.000,650968.000,31.000,31.000,650968.000,31.000,1,1,pnp_visible_ransac,9,1.110,-14.3322,-0.064944,3.957718,-0.9401
2026-09-04T10:25:12.413,55,FACE_SETTLE,FACE_SETTLE,189,3,1788485112368.831,99.925,timestamp_domain.system_time,651031.000,94.000,1,651046.000,651078.000,32.000,47.000,651078.000,47.000,1,1,pnp_visible_ransac,9,1.071,-13.6663,-0.062623,3.970512,-0.9036
2026-09-04T10:25:12.513,56,FACE_SETTLE,FACE_SETTLE,191,2,1788485112435.987,67.156,timestamp_domain.system_time,651125.000,94.000,1,651140.000,651171.000,31.000,46.000,651171.000,46.000,1,1,pnp_visible_ransac,9,1.078,-14.0483,-0.062386,3.971711,-0.8999
2026-09-04T10:25:12.647,57,FACE_SETTLE,FACE_SETTLE,192,1,1788485112469.070,33.083,timestamp_domain.system_time,651265.000,140.000,1,651265.000,651312.000,47.000,47.000,651312.000,47.000,1,1,pnp_visible_ransac,9,1.072,-14.4075,-0.063319,3.975784,-0.9124
2026-09-04T10:25:12.740,58,FACE_SETTLE,FACE_SETTLE,199,7,1788485112702.659,233.589,timestamp_domain.system_time,651359.000,94.000,1,651359.000,651406.000,47.000,47.000,651406.000,47.000,1,1,pnp_visible_ransac,9,1.093,-14.1660,-0.064554,3.969377,-0.9317
2026-09-04T10:25:12.842,59,FACE_SETTLE,FACE_SETTLE,202,3,1788485112802.791,100.132,timestamp_domain.system_time,651468.000,109.000,1,651468.000,651500.000,32.000,32.000,651500.000,32.000,1,1,pnp_visible_ransac,9,1.162,-14.5403,-0.066163,3.975955,-0.9534
2026-09-04T10:25:12.930,60,FACE_SETTLE,FACE_SETTLE,204,2,1788485112869.049,66.259,timestamp_domain.system_time,651562.000,94.000,1,651562.000,651593.000,31.000,31.000,651593.000,31.000,1,1,pnp_visible_ransac,9,1.108,-14.3932,-0.067999,3.970318,-0.9812
2026-09-04T10:25:13.039,61,FACE_SETTLE,FACE_SETTLE,207,3,1788485112969.820,100.771,timestamp_domain.system_time,651656.000,94.000,1,651656.000,651703.000,47.000,47.000,651703.000,47.000,1,1,pnp_visible_ransac,9,1.066,-14.5781,-0.066956,3.978266,-0.9642
2026-09-04T10:25:13.130,62,FACE_SETTLE,FACE_SETTLE,210,3,1788485113069.200,99.380,timestamp_domain.system_time,651734.000,78.000,1,651750.000,651796.000,46.000,62.000,651796.000,62.000,1,1,pnp_visible_ransac,9,1.073,-14.1736,-0.066885,3.973082,-0.9645
2026-09-04T10:25:13.230,63,FACE_SETTLE,FACE_SETTLE,213,3,1788485113169.387,100.187,timestamp_domain.system_time,651843.000,109.000,1,651843.000,651875.000,32.000,32.000,651890.000,47.000,1,1,pnp_visible_ransac,9,1.049,-14.3898,-0.066926,3.970801,-0.9656
2026-09-04T10:25:13.330,64,FACE_SETTLE,FACE_SETTLE,216,3,1788485113269.718,100.331,timestamp_domain.system_time,651937.000,94.000,1,651953.000,651984.000,31.000,47.000,651984.000,47.000,1,1,pnp_visible_ransac,9,1.124,-14.5034,-0.069032,3.966295,-0.9971
2026-09-04T10:25:13.425,65,FACE_SETTLE,FACE_SETTLE,219,3,1788485113369.866,100.148,timestamp_domain.system_time,652046.000,109.000,1,652046.000,652078.000,32.000,32.000,652078.000,32.000,1,1,pnp_visible_ransac,9,1.095,-14.5308,-0.066254,3.973660,-0.9552
2026-09-04T10:25:13.526,66,FACE_SETTLE,FACE_SETTLE,222,3,1788485113469.689,99.823,timestamp_domain.system_time,652140.000,94.000,1,652156.000,652187.000,31.000,47.000,652187.000,47.000,1,1,pnp_visible_ransac,9,1.133,-14.0692,-0.065605,3.963422,-0.9483
2026-09-04T10:25:13.649,67,FACE_SETTLE,FACE_SETTLE,225,3,1788485113570.241,100.552,timestamp_domain.system_time,652265.000,125.000,1,652281.000,652312.000,31.000,47.000,652312.000,47.000,1,1,pnp_visible_ransac,9,1.088,-13.8880,-0.068139,3.957511,-0.9864
2026-09-04T10:25:13.747,68,FACE_SETTLE,FACE_SETTLE,228,3,1788485113669.846,99.605,timestamp_domain.system_time,652359.000,94.000,1,652375.000,652406.000,31.000,47.000,652406.000,47.000,1,1,pnp_visible_ransac,9,1.166,-14.6945,-0.066833,3.985753,-0.9607
2026-09-04T10:25:13.847,69,STANDOFF_VERIFY,STANDOFF_VERIFY,231,3,1788485113770.052,100.207,timestamp_domain.system_time,652453.000,94.000,1,652453.000,652484.000,31.000,31.000,652500.000,47.000,1,1,pnp_visible_ransac,9,1.053,-14.4361,-0.066558,3.972168,-0.9600
2026-09-04T10:25:13.932,70,STANDOFF_VERIFY,STANDOFF_VERIFY,234,3,1788485113870.210,100.158,timestamp_domain.system_time,652562.000,109.000,1,652562.000,652593.000,31.000,31.000,652593.000,31.000,1,1,pnp_visible_ransac,9,1.133,-14.2029,-0.068040,3.966045,-0.9828
2026-09-04T10:25:14.033,71,STANDOFF_VERIFY,STANDOFF_VERIFY,237,3,1788485113969.851,99.640,timestamp_domain.system_time,652640.000,78.000,1,652656.000,652687.000,31.000,47.000,652687.000,47.000,1,1,pnp_visible_ransac,9,1.087,-14.4803,-0.065468,3.970499,-0.9446
2026-09-04T10:25:14.117,72,STANDOFF_VERIFY,STANDOFF_VERIFY,240,3,1788485114070.262,100.411,timestamp_domain.system_time,652750.000,110.000,1,652750.000,652781.000,31.000,31.000,652781.000,31.000,1,1,pnp_visible_ransac,9,1.099,-14.4490,-0.068052,3.980696,-0.9794
2026-09-04T10:25:14.226,73,STANDOFF_VERIFY,STANDOFF_VERIFY,243,3,1788485114170.243,99.980,timestamp_domain.system_time,652843.000,93.000,1,652843.000,652890.000,47.000,47.000,652890.000,47.000,1,1,pnp_visible_ransac,9,1.058,-14.3173,-0.068549,3.971527,-0.9888
2026-09-04T10:25:14.318,74,STANDOFF_VERIFY,STANDOFF_VERIFY,246,3,1788485114270.452,100.210,timestamp_domain.system_time,652937.000,94.000,1,652937.000,652984.000,47.000,47.000,652984.000,47.000,1,1,pnp_visible_ransac,9,1.099,-14.2767,-0.067729,3.965479,-0.9785
2026-09-04T10:25:14.418,75,STANDOFF_VERIFY,STANDOFF_VERIFY,249,3,1788485114370.510,100.058,timestamp_domain.system_time,653046.000,109.000,1,653046.000,653078.000,32.000,32.000,653078.000,32.000,1,1,pnp_visible_ransac,9,1.055,-14.3132,-0.066338,3.978112,-0.9554
2026-09-04T10:25:14.534,76,STANDOFF_VERIFY,STANDOFF_VERIFY,252,3,1788485114470.432,99.922,timestamp_domain.system_time,653140.000,94.000,1,653140.000,653187.000,47.000,47.000,653187.000,47.000,1,1,pnp_visible_ransac,9,1.077,-13.8898,-0.067738,3.955808,-0.9810
2026-09-04T10:25:14.646,77,STANDOFF_VERIFY,STANDOFF_VERIFY,255,3,1788485114570.950,100.518,timestamp_domain.system_time,653265.000,125.000,1,653265.000,653296.000,31.000,31.000,653312.000,47.000,1,1,pnp_visible_ransac,9,1.096,-13.9863,-0.067297,3.959157,-0.9738
2026-09-04T10:25:14.744,78,STANDOFF_VERIFY,STANDOFF_VERIFY,258,3,1788485114670.968,100.018,timestamp_domain.system_time,653359.000,94.000,1,653375.000,653406.000,31.000,47.000,653406.000,47.000,1,1,pnp_visible_ransac,9,1.014,-14.0213,-0.066930,3.960591,-0.9682
2026-09-04T10:25:14.835,79,STANDOFF_MOVE,STANDOFF_MOVE,261,3,1788485114770.439,99.471,timestamp_domain.system_time,653468.000,109.000,1,653468.000,653500.000,32.000,32.000,653500.000,32.000,1,1,pnp_visible_ransac,9,1.090,-14.0677,-0.067156,3.959305,-0.9717
2026-09-04T10:25:14.936,80,STANDOFF_MOVE,STANDOFF_MOVE,264,3,1788485114870.392,99.953,timestamp_domain.system_time,653562.000,94.000,1,653562.000,653593.000,31.000,31.000,653593.000,31.000,1,1,pnp_visible_ransac,9,1.076,-14.2569,-0.066550,3.971068,-0.9601
2026-09-04T10:25:15.031,81,STANDOFF_MOVE,STANDOFF_MOVE,267,3,1788485114970.941,100.549,timestamp_domain.system_time,653640.000,78.000,1,653640.000,653687.000,47.000,47.000,653687.000,47.000,1,1,pnp_visible_ransac,9,1.037,-14.1797,-0.066967,3.966863,-0.9672
2026-09-04T10:25:15.120,82,STANDOFF_MOVE,STANDOFF_MOVE,270,3,1788485115070.836,99.895,timestamp_domain.system_time,653750.000,110.000,1,653750.000,653781.000,31.000,31.000,653781.000,31.000,1,1,pnp_visible_ransac,9,1.113,-13.9185,-0.067516,3.963608,-0.9759
2026-09-04T10:25:15.220,83,STANDOFF_MOVE,STANDOFF_MOVE,273,3,1788485115171.267,100.431,timestamp_domain.system_time,653843.000,93.000,1,653843.000,653875.000,32.000,32.000,653875.000,32.000,1,1,pnp_visible_ransac,9,1.072,-14.3032,-0.071628,3.967092,-1.0344
2026-09-04T10:25:15.330,84,STANDOFF_MOVE,STANDOFF_MOVE,276,3,1788485115271.006,99.739,timestamp_domain.system_time,653953.000,110.000,1,653953.000,653984.000,31.000,31.000,653984.000,31.000,1,1,pnp_visible_ransac,9,1.165,-14.0064,-0.072400,3.945984,-1.0511
2026-09-04T10:25:15.430,85,STANDOFF_MOVE,STANDOFF_MOVE,279,3,1788485115370.995,99.989,timestamp_domain.system_time,654046.000,93.000,1,654062.000,654093.000,31.000,47.000,654093.000,47.000,1,1,pnp_visible_ransac,9,1.235,-14.1273,-0.086402,3.962729,-1.2491
2026-09-04T10:25:15.538,86,STANDOFF_MOVE,STANDOFF_MOVE,282,3,1788485115471.562,100.567,timestamp_domain.system_time,654156.000,110.000,1,654156.000,654203.000,47.000,47.000,654203.000,47.000,1,1,pnp_visible_ransac,9,1.135,-14.7205,-0.080535,3.970004,-1.1621
2026-09-04T10:25:15.638,87,STANDOFF_MOVE,STANDOFF_MOVE,283,1,1788485115504.698,33.136,timestamp_domain.system_time,654265.000,109.000,1,654265.000,654296.000,31.000,31.000,654296.000,31.000,1,1,pnp_visible_ransac,9,1.082,-14.3733,-0.073650,3.947998,-1.0687
2026-09-04T10:25:15.730,88,STANDOFF_MOVE,STANDOFF_MOVE,288,5,1788485115671.153,166.455,timestamp_domain.system_time,654359.000,94.000,1,654359.000,654390.000,31.000,31.000,654390.000,31.000,1,1,pnp_visible_ransac,9,1.089,-14.5868,-0.080688,3.974739,-1.1629
2026-09-04T10:25:15.821,89,STANDOFF_MOVE,STANDOFF_MOVE,291,3,1788485115771.321,100.168,timestamp_domain.system_time,654453.000,94.000,1,654453.000,654484.000,31.000,31.000,654484.000,31.000,1,1,pnp_visible_ransac,9,1.184,-13.7408,-0.086569,3.976047,-1.2473
2026-09-04T10:25:15.921,90,STANDOFF_MOVE,STANDOFF_MOVE,294,3,1788485115871.593,100.272,timestamp_domain.system_time,654546.000,93.000,1,654546.000,654578.000,32.000,32.000,654578.000,32.000,1,1,pnp_visible_ransac,9,1.390,-14.5507,-0.084709,3.953058,-1.2276
2026-09-04T10:25:16.023,91,STANDOFF_MOVE,STANDOFF_MOVE,297,3,1788485115971.289,99.696,timestamp_domain.system_time,654640.000,94.000,1,654656.000,654687.000,31.000,47.000,654687.000,47.000,0,0,,,,,,,
2026-09-04T10:25:16.114,92,STANDOFF_MOVE,STANDOFF_MOVE,300,3,1788485116071.718,100.429,timestamp_domain.system_time,654734.000,94.000,1,654750.000,654765.000,15.000,31.000,654765.000,31.000,0,0,,,,,,,
2026-09-04T10:25:16.207,93,STANDOFF_MOVE,STANDOFF_MOVE,302,2,1788485116138.221,66.503,timestamp_domain.system_time,654828.000,94.000,1,654828.000,654859.000,31.000,31.000,654859.000,31.000,0,0,,,,,,,
2026-09-04T10:25:16.307,94,STANDOFF_MOVE,STANDOFF_MOVE,305,3,1788485116238.374,100.153,timestamp_domain.system_time,654921.000,93.000,1,654937.000,654968.000,31.000,47.000,654968.000,47.000,1,1,pnp_visible_ransac,9,1.228,-14.4745,-0.098201,3.954801,-1.4224
2026-09-04T10:25:16.408,95,STANDOFF_MOVE,STANDOFF_MOVE,308,3,1788485116338.874,100.500,timestamp_domain.system_time,655015.000,94.000,1,655031.000,655062.000,31.000,47.000,655062.000,47.000,1,1,pnp_visible_ransac,9,1.271,-14.0310,-0.097130,3.942955,-1.4111
2026-09-04T10:25:16.497,96,STANDOFF_MOVE,STANDOFF_MOVE,311,3,1788485116438.497,99.622,timestamp_domain.system_time,655125.000,110.000,1,655125.000,655156.000,31.000,31.000,655156.000,31.000,1,1,pnp_visible_ransac,9,1.290,-13.8764,-0.090156,3.894973,-1.3260
2026-09-04T10:25:16.601,97,STANDOFF_MOVE,STANDOFF_MOVE,313,2,1788485116505.456,66.959,timestamp_domain.system_time,655218.000,93.000,1,655234.000,655265.000,31.000,47.000,655265.000,47.000,0,0,,,,,,,
2026-09-04T10:25:16.693,98,STANDOFF_MOVE,STANDOFF_MOVE,317,4,1788485116638.422,132.966,timestamp_domain.system_time,655312.000,94.000,1,655328.000,655359.000,31.000,47.000,655359.000,47.000,0,0,,,,,,,
2026-09-04T10:25:16.784,99,STANDOFF_MOVE,STANDOFF_MOVE,320,3,1788485116738.973,100.552,timestamp_domain.system_time,655406.000,94.000,1,655406.000,655437.000,31.000,31.000,655437.000,31.000,1,1,pnp_visible_ransac,9,1.440,-14.4822,-0.084164,3.874068,-1.2446
2026-09-04T10:25:16.880,100,STANDOFF_MOVE,STANDOFF_MOVE,323,3,1788485116838.840,99.867,timestamp_domain.system_time,655500.000,94.000,1,655500.000,655546.000,46.000,46.000,655546.000,46.000,0,0,,,,,,,
2026-09-04T10:25:16.981,101,STANDOFF_MOVE,STANDOFF_MOVE,325,2,1788485116905.927,67.087,timestamp_domain.system_time,655593.000,93.000,1,655609.000,655640.000,31.000,47.000,655640.000,47.000,1,1,pnp_visible_ransac,9,1.567,-14.8713,-0.086475,3.783383,-1.3094
2026-09-04T10:25:17.072,102,STANDOFF_MOVE,STANDOFF_MOVE,328,3,1788485117005.759,99.832,timestamp_domain.system_time,655687.000,94.000,1,655703.000,655734.000,31.000,47.000,655734.000,47.000,0,0,,,,,,,
2026-09-04T10:25:17.164,103,STANDOFF_MOVE,STANDOFF_MOVE,331,3,1788485117105.728,99.969,timestamp_domain.system_time,655781.000,94.000,1,655796.000,655828.000,32.000,47.000,655828.000,47.000,1,1,pnp_visible_ransac,9,1.462,-13.8852,-0.082561,3.760442,-1.2577
2026-09-04T10:25:17.264,104,STANDOFF_MOVE,STANDOFF_MOVE,334,3,1788485117205.956,100.228,timestamp_domain.system_time,655875.000,94.000,1,655890.000,655921.000,31.000,46.000,655921.000,46.000,1,1,pnp_visible_ransac,9,1.573,-13.9439,-0.085066,3.722055,-1.3092
2026-09-04T10:25:17.372,105,STANDOFF_MOVE,STANDOFF_MOVE,337,3,1788485117306.439,100.483,timestamp_domain.system_time,655984.000,109.000,1,655984.000,656031.000,47.000,47.000,656031.000,47.000,1,1,pnp_visible_ransac,9,1.228,-13.6005,-0.092435,3.668556,-1.4433
2026-09-04T10:25:17.472,106,STANDOFF_MOVE,STANDOFF_MOVE,340,3,1788485117405.656,99.217,timestamp_domain.system_time,656093.000,109.000,1,656093.000,656125.000,32.000,32.000,656125.000,32.000,1,1,pnp_visible_ransac,9,1.221,-13.6877,-0.089842,3.652816,-1.4089
2026-09-04T10:25:17.581,107,STANDOFF_MOVE,STANDOFF_MOVE,343,3,1788485117506.069,100.413,timestamp_domain.system_time,656187.000,94.000,1,656187.000,656234.000,47.000,47.000,656234.000,47.000,1,1,pnp_visible_ransac,9,1.331,-14.0994,-0.086649,3.629682,-1.3675
2026-09-04T10:25:17.688,108,STANDOFF_MOVE,STANDOFF_MOVE,347,4,1788485117639.410,133.342,timestamp_domain.system_time,656296.000,109.000,1,656312.000,656343.000,31.000,47.000,656343.000,47.000,1,1,pnp_visible_ransac,9,1.211,-13.1071,-0.089770,3.572888,-1.4393
2026-09-04T10:25:17.788,109,STANDOFF_MOVE,STANDOFF_MOVE,350,3,1788485117739.562,100.151,timestamp_domain.system_time,656406.000,110.000,1,656406.000,656453.000,47.000,47.000,656453.000,47.000,1,1,pnp_visible_ransac,9,1.414,-13.4692,-0.089832,3.595464,-1.4312
2026-09-04T10:25:17.888,110,STANDOFF_MOVE,STANDOFF_MOVE,353,3,1788485117839.679,100.117,timestamp_domain.system_time,656500.000,94.000,1,656515.000,656546.000,31.000,46.000,656546.000,46.000,1,1,pnp_visible_ransac,9,1.229,-12.7688,-0.089116,3.542408,-1.4411
2026-09-04T10:25:18.002,111,STANDOFF_MOVE,STANDOFF_MOVE,356,3,1788485117939.853,100.175,timestamp_domain.system_time,656609.000,109.000,1,656625.000,656656.000,31.000,47.000,656656.000,47.000,1,1,pnp_visible_ransac,9,1.566,-14.2216,-0.081785,3.541239,-1.3230
2026-09-04T10:25:18.097,112,STANDOFF_MOVE,STANDOFF_MOVE,359,3,1788485118039.826,99.973,timestamp_domain.system_time,656718.000,109.000,1,656718.000,656750.000,32.000,32.000,656750.000,32.000,1,1,pnp_visible_ransac,9,1.250,-12.6222,-0.083918,3.449670,-1.3935
2026-09-04T10:25:18.189,113,STANDOFF_MOVE,STANDOFF_MOVE,362,3,1788485118139.934,100.108,timestamp_domain.system_time,656812.000,94.000,1,656812.000,656843.000,31.000,31.000,656843.000,31.000,1,1,pnp_visible_ransac,9,1.245,-13.4255,-0.076209,3.438477,-1.2697
2026-09-04T10:25:18.289,114,STANDOFF_MOVE,STANDOFF_MOVE,365,3,1788485118240.053,100.119,timestamp_domain.system_time,656921.000,109.000,1,656921.000,656953.000,32.000,32.000,656953.000,32.000,1,1,pnp_visible_ransac,9,1.321,-12.6388,-0.076637,3.396243,-1.2927
2026-09-04T10:25:18.390,115,STANDOFF_MOVE,STANDOFF_MOVE,368,3,1788485118340.035,99.982,timestamp_domain.system_time,657015.000,94.000,1,657015.000,657046.000,31.000,31.000,657046.000,31.000,1,1,pnp_visible_ransac,9,1.271,-13.3731,-0.074123,3.392549,-1.2516
2026-09-04T10:25:18.490,116,STANDOFF_MOVE,STANDOFF_MOVE,371,3,1788485118440.058,100.023,timestamp_domain.system_time,657109.000,94.000,1,657109.000,657156.000,47.000,47.000,657156.000,47.000,1,1,pnp_visible_ransac,9,1.570,-13.8404,-0.078214,3.399927,-1.3178
2026-09-04T10:25:18.585,117,STANDOFF_MOVE,STANDOFF_MOVE,373,2,1788485118507.075,67.017,timestamp_domain.system_time,657203.000,94.000,1,657203.000,657250.000,47.000,47.000,657250.000,47.000,1,1,pnp_visible_ransac,9,1.571,-13.9427,-0.069450,3.394563,-1.1721
2026-09-04T10:25:18.681,118,STANDOFF_MOVE,STANDOFF_MOVE,377,4,1788485118640.417,133.343,timestamp_domain.system_time,657296.000,93.000,1,657312.000,657343.000,31.000,47.000,657343.000,47.000,1,1,pnp_visible_ransac,9,1.353,-13.0719,-0.075196,3.314544,-1.2996
2026-09-04T10:25:18.774,119,STANDOFF_MOVE,STANDOFF_MOVE,379,2,1788485118706.972,66.555,timestamp_domain.system_time,657390.000,94.000,1,657390.000,657437.000,47.000,47.000,657437.000,47.000,1,1,pnp_visible_ransac,9,1.438,-13.4855,-0.071783,3.331182,-1.2345
2026-09-04T10:25:18.864,120,STANDOFF_MOVE,STANDOFF_MOVE,382,3,1788485118806.919,99.946,timestamp_domain.system_time,657484.000,94.000,1,657484.000,657531.000,47.000,47.000,657531.000,47.000,1,1,pnp_visible_ransac,9,1.369,-13.3093,-0.067210,3.287519,-1.1712
2026-09-04T10:25:18.964,121,STANDOFF_MOVE,STANDOFF_MOVE,385,3,1788485118907.045,100.126,timestamp_domain.system_time,657593.000,109.000,1,657593.000,657625.000,32.000,32.000,657625.000,32.000,1,1,pnp_visible_ransac,9,1.305,-13.0846,-0.069776,3.260869,-1.2258
2026-09-04T10:25:19.059,122,STANDOFF_MOVE,STANDOFF_MOVE,388,3,1788485119007.027,99.982,timestamp_domain.system_time,657671.000,78.000,1,657687.000,657718.000,31.000,47.000,657718.000,47.000,1,1,pnp_visible_ransac,9,1.409,-12.6638,-0.070174,3.215782,-1.2501
2026-09-04T10:25:19.160,123,STANDOFF_SETTLE,STANDOFF_SETTLE,391,3,1788485119107.229,100.202,timestamp_domain.system_time,657781.000,110.000,1,657781.000,657812.000,31.000,31.000,657812.000,31.000,1,1,pnp_visible_ransac,9,1.439,-13.0075,-0.067476,3.195010,-1.2099
2026-09-04T10:25:19.253,124,STANDOFF_SETTLE,STANDOFF_SETTLE,394,3,1788485119207.388,100.159,timestamp_domain.system_time,657875.000,94.000,1,657875.000,657906.000,31.000,31.000,657906.000,31.000,1,1,pnp_visible_ransac,9,1.529,-13.2476,-0.064578,3.179141,-1.1637
2026-09-04T10:25:19.347,125,STANDOFF_SETTLE,STANDOFF_SETTLE,397,3,1788485119307.317,99.929,timestamp_domain.system_time,657968.000,93.000,1,657968.000,658000.000,32.000,32.000,658000.000,32.000,1,1,pnp_visible_ransac,9,1.542,-13.2969,-0.059204,3.145095,-1.0784
2026-09-04T10:25:19.447,126,STANDOFF_SETTLE,STANDOFF_SETTLE,399,2,1788485119373.917,66.600,timestamp_domain.system_time,658062.000,94.000,1,658062.000,658109.000,47.000,47.000,658109.000,47.000,1,1,pnp_visible_ransac,9,1.472,-13.1651,-0.049404,3.141176,-0.9011
2026-09-04T10:25:19.555,127,STANDOFF_SETTLE,STANDOFF_SETTLE,403,4,1788485119508.088,134.170,timestamp_domain.system_time,658171.000,109.000,1,658187.000,658218.000,31.000,47.000,658218.000,47.000,1,1,pnp_visible_ransac,9,1.564,-12.4769,-0.052214,3.109760,-0.9619
2026-09-04T10:25:19.647,128,STANDOFF_SETTLE,STANDOFF_SETTLE,404,1,1788485119540.630,32.542,timestamp_domain.system_time,658281.000,110.000,1,658281.000,658312.000,31.000,31.000,658312.000,31.000,1,1,pnp_visible_ransac,9,1.573,-12.1402,-0.052884,3.092299,-0.9798
2026-09-04T10:25:19.747,129,STANDOFF_SETTLE,STANDOFF_SETTLE,408,4,1788485119674.165,133.535,timestamp_domain.system_time,658359.000,78.000,1,658375.000,658406.000,31.000,47.000,658406.000,47.000,1,1,pnp_visible_ransac,9,1.489,-12.9175,-0.056154,3.113075,-1.0334
2026-09-04T10:25:19.847,130,STANDOFF_SETTLE,STANDOFF_SETTLE,411,3,1788485119774.483,100.319,timestamp_domain.system_time,658453.000,94.000,1,658468.000,658500.000,32.000,47.000,658500.000,47.000,1,1,pnp_visible_ransac,9,1.516,-13.1382,-0.066691,3.128125,-1.2214
2026-09-04T10:25:19.964,131,STANDOFF_SETTLE,STANDOFF_SETTLE,415,4,1788485119907.741,133.257,timestamp_domain.system_time,658578.000,125.000,1,658578.000,658625.000,47.000,47.000,658625.000,47.000,1,1,pnp_visible_ransac,9,1.512,-12.8716,-0.067470,3.129996,-1.2349
2026-09-04T10:25:20.068,132,STANDOFF_SETTLE,STANDOFF_SETTLE,418,3,1788485120007.712,99.971,timestamp_domain.system_time,658687.000,109.000,1,658687.000,658718.000,31.000,31.000,658734.000,47.000,1,1,pnp_visible_ransac,9,1.547,-12.6206,-0.061145,3.111704,-1.1257
2026-09-04T10:25:20.164,133,STANDOFF_SETTLE,STANDOFF_SETTLE,421,3,1788485120107.722,100.011,timestamp_domain.system_time,658781.000,94.000,1,658796.000,658828.000,32.000,47.000,658828.000,47.000,1,1,pnp_visible_ransac,9,1.576,-12.6062,-0.063137,3.111045,-1.1626
2026-09-04T10:25:20.264,134,STANDOFF_SETTLE,STANDOFF_SETTLE,424,3,1788485120208.156,100.434,timestamp_domain.system_time,658875.000,94.000,1,658890.000,658921.000,31.000,46.000,658921.000,46.000,1,1,pnp_visible_ransac,9,1.575,-12.9423,-0.068098,3.126411,-1.2478
2026-09-04T10:25:20.364,135,STANDOFF_SETTLE,STANDOFF_SETTLE,427,3,1788485120307.896,99.740,timestamp_domain.system_time,658984.000,109.000,1,658984.000,659015.000,31.000,31.000,659031.000,47.000,1,1,pnp_visible_ransac,9,1.530,-12.6088,-0.062893,3.108351,-1.1591
2026-09-04T10:25:20.468,136,STANDOFF_SETTLE,STANDOFF_SETTLE,430,3,1788485120408.229,100.332,timestamp_domain.system_time,659093.000,109.000,1,659093.000,659125.000,32.000,32.000,659125.000,32.000,1,1,pnp_visible_ransac,9,1.490,-12.9039,-0.064475,3.116040,-1.1854
2026-09-04T10:25:20.565,137,STANDOFF_SETTLE,STANDOFF_SETTLE,433,3,1788485120508.629,100.400,timestamp_domain.system_time,659203.000,110.000,1,659203.000,659218.000,15.000,15.000,659218.000,15.000,1,1,pnp_visible_ransac,9,1.532,-12.5428,-0.068125,3.110919,-1.2545
2026-09-04T10:25:20.676,138,STANDOFF_SETTLE,STANDOFF_SETTLE,434,1,1788485120541.346,32.718,timestamp_domain.system_time,659296.000,93.000,1,659296.000,659328.000,32.000,32.000,659328.000,32.000,1,1,pnp_visible_ransac,9,1.576,-12.5506,-0.067355,3.114662,-1.2388
2026-09-04T10:25:20.772,139,STANDOFF_SETTLE,STANDOFF_SETTLE,439,5,1788485120708.310,166.964,timestamp_domain.system_time,659390.000,94.000,1,659390.000,659437.000,47.000,47.000,659437.000,47.000,1,1,pnp_visible_ransac,9,1.494,-12.6484,-0.065493,3.113620,-1.2050
2026-09-04T10:25:20.866,140,STANDOFF_SETTLE,STANDOFF_SETTLE,442,3,1788485120808.346,100.036,timestamp_domain.system_time,659484.000,94.000,1,659484.000,659531.000,47.000,47.000,659531.000,47.000,1,1,pnp_visible_ransac,9,1.505,-12.7423,-0.066479,3.113313,-1.2233
2026-09-04T10:25:20.966,141,STANDOFF_SETTLE,STANDOFF_SETTLE,445,3,1788485120908.559,100.213,timestamp_domain.system_time,659578.000,94.000,1,659593.000,659625.000,32.000,47.000,659625.000,47.000,1,1,pnp_visible_ransac,9,1.494,-12.7774,-0.066974,3.116560,-1.2311
2026-09-04T10:25:21.081,142,STANDOFF_SETTLE,STANDOFF_SETTLE,448,3,1788485121008.495,99.936,timestamp_domain.system_time,659703.000,125.000,1,659703.000,659734.000,31.000,31.000,659734.000,31.000,1,1,pnp_visible_ransac,9,1.564,-12.6798,-0.065490,3.111299,-1.2059
2026-09-04T10:25:21.190,143,STANDOFF_SETTLE,STANDOFF_SETTLE,452,4,1788485121141.942,133.447,timestamp_domain.system_time,659812.000,109.000,1,659812.000,659843.000,31.000,31.000,659843.000,31.000,1,1,pnp_visible_ransac,9,1.514,-12.6543,-0.067685,3.109784,-1.2469
2026-09-04T10:25:21.300,144,STANDOFF_SETTLE,STANDOFF_SETTLE,455,3,1788485121241.902,99.960,timestamp_domain.system_time,659921.000,109.000,1,659921.000,659953.000,32.000,32.000,659953.000,32.000,1,1,pnp_visible_ransac,9,1.526,-12.7059,-0.066887,3.114610,-1.2302
2026-09-04T10:25:21.412,145,STANDOFF_SETTLE,STANDOFF_SETTLE,458,3,1788485121342.014,100.112,timestamp_domain.system_time,660031.000,110.000,1,660031.000,660062.000,31.000,31.000,660078.000,47.000,1,1,pnp_visible_ransac,9,1.522,-12.9822,-0.066844,3.119142,-1.2277
2026-09-04T10:25:21.503,146,STANDOFF_SETTLE,STANDOFF_SETTLE,461,3,1788485121442.239,100.225,timestamp_domain.system_time,660125.000,94.000,1,660125.000,660156.000,31.000,31.000,660156.000,31.000,1,1,pnp_visible_ransac,9,1.572,-12.5504,-0.066857,3.112991,-1.2303
2026-09-04T10:25:21.601,147,STANDOFF_SETTLE,STANDOFF_SETTLE,464,3,1788485121542.228,99.989,timestamp_domain.system_time,660234.000,109.000,1,660234.000,660265.000,31.000,31.000,660265.000,31.000,1,1,pnp_visible_ransac,9,1.502,-12.8308,-0.066656,3.115130,-1.2258
2026-09-04T10:25:21.716,148,STANDOFF_SETTLE,STANDOFF_SETTLE,467,3,1788485121642.535,100.307,timestamp_domain.system_time,660343.000,109.000,1,660343.000,660375.000,32.000,32.000,660375.000,32.000,1,1,pnp_visible_ransac,9,1.557,-12.3931,-0.067530,3.103943,-1.2463
2026-09-04T10:25:21.815,149,STANDOFF_SETTLE,STANDOFF_SETTLE,471,4,1788485121775.965,133.430,timestamp_domain.system_time,660437.000,94.000,1,660437.000,660468.000,31.000,31.000,660468.000,31.000,1,1,pnp_visible_ransac,9,1.555,-12.6406,-0.067000,3.109868,-1.2342
2026-09-04T10:25:21.924,150,STANDOFF_SETTLE,STANDOFF_SETTLE,474,3,1788485121875.446,99.481,timestamp_domain.system_time,660546.000,109.000,1,660546.000,660578.000,32.000,32.000,660578.000,32.000,1,1,pnp_visible_ransac,9,1.565,-12.6217,-0.066864,3.108656,-1.2322
2026-09-04T10:25:22.024,151,STANDOFF_SETTLE,STANDOFF_SETTLE,477,3,1788485121975.589,100.143,timestamp_domain.system_time,660640.000,94.000,1,660656.000,660687.000,31.000,47.000,660687.000,47.000,1,1,pnp_visible_ransac,9,1.648,-12.3174,-0.066612,3.103994,-1.2294
2026-09-04T10:25:22.114,152,STANDOFF_SETTLE,STANDOFF_SETTLE,480,3,1788485122076.088,100.499,timestamp_domain.system_time,660734.000,94.000,1,660734.000,660765.000,31.000,31.000,660765.000,31.000,1,1,pnp_visible_ransac,9,1.550,-12.4604,-0.067091,3.110834,-1.2355
2026-09-04T10:25:22.214,153,STANDOFF_VERIFY,STANDOFF_VERIFY,483,3,1788485122175.925,99.837,timestamp_domain.system_time,660843.000,109.000,1,660843.000,660875.000,32.000,32.000,660875.000,32.000,1,1,pnp_visible_ransac,9,1.520,-12.3386,-0.067952,3.111861,-1.2509
2026-09-04T10:25:22.327,154,STANDOFF_VERIFY,STANDOFF_VERIFY,486,3,1788485122275.828,99.903,timestamp_domain.system_time,660937.000,94.000,1,660953.000,660984.000,31.000,47.000,660984.000,47.000,1,1,pnp_visible_ransac,9,1.636,-12.3467,-0.067794,3.111789,-1.2481
2026-09-04T10:25:22.415,155,STANDOFF_VERIFY,STANDOFF_VERIFY,489,3,1788485122376.381,100.553,timestamp_domain.system_time,661046.000,109.000,1,661046.000,661078.000,32.000,32.000,661078.000,32.000,1,1,pnp_visible_ransac,9,1.642,-12.2029,-0.067885,3.106620,-1.2518
2026-09-04T10:25:22.525,156,STANDOFF_VERIFY,STANDOFF_VERIFY,491,2,1788485122442.593,66.212,timestamp_domain.system_time,661140.000,94.000,1,661140.000,661187.000,47.000,47.000,661187.000,47.000,1,1,pnp_visible_ransac,9,1.571,-12.3700,-0.067153,3.111552,-1.2364
2026-09-04T10:25:22.625,157,STANDOFF_VERIFY,STANDOFF_VERIFY,494,3,1788485122542.982,100.389,timestamp_domain.system_time,661234.000,94.000,1,661234.000,661281.000,47.000,47.000,661281.000,47.000,1,1,pnp_visible_ransac,9,1.584,-12.3963,-0.067971,3.114770,-1.2501
2026-09-04T10:25:22.719,158,STANDOFF_VERIFY,STANDOFF_VERIFY,498,4,1788485122676.367,133.385,timestamp_domain.system_time,661343.000,109.000,1,661343.000,661375.000,32.000,32.000,661375.000,32.000,1,1,pnp_visible_ransac,9,1.591,-12.3135,-0.067642,3.106067,-1.2476
2026-09-04T10:25:22.815,159,STANDOFF_VERIFY,STANDOFF_VERIFY,501,3,1788485122776.405,100.038,timestamp_domain.system_time,661437.000,94.000,1,661437.000,661468.000,31.000,31.000,661468.000,31.000,1,1,pnp_visible_ransac,9,1.535,-12.6746,-0.066624,3.113438,-1.2259
2026-09-04T10:25:22.914,160,STANDOFF_VERIFY,STANDOFF_VERIFY,504,3,1788485122876.539,100.134,timestamp_domain.system_time,661546.000,109.000,1,661546.000,661578.000,32.000,32.000,661578.000,32.000,1,1,pnp_visible_ransac,9,1.562,-12.6642,-0.067273,3.114575,-1.2374
2026-09-04T10:25:23.019,161,STANDOFF_VERIFY,STANDOFF_VERIFY,506,2,1788485122943.216,66.677,timestamp_domain.system_time,661640.000,94.000,1,661640.000,661671.000,31.000,31.000,661671.000,31.000,1,1,pnp_visible_ransac,9,1.583,-12.6776,-0.067281,3.118807,-1.2358
2026-09-04T10:25:23.110,162,STANDOFF_VERIFY,STANDOFF_VERIFY,509,3,1788485123042.930,99.714,timestamp_domain.system_time,661734.000,94.000,1,661734.000,661765.000,31.000,31.000,661765.000,31.000,1,1,pnp_visible_ransac,9,1.550,-12.7623,-0.066427,3.117351,-1.2207
2026-09-04T10:25:23.203,163,STANDOFF_MOVE,STANDOFF_MOVE,512,3,1788485123143.395,100.465,timestamp_domain.system_time,661828.000,94.000,1,661828.000,661859.000,31.000,31.000,661859.000,31.000,1,1,pnp_visible_ransac,9,1.586,-12.5034,-0.067315,3.111696,-1.2393
2026-09-04T10:25:23.298,164,STANDOFF_MOVE,STANDOFF_MOVE,515,3,1788485123243.053,99.658,timestamp_domain.system_time,661921.000,93.000,1,661921.000,661953.000,32.000,32.000,661953.000,32.000,1,1,pnp_visible_ransac,9,1.530,-12.6097,-0.067505,3.114083,-1.2418
2026-09-04T10:25:23.398,165,STANDOFF_MOVE,STANDOFF_MOVE,518,3,1788485123343.195,100.142,timestamp_domain.system_time,662015.000,94.000,1,662015.000,662046.000,31.000,31.000,662062.000,47.000,1,1,pnp_visible_ransac,9,1.551,-12.8184,-0.066250,3.119276,-1.2167
2026-09-04T10:25:23.495,166,STANDOFF_MOVE,STANDOFF_MOVE,521,3,1788485123443.424,100.229,timestamp_domain.system_time,662109.000,94.000,1,662109.000,662140.000,31.000,31.000,662156.000,47.000,1,1,pnp_visible_ransac,9,1.571,-12.6382,-0.066544,3.110072,-1.2257
2026-09-04T10:25:23.591,167,STANDOFF_MOVE,STANDOFF_MOVE,524,3,1788485123543.469,100.045,timestamp_domain.system_time,662203.000,94.000,1,662203.000,662250.000,47.000,47.000,662250.000,47.000,1,1,pnp_visible_ransac,9,1.467,-12.7537,-0.066899,3.113987,-1.2307
2026-09-04T10:25:23.731,168,STANDOFF_MOVE,STANDOFF_MOVE,527,3,1788485123643.889,100.420,timestamp_domain.system_time,662343.000,140.000,1,662343.000,662390.000,47.000,47.000,662390.000,47.000,1,1,pnp_visible_ransac,9,1.512,-12.8739,-0.066569,3.119495,-1.2225
2026-09-04T10:25:23.842,169,STANDOFF_MOVE,STANDOFF_MOVE,531,4,1788485123776.878,132.990,timestamp_domain.system_time,662468.000,125.000,1,662468.000,662500.000,32.000,32.000,662500.000,32.000,1,1,pnp_visible_ransac,9,1.515,-12.9100,-0.065973,3.120830,-1.2110
2026-09-04T10:25:23.935,170,STANDOFF_MOVE,STANDOFF_MOVE,534,3,1788485123876.968,100.090,timestamp_domain.system_time,662562.000,94.000,1,662562.000,662593.000,31.000,31.000,662593.000,31.000,1,1,pnp_visible_ransac,9,1.544,-12.5284,-0.067143,3.111491,-1.2362
2026-09-04T10:25:24.032,171,STANDOFF_MOVE,STANDOFF_MOVE,537,3,1788485123977.210,100.242,timestamp_domain.system_time,662656.000,94.000,1,662656.000,662687.000,31.000,31.000,662687.000,31.000,1,1,pnp_visible_ransac,9,1.553,-12.6551,-0.067170,3.122178,-1.2325
2026-09-04T10:25:24.124,172,STANDOFF_MOVE,STANDOFF_MOVE,540,3,1788485124076.991,99.781,timestamp_domain.system_time,662750.000,94.000,1,662750.000,662781.000,31.000,31.000,662781.000,31.000,1,1,pnp_visible_ransac,9,1.498,-12.4513,-0.064916,3.109966,-1.1958
2026-09-04T10:25:24.217,173,STANDOFF_MOVE,STANDOFF_MOVE,543,3,1788485124177.562,100.571,timestamp_domain.system_time,662843.000,93.000,1,662843.000,662875.000,32.000,32.000,662875.000,32.000,1,1,pnp_visible_ransac,9,1.527,-12.4400,-0.068321,3.109091,-1.2589
2026-09-04T10:25:24.331,174,STANDOFF_MOVE,STANDOFF_MOVE,546,3,1788485124277.454,99.892,timestamp_domain.system_time,662953.000,110.000,1,662953.000,662984.000,31.000,31.000,662984.000,31.000,1,1,pnp_visible_ransac,9,1.609,-12.3336,-0.066881,3.099908,-1.2360
2026-09-04T10:25:24.426,175,STANDOFF_SETTLE,STANDOFF_SETTLE,549,3,1788485124377.302,99.848,timestamp_domain.system_time,663046.000,93.000,1,663046.000,663078.000,32.000,32.000,663078.000,32.000,1,1,pnp_visible_ransac,9,1.533,-12.1504,-0.066412,3.087925,-1.2321
2026-09-04T10:25:24.531,176,STANDOFF_SETTLE,STANDOFF_SETTLE,552,3,1788485124477.887,100.584,timestamp_domain.system_time,663156.000,110.000,1,663156.000,663187.000,31.000,31.000,663187.000,31.000,1,1,pnp_visible_ransac,9,1.538,-12.8640,-0.063543,3.083692,-1.1805
2026-09-04T10:25:24.641,177,STANDOFF_SETTLE,STANDOFF_SETTLE,554,2,1788485124544.025,66.139,timestamp_domain.system_time,663234.000,78.000,1,663250.000,663296.000,46.000,62.000,663296.000,62.000,1,1,pnp_visible_ransac,9,1.614,-13.1385,-0.063482,3.083552,-1.1794
2026-09-04T10:25:24.732,178,STANDOFF_SETTLE,STANDOFF_SETTLE,558,4,1788485124678.211,134.186,timestamp_domain.system_time,663359.000,125.000,1,663359.000,663390.000,31.000,31.000,663390.000,31.000,1,1,pnp_visible_ransac,9,1.453,-12.7813,-0.056635,3.073014,-1.0558
2026-09-04T10:25:24.833,179,STANDOFF_SETTLE,STANDOFF_SETTLE,561,3,1788485124777.585,99.374,timestamp_domain.system_time,663453.000,94.000,1,663453.000,663484.000,31.000,31.000,663484.000,31.000,1,1,pnp_visible_ransac,9,1.722,-12.5750,-0.041962,3.065494,-0.7842
2026-09-04T10:25:24.937,180,STANDOFF_SETTLE,STANDOFF_SETTLE,564,3,1788485124877.719,100.133,timestamp_domain.system_time,663546.000,93.000,1,663562.000,663593.000,31.000,47.000,663593.000,47.000,1,1,pnp_visible_ransac,9,1.471,-13.3509,-0.046241,3.081621,-0.8597
2026-09-04T10:25:25.035,181,STANDOFF_SETTLE,STANDOFF_SETTLE,567,3,1788485124977.959,100.240,timestamp_domain.system_time,663656.000,110.000,1,663656.000,663687.000,31.000,31.000,663687.000,31.000,1,1,pnp_visible_ransac,9,1.472,-12.4246,-0.062573,3.070831,-1.1673
2026-09-04T10:25:25.133,182,STANDOFF_SETTLE,STANDOFF_SETTLE,570,3,1788485125078.076,100.118,timestamp_domain.system_time,663750.000,94.000,1,663765.000,663796.000,31.000,46.000,663796.000,46.000,1,1,pnp_visible_ransac,9,1.512,-12.8794,-0.058834,3.073809,-1.0965
2026-09-04T10:25:25.235,183,STANDOFF_SETTLE,STANDOFF_SETTLE,573,3,1788485125177.975,99.898,timestamp_domain.system_time,663843.000,93.000,1,663843.000,663890.000,47.000,47.000,663890.000,47.000,1,1,pnp_visible_ransac,9,1.459,-13.0817,-0.054354,3.081767,-1.0104
2026-09-04T10:25:25.337,184,STANDOFF_SETTLE,STANDOFF_SETTLE,576,3,1788485125278.132,100.157,timestamp_domain.system_time,663937.000,94.000,1,663937.000,664000.000,63.000,63.000,664000.000,63.000,1,1,pnp_visible_ransac,9,1.512,-12.7184,-0.060727,3.076898,-1.1307
2026-09-04T10:25:25.431,185,STANDOFF_SETTLE,STANDOFF_SETTLE,579,3,1788485125378.105,99.974,timestamp_domain.system_time,664046.000,109.000,1,664062.000,664093.000,31.000,47.000,664093.000,47.000,1,1,pnp_visible_ransac,9,1.474,-12.6011,-0.061905,3.074098,-1.1536
2026-09-04T10:25:25.536,186,STANDOFF_SETTLE,STANDOFF_SETTLE,582,3,1788485125478.430,100.324,timestamp_domain.system_time,664156.000,110.000,1,664156.000,664187.000,31.000,31.000,664187.000,31.000,1,1,pnp_visible_ransac,9,1.481,-12.7060,-0.058059,3.076166,-1.0813
2026-09-04T10:25:25.648,187,STANDOFF_SETTLE,STANDOFF_SETTLE,584,2,1788485125544.831,66.401,timestamp_domain.system_time,664265.000,109.000,1,664265.000,664312.000,47.000,47.000,664312.000,47.000,1,1,pnp_visible_ransac,9,1.489,-12.8162,-0.058901,3.082476,-1.0947
2026-09-04T10:25:25.758,188,STANDOFF_SETTLE,STANDOFF_SETTLE,589,5,1788485125711.580,166.749,timestamp_domain.system_time,664375.000,110.000,1,664375.000,664406.000,31.000,31.000,664421.000,46.000,1,1,pnp_visible_ransac,9,1.488,-12.6886,-0.061212,3.071698,-1.1416
2026-09-04T10:25:25.859,189,STANDOFF_SETTLE,STANDOFF_SETTLE,592,3,1788485125811.593,100.013,timestamp_domain.system_time,664484.000,109.000,1,664484.000,664515.000,31.000,31.000,664515.000,31.000,1,1,pnp_visible_ransac,9,1.515,-12.8211,-0.058554,3.075170,-1.0908
2026-09-04T10:25:25.949,190,STANDOFF_SETTLE,STANDOFF_SETTLE,594,2,1788485125878.415,66.823,timestamp_domain.system_time,664578.000,94.000,1,664578.000,664609.000,31.000,31.000,664609.000,31.000,1,1,pnp_visible_ransac,9,1.421,-12.8584,-0.058981,3.072987,-1.0996
2026-09-04T10:25:26.048,191,STANDOFF_SETTLE,STANDOFF_SETTLE,597,3,1788485125978.533,100.118,timestamp_domain.system_time,664671.000,93.000,1,664671.000,664703.000,32.000,32.000,664703.000,32.000,1,1,pnp_visible_ransac,9,1.512,-12.5381,-0.060496,3.064811,-1.1308
2026-09-04T10:25:26.155,192,STANDOFF_SETTLE,STANDOFF_SETTLE,600,3,1788485126078.460,99.927,timestamp_domain.system_time,664765.000,94.000,1,664781.000,664812.000,31.000,47.000,664812.000,47.000,1,1,pnp_visible_ransac,9,1.390,-12.5855,-0.060568,3.065500,-1.1319
2026-09-04T10:25:26.248,193,STANDOFF_SETTLE,STANDOFF_SETTLE,604,4,1788485126212.177,133.717,timestamp_domain.system_time,664875.000,110.000,1,664875.000,664906.000,31.000,31.000,664906.000,31.000,1,1,pnp_visible_ransac,9,1.457,-12.8012,-0.059881,3.075300,-1.1155
2026-09-04T10:25:26.348,194,STANDOFF_SETTLE,STANDOFF_SETTLE,606,2,1788485126278.779,66.602,timestamp_domain.system_time,664968.000,93.000,1,664968.000,665000.000,32.000,32.000,665000.000,32.000,1,1,pnp_visible_ransac,9,1.428,-12.6414,-0.060595,3.069810,-1.1308
2026-09-04T10:25:26.448,195,STANDOFF_SETTLE,STANDOFF_SETTLE,609,3,1788485126379.129,100.351,timestamp_domain.system_time,665078.000,110.000,1,665078.000,665109.000,31.000,31.000,665109.000,31.000,1,1,pnp_visible_ransac,9,1.477,-12.6328,-0.061408,3.066872,-1.1471
2026-09-04T10:25:26.552,196,STANDOFF_SETTLE,STANDOFF_SETTLE,613,4,1788485126512.062,132.932,timestamp_domain.system_time,665187.000,109.000,1,665187.000,665218.000,31.000,31.000,665218.000,31.000,1,1,pnp_visible_ransac,9,1.426,-12.7395,-0.060603,3.075194,-1.1290
2026-09-04T10:25:26.648,197,STANDOFF_SETTLE,STANDOFF_SETTLE,614,1,1788485126545.611,33.549,timestamp_domain.system_time,665281.000,94.000,1,665281.000,665312.000,31.000,31.000,665312.000,31.000,1,1,pnp_visible_ransac,9,1.491,-12.7679,-0.061580,3.074353,-1.1475
2026-09-04T10:25:26.748,198,STANDOFF_SETTLE,STANDOFF_SETTLE,618,4,1788485126678.697,133.086,timestamp_domain.system_time,665375.000,94.000,1,665375.000,665406.000,31.000,31.000,665406.000,31.000,1,1,pnp_visible_ransac,9,1.471,-12.6197,-0.060991,3.070574,-1.1379
2026-09-04T10:25:26.856,199,STANDOFF_SETTLE,STANDOFF_SETTLE,621,3,1788485126779.073,100.376,timestamp_domain.system_time,665468.000,93.000,1,665468.000,665515.000,47.000,47.000,665515.000,47.000,1,1,pnp_visible_ransac,9,1.456,-12.5616,-0.061102,3.071572,-1.1396
2026-09-04T10:25:26.948,200,STANDOFF_SETTLE,STANDOFF_SETTLE,624,3,1788485126879.323,100.250,timestamp_domain.system_time,665562.000,94.000,1,665578.000,665609.000,31.000,47.000,665609.000,47.000,1,1,pnp_visible_ransac,9,1.459,-12.6492,-0.060691,3.073071,-1.1314
2026-09-04T10:25:27.039,201,STANDOFF_SETTLE,STANDOFF_SETTLE,627,3,1788485126979.674,100.351,timestamp_domain.system_time,665656.000,94.000,1,665671.000,665703.000,32.000,47.000,665703.000,47.000,1,1,pnp_visible_ransac,9,1.438,-12.6760,-0.060316,3.067566,-1.1264
2026-09-04T10:25:27.131,202,STANDOFF_SETTLE,STANDOFF_SETTLE,630,3,1788485127079.362,99.688,timestamp_domain.system_time,665765.000,109.000,1,665765.000,665796.000,31.000,31.000,665796.000,31.000,1,1,pnp_visible_ransac,9,1.444,-12.6286,-0.059591,3.068531,-1.1125
2026-09-04T10:25:27.221,203,STANDOFF_SETTLE,STANDOFF_SETTLE,633,3,1788485127179.486,100.123,timestamp_domain.system_time,665843.000,78.000,1,665843.000,665875.000,32.000,32.000,665875.000,32.000,1,1,pnp_visible_ransac,9,1.462,-12.6539,-0.060713,3.072926,-1.1319
2026-09-04T10:25:27.315,204,STANDOFF_SETTLE,STANDOFF_SETTLE,636,3,1788485127279.523,100.038,timestamp_domain.system_time,665937.000,94.000,1,665937.000,665968.000,31.000,31.000,665968.000,31.000,1,1,pnp_visible_ransac,9,1.463,-12.6091,-0.060181,3.063804,-1.1253
2026-09-04T10:25:27.415,205,STANDOFF_VERIFY,STANDOFF_VERIFY,639,3,1788485127379.708,100.185,timestamp_domain.system_time,666046.000,109.000,1,666046.000,666078.000,32.000,32.000,666078.000,32.000,1,1,pnp_visible_ransac,9,1.468,-12.6298,-0.060464,3.068434,-1.1289
2026-09-04T10:25:27.531,206,STANDOFF_VERIFY,STANDOFF_VERIFY,642,3,1788485127479.896,100.188,timestamp_domain.system_time,666156.000,110.000,1,666156.000,666187.000,31.000,31.000,666187.000,31.000,1,1,pnp_visible_ransac,9,1.460,-12.7753,-0.059435,3.071625,-1.1085
2026-09-04T10:25:27.617,207,STANDOFF_VERIFY,STANDOFF_VERIFY,644,2,1788485127547.237,67.341,timestamp_domain.system_time,666250.000,94.000,1,666250.000,666281.000,31.000,31.000,666281.000,31.000,1,1,pnp_visible_ransac,9,1.399,-12.4461,-0.061192,3.066702,-1.1431
2026-09-04T10:25:27.748,208,STANDOFF_VERIFY,STANDOFF_VERIFY,645,1,1788485127579.720,32.483,timestamp_domain.system_time,666375.000,125.000,1,666375.000,666406.000,31.000,31.000,666406.000,31.000,1,1,pnp_visible_ransac,9,1.451,-12.6521,-0.060258,3.068416,-1.1250
2026-09-04T10:25:27.858,209,STANDOFF_VERIFY,STANDOFF_VERIFY,651,6,1788485127780.012,200.292,timestamp_domain.system_time,666468.000,93.000,1,666468.000,666500.000,32.000,32.000,666515.000,47.000,1,1,pnp_visible_ransac,9,1.452,-12.5942,-0.059982,3.069776,-1.1194
2026-09-04T10:25:27.965,210,STANDOFF_VERIFY,STANDOFF_VERIFY,655,4,1788485127913.267,133.256,timestamp_domain.system_time,666578.000,110.000,1,666578.000,666609.000,31.000,31.000,666625.000,47.000,1,1,pnp_visible_ransac,9,1.501,-12.3862,-0.060815,3.060829,-1.1383
2026-09-04T10:25:28.076,211,STANDOFF_VERIFY,STANDOFF_VERIFY,658,3,1788485128013.415,100.148,timestamp_domain.system_time,666687.000,109.000,1,666687.000,666734.000,47.000,47.000,666734.000,47.000,1,1,pnp_visible_ransac,9,1.481,-12.3128,-0.060639,3.061247,-1.1348
2026-09-04T10:25:28.165,212,STANDOFF_VERIFY,STANDOFF_VERIFY,661,3,1788485128113.540,100.125,timestamp_domain.system_time,666781.000,94.000,1,666796.000,666828.000,32.000,47.000,666828.000,47.000,1,1,pnp_visible_ransac,9,1.456,-12.3972,-0.060643,3.061086,-1.1349
2026-09-04T10:25:28.256,213,STANDOFF_VERIFY,STANDOFF_VERIFY,664,3,1788485128213.176,99.636,timestamp_domain.system_time,666875.000,94.000,1,666875.000,666921.000,46.000,46.000,666921.000,46.000,1,1,pnp_visible_ransac,9,1.493,-12.5830,-0.060251,3.068281,-1.1250
2026-09-04T10:25:28.348,214,STANDOFF_VERIFY,STANDOFF_VERIFY,666,2,1788485128280.229,67.053,timestamp_domain.system_time,666968.000,93.000,1,666968.000,667000.000,32.000,32.000,667000.000,32.000,1,1,pnp_visible_ransac,9,1.433,-12.4327,-0.061313,3.061751,-1.1472
2026-09-04T10:25:28.448,215,STAGING_PLAN,STAGING_PLAN,669,3,1788485128380.288,100.058,timestamp_domain.system_time,667062.000,94.000,1,667062.000,667109.000,47.000,47.000,667109.000,47.000,1,1,pnp_visible_ransac,9,1.461,-12.3863,-0.061078,3.064448,-1.1418
2026-09-04T10:25:28.578,216,STAGING_PLAN,STAGING_PLAN,673,4,1788485128513.947,133.659,timestamp_domain.system_time,667187.000,125.000,1,667203.000,667234.000,31.000,47.000,667234.000,47.000,1,1,pnp_visible_ransac,9,1.509,-12.4588,-0.059638,3.060409,-1.1164
2026-09-04T10:25:28.678,217,STAGING_PLAN,STAGING_PLAN,674,1,1788485128548.124,34.177,timestamp_domain.system_time,667296.000,109.000,1,667296.000,667328.000,32.000,32.000,667343.000,47.000,1,1,pnp_visible_ransac,9,1.482,-12.2963,-0.061348,3.062805,-1.1475
2026-09-04T10:25:28.773,218,STAGING_PLAN,STAGING_PLAN,679,5,1788485128713.747,165.623,timestamp_domain.system_time,667390.000,94.000,1,667390.000,667437.000,47.000,47.000,667437.000,47.000,1,1,pnp_visible_ransac,9,1.422,-12.4637,-0.061076,3.064372,-1.1418
2026-09-04T10:25:28.875,219,STAGING_PLAN,STAGING_PLAN,682,3,1788485128813.989,100.242,timestamp_domain.system_time,667500.000,110.000,1,667500.000,667531.000,31.000,31.000,667531.000,31.000,1,1,pnp_visible_ransac,9,1.474,-12.4876,-0.060781,3.061333,-1.1374
2026-09-04T10:25:28.967,220,STAGING_PLAN,STAGING_PLAN,685,3,1788485128913.875,99.885,timestamp_domain.system_time,667578.000,78.000,1,667593.000,667625.000,32.000,47.000,667625.000,47.000,1,1,pnp_visible_ransac,9,1.435,-12.5349,-0.060883,3.062594,-1.1389
2026-09-04T10:25:29.049,221,STAGING_PLAN,STAGING_PLAN,688,3,1788485129013.948,100.074,timestamp_domain.system_time,667671.000,93.000,1,667671.000,667703.000,32.000,32.000,667703.000,32.000,1,1,pnp_visible_ransac,9,1.414,-12.1778,-0.061486,3.056523,-1.1524
2026-09-04T10:25:29.148,222,STAGING_PLAN,STAGING_PLAN,690,2,1788485129080.938,66.990,timestamp_domain.system_time,667781.000,110.000,1,667781.000,667812.000,31.000,31.000,667812.000,31.000,1,1,pnp_visible_ransac,9,1.412,-12.4729,-0.060856,3.063258,-1.1381
2026-09-04T10:25:29.253,223,STAGING_PLAN,STAGING_PLAN,693,3,1788485129180.796,99.857,timestamp_domain.system_time,667875.000,94.000,1,667875.000,667906.000,31.000,31.000,667906.000,31.000,1,1,pnp_visible_ransac,9,1.472,-12.5199,-0.060320,3.066146,-1.1270
2026-09-04T10:25:29.351,224,STAGING_PLAN,STAGING_PLAN,696,3,1788485129280.940,100.144,timestamp_domain.system_time,667984.000,109.000,1,667984.000,668015.000,31.000,31.000,668015.000,31.000,1,1,pnp_visible_ransac,9,1.410,-12.4799,-0.061418,3.066234,-1.1475
2026-09-04T10:25:29.448,225,WAYPOINT_TURN,WAYPOINT_TURN,699,3,1788485129380.947,100.006,timestamp_domain.system_time,668078.000,94.000,1,668078.000,668109.000,31.000,31.000,668109.000,31.000,1,1,pnp_visible_ransac,9,1.551,-12.2295,-0.060653,3.055808,-1.1371
2026-09-04T10:25:29.565,226,WAYPOINT_TURN,WAYPOINT_TURN,703,4,1788485129514.461,133.515,timestamp_domain.system_time,668187.000,109.000,1,668187.000,668218.000,31.000,31.000,668218.000,31.000,1,1,pnp_visible_ransac,9,1.438,-12.3126,-0.061402,3.060601,-1.1493
2026-09-04T10:25:29.678,227,WAYPOINT_TURN,WAYPOINT_TURN,705,2,1788485129581.515,67.053,timestamp_domain.system_time,668296.000,109.000,1,668296.000,668343.000,47.000,47.000,668343.000,47.000,1,1,pnp_visible_ransac,9,1.408,-12.4533,-0.061010,3.065980,-1.1400
2026-09-04T10:25:29.765,228,WAYPOINT_TURN,WAYPOINT_TURN,709,4,1788485129714.477,132.962,timestamp_domain.system_time,668390.000,94.000,1,668390.000,668421.000,31.000,31.000,668421.000,31.000,1,1,pnp_visible_ransac,9,1.474,-12.4458,-0.061035,3.065159,-1.1407
2026-09-04T10:25:29.867,229,WAYPOINT_TURN,WAYPOINT_TURN,712,3,1788485129814.999,100.521,timestamp_domain.system_time,668484.000,94.000,1,668484.000,668531.000,47.000,47.000,668531.000,47.000,1,1,pnp_visible_ransac,9,1.488,-12.3441,-0.061080,3.061673,-1.1429
2026-09-04T10:25:29.952,230,WAYPOINT_TURN,WAYPOINT_TURN,714,2,1788485129881.457,66.458,timestamp_domain.system_time,668578.000,94.000,1,668578.000,668609.000,31.000,31.000,668609.000,31.000,1,1,pnp_visible_ransac,9,1.463,-12.3132,-0.061606,3.058358,-1.1540
2026-09-04T10:25:30.056,231,WAYPOINT_TURN,WAYPOINT_TURN,717,3,1788485129981.432,99.975,timestamp_domain.system_time,668671.000,93.000,1,668687.000,668718.000,31.000,47.000,668718.000,47.000,1,1,pnp_visible_ransac,9,1.440,-12.5122,-0.061189,3.065964,-1.1433
2026-09-04T10:25:30.174,232,WAYPOINT_TURN,WAYPOINT_TURN,721,4,1788485130114.943,133.511,timestamp_domain.system_time,668796.000,125.000,1,668796.000,668828.000,32.000,32.000,668828.000,32.000,1,1,pnp_visible_ransac,9,1.452,-12.4421,-0.060611,3.062324,-1.1339
2026-09-04T10:25:30.295,233,WAYPOINT_TURN,WAYPOINT_TURN,725,4,1788485130248.290,133.347,timestamp_domain.system_time,668906.000,110.000,1,668906.000,668953.000,47.000,47.000,668953.000,47.000,1,1,pnp_visible_ransac,9,1.457,-12.5200,-0.060901,3.066432,-1.1378
2026-09-04T10:25:30.398,234,WAYPOINT_TURN,WAYPOINT_TURN,728,3,1788485130348.938,100.648,timestamp_domain.system_time,669015.000,109.000,1,669015.000,669062.000,47.000,47.000,669062.000,47.000,1,1,pnp_visible_ransac,9,1.466,-12.5112,-0.060627,3.065900,-1.1329
2026-09-04T10:25:30.503,235,WAYPOINT_TURN,WAYPOINT_TURN,731,3,1788485130448.868,99.930,timestamp_domain.system_time,669125.000,110.000,1,669125.000,669156.000,31.000,31.000,669156.000,31.000,1,1,pnp_visible_ransac,9,1.425,-12.8973,-0.061582,3.067766,-1.1500
2026-09-04T10:25:30.606,236,WAYPOINT_TURN,WAYPOINT_TURN,734,3,1788485130548.631,99.763,timestamp_domain.system_time,669218.000,93.000,1,669234.000,669265.000,31.000,47.000,669265.000,47.000,1,1,pnp_visible_ransac,9,1.459,-13.1322,-0.067880,3.073430,-1.2652
2026-09-04T10:25:30.711,237,WAYPOINT_TURN,WAYPOINT_TURN,735,1,1788485130582.252,33.621,timestamp_domain.system_time,669328.000,110.000,1,669328.000,669375.000,47.000,47.000,669375.000,47.000,1,1,pnp_visible_ransac,9,1.531,-13.2885,-0.071599,3.071990,-1.3352
2026-09-04T10:25:30.817,238,WAYPOINT_TURN,WAYPOINT_TURN,740,5,1788485130748.814,166.562,timestamp_domain.system_time,669437.000,109.000,1,669437.000,669468.000,31.000,31.000,669484.000,47.000,1,1,pnp_visible_ransac,9,1.719,-13.1809,-0.081725,3.084239,-1.5178
2026-09-04T10:25:30.938,239,WAYPOINT_TURN,WAYPOINT_TURN,744,4,1788485130882.056,133.242,timestamp_domain.system_time,669562.000,125.000,1,669562.000,669593.000,31.000,31.000,669593.000,31.000,1,1,pnp_visible_ransac,9,1.529,-13.0546,-0.098757,3.045722,-1.8572
2026-09-04T10:25:31.052,240,WAYPOINT_TURN,WAYPOINT_TURN,747,3,1788485130982.452,100.396,timestamp_domain.system_time,669671.000,109.000,1,669671.000,669703.000,32.000,32.000,669718.000,47.000,1,1,pnp_visible_ransac,9,1.546,-13.2883,-0.118996,3.027695,-2.2507
2026-09-04T10:25:31.166,241,WAYPOINT_TURN,WAYPOINT_TURN,751,4,1788485131115.554,133.101,timestamp_domain.system_time,669781.000,110.000,1,669796.000,669828.000,32.000,47.000,669828.000,47.000,1,1,pnp_visible_ransac,9,1.536,-13.7358,-0.157408,3.040124,-2.9639
2026-09-04T10:25:31.270,242,WAYPOINT_TURN,WAYPOINT_TURN,754,3,1788485131215.806,100.252,timestamp_domain.system_time,669890.000,109.000,1,669890.000,669921.000,31.000,31.000,669921.000,31.000,1,1,pnp_visible_ransac,9,1.645,-14.9302,-0.189977,3.055360,-3.5580
2026-09-04T10:25:31.373,243,WAYPOINT_TURN,WAYPOINT_TURN,757,3,1788485131315.958,100.152,timestamp_domain.system_time,669984.000,94.000,1,669984.000,670031.000,47.000,47.000,670031.000,47.000,1,1,pnp_visible_ransac,9,1.397,-15.8057,-0.259421,3.042009,-4.8744
2026-09-04T10:25:31.467,244,WAYPOINT_TURN,WAYPOINT_TURN,760,3,1788485131416.153,100.196,timestamp_domain.system_time,670078.000,94.000,1,670093.000,670125.000,32.000,47.000,670125.000,47.000,1,1,pnp_visible_ransac,9,1.597,-17.2686,-0.344255,3.059397,-6.4201
2026-09-04T10:25:31.574,245,WAYPOINT_TURN,WAYPOINT_TURN,763,3,1788485131516.186,100.032,timestamp_domain.system_time,670187.000,109.000,1,670203.000,670234.000,31.000,47.000,670234.000,47.000,1,1,pnp_visible_ransac,9,1.512,-17.4713,-0.392077,3.023350,-7.3890
2026-09-04T10:25:31.674,246,WAYPOINT_TURN,WAYPOINT_TURN,765,2,1788485131583.546,67.360,timestamp_domain.system_time,670296.000,109.000,1,670296.000,670328.000,32.000,32.000,670328.000,32.000,1,1,pnp_visible_ransac,9,1.326,-18.5225,-0.425851,2.983729,-8.1227
2026-09-04T10:25:31.790,247,WAYPOINT_TURN_SETTLE,WAYPOINT_TURN_SETTLE,769,4,1788485131716.468,132.922,timestamp_domain.system_time,670406.000,110.000,1,670421.000,670453.000,32.000,47.000,670453.000,47.000,1,1,pnp_visible_ransac,9,1.512,-20.1198,-0.541682,3.018551,-10.1735
2026-09-04T10:25:31.894,248,WAYPOINT_TURN_SETTLE,WAYPOINT_TURN_SETTLE,773,4,1788485131849.615,133.147,timestamp_domain.system_time,670515.000,109.000,1,670515.000,670546.000,31.000,31.000,670546.000,31.000,1,1,pnp_visible_ransac,9,1.577,-22.4982,-0.664314,2.996262,-12.5011
2026-09-04T10:25:31.999,249,WAYPOINT_TURN_SETTLE,WAYPOINT_TURN_SETTLE,776,3,1788485131949.986,100.371,timestamp_domain.system_time,670609.000,94.000,1,670625.000,670656.000,31.000,47.000,670656.000,47.000,1,1,pnp_visible_ransac,9,1.324,-22.9309,-0.698715,2.987484,-13.1638
2026-09-04T10:25:32.100,250,WAYPOINT_TURN_SETTLE,WAYPOINT_TURN_SETTLE,779,3,1788485132050.639,100.653,timestamp_domain.system_time,670718.000,109.000,1,670718.000,670765.000,47.000,47.000,670765.000,47.000,1,1,pnp_visible_ransac,9,1.955,-23.2304,-0.690342,2.988424,-13.0075
2026-09-04T10:25:32.199,251,WAYPOINT_TURN_SETTLE,WAYPOINT_TURN_SETTLE,782,3,1788485132149.667,99.028,timestamp_domain.system_time,670812.000,94.000,1,670828.000,670859.000,31.000,47.000,670859.000,47.000,1,1,pnp_visible_ransac,9,1.554,-22.5964,-0.632405,2.975819,-11.9977
2026-09-04T10:25:32.299,252,WAYPOINT_TURN_SETTLE,WAYPOINT_TURN_SETTLE,785,3,1788485132250.182,100.515,timestamp_domain.system_time,670921.000,109.000,1,670921.000,670953.000,32.000,32.000,670953.000,32.000,1,1,pnp_visible_ransac,9,1.741,-21.3528,-0.624608,2.987134,-11.8103
2026-09-04T10:25:32.401,253,WAYPOINT_TURN_SETTLE,WAYPOINT_TURN_SETTLE,788,3,1788485132350.406,100.223,timestamp_domain.system_time,671015.000,94.000,1,671031.000,671062.000,31.000,47.000,671062.000,47.000,1,1,pnp_visible_ransac,9,1.464,-22.5741,-0.629386,2.975312,-11.9440
2026-09-04T10:25:32.506,254,WAYPOINT_TURN_SETTLE,WAYPOINT_TURN_SETTLE,791,3,1788485132449.926,99.520,timestamp_domain.system_time,671109.000,94.000,1,671109.000,671156.000,47.000,47.000,671171.000,62.000,1,1,pnp_visible_ransac,9,1.505,-22.4640,-0.650146,2.977139,-12.3188
2026-09-04T10:25:32.605,255,WAYPOINT_TURN_SETTLE,WAYPOINT_TURN_SETTLE,794,3,1788485132550.351,100.426,timestamp_domain.system_time,671234.000,125.000,1,671234.000,671265.000,31.000,31.000,671265.000,31.000,1,1,pnp_visible_ransac,9,1.691,-22.7909,-0.648138,2.982547,-12.2603
2026-09-04T10:25:32.703,256,WAYPOINT_TURN_SETTLE,WAYPOINT_TURN_SETTLE,795,1,1788485132584.002,33.651,timestamp_domain.system_time,671328.000,94.000,1,671328.000,671359.000,31.000,31.000,671359.000,31.000,1,1,pnp_visible_ransac,9,1.532,-22.7564,-0.643589,2.972887,-12.2153
2026-09-04T10:25:32.799,257,WAYPOINT_TURN_SETTLE,WAYPOINT_TURN_SETTLE,800,5,1788485132750.388,166.386,timestamp_domain.system_time,671421.000,93.000,1,671421.000,671453.000,32.000,32.000,671453.000,32.000,1,1,pnp_visible_ransac,9,1.593,-22.3554,-0.645694,2.974019,-12.2495
2026-09-04T10:25:32.892,258,WAYPOINT_TURN_SETTLE,WAYPOINT_TURN_SETTLE,802,2,1788485132817.199,66.811,timestamp_domain.system_time,671515.000,94.000,1,671515.000,671546.000,31.000,31.000,671546.000,31.000,1,1,pnp_visible_ransac,9,1.548,-22.4850,-0.648930,2.977311,-12.2958
2026-09-04T10:25:32.998,259,WAYPOINT_TURN_SETTLE,WAYPOINT_TURN_SETTLE,806,4,1788485132950.480,133.281,timestamp_domain.system_time,671609.000,94.000,1,671609.000,671656.000,47.000,47.000,671656.000,47.000,1,1,pnp_visible_ransac,9,1.746,-22.2068,-0.650979,2.984559,-12.3044
2026-09-04T10:25:33.101,260,WAYPOINT_TURN_SETTLE,WAYPOINT_TURN_SETTLE,809,3,1788485133050.252,99.772,timestamp_domain.system_time,671718.000,109.000,1,671718.000,671765.000,47.000,47.000,671765.000,47.000,1,1,pnp_visible_ransac,9,1.556,-22.3032,-0.646865,2.973703,-12.2723
2026-09-04T10:25:33.202,261,WAYPOINT_TURN_SETTLE,WAYPOINT_TURN_SETTLE,812,3,1788485133150.608,100.355,timestamp_domain.system_time,671828.000,110.000,1,671828.000,671859.000,31.000,31.000,671859.000,31.000,1,1,pnp_visible_ransac,9,1.587,-22.4281,-0.649535,2.978319,-12.3029
2026-09-04T10:25:33.308,262,WAYPOINT_TURN_SETTLE,WAYPOINT_TURN_SETTLE,815,3,1788485133250.223,99.615,timestamp_domain.system_time,671921.000,93.000,1,671937.000,671968.000,31.000,47.000,671968.000,47.000,1,1,pnp_visible_ransac,9,1.532,-22.2592,-0.648725,2.969821,-12.3221
2026-09-04T10:25:33.416,263,WAYPOINT_TURN_SETTLE,WAYPOINT_TURN_SETTLE,818,3,1788485133350.615,100.392,timestamp_domain.system_time,672031.000,110.000,1,672046.000,672078.000,32.000,47.000,672078.000,47.000,1,1,pnp_visible_ransac,9,1.487,-22.5484,-0.645162,2.969337,-12.2584
2026-09-04T10:25:33.525,264,WAYPOINT_TURN_SETTLE,WAYPOINT_TURN_SETTLE,821,3,1788485133450.587,99.972,timestamp_domain.system_time,672125.000,94.000,1,672140.000,672187.000,47.000,62.000,672187.000,62.000,1,1,pnp_visible_ransac,9,1.515,-22.3090,-0.647380,2.969796,-12.2974
2026-09-04T10:25:33.632,265,WAYPOINT_TURN_SETTLE,WAYPOINT_TURN_SETTLE,825,4,1788485133583.876,133.289,timestamp_domain.system_time,672250.000,125.000,1,672250.000,672296.000,46.000,46.000,672296.000,46.000,1,1,pnp_visible_ransac,9,1.646,-21.9983,-0.651169,2.976053,-12.3420
2026-09-04T10:25:33.725,266,WAYPOINT_TURN_SETTLE,WAYPOINT_TURN_SETTLE,826,1,1788485133617.804,33.927,timestamp_domain.system_time,672343.000,93.000,1,672343.000,672390.000,47.000,47.000,672390.000,47.000,1,1,pnp_visible_ransac,9,1.597,-22.1979,-0.650013,2.974891,-12.3254
2026-09-04T10:25:33.826,267,WAYPOINT_TURN_SETTLE,WAYPOINT_TURN_SETTLE,830,4,1788485133750.860,133.057,timestamp_domain.system_time,672437.000,94.000,1,672437.000,672484.000,47.000,47.000,672484.000,47.000,1,1,pnp_visible_ransac,9,1.544,-22.1769,-0.650027,2.976885,-12.3177
2026-09-04T10:25:33.924,268,WAYPOINT_TURN_SETTLE,WAYPOINT_TURN_SETTLE,833,3,1788485133851.218,100.357,timestamp_domain.system_time,672546.000,109.000,1,672546.000,672578.000,32.000,32.000,672578.000,32.000,1,1,pnp_visible_ransac,9,1.717,-22.5303,-0.650319,2.979175,-12.3138
2026-09-04T10:25:34.016,269,WAYPOINT_TURN_SETTLE,WAYPOINT_TURN_SETTLE,836,3,1788485133950.888,99.670,timestamp_domain.system_time,672640.000,94.000,1,672640.000,672671.000,31.000,31.000,672671.000,31.000,1,1,pnp_visible_ransac,9,1.583,-22.2647,-0.649674,2.974988,-12.3188
2026-09-04T10:25:34.126,270,WAYPOINT_TURN_SETTLE,WAYPOINT_TURN_SETTLE,839,3,1788485134051.039,100.151,timestamp_domain.system_time,672734.000,94.000,1,672750.000,672781.000,31.000,47.000,672781.000,47.000,1,1,pnp_visible_ransac,9,1.671,-22.5905,-0.649821,2.981280,-12.2963
2026-09-04T10:25:34.225,271,WAYPOINT_TURN_SETTLE,WAYPOINT_TURN_SETTLE,842,3,1788485134151.675,100.636,timestamp_domain.system_time,672843.000,109.000,1,672843.000,672890.000,47.000,47.000,672890.000,47.000,1,1,pnp_visible_ransac,9,1.568,-22.2815,-0.649427,2.974198,-12.3174
2026-09-04T10:25:34.325,272,WAYPOINT_TURN_SETTLE,WAYPOINT_TURN_SETTLE,845,3,1788485134250.978,99.303,timestamp_domain.system_time,672937.000,94.000,1,672937.000,672984.000,47.000,47.000,672984.000,47.000,1,1,pnp_visible_ransac,9,1.535,-22.0473,-0.651224,2.974549,-12.3490
2026-09-04T10:25:34.427,273,WAYPOINT_TURN_SETTLE,WAYPOINT_TURN_SETTLE,848,3,1788485134351.279,100.301,timestamp_domain.system_time,673046.000,109.000,1,673046.000,673093.000,47.000,47.000,673093.000,47.000,1,1,pnp_visible_ransac,9,1.579,-22.2026,-0.651262,2.977637,-12.3373
2026-09-04T10:25:34.527,274,WAYPOINT_TURN_SETTLE,WAYPOINT_TURN_SETTLE,852,4,1788485134484.502,133.223,timestamp_domain.system_time,673156.000,110.000,1,673156.000,673187.000,31.000,31.000,673187.000,31.000,1,1,pnp_visible_ransac,9,1.687,-22.4058,-0.651980,2.983715,-12.3261
2026-09-04T10:25:34.665,275,WAYPOINT_TURN_SETTLE,WAYPOINT_TURN_SETTLE,855,3,1788485134584.708,100.206,timestamp_domain.system_time,673281.000,125.000,1,673281.000,673328.000,47.000,47.000,673328.000,47.000,1,1,pnp_visible_ransac,9,1.584,-22.4366,-0.649011,2.972309,-12.3173
2026-09-04T10:25:34.831,276,WAYPOINT_TURN_SETTLE,WAYPOINT_TURN_SETTLE,856,1,1788485134618.045,33.338,timestamp_domain.system_time,673421.000,140.000,1,673421.000,673484.000,63.000,63.000,673484.000,63.000,1,1,pnp_visible_ransac,9,1.669,-22.3071,-0.651824,2.979692,-12.3394
2026-09-04T10:25:35.001,277,STAGING_PLAN,STAGING_PLAN,866,10,1788485134951.590,333.545,timestamp_domain.system_time,673625.000,204.000,1,673625.000,673656.000,31.000,31.000,673656.000,31.000,1,1,pnp_visible_ransac,9,1.590,-22.3393,-0.649252,2.971883,-12.3235
2026-09-04T10:25:35.121,278,STAGING_PLAN,STAGING_PLAN,869,3,1788485135051.612,100.022,timestamp_domain.system_time,673734.000,109.000,1,673734.000,673781.000,47.000,47.000,673781.000,47.000,1,1,pnp_visible_ransac,9,1.609,-22.4150,-0.651728,2.983684,-12.3216
2026-09-04T10:25:35.232,279,STAGING_PLAN,STAGING_PLAN,873,4,1788485135184.826,133.214,timestamp_domain.system_time,673843.000,109.000,1,673859.000,673890.000,31.000,47.000,673890.000,47.000,1,1,pnp_visible_ransac,9,1.643,-22.2133,-0.651963,2.980654,-12.3381
2026-09-04T10:25:35.348,280,STAGING_PLAN,STAGING_PLAN,876,3,1788485135285.176,100.349,timestamp_domain.system_time,673968.000,125.000,1,673968.000,674000.000,32.000,32.000,674000.000,32.000,1,1,pnp_visible_ransac,9,1.680,-22.0336,-0.651166,2.976602,-12.3397
2026-09-04T10:25:35.449,281,STAGING_PLAN,STAGING_PLAN,879,3,1788485135385.344,100.168,timestamp_domain.system_time,674078.000,110.000,1,674078.000,674109.000,31.000,31.000,674109.000,31.000,1,1,pnp_visible_ransac,9,1.624,-22.2274,-0.650369,2.975598,-12.3291
2026-09-04T10:25:35.587,282,STAGING_PLAN,STAGING_PLAN,883,4,1788485135518.204,132.860,timestamp_domain.system_time,674203.000,125.000,1,674203.000,674250.000,47.000,47.000,674250.000,47.000,1,1,pnp_visible_ransac,9,1.701,-22.1655,-0.654339,2.988489,-12.3502
2026-09-04T10:25:35.759,283,STAGING_PLAN,STAGING_PLAN,886,3,1788485135618.531,100.327,timestamp_domain.system_time,674328.000,125.000,1,674343.000,674421.000,78.000,93.000,674421.000,93.000,1,1,pnp_visible_ransac,9,1.621,-22.2440,-0.650811,2.976241,-12.3347
2026-09-04T10:25:35.994,284,STAGING_PLAN,STAGING_PLAN,895,9,1788485135919.113,300.582,timestamp_domain.system_time,674593.000,265.000,1,674593.000,674656.000,63.000,63.000,674656.000,63.000,1,1,pnp_visible_ransac,9,1.537,-22.1240,-0.650466,2.973052,-12.3411
2026-09-04T10:25:36.132,285,STAGING_PLAN,STAGING_PLAN,899,4,1788485136052.058,132.945,timestamp_domain.system_time,674750.000,157.000,1,674750.000,674781.000,31.000,31.000,674796.000,46.000,1,1,pnp_visible_ransac,9,1.637,-22.0558,-0.652173,2.980266,-12.3435
2026-09-04T10:25:36.256,286,STAGING_PLAN,STAGING_PLAN,903,4,1788485136186.104,134.046,timestamp_domain.system_time,674859.000,109.000,1,674875.000,674906.000,31.000,47.000,674921.000,62.000,1,1,pnp_visible_ransac,9,1.526,-22.2039,-0.649217,2.970436,-12.3287
2026-09-04T10:25:36.367,287,WAYPOINT_DRIVE,WAYPOINT_DRIVE,907,4,1788485136319.303,133.198,timestamp_domain.system_time,674984.000,125.000,1,675000.000,675031.000,31.000,47.000,675031.000,47.000,1,1,pnp_visible_ransac,9,1.570,-22.2947,-0.650878,2.976245,-12.3359
2026-09-04T10:25:36.501,288,WAYPOINT_DRIVE_SETTLE,WAYPOINT_DRIVE_SETTLE,910,3,1788485136419.295,99.992,timestamp_domain.system_time,675109.000,125.000,1,675109.000,675156.000,47.000,47.000,675156.000,47.000,1,1,pnp_visible_ransac,9,1.621,-22.1147,-0.650012,2.972197,-12.3362
2026-09-04T10:25:36.625,289,WAYPOINT_DRIVE_SETTLE,WAYPOINT_DRIVE_SETTLE,914,4,1788485136552.505,133.210,timestamp_domain.system_time,675234.000,125.000,1,675250.000,675281.000,31.000,47.000,675281.000,47.000,1,1,pnp_visible_ransac,9,1.537,-22.2042,-0.650966,2.975321,-12.3412
2026-09-04T10:25:36.740,290,WAYPOINT_DRIVE_SETTLE,WAYPOINT_DRIVE_SETTLE,916,2,1788485136619.137,66.632,timestamp_domain.system_time,675343.000,109.000,1,675359.000,675390.000,31.000,47.000,675406.000,63.000,1,1,pnp_visible_ransac,9,1.665,-22.1084,-0.648605,2.982115,-12.2706
2026-09-04T10:25:36.855,291,WAYPOINT_DRIVE_SETTLE,WAYPOINT_DRIVE_SETTLE,921,5,1788485136785.879,166.742,timestamp_domain.system_time,675468.000,125.000,1,675484.000,675515.000,31.000,47.000,675515.000,47.000,1,1,pnp_visible_ransac,9,1.639,-22.2511,-0.642653,2.975500,-12.1876
2026-09-04T10:25:36.970,292,WAYPOINT_DRIVE_SETTLE,WAYPOINT_DRIVE_SETTLE,925,4,1788485136919.317,133.438,timestamp_domain.system_time,675593.000,125.000,1,675593.000,675625.000,32.000,32.000,675625.000,32.000,1,1,pnp_visible_ransac,9,1.743,-22.1995,-0.646145,2.978710,-12.2390
2026-09-04T10:25:37.134,293,WAYPOINT_DRIVE_SETTLE,WAYPOINT_DRIVE_SETTLE,929,4,1788485137053.189,133.873,timestamp_domain.system_time,675718.000,125.000,1,675734.000,675796.000,62.000,78.000,675796.000,78.000,1,1,pnp_visible_ransac,9,1.957,-21.7776,-0.652892,3.002084,-12.2696
2026-09-04T10:25:37.266,294,WAYPOINT_DRIVE_SETTLE,WAYPOINT_DRIVE_SETTLE,933,4,1788485137186.244,133.055,timestamp_domain.system_time,675875.000,157.000,1,675875.000,675921.000,46.000,46.000,675921.000,46.000,1,1,pnp_visible_ransac,9,1.823,-22.3264,-0.646638,2.982243,-12.2340
2026-09-04T10:25:37.400,295,WAYPOINT_DRIVE_SETTLE,WAYPOINT_DRIVE_SETTLE,938,5,1788485137353.068,166.824,timestamp_domain.system_time,676015.000,140.000,1,676031.000,676062.000,31.000,47.000,676062.000,47.000,1,1,pnp_visible_ransac,9,1.840,-21.8787,-0.650383,2.986686,-12.2850
2026-09-04T10:25:37.531,296,WAYPOINT_DRIVE_SETTLE,WAYPOINT_DRIVE_SETTLE,941,3,1788485137453.014,99.946,timestamp_domain.system_time,676140.000,125.000,1,676140.000,676187.000,47.000,47.000,676187.000,47.000,1,1,pnp_visible_ransac,9,1.778,-21.8278,-0.651004,2.994582,-12.2649
2026-09-04T10:25:37.654,297,WAYPOINT_DRIVE_SETTLE,WAYPOINT_DRIVE_SETTLE,945,4,1788485137586.860,133.846,timestamp_domain.system_time,676265.000,125.000,1,676281.000,676312.000,31.000,47.000,676312.000,47.000,1,1,pnp_visible_ransac,9,1.874,-21.9183,-0.650825,2.987437,-12.2901
2026-09-04T10:25:37.784,298,WAYPOINT_DRIVE_SETTLE,WAYPOINT_DRIVE_SETTLE,945,0,1788485137586.860,0.000,timestamp_domain.system_time,676406.000,141.000,1,676406.000,676437.000,31.000,31.000,676437.000,31.000,1,1,pnp_visible_ransac,9,1.874,-21.9183,-0.650825,2.987437,-12.2901
2026-09-04T10:25:37.908,299,WAYPOINT_DRIVE_SETTLE,WAYPOINT_DRIVE_SETTLE,953,8,1788485137853.436,266.576,timestamp_domain.system_time,676515.000,109.000,1,676531.000,676562.000,31.000,47.000,676562.000,47.000,1,1,pnp_visible_ransac,9,1.833,-21.4764,-0.651116,2.986950,-12.2973
2026-09-04T10:25:38.033,300,WAYPOINT_DRIVE_SETTLE,WAYPOINT_DRIVE_SETTLE,956,3,1788485137953.656,100.219,timestamp_domain.system_time,676640.000,125.000,1,676656.000,676687.000,31.000,47.000,676687.000,47.000,1,1,pnp_visible_ransac,9,1.872,-22.0725,-0.650052,2.990104,-12.2653
2026-09-04T10:25:38.154,301,WAYPOINT_DRIVE_SETTLE,WAYPOINT_DRIVE_SETTLE,960,4,1788485138086.874,133.218,timestamp_domain.system_time,676765.000,125.000,1,676781.000,676812.000,31.000,47.000,676812.000,47.000,1,1,pnp_visible_ransac,9,1.619,-21.8158,-0.647018,2.976189,-12.2652
2026-09-04T10:25:38.273,302,WAYPOINT_DRIVE_SETTLE,WAYPOINT_DRIVE_SETTLE,963,3,1788485138186.991,100.117,timestamp_domain.system_time,676890.000,125.000,1,676890.000,676937.000,47.000,47.000,676937.000,47.000,1,1,pnp_visible_ransac,9,1.866,-21.7935,-0.651403,2.992265,-12.2814
2026-09-04T10:25:38.390,303,WAYPOINT_DRIVE_SETTLE,WAYPOINT_DRIVE_SETTLE,967,4,1788485138320.622,133.631,timestamp_domain.system_time,677000.000,110.000,1,677015.000,677046.000,31.000,46.000,677046.000,46.000,1,1,pnp_visible_ransac,9,1.694,-21.8589,-0.648971,2.983999,-12.2698
2026-09-04T10:25:38.505,304,WAYPOINT_DRIVE_SETTLE,WAYPOINT_DRIVE_SETTLE,971,4,1788485138453.868,133.246,timestamp_domain.system_time,677125.000,125.000,1,677125.000,677156.000,31.000,31.000,677156.000,31.000,1,1,pnp_visible_ransac,9,1.732,-21.7317,-0.650535,2.987827,-12.2832
2026-09-04T10:25:38.625,305,WAYPOINT_DRIVE_SETTLE,WAYPOINT_DRIVE_SETTLE,974,3,1788485138553.893,100.025,timestamp_domain.system_time,677250.000,125.000,1,677250.000,677281.000,31.000,31.000,677281.000,31.000,1,1,pnp_visible_ransac,9,1.584,-21.9234,-0.647989,2.981298,-12.2626
2026-09-04T10:25:38.779,306,WAYPOINT_DRIVE_SETTLE,WAYPOINT_DRIVE_SETTLE,976,2,1788485138620.817,66.924,timestamp_domain.system_time,677390.000,140.000,1,677406.000,677437.000,31.000,47.000,677437.000,47.000,1,1,pnp_visible_ransac,9,1.805,-21.7575,-0.651172,2.992592,-12.2759
2026-09-04T10:25:38.903,307,WAYPOINT_DRIVE_SETTLE,WAYPOINT_DRIVE_SETTLE,982,6,1788485138820.896,200.079,timestamp_domain.system_time,677515.000,125.000,1,677515.000,677562.000,47.000,47.000,677562.000,47.000,1,1,pnp_visible_ransac,9,1.711,-21.9887,-0.649926,2.989292,-12.2662
2026-09-04T10:25:39.026,308,WAYPOINT_DRIVE_SETTLE,WAYPOINT_DRIVE_SETTLE,986,4,1788485138954.434,133.537,timestamp_domain.system_time,677640.000,125.000,1,677640.000,677687.000,47.000,47.000,677687.000,47.000,1,1,pnp_visible_ransac,9,1.658,-21.7074,-0.650062,2.987016,-12.2778
2026-09-04T10:25:39.153,309,WAYPOINT_DRIVE_SETTLE,WAYPOINT_DRIVE_SETTLE,990,4,1788485139087.667,133.234,timestamp_domain.system_time,677765.000,125.000,1,677765.000,677812.000,47.000,47.000,677812.000,47.000,1,1,pnp_visible_ransac,9,1.651,-21.6341,-0.649373,2.982611,-12.2827
2026-09-04T10:25:39.266,310,WAYPOINT_DRIVE_SETTLE,WAYPOINT_DRIVE_SETTLE,994,4,1788485139220.954,133.286,timestamp_domain.system_time,677890.000,125.000,1,677890.000,677921.000,31.000,31.000,677921.000,31.000,1,1,pnp_visible_ransac,9,1.816,-21.7052,-0.651630,2.993054,-12.2824
2026-09-04T10:25:39.372,311,WAYPOINT_DRIVE_SETTLE,WAYPOINT_DRIVE_SETTLE,997,3,1788485139320.960,100.006,timestamp_domain.system_time,678000.000,110.000,1,678000.000,678031.000,31.000,31.000,678031.000,31.000,1,1,pnp_visible_ransac,9,1.570,-21.7089,-0.649574,2.986060,-12.2727
2026-09-04T10:25:39.475,312,WAYPOINT_DRIVE_SETTLE,WAYPOINT_DRIVE_SETTLE,1000,3,1788485139421.635,100.676,timestamp_domain.system_time,678093.000,93.000,1,678109.000,678140.000,31.000,47.000,678140.000,47.000,1,1,pnp_visible_ransac,9,1.618,-22.2557,-0.646963,2.982332,-12.2396
2026-09-04T10:25:39.615,313,WAYPOINT_DRIVE_SETTLE,WAYPOINT_DRIVE_SETTLE,1004,4,1788485139554.589,132.953,timestamp_domain.system_time,678234.000,141.000,1,678234.000,678265.000,31.000,31.000,678281.000,47.000,1,1,pnp_visible_ransac,9,1.774,-21.9008,-0.650406,2.989563,-12.2739
2026-09-04T10:25:39.740,314,STAGING_PLAN,STAGING_PLAN,1006,2,1788485139621.463,66.875,timestamp_domain.system_time,678343.000,109.000,1,678359.000,678390.000,31.000,47.000,678406.000,63.000,1,1,pnp_visible_ransac,9,1.802,-21.8479,-0.648733,2.984248,-12.2645
2026-09-04T10:25:39.852,315,STAGING_PLAN,STAGING_PLAN,1011,5,1788485139787.930,166.467,timestamp_domain.system_time,678468.000,125.000,1,678468.000,678515.000,47.000,47.000,678515.000,47.000,1,1,pnp_visible_ransac,9,1.777,-21.8155,-0.650502,2.986874,-12.2864
2026-09-04T10:25:39.966,316,STAGING_PLAN,STAGING_PLAN,1014,3,1788485139888.158,100.228,timestamp_domain.system_time,678593.000,125.000,1,678593.000,678625.000,32.000,32.000,678625.000,32.000,1,1,pnp_visible_ransac,9,1.849,-21.8865,-0.650813,2.988042,-12.2874
2026-09-04T10:25:40.075,317,STAGING_PLAN,STAGING_PLAN,1018,4,1788485140021.381,133.223,timestamp_domain.system_time,678703.000,110.000,1,678703.000,678734.000,31.000,31.000,678734.000,31.000,1,1,pnp_visible_ransac,9,1.653,-22.1319,-0.648107,2.982481,-12.2600
2026-09-04T10:25:40.184,318,STAGING_PLAN,STAGING_PLAN,1021,3,1788485140121.516,100.135,timestamp_domain.system_time,678796.000,93.000,1,678812.000,678843.000,31.000,47.000,678843.000,47.000,1,1,pnp_visible_ransac,9,1.793,-21.6854,-0.651050,2.988897,-12.2884
2026-09-04T10:25:40.298,319,STAGING_PLAN,STAGING_PLAN,1024,3,1788485140221.865,100.349,timestamp_domain.system_time,678921.000,125.000,1,678921.000,678953.000,32.000,32.000,678953.000,32.000,1,1,pnp_visible_ransac,9,1.704,-21.9350,-0.649142,2.984663,-12.2703
2026-09-04T10:25:40.534,320,STAGING_PLAN,STAGING_PLAN,1029,5,1788485140389.071,167.207,timestamp_domain.system_time,679078.000,157.000,1,679093.000,679187.000,94.000,109.000,679187.000,109.000,1,1,pnp_visible_ransac,9,1.593,-21.9631,-0.648841,2.983706,-12.2686
2026-09-04T10:25:40.660,321,STAGING_PLAN,STAGING_PLAN,1035,6,1788485140588.657,199.586,timestamp_domain.system_time,679281.000,203.000,1,679281.000,679312.000,31.000,31.000,679312.000,31.000,1,1,pnp_visible_ransac,9,1.809,-21.9932,-0.649496,2.987637,-12.2650
2026-09-04T10:25:40.767,322,STAGING_PLAN,STAGING_PLAN,1037,2,1788485140655.512,66.854,timestamp_domain.system_time,679390.000,109.000,1,679390.000,679421.000,31.000,31.000,679421.000,31.000,1,1,pnp_visible_ransac,9,1.745,-22.2095,-0.648135,2.986179,-12.2458
2026-09-04T10:25:40.857,323,STAGING_PLAN,STAGING_PLAN,1041,4,1788485140788.773,133.261,timestamp_domain.system_time,679484.000,94.000,1,679484.000,679515.000,31.000,31.000,679515.000,31.000,1,1,pnp_visible_ransac,9,1.777,-21.8279,-0.650416,2.986077,-12.2880
2026-09-04T10:25:40.948,324,WAYPOINT_DRIVE,WAYPOINT_DRIVE,1044,3,1788485140889.242,100.470,timestamp_domain.system_time,679578.000,94.000,1,679578.000,679609.000,31.000,31.000,679609.000,31.000,1,1,pnp_visible_ransac,9,1.752,-21.9478,-0.648346,2.981383,-12.2688
2026-09-04T10:25:41.043,325,WAYPOINT_DRIVE_SETTLE,WAYPOINT_DRIVE_SETTLE,1047,3,1788485140988.741,99.499,timestamp_domain.system_time,679671.000,93.000,1,679671.000,679703.000,32.000,32.000,679703.000,32.000,1,1,pnp_visible_ransac,9,1.788,-22.3725,-0.648724,2.987589,-12.2510
2026-09-04T10:25:41.127,326,WAYPOINT_DRIVE_SETTLE,WAYPOINT_DRIVE_SETTLE,1050,3,1788485141089.153,100.412,timestamp_domain.system_time,679750.000,79.000,1,679750.000,679781.000,31.000,31.000,679781.000,31.000,1,1,pnp_visible_ransac,9,1.774,-21.9008,-0.650406,2.989563,-12.2739
2026-09-04T10:25:41.210,327,WAYPOINT_DRIVE_SETTLE,WAYPOINT_DRIVE_SETTLE,1052,2,1788485141155.953,66.800,timestamp_domain.system_time,679843.000,93.000,1,679843.000,679875.000,32.000,32.000,679875.000,32.000,1,1,pnp_visible_ransac,9,1.689,-21.9415,-0.649675,2.987297,-12.2696
2026-09-04T10:25:41.292,328,WAYPOINT_DRIVE_SETTLE,WAYPOINT_DRIVE_SETTLE,1055,3,1788485141255.779,99.826,timestamp_domain.system_time,679921.000,78.000,1,679921.000,679953.000,32.000,32.000,679953.000,32.000,1,1,pnp_visible_ransac,9,1.800,-21.6397,-0.651297,2.991546,-12.2823
2026-09-04T10:25:41.377,329,WAYPOINT_DRIVE_SETTLE,WAYPOINT_DRIVE_SETTLE,1057,2,1788485141322.875,67.096,timestamp_domain.system_time,680000.000,79.000,1,680000.000,680031.000,31.000,31.000,680031.000,31.000,1,1,pnp_visible_ransac,9,1.717,-21.9099,-0.649094,2.983960,-12.2722
2026-09-04T10:25:41.460,330,WAYPOINT_DRIVE_SETTLE,WAYPOINT_DRIVE_SETTLE,1060,3,1788485141422.723,99.848,timestamp_domain.system_time,680093.000,93.000,1,680093.000,680125.000,32.000,32.000,680125.000,32.000,1,1,pnp_visible_ransac,9,1.747,-21.8065,-0.650238,2.985787,-12.2859
2026-09-04T10:25:41.551,331,WAYPOINT_DRIVE_SETTLE,WAYPOINT_DRIVE_SETTLE,1062,2,1788485141489.309,66.586,timestamp_domain.system_time,680187.000,94.000,1,680187.000,680203.000,16.000,16.000,680203.000,16.000,1,1,pnp_visible_ransac,9,1.660,-21.7923,-0.648889,2.983150,-12.2717
2026-09-04T10:25:41.634,332,WAYPOINT_DRIVE_SETTLE,WAYPOINT_DRIVE_SETTLE,1065,3,1788485141589.933,100.624,timestamp_domain.system_time,680265.000,78.000,1,680265.000,680296.000,31.000,31.000,680296.000,31.000,1,1,pnp_visible_ransac,9,1.610,-22.0398,-0.648799,2.984137,-12.2661
2026-09-04T10:25:41.717,333,WAYPOINT_DRIVE_SETTLE,WAYPOINT_DRIVE_SETTLE,1067,2,1788485141656.520,66.586,timestamp_domain.system_time,680343.000,78.000,1,680343.000,680375.000,32.000,32.000,680375.000,32.000,1,1,pnp_visible_ransac,9,1.718,-21.9915,-0.649849,2.989557,-12.2638
2026-09-04T10:25:41.826,334,WAYPOINT_DRIVE_SETTLE,WAYPOINT_DRIVE_SETTLE,1068,1,1788485141689.754,33.234,timestamp_domain.system_time,680453.000,110.000,1,680453.000,680484.000,31.000,31.000,680484.000,31.000,1,1,pnp_visible_ransac,9,1.674,-21.6928,-0.650239,2.986403,-12.2835
2026-09-04T10:25:41.902,335,WAYPOINT_DRIVE_SETTLE,WAYPOINT_DRIVE_SETTLE,1073,5,1788485141856.499,166.745,timestamp_domain.system_time,680531.000,78.000,1,680531.000,680562.000,31.000,31.000,680562.000,31.000,1,1,pnp_visible_ransac,9,1.635,-22.0091,-0.649166,2.987060,-12.2612
2026-09-04T10:25:41.985,336,WAYPOINT_DRIVE_SETTLE,WAYPOINT_DRIVE_SETTLE,1075,2,1788485141923.389,66.890,timestamp_domain.system_time,680609.000,78.000,1,680609.000,680640.000,31.000,31.000,680640.000,31.000,1,1,pnp_visible_ransac,9,1.608,-21.8455,-0.649278,2.983603,-12.2770
2026-09-04T10:25:42.069,337,WAYPOINT_DRIVE_SETTLE,WAYPOINT_DRIVE_SETTLE,1078,3,1788485142023.437,100.047,timestamp_domain.system_time,680703.000,94.000,1,680703.000,680734.000,31.000,31.000,680734.000,31.000,1,1,pnp_visible_ransac,9,1.537,-22.2761,-0.647440,2.983070,-12.2454
2026-09-04T10:25:42.161,338,WAYPOINT_DRIVE_SETTLE,WAYPOINT_DRIVE_SETTLE,1081,3,1788485142123.090,99.653,timestamp_domain.system_time,680796.000,93.000,1,680796.000,680828.000,32.000,32.000,680828.000,32.000,1,1,pnp_visible_ransac,9,1.567,-22.1818,-0.647215,2.980335,-12.2522
2026-09-04T10:25:42.249,339,WAYPOINT_DRIVE_SETTLE,WAYPOINT_DRIVE_SETTLE,1083,2,1788485142189.978,66.888,timestamp_domain.system_time,680875.000,79.000,1,680875.000,680906.000,31.000,31.000,680906.000,31.000,1,1,pnp_visible_ransac,9,1.652,-22.1437,-0.649142,2.987459,-12.2592
2026-09-04T10:25:42.328,340,WAYPOINT_DRIVE_SETTLE,WAYPOINT_DRIVE_SETTLE,1086,3,1788485142290.269,100.292,timestamp_domain.system_time,680953.000,78.000,1,680953.000,680984.000,31.000,31.000,680984.000,31.000,1,1,pnp_visible_ransac,9,1.491,-22.0385,-0.647319,2.979578,-12.2571
2026-09-04T10:25:42.413,341,WAYPOINT_DRIVE_SETTLE,WAYPOINT_DRIVE_SETTLE,1088,2,1788485142356.889,66.620,timestamp_domain.system_time,681046.000,93.000,1,681046.000,681078.000,32.000,32.000,681078.000,32.000,1,1,pnp_visible_ransac,9,1.633,-22.2661,-0.648300,2.983058,-12.2613
2026-09-04T10:25:42.493,342,WAYPOINT_DRIVE_SETTLE,WAYPOINT_DRIVE_SETTLE,1091,3,1788485142456.423,99.534,timestamp_domain.system_time,681125.000,79.000,1,681125.000,681156.000,31.000,31.000,681156.000,31.000,1,1,pnp_visible_ransac,9,1.672,-22.2647,-0.647281,2.983632,-12.2403
2026-09-04T10:25:42.581,343,WAYPOINT_DRIVE_SETTLE,WAYPOINT_DRIVE_SETTLE,1093,2,1788485142523.587,67.164,timestamp_domain.system_time,681203.000,78.000,1,681203.000,681234.000,31.000,31.000,681234.000,31.000,1,1,pnp_visible_ransac,9,1.707,-22.2386,-0.648761,2.984608,-12.2636
2026-09-04T10:25:42.663,344,WAYPOINT_DRIVE_SETTLE,WAYPOINT_DRIVE_SETTLE,1096,3,1788485142623.688,100.101,timestamp_domain.system_time,681296.000,93.000,1,681296.000,681328.000,32.000,32.000,681328.000,32.000,1,1,pnp_visible_ransac,9,1.670,-22.1442,-0.649111,2.987044,-12.2603
2026-09-04T10:25:42.748,345,WAYPOINT_DRIVE_SETTLE,WAYPOINT_DRIVE_SETTLE,1097,1,1788485142657.905,34.217,timestamp_domain.system_time,681375.000,79.000,1,681375.000,681406.000,31.000,31.000,681406.000,31.000,1,1,pnp_visible_ransac,9,1.782,-22.1114,-0.650017,2.988480,-12.2711
2026-09-04T10:25:42.860,346,WAYPOINT_DRIVE_SETTLE,WAYPOINT_DRIVE_SETTLE,1101,4,1788485142790.308,132.403,timestamp_domain.system_time,681484.000,109.000,1,681484.000,681515.000,31.000,31.000,681515.000,31.000,1,1,pnp_visible_ransac,9,1.538,-22.0997,-0.647805,2.980757,-12.2614
2026-09-04T10:25:42.942,347,WAYPOINT_DRIVE_SETTLE,WAYPOINT_DRIVE_SETTLE,1104,3,1788485142890.721,100.413,timestamp_domain.system_time,681562.000,78.000,1,681562.000,681593.000,31.000,31.000,681593.000,31.000,1,1,pnp_visible_ransac,9,1.710,-21.9850,-0.650316,2.991964,-12.2627
2026-09-04T10:25:43.024,348,WAYPOINT_DRIVE_SETTLE,WAYPOINT_DRIVE_SETTLE,1106,2,1788485142957.118,66.396,timestamp_domain.system_time,681640.000,78.000,1,681656.000,681687.000,31.000,47.000,681687.000,47.000,1,1,pnp_visible_ransac,9,1.675,-22.1095,-0.649170,2.985802,-12.2663
2026-09-04T10:25:43.108,349,WAYPOINT_DRIVE_SETTLE,WAYPOINT_DRIVE_SETTLE,1109,3,1788485143057.240,100.122,timestamp_domain.system_time,681734.000,94.000,1,681734.000,681765.000,31.000,31.000,681765.000,31.000,1,1,pnp_visible_ransac,9,1.590,-22.0367,-0.648639,2.982620,-12.2692
2026-09-04T10:25:43.193,350,WAYPOINT_DRIVE_SETTLE,WAYPOINT_DRIVE_SETTLE,1112,3,1788485143157.330,100.090,timestamp_domain.system_time,681828.000,94.000,1,681828.000,681859.000,31.000,31.000,681859.000,31.000,1,1,pnp_visible_ransac,9,1.750,-21.8956,-0.650538,2.989749,-12.2756
2026-09-04T10:25:43.276,351,WAYPOINT_DRIVE_SETTLE,WAYPOINT_DRIVE_SETTLE,1114,2,1788485143224.380,67.050,timestamp_domain.system_time,681906.000,78.000,1,681906.000,681937.000,31.000,31.000,681937.000,31.000,1,1,pnp_visible_ransac,9,1.632,-21.9476,-0.649266,2.984344,-12.2739
2026-09-04T10:25:43.360,352,WAYPOINT_DRIVE_SETTLE,WAYPOINT_DRIVE_SETTLE,1117,3,1788485143323.841,99.461,timestamp_domain.system_time,681984.000,78.000,1,681984.000,682015.000,31.000,31.000,682015.000,31.000,1,1,pnp_visible_ransac,9,1.835,-22.2067,-0.650172,2.990108,-12.2675
2026-09-04T10:25:43.443,353,WAYPOINT_DRIVE_SETTLE,WAYPOINT_DRIVE_SETTLE,1119,2,1788485143390.758,66.917,timestamp_domain.system_time,682062.000,78.000,1,682062.000,682093.000,31.000,31.000,682109.000,47.000,1,1,pnp_visible_ransac,9,1.676,-22.2190,-0.648999,2.987743,-12.2554
2026-09-04T10:25:43.540,354,WAYPOINT_DRIVE_SETTLE,WAYPOINT_DRIVE_SETTLE,1122,3,1788485143490.920,100.162,timestamp_domain.system_time,682171.000,109.000,1,682171.000,682187.000,16.000,16.000,682203.000,32.000,1,1,pnp_visible_ransac,9,1.613,-22.1990,-0.648440,2.984292,-12.2589
2026-09-04T10:25:43.630,355,WAYPOINT_DRIVE_SETTLE,WAYPOINT_DRIVE_SETTLE,1124,2,1788485143557.648,66.728,timestamp_domain.system_time,682250.000,79.000,1,682250.000,682281.000,31.000,31.000,682296.000,46.000,1,1,pnp_visible_ransac,9,1.741,-22.0597,-0.649827,2.989750,-12.2626
2026-09-04T10:25:43.717,356,WAYPOINT_DRIVE_SETTLE,WAYPOINT_DRIVE_SETTLE,1127,3,1788485143657.926,100.278,timestamp_domain.system_time,682343.000,93.000,1,682343.000,682375.000,32.000,32.000,682375.000,32.000,1,1,pnp_visible_ransac,9,1.716,-22.1212,-0.649451,2.989046,-12.2585
2026-09-04T10:25:43.802,357,WAYPOINT_DRIVE_SETTLE,WAYPOINT_DRIVE_SETTLE,1128,1,1788485143691.067,33.141,timestamp_domain.system_time,682421.000,78.000,1,682437.000,682453.000,16.000,32.000,682453.000,32.000,1,1,pnp_visible_ransac,9,1.730,-22.2075,-0.649316,2.989481,-12.2543
2026-09-04T10:25:43.891,358,WAYPOINT_DRIVE_SETTLE,WAYPOINT_DRIVE_SETTLE,1132,4,1788485143824.183,133.116,timestamp_domain.system_time,682515.000,94.000,1,682515.000,682546.000,31.000,31.000,682546.000,31.000,1,1,pnp_visible_ransac,9,1.679,-22.4111,-0.648492,2.986996,-12.2491
2026-09-04T10:25:43.950,359,FAILED,FAILED,1135,3,1788485143924.159,99.976,timestamp_domain.system_time,682609.000,94.000,0,,,,,,,0,0,,,,,,,
2026-09-04T10:25:44.008,360,FAILED,FAILED,1137,2,1788485143991.110,66.950,timestamp_domain.system_time,682656.000,47.000,0,,,,,,,0,0,,,,,,,
2026-09-04T10:25:44.056,361,FAILED,FAILED,1138,1,1788485144024.836,33.727,timestamp_domain.system_time,682718.000,62.000,0,,,,,,,0,0,,,,,,,
2026-09-04T10:25:44.108,362,FAILED,FAILED,1140,2,1788485144091.310,66.474,timestamp_domain.system_time,682765.000,47.000,0,,,,,,,0,0,,,,,,,
2026-09-04T10:25:44.157,363,FAILED,FAILED,1141,1,1788485144124.506,33.196,timestamp_domain.system_time,682812.000,47.000,0,,,,,,,0,0,,,,,,,
2026-09-04T10:25:44.201,364,FAILED,FAILED,1143,2,1788485144191.608,67.101,timestamp_domain.system_time,682859.000,47.000,0,,,,,,,0,0,,,,,,,
2026-09-04T10:25:44.253,365,FAILED,FAILED,1144,1,1788485144224.742,33.134,timestamp_domain.system_time,682906.000,47.000,0,,,,,,,0,0,,,,,,,
2026-09-04T10:25:44.304,366,FAILED,FAILED,1146,2,1788485144291.146,66.404,timestamp_domain.system_time,682968.000,62.000,0,,,,,,,0,0,,,,,,,
2026-09-04T10:25:44.361,367,FAILED,FAILED,1147,1,1788485144324.831,33.686,timestamp_domain.system_time,683015.000,47.000,0,,,,,,,0,0,,,,,,,
2026-09-04T10:25:44.409,368,FAILED,FAILED,1149,2,1788485144391.212,66.381,timestamp_domain.system_time,683062.000,47.000,0,,,,,,,0,0,,,,,,,
2026-09-04T10:25:44.461,369,FAILED,FAILED,1150,1,1788485144425.249,34.037,timestamp_domain.system_time,683125.000,63.000,0,,,,,,,0,0,,,,,,,
2026-09-04T10:25:44.522,370,FAILED,FAILED,1152,2,1788485144491.948,66.699,timestamp_domain.system_time,683187.000,62.000,0,,,,,,,0,0,,,,,,,
2026-09-04T10:25:44.574,371,FAILED,FAILED,1154,2,1788485144558.226,66.279,timestamp_domain.system_time,683218.000,31.000,0,,,,,,,0,0,,,,,,,
2026-09-04T10:25:44.623,372,FAILED,FAILED,1155,1,1788485144591.664,33.438,timestamp_domain.system_time,683281.000,63.000,0,,,,,,,0,0,,,,,,,
2026-09-04T10:25:44.679,373,FAILED,FAILED,1157,2,1788485144658.511,66.847,timestamp_domain.system_time,683343.000,62.000,0,,,,,,,0,0,,,,,,,
2026-09-04T10:25:44.723,374,FAILED,FAILED,1158,1,1788485144691.890,33.378,timestamp_domain.system_time,683375.000,32.000,0,,,,,,,0,0,,,,,,,
2026-09-04T10:25:44.826,375,FAILED,FAILED,1161,3,1788485144791.629,99.739,timestamp_domain.system_time,683484.000,109.000,0,,,,,,,0,0,,,,,,,
2026-09-04T10:25:44.875,376,FAILED,FAILED,1163,2,1788485144858.877,67.248,timestamp_domain.system_time,683531.000,47.000,0,,,,,,,0,0,,,,,,,
2026-09-04T10:25:44.919,377,FAILED,FAILED,1164,1,1788485144891.769,32.893,timestamp_domain.system_time,683578.000,47.000,0,,,,,,,0,0,,,,,,,
2026-09-04T10:25:44.968,378,FAILED,FAILED,1166,2,1788485144958.724,66.955,timestamp_domain.system_time,683625.000,47.000,0,,,,,,,0,0,,,,,,,
2026-09-04T10:25:45.011,379,FAILED,FAILED,1167,1,1788485144991.939,33.215,timestamp_domain.system_time,683671.000,46.000,0,,,,,,,0,0,,,,,,,
2026-09-04T10:25:45.056,380,FAILED,FAILED,1168,1,1788485145025.112,33.173,timestamp_domain.system_time,683718.000,47.000,0,,,,,,,0,0,,,,,,,
2026-09-04T10:25:45.104,381,FAILED,FAILED,1170,2,1788485145091.886,66.774,timestamp_domain.system_time,683765.000,47.000,0,,,,,,,0,0,,,,,,,
2026-09-04T10:25:45.146,382,FAILED,FAILED,1171,1,1788485145125.640,33.754,timestamp_domain.system_time,683812.000,47.000,0,,,,,,,0,0,,,,,,,
2026-09-04T10:25:45.196,383,FAILED,FAILED,1172,1,1788485145158.594,32.954,timestamp_domain.system_time,683859.000,47.000,0,,,,,,,0,0,,,,,,,
2026-09-04T10:25:45.243,384,FAILED,FAILED,1174,2,1788485145225.768,67.174,timestamp_domain.system_time,683906.000,47.000,0,,,,,,,0,0,,,,,,,
2026-09-04T10:25:45.294,385,FAILED,FAILED,1175,1,1788485145258.819,33.052,timestamp_domain.system_time,683953.000,47.000,0,,,,,,,0,0,,,,,,,
2026-09-04T10:25:45.342,386,FAILED,FAILED,1177,2,1788485145325.402,66.583,timestamp_domain.system_time,684000.000,47.000,0,,,,,,,0,0,,,,,,,
2026-09-04T10:25:45.390,387,FAILED,FAILED,1178,1,1788485145359.005,33.604,timestamp_domain.system_time,684046.000,46.000,0,,,,,,,0,0,,,,,,,
2026-09-04T10:25:45.433,388,FAILED,FAILED,1180,2,1788485145425.724,66.719,timestamp_domain.system_time,684093.000,47.000,0,,,,,,,0,0,,,,,,,
2026-09-04T10:25:45.493,389,FAILED,FAILED,1181,1,1788485145458.634,32.910,timestamp_domain.system_time,684140.000,47.000,0,,,,,,,0,0,,,,,,,
2026-09-04T10:25:45.543,390,FAILED,FAILED,1183,2,1788485145525.884,67.250,timestamp_domain.system_time,684203.000,63.000,0,,,,,,,0,0,,,,,,,
2026-09-04T10:25:45.590,391,FAILED,FAILED,1184,1,1788485145558.884,33.001,timestamp_domain.system_time,684250.000,47.000,0,,,,,,,0,0,,,,,,,
2026-09-04T10:25:45.638,392,FAILED,FAILED,1186,2,1788485145626.213,67.329,timestamp_domain.system_time,684296.000,46.000,0,,,,,,,0,0,,,,,,,
2026-09-04T10:25:45.682,393,FAILED,FAILED,1187,1,1788485145659.325,33.112,timestamp_domain.system_time,684343.000,47.000,0,,,,,,,0,0,,,,,,,
2026-09-04T10:25:45.725,394,FAILED,FAILED,1188,1,1788485145693.118,33.793,timestamp_domain.system_time,684390.000,47.000,0,,,,,,,0,0,,,,,,,
2026-09-04T10:25:45.861,395,FAILED,FAILED,1192,4,1788485145826.327,133.209,timestamp_domain.system_time,684515.000,125.000,0,,,,,,,0,0,,,,,,,
2026-09-04T10:25:45.911,396,FAILED,FAILED,1194,2,1788485145892.917,66.589,timestamp_domain.system_time,684562.000,47.000,0,,,,,,,0,0,,,,,,,
2026-09-04T10:25:45.964,397,FAILED,FAILED,1195,1,1788485145925.930,33.014,timestamp_domain.system_time,684625.000,63.000,0,,,,,,,0,0,,,,,,,
2026-09-04T10:25:46.014,398,FAILED,FAILED,1197,2,1788485145992.937,67.006,timestamp_domain.system_time,684671.000,46.000,0,,,,,,,0,0,,,,,,,
2026-09-04T10:25:46.059,399,FAILED,FAILED,1199,2,1788485146059.353,66.416,timestamp_domain.system_time,684718.000,47.000,0,,,,,,,0,0,,,,,,,
2026-09-04T10:25:46.115,400,FAILED,FAILED,1200,1,1788485146092.666,33.313,timestamp_domain.system_time,684781.000,63.000,0,,,,,,,0,0,,,,,,,
2026-09-04T10:25:46.160,401,FAILED,FAILED,1202,2,1788485146159.346,66.680,timestamp_domain.system_time,684812.000,31.000,0,,,,,,,0,0,,,,,,,
2026-09-04T10:25:46.206,402,FAILED,FAILED,1203,1,1788485146192.974,33.628,timestamp_domain.system_time,684859.000,47.000,0,,,,,,,0,0,,,,,,,
2026-09-04T10:25:46.259,403,FAILED,FAILED,1204,1,1788485146226.186,33.212,timestamp_domain.system_time,684906.000,47.000,0,,,,,,,0,0,,,,,,,
2026-09-04T10:25:46.297,404,FAILED,FAILED,1206,2,1788485146292.946,66.760,timestamp_domain.system_time,684953.000,47.000,0,,,,,,,0,0,,,,,,,
2026-09-04T10:25:46.348,405,FAILED,FAILED,1207,1,1788485146325.712,32.766,timestamp_domain.system_time,685000.000,47.000,0,,,,,,,0,0,,,,,,,
2026-09-04T10:25:46.393,406,FAILED,FAILED,1209,2,1788485146393.204,67.491,timestamp_domain.system_time,685046.000,46.000,0,,,,,,,0,0,,,,,,,
2026-09-04T10:25:46.448,407,FAILED,FAILED,1210,1,1788485146426.253,33.050,timestamp_domain.system_time,685093.000,47.000,0,,,,,,,0,0,,,,,,,
2026-09-04T10:25:46.510,408,FAILED,FAILED,1212,2,1788485146492.839,66.585,timestamp_domain.system_time,685171.000,78.000,0,,,,,,,0,0,,,,,,,
2026-09-04T10:25:46.581,409,FAILED,FAILED,1214,2,1788485146559.407,66.568,timestamp_domain.system_time,685234.000,63.000,0,,,,,,,0,0,,,,,,,
2026-09-04T10:25:46.631,410,FAILED,FAILED,1215,1,1788485146592.580,33.173,timestamp_domain.system_time,685281.000,47.000,0,,,,,,,0,0,,,,,,,
2026-09-04T10:25:46.679,411,FAILED,FAILED,1217,2,1788485146660.036,67.456,timestamp_domain.system_time,685343.000,62.000,0,,,,,,,0,0,,,,,,,
2026-09-04T10:25:46.727,412,FAILED,FAILED,1218,1,1788485146693.739,33.704,timestamp_domain.system_time,685375.000,32.000,0,,,,,,,0,0,,,,,,,
2026-09-04T10:25:46.864,413,FAILED,FAILED,1220,2,1788485146759.913,66.174,timestamp_domain.system_time,685515.000,140.000,0,,,,,,,0,0,,,,,,,
2026-09-04T10:25:46.907,414,FAILED,FAILED,1224,4,1788485146892.991,133.078,timestamp_domain.system_time,685562.000,47.000,0,,,,,,,0,0,,,,,,,
2026-09-04T10:25:46.967,415,FAILED,FAILED,1226,2,1788485146959.467,66.476,timestamp_domain.system_time,685625.000,63.000,0,,,,,,,0,0,,,,,,,
2026-09-04T10:25:47.010,416,FAILED,FAILED,1227,1,1788485146993.199,33.732,timestamp_domain.system_time,685671.000,46.000,0,,,,,,,0,0,,,,,,,
2026-09-04T10:25:47.062,417,FAILED,FAILED,1229,2,1788485147059.748,66.549,timestamp_domain.system_time,685718.000,47.000,0,,,,,,,0,0,,,,,,,
2026-09-04T10:25:47.112,418,FAILED,FAILED,1230,1,1788485147093.615,33.867,timestamp_domain.system_time,685765.000,47.000,0,,,,,,,0,0,,,,,,,
2026-09-04T10:25:47.156,419,FAILED,FAILED,1231,1,1788485147126.723,33.108,timestamp_domain.system_time,685812.000,47.000,0,,,,,,,0,0,,,,,,,
2026-09-04T10:25:47.206,420,FAILED,FAILED,1233,2,1788485147193.375,66.652,timestamp_domain.system_time,685859.000,47.000,0,,,,,,,0,0,,,,,,,
2026-09-04T10:25:47.256,421,FAILED,FAILED,1234,1,1788485147226.814,33.439,timestamp_domain.system_time,685906.000,47.000,0,,,,,,,0,0,,,,,,,
2026-09-04T10:25:47.303,422,FAILED,FAILED,1236,2,1788485147294.306,67.491,timestamp_domain.system_time,685968.000,62.000,0,,,,,,,0,0,,,,,,,
2026-09-04T10:25:47.352,423,FAILED,FAILED,1237,1,1788485147326.754,32.448,timestamp_domain.system_time,686015.000,47.000,0,,,,,,,0,0,,,,,,,
2026-09-04T10:25:47.396,424,FAILED,FAILED,1239,2,1788485147393.626,66.872,timestamp_domain.system_time,686062.000,47.000,0,,,,,,,0,0,,,,,,,
2026-09-04T10:25:47.448,425,FAILED,FAILED,1240,1,1788485147427.060,33.434,timestamp_domain.system_time,686109.000,47.000,0,,,,,,,0,0,,,,,,,
2026-09-04T10:25:47.520,426,FAILED,FAILED,1242,2,1788485147493.709,66.649,timestamp_domain.system_time,686171.000,62.000,0,,,,,,,0,0,,,,,,,
2026-09-04T10:25:47.574,427,FAILED,FAILED,1244,2,1788485147560.187,66.478,timestamp_domain.system_time,686234.000,63.000,0,,,,,,,0,0,,,,,,,
2026-09-04T10:25:47.624,428,FAILED,FAILED,1245,1,1788485147593.723,33.535,timestamp_domain.system_time,686281.000,47.000,0,,,,,,,0,0,,,,,,,
2026-09-04T10:25:47.677,429,FAILED,FAILED,1247,2,1788485147660.104,66.381,timestamp_domain.system_time,686328.000,47.000,0,,,,,,,0,0,,,,,,,
2026-09-04T10:25:47.719,430,FAILED,FAILED,1248,1,1788485147693.271,33.168,timestamp_domain.system_time,686375.000,47.000,0,,,,,,,0,0,,,,,,,
2026-09-04T10:25:47.770,431,FAILED,FAILED,1249,1,1788485147726.955,33.684,timestamp_domain.system_time,686421.000,46.000,0,,,,,,,0,0,,,,,,,
2026-09-04T10:25:47.864,432,FAILED,FAILED,1250,1,1788485147760.593,33.637,timestamp_domain.system_time,686515.000,94.000,0,,,,,,,0,0,,,,,,,
2026-09-04T10:25:47.918,433,FAILED,FAILED,1254,4,1788485147893.688,133.096,timestamp_domain.system_time,686578.000,63.000,0,,,,,,,0,0,,,,,,,
2026-09-04T10:25:47.969,434,FAILED,FAILED,1256,2,1788485147960.326,66.637,timestamp_domain.system_time,686625.000,47.000,0,,,,,,,0,0,,,,,,,
2026-09-04T10:25:48.018,435,FAILED,FAILED,1257,1,1788485147993.936,33.611,timestamp_domain.system_time,686671.000,46.000,0,,,,,,,0,0,,,,,,,
2026-09-04T10:25:48.064,436,FAILED,FAILED,1259,2,1788485148061.032,67.095,timestamp_domain.system_time,686718.000,47.000,0,,,,,,,0,0,,,,,,,
2026-09-04T10:25:48.121,437,FAILED,FAILED,1260,1,1788485148093.755,32.723,timestamp_domain.system_time,686781.000,63.000,0,,,,,,,0,0,,,,,,,
2026-09-04T10:25:48.164,438,FAILED,FAILED,1262,2,1788485148160.665,66.910,timestamp_domain.system_time,686828.000,47.000,0,,,,,,,0,0,,,,,,,
2026-09-04T10:25:48.218,439,FAILED,FAILED,1263,1,1788485148193.671,33.006,timestamp_domain.system_time,686875.000,47.000,0,,,,,,,0,0,,,,,,,
2026-09-04T10:25:48.264,440,FAILED,FAILED,1264,1,1788485148227.480,33.809,timestamp_domain.system_time,686921.000,46.000,0,,,,,,,0,0,,,,,,,
2026-09-04T10:25:48.304,441,FAILED,FAILED,1266,2,1788485148294.298,66.818,timestamp_domain.system_time,686968.000,47.000,0,,,,,,,0,0,,,,,,,
2026-09-04T10:25:48.355,442,FAILED,FAILED,1267,1,1788485148327.331,33.033,timestamp_domain.system_time,687015.000,47.000,0,,,,,,,0,0,,,,,,,
2026-09-04T10:25:48.397,443,FAILED,FAILED,1269,2,1788485148394.456,67.125,timestamp_domain.system_time,687062.000,47.000,0,,,,,,,0,0,,,,,,,
2026-09-04T10:25:48.453,444,FAILED,FAILED,1270,1,1788485148427.527,33.071,timestamp_domain.system_time,687109.000,47.000,0,,,,,,,0,0,,,,,,,
2026-09-04T10:25:48.513,445,FAILED,FAILED,1272,2,1788485148494.479,66.952,timestamp_domain.system_time,687156.000,47.000,0,,,,,,,0,0,,,,,,,
2026-09-04T10:25:48.557,446,FAILED,FAILED,1273,1,1788485148527.732,33.253,timestamp_domain.system_time,687218.000,62.000,0,,,,,,,0,0,,,,,,,
2026-09-04T10:25:48.607,447,FAILED,FAILED,1275,2,1788485148594.573,66.842,timestamp_domain.system_time,687265.000,47.000,0,,,,,,,0,0,,,,,,,
2026-09-04T10:25:48.654,448,FAILED,FAILED,1276,1,1788485148627.866,33.292,timestamp_domain.system_time,687312.000,47.000,0,,,,,,,0,0,,,,,,,
2026-09-04T10:25:48.699,449,FAILED,FAILED,1277,1,1788485148661.464,33.598,timestamp_domain.system_time,687359.000,47.000,0,,,,,,,0,0,,,,,,,
2026-09-04T10:25:48.758,450,FAILED,FAILED,1279,2,1788485148727.830,66.366,timestamp_domain.system_time,687421.000,62.000,0,,,,,,,0,0,,,,,,,
2026-09-04T10:25:48.866,451,FAILED,FAILED,1282,3,1788485148827.671,99.841,timestamp_domain.system_time,687515.000,94.000,0,,,,,,,0,0,,,,,,,
2026-09-04T10:25:48.919,452,FAILED,FAILED,1284,2,1788485148894.572,66.901,timestamp_domain.system_time,687578.000,63.000,0,,,,,,,0,0,,,,,,,
2026-09-04T10:25:48.967,453,FAILED,FAILED,1285,1,1788485148928.074,33.502,timestamp_domain.system_time,687625.000,47.000,0,,,,,,,0,0,,,,,,,
2026-09-04T10:25:49.011,454,FAILED,FAILED,1287,2,1788485148994.634,66.560,timestamp_domain.system_time,687656.000,31.000,0,,,,,,,0,0,,,,,,,
2026-09-04T10:25:49.055,455,FAILED,FAILED,1288,1,1788485149027.870,33.237,timestamp_domain.system_time,687718.000,62.000,0,,,,,,,0,0,,,,,,,
2026-09-04T10:25:49.105,456,FAILED,FAILED,1290,2,1788485149094.871,67.001,timestamp_domain.system_time,687765.000,47.000,0,,,,,,,0,0,,,,,,,
2026-09-04T10:25:49.156,457,FAILED,FAILED,1291,1,1788485149128.526,33.655,timestamp_domain.system_time,687812.000,47.000,0,,,,,,,0,0,,,,,,,
2026-09-04T10:25:49.201,458,FAILED,FAILED,1293,2,1788485149195.017,66.490,timestamp_domain.system_time,687859.000,47.000,0,,,,,,,0,0,,,,,,,
2026-09-04T10:25:49.247,459,FAILED,FAILED,1294,1,1788485149228.369,33.352,timestamp_domain.system_time,687906.000,47.000,0,,,,,,,0,0,,,,,,,
2026-09-04T10:25:49.295,460,FAILED,FAILED,1295,1,1788485149261.889,33.520,timestamp_domain.system_time,687953.000,47.000,0,,,,,,,0,0,,,,,,,
2026-09-04T10:25:49.339,461,FAILED,FAILED,1297,2,1788485149328.599,66.710,timestamp_domain.system_time,688000.000,47.000,0,,,,,,,0,0,,,,,,,
2026-09-04T10:25:49.388,462,FAILED,FAILED,1298,1,1788485149361.866,33.268,timestamp_domain.system_time,688046.000,46.000,0,,,,,,,0,0,,,,,,,
2026-09-04T10:25:49.434,463,FAILED,FAILED,1300,2,1788485149428.417,66.551,timestamp_domain.system_time,688093.000,47.000,0,,,,,,,0,0,,,,,,,
2026-09-04T10:25:49.483,464,FAILED,FAILED,1301,1,1788485149461.915,33.498,timestamp_domain.system_time,688125.000,32.000,0,,,,,,,0,0,,,,,,,
2026-09-04T10:25:49.543,465,FAILED,FAILED,1303,2,1788485149528.275,66.360,timestamp_domain.system_time,688187.000,62.000,0,,,,,,,0,0,,,,,,,
2026-09-04T10:25:49.589,466,FAILED,FAILED,1304,1,1788485149561.735,33.460,timestamp_domain.system_time,688250.000,63.000,0,,,,,,,0,0,,,,,,,
2026-09-04T10:25:49.639,467,FAILED,FAILED,1306,2,1788485149629.143,67.408,timestamp_domain.system_time,688296.000,46.000,0,,,,,,,0,0,,,,,,,
2026-09-04T10:25:49.682,468,FAILED,FAILED,1307,1,1788485149661.722,32.578,timestamp_domain.system_time,688343.000,47.000,0,,,,,,,0,0,,,,,,,
2026-09-04T10:25:49.735,469,FAILED,FAILED,1309,2,1788485149729.302,67.580,timestamp_domain.system_time,688390.000,47.000,0,,,,,,,0,0,,,,,,,
2026-09-04T10:25:49.902,470,FAILED,FAILED,1313,4,1788485149861.996,132.695,timestamp_domain.system_time,688562.000,172.000,0,,,,,,,0,0,,,,,,,
2026-09-04T10:25:49.946,471,FAILED,FAILED,1315,2,1788485149928.731,66.735,timestamp_domain.system_time,688609.000,47.000,0,,,,,,,0,0,,,,,,,
2026-09-04T10:25:49.994,472,FAILED,FAILED,1316,1,1788485149962.246,33.514,timestamp_domain.system_time,688656.000,47.000,0,,,,,,,0,0,,,,,,,
2026-09-04T10:25:50.038,473,FAILED,FAILED,1318,2,1788485150028.607,66.361,timestamp_domain.system_time,688703.000,47.000,0,,,,,,,0,0,,,,,,,
2026-09-04T10:25:50.088,474,FAILED,FAILED,1319,1,1788485150062.170,33.563,timestamp_domain.system_time,688750.000,47.000,0,,,,,,,0,0,,,,,,,
2026-09-04T10:25:50.131,475,FAILED,FAILED,1320,1,1788485150095.600,33.430,timestamp_domain.system_time,688796.000,46.000,0,,,,,,,0,0,,,,,,,
2026-09-04T10:25:50.181,476,FAILED,FAILED,1322,2,1788485150162.066,66.466,timestamp_domain.system_time,688828.000,32.000,0,,,,,,,0,0,,,,,,,
2026-09-04T10:25:50.226,477,FAILED,FAILED,1323,1,1788485150195.347,33.281,timestamp_domain.system_time,688890.000,62.000,0,,,,,,,0,0,,,,,,,
2026-09-04T10:25:50.275,478,FAILED,FAILED,1325,2,1788485150262.418,67.071,timestamp_domain.system_time,688921.000,31.000,0,,,,,,,0,0,,,,,,,
2026-09-04T10:25:50.318,479,FAILED,FAILED,1326,1,1788485150295.461,33.043,timestamp_domain.system_time,688984.000,63.000,0,,,,,,,0,0,,,,,,,
2026-09-04T10:25:50.372,480,FAILED,FAILED,1328,2,1788485150362.290,66.828,timestamp_domain.system_time,689031.000,47.000,0,,,,,,,0,0,,,,,,,
2026-09-04T10:25:50.421,481,FAILED,FAILED,1329,1,1788485150395.722,33.433,timestamp_domain.system_time,689078.000,47.000,0,,,,,,,0,0,,,,,,,
2026-09-04T10:25:50.471,482,FAILED,FAILED,1331,2,1788485150462.395,66.672,timestamp_domain.system_time,689125.000,47.000,0,,,,,,,0,0,,,,,,,
2026-09-04T10:25:50.526,483,FAILED,FAILED,1332,1,1788485150495.989,33.594,timestamp_domain.system_time,689187.000,62.000,0,,,,,,,0,0,,,,,,,
2026-09-04T10:25:50.576,484,FAILED,FAILED,1334,2,1788485150562.288,66.299,timestamp_domain.system_time,689234.000,47.000,0,,,,,,,0,0,,,,,,,
2026-09-04T10:25:50.616,485,FAILED,FAILED,1335,1,1788485150595.760,33.472,timestamp_domain.system_time,689281.000,47.000,0,,,,,,,0,0,,,,,,,
2026-09-04T10:25:50.665,486,FAILED,FAILED,1336,1,1788485150629.133,33.373,timestamp_domain.system_time,689328.000,47.000,0,,,,,,,0,0,,,,,,,
2026-09-04T10:25:50.708,487,FAILED,FAILED,1338,2,1788485150696.029,66.896,timestamp_domain.system_time,689359.000,31.000,0,,,,,,,0,0,,,,,,,
2026-09-04T10:25:50.754,488,FAILED,FAILED,1339,1,1788485150729.855,33.825,timestamp_domain.system_time,689406.000,47.000,0,,,,,,,0,0,,,,,,,
2026-09-04T10:25:50.905,489,FAILED,FAILED,1340,1,1788485150762.741,32.886,timestamp_domain.system_time,689562.000,156.000,0,,,,,,,0,0,,,,,,,
2026-09-04T10:25:50.973,490,FAILED,FAILED,1346,6,1788485150963.000,200.259,timestamp_domain.system_time,689625.000,63.000,0,,,,,,,0,0,,,,,,,
2026-09-04T10:25:51.028,491,FAILED,FAILED,1347,1,1788485150995.710,32.709,timestamp_domain.system_time,689671.000,46.000,0,,,,,,,0,0,,,,,,,
2026-09-04T10:25:51.098,492,FAILED,FAILED,1349,2,1788485151062.392,66.682,timestamp_domain.system_time,689750.000,79.000,0,,,,,,,0,0,,,,,,,
2026-09-04T10:25:51.171,493,FAILED,FAILED,1352,3,1788485151162.611,100.219,timestamp_domain.system_time,689828.000,78.000,0,,,,,,,0,0,,,,,,,
2026-09-04T10:25:51.228,494,FAILED,FAILED,1353,1,1788485151196.224,33.613,timestamp_domain.system_time,689890.000,62.000,0,,,,,,,0,0,,,,,,,
2026-09-04T10:25:51.287,495,FAILED,FAILED,1355,2,1788485151262.481,66.257,timestamp_domain.system_time,689937.000,47.000,0,,,,,,,0,0,,,,,,,
2026-09-04T10:25:51.328,496,FAILED,FAILED,1356,1,1788485151295.975,33.494,timestamp_domain.system_time,689984.000,47.000,0,,,,,,,0,0,,,,,,,
2026-09-04T10:25:51.377,497,FAILED,FAILED,1358,2,1788485151363.591,67.616,timestamp_domain.system_time,690031.000,47.000,0,,,,,,,0,0,,,,,,,
2026-09-04T10:25:51.428,498,FAILED,FAILED,1359,1,1788485151396.143,32.552,timestamp_domain.system_time,690078.000,47.000,0,,,,,,,0,0,,,,,,,
2026-09-04T10:25:51.484,499,FAILED,FAILED,1361,2,1788485151462.913,66.770,timestamp_domain.system_time,690140.000,62.000,0,,,,,,,0,0,,,,,,,
2026-09-04T10:25:51.550,500,FAILED,FAILED,1363,2,1788485151529.332,66.419,timestamp_domain.system_time,690203.000,63.000,0,,,,,,,0,0,,,,,,,
2026-09-04T10:25:51.601,501,FAILED,FAILED,1364,1,1788485151563.163,33.831,timestamp_domain.system_time,690250.000,47.000,0,,,,,,,0,0,,,,,,,
2026-09-04T10:25:51.650,502,FAILED,FAILED,1366,2,1788485151629.776,66.613,timestamp_domain.system_time,690312.000,62.000,0,,,,,,,0,0,,,,,,,
2026-09-04T10:25:51.698,503,FAILED,FAILED,1367,1,1788485151662.868,33.092,timestamp_domain.system_time,690359.000,47.000,0,,,,,,,0,0,,,,,,,
2026-09-04T10:25:51.748,504,FAILED,FAILED,1369,2,1788485151730.278,67.411,timestamp_domain.system_time,690406.000,47.000,0,,,,,,,0,0,,,,,,,
2026-09-04T10:25:51.897,505,FAILED,FAILED,1373,4,1788485151863.440,133.162,timestamp_domain.system_time,690562.000,156.000,0,,,,,,,0,0,,,,,,,
2026-09-04T10:25:51.956,506,FAILED,FAILED,1375,2,1788485151930.096,66.656,timestamp_domain.system_time,690593.000,31.000,0,,,,,,,0,0,,,,,,,
2026-09-04T10:25:51.997,507,FAILED,FAILED,1377,2,1788485151996.862,66.766,timestamp_domain.system_time,690656.000,63.000,0,,,,,,,0,0,,,,,,,
2026-09-04T10:25:52.048,508,FAILED,FAILED,1378,1,1788485152030.036,33.174,timestamp_domain.system_time,690703.000,47.000,0,,,,,,,0,0,,,,,,,
2026-09-04T10:25:52.098,509,FAILED,FAILED,1380,2,1788485152096.741,66.705,timestamp_domain.system_time,690750.000,47.000,0,,,,,,,0,0,,,,,,,
2026-09-04T10:25:52.143,510,FAILED,FAILED,1381,1,1788485152130.231,33.490,timestamp_domain.system_time,690796.000,46.000,0,,,,,,,0,0,,,,,,,
2026-09-04T10:25:52.200,511,FAILED,FAILED,1382,1,1788485152163.460,33.229,timestamp_domain.system_time,690859.000,63.000,0,,,,,,,0,0,,,,,,,
2026-09-04T10:25:52.244,512,FAILED,FAILED,1384,2,1788485152230.431,66.971,timestamp_domain.system_time,690906.000,47.000,0,,,,,,,0,0,,,,,,,
2026-09-04T10:25:52.326,513,FAILED,FAILED,1386,2,1788485152296.888,66.457,timestamp_domain.system_time,690984.000,78.000,0,,,,,,,0,0,,,,,,,
2026-09-04T10:25:52.383,514,FAILED,FAILED,1388,2,1788485152363.453,66.564,timestamp_domain.system_time,691031.000,47.000,0,,,,,,,0,0,,,,,,,
2026-09-04T10:25:52.426,515,FAILED,FAILED,1389,1,1788485152396.943,33.490,timestamp_domain.system_time,691078.000,47.000,0,,,,,,,0,0,,,,,,,
2026-09-04T10:25:52.472,516,FAILED,FAILED,1391,2,1788485152463.719,66.777,timestamp_domain.system_time,691125.000,47.000,0,,,,,,,0,0,,,,,,,
2026-09-04T10:25:52.540,517,FAILED,FAILED,1393,2,1788485152530.390,66.670,timestamp_domain.system_time,691203.000,78.000,0,,,,,,,0,0,,,,,,,
2026-09-04T10:25:52.587,518,FAILED,FAILED,1394,1,1788485152563.866,33.476,timestamp_domain.system_time,691250.000,47.000,0,,,,,,,0,0,,,,,,,
2026-09-04T10:25:52.639,519,FAILED,FAILED,1396,2,1788485152630.532,66.666,timestamp_domain.system_time,691296.000,46.000,0,,,,,,,0,0,,,,,,,
2026-09-04T10:25:52.689,520,FAILED,FAILED,1397,1,1788485152663.724,33.192,timestamp_domain.system_time,691343.000,47.000,0,,,,,,,0,0,,,,,,,
2026-09-04T10:25:52.733,521,FAILED,FAILED,1398,1,1788485152697.399,33.675,timestamp_domain.system_time,691390.000,47.000,0,,,,,,,0,0,,,,,,,
2026-09-04T10:25:52.785,522,FAILED,FAILED,1399,1,1788485152731.407,34.009,timestamp_domain.system_time,691437.000,47.000,0,,,,,,,0,0,,,,,,,
2026-09-04T10:25:52.899,523,FAILED,FAILED,1403,4,1788485152863.776,132.369,timestamp_domain.system_time,691562.000,125.000,0,,,,,,,0,0,,,,,,,
2026-09-04T10:25:52.951,524,FAILED,FAILED,1405,2,1788485152931.140,67.364,timestamp_domain.system_time,691609.000,47.000,0,,,,,,,0,0,,,,,,,
2026-09-04T10:25:53.004,525,FAILED,FAILED,1407,2,1788485152997.283,66.143,timestamp_domain.system_time,691656.000,47.000,0,,,,,,,0,0,,,,,,,
2026-09-04T10:25:53.045,526,FAILED,FAILED,1408,1,1788485153030.933,33.650,timestamp_domain.system_time,691703.000,47.000,0,,,,,,,0,0,,,,,,,
2026-09-04T10:25:53.095,527,FAILED,FAILED,1409,1,1788485153064.172,33.239,timestamp_domain.system_time,691750.000,47.000,0,,,,,,,0,0,,,,,,,
2026-09-04T10:25:53.149,528,FAILED,FAILED,1411,2,1788485153130.916,66.743,timestamp_domain.system_time,691796.000,46.000,0,,,,,,,0,0,,,,,,,
