t_iso,frame_i,raw_video_frame_index,fsm_state,align_sub,camera_frame_number,camera_frame_delta,camera_sensor_timestamp_ms,camera_sensor_interval_ms,camera_timestamp_domain,camera_input_host_mono_ms,camera_input_interval_ms,inference_ran,inference_start_host_mono_ms,inference_end_host_mono_ms,model_inference_ms,input_to_inference_end_ms,pose_result_host_mono_ms,input_to_pose_result_ms,model_det_ok,pnp_ok,pose_src,pose_n_used,pose_rms_px,yaw_deg,pos_x_m,pos_z_m,center_bearing_deg
2026-09-08T14:01:04.414,1,,PRECHECK,PRECHECK,2,,1788843663573.745,,timestamp_domain.system_time,89457437.000,,1,89457453.000,89458140.000,687.000,703.000,89458140.000,703.000,0,0,,,,,,,
2026-09-08T14:01:04.550,2,,SEARCH_SWEEP,SEARCH_SWEEP,27,25,1788843664407.801,834.056,timestamp_domain.system_time,89458234.000,797.000,1,89458234.000,89458265.000,31.000,31.000,89458265.000,31.000,1,1,pnp_visible_ransac,9,0.410,-36.9602,-0.317307,5.248910,-3.4594
2026-09-08T14:01:04.620,3,,ACQUIRE_VERIFY,ACQUIRE_VERIFY,32,5,1788843664574.082,166.280,timestamp_domain.system_time,89458312.000,78.000,1,89458312.000,89458343.000,31.000,31.000,89458343.000,31.000,1,1,pnp_visible_ransac,9,0.313,-36.7971,-0.318199,5.205639,-3.4979
2026-09-08T14:01:04.688,4,,ACQUIRE_VERIFY,ACQUIRE_VERIFY,34,2,1788843664640.917,66.835,timestamp_domain.system_time,89458375.000,63.000,1,89458375.000,89458406.000,31.000,31.000,89458406.000,31.000,1,1,pnp_visible_ransac,9,0.317,-36.5367,-0.321110,5.214816,-3.5236
2026-09-08T14:01:04.779,5,,ACQUIRE_VERIFY,ACQUIRE_VERIFY,37,3,1788843664741.024,100.107,timestamp_domain.system_time,89458468.000,93.000,1,89458468.000,89458500.000,32.000,32.000,89458500.000,32.000,1,1,pnp_visible_ransac,9,0.415,-36.2768,-0.326885,5.206737,-3.5924
2026-09-08T14:01:04.854,6,,ACQUIRE_VERIFY,ACQUIRE_VERIFY,39,2,1788843664807.741,66.717,timestamp_domain.system_time,89458546.000,78.000,1,89458546.000,89458578.000,32.000,32.000,89458578.000,32.000,1,1,pnp_visible_ransac,9,0.369,-36.4354,-0.327165,5.213271,-3.5910
2026-09-08T14:01:04.921,7,,ACQUIRE_VERIFY,ACQUIRE_VERIFY,41,2,1788843664874.301,66.560,timestamp_domain.system_time,89458609.000,63.000,1,89458609.000,89458640.000,31.000,31.000,89458640.000,31.000,1,1,pnp_visible_ransac,9,0.485,-36.5794,-0.327381,5.212521,-3.5938
2026-09-08T14:01:04.992,8,,ACQUIRE_VERIFY,ACQUIRE_VERIFY,43,2,1788843664941.328,67.027,timestamp_domain.system_time,89458687.000,78.000,1,89458687.000,89458718.000,31.000,31.000,89458718.000,31.000,1,1,pnp_visible_ransac,9,0.570,-36.5616,-0.329916,5.211376,-3.6224
2026-09-08T14:01:05.073,9,,ACQUIRE_VERIFY,ACQUIRE_VERIFY,46,3,1788843665041.335,100.007,timestamp_domain.system_time,89458765.000,78.000,1,89458765.000,89458796.000,31.000,31.000,89458796.000,31.000,1,1,pnp_visible_ransac,9,0.642,-36.5002,-0.328334,5.189432,-3.6203
2026-09-08T14:01:05.143,10,,ACQUIRE_VERIFY,ACQUIRE_VERIFY,48,2,1788843665108.043,66.708,timestamp_domain.system_time,89458843.000,78.000,1,89458843.000,89458859.000,16.000,16.000,89458859.000,16.000,1,1,pnp_visible_ransac,9,0.701,-36.9827,-0.327604,5.210276,-3.5978
2026-09-08T14:01:05.225,11,,ACQUIRE_VERIFY,ACQUIRE_VERIFY,50,2,1788843665174.859,66.816,timestamp_domain.system_time,89458906.000,63.000,1,89458906.000,89458953.000,47.000,47.000,89458953.000,47.000,1,1,pnp_visible_ransac,9,0.686,-36.7583,-0.326918,5.198558,-3.5984
2026-09-08T14:01:05.295,12,,ACQUIRE_VERIFY,ACQUIRE_VERIFY,52,2,1788843665241.625,66.766,timestamp_domain.system_time,89458984.000,78.000,1,89458984.000,89459015.000,31.000,31.000,89459015.000,31.000,1,1,pnp_visible_ransac,9,0.644,-36.7858,-0.326572,5.199005,-3.5943
2026-09-08T14:01:05.372,13,,ACQUIRE_VERIFY,ACQUIRE_VERIFY,54,2,1788843665308.296,66.671,timestamp_domain.system_time,89459046.000,62.000,1,89459046.000,89459093.000,47.000,47.000,89459093.000,47.000,1,1,pnp_visible_ransac,9,0.673,-36.7706,-0.326705,5.196194,-3.5977
2026-09-08T14:01:05.448,14,,ACQUIRE_VERIFY,ACQUIRE_VERIFY,57,3,1788843665409.429,101.133,timestamp_domain.system_time,89459140.000,94.000,1,89459140.000,89459171.000,31.000,31.000,89459171.000,31.000,1,1,pnp_visible_ransac,9,0.641,-36.7116,-0.326913,5.202317,-3.5957
2026-09-08T14:01:05.624,15,,ACQUIRE_VERIFY,ACQUIRE_VERIFY,61,4,1788843665544.198,134.769,timestamp_domain.system_time,89459312.000,172.000,1,89459312.000,89459343.000,31.000,31.000,89459343.000,31.000,1,1,pnp_visible_ransac,9,0.671,-36.9608,-0.325738,5.198623,-3.5854
2026-09-08T14:01:05.692,16,,ACQUIRE_VERIFY,ACQUIRE_VERIFY,64,3,1788843665641.963,97.765,timestamp_domain.system_time,89459390.000,78.000,1,89459390.000,89459421.000,31.000,31.000,89459421.000,31.000,1,1,pnp_visible_ransac,9,0.625,-36.7685,-0.326503,5.190082,-3.5997
2026-09-08T14:01:05.784,17,,ACQUIRE_VERIFY,ACQUIRE_VERIFY,67,3,1788843665741.823,99.860,timestamp_domain.system_time,89459468.000,78.000,1,89459468.000,89459500.000,32.000,32.000,89459500.000,32.000,1,1,pnp_visible_ransac,9,0.638,-36.7707,-0.326648,5.195739,-3.5974
2026-09-08T14:01:05.858,18,,ACQUIRE_VERIFY,ACQUIRE_VERIFY,69,2,1788843665808.558,66.736,timestamp_domain.system_time,89459546.000,78.000,1,89459546.000,89459578.000,32.000,32.000,89459578.000,32.000,1,1,pnp_visible_ransac,9,0.589,-36.6358,-0.326975,5.194606,-3.6017
2026-09-08T14:01:05.926,19,,ACQUIRE_VERIFY,ACQUIRE_VERIFY,71,2,1788843665875.414,66.855,timestamp_domain.system_time,89459625.000,79.000,1,89459625.000,89459656.000,31.000,31.000,89459656.000,31.000,1,1,pnp_visible_ransac,9,0.619,-36.8404,-0.325997,5.200822,-3.5867
2026-09-08T14:01:05.998,20,,ACQUIRE_VERIFY,ACQUIRE_VERIFY,73,2,1788843665942.048,66.635,timestamp_domain.system_time,89459687.000,62.000,1,89459687.000,89459718.000,31.000,31.000,89459718.000,31.000,1,1,pnp_visible_ransac,9,0.640,-36.9373,-0.325282,5.193058,-3.5842
2026-09-08T14:01:06.078,21,,ACQUIRE_VERIFY,ACQUIRE_VERIFY,76,3,1788843666042.112,100.064,timestamp_domain.system_time,89459765.000,78.000,1,89459765.000,89459796.000,31.000,31.000,89459796.000,31.000,1,1,pnp_visible_ransac,9,0.604,-36.6901,-0.326457,5.196887,-3.5945
2026-09-08T14:01:06.159,22,,ACQUIRE_VERIFY,ACQUIRE_VERIFY,78,2,1788843666108.826,66.714,timestamp_domain.system_time,89459843.000,78.000,1,89459843.000,89459875.000,32.000,32.000,89459875.000,32.000,1,1,pnp_visible_ransac,9,0.585,-36.8903,-0.326502,5.208550,-3.5869
2026-09-08T14:01:06.230,23,,ACQUIRE_VERIFY,ACQUIRE_VERIFY,80,2,1788843666175.457,66.631,timestamp_domain.system_time,89459921.000,78.000,1,89459921.000,89459953.000,32.000,32.000,89459953.000,32.000,1,1,pnp_visible_ransac,9,0.623,-36.8662,-0.325568,5.196142,-3.5852
2026-09-08T14:01:06.302,24,,ACQUIRE_VERIFY,ACQUIRE_VERIFY,83,3,1788843666275.308,99.851,timestamp_domain.system_time,89460000.000,79.000,1,89460000.000,89460031.000,31.000,31.000,89460031.000,31.000,1,1,pnp_visible_ransac,9,0.621,-36.8243,-0.327240,5.208748,-3.5949
2026-09-08T14:01:06.383,25,,ACQUIRE_VERIFY,ACQUIRE_VERIFY,85,2,1788843666342.202,66.894,timestamp_domain.system_time,89460078.000,78.000,1,89460078.000,89460109.000,31.000,31.000,89460109.000,31.000,1,1,pnp_visible_ransac,9,0.601,-36.8946,-0.325403,5.202444,-3.5791
2026-09-08T14:01:06.460,26,,ACQUIRE_VERIFY,ACQUIRE_VERIFY,87,2,1788843666408.994,66.792,timestamp_domain.system_time,89460156.000,78.000,1,89460156.000,89460187.000,31.000,31.000,89460187.000,31.000,1,1,pnp_visible_ransac,9,0.638,-37.0995,-0.325907,5.211195,-3.5786
2026-09-08T14:01:06.535,27,,ACQUIRE_VERIFY,ACQUIRE_VERIFY,87,0,1788843666408.994,0.000,timestamp_domain.system_time,89460234.000,78.000,1,89460234.000,89460265.000,31.000,31.000,89460265.000,31.000,1,1,pnp_visible_ransac,9,0.638,-37.0995,-0.325907,5.211195,-3.5786
2026-09-08T14:01:06.606,28,,ACQUIRE_VERIFY,ACQUIRE_VERIFY,91,4,1788843666542.691,133.698,timestamp_domain.system_time,89460296.000,62.000,1,89460296.000,89460328.000,32.000,32.000,89460328.000,32.000,1,1,pnp_visible_ransac,9,0.695,-36.8879,-0.326142,5.202567,-3.5871
2026-09-08T14:01:06.684,29,,ACQUIRE_VERIFY,ACQUIRE_VERIFY,94,3,1788843666642.467,99.776,timestamp_domain.system_time,89460375.000,79.000,1,89460375.000,89460406.000,31.000,31.000,89460406.000,31.000,1,1,pnp_visible_ransac,9,0.649,-36.9984,-0.326459,5.208732,-3.5863
2026-09-08T14:01:06.758,30,,ACQUIRE_VERIFY,ACQUIRE_VERIFY,96,2,1788843666709.464,66.997,timestamp_domain.system_time,89460437.000,62.000,1,89460437.000,89460468.000,31.000,31.000,89460484.000,47.000,1,1,pnp_visible_ransac,9,0.651,-36.8414,-0.325998,5.200896,-3.5867
2026-09-08T14:01:06.840,31,,ACQUIRE_VERIFY,ACQUIRE_VERIFY,98,2,1788843666775.979,66.515,timestamp_domain.system_time,89460531.000,94.000,1,89460531.000,89460562.000,31.000,31.000,89460562.000,31.000,1,1,pnp_visible_ransac,9,0.654,-36.8403,-0.326054,5.201275,-3.5870
2026-09-08T14:01:06.910,32,,ACQUIRE_VERIFY,ACQUIRE_VERIFY,101,3,1788843666875.774,99.794,timestamp_domain.system_time,89460609.000,78.000,1,89460609.000,89460640.000,31.000,31.000,89460640.000,31.000,1,1,pnp_visible_ransac,9,0.628,-37.0943,-0.324212,5.197905,-3.5691
2026-09-08T14:01:06.987,33,,ACQUIRE_VERIFY,ACQUIRE_VERIFY,103,2,1788843666942.796,67.022,timestamp_domain.system_time,89460671.000,62.000,1,89460671.000,89460687.000,16.000,16.000,89460703.000,32.000,1,1,pnp_visible_ransac,9,0.624,-37.1377,-0.325321,5.204637,-3.5767
2026-09-08T14:01:07.053,34,,ACQUIRE_VERIFY,ACQUIRE_VERIFY,105,2,1788843667009.382,66.586,timestamp_domain.system_time,89460750.000,79.000,1,89460750.000,89460781.000,31.000,31.000,89460781.000,31.000,1,1,pnp_visible_ransac,9,0.650,-37.0140,-0.325155,5.200256,-3.5779
2026-09-08T14:01:07.123,35,,ACQUIRE_VERIFY,ACQUIRE_VERIFY,107,2,1788843667076.053,66.671,timestamp_domain.system_time,89460812.000,62.000,1,89460812.000,89460843.000,31.000,31.000,89460843.000,31.000,1,1,pnp_visible_ransac,9,0.654,-36.8403,-0.326054,5.201275,-3.5870
2026-09-08T14:01:07.209,36,0,ACQUIRE_VERIFY,ACQUIRE_VERIFY,109,2,1788843667142.782,66.729,timestamp_domain.system_time,89460890.000,78.000,1,89460890.000,89460937.000,47.000,47.000,89460937.000,47.000,1,1,pnp_visible_ransac,9,0.683,-37.0452,-0.325071,5.207445,-3.5720
2026-09-08T14:01:07.300,37,1,FACE_ROTATE,FACE_ROTATE,112,3,1788843667242.912,100.130,timestamp_domain.system_time,89460984.000,94.000,1,89460984.000,89461015.000,31.000,31.000,89461031.000,47.000,1,1,pnp_visible_ransac,9,0.679,-37.0152,-0.325218,5.200876,-3.5781
2026-09-08T14:01:07.382,38,2,FACE_ROTATE,FACE_ROTATE,115,3,1788843667343.065,100.153,timestamp_domain.system_time,89461078.000,94.000,1,89461078.000,89461109.000,31.000,31.000,89461109.000,31.000,1,1,pnp_visible_ransac,9,0.624,-36.8390,-0.325990,5.200656,-3.5868
2026-09-08T14:01:07.464,39,3,FACE_ROTATE,FACE_ROTATE,117,2,1788843667409.667,66.603,timestamp_domain.system_time,89461156.000,78.000,1,89461156.000,89461187.000,31.000,31.000,89461187.000,31.000,1,1,pnp_visible_ransac,9,0.691,-37.0788,-0.322478,5.190769,-3.5549
2026-09-08T14:01:07.540,40,4,FACE_ROTATE,FACE_ROTATE,117,0,1788843667409.667,0.000,timestamp_domain.system_time,89461234.000,78.000,1,89461234.000,89461265.000,31.000,31.000,89461265.000,31.000,1,1,pnp_visible_ransac,9,0.691,-37.0788,-0.322478,5.190769,-3.5549
2026-09-08T14:01:07.623,41,5,FACE_ROTATE,FACE_ROTATE,122,5,1788843667576.007,166.340,timestamp_domain.system_time,89461296.000,62.000,1,89461296.000,89461343.000,47.000,47.000,89461343.000,47.000,1,1,pnp_visible_ransac,9,0.625,-36.9284,-0.325530,5.200269,-3.5820
2026-09-08T14:01:07.701,42,6,FACE_ROTATE,FACE_ROTATE,124,2,1788843667642.832,66.825,timestamp_domain.system_time,89461390.000,94.000,1,89461390.000,89461421.000,31.000,31.000,89461421.000,31.000,1,1,pnp_visible_ransac,9,0.670,-37.0573,-0.324858,5.205066,-3.5713
2026-09-08T14:01:07.783,43,7,FACE_ROTATE,FACE_ROTATE,127,3,1788843667743.178,100.346,timestamp_domain.system_time,89461468.000,78.000,1,89461468.000,89461500.000,32.000,32.000,89461500.000,32.000,1,1,pnp_visible_ransac,9,0.587,-36.9058,-0.325202,5.200096,-3.5785
2026-09-08T14:01:07.872,44,8,FACE_ROTATE,FACE_ROTATE,129,2,1788843667809.573,66.396,timestamp_domain.system_time,89461562.000,94.000,1,89461562.000,89461593.000,31.000,31.000,89461593.000,31.000,1,1,pnp_visible_ransac,9,0.671,-36.9435,-0.325554,5.204349,-3.5794
2026-09-08T14:01:07.957,45,9,FACE_ROTATE,FACE_ROTATE,132,3,1788843667909.617,100.043,timestamp_domain.system_time,89461640.000,78.000,1,89461640.000,89461671.000,31.000,31.000,89461687.000,47.000,1,1,pnp_visible_ransac,9,0.606,-36.4878,-0.327343,5.201441,-3.6011
2026-09-08T14:01:08.035,46,10,FACE_ROTATE,FACE_ROTATE,134,2,1788843667976.749,67.132,timestamp_domain.system_time,89461718.000,78.000,1,89461734.000,89461765.000,31.000,47.000,89461765.000,47.000,1,1,pnp_visible_ransac,9,0.707,-36.9906,-0.325648,5.205644,-3.5796
2026-09-08T14:01:08.114,47,11,FACE_ROTATE,FACE_ROTATE,137,3,1788843668076.672,99.923,timestamp_domain.system_time,89461812.000,94.000,1,89461812.000,89461843.000,31.000,31.000,89461843.000,31.000,1,1,pnp_visible_ransac,9,0.658,-37.0438,-0.325051,5.207175,-3.5720
2026-09-08T14:01:08.188,48,12,FACE_ROTATE,FACE_ROTATE,139,2,1788843668143.373,66.701,timestamp_domain.system_time,89461875.000,63.000,1,89461875.000,89461906.000,31.000,31.000,89461906.000,31.000,1,1,pnp_visible_ransac,9,0.693,-37.2195,-0.322442,5.224617,-3.5316
2026-09-08T14:01:08.279,49,13,FACE_ROTATE,FACE_ROTATE,141,2,1788843668210.076,66.703,timestamp_domain.system_time,89461968.000,93.000,1,89461968.000,89462000.000,32.000,32.000,89462000.000,32.000,1,1,pnp_visible_ransac,9,0.723,-37.6667,-0.311308,5.213104,-3.4174
2026-09-08T14:01:08.349,50,14,FACE_ROTATE,FACE_ROTATE,144,3,1788843668310.254,100.178,timestamp_domain.system_time,89462046.000,78.000,1,89462046.000,89462078.000,32.000,32.000,89462078.000,32.000,1,1,pnp_visible_ransac,9,0.756,-37.7406,-0.306683,5.219202,-3.3629
2026-09-08T14:01:08.432,51,15,FACE_ROTATE,FACE_ROTATE,146,2,1788843668376.935,66.681,timestamp_domain.system_time,89462125.000,79.000,1,89462125.000,89462156.000,31.000,31.000,89462156.000,31.000,1,1,pnp_visible_ransac,9,0.781,-37.1229,-0.304120,5.239190,-3.3221
2026-09-08T14:01:08.513,52,16,FACE_ROTATE,FACE_ROTATE,148,2,1788843668443.746,66.811,timestamp_domain.system_time,89462203.000,78.000,1,89462203.000,89462234.000,31.000,31.000,89462234.000,31.000,1,1,pnp_visible_ransac,9,0.656,-36.7564,-0.297291,5.232613,-3.2518
2026-09-08T14:01:08.628,53,17,FACE_ROTATE,FACE_ROTATE,151,3,1788843668544.241,100.494,timestamp_domain.system_time,89462296.000,93.000,1,89462296.000,89462343.000,47.000,47.000,89462343.000,47.000,1,1,pnp_visible_ransac,9,0.547,-36.0713,-0.283877,5.217021,-3.1146
2026-09-08T14:01:08.705,54,18,FACE_ROTATE,FACE_ROTATE,154,3,1788843668643.690,99.449,timestamp_domain.system_time,89462390.000,94.000,1,89462390.000,89462421.000,31.000,31.000,89462421.000,31.000,1,1,pnp_visible_ransac,9,0.469,-35.6597,-0.249460,5.185654,-2.7541
2026-09-08T14:01:08.800,55,19,FACE_ROTATE,FACE_ROTATE,157,3,1788843668743.951,100.261,timestamp_domain.system_time,89462484.000,94.000,1,89462484.000,89462531.000,47.000,47.000,89462531.000,47.000,1,1,pnp_visible_ransac,9,0.461,-34.5785,-0.207617,5.173242,-2.2982
2026-09-08T14:01:08.887,56,20,FACE_SETTLE,FACE_SETTLE,160,3,1788843668843.571,99.620,timestamp_domain.system_time,89462578.000,94.000,1,89462578.000,89462609.000,31.000,31.000,89462609.000,31.000,1,1,pnp_visible_ransac,9,0.430,-34.3986,-0.156891,5.139391,-1.7485
2026-09-08T14:01:08.968,57,21,FACE_SETTLE,FACE_SETTLE,162,2,1788843668910.429,66.858,timestamp_domain.system_time,89462656.000,78.000,1,89462656.000,89462687.000,31.000,31.000,89462687.000,31.000,1,1,pnp_visible_ransac,9,0.578,-33.7721,-0.112270,5.204216,-1.2358
2026-09-08T14:01:09.056,58,22,FACE_SETTLE,FACE_SETTLE,165,3,1788843669010.615,100.186,timestamp_domain.system_time,89462734.000,78.000,1,89462750.000,89462781.000,31.000,47.000,89462781.000,47.000,1,1,pnp_visible_ransac,9,0.387,-32.1352,0.001096,5.181571,0.0121
2026-09-08T14:01:09.134,59,23,FACE_SETTLE,FACE_SETTLE,167,2,1788843669077.442,66.826,timestamp_domain.system_time,89462828.000,94.000,1,89462828.000,89462859.000,31.000,31.000,89462859.000,31.000,1,1,pnp_visible_ransac,9,0.454,-31.5353,0.081905,5.197993,0.9027
2026-09-08T14:01:09.211,60,24,FACE_SETTLE,FACE_SETTLE,170,3,1788843669177.684,100.242,timestamp_domain.system_time,89462906.000,78.000,1,89462906.000,89462937.000,31.000,31.000,89462937.000,31.000,1,1,pnp_visible_ransac,9,0.531,-31.9151,0.088748,5.143850,0.9884
2026-09-08T14:01:09.303,61,25,FACE_SETTLE,FACE_SETTLE,172,2,1788843669244.336,66.652,timestamp_domain.system_time,89463000.000,94.000,1,89463000.000,89463031.000,31.000,31.000,89463031.000,31.000,1,1,pnp_visible_ransac,9,0.455,-32.8968,0.027419,5.190330,0.3027
2026-09-08T14:01:09.373,62,26,FACE_SETTLE,FACE_SETTLE,175,3,1788843669344.381,100.044,timestamp_domain.system_time,89463078.000,78.000,1,89463078.000,89463093.000,15.000,15.000,89463093.000,15.000,1,1,pnp_visible_ransac,9,0.489,-32.8120,0.014823,5.185399,0.1638
2026-09-08T14:01:09.465,63,27,FACE_SETTLE,FACE_SETTLE,177,2,1788843669410.998,66.617,timestamp_domain.system_time,89463156.000,78.000,1,89463156.000,89463187.000,31.000,31.000,89463187.000,31.000,1,1,pnp_visible_ransac,9,0.593,-34.4545,0.030309,5.177162,0.3354
2026-09-08T14:01:09.546,64,28,FACE_SETTLE,FACE_SETTLE,178,1,1788843669444.328,33.330,timestamp_domain.system_time,89463218.000,62.000,1,89463234.000,89463265.000,31.000,47.000,89463265.000,47.000,1,1,pnp_visible_ransac,9,0.569,-34.2976,0.030867,5.164033,0.3425
2026-09-08T14:01:09.617,65,29,FACE_SETTLE,FACE_SETTLE,182,4,1788843669577.781,133.453,timestamp_domain.system_time,89463312.000,94.000,1,89463312.000,89463343.000,31.000,31.000,89463343.000,31.000,1,1,pnp_visible_ransac,9,0.467,-33.3732,0.028148,5.173734,0.3117
2026-09-08T14:01:09.708,66,30,FACE_SETTLE,FACE_SETTLE,184,2,1788843669644.525,66.744,timestamp_domain.system_time,89463390.000,78.000,1,89463390.000,89463437.000,47.000,47.000,89463437.000,47.000,1,1,pnp_visible_ransac,9,0.358,-33.2392,0.019099,5.197489,0.2105
2026-09-08T14:01:09.790,67,31,FACE_SETTLE,FACE_SETTLE,187,3,1788843669744.526,100.001,timestamp_domain.system_time,89463468.000,78.000,1,89463468.000,89463515.000,47.000,47.000,89463515.000,47.000,1,1,pnp_visible_ransac,9,0.375,-32.8557,0.017816,5.186591,0.1968
2026-09-08T14:01:09.872,68,32,FACE_SETTLE,FACE_SETTLE,189,2,1788843669811.350,66.824,timestamp_domain.system_time,89463562.000,94.000,1,89463562.000,89463578.000,16.000,16.000,89463593.000,31.000,1,1,pnp_visible_ransac,9,0.407,-33.4503,0.021147,5.198309,0.2331
2026-09-08T14:01:09.951,69,33,FACE_SETTLE,FACE_SETTLE,192,3,1788843669911.403,100.052,timestamp_domain.system_time,89463640.000,78.000,1,89463640.000,89463671.000,31.000,31.000,89463671.000,31.000,1,1,pnp_visible_ransac,9,0.408,-33.0081,0.018536,5.190805,0.2046
2026-09-08T14:01:10.028,70,34,FACE_SETTLE,FACE_SETTLE,194,2,1788843669978.063,66.660,timestamp_domain.system_time,89463703.000,63.000,1,89463718.000,89463750.000,32.000,47.000,89463750.000,47.000,1,1,pnp_visible_ransac,9,0.404,-33.2104,0.019267,5.202813,0.2122
2026-09-08T14:01:10.106,71,35,FACE_SETTLE,FACE_SETTLE,196,2,1788843670044.520,66.456,timestamp_domain.system_time,89463796.000,93.000,1,89463796.000,89463828.000,32.000,32.000,89463828.000,32.000,1,1,pnp_visible_ransac,9,0.444,-33.0878,0.019080,5.206340,0.2100
2026-09-08T14:01:10.186,72,36,FACE_SETTLE,FACE_SETTLE,199,3,1788843670144.724,100.204,timestamp_domain.system_time,89463875.000,79.000,1,89463875.000,89463906.000,31.000,31.000,89463906.000,31.000,1,1,pnp_visible_ransac,9,0.419,-33.2406,0.020070,5.191896,0.2215
2026-09-08T14:01:10.277,73,37,FACE_SETTLE,FACE_SETTLE,201,2,1788843670211.501,66.778,timestamp_domain.system_time,89463968.000,93.000,1,89463968.000,89464000.000,32.000,32.000,89464000.000,32.000,1,1,pnp_visible_ransac,9,0.454,-33.4459,0.020423,5.205144,0.2248
2026-09-08T14:01:10.351,74,38,FACE_SETTLE,FACE_SETTLE,204,3,1788843670311.659,100.158,timestamp_domain.system_time,89464046.000,78.000,1,89464046.000,89464078.000,32.000,32.000,89464078.000,32.000,1,1,pnp_visible_ransac,9,0.398,-33.1001,0.019184,5.202955,0.2113
2026-09-08T14:01:10.433,75,39,FACE_SETTLE,FACE_SETTLE,206,2,1788843670378.246,66.587,timestamp_domain.system_time,89464125.000,79.000,1,89464125.000,89464156.000,31.000,31.000,89464156.000,31.000,1,1,pnp_visible_ransac,9,0.437,-33.4167,0.020647,5.209297,0.2271
2026-09-08T14:01:10.507,76,40,FACE_SETTLE,FACE_SETTLE,208,2,1788843670445.035,66.788,timestamp_domain.system_time,89464203.000,78.000,1,89464203.000,89464234.000,31.000,31.000,89464234.000,31.000,1,1,pnp_visible_ransac,9,0.398,-33.0877,0.019131,5.205350,0.2106
2026-09-08T14:01:10.611,77,41,FACE_SETTLE,FACE_SETTLE,211,3,1788843670545.588,100.553,timestamp_domain.system_time,89464296.000,93.000,1,89464296.000,89464328.000,32.000,32.000,89464328.000,32.000,1,1,pnp_visible_ransac,9,0.460,-33.4001,0.021453,5.197310,0.2365
2026-09-08T14:01:10.683,78,42,FACE_SETTLE,FACE_SETTLE,214,3,1788843670645.088,99.500,timestamp_domain.system_time,89464375.000,79.000,1,89464375.000,89464406.000,31.000,31.000,89464406.000,31.000,1,1,pnp_visible_ransac,9,0.437,-33.4167,0.020647,5.209297,0.2271
2026-09-08T14:01:10.776,79,43,FACE_SETTLE,FACE_SETTLE,216,2,1788843670711.811,66.723,timestamp_domain.system_time,89464468.000,93.000,1,89464468.000,89464500.000,32.000,32.000,89464500.000,32.000,1,1,pnp_visible_ransac,9,0.402,-33.0824,0.018647,5.193938,0.2057
2026-09-08T14:01:10.854,80,44,FACE_SETTLE,FACE_SETTLE,219,3,1788843670812.001,100.190,timestamp_domain.system_time,89464531.000,63.000,1,89464546.000,89464578.000,32.000,47.000,89464578.000,47.000,1,1,pnp_visible_ransac,9,0.421,-33.2339,0.019338,5.198499,0.2131
2026-09-08T14:01:10.926,81,45,FACE_SETTLE,FACE_SETTLE,221,2,1788843670878.886,66.885,timestamp_domain.system_time,89464625.000,94.000,1,89464625.000,89464656.000,31.000,31.000,89464656.000,31.000,1,1,pnp_visible_ransac,9,0.392,-33.0990,0.019155,5.203341,0.2109
2026-09-08T14:01:11.009,82,46,FACE_SETTLE,FACE_SETTLE,223,2,1788843670945.273,66.387,timestamp_domain.system_time,89464703.000,78.000,1,89464703.000,89464734.000,31.000,31.000,89464734.000,31.000,1,1,pnp_visible_ransac,9,0.433,-33.1842,0.019120,5.208116,0.2103
2026-09-08T14:01:11.089,83,47,FACE_SETTLE,FACE_SETTLE,226,3,1788843671045.241,99.969,timestamp_domain.system_time,89464765.000,62.000,1,89464781.000,89464812.000,31.000,47.000,89464812.000,47.000,1,1,pnp_visible_ransac,9,0.433,-33.1842,0.019120,5.208116,0.2103
2026-09-08T14:01:11.174,84,48,FACE_SETTLE,FACE_SETTLE,228,2,1788843671112.177,66.936,timestamp_domain.system_time,89464859.000,94.000,1,89464859.000,89464890.000,31.000,31.000,89464890.000,31.000,1,1,pnp_visible_ransac,9,0.424,-33.2280,0.020015,5.194299,0.2208
2026-09-08T14:01:11.250,85,49,FACE_SETTLE,FACE_SETTLE,231,3,1788843671212.193,100.016,timestamp_domain.system_time,89464937.000,78.000,1,89464937.000,89464968.000,31.000,31.000,89464968.000,31.000,1,1,pnp_visible_ransac,9,0.433,-33.1842,0.019120,5.208116,0.2103
2026-09-08T14:01:11.321,86,50,FACE_SETTLE,FACE_SETTLE,233,2,1788843671278.927,66.735,timestamp_domain.system_time,89465015.000,78.000,1,89465015.000,89465046.000,31.000,31.000,89465046.000,31.000,1,1,pnp_visible_ransac,9,0.439,-33.1853,0.019149,5.207729,0.2107
2026-09-08T14:01:11.413,87,51,FACE_SETTLE,FACE_SETTLE,235,2,1788843671345.577,66.649,timestamp_domain.system_time,89465093.000,78.000,1,89465109.000,89465140.000,31.000,47.000,89465140.000,47.000,1,1,pnp_visible_ransac,9,0.433,-33.1842,0.019120,5.208116,0.2103
2026-09-08T14:01:11.477,88,52,FACE_SETTLE,FACE_SETTLE,238,3,1788843671446.652,101.076,timestamp_domain.system_time,89465187.000,94.000,1,89465187.000,89465203.000,16.000,16.000,89465203.000,16.000,1,1,pnp_visible_ransac,9,0.480,-33.1987,0.019181,5.205950,0.2111
2026-09-08T14:01:11.566,89,53,FACE_SETTLE,FACE_SETTLE,238,0,1788843671446.652,0.000,timestamp_domain.system_time,89465250.000,63.000,1,89465250.000,89465296.000,46.000,46.000,89465296.000,46.000,1,1,pnp_visible_ransac,9,0.480,-33.1987,0.019181,5.205950,0.2111
2026-09-08T14:01:11.645,90,54,FACE_SETTLE,FACE_SETTLE,242,4,1788843671579.602,132.950,timestamp_domain.system_time,89465343.000,93.000,1,89465343.000,89465375.000,32.000,32.000,89465375.000,32.000,1,1,pnp_visible_ransac,9,0.431,-33.2101,0.019258,5.202918,0.2121
2026-09-08T14:01:11.717,91,55,STANDOFF_VERIFY,STANDOFF_VERIFY,245,3,1788843671679.209,99.607,timestamp_domain.system_time,89465406.000,63.000,1,89465406.000,89465437.000,31.000,31.000,89465437.000,31.000,1,1,pnp_visible_ransac,9,0.486,-33.4190,0.020655,5.209534,0.2272
2026-09-08T14:01:11.811,92,56,STANDOFF_MOVE,STANDOFF_MOVE,247,2,1788843671745.842,66.633,timestamp_domain.system_time,89465484.000,78.000,1,89465500.000,89465531.000,31.000,47.000,89465531.000,47.000,1,1,pnp_visible_ransac,9,0.388,-33.2358,0.019409,5.197423,0.2140
2026-09-08T14:01:11.889,93,57,STANDOFF_MOVE,STANDOFF_MOVE,250,3,1788843671845.967,100.125,timestamp_domain.system_time,89465578.000,94.000,1,89465578.000,89465609.000,31.000,31.000,89465609.000,31.000,1,1,pnp_visible_ransac,9,0.392,-33.0866,0.019101,5.205737,0.2102
2026-09-08T14:01:11.963,94,58,STANDOFF_MOVE,STANDOFF_MOVE,252,2,1788843671912.752,66.784,timestamp_domain.system_time,89465656.000,78.000,1,89465656.000,89465687.000,31.000,31.000,89465687.000,31.000,1,1,pnp_visible_ransac,9,0.438,-33.2398,0.020051,5.192146,0.2213
2026-09-08T14:01:12.048,95,59,STANDOFF_MOVE,STANDOFF_MOVE,254,2,1788843671979.398,66.646,timestamp_domain.system_time,89465734.000,78.000,1,89465734.000,89465765.000,31.000,31.000,89465765.000,31.000,1,1,pnp_visible_ransac,9,0.405,-33.2955,0.020551,5.211380,0.2259
2026-09-08T14:01:12.118,96,60,STANDOFF_MOVE,STANDOFF_MOVE,257,3,1788843672079.646,100.248,timestamp_domain.system_time,89465812.000,78.000,1,89465812.000,89465843.000,31.000,31.000,89465843.000,31.000,1,1,pnp_visible_ransac,9,0.366,-33.2338,0.018432,5.203036,0.2030
2026-09-08T14:01:12.210,97,61,STANDOFF_MOVE,STANDOFF_MOVE,259,2,1788843672146.167,66.521,timestamp_domain.system_time,89465906.000,94.000,1,89465906.000,89465921.000,15.000,15.000,89465937.000,31.000,1,1,pnp_visible_ransac,9,0.372,-33.0222,0.010133,5.218330,0.1113
2026-09-08T14:01:12.285,98,62,STANDOFF_MOVE,STANDOFF_MOVE,262,3,1788843672245.996,99.829,timestamp_domain.system_time,89465984.000,78.000,1,89465984.000,89466015.000,31.000,31.000,89466015.000,31.000,1,1,pnp_visible_ransac,9,0.411,-33.1525,0.006981,5.221652,0.0766
2026-09-08T14:01:12.369,99,63,STANDOFF_MOVE,STANDOFF_MOVE,264,2,1788843672313.201,67.205,timestamp_domain.system_time,89466062.000,78.000,1,89466062.000,89466093.000,31.000,31.000,89466093.000,31.000,1,1,pnp_visible_ransac,9,0.335,-33.5146,0.010688,5.217838,0.1174
2026-09-08T14:01:12.453,100,64,STANDOFF_MOVE,STANDOFF_MOVE,267,3,1788843672413.403,100.203,timestamp_domain.system_time,89466140.000,78.000,1,89466140.000,89466171.000,31.000,31.000,89466171.000,31.000,1,1,pnp_visible_ransac,9,0.379,-32.9457,0.005592,5.215384,0.0614
2026-09-08T14:01:12.533,101,65,STANDOFF_MOVE,STANDOFF_MOVE,268,1,1788843672447.357,33.954,timestamp_domain.system_time,89466218.000,78.000,1,89466218.000,89466250.000,32.000,32.000,89466250.000,32.000,1,1,pnp_visible_ransac,9,0.457,-32.7358,0.004474,5.209739,0.0492
2026-09-08T14:01:12.650,102,66,STANDOFF_MOVE,STANDOFF_MOVE,272,4,1788843672579.737,132.380,timestamp_domain.system_time,89466343.000,125.000,1,89466343.000,89466375.000,32.000,32.000,89466375.000,32.000,1,1,pnp_visible_ransac,9,0.383,-32.8505,0.006558,5.207570,0.0722
2026-09-08T14:01:12.723,103,67,STANDOFF_MOVE,STANDOFF_MOVE,275,3,1788843672679.825,100.087,timestamp_domain.system_time,89466421.000,78.000,1,89466421.000,89466453.000,32.000,32.000,89466453.000,32.000,1,1,pnp_visible_ransac,9,0.402,-32.8313,0.010713,5.196222,0.1181
2026-09-08T14:01:12.812,104,68,STANDOFF_MOVE,STANDOFF_MOVE,277,2,1788843672746.640,66.815,timestamp_domain.system_time,89466500.000,79.000,1,89466500.000,89466515.000,15.000,15.000,89466531.000,31.000,1,1,pnp_visible_ransac,9,0.436,-32.9119,0.008676,5.215739,0.0953
2026-09-08T14:01:12.884,105,69,STANDOFF_MOVE,STANDOFF_MOVE,280,3,1788843672846.756,100.116,timestamp_domain.system_time,89466578.000,78.000,1,89466578.000,89466609.000,31.000,31.000,89466609.000,31.000,1,1,pnp_visible_ransac,9,0.385,-32.6377,0.002433,5.191348,0.0269
2026-09-08T14:01:12.967,106,70,STANDOFF_MOVE,STANDOFF_MOVE,282,2,1788843672913.442,66.686,timestamp_domain.system_time,89466656.000,78.000,1,89466656.000,89466687.000,31.000,31.000,89466687.000,31.000,1,1,pnp_visible_ransac,9,0.395,-32.3155,0.000276,5.184352,0.0030
2026-09-08T14:01:13.050,107,71,STANDOFF_MOVE,STANDOFF_MOVE,285,3,1788843673013.642,100.200,timestamp_domain.system_time,89466734.000,78.000,1,89466734.000,89466781.000,47.000,47.000,89466781.000,47.000,1,1,pnp_visible_ransac,9,0.436,-32.4524,-0.009250,5.163898,-0.1026
2026-09-08T14:01:13.139,108,72,STANDOFF_SETTLE,STANDOFF_SETTLE,287,2,1788843673080.018,66.376,timestamp_domain.system_time,89466828.000,94.000,1,89466828.000,89466859.000,31.000,31.000,89466859.000,31.000,1,1,pnp_visible_ransac,9,0.471,-31.9971,-0.017925,5.148510,-0.1995
2026-09-08T14:01:13.225,109,73,STANDOFF_SETTLE,STANDOFF_SETTLE,290,3,1788843673180.052,100.034,timestamp_domain.system_time,89466906.000,78.000,1,89466906.000,89466953.000,47.000,47.000,89466953.000,47.000,1,1,pnp_visible_ransac,9,0.543,-32.1859,-0.015791,5.144717,-0.1759
2026-09-08T14:01:13.302,110,74,STANDOFF_SETTLE,STANDOFF_SETTLE,292,2,1788843673246.735,66.683,timestamp_domain.system_time,89467000.000,94.000,1,89467000.000,89467031.000,31.000,31.000,89467031.000,31.000,1,1,pnp_visible_ransac,9,0.504,-31.9405,-0.017679,5.126827,-0.1976
2026-09-08T14:01:13.384,111,75,STANDOFF_SETTLE,STANDOFF_SETTLE,295,3,1788843673347.367,100.632,timestamp_domain.system_time,89467078.000,78.000,1,89467078.000,89467109.000,31.000,31.000,89467109.000,31.000,1,1,pnp_visible_ransac,9,0.436,-33.3172,-0.003334,5.148060,-0.0371
2026-09-08T14:01:13.454,112,76,STANDOFF_SETTLE,STANDOFF_SETTLE,297,2,1788843673413.865,66.498,timestamp_domain.system_time,89467140.000,62.000,1,89467140.000,89467171.000,31.000,31.000,89467171.000,31.000,1,1,pnp_visible_ransac,9,0.457,-32.1411,-0.010766,5.116897,-0.1206
2026-09-08T14:01:13.548,113,77,STANDOFF_SETTLE,STANDOFF_SETTLE,298,1,1788843673447.431,33.566,timestamp_domain.system_time,89467218.000,78.000,1,89467234.000,89467265.000,31.000,47.000,89467265.000,47.000,1,1,pnp_visible_ransac,9,0.542,-32.2851,-0.012161,5.136659,-0.1356
2026-09-08T14:01:13.652,114,78,STANDOFF_SETTLE,STANDOFF_SETTLE,302,4,1788843673580.796,133.365,timestamp_domain.system_time,89467343.000,125.000,1,89467343.000,89467375.000,32.000,32.000,89467375.000,32.000,1,1,pnp_visible_ransac,9,0.577,-32.4052,-0.010777,5.138810,-0.1202
2026-09-08T14:01:13.729,115,79,STANDOFF_SETTLE,STANDOFF_SETTLE,305,3,1788843673680.869,100.073,timestamp_domain.system_time,89467421.000,78.000,1,89467421.000,89467453.000,32.000,32.000,89467453.000,32.000,1,1,pnp_visible_ransac,9,0.493,-31.7586,-0.016936,5.109962,-0.1899
2026-09-08T14:01:13.805,116,80,STANDOFF_SETTLE,STANDOFF_SETTLE,307,2,1788843673747.297,66.428,timestamp_domain.system_time,89467500.000,79.000,1,89467500.000,89467531.000,31.000,31.000,89467531.000,31.000,1,1,pnp_visible_ransac,9,0.601,-31.8797,-0.011653,5.101916,-0.1309
2026-09-08T14:01:13.885,117,81,STANDOFF_SETTLE,STANDOFF_SETTLE,310,3,1788843673847.198,99.900,timestamp_domain.system_time,89467578.000,78.000,1,89467578.000,89467609.000,31.000,31.000,89467609.000,31.000,1,1,pnp_visible_ransac,9,0.510,-32.2029,-0.013326,5.127222,-0.1489
2026-09-08T14:01:13.957,118,82,STANDOFF_SETTLE,STANDOFF_SETTLE,312,2,1788843673914.068,66.870,timestamp_domain.system_time,89467656.000,78.000,1,89467656.000,89467687.000,31.000,31.000,89467687.000,31.000,1,1,pnp_visible_ransac,9,0.487,-31.8358,-0.014156,5.116501,-0.1585
2026-09-08T14:01:14.050,119,83,STANDOFF_SETTLE,STANDOFF_SETTLE,314,2,1788843673980.652,66.584,timestamp_domain.system_time,89467734.000,78.000,1,89467734.000,89467765.000,31.000,31.000,89467781.000,47.000,1,1,pnp_visible_ransac,9,0.563,-32.3177,-0.012645,5.135117,-0.1411
2026-09-08T14:01:14.127,120,84,STANDOFF_SETTLE,STANDOFF_SETTLE,317,3,1788843674080.872,100.220,timestamp_domain.system_time,89467812.000,78.000,1,89467812.000,89467843.000,31.000,31.000,89467843.000,31.000,1,1,pnp_visible_ransac,9,0.509,-32.2511,-0.013334,5.134505,-0.1488
2026-09-08T14:01:14.219,121,85,STANDOFF_SETTLE,STANDOFF_SETTLE,320,3,1788843674181.064,100.192,timestamp_domain.system_time,89467906.000,94.000,1,89467906.000,89467937.000,31.000,31.000,89467937.000,31.000,1,1,pnp_visible_ransac,9,0.513,-32.1421,-0.013439,5.134887,-0.1499
2026-09-08T14:01:14.291,122,86,STANDOFF_SETTLE,STANDOFF_SETTLE,322,2,1788843674247.534,66.469,timestamp_domain.system_time,89467984.000,78.000,1,89467984.000,89468015.000,31.000,31.000,89468015.000,31.000,1,1,pnp_visible_ransac,9,0.580,-31.9919,-0.014158,5.131026,-0.1581
2026-09-08T14:01:14.370,123,87,STANDOFF_SETTLE,STANDOFF_SETTLE,324,2,1788843674314.143,66.610,timestamp_domain.system_time,89468062.000,78.000,1,89468062.000,89468093.000,31.000,31.000,89468093.000,31.000,1,1,pnp_visible_ransac,9,0.530,-32.1421,-0.013427,5.134669,-0.1498
2026-09-08T14:01:14.453,124,88,STANDOFF_SETTLE,STANDOFF_SETTLE,327,3,1788843674414.642,100.499,timestamp_domain.system_time,89468140.000,78.000,1,89468140.000,89468171.000,31.000,31.000,89468171.000,31.000,1,1,pnp_visible_ransac,9,0.540,-32.4299,-0.012884,5.135431,-0.1437
2026-09-08T14:01:14.541,125,89,STANDOFF_SETTLE,STANDOFF_SETTLE,328,1,1788843674448.124,33.482,timestamp_domain.system_time,89468234.000,94.000,1,89468234.000,89468265.000,31.000,31.000,89468265.000,31.000,1,1,pnp_visible_ransac,9,0.577,-32.2911,-0.012828,5.140440,-0.1430
2026-09-08T14:01:14.657,126,90,STANDOFF_SETTLE,STANDOFF_SETTLE,332,4,1788843674581.462,133.338,timestamp_domain.system_time,89468343.000,109.000,1,89468343.000,89468375.000,32.000,32.000,89468375.000,32.000,1,1,pnp_visible_ransac,9,0.501,-32.0942,-0.013402,5.127071,-0.1498
2026-09-08T14:01:14.737,127,91,STANDOFF_SETTLE,STANDOFF_SETTLE,335,3,1788843674681.562,100.100,timestamp_domain.system_time,89468421.000,78.000,1,89468421.000,89468453.000,32.000,32.000,89468453.000,32.000,1,1,pnp_visible_ransac,9,0.571,-32.2027,-0.013398,5.134312,-0.1495
2026-09-08T14:01:14.815,128,92,STANDOFF_SETTLE,STANDOFF_SETTLE,337,2,1788843674748.065,66.503,timestamp_domain.system_time,89468500.000,79.000,1,89468500.000,89468531.000,31.000,31.000,89468531.000,31.000,1,1,pnp_visible_ransac,9,0.588,-32.3039,-0.012760,5.138126,-0.1423
2026-09-08T14:01:14.894,129,93,STANDOFF_SETTLE,STANDOFF_SETTLE,340,3,1788843674848.104,100.039,timestamp_domain.system_time,89468578.000,78.000,1,89468578.000,89468609.000,31.000,31.000,89468625.000,47.000,1,1,pnp_visible_ransac,9,0.581,-32.2018,-0.012111,5.132039,-0.1352
2026-09-08T14:01:14.972,130,94,STANDOFF_SETTLE,STANDOFF_SETTLE,342,2,1788843674914.818,66.714,timestamp_domain.system_time,89468656.000,78.000,1,89468656.000,89468687.000,31.000,31.000,89468703.000,47.000,1,1,pnp_visible_ransac,9,0.592,-32.1951,-0.012835,5.137990,-0.1431
2026-09-08T14:01:15.051,131,95,STANDOFF_SETTLE,STANDOFF_SETTLE,344,2,1788843674981.511,66.693,timestamp_domain.system_time,89468734.000,78.000,1,89468750.000,89468781.000,31.000,47.000,89468781.000,47.000,1,1,pnp_visible_ransac,9,0.526,-32.2600,-0.014340,5.138876,-0.1599
2026-09-08T14:01:15.133,132,96,STANDOFF_SETTLE,STANDOFF_SETTLE,347,3,1788843675081.920,100.409,timestamp_domain.system_time,89468828.000,94.000,1,89468828.000,89468859.000,31.000,31.000,89468859.000,31.000,1,1,pnp_visible_ransac,9,0.582,-32.2428,-0.012834,5.139221,-0.1431
2026-09-08T14:01:15.216,133,97,STANDOFF_SETTLE,STANDOFF_SETTLE,349,2,1788843675148.190,66.269,timestamp_domain.system_time,89468906.000,78.000,1,89468906.000,89468937.000,31.000,31.000,89468937.000,31.000,1,1,pnp_visible_ransac,9,0.570,-32.1007,-0.014082,5.131186,-0.1572
2026-09-08T14:01:15.295,134,98,STANDOFF_SETTLE,STANDOFF_SETTLE,352,3,1788843675248.586,100.397,timestamp_domain.system_time,89468984.000,78.000,1,89468984.000,89469015.000,31.000,31.000,89469015.000,31.000,1,1,pnp_visible_ransac,9,0.567,-32.2098,-0.013974,5.130790,-0.1560
2026-09-08T14:01:15.375,135,99,STANDOFF_SETTLE,STANDOFF_SETTLE,354,2,1788843675315.055,66.468,timestamp_domain.system_time,89469062.000,78.000,1,89469062.000,89469093.000,31.000,31.000,89469093.000,31.000,1,1,pnp_visible_ransac,9,0.574,-32.2797,-0.013602,5.131644,-0.1519
2026-09-08T14:01:15.455,136,100,STANDOFF_SETTLE,STANDOFF_SETTLE,357,3,1788843675414.928,99.874,timestamp_domain.system_time,89469140.000,78.000,1,89469140.000,89469171.000,31.000,31.000,89469171.000,31.000,1,1,pnp_visible_ransac,9,0.539,-32.3222,-0.014216,5.137045,-0.1586
2026-09-08T14:01:15.535,137,101,STANDOFF_SETTLE,STANDOFF_SETTLE,358,1,1788843675448.378,33.450,timestamp_domain.system_time,89469218.000,78.000,1,89469234.000,89469250.000,16.000,32.000,89469265.000,47.000,1,1,pnp_visible_ransac,9,0.600,-32.1414,-0.013512,5.136073,-0.1507
2026-09-08T14:01:15.659,138,102,STANDOFF_SETTLE,STANDOFF_SETTLE,359,1,1788843675481.905,33.527,timestamp_domain.system_time,89469343.000,125.000,1,89469343.000,89469375.000,32.000,32.000,89469375.000,32.000,1,1,pnp_visible_ransac,9,0.503,-32.0940,-0.013431,5.127593,-0.1501
2026-09-08T14:01:15.740,139,103,STANDOFF_SETTLE,STANDOFF_SETTLE,365,6,1788843675682.250,200.345,timestamp_domain.system_time,89469421.000,78.000,1,89469437.000,89469468.000,31.000,47.000,89469468.000,47.000,1,1,pnp_visible_ransac,9,0.592,-32.0871,-0.014195,5.134174,-0.1584
2026-09-08T14:01:15.820,140,104,STANDOFF_SETTLE,STANDOFF_SETTLE,368,3,1788843675782.238,99.988,timestamp_domain.system_time,89469515.000,94.000,1,89469515.000,89469546.000,31.000,31.000,89469546.000,31.000,1,1,pnp_visible_ransac,9,0.596,-32.3169,-0.012690,5.135801,-0.1416
2026-09-08T14:01:15.900,141,105,STANDOFF_SETTLE,STANDOFF_SETTLE,370,2,1788843675848.885,66.647,timestamp_domain.system_time,89469593.000,78.000,1,89469593.000,89469625.000,32.000,32.000,89469625.000,32.000,1,1,pnp_visible_ransac,9,0.622,-32.1735,-0.012684,5.126056,-0.1418
2026-09-08T14:01:15.980,142,106,STANDOFF_VERIFY,STANDOFF_VERIFY,372,2,1788843675915.401,66.517,timestamp_domain.system_time,89469671.000,78.000,1,89469671.000,89469703.000,32.000,32.000,89469703.000,32.000,1,1,pnp_visible_ransac,9,0.592,-32.0871,-0.014195,5.134174,-0.1584
2026-09-08T14:01:16.075,143,107,STANDOFF_MOVE,STANDOFF_MOVE,375,3,1788843676015.636,100.235,timestamp_domain.system_time,89469750.000,79.000,1,89469750.000,89469796.000,46.000,46.000,89469796.000,46.000,1,1,pnp_visible_ransac,9,0.596,-32.3169,-0.012690,5.135801,-0.1416
2026-09-08T14:01:16.157,144,108,STANDOFF_MOVE,STANDOFF_MOVE,378,3,1788843676115.616,99.979,timestamp_domain.system_time,89469843.000,93.000,1,89469843.000,89469875.000,32.000,32.000,89469875.000,32.000,1,1,pnp_visible_ransac,9,0.572,-32.1953,-0.012796,5.137322,-0.1427
2026-09-08T14:01:16.240,145,109,STANDOFF_MOVE,STANDOFF_MOVE,380,2,1788843676182.320,66.704,timestamp_domain.system_time,89469921.000,78.000,1,89469937.000,89469968.000,31.000,47.000,89469968.000,47.000,1,1,pnp_visible_ransac,9,0.559,-32.4098,-0.013685,5.143730,-0.1524
2026-09-08T14:01:16.321,146,110,STANDOFF_MOVE,STANDOFF_MOVE,383,3,1788843676282.470,100.150,timestamp_domain.system_time,89470015.000,94.000,1,89470015.000,89470046.000,31.000,31.000,89470046.000,31.000,1,1,pnp_visible_ransac,9,0.554,-32.3046,-0.012715,5.137441,-0.1418
2026-09-08T14:01:16.399,147,111,STANDOFF_MOVE,STANDOFF_MOVE,385,2,1788843676349.240,66.771,timestamp_domain.system_time,89470093.000,78.000,1,89470093.000,89470125.000,32.000,32.000,89470125.000,32.000,1,1,pnp_visible_ransac,9,0.588,-32.3039,-0.012760,5.138126,-0.1423
2026-09-08T14:01:16.479,148,112,STANDOFF_MOVE,STANDOFF_MOVE,387,2,1788843676415.962,66.721,timestamp_domain.system_time,89470171.000,78.000,1,89470171.000,89470203.000,32.000,32.000,89470203.000,32.000,1,1,pnp_visible_ransac,9,0.602,-32.1476,-0.012822,5.130673,-0.1432
2026-09-08T14:01:16.558,149,113,STANDOFF_MOVE,STANDOFF_MOVE,389,2,1788843676483.184,67.222,timestamp_domain.system_time,89470250.000,79.000,1,89470250.000,89470281.000,31.000,31.000,89470281.000,31.000,1,1,pnp_visible_ransac,9,0.584,-32.2246,-0.013572,5.140842,-0.1513
2026-09-08T14:01:16.696,150,114,STANDOFF_MOVE,STANDOFF_MOVE,393,4,1788843676616.544,133.360,timestamp_domain.system_time,89470375.000,125.000,1,89470390.000,89470421.000,31.000,46.000,89470421.000,46.000,1,1,pnp_visible_ransac,9,0.555,-32.2633,-0.013337,5.133396,-0.1489
2026-09-08T14:01:16.774,151,115,STANDOFF_MOVE,STANDOFF_MOVE,396,3,1788843676716.093,99.549,timestamp_domain.system_time,89470468.000,93.000,1,89470468.000,89470500.000,32.000,32.000,89470500.000,32.000,1,1,pnp_visible_ransac,9,0.557,-32.2382,-0.013460,5.137844,-0.1501
2026-09-08T14:01:16.854,152,116,STANDOFF_MOVE,STANDOFF_MOVE,399,3,1788843676816.279,100.187,timestamp_domain.system_time,89470546.000,78.000,1,89470546.000,89470578.000,32.000,32.000,89470578.000,32.000,1,1,pnp_visible_ransac,9,0.531,-32.4650,-0.012956,5.144920,-0.1443
2026-09-08T14:01:16.935,153,117,STANDOFF_MOVE,STANDOFF_MOVE,401,2,1788843676882.900,66.620,timestamp_domain.system_time,89470625.000,79.000,1,89470625.000,89470656.000,31.000,31.000,89470656.000,31.000,1,1,pnp_visible_ransac,9,0.524,-31.9583,-0.013991,5.120021,-0.1566
2026-09-08T14:01:17.016,154,118,STANDOFF_MOVE,STANDOFF_MOVE,403,2,1788843676949.554,66.654,timestamp_domain.system_time,89470703.000,78.000,1,89470703.000,89470734.000,31.000,31.000,89470734.000,31.000,1,1,pnp_visible_ransac,9,0.527,-32.0667,-0.013918,5.120193,-0.1557
2026-09-08T14:01:17.095,155,119,STANDOFF_MOVE,STANDOFF_MOVE,406,3,1788843677049.664,100.111,timestamp_domain.system_time,89470781.000,78.000,1,89470781.000,89470812.000,31.000,31.000,89470812.000,31.000,1,1,pnp_visible_ransac,9,0.534,-31.9166,-0.014636,5.116352,-0.1639
2026-09-08T14:01:17.176,156,120,STANDOFF_MOVE,STANDOFF_MOVE,408,2,1788843677116.359,66.694,timestamp_domain.system_time,89470859.000,78.000,1,89470859.000,89470890.000,31.000,31.000,89470906.000,47.000,1,1,pnp_visible_ransac,9,0.628,-31.9670,-0.011444,5.096413,-0.1287
2026-09-08T14:01:17.263,157,121,STANDOFF_SETTLE,STANDOFF_SETTLE,411,3,1788843677216.532,100.174,timestamp_domain.system_time,89470953.000,94.000,1,89470953.000,89470984.000,31.000,31.000,89470984.000,31.000,1,1,pnp_visible_ransac,9,0.622,-32.5672,-0.005549,5.122959,-0.0621
2026-09-08T14:01:17.344,158,122,STANDOFF_SETTLE,STANDOFF_SETTLE,413,2,1788843677283.080,66.548,timestamp_domain.system_time,89471031.000,78.000,1,89471031.000,89471062.000,31.000,31.000,89471062.000,31.000,1,1,pnp_visible_ransac,9,0.566,-32.8318,-0.007642,5.137503,-0.0852
2026-09-08T14:01:17.425,159,123,STANDOFF_SETTLE,STANDOFF_SETTLE,416,3,1788843677383.077,99.997,timestamp_domain.system_time,89471109.000,78.000,1,89471109.000,89471140.000,31.000,31.000,89471156.000,47.000,1,1,pnp_visible_ransac,9,0.587,-33.2369,-0.005762,5.104817,-0.0647
2026-09-08T14:01:17.506,160,124,STANDOFF_SETTLE,STANDOFF_SETTLE,418,2,1788843677449.884,66.807,timestamp_domain.system_time,89471187.000,78.000,1,89471203.000,89471234.000,31.000,47.000,89471234.000,47.000,1,1,pnp_visible_ransac,9,0.602,-32.6997,-0.008942,5.093413,-0.1006
2026-09-08T14:01:17.589,161,125,STANDOFF_SETTLE,STANDOFF_SETTLE,419,1,1788843677483.514,33.630,timestamp_domain.system_time,89471281.000,94.000,1,89471281.000,89471312.000,31.000,31.000,89471312.000,31.000,1,1,pnp_visible_ransac,9,0.513,-32.8585,-0.012720,5.104649,-0.1428
2026-09-08T14:01:17.687,162,126,STANDOFF_SETTLE,STANDOFF_SETTLE,420,1,1788843677516.779,33.266,timestamp_domain.system_time,89471375.000,94.000,1,89471375.000,89471406.000,31.000,31.000,89471406.000,31.000,1,1,pnp_visible_ransac,9,0.524,-32.3738,-0.012667,5.084800,-0.1427
2026-09-08T14:01:17.772,163,127,STANDOFF_SETTLE,STANDOFF_SETTLE,426,6,1788843677716.986,200.207,timestamp_domain.system_time,89471453.000,78.000,1,89471468.000,89471500.000,32.000,47.000,89471500.000,47.000,1,1,pnp_visible_ransac,9,0.532,-33.5450,-0.005456,5.071622,-0.0616
2026-09-08T14:01:17.852,164,128,STANDOFF_SETTLE,STANDOFF_SETTLE,428,2,1788843677783.470,66.484,timestamp_domain.system_time,89471546.000,93.000,1,89471546.000,89471578.000,32.000,32.000,89471578.000,32.000,1,1,pnp_visible_ransac,9,0.574,-33.0687,-0.005883,5.105595,-0.0660
2026-09-08T14:01:17.931,165,129,STANDOFF_SETTLE,STANDOFF_SETTLE,431,3,1788843677883.635,100.165,timestamp_domain.system_time,89471625.000,79.000,1,89471625.000,89471656.000,31.000,31.000,89471656.000,31.000,1,1,pnp_visible_ransac,9,0.634,-32.9611,-0.007286,5.108613,-0.0817
2026-09-08T14:01:18.013,166,130,STANDOFF_SETTLE,STANDOFF_SETTLE,433,2,1788843677950.228,66.592,timestamp_domain.system_time,89471703.000,78.000,1,89471703.000,89471734.000,31.000,31.000,89471734.000,31.000,1,1,pnp_visible_ransac,9,0.517,-33.4261,-0.004879,5.084782,-0.0550
2026-09-08T14:01:18.092,167,131,STANDOFF_SETTLE,STANDOFF_SETTLE,436,3,1788843678050.326,100.099,timestamp_domain.system_time,89471781.000,78.000,1,89471781.000,89471812.000,31.000,31.000,89471812.000,31.000,1,1,pnp_visible_ransac,9,0.611,-33.2612,-0.007934,5.114322,-0.0889
2026-09-08T14:01:18.172,168,132,STANDOFF_SETTLE,STANDOFF_SETTLE,438,2,1788843678117.640,67.314,timestamp_domain.system_time,89471859.000,78.000,1,89471859.000,89471890.000,31.000,31.000,89471890.000,31.000,1,1,pnp_visible_ransac,9,0.649,-33.1192,-0.008515,5.118414,-0.0953
2026-09-08T14:01:18.255,169,133,STANDOFF_SETTLE,STANDOFF_SETTLE,441,3,1788843678217.261,99.621,timestamp_domain.system_time,89471937.000,78.000,1,89471953.000,89471984.000,31.000,47.000,89471984.000,47.000,1,1,pnp_visible_ransac,9,0.587,-33.2369,-0.005762,5.104817,-0.0647
2026-09-08T14:01:18.335,170,134,STANDOFF_SETTLE,STANDOFF_SETTLE,443,2,1788843678283.869,66.608,timestamp_domain.system_time,89472031.000,94.000,1,89472031.000,89472062.000,31.000,31.000,89472062.000,31.000,1,1,pnp_visible_ransac,9,0.615,-33.2125,-0.007915,5.106903,-0.0888
2026-09-08T14:01:18.416,171,135,STANDOFF_SETTLE,STANDOFF_SETTLE,445,2,1788843678350.912,67.043,timestamp_domain.system_time,89472109.000,78.000,1,89472109.000,89472140.000,31.000,31.000,89472140.000,31.000,1,1,pnp_visible_ransac,9,0.599,-33.2423,-0.008664,5.115745,-0.0970
2026-09-08T14:01:18.495,172,136,STANDOFF_SETTLE,STANDOFF_SETTLE,448,3,1788843678450.763,99.851,timestamp_domain.system_time,89472187.000,78.000,1,89472187.000,89472218.000,31.000,31.000,89472218.000,31.000,1,1,pnp_visible_ransac,9,0.581,-33.4391,-0.006420,5.102183,-0.0721
2026-09-08T14:01:18.574,173,137,STANDOFF_SETTLE,STANDOFF_SETTLE,449,1,1788843678484.256,33.494,timestamp_domain.system_time,89472265.000,78.000,1,89472265.000,89472296.000,31.000,31.000,89472296.000,31.000,1,1,pnp_visible_ransac,9,0.590,-33.2583,-0.006630,5.105664,-0.0744
2026-09-08T14:01:18.686,174,138,STANDOFF_SETTLE,STANDOFF_SETTLE,450,1,1788843678517.760,33.503,timestamp_domain.system_time,89472375.000,110.000,1,89472375.000,89472406.000,31.000,31.000,89472406.000,31.000,1,1,pnp_visible_ransac,9,0.599,-33.2606,-0.009208,5.110483,-0.1032
2026-09-08T14:01:18.766,175,139,STANDOFF_SETTLE,STANDOFF_SETTLE,456,6,1788843678717.702,199.943,timestamp_domain.system_time,89472453.000,78.000,1,89472453.000,89472484.000,31.000,31.000,89472484.000,31.000,1,1,pnp_visible_ransac,9,0.596,-33.2709,-0.006562,5.103349,-0.0737
2026-09-08T14:01:18.844,176,140,STANDOFF_SETTLE,STANDOFF_SETTLE,458,2,1788843678784.230,66.528,timestamp_domain.system_time,89472531.000,78.000,1,89472531.000,89472562.000,31.000,31.000,89472562.000,31.000,1,1,pnp_visible_ransac,9,0.604,-33.4285,-0.006486,5.110464,-0.0727
2026-09-08T14:01:18.921,177,141,STANDOFF_SETTLE,STANDOFF_SETTLE,461,3,1788843678884.349,100.119,timestamp_domain.system_time,89472609.000,78.000,1,89472609.000,89472640.000,31.000,31.000,89472640.000,31.000,1,1,pnp_visible_ransac,9,0.593,-33.2902,-0.007099,5.098119,-0.0798
2026-09-08T14:01:19.001,178,142,STANDOFF_SETTLE,STANDOFF_SETTLE,463,2,1788843678951.074,66.725,timestamp_domain.system_time,89472687.000,78.000,1,89472687.000,89472718.000,31.000,31.000,89472718.000,31.000,1,1,pnp_visible_ransac,9,0.558,-33.3073,-0.006594,5.106402,-0.0740
2026-09-08T14:01:19.080,179,143,STANDOFF_SETTLE,STANDOFF_SETTLE,465,2,1788843679017.724,66.651,timestamp_domain.system_time,89472765.000,78.000,1,89472765.000,89472796.000,31.000,31.000,89472796.000,31.000,1,1,pnp_visible_ransac,9,0.590,-33.2583,-0.006630,5.105664,-0.0744
2026-09-08T14:01:19.158,180,144,STANDOFF_SETTLE,STANDOFF_SETTLE,468,3,1788843679117.897,100.172,timestamp_domain.system_time,89472843.000,78.000,1,89472843.000,89472875.000,32.000,32.000,89472875.000,32.000,1,1,pnp_visible_ransac,9,0.546,-33.3199,-0.006527,5.104110,-0.0733
2026-09-08T14:01:19.240,181,145,STANDOFF_SETTLE,STANDOFF_SETTLE,470,2,1788843679184.570,66.673,timestamp_domain.system_time,89472937.000,94.000,1,89472937.000,89472968.000,31.000,31.000,89472968.000,31.000,1,1,pnp_visible_ransac,9,0.591,-33.1631,-0.007916,5.099770,-0.0889
2026-09-08T14:01:19.318,182,146,STANDOFF_SETTLE,STANDOFF_SETTLE,472,2,1788843679251.287,66.718,timestamp_domain.system_time,89473015.000,78.000,1,89473015.000,89473046.000,31.000,31.000,89473046.000,31.000,1,1,pnp_visible_ransac,9,0.620,-33.1606,-0.006286,5.096874,-0.0707
2026-09-08T14:01:19.396,183,147,STANDOFF_SETTLE,STANDOFF_SETTLE,475,3,1788843679351.302,100.015,timestamp_domain.system_time,89473093.000,78.000,1,89473093.000,89473125.000,32.000,32.000,89473125.000,32.000,1,1,pnp_visible_ransac,9,0.621,-33.2079,-0.006285,5.098035,-0.0706
2026-09-08T14:01:19.475,184,148,STANDOFF_SETTLE,STANDOFF_SETTLE,477,2,1788843679418.080,66.778,timestamp_domain.system_time,89473171.000,78.000,1,89473171.000,89473203.000,32.000,32.000,89473203.000,32.000,1,1,pnp_visible_ransac,9,0.602,-33.3205,-0.007842,5.106904,-0.0880
2026-09-08T14:01:19.553,185,149,STANDOFF_SETTLE,STANDOFF_SETTLE,479,2,1788843679484.853,66.773,timestamp_domain.system_time,89473250.000,79.000,1,89473250.000,89473281.000,31.000,31.000,89473281.000,31.000,1,1,pnp_visible_ransac,9,0.576,-33.3369,-0.005807,5.096845,-0.0653
2026-09-08T14:01:19.698,186,150,STANDOFF_SETTLE,STANDOFF_SETTLE,483,4,1788843679618.231,133.378,timestamp_domain.system_time,89473390.000,140.000,1,89473390.000,89473421.000,31.000,31.000,89473421.000,31.000,1,1,pnp_visible_ransac,9,0.598,-33.1426,-0.007034,5.104539,-0.0790
2026-09-08T14:01:19.777,187,151,STANDOFF_SETTLE,STANDOFF_SETTLE,486,3,1788843679718.163,99.932,timestamp_domain.system_time,89473468.000,78.000,1,89473468.000,89473500.000,32.000,32.000,89473500.000,32.000,1,1,pnp_visible_ransac,9,0.590,-33.1583,-0.007273,5.102286,-0.0817
2026-09-08T14:01:19.855,188,152,STANDOFF_SETTLE,STANDOFF_SETTLE,489,3,1788843679818.198,100.035,timestamp_domain.system_time,89473546.000,78.000,1,89473546.000,89473578.000,32.000,32.000,89473578.000,32.000,1,1,pnp_visible_ransac,9,0.586,-33.3199,-0.006546,5.104445,-0.0735
2026-09-08T14:01:19.933,189,153,STANDOFF_SETTLE,STANDOFF_SETTLE,491,2,1788843679885.002,66.804,timestamp_domain.system_time,89473625.000,79.000,1,89473625.000,89473656.000,31.000,31.000,89473656.000,31.000,1,1,pnp_visible_ransac,9,0.608,-33.1700,-0.007236,5.100390,-0.0813
2026-09-08T14:01:20.011,190,154,STANDOFF_SETTLE,STANDOFF_SETTLE,493,2,1788843679951.841,66.839,timestamp_domain.system_time,89473703.000,78.000,1,89473703.000,89473734.000,31.000,31.000,89473734.000,31.000,1,1,pnp_visible_ransac,9,0.603,-33.2174,-0.007236,5.101553,-0.0813
2026-09-08T14:01:20.089,191,155,STANDOFF_SETTLE,STANDOFF_SETTLE,496,3,1788843680052.149,100.308,timestamp_domain.system_time,89473781.000,78.000,1,89473781.000,89473812.000,31.000,31.000,89473812.000,31.000,1,1,pnp_visible_ransac,9,0.603,-33.2174,-0.007236,5.101553,-0.0813
2026-09-08T14:01:20.166,192,156,STANDOFF_VERIFY,STANDOFF_VERIFY,498,2,1788843680118.485,66.336,timestamp_domain.system_time,89473859.000,78.000,1,89473859.000,89473890.000,31.000,31.000,89473890.000,31.000,1,1,pnp_visible_ransac,9,0.593,-33.3325,-0.006478,5.102130,-0.0727
2026-09-08T14:01:20.254,193,157,STANDOFF_MOVE,STANDOFF_MOVE,500,2,1788843680185.266,66.780,timestamp_domain.system_time,89473937.000,78.000,1,89473937.000,89473984.000,47.000,47.000,89473984.000,47.000,1,1,pnp_visible_ransac,9,0.553,-33.3325,-0.006459,5.101796,-0.0725
2026-09-08T14:01:20.333,194,158,STANDOFF_MOVE,STANDOFF_MOVE,503,3,1788843680285.294,100.029,timestamp_domain.system_time,89474031.000,94.000,1,89474031.000,89474062.000,31.000,31.000,89474062.000,31.000,1,1,pnp_visible_ransac,9,0.584,-33.1924,-0.007369,5.106168,-0.0827
2026-09-08T14:01:20.411,195,159,STANDOFF_MOVE,STANDOFF_MOVE,505,2,1788843680352.159,66.864,timestamp_domain.system_time,89474109.000,78.000,1,89474109.000,89474140.000,31.000,31.000,89474140.000,31.000,1,1,pnp_visible_ransac,9,0.632,-33.0585,-0.006992,5.094310,-0.0786
2026-09-08T14:01:20.492,196,160,STANDOFF_SETTLE,STANDOFF_SETTLE,508,3,1788843680452.213,100.054,timestamp_domain.system_time,89474187.000,78.000,1,89474187.000,89474218.000,31.000,31.000,89474218.000,31.000,1,1,pnp_visible_ransac,9,0.596,-33.1710,-0.007205,5.099977,-0.0809
2026-09-08T14:01:20.572,197,161,STANDOFF_SETTLE,STANDOFF_SETTLE,510,2,1788843680518.888,66.675,timestamp_domain.system_time,89474265.000,78.000,1,89474265.000,89474296.000,31.000,31.000,89474296.000,31.000,1,1,pnp_visible_ransac,9,0.593,-33.1885,-0.005772,5.103687,-0.0648
2026-09-08T14:01:20.696,198,162,STANDOFF_SETTLE,STANDOFF_SETTLE,513,3,1788843680618.879,99.991,timestamp_domain.system_time,89474390.000,125.000,1,89474390.000,89474421.000,31.000,31.000,89474421.000,31.000,1,1,pnp_visible_ransac,9,0.593,-33.1055,-0.005677,5.092646,-0.0639
2026-09-08T14:01:20.774,199,163,STANDOFF_SETTLE,STANDOFF_SETTLE,516,3,1788843680719.039,100.159,timestamp_domain.system_time,89474468.000,78.000,1,89474468.000,89474500.000,32.000,32.000,89474500.000,32.000,1,1,pnp_visible_ransac,9,0.617,-33.1473,-0.006381,5.099584,-0.0717
2026-09-08T14:01:20.854,200,164,STANDOFF_SETTLE,STANDOFF_SETTLE,518,2,1788843680785.617,66.579,timestamp_domain.system_time,89474546.000,78.000,1,89474546.000,89474578.000,32.000,32.000,89474578.000,32.000,1,1,pnp_visible_ransac,9,0.574,-33.0332,-0.005809,5.096076,-0.0653
2026-09-08T14:01:20.934,201,165,STANDOFF_SETTLE,STANDOFF_SETTLE,521,3,1788843680885.728,100.111,timestamp_domain.system_time,89474625.000,79.000,1,89474625.000,89474656.000,31.000,31.000,89474656.000,31.000,1,1,pnp_visible_ransac,9,0.609,-33.0920,-0.005775,5.095385,-0.0649
2026-09-08T14:01:21.014,202,166,STANDOFF_SETTLE,STANDOFF_SETTLE,523,2,1788843680952.472,66.743,timestamp_domain.system_time,89474703.000,78.000,1,89474703.000,89474734.000,31.000,31.000,89474734.000,31.000,1,1,pnp_visible_ransac,9,0.583,-33.0457,-0.005746,5.093831,-0.0646
2026-09-08T14:01:21.094,203,167,STANDOFF_SETTLE,STANDOFF_SETTLE,526,3,1788843681053.702,101.230,timestamp_domain.system_time,89474781.000,78.000,1,89474781.000,89474812.000,31.000,31.000,89474812.000,31.000,1,1,pnp_visible_ransac,9,0.596,-32.9368,-0.005838,5.088205,-0.0657
2026-09-08T14:01:21.175,204,168,STANDOFF_SETTLE,STANDOFF_SETTLE,528,2,1788843681119.062,65.359,timestamp_domain.system_time,89474859.000,78.000,1,89474859.000,89474890.000,31.000,31.000,89474890.000,31.000,1,1,pnp_visible_ransac,9,0.554,-33.1944,-0.005066,5.097952,-0.0569
2026-09-08T14:01:21.258,205,169,STANDOFF_SETTLE,STANDOFF_SETTLE,531,3,1788843681219.410,100.348,timestamp_domain.system_time,89474953.000,94.000,1,89474953.000,89474984.000,31.000,31.000,89474984.000,31.000,1,1,pnp_visible_ransac,9,0.611,-32.9724,-0.005906,5.097630,-0.0664
2026-09-08T14:01:21.339,206,170,STANDOFF_SETTLE,STANDOFF_SETTLE,533,2,1788843681288.389,68.979,timestamp_domain.system_time,89475031.000,78.000,1,89475031.000,89475062.000,31.000,31.000,89475062.000,31.000,1,1,pnp_visible_ransac,9,0.563,-32.9788,-0.006493,5.094337,-0.0730
2026-09-08T14:01:21.420,207,171,STANDOFF_SETTLE,STANDOFF_SETTLE,535,2,1788843681352.885,64.497,timestamp_domain.system_time,89475109.000,78.000,1,89475109.000,89475140.000,31.000,31.000,89475140.000,31.000,1,1,pnp_visible_ransac,9,0.593,-33.1055,-0.005677,5.092646,-0.0639
2026-09-08T14:01:21.499,208,172,STANDOFF_SETTLE,STANDOFF_SETTLE,538,3,1788843681452.895,100.010,timestamp_domain.system_time,89475187.000,78.000,1,89475187.000,89475218.000,31.000,31.000,89475218.000,31.000,1,1,pnp_visible_ransac,9,0.581,-33.0459,-0.005742,5.093774,-0.0646
2026-09-08T14:01:21.579,209,173,STANDOFF_SETTLE,STANDOFF_SETTLE,540,2,1788843681519.690,66.795,timestamp_domain.system_time,89475265.000,78.000,1,89475265.000,89475296.000,31.000,31.000,89475296.000,31.000,1,1,pnp_visible_ransac,9,0.598,-33.1360,-0.006437,5.101851,-0.0723
2026-09-08T14:01:21.698,210,174,STANDOFF_SETTLE,STANDOFF_SETTLE,542,2,1788843681586.508,66.818,timestamp_domain.system_time,89475390.000,125.000,1,89475390.000,89475421.000,31.000,31.000,89475421.000,31.000,1,1,pnp_visible_ransac,9,0.583,-33.1556,-0.006031,5.094698,-0.0678
2026-09-08T14:01:21.777,211,175,STANDOFF_SETTLE,STANDOFF_SETTLE,546,4,1788843681719.760,133.252,timestamp_domain.system_time,89475468.000,78.000,1,89475468.000,89475500.000,32.000,32.000,89475500.000,32.000,1,1,pnp_visible_ransac,9,0.592,-33.1465,-0.005091,5.097155,-0.0572
2026-09-08T14:01:21.855,212,176,STANDOFF_SETTLE,STANDOFF_SETTLE,548,2,1788843681786.244,66.484,timestamp_domain.system_time,89475546.000,78.000,1,89475546.000,89475578.000,32.000,32.000,89475578.000,32.000,1,1,pnp_visible_ransac,9,0.591,-33.1115,-0.005008,5.093342,-0.0563
2026-09-08T14:01:21.934,213,177,STANDOFF_SETTLE,STANDOFF_SETTLE,551,3,1788843681886.646,100.402,timestamp_domain.system_time,89475625.000,79.000,1,89475625.000,89475656.000,31.000,31.000,89475656.000,31.000,1,1,pnp_visible_ransac,9,0.592,-32.9916,-0.006446,5.092394,-0.0725
2026-09-08T14:01:22.014,214,178,STANDOFF_SETTLE,STANDOFF_SETTLE,553,2,1788843681953.058,66.412,timestamp_domain.system_time,89475703.000,78.000,1,89475703.000,89475734.000,31.000,31.000,89475734.000,31.000,1,1,pnp_visible_ransac,9,0.588,-33.1048,-0.004413,5.090663,-0.0497
2026-09-08T14:01:22.096,215,179,STANDOFF_SETTLE,STANDOFF_SETTLE,556,3,1788843682053.117,100.059,timestamp_domain.system_time,89475781.000,78.000,1,89475781.000,89475812.000,31.000,31.000,89475812.000,31.000,1,1,pnp_visible_ransac,9,0.583,-33.0041,-0.006357,5.089694,-0.0716
2026-09-08T14:01:22.176,216,180,STANDOFF_SETTLE,STANDOFF_SETTLE,558,2,1788843682119.896,66.779,timestamp_domain.system_time,89475859.000,78.000,1,89475859.000,89475890.000,31.000,31.000,89475906.000,47.000,1,1,pnp_visible_ransac,9,0.585,-33.1338,-0.005159,5.099462,-0.0580
2026-09-08T14:01:22.259,217,181,STANDOFF_SETTLE,STANDOFF_SETTLE,561,3,1788843682219.762,99.866,timestamp_domain.system_time,89475953.000,94.000,1,89475953.000,89475984.000,31.000,31.000,89475984.000,31.000,1,1,pnp_visible_ransac,9,0.581,-33.3922,-0.005118,5.098577,-0.0575
2026-09-08T14:01:22.340,218,182,STANDOFF_SETTLE,STANDOFF_SETTLE,563,2,1788843682286.780,67.018,timestamp_domain.system_time,89476031.000,78.000,1,89476031.000,89476062.000,31.000,31.000,89476062.000,31.000,1,1,pnp_visible_ransac,9,0.595,-32.9853,-0.005815,5.094914,-0.0654
2026-09-08T14:01:22.421,219,183,STANDOFF_SETTLE,STANDOFF_SETTLE,565,2,1788843682353.548,66.768,timestamp_domain.system_time,89476109.000,78.000,1,89476109.000,89476140.000,31.000,31.000,89476140.000,31.000,1,1,pnp_visible_ransac,9,0.605,-33.0457,-0.005766,5.094187,-0.0649
2026-09-08T14:01:22.500,220,184,STANDOFF_SETTLE,STANDOFF_SETTLE,568,3,1788843682453.706,100.158,timestamp_domain.system_time,89476187.000,78.000,1,89476187.000,89476218.000,31.000,31.000,89476218.000,31.000,1,1,pnp_visible_ransac,9,0.579,-33.1532,-0.005675,5.093858,-0.0638
2026-09-08T14:01:22.581,221,185,STANDOFF_SETTLE,STANDOFF_SETTLE,570,2,1788843682520.349,66.644,timestamp_domain.system_time,89476265.000,78.000,1,89476265.000,89476296.000,31.000,31.000,89476296.000,31.000,1,1,pnp_visible_ransac,9,0.606,-33.1588,-0.005027,5.094859,-0.0565
2026-09-08T14:01:22.732,222,186,STANDOFF_SETTLE,STANDOFF_SETTLE,572,2,1788843682587.194,66.845,timestamp_domain.system_time,89476421.000,156.000,1,89476421.000,89476453.000,32.000,32.000,89476453.000,32.000,1,1,pnp_visible_ransac,9,0.605,-33.0457,-0.005766,5.094187,-0.0649
2026-09-08T14:01:22.810,223,187,STANDOFF_SETTLE,STANDOFF_SETTLE,577,5,1788843682753.698,166.504,timestamp_domain.system_time,89476500.000,79.000,1,89476500.000,89476531.000,31.000,31.000,89476531.000,31.000,1,1,pnp_visible_ransac,9,0.593,-33.1055,-0.005677,5.092646,-0.0639
2026-09-08T14:01:22.890,224,188,STANDOFF_SETTLE,STANDOFF_SETTLE,579,2,1788843682820.627,66.929,timestamp_domain.system_time,89476578.000,78.000,1,89476578.000,89476609.000,31.000,31.000,89476609.000,31.000,1,1,pnp_visible_ransac,9,0.583,-33.0041,-0.006357,5.089694,-0.0716
2026-09-08T14:01:22.970,225,189,STANDOFF_SETTLE,STANDOFF_SETTLE,582,3,1788843682920.524,99.897,timestamp_domain.system_time,89476656.000,78.000,1,89476656.000,89476687.000,31.000,31.000,89476687.000,31.000,1,1,pnp_visible_ransac,9,0.565,-33.2069,-0.004998,5.095599,-0.0562
2026-09-08T14:01:23.049,226,190,STANDOFF_SETTLE,STANDOFF_SETTLE,584,2,1788843682987.412,66.887,timestamp_domain.system_time,89476734.000,78.000,1,89476734.000,89476765.000,31.000,31.000,89476765.000,31.000,1,1,pnp_visible_ransac,9,0.575,-33.0330,-0.005813,5.096132,-0.0654
2026-09-08T14:01:23.128,227,191,STANDOFF_SETTLE,STANDOFF_SETTLE,587,3,1788843683087.341,99.929,timestamp_domain.system_time,89476812.000,78.000,1,89476812.000,89476843.000,31.000,31.000,89476843.000,31.000,1,1,pnp_visible_ransac,9,0.614,-33.1462,-0.005130,5.097805,-0.0577
2026-09-08T14:01:23.208,228,192,STANDOFF_SETTLE,STANDOFF_SETTLE,589,2,1788843683153.956,66.615,timestamp_domain.system_time,89476890.000,78.000,1,89476890.000,89476937.000,47.000,47.000,89476937.000,47.000,1,1,pnp_visible_ransac,9,0.604,-32.9980,-0.005748,5.092614,-0.0647
2026-09-08T14:01:23.291,229,193,STANDOFF_SETTLE,STANDOFF_SETTLE,591,2,1788843683220.836,66.880,timestamp_domain.system_time,89476984.000,94.000,1,89476984.000,89477015.000,31.000,31.000,89477015.000,31.000,1,1,pnp_visible_ransac,9,0.573,-33.0805,-0.005809,5.097242,-0.0653
2026-09-08T14:01:23.370,230,194,STANDOFF_VERIFY,STANDOFF_VERIFY,594,3,1788843683320.848,100.012,timestamp_domain.system_time,89477062.000,78.000,1,89477062.000,89477093.000,31.000,31.000,89477093.000,31.000,1,1,pnp_visible_ransac,9,0.576,-33.1944,-0.005086,5.098310,-0.0572
2026-09-08T14:01:23.452,231,195,STAGING_PLAN,STAGING_PLAN,596,2,1788843683387.370,66.522,timestamp_domain.system_time,89477140.000,78.000,1,89477140.000,89477171.000,31.000,31.000,89477171.000,31.000,1,1,pnp_visible_ransac,9,0.594,-33.1053,-0.005680,5.092703,-0.0639
2026-09-08T14:01:23.561,232,196,WAYPOINT_TURN,WAYPOINT_TURN,600,4,1788843683521.644,134.274,timestamp_domain.system_time,89477250.000,110.000,1,89477250.000,89477281.000,31.000,31.000,89477281.000,31.000,1,1,pnp_visible_ransac,9,0.586,-33.0861,-0.005178,5.098590,-0.0582
2026-09-08T14:01:23.741,233,197,WAYPOINT_TURN,WAYPOINT_TURN,604,4,1788843683655.355,133.710,timestamp_domain.system_time,89477421.000,171.000,1,89477421.000,89477468.000,47.000,47.000,89477468.000,47.000,1,1,pnp_visible_ransac,9,0.626,-32.9979,-0.005772,5.093027,-0.0649
2026-09-08T14:01:23.821,234,198,WAYPOINT_TURN,WAYPOINT_TURN,607,3,1788843683754.507,99.152,timestamp_domain.system_time,89477515.000,94.000,1,89477515.000,89477546.000,31.000,31.000,89477546.000,31.000,1,1,pnp_visible_ransac,9,0.615,-33.1054,-0.005701,5.093059,-0.0641
2026-09-08T14:01:23.900,235,199,WAYPOINT_TURN,WAYPOINT_TURN,610,3,1788843683854.573,100.066,timestamp_domain.system_time,89477593.000,78.000,1,89477593.000,89477625.000,32.000,32.000,89477625.000,32.000,1,1,pnp_visible_ransac,9,0.617,-32.9851,-0.005839,5.095328,-0.0657
2026-09-08T14:01:23.980,236,200,WAYPOINT_TURN,WAYPOINT_TURN,612,2,1788843683921.324,66.752,timestamp_domain.system_time,89477671.000,78.000,1,89477671.000,89477703.000,32.000,32.000,89477703.000,32.000,1,1,pnp_visible_ransac,9,0.615,-33.1656,-0.005631,5.091922,-0.0634
2026-09-08T14:01:24.061,237,201,WAYPOINT_TURN,WAYPOINT_TURN,615,3,1788843684021.453,100.128,timestamp_domain.system_time,89477750.000,79.000,1,89477750.000,89477781.000,31.000,31.000,89477781.000,31.000,1,1,pnp_visible_ransac,9,0.581,-33.0459,-0.005742,5.093774,-0.0646
2026-09-08T14:01:24.140,238,202,WAYPOINT_TURN,WAYPOINT_TURN,617,2,1788843684088.042,66.589,timestamp_domain.system_time,89477828.000,78.000,1,89477828.000,89477859.000,31.000,31.000,89477859.000,31.000,1,1,pnp_visible_ransac,9,0.596,-32.9252,-0.005884,5.096046,-0.0662
2026-09-08T14:01:24.221,239,203,WAYPOINT_TURN,WAYPOINT_TURN,619,2,1788843684154.490,66.448,timestamp_domain.system_time,89477906.000,78.000,1,89477906.000,89477937.000,31.000,31.000,89477937.000,31.000,1,1,pnp_visible_ransac,9,0.558,-32.9060,-0.006627,5.097707,-0.0745
2026-09-08T14:01:24.311,240,204,WAYPOINT_TURN,WAYPOINT_TURN,622,3,1788843684254.832,100.342,timestamp_domain.system_time,89478000.000,94.000,1,89478000.000,89478031.000,31.000,31.000,89478031.000,31.000,1,1,pnp_visible_ransac,9,0.574,-33.0332,-0.005809,5.096076,-0.0653
2026-09-08T14:01:24.432,241,205,WAYPOINT_TURN,WAYPOINT_TURN,626,4,1788843684388.212,133.380,timestamp_domain.system_time,89478125.000,125.000,1,89478125.000,89478156.000,31.000,31.000,89478156.000,31.000,1,1,pnp_visible_ransac,9,0.595,-32.9853,-0.005815,5.094914,-0.0654
2026-09-08T14:01:24.524,242,206,WAYPOINT_TURN,WAYPOINT_TURN,628,2,1788843684454.701,66.489,timestamp_domain.system_time,89478218.000,93.000,1,89478218.000,89478250.000,32.000,32.000,89478250.000,32.000,1,1,pnp_visible_ransac,9,0.565,-33.0917,-0.008040,5.103177,-0.0903
2026-09-08T14:01:24.608,243,207,WAYPOINT_TURN,WAYPOINT_TURN,630,2,1788843684522.558,67.857,timestamp_domain.system_time,89478296.000,78.000,1,89478296.000,89478328.000,32.000,32.000,89478328.000,32.000,1,1,pnp_visible_ransac,9,0.574,-33.3628,-0.009229,5.102430,-0.1036
2026-09-08T14:01:24.728,244,208,WAYPOINT_TURN,WAYPOINT_TURN,634,4,1788843684654.881,132.323,timestamp_domain.system_time,89478421.000,125.000,1,89478421.000,89478453.000,32.000,32.000,89478453.000,32.000,1,1,pnp_visible_ransac,9,0.567,-33.3146,-0.016416,5.122097,-0.1836
2026-09-08T14:01:24.812,245,209,WAYPOINT_TURN,WAYPOINT_TURN,637,3,1788843684755.177,100.296,timestamp_domain.system_time,89478500.000,79.000,1,89478500.000,89478531.000,31.000,31.000,89478531.000,31.000,1,1,pnp_visible_ransac,9,0.603,-34.1169,-0.017758,5.091714,-0.1998
2026-09-08T14:01:24.897,246,210,WAYPOINT_TURN,WAYPOINT_TURN,640,3,1788843684855.175,99.998,timestamp_domain.system_time,89478578.000,78.000,1,89478578.000,89478625.000,47.000,47.000,89478625.000,47.000,1,1,pnp_visible_ransac,9,0.519,-33.6359,-0.032003,5.118546,-0.3582
2026-09-08T14:01:24.980,247,211,WAYPOINT_TURN,WAYPOINT_TURN,642,2,1788843684922.358,67.182,timestamp_domain.system_time,89478671.000,93.000,1,89478671.000,89478703.000,32.000,32.000,89478703.000,32.000,1,1,pnp_visible_ransac,9,0.555,-34.6846,-0.045844,5.117143,-0.5133
2026-09-08T14:01:25.061,248,212,WAYPOINT_TURN,WAYPOINT_TURN,645,3,1788843685021.937,99.579,timestamp_domain.system_time,89478750.000,79.000,1,89478750.000,89478781.000,31.000,31.000,89478781.000,31.000,1,1,pnp_visible_ransac,9,0.694,-34.0913,-0.079529,5.032945,-0.9053
2026-09-08T14:01:25.144,249,213,WAYPOINT_TURN,WAYPOINT_TURN,647,2,1788843685088.735,66.798,timestamp_domain.system_time,89478828.000,78.000,1,89478828.000,89478859.000,31.000,31.000,89478875.000,47.000,1,1,pnp_visible_ransac,9,0.702,-35.0494,-0.105897,5.102302,-1.1890
2026-09-08T14:01:25.228,250,214,WAYPOINT_TURN,WAYPOINT_TURN,650,3,1788843685188.842,100.107,timestamp_domain.system_time,89478921.000,93.000,1,89478921.000,89478953.000,32.000,32.000,89478953.000,32.000,1,1,pnp_visible_ransac,9,0.613,-33.8530,-0.167751,5.004391,-1.9199
2026-09-08T14:01:25.312,251,215,WAYPOINT_TURN,WAYPOINT_TURN,652,2,1788843685255.471,66.629,timestamp_domain.system_time,89479000.000,79.000,1,89479000.000,89479031.000,31.000,31.000,89479031.000,31.000,1,1,pnp_visible_ransac,9,0.619,-35.4497,-0.226074,5.017607,-2.5798
2026-09-08T14:01:25.398,252,216,WAYPOINT_TURN,WAYPOINT_TURN,655,3,1788843685355.386,99.914,timestamp_domain.system_time,89479093.000,93.000,1,89479093.000,89479125.000,32.000,32.000,89479125.000,32.000,1,1,pnp_visible_ransac,9,0.581,-36.8849,-0.352322,5.100779,-3.9513
2026-09-08T14:01:25.483,253,217,WAYPOINT_TURN,WAYPOINT_TURN,657,2,1788843685422.276,66.890,timestamp_domain.system_time,89479171.000,78.000,1,89479171.000,89479203.000,32.000,32.000,89479203.000,32.000,1,1,pnp_visible_ransac,9,0.723,-37.4586,-0.407255,5.004516,-4.6523
2026-09-08T14:01:25.568,254,218,WAYPOINT_TURN,WAYPOINT_TURN,660,3,1788843685523.299,101.024,timestamp_domain.system_time,89479250.000,79.000,1,89479265.000,89479296.000,31.000,46.000,89479296.000,46.000,1,1,pnp_visible_ransac,9,0.614,-37.6763,-0.502834,5.041405,-5.6959
2026-09-08T14:01:25.649,255,219,WAYPOINT_TURN,WAYPOINT_TURN,660,0,1788843685523.299,0.000,timestamp_domain.system_time,89479343.000,93.000,1,89479343.000,89479375.000,32.000,32.000,89479375.000,32.000,1,1,pnp_visible_ransac,9,0.614,-37.6763,-0.502834,5.041405,-5.6959
2026-09-08T14:01:25.732,256,220,WAYPOINT_TURN,WAYPOINT_TURN,665,5,1788843685689.314,166.014,timestamp_domain.system_time,89479421.000,78.000,1,89479421.000,89479453.000,32.000,32.000,89479453.000,32.000,1,1,pnp_visible_ransac,9,0.549,-39.4891,-0.602979,4.983646,-6.8988
2026-09-08T14:01:25.815,257,221,WAYPOINT_TURN,WAYPOINT_TURN,667,2,1788843685755.746,66.432,timestamp_domain.system_time,89479500.000,79.000,1,89479500.000,89479531.000,31.000,31.000,89479531.000,31.000,1,1,pnp_visible_ransac,9,0.565,-39.1770,-0.674200,4.981919,-7.7070
2026-09-08T14:01:25.900,258,222,WAYPOINT_TURN_SETTLE,WAYPOINT_TURN_SETTLE,670,3,1788843685855.865,100.118,timestamp_domain.system_time,89479593.000,93.000,1,89479593.000,89479625.000,32.000,32.000,89479625.000,32.000,1,1,pnp_visible_ransac,9,0.506,-41.0346,-0.839680,4.977186,-9.5760
2026-09-08T14:01:25.982,259,223,WAYPOINT_TURN_SETTLE,WAYPOINT_TURN_SETTLE,672,2,1788843685922.488,66.623,timestamp_domain.system_time,89479671.000,78.000,1,89479671.000,89479703.000,32.000,32.000,89479703.000,32.000,1,1,pnp_visible_ransac,9,0.644,-42.7234,-0.987500,5.006802,-11.1573
2026-09-08T14:01:26.064,260,224,WAYPOINT_TURN_SETTLE,WAYPOINT_TURN_SETTLE,675,3,1788843686022.493,100.006,timestamp_domain.system_time,89479750.000,79.000,1,89479750.000,89479781.000,31.000,31.000,89479781.000,31.000,1,1,pnp_visible_ransac,9,1.154,-44.9794,-1.117574,5.016068,-12.5603
2026-09-08T14:01:26.153,261,225,WAYPOINT_TURN_SETTLE,WAYPOINT_TURN_SETTLE,677,2,1788843686089.433,66.940,timestamp_domain.system_time,89479843.000,93.000,1,89479843.000,89479875.000,32.000,32.000,89479875.000,32.000,1,1,pnp_visible_ransac,9,0.659,-43.1354,-1.108809,4.885646,-12.7868
2026-09-08T14:01:26.238,262,226,WAYPOINT_TURN_SETTLE,WAYPOINT_TURN_SETTLE,680,3,1788843686189.652,100.219,timestamp_domain.system_time,89479921.000,78.000,1,89479921.000,89479953.000,32.000,32.000,89479968.000,47.000,1,1,pnp_visible_ransac,9,1.070,-44.4740,-1.056640,4.990756,-11.9541
2026-09-08T14:01:26.320,263,227,WAYPOINT_TURN_SETTLE,WAYPOINT_TURN_SETTLE,682,2,1788843686256.115,66.462,timestamp_domain.system_time,89480015.000,94.000,1,89480015.000,89480046.000,31.000,31.000,89480046.000,31.000,1,1,pnp_visible_ransac,9,0.459,-42.8323,-1.010053,4.970899,-11.4857
2026-09-08T14:01:26.403,264,228,WAYPOINT_TURN_SETTLE,WAYPOINT_TURN_SETTLE,685,3,1788843686356.095,99.981,timestamp_domain.system_time,89480093.000,78.000,1,89480093.000,89480125.000,32.000,32.000,89480125.000,32.000,1,1,pnp_visible_ransac,9,0.450,-42.4501,-0.997682,4.955467,-11.3832
2026-09-08T14:01:26.488,265,229,WAYPOINT_TURN_SETTLE,WAYPOINT_TURN_SETTLE,687,2,1788843686422.987,66.892,timestamp_domain.system_time,89480171.000,78.000,1,89480187.000,89480203.000,16.000,32.000,89480218.000,47.000,1,1,pnp_visible_ransac,9,0.574,-42.5903,-0.997604,4.963678,-11.3640
2026-09-08T14:01:26.570,266,230,WAYPOINT_TURN_SETTLE,WAYPOINT_TURN_SETTLE,690,3,1788843686523.404,100.417,timestamp_domain.system_time,89480265.000,94.000,1,89480265.000,89480296.000,31.000,31.000,89480296.000,31.000,1,1,pnp_visible_ransac,9,0.453,-42.4995,-1.027032,4.965346,-11.6863
2026-09-08T14:01:26.651,267,231,WAYPOINT_TURN_SETTLE,WAYPOINT_TURN_SETTLE,690,0,1788843686523.404,0.000,timestamp_domain.system_time,89480343.000,78.000,1,89480343.000,89480375.000,32.000,32.000,89480375.000,32.000,1,1,pnp_visible_ransac,9,0.453,-42.4995,-1.027032,4.965346,-11.6863
2026-09-08T14:01:26.731,268,232,WAYPOINT_TURN_SETTLE,WAYPOINT_TURN_SETTLE,695,5,1788843686689.971,166.566,timestamp_domain.system_time,89480421.000,78.000,1,89480421.000,89480453.000,32.000,32.000,89480453.000,32.000,1,1,pnp_visible_ransac,9,0.595,-43.0692,-1.026550,4.990278,-11.6242
2026-09-08T14:01:26.813,269,233,WAYPOINT_TURN_SETTLE,WAYPOINT_TURN_SETTLE,697,2,1788843686756.799,66.829,timestamp_domain.system_time,89480500.000,79.000,1,89480500.000,89480531.000,31.000,31.000,89480531.000,31.000,1,1,pnp_visible_ransac,9,0.515,-43.4685,-1.030357,4.998936,-11.6464
2026-09-08T14:01:26.894,270,234,WAYPOINT_TURN_SETTLE,WAYPOINT_TURN_SETTLE,699,2,1788843686823.406,66.606,timestamp_domain.system_time,89480578.000,78.000,1,89480578.000,89480609.000,31.000,31.000,89480625.000,47.000,1,1,pnp_visible_ransac,9,0.475,-43.2056,-1.027451,4.990250,-11.6341
2026-09-08T14:01:26.975,271,235,WAYPOINT_TURN_SETTLE,WAYPOINT_TURN_SETTLE,702,3,1788843686923.398,99.992,timestamp_domain.system_time,89480671.000,93.000,1,89480671.000,89480703.000,32.000,32.000,89480703.000,32.000,1,1,pnp_visible_ransac,9,0.585,-43.4373,-1.028076,4.999019,-11.6212
2026-09-08T14:01:27.057,272,236,WAYPOINT_TURN_SETTLE,WAYPOINT_TURN_SETTLE,704,2,1788843686989.936,66.538,timestamp_domain.system_time,89480750.000,79.000,1,89480750.000,89480781.000,31.000,31.000,89480781.000,31.000,1,1,pnp_visible_ransac,9,0.539,-43.2769,-1.027252,4.993046,-11.6256
2026-09-08T14:01:27.137,273,237,WAYPOINT_TURN_SETTLE,WAYPOINT_TURN_SETTLE,707,3,1788843687090.273,100.337,timestamp_domain.system_time,89480828.000,78.000,1,89480828.000,89480859.000,31.000,31.000,89480859.000,31.000,1,1,pnp_visible_ransac,9,0.466,-43.3253,-1.027329,4.994331,-11.6236
2026-09-08T14:01:27.217,274,238,WAYPOINT_TURN_SETTLE,WAYPOINT_TURN_SETTLE,709,2,1788843687156.850,66.577,timestamp_domain.system_time,89480906.000,78.000,1,89480906.000,89480937.000,31.000,31.000,89480937.000,31.000,1,1,pnp_visible_ransac,9,0.548,-43.1327,-1.027534,4.988163,-11.6398
2026-09-08T14:01:27.298,275,239,WAYPOINT_TURN_SETTLE,WAYPOINT_TURN_SETTLE,712,3,1788843687257.070,100.220,timestamp_domain.system_time,89480984.000,78.000,1,89480984.000,89481015.000,31.000,31.000,89481015.000,31.000,1,1,pnp_visible_ransac,9,0.571,-43.5248,-1.027205,4.991373,-11.6289
2026-09-08T14:01:27.380,276,240,WAYPOINT_TURN_SETTLE,WAYPOINT_TURN_SETTLE,714,2,1788843687323.479,66.409,timestamp_domain.system_time,89481062.000,78.000,1,89481078.000,89481109.000,31.000,47.000,89481109.000,47.000,1,1,pnp_visible_ransac,9,0.490,-43.3688,-1.027555,4.995420,-11.6236
2026-09-08T14:01:27.466,277,241,WAYPOINT_TURN_SETTLE,WAYPOINT_TURN_SETTLE,717,3,1788843687423.498,100.019,timestamp_domain.system_time,89481156.000,94.000,1,89481156.000,89481187.000,31.000,31.000,89481187.000,31.000,1,1,pnp_visible_ransac,9,0.491,-43.1107,-1.027432,4.987651,-11.6398
2026-09-08T14:01:27.545,278,242,WAYPOINT_TURN_SETTLE,WAYPOINT_TURN_SETTLE,719,2,1788843687490.452,66.953,timestamp_domain.system_time,89481234.000,78.000,1,89481234.000,89481265.000,31.000,31.000,89481265.000,31.000,1,1,pnp_visible_ransac,9,0.507,-43.4399,-1.026823,4.993769,-11.6193
2026-09-08T14:01:27.625,279,243,WAYPOINT_TURN_SETTLE,WAYPOINT_TURN_SETTLE,720,1,1788843687523.758,33.307,timestamp_domain.system_time,89481312.000,78.000,1,89481312.000,89481343.000,31.000,31.000,89481343.000,31.000,1,1,pnp_visible_ransac,9,0.514,-43.1365,-1.028091,4.993407,-11.6340
2026-09-08T14:01:27.731,280,244,WAYPOINT_TURN_SETTLE,WAYPOINT_TURN_SETTLE,724,4,1788843687657.512,133.754,timestamp_domain.system_time,89481421.000,109.000,1,89481421.000,89481453.000,32.000,32.000,89481453.000,32.000,1,1,pnp_visible_ransac,9,0.507,-43.1576,-1.027439,4.989222,-11.6363
2026-09-08T14:01:27.810,281,245,WAYPOINT_TURN_SETTLE,WAYPOINT_TURN_SETTLE,727,3,1788843687757.284,99.771,timestamp_domain.system_time,89481500.000,79.000,1,89481500.000,89481531.000,31.000,31.000,89481531.000,31.000,1,1,pnp_visible_ransac,9,0.487,-42.9945,-1.028615,4.993137,-11.6404
2026-09-08T14:01:27.892,282,246,WAYPOINT_TURN_SETTLE,WAYPOINT_TURN_SETTLE,729,2,1788843687824.201,66.917,timestamp_domain.system_time,89481578.000,78.000,1,89481578.000,89481609.000,31.000,31.000,89481609.000,31.000,1,1,pnp_visible_ransac,9,0.516,-43.1866,-1.027098,4.990685,-11.6293
2026-09-08T14:01:27.971,283,247,WAYPOINT_TURN_SETTLE,WAYPOINT_TURN_SETTLE,732,3,1788843687924.117,99.917,timestamp_domain.system_time,89481656.000,78.000,1,89481656.000,89481687.000,31.000,31.000,89481687.000,31.000,1,1,pnp_visible_ransac,9,0.521,-43.3686,-1.027799,4.996322,-11.6242
2026-09-08T14:01:28.050,284,248,WAYPOINT_TURN_SETTLE,WAYPOINT_TURN_SETTLE,734,2,1788843687990.817,66.700,timestamp_domain.system_time,89481734.000,78.000,1,89481750.000,89481781.000,31.000,47.000,89481781.000,47.000,1,1,pnp_visible_ransac,9,0.556,-43.3435,-1.027906,4.995295,-11.6277
2026-09-08T14:01:28.132,285,249,WAYPOINT_TURN_SETTLE,WAYPOINT_TURN_SETTLE,737,3,1788843688090.966,100.149,timestamp_domain.system_time,89481828.000,94.000,1,89481828.000,89481859.000,31.000,31.000,89481859.000,31.000,1,1,pnp_visible_ransac,9,0.585,-43.3183,-1.028211,4.995014,-11.6317
2026-09-08T14:01:28.213,286,250,WAYPOINT_TURN_SETTLE,WAYPOINT_TURN_SETTLE,739,2,1788843688157.429,66.463,timestamp_domain.system_time,89481906.000,78.000,1,89481906.000,89481937.000,31.000,31.000,89481937.000,31.000,1,1,pnp_visible_ransac,9,0.475,-43.0179,-1.027587,4.984569,-11.6485
2026-09-08T14:01:28.293,287,251,WAYPOINT_TURN_SETTLE,WAYPOINT_TURN_SETTLE,741,2,1788843688224.311,66.882,timestamp_domain.system_time,89481984.000,78.000,1,89481984.000,89482015.000,31.000,31.000,89482015.000,31.000,1,1,pnp_visible_ransac,9,0.513,-43.2275,-1.027785,4.991631,-11.6347
2026-09-08T14:01:28.375,288,252,WAYPOINT_TURN_SETTLE,WAYPOINT_TURN_SETTLE,744,3,1788843688324.395,100.083,timestamp_domain.system_time,89482062.000,78.000,1,89482062.000,89482093.000,31.000,31.000,89482093.000,31.000,1,1,pnp_visible_ransac,9,0.517,-43.3566,-1.026779,4.988449,-11.6308
2026-09-08T14:01:28.461,289,253,WAYPOINT_TURN_SETTLE,WAYPOINT_TURN_SETTLE,746,2,1788843688390.922,66.527,timestamp_domain.system_time,89482156.000,94.000,1,89482156.000,89482187.000,31.000,31.000,89482187.000,31.000,1,1,pnp_visible_ransac,9,0.531,-43.2140,-1.031504,5.001534,-11.6532
2026-09-08T14:01:28.556,290,254,WAYPOINT_TURN_SETTLE,WAYPOINT_TURN_SETTLE,749,3,1788843688491.107,100.185,timestamp_domain.system_time,89482250.000,94.000,1,89482250.000,89482281.000,31.000,31.000,89482281.000,31.000,1,1,pnp_visible_ransac,9,0.549,-43.4143,-1.026061,4.987626,-11.6248
2026-09-08T14:01:28.659,291,255,WAYPOINT_TURN_SETTLE,WAYPOINT_TURN_SETTLE,751,2,1788843688557.914,66.807,timestamp_domain.system_time,89482343.000,93.000,1,89482343.000,89482375.000,32.000,32.000,89482375.000,32.000,1,1,pnp_visible_ransac,9,0.525,-43.3428,-1.027097,4.990404,-11.6299
2026-09-08T14:01:28.773,292,256,WAYPOINT_TURN_SETTLE,WAYPOINT_TURN_SETTLE,756,5,1788843688724.890,166.976,timestamp_domain.system_time,89482468.000,125.000,1,89482468.000,89482500.000,32.000,32.000,89482500.000,32.000,1,1,pnp_visible_ransac,9,0.583,-43.2932,-1.028194,4.993533,-11.6349
2026-09-08T14:01:28.862,293,257,WAYPOINT_DRIVE,WAYPOINT_DRIVE,758,2,1788843688791.464,66.574,timestamp_domain.system_time,89482546.000,78.000,1,89482546.000,89482578.000,32.000,32.000,89482578.000,32.000,1,1,pnp_visible_ransac,9,0.500,-43.2044,-1.027448,4.990799,-11.6329
2026-09-08T14:01:28.941,294,258,WAYPOINT_DRIVE,WAYPOINT_DRIVE,761,3,1788843688891.474,100.010,timestamp_domain.system_time,89482625.000,79.000,1,89482640.000,89482656.000,16.000,31.000,89482671.000,46.000,1,1,pnp_visible_ransac,9,0.565,-43.3688,-1.027912,4.996747,-11.6245
2026-09-08T14:01:29.022,295,259,WAYPOINT_DRIVE,WAYPOINT_DRIVE,763,2,1788843688958.286,66.813,timestamp_domain.system_time,89482718.000,93.000,1,89482718.000,89482750.000,32.000,32.000,89482750.000,32.000,1,1,pnp_visible_ransac,9,0.567,-43.4851,-1.027250,4.995055,-11.6210
2026-09-08T14:01:29.102,296,260,WAYPOINT_DRIVE,WAYPOINT_DRIVE,766,3,1788843689058.359,100.072,timestamp_domain.system_time,89482796.000,78.000,1,89482796.000,89482828.000,32.000,32.000,89482828.000,32.000,1,1,pnp_visible_ransac,9,0.532,-43.2532,-1.027587,4.992324,-11.6309
2026-09-08T14:01:29.185,297,261,WAYPOINT_DRIVE,WAYPOINT_DRIVE,768,2,1788843689125.025,66.666,timestamp_domain.system_time,89482875.000,79.000,1,89482875.000,89482906.000,31.000,31.000,89482906.000,31.000,1,1,pnp_visible_ransac,9,0.545,-43.2214,-1.025019,4.991301,-11.6050
2026-09-08T14:01:29.264,298,262,WAYPOINT_DRIVE,WAYPOINT_DRIVE,771,3,1788843689224.944,99.919,timestamp_domain.system_time,89482953.000,78.000,1,89482953.000,89482984.000,31.000,31.000,89482984.000,31.000,1,1,pnp_visible_ransac,9,0.476,-43.2574,-1.028193,5.002021,-11.6157
2026-09-08T14:01:29.345,299,263,WAYPOINT_DRIVE,WAYPOINT_DRIVE,773,2,1788843689291.733,66.789,timestamp_domain.system_time,89483031.000,78.000,1,89483031.000,89483062.000,31.000,31.000,89483062.000,31.000,1,1,pnp_visible_ransac,9,0.559,-43.2545,-1.023582,4.992430,-11.5866
2026-09-08T14:01:29.426,300,264,WAYPOINT_DRIVE,WAYPOINT_DRIVE,775,2,1788843689358.372,66.639,timestamp_domain.system_time,89483109.000,78.000,1,89483125.000,89483156.000,31.000,47.000,89483156.000,47.000,1,1,pnp_visible_ransac,9,0.510,-43.4118,-1.024609,4.997238,-11.5871
2026-09-08T14:01:29.510,301,265,WAYPOINT_DRIVE,WAYPOINT_DRIVE,778,3,1788843689458.501,100.129,timestamp_domain.system_time,89483203.000,94.000,1,89483203.000,89483234.000,31.000,31.000,89483234.000,31.000,1,1,pnp_visible_ransac,9,0.499,-43.1989,-1.024735,4.990098,-11.6046
2026-09-08T14:01:29.590,302,266,WAYPOINT_DRIVE,WAYPOINT_DRIVE,780,2,1788843689525.130,66.629,timestamp_domain.system_time,89483281.000,78.000,1,89483281.000,89483312.000,31.000,31.000,89483312.000,31.000,1,1,pnp_visible_ransac,9,0.557,-43.3249,-1.029129,5.005356,-11.6184
2026-09-08T14:01:29.670,303,267,WAYPOINT_DRIVE,WAYPOINT_DRIVE,781,1,1788843689559.682,34.552,timestamp_domain.system_time,89483359.000,78.000,1,89483359.000,89483390.000,31.000,31.000,89483390.000,31.000,1,1,pnp_visible_ransac,9,0.510,-43.4213,-1.028717,5.008189,-11.6075
2026-09-08T14:01:29.761,304,268,WAYPOINT_DRIVE,WAYPOINT_DRIVE,785,4,1788843689692.503,132.821,timestamp_domain.system_time,89483453.000,94.000,1,89483453.000,89483484.000,31.000,31.000,89483484.000,31.000,1,1,pnp_visible_ransac,9,0.474,-43.0068,-1.028135,4.991121,-11.6397
2026-09-08T14:01:29.844,305,269,WAYPOINT_DRIVE,WAYPOINT_DRIVE,788,3,1788843689792.187,99.684,timestamp_domain.system_time,89483531.000,78.000,1,89483531.000,89483562.000,31.000,31.000,89483562.000,31.000,1,1,pnp_visible_ransac,9,0.468,-42.9662,-1.025757,4.992344,-11.6107
2026-09-08T14:01:29.923,306,270,WAYPOINT_DRIVE,WAYPOINT_DRIVE,790,2,1788843689858.816,66.628,timestamp_domain.system_time,89483609.000,78.000,1,89483609.000,89483640.000,31.000,31.000,89483640.000,31.000,1,1,pnp_visible_ransac,9,0.528,-42.5549,-1.025601,4.976293,-11.6455
2026-09-08T14:01:30.005,307,271,WAYPOINT_DRIVE,WAYPOINT_DRIVE,793,3,1788843689958.908,100.093,timestamp_domain.system_time,89483687.000,78.000,1,89483703.000,89483734.000,31.000,47.000,89483734.000,47.000,1,1,pnp_visible_ransac,9,0.432,-43.0880,-1.019970,4.952771,-11.6368
2026-09-08T14:01:30.088,308,272,WAYPOINT_DRIVE,WAYPOINT_DRIVE,795,2,1788843690025.538,66.630,timestamp_domain.system_time,89483781.000,94.000,1,89483781.000,89483812.000,31.000,31.000,89483812.000,31.000,1,1,pnp_visible_ransac,9,0.451,-42.7068,-1.021081,4.940212,-11.6779
2026-09-08T14:01:30.170,309,273,WAYPOINT_DRIVE,WAYPOINT_DRIVE,798,3,1788843690125.741,100.203,timestamp_domain.system_time,89483859.000,78.000,1,89483859.000,89483890.000,31.000,31.000,89483890.000,31.000,1,1,pnp_visible_ransac,9,0.547,-42.7763,-1.022848,4.932410,-11.7155
2026-09-08T14:01:30.252,310,274,WAYPOINT_DRIVE,WAYPOINT_DRIVE,800,2,1788843690192.406,66.665,timestamp_domain.system_time,89483937.000,78.000,1,89483937.000,89483968.000,31.000,31.000,89483968.000,31.000,1,1,pnp_visible_ransac,9,0.489,-42.7994,-1.021488,4.923311,-11.7214
2026-09-08T14:01:30.333,311,275,WAYPOINT_DRIVE,WAYPOINT_DRIVE,803,3,1788843690292.480,100.073,timestamp_domain.system_time,89484015.000,78.000,1,89484031.000,89484062.000,31.000,47.000,89484062.000,47.000,1,1,pnp_visible_ransac,9,0.804,-42.4950,-0.994991,4.780682,-11.7570
2026-09-08T14:01:30.417,312,276,WAYPOINT_DRIVE,WAYPOINT_DRIVE,805,2,1788843690359.300,66.820,timestamp_domain.system_time,89484109.000,94.000,1,89484109.000,89484140.000,31.000,31.000,89484140.000,31.000,1,1,pnp_visible_ransac,9,0.503,-43.4740,-1.011192,4.869750,-11.7306
2026-09-08T14:01:30.502,313,277,WAYPOINT_DRIVE,WAYPOINT_DRIVE,808,3,1788843690459.108,99.807,timestamp_domain.system_time,89484187.000,78.000,1,89484187.000,89484218.000,31.000,31.000,89484218.000,31.000,1,1,pnp_visible_ransac,9,0.779,-43.1881,-1.002700,4.799120,-11.8013
2026-09-08T14:01:30.584,314,278,WAYPOINT_DRIVE,WAYPOINT_DRIVE,810,2,1788843690525.764,66.656,timestamp_domain.system_time,89484281.000,94.000,1,89484281.000,89484312.000,31.000,31.000,89484312.000,31.000,1,1,pnp_visible_ransac,9,0.922,-43.5432,-1.002037,4.793376,-11.8074
2026-09-08T14:01:30.665,315,279,WAYPOINT_DRIVE,WAYPOINT_DRIVE,811,1,1788843690559.731,33.968,timestamp_domain.system_time,89484359.000,78.000,1,89484359.000,89484390.000,31.000,31.000,89484390.000,31.000,1,1,pnp_visible_ransac,9,1.160,-43.7123,-1.001735,4.778469,-11.8398
2026-09-08T14:01:30.761,316,280,WAYPOINT_DRIVE,WAYPOINT_DRIVE,812,1,1788843690592.626,32.895,timestamp_domain.system_time,89484453.000,94.000,1,89484453.000,89484484.000,31.000,31.000,89484484.000,31.000,1,1,pnp_visible_ransac,9,0.986,-43.7319,-1.006877,4.788579,-11.8744
2026-09-08T14:01:30.842,317,281,WAYPOINT_DRIVE,WAYPOINT_DRIVE,818,6,1788843690792.877,200.251,timestamp_domain.system_time,89484531.000,78.000,1,89484531.000,89484562.000,31.000,31.000,89484562.000,31.000,1,1,pnp_visible_ransac,9,0.982,-43.7112,-1.023085,4.772562,-12.0993
2026-09-08T14:01:30.923,318,282,WAYPOINT_DRIVE,WAYPOINT_DRIVE,820,2,1788843690859.555,66.678,timestamp_domain.system_time,89484609.000,78.000,1,89484609.000,89484640.000,31.000,31.000,89484640.000,31.000,1,1,pnp_visible_ransac,9,1.101,-44.2931,-1.023868,4.783773,-12.0807
2026-09-08T14:01:31.006,319,283,WAYPOINT_DRIVE,WAYPOINT_DRIVE,823,3,1788843690959.632,100.077,timestamp_domain.system_time,89484687.000,78.000,1,89484703.000,89484734.000,31.000,47.000,89484734.000,47.000,1,1,pnp_visible_ransac,9,0.911,-43.2183,-1.037994,4.784818,-12.2398
2026-09-08T14:01:31.088,320,284,WAYPOINT_DRIVE,WAYPOINT_DRIVE,825,2,1788843691026.290,66.657,timestamp_domain.system_time,89484781.000,94.000,1,89484781.000,89484812.000,31.000,31.000,89484812.000,31.000,1,1,pnp_visible_ransac,9,0.790,-43.1640,-1.040700,4.769820,-12.3081
2026-09-08T14:01:31.170,321,285,WAYPOINT_DRIVE,WAYPOINT_DRIVE,828,3,1788843691126.289,100.000,timestamp_domain.system_time,89484859.000,78.000,1,89484859.000,89484890.000,31.000,31.000,89484890.000,31.000,1,1,pnp_visible_ransac,9,0.705,-42.8792,-1.042889,4.738524,-12.4122
2026-09-08T14:01:31.252,322,286,WAYPOINT_DRIVE,WAYPOINT_DRIVE,830,2,1788843691193.135,66.846,timestamp_domain.system_time,89484937.000,78.000,1,89484937.000,89484968.000,31.000,31.000,89484968.000,31.000,1,1,pnp_visible_ransac,9,0.595,-42.6727,-1.047172,4.726061,-12.4934
2026-09-08T14:01:31.334,323,287,WAYPOINT_DRIVE,WAYPOINT_DRIVE,833,3,1788843691293.328,100.193,timestamp_domain.system_time,89485031.000,94.000,1,89485031.000,89485062.000,31.000,31.000,89485062.000,31.000,1,1,pnp_visible_ransac,9,0.684,-43.1017,-1.052892,4.717195,-12.5823
2026-09-08T14:01:31.418,324,288,WAYPOINT_DRIVE,WAYPOINT_DRIVE,835,2,1788843691360.256,66.928,timestamp_domain.system_time,89485109.000,78.000,1,89485109.000,89485140.000,31.000,31.000,89485140.000,31.000,1,1,pnp_visible_ransac,9,0.522,-42.1743,-1.054853,4.675100,-12.7149
2026-09-08T14:01:31.504,325,289,WAYPOINT_DRIVE,WAYPOINT_DRIVE,838,3,1788843691459.953,99.697,timestamp_domain.system_time,89485187.000,78.000,1,89485203.000,89485218.000,15.000,31.000,89485234.000,47.000,1,1,pnp_visible_ransac,9,0.506,-41.0044,-1.051045,4.617414,-12.8235
2026-09-08T14:01:31.584,326,290,WAYPOINT_DRIVE,WAYPOINT_DRIVE,840,2,1788843691526.611,66.658,timestamp_domain.system_time,89485281.000,94.000,1,89485281.000,89485312.000,31.000,31.000,89485312.000,31.000,1,1,pnp_visible_ransac,9,0.674,-41.7340,-1.035060,4.594885,-12.6948
2026-09-08T14:01:31.667,327,291,WAYPOINT_DRIVE,WAYPOINT_DRIVE,841,1,1788843691559.985,33.375,timestamp_domain.system_time,89485359.000,78.000,1,89485359.000,89485390.000,31.000,31.000,89485390.000,31.000,1,1,pnp_visible_ransac,9,0.627,-41.5774,-1.035117,4.575665,-12.7470
2026-09-08T14:01:31.763,328,292,WAYPOINT_DRIVE,WAYPOINT_DRIVE,842,1,1788843691593.648,33.663,timestamp_domain.system_time,89485453.000,94.000,1,89485453.000,89485484.000,31.000,31.000,89485484.000,31.000,1,1,pnp_visible_ransac,9,0.471,-42.1418,-1.049308,4.606708,-12.8318
2026-09-08T14:01:31.844,329,293,WAYPOINT_DRIVE,WAYPOINT_DRIVE,848,6,1788843691793.635,199.987,timestamp_domain.system_time,89485531.000,78.000,1,89485531.000,89485562.000,31.000,31.000,89485562.000,31.000,1,1,pnp_visible_ransac,9,0.904,-40.6124,-1.039361,4.478862,-13.0648
2026-09-08T14:01:31.927,330,294,WAYPOINT_DRIVE,WAYPOINT_DRIVE,850,2,1788843691860.080,66.445,timestamp_domain.system_time,89485609.000,78.000,1,89485625.000,89485656.000,31.000,47.000,89485656.000,47.000,1,1,pnp_visible_ransac,9,0.788,-41.7157,-1.053850,4.515302,-13.1374
2026-09-08T14:01:32.009,331,295,WAYPOINT_DRIVE,WAYPOINT_DRIVE,853,3,1788843691960.318,100.238,timestamp_domain.system_time,89485703.000,94.000,1,89485703.000,89485734.000,31.000,31.000,89485734.000,31.000,1,1,pnp_visible_ransac,9,0.566,-42.0772,-1.025588,4.398610,-13.1247
2026-09-08T14:01:32.093,332,296,WAYPOINT_DRIVE,WAYPOINT_DRIVE,855,2,1788843692027.020,66.702,timestamp_domain.system_time,89485781.000,78.000,1,89485781.000,89485812.000,31.000,31.000,89485812.000,31.000,1,1,pnp_visible_ransac,9,0.623,-41.8329,-1.029202,4.377474,-13.2307
2026-09-08T14:01:32.175,333,297,WAYPOINT_DRIVE,WAYPOINT_DRIVE,858,3,1788843692127.182,100.162,timestamp_domain.system_time,89485859.000,78.000,1,89485859.000,89485890.000,31.000,31.000,89485890.000,31.000,1,1,pnp_visible_ransac,9,0.517,-41.9964,-1.035540,4.365665,-13.3440
2026-09-08T14:01:32.258,334,298,WAYPOINT_DRIVE,WAYPOINT_DRIVE,860,2,1788843692193.972,66.791,timestamp_domain.system_time,89485953.000,94.000,1,89485953.000,89485984.000,31.000,31.000,89485984.000,31.000,1,1,pnp_visible_ransac,9,0.511,-43.4382,-1.034967,4.384652,-13.2812
2026-09-08T14:01:32.339,335,299,WAYPOINT_DRIVE,WAYPOINT_DRIVE,863,3,1788843692293.896,99.924,timestamp_domain.system_time,89486031.000,78.000,1,89486031.000,89486062.000,31.000,31.000,89486062.000,31.000,1,1,pnp_visible_ransac,9,0.541,-43.3230,-1.038281,4.359308,-13.3969
2026-09-08T14:01:32.420,336,300,WAYPOINT_DRIVE,WAYPOINT_DRIVE,865,2,1788843692360.694,66.799,timestamp_domain.system_time,89486109.000,78.000,1,89486109.000,89486140.000,31.000,31.000,89486140.000,31.000,1,1,pnp_visible_ransac,9,0.661,-43.6556,-1.038216,4.344183,-13.4410
2026-09-08T14:01:32.507,337,301,WAYPOINT_DRIVE,WAYPOINT_DRIVE,868,3,1788843692460.667,99.972,timestamp_domain.system_time,89486203.000,94.000,1,89486203.000,89486234.000,31.000,31.000,89486234.000,31.000,1,1,pnp_visible_ransac,9,0.724,-43.7656,-1.037143,4.296400,-13.5715
2026-09-08T14:01:32.591,338,302,WAYPOINT_DRIVE_SETTLE,WAYPOINT_DRIVE_SETTLE,870,2,1788843692527.111,66.444,timestamp_domain.system_time,89486281.000,78.000,1,89486281.000,89486312.000,31.000,31.000,89486312.000,31.000,1,1,pnp_visible_ransac,9,0.688,-43.5829,-1.049634,4.282913,-13.7703
2026-09-08T14:01:32.673,339,303,WAYPOINT_DRIVE_SETTLE,WAYPOINT_DRIVE_SETTLE,872,2,1788843692594.155,67.044,timestamp_domain.system_time,89486359.000,78.000,1,89486359.000,89486390.000,31.000,31.000,89486390.000,31.000,1,1,pnp_visible_ransac,9,0.840,-43.5480,-1.042508,4.245553,-13.7962
2026-09-08T14:01:32.763,340,304,WAYPOINT_DRIVE_SETTLE,WAYPOINT_DRIVE_SETTLE,873,1,1788843692627.630,33.475,timestamp_domain.system_time,89486453.000,94.000,1,89486453.000,89486484.000,31.000,31.000,89486484.000,31.000,1,1,pnp_visible_ransac,9,0.766,-43.6481,-1.047844,4.244977,-13.8659
2026-09-08T14:01:32.845,341,305,WAYPOINT_DRIVE_SETTLE,WAYPOINT_DRIVE_SETTLE,878,5,1788843692794.246,166.616,timestamp_domain.system_time,89486531.000,78.000,1,89486531.000,89486562.000,31.000,31.000,89486562.000,31.000,1,1,pnp_visible_ransac,9,0.770,-43.5531,-1.053919,4.214402,-14.0403
2026-09-08T14:01:32.929,342,306,WAYPOINT_DRIVE_SETTLE,WAYPOINT_DRIVE_SETTLE,880,2,1788843692860.767,66.521,timestamp_domain.system_time,89486609.000,78.000,1,89486625.000,89486656.000,31.000,47.000,89486656.000,47.000,1,1,pnp_visible_ransac,9,0.763,-43.7554,-1.057261,4.212366,-14.0896
2026-09-08T14:01:33.012,343,307,WAYPOINT_DRIVE_SETTLE,WAYPOINT_DRIVE_SETTLE,883,3,1788843692960.988,100.220,timestamp_domain.system_time,89486703.000,94.000,1,89486703.000,89486734.000,31.000,31.000,89486734.000,31.000,1,1,pnp_visible_ransac,9,0.512,-43.0847,-1.058981,4.174256,-14.2352
2026-09-08T14:01:33.096,344,308,WAYPOINT_DRIVE_SETTLE,WAYPOINT_DRIVE_SETTLE,885,2,1788843693027.533,66.545,timestamp_domain.system_time,89486781.000,78.000,1,89486781.000,89486812.000,31.000,31.000,89486812.000,31.000,1,1,pnp_visible_ransac,9,0.534,-43.2263,-1.061039,4.174962,-14.2595
2026-09-08T14:01:33.176,345,309,WAYPOINT_DRIVE_SETTLE,WAYPOINT_DRIVE_SETTLE,888,3,1788843693127.725,100.192,timestamp_domain.system_time,89486859.000,78.000,1,89486875.000,89486890.000,15.000,31.000,89486906.000,47.000,1,1,pnp_visible_ransac,9,0.703,-43.7771,-1.039614,4.179267,-13.9691
2026-09-08T14:01:33.258,346,310,WAYPOINT_DRIVE_SETTLE,WAYPOINT_DRIVE_SETTLE,890,2,1788843693194.386,66.661,timestamp_domain.system_time,89486953.000,94.000,1,89486953.000,89486984.000,31.000,31.000,89486984.000,31.000,1,1,pnp_visible_ransac,9,0.653,-43.8774,-1.040076,4.176072,-13.9853
2026-09-08T14:01:33.338,347,311,WAYPOINT_DRIVE_SETTLE,WAYPOINT_DRIVE_SETTLE,893,3,1788843693294.659,100.273,timestamp_domain.system_time,89487031.000,78.000,1,89487031.000,89487062.000,31.000,31.000,89487062.000,31.000,1,1,pnp_visible_ransac,9,0.586,-43.7049,-1.060464,4.166246,-14.2806
2026-09-08T14:01:33.422,348,312,WAYPOINT_DRIVE_SETTLE,WAYPOINT_DRIVE_SETTLE,895,2,1788843693361.288,66.629,timestamp_domain.system_time,89487109.000,78.000,1,89487109.000,89487140.000,31.000,31.000,89487140.000,31.000,1,1,pnp_visible_ransac,9,0.574,-43.6603,-1.063193,4.174238,-14.2896
2026-09-08T14:01:33.508,349,313,WAYPOINT_DRIVE_SETTLE,WAYPOINT_DRIVE_SETTLE,898,3,1788843693461.456,100.168,timestamp_domain.system_time,89487203.000,94.000,1,89487203.000,89487234.000,31.000,31.000,89487234.000,31.000,1,1,pnp_visible_ransac,9,0.568,-43.5189,-1.058556,4.171459,-14.2389
2026-09-08T14:01:33.591,350,314,WAYPOINT_DRIVE_SETTLE,WAYPOINT_DRIVE_SETTLE,900,2,1788843693528.528,67.072,timestamp_domain.system_time,89487281.000,78.000,1,89487281.000,89487312.000,31.000,31.000,89487312.000,31.000,1,1,pnp_visible_ransac,9,0.586,-43.5755,-1.060428,4.175078,-14.2512
2026-09-08T14:01:33.671,351,315,WAYPOINT_DRIVE_SETTLE,WAYPOINT_DRIVE_SETTLE,902,2,1788843693594.743,66.215,timestamp_domain.system_time,89487359.000,78.000,1,89487359.000,89487390.000,31.000,31.000,89487390.000,31.000,1,1,pnp_visible_ransac,9,0.541,-43.5844,-1.061341,4.170385,-14.2784
2026-09-08T14:01:33.765,352,316,WAYPOINT_DRIVE_SETTLE,WAYPOINT_DRIVE_SETTLE,905,3,1788843693695.534,100.792,timestamp_domain.system_time,89487453.000,94.000,1,89487453.000,89487484.000,31.000,31.000,89487484.000,31.000,1,1,pnp_visible_ransac,9,0.564,-43.6696,-1.061125,4.178175,-14.2500
2026-09-08T14:01:33.848,353,317,WAYPOINT_DRIVE_SETTLE,WAYPOINT_DRIVE_SETTLE,908,3,1788843693794.930,99.396,timestamp_domain.system_time,89487531.000,78.000,1,89487531.000,89487562.000,31.000,31.000,89487578.000,47.000,1,1,pnp_visible_ransac,9,0.589,-43.9378,-1.062881,4.184854,-14.2508
2026-09-08T14:01:33.928,354,318,WAYPOINT_DRIVE_SETTLE,WAYPOINT_DRIVE_SETTLE,910,2,1788843693861.684,66.753,timestamp_domain.system_time,89487625.000,94.000,1,89487625.000,89487656.000,31.000,31.000,89487656.000,31.000,1,1,pnp_visible_ransac,9,0.575,-43.6239,-1.059833,4.169143,-14.2630
2026-09-08T14:01:34.010,355,319,WAYPOINT_DRIVE_SETTLE,WAYPOINT_DRIVE_SETTLE,913,3,1788843693961.879,100.195,timestamp_domain.system_time,89487703.000,78.000,1,89487703.000,89487734.000,31.000,31.000,89487734.000,31.000,1,1,pnp_visible_ransac,9,0.554,-43.6114,-1.060052,4.173451,-14.2517
2026-09-08T14:01:34.090,356,320,WAYPOINT_DRIVE_SETTLE,WAYPOINT_DRIVE_SETTLE,915,2,1788843694028.352,66.473,timestamp_domain.system_time,89487781.000,78.000,1,89487781.000,89487812.000,31.000,31.000,89487812.000,31.000,1,1,pnp_visible_ransac,9,0.546,-43.4647,-1.061411,4.169139,-14.2834
2026-09-08T14:01:34.171,357,321,WAYPOINT_DRIVE_SETTLE,WAYPOINT_DRIVE_SETTLE,918,3,1788843694128.597,100.245,timestamp_domain.system_time,89487859.000,78.000,1,89487859.000,89487890.000,31.000,31.000,89487890.000,31.000,1,1,pnp_visible_ransac,9,0.633,-43.6717,-1.061984,4.174623,-14.2727
2026-09-08T14:01:34.254,358,322,WAYPOINT_DRIVE_SETTLE,WAYPOINT_DRIVE_SETTLE,920,2,1788843694195.271,66.674,timestamp_domain.system_time,89487937.000,78.000,1,89487937.000,89487968.000,31.000,31.000,89487984.000,47.000,1,1,pnp_visible_ransac,9,0.600,-43.8049,-1.060891,4.173704,-14.2617
2026-09-08T14:01:34.338,359,323,WAYPOINT_DRIVE_SETTLE,WAYPOINT_DRIVE_SETTLE,923,3,1788843694295.056,99.785,timestamp_domain.system_time,89488031.000,94.000,1,89488031.000,89488062.000,31.000,31.000,89488062.000,31.000,1,1,pnp_visible_ransac,9,0.650,-43.7442,-1.062860,4.180634,-14.2644
2026-09-08T14:01:34.422,360,324,WAYPOINT_DRIVE_SETTLE,WAYPOINT_DRIVE_SETTLE,925,2,1788843694361.698,66.642,timestamp_domain.system_time,89488109.000,78.000,1,89488109.000,89488140.000,31.000,31.000,89488140.000,31.000,1,1,pnp_visible_ransac,9,0.611,-43.7216,-1.062122,4.178120,-14.2631
2026-09-08T14:01:34.507,361,325,WAYPOINT_DRIVE_SETTLE,WAYPOINT_DRIVE_SETTLE,928,3,1788843694461.860,100.163,timestamp_domain.system_time,89488203.000,94.000,1,89488203.000,89488234.000,31.000,31.000,89488234.000,31.000,1,1,pnp_visible_ransac,9,0.586,-43.5950,-1.062271,4.175854,-14.2724
2026-09-08T14:01:34.589,362,326,WAYPOINT_DRIVE_SETTLE,WAYPOINT_DRIVE_SETTLE,930,2,1788843694528.718,66.857,timestamp_domain.system_time,89488281.000,78.000,1,89488281.000,89488312.000,31.000,31.000,89488312.000,31.000,1,1,pnp_visible_ransac,9,0.621,-43.9428,-1.061460,4.180158,-14.2479
2026-09-08T14:01:34.671,363,327,WAYPOINT_DRIVE_SETTLE,WAYPOINT_DRIVE_SETTLE,932,2,1788843694595.472,66.754,timestamp_domain.system_time,89488359.000,78.000,1,89488359.000,89488390.000,31.000,31.000,89488390.000,31.000,1,1,pnp_visible_ransac,9,0.543,-43.5690,-1.060120,4.170995,-14.2606
2026-09-08T14:01:34.768,364,328,WAYPOINT_DRIVE_SETTLE,WAYPOINT_DRIVE_SETTLE,933,1,1788843694629.107,33.635,timestamp_domain.system_time,89488453.000,94.000,1,89488453.000,89488484.000,31.000,31.000,89488484.000,31.000,1,1,pnp_visible_ransac,9,0.628,-43.7704,-1.060544,4.175251,-14.2521
2026-09-08T14:01:34.847,365,329,WAYPOINT_DRIVE_SETTLE,WAYPOINT_DRIVE_SETTLE,938,5,1788843694795.674,166.567,timestamp_domain.system_time,89488531.000,78.000,1,89488546.000,89488562.000,16.000,31.000,89488578.000,47.000,1,1,pnp_visible_ransac,9,0.540,-43.7002,-1.060413,4.173481,-14.2562
2026-09-08T14:01:34.927,366,330,WAYPOINT_DRIVE_SETTLE,WAYPOINT_DRIVE_SETTLE,940,2,1788843694862.459,66.785,timestamp_domain.system_time,89488625.000,94.000,1,89488625.000,89488656.000,31.000,31.000,89488656.000,31.000,1,1,pnp_visible_ransac,9,0.553,-43.6533,-1.060812,4.172783,-14.2637
2026-09-08T14:01:35.006,367,331,WAYPOINT_DRIVE_SETTLE,WAYPOINT_DRIVE_SETTLE,943,3,1788843694962.264,99.805,timestamp_domain.system_time,89488703.000,78.000,1,89488703.000,89488734.000,31.000,31.000,89488734.000,31.000,1,1,pnp_visible_ransac,9,0.615,-43.8090,-1.061817,4.179203,-14.2556
2026-09-08T14:01:35.087,368,332,WAYPOINT_DRIVE_SETTLE,WAYPOINT_DRIVE_SETTLE,945,2,1788843695029.088,66.824,timestamp_domain.system_time,89488781.000,78.000,1,89488781.000,89488812.000,31.000,31.000,89488812.000,31.000,1,1,pnp_visible_ransac,9,0.622,-43.8315,-1.061119,4.180204,-14.2433
2026-09-08T14:01:35.167,369,333,WAYPOINT_DRIVE_SETTLE,WAYPOINT_DRIVE_SETTLE,948,3,1788843695129.102,100.014,timestamp_domain.system_time,89488859.000,78.000,1,89488859.000,89488890.000,31.000,31.000,89488890.000,31.000,1,1,pnp_visible_ransac,9,0.634,-43.7853,-1.062670,4.182031,-14.2573
2026-09-08T14:01:35.245,370,334,WAYPOINT_DRIVE_SETTLE,WAYPOINT_DRIVE_SETTLE,950,2,1788843695195.954,66.852,timestamp_domain.system_time,89488937.000,78.000,1,89488937.000,89488968.000,31.000,31.000,89488968.000,31.000,1,1,pnp_visible_ransac,9,0.612,-43.6395,-1.060938,4.177192,-14.2509
2026-09-08T14:01:35.310,371,335,WAYPOINT_DRIVE_SETTLE,WAYPOINT_DRIVE_SETTLE,952,2,1788843695262.504,66.550,timestamp_domain.system_time,89489015.000,78.000,1,89489015.000,89489031.000,16.000,16.000,89489031.000,16.000,1,1,pnp_visible_ransac,9,0.606,-43.7446,-1.061317,4.177118,-14.2560
2026-09-08T14:01:35.402,372,336,STAGING_PLAN,STAGING_PLAN,955,3,1788843695362.683,100.179,timestamp_domain.system_time,89489093.000,78.000,1,89489093.000,89489125.000,32.000,32.000,89489125.000,32.000,1,1,pnp_visible_ransac,9,0.591,-43.7682,-1.062580,4.181674,-14.2573
2026-09-08T14:01:35.518,373,337,WAYPOINT_TURN,WAYPOINT_TURN,958,3,1788843695462.615,99.932,timestamp_domain.system_time,89489187.000,94.000,1,89489187.000,89489234.000,47.000,47.000,89489234.000,47.000,1,1,pnp_visible_ransac,9,0.598,-43.6473,-1.061124,4.173787,-14.2644
2026-09-08T14:01:35.591,374,338,WAYPOINT_TURN,WAYPOINT_TURN,960,2,1788843695529.197,66.582,timestamp_domain.system_time,89489281.000,94.000,1,89489281.000,89489312.000,31.000,31.000,89489312.000,31.000,1,1,pnp_visible_ransac,9,0.634,-43.7853,-1.062670,4.182031,-14.2573
2026-09-08T14:01:35.676,375,339,WAYPOINT_TURN,WAYPOINT_TURN,962,2,1788843695596.436,67.239,timestamp_domain.system_time,89489359.000,78.000,1,89489375.000,89489406.000,31.000,47.000,89489406.000,47.000,1,1,pnp_visible_ransac,9,0.677,-43.8719,-1.061650,4.177966,-14.2575
2026-09-08T14:01:35.798,376,340,WAYPOINT_TURN,WAYPOINT_TURN,966,4,1788843695729.661,133.226,timestamp_domain.system_time,89489484.000,125.000,1,89489484.000,89489515.000,31.000,31.000,89489515.000,31.000,1,1,pnp_visible_ransac,9,0.554,-43.7536,-1.060379,4.179728,-14.2354
2026-09-08T14:01:35.889,377,341,WAYPOINT_TURN,WAYPOINT_TURN,969,3,1788843695829.844,100.183,timestamp_domain.system_time,89489578.000,94.000,1,89489578.000,89489609.000,31.000,31.000,89489609.000,31.000,1,1,pnp_visible_ransac,9,0.589,-43.7846,-1.058697,4.176847,-14.2231
2026-09-08T14:01:35.970,378,342,WAYPOINT_TURN,WAYPOINT_TURN,972,3,1788843695929.772,99.928,timestamp_domain.system_time,89489656.000,78.000,1,89489656.000,89489687.000,31.000,31.000,89489687.000,31.000,1,1,pnp_visible_ransac,9,0.577,-43.7908,-1.058917,4.179601,-14.2169
2026-09-08T14:01:36.054,379,343,WAYPOINT_TURN,WAYPOINT_TURN,974,2,1788843695996.726,66.953,timestamp_domain.system_time,89489750.000,94.000,1,89489750.000,89489781.000,31.000,31.000,89489781.000,31.000,1,1,pnp_visible_ransac,9,0.544,-43.7366,-1.056988,4.174834,-14.2076
2026-09-08T14:01:36.136,380,344,WAYPOINT_TURN,WAYPOINT_TURN,977,3,1788843696096.644,99.918,timestamp_domain.system_time,89489828.000,78.000,1,89489828.000,89489859.000,31.000,31.000,89489859.000,31.000,1,1,pnp_visible_ransac,9,0.612,-43.8923,-1.058229,4.178424,-14.2119
2026-09-08T14:01:36.211,381,345,WAYPOINT_TURN,WAYPOINT_TURN,979,2,1788843696163.457,66.813,timestamp_domain.system_time,89489906.000,78.000,1,89489906.000,89489937.000,31.000,31.000,89489937.000,31.000,1,1,pnp_visible_ransac,9,0.607,-43.7337,-1.059596,4.180744,-14.2220
2026-09-08T14:01:36.295,382,346,WAYPOINT_TURN,WAYPOINT_TURN,981,2,1788843696230.016,66.559,timestamp_domain.system_time,89489984.000,78.000,1,89489984.000,89490015.000,31.000,31.000,89490015.000,31.000,1,1,pnp_visible_ransac,9,0.568,-43.6781,-1.056749,4.174980,-14.2041
2026-09-08T14:01:36.370,383,347,WAYPOINT_TURN,WAYPOINT_TURN,984,3,1788843696330.182,100.166,timestamp_domain.system_time,89490062.000,78.000,1,89490062.000,89490093.000,31.000,31.000,89490093.000,31.000,1,1,pnp_visible_ransac,9,0.619,-44.1347,-1.057762,4.196651,-14.1467
2026-09-08T14:01:36.452,384,348,WAYPOINT_TURN,WAYPOINT_TURN,986,2,1788843696396.663,66.481,timestamp_domain.system_time,89490140.000,78.000,1,89490140.000,89490171.000,31.000,31.000,89490171.000,31.000,1,1,pnp_visible_ransac,9,0.728,-43.7258,-1.039389,4.157978,-14.0349
2026-09-08T14:01:36.536,385,349,WAYPOINT_TURN,WAYPOINT_TURN,989,3,1788843696496.946,100.283,timestamp_domain.system_time,89490218.000,78.000,1,89490218.000,89490265.000,47.000,47.000,89490265.000,47.000,1,1,pnp_visible_ransac,9,0.727,-43.4755,-1.040333,4.176389,-13.9876
2026-09-08T14:01:36.627,386,350,WAYPOINT_TURN,WAYPOINT_TURN,991,2,1788843696563.406,66.459,timestamp_domain.system_time,89490312.000,94.000,1,89490312.000,89490343.000,31.000,31.000,89490343.000,31.000,1,1,pnp_visible_ransac,9,0.732,-43.7582,-1.027558,4.165318,-13.8578
2026-09-08T14:01:36.713,387,351,WAYPOINT_TURN,WAYPOINT_TURN,992,1,1788843696597.119,33.714,timestamp_domain.system_time,89490406.000,94.000,1,89490406.000,89490437.000,31.000,31.000,89490437.000,31.000,1,1,pnp_visible_ransac,9,0.711,-43.5552,-1.015440,4.149847,-13.7497
2026-09-08T14:01:36.796,388,352,WAYPOINT_TURN,WAYPOINT_TURN,996,4,1788843696730.214,133.094,timestamp_domain.system_time,89490484.000,78.000,1,89490484.000,89490515.000,31.000,31.000,89490515.000,31.000,1,1,pnp_visible_ransac,9,0.914,-43.4060,-1.001466,4.170455,-13.5030
2026-09-08T14:01:36.888,389,353,WAYPOINT_TURN,WAYPOINT_TURN,999,3,1788843696830.464,100.251,timestamp_domain.system_time,89490578.000,94.000,1,89490578.000,89490609.000,31.000,31.000,89490609.000,31.000,1,1,pnp_visible_ransac,9,1.178,-43.4107,-0.973060,4.179728,-13.1053
2026-09-08T14:01:36.979,390,354,WAYPOINT_TURN,WAYPOINT_TURN,1002,3,1788843696930.350,99.886,timestamp_domain.system_time,89490656.000,78.000,1,89490671.000,89490703.000,32.000,47.000,89490703.000,47.000,1,1,pnp_visible_ransac,9,0.588,-42.6341,-0.936801,4.190380,-12.6018
2026-09-08T14:01:37.070,391,355,WAYPOINT_TURN_SETTLE,WAYPOINT_TURN_SETTLE,1005,3,1788843697030.924,100.574,timestamp_domain.system_time,89490765.000,109.000,1,89490765.000,89490796.000,31.000,31.000,89490796.000,31.000,1,1,pnp_visible_ransac,9,1.108,-42.6147,-0.885044,4.197205,-11.9072
2026-09-08T14:01:37.152,392,356,WAYPOINT_TURN_SETTLE,WAYPOINT_TURN_SETTLE,1007,2,1788843697097.310,66.386,timestamp_domain.system_time,89490828.000,63.000,1,89490843.000,89490875.000,32.000,47.000,89490875.000,47.000,1,1,pnp_visible_ransac,9,1.469,-42.2624,-0.851666,4.233757,-11.3739
2026-09-08T14:01:37.234,393,357,WAYPOINT_TURN_SETTLE,WAYPOINT_TURN_SETTLE,1010,3,1788843697197.474,100.164,timestamp_domain.system_time,89490921.000,93.000,1,89490921.000,89490953.000,32.000,32.000,89490953.000,32.000,1,1,pnp_visible_ransac,9,0.898,-41.0432,-0.757145,4.240669,-10.1231
2026-09-08T14:01:37.313,394,358,WAYPOINT_TURN_SETTLE,WAYPOINT_TURN_SETTLE,1012,2,1788843697264.053,66.580,timestamp_domain.system_time,89491000.000,79.000,1,89491000.000,89491031.000,31.000,31.000,89491031.000,31.000,1,1,pnp_visible_ransac,9,1.095,-40.3296,-0.697972,4.235443,-9.3578
2026-09-08T14:01:37.397,395,359,WAYPOINT_TURN_SETTLE,WAYPOINT_TURN_SETTLE,1014,2,1788843697330.541,66.488,timestamp_domain.system_time,89491093.000,93.000,1,89491093.000,89491125.000,32.000,32.000,89491125.000,32.000,1,1,pnp_visible_ransac,9,0.871,-38.3095,-0.674151,4.172682,-9.1776
2026-09-08T14:01:37.475,396,360,WAYPOINT_TURN_SETTLE,WAYPOINT_TURN_SETTLE,1017,3,1788843697430.692,100.151,timestamp_domain.system_time,89491171.000,78.000,1,89491171.000,89491203.000,32.000,32.000,89491203.000,32.000,1,1,pnp_visible_ransac,9,1.111,-40.9141,-0.719692,4.215944,-9.6874
2026-09-08T14:01:37.564,397,361,WAYPOINT_TURN_SETTLE,WAYPOINT_TURN_SETTLE,1019,2,1788843697497.650,66.958,timestamp_domain.system_time,89491250.000,79.000,1,89491250.000,89491281.000,31.000,31.000,89491281.000,31.000,1,1,pnp_visible_ransac,9,0.909,-41.3944,-0.763474,4.251256,-10.1811
2026-09-08T14:01:37.631,398,362,WAYPOINT_TURN_SETTLE,WAYPOINT_TURN_SETTLE,1022,3,1788843697597.615,99.966,timestamp_domain.system_time,89491328.000,78.000,1,89491343.000,89491359.000,16.000,31.000,89491359.000,31.000,1,1,pnp_visible_ransac,9,0.793,-40.8785,-0.770078,4.248908,-10.2729
2026-09-08T14:01:37.716,399,363,WAYPOINT_TURN_SETTLE,WAYPOINT_TURN_SETTLE,1023,1,1788843697631.874,34.259,timestamp_domain.system_time,89491421.000,93.000,1,89491421.000,89491437.000,16.000,16.000,89491437.000,16.000,1,1,pnp_visible_ransac,9,0.721,-40.9010,-0.772496,4.258874,-10.2808
2026-09-08T14:01:37.837,400,364,WAYPOINT_TURN_SETTLE,WAYPOINT_TURN_SETTLE,1027,4,1788843697764.586,132.712,timestamp_domain.system_time,89491531.000,110.000,1,89491531.000,89491562.000,31.000,31.000,89491562.000,31.000,1,1,pnp_visible_ransac,9,0.825,-41.3559,-0.774125,4.266996,-10.2828
2026-09-08T14:01:37.914,401,365,WAYPOINT_TURN_SETTLE,WAYPOINT_TURN_SETTLE,1030,3,1788843697864.576,99.990,timestamp_domain.system_time,89491593.000,62.000,1,89491593.000,89491640.000,47.000,47.000,89491640.000,47.000,1,1,pnp_visible_ransac,9,1.040,-41.8147,-0.775701,4.282820,-10.2661
2026-09-08T14:01:37.998,402,366,WAYPOINT_TURN_SETTLE,WAYPOINT_TURN_SETTLE,1032,2,1788843697930.900,66.324,timestamp_domain.system_time,89491687.000,94.000,1,89491687.000,89491718.000,31.000,31.000,89491718.000,31.000,1,1,pnp_visible_ransac,9,0.931,-41.7280,-0.773142,4.268930,-10.2655
2026-09-08T14:01:38.081,403,367,WAYPOINT_TURN_SETTLE,WAYPOINT_TURN_SETTLE,1035,3,1788843698031.480,100.580,timestamp_domain.system_time,89491765.000,78.000,1,89491765.000,89491796.000,31.000,31.000,89491796.000,31.000,1,1,pnp_visible_ransac,9,0.843,-41.4788,-0.773248,4.262817,-10.2813
2026-09-08T14:01:38.158,404,368,WAYPOINT_TURN_SETTLE,WAYPOINT_TURN_SETTLE,1037,2,1788843698097.945,66.466,timestamp_domain.system_time,89491828.000,63.000,1,89491843.000,89491875.000,32.000,47.000,89491875.000,47.000,1,1,pnp_visible_ransac,9,1.055,-41.7630,-0.775962,4.279276,-10.2778
2026-09-08T14:01:38.234,405,369,WAYPOINT_TURN_SETTLE,WAYPOINT_TURN_SETTLE,1040,3,1788843698198.142,100.197,timestamp_domain.system_time,89491921.000,93.000,1,89491921.000,89491953.000,32.000,32.000,89491953.000,32.000,1,1,pnp_visible_ransac,9,0.963,-41.7090,-0.774883,4.273578,-10.2772
2026-09-08T14:01:38.318,406,370,WAYPOINT_TURN_SETTLE,WAYPOINT_TURN_SETTLE,1042,2,1788843698264.891,66.749,timestamp_domain.system_time,89492015.000,94.000,1,89492015.000,89492046.000,31.000,31.000,89492046.000,31.000,1,1,pnp_visible_ransac,9,0.989,-41.7379,-0.775530,4.280541,-10.2692
2026-09-08T14:01:38.399,407,371,WAYPOINT_TURN_SETTLE,WAYPOINT_TURN_SETTLE,1044,2,1788843698331.593,66.702,timestamp_domain.system_time,89492093.000,78.000,1,89492093.000,89492125.000,32.000,32.000,89492125.000,32.000,1,1,pnp_visible_ransac,9,0.880,-41.4864,-0.774081,4.269223,-10.2770
2026-09-08T14:01:38.477,408,372,WAYPOINT_TURN_SETTLE,WAYPOINT_TURN_SETTLE,1047,3,1788843698431.605,100.012,timestamp_domain.system_time,89492171.000,78.000,1,89492171.000,89492203.000,32.000,32.000,89492203.000,32.000,1,1,pnp_visible_ransac,9,0.964,-41.6939,-0.773938,4.272639,-10.2671
2026-09-08T14:01:38.564,409,373,WAYPOINT_TURN_SETTLE,WAYPOINT_TURN_SETTLE,1049,2,1788843698498.183,66.578,timestamp_domain.system_time,89492250.000,79.000,1,89492250.000,89492281.000,31.000,31.000,89492281.000,31.000,1,1,pnp_visible_ransac,9,1.011,-41.6600,-0.774573,4.273999,-10.2722
2026-09-08T14:01:38.633,410,374,WAYPOINT_TURN_SETTLE,WAYPOINT_TURN_SETTLE,1052,3,1788843698598.260,100.078,timestamp_domain.system_time,89492328.000,78.000,1,89492328.000,89492359.000,31.000,31.000,89492359.000,31.000,1,1,pnp_visible_ransac,9,0.938,-41.7268,-0.773756,4.276365,-10.2560
2026-09-08T14:01:38.721,411,375,WAYPOINT_TURN_SETTLE,WAYPOINT_TURN_SETTLE,1053,1,1788843698632.331,34.071,timestamp_domain.system_time,89492406.000,78.000,1,89492406.000,89492437.000,31.000,31.000,89492437.000,31.000,1,1,pnp_visible_ransac,9,0.899,-41.5565,-0.774604,4.277145,-10.2652
2026-09-08T14:01:38.836,412,376,WAYPOINT_TURN_SETTLE,WAYPOINT_TURN_SETTLE,1057,4,1788843698765.881,133.550,timestamp_domain.system_time,89492531.000,125.000,1,89492531.000,89492562.000,31.000,31.000,89492562.000,31.000,1,1,pnp_visible_ransac,9,1.017,-41.7400,-0.774768,4.280914,-10.2585
2026-09-08T14:01:38.921,413,377,WAYPOINT_TURN_SETTLE,WAYPOINT_TURN_SETTLE,1060,3,1788843698865.240,99.358,timestamp_domain.system_time,89492593.000,62.000,1,89492593.000,89492625.000,32.000,32.000,89492640.000,47.000,1,1,pnp_visible_ransac,9,0.955,-41.6647,-0.773939,4.271019,-10.2710
2026-09-08T14:01:39.000,414,378,WAYPOINT_TURN_SETTLE,WAYPOINT_TURN_SETTLE,1062,2,1788843698931.931,66.692,timestamp_domain.system_time,89492687.000,94.000,1,89492687.000,89492718.000,31.000,31.000,89492718.000,31.000,1,1,pnp_visible_ransac,9,0.922,-41.5634,-0.774303,4.271701,-10.2741
2026-09-08T14:01:39.078,415,379,WAYPOINT_TURN_SETTLE,WAYPOINT_TURN_SETTLE,1065,3,1788843699032.257,100.326,timestamp_domain.system_time,89492750.000,63.000,1,89492765.000,89492796.000,31.000,46.000,89492796.000,46.000,1,1,pnp_visible_ransac,9,1.023,-41.6515,-0.776073,4.277478,-10.2834
2026-09-08T14:01:39.148,416,380,WAYPOINT_TURN_SETTLE,WAYPOINT_TURN_SETTLE,1067,2,1788843699098.760,66.503,timestamp_domain.system_time,89492843.000,93.000,1,89492843.000,89492875.000,32.000,32.000,89492875.000,32.000,1,1,pnp_visible_ransac,9,1.001,-41.5371,-0.774841,4.269664,-10.2859
2026-09-08T14:01:39.239,417,381,WAYPOINT_TURN_SETTLE,WAYPOINT_TURN_SETTLE,1070,3,1788843699198.504,99.744,timestamp_domain.system_time,89492937.000,94.000,1,89492937.000,89492968.000,31.000,31.000,89492968.000,31.000,1,1,pnp_visible_ransac,9,0.939,-41.6648,-0.774004,4.274638,-10.2633
2026-09-08T14:01:39.322,418,382,WAYPOINT_TURN_SETTLE,WAYPOINT_TURN_SETTLE,1072,2,1788843699265.436,66.932,timestamp_domain.system_time,89493000.000,63.000,1,89493015.000,89493046.000,31.000,46.000,89493046.000,46.000,1,1,pnp_visible_ransac,9,0.989,-41.8269,-0.773862,4.279210,-10.2507
2026-09-08T14:01:39.402,419,383,WAYPOINT_TURN_SETTLE,WAYPOINT_TURN_SETTLE,1075,3,1788843699365.583,100.147,timestamp_domain.system_time,89493093.000,93.000,1,89493093.000,89493125.000,32.000,32.000,89493125.000,32.000,1,1,pnp_visible_ransac,9,0.994,-41.7171,-0.775777,4.280228,-10.2731
2026-09-08T14:01:39.479,420,384,WAYPOINT_TURN_SETTLE,WAYPOINT_TURN_SETTLE,1077,2,1788843699432.156,66.573,timestamp_domain.system_time,89493171.000,78.000,1,89493171.000,89493203.000,32.000,32.000,89493203.000,32.000,1,1,pnp_visible_ransac,9,0.999,-41.7432,-0.774379,4.277224,-10.2621
2026-09-08T14:01:39.566,421,385,WAYPOINT_TURN_SETTLE,WAYPOINT_TURN_SETTLE,1079,2,1788843699499.161,67.005,timestamp_domain.system_time,89493250.000,79.000,1,89493250.000,89493281.000,31.000,31.000,89493281.000,31.000,1,1,pnp_visible_ransac,9,0.933,-41.5519,-0.774644,4.273230,-10.2749
2026-09-08T14:01:39.635,422,386,WAYPOINT_TURN_SETTLE,WAYPOINT_TURN_SETTLE,1082,3,1788843699599.121,99.960,timestamp_domain.system_time,89493328.000,78.000,1,89493328.000,89493359.000,31.000,31.000,89493359.000,31.000,1,1,pnp_visible_ransac,9,0.954,-41.5520,-0.774416,4.268991,-10.2819
2026-09-08T14:01:39.727,423,387,WAYPOINT_TURN_SETTLE,WAYPOINT_TURN_SETTLE,1083,1,1788843699633.267,34.146,timestamp_domain.system_time,89493406.000,78.000,1,89493406.000,89493437.000,31.000,31.000,89493453.000,47.000,1,1,pnp_visible_ransac,9,1.039,-41.9134,-0.773154,4.271631,-10.2593
2026-09-08T14:01:39.839,424,388,WAYPOINT_TURN_SETTLE,WAYPOINT_TURN_SETTLE,1087,4,1788843699766.264,132.998,timestamp_domain.system_time,89493531.000,125.000,1,89493531.000,89493562.000,31.000,31.000,89493562.000,31.000,1,1,pnp_visible_ransac,9,0.884,-41.4733,-0.774272,4.270643,-10.2762
2026-09-08T14:01:39.915,425,389,WAYPOINT_DRIVE,WAYPOINT_DRIVE,1090,3,1788843699866.115,99.851,timestamp_domain.system_time,89493609.000,78.000,1,89493609.000,89493640.000,31.000,31.000,89493640.000,31.000,1,1,pnp_visible_ransac,9,0.998,-41.7116,-0.774339,4.274283,-10.2685
2026-09-08T14:01:40.002,426,390,WAYPOINT_DRIVE,WAYPOINT_DRIVE,1093,3,1788843699966.055,99.940,timestamp_domain.system_time,89493687.000,78.000,1,89493687.000,89493718.000,31.000,31.000,89493718.000,31.000,1,1,pnp_visible_ransac,9,0.885,-41.4750,-0.774478,4.270963,-10.2781
2026-09-08T14:01:40.082,427,391,WAYPOINT_DRIVE,WAYPOINT_DRIVE,1095,2,1788843700032.968,66.912,timestamp_domain.system_time,89493781.000,94.000,1,89493781.000,89493812.000,31.000,31.000,89493812.000,31.000,1,1,pnp_visible_ransac,9,0.901,-41.6987,-0.773393,4.273365,-10.2583
2026-09-08T14:01:40.165,428,392,WAYPOINT_DRIVE,WAYPOINT_DRIVE,1097,2,1788843700099.434,66.467,timestamp_domain.system_time,89493859.000,78.000,1,89493859.000,89493890.000,31.000,31.000,89493890.000,31.000,1,1,pnp_visible_ransac,9,0.824,-41.5906,-0.773209,4.260426,-10.2864
2026-09-08T14:01:40.245,429,393,WAYPOINT_DRIVE,WAYPOINT_DRIVE,1100,3,1788843700199.658,100.224,timestamp_domain.system_time,89493937.000,78.000,1,89493937.000,89493968.000,31.000,31.000,89493968.000,31.000,1,1,pnp_visible_ransac,9,0.857,-41.1882,-0.789771,4.258752,-10.5060
2026-09-08T14:01:40.325,430,394,WAYPOINT_DRIVE,WAYPOINT_DRIVE,1102,2,1788843700266.245,66.587,timestamp_domain.system_time,89494015.000,78.000,1,89494015.000,89494046.000,31.000,31.000,89494046.000,31.000,1,1,pnp_visible_ransac,9,0.826,-41.4324,-0.788473,4.253865,-10.5009
2026-09-08T14:01:40.404,431,395,WAYPOINT_DRIVE,WAYPOINT_DRIVE,1105,3,1788843700366.197,99.952,timestamp_domain.system_time,89494093.000,78.000,1,89494093.000,89494125.000,32.000,32.000,89494125.000,32.000,1,1,pnp_visible_ransac,9,0.729,-41.0767,-0.788280,4.247283,-10.5143
2026-09-08T14:01:40.488,432,396,WAYPOINT_DRIVE,WAYPOINT_DRIVE,1107,2,1788843700432.942,66.744,timestamp_domain.system_time,89494187.000,94.000,1,89494187.000,89494218.000,31.000,31.000,89494218.000,31.000,1,1,pnp_visible_ransac,9,0.766,-41.1578,-0.788292,4.249611,-10.5088
2026-09-08T14:01:40.583,433,397,WAYPOINT_DRIVE,WAYPOINT_DRIVE,1110,3,1788843700533.265,100.323,timestamp_domain.system_time,89494265.000,78.000,1,89494265.000,89494296.000,31.000,31.000,89494312.000,47.000,1,1,pnp_visible_ransac,9,0.852,-41.4270,-0.787722,4.251835,-10.4960
2026-09-08T14:01:40.665,434,398,WAYPOINT_DRIVE,WAYPOINT_DRIVE,1112,2,1788843700599.620,66.355,timestamp_domain.system_time,89494359.000,94.000,1,89494359.000,89494390.000,31.000,31.000,89494390.000,31.000,1,1,pnp_visible_ransac,9,0.778,-41.1759,-0.788365,4.250008,-10.5088
2026-09-08T14:01:40.737,435,399,WAYPOINT_DRIVE,WAYPOINT_DRIVE,1113,1,1788843700633.360,33.740,timestamp_domain.system_time,89494421.000,62.000,1,89494421.000,89494453.000,32.000,32.000,89494453.000,32.000,1,1,pnp_visible_ransac,9,0.688,-40.9582,-0.788728,4.250907,-10.5113
2026-09-08T14:01:40.837,436,400,WAYPOINT_DRIVE,WAYPOINT_DRIVE,1117,4,1788843700766.940,133.580,timestamp_domain.system_time,89494515.000,94.000,1,89494531.000,89494562.000,31.000,47.000,89494562.000,47.000,1,1,pnp_visible_ransac,9,0.752,-41.0637,-0.787267,4.250470,-10.4933
2026-09-08T14:01:40.915,437,401,WAYPOINT_DRIVE,WAYPOINT_DRIVE,1120,3,1788843700866.867,99.926,timestamp_domain.system_time,89494609.000,94.000,1,89494609.000,89494640.000,31.000,31.000,89494640.000,31.000,1,1,pnp_visible_ransac,9,0.667,-41.0958,-0.785091,4.236389,-10.4990
2026-09-08T14:01:41.000,438,402,WAYPOINT_DRIVE,WAYPOINT_DRIVE,1122,2,1788843700933.349,66.482,timestamp_domain.system_time,89494687.000,78.000,1,89494687.000,89494718.000,31.000,31.000,89494718.000,31.000,1,1,pnp_visible_ransac,9,0.697,-41.1679,-0.785693,4.227116,-10.5294
2026-09-08T14:01:41.085,439,403,WAYPOINT_DRIVE,WAYPOINT_DRIVE,1125,3,1788843701033.558,100.209,timestamp_domain.system_time,89494765.000,78.000,1,89494765.000,89494812.000,47.000,47.000,89494812.000,47.000,1,1,pnp_visible_ransac,9,0.696,-41.2946,-0.789689,4.225009,-10.5869
2026-09-08T14:01:41.159,440,404,WAYPOINT_DRIVE,WAYPOINT_DRIVE,1127,2,1788843701100.248,66.690,timestamp_domain.system_time,89494859.000,94.000,1,89494859.000,89494875.000,16.000,16.000,89494875.000,16.000,1,1,pnp_visible_ransac,9,0.615,-40.5569,-0.790076,4.192336,-10.6726
2026-09-08T14:01:41.240,441,405,WAYPOINT_DRIVE,WAYPOINT_DRIVE,1130,3,1788843701200.224,99.976,timestamp_domain.system_time,89494937.000,78.000,1,89494937.000,89494968.000,31.000,31.000,89494968.000,31.000,1,1,pnp_visible_ransac,9,0.531,-40.4711,-0.792807,4.173838,-10.7550
2026-09-08T14:01:41.327,442,406,WAYPOINT_DRIVE,WAYPOINT_DRIVE,1132,2,1788843701267.005,66.781,timestamp_domain.system_time,89495015.000,78.000,1,89495015.000,89495046.000,31.000,31.000,89495046.000,31.000,1,1,pnp_visible_ransac,9,0.659,-40.9112,-0.793285,4.176108,-10.7556
2026-09-08T14:01:41.408,443,407,WAYPOINT_DRIVE,WAYPOINT_DRIVE,1135,3,1788843701367.197,100.192,timestamp_domain.system_time,89495093.000,78.000,1,89495093.000,89495125.000,32.000,32.000,89495125.000,32.000,1,1,pnp_visible_ransac,9,0.648,-40.8898,-0.791581,4.169318,-10.7502
2026-09-08T14:01:41.486,444,408,WAYPOINT_DRIVE,WAYPOINT_DRIVE,1137,2,1788843701433.963,66.766,timestamp_domain.system_time,89495171.000,78.000,1,89495171.000,89495203.000,32.000,32.000,89495203.000,32.000,1,1,pnp_visible_ransac,9,0.575,-39.9197,-0.790654,4.129053,-10.8401
2026-09-08T14:01:41.577,445,409,WAYPOINT_DRIVE,WAYPOINT_DRIVE,1140,3,1788843701533.666,99.703,timestamp_domain.system_time,89495265.000,94.000,1,89495265.000,89495296.000,31.000,31.000,89495296.000,31.000,1,1,pnp_visible_ransac,9,0.540,-39.8033,-0.784738,4.095867,-10.8460
2026-09-08T14:01:41.646,446,410,WAYPOINT_DRIVE,WAYPOINT_DRIVE,1142,2,1788843701600.218,66.552,timestamp_domain.system_time,89495343.000,78.000,1,89495343.000,89495375.000,32.000,32.000,89495375.000,32.000,1,1,pnp_visible_ransac,9,1.019,-39.9163,-0.769720,4.028615,-10.8167
2026-09-08T14:01:41.740,447,411,WAYPOINT_DRIVE,WAYPOINT_DRIVE,1143,1,1788843701633.724,33.506,timestamp_domain.system_time,89495437.000,94.000,1,89495437.000,89495468.000,31.000,31.000,89495468.000,31.000,1,1,pnp_visible_ransac,9,1.047,-40.0211,-0.774753,4.034846,-10.8694
2026-09-08T14:01:41.834,448,412,WAYPOINT_DRIVE,WAYPOINT_DRIVE,1147,4,1788843701767.529,133.805,timestamp_domain.system_time,89495515.000,78.000,1,89495515.000,89495562.000,47.000,47.000,89495562.000,47.000,1,1,pnp_visible_ransac,9,0.796,-39.0529,-0.770766,3.990618,-10.9318
2026-09-08T14:01:41.909,449,413,WAYPOINT_DRIVE,WAYPOINT_DRIVE,1150,3,1788843701867.516,99.987,timestamp_domain.system_time,89495609.000,94.000,1,89495609.000,89495625.000,16.000,16.000,89495625.000,16.000,1,1,pnp_visible_ransac,9,0.724,-38.4326,-0.766090,3.945130,-10.9893
2026-09-08T14:01:42.001,450,414,WAYPOINT_DRIVE,WAYPOINT_DRIVE,1152,2,1788843701934.326,66.810,timestamp_domain.system_time,89495687.000,78.000,1,89495687.000,89495718.000,31.000,31.000,89495718.000,31.000,1,1,pnp_visible_ransac,9,0.739,-38.7131,-0.769406,3.937362,-11.0569
2026-09-08T14:01:42.074,451,415,WAYPOINT_DRIVE,WAYPOINT_DRIVE,1155,3,1788843702034.341,100.015,timestamp_domain.system_time,89495765.000,78.000,1,89495765.000,89495796.000,31.000,31.000,89495796.000,31.000,1,1,pnp_visible_ransac,9,0.711,-38.6946,-0.765878,3.916885,-11.0636
2026-09-08T14:01:42.152,452,416,WAYPOINT_DRIVE,WAYPOINT_DRIVE,1157,2,1788843702100.823,66.482,timestamp_domain.system_time,89495843.000,78.000,1,89495843.000,89495875.000,32.000,32.000,89495875.000,32.000,1,1,pnp_visible_ransac,9,0.663,-38.4112,-0.760684,3.890746,-11.0624
2026-09-08T14:01:42.244,453,417,WAYPOINT_DRIVE,WAYPOINT_DRIVE,1160,3,1788843702200.906,100.084,timestamp_domain.system_time,89495937.000,94.000,1,89495937.000,89495968.000,31.000,31.000,89495968.000,31.000,1,1,pnp_visible_ransac,9,0.635,-38.5910,-0.762625,3.874454,-11.1354
2026-09-08T14:01:42.316,454,418,WAYPOINT_DRIVE,WAYPOINT_DRIVE,1162,2,1788843702267.732,66.825,timestamp_domain.system_time,89496015.000,78.000,1,89496015.000,89496046.000,31.000,31.000,89496046.000,31.000,1,1,pnp_visible_ransac,9,0.598,-38.1559,-0.764490,3.845515,-11.2438
2026-09-08T14:01:42.409,455,419,WAYPOINT_DRIVE,WAYPOINT_DRIVE,1165,3,1788843702367.664,99.932,timestamp_domain.system_time,89496093.000,78.000,1,89496093.000,89496125.000,32.000,32.000,89496125.000,32.000,1,1,pnp_visible_ransac,9,0.601,-37.9257,-0.765985,3.838350,-11.2857
2026-09-08T14:01:42.487,456,420,WAYPOINT_DRIVE,WAYPOINT_DRIVE,1167,2,1788843702434.429,66.766,timestamp_domain.system_time,89496171.000,78.000,1,89496171.000,89496203.000,32.000,32.000,89496203.000,32.000,1,1,pnp_visible_ransac,9,0.605,-37.7626,-0.764791,3.806409,-11.3607
2026-09-08T14:01:42.568,457,421,WAYPOINT_DRIVE,WAYPOINT_DRIVE,1170,3,1788843702534.502,100.073,timestamp_domain.system_time,89496250.000,79.000,1,89496250.000,89496296.000,46.000,46.000,89496296.000,46.000,1,1,pnp_visible_ransac,9,0.603,-37.6727,-0.767682,3.773743,-11.4986
2026-09-08T14:01:42.651,458,422,WAYPOINT_DRIVE,WAYPOINT_DRIVE,1172,2,1788843702601.422,66.920,timestamp_domain.system_time,89496328.000,78.000,1,89496343.000,89496375.000,32.000,47.000,89496375.000,47.000,1,1,pnp_visible_ransac,9,0.645,-37.9780,-0.760952,3.765771,-11.4240
2026-09-08T14:01:42.729,459,423,WAYPOINT_DRIVE,WAYPOINT_DRIVE,1173,1,1788843702634.654,33.232,timestamp_domain.system_time,89496421.000,93.000,1,89496421.000,89496453.000,32.000,32.000,89496453.000,32.000,1,1,pnp_visible_ransac,9,0.657,-38.1148,-0.759414,3.758100,-11.4241
2026-09-08T14:01:42.836,460,424,WAYPOINT_DRIVE,WAYPOINT_DRIVE,1174,1,1788843702667.996,33.343,timestamp_domain.system_time,89496531.000,110.000,1,89496531.000,89496562.000,31.000,31.000,89496562.000,31.000,1,1,pnp_visible_ransac,9,0.739,-38.3225,-0.763996,3.767675,-11.4628
2026-09-08T14:01:42.912,461,425,WAYPOINT_DRIVE,WAYPOINT_DRIVE,1180,6,1788843702868.202,200.206,timestamp_domain.system_time,89496609.000,78.000,1,89496609.000,89496640.000,31.000,31.000,89496640.000,31.000,1,1,pnp_visible_ransac,9,0.659,-37.9103,-0.761129,3.703368,-11.6139
2026-09-08T14:01:42.998,462,426,WAYPOINT_DRIVE_SETTLE,WAYPOINT_DRIVE_SETTLE,1182,2,1788843702934.826,66.624,timestamp_domain.system_time,89496687.000,78.000,1,89496687.000,89496718.000,31.000,31.000,89496718.000,31.000,1,1,pnp_visible_ransac,9,0.630,-37.9853,-0.764212,3.676986,-11.7410
2026-09-08T14:01:43.078,463,427,WAYPOINT_DRIVE_SETTLE,WAYPOINT_DRIVE_SETTLE,1185,3,1788843703034.954,100.129,timestamp_domain.system_time,89496765.000,78.000,1,89496765.000,89496796.000,31.000,31.000,89496796.000,31.000,1,1,pnp_visible_ransac,9,0.774,-36.8711,-0.768098,3.637648,-11.9230
2026-09-08T14:01:43.155,464,428,WAYPOINT_DRIVE_SETTLE,WAYPOINT_DRIVE_SETTLE,1187,2,1788843703101.698,66.743,timestamp_domain.system_time,89496843.000,78.000,1,89496843.000,89496875.000,32.000,32.000,89496875.000,32.000,1,1,pnp_visible_ransac,9,0.831,-37.5912,-0.739596,3.548604,-11.7730
2026-09-08T14:01:43.236,465,429,WAYPOINT_DRIVE_SETTLE,WAYPOINT_DRIVE_SETTLE,1190,3,1788843703201.908,100.210,timestamp_domain.system_time,89496921.000,78.000,1,89496921.000,89496953.000,32.000,32.000,89496953.000,32.000,1,1,pnp_visible_ransac,9,0.843,-37.7563,-0.741106,3.548217,-11.7976
2026-09-08T14:01:43.320,466,430,WAYPOINT_DRIVE_SETTLE,WAYPOINT_DRIVE_SETTLE,1192,2,1788843703268.431,66.523,timestamp_domain.system_time,89497015.000,94.000,1,89497015.000,89497046.000,31.000,31.000,89497046.000,31.000,1,1,pnp_visible_ransac,9,0.854,-37.6031,-0.740726,3.537728,-11.8257
2026-09-08T14:01:43.404,467,431,WAYPOINT_DRIVE_SETTLE,WAYPOINT_DRIVE_SETTLE,1195,3,1788843703368.483,100.053,timestamp_domain.system_time,89497093.000,78.000,1,89497093.000,89497125.000,32.000,32.000,89497125.000,32.000,1,1,pnp_visible_ransac,9,0.901,-37.4155,-0.735613,3.497976,-11.8761
2026-09-08T14:01:43.489,468,432,WAYPOINT_DRIVE_SETTLE,WAYPOINT_DRIVE_SETTLE,1197,2,1788843703435.185,66.701,timestamp_domain.system_time,89497171.000,78.000,1,89497171.000,89497218.000,47.000,47.000,89497218.000,47.000,1,1,pnp_visible_ransac,9,0.732,-37.6105,-0.746829,3.526295,-11.9579
2026-09-08T14:01:43.571,469,433,WAYPOINT_DRIVE_SETTLE,WAYPOINT_DRIVE_SETTLE,1200,3,1788843703535.132,99.947,timestamp_domain.system_time,89497265.000,94.000,1,89497265.000,89497296.000,31.000,31.000,89497296.000,31.000,1,1,pnp_visible_ransac,9,0.822,-37.8323,-0.738569,3.513087,-11.8726
2026-09-08T14:01:43.646,470,434,WAYPOINT_DRIVE_SETTLE,WAYPOINT_DRIVE_SETTLE,1202,2,1788843703601.712,66.580,timestamp_domain.system_time,89497343.000,78.000,1,89497343.000,89497375.000,32.000,32.000,89497375.000,32.000,1,1,pnp_visible_ransac,9,0.809,-37.5024,-0.733206,3.495654,-11.8459
2026-09-08T14:01:43.733,471,435,WAYPOINT_DRIVE_SETTLE,WAYPOINT_DRIVE_SETTLE,1203,1,1788843703635.092,33.380,timestamp_domain.system_time,89497421.000,78.000,1,89497421.000,89497453.000,32.000,32.000,89497453.000,32.000,1,1,pnp_visible_ransac,9,0.844,-37.5572,-0.746277,3.525827,-11.9508
2026-09-08T14:01:43.838,472,436,WAYPOINT_DRIVE_SETTLE,WAYPOINT_DRIVE_SETTLE,1204,1,1788843703668.570,33.478,timestamp_domain.system_time,89497531.000,110.000,1,89497531.000,89497562.000,31.000,31.000,89497562.000,31.000,1,1,pnp_visible_ransac,9,0.923,-37.7244,-0.747875,3.523788,-11.9824
2026-09-08T14:01:43.915,473,437,WAYPOINT_DRIVE_SETTLE,WAYPOINT_DRIVE_SETTLE,1210,6,1788843703868.848,200.278,timestamp_domain.system_time,89497609.000,78.000,1,89497609.000,89497640.000,31.000,31.000,89497640.000,31.000,1,1,pnp_visible_ransac,9,0.776,-37.6035,-0.745583,3.521162,-11.9554
2026-09-08T14:01:43.997,474,438,WAYPOINT_DRIVE_SETTLE,WAYPOINT_DRIVE_SETTLE,1212,2,1788843703935.422,66.574,timestamp_domain.system_time,89497687.000,78.000,1,89497687.000,89497718.000,31.000,31.000,89497718.000,31.000,1,1,pnp_visible_ransac,9,0.742,-37.5358,-0.752905,3.531139,-12.0363
2026-09-08T14:01:44.080,475,439,WAYPOINT_DRIVE_SETTLE,WAYPOINT_DRIVE_SETTLE,1215,3,1788843704035.356,99.934,timestamp_domain.system_time,89497765.000,78.000,1,89497765.000,89497796.000,31.000,31.000,89497796.000,31.000,1,1,pnp_visible_ransac,9,0.811,-37.4714,-0.751116,3.526820,-12.0228
2026-09-08T14:01:44.158,476,440,WAYPOINT_DRIVE_SETTLE,WAYPOINT_DRIVE_SETTLE,1217,2,1788843704102.022,66.667,timestamp_domain.system_time,89497843.000,78.000,1,89497843.000,89497875.000,32.000,32.000,89497875.000,32.000,1,1,pnp_visible_ransac,9,0.818,-37.5910,-0.750271,3.524911,-12.0160
2026-09-08T14:01:44.238,477,441,WAYPOINT_DRIVE_SETTLE,WAYPOINT_DRIVE_SETTLE,1220,3,1788843704202.402,100.379,timestamp_domain.system_time,89497921.000,78.000,1,89497921.000,89497968.000,47.000,47.000,89497968.000,47.000,1,1,pnp_visible_ransac,9,0.752,-37.4428,-0.751017,3.525805,-12.0246
2026-09-08T14:01:44.314,478,442,WAYPOINT_DRIVE_SETTLE,WAYPOINT_DRIVE_SETTLE,1222,2,1788843704269.297,66.895,timestamp_domain.system_time,89498000.000,79.000,1,89498000.000,89498031.000,31.000,31.000,89498031.000,31.000,1,1,pnp_visible_ransac,9,0.859,-37.5402,-0.750773,3.527896,-12.0139
2026-09-08T14:01:44.399,479,443,WAYPOINT_DRIVE_SETTLE,WAYPOINT_DRIVE_SETTLE,1224,2,1788843704335.939,66.642,timestamp_domain.system_time,89498078.000,78.000,1,89498078.000,89498109.000,31.000,31.000,89498125.000,47.000,1,1,pnp_visible_ransac,9,0.767,-37.5832,-0.749894,3.523524,-12.0147
2026-09-08T14:01:44.476,480,444,WAYPOINT_DRIVE_SETTLE,WAYPOINT_DRIVE_SETTLE,1227,3,1788843704436.083,100.144,timestamp_domain.system_time,89498156.000,78.000,1,89498171.000,89498203.000,32.000,47.000,89498203.000,47.000,1,1,pnp_visible_ransac,9,0.818,-37.4272,-0.749761,3.521015,-12.0210
2026-09-08T14:01:44.553,481,445,WAYPOINT_DRIVE_SETTLE,WAYPOINT_DRIVE_SETTLE,1229,2,1788843704502.506,66.423,timestamp_domain.system_time,89498250.000,94.000,1,89498250.000,89498281.000,31.000,31.000,89498281.000,31.000,1,1,pnp_visible_ransac,9,0.822,-37.3945,-0.750408,3.523685,-12.0222
2026-09-08T14:01:44.639,482,446,WAYPOINT_DRIVE_SETTLE,WAYPOINT_DRIVE_SETTLE,1232,3,1788843704602.634,100.129,timestamp_domain.system_time,89498328.000,78.000,1,89498328.000,89498359.000,31.000,31.000,89498359.000,31.000,1,1,pnp_visible_ransac,9,0.887,-37.2963,-0.750409,3.521492,-12.0295
2026-09-08T14:01:44.720,483,447,WAYPOINT_DRIVE_SETTLE,WAYPOINT_DRIVE_SETTLE,1233,1,1788843704635.920,33.286,timestamp_domain.system_time,89498406.000,78.000,1,89498406.000,89498437.000,31.000,31.000,89498437.000,31.000,1,1,pnp_visible_ransac,9,0.825,-37.5126,-0.750197,3.524744,-12.0154
2026-09-08T14:01:44.841,484,448,WAYPOINT_DRIVE_SETTLE,WAYPOINT_DRIVE_SETTLE,1236,3,1788843704736.344,100.424,timestamp_domain.system_time,89498531.000,125.000,1,89498531.000,89498562.000,31.000,31.000,89498562.000,31.000,1,1,pnp_visible_ransac,9,0.792,-37.6075,-0.750381,3.529530,-12.0024
2026-09-08T14:01:44.919,485,449,WAYPOINT_DRIVE_SETTLE,WAYPOINT_DRIVE_SETTLE,1240,4,1788843704869.762,133.417,timestamp_domain.system_time,89498609.000,78.000,1,89498609.000,89498640.000,31.000,31.000,89498640.000,31.000,1,1,pnp_visible_ransac,9,0.792,-37.4925,-0.749739,3.520212,-12.0233
2026-09-08T14:01:44.994,486,450,WAYPOINT_DRIVE_SETTLE,WAYPOINT_DRIVE_SETTLE,1242,2,1788843704936.186,66.424,timestamp_domain.system_time,89498687.000,78.000,1,89498687.000,89498718.000,31.000,31.000,89498718.000,31.000,1,1,pnp_visible_ransac,9,0.760,-37.3846,-0.750187,3.521968,-12.0244
2026-09-08T14:01:45.075,487,451,WAYPOINT_DRIVE_SETTLE,WAYPOINT_DRIVE_SETTLE,1245,3,1788843705036.466,100.281,timestamp_domain.system_time,89498765.000,78.000,1,89498765.000,89498796.000,31.000,31.000,89498796.000,31.000,1,1,pnp_visible_ransac,9,0.727,-37.4673,-0.750459,3.526055,-12.0151
2026-09-08T14:01:45.151,488,452,WAYPOINT_DRIVE_SETTLE,WAYPOINT_DRIVE_SETTLE,1247,2,1788843705102.899,66.432,timestamp_domain.system_time,89498843.000,78.000,1,89498843.000,89498875.000,32.000,32.000,89498875.000,32.000,1,1,pnp_visible_ransac,9,0.848,-37.3943,-0.749721,3.520202,-12.0230
2026-09-08T14:01:45.223,489,453,WAYPOINT_DRIVE_SETTLE,WAYPOINT_DRIVE_SETTLE,1249,2,1788843705169.434,66.536,timestamp_domain.system_time,89498921.000,78.000,1,89498921.000,89498953.000,32.000,32.000,89498953.000,32.000,1,1,pnp_visible_ransac,9,0.800,-37.4839,-0.752155,3.528461,-12.0335
2026-09-08T14:01:45.317,490,454,WAYPOINT_DRIVE_SETTLE,WAYPOINT_DRIVE_SETTLE,1252,3,1788843705269.438,100.003,timestamp_domain.system_time,89499000.000,79.000,1,89499000.000,89499031.000,31.000,31.000,89499046.000,46.000,1,1,pnp_visible_ransac,9,0.791,-37.4183,-0.748481,3.520118,-12.0040
2026-09-08T14:01:45.391,491,455,WAYPOINT_DRIVE_SETTLE,WAYPOINT_DRIVE_SETTLE,1254,2,1788843705336.518,67.081,timestamp_domain.system_time,89499078.000,78.000,1,89499078.000,89499109.000,31.000,31.000,89499109.000,31.000,1,1,pnp_visible_ransac,9,0.777,-37.5413,-0.750018,3.526089,-12.0082
2026-09-08T14:01:45.476,492,456,WAYPOINT_DRIVE_SETTLE,WAYPOINT_DRIVE_SETTLE,1257,3,1788843705436.668,100.150,timestamp_domain.system_time,89499171.000,93.000,1,89499171.000,89499203.000,32.000,32.000,89499203.000,32.000,1,1,pnp_visible_ransac,9,0.795,-37.4620,-0.748214,3.520186,-11.9996
2026-09-08T14:01:45.560,493,457,WAYPOINT_DRIVE_SETTLE,WAYPOINT_DRIVE_SETTLE,1259,2,1788843705503.479,66.811,timestamp_domain.system_time,89499234.000,63.000,1,89499250.000,89499281.000,31.000,47.000,89499281.000,47.000,1,1,pnp_visible_ransac,9,0.814,-37.7143,-0.749616,3.530710,-11.9867
2026-09-08T14:01:45.636,494,458,WAYPOINT_DRIVE_SETTLE,WAYPOINT_DRIVE_SETTLE,1261,2,1788843705569.933,66.454,timestamp_domain.system_time,89499328.000,94.000,1,89499328.000,89499359.000,31.000,31.000,89499359.000,31.000,1,1,pnp_visible_ransac,9,0.800,-37.5549,-0.750006,3.524219,-12.0142
2026-09-08T14:01:45.718,495,459,WAYPOINT_DRIVE_SETTLE,WAYPOINT_DRIVE_SETTLE,1264,3,1788843705669.917,99.984,timestamp_domain.system_time,89499406.000,78.000,1,89499406.000,89499437.000,31.000,31.000,89499437.000,31.000,1,1,pnp_visible_ransac,9,0.783,-37.4729,-0.750427,3.523654,-12.0226
2026-09-08T14:01:45.885,496,460,STAGING_PLAN,STAGING_PLAN,1268,4,1788843705803.830,133.913,timestamp_domain.system_time,89499578.000,172.000,1,89499578.000,89499609.000,31.000,31.000,89499609.000,31.000,1,1,pnp_visible_ransac,9,0.819,-37.4918,-0.750212,3.526993,-12.0082
2026-09-08T14:01:45.987,497,461,WAYPOINT_TURN,WAYPOINT_TURN,1272,4,1788843705936.815,132.985,timestamp_domain.system_time,89499671.000,93.000,1,89499671.000,89499703.000,32.000,32.000,89499703.000,32.000,1,1,pnp_visible_ransac,9,0.753,-37.4981,-0.750532,3.527331,-12.0120
2026-09-08T14:01:46.062,498,462,WAYPOINT_TURN,WAYPOINT_TURN,1274,2,1788843706003.373,66.558,timestamp_domain.system_time,89499750.000,79.000,1,89499750.000,89499781.000,31.000,31.000,89499781.000,31.000,1,1,pnp_visible_ransac,9,0.785,-37.5301,-0.752830,3.532111,-12.0319
2026-09-08T14:01:46.144,499,463,WAYPOINT_TURN,WAYPOINT_TURN,1277,3,1788843706103.436,100.063,timestamp_domain.system_time,89499828.000,78.000,1,89499828.000,89499859.000,31.000,31.000,89499859.000,31.000,1,1,pnp_visible_ransac,9,0.862,-37.4580,-0.750495,3.523807,-12.0231
2026-09-08T14:01:46.219,500,464,WAYPOINT_TURN,WAYPOINT_TURN,1279,2,1788843706170.369,66.933,timestamp_domain.system_time,89499906.000,78.000,1,89499906.000,89499937.000,31.000,31.000,89499937.000,31.000,1,1,pnp_visible_ransac,9,0.796,-37.4473,-0.750295,3.522143,-12.0255
2026-09-08T14:01:46.311,501,465,WAYPOINT_TURN,WAYPOINT_TURN,1282,3,1788843706270.461,100.092,timestamp_domain.system_time,89500000.000,94.000,1,89500000.000,89500031.000,31.000,31.000,89500031.000,31.000,1,1,pnp_visible_ransac,9,0.802,-37.6484,-0.752612,3.533144,-12.0251
2026-09-08T14:01:46.387,502,466,WAYPOINT_TURN,WAYPOINT_TURN,1284,2,1788843706337.739,67.278,timestamp_domain.system_time,89500078.000,78.000,1,89500078.000,89500109.000,31.000,31.000,89500109.000,31.000,1,1,pnp_visible_ransac,9,0.783,-37.5411,-0.744362,3.519351,-11.9424
2026-09-08T14:01:46.478,503,467,WAYPOINT_TURN,WAYPOINT_TURN,1287,3,1788843706437.130,99.391,timestamp_domain.system_time,89500171.000,93.000,1,89500171.000,89500203.000,32.000,32.000,89500203.000,32.000,1,1,pnp_visible_ransac,9,0.757,-37.5434,-0.750358,3.531879,-11.9943
2026-09-08T14:01:46.554,504,468,WAYPOINT_TURN,WAYPOINT_TURN,1289,2,1788843706503.802,66.671,timestamp_domain.system_time,89500250.000,79.000,1,89500250.000,89500281.000,31.000,31.000,89500281.000,31.000,1,1,pnp_visible_ransac,9,0.751,-37.6872,-0.745519,3.525322,-11.9407
2026-09-08T14:01:46.645,505,469,WAYPOINT_TURN,WAYPOINT_TURN,1292,3,1788843706604.058,100.256,timestamp_domain.system_time,89500328.000,78.000,1,89500328.000,89500375.000,47.000,47.000,89500375.000,47.000,1,1,pnp_visible_ransac,9,0.766,-37.7953,-0.744060,3.523303,-11.9247
2026-09-08T14:01:46.721,506,470,WAYPOINT_TURN,WAYPOINT_TURN,1294,2,1788843706670.681,66.624,timestamp_domain.system_time,89500406.000,78.000,1,89500406.000,89500437.000,31.000,31.000,89500437.000,31.000,1,1,pnp_visible_ransac,9,0.835,-37.4220,-0.746050,3.525309,-11.9490
2026-09-08T14:01:46.808,507,471,WAYPOINT_TURN,WAYPOINT_TURN,1294,0,1788843706670.681,0.000,timestamp_domain.system_time,89500484.000,78.000,1,89500484.000,89500531.000,47.000,47.000,89500531.000,47.000,1,1,pnp_visible_ransac,9,0.835,-37.4220,-0.746050,3.525309,-11.9490
2026-09-08T14:01:46.889,508,472,WAYPOINT_TURN,WAYPOINT_TURN,1299,5,1788843706837.770,167.088,timestamp_domain.system_time,89500578.000,94.000,1,89500578.000,89500609.000,31.000,31.000,89500609.000,31.000,1,1,pnp_visible_ransac,9,0.766,-37.5434,-0.745970,3.525091,-11.9485
2026-09-08T14:01:46.960,509,473,WAYPOINT_TURN,WAYPOINT_TURN,1301,2,1788843706904.297,66.528,timestamp_domain.system_time,89500656.000,78.000,1,89500656.000,89500687.000,31.000,31.000,89500687.000,31.000,1,1,pnp_visible_ransac,9,0.772,-37.4497,-0.745782,3.527998,-11.9360
2026-09-08T14:01:47.055,510,474,WAYPOINT_TURN,WAYPOINT_TURN,1304,3,1788843707004.482,100.185,timestamp_domain.system_time,89500750.000,94.000,1,89500750.000,89500781.000,31.000,31.000,89500781.000,31.000,1,1,pnp_visible_ransac,9,0.873,-37.4499,-0.729631,3.496086,-11.7884
2026-09-08T14:01:47.130,511,475,WAYPOINT_TURN,WAYPOINT_TURN,1306,2,1788843707070.882,66.400,timestamp_domain.system_time,89500828.000,78.000,1,89500828.000,89500859.000,31.000,31.000,89500859.000,31.000,1,1,pnp_visible_ransac,9,0.785,-37.2490,-0.730558,3.505795,-11.7712
2026-09-08T14:01:47.222,512,476,WAYPOINT_TURN,WAYPOINT_TURN,1309,3,1788843707171.122,100.240,timestamp_domain.system_time,89500906.000,78.000,1,89500906.000,89500953.000,47.000,47.000,89500953.000,47.000,1,1,pnp_visible_ransac,9,0.822,-37.6424,-0.720096,3.503425,-11.6148
2026-09-08T14:01:47.295,513,477,WAYPOINT_TURN,WAYPOINT_TURN,1311,2,1788843707237.947,66.826,timestamp_domain.system_time,89500984.000,78.000,1,89500984.000,89501015.000,31.000,31.000,89501015.000,31.000,1,1,pnp_visible_ransac,9,0.677,-37.0189,-0.737528,3.570236,-11.6718
2026-09-08T14:01:47.389,514,478,WAYPOINT_TURN,WAYPOINT_TURN,1314,3,1788843707338.045,100.098,timestamp_domain.system_time,89501078.000,94.000,1,89501078.000,89501109.000,31.000,31.000,89501109.000,31.000,1,1,pnp_visible_ransac,9,0.999,-36.5765,-0.718162,3.577182,-11.3519
2026-09-08T14:01:47.465,515,479,WAYPOINT_TURN,WAYPOINT_TURN,1316,2,1788843707404.865,66.820,timestamp_domain.system_time,89501156.000,78.000,1,89501156.000,89501187.000,31.000,31.000,89501187.000,31.000,1,1,pnp_visible_ransac,9,0.969,-35.7004,-0.698762,3.548188,-11.1410
2026-09-08T14:01:47.559,516,480,WAYPOINT_TURN_SETTLE,WAYPOINT_TURN_SETTLE,1319,3,1788843707504.794,99.929,timestamp_domain.system_time,89501250.000,94.000,1,89501250.000,89501281.000,31.000,31.000,89501281.000,31.000,1,1,pnp_visible_ransac,9,0.736,-35.8206,-0.669779,3.563066,-10.6461
2026-09-08T14:01:47.630,517,481,WAYPOINT_TURN_SETTLE,WAYPOINT_TURN_SETTLE,1322,3,1788843707604.627,99.832,timestamp_domain.system_time,89501328.000,78.000,1,89501328.000,89501359.000,31.000,31.000,89501359.000,31.000,1,1,pnp_visible_ransac,9,0.833,-35.7480,-0.607740,3.506209,-9.8335
2026-09-08T14:01:47.722,518,482,WAYPOINT_TURN_SETTLE,WAYPOINT_TURN_SETTLE,1324,2,1788843707671.380,66.754,timestamp_domain.system_time,89501421.000,93.000,1,89501421.000,89501453.000,32.000,32.000,89501453.000,32.000,1,1,pnp_visible_ransac,9,1.015,-35.0819,-0.609596,3.587101,-9.6448
2026-09-08T14:01:47.799,519,483,WAYPOINT_TURN_SETTLE,WAYPOINT_TURN_SETTLE,1325,1,1788843707704.784,33.404,timestamp_domain.system_time,89501484.000,63.000,1,89501484.000,89501515.000,31.000,31.000,89501515.000,31.000,1,1,pnp_visible_ransac,9,1.256,-34.6281,-0.606031,3.563982,-9.6505
2026-09-08T14:01:47.889,520,484,WAYPOINT_TURN_SETTLE,WAYPOINT_TURN_SETTLE,1329,4,1788843707838.456,133.672,timestamp_domain.system_time,89501578.000,94.000,1,89501578.000,89501609.000,31.000,31.000,89501609.000,31.000,1,1,pnp_visible_ransac,9,0.697,-36.0058,-0.668462,3.577180,-10.5847
2026-09-08T14:01:47.965,521,485,WAYPOINT_TURN_SETTLE,WAYPOINT_TURN_SETTLE,1331,2,1788843707905.122,66.666,timestamp_domain.system_time,89501656.000,78.000,1,89501656.000,89501687.000,31.000,31.000,89501687.000,31.000,1,1,pnp_visible_ransac,9,0.705,-35.9222,-0.668899,3.574029,-10.6006
2026-09-08T14:01:48.050,522,486,WAYPOINT_TURN_SETTLE,WAYPOINT_TURN_SETTLE,1334,3,1788843708005.267,100.145,timestamp_domain.system_time,89501734.000,78.000,1,89501734.000,89501765.000,31.000,31.000,89501765.000,31.000,1,1,pnp_visible_ransac,9,0.707,-36.3143,-0.659140,3.588845,-10.4072
2026-09-08T14:01:48.133,523,487,WAYPOINT_TURN_SETTLE,WAYPOINT_TURN_SETTLE,1336,2,1788843708071.991,66.724,timestamp_domain.system_time,89501812.000,78.000,1,89501828.000,89501859.000,31.000,47.000,89501859.000,47.000,1,1,pnp_visible_ransac,9,0.683,-36.3719,-0.665123,3.598161,-10.4730
2026-09-08T14:01:48.217,524,488,WAYPOINT_TURN_SETTLE,WAYPOINT_TURN_SETTLE,1339,3,1788843708171.659,99.667,timestamp_domain.system_time,89501906.000,94.000,1,89501906.000,89501937.000,31.000,31.000,89501937.000,31.000,1,1,pnp_visible_ransac,9,0.769,-36.2862,-0.660092,3.580965,-10.4443
2026-09-08T14:01:48.291,525,489,WAYPOINT_TURN_SETTLE,WAYPOINT_TURN_SETTLE,1341,2,1788843708238.400,66.741,timestamp_domain.system_time,89501984.000,78.000,1,89501984.000,89502015.000,31.000,31.000,89502015.000,31.000,1,1,pnp_visible_ransac,9,0.714,-36.3074,-0.659208,3.587000,-10.4134
2026-09-08T14:01:48.377,526,490,WAYPOINT_TURN_SETTLE,WAYPOINT_TURN_SETTLE,1344,3,1788843708338.701,100.301,timestamp_domain.system_time,89502062.000,78.000,1,89502062.000,89502093.000,31.000,31.000,89502093.000,31.000,1,1,pnp_visible_ransac,9,0.690,-36.5039,-0.663707,3.594722,-10.4609
2026-09-08T14:01:48.459,527,491,WAYPOINT_TURN_SETTLE,WAYPOINT_TURN_SETTLE,1346,2,1788843708405.342,66.641,timestamp_domain.system_time,89502156.000,94.000,1,89502156.000,89502187.000,31.000,31.000,89502187.000,31.000,1,1,pnp_visible_ransac,9,0.704,-36.2633,-0.660231,3.584505,-10.4363
2026-09-08T14:01:48.529,528,492,WAYPOINT_TURN_SETTLE,WAYPOINT_TURN_SETTLE,1348,2,1788843708472.068,66.726,timestamp_domain.system_time,89502218.000,62.000,1,89502218.000,89502250.000,32.000,32.000,89502250.000,32.000,1,1,pnp_visible_ransac,9,0.752,-36.1627,-0.660646,3.581563,-10.4512
2026-09-08T14:01:48.626,529,493,WAYPOINT_TURN_SETTLE,WAYPOINT_TURN_SETTLE,1351,3,1788843708572.212,100.145,timestamp_domain.system_time,89502312.000,94.000,1,89502312.000,89502343.000,31.000,31.000,89502343.000,31.000,1,1,pnp_visible_ransac,9,0.794,-36.1342,-0.658586,3.579384,-10.4255
2026-09-08T14:01:48.695,530,494,WAYPOINT_TURN_SETTLE,WAYPOINT_TURN_SETTLE,1353,2,1788843708638.970,66.758,timestamp_domain.system_time,89502390.000,78.000,1,89502390.000,89502421.000,31.000,31.000,89502421.000,31.000,1,1,pnp_visible_ransac,9,0.791,-36.0582,-0.659343,3.575432,-10.4485
2026-09-08T14:01:48.785,531,495,WAYPOINT_TURN_SETTLE,WAYPOINT_TURN_SETTLE,1355,2,1788843708705.729,66.759,timestamp_domain.system_time,89502468.000,78.000,1,89502468.000,89502500.000,32.000,32.000,89502515.000,47.000,1,1,pnp_visible_ransac,9,0.717,-36.1380,-0.659283,3.575070,-10.4486
2026-09-08T14:01:48.864,532,496,WAYPOINT_TURN_SETTLE,WAYPOINT_TURN_SETTLE,1358,3,1788843708805.923,100.194,timestamp_domain.system_time,89502562.000,94.000,1,89502562.000,89502593.000,31.000,31.000,89502593.000,31.000,1,1,pnp_visible_ransac,9,0.700,-36.2631,-0.661377,3.585734,-10.4506
2026-09-08T14:01:48.955,533,497,WAYPOINT_TURN_SETTLE,WAYPOINT_TURN_SETTLE,1361,3,1788843708905.522,99.599,timestamp_domain.system_time,89502640.000,78.000,1,89502640.000,89502671.000,31.000,31.000,89502671.000,31.000,1,1,pnp_visible_ransac,9,0.742,-36.3212,-0.659424,3.585318,-10.4216
2026-09-08T14:01:49.031,534,498,WAYPOINT_TURN_SETTLE,WAYPOINT_TURN_SETTLE,1363,2,1788843708972.512,66.990,timestamp_domain.system_time,89502718.000,78.000,1,89502718.000,89502750.000,32.000,32.000,89502750.000,32.000,1,1,pnp_visible_ransac,9,0.772,-36.1941,-0.658442,3.575366,-10.4347
2026-09-08T14:01:49.107,535,499,WAYPOINT_TURN_SETTLE,WAYPOINT_TURN_SETTLE,1366,3,1788843709072.524,100.011,timestamp_domain.system_time,89502796.000,78.000,1,89502796.000,89502828.000,32.000,32.000,89502828.000,32.000,1,1,pnp_visible_ransac,9,0.781,-36.0458,-0.658943,3.574795,-10.4441
2026-09-08T14:01:49.194,536,500,WAYPOINT_TURN_SETTLE,WAYPOINT_TURN_SETTLE,1368,2,1788843709139.286,66.762,timestamp_domain.system_time,89502890.000,94.000,1,89502890.000,89502921.000,31.000,31.000,89502921.000,31.000,1,1,pnp_visible_ransac,9,0.715,-36.2929,-0.664056,3.592677,-10.4721
2026-09-08T14:01:49.274,537,501,WAYPOINT_TURN_SETTLE,WAYPOINT_TURN_SETTLE,1370,2,1788843709205.737,66.451,timestamp_domain.system_time,89502953.000,63.000,1,89502968.000,89503000.000,32.000,47.000,89503000.000,47.000,1,1,pnp_visible_ransac,9,0.718,-36.3020,-0.658906,3.578351,-10.4334
2026-09-08T14:01:49.354,538,502,WAYPOINT_TURN_SETTLE,WAYPOINT_TURN_SETTLE,1373,3,1788843709306.051,100.314,timestamp_domain.system_time,89503046.000,93.000,1,89503046.000,89503078.000,32.000,32.000,89503078.000,32.000,1,1,pnp_visible_ransac,9,0.762,-36.1525,-0.659151,3.576694,-10.4419
2026-09-08T14:01:49.427,539,503,WAYPOINT_TURN_SETTLE,WAYPOINT_TURN_SETTLE,1375,2,1788843709372.723,66.672,timestamp_domain.system_time,89503125.000,79.000,1,89503125.000,89503156.000,31.000,31.000,89503156.000,31.000,1,1,pnp_visible_ransac,9,0.724,-36.3267,-0.661034,3.586661,-10.4426
2026-09-08T14:01:49.503,540,504,WAYPOINT_TURN_SETTLE,WAYPOINT_TURN_SETTLE,1378,3,1788843709472.882,100.159,timestamp_domain.system_time,89503203.000,78.000,1,89503203.000,89503218.000,15.000,15.000,89503218.000,15.000,1,1,pnp_visible_ransac,9,0.738,-36.2545,-0.659095,3.581579,-10.4271
2026-09-08T14:01:49.594,541,505,WAYPOINT_TURN_SETTLE,WAYPOINT_TURN_SETTLE,1380,2,1788843709539.621,66.739,timestamp_domain.system_time,89503281.000,78.000,1,89503281.000,89503312.000,31.000,31.000,89503312.000,31.000,1,1,pnp_visible_ransac,9,0.772,-36.1530,-0.659187,3.576856,-10.4420
2026-09-08T14:01:49.669,542,506,WAYPOINT_TURN_SETTLE,WAYPOINT_TURN_SETTLE,1383,3,1788843709639.632,100.011,timestamp_domain.system_time,89503359.000,78.000,1,89503359.000,89503390.000,31.000,31.000,89503390.000,31.000,1,1,pnp_visible_ransac,9,0.725,-36.2385,-0.658952,3.580905,-10.4268
2026-09-08T14:01:49.755,543,507,WAYPOINT_TURN_SETTLE,WAYPOINT_TURN_SETTLE,1385,2,1788843709706.701,67.070,timestamp_domain.system_time,89503437.000,78.000,1,89503437.000,89503484.000,47.000,47.000,89503484.000,47.000,1,1,pnp_visible_ransac,9,0.754,-36.2542,-0.660942,3.585999,-10.4431
2026-09-08T14:01:49.912,544,508,WAYPOINT_TURN_SETTLE,WAYPOINT_TURN_SETTLE,1389,4,1788843709840.562,133.861,timestamp_domain.system_time,89503593.000,156.000,1,89503593.000,89503640.000,47.000,47.000,89503640.000,47.000,1,1,pnp_visible_ransac,9,0.705,-36.2865,-0.660532,3.583731,-10.4432
2026-09-08T14:01:49.990,545,509,WAYPOINT_TURN_SETTLE,WAYPOINT_TURN_SETTLE,1392,3,1788843709939.741,99.178,timestamp_domain.system_time,89503687.000,94.000,1,89503687.000,89503718.000,31.000,31.000,89503718.000,31.000,1,1,pnp_visible_ransac,9,0.657,-36.4641,-0.661285,3.588912,-10.4401
2026-09-08T14:01:50.064,546,510,WAYPOINT_TURN_SETTLE,WAYPOINT_TURN_SETTLE,1394,2,1788843710006.467,66.726,timestamp_domain.system_time,89503750.000,63.000,1,89503750.000,89503781.000,31.000,31.000,89503781.000,31.000,1,1,pnp_visible_ransac,9,0.742,-36.2438,-0.658881,3.580578,-10.4267
2026-09-08T14:01:50.155,547,511,WAYPOINT_TURN_SETTLE,WAYPOINT_TURN_SETTLE,1397,3,1788843710106.457,99.990,timestamp_domain.system_time,89503843.000,93.000,1,89503843.000,89503875.000,32.000,32.000,89503875.000,32.000,1,1,pnp_visible_ransac,9,0.714,-36.2195,-0.663901,3.591748,-10.4724
2026-09-08T14:01:50.233,548,512,WAYPOINT_TURN_SETTLE,WAYPOINT_TURN_SETTLE,1399,2,1788843710173.314,66.857,timestamp_domain.system_time,89503921.000,78.000,1,89503921.000,89503953.000,32.000,32.000,89503953.000,32.000,1,1,pnp_visible_ransac,9,0.738,-36.2016,-0.661292,3.584083,-10.4540
2026-09-08T14:01:50.317,549,513,WAYPOINT_TURN_SETTLE,WAYPOINT_TURN_SETTLE,1402,3,1788843710273.228,99.914,timestamp_domain.system_time,89504000.000,79.000,1,89504000.000,89504046.000,46.000,46.000,89504046.000,46.000,1,1,pnp_visible_ransac,9,0.773,-36.1718,-0.658739,3.577615,-10.4329
2026-09-08T14:01:50.399,550,514,WAYPOINT_TURN_SETTLE,WAYPOINT_TURN_SETTLE,1404,2,1788843710339.807,66.579,timestamp_domain.system_time,89504078.000,78.000,1,89504078.000,89504125.000,47.000,47.000,89504125.000,47.000,1,1,pnp_visible_ransac,9,0.769,-36.0435,-0.661516,3.582744,-10.4612
2026-09-08T14:01:50.487,551,515,WAYPOINT_DRIVE,WAYPOINT_DRIVE,1407,3,1788843710440.148,100.342,timestamp_domain.system_time,89504171.000,93.000,1,89504171.000,89504203.000,32.000,32.000,89504203.000,32.000,1,1,pnp_visible_ransac,9,0.703,-36.3198,-0.660291,3.584928,-10.4361
2026-09-08T14:01:50.568,552,516,WAYPOINT_DRIVE,WAYPOINT_DRIVE,1409,2,1788843710506.709,66.561,timestamp_domain.system_time,89504250.000,79.000,1,89504250.000,89504296.000,46.000,46.000,89504296.000,46.000,1,1,pnp_visible_ransac,9,0.769,-36.2272,-0.659128,3.577910,-10.4381
2026-09-08T14:01:50.643,553,517,WAYPOINT_DRIVE,WAYPOINT_DRIVE,1412,3,1788843710607.029,100.320,timestamp_domain.system_time,89504328.000,78.000,1,89504343.000,89504359.000,16.000,31.000,89504359.000,31.000,1,1,pnp_visible_ransac,9,0.736,-36.2427,-0.661548,3.583790,-10.4587
2026-09-08T14:01:50.734,554,518,WAYPOINT_DRIVE,WAYPOINT_DRIVE,1414,2,1788843710673.553,66.524,timestamp_domain.system_time,89504421.000,93.000,1,89504421.000,89504453.000,32.000,32.000,89504453.000,32.000,1,1,pnp_visible_ransac,9,0.688,-36.3104,-0.659971,3.581434,-10.4411
2026-09-08T14:01:50.811,555,519,WAYPOINT_DRIVE,WAYPOINT_DRIVE,1415,1,1788843710707.764,34.210,timestamp_domain.system_time,89504484.000,63.000,1,89504500.000,89504531.000,31.000,47.000,89504531.000,47.000,1,1,pnp_visible_ransac,9,0.738,-36.3283,-0.661395,3.586687,-10.4481
2026-09-08T14:01:50.903,556,520,WAYPOINT_DRIVE,WAYPOINT_DRIVE,1419,4,1788843710840.972,133.208,timestamp_domain.system_time,89504593.000,109.000,1,89504593.000,89504625.000,32.000,32.000,89504625.000,32.000,1,1,pnp_visible_ransac,9,0.715,-35.9260,-0.672989,3.575961,-10.6583
2026-09-08T14:01:50.994,557,521,WAYPOINT_DRIVE,WAYPOINT_DRIVE,1422,3,1788843710940.571,99.599,timestamp_domain.system_time,89504671.000,78.000,1,89504671.000,89504718.000,47.000,47.000,89504718.000,47.000,1,1,pnp_visible_ransac,9,0.716,-35.9995,-0.667396,3.572722,-10.5811
2026-09-08T14:01:51.069,558,522,WAYPOINT_DRIVE,WAYPOINT_DRIVE,1424,2,1788843711007.278,66.708,timestamp_domain.system_time,89504765.000,94.000,1,89504765.000,89504796.000,31.000,31.000,89504796.000,31.000,1,1,pnp_visible_ransac,9,0.741,-36.0360,-0.666893,3.574342,-10.5686
2026-09-08T14:01:51.157,559,523,WAYPOINT_DRIVE,WAYPOINT_DRIVE,1427,3,1788843711107.375,100.096,timestamp_domain.system_time,89504843.000,78.000,1,89504843.000,89504875.000,32.000,32.000,89504875.000,32.000,1,1,pnp_visible_ransac,9,0.705,-35.9279,-0.668791,3.568958,-10.6136
2026-09-08T14:01:51.237,560,524,WAYPOINT_DRIVE,WAYPOINT_DRIVE,1429,2,1788843711173.905,66.530,timestamp_domain.system_time,89504921.000,78.000,1,89504937.000,89504953.000,16.000,32.000,89504953.000,32.000,1,1,pnp_visible_ransac,9,0.691,-36.1203,-0.668333,3.574084,-10.5917
2026-09-08T14:01:51.312,561,525,WAYPOINT_DRIVE,WAYPOINT_DRIVE,1432,3,1788843711273.821,99.916,timestamp_domain.system_time,89505000.000,79.000,1,89505000.000,89505031.000,31.000,31.000,89505031.000,31.000,1,1,pnp_visible_ransac,9,0.808,-36.0873,-0.666596,3.576411,-10.5580
2026-09-08T14:01:51.399,562,526,WAYPOINT_DRIVE,WAYPOINT_DRIVE,1434,2,1788843711340.564,66.743,timestamp_domain.system_time,89505093.000,93.000,1,89505093.000,89505125.000,32.000,32.000,89505125.000,32.000,1,1,pnp_visible_ransac,9,0.737,-36.0055,-0.667331,3.569882,-10.5883
2026-09-08T14:01:51.481,563,527,WAYPOINT_DRIVE,WAYPOINT_DRIVE,1437,3,1788843711440.694,100.130,timestamp_domain.system_time,89505171.000,78.000,1,89505171.000,89505203.000,32.000,32.000,89505203.000,32.000,1,1,pnp_visible_ransac,9,0.848,-35.9964,-0.670094,3.562217,-10.6535
2026-09-08T14:01:51.566,564,528,WAYPOINT_DRIVE,WAYPOINT_DRIVE,1439,2,1788843711507.564,66.870,timestamp_domain.system_time,89505250.000,79.000,1,89505250.000,89505281.000,31.000,31.000,89505281.000,31.000,1,1,pnp_visible_ransac,9,0.933,-35.8906,-0.673735,3.563081,-10.7075
2026-09-08T14:01:51.647,565,529,WAYPOINT_DRIVE,WAYPOINT_DRIVE,1442,3,1788843711607.586,100.023,timestamp_domain.system_time,89505343.000,93.000,1,89505343.000,89505375.000,32.000,32.000,89505375.000,32.000,1,1,pnp_visible_ransac,9,0.810,-35.8779,-0.674626,3.551499,-10.7555
2026-09-08T14:01:51.730,566,530,WAYPOINT_DRIVE,WAYPOINT_DRIVE,1444,2,1788843711674.691,67.104,timestamp_domain.system_time,89505421.000,78.000,1,89505421.000,89505453.000,32.000,32.000,89505453.000,32.000,1,1,pnp_visible_ransac,9,0.858,-35.8016,-0.679031,3.555509,-10.8121
2026-09-08T14:01:51.800,567,531,WAYPOINT_DRIVE,WAYPOINT_DRIVE,1445,1,1788843711708.502,33.812,timestamp_domain.system_time,89505484.000,63.000,1,89505484.000,89505515.000,31.000,31.000,89505515.000,31.000,1,1,pnp_visible_ransac,9,0.828,-35.9649,-0.678080,3.550367,-10.8126
2026-09-08T14:01:51.907,568,532,WAYPOINT_DRIVE,WAYPOINT_DRIVE,1449,4,1788843711841.631,133.129,timestamp_domain.system_time,89505593.000,109.000,1,89505593.000,89505625.000,32.000,32.000,89505625.000,32.000,1,1,pnp_visible_ransac,9,1.017,-35.6254,-0.676563,3.521546,-10.8752
2026-09-08T14:01:51.992,569,533,WAYPOINT_DRIVE,WAYPOINT_DRIVE,1452,3,1788843711941.322,99.691,timestamp_domain.system_time,89505671.000,78.000,1,89505687.000,89505703.000,16.000,32.000,89505718.000,47.000,1,1,pnp_visible_ransac,9,0.979,-35.6288,-0.679478,3.518933,-10.9289
2026-09-08T14:01:52.073,570,534,WAYPOINT_DRIVE,WAYPOINT_DRIVE,1454,2,1788843712007.894,66.571,timestamp_domain.system_time,89505750.000,79.000,1,89505750.000,89505796.000,46.000,46.000,89505796.000,46.000,1,1,pnp_visible_ransac,9,1.011,-35.9604,-0.679851,3.502145,-10.9859
2026-09-08T14:01:52.149,571,535,WAYPOINT_DRIVE,WAYPOINT_DRIVE,1457,3,1788843712108.076,100.183,timestamp_domain.system_time,89505843.000,93.000,1,89505843.000,89505875.000,32.000,32.000,89505875.000,32.000,1,1,pnp_visible_ransac,9,1.173,-36.0554,-0.676886,3.493508,-10.9655
2026-09-08T14:01:52.234,572,536,WAYPOINT_DRIVE,WAYPOINT_DRIVE,1459,2,1788843712174.718,66.642,timestamp_domain.system_time,89505921.000,78.000,1,89505921.000,89505953.000,32.000,32.000,89505953.000,32.000,1,1,pnp_visible_ransac,9,1.069,-36.1024,-0.671653,3.482183,-10.9173
2026-09-08T14:01:52.316,573,537,WAYPOINT_DRIVE,WAYPOINT_DRIVE,1462,3,1788843712274.633,99.915,timestamp_domain.system_time,89506000.000,79.000,1,89506015.000,89506046.000,31.000,46.000,89506046.000,46.000,1,1,pnp_visible_ransac,9,1.152,-35.5557,-0.671519,3.446514,-11.0254
2026-09-08T14:01:52.396,574,538,WAYPOINT_DRIVE,WAYPOINT_DRIVE,1464,2,1788843712341.527,66.894,timestamp_domain.system_time,89506078.000,78.000,1,89506093.000,89506125.000,32.000,47.000,89506125.000,47.000,1,1,pnp_visible_ransac,9,1.199,-35.7791,-0.681446,3.444071,-11.1920
2026-09-08T14:01:52.468,575,539,WAYPOINT_DRIVE,WAYPOINT_DRIVE,1467,3,1788843712441.610,100.083,timestamp_domain.system_time,89506156.000,78.000,1,89506156.000,89506187.000,31.000,31.000,89506187.000,31.000,1,1,pnp_visible_ransac,9,1.272,-35.5657,-0.679686,3.415416,-11.2551
2026-09-08T14:01:52.560,576,540,WAYPOINT_DRIVE,WAYPOINT_DRIVE,1469,2,1788843712508.032,66.423,timestamp_domain.system_time,89506250.000,94.000,1,89506265.000,89506281.000,16.000,31.000,89506281.000,31.000,1,1,pnp_visible_ransac,9,1.217,-35.5440,-0.673090,3.400306,-11.1969
2026-09-08T14:01:52.635,577,541,WAYPOINT_DRIVE,WAYPOINT_DRIVE,1472,3,1788843712608.184,100.152,timestamp_domain.system_time,89506328.000,78.000,1,89506328.000,89506359.000,31.000,31.000,89506359.000,31.000,1,1,pnp_visible_ransac,9,1.244,-36.0536,-0.669730,3.393947,-11.1628
2026-09-08T14:01:52.727,578,542,WAYPOINT_DRIVE,WAYPOINT_DRIVE,1474,2,1788843712675.167,66.982,timestamp_domain.system_time,89506421.000,93.000,1,89506421.000,89506453.000,32.000,32.000,89506453.000,32.000,1,1,pnp_visible_ransac,9,1.194,-36.2478,-0.672396,3.382215,-11.2440
2026-09-08T14:01:52.802,579,543,WAYPOINT_DRIVE,WAYPOINT_DRIVE,1475,1,1788843712709.307,34.141,timestamp_domain.system_time,89506500.000,79.000,1,89506500.000,89506531.000,31.000,31.000,89506531.000,31.000,1,1,pnp_visible_ransac,9,1.298,-36.3421,-0.669474,3.373361,-11.2250
2026-09-08T14:01:52.909,580,544,WAYPOINT_DRIVE,WAYPOINT_DRIVE,1476,1,1788843712741.931,32.624,timestamp_domain.system_time,89506593.000,93.000,1,89506609.000,89506625.000,16.000,32.000,89506625.000,32.000,1,1,pnp_visible_ransac,9,1.417,-35.8181,-0.670947,3.368100,-11.2662
2026-09-08T14:01:52.994,581,545,WAYPOINT_DRIVE,WAYPOINT_DRIVE,1482,6,1788843712941.887,199.956,timestamp_domain.system_time,89506687.000,94.000,1,89506687.000,89506718.000,31.000,31.000,89506718.000,31.000,1,1,pnp_visible_ransac,9,0.795,-36.9345,-0.666147,3.339871,-11.2798
2026-09-08T14:01:53.075,582,546,WAYPOINT_DRIVE,WAYPOINT_DRIVE,1484,2,1788843713008.626,66.739,timestamp_domain.system_time,89506765.000,78.000,1,89506765.000,89506796.000,31.000,31.000,89506796.000,31.000,1,1,pnp_visible_ransac,9,1.144,-37.2740,-0.631632,3.239895,-11.0317
2026-09-08T14:01:53.153,583,547,WAYPOINT_DRIVE,WAYPOINT_DRIVE,1487,3,1788843713108.974,100.348,timestamp_domain.system_time,89506843.000,78.000,1,89506843.000,89506875.000,32.000,32.000,89506875.000,32.000,1,1,pnp_visible_ransac,9,1.121,-36.7886,-0.622735,3.196296,-11.0248
2026-09-08T14:01:53.238,584,548,WAYPOINT_DRIVE,WAYPOINT_DRIVE,1489,2,1788843713175.421,66.447,timestamp_domain.system_time,89506921.000,78.000,1,89506921.000,89506953.000,32.000,32.000,89506953.000,32.000,1,1,pnp_visible_ransac,9,1.806,-37.7502,-0.639829,3.214945,-11.2558
2026-09-08T14:01:53.319,585,549,WAYPOINT_DRIVE,WAYPOINT_DRIVE,1492,3,1788843713275.499,100.078,timestamp_domain.system_time,89507000.000,79.000,1,89507015.000,89507046.000,31.000,46.000,89507046.000,46.000,1,1,pnp_visible_ransac,9,1.511,-37.1011,-0.629212,3.159968,-11.2614
2026-09-08T14:01:53.405,586,550,WAYPOINT_DRIVE_SETTLE,WAYPOINT_DRIVE_SETTLE,1494,2,1788843713342.076,66.577,timestamp_domain.system_time,89507093.000,93.000,1,89507093.000,89507125.000,32.000,32.000,89507125.000,32.000,1,1,pnp_visible_ransac,9,1.523,-36.9310,-0.625078,3.136952,-11.2693
2026-09-08T14:01:53.489,587,551,WAYPOINT_DRIVE_SETTLE,WAYPOINT_DRIVE_SETTLE,1497,3,1788843713442.465,100.389,timestamp_domain.system_time,89507156.000,63.000,1,89507156.000,89507218.000,62.000,62.000,89507218.000,62.000,1,1,pnp_visible_ransac,9,1.121,-36.6229,-0.626324,3.115858,-11.3657
2026-09-08T14:01:53.562,588,552,WAYPOINT_DRIVE_SETTLE,WAYPOINT_DRIVE_SETTLE,1499,2,1788843713508.930,66.465,timestamp_domain.system_time,89507250.000,94.000,1,89507265.000,89507281.000,16.000,31.000,89507281.000,31.000,1,1,pnp_visible_ransac,9,1.324,-36.9629,-0.624648,3.093618,-11.4154
2026-09-08T14:01:53.641,589,553,WAYPOINT_DRIVE_SETTLE,WAYPOINT_DRIVE_SETTLE,1502,3,1788843713609.185,100.255,timestamp_domain.system_time,89507328.000,78.000,1,89507328.000,89507359.000,31.000,31.000,89507359.000,31.000,1,1,pnp_visible_ransac,9,1.113,-36.3485,-0.623457,3.041867,-11.5829
2026-09-08T14:01:53.732,590,554,WAYPOINT_DRIVE_SETTLE,WAYPOINT_DRIVE_SETTLE,1504,2,1788843713675.904,66.719,timestamp_domain.system_time,89507421.000,93.000,1,89507421.000,89507453.000,32.000,32.000,89507453.000,32.000,1,1,pnp_visible_ransac,9,1.204,-36.6194,-0.630249,3.050100,-11.6748
2026-09-08T14:01:53.806,591,555,WAYPOINT_DRIVE_SETTLE,WAYPOINT_DRIVE_SETTLE,1505,1,1788843713709.346,33.442,timestamp_domain.system_time,89507500.000,79.000,1,89507500.000,89507531.000,31.000,31.000,89507531.000,31.000,1,1,pnp_visible_ransac,9,1.244,-36.7704,-0.631970,3.048766,-11.7108
2026-09-08T14:01:53.905,592,556,WAYPOINT_DRIVE_SETTLE,WAYPOINT_DRIVE_SETTLE,1506,1,1788843713742.698,33.352,timestamp_domain.system_time,89507593.000,93.000,1,89507593.000,89507625.000,32.000,32.000,89507625.000,32.000,1,1,pnp_visible_ransac,9,1.110,-36.2926,-0.623666,3.013001,-11.6946
2026-09-08T14:01:53.989,593,557,WAYPOINT_DRIVE_SETTLE,WAYPOINT_DRIVE_SETTLE,1512,6,1788843713942.686,199.988,timestamp_domain.system_time,89507687.000,94.000,1,89507687.000,89507718.000,31.000,31.000,89507718.000,31.000,1,1,pnp_visible_ransac,9,1.320,-36.4892,-0.628465,3.018625,-11.7607
2026-09-08T14:01:54.072,594,558,WAYPOINT_DRIVE_SETTLE,WAYPOINT_DRIVE_SETTLE,1514,2,1788843714009.377,66.692,timestamp_domain.system_time,89507765.000,78.000,1,89507765.000,89507796.000,31.000,31.000,89507796.000,31.000,1,1,pnp_visible_ransac,9,1.156,-37.0557,-0.624422,3.019106,-11.6853
2026-09-08T14:01:54.159,595,559,WAYPOINT_DRIVE_SETTLE,WAYPOINT_DRIVE_SETTLE,1517,3,1788843714109.590,100.212,timestamp_domain.system_time,89507828.000,63.000,1,89507843.000,89507875.000,32.000,47.000,89507875.000,47.000,1,1,pnp_visible_ransac,9,1.012,-35.8849,-0.656527,3.044905,-12.1676
2026-09-08T14:01:54.239,596,560,WAYPOINT_DRIVE_SETTLE,WAYPOINT_DRIVE_SETTLE,1519,2,1788843714176.154,66.564,timestamp_domain.system_time,89507921.000,93.000,1,89507937.000,89507968.000,31.000,47.000,89507968.000,47.000,1,1,pnp_visible_ransac,9,0.976,-36.1060,-0.656251,3.049330,-12.1455
2026-09-08T14:01:54.324,597,561,WAYPOINT_DRIVE_SETTLE,WAYPOINT_DRIVE_SETTLE,1522,3,1788843714276.336,100.183,timestamp_domain.system_time,89508015.000,94.000,1,89508015.000,89508046.000,31.000,31.000,89508046.000,31.000,1,1,pnp_visible_ransac,9,1.147,-36.7943,-0.627754,3.005380,-11.7981
2026-09-08T14:01:54.406,598,562,WAYPOINT_DRIVE_SETTLE,WAYPOINT_DRIVE_SETTLE,1524,2,1788843714342.881,66.544,timestamp_domain.system_time,89508093.000,78.000,1,89508093.000,89508125.000,32.000,32.000,89508125.000,32.000,1,1,pnp_visible_ransac,9,1.043,-36.9679,-0.629844,3.006055,-11.8337
2026-09-08T14:01:54.485,599,563,WAYPOINT_DRIVE_SETTLE,WAYPOINT_DRIVE_SETTLE,1527,3,1788843714443.698,100.818,timestamp_domain.system_time,89508171.000,78.000,1,89508171.000,89508203.000,32.000,32.000,89508203.000,32.000,1,1,pnp_visible_ransac,9,1.105,-35.1157,-0.648427,3.015905,-12.1340
2026-09-08T14:01:54.569,600,564,WAYPOINT_DRIVE_SETTLE,WAYPOINT_DRIVE_SETTLE,1529,2,1788843714509.722,66.023,timestamp_domain.system_time,89508265.000,94.000,1,89508265.000,89508296.000,31.000,31.000,89508296.000,31.000,1,1,pnp_visible_ransac,9,1.087,-37.0998,-0.629869,3.010373,-11.8177
2026-09-08T14:01:54.652,601,565,WAYPOINT_DRIVE_SETTLE,WAYPOINT_DRIVE_SETTLE,1532,3,1788843714610.098,100.376,timestamp_domain.system_time,89508343.000,78.000,1,89508343.000,89508375.000,32.000,32.000,89508375.000,32.000,1,1,pnp_visible_ransac,9,1.106,-37.1025,-0.629474,3.007874,-11.8200
2026-09-08T14:01:54.733,602,566,WAYPOINT_DRIVE_SETTLE,WAYPOINT_DRIVE_SETTLE,1534,2,1788843714676.465,66.367,timestamp_domain.system_time,89508421.000,78.000,1,89508421.000,89508453.000,32.000,32.000,89508453.000,32.000,1,1,pnp_visible_ransac,9,1.004,-35.4076,-0.648155,3.019231,-12.1161
2026-09-08T14:01:54.811,603,567,WAYPOINT_DRIVE_SETTLE,WAYPOINT_DRIVE_SETTLE,1536,2,1788843714742.935,66.470,timestamp_domain.system_time,89508500.000,79.000,1,89508500.000,89508531.000,31.000,31.000,89508531.000,31.000,1,1,pnp_visible_ransac,9,0.931,-35.5814,-0.648333,3.025838,-12.0937
2026-09-08T14:01:54.907,604,568,WAYPOINT_DRIVE_SETTLE,WAYPOINT_DRIVE_SETTLE,1539,3,1788843714843.639,100.704,timestamp_domain.system_time,89508593.000,93.000,1,89508593.000,89508625.000,32.000,32.000,89508625.000,32.000,1,1,pnp_visible_ransac,9,1.052,-37.0465,-0.629235,3.004888,-11.8271
2026-09-08T14:01:54.993,605,569,WAYPOINT_DRIVE_SETTLE,WAYPOINT_DRIVE_SETTLE,1542,3,1788843714943.387,99.749,timestamp_domain.system_time,89508671.000,78.000,1,89508687.000,89508718.000,31.000,47.000,89508718.000,47.000,1,1,pnp_visible_ransac,9,1.057,-35.4627,-0.647785,3.020414,-12.1048
2026-09-08T14:01:55.074,606,570,WAYPOINT_DRIVE_SETTLE,WAYPOINT_DRIVE_SETTLE,1544,2,1788843715009.844,66.456,timestamp_domain.system_time,89508765.000,94.000,1,89508765.000,89508796.000,31.000,31.000,89508796.000,31.000,1,1,pnp_visible_ransac,9,1.051,-35.4754,-0.646776,3.021916,-12.0807
2026-09-08T14:01:55.146,607,571,WAYPOINT_DRIVE_SETTLE,WAYPOINT_DRIVE_SETTLE,1547,3,1788843715110.245,100.402,timestamp_domain.system_time,89508843.000,78.000,1,89508843.000,89508875.000,32.000,32.000,89508875.000,32.000,1,1,pnp_visible_ransac,9,0.964,-35.5784,-0.647593,3.022463,-12.0933
2026-09-08T14:01:55.224,608,572,WAYPOINT_DRIVE_SETTLE,WAYPOINT_DRIVE_SETTLE,1549,2,1788843715176.880,66.635,timestamp_domain.system_time,89508921.000,78.000,1,89508921.000,89508953.000,32.000,32.000,89508953.000,32.000,1,1,pnp_visible_ransac,9,0.886,-35.5769,-0.645190,3.018093,-12.0667
2026-09-08T14:01:55.307,609,573,WAYPOINT_DRIVE_SETTLE,WAYPOINT_DRIVE_SETTLE,1551,2,1788843715243.534,66.654,timestamp_domain.system_time,89509000.000,79.000,1,89509000.000,89509031.000,31.000,31.000,89509031.000,31.000,1,1,pnp_visible_ransac,9,0.965,-35.7432,-0.647327,3.024105,-12.0822
2026-09-08T14:01:55.389,610,574,WAYPOINT_DRIVE_SETTLE,WAYPOINT_DRIVE_SETTLE,1554,3,1788843715343.628,100.094,timestamp_domain.system_time,89509078.000,78.000,1,89509078.000,89509109.000,31.000,31.000,89509109.000,31.000,1,1,pnp_visible_ransac,9,0.961,-35.4813,-0.648972,3.023707,-12.1135
2026-09-08T14:01:55.469,611,575,WAYPOINT_DRIVE_SETTLE,WAYPOINT_DRIVE_SETTLE,1556,2,1788843715410.283,66.655,timestamp_domain.system_time,89509156.000,78.000,1,89509156.000,89509187.000,31.000,31.000,89509187.000,31.000,1,1,pnp_visible_ransac,9,0.878,-35.6810,-0.647538,3.024224,-12.0855
2026-09-08T14:01:55.546,612,576,WAYPOINT_DRIVE_SETTLE,WAYPOINT_DRIVE_SETTLE,1559,3,1788843715510.442,100.159,timestamp_domain.system_time,89509234.000,78.000,1,89509234.000,89509265.000,31.000,31.000,89509265.000,31.000,1,1,pnp_visible_ransac,9,1.043,-35.4761,-0.647210,3.023095,-12.0839
2026-09-08T14:01:55.636,613,577,WAYPOINT_DRIVE_SETTLE,WAYPOINT_DRIVE_SETTLE,1561,2,1788843715577.065,66.623,timestamp_domain.system_time,89509328.000,94.000,1,89509328.000,89509359.000,31.000,31.000,89509359.000,31.000,1,1,pnp_visible_ransac,9,1.006,-35.5760,-0.649721,3.025297,-12.1209
2026-09-08T14:01:55.717,614,578,WAYPOINT_DRIVE_SETTLE,WAYPOINT_DRIVE_SETTLE,1564,3,1788843715677.258,100.193,timestamp_domain.system_time,89509406.000,78.000,1,89509406.000,89509437.000,31.000,31.000,89509437.000,31.000,1,1,pnp_visible_ransac,9,0.950,-35.5349,-0.648234,3.022244,-12.1058
2026-09-08T14:01:55.785,615,579,WAYPOINT_DRIVE_SETTLE,WAYPOINT_DRIVE_SETTLE,1566,2,1788843715743.815,66.556,timestamp_domain.system_time,89509484.000,78.000,1,89509484.000,89509515.000,31.000,31.000,89509515.000,31.000,1,1,pnp_visible_ransac,9,1.017,-35.5309,-0.647926,3.024508,-12.0914
2026-09-08T14:01:55.955,616,580,WAYPOINT_DRIVE_SETTLE,WAYPOINT_DRIVE_SETTLE,1570,4,1788843715877.881,134.066,timestamp_domain.system_time,89509625.000,141.000,1,89509625.000,89509671.000,46.000,46.000,89509671.000,46.000,1,1,pnp_visible_ransac,9,0.976,-35.4379,-0.648319,3.022530,-12.1063
2026-09-08T14:01:56.038,617,581,WAYPOINT_DRIVE_SETTLE,WAYPOINT_DRIVE_SETTLE,1573,3,1788843715977.403,99.522,timestamp_domain.system_time,89509734.000,109.000,1,89509734.000,89509765.000,31.000,31.000,89509765.000,31.000,1,1,pnp_visible_ransac,9,0.987,-35.5683,-0.646837,3.021821,-12.0821
2026-09-08T14:01:56.110,618,582,WAYPOINT_DRIVE_SETTLE,WAYPOINT_DRIVE_SETTLE,1576,3,1788843716077.488,100.084,timestamp_domain.system_time,89509796.000,62.000,1,89509796.000,89509828.000,32.000,32.000,89509828.000,32.000,1,1,pnp_visible_ransac,9,1.044,-35.4366,-0.648132,3.021818,-12.1056
2026-09-08T14:01:56.198,619,583,WAYPOINT_DRIVE_SETTLE,WAYPOINT_DRIVE_SETTLE,1578,2,1788843716144.147,66.659,timestamp_domain.system_time,89509875.000,79.000,1,89509890.000,89509921.000,31.000,46.000,89509921.000,46.000,1,1,pnp_visible_ransac,9,1.039,-35.5426,-0.648059,3.025013,-12.0919
2026-09-08T14:01:56.277,620,584,WAYPOINT_DRIVE_SETTLE,WAYPOINT_DRIVE_SETTLE,1580,2,1788843716210.736,66.589,timestamp_domain.system_time,89509968.000,93.000,1,89509968.000,89510000.000,32.000,32.000,89510000.000,32.000,1,1,pnp_visible_ransac,9,0.944,-35.5034,-0.649140,3.025752,-12.1086
