t_iso,frame_i,fsm_state,align_sub,camera_frame_number,camera_frame_delta,camera_sensor_timestamp_ms,camera_sensor_interval_ms,camera_timestamp_domain,camera_input_host_mono_ms,camera_input_interval_ms,inference_ran,inference_start_host_mono_ms,inference_end_host_mono_ms,model_inference_ms,input_to_inference_end_ms,pose_result_host_mono_ms,input_to_pose_result_ms,model_det_ok,pnp_ok,pose_src,pose_n_used,pose_rms_px,yaw_deg,pos_x_m,pos_z_m,center_bearing_deg
2026-09-04T15:09:47.568,1,PRECHECK,PRECHECK,4,,1788502186283.484,,timestamp_domain.system_time,4413000.000,,1,4413000.000,4414265.000,1265.000,1265.000,4414265.000,1265.000,0,0,,,,,,,
2026-09-04T15:09:47.792,2,SEARCH_SWEEP,SEARCH_SWEEP,48,44,1788502187749.920,1466.435,timestamp_domain.system_time,4414453.000,1453.000,1,4414453.000,4414484.000,31.000,31.000,4414484.000,31.000,1,1,pnp_visible_ransac,9,1.025,-2.0211,-0.198457,4.110953,-2.7638
2026-09-04T15:09:47.897,3,ACQUIRE_VERIFY,ACQUIRE_VERIFY,51,3,1788502187849.868,99.948,timestamp_domain.system_time,4414578.000,125.000,1,4414578.000,4414593.000,15.000,15.000,4414593.000,15.000,1,1,pnp_visible_ransac,9,1.013,-1.8666,-0.199089,4.102462,-2.7783
2026-09-04T15:09:47.994,4,ACQUIRE_VERIFY,ACQUIRE_VERIFY,54,3,1788502187949.424,99.556,timestamp_domain.system_time,4414671.000,93.000,1,4414671.000,4414687.000,16.000,16.000,4414687.000,16.000,1,1,pnp_visible_ransac,9,0.995,-1.9992,-0.198985,4.113189,-2.7697
2026-09-04T15:09:48.092,5,ACQUIRE_VERIFY,ACQUIRE_VERIFY,57,3,1788502188049.407,99.983,timestamp_domain.system_time,4414765.000,94.000,1,4414765.000,4414796.000,31.000,31.000,4414796.000,31.000,1,1,pnp_visible_ransac,9,0.993,-2.1556,-0.197937,4.113348,-2.7550
2026-09-04T15:09:48.176,6,ACQUIRE_VERIFY,ACQUIRE_VERIFY,58,1,1788502188083.379,33.972,timestamp_domain.system_time,4414859.000,94.000,1,4414859.000,4414875.000,16.000,16.000,4414875.000,16.000,1,1,pnp_visible_ransac,9,0.999,-2.0559,-0.198774,4.126527,-2.7578
2026-09-04T15:09:48.269,7,ACQUIRE_VERIFY,ACQUIRE_VERIFY,62,4,1788502188216.884,133.505,timestamp_domain.system_time,4414953.000,94.000,1,4414953.000,4414968.000,15.000,15.000,4414968.000,15.000,1,1,pnp_visible_ransac,9,0.973,-1.9778,-0.197618,4.115644,-2.7490
2026-09-04T15:09:48.360,8,ACQUIRE_VERIFY,ACQUIRE_VERIFY,65,3,1788502188316.488,99.604,timestamp_domain.system_time,4415031.000,78.000,1,4415031.000,4415062.000,31.000,31.000,4415062.000,31.000,1,1,pnp_visible_ransac,9,0.989,-1.7356,-0.198321,4.108869,-2.7633
2026-09-04T15:09:48.446,9,ACQUIRE_VERIFY,ACQUIRE_VERIFY,68,3,1788502188416.711,100.223,timestamp_domain.system_time,4415125.000,94.000,1,4415125.000,4415140.000,15.000,15.000,4415140.000,15.000,1,1,pnp_visible_ransac,9,1.001,-1.9769,-0.196146,4.108860,-2.7331
2026-09-04T15:09:48.528,10,ACQUIRE_VERIFY,ACQUIRE_VERIFY,70,2,1788502188483.356,66.645,timestamp_domain.system_time,4415203.000,78.000,1,4415203.000,4415234.000,31.000,31.000,4415234.000,31.000,1,1,pnp_visible_ransac,9,0.992,-2.0320,-0.196804,4.104844,-2.7449
2026-09-04T15:09:48.620,11,ACQUIRE_VERIFY,ACQUIRE_VERIFY,73,3,1788502188583.751,100.395,timestamp_domain.system_time,4415296.000,93.000,1,4415296.000,4415312.000,16.000,16.000,4415312.000,16.000,1,1,pnp_visible_ransac,9,0.991,-1.8919,-0.197276,4.109074,-2.7486
2026-09-04T15:09:48.695,12,ACQUIRE_VERIFY,ACQUIRE_VERIFY,75,2,1788502188649.891,66.140,timestamp_domain.system_time,4415375.000,79.000,1,4415375.000,4415390.000,15.000,15.000,4415390.000,15.000,1,1,pnp_visible_ransac,9,1.039,-2.2242,-0.196695,4.114053,-2.7373
2026-09-04T15:09:48.793,13,STANDOFF_VERIFY,STANDOFF_VERIFY,78,3,1788502188750.567,100.676,timestamp_domain.system_time,4415468.000,93.000,1,4415468.000,4415484.000,16.000,16.000,4415500.000,32.000,1,1,pnp_visible_ransac,9,1.065,-2.0078,-0.196292,4.124828,-2.7245
2026-09-04T15:09:48.878,14,STANDOFF_VERIFY,STANDOFF_VERIFY,80,2,1788502188816.922,66.355,timestamp_domain.system_time,4415562.000,94.000,1,4415562.000,4415578.000,16.000,16.000,4415578.000,16.000,1,1,pnp_visible_ransac,9,1.035,-1.9667,-0.196309,4.107995,-2.7359
2026-09-04T15:09:48.996,15,STANDOFF_VERIFY,STANDOFF_VERIFY,84,4,1788502188952.580,135.658,timestamp_domain.system_time,4415671.000,109.000,1,4415671.000,4415703.000,32.000,32.000,4415703.000,32.000,1,1,pnp_visible_ransac,9,1.030,-2.0195,-0.196622,4.116262,-2.7348
2026-09-04T15:09:49.091,16,STANDOFF_VERIFY,STANDOFF_VERIFY,87,3,1788502189050.349,97.769,timestamp_domain.system_time,4415765.000,94.000,1,4415765.000,4415781.000,16.000,16.000,4415796.000,31.000,1,1,pnp_visible_ransac,9,0.989,-1.9893,-0.198871,4.122044,-2.7621
2026-09-04T15:09:49.164,17,STANDOFF_VERIFY,STANDOFF_VERIFY,89,2,1788502189117.227,66.879,timestamp_domain.system_time,4415843.000,78.000,1,4415843.000,4415859.000,16.000,16.000,4415859.000,16.000,1,1,pnp_visible_ransac,9,1.025,-1.9339,-0.197401,4.128994,-2.7371
2026-09-04T15:09:49.298,18,STANDOFF_VERIFY,STANDOFF_VERIFY,92,3,1788502189217.268,100.041,timestamp_domain.system_time,4415953.000,110.000,1,4415968.000,4415984.000,16.000,31.000,4416000.000,47.000,1,1,pnp_visible_ransac,9,1.027,-1.8729,-0.198072,4.128768,-2.7466
2026-09-04T15:09:49.383,19,STANDOFF_VERIFY,STANDOFF_VERIFY,96,4,1788502189350.601,133.333,timestamp_domain.system_time,4416062.000,109.000,1,4416062.000,4416078.000,16.000,16.000,4416078.000,16.000,1,1,pnp_visible_ransac,9,1.022,-2.0680,-0.196899,4.131770,-2.7284
2026-09-04T15:09:49.459,20,STANDOFF_VERIFY,STANDOFF_VERIFY,98,2,1788502189417.483,66.882,timestamp_domain.system_time,4416125.000,63.000,1,4416125.000,4416156.000,31.000,31.000,4416156.000,31.000,1,1,pnp_visible_ransac,9,0.941,-2.0036,-0.197194,4.127472,-2.7353
2026-09-04T15:09:49.532,21,STANDOFF_VERIFY,STANDOFF_VERIFY,100,2,1788502189484.218,66.734,timestamp_domain.system_time,4416218.000,93.000,1,4416218.000,4416234.000,16.000,16.000,4416234.000,16.000,1,1,pnp_visible_ransac,9,1.017,-2.0773,-0.195598,4.117286,-2.7199
2026-09-04T15:09:49.608,22,STANDOFF_VERIFY,STANDOFF_VERIFY,103,3,1788502189584.410,100.192,timestamp_domain.system_time,4416296.000,78.000,1,4416296.000,4416312.000,16.000,16.000,4416312.000,16.000,1,1,pnp_visible_ransac,9,0.986,-1.9852,-0.196558,4.121506,-2.7304
2026-09-04T15:09:49.700,23,STANDOFF_MOVE,STANDOFF_MOVE,105,2,1788502189653.031,68.621,timestamp_domain.system_time,4416375.000,79.000,1,4416375.000,4416406.000,31.000,31.000,4416406.000,31.000,1,1,pnp_visible_ransac,9,1.028,-2.0402,-0.195378,4.123124,-2.7130
2026-09-04T15:09:49.781,24,STANDOFF_MOVE,STANDOFF_MOVE,108,3,1788502189750.802,97.771,timestamp_domain.system_time,4416453.000,78.000,1,4416453.000,4416484.000,31.000,31.000,4416484.000,31.000,1,1,pnp_visible_ransac,9,1.059,-2.1495,-0.195697,4.118138,-2.7207
2026-09-04T15:09:49.865,25,STANDOFF_MOVE,STANDOFF_MOVE,110,2,1788502189817.606,66.805,timestamp_domain.system_time,4416546.000,93.000,1,4416546.000,4416562.000,16.000,16.000,4416562.000,16.000,1,1,pnp_visible_ransac,9,0.989,-1.9605,-0.196114,4.111585,-2.7308
2026-09-04T15:09:49.942,26,STANDOFF_MOVE,STANDOFF_MOVE,113,3,1788502189918.065,100.458,timestamp_domain.system_time,4416609.000,63.000,1,4416609.000,4416640.000,31.000,31.000,4416640.000,31.000,1,1,pnp_visible_ransac,9,1.021,-2.1996,-0.195845,4.111341,-2.7272
2026-09-04T15:09:50.041,27,STANDOFF_MOVE,STANDOFF_MOVE,115,2,1788502189984.992,66.927,timestamp_domain.system_time,4416718.000,109.000,1,4416718.000,4416734.000,16.000,16.000,4416734.000,16.000,1,1,pnp_visible_ransac,9,1.055,-1.9990,-0.198256,4.102165,-2.7669
2026-09-04T15:09:50.125,28,STANDOFF_MOVE,STANDOFF_MOVE,118,3,1788502190084.813,99.822,timestamp_domain.system_time,4416796.000,78.000,1,4416796.000,4416828.000,32.000,32.000,4416828.000,32.000,1,1,pnp_visible_ransac,9,0.983,-2.1896,-0.208740,4.150016,-2.8795
2026-09-04T15:09:50.210,29,STANDOFF_MOVE,STANDOFF_MOVE,119,1,1788502190118.246,33.433,timestamp_domain.system_time,4416890.000,94.000,1,4416890.000,4416906.000,16.000,16.000,4416906.000,16.000,1,1,pnp_visible_ransac,9,0.961,-2.3831,-0.207678,4.143985,-2.8690
2026-09-04T15:09:50.277,30,STANDOFF_MOVE,STANDOFF_MOVE,123,4,1788502190255.011,136.765,timestamp_domain.system_time,4416968.000,78.000,1,4416968.000,4416984.000,16.000,16.000,4416984.000,16.000,1,1,pnp_visible_ransac,9,0.959,-2.1541,-0.199211,4.119738,-2.7684
2026-09-04T15:09:50.369,31,STANDOFF_MOVE,STANDOFF_MOVE,125,2,1788502190319.152,64.141,timestamp_domain.system_time,4417046.000,78.000,1,4417046.000,4417062.000,16.000,16.000,4417062.000,16.000,1,1,pnp_visible_ransac,9,0.974,-2.1588,-0.203701,4.136847,-2.8190
2026-09-04T15:09:50.470,32,STANDOFF_MOVE,STANDOFF_MOVE,128,3,1788502190419.831,100.679,timestamp_domain.system_time,4417140.000,94.000,1,4417140.000,4417171.000,31.000,31.000,4417171.000,31.000,1,1,pnp_visible_ransac,9,0.958,-2.0704,-0.206328,4.132266,-2.8585
2026-09-04T15:09:50.562,33,STANDOFF_MOVE,STANDOFF_MOVE,131,3,1788502190519.768,99.936,timestamp_domain.system_time,4417234.000,94.000,1,4417234.000,4417265.000,31.000,31.000,4417265.000,31.000,1,1,pnp_visible_ransac,9,0.991,-2.2877,-0.204168,4.113020,-2.8418
2026-09-04T15:09:50.650,34,STANDOFF_MOVE,STANDOFF_MOVE,134,3,1788502190618.994,99.227,timestamp_domain.system_time,4417328.000,94.000,1,4417328.000,4417343.000,15.000,15.000,4417343.000,15.000,1,1,pnp_visible_ransac,9,1.069,-2.3447,-0.203120,4.098509,-2.8372
2026-09-04T15:09:50.774,35,STANDOFF_MOVE,STANDOFF_MOVE,136,2,1788502190686.264,67.269,timestamp_domain.system_time,4417421.000,93.000,1,4417421.000,4417468.000,47.000,47.000,4417468.000,47.000,1,1,pnp_visible_ransac,9,1.104,-2.3717,-0.206297,4.101858,-2.8792
2026-09-04T15:09:50.891,36,STANDOFF_MOVE,STANDOFF_MOVE,140,4,1788502190819.199,132.935,timestamp_domain.system_time,4417546.000,125.000,1,4417562.000,4417593.000,31.000,47.000,4417593.000,47.000,1,1,pnp_visible_ransac,9,1.079,-2.5107,-0.205134,4.140501,-2.8363
2026-09-04T15:09:51.021,37,STANDOFF_MOVE,STANDOFF_MOVE,144,4,1788502190953.974,134.775,timestamp_domain.system_time,4417687.000,141.000,1,4417687.000,4417718.000,31.000,31.000,4417718.000,31.000,1,1,pnp_visible_ransac,9,1.108,-2.2825,-0.208921,4.116103,-2.9057
2026-09-04T15:09:51.143,38,STANDOFF_MOVE,STANDOFF_MOVE,148,4,1788502191088.099,134.125,timestamp_domain.system_time,4417812.000,125.000,1,4417812.000,4417843.000,31.000,31.000,4417843.000,31.000,1,1,pnp_visible_ransac,9,1.093,-2.1160,-0.212657,4.090320,-2.9762
2026-09-04T15:09:51.243,39,STANDOFF_MOVE,STANDOFF_MOVE,149,1,1788502191122.081,33.982,timestamp_domain.system_time,4417921.000,109.000,1,4417921.000,4417937.000,16.000,16.000,4417937.000,16.000,1,1,pnp_visible_ransac,9,1.074,-2.1132,-0.214272,4.088516,-3.0000
2026-09-04T15:09:51.397,40,STANDOFF_MOVE,STANDOFF_MOVE,155,6,1788502191320.359,198.278,timestamp_domain.system_time,4418062.000,141.000,1,4418062.000,4418078.000,16.000,16.000,4418093.000,31.000,1,1,pnp_visible_ransac,9,1.082,-2.0976,-0.200650,4.077408,-2.8173
2026-09-04T15:09:51.564,41,STANDOFF_MOVE,STANDOFF_MOVE,160,5,1788502191487.221,166.862,timestamp_domain.system_time,4418218.000,156.000,1,4418218.000,4418265.000,47.000,47.000,4418265.000,47.000,1,1,pnp_visible_ransac,9,1.011,-2.1338,-0.218244,4.027061,-3.1021
2026-09-04T15:09:51.891,42,STANDOFF_MOVE,STANDOFF_MOVE,168,8,1788502191753.603,266.382,timestamp_domain.system_time,4418515.000,297.000,1,4418546.000,4418578.000,32.000,63.000,4418593.000,78.000,1,1,pnp_visible_ransac,9,1.185,-2.1379,-0.203134,3.952539,-2.9420
2026-09-04T15:09:52.070,43,STANDOFF_MOVE,STANDOFF_MOVE,176,8,1788502192019.659,266.056,timestamp_domain.system_time,4418734.000,219.000,1,4418750.000,4418765.000,15.000,31.000,4418765.000,31.000,1,1,pnp_visible_ransac,9,1.310,-1.8781,-0.206765,3.908471,-3.0282
2026-09-04T15:09:52.180,44,STANDOFF_MOVE,STANDOFF_MOVE,179,3,1788502192120.901,101.242,timestamp_domain.system_time,4418843.000,109.000,1,4418843.000,4418875.000,32.000,32.000,4418875.000,32.000,1,1,pnp_visible_ransac,9,1.307,-1.9648,-0.214814,3.925177,-3.1325
2026-09-04T15:09:52.320,45,STANDOFF_MOVE,STANDOFF_MOVE,181,2,1788502192187.241,66.340,timestamp_domain.system_time,4418984.000,141.000,1,4418984.000,4419015.000,31.000,31.000,4419015.000,31.000,1,1,pnp_visible_ransac,9,0.984,-1.8360,-0.207720,3.844082,-3.0930
2026-09-04T15:09:52.423,46,STANDOFF_MOVE,STANDOFF_MOVE,187,6,1788502192385.898,198.656,timestamp_domain.system_time,4419093.000,109.000,1,4419093.000,4419125.000,32.000,32.000,4419125.000,32.000,1,1,pnp_visible_ransac,9,0.905,-1.9644,-0.211845,3.823441,-3.1713
2026-09-04T15:09:52.515,47,STANDOFF_MOVE,STANDOFF_MOVE,190,3,1788502192486.068,100.170,timestamp_domain.system_time,4419187.000,94.000,1,4419203.000,4419218.000,15.000,31.000,4419218.000,31.000,1,1,pnp_visible_ransac,9,1.001,-2.0478,-0.202205,3.786602,-3.0567
2026-09-04T15:09:52.622,48,STANDOFF_MOVE,STANDOFF_MOVE,193,3,1788502192586.435,100.368,timestamp_domain.system_time,4419312.000,125.000,1,4419312.000,4419328.000,16.000,16.000,4419328.000,16.000,1,1,pnp_visible_ransac,9,0.937,-1.8355,-0.211704,3.769457,-3.2145
2026-09-04T15:09:52.741,49,STANDOFF_MOVE,STANDOFF_MOVE,196,3,1788502192686.399,99.963,timestamp_domain.system_time,4419406.000,94.000,1,4419406.000,4419421.000,15.000,15.000,4419437.000,31.000,1,1,pnp_visible_ransac,9,0.980,-1.6160,-0.206307,3.715362,-3.1783
2026-09-04T15:09:52.849,50,STANDOFF_MOVE,STANDOFF_MOVE,199,3,1788502192786.404,100.005,timestamp_domain.system_time,4419515.000,109.000,1,4419515.000,4419546.000,31.000,31.000,4419546.000,31.000,1,1,pnp_visible_ransac,9,0.993,-2.1374,-0.208774,3.701135,-3.2285
2026-09-04T15:09:52.975,51,STANDOFF_MOVE,STANDOFF_MOVE,203,4,1788502192920.007,133.603,timestamp_domain.system_time,4419625.000,110.000,1,4419640.000,4419671.000,31.000,46.000,4419671.000,46.000,1,1,pnp_visible_ransac,9,1.104,-1.4720,-0.210400,3.653001,-3.2964
2026-09-04T15:09:53.076,52,STANDOFF_MOVE,STANDOFF_MOVE,206,3,1788502193019.720,99.713,timestamp_domain.system_time,4419750.000,125.000,1,4419750.000,4419781.000,31.000,31.000,4419781.000,31.000,1,1,pnp_visible_ransac,9,1.080,-1.4988,-0.208683,3.633298,-3.2872
2026-09-04T15:09:53.184,53,STANDOFF_MOVE,STANDOFF_MOVE,209,3,1788502193120.412,100.692,timestamp_domain.system_time,4419859.000,109.000,1,4419859.000,4419890.000,31.000,31.000,4419890.000,31.000,1,1,pnp_visible_ransac,9,1.254,-1.1819,-0.201648,3.586559,-3.2180
2026-09-04T15:09:53.335,54,STANDOFF_MOVE,STANDOFF_MOVE,213,4,1788502193253.264,132.852,timestamp_domain.system_time,4419984.000,125.000,1,4419984.000,4420031.000,47.000,47.000,4420031.000,47.000,1,1,pnp_visible_ransac,9,1.225,-1.2540,-0.211761,3.554488,-3.4094
2026-09-04T15:09:53.427,55,STANDOFF_MOVE,STANDOFF_MOVE,217,4,1788502193386.361,133.097,timestamp_domain.system_time,4420109.000,125.000,1,4420109.000,4420125.000,16.000,16.000,4420125.000,16.000,1,1,pnp_visible_ransac,9,1.304,-1.5422,-0.202087,3.532117,-3.2746
2026-09-04T15:09:53.544,56,STANDOFF_MOVE,STANDOFF_MOVE,220,3,1788502193486.710,100.349,timestamp_domain.system_time,4420218.000,109.000,1,4420218.000,4420234.000,16.000,16.000,4420250.000,32.000,1,1,pnp_visible_ransac,9,1.452,-1.6273,-0.192678,3.496707,-3.1540
2026-09-04T15:09:53.644,57,STANDOFF_MOVE,STANDOFF_MOVE,223,3,1788502193586.988,100.279,timestamp_domain.system_time,4420312.000,94.000,1,4420328.000,4420343.000,15.000,31.000,4420343.000,31.000,1,1,pnp_visible_ransac,9,1.409,-1.2581,-0.195921,3.468189,-3.2333
2026-09-04T15:09:53.765,58,STANDOFF_MOVE,STANDOFF_MOVE,227,4,1788502193720.771,133.782,timestamp_domain.system_time,4420437.000,125.000,1,4420437.000,4420468.000,31.000,31.000,4420468.000,31.000,1,1,pnp_visible_ransac,9,1.422,-2.1040,-0.191369,3.444916,-3.1796
2026-09-04T15:09:53.878,59,STANDOFF_MOVE,STANDOFF_MOVE,230,3,1788502193820.222,99.451,timestamp_domain.system_time,4420546.000,109.000,1,4420546.000,4420562.000,16.000,16.000,4420578.000,32.000,1,1,pnp_visible_ransac,9,1.438,-1.7425,-0.193802,3.415456,-3.2476
2026-09-04T15:09:53.978,60,STANDOFF_MOVE,STANDOFF_MOVE,233,3,1788502193920.431,100.209,timestamp_domain.system_time,4420640.000,94.000,1,4420656.000,4420671.000,15.000,31.000,4420671.000,31.000,1,1,pnp_visible_ransac,9,1.392,-1.8895,-0.188755,3.402310,-3.1754
2026-09-04T15:09:54.098,61,STANDOFF_MOVE,STANDOFF_MOVE,237,4,1788502194055.963,135.532,timestamp_domain.system_time,4420765.000,125.000,1,4420781.000,4420796.000,15.000,31.000,4420796.000,31.000,1,1,pnp_visible_ransac,9,1.580,-1.6159,-0.192648,3.334513,-3.3065
2026-09-04T15:09:54.204,62,STANDOFF_MOVE,STANDOFF_MOVE,239,2,1788502194120.726,64.763,timestamp_domain.system_time,4420875.000,110.000,1,4420875.000,4420906.000,31.000,31.000,4420906.000,31.000,1,1,pnp_visible_ransac,9,1.528,-1.5706,-0.191573,3.316914,-3.3055
2026-09-04T15:09:54.313,63,STANDOFF_MOVE,STANDOFF_MOVE,240,1,1788502194153.841,33.115,timestamp_domain.system_time,4420984.000,109.000,1,4421000.000,4421015.000,15.000,31.000,4421015.000,31.000,1,1,pnp_visible_ransac,9,1.470,-1.1808,-0.193411,3.302498,-3.3517
2026-09-04T15:09:54.447,64,STANDOFF_MOVE,STANDOFF_MOVE,247,7,1788502194387.833,233.992,timestamp_domain.system_time,4421109.000,125.000,1,4421125.000,4421140.000,15.000,31.000,4421140.000,31.000,1,1,pnp_visible_ransac,9,1.595,-1.6110,-0.187521,3.252079,-3.3001
2026-09-04T15:09:54.553,65,STANDOFF_MOVE,STANDOFF_MOVE,250,3,1788502194487.216,99.383,timestamp_domain.system_time,4421218.000,109.000,1,4421218.000,4421250.000,32.000,32.000,4421250.000,32.000,1,1,pnp_visible_ransac,9,1.740,-1.8057,-0.185332,3.234793,-3.2791
2026-09-04T15:09:54.647,66,STANDOFF_MOVE,STANDOFF_MOVE,254,4,1788502194621.078,133.862,timestamp_domain.system_time,4421328.000,110.000,1,4421328.000,4421343.000,15.000,15.000,4421343.000,15.000,1,1,pnp_visible_ransac,9,1.610,-1.5864,-0.183726,3.206643,-3.2792
2026-09-04T15:09:54.776,67,STANDOFF_SETTLE,STANDOFF_SETTLE,257,3,1788502194721.040,99.962,timestamp_domain.system_time,4421453.000,125.000,1,4421453.000,4421468.000,15.000,15.000,4421468.000,15.000,1,1,pnp_visible_ransac,9,1.734,-1.7195,-0.181060,3.173334,-3.2656
2026-09-04T15:09:54.887,68,STANDOFF_SETTLE,STANDOFF_SETTLE,261,4,1788502194854.324,133.284,timestamp_domain.system_time,4421546.000,93.000,1,4421562.000,4421593.000,31.000,47.000,4421593.000,47.000,1,1,pnp_visible_ransac,9,2.084,-1.9458,-0.177150,3.134892,-3.2343
2026-09-04T15:09:54.994,69,STANDOFF_SETTLE,STANDOFF_SETTLE,264,3,1788502194954.365,100.042,timestamp_domain.system_time,4421671.000,125.000,1,4421671.000,4421687.000,16.000,16.000,4421687.000,16.000,1,1,pnp_visible_ransac,9,1.490,-0.8457,-0.170782,3.131082,-3.1221
2026-09-04T15:09:55.084,70,STANDOFF_SETTLE,STANDOFF_SETTLE,267,3,1788502195054.514,100.148,timestamp_domain.system_time,4421765.000,94.000,1,4421765.000,4421781.000,16.000,16.000,4421781.000,16.000,1,1,pnp_visible_ransac,9,1.654,-1.2179,-0.158684,3.093785,-2.9362
2026-09-04T15:09:55.188,71,STANDOFF_SETTLE,STANDOFF_SETTLE,269,2,1788502195122.344,67.830,timestamp_domain.system_time,4421859.000,94.000,1,4421859.000,4421890.000,31.000,31.000,4421890.000,31.000,1,1,pnp_visible_ransac,7,3.118,10.6631,-0.208778,3.358780,-3.5569
2026-09-04T15:09:55.332,72,STANDOFF_SETTLE,STANDOFF_SETTLE,270,1,1788502195155.691,33.347,timestamp_domain.system_time,4422000.000,141.000,1,4422000.000,4422015.000,15.000,15.000,4422031.000,31.000,1,1,pnp_visible_ransac,9,1.524,-0.6508,-0.158397,3.080185,-2.9438
2026-09-04T15:09:55.442,73,STANDOFF_SETTLE,STANDOFF_SETTLE,277,7,1788502195388.115,232.424,timestamp_domain.system_time,4422109.000,109.000,1,4422125.000,4422125.000,0.000,16.000,4422140.000,31.000,1,1,pnp_visible_ransac,9,1.770,-1.5545,-0.187322,3.072442,-3.4889
2026-09-04T15:09:55.555,74,STANDOFF_SETTLE,STANDOFF_SETTLE,281,4,1788502195521.692,133.578,timestamp_domain.system_time,4422234.000,125.000,1,4422234.000,4422250.000,16.000,16.000,4422250.000,16.000,1,1,pnp_visible_ransac,9,1.841,-1.7677,-0.180805,3.093698,-3.3447
2026-09-04T15:09:55.655,75,STANDOFF_SETTLE,STANDOFF_SETTLE,284,3,1788502195621.654,99.962,timestamp_domain.system_time,4422328.000,94.000,1,4422328.000,4422359.000,31.000,31.000,4422359.000,31.000,1,1,pnp_visible_ransac,9,2.012,-1.2046,-0.174386,3.088552,-3.2316
2026-09-04T15:09:55.756,76,STANDOFF_SETTLE,STANDOFF_SETTLE,287,3,1788502195721.662,100.008,timestamp_domain.system_time,4422437.000,109.000,1,4422437.000,4422453.000,16.000,16.000,4422453.000,16.000,1,1,pnp_visible_ransac,9,2.041,-1.6067,-0.173175,3.080186,-3.2179
2026-09-04T15:09:55.856,77,STANDOFF_SETTLE,STANDOFF_SETTLE,290,3,1788502195821.941,100.279,timestamp_domain.system_time,4422531.000,94.000,1,4422531.000,4422562.000,31.000,31.000,4422562.000,31.000,1,1,pnp_visible_ransac,9,2.021,-1.7252,-0.184431,3.078584,-3.4284
2026-09-04T15:09:55.956,78,STANDOFF_SETTLE,STANDOFF_SETTLE,293,3,1788502195921.705,99.764,timestamp_domain.system_time,4422640.000,109.000,1,4422640.000,4422656.000,16.000,16.000,4422656.000,16.000,1,1,pnp_visible_ransac,9,1.911,-1.7223,-0.181001,3.088093,-3.3544
2026-09-04T15:09:56.057,79,STANDOFF_SETTLE,STANDOFF_SETTLE,296,3,1788502196021.763,100.058,timestamp_domain.system_time,4422718.000,78.000,1,4422734.000,4422750.000,16.000,32.000,4422750.000,32.000,1,1,pnp_visible_ransac,9,1.760,-1.6876,-0.176680,3.094015,-3.2683
2026-09-04T15:09:56.157,80,STANDOFF_SETTLE,STANDOFF_SETTLE,299,3,1788502196121.944,100.181,timestamp_domain.system_time,4422828.000,110.000,1,4422828.000,4422859.000,31.000,31.000,4422859.000,31.000,1,1,pnp_visible_ransac,9,1.854,-1.3580,-0.182037,3.084619,-3.3774
2026-09-04T15:09:56.265,81,STANDOFF_SETTLE,STANDOFF_SETTLE,299,0,1788502196121.944,0.000,timestamp_domain.system_time,4422937.000,109.000,1,4422937.000,4422968.000,31.000,31.000,4422968.000,31.000,1,1,pnp_visible_ransac,9,1.854,-1.3580,-0.182037,3.084619,-3.3774
2026-09-04T15:09:56.374,82,STANDOFF_SETTLE,STANDOFF_SETTLE,305,6,1788502196322.089,200.145,timestamp_domain.system_time,4423046.000,109.000,1,4423046.000,4423078.000,32.000,32.000,4423078.000,32.000,1,1,pnp_visible_ransac,9,1.825,-1.7172,-0.180263,3.090019,-3.3387
2026-09-04T15:09:56.479,83,STANDOFF_SETTLE,STANDOFF_SETTLE,308,3,1788502196421.983,99.894,timestamp_domain.system_time,4423156.000,110.000,1,4423156.000,4423171.000,15.000,15.000,4423171.000,15.000,1,1,pnp_visible_ransac,9,1.879,-1.6231,-0.179379,3.086151,-3.3265
2026-09-04T15:09:56.569,84,STANDOFF_SETTLE,STANDOFF_SETTLE,311,3,1788502196522.047,100.064,timestamp_domain.system_time,4423250.000,94.000,1,4423250.000,4423265.000,15.000,15.000,4423265.000,15.000,1,1,pnp_visible_ransac,9,1.811,-1.6378,-0.181874,3.092265,-3.3660
2026-09-04T15:09:56.688,85,STANDOFF_SETTLE,STANDOFF_SETTLE,315,4,1788502196655.594,133.547,timestamp_domain.system_time,4423359.000,109.000,1,4423359.000,4423390.000,31.000,31.000,4423390.000,31.000,1,1,pnp_visible_ransac,9,1.828,-1.7142,-0.181566,3.092347,-3.3602
2026-09-04T15:09:56.791,86,STANDOFF_SETTLE,STANDOFF_SETTLE,318,3,1788502196755.625,100.031,timestamp_domain.system_time,4423453.000,94.000,1,4423453.000,4423484.000,31.000,31.000,4423484.000,31.000,1,1,pnp_visible_ransac,9,1.897,-1.8238,-0.179457,3.087824,-3.3262
2026-09-04T15:09:56.888,87,STANDOFF_SETTLE,STANDOFF_SETTLE,320,2,1788502196822.492,66.867,timestamp_domain.system_time,4423562.000,109.000,1,4423562.000,4423578.000,16.000,16.000,4423578.000,16.000,1,1,pnp_visible_ransac,9,1.888,-1.7085,-0.180974,3.089562,-3.3523
2026-09-04T15:09:56.995,88,STANDOFF_SETTLE,STANDOFF_SETTLE,323,3,1788502196923.116,100.625,timestamp_domain.system_time,4423656.000,94.000,1,4423671.000,4423687.000,16.000,31.000,4423687.000,31.000,1,1,pnp_visible_ransac,9,1.924,-1.7591,-0.181593,3.087383,-3.3661
2026-09-04T15:09:57.093,89,STANDOFF_SETTLE,STANDOFF_SETTLE,327,4,1788502197055.843,132.726,timestamp_domain.system_time,4423765.000,109.000,1,4423765.000,4423781.000,16.000,16.000,4423796.000,31.000,1,1,pnp_visible_ransac,9,1.801,-1.6666,-0.180896,3.091403,-3.3489
2026-09-04T15:09:57.189,90,STANDOFF_SETTLE,STANDOFF_SETTLE,330,3,1788502197156.115,100.272,timestamp_domain.system_time,4423859.000,94.000,1,4423859.000,4423890.000,31.000,31.000,4423890.000,31.000,1,1,pnp_visible_ransac,9,1.899,-1.7905,-0.179938,3.084921,-3.3382
2026-09-04T15:09:57.316,91,STANDOFF_SETTLE,STANDOFF_SETTLE,332,2,1788502197222.857,66.742,timestamp_domain.system_time,4424000.000,141.000,1,4424000.000,4424015.000,15.000,15.000,4424015.000,15.000,1,1,pnp_visible_ransac,9,1.874,-1.8502,-0.179728,3.088329,-3.3306
2026-09-04T15:09:57.423,92,STANDOFF_SETTLE,STANDOFF_SETTLE,337,5,1788502197389.927,167.070,timestamp_domain.system_time,4424093.000,93.000,1,4424093.000,4424125.000,32.000,32.000,4424125.000,32.000,1,1,pnp_visible_ransac,9,1.839,-1.4879,-0.182111,3.085970,-3.3773
2026-09-04T15:09:57.514,93,STANDOFF_SETTLE,STANDOFF_SETTLE,340,3,1788502197489.756,99.829,timestamp_domain.system_time,4424203.000,110.000,1,4424203.000,4424218.000,15.000,15.000,4424218.000,15.000,1,1,pnp_visible_ransac,9,1.917,-1.7046,-0.179888,3.085638,-3.3365
2026-09-04T15:09:57.605,94,STANDOFF_SETTLE,STANDOFF_SETTLE,342,2,1788502197556.263,66.507,timestamp_domain.system_time,4424296.000,93.000,1,4424296.000,4424312.000,16.000,16.000,4424312.000,16.000,1,1,pnp_visible_ransac,9,1.889,-1.9133,-0.180237,3.091924,-3.3362
2026-09-04T15:09:57.714,95,STANDOFF_SETTLE,STANDOFF_SETTLE,345,3,1788502197656.960,100.697,timestamp_domain.system_time,4424390.000,94.000,1,4424390.000,4424406.000,16.000,16.000,4424406.000,16.000,1,1,pnp_visible_ransac,9,1.866,-1.6788,-0.180064,3.090250,-3.3348
2026-09-04T15:09:57.819,96,STANDOFF_SETTLE,STANDOFF_SETTLE,348,3,1788502197756.309,99.349,timestamp_domain.system_time,4424500.000,110.000,1,4424500.000,4424515.000,15.000,15.000,4424515.000,15.000,1,1,pnp_visible_ransac,9,1.939,-1.7737,-0.180250,3.084800,-3.3441
2026-09-04T15:09:57.923,97,STANDOFF_SETTLE,STANDOFF_SETTLE,352,4,1788502197889.876,133.567,timestamp_domain.system_time,4424593.000,93.000,1,4424593.000,4424625.000,32.000,32.000,4424625.000,32.000,1,1,pnp_visible_ransac,9,1.865,-1.7667,-0.180201,3.088545,-3.3391
2026-09-04T15:09:58.017,98,STANDOFF_SETTLE,STANDOFF_SETTLE,354,2,1788502197956.656,66.780,timestamp_domain.system_time,4424703.000,110.000,1,4424703.000,4424718.000,15.000,15.000,4424718.000,15.000,1,1,pnp_visible_ransac,9,1.862,-1.6445,-0.181024,3.092843,-3.3497
2026-09-04T15:09:58.123,99,STANDOFF_SETTLE,STANDOFF_SETTLE,358,4,1788502198090.275,133.619,timestamp_domain.system_time,4424796.000,93.000,1,4424796.000,4424828.000,32.000,32.000,4424828.000,32.000,1,1,pnp_visible_ransac,9,1.876,-1.6761,-0.180163,3.084289,-3.3430
2026-09-04T15:09:58.221,100,STANDOFF_SETTLE,STANDOFF_SETTLE,360,2,1788502198157.084,66.810,timestamp_domain.system_time,4424890.000,94.000,1,4424890.000,4424921.000,31.000,31.000,4424921.000,31.000,1,1,pnp_visible_ransac,9,1.896,-1.5274,-0.181886,3.088514,-3.3703
2026-09-04T15:09:58.318,101,STANDOFF_SETTLE,STANDOFF_SETTLE,364,4,1788502198290.094,133.010,timestamp_domain.system_time,4425000.000,110.000,1,4425000.000,4425015.000,15.000,15.000,4425015.000,15.000,1,1,pnp_visible_ransac,9,1.878,-1.7164,-0.179331,3.086452,-3.3253
2026-09-04T15:09:58.430,102,STANDOFF_SETTLE,STANDOFF_SETTLE,367,3,1788502198390.820,100.725,timestamp_domain.system_time,4425093.000,93.000,1,4425093.000,4425125.000,32.000,32.000,4425125.000,32.000,1,1,pnp_visible_ransac,9,1.948,-1.8918,-0.179274,3.087247,-3.3234
2026-09-04T15:09:58.530,103,STANDOFF_SETTLE,STANDOFF_SETTLE,370,3,1788502198490.149,99.329,timestamp_domain.system_time,4425203.000,110.000,1,4425203.000,4425234.000,31.000,31.000,4425234.000,31.000,1,1,pnp_visible_ransac,9,1.904,-1.7572,-0.180348,3.088163,-3.3423
2026-09-04T15:09:58.629,104,STANDOFF_SETTLE,STANDOFF_SETTLE,373,3,1788502198590.398,100.249,timestamp_domain.system_time,4425296.000,93.000,1,4425296.000,4425312.000,16.000,16.000,4425328.000,32.000,1,1,pnp_visible_ransac,9,1.853,-1.7667,-0.179478,3.085866,-3.3286
2026-09-04T15:09:58.723,105,STANDOFF_SETTLE,STANDOFF_SETTLE,376,3,1788502198690.553,100.155,timestamp_domain.system_time,4425406.000,110.000,1,4425406.000,4425421.000,15.000,15.000,4425421.000,15.000,1,1,pnp_visible_ransac,9,1.847,-1.8840,-0.178674,3.091259,-3.3080
2026-09-04T15:09:58.822,106,STANDOFF_SETTLE,STANDOFF_SETTLE,378,2,1788502198757.274,66.721,timestamp_domain.system_time,4425500.000,94.000,1,4425500.000,4425515.000,15.000,15.000,4425515.000,15.000,1,1,pnp_visible_ransac,9,1.847,-1.6635,-0.181487,3.086835,-3.3648
2026-09-04T15:09:58.915,107,STANDOFF_SETTLE,STANDOFF_SETTLE,382,4,1788502198890.313,133.039,timestamp_domain.system_time,4425593.000,93.000,1,4425593.000,4425609.000,16.000,16.000,4425609.000,16.000,1,1,pnp_visible_ransac,9,1.855,-1.7889,-0.180047,3.086628,-3.3384
2026-09-04T15:09:59.013,108,STANDOFF_SETTLE,STANDOFF_SETTLE,384,2,1788502198957.221,66.907,timestamp_domain.system_time,4425687.000,94.000,1,4425687.000,4425718.000,31.000,31.000,4425718.000,31.000,1,1,pnp_visible_ransac,9,1.934,-1.8756,-0.179352,3.083041,-3.3294
2026-09-04T15:09:59.118,109,STANDOFF_SETTLE,STANDOFF_SETTLE,387,3,1788502199057.402,100.182,timestamp_domain.system_time,4425796.000,109.000,1,4425796.000,4425812.000,16.000,16.000,4425812.000,16.000,1,1,pnp_visible_ransac,9,1.923,-1.7540,-0.180778,3.087969,-3.3504
2026-09-04T15:09:59.219,110,STANDOFF_SETTLE,STANDOFF_SETTLE,390,3,1788502199157.881,100.479,timestamp_domain.system_time,4425906.000,110.000,1,4425906.000,4425921.000,15.000,15.000,4425921.000,15.000,1,1,pnp_visible_ransac,9,1.920,-1.8678,-0.179386,3.088133,-3.3245
2026-09-04T15:09:59.326,111,STANDOFF_SETTLE,STANDOFF_SETTLE,394,4,1788502199290.785,132.904,timestamp_domain.system_time,4426000.000,94.000,1,4426000.000,4426015.000,15.000,15.000,4426031.000,31.000,1,1,pnp_visible_ransac,9,1.896,-1.6843,-0.179725,3.089539,-3.3293
2026-09-04T15:09:59.419,112,STANDOFF_SETTLE,STANDOFF_SETTLE,397,3,1788502199390.929,100.144,timestamp_domain.system_time,4426093.000,93.000,1,4426109.000,4426125.000,16.000,32.000,4426125.000,32.000,1,1,pnp_visible_ransac,9,1.935,-1.8293,-0.179617,3.085799,-3.3313
2026-09-04T15:09:59.523,113,STANDOFF_SETTLE,STANDOFF_SETTLE,400,3,1788502199491.216,100.288,timestamp_domain.system_time,4426187.000,94.000,1,4426203.000,4426218.000,15.000,31.000,4426218.000,31.000,1,1,pnp_visible_ransac,9,1.799,-1.5636,-0.180903,3.090260,-3.3502
2026-09-04T15:09:59.637,114,STANDOFF_SETTLE,STANDOFF_SETTLE,403,3,1788502199591.078,99.861,timestamp_domain.system_time,4426312.000,125.000,1,4426312.000,4426343.000,31.000,31.000,4426343.000,31.000,1,1,pnp_visible_ransac,9,1.941,-1.6292,-0.181061,3.088036,-3.3556
2026-09-04T15:09:59.737,115,STANDOFF_SETTLE,STANDOFF_SETTLE,406,3,1788502199691.045,99.967,timestamp_domain.system_time,4426406.000,94.000,1,4426406.000,4426437.000,31.000,31.000,4426437.000,31.000,1,1,pnp_visible_ransac,9,1.857,-1.9005,-0.179070,3.086531,-3.3204
2026-09-04T15:09:59.837,116,STANDOFF_SETTLE,STANDOFF_SETTLE,409,3,1788502199791.229,100.184,timestamp_domain.system_time,4426500.000,94.000,1,4426500.000,4426531.000,31.000,31.000,4426531.000,31.000,1,1,pnp_visible_ransac,9,1.904,-1.7775,-0.180535,3.091925,-3.3417
2026-09-04T15:09:59.938,117,STANDOFF_SETTLE,STANDOFF_SETTLE,412,3,1788502199892.552,101.324,timestamp_domain.system_time,4426625.000,125.000,1,4426625.000,4426640.000,15.000,15.000,4426640.000,15.000,1,1,pnp_visible_ransac,9,1.867,-1.7667,-0.180040,3.085705,-3.3392
2026-09-04T15:10:00.040,118,STANDOFF_SETTLE,STANDOFF_SETTLE,415,3,1788502199991.142,98.590,timestamp_domain.system_time,4426703.000,78.000,1,4426703.000,4426734.000,31.000,31.000,4426734.000,31.000,1,1,pnp_visible_ransac,9,1.834,-1.7036,-0.180644,3.088813,-3.3470
2026-09-04T15:10:00.139,119,STANDOFF_SETTLE,STANDOFF_SETTLE,418,3,1788502200091.499,100.356,timestamp_domain.system_time,4426812.000,109.000,1,4426812.000,4426843.000,31.000,31.000,4426843.000,31.000,1,1,pnp_visible_ransac,9,1.884,-1.8087,-0.179520,3.083497,-3.3320
2026-09-04T15:10:00.239,120,STANDOFF_SETTLE,STANDOFF_SETTLE,420,2,1788502200159.011,67.512,timestamp_domain.system_time,4426906.000,94.000,1,4426921.000,4426937.000,16.000,31.000,4426937.000,31.000,1,1,pnp_visible_ransac,9,1.877,-1.6961,-0.180155,3.087468,-3.3394
2026-09-04T15:10:00.345,121,STANDOFF_SETTLE,STANDOFF_SETTLE,424,4,1788502200291.933,132.922,timestamp_domain.system_time,4427031.000,125.000,1,4427031.000,4427046.000,15.000,15.000,4427046.000,15.000,1,1,pnp_visible_ransac,9,1.826,-1.7348,-0.179851,3.088593,-3.3326
2026-09-04T15:10:00.439,122,STANDOFF_SETTLE,STANDOFF_SETTLE,427,3,1788502200391.529,99.596,timestamp_domain.system_time,4427125.000,94.000,1,4427125.000,4427140.000,15.000,15.000,4427140.000,15.000,1,1,pnp_visible_ransac,9,1.838,-1.7557,-0.179884,3.089759,-3.3320
2026-09-04T15:10:00.540,123,STANDOFF_SETTLE,STANDOFF_SETTLE,430,3,1788502200491.591,100.062,timestamp_domain.system_time,4427203.000,78.000,1,4427203.000,4427234.000,31.000,31.000,4427234.000,31.000,1,1,pnp_visible_ransac,9,1.856,-1.8225,-0.179204,3.086004,-3.3234
2026-09-04T15:10:00.649,124,STANDOFF_SETTLE,STANDOFF_SETTLE,433,3,1788502200591.744,100.153,timestamp_domain.system_time,4427312.000,109.000,1,4427328.000,4427343.000,15.000,31.000,4427343.000,31.000,1,1,pnp_visible_ransac,9,1.820,-1.7228,-0.180071,3.091936,-3.3331
2026-09-04T15:10:00.741,125,STANDOFF_VERIFY,STANDOFF_VERIFY,436,3,1788502200691.854,100.110,timestamp_domain.system_time,4427421.000,109.000,1,4427421.000,4427437.000,16.000,16.000,4427437.000,16.000,1,1,pnp_visible_ransac,9,1.832,-1.7267,-0.181101,3.094842,-3.3490
2026-09-04T15:10:00.842,126,STANDOFF_VERIFY,STANDOFF_VERIFY,439,3,1788502200791.885,100.031,timestamp_domain.system_time,4427515.000,94.000,1,4427515.000,4427546.000,31.000,31.000,4427546.000,31.000,1,1,pnp_visible_ransac,9,1.869,-1.7647,-0.178967,3.089547,-3.3152
2026-09-04T15:10:00.951,127,STANDOFF_VERIFY,STANDOFF_VERIFY,442,3,1788502200891.955,100.070,timestamp_domain.system_time,4427625.000,110.000,1,4427625.000,4427656.000,31.000,31.000,4427656.000,31.000,1,1,pnp_visible_ransac,9,1.893,-1.6512,-0.180092,3.084690,-3.3413
2026-09-04T15:10:01.062,128,STANDOFF_VERIFY,STANDOFF_VERIFY,446,4,1788502201025.260,133.305,timestamp_domain.system_time,4427718.000,93.000,1,4427718.000,4427765.000,47.000,47.000,4427765.000,47.000,1,1,pnp_visible_ransac,9,1.899,-1.6893,-0.180037,3.090107,-3.3344
2026-09-04T15:10:01.163,129,STANDOFF_VERIFY,STANDOFF_VERIFY,449,3,1788502201125.294,100.034,timestamp_domain.system_time,4427828.000,110.000,1,4427843.000,4427859.000,16.000,31.000,4427859.000,31.000,1,1,pnp_visible_ransac,9,1.905,-1.8507,-0.178857,3.085964,-3.3171
2026-09-04T15:10:01.258,130,STANDOFF_VERIFY,STANDOFF_VERIFY,450,1,1788502201160.160,34.866,timestamp_domain.system_time,4427921.000,93.000,1,4427921.000,4427953.000,32.000,32.000,4427953.000,32.000,1,1,pnp_visible_ransac,9,1.830,-1.8202,-0.179325,3.087861,-3.3237
2026-09-04T15:10:01.350,131,STANDOFF_VERIFY,STANDOFF_VERIFY,455,5,1788502201326.160,166.000,timestamp_domain.system_time,4428015.000,94.000,1,4428031.000,4428046.000,15.000,31.000,4428046.000,31.000,1,1,pnp_visible_ransac,9,1.853,-1.8098,-0.180233,3.090575,-3.3375
2026-09-04T15:10:01.467,132,STANDOFF_VERIFY,STANDOFF_VERIFY,458,3,1788502201425.525,99.365,timestamp_domain.system_time,4428140.000,125.000,1,4428140.000,4428156.000,16.000,16.000,4428171.000,31.000,1,1,pnp_visible_ransac,9,1.845,-1.7755,-0.179350,3.086492,-3.3256
2026-09-04T15:10:01.564,133,STANDOFF_VERIFY,STANDOFF_VERIFY,461,3,1788502201525.668,100.142,timestamp_domain.system_time,4428250.000,110.000,1,4428250.000,4428265.000,15.000,15.000,4428265.000,15.000,1,1,pnp_visible_ransac,9,1.834,-1.7906,-0.179230,3.089850,-3.3198
2026-09-04T15:10:01.655,134,STANDOFF_VERIFY,STANDOFF_VERIFY,464,3,1788502201626.051,100.383,timestamp_domain.system_time,4428343.000,93.000,1,4428343.000,4428359.000,16.000,16.000,4428359.000,16.000,1,1,pnp_visible_ransac,9,1.853,-1.7282,-0.180588,3.093337,-3.3411
2026-09-04T15:10:01.763,135,STAGING_PLAN,STAGING_PLAN,467,3,1788502201727.810,101.759,timestamp_domain.system_time,4428437.000,94.000,1,4428437.000,4428468.000,31.000,31.000,4428468.000,31.000,1,1,pnp_visible_ransac,9,1.772,-1.7758,-0.178787,3.094000,-3.3072
2026-09-04T15:10:01.861,136,STAGING_PLAN,STAGING_PLAN,470,3,1788502201825.873,98.063,timestamp_domain.system_time,4428531.000,94.000,1,4428531.000,4428546.000,15.000,15.000,4428562.000,31.000,1,1,pnp_visible_ransac,9,1.920,-1.8621,-0.178810,3.085582,-3.3166
2026-09-04T15:10:01.956,137,STAGING_PLAN,STAGING_PLAN,473,3,1788502201925.920,100.046,timestamp_domain.system_time,4428625.000,94.000,1,4428625.000,4428656.000,31.000,31.000,4428656.000,31.000,1,1,pnp_visible_ransac,9,1.864,-1.9259,-0.178712,3.088777,-3.3114
2026-09-04T15:10:02.051,138,STAGING_PLAN,STAGING_PLAN,475,2,1788502201992.710,66.791,timestamp_domain.system_time,4428718.000,93.000,1,4428718.000,4428750.000,32.000,32.000,4428750.000,32.000,1,1,pnp_visible_ransac,9,1.878,-1.6216,-0.180062,3.087943,-3.3372
2026-09-04T15:10:02.146,139,STAGING_PLAN,STAGING_PLAN,478,3,1788502202094.016,101.306,timestamp_domain.system_time,4428812.000,94.000,1,4428828.000,4428843.000,15.000,31.000,4428843.000,31.000,1,1,pnp_visible_ransac,9,1.922,-1.7884,-0.179726,3.091014,-3.3277
2026-09-04T15:10:02.247,140,STAGING_PLAN,STAGING_PLAN,481,3,1788502202192.784,98.768,timestamp_domain.system_time,4428921.000,109.000,1,4428937.000,4428953.000,16.000,32.000,4428953.000,32.000,1,1,pnp_visible_ransac,9,1.855,-1.7881,-0.180054,3.086666,-3.3384
2026-09-04T15:10:02.357,141,STAGING_PLAN,STAGING_PLAN,484,3,1788502202293.104,100.321,timestamp_domain.system_time,4429031.000,110.000,1,4429031.000,4429062.000,31.000,31.000,4429062.000,31.000,1,1,pnp_visible_ransac,9,1.832,-1.6311,-0.181243,3.095999,-3.3503
2026-09-04T15:10:02.464,142,STAGING_PLAN,STAGING_PLAN,488,4,1788502202426.892,133.788,timestamp_domain.system_time,4429140.000,109.000,1,4429140.000,4429156.000,16.000,16.000,4429156.000,16.000,1,1,pnp_visible_ransac,9,1.921,-1.8687,-0.179371,3.088014,-3.3244
2026-09-04T15:10:02.548,143,STAGING_PLAN,STAGING_PLAN,491,3,1788502202526.133,99.240,timestamp_domain.system_time,4429234.000,94.000,1,4429234.000,4429250.000,16.000,16.000,4429250.000,16.000,1,1,pnp_visible_ransac,9,1.904,-1.8384,-0.178919,3.086462,-3.3177
2026-09-04T15:10:02.656,144,STAGING_PLAN,STAGING_PLAN,493,2,1788502202593.002,66.869,timestamp_domain.system_time,4429328.000,94.000,1,4429328.000,4429359.000,31.000,31.000,4429359.000,31.000,1,1,pnp_visible_ransac,9,1.876,-1.7085,-0.180966,3.089478,-3.3523
2026-09-04T15:10:02.809,145,WAYPOINT_TURN,WAYPOINT_TURN,497,4,1788502202726.547,133.545,timestamp_domain.system_time,4429421.000,93.000,1,4429421.000,4429500.000,79.000,79.000,4429515.000,94.000,1,1,pnp_visible_ransac,9,1.887,-1.8817,-0.179500,3.088100,-3.3266
2026-09-04T15:10:02.911,146,WAYPOINT_TURN,WAYPOINT_TURN,501,4,1788502202860.572,134.025,timestamp_domain.system_time,4429593.000,172.000,1,4429593.000,4429609.000,16.000,16.000,4429609.000,16.000,1,1,pnp_visible_ransac,9,1.902,-1.7160,-0.180467,3.093460,-3.3388
2026-09-04T15:10:03.011,147,WAYPOINT_TURN,WAYPOINT_TURN,504,3,1788502202959.869,99.297,timestamp_domain.system_time,4429687.000,94.000,1,4429687.000,4429718.000,31.000,31.000,4429718.000,31.000,1,1,pnp_visible_ransac,9,1.882,-1.7153,-0.179133,3.085622,-3.3225
2026-09-04T15:10:03.118,148,WAYPOINT_TURN,WAYPOINT_TURN,507,3,1788502203060.186,100.317,timestamp_domain.system_time,4429781.000,94.000,1,4429781.000,4429812.000,31.000,31.000,4429812.000,31.000,1,1,pnp_visible_ransac,9,1.773,-1.6304,-0.179443,3.089992,-3.3236
2026-09-04T15:10:03.236,149,WAYPOINT_TURN,WAYPOINT_TURN,511,4,1788502203193.782,133.597,timestamp_domain.system_time,4429906.000,125.000,1,4429906.000,4429937.000,31.000,31.000,4429937.000,31.000,1,1,pnp_visible_ransac,9,1.900,-1.7823,-0.178620,3.089200,-3.3092
2026-09-04T15:10:03.351,150,WAYPOINT_TURN,WAYPOINT_TURN,514,3,1788502203293.632,99.850,timestamp_domain.system_time,4430031.000,125.000,1,4430031.000,4430046.000,15.000,15.000,4430046.000,15.000,1,1,pnp_visible_ransac,9,1.841,-1.6984,-0.180835,3.086907,-3.3526
2026-09-04T15:10:03.453,151,WAYPOINT_TURN,WAYPOINT_TURN,517,3,1788502203393.608,99.976,timestamp_domain.system_time,4430125.000,94.000,1,4430125.000,4430156.000,31.000,31.000,4430156.000,31.000,1,1,pnp_visible_ransac,9,1.894,-1.5834,-0.180294,3.085583,-3.3441
2026-09-04T15:10:03.561,152,WAYPOINT_TURN,WAYPOINT_TURN,520,3,1788502203494.137,100.529,timestamp_domain.system_time,4430234.000,109.000,1,4430234.000,4430250.000,16.000,16.000,4430265.000,31.000,1,1,pnp_visible_ransac,9,1.899,-1.7027,-0.179209,3.086342,-3.3232
2026-09-04T15:10:03.667,153,WAYPOINT_TURN,WAYPOINT_TURN,524,4,1788502203627.403,133.266,timestamp_domain.system_time,4430343.000,109.000,1,4430343.000,4430359.000,16.000,16.000,4430359.000,16.000,1,1,pnp_visible_ransac,9,1.858,-1.3138,-0.179526,3.089325,-3.3258
2026-09-04T15:10:03.758,154,WAYPOINT_TURN,WAYPOINT_TURN,527,3,1788502203727.191,99.788,timestamp_domain.system_time,4430437.000,94.000,1,4430437.000,4430453.000,16.000,16.000,4430453.000,16.000,1,1,pnp_visible_ransac,9,1.585,-1.6740,-0.164893,3.091294,-3.0533
2026-09-04T15:10:03.865,155,WAYPOINT_TURN,WAYPOINT_TURN,530,3,1788502203827.284,100.093,timestamp_domain.system_time,4430546.000,109.000,1,4430546.000,4430562.000,16.000,16.000,4430562.000,16.000,1,1,pnp_visible_ransac,9,1.691,-1.6163,-0.156206,3.096563,-2.8878
2026-09-04T15:10:03.971,156,WAYPOINT_TURN,WAYPOINT_TURN,533,3,1788502203929.088,101.804,timestamp_domain.system_time,4430640.000,94.000,1,4430656.000,4430671.000,15.000,31.000,4430671.000,31.000,1,1,pnp_visible_ransac,9,1.906,-1.4342,-0.148238,3.047162,-2.7851
2026-09-04T15:10:04.062,157,WAYPOINT_TURN,WAYPOINT_TURN,536,3,1788502204027.644,98.557,timestamp_domain.system_time,4430750.000,110.000,1,4430750.000,4430765.000,15.000,15.000,4430765.000,15.000,1,1,pnp_visible_ransac,9,1.991,-1.1206,-0.122372,3.047232,-2.2997
2026-09-04T15:10:04.178,158,WAYPOINT_TURN,WAYPOINT_TURN,539,3,1788502204127.445,99.801,timestamp_domain.system_time,4430843.000,93.000,1,4430859.000,4430875.000,16.000,32.000,4430875.000,32.000,1,1,pnp_visible_ransac,9,1.930,-0.1129,-0.080676,3.068119,-1.5062
2026-09-04T15:10:04.287,159,WAYPOINT_TURN_SETTLE,WAYPOINT_TURN_SETTLE,541,2,1788502204194.334,66.889,timestamp_domain.system_time,4430953.000,110.000,1,4430968.000,4430984.000,16.000,31.000,4430984.000,31.000,1,1,pnp_visible_ransac,9,1.942,0.7263,-0.053602,3.046798,-1.0079
2026-09-04T15:10:04.394,160,WAYPOINT_TURN_SETTLE,WAYPOINT_TURN_SETTLE,546,5,1788502204360.998,166.664,timestamp_domain.system_time,4431078.000,125.000,1,4431078.000,4431093.000,15.000,15.000,4431093.000,15.000,1,1,pnp_visible_ransac,9,3.015,2.8699,0.089247,3.396530,1.5052
2026-09-04T15:10:04.504,161,WAYPOINT_TURN_SETTLE,WAYPOINT_TURN_SETTLE,549,3,1788502204461.007,100.009,timestamp_domain.system_time,4431171.000,93.000,1,4431187.000,4431187.000,0.000,16.000,4431203.000,32.000,1,1,pnp_visible_ransac,9,1.413,2.9894,0.192369,3.405010,3.2335
2026-09-04T15:10:04.604,162,WAYPOINT_TURN_SETTLE,WAYPOINT_TURN_SETTLE,552,3,1788502204561.320,100.313,timestamp_domain.system_time,4431281.000,110.000,1,4431281.000,4431296.000,15.000,15.000,4431296.000,15.000,1,1,pnp_visible_ransac,9,1.661,4.9180,0.287589,3.490557,4.7100
2026-09-04T15:10:04.714,163,WAYPOINT_TURN_SETTLE,WAYPOINT_TURN_SETTLE,555,3,1788502204661.069,99.749,timestamp_domain.system_time,4431390.000,109.000,1,4431390.000,4431406.000,16.000,16.000,4431406.000,16.000,1,1,pnp_visible_ransac,9,1.674,4.2479,0.292230,3.493526,4.7816
2026-09-04T15:10:04.815,164,WAYPOINT_TURN_SETTLE,WAYPOINT_TURN_SETTLE,558,3,1788502204761.328,100.259,timestamp_domain.system_time,4431484.000,94.000,1,4431500.000,4431515.000,15.000,31.000,4431515.000,31.000,1,1,pnp_visible_ransac,9,1.806,3.4487,0.236469,3.468168,3.9005
2026-09-04T15:10:04.915,165,WAYPOINT_TURN_SETTLE,WAYPOINT_TURN_SETTLE,561,3,1788502204861.314,99.987,timestamp_domain.system_time,4431593.000,109.000,1,4431593.000,4431609.000,16.000,16.000,4431609.000,16.000,1,1,pnp_visible_ransac,9,2.117,3.1407,0.240207,3.461663,3.9694
2026-09-04T15:10:05.029,166,WAYPOINT_TURN_SETTLE,WAYPOINT_TURN_SETTLE,564,3,1788502204961.527,100.212,timestamp_domain.system_time,4431703.000,110.000,1,4431703.000,4431734.000,31.000,31.000,4431734.000,31.000,1,1,pnp_visible_ransac,9,1.824,4.1796,0.252030,3.486044,4.1351
2026-09-04T15:10:05.132,167,WAYPOINT_TURN_SETTLE,WAYPOINT_TURN_SETTLE,568,4,1788502205094.754,133.228,timestamp_domain.system_time,4431796.000,93.000,1,4431812.000,4431828.000,16.000,32.000,4431828.000,32.000,1,1,pnp_visible_ransac,9,1.839,3.5924,0.247689,3.463005,4.0911
2026-09-04T15:10:05.232,168,WAYPOINT_TURN_SETTLE,WAYPOINT_TURN_SETTLE,571,3,1788502205194.967,100.212,timestamp_domain.system_time,4431906.000,110.000,1,4431906.000,4431937.000,31.000,31.000,4431937.000,31.000,1,1,pnp_visible_ransac,9,1.752,3.3273,0.237888,3.457516,3.9359
2026-09-04T15:10:05.356,169,WAYPOINT_TURN_SETTLE,WAYPOINT_TURN_SETTLE,574,3,1788502205295.462,100.495,timestamp_domain.system_time,4432031.000,125.000,1,4432046.000,4432062.000,16.000,31.000,4432062.000,31.000,1,1,pnp_visible_ransac,9,1.625,3.2857,0.240987,3.465623,3.9777
2026-09-04T15:10:05.473,170,WAYPOINT_TURN_SETTLE,WAYPOINT_TURN_SETTLE,578,4,1788502205428.404,132.942,timestamp_domain.system_time,4432140.000,109.000,1,4432140.000,4432171.000,31.000,31.000,4432171.000,31.000,1,1,pnp_visible_ransac,9,1.934,3.3246,0.243656,3.467897,4.0190
2026-09-04T15:10:05.574,171,WAYPOINT_TURN_SETTLE,WAYPOINT_TURN_SETTLE,581,3,1788502205528.451,100.047,timestamp_domain.system_time,4432250.000,110.000,1,4432250.000,4432265.000,15.000,15.000,4432281.000,31.000,1,1,pnp_visible_ransac,9,1.860,3.1801,0.242151,3.458748,4.0048
2026-09-04T15:10:05.675,172,WAYPOINT_TURN_SETTLE,WAYPOINT_TURN_SETTLE,584,3,1788502205628.591,100.140,timestamp_domain.system_time,4432328.000,78.000,1,4432343.000,4432359.000,16.000,31.000,4432375.000,47.000,1,1,pnp_visible_ransac,9,1.836,3.1549,0.242126,3.457733,4.0056
2026-09-04T15:10:05.776,173,WAYPOINT_TURN_SETTLE,WAYPOINT_TURN_SETTLE,587,3,1788502205729.068,100.478,timestamp_domain.system_time,4432453.000,125.000,1,4432453.000,4432468.000,15.000,15.000,4432468.000,15.000,1,1,pnp_visible_ransac,9,1.686,3.4363,0.242067,3.469582,3.9910
2026-09-04T15:10:05.877,174,WAYPOINT_TURN_SETTLE,WAYPOINT_TURN_SETTLE,590,3,1788502205828.727,99.659,timestamp_domain.system_time,4432546.000,93.000,1,4432562.000,4432578.000,16.000,32.000,4432578.000,32.000,1,1,pnp_visible_ransac,9,1.789,3.3716,0.241462,3.468211,3.9826
2026-09-04T15:10:05.977,175,WAYPOINT_TURN_SETTLE,WAYPOINT_TURN_SETTLE,593,3,1788502205928.835,100.108,timestamp_domain.system_time,4432656.000,110.000,1,4432656.000,4432671.000,15.000,15.000,4432671.000,15.000,1,1,pnp_visible_ransac,9,1.829,3.1986,0.241746,3.460357,3.9963
2026-09-04T15:10:06.073,176,WAYPOINT_TURN_SETTLE,WAYPOINT_TURN_SETTLE,596,3,1788502206029.046,100.211,timestamp_domain.system_time,4432750.000,94.000,1,4432750.000,4432765.000,15.000,15.000,4432765.000,15.000,1,1,pnp_visible_ransac,9,1.783,3.3693,0.241301,3.468114,3.9801
2026-09-04T15:10:06.177,177,WAYPOINT_TURN_SETTLE,WAYPOINT_TURN_SETTLE,599,3,1788502206129.000,99.954,timestamp_domain.system_time,4432843.000,93.000,1,4432859.000,4432875.000,16.000,32.000,4432875.000,32.000,1,1,pnp_visible_ransac,9,1.776,3.3556,0.242426,3.472220,3.9938
2026-09-04T15:10:06.273,178,WAYPOINT_TURN_SETTLE,WAYPOINT_TURN_SETTLE,601,2,1788502206196.893,67.893,timestamp_domain.system_time,4432953.000,110.000,1,4432953.000,4432968.000,15.000,15.000,4432968.000,15.000,1,1,pnp_visible_ransac,9,1.830,3.3927,0.240986,3.466674,3.9765
2026-09-04T15:10:06.399,179,WAYPOINT_TURN_SETTLE,WAYPOINT_TURN_SETTLE,605,4,1788502206329.979,133.087,timestamp_domain.system_time,4433062.000,109.000,1,4433078.000,4433093.000,15.000,31.000,4433093.000,31.000,1,1,pnp_visible_ransac,9,1.830,3.1992,0.240610,3.464595,3.9727
2026-09-04T15:10:06.514,180,WAYPOINT_TURN_SETTLE,WAYPOINT_TURN_SETTLE,609,4,1788502206464.224,134.245,timestamp_domain.system_time,4433187.000,125.000,1,4433187.000,4433218.000,31.000,31.000,4433218.000,31.000,1,1,pnp_visible_ransac,9,2.055,3.2504,0.242642,3.469462,4.0005
2026-09-04T15:10:06.628,181,WAYPOINT_TURN_SETTLE,WAYPOINT_TURN_SETTLE,612,3,1788502206562.833,98.609,timestamp_domain.system_time,4433296.000,109.000,1,4433296.000,4433328.000,32.000,32.000,4433328.000,32.000,1,1,pnp_visible_ransac,9,1.932,3.4092,0.242168,3.467794,3.9947
2026-09-04T15:10:06.735,182,WAYPOINT_TURN_SETTLE,WAYPOINT_TURN_SETTLE,616,4,1788502206696.035,133.203,timestamp_domain.system_time,4433406.000,110.000,1,4433406.000,4433437.000,31.000,31.000,4433437.000,31.000,1,1,pnp_visible_ransac,9,1.872,3.3169,0.241736,3.470260,3.9848
2026-09-04T15:10:06.880,183,WAYPOINT_TURN_SETTLE,WAYPOINT_TURN_SETTLE,620,4,1788502206831.502,135.466,timestamp_domain.system_time,4433546.000,140.000,1,4433546.000,4433578.000,32.000,32.000,4433578.000,32.000,1,1,pnp_visible_ransac,9,1.700,3.2736,0.240323,3.467453,3.9647
2026-09-04T15:10:06.981,184,WAYPOINT_TURN_SETTLE,WAYPOINT_TURN_SETTLE,623,3,1788502206931.396,99.894,timestamp_domain.system_time,4433640.000,94.000,1,4433671.000,4433687.000,16.000,47.000,4433687.000,47.000,1,1,pnp_visible_ransac,9,1.836,3.2371,0.241672,3.469336,3.9848
2026-09-04T15:10:07.088,185,WAYPOINT_TURN_SETTLE,WAYPOINT_TURN_SETTLE,626,3,1788502207031.058,99.662,timestamp_domain.system_time,4433750.000,110.000,1,4433750.000,4433781.000,31.000,31.000,4433781.000,31.000,1,1,pnp_visible_ransac,9,2.027,3.4994,0.241700,3.475154,3.9786
2026-09-04T15:10:07.199,186,WAYPOINT_TURN_SETTLE,WAYPOINT_TURN_SETTLE,629,3,1788502207131.125,100.067,timestamp_domain.system_time,4433859.000,109.000,1,4433859.000,4433906.000,47.000,47.000,4433906.000,47.000,1,1,pnp_visible_ransac,9,2.007,3.3676,0.241953,3.474695,3.9832
2026-09-04T15:10:07.318,187,WAYPOINT_TURN_SETTLE,WAYPOINT_TURN_SETTLE,631,2,1788502207198.990,67.865,timestamp_domain.system_time,4433984.000,125.000,1,4433984.000,4434015.000,31.000,31.000,4434015.000,31.000,1,1,pnp_visible_ransac,9,1.781,3.3026,0.241783,3.463907,3.9928
2026-09-04T15:10:07.419,188,WAYPOINT_TURN_SETTLE,WAYPOINT_TURN_SETTLE,636,5,1788502207364.777,165.788,timestamp_domain.system_time,4434078.000,94.000,1,4434078.000,4434109.000,31.000,31.000,4434125.000,47.000,1,1,pnp_visible_ransac,9,1.786,3.3157,0.241420,3.468059,3.9821
2026-09-04T15:10:07.520,189,WAYPOINT_TURN_SETTLE,WAYPOINT_TURN_SETTLE,639,3,1788502207464.849,100.072,timestamp_domain.system_time,4434187.000,109.000,1,4434187.000,4434218.000,31.000,31.000,4434218.000,31.000,1,1,pnp_visible_ransac,9,1.815,3.1787,0.241087,3.466190,3.9787
2026-09-04T15:10:07.655,190,WAYPOINT_TURN_SETTLE,WAYPOINT_TURN_SETTLE,643,4,1788502207598.279,133.429,timestamp_domain.system_time,4434328.000,141.000,1,4434328.000,4434359.000,31.000,31.000,4434359.000,31.000,1,1,pnp_visible_ransac,9,2.085,3.2308,0.242506,3.465153,4.0033
2026-09-04T15:10:07.763,191,WAYPOINT_TURN_SETTLE,WAYPOINT_TURN_SETTLE,647,4,1788502207730.801,132.522,timestamp_domain.system_time,4434437.000,109.000,1,4434453.000,4434468.000,15.000,31.000,4434468.000,31.000,1,1,pnp_visible_ransac,9,1.972,3.3950,0.241798,3.473475,3.9821
2026-09-04T15:10:07.924,192,WAYPOINT_TURN_SETTLE,WAYPOINT_TURN_SETTLE,650,3,1788502207831.223,100.422,timestamp_domain.system_time,4434578.000,141.000,1,4434593.000,4434625.000,32.000,47.000,4434625.000,47.000,1,1,pnp_visible_ransac,9,2.020,3.2954,0.242262,3.472483,3.9908
2026-09-04T15:10:08.167,193,WAYPOINT_TURN_SETTLE,WAYPOINT_TURN_SETTLE,657,7,1788502208065.148,233.925,timestamp_domain.system_time,4434781.000,203.000,1,4434781.000,4434875.000,94.000,94.000,4434875.000,94.000,1,1,pnp_visible_ransac,9,1.965,3.1506,0.243453,3.473358,4.0094
2026-09-04T15:10:08.336,194,WAYPOINT_TURN_SETTLE,WAYPOINT_TURN_SETTLE,662,5,1788502208231.933,166.785,timestamp_domain.system_time,4435000.000,219.000,1,4435015.000,4435031.000,16.000,31.000,4435031.000,31.000,1,1,pnp_visible_ransac,9,1.835,3.3428,0.241633,3.469531,3.9839
2026-09-04T15:10:08.448,195,WAYPOINT_TURN_SETTLE,WAYPOINT_TURN_SETTLE,667,5,1788502208398.767,166.835,timestamp_domain.system_time,4435109.000,109.000,1,4435125.000,4435140.000,15.000,31.000,4435140.000,31.000,1,1,pnp_visible_ransac,9,1.793,3.4962,0.241390,3.475358,3.9733
2026-09-04T15:10:08.554,196,WAYPOINT_TURN_SETTLE,WAYPOINT_TURN_SETTLE,670,3,1788502208498.882,100.115,timestamp_domain.system_time,4435234.000,125.000,1,4435234.000,4435250.000,16.000,16.000,4435250.000,16.000,1,1,pnp_visible_ransac,9,1.913,3.4351,0.241120,3.476518,3.9675
2026-09-04T15:10:08.706,197,WAYPOINT_TURN_SETTLE,WAYPOINT_TURN_SETTLE,675,5,1788502208665.467,166.585,timestamp_domain.system_time,4435375.000,141.000,1,4435375.000,4435406.000,31.000,31.000,4435406.000,31.000,1,1,pnp_visible_ransac,9,1.839,3.3164,0.241548,3.470035,3.9819
2026-09-04T15:10:08.808,198,WAYPOINT_TURN_SETTLE,WAYPOINT_TURN_SETTLE,678,3,1788502208764.207,98.740,timestamp_domain.system_time,4435484.000,109.000,1,4435484.000,4435500.000,16.000,16.000,4435500.000,16.000,1,1,pnp_visible_ransac,9,1.851,3.1436,0.242238,3.465408,3.9986
2026-09-04T15:10:08.930,199,WAYPOINT_TURN_SETTLE,WAYPOINT_TURN_SETTLE,681,3,1788502208865.596,101.389,timestamp_domain.system_time,4435593.000,109.000,1,4435609.000,4435625.000,16.000,32.000,4435625.000,32.000,1,1,pnp_visible_ransac,9,1.778,3.1930,0.242638,3.472252,3.9973
2026-09-04T15:10:09.085,200,WAYPOINT_TURN_SETTLE,WAYPOINT_TURN_SETTLE,685,4,1788502208999.079,133.483,timestamp_domain.system_time,4435718.000,125.000,1,4435718.000,4435781.000,63.000,63.000,4435781.000,63.000,1,1,pnp_visible_ransac,9,1.945,3.2340,0.242739,3.463767,4.0087
2026-09-04T15:10:09.247,201,WAYPOINT_TURN_SETTLE,WAYPOINT_TURN_SETTLE,690,5,1788502209166.150,167.071,timestamp_domain.system_time,4435890.000,172.000,1,4435890.000,4435937.000,47.000,47.000,4435953.000,63.000,1,1,pnp_visible_ransac,9,1.790,3.2648,0.241526,3.468194,3.9837
2026-09-04T15:10:09.389,202,WAYPOINT_TURN_SETTLE,WAYPOINT_TURN_SETTLE,692,2,1788502209232.932,66.781,timestamp_domain.system_time,4436062.000,172.000,1,4436062.000,4436093.000,31.000,31.000,4436093.000,31.000,1,1,pnp_visible_ransac,9,1.747,3.3293,0.242422,3.471354,3.9948
2026-09-04T15:10:09.524,203,WAYPOINT_TURN_SETTLE,WAYPOINT_TURN_SETTLE,699,7,1788502209466.219,233.287,timestamp_domain.system_time,4436203.000,141.000,1,4436203.000,4436218.000,15.000,15.000,4436218.000,15.000,1,1,pnp_visible_ransac,9,1.958,3.2825,0.241347,3.470506,3.9781
2026-09-04T15:10:09.658,204,WAYPOINT_TURN_SETTLE,WAYPOINT_TURN_SETTLE,703,4,1788502209599.651,133.432,timestamp_domain.system_time,4436328.000,125.000,1,4436328.000,4436359.000,31.000,31.000,4436359.000,31.000,1,1,pnp_visible_ransac,9,1.891,3.2340,0.242951,3.466778,4.0087
2026-09-04T15:10:09.809,205,WAYPOINT_TURN_SETTLE,WAYPOINT_TURN_SETTLE,707,4,1788502209733.374,133.723,timestamp_domain.system_time,4436468.000,140.000,1,4436468.000,4436515.000,47.000,47.000,4436515.000,47.000,1,1,pnp_visible_ransac,9,2.062,3.1721,0.242464,3.464656,4.0032
2026-09-04T15:10:09.928,206,WAYPOINT_TURN_SETTLE,WAYPOINT_TURN_SETTLE,711,4,1788502209866.140,132.766,timestamp_domain.system_time,4436593.000,125.000,1,4436593.000,4436625.000,32.000,32.000,4436625.000,32.000,1,1,pnp_visible_ransac,9,1.943,3.0895,0.242537,3.467873,4.0007
2026-09-04T15:10:10.033,207,WAYPOINT_TURN_SETTLE,WAYPOINT_TURN_SETTLE,715,4,1788502209999.821,133.681,timestamp_domain.system_time,4436703.000,110.000,1,4436703.000,4436734.000,31.000,31.000,4436734.000,31.000,1,1,pnp_visible_ransac,9,1.886,3.2349,0.241808,3.470904,3.9852
2026-09-04T15:10:10.163,208,WAYPOINT_TURN_SETTLE,WAYPOINT_TURN_SETTLE,718,3,1788502210100.184,100.363,timestamp_domain.system_time,4436843.000,140.000,1,4436843.000,4436859.000,16.000,16.000,4436859.000,16.000,1,1,pnp_visible_ransac,9,1.969,3.2779,0.241997,3.463920,3.9963
2026-09-04T15:10:10.298,209,WAYPOINT_TURN_SETTLE,WAYPOINT_TURN_SETTLE,722,4,1788502210234.337,134.154,timestamp_domain.system_time,4436968.000,125.000,1,4436968.000,4437000.000,32.000,32.000,4437000.000,32.000,1,1,pnp_visible_ransac,9,1.782,3.2638,0.241512,3.467848,3.9838
2026-09-04T15:10:10.461,210,WAYPOINT_TURN_SETTLE,WAYPOINT_TURN_SETTLE,727,5,1788502210399.898,165.561,timestamp_domain.system_time,4437109.000,141.000,1,4437109.000,4437156.000,47.000,47.000,4437156.000,47.000,1,1,pnp_visible_ransac,9,1.645,3.4109,0.241253,3.477786,3.9682
2026-09-04T15:10:10.783,211,WAYPOINT_TURN_SETTLE,WAYPOINT_TURN_SETTLE,732,5,1788502210567.195,167.296,timestamp_domain.system_time,4437296.000,187.000,1,4437296.000,4437484.000,188.000,188.000,4437484.000,188.000,1,1,pnp_visible_ransac,9,1.766,3.2382,0.241515,3.467176,3.9846
2026-09-04T15:10:10.949,212,STAGING_PLAN,STAGING_PLAN,741,9,1788502210867.234,300.039,timestamp_domain.system_time,4437609.000,313.000,1,4437609.000,4437640.000,31.000,31.000,4437656.000,47.000,1,1,pnp_visible_ransac,9,1.708,3.4255,0.241182,3.465986,3.9805
2026-09-04T15:10:11.093,213,STAGING_PLAN,STAGING_PLAN,746,5,1788502211032.775,165.541,timestamp_domain.system_time,4437750.000,141.000,1,4437750.000,4437781.000,31.000,31.000,4437796.000,46.000,1,1,pnp_visible_ransac,9,1.896,3.3445,0.241732,3.471209,3.9836
2026-09-04T15:10:11.288,214,STAGING_PLAN,STAGING_PLAN,750,4,1788502211167.561,134.786,timestamp_domain.system_time,4437906.000,156.000,1,4437906.000,4437984.000,78.000,78.000,4437984.000,78.000,1,1,pnp_visible_ransac,9,1.817,3.1674,0.242778,3.473545,3.9981
2026-09-04T15:10:11.468,215,STAGING_PLAN,STAGING_PLAN,757,7,1788502211399.805,232.244,timestamp_domain.system_time,4438140.000,234.000,1,4438140.000,4438156.000,16.000,16.000,4438171.000,31.000,1,1,pnp_visible_ransac,9,1.776,3.2459,0.242526,3.472316,3.9954
2026-09-04T15:10:11.801,216,STAGING_PLAN,STAGING_PLAN,767,10,1788502211735.514,335.709,timestamp_domain.system_time,4438453.000,313.000,1,4438453.000,4438500.000,47.000,47.000,4438500.000,47.000,1,1,pnp_visible_ransac,9,1.848,3.2579,0.241159,3.467181,3.9788
2026-09-04T15:10:12.134,217,STAGING_PLAN,STAGING_PLAN,775,8,1788502212001.249,265.735,timestamp_domain.system_time,4438718.000,265.000,1,4438718.000,4438828.000,110.000,110.000,4438828.000,110.000,1,1,pnp_visible_ransac,9,1.779,3.3648,0.240786,3.465343,3.9748
2026-09-04T15:10:12.284,218,STAGING_PLAN,STAGING_PLAN,781,6,1788502212200.389,199.140,timestamp_domain.system_time,4438937.000,219.000,1,4438937.000,4438984.000,47.000,47.000,4438984.000,47.000,1,1,pnp_visible_ransac,9,1.863,3.3644,0.240961,3.467836,3.9748
2026-09-04T15:10:12.547,219,STAGING_PLAN,STAGING_PLAN,789,8,1788502212468.724,268.335,timestamp_domain.system_time,4439203.000,266.000,1,4439203.000,4439250.000,47.000,47.000,4439250.000,47.000,1,1,pnp_visible_ransac,9,1.918,3.5513,0.241715,3.476716,3.9770
2026-09-04T15:10:12.795,220,STAGING_PLAN,STAGING_PLAN,796,7,1788502212704.942,236.218,timestamp_domain.system_time,4439437.000,234.000,1,4439453.000,4439484.000,31.000,47.000,4439500.000,63.000,1,1,pnp_visible_ransac,9,1.808,3.4262,0.240570,3.477776,3.9570
2026-09-04T15:10:13.101,221,STAGING_PLAN,STAGING_PLAN,803,7,1788502212934.301,229.359,timestamp_domain.system_time,4439671.000,234.000,1,4439671.000,4439796.000,125.000,125.000,4439796.000,125.000,1,1,pnp_visible_ransac,9,1.854,3.2245,0.240624,3.465468,3.9719
2026-09-04T15:10:13.360,222,WAYPOINT_TURN,WAYPOINT_TURN,813,10,1788502213269.299,334.998,timestamp_domain.system_time,4440015.000,344.000,1,4440015.000,4440062.000,47.000,47.000,4440062.000,47.000,1,1,pnp_visible_ransac,9,1.855,3.2532,0.241400,3.472517,3.9767
2026-09-04T15:10:13.589,223,WAYPOINT_TURN,WAYPOINT_TURN,821,8,1788502213534.419,265.121,timestamp_domain.system_time,4440265.000,250.000,1,4440265.000,4440296.000,31.000,31.000,4440296.000,31.000,1,1,pnp_visible_ransac,9,1.759,5.0451,0.223555,3.483421,3.6720
2026-09-04T15:10:13.765,224,WAYPOINT_TURN,WAYPOINT_TURN,826,5,1788502213702.261,167.842,timestamp_domain.system_time,4440437.000,172.000,1,4440437.000,4440468.000,31.000,31.000,4440468.000,31.000,1,1,pnp_visible_ransac,9,1.904,4.3789,0.232537,3.477627,3.8255
2026-09-04T15:10:13.915,225,WAYPOINT_TURN,WAYPOINT_TURN,830,4,1788502213835.752,133.491,timestamp_domain.system_time,4440562.000,125.000,1,4440578.000,4440593.000,15.000,31.000,4440609.000,47.000,1,1,pnp_visible_ransac,9,1.840,3.6759,0.231969,3.466494,3.8284
2026-09-04T15:10:14.182,226,WAYPOINT_TURN,WAYPOINT_TURN,835,5,1788502214002.794,167.042,timestamp_domain.system_time,4440734.000,172.000,1,4440750.000,4440875.000,125.000,141.000,4440875.000,141.000,1,1,pnp_visible_ransac,9,1.631,3.5923,0.227714,3.455929,3.7698
2026-09-04T15:10:14.406,227,WAYPOINT_TURN,WAYPOINT_TURN,843,8,1788502214270.409,267.615,timestamp_domain.system_time,4441078.000,344.000,1,4441078.000,4441093.000,15.000,15.000,4441109.000,31.000,1,1,pnp_visible_ransac,9,2.468,4.4749,0.190561,3.415878,3.1930
2026-09-04T15:10:14.541,228,WAYPOINT_TURN,WAYPOINT_TURN,850,7,1788502214503.002,232.593,timestamp_domain.system_time,4441203.000,125.000,1,4441203.000,4441234.000,31.000,31.000,4441234.000,31.000,1,1,pnp_visible_ransac,7,2.992,3.8885,0.129694,3.381999,2.1961
2026-09-04T15:10:14.828,229,WAYPOINT_TURN,WAYPOINT_TURN,855,5,1788502214669.280,166.279,timestamp_domain.system_time,4441406.000,203.000,1,4441421.000,4441515.000,94.000,109.000,4441531.000,125.000,1,1,pnp_visible_ransac,9,3.995,-0.8352,0.053642,3.251402,0.9452
2026-09-04T15:10:14.997,230,WAYPOINT_TURN_SETTLE,WAYPOINT_TURN_SETTLE,863,8,1788502214936.823,267.543,timestamp_domain.system_time,4441656.000,250.000,1,4441671.000,4441703.000,32.000,47.000,4441703.000,47.000,1,1,pnp_visible_ransac,9,1.934,-2.5657,-0.214094,3.077528,-3.9795
2026-09-04T15:10:15.136,231,WAYPOINT_TURN_SETTLE,WAYPOINT_TURN_SETTLE,867,4,1788502215069.939,133.116,timestamp_domain.system_time,4441796.000,140.000,1,4441812.000,4441828.000,16.000,32.000,4441828.000,32.000,1,1,pnp_visible_ransac,9,1.924,-3.2216,-0.280467,3.065000,-5.2284
2026-09-04T15:10:15.293,232,WAYPOINT_TURN_SETTLE,WAYPOINT_TURN_SETTLE,872,5,1788502215236.997,167.058,timestamp_domain.system_time,4441953.000,157.000,1,4441968.000,4442000.000,32.000,47.000,4442000.000,47.000,1,1,pnp_visible_ransac,9,2.188,-4.1508,-0.297538,3.043926,-5.5828
2026-09-04T15:10:15.451,233,WAYPOINT_TURN_SETTLE,WAYPOINT_TURN_SETTLE,874,2,1788502215303.920,66.923,timestamp_domain.system_time,4442109.000,156.000,1,4442109.000,4442156.000,47.000,47.000,4442156.000,47.000,1,1,pnp_visible_ransac,9,1.673,-2.6167,-0.273812,3.050622,-5.1289
2026-09-04T15:10:15.691,234,WAYPOINT_TURN_SETTLE,WAYPOINT_TURN_SETTLE,882,8,1788502215570.083,266.164,timestamp_domain.system_time,4442312.000,203.000,1,4442328.000,4442390.000,62.000,78.000,4442390.000,78.000,1,1,pnp_visible_ransac,9,1.795,-2.7540,-0.262847,3.065485,-4.9008
2026-09-04T15:10:15.870,235,WAYPOINT_TURN_SETTLE,WAYPOINT_TURN_SETTLE,889,7,1788502215803.835,233.752,timestamp_domain.system_time,4442546.000,234.000,1,4442546.000,4442562.000,16.000,16.000,4442562.000,16.000,1,1,pnp_visible_ransac,9,1.922,-2.4317,-0.247671,3.061769,-4.6247
2026-09-04T15:10:16.053,236,WAYPOINT_TURN_SETTLE,WAYPOINT_TURN_SETTLE,895,6,1788502216004.027,200.192,timestamp_domain.system_time,4442703.000,157.000,1,4442703.000,4442734.000,31.000,31.000,4442750.000,47.000,1,1,pnp_visible_ransac,9,1.885,-2.9693,-0.262155,3.063014,-4.8919
2026-09-04T15:10:16.227,237,WAYPOINT_TURN_SETTLE,WAYPOINT_TURN_SETTLE,899,4,1788502216137.585,133.558,timestamp_domain.system_time,4442875.000,172.000,1,4442875.000,4442906.000,31.000,31.000,4442921.000,46.000,1,1,pnp_visible_ransac,9,1.807,-2.6315,-0.256065,3.071662,-4.7654
2026-09-04T15:10:16.428,238,WAYPOINT_TURN_SETTLE,WAYPOINT_TURN_SETTLE,904,5,1788502216304.839,167.254,timestamp_domain.system_time,4443093.000,218.000,1,4443093.000,4443125.000,32.000,32.000,4443125.000,32.000,1,1,pnp_visible_ransac,9,1.973,-2.9034,-0.256768,3.066856,-4.7858
2026-09-04T15:10:16.570,239,WAYPOINT_TURN_SETTLE,WAYPOINT_TURN_SETTLE,910,6,1788502216504.061,199.222,timestamp_domain.system_time,4443234.000,141.000,1,4443234.000,4443265.000,31.000,31.000,4443265.000,31.000,1,1,pnp_visible_ransac,9,1.898,-2.9686,-0.256936,3.065575,-4.7909
2026-09-04T15:10:16.799,240,WAYPOINT_TURN_SETTLE,WAYPOINT_TURN_SETTLE,917,7,1788502216738.070,234.009,timestamp_domain.system_time,4443468.000,234.000,1,4443468.000,4443500.000,32.000,32.000,4443500.000,32.000,1,1,pnp_visible_ransac,9,1.933,-2.9084,-0.259870,3.054995,-4.8621
2026-09-04T15:10:16.942,241,WAYPOINT_TURN_SETTLE,WAYPOINT_TURN_SETTLE,921,4,1788502216871.535,133.465,timestamp_domain.system_time,4443609.000,141.000,1,4443609.000,4443640.000,31.000,31.000,4443640.000,31.000,1,1,pnp_visible_ransac,9,1.842,-2.9339,-0.257100,3.066573,-4.7924
2026-09-04T15:10:17.078,242,WAYPOINT_TURN_SETTLE,WAYPOINT_TURN_SETTLE,925,4,1788502217005.026,133.490,timestamp_domain.system_time,4443734.000,125.000,1,4443734.000,4443781.000,47.000,47.000,4443781.000,47.000,1,1,pnp_visible_ransac,9,1.986,-2.9360,-0.257332,3.057778,-4.8105
2026-09-04T15:10:17.217,243,WAYPOINT_TURN_SETTLE,WAYPOINT_TURN_SETTLE,930,5,1788502217171.327,166.301,timestamp_domain.system_time,4443890.000,156.000,1,4443890.000,4443921.000,31.000,31.000,4443921.000,31.000,1,1,pnp_visible_ransac,9,1.939,-2.8064,-0.257959,3.063371,-4.8134
2026-09-04T15:10:17.356,244,WAYPOINT_TURN_SETTLE,WAYPOINT_TURN_SETTLE,934,4,1788502217305.028,133.701,timestamp_domain.system_time,4444031.000,141.000,1,4444031.000,4444062.000,31.000,31.000,4444062.000,31.000,1,1,pnp_visible_ransac,9,1.921,-2.8438,-0.257331,3.061960,-4.8039
2026-09-04T15:10:17.646,245,WAYPOINT_TURN_SETTLE,WAYPOINT_TURN_SETTLE,939,5,1788502217472.187,167.160,timestamp_domain.system_time,4444187.000,156.000,1,4444187.000,4444343.000,156.000,156.000,4444343.000,156.000,1,1,pnp_visible_ransac,9,1.960,-2.9284,-0.258320,3.063969,-4.8191
2026-09-04T15:10:17.984,246,WAYPOINT_TURN_SETTLE,WAYPOINT_TURN_SETTLE,948,9,1788502217771.899,299.712,timestamp_domain.system_time,4444515.000,328.000,1,4444531.000,4444687.000,156.000,172.000,4444687.000,172.000,1,1,pnp_visible_ransac,9,2.037,-2.8671,-0.258278,3.060360,-4.8240
2026-09-04T15:10:18.337,247,WAYPOINT_TURN_SETTLE,WAYPOINT_TURN_SETTLE,961,13,1788502218205.910,434.011,timestamp_domain.system_time,4444937.000,422.000,1,4444937.000,4445031.000,94.000,94.000,4445031.000,94.000,1,1,pnp_visible_ransac,9,1.887,-2.8433,-0.257327,3.066861,-4.7962
2026-09-04T15:10:18.598,248,WAYPOINT_TURN_SETTLE,WAYPOINT_TURN_SETTLE,970,9,1788502218504.737,298.827,timestamp_domain.system_time,4445234.000,297.000,1,4445234.000,4445281.000,47.000,47.000,4445296.000,62.000,1,1,pnp_visible_ransac,9,2.009,-2.8343,-0.258181,3.063276,-4.8176
2026-09-04T15:10:18.800,249,WAYPOINT_TURN_SETTLE,WAYPOINT_TURN_SETTLE,977,7,1788502218738.731,233.995,timestamp_domain.system_time,4445453.000,219.000,1,4445468.000,4445500.000,32.000,47.000,4445500.000,47.000,1,1,pnp_visible_ransac,9,1.908,-2.8599,-0.257509,3.061074,-4.8086
2026-09-04T15:10:19.026,250,WAYPOINT_TURN_SETTLE,WAYPOINT_TURN_SETTLE,984,7,1788502218972.679,233.948,timestamp_domain.system_time,4445703.000,250.000,1,4445703.000,4445718.000,15.000,15.000,4445718.000,15.000,1,1,pnp_visible_ransac,9,1.941,-2.7274,-0.259611,3.060544,-4.8485
2026-09-04T15:10:19.292,251,WAYPOINT_TURN_SETTLE,WAYPOINT_TURN_SETTLE,989,5,1788502219139.893,167.214,timestamp_domain.system_time,4445859.000,156.000,1,4445859.000,4445968.000,109.000,109.000,4445984.000,125.000,1,1,pnp_visible_ransac,9,1.879,-2.8658,-0.257344,3.062682,-4.8030
2026-09-04T15:10:19.475,252,WAYPOINT_TURN_SETTLE,WAYPOINT_TURN_SETTLE,995,6,1788502219341.325,201.433,timestamp_domain.system_time,4446140.000,281.000,1,4446140.000,4446171.000,31.000,31.000,4446171.000,31.000,1,1,pnp_visible_ransac,9,1.982,-2.8486,-0.257915,3.065672,-4.8090
2026-09-04T15:10:19.660,253,WAYPOINT_TURN_SETTLE,WAYPOINT_TURN_SETTLE,1002,7,1788502219573.773,232.448,timestamp_domain.system_time,4446296.000,156.000,1,4446296.000,4446359.000,63.000,63.000,4446359.000,63.000,1,1,pnp_visible_ransac,9,1.880,-2.8611,-0.258864,3.061927,-4.8325
2026-09-04T15:10:19.935,254,WAYPOINT_TURN_SETTLE,WAYPOINT_TURN_SETTLE,1010,8,1788502219840.553,266.779,timestamp_domain.system_time,4446578.000,282.000,1,4446578.000,4446625.000,47.000,47.000,4446640.000,62.000,1,1,pnp_visible_ransac,9,1.903,-2.8858,-0.258580,3.064263,-4.8235
2026-09-04T15:10:20.197,255,WAYPOINT_TURN_SETTLE,WAYPOINT_TURN_SETTLE,1019,9,1788502220139.424,298.872,timestamp_domain.system_time,4446843.000,265.000,1,4446843.000,4446875.000,32.000,32.000,4446890.000,47.000,1,1,pnp_visible_ransac,9,1.929,-2.8358,-0.258821,3.062444,-4.8308
2026-09-04T15:10:20.379,256,WAYPOINT_TURN_SETTLE,WAYPOINT_TURN_SETTLE,1023,4,1788502220273.690,134.266,timestamp_domain.system_time,4447015.000,172.000,1,4447015.000,4447078.000,63.000,63.000,4447078.000,63.000,1,1,pnp_visible_ransac,9,1.915,-2.7361,-0.258790,3.064408,-4.8272
2026-09-04T15:10:20.501,257,WAYPOINT_TURN_SETTLE,WAYPOINT_TURN_SETTLE,1026,3,1788502220374.086,100.396,timestamp_domain.system_time,4447171.000,156.000,1,4447171.000,4447203.000,32.000,32.000,4447203.000,32.000,1,1,pnp_visible_ransac,9,1.979,-2.8536,-0.257480,3.058995,-4.8113
2026-09-04T15:10:20.655,258,WAYPOINT_TURN_SETTLE,WAYPOINT_TURN_SETTLE,1032,6,1788502220574.059,199.973,timestamp_domain.system_time,4447296.000,125.000,1,4447296.000,4447359.000,63.000,63.000,4447359.000,63.000,1,1,pnp_visible_ransac,9,1.892,-2.9187,-0.258093,3.061118,-4.8194
2026-09-04T15:10:20.841,259,WAYPOINT_TURN_SETTLE,WAYPOINT_TURN_SETTLE,1038,6,1788502220773.970,199.911,timestamp_domain.system_time,4447484.000,188.000,1,4447500.000,4447531.000,31.000,47.000,4447546.000,62.000,1,1,pnp_visible_ransac,9,1.930,-2.8389,-0.258155,3.066506,-4.8121
2026-09-04T15:10:21.070,260,WAYPOINT_TURN_SETTLE,WAYPOINT_TURN_SETTLE,1045,7,1788502221007.463,233.493,timestamp_domain.system_time,4447718.000,234.000,1,4447718.000,4447765.000,47.000,47.000,4447765.000,47.000,1,1,pnp_visible_ransac,9,1.882,-2.9465,-0.258749,3.059485,-4.8341
2026-09-04T15:10:21.222,261,WAYPOINT_TURN_SETTLE,WAYPOINT_TURN_SETTLE,1050,5,1788502221173.404,165.942,timestamp_domain.system_time,4447890.000,172.000,1,4447890.000,4447921.000,31.000,31.000,4447921.000,31.000,1,1,pnp_visible_ransac,9,1.986,-2.8892,-0.257825,3.057410,-4.8202
2026-09-04T15:10:21.353,262,WAYPOINT_TURN_SETTLE,WAYPOINT_TURN_SETTLE,1054,4,1788502221308.138,134.734,timestamp_domain.system_time,4448015.000,125.000,1,4448015.000,4448046.000,31.000,31.000,4448046.000,31.000,1,1,pnp_visible_ransac,9,1.894,-2.7829,-0.258663,3.064275,-4.8250
2026-09-04T15:10:21.493,263,WAYPOINT_TURN_SETTLE,WAYPOINT_TURN_SETTLE,1056,2,1788502221374.944,66.806,timestamp_domain.system_time,4448171.000,156.000,1,4448171.000,4448187.000,16.000,16.000,4448187.000,16.000,1,1,pnp_visible_ransac,9,1.957,-2.8369,-0.257890,3.060097,-4.8172
2026-09-04T15:10:21.617,264,WAYPOINT_TURN_SETTLE,WAYPOINT_TURN_SETTLE,1061,5,1788502221541.383,166.439,timestamp_domain.system_time,4448281.000,110.000,1,4448281.000,4448312.000,31.000,31.000,4448312.000,31.000,1,1,pnp_visible_ransac,9,1.908,-2.7200,-0.259461,3.056935,-4.8514
2026-09-04T15:10:21.808,265,STAGING_PLAN,STAGING_PLAN,1066,5,1788502221708.111,166.728,timestamp_domain.system_time,4448437.000,156.000,1,4448437.000,4448500.000,63.000,63.000,4448515.000,78.000,1,1,pnp_visible_ransac,9,1.903,-2.8188,-0.258784,3.060018,-4.8340
2026-09-04T15:10:21.927,266,STAGING_PLAN,STAGING_PLAN,1071,5,1788502221875.262,167.151,timestamp_domain.system_time,4448593.000,156.000,1,4448593.000,4448625.000,32.000,32.000,4448625.000,32.000,1,1,pnp_visible_ransac,9,1.835,-2.7361,-0.258443,3.062146,-4.8243
2026-09-04T15:10:22.034,267,STAGING_PLAN,STAGING_PLAN,1074,3,1788502221974.896,99.634,timestamp_domain.system_time,4448703.000,110.000,1,4448703.000,4448734.000,31.000,31.000,4448734.000,31.000,1,1,pnp_visible_ransac,9,1.911,-2.7377,-0.258774,3.064377,-4.8269
2026-09-04T15:10:22.178,268,STAGING_PLAN,STAGING_PLAN,1077,3,1788502222075.223,100.326,timestamp_domain.system_time,4448812.000,109.000,1,4448812.000,4448875.000,63.000,63.000,4448875.000,63.000,1,1,pnp_visible_ransac,9,1.891,-2.7974,-0.258630,3.062566,-4.8271
2026-09-04T15:10:22.280,269,STAGING_PLAN,STAGING_PLAN,1082,5,1788502222242.026,166.803,timestamp_domain.system_time,4448968.000,156.000,1,4448968.000,4448984.000,16.000,16.000,4448984.000,16.000,1,1,pnp_visible_ransac,9,1.956,-2.8430,-0.258532,3.062710,-4.8251
2026-09-04T15:10:22.386,270,STAGING_PLAN,STAGING_PLAN,1085,3,1788502222341.163,99.137,timestamp_domain.system_time,4449062.000,94.000,1,4449062.000,4449093.000,31.000,31.000,4449093.000,31.000,1,1,pnp_visible_ransac,9,1.925,-2.8132,-0.258937,3.058283,-4.8395
2026-09-04T15:10:22.481,271,STAGING_PLAN,STAGING_PLAN,1086,1,1788502222374.412,33.249,timestamp_domain.system_time,4449156.000,94.000,1,4449156.000,4449187.000,31.000,31.000,4449187.000,31.000,1,1,pnp_visible_ransac,9,1.868,-2.9218,-0.257421,3.070093,-4.7929
2026-09-04T15:10:22.581,272,STAGING_PLAN,STAGING_PLAN,1091,5,1788502222540.917,166.505,timestamp_domain.system_time,4449265.000,109.000,1,4449265.000,4449281.000,16.000,16.000,4449281.000,16.000,1,1,pnp_visible_ransac,9,1.883,-2.8108,-0.258391,3.065159,-4.8186
2026-09-04T15:10:22.691,273,STAGING_PLAN,STAGING_PLAN,1094,3,1788502222640.729,99.812,timestamp_domain.system_time,4449359.000,94.000,1,4449359.000,4449375.000,16.000,16.000,4449390.000,31.000,1,1,pnp_visible_ransac,9,1.932,-2.8491,-0.258255,3.062943,-4.8195
2026-09-04T15:10:22.784,274,STAGING_PLAN,STAGING_PLAN,1097,3,1788502222740.497,99.767,timestamp_domain.system_time,4449453.000,94.000,1,4449453.000,4449484.000,31.000,31.000,4449484.000,31.000,1,1,pnp_visible_ransac,9,1.943,-2.8989,-0.258360,3.062078,-4.8229
2026-09-04T15:10:22.929,275,WAYPOINT_TURN,WAYPOINT_TURN,1101,4,1788502222874.249,133.752,timestamp_domain.system_time,4449593.000,140.000,1,4449609.000,4449625.000,16.000,32.000,4449625.000,32.000,1,1,pnp_visible_ransac,9,1.946,-2.8565,-0.258652,3.057792,-4.8350
2026-09-04T15:10:23.024,276,WAYPOINT_TURN,WAYPOINT_TURN,1104,3,1788502222974.020,99.771,timestamp_domain.system_time,4449703.000,110.000,1,4449703.000,4449718.000,15.000,15.000,4449718.000,15.000,1,1,pnp_visible_ransac,9,1.930,-2.8799,-0.258061,3.058237,-4.8233
2026-09-04T15:10:23.125,277,WAYPOINT_TURN,WAYPOINT_TURN,1107,3,1788502223074.140,100.120,timestamp_domain.system_time,4449812.000,109.000,1,4449812.000,4449828.000,16.000,16.000,4449828.000,16.000,1,1,pnp_visible_ransac,9,1.977,-2.8600,-0.258174,3.062288,-4.8191
2026-09-04T15:10:23.245,278,WAYPOINT_TURN,WAYPOINT_TURN,1110,3,1788502223174.190,100.050,timestamp_domain.system_time,4449921.000,109.000,1,4449921.000,4449953.000,32.000,32.000,4449953.000,32.000,1,1,pnp_visible_ransac,9,1.918,-2.9684,-0.256956,3.065780,-4.7910
2026-09-04T15:10:23.337,279,WAYPOINT_TURN,WAYPOINT_TURN,1114,4,1788502223307.536,133.346,timestamp_domain.system_time,4450015.000,94.000,1,4450031.000,4450031.000,0.000,16.000,4450031.000,16.000,1,1,pnp_visible_ransac,9,1.758,-2.5758,-0.254453,3.071429,-4.7359
2026-09-04T15:10:23.444,280,WAYPOINT_TURN,WAYPOINT_TURN,1117,3,1788502223407.811,100.275,timestamp_domain.system_time,4450109.000,94.000,1,4450125.000,4450140.000,15.000,31.000,4450140.000,31.000,1,1,pnp_visible_ransac,9,1.996,-2.5378,-0.254078,3.071350,-4.7290
2026-09-04T15:10:23.567,281,WAYPOINT_TURN,WAYPOINT_TURN,1118,1,1788502223441.385,33.574,timestamp_domain.system_time,4450250.000,141.000,1,4450250.000,4450265.000,15.000,15.000,4450265.000,15.000,1,1,pnp_visible_ransac,9,1.829,-2.6172,-0.253997,3.070566,-4.7287
2026-09-04T15:10:23.672,282,WAYPOINT_TURN,WAYPOINT_TURN,1123,5,1788502223607.750,166.364,timestamp_domain.system_time,4450343.000,93.000,1,4450343.000,4450375.000,32.000,32.000,4450375.000,32.000,1,1,pnp_visible_ransac,9,1.862,-2.5445,-0.255048,3.076143,-4.7397
2026-09-04T15:10:23.767,283,WAYPOINT_TURN,WAYPOINT_TURN,1127,4,1788502223741.381,133.631,timestamp_domain.system_time,4450453.000,110.000,1,4450453.000,4450468.000,15.000,15.000,4450468.000,15.000,1,1,pnp_visible_ransac,9,1.895,-2.6301,-0.252861,3.076199,-4.6991
2026-09-04T15:10:23.867,284,WAYPOINT_TURN,WAYPOINT_TURN,1129,2,1788502223807.983,66.602,timestamp_domain.system_time,4450546.000,93.000,1,4450546.000,4450562.000,16.000,16.000,4450562.000,16.000,1,1,pnp_visible_ransac,9,1.867,-2.5859,-0.252781,3.079174,-4.6931
2026-09-04T15:10:23.975,285,WAYPOINT_TURN,WAYPOINT_TURN,1133,4,1788502223942.185,134.202,timestamp_domain.system_time,4450656.000,110.000,1,4450656.000,4450671.000,15.000,15.000,4450671.000,15.000,1,1,pnp_visible_ransac,9,1.704,-2.7915,-0.240546,3.073515,-4.4751
2026-09-04T15:10:24.086,286,WAYPOINT_TURN,WAYPOINT_TURN,1136,3,1788502224041.351,99.166,timestamp_domain.system_time,4450750.000,94.000,1,4450765.000,4450781.000,16.000,31.000,4450781.000,31.000,1,1,pnp_visible_ransac,9,2.003,-2.5393,-0.221259,3.067115,-4.1261
2026-09-04T15:10:24.189,287,WAYPOINT_TURN,WAYPOINT_TURN,1139,3,1788502224141.571,100.220,timestamp_domain.system_time,4450859.000,109.000,1,4450859.000,4450890.000,31.000,31.000,4450890.000,31.000,1,1,pnp_visible_ransac,9,2.309,-2.3072,-0.212110,3.051969,-3.9756
2026-09-04T15:10:24.286,288,WAYPOINT_TURN,WAYPOINT_TURN,1142,3,1788502224241.792,100.221,timestamp_domain.system_time,4450968.000,109.000,1,4450968.000,4450984.000,16.000,16.000,4450984.000,16.000,1,1,pnp_visible_ransac,9,1.804,-1.7832,-0.181351,3.069872,-3.3808
2026-09-04T15:10:24.397,289,WAYPOINT_TURN,WAYPOINT_TURN,1145,3,1788502224341.888,100.095,timestamp_domain.system_time,4451078.000,110.000,1,4451078.000,4451093.000,15.000,15.000,4451093.000,15.000,1,1,pnp_visible_ransac,9,1.954,-1.5829,-0.136915,3.040043,-2.5787
2026-09-04T15:10:24.507,290,WAYPOINT_TURN,WAYPOINT_TURN,1147,2,1788502224408.465,66.577,timestamp_domain.system_time,4451171.000,93.000,1,4451171.000,4451203.000,32.000,32.000,4451203.000,32.000,1,1,pnp_visible_ransac,9,1.997,-0.6635,-0.108922,3.028296,-2.0599
2026-09-04T15:10:24.609,291,WAYPOINT_TURN_SETTLE,WAYPOINT_TURN_SETTLE,1152,5,1788502224575.152,166.688,timestamp_domain.system_time,4451281.000,110.000,1,4451296.000,4451312.000,16.000,31.000,4451312.000,31.000,1,1,pnp_visible_ransac,9,1.922,1.4704,-0.010210,3.059249,-0.1912
2026-09-04T15:10:24.725,292,WAYPOINT_TURN_SETTLE,WAYPOINT_TURN_SETTLE,1155,3,1788502224675.649,100.497,timestamp_domain.system_time,4451390.000,109.000,1,4451390.000,4451421.000,31.000,31.000,4451421.000,31.000,1,1,pnp_visible_ransac,7,2.331,4.3912,0.059784,3.441363,0.9952
2026-09-04T15:10:24.830,293,WAYPOINT_TURN_SETTLE,WAYPOINT_TURN_SETTLE,1158,3,1788502224775.242,99.593,timestamp_domain.system_time,4451500.000,110.000,1,4451515.000,4451531.000,16.000,31.000,4451531.000,31.000,1,1,pnp_visible_ransac,9,2.701,2.1935,0.171097,3.410488,2.8720
2026-09-04T15:10:24.934,294,WAYPOINT_TURN_SETTLE,WAYPOINT_TURN_SETTLE,1161,3,1788502224875.442,100.199,timestamp_domain.system_time,4451609.000,109.000,1,4451609.000,4451625.000,16.000,16.000,4451640.000,31.000,1,1,pnp_visible_ransac,9,3.651,0.5293,0.146841,3.310180,2.5400
2026-09-04T15:10:25.026,295,WAYPOINT_TURN_SETTLE,WAYPOINT_TURN_SETTLE,1164,3,1788502224975.468,100.026,timestamp_domain.system_time,4451687.000,78.000,1,4451703.000,4451718.000,15.000,31.000,4451718.000,31.000,1,1,pnp_visible_ransac,7,2.342,8.5888,0.039447,3.703865,0.6102
2026-09-04T15:10:25.140,296,WAYPOINT_TURN_SETTLE,WAYPOINT_TURN_SETTLE,1167,3,1788502225077.239,101.771,timestamp_domain.system_time,4451796.000,109.000,1,4451812.000,4451828.000,16.000,32.000,4451843.000,47.000,1,1,pnp_visible_ransac,9,4.122,-0.2542,0.127489,3.316620,2.2013
2026-09-04T15:10:25.241,297,WAYPOINT_TURN_SETTLE,WAYPOINT_TURN_SETTLE,1170,3,1788502225175.729,98.490,timestamp_domain.system_time,4451906.000,110.000,1,4451921.000,4451937.000,16.000,31.000,4451937.000,31.000,1,1,pnp_visible_ransac,7,3.326,-37.8794,0.522507,4.881937,6.1090
2026-09-04T15:10:25.341,298,WAYPOINT_TURN_SETTLE,WAYPOINT_TURN_SETTLE,1174,4,1788502225309.137,133.408,timestamp_domain.system_time,4452015.000,109.000,1,4452015.000,4452031.000,16.000,16.000,4452046.000,31.000,1,1,pnp_visible_ransac,9,3.379,0.5988,0.111915,3.215876,1.9931
2026-09-04T15:10:25.453,299,WAYPOINT_TURN_SETTLE,WAYPOINT_TURN_SETTLE,1177,3,1788502225409.889,100.752,timestamp_domain.system_time,4452109.000,94.000,1,4452125.000,4452140.000,15.000,31.000,4452156.000,47.000,1,1,pnp_visible_ransac,9,4.922,-1.9618,0.147075,3.448038,2.4425
2026-09-04T15:10:25.557,300,WAYPOINT_TURN_SETTLE,WAYPOINT_TURN_SETTLE,1177,0,1788502225409.889,0.000,timestamp_domain.system_time,4452218.000,109.000,1,4452234.000,4452250.000,16.000,32.000,4452250.000,32.000,1,1,pnp_visible_ransac,9,4.922,-1.9618,0.147075,3.448038,2.4425
2026-09-04T15:10:25.652,301,WAYPOINT_TURN_SETTLE,WAYPOINT_TURN_SETTLE,1183,6,1788502225609.346,199.457,timestamp_domain.system_time,4452328.000,110.000,1,4452328.000,4452359.000,31.000,31.000,4452359.000,31.000,1,1,pnp_visible_ransac,9,2.896,1.9535,0.097407,3.142142,1.7756
2026-09-04T15:10:25.757,302,WAYPOINT_TURN_SETTLE,WAYPOINT_TURN_SETTLE,1186,3,1788502225709.375,100.028,timestamp_domain.system_time,4452421.000,93.000,1,4452437.000,4452453.000,16.000,32.000,4452453.000,32.000,1,1,pnp_visible_ransac,9,4.209,-0.4676,0.133819,3.363759,2.2782
2026-09-04T15:10:25.869,303,WAYPOINT_TURN_SETTLE,WAYPOINT_TURN_SETTLE,1189,3,1788502225809.694,100.320,timestamp_domain.system_time,4452546.000,125.000,1,4452546.000,4452562.000,16.000,16.000,4452562.000,16.000,1,1,pnp_visible_ransac,7,3.010,42.8150,-0.176847,4.960866,-2.0416
2026-09-04T15:10:25.980,304,WAYPOINT_TURN_SETTLE,WAYPOINT_TURN_SETTLE,1193,4,1788502225942.786,133.091,timestamp_domain.system_time,4452640.000,94.000,1,4452656.000,4452671.000,15.000,31.000,4452687.000,47.000,1,1,pnp_visible_ransac,7,2.930,-25.7264,0.393568,4.588818,4.9021
2026-09-04T15:10:26.081,305,WAYPOINT_TURN_SETTLE,WAYPOINT_TURN_SETTLE,1196,3,1788502226042.833,100.047,timestamp_domain.system_time,4452750.000,110.000,1,4452750.000,4452781.000,31.000,31.000,4452781.000,31.000,1,1,pnp_visible_ransac,7,3.425,-1.4779,0.215172,3.968498,3.1035
2026-09-04T15:10:26.189,306,WAYPOINT_TURN_SETTLE,WAYPOINT_TURN_SETTLE,1199,3,1788502226143.064,100.231,timestamp_domain.system_time,4452859.000,109.000,1,4452859.000,4452890.000,31.000,31.000,4452890.000,31.000,1,1,pnp_visible_ransac,7,4.162,-2.8922,0.255572,4.205270,3.4778
2026-09-04T15:10:26.289,307,WAYPOINT_TURN_SETTLE,WAYPOINT_TURN_SETTLE,1202,3,1788502226242.900,99.836,timestamp_domain.system_time,4452953.000,94.000,1,4452968.000,4452984.000,16.000,31.000,4452984.000,31.000,1,1,pnp_visible_ransac,8,4.122,-0.2291,0.125597,3.322328,2.1650
2026-09-04T15:10:26.397,308,WAYPOINT_TURN_SETTLE,WAYPOINT_TURN_SETTLE,1205,3,1788502226343.042,100.143,timestamp_domain.system_time,4453062.000,109.000,1,4453062.000,4453093.000,31.000,31.000,4453093.000,31.000,1,1,pnp_visible_ransac,9,3.501,0.5878,0.117780,3.273898,2.0604
2026-09-04T15:10:26.490,309,WAYPOINT_TURN_SETTLE,WAYPOINT_TURN_SETTLE,1208,3,1788502226443.282,100.240,timestamp_domain.system_time,4453156.000,94.000,1,4453171.000,4453187.000,16.000,31.000,4453187.000,31.000,1,1,pnp_visible_ransac,9,3.099,1.6524,0.098075,3.164948,1.7749
2026-09-04T15:10:26.610,310,WAYPOINT_TURN_SETTLE,WAYPOINT_TURN_SETTLE,1211,3,1788502226543.950,100.667,timestamp_domain.system_time,4453281.000,125.000,1,4453281.000,4453312.000,31.000,31.000,4453312.000,31.000,1,1,pnp_visible_ransac,9,3.917,0.2465,0.123069,3.289403,2.1427
2026-09-04T15:10:26.708,311,WAYPOINT_TURN_SETTLE,WAYPOINT_TURN_SETTLE,1215,4,1788502226677.095,133.146,timestamp_domain.system_time,4453390.000,109.000,1,4453390.000,4453406.000,16.000,16.000,4453406.000,16.000,1,1,pnp_visible_ransac,8,3.641,0.2801,0.138543,3.422095,2.3183
2026-09-04T15:10:26.815,312,WAYPOINT_TURN_SETTLE,WAYPOINT_TURN_SETTLE,1218,3,1788502226776.778,99.683,timestamp_domain.system_time,4453484.000,94.000,1,4453484.000,4453500.000,16.000,16.000,4453515.000,31.000,1,1,pnp_visible_ransac,9,4.235,-0.4878,0.133696,3.359814,2.2788
2026-09-04T15:10:26.922,313,WAYPOINT_TURN_SETTLE,WAYPOINT_TURN_SETTLE,1221,3,1788502226876.900,100.122,timestamp_domain.system_time,4453593.000,109.000,1,4453593.000,4453625.000,32.000,32.000,4453625.000,32.000,1,1,pnp_visible_ransac,7,3.628,-1.3335,0.220244,3.999479,3.1520
2026-09-04T15:10:27.029,314,WAYPOINT_TURN_SETTLE,WAYPOINT_TURN_SETTLE,1224,3,1788502226977.076,100.176,timestamp_domain.system_time,4453703.000,110.000,1,4453703.000,4453718.000,15.000,15.000,4453734.000,31.000,1,1,pnp_visible_ransac,7,2.662,-18.0587,0.318659,4.306826,4.2316
2026-09-04T15:10:27.129,315,WAYPOINT_TURN_SETTLE,WAYPOINT_TURN_SETTLE,1227,3,1788502227077.082,100.005,timestamp_domain.system_time,4453796.000,93.000,1,4453796.000,4453812.000,16.000,16.000,4453828.000,32.000,1,1,pnp_visible_ransac,7,4.484,-3.9014,0.278860,4.346764,3.6707
2026-09-04T15:10:27.231,316,WAYPOINT_TURN_SETTLE,WAYPOINT_TURN_SETTLE,1230,3,1788502227177.102,100.021,timestamp_domain.system_time,4453906.000,110.000,1,4453906.000,4453937.000,31.000,31.000,4453937.000,31.000,1,1,pnp_visible_ransac,9,4.176,-0.3823,0.132714,3.352460,2.2670
2026-09-04T15:10:27.340,317,WAYPOINT_TURN_SETTLE,WAYPOINT_TURN_SETTLE,1233,3,1788502227277.040,99.937,timestamp_domain.system_time,4454000.000,94.000,1,4454000.000,4454015.000,15.000,15.000,4454046.000,46.000,1,1,pnp_visible_ransac,7,3.746,-6.2145,0.223625,3.231345,3.9588
2026-09-04T15:10:27.430,318,WAYPOINT_TURN_SETTLE,WAYPOINT_TURN_SETTLE,1236,3,1788502227377.423,100.383,timestamp_domain.system_time,4454109.000,109.000,1,4454109.000,4454125.000,16.000,16.000,4454125.000,16.000,1,1,pnp_visible_ransac,8,4.362,-0.6993,0.134145,3.370944,2.2788
2026-09-04T15:10:27.536,319,WAYPOINT_TURN_SETTLE,WAYPOINT_TURN_SETTLE,1238,2,1788502227444.594,67.171,timestamp_domain.system_time,4454203.000,94.000,1,4454203.000,4454218.000,15.000,15.000,4454234.000,31.000,1,1,pnp_visible_ransac,7,4.192,-3.8960,0.265727,4.268464,3.5623
2026-09-04T15:10:27.642,320,WAYPOINT_TURN_SETTLE,WAYPOINT_TURN_SETTLE,1243,5,1788502227611.280,166.686,timestamp_domain.system_time,4454312.000,109.000,1,4454328.000,4454343.000,15.000,31.000,4454343.000,31.000,1,1,pnp_visible_ransac,9,3.358,0.8283,0.111199,3.244688,1.9628
2026-09-04T15:10:27.755,321,WAYPOINT_TURN_SETTLE,WAYPOINT_TURN_SETTLE,1246,3,1788502227710.581,99.301,timestamp_domain.system_time,4454421.000,109.000,1,4454437.000,4454453.000,16.000,32.000,4454453.000,32.000,1,1,pnp_visible_ransac,8,5.197,-3.1957,0.177905,3.444046,2.9570
2026-09-04T15:10:27.854,322,WAYPOINT_TURN_SETTLE,WAYPOINT_TURN_SETTLE,1249,3,1788502227810.578,99.998,timestamp_domain.system_time,4454531.000,110.000,1,4454531.000,4454546.000,15.000,15.000,4454546.000,15.000,1,1,pnp_visible_ransac,7,3.895,-1.9544,0.236142,4.072648,3.3184
2026-09-04T15:10:27.962,323,WAYPOINT_TURN_SETTLE,WAYPOINT_TURN_SETTLE,1252,3,1788502227911.007,100.428,timestamp_domain.system_time,4454625.000,94.000,1,4454625.000,4454640.000,15.000,15.000,4454656.000,31.000,1,1,pnp_visible_ransac,7,3.121,-38.1522,0.504326,4.901725,5.8744
2026-09-04T15:10:28.068,324,WAYPOINT_TURN_SETTLE,WAYPOINT_TURN_SETTLE,1255,3,1788502228011.031,100.025,timestamp_domain.system_time,4454734.000,109.000,1,4454750.000,4454765.000,15.000,31.000,4454765.000,31.000,1,1,pnp_visible_ransac,7,2.719,-18.5688,0.322201,4.318127,4.2673
2026-09-04T15:10:28.177,325,WAYPOINT_TURN_SETTLE,WAYPOINT_TURN_SETTLE,1259,4,1788502228144.440,133.408,timestamp_domain.system_time,4454843.000,109.000,1,4454843.000,4454875.000,32.000,32.000,4454875.000,32.000,1,1,pnp_visible_ransac,7,3.876,-7.0227,0.236233,3.235007,4.1766
2026-09-04T15:10:28.277,326,WAYPOINT_TURN_SETTLE,WAYPOINT_TURN_SETTLE,1262,3,1788502228244.426,99.986,timestamp_domain.system_time,4454953.000,110.000,1,4454953.000,4454984.000,31.000,31.000,4454984.000,31.000,1,1,pnp_visible_ransac,8,5.086,-3.1029,0.175132,3.434790,2.9188
2026-09-04T15:10:28.389,327,WAYPOINT_TURN_SETTLE,WAYPOINT_TURN_SETTLE,1265,3,1788502228345.194,100.769,timestamp_domain.system_time,4455062.000,109.000,1,4455062.000,4455093.000,31.000,31.000,4455093.000,31.000,1,1,pnp_visible_ransac,7,2.393,-10.6609,0.237097,3.928053,3.4542
2026-09-04T15:10:28.489,328,WAYPOINT_TURN_SETTLE,WAYPOINT_TURN_SETTLE,1268,3,1788502228444.793,99.599,timestamp_domain.system_time,4455171.000,109.000,1,4455171.000,4455187.000,16.000,16.000,4455187.000,16.000,1,1,pnp_visible_ransac,7,4.243,-7.9616,0.251128,3.242898,4.4281
2026-09-04T15:10:28.590,329,WAYPOINT_TURN_SETTLE,WAYPOINT_TURN_SETTLE,1269,1,1788502228477.965,33.171,timestamp_domain.system_time,4455265.000,94.000,1,4455265.000,4455296.000,31.000,31.000,4455296.000,31.000,1,1,pnp_visible_ransac,7,3.556,-1.5390,0.220639,3.999634,3.1575
2026-09-04T15:10:28.691,330,WAYPOINT_TURN_SETTLE,WAYPOINT_TURN_SETTLE,1274,5,1788502228645.014,167.050,timestamp_domain.system_time,4455375.000,110.000,1,4455375.000,4455390.000,15.000,15.000,4455390.000,15.000,1,1,pnp_visible_ransac,8,5.132,-3.8443,0.186839,3.489953,3.0645
2026-09-04T15:10:28.802,331,WAYPOINT_TURN_SETTLE,WAYPOINT_TURN_SETTLE,1277,3,1788502228744.798,99.783,timestamp_domain.system_time,4455468.000,93.000,1,4455484.000,4455484.000,0.000,16.000,4455500.000,32.000,1,1,pnp_visible_ransac,9,2.897,1.9091,0.096061,3.151703,1.7458
2026-09-04T15:10:28.902,332,WAYPOINT_TURN_SETTLE,WAYPOINT_TURN_SETTLE,1280,3,1788502228845.176,100.378,timestamp_domain.system_time,4455578.000,110.000,1,4455578.000,4455609.000,31.000,31.000,4455609.000,31.000,1,1,pnp_visible_ransac,7,2.471,-11.0105,0.235853,3.930094,3.4343
2026-09-04T15:10:29.013,333,WAYPOINT_TURN_SETTLE,WAYPOINT_TURN_SETTLE,1284,4,1788502228979.754,134.578,timestamp_domain.system_time,4455687.000,109.000,1,4455687.000,4455718.000,31.000,31.000,4455718.000,31.000,1,1,pnp_visible_ransac,9,3.758,0.4453,0.120890,3.287961,2.1057
2026-09-04T15:10:29.138,334,WAYPOINT_TURN_SETTLE,WAYPOINT_TURN_SETTLE,1287,3,1788502229080.017,100.263,timestamp_domain.system_time,4455796.000,109.000,1,4455796.000,4455843.000,47.000,47.000,4455843.000,47.000,1,1,pnp_visible_ransac,8,4.357,-0.6349,0.133228,3.366559,2.2662
2026-09-04T15:10:29.435,335,WAYPOINT_TURN_SETTLE,WAYPOINT_TURN_SETTLE,1292,5,1788502229246.812,166.795,timestamp_domain.system_time,4455968.000,172.000,1,4455968.000,4456125.000,157.000,157.000,4456140.000,172.000,1,1,pnp_visible_ransac,8,4.258,-0.4043,0.128541,3.338838,2.2047
2026-09-04T15:10:29.653,336,WAYPOINT_TURN_SETTLE,WAYPOINT_TURN_SETTLE,1298,6,1788502229450.140,203.328,timestamp_domain.system_time,4456312.000,344.000,1,4456312.000,4456359.000,47.000,47.000,4456359.000,47.000,1,1,pnp_visible_ransac,8,4.332,-0.1552,0.125906,3.318903,2.1725
2026-09-04T15:10:29.889,337,WAYPOINT_TURN_SETTLE,WAYPOINT_TURN_SETTLE,1307,9,1788502229747.302,297.163,timestamp_domain.system_time,4456453.000,141.000,1,4456468.000,4456578.000,110.000,125.000,4456593.000,140.000,1,1,pnp_visible_ransac,8,4.090,-0.2761,0.126800,3.333594,2.1783
2026-09-04T15:10:30.148,338,WAYPOINT_TURN_SETTLE,WAYPOINT_TURN_SETTLE,1314,7,1788502229979.658,232.356,timestamp_domain.system_time,4456703.000,250.000,1,4456718.000,4456843.000,125.000,140.000,4456843.000,140.000,1,1,pnp_visible_ransac,9,3.865,-0.1948,0.127228,3.325440,2.1910
2026-09-04T15:10:30.600,339,WAYPOINT_TURN_SETTLE,WAYPOINT_TURN_SETTLE,1325,11,1788502230346.137,366.479,timestamp_domain.system_time,4457062.000,359.000,1,4457062.000,4457281.000,219.000,219.000,4457296.000,234.000,1,1,pnp_visible_ransac,9,3.413,0.7716,0.112877,3.245525,1.9919
2026-09-04T15:10:30.759,340,WAYPOINT_TURN_SETTLE,WAYPOINT_TURN_SETTLE,1335,10,1788502230679.573,333.436,timestamp_domain.system_time,4457421.000,359.000,1,4457421.000,4457453.000,32.000,32.000,4457453.000,32.000,1,1,pnp_visible_ransac,7,2.714,-19.3099,0.329615,4.346359,4.3368
2026-09-04T15:10:30.903,341,WAYPOINT_TURN_SETTLE,WAYPOINT_TURN_SETTLE,1340,5,1788502230847.922,168.349,timestamp_domain.system_time,4457562.000,141.000,1,4457562.000,4457593.000,31.000,31.000,4457609.000,47.000,1,1,pnp_visible_ransac,7,4.306,-2.8653,0.258276,4.225477,3.4978
2026-09-04T15:10:31.064,342,WAYPOINT_TURN_SETTLE,WAYPOINT_TURN_SETTLE,1344,4,1788502230981.358,133.436,timestamp_domain.system_time,4457703.000,141.000,1,4457718.000,4457734.000,16.000,31.000,4457765.000,62.000,1,1,pnp_visible_ransac,7,2.832,-21.0405,0.344944,4.421384,4.4610
2026-09-04T15:10:31.292,343,WAYPOINT_TURN_SETTLE,WAYPOINT_TURN_SETTLE,1351,7,1788502231213.559,232.201,timestamp_domain.system_time,4457921.000,218.000,1,4457937.000,4457984.000,47.000,63.000,4457984.000,63.000,1,1,pnp_visible_ransac,8,4.264,-0.4567,0.131569,3.354422,2.2461
2026-09-04T15:10:31.441,344,WAYPOINT_TURN_SETTLE,WAYPOINT_TURN_SETTLE,1356,5,1788502231380.580,167.021,timestamp_domain.system_time,4458109.000,188.000,1,4458109.000,4458140.000,31.000,31.000,4458140.000,31.000,1,1,pnp_visible_ransac,7,2.834,-24.7385,0.384828,4.566182,4.8174
2026-09-04T15:10:31.595,345,WAYPOINT_TURN_SETTLE,WAYPOINT_TURN_SETTLE,1359,3,1788502231482.342,101.762,timestamp_domain.system_time,4458250.000,141.000,1,4458250.000,4458281.000,31.000,31.000,4458296.000,46.000,1,1,pnp_visible_ransac,7,3.373,-2.0514,0.223001,4.011141,3.1821
2026-09-04T15:10:31.777,346,WAYPOINT_TURN_SETTLE,WAYPOINT_TURN_SETTLE,1366,7,1788502231715.607,233.265,timestamp_domain.system_time,4458437.000,187.000,1,4458453.000,4458484.000,31.000,47.000,4458484.000,47.000,1,1,pnp_visible_ransac,7,2.904,-26.2601,0.399449,4.610540,4.9516
2026-09-04T15:10:31.923,347,WAYPOINT_TURN_SETTLE,WAYPOINT_TURN_SETTLE,1370,4,1788502231848.669,133.062,timestamp_domain.system_time,4458578.000,141.000,1,4458593.000,4458625.000,32.000,47.000,4458625.000,47.000,1,1,pnp_visible_ransac,8,4.288,-0.9374,0.134251,3.381222,2.2737
2026-09-04T15:10:32.116,348,WAYPOINT_TURN_SETTLE,WAYPOINT_TURN_SETTLE,1376,6,1788502232048.961,200.292,timestamp_domain.system_time,4458781.000,203.000,1,4458781.000,4458812.000,31.000,31.000,4458812.000,31.000,1,1,pnp_visible_ransac,7,2.830,0.3958,0.178608,3.735421,2.7375
2026-09-04T15:10:32.486,349,WAYPOINT_TURN_SETTLE,WAYPOINT_TURN_SETTLE,1381,5,1788502232215.366,166.405,timestamp_domain.system_time,4458953.000,172.000,1,4458968.000,4459171.000,203.000,218.000,4459187.000,234.000,1,1,pnp_visible_ransac,7,4.072,-3.4868,0.259772,4.231188,3.5132
2026-09-04T15:10:32.879,350,WAYPOINT_TURN_SETTLE,WAYPOINT_TURN_SETTLE,1395,14,1788502232682.719,467.353,timestamp_domain.system_time,4459453.000,500.000,1,4459453.000,4459546.000,93.000,93.000,4459578.000,125.000,1,1,pnp_visible_ransac,7,3.978,-2.5978,0.243876,4.129726,3.3796
2026-09-04T15:10:33.068,351,WAYPOINT_TURN_SETTLE,WAYPOINT_TURN_SETTLE,1405,10,1788502233014.767,332.048,timestamp_domain.system_time,4459734.000,281.000,1,4459734.000,4459765.000,31.000,31.000,4459765.000,31.000,1,1,pnp_visible_ransac,9,2.780,2.0068,0.092695,3.140146,1.6908
2026-09-04T15:10:33.224,352,WAYPOINT_TURN_SETTLE,WAYPOINT_TURN_SETTLE,1410,5,1788502233182.842,168.075,timestamp_domain.system_time,4459890.000,156.000,1,4459890.000,4459921.000,31.000,31.000,4459921.000,31.000,1,1,pnp_visible_ransac,7,2.930,-27.0570,0.411366,4.661417,5.0432
2026-09-04T15:10:33.383,353,WAYPOINT_TURN_SETTLE,WAYPOINT_TURN_SETTLE,1414,4,1788502233316.617,133.775,timestamp_domain.system_time,4460046.000,156.000,1,4460046.000,4460078.000,32.000,32.000,4460078.000,32.000,1,1,pnp_visible_ransac,7,4.048,-3.2372,0.257384,4.211703,3.4971
2026-09-04T15:10:33.580,354,WAYPOINT_TURN_SETTLE,WAYPOINT_TURN_SETTLE,1420,6,1788502233516.464,199.847,timestamp_domain.system_time,4460234.000,188.000,1,4460234.000,4460265.000,31.000,31.000,4460281.000,47.000,1,1,pnp_visible_ransac,7,3.518,-2.6786,0.235591,4.092326,3.2948
2026-09-04T15:10:33.750,355,WAYPOINT_TURN_SETTLE,WAYPOINT_TURN_SETTLE,1425,5,1788502233683.097,166.633,timestamp_domain.system_time,4460406.000,172.000,1,4460406.000,4460437.000,31.000,31.000,4460453.000,47.000,1,1,pnp_visible_ransac,9,4.040,-0.7356,0.136010,3.377322,2.3061
2026-09-04T15:10:33.984,356,WAYPOINT_TURN_SETTLE,WAYPOINT_TURN_SETTLE,1432,7,1788502233916.743,233.646,timestamp_domain.system_time,4460640.000,234.000,1,4460656.000,4460671.000,15.000,31.000,4460687.000,47.000,1,1,pnp_visible_ransac,7,2.929,-23.3036,0.368279,4.514863,4.6633
2026-09-04T15:10:34.132,357,WAYPOINT_TURN_SETTLE,WAYPOINT_TURN_SETTLE,1436,4,1788502234050.080,133.337,timestamp_domain.system_time,4460796.000,156.000,1,4460796.000,4460828.000,32.000,32.000,4460828.000,32.000,1,1,pnp_visible_ransac,7,3.027,-34.0965,0.473493,4.848013,5.5782
2026-09-04T15:10:34.396,358,WAYPOINT_TURN_SETTLE,WAYPOINT_TURN_SETTLE,1442,6,1788502234250.625,200.545,timestamp_domain.system_time,4460968.000,172.000,1,4460968.000,4461093.000,125.000,125.000,4461093.000,125.000,1,1,pnp_visible_ransac,8,4.964,-3.6414,0.181894,3.483178,2.9893
2026-09-04T15:10:34.541,359,FAILED,FAILED,1450,8,1788502234515.640,265.015,timestamp_domain.system_time,4461234.000,266.000,0,,,,,,,0,0,,,,,,,
2026-09-04T15:10:34.666,360,FAILED,FAILED,1451,1,1788502234549.438,33.798,timestamp_domain.system_time,4461359.000,125.000,0,,,,,,,0,0,,,,,,,
2026-09-04T15:10:34.787,361,FAILED,FAILED,1457,6,1788502234750.070,200.632,timestamp_domain.system_time,4461484.000,125.000,0,,,,,,,0,0,,,,,,,
2026-09-04T15:10:34.879,362,FAILED,FAILED,1460,3,1788502234850.478,100.408,timestamp_domain.system_time,4461578.000,94.000,0,,,,,,,0,0,,,,,,,
2026-09-04T15:10:35.002,363,FAILED,FAILED,1464,4,1788502234984.069,133.591,timestamp_domain.system_time,4461703.000,125.000,0,,,,,,,0,0,,,,,,,
2026-09-04T15:10:35.116,364,FAILED,FAILED,1467,3,1788502235084.040,99.971,timestamp_domain.system_time,4461812.000,109.000,0,,,,,,,0,0,,,,,,,
2026-09-04T15:10:35.352,365,FAILED,FAILED,1474,7,1788502235318.876,234.836,timestamp_domain.system_time,4462046.000,234.000,0,,,,,,,0,0,,,,,,,
2026-09-04T15:10:35.640,366,FAILED,FAILED,1480,6,1788502235518.839,199.963,timestamp_domain.system_time,4462328.000,282.000,0,,,,,,,0,0,,,,,,,
2026-09-04T15:10:35.832,367,FAILED,FAILED,1489,9,1788502235816.588,297.750,timestamp_domain.system_time,4462515.000,187.000,0,,,,,,,0,0,,,,,,,
2026-09-04T15:10:35.924,368,FAILED,FAILED,1491,2,1788502235884.758,68.170,timestamp_domain.system_time,4462609.000,94.000,0,,,,,,,0,0,,,,,,,
2026-09-04T15:10:36.016,369,FAILED,FAILED,1494,3,1788502235985.072,100.314,timestamp_domain.system_time,4462718.000,109.000,0,,,,,,,0,0,,,,,,,
2026-09-04T15:10:36.139,370,FAILED,FAILED,1498,4,1788502236118.321,133.249,timestamp_domain.system_time,4462828.000,110.000,0,,,,,,,0,0,,,,,,,
2026-09-04T15:10:36.215,371,FAILED,FAILED,1500,2,1788502236184.958,66.637,timestamp_domain.system_time,4462921.000,93.000,0,,,,,,,0,0,,,,,,,
2026-09-04T15:10:36.311,372,FAILED,FAILED,1503,3,1788502236285.110,100.152,timestamp_domain.system_time,4463015.000,94.000,0,,,,,,,0,0,,,,,,,
2026-09-04T15:10:36.430,373,FAILED,FAILED,1507,4,1788502236417.881,132.771,timestamp_domain.system_time,4463125.000,110.000,0,,,,,,,0,0,,,,,,,
2026-09-04T15:10:36.539,374,FAILED,FAILED,1510,3,1788502236518.875,100.994,timestamp_domain.system_time,4463234.000,109.000,0,,,,,,,0,0,,,,,,,
2026-09-04T15:10:36.723,375,FAILED,FAILED,1516,6,1788502236717.695,198.820,timestamp_domain.system_time,4463421.000,187.000,0,,,,,,,0,0,,,,,,,
2026-09-04T15:10:36.828,376,FAILED,FAILED,1519,3,1788502236818.264,100.569,timestamp_domain.system_time,4463531.000,110.000,0,,,,,,,0,0,,,,,,,
2026-09-04T15:10:36.937,377,FAILED,FAILED,1522,3,1788502236918.722,100.458,timestamp_domain.system_time,4463640.000,109.000,0,,,,,,,0,0,,,,,,,
2026-09-04T15:10:37.029,378,FAILED,FAILED,1525,3,1788502237018.546,99.824,timestamp_domain.system_time,4463734.000,94.000,0,,,,,,,0,0,,,,,,,
2026-09-04T15:10:37.120,379,FAILED,FAILED,1527,2,1788502237084.858,66.312,timestamp_domain.system_time,4463828.000,94.000,0,,,,,,,0,0,,,,,,,
2026-09-04T15:10:37.227,380,FAILED,FAILED,1530,3,1788502237185.486,100.628,timestamp_domain.system_time,4463921.000,93.000,0,,,,,,,0,0,,,,,,,
2026-09-04T15:10:37.321,381,FAILED,FAILED,1533,3,1788502237286.089,100.603,timestamp_domain.system_time,4464015.000,94.000,0,,,,,,,0,0,,,,,,,
2026-09-04T15:10:37.412,382,FAILED,FAILED,1536,3,1788502237385.820,99.731,timestamp_domain.system_time,4464109.000,94.000,0,,,,,,,0,0,,,,,,,
2026-09-04T15:10:37.557,383,FAILED,FAILED,1540,4,1788502237518.920,133.100,timestamp_domain.system_time,4464250.000,141.000,0,,,,,,,0,0,,,,,,,
2026-09-04T15:10:37.675,384,FAILED,FAILED,1541,1,1788502237552.341,33.421,timestamp_domain.system_time,4464359.000,109.000,0,,,,,,,0,0,,,,,,,
2026-09-04T15:10:37.785,385,FAILED,FAILED,1547,6,1788502237753.092,200.751,timestamp_domain.system_time,4464484.000,125.000,0,,,,,,,0,0,,,,,,,
2026-09-04T15:10:38.023,386,FAILED,FAILED,1554,7,1788502237987.118,234.026,timestamp_domain.system_time,4464718.000,234.000,0,,,,,,,0,0,,,,,,,
2026-09-04T15:10:38.232,387,FAILED,FAILED,1561,7,1788502238220.245,233.126,timestamp_domain.system_time,4464921.000,203.000,0,,,,,,,0,0,,,,,,,
2026-09-04T15:10:38.350,388,FAILED,FAILED,1564,3,1788502238319.669,99.424,timestamp_domain.system_time,4465031.000,110.000,0,,,,,,,0,0,,,,,,,
2026-09-04T15:10:38.456,389,FAILED,FAILED,1567,3,1788502238419.954,100.286,timestamp_domain.system_time,4465156.000,125.000,0,,,,,,,0,0,,,,,,,
2026-09-04T15:10:38.557,390,FAILED,FAILED,1570,3,1788502238520.054,100.100,timestamp_domain.system_time,4465250.000,94.000,0,,,,,,,0,0,,,,,,,
2026-09-04T15:10:38.736,391,FAILED,FAILED,1571,1,1788502238554.042,33.988,timestamp_domain.system_time,4465421.000,171.000,0,,,,,,,0,0,,,,,,,
2026-09-04T15:10:38.860,392,FAILED,FAILED,1579,8,1788502238819.068,265.026,timestamp_domain.system_time,4465562.000,141.000,0,,,,,,,0,0,,,,,,,
2026-09-04T15:10:38.964,393,FAILED,FAILED,1582,3,1788502238920.183,101.114,timestamp_domain.system_time,4465656.000,94.000,0,,,,,,,0,0,,,,,,,
2026-09-04T15:10:39.106,394,FAILED,FAILED,1587,5,1788502239087.156,166.974,timestamp_domain.system_time,4465796.000,140.000,0,,,,,,,0,0,,,,,,,
2026-09-04T15:10:39.377,395,FAILED,FAILED,1595,8,1788502239353.130,265.973,timestamp_domain.system_time,4466062.000,266.000,0,,,,,,,0,0,,,,,,,
2026-09-04T15:10:39.494,396,FAILED,FAILED,1598,3,1788502239453.475,100.345,timestamp_domain.system_time,4466187.000,125.000,0,,,,,,,0,0,,,,,,,
2026-09-04T15:10:39.612,397,FAILED,FAILED,1601,3,1788502239554.003,100.528,timestamp_domain.system_time,4466296.000,109.000,0,,,,,,,0,0,,,,,,,
2026-09-04T15:10:39.735,398,FAILED,FAILED,1602,1,1788502239586.600,32.596,timestamp_domain.system_time,4466421.000,125.000,0,,,,,,,0,0,,,,,,,
2026-09-04T15:10:39.837,399,FAILED,FAILED,1609,7,1788502239820.966,234.367,timestamp_domain.system_time,4466531.000,110.000,0,,,,,,,0,0,,,,,,,
2026-09-04T15:10:39.928,400,FAILED,FAILED,1612,3,1788502239920.992,100.026,timestamp_domain.system_time,4466625.000,94.000,0,,,,,,,0,0,,,,,,,
2026-09-04T15:10:40.022,401,FAILED,FAILED,1614,2,1788502239987.812,66.820,timestamp_domain.system_time,4466718.000,93.000,0,,,,,,,0,0,,,,,,,
2026-09-04T15:10:40.134,402,FAILED,FAILED,1618,4,1788502240121.047,133.236,timestamp_domain.system_time,4466828.000,110.000,0,,,,,,,0,0,,,,,,,
2026-09-04T15:10:40.235,403,FAILED,FAILED,1621,3,1788502240221.450,100.403,timestamp_domain.system_time,4466937.000,109.000,0,,,,,,,0,0,,,,,,,
2026-09-04T15:10:40.449,404,FAILED,FAILED,1627,6,1788502240421.179,199.729,timestamp_domain.system_time,4467125.000,188.000,0,,,,,,,0,0,,,,,,,
2026-09-04T15:10:40.663,405,FAILED,FAILED,1632,5,1788502240587.930,166.751,timestamp_domain.system_time,4467328.000,203.000,0,,,,,,,0,0,,,,,,,
2026-09-04T15:10:40.932,406,FAILED,FAILED,1641,9,1788502240887.459,299.529,timestamp_domain.system_time,4467625.000,297.000,0,,,,,,,0,0,,,,,,,
2026-09-04T15:10:41.033,407,FAILED,FAILED,1644,3,1788502240988.399,100.941,timestamp_domain.system_time,4467718.000,93.000,0,,,,,,,0,0,,,,,,,
2026-09-04T15:10:41.154,408,FAILED,FAILED,1648,4,1788502241121.807,133.408,timestamp_domain.system_time,4467828.000,110.000,0,,,,,,,0,0,,,,,,,
2026-09-04T15:10:41.268,409,FAILED,FAILED,1651,3,1788502241221.598,99.791,timestamp_domain.system_time,4467968.000,140.000,0,,,,,,,0,0,,,,,,,
2026-09-04T15:10:41.363,410,FAILED,FAILED,1654,3,1788502241321.928,100.330,timestamp_domain.system_time,4468046.000,78.000,0,,,,,,,0,0,,,,,,,
2026-09-04T15:10:41.459,411,FAILED,FAILED,1658,4,1788502241454.252,132.324,timestamp_domain.system_time,4468156.000,110.000,0,,,,,,,0,0,,,,,,,
2026-09-04T15:10:41.598,412,FAILED,FAILED,1661,3,1788502241555.846,101.594,timestamp_domain.system_time,4468281.000,125.000,0,,,,,,,0,0,,,,,,,
2026-09-04T15:10:41.706,413,FAILED,FAILED,1662,1,1788502241589.567,33.721,timestamp_domain.system_time,4468406.000,125.000,0,,,,,,,0,0,,,,,,,
2026-09-04T15:10:41.807,414,FAILED,FAILED,1668,6,1788502241788.700,199.133,timestamp_domain.system_time,4468500.000,94.000,0,,,,,,,0,0,,,,,,,
2026-09-04T15:10:41.945,415,FAILED,FAILED,1672,4,1788502241922.680,133.980,timestamp_domain.system_time,4468640.000,140.000,0,,,,,,,0,0,,,,,,,
2026-09-04T15:10:42.144,416,FAILED,FAILED,1677,5,1788502242089.513,166.833,timestamp_domain.system_time,4468843.000,203.000,0,,,,,,,0,0,,,,,,,
2026-09-04T15:10:42.251,417,FAILED,FAILED,1681,4,1788502242222.024,132.511,timestamp_domain.system_time,4468937.000,94.000,0,,,,,,,0,0,,,,,,,
2026-09-04T15:10:42.348,418,FAILED,FAILED,1684,3,1788502242321.848,99.825,timestamp_domain.system_time,4469046.000,109.000,0,,,,,,,0,0,,,,,,,
2026-09-04T15:10:42.445,419,FAILED,FAILED,1687,3,1788502242421.837,99.988,timestamp_domain.system_time,4469140.000,94.000,0,,,,,,,0,0,,,,,,,
2026-09-04T15:10:42.546,420,FAILED,FAILED,1690,3,1788502242522.162,100.326,timestamp_domain.system_time,4469250.000,110.000,0,,,,,,,0,0,,,,,,,
2026-09-04T15:10:42.690,421,FAILED,FAILED,1693,3,1788502242622.868,100.706,timestamp_domain.system_time,4469390.000,140.000,0,,,,,,,0,0,,,,,,,
2026-09-04T15:10:42.791,422,FAILED,FAILED,1697,4,1788502242756.464,133.596,timestamp_domain.system_time,4469484.000,94.000,0,,,,,,,0,0,,,,,,,
2026-09-04T15:10:42.907,423,FAILED,FAILED,1701,4,1788502242889.518,133.054,timestamp_domain.system_time,4469609.000,125.000,0,,,,,,,0,0,,,,,,,
2026-09-04T15:10:43.081,424,FAILED,FAILED,1706,5,1788502243056.504,166.986,timestamp_domain.system_time,4469781.000,172.000,0,,,,,,,0,0,,,,,,,
2026-09-04T15:10:43.210,425,FAILED,FAILED,1710,4,1788502243190.193,133.689,timestamp_domain.system_time,4469906.000,125.000,0,,,,,,,0,0,,,,,,,
2026-09-04T15:10:43.436,426,FAILED,FAILED,1715,5,1788502243357.580,167.386,timestamp_domain.system_time,4470125.000,219.000,0,,,,,,,0,0,,,,,,,
2026-09-04T15:10:43.589,427,FAILED,FAILED,1721,6,1788502243556.308,198.729,timestamp_domain.system_time,4470265.000,140.000,0,,,,,,,0,0,,,,,,,
2026-09-04T15:10:43.696,428,FAILED,FAILED,1723,2,1788502243625.766,69.458,timestamp_domain.system_time,4470390.000,125.000,0,,,,,,,0,0,,,,,,,
2026-09-04T15:10:43.824,429,FAILED,FAILED,1728,5,1788502243790.850,165.084,timestamp_domain.system_time,4470531.000,141.000,0,,,,,,,0,0,,,,,,,
2026-09-04T15:10:43.934,430,FAILED,FAILED,1731,3,1788502243890.508,99.658,timestamp_domain.system_time,4470625.000,94.000,0,,,,,,,0,0,,,,,,,
2026-09-04T15:10:44.030,431,FAILED,FAILED,1734,3,1788502243990.580,100.072,timestamp_domain.system_time,4470734.000,109.000,0,,,,,,,0,0,,,,,,,
2026-09-04T15:10:44.164,432,FAILED,FAILED,1738,4,1788502244123.754,133.174,timestamp_domain.system_time,4470859.000,125.000,0,,,,,,,0,0,,,,,,,
2026-09-04T15:10:44.370,433,FAILED,FAILED,1745,7,1788502244356.171,232.417,timestamp_domain.system_time,4471062.000,203.000,0,,,,,,,0,0,,,,,,,
2026-09-04T15:10:44.517,434,FAILED,FAILED,1749,4,1788502244490.784,134.613,timestamp_domain.system_time,4471218.000,156.000,0,,,,,,,0,0,,,,,,,
2026-09-04T15:10:44.615,435,FAILED,FAILED,1752,3,1788502244591.001,100.217,timestamp_domain.system_time,4471312.000,94.000,0,,,,,,,0,0,,,,,,,
2026-09-04T15:10:44.731,436,FAILED,FAILED,1753,1,1788502244624.131,33.131,timestamp_domain.system_time,4471421.000,109.000,0,,,,,,,0,0,,,,,,,
2026-09-04T15:10:44.918,437,FAILED,FAILED,1761,8,1788502244889.740,265.609,timestamp_domain.system_time,4471609.000,188.000,0,,,,,,,0,0,,,,,,,
2026-09-04T15:10:45.016,438,FAILED,FAILED,1764,3,1788502244991.188,101.447,timestamp_domain.system_time,4471703.000,94.000,0,,,,,,,0,0,,,,,,,
2026-09-04T15:10:45.116,439,FAILED,FAILED,1767,3,1788502245091.597,100.410,timestamp_domain.system_time,4471812.000,109.000,0,,,,,,,0,0,,,,,,,
2026-09-04T15:10:45.197,440,FAILED,FAILED,1770,3,1788502245191.205,99.608,timestamp_domain.system_time,4471890.000,78.000,0,,,,,,,0,0,,,,,,,
2026-09-04T15:10:45.320,441,FAILED,FAILED,1773,3,1788502245290.884,99.679,timestamp_domain.system_time,4472015.000,125.000,0,,,,,,,0,0,,,,,,,
2026-09-04T15:10:45.397,442,FAILED,FAILED,1775,2,1788502245357.517,66.633,timestamp_domain.system_time,4472078.000,63.000,0,,,,,,,0,0,,,,,,,
2026-09-04T15:10:45.475,443,FAILED,FAILED,1778,3,1788502245456.740,99.223,timestamp_domain.system_time,4472171.000,93.000,0,,,,,,,0,0,,,,,,,
2026-09-04T15:10:45.564,444,FAILED,FAILED,1780,2,1788502245523.880,67.140,timestamp_domain.system_time,4472265.000,94.000,0,,,,,,,0,0,,,,,,,
2026-09-04T15:10:45.643,445,FAILED,FAILED,1783,3,1788502245624.063,100.183,timestamp_domain.system_time,4472343.000,78.000,0,,,,,,,0,0,,,,,,,
2026-09-04T15:10:45.719,446,FAILED,FAILED,1784,1,1788502245657.953,33.890,timestamp_domain.system_time,4472421.000,78.000,0,,,,,,,0,0,,,,,,,
2026-09-04T15:10:45.794,447,FAILED,FAILED,1785,1,1788502245691.403,33.451,timestamp_domain.system_time,4472500.000,79.000,0,,,,,,,0,0,,,,,,,
2026-09-04T15:10:45.900,448,FAILED,FAILED,1790,5,1788502245858.600,167.197,timestamp_domain.system_time,4472593.000,93.000,0,,,,,,,0,0,,,,,,,
2026-09-04T15:10:45.978,449,FAILED,FAILED,1793,3,1788502245957.648,99.048,timestamp_domain.system_time,4472656.000,63.000,0,,,,,,,0,0,,,,,,,
2026-09-04T15:10:46.053,450,FAILED,FAILED,1795,2,1788502246023.860,66.211,timestamp_domain.system_time,4472750.000,94.000,0,,,,,,,0,0,,,,,,,
2026-09-04T15:10:46.119,451,FAILED,FAILED,1797,2,1788502246090.498,66.639,timestamp_domain.system_time,4472812.000,62.000,0,,,,,,,0,0,,,,,,,
2026-09-04T15:10:46.195,452,FAILED,FAILED,1799,2,1788502246157.262,66.764,timestamp_domain.system_time,4472890.000,78.000,0,,,,,,,0,0,,,,,,,
2026-09-04T15:10:46.279,453,FAILED,FAILED,1802,3,1788502246257.239,99.976,timestamp_domain.system_time,4472968.000,78.000,0,,,,,,,0,0,,,,,,,
2026-09-04T15:10:46.346,454,FAILED,FAILED,1804,2,1788502246323.921,66.682,timestamp_domain.system_time,4473046.000,78.000,0,,,,,,,0,0,,,,,,,
2026-09-04T15:10:46.420,455,FAILED,FAILED,1806,2,1788502246390.549,66.628,timestamp_domain.system_time,4473125.000,79.000,0,,,,,,,0,0,,,,,,,
2026-09-04T15:10:46.496,456,FAILED,FAILED,1808,2,1788502246457.649,67.100,timestamp_domain.system_time,4473187.000,62.000,0,,,,,,,0,0,,,,,,,
2026-09-04T15:10:46.572,457,FAILED,FAILED,1811,3,1788502246557.212,99.562,timestamp_domain.system_time,4473265.000,78.000,0,,,,,,,0,0,,,,,,,
2026-09-04T15:10:46.648,458,FAILED,FAILED,1813,2,1788502246624.616,67.405,timestamp_domain.system_time,4473343.000,78.000,0,,,,,,,0,0,,,,,,,
2026-09-04T15:10:46.725,459,FAILED,FAILED,1814,1,1788502246657.680,33.064,timestamp_domain.system_time,4473421.000,78.000,0,,,,,,,0,0,,,,,,,
2026-09-04T15:10:46.801,460,FAILED,FAILED,1818,4,1788502246790.857,133.176,timestamp_domain.system_time,4473500.000,79.000,0,,,,,,,0,0,,,,,,,
2026-09-04T15:10:46.882,461,FAILED,FAILED,1820,2,1788502246857.604,66.748,timestamp_domain.system_time,4473578.000,78.000,0,,,,,,,0,0,,,,,,,
2026-09-04T15:10:46.949,462,FAILED,FAILED,1822,2,1788502246924.260,66.656,timestamp_domain.system_time,4473656.000,78.000,0,,,,,,,0,0,,,,,,,
2026-09-04T15:10:47.029,463,FAILED,FAILED,1825,3,1788502247024.456,100.196,timestamp_domain.system_time,4473734.000,78.000,0,,,,,,,0,0,,,,,,,
2026-09-04T15:10:47.106,464,FAILED,FAILED,1827,2,1788502247090.958,66.502,timestamp_domain.system_time,4473812.000,78.000,0,,,,,,,0,0,,,,,,,
2026-09-04T15:10:47.184,465,FAILED,FAILED,1829,2,1788502247157.766,66.808,timestamp_domain.system_time,4473890.000,78.000,0,,,,,,,0,0,,,,,,,
2026-09-04T15:10:47.251,466,FAILED,FAILED,1831,2,1788502247224.842,67.076,timestamp_domain.system_time,4473953.000,63.000,0,,,,,,,0,0,,,,,,,
2026-09-04T15:10:47.333,467,FAILED,FAILED,1834,3,1788502247325.004,100.162,timestamp_domain.system_time,4474031.000,78.000,0,,,,,,,0,0,,,,,,,
2026-09-04T15:10:47.423,468,FAILED,FAILED,1836,2,1788502247391.335,66.331,timestamp_domain.system_time,4474125.000,94.000,0,,,,,,,0,0,,,,,,,
2026-09-04T15:10:47.501,469,FAILED,FAILED,1839,3,1788502247491.271,99.936,timestamp_domain.system_time,4474187.000,62.000,0,,,,,,,0,0,,,,,,,
2026-09-04T15:10:47.576,470,FAILED,FAILED,1841,2,1788502247558.099,66.829,timestamp_domain.system_time,4474265.000,78.000,0,,,,,,,0,0,,,,,,,
2026-09-04T15:10:47.652,471,FAILED,FAILED,1843,2,1788502247624.940,66.841,timestamp_domain.system_time,4474343.000,78.000,0,,,,,,,0,0,,,,,,,
2026-09-04T15:10:47.729,472,FAILED,FAILED,1843,0,1788502247624.940,0.000,timestamp_domain.system_time,4474421.000,78.000,0,,,,,,,0,0,,,,,,,
2026-09-04T15:10:47.806,473,FAILED,FAILED,1848,5,1788502247791.335,166.396,timestamp_domain.system_time,4474484.000,63.000,0,,,,,,,0,0,,,,,,,
2026-09-04T15:10:47.877,474,FAILED,FAILED,1850,2,1788502247858.039,66.704,timestamp_domain.system_time,4474562.000,78.000,0,,,,,,,0,0,,,,,,,
2026-09-04T15:10:47.954,475,FAILED,FAILED,1852,2,1788502247925.003,66.964,timestamp_domain.system_time,4474640.000,78.000,0,,,,,,,0,0,,,,,,,
2026-09-04T15:10:48.021,476,FAILED,FAILED,1854,2,1788502247991.542,66.539,timestamp_domain.system_time,4474718.000,78.000,0,,,,,,,0,0,,,,,,,
2026-09-04T15:10:48.093,477,FAILED,FAILED,1857,3,1788502248092.110,100.568,timestamp_domain.system_time,4474796.000,78.000,0,,,,,,,0,0,,,,,,,
2026-09-04T15:10:48.171,478,FAILED,FAILED,1859,2,1788502248158.508,66.398,timestamp_domain.system_time,4474875.000,79.000,0,,,,,,,0,0,,,,,,,
2026-09-04T15:10:48.246,479,FAILED,FAILED,1861,2,1788502248225.191,66.683,timestamp_domain.system_time,4474953.000,78.000,0,,,,,,,0,0,,,,,,,
2026-09-04T15:10:48.322,480,FAILED,FAILED,1863,2,1788502248292.221,67.030,timestamp_domain.system_time,4475000.000,47.000,0,,,,,,,0,0,,,,,,,
2026-09-04T15:10:48.398,481,FAILED,FAILED,1866,3,1788502248391.990,99.769,timestamp_domain.system_time,4475093.000,93.000,0,,,,,,,0,0,,,,,,,
2026-09-04T15:10:48.488,482,FAILED,FAILED,1868,2,1788502248459.300,67.310,timestamp_domain.system_time,4475171.000,78.000,0,,,,,,,0,0,,,,,,,
2026-09-04T15:10:48.557,483,FAILED,FAILED,1870,2,1788502248525.175,65.875,timestamp_domain.system_time,4475250.000,79.000,0,,,,,,,0,0,,,,,,,
2026-09-04T15:10:48.642,484,FAILED,FAILED,1873,3,1788502248625.482,100.306,timestamp_domain.system_time,4475328.000,78.000,0,,,,,,,0,0,,,,,,,
2026-09-04T15:10:48.724,485,FAILED,FAILED,1873,0,1788502248625.482,0.000,timestamp_domain.system_time,4475421.000,93.000,0,,,,,,,0,0,,,,,,,
2026-09-04T15:10:48.794,486,FAILED,FAILED,1877,4,1788502248759.056,133.574,timestamp_domain.system_time,4475500.000,79.000,0,,,,,,,0,0,,,,,,,
2026-09-04T15:10:48.874,487,FAILED,FAILED,1880,3,1788502248859.092,100.036,timestamp_domain.system_time,4475578.000,78.000,0,,,,,,,0,0,,,,,,,
2026-09-04T15:10:48.959,488,FAILED,FAILED,1882,2,1788502248925.503,66.411,timestamp_domain.system_time,4475640.000,62.000,0,,,,,,,0,0,,,,,,,
2026-09-04T15:10:49.029,489,FAILED,FAILED,1884,2,1788502248992.748,67.245,timestamp_domain.system_time,4475734.000,94.000,0,,,,,,,0,0,,,,,,,
2026-09-04T15:10:49.099,490,FAILED,FAILED,1887,3,1788502249092.310,99.563,timestamp_domain.system_time,4475796.000,62.000,0,,,,,,,0,0,,,,,,,
2026-09-04T15:10:49.191,491,FAILED,FAILED,1889,2,1788502249159.495,67.185,timestamp_domain.system_time,4475875.000,79.000,0,,,,,,,0,0,,,,,,,
2026-09-04T15:10:49.259,492,FAILED,FAILED,1891,2,1788502249226.018,66.523,timestamp_domain.system_time,4475953.000,78.000,0,,,,,,,0,0,,,,,,,
2026-09-04T15:10:49.343,493,FAILED,FAILED,1894,3,1788502249325.823,99.805,timestamp_domain.system_time,4476046.000,93.000,0,,,,,,,0,0,,,,,,,
2026-09-04T15:10:49.419,494,FAILED,FAILED,1896,2,1788502249392.598,66.775,timestamp_domain.system_time,4476109.000,63.000,0,,,,,,,0,0,,,,,,,
2026-09-04T15:10:49.495,495,FAILED,FAILED,1898,2,1788502249459.263,66.664,timestamp_domain.system_time,4476187.000,78.000,0,,,,,,,0,0,,,,,,,
2026-09-04T15:10:49.576,496,FAILED,FAILED,1901,3,1788502249559.630,100.367,timestamp_domain.system_time,4476281.000,94.000,0,,,,,,,0,0,,,,,,,
2026-09-04T15:10:49.659,497,FAILED,FAILED,1903,2,1788502249626.072,66.441,timestamp_domain.system_time,4476343.000,62.000,0,,,,,,,0,0,,,,,,,
2026-09-04T15:10:49.738,498,FAILED,FAILED,1904,1,1788502249659.364,33.292,timestamp_domain.system_time,4476437.000,94.000,0,,,,,,,0,0,,,,,,,
2026-09-04T15:10:49.815,499,FAILED,FAILED,1908,4,1788502249793.064,133.700,timestamp_domain.system_time,4476515.000,78.000,0,,,,,,,0,0,,,,,,,
2026-09-04T15:10:49.895,500,FAILED,FAILED,1910,2,1788502249859.550,66.485,timestamp_domain.system_time,4476593.000,78.000,0,,,,,,,0,0,,,,,,,
2026-09-04T15:10:49.962,501,FAILED,FAILED,1913,3,1788502249959.879,100.329,timestamp_domain.system_time,4476656.000,63.000,0,,,,,,,0,0,,,,,,,
2026-09-04T15:10:50.044,502,FAILED,FAILED,1915,2,1788502250026.386,66.508,timestamp_domain.system_time,4476750.000,94.000,0,,,,,,,0,0,,,,,,,
2026-09-04T15:10:50.121,503,FAILED,FAILED,1917,2,1788502250092.950,66.563,timestamp_domain.system_time,4476828.000,78.000,0,,,,,,,0,0,,,,,,,
2026-09-04T15:10:50.196,504,FAILED,FAILED,1919,2,1788502250159.654,66.704,timestamp_domain.system_time,4476890.000,62.000,0,,,,,,,0,0,,,,,,,
2026-09-04T15:10:50.281,505,FAILED,FAILED,1922,3,1788502250259.838,100.184,timestamp_domain.system_time,4476984.000,94.000,0,,,,,,,0,0,,,,,,,
2026-09-04T15:10:50.364,506,FAILED,FAILED,1924,2,1788502250326.385,66.546,timestamp_domain.system_time,4477062.000,78.000,0,,,,,,,0,0,,,,,,,
2026-09-04T15:10:50.435,507,FAILED,FAILED,1926,2,1788502250393.206,66.822,timestamp_domain.system_time,4477125.000,63.000,0,,,,,,,0,0,,,,,,,
2026-09-04T15:10:50.501,508,FAILED,FAILED,1929,3,1788502250493.425,100.219,timestamp_domain.system_time,4477203.000,78.000,0,,,,,,,0,0,,,,,,,
2026-09-04T15:10:50.592,509,FAILED,FAILED,1931,2,1788502250560.063,66.637,timestamp_domain.system_time,4477281.000,78.000,0,,,,,,,0,0,,,,,,,
2026-09-04T15:10:50.684,510,FAILED,FAILED,1934,3,1788502250660.762,100.699,timestamp_domain.system_time,4477390.000,109.000,0,,,,,,,0,0,,,,,,,
2026-09-04T15:10:50.806,511,FAILED,FAILED,1937,3,1788502250760.290,99.528,timestamp_domain.system_time,4477500.000,110.000,0,,,,,,,0,0,,,,,,,
2026-09-04T15:10:50.883,512,FAILED,FAILED,1940,3,1788502250860.358,100.068,timestamp_domain.system_time,4477578.000,78.000,0,,,,,,,0,0,,,,,,,
2026-09-04T15:10:50.959,513,FAILED,FAILED,1942,2,1788502250927.106,66.748,timestamp_domain.system_time,4477656.000,78.000,0,,,,,,,0,0,,,,,,,
2026-09-04T15:10:51.037,514,FAILED,FAILED,1945,3,1788502251027.467,100.361,timestamp_domain.system_time,4477734.000,78.000,0,,,,,,,0,0,,,,,,,
2026-09-04T15:10:51.111,515,FAILED,FAILED,1947,2,1788502251093.777,66.310,timestamp_domain.system_time,4477812.000,78.000,0,,,,,,,0,0,,,,,,,
2026-09-04T15:10:51.178,516,FAILED,FAILED,1949,2,1788502251160.886,67.109,timestamp_domain.system_time,4477875.000,63.000,0,,,,,,,0,0,,,,,,,
2026-09-04T15:10:51.265,517,FAILED,FAILED,1951,2,1788502251227.267,66.381,timestamp_domain.system_time,4477968.000,93.000,0,,,,,,,0,0,,,,,,,
2026-09-04T15:10:51.337,518,FAILED,FAILED,1954,3,1788502251327.327,100.060,timestamp_domain.system_time,4478031.000,63.000,0,,,,,,,0,0,,,,,,,
2026-09-04T15:10:51.402,519,FAILED,FAILED,1956,2,1788502251394.000,66.674,timestamp_domain.system_time,4478109.000,78.000,0,,,,,,,0,0,,,,,,,
2026-09-04T15:10:51.475,520,FAILED,FAILED,1958,2,1788502251460.514,66.513,timestamp_domain.system_time,4478171.000,62.000,0,,,,,,,0,0,,,,,,,
2026-09-04T15:10:51.553,521,FAILED,FAILED,1960,2,1788502251527.410,66.896,timestamp_domain.system_time,4478250.000,79.000,0,,,,,,,0,0,,,,,,,
2026-09-04T15:10:51.637,522,FAILED,FAILED,1962,2,1788502251594.224,66.814,timestamp_domain.system_time,4478328.000,78.000,0,,,,,,,0,0,,,,,,,
2026-09-04T15:10:51.704,523,FAILED,FAILED,1964,2,1788502251661.050,66.826,timestamp_domain.system_time,4478406.000,78.000,0,,,,,,,0,0,,,,,,,
2026-09-04T15:10:51.801,524,FAILED,FAILED,1967,3,1788502251761.969,100.919,timestamp_domain.system_time,4478500.000,94.000,0,,,,,,,0,0,,,,,,,
2026-09-04T15:10:51.872,525,FAILED,FAILED,1970,3,1788502251860.963,98.993,timestamp_domain.system_time,4478578.000,78.000,0,,,,,,,0,0,,,,,,,
2026-09-04T15:10:51.954,526,FAILED,FAILED,1972,2,1788502251927.851,66.888,timestamp_domain.system_time,4478640.000,62.000,0,,,,,,,0,0,,,,,,,
2026-09-04T15:10:52.024,527,FAILED,FAILED,1974,2,1788502251994.527,66.677,timestamp_domain.system_time,4478718.000,78.000,0,,,,,,,0,0,,,,,,,
2026-09-04T15:10:52.106,528,FAILED,FAILED,1977,3,1788502252094.537,100.010,timestamp_domain.system_time,4478812.000,94.000,0,,,,,,,0,0,,,,,,,
2026-09-04T15:10:52.192,529,FAILED,FAILED,1979,2,1788502252161.423,66.886,timestamp_domain.system_time,4478890.000,78.000,0,,,,,,,0,0,,,,,,,
2026-09-04T15:10:52.273,530,FAILED,FAILED,1982,3,1788502252261.281,99.858,timestamp_domain.system_time,4478968.000,78.000,0,,,,,,,0,0,,,,,,,
2026-09-04T15:10:52.341,531,FAILED,FAILED,1984,2,1788502252327.980,66.698,timestamp_domain.system_time,4479046.000,78.000,0,,,,,,,0,0,,,,,,,
2026-09-04T15:10:52.420,532,FAILED,FAILED,1986,2,1788502252394.400,66.420,timestamp_domain.system_time,4479125.000,79.000,0,,,,,,,0,0,,,,,,,
2026-09-04T15:10:52.500,533,FAILED,FAILED,1988,2,1788502252461.661,67.261,timestamp_domain.system_time,4479203.000,78.000,0,,,,,,,0,0,,,,,,,
2026-09-04T15:10:52.573,534,FAILED,FAILED,1991,3,1788502252561.505,99.844,timestamp_domain.system_time,4479265.000,62.000,0,,,,,,,0,0,,,,,,,
2026-09-04T15:10:52.643,535,FAILED,FAILED,1993,2,1788502252628.004,66.499,timestamp_domain.system_time,4479343.000,78.000,0,,,,,,,0,0,,,,,,,
2026-09-04T15:10:52.723,536,FAILED,FAILED,1994,1,1788502252661.642,33.638,timestamp_domain.system_time,4479406.000,63.000,0,,,,,,,0,0,,,,,,,
2026-09-04T15:10:52.805,537,FAILED,FAILED,1997,3,1788502252762.128,100.486,timestamp_domain.system_time,4479484.000,78.000,0,,,,,,,0,0,,,,,,,
2026-09-04T15:10:52.878,538,FAILED,FAILED,2000,3,1788502252862.460,100.332,timestamp_domain.system_time,4479578.000,94.000,0,,,,,,,0,0,,,,,,,
2026-09-04T15:10:52.960,539,FAILED,FAILED,2002,2,1788502252928.365,65.905,timestamp_domain.system_time,4479640.000,62.000,0,,,,,,,0,0,,,,,,,
2026-09-04T15:10:53.032,540,FAILED,FAILED,2004,2,1788502252994.921,66.556,timestamp_domain.system_time,4479734.000,94.000,0,,,,,,,0,0,,,,,,,
2026-09-04T15:10:53.121,541,FAILED,FAILED,2007,3,1788502253095.199,100.278,timestamp_domain.system_time,4479828.000,94.000,0,,,,,,,0,0,,,,,,,
2026-09-04T15:10:53.208,542,FAILED,FAILED,2009,2,1788502253161.981,66.782,timestamp_domain.system_time,4479890.000,62.000,0,,,,,,,0,0,,,,,,,
2026-09-04T15:10:53.279,543,FAILED,FAILED,2012,3,1788502253262.175,100.194,timestamp_domain.system_time,4479984.000,94.000,0,,,,,,,0,0,,,,,,,
2026-09-04T15:10:53.361,544,FAILED,FAILED,2014,2,1788502253328.859,66.684,timestamp_domain.system_time,4480046.000,62.000,0,,,,,,,0,0,,,,,,,
2026-09-04T15:10:53.425,545,FAILED,FAILED,2016,2,1788502253395.382,66.523,timestamp_domain.system_time,4480125.000,79.000,0,,,,,,,0,0,,,,,,,
2026-09-04T15:10:53.509,546,FAILED,FAILED,2019,3,1788502253495.482,100.099,timestamp_domain.system_time,4480203.000,78.000,0,,,,,,,0,0,,,,,,,
2026-09-04T15:10:53.580,547,FAILED,FAILED,2021,2,1788502253562.370,66.888,timestamp_domain.system_time,4480281.000,78.000,0,,,,,,,0,0,,,,,,,
2026-09-04T15:10:53.668,548,FAILED,FAILED,2023,2,1788502253628.804,66.434,timestamp_domain.system_time,4480359.000,78.000,0,,,,,,,0,0,,,,,,,
2026-09-04T15:10:53.730,549,FAILED,FAILED,2024,1,1788502253662.956,34.152,timestamp_domain.system_time,4480437.000,78.000,0,,,,,,,0,0,,,,,,,
2026-09-04T15:10:53.845,550,FAILED,FAILED,2028,4,1788502253796.187,133.231,timestamp_domain.system_time,4480531.000,94.000,0,,,,,,,0,0,,,,,,,
2026-09-04T15:10:53.916,551,FAILED,FAILED,2031,3,1788502253895.852,99.665,timestamp_domain.system_time,4480609.000,78.000,0,,,,,,,0,0,,,,,,,
2026-09-04T15:10:54.004,552,FAILED,FAILED,2034,3,1788502253995.915,100.062,timestamp_domain.system_time,4480703.000,94.000,0,,,,,,,0,0,,,,,,,
2026-09-04T15:10:54.083,553,FAILED,FAILED,2036,2,1788502254062.563,66.648,timestamp_domain.system_time,4480781.000,78.000,0,,,,,,,0,0,,,,,,,
2026-09-04T15:10:54.156,554,FAILED,FAILED,2038,2,1788502254129.292,66.729,timestamp_domain.system_time,4480859.000,78.000,0,,,,,,,0,0,,,,,,,
2026-09-04T15:10:54.233,555,FAILED,FAILED,2041,3,1788502254229.540,100.249,timestamp_domain.system_time,4480937.000,78.000,0,,,,,,,0,0,,,,,,,
2026-09-04T15:10:54.318,556,FAILED,FAILED,2043,2,1788502254296.761,67.221,timestamp_domain.system_time,4481015.000,78.000,0,,,,,,,0,0,,,,,,,
2026-09-04T15:10:54.385,557,FAILED,FAILED,2045,2,1788502254362.857,66.096,timestamp_domain.system_time,4481078.000,63.000,0,,,,,,,0,0,,,,,,,
2026-09-04T15:10:54.461,558,FAILED,FAILED,2047,2,1788502254429.484,66.628,timestamp_domain.system_time,4481156.000,78.000,0,,,,,,,0,0,,,,,,,
2026-09-04T15:10:54.538,559,FAILED,FAILED,2050,3,1788502254529.399,99.915,timestamp_domain.system_time,4481234.000,78.000,0,,,,,,,0,0,,,,,,,
2026-09-04T15:10:54.618,560,FAILED,FAILED,2052,2,1788502254596.308,66.908,timestamp_domain.system_time,4481312.000,78.000,0,,,,,,,0,0,,,,,,,
2026-09-04T15:10:54.693,561,FAILED,FAILED,2054,2,1788502254663.218,66.910,timestamp_domain.system_time,4481390.000,78.000,0,,,,,,,0,0,,,,,,,
2026-09-04T15:10:54.765,562,FAILED,FAILED,2055,1,1788502254696.514,33.296,timestamp_domain.system_time,4481468.000,78.000,0,,,,,,,0,0,,,,,,,
2026-09-04T15:10:54.848,563,FAILED,FAILED,2059,4,1788502254829.793,133.279,timestamp_domain.system_time,4481546.000,78.000,0,,,,,,,0,0,,,,,,,
2026-09-04T15:10:54.920,564,FAILED,FAILED,2061,2,1788502254896.456,66.663,timestamp_domain.system_time,4481625.000,79.000,0,,,,,,,0,0,,,,,,,
2026-09-04T15:10:55.009,565,FAILED,FAILED,2064,3,1788502254996.592,100.136,timestamp_domain.system_time,4481703.000,78.000,0,,,,,,,0,0,,,,,,,
2026-09-04T15:10:55.100,566,FAILED,FAILED,2066,2,1788502255063.373,66.781,timestamp_domain.system_time,4481796.000,93.000,0,,,,,,,0,0,,,,,,,
2026-09-04T15:10:55.177,567,FAILED,FAILED,2069,3,1788502255163.417,100.045,timestamp_domain.system_time,4481875.000,79.000,0,,,,,,,0,0,,,,,,,
2026-09-04T15:10:55.257,568,FAILED,FAILED,2071,2,1788502255230.287,66.869,timestamp_domain.system_time,4481953.000,78.000,0,,,,,,,0,0,,,,,,,
2026-09-04T15:10:55.322,569,FAILED,FAILED,2073,2,1788502255296.812,66.526,timestamp_domain.system_time,4482015.000,62.000,0,,,,,,,0,0,,,,,,,
2026-09-04T15:10:55.405,570,FAILED,FAILED,2075,2,1788502255363.469,66.656,timestamp_domain.system_time,4482109.000,94.000,0,,,,,,,0,0,,,,,,,
2026-09-04T15:10:55.483,571,FAILED,FAILED,2078,3,1788502255463.474,100.006,timestamp_domain.system_time,4482171.000,62.000,0,,,,,,,0,0,,,,,,,
2026-09-04T15:10:55.550,572,FAILED,FAILED,2080,2,1788502255530.397,66.923,timestamp_domain.system_time,4482250.000,79.000,0,,,,,,,0,0,,,,,,,
2026-09-04T15:10:55.637,573,FAILED,FAILED,2082,2,1788502255597.067,66.670,timestamp_domain.system_time,4482328.000,78.000,0,,,,,,,0,0,,,,,,,
2026-09-04T15:10:55.717,574,FAILED,FAILED,2085,3,1788502255697.177,100.110,timestamp_domain.system_time,4482421.000,93.000,0,,,,,,,0,0,,,,,,,
2026-09-04T15:10:55.832,575,FAILED,FAILED,2088,3,1788502255797.775,100.598,timestamp_domain.system_time,4482531.000,110.000,0,,,,,,,0,0,,,,,,,
2026-09-04T15:10:55.918,576,FAILED,FAILED,2091,3,1788502255897.235,99.460,timestamp_domain.system_time,4482609.000,78.000,0,,,,,,,0,0,,,,,,,
2026-09-04T15:10:55.996,577,FAILED,FAILED,2093,2,1788502255964.020,66.784,timestamp_domain.system_time,4482687.000,78.000,0,,,,,,,0,0,,,,,,,
2026-09-04T15:10:56.074,578,FAILED,FAILED,2095,2,1788502256030.705,66.685,timestamp_domain.system_time,4482765.000,78.000,0,,,,,,,0,0,,,,,,,
2026-09-04T15:10:56.152,579,FAILED,FAILED,2098,3,1788502256130.767,100.062,timestamp_domain.system_time,4482843.000,78.000,0,,,,,,,0,0,,,,,,,
2026-09-04T15:10:56.227,580,FAILED,FAILED,2100,2,1788502256197.289,66.521,timestamp_domain.system_time,4482921.000,78.000,0,,,,,,,0,0,,,,,,,
2026-09-04T15:10:56.295,581,FAILED,FAILED,2102,2,1788502256264.456,67.167,timestamp_domain.system_time,4483000.000,79.000,0,,,,,,,0,0,,,,,,,
2026-09-04T15:10:56.368,582,FAILED,FAILED,2104,2,1788502256330.808,66.352,timestamp_domain.system_time,4483062.000,62.000,0,,,,,,,0,0,,,,,,,
2026-09-04T15:10:56.448,583,FAILED,FAILED,2107,3,1788502256430.959,100.152,timestamp_domain.system_time,4483140.000,78.000,0,,,,,,,0,0,,,,,,,
2026-09-04T15:10:56.532,584,FAILED,FAILED,2109,2,1788502256497.451,66.492,timestamp_domain.system_time,4483234.000,94.000,0,,,,,,,0,0,,,,,,,
2026-09-04T15:10:56.620,585,FAILED,FAILED,2112,3,1788502256597.864,100.412,timestamp_domain.system_time,4483296.000,62.000,0,,,,,,,0,0,,,,,,,
2026-09-04T15:10:56.696,586,FAILED,FAILED,2114,2,1788502256664.521,66.658,timestamp_domain.system_time,4483390.000,94.000,0,,,,,,,0,0,,,,,,,
2026-09-04T15:10:56.789,587,FAILED,FAILED,2115,1,1788502256698.686,34.165,timestamp_domain.system_time,4483484.000,94.000,0,,,,,,,0,0,,,,,,,
2026-09-04T15:10:56.883,588,FAILED,FAILED,2119,4,1788502256831.424,132.738,timestamp_domain.system_time,4483562.000,78.000,0,,,,,,,0,0,,,,,,,
2026-09-04T15:10:56.970,589,FAILED,FAILED,2122,3,1788502256931.144,99.721,timestamp_domain.system_time,4483656.000,94.000,0,,,,,,,0,0,,,,,,,
2026-09-04T15:10:57.045,590,FAILED,FAILED,2125,3,1788502257031.368,100.223,timestamp_domain.system_time,4483734.000,78.000,0,,,,,,,0,0,,,,,,,
2026-09-04T15:10:57.124,591,FAILED,FAILED,2127,2,1788502257098.019,66.651,timestamp_domain.system_time,4483828.000,94.000,0,,,,,,,0,0,,,,,,,
2026-09-04T15:10:57.206,592,FAILED,FAILED,2129,2,1788502257164.777,66.758,timestamp_domain.system_time,4483890.000,62.000,0,,,,,,,0,0,,,,,,,
2026-09-04T15:10:57.295,593,FAILED,FAILED,2132,3,1788502257264.899,100.122,timestamp_domain.system_time,4484000.000,110.000,0,,,,,,,0,0,,,,,,,
2026-09-04T15:10:57.370,594,FAILED,FAILED,2134,2,1788502257331.341,66.443,timestamp_domain.system_time,4484062.000,62.000,0,,,,,,,0,0,,,,,,,
2026-09-04T15:10:57.480,595,FAILED,FAILED,2138,4,1788502257464.886,133.545,timestamp_domain.system_time,4484187.000,125.000,0,,,,,,,0,0,,,,,,,
2026-09-04T15:10:57.565,596,FAILED,FAILED,2140,2,1788502257531.729,66.842,timestamp_domain.system_time,4484250.000,63.000,0,,,,,,,0,0,,,,,,,
2026-09-04T15:10:57.648,597,FAILED,FAILED,2143,3,1788502257631.602,99.873,timestamp_domain.system_time,4484343.000,93.000,0,,,,,,,0,0,,,,,,,
2026-09-04T15:10:57.724,598,FAILED,FAILED,2145,2,1788502257699.063,67.462,timestamp_domain.system_time,4484421.000,78.000,0,,,,,,,0,0,,,,,,,
