frame_i,t_mono,fsm_state,det_ok,yaw4_deg,x4,y4,z4,reproj4_px,yawm_deg,xm,ym,zm,reprojm_px,n_used
36,21319.171,PRECHECK,1,-11.744173482124385,-0.06605314282862272,0.4149909185245325,4.410562987554954,0.2087382781076358,2.3251914690782294,-0.0833934023976326,0.4212212562561035,4.486593723297119,0.7547120613844085,9.0
37,21319.281,PRECHECK,1,-11.716237942656713,-0.06559323257039218,0.41572926994161,4.41681379533741,0.20677731558377554,2.2436830279620885,-0.08277439326047897,0.4221106171607971,4.493896484375,0.7668845329915293,9.0
38,21319.375,PRECHECK,1,-11.707862226405986,-0.06441669755934173,0.41721474699783284,4.42704055181314,0.2136939563660057,2.2504081763080164,-0.08156140893697739,0.42375612258911133,4.505168914794922,0.7754471103061004,9.0
39,21319.484,PRECHECK,1,-11.17138010105681,-0.06665119572338896,0.4174883294740845,4.4309452060559185,0.2165416351956618,2.1734943280768046,-0.0830523893237114,0.42362532019615173,4.504394054412842,0.802939656163507,9.0
40,21319.578,PRECHECK,1,-10.981978006964788,-0.06615163218620541,0.4165817968827212,4.423229502787175,0.2143309684931093,1.8573241181250113,-0.0819588303565979,0.42251577973365784,4.493546009063721,0.7638480007575679,9.0
41,21319.687,PRECHECK,1,-11.369047267916715,-0.06570258316969473,0.41649085036350636,4.4252906940564465,0.21039079312174072,1.9231000430354177,-0.08212698996067047,0.42328646779060364,4.503637790679932,0.8336321572021719,9.0
42,21319.781,PRECHECK,1,-10.295929992879563,-0.06631936524017489,0.4175879047831999,4.427974524253652,0.23976896542525455,1.8858415420310723,-0.08124104887247086,0.4230711758136749,4.489274978637695,0.727491153301814,9.0
43,21319.89,PRECHECK,1,-10.0777452354845,-0.06731431131423664,0.41881796808656613,4.438701216862262,0.24076940613575004,1.7939182284324593,-0.08178391307592392,0.42404603958129883,4.4971699714660645,0.7138657619063228,9.0
44,21319.984,PRECHECK,1,-11.044458511240743,-0.06753712585939645,0.41900852896157736,4.448344974033315,0.21864523986678316,2.198086965423245,-0.08385816961526871,0.42564553022384644,4.5245795249938965,0.8787192580741595,9.0
45,21320.078,PRECHECK,1,-11.86029874414611,-0.06716788957635324,0.41715692094550144,4.433710138576025,0.21122908340987534,2.253370741554666,-0.08478669077157974,0.42480361461639404,4.522147178649902,0.9416761030474049,9.0
46,21320.156,PRECHECK,1,-12.0441472150853,-0.06644187974075985,0.41753062230008586,4.442228479582052,0.18794729850817937,2.069883143697512,-0.0840640440583229,0.42541179060935974,4.5354695320129395,0.9735244662351163,9.0
47,21320.281,PRECHECK,1,-11.960086659145656,-0.06685690022921258,0.41740133197747104,4.441414035921739,0.1882247177063122,2.044240695870745,-0.08435971289873123,0.4252851605415344,4.534397125244141,0.992405704305279,9.0
48,21320.359,PRECHECK,1,-9.298552516731718,-0.07094743879783787,0.4219619870759394,4.464285122739683,0.2616802015071239,2.1725990697549613,-0.08490292727947235,0.4267977476119995,4.518205165863037,0.7909586441341713,9.0
49,21320.484,PRECHECK,1,-9.670825036459174,-0.07098186687136357,0.4220326522264379,4.470425859739649,0.25649563432408745,2.2319494672988007,-0.08563869446516037,0.42778125405311584,4.534250259399414,0.9288482885408583,9.0
50,21320.578,PRECHECK,0,,,,,,,,,,,
51,21320.671,PRECHECK,0,,,,,,,,,,,
52,21320.765,PRECHECK,0,,,,,,,,,,,
53,21320.859,PRECHECK,1,-11.23783850216811,-0.06669328273399432,0.4179624849097556,4.449914376154086,0.19270888567965935,1.7864880722706225,-0.08288923650979996,0.4250217378139496,4.532154560089111,0.9192463968736065,9.0
54,21320.953,PRECHECK,0,,,,,,,,,,,
55,21321.062,PRECHECK,1,-12.500268611690773,-0.06393692663547984,0.4147197613818632,4.422712672962382,0.17884359645525427,2.074985681264284,-0.08239070326089859,0.42362749576568604,4.526562213897705,1.0686739218306178,9.0
56,21321.171,PRECHECK,1,-12.897805904191683,-0.06236856410701187,0.41660266644917715,4.439153040916837,0.17511961105708368,2.3721519205317656,-0.08157702535390854,0.4259042739868164,4.549060344696045,1.0863155668139393,9.0
57,21321.281,PRECHECK,0,,,,,,,,,,,
58,21321.375,PRECHECK,1,-10.950254563114951,-0.06747296860994126,0.41948750190042555,4.4555461264155,0.21629411422323025,2.0338000349831713,-0.08364046365022659,0.4266147315502167,4.537412166595459,1.0094609141901985,9.0
59,21321.453,PRECHECK,1,-12.132491139635325,-0.06513934872761155,0.41658989844482985,4.434078257670781,0.18774623950137143,2.3018575780861577,-0.08337368816137314,0.4252585172653198,4.534916877746582,1.1353959672662375,9.0
60,21321.546,PRECHECK,1,-11.533835591705014,-0.06656828046911588,0.4186594402004646,4.432480294096283,0.24312348870049746,2.8487949245067887,-0.08409276604652405,0.4249345660209656,4.506257057189941,0.7959625705503701,9.0
61,21321.64,PRECHECK,1,-11.779560102137484,-0.0641279601212015,0.4181031182394773,4.427090025062465,0.231887045608307,2.9056741863988096,-0.08215517550706863,0.42506781220436096,4.510319709777832,0.9253903687756477,9.0
62,21321.75,PRECHECK,1,-11.228706597533696,-0.06592404882716059,0.4182346314051181,4.428753174460332,0.23262910661390468,2.2200454086202273,-0.08259826898574829,0.42517340183258057,4.510082244873047,0.9655560660652899,9.0
63,21321.859,PRECHECK,1,-11.313059732205987,-0.06623372643928085,0.418839488838176,4.434226191845707,0.24168099229605886,2.371820430055402,-0.08311233669519424,0.4255562126636505,4.513862133026123,0.9236046979857613,9.0
64,21321.953,PRECHECK,1,-11.974934603393372,-0.0647631996971224,0.4161855788578219,4.412525706094968,0.22481356581621445,2.4566970274033637,-0.08258463442325592,0.4231577515602112,4.495379447937012,0.8375537250903876,9.0
65,21322.031,PRECHECK,1,-11.446454519826027,-0.06616845813059571,0.41763582946562977,4.424836681840982,0.2398974256439314,2.5008984543718404,-0.08336224406957626,0.4243107736110687,4.503549098968506,0.883424838972719,9.0
66,21322.14,PRECHECK,1,-11.276208893386496,-0.0663771046408584,0.41784200846138414,4.4254356172658,0.24158864388532117,2.3209666934243973,-0.08313195407390594,0.42426151037216187,4.501332759857178,0.8520900579344088,9.0
67,21322.234,PRECHECK,1,-11.722111028492765,-0.06572245450358713,0.4162685428911315,4.414845653451203,0.22707307664595258,2.2892867771586984,-0.08311594277620316,0.4233275055885315,4.4985480308532715,0.9036904380241427,9.0
68,21322.312,PRECHECK,1,-11.051879490992997,-0.06680650388363572,0.4168152150913479,4.415658210425334,0.24638172985563042,2.078620488447937,-0.08304627239704132,0.42307618260383606,4.489490032196045,0.854065693831394,9.0
69,21322.421,PRECHECK,1,-11.007979629844076,-0.06657196832653604,0.41744440046833015,4.419204060800541,0.24948327386608415,2.2172186661569584,-0.0828327089548111,0.42338991165161133,4.489368438720703,0.7975852784040903,9.0
70,21322.515,PRECHECK,1,-11.118060362272582,-0.06597911248962426,0.41777345541348854,4.4231026467311665,0.2627671453686656,2.3532936289911794,-0.08261395990848541,0.42416322231292725,4.498037338256836,0.874980201469636,9.0
71,21322.609,PRECHECK,1,-10.88640947407437,-0.06640618881350692,0.4185568744660388,4.429471503463124,0.2564345439050292,2.24621586040615,-0.08259758353233337,0.4247990548610687,4.5021562576293945,0.8671217472674233,9.0
72,21322.703,PRECHECK,1,-9.71796489411723,-0.06824701538069079,0.4202949681505404,4.472303352007046,0.25021224975123413,2.290197806059539,-0.08279892057180405,0.4257418215274811,4.533461570739746,0.8584345670818946,9.0
73,21322.796,PRECHECK,1,-10.527756043161576,-0.06701980707498002,0.4204857437267659,4.483540354758826,0.2617006761624018,2.6133233667089177,-0.08322618156671524,0.4281914532184601,4.569314956665039,1.274034752045935,9.0
74,21322.89,PRECHECK,0,,,,,,,,,,,
75,21322.984,PRECHECK,0,,,,,,,,,,,
76,21323.093,PRECHECK,0,,,,,,,,,,,
77,21323.187,PRECHECK,0,,,,,,,,,,,
78,21323.312,PRECHECK,0,,,,,,,,,,,
79,21323.406,PRECHECK,0,,,,,,,,,,,
80,21323.484,PRECHECK,0,,,,,,,,,,,
81,21323.593,PRECHECK,0,,,,,,,,,,,
82,21323.687,PRECHECK,0,,,,,,,,,,,
83,21323.765,PRECHECK,0,,,,,,,,,,,
84,21323.859,PRECHECK,1,-10.495391767184048,-0.0690559380076514,0.4216641991079182,4.454366645043009,0.24187029279212033,2.4297712751265865,-0.08491688221693039,0.42748671770095825,4.522568225860596,0.8635970736977783,9.0
85,21323.953,PRECHECK,1,-10.16023041222184,-0.06861731254096684,0.42151133396712126,4.4490194217577015,0.2434431276688171,2.3329752200592235,-0.08379675447940826,0.42656105756759644,4.5071868896484375,0.7274117188736989,9.0
86,21324.046,PRECHECK,1,-9.574917988981444,-0.06951778343076652,0.4246953005667394,4.481306757630138,0.26887240788909456,2.098320247677366,-0.08367303013801575,0.4298056960105896,4.537926197052002,0.7712449872687064,9.0
87,21324.14,PRECHECK,1,-9.862395371728802,-0.06963521469657492,0.4226193471611814,4.464042249493513,0.2378893266492718,1.9206293105267527,-0.0839039534330368,0.4274025559425354,4.517060279846191,0.6549339575655236,9.0
88,21324.25,PRECHECK,0,,,,,,,,,,,
89,21324.328,PRECHECK,0,,,,,,,,,,,
90,21324.421,PRECHECK,0,,,,,,,,,,,
91,21324.5,PRECHECK,0,,,,,,,,,,,
92,21324.593,PRECHECK,0,,,,,,,,,,,
93,21324.687,PRECHECK,0,,,,,,,,,,,
94,21324.796,PRECHECK,1,-11.42828143711769,-0.06747091298311163,0.4205833107799506,4.460720456821443,0.2227624520528297,2.302291970537361,-0.08437387645244598,0.4279825687408447,4.54536771774292,0.9757370475562497,9.0
95,21324.89,PRECHECK,0,,,,,,,,,,,
96,21324.984,PRECHECK,1,-13.931954691636138,-0.062489071642168444,0.41516728569837036,4.400338687786826,0.2215326870387542,2.9073291633976988,-0.08329758793115616,0.423332154750824,4.500067710876465,0.7315033592619519,9.0
97,21325.093,PRECHECK,1,-16.09251085136902,-0.04948756278130126,0.40727028632002726,4.336658800187423,0.07111363573313349,3.2454958063549686,-0.07415254414081573,0.42014992237091064,4.491562843322754,1.0160641755634767,9.0
98,21325.171,PRECHECK,1,-16.472552562531742,-0.058974806303626705,0.4097181762294996,4.357367060587402,0.26547475613756866,3.0959385787881155,-0.08396564424037933,0.423357218503952,4.519033432006836,1.066553604598667,9.0
99,21325.265,PRECHECK,0,,,,,,,,,,,
100,21325.359,PRECHECK,1,-16.254306751342753,-0.046376055998718614,0.4103693745731499,4.363386293370081,0.061743525919399474,3.5410252901436747,-0.07141347229480743,0.42448872327804565,4.5304341316223145,1.1896774367252558,9.0
101,21325.453,PRECHECK,0,,,,,,,,,,,
102,21325.546,PRECHECK,0,,,,,,,,,,,
103,21325.64,PRECHECK,0,,,,,,,,,,,
104,21325.734,PRECHECK,0,,,,,,,,,,,
105,21325.812,PRECHECK,0,,,,,,,,,,,
106,21325.921,PRECHECK,0,,,,,,,,,,,
107,21326.0,PRECHECK,0,,,,,,,,,,,
108,21326.093,PRECHECK,1,-11.219584917310385,-0.06762846818078325,0.42060438939048533,4.449406347126062,0.22984515676748854,2.7825080519014063,-0.08487439900636673,0.4269380271434784,4.524296283721924,0.8599910788376899,9.0
109,21326.203,PRECHECK,1,-10.672360626862918,-0.06772277673516817,0.4222011327674078,4.459354053737448,0.24512506166046852,3.045460123833822,-0.08441488444805145,0.42807915806770325,4.525571823120117,0.8270823261487652,9.0
110,21326.296,PRECHECK,1,-11.219127013961042,-0.06513518103775094,0.42048562942186885,4.451625267561364,0.22260602234684457,2.808808568098932,-0.08243560045957565,0.42690858244895935,4.525390625,0.8159452934466355,9.0
111,21326.39,PRECHECK,1,-11.58822720460666,-0.06515445751374564,0.41887991661413326,4.439629447872607,0.21333667670574813,2.709800620794349,-0.082989402115345,0.4262133836746216,4.523159027099609,0.9270733734517158,9.0
112,21326.468,PRECHECK,1,-10.736620496173622,-0.06738568789234166,0.4200119946594611,4.438736678962813,0.24086222183367184,2.7955782732491636,-0.08418755233287811,0.4263659715652466,4.510134696960449,0.9036545285043391,9.0
113,21326.578,PRECHECK,1,-11.40487802137536,-0.06453828992420965,0.41758637146145144,4.430011286897978,0.22931612071436036,2.790537758899348,-0.08219555020332336,0.42432254552841187,4.507687091827393,0.8674071721605006,9.0
114,21326.656,PRECHECK,1,-10.879757750729379,-0.06599533358459271,0.41946633455896515,4.442604308278267,0.23106714705307257,2.640856420811019,-0.08273303508758545,0.425798237323761,4.514208793640137,0.8473266625259678,9.0
115,21326.75,PRECHECK,1,-10.549930252184632,-0.06665607599559067,0.4202150728402872,4.448177082630844,0.2439554857055156,2.634704159589359,-0.08292954415082932,0.42622318863868713,4.515458106994629,0.8320318131198611,9.0
116,21326.843,PRECHECK,1,-10.630033796030162,-0.06678458395931537,0.42001258757057675,4.445279813828692,0.24224550688449592,2.6357957102282015,-0.08320249617099762,0.4261382818222046,4.513551235198975,0.8372380327743546,9.0
117,21326.937,PRECHECK,1,-10.783269774572826,-0.06668051600079694,0.4184508699860586,4.436260365475899,0.23637853035961573,2.353084686381863,-0.08293671905994415,0.4244644343852997,4.5034003257751465,0.7646297362843252,9.0
118,21327.031,PRECHECK,1,-10.906537192503526,-0.06610349922417698,0.41813167817438135,4.431898004875689,0.22907354234714813,2.2694675193266267,-0.0824098214507103,0.4241361618041992,4.4996337890625,0.7459058664790706,9.0
119,21327.125,PRECHECK,1,-10.824056744531859,-0.06643249752899227,0.4178745879329726,4.430454035081343,0.23029884393618255,2.299838134707329,-0.08270900696516037,0.42382657527923584,4.497501373291016,0.7502909031964493,9.0
120,21327.218,PRECHECK,1,-10.522631280898896,-0.068681367858494,0.41878148668545156,4.443184949135599,0.2626108889933085,3.134408828520469,-0.08525686711072922,0.42434918880462646,4.507701396942139,0.8681328449365834,9.0
121,21327.312,PRECHECK,1,-10.432369053410106,-0.06868972359583597,0.41966012426725385,4.444946618905033,0.263966328632195,3.300583812377397,-0.08535615354776382,0.4252701997756958,4.50883150100708,0.8874852546127346,9.0
122,21327.406,PRECHECK,1,-10.359501776908866,-0.06844868670414991,0.41964341587137005,4.449134726839959,0.2646183183190383,2.9938940632712296,-0.08471708744764328,0.42537662386894226,4.513936519622803,0.8828580605820977,9.0
123,21327.515,PRECHECK,1,-10.021670587950108,-0.06669255731999602,0.42191356814339126,4.4764851912026975,0.28919850222961596,3.116851480961761,-0.08250150084495544,0.42748722434043884,4.538972854614258,0.9051474146237902,9.0
124,21327.609,PRECHECK,1,-9.563001153162242,-0.06656391718407577,0.42143305707145395,4.476034369336063,0.2955313647425993,3.0212634885119045,-0.0816851407289505,0.4267783761024475,4.534680366516113,0.9080945202006777,9.0
125,21327.703,PRECHECK,1,-9.938188503207135,-0.06581844308570431,0.42174505663339074,4.464262732768327,0.25420979806567284,2.6502237777028217,-0.0810544565320015,0.4273955225944519,4.5292134284973145,0.9362394916948105,9.0
126,21327.796,PRECHECK,1,-10.049962152579454,-0.0669559898809612,0.4209908932522902,4.47269688060735,0.27604586648681917,2.8830249115773907,-0.08253566175699234,0.4265488386154175,4.535857200622559,0.8951799128339883,9.0
127,21327.875,PRECHECK,1,-9.949721232520151,-0.06690492896244328,0.4218816440837894,4.478902803322447,0.2798981352727385,2.9344149790571343,-0.08235777914524078,0.42727264761924744,4.5397443771362305,0.8687165350906293,9.0
128,21327.968,PRECHECK,1,-9.693179920135535,-0.06706012945598362,0.42387332633213315,4.485747445730564,0.280303371075453,2.912195523938999,-0.08217290043830872,0.42924344539642334,4.545989036560059,0.9091424668594739,9.0
129,21328.078,PRECHECK,1,-9.967952972979875,-0.06687592002994162,0.4224566117600514,4.478570030463608,0.26154227508775113,2.7839015896886545,-0.08224593847990036,0.4280116856098175,4.541111469268799,0.8810866607039293,9.0
130,21328.171,PRECHECK,1,-9.509831276878469,-0.06778213179047854,0.42355208533472505,4.487108293736178,0.2778171347816534,2.745711167958477,-0.08244479447603226,0.42880767583847046,4.544490814208984,0.8681354509265709,9.0
131,21328.265,PRECHECK,1,-9.642304192448522,-0.06763723749664707,0.4228760853321301,4.482148046587434,0.2757530752746274,2.770886816771855,-0.08261469751596451,0.4283181130886078,4.54250431060791,0.9047171939742644,9.0
132,21328.375,PRECHECK,1,-14.575375141937485,-0.06133207394494318,0.40994082907086904,4.368376716462517,0.16718150252466554,2.0453956820876296,-0.0825597420334816,0.4207131564617157,4.498695373535156,1.0169184274973058,9.0
133,21328.468,PRECHECK,1,-11.548512362090468,-0.0663347011943663,0.41486515805551577,4.415160710043799,0.21044524739943507,2.327018574150527,-0.08364081382751465,0.4220331013202667,4.499232292175293,0.9518891324153494,9.0
134,21328.578,PRECHECK,1,-12.570265234092512,-0.06452334571648928,0.41357198356587344,4.406162392070651,0.19316531706662635,2.3841816279147525,-0.08345098048448563,0.4225098490715027,4.5116119384765625,1.143507391227048,9.0
135,21328.671,PRECHECK,1,-13.977704757841291,-0.06233694498444134,0.4107738469553437,4.384481995758194,0.18494210710119346,2.51156909572365,-0.08343739062547684,0.42151758074760437,4.511795997619629,1.1900192797270746,9.0
136,21328.765,PRECHECK,1,-14.67901725057171,-0.060754462838071295,0.4081147248840133,4.358348146397592,0.19562726898048938,2.535168283760425,-0.0830288976430893,0.4198869466781616,4.498753547668457,1.2544236231159975,9.0
137,21328.859,PRECHECK,1,-13.321073112538626,-0.0634301953576273,0.4107828274471586,4.379310760009346,0.19847475627825112,2.1843587117481187,-0.08347980678081512,0.42104238271713257,4.500131607055664,1.2576640901080272,9.0
138,21328.937,PRECHECK,1,-14.927522711498769,-0.06125807219928658,0.40699338363631715,4.3512568708755825,0.19144047528541433,2.4507323297113888,-0.08386869728565216,0.4192492663860321,4.4968767166137695,1.2854500881607882,9.0
139,21329.031,PRECHECK,1,-14.292436902697297,-0.06356166183694906,0.4075947063659882,4.353884977836119,0.2007173500019373,2.636779815774524,-0.08554154634475708,0.41899460554122925,4.488714694976807,1.3181145016713804,9.0
140,21329.109,PRECHECK,0,,,,,,,,,,,
141,21329.218,PRECHECK,1,-12.66227290341209,-0.06583373684196232,0.4114011067748823,4.376370878513299,0.17975416858262322,2.123322044739854,-0.0849773958325386,0.4209304451942444,4.490033149719238,1.3273010487306283,9.0
142,21329.312,PRECHECK,1,-11.729905816278979,-0.06817046390310057,0.41290757976909853,4.392197731147248,0.21594930298064957,2.4757111301906893,-0.08639757335186005,0.42148688435554504,4.491591930389404,1.3150107629768104,9.0
143,21329.421,PRECHECK,1,-11.161513337949977,-0.07057936217048719,0.4140913103855747,4.410045982540448,0.2642512881827579,3.1400768601489717,-0.08861272782087326,0.4227960705757141,4.507410049438477,1.5562878468065668,9.0
144,21329.515,PRECHECK,1,-8.553526439272803,-0.0695607041662453,0.4221574685522833,4.47176893002474,0.2860344679688555,2.1104340961787624,-0.08264688402414322,0.4276200532913208,4.533062934875488,1.1152823427562397,9.0
145,21329.609,PRECHECK,1,0.08390837019267064,-0.0796441511142777,0.42552456844728076,4.4841920321193935,0.32081677569295625,1.1778005489286212,-0.0801813155412674,0.4264189302921295,4.497191905975342,0.6649011994435817,9.0
146,21329.687,PRECHECK,0,,,,,,,,,,,
147,21329.812,PRECHECK,0,,,,,,,,,,,
148,21329.89,PRECHECK,1,0.22576206983529587,-0.09355395463148895,0.40780306807052513,4.377776104075824,0.6365488896441895,0.5083923894716261,-0.09478235244750977,0.40704700350761414,4.354889869689941,1.309505777558781,9.0
149,21330.0,PRECHECK,0,,,,,,,,,,,
150,21330.093,PRECHECK,0,,,,,,,,,,,
151,21330.187,PRECHECK,0,,,,,,,,,,,
152,21330.265,PRECHECK,0,,,,,,,,,,,
153,21330.375,PRECHECK,0,,,,,,,,,,,
154,21330.453,PRECHECK,0,,,,,,,,,,,
155,21330.546,PRECHECK,0,,,,,,,,,,,
156,21330.64,PRECHECK,0,,,,,,,,,,,
157,21330.734,PRECHECK,0,,,,,,,,,,,
158,21330.828,PRECHECK,0,,,,,,,,,,,
159,21330.921,PRECHECK,0,,,,,,,,,,,
160,21331.015,PRECHECK,0,,,,,,,,,,,
161,21331.109,PRECHECK,0,,,,,,,,,,,
162,21331.203,PRECHECK,0,,,,,,,,,,,
163,21331.281,PRECHECK,0,,,,,,,,,,,
164,21331.375,PRECHECK,0,,,,,,,,,,,
165,21331.468,PRECHECK,0,,,,,,,,,,,
166,21331.562,PRECHECK,0,,,,,,,,,,,
167,21331.64,PRECHECK,0,,,,,,,,,,,
168,21331.734,PRECHECK,0,,,,,,,,,,,
169,21331.828,PRECHECK,0,,,,,,,,,,,
170,21331.921,PRECHECK,0,,,,,,,,,,,
171,21332.015,PRECHECK,0,,,,,,,,,,,
172,21332.125,PRECHECK,0,,,,,,,,,,,
173,21332.203,PRECHECK,0,,,,,,,,,,,
174,21332.312,PRECHECK,0,,,,,,,,,,,
175,21332.39,PRECHECK,0,,,,,,,,,,,
176,21332.484,PRECHECK,0,,,,,,,,,,,
177,21332.562,PRECHECK,0,,,,,,,,,,,
178,21332.656,PRECHECK,0,,,,,,,,,,,
179,21332.75,PRECHECK,0,,,,,,,,,,,
180,21332.843,PRECHECK,0,,,,,,,,,,,
181,21332.937,PRECHECK,0,,,,,,,,,,,
182,21333.031,PRECHECK,0,,,,,,,,,,,
183,21333.125,PRECHECK,0,,,,,,,,,,,
184,21333.218,PRECHECK,0,,,,,,,,,,,
185,21333.312,PRECHECK,0,,,,,,,,,,,
186,21333.406,PRECHECK,0,,,,,,,,,,,
187,21333.5,PRECHECK,0,,,,,,,,,,,
188,21333.578,PRECHECK,0,,,,,,,,,,,
189,21333.687,PRECHECK,0,,,,,,,,,,,
190,21333.781,PRECHECK,0,,,,,,,,,,,
191,21333.843,PRECHECK,0,,,,,,,,,,,
192,21333.953,PRECHECK,0,,,,,,,,,,,
193,21334.046,PRECHECK,0,,,,,,,,,,,
194,21334.156,PRECHECK,0,,,,,,,,,,,
195,21334.25,PRECHECK,0,,,,,,,,,,,
196,21334.343,PRECHECK,0,,,,,,,,,,,
197,21334.437,PRECHECK,0,,,,,,,,,,,
198,21334.515,PRECHECK,0,,,,,,,,,,,
199,21334.609,PRECHECK,0,,,,,,,,,,,
200,21334.687,PRECHECK,0,,,,,,,,,,,
201,21334.796,PRECHECK,0,,,,,,,,,,,
202,21334.89,PRECHECK,0,,,,,,,,,,,
203,21334.968,PRECHECK,0,,,,,,,,,,,
204,21335.062,PRECHECK,0,,,,,,,,,,,
205,21335.156,PRECHECK,0,,,,,,,,,,,
206,21335.25,PRECHECK,0,,,,,,,,,,,
207,21335.343,PRECHECK,0,,,,,,,,,,,
208,21335.421,PRECHECK,0,,,,,,,,,,,
209,21335.515,PRECHECK,0,,,,,,,,,,,
210,21335.593,PRECHECK,0,,,,,,,,,,,
211,21335.687,PRECHECK,0,,,,,,,,,,,
212,21335.765,PRECHECK,0,,,,,,,,,,,
213,21335.859,PRECHECK,0,,,,,,,,,,,
214,21335.953,PRECHECK,0,,,,,,,,,,,
215,21336.046,PRECHECK,0,,,,,,,,,,,
216,21336.14,PRECHECK,0,,,,,,,,,,,
217,21336.234,PRECHECK,0,,,,,,,,,,,
218,21336.312,PRECHECK,0,,,,,,,,,,,
219,21336.406,PRECHECK,0,,,,,,,,,,,
220,21336.5,PRECHECK,0,,,,,,,,,,,
221,21336.593,PRECHECK,0,,,,,,,,,,,
222,21336.687,PRECHECK,0,,,,,,,,,,,
223,21336.765,PRECHECK,0,,,,,,,,,,,
224,21336.859,PRECHECK,0,,,,,,,,,,,
225,21336.937,PRECHECK,0,,,,,,,,,,,
226,21337.046,PRECHECK,0,,,,,,,,,,,
227,21337.14,PRECHECK,0,,,,,,,,,,,
228,21337.234,PRECHECK,0,,,,,,,,,,,
229,21337.328,PRECHECK,0,,,,,,,,,,,
230,21337.421,PRECHECK,0,,,,,,,,,,,
231,21337.5,PRECHECK,0,,,,,,,,,,,
232,21337.593,PRECHECK,0,,,,,,,,,,,
233,21337.687,PRECHECK,0,,,,,,,,,,,
234,21337.781,PRECHECK,0,,,,,,,,,,,
235,21337.875,PRECHECK,0,,,,,,,,,,,
236,21337.968,PRECHECK,0,,,,,,,,,,,
237,21338.062,PRECHECK,0,,,,,,,,,,,
238,21338.14,PRECHECK,0,,,,,,,,,,,
239,21338.218,PRECHECK,0,,,,,,,,,,,
240,21338.328,PRECHECK,0,,,,,,,,,,,
241,21338.421,PRECHECK,0,,,,,,,,,,,
242,21338.515,PRECHECK,0,,,,,,,,,,,
243,21338.609,PRECHECK,0,,,,,,,,,,,
244,21338.703,PRECHECK,0,,,,,,,,,,,
245,21338.796,PRECHECK,0,,,,,,,,,,,
246,21338.906,PRECHECK,0,,,,,,,,,,,
247,21339.0,PRECHECK,0,,,,,,,,,,,
248,21339.093,PRECHECK,0,,,,,,,,,,,
249,21339.187,PRECHECK,0,,,,,,,,,,,
250,21339.281,PRECHECK,0,,,,,,,,,,,
251,21339.421,PRECHECK,0,,,,,,,,,,,
252,21339.515,PRECHECK,1,-9.09173659519027,-0.055581038872165374,0.42236077035107833,4.4911005862682005,0.22987718290874437,1.2619824690749262,-0.06730792671442032,0.4248242676258087,4.520137786865234,0.7009549500029187,9.0
253,21339.609,PRECHECK,1,-8.821728948142821,-0.05558189496275146,0.4222010845551806,4.492986440816927,0.24270310884721125,1.3086500867902224,-0.0671207457780838,0.4249691069126129,4.524421215057373,0.6228743489046391,9.0
254,21339.703,PRECHECK,1,-8.99403614509206,-0.054524406615083794,0.42379563084776345,4.513396121002739,0.256025462732637,1.24684025248992,-0.06615649163722992,0.4267770051956177,4.5465192794799805,0.6512377212999386,9.0
255,21339.812,PRECHECK,0,,,,,,,,,,,
256,21339.906,PRECHECK,0,,,,,,,,,,,
257,21340.0,PRECHECK,0,,,,,,,,,,,
258,21340.093,PRECHECK,0,,,,,,,,,,,
259,21340.187,PRECHECK,0,,,,,,,,,,,
260,21340.296,PRECHECK,0,,,,,,,,,,,
261,21340.453,PRECHECK,0,,,,,,,,,,,
262,21340.562,PRECHECK,1,-0.012302203830963018,-0.06535443945998834,0.4207750140990498,4.470004054022221,0.35751655637425045,0.007108880626669936,-0.06425288319587708,0.41853153705596924,4.446920871734619,0.8741060970338123,9.0
263,21340.671,PRECHECK,0,,,,,,,,,,,
264,21340.765,PRECHECK,1,-9.416834874709627,-0.05230256205421826,0.42441766492390043,4.507043668607645,0.22680919078814638,0.7786778312390757,-0.06378617137670517,0.4273989498615265,4.544034481048584,0.6719368404939512,9.0
265,21340.875,PRECHECK,0,,,,,,,,,,,
266,21340.968,PRECHECK,1,0.9540833469622316,-0.06418294259907432,0.4225207493148929,4.497992959872816,0.14706907993875337,-0.4169401983339038,-0.06230076774954796,0.42197224497795105,4.50451135635376,0.5078978711755066,9.0
267,21341.078,PRECHECK,0,,,,,,,,,,,
268,21341.171,PRECHECK,1,-9.572862931192645,-0.04755809089674989,0.4182647164853749,4.4743993473583075,0.15274414708993206,1.6442051854496462,-0.06101338192820549,0.42313283681869507,4.534238815307617,0.7584784336470836,9.0
269,21341.265,PRECHECK,0,,,,,,,,,,,
270,21341.359,PRECHECK,0,,,,,,,,,,,
271,21341.453,PRECHECK,0,,,,,,,,,,,
272,21341.531,PRECHECK,0,,,,,,,,,,,
273,21341.64,PRECHECK,0,,,,,,,,,,,
274,21341.718,PRECHECK,0,,,,,,,,,,,
275,21341.828,PRECHECK,0,,,,,,,,,,,
276,21341.921,PRECHECK,1,-9.711270677350788,-0.057422583904849805,0.4205414121717317,4.469940992145369,0.217794332453098,1.5106842277875545,-0.07041046023368835,0.4234009087085724,4.504133224487305,0.6608125777120598,9.0
277,21342.015,PRECHECK,0,,,,,,,,,,,
278,21342.125,PRECHECK,0,,,,,,,,,,,
279,21342.218,PRECHECK,0,,,,,,,,,,,
280,21342.312,PRECHECK,0,,,,,,,,,,,
281,21342.406,PRECHECK,0,,,,,,,,,,,
282,21342.5,PRECHECK,0,,,,,,,,,,,
283,21342.593,PRECHECK,0,,,,,,,,,,,
284,21342.687,PRECHECK,0,,,,,,,,,,,
285,21342.781,PRECHECK,0,,,,,,,,,,,
286,21342.89,PRECHECK,0,,,,,,,,,,,
287,21342.984,PRECHECK,0,,,,,,,,,,,
288,21343.078,PRECHECK,1,-0.00490165045840544,-0.0655079951646735,0.4196303287298511,4.458088571005409,0.26273939797799717,-0.45327735450879075,-0.064170241355896,0.41802456974983215,4.448111057281494,0.4676354457882962,9.0
289,21343.187,PRECHECK,1,0.04952972361293144,-0.0644157332928045,0.4221904964730524,4.475538270121573,0.23633165885821958,-0.5151707314829327,-0.06312940269708633,0.4209093451499939,4.470427513122559,0.3830006419304219,9.0
290,21343.281,PRECHECK,1,0.3477844959988889,-0.06406426955376031,0.42275339495255876,4.488395687882589,0.23482107323079854,0.04838864222449553,-0.0629434585571289,0.4202606976032257,4.470122337341309,0.6236381710763013,9.0
291,21343.39,PRECHECK,1,-0.04235332232662328,-0.0651428016425351,0.42079828611674697,4.473606508370789,0.26695933317839243,-0.33657930573982653,-0.063960500061512,0.41845327615737915,4.4556474685668945,0.6348302346366075,9.0
292,21343.484,PRECHECK,1,0.3812989870401117,-0.06724831334087364,0.4187423997331095,4.458017114952694,0.23485732419321378,0.039661690037179495,-0.06613249331712723,0.4162980020046234,4.44066858291626,0.608497968682473,9.0
293,21343.578,PRECHECK,1,0.2739712647303519,-0.06682313305235428,0.42107706817759183,4.468217137351625,0.23215481051913156,0.020227416471877754,-0.06564181298017502,0.41892915964126587,4.453573226928711,0.5604026790443984,9.0
294,21343.671,PRECHECK,1,0.37989637184675046,-0.06693957772170787,0.42092692010991317,4.465515691541209,0.2544471121058308,0.3450594103143272,-0.06605811417102814,0.4188229441642761,4.450462818145752,0.5622255767850305,9.0
295,21343.765,PRECHECK,1,0.6599720692446107,-0.06706621597579905,0.42175368262295587,4.475925207482689,0.22153841660777315,0.7921205514917626,-0.06618678569793701,0.4189850389957428,4.454700469970703,0.7063499223958066,9.0
296,21343.859,PRECHECK,1,0.7460841879175192,-0.06701588919978542,0.4222250342247772,4.487464588873419,0.21963099074019418,1.1289824723261388,-0.06622614711523056,0.41908058524131775,4.462062835693359,0.8127287228244017,9.0
297,21343.953,PRECHECK,1,1.066610231484861,-0.06650170731139675,0.421113085476513,4.480876709458606,0.1874147245661004,1.2724149440610488,-0.06555505841970444,0.4180888235569,4.45879602432251,0.7394855404404235,9.0
298,21344.046,PRECHECK,0,,,,,,,,,,,
299,21344.156,PRECHECK,0,,,,,,,,,,,
300,21344.25,PRECHECK,1,0.8900223890322709,-0.065961285059032,0.42008332218384353,4.457501220309118,0.28327331696772656,2.1086698905742614,-0.06610897183418274,0.41822174191474915,4.443277359008789,0.5933097024066251,9.0
301,21344.359,PRECHECK,1,1.0030479324521433,-0.06339791119883541,0.42551427532404396,4.503056988990265,0.2815649241978669,2.0490429682188553,-0.06340958178043365,0.4228458106517792,4.479861259460449,0.7381408166050684,9.0
302,21344.453,PRECHECK,0,,,,,,,,,,,
303,21344.546,PRECHECK,1,0.4949393691994832,-0.06672535266551953,0.42162864100388964,4.469681090740207,0.3549303510806143,1.780146591708663,-0.06676454842090607,0.4194341003894806,4.447806358337402,0.8299834043970772,9.0
304,21344.64,PRECHECK,0,,,,,,,,,,,
305,21344.718,PRECHECK,1,0.20504597113088982,-0.065950915385265,0.4218957068338713,4.473396899109248,0.37382427898511905,1.3386621245096313,-0.0657070204615593,0.4202193319797516,4.456368446350098,0.8055528898279479,9.0
306,21344.828,PRECHECK,1,0.20831169753785703,-0.06499543813523992,0.4216463956096754,4.464936322480679,0.3785846919590138,1.1846373858179085,-0.06457731872797012,0.4200676679611206,4.448640823364258,0.8116011464051547,9.0
307,21344.921,PRECHECK,1,0.3262725987733786,-0.06407228525760472,0.42016655833510747,4.4615136283896675,0.3373241002793188,0.9722255302325483,-0.06333780288696289,0.41847002506256104,4.446434020996094,0.7413131817879661,9.0
308,21345.015,PRECHECK,1,0.42527571341308135,-0.06439897127738091,0.42186275300667686,4.47514859004956,0.3591554402424605,1.4149373986587335,-0.0640920102596283,0.42047029733657837,4.4619550704956055,0.7230377339901796,9.0
309,21345.109,PRECHECK,1,0.433848159785738,-0.0641902375088684,0.4198897048932661,4.462332179949399,0.35248609265968317,1.7124213812266205,-0.06402552872896194,0.41850894689559937,4.4498291015625,0.7394652068075603,9.0
310,21345.203,PRECHECK,1,0.44298096918068924,-0.06493373516377983,0.4229909634258994,4.483188286951972,0.3395945650533644,1.7880832321597766,-0.06487923860549927,0.4210633635520935,4.464467525482178,0.7852766066573342,9.0
311,21345.296,PRECHECK,0,,,,,,,,,,,
312,21345.406,PRECHECK,1,0.8992519251339037,-0.0589580954664319,0.4201844360902095,4.473450015628674,0.21756886196366904,1.2226659375006774,-0.05817247927188873,0.41903552412986755,4.470248222351074,0.5182609041760373,9.0
313,21345.5,PRECHECK,0,,,,,,,,,,,
314,21345.578,PRECHECK,0,,,,,,,,,,,
315,21345.687,PRECHECK,0,,,,,,,,,,,
316,21345.781,PRECHECK,0,,,,,,,,,,,
317,21345.875,PRECHECK,0,,,,,,,,,,,
318,21345.984,PRECHECK,0,,,,,,,,,,,
319,21346.078,PRECHECK,0,,,,,,,,,,,
320,21346.187,PRECHECK,0,,,,,,,,,,,
321,21346.281,PRECHECK,0,,,,,,,,,,,
322,21346.375,PRECHECK,0,,,,,,,,,,,
323,21346.484,PRECHECK,0,,,,,,,,,,,
324,21346.578,PRECHECK,0,,,,,,,,,,,
325,21346.687,PRECHECK,0,,,,,,,,,,,
326,21346.781,PRECHECK,0,,,,,,,,,,,
327,21346.875,PRECHECK,0,,,,,,,,,,,
328,21346.968,PRECHECK,0,,,,,,,,,,,
329,21347.062,PRECHECK,0,,,,,,,,,,,
330,21347.14,PRECHECK,0,,,,,,,,,,,
331,21347.25,PRECHECK,0,,,,,,,,,,,
332,21347.343,PRECHECK,0,,,,,,,,,,,
333,21347.437,PRECHECK,0,,,,,,,,,,,
334,21347.531,PRECHECK,0,,,,,,,,,,,
335,21347.625,PRECHECK,0,,,,,,,,,,,
336,21347.734,PRECHECK,0,,,,,,,,,,,
337,21347.828,PRECHECK,0,,,,,,,,,,,
338,21347.921,PRECHECK,0,,,,,,,,,,,
339,21348.015,PRECHECK,0,,,,,,,,,,,
340,21348.093,PRECHECK,0,,,,,,,,,,,
341,21348.187,PRECHECK,0,,,,,,,,,,,
342,21348.281,PRECHECK,0,,,,,,,,,,,
343,21348.39,PRECHECK,0,,,,,,,,,,,
344,21348.531,PRECHECK,0,,,,,,,,,,,
345,21348.625,PRECHECK,0,,,,,,,,,,,
346,21348.718,PRECHECK,0,,,,,,,,,,,
347,21348.812,PRECHECK,0,,,,,,,,,,,
348,21348.906,PRECHECK,0,,,,,,,,,,,
349,21349.0,PRECHECK,0,,,,,,,,,,,
350,21349.093,PRECHECK,0,,,,,,,,,,,
351,21349.187,PRECHECK,0,,,,,,,,,,,
352,21349.265,PRECHECK,0,,,,,,,,,,,
353,21349.359,PRECHECK,0,,,,,,,,,,,
354,21349.437,PRECHECK,0,,,,,,,,,,,
355,21349.531,PRECHECK,0,,,,,,,,,,,
356,21349.609,PRECHECK,0,,,,,,,,,,,
357,21349.703,PRECHECK,0,,,,,,,,,,,
358,21349.796,PRECHECK,0,,,,,,,,,,,
359,21349.89,PRECHECK,0,,,,,,,,,,,
360,21349.984,PRECHECK,0,,,,,,,,,,,
361,21350.078,PRECHECK,0,,,,,,,,,,,
362,21350.171,PRECHECK,0,,,,,,,,,,,
363,21350.265,PRECHECK,0,,,,,,,,,,,
364,21350.359,PRECHECK,0,,,,,,,,,,,
365,21350.437,PRECHECK,0,,,,,,,,,,,
366,21350.531,PRECHECK,0,,,,,,,,,,,
367,21350.625,PRECHECK,0,,,,,,,,,,,
368,21350.734,PRECHECK,0,,,,,,,,,,,
369,21350.828,PRECHECK,0,,,,,,,,,,,
370,21350.906,PRECHECK,0,,,,,,,,,,,
371,21351.0,PRECHECK,0,,,,,,,,,,,
372,21351.093,PRECHECK,0,,,,,,,,,,,
373,21351.187,PRECHECK,0,,,,,,,,,,,
374,21351.265,PRECHECK,0,,,,,,,,,,,
375,21351.375,PRECHECK,0,,,,,,,,,,,
376,21351.468,PRECHECK,0,,,,,,,,,,,
377,21351.531,PRECHECK,0,,,,,,,,,,,
378,21351.64,PRECHECK,0,,,,,,,,,,,
379,21351.718,PRECHECK,0,,,,,,,,,,,
380,21351.812,PRECHECK,0,,,,,,,,,,,
381,21351.906,PRECHECK,0,,,,,,,,,,,
382,21352.0,PRECHECK,0,,,,,,,,,,,
383,21352.078,PRECHECK,0,,,,,,,,,,,
384,21352.171,PRECHECK,0,,,,,,,,,,,
385,21352.265,PRECHECK,0,,,,,,,,,,,
386,21352.375,PRECHECK,0,,,,,,,,,,,
387,21352.453,PRECHECK,0,,,,,,,,,,,
388,21352.546,PRECHECK,0,,,,,,,,,,,
389,21352.64,PRECHECK,0,,,,,,,,,,,
390,21352.718,PRECHECK,0,,,,,,,,,,,
391,21352.812,PRECHECK,0,,,,,,,,,,,
392,21352.906,PRECHECK,0,,,,,,,,,,,
393,21353.015,PRECHECK,0,,,,,,,,,,,
394,21353.093,PRECHECK,0,,,,,,,,,,,
395,21353.187,PRECHECK,0,,,,,,,,,,,
396,21353.281,PRECHECK,0,,,,,,,,,,,
397,21353.375,PRECHECK,0,,,,,,,,,,,
398,21353.484,PRECHECK,0,,,,,,,,,,,
399,21353.578,PRECHECK,0,,,,,,,,,,,
400,21353.671,PRECHECK,0,,,,,,,,,,,
401,21353.765,PRECHECK,0,,,,,,,,,,,
402,21353.843,PRECHECK,0,,,,,,,,,,,
403,21353.968,PRECHECK,0,,,,,,,,,,,
404,21354.062,PRECHECK,0,,,,,,,,,,,
405,21354.156,PRECHECK,0,,,,,,,,,,,
406,21354.265,PRECHECK,0,,,,,,,,,,,
407,21354.343,PRECHECK,0,,,,,,,,,,,
408,21354.453,PRECHECK,0,,,,,,,,,,,
409,21354.546,PRECHECK,0,,,,,,,,,,,
410,21354.64,PRECHECK,0,,,,,,,,,,,
411,21354.75,PRECHECK,0,,,,,,,,,,,
412,21354.828,PRECHECK,0,,,,,,,,,,,
413,21354.921,PRECHECK,0,,,,,,,,,,,
414,21355.015,PRECHECK,0,,,,,,,,,,,
415,21355.125,PRECHECK,0,,,,,,,,,,,
416,21355.203,PRECHECK,0,,,,,,,,,,,
417,21355.312,PRECHECK,0,,,,,,,,,,,
418,21355.421,PRECHECK,0,,,,,,,,,,,
419,21355.531,PRECHECK,0,,,,,,,,,,,
420,21355.625,PRECHECK,0,,,,,,,,,,,
421,21355.718,PRECHECK,0,,,,,,,,,,,
422,21355.828,PRECHECK,0,,,,,,,,,,,
423,21355.921,PRECHECK,0,,,,,,,,,,,
424,21356.015,PRECHECK,0,,,,,,,,,,,
425,21356.109,PRECHECK,0,,,,,,,,,,,
426,21356.218,PRECHECK,0,,,,,,,,,,,
427,21356.312,PRECHECK,0,,,,,,,,,,,
428,21356.39,PRECHECK,0,,,,,,,,,,,
429,21356.531,PRECHECK,0,,,,,,,,,,,
430,21356.625,PRECHECK,0,,,,,,,,,,,
431,21356.734,PRECHECK,0,,,,,,,,,,,
432,21356.828,PRECHECK,0,,,,,,,,,,,
433,21356.953,PRECHECK,0,,,,,,,,,,,
434,21357.062,PRECHECK,0,,,,,,,,,,,
435,21357.156,PRECHECK,0,,,,,,,,,,,
436,21357.25,PRECHECK,0,,,,,,,,,,,
437,21357.343,PRECHECK,0,,,,,,,,,,,
438,21357.453,PRECHECK,0,,,,,,,,,,,
439,21357.578,PRECHECK,0,,,,,,,,,,,
440,21357.687,PRECHECK,0,,,,,,,,,,,
441,21357.765,PRECHECK,0,,,,,,,,,,,
442,21357.875,PRECHECK,0,,,,,,,,,,,
443,21357.968,PRECHECK,0,,,,,,,,,,,
444,21358.062,PRECHECK,0,,,,,,,,,,,
445,21358.171,PRECHECK,0,,,,,,,,,,,
446,21358.25,PRECHECK,0,,,,,,,,,,,
447,21358.359,PRECHECK,0,,,,,,,,,,,
448,21358.437,PRECHECK,0,,,,,,,,,,,
449,21358.578,PRECHECK,0,,,,,,,,,,,
450,21358.656,PRECHECK,0,,,,,,,,,,,
451,21358.75,PRECHECK,0,,,,,,,,,,,
452,21358.859,PRECHECK,0,,,,,,,,,,,
453,21358.953,PRECHECK,0,,,,,,,,,,,
454,21359.062,PRECHECK,0,,,,,,,,,,,
455,21359.14,PRECHECK,0,,,,,,,,,,,
456,21359.25,PRECHECK,0,,,,,,,,,,,
457,21359.343,PRECHECK,0,,,,,,,,,,,
458,21359.437,PRECHECK,0,,,,,,,,,,,
459,21359.562,PRECHECK,0,,,,,,,,,,,
460,21359.671,PRECHECK,0,,,,,,,,,,,
461,21359.765,PRECHECK,0,,,,,,,,,,,
462,21359.859,PRECHECK,0,,,,,,,,,,,
463,21359.953,PRECHECK,0,,,,,,,,,,,
464,21360.046,PRECHECK,0,,,,,,,,,,,
465,21360.14,PRECHECK,0,,,,,,,,,,,
466,21360.25,PRECHECK,0,,,,,,,,,,,
467,21360.328,PRECHECK,0,,,,,,,,,,,
468,21360.406,PRECHECK,0,,,,,,,,,,,
469,21360.531,PRECHECK,0,,,,,,,,,,,
470,21360.625,PRECHECK,0,,,,,,,,,,,
471,21360.718,PRECHECK,0,,,,,,,,,,,
472,21360.796,PRECHECK,0,,,,,,,,,,,
473,21360.89,PRECHECK,0,,,,,,,,,,,
474,21360.984,PRECHECK,0,,,,,,,,,,,
475,21361.078,PRECHECK,0,,,,,,,,,,,
476,21361.171,PRECHECK,0,,,,,,,,,,,
477,21361.265,PRECHECK,0,,,,,,,,,,,
478,21361.343,PRECHECK,0,,,,,,,,,,,
479,21361.437,PRECHECK,0,,,,,,,,,,,
480,21361.562,PRECHECK,0,,,,,,,,,,,
481,21361.656,PRECHECK,0,,,,,,,,,,,
482,21361.75,PRECHECK,0,,,,,,,,,,,
483,21361.859,PRECHECK,0,,,,,,,,,,,
484,21361.937,PRECHECK,0,,,,,,,,,,,
485,21362.046,PRECHECK,0,,,,,,,,,,,
486,21362.14,PRECHECK,0,,,,,,,,,,,
487,21362.25,PRECHECK,0,,,,,,,,,,,
488,21362.343,PRECHECK,0,,,,,,,,,,,
489,21362.453,PRECHECK,0,,,,,,,,,,,
490,21362.562,PRECHECK,0,,,,,,,,,,,
491,21362.656,PRECHECK,0,,,,,,,,,,,
492,21362.75,PRECHECK,0,,,,,,,,,,,
493,21362.859,PRECHECK,0,,,,,,,,,,,
494,21362.953,PRECHECK,0,,,,,,,,,,,
495,21363.046,PRECHECK,0,,,,,,,,,,,
496,21363.14,PRECHECK,0,,,,,,,,,,,
497,21363.234,PRECHECK,0,,,,,,,,,,,
498,21363.328,PRECHECK,0,,,,,,,,,,,
499,21363.421,PRECHECK,0,,,,,,,,,,,
500,21363.515,PRECHECK,0,,,,,,,,,,,
501,21363.593,PRECHECK,0,,,,,,,,,,,
502,21363.687,PRECHECK,0,,,,,,,,,,,
503,21363.781,PRECHECK,0,,,,,,,,,,,
504,21363.875,PRECHECK,0,,,,,,,,,,,
505,21363.968,PRECHECK,0,,,,,,,,,,,
506,21364.062,PRECHECK,0,,,,,,,,,,,
507,21364.156,PRECHECK,0,,,,,,,,,,,
508,21364.25,PRECHECK,0,,,,,,,,,,,
509,21364.343,PRECHECK,0,,,,,,,,,,,
510,21364.437,PRECHECK,0,,,,,,,,,,,
511,21364.531,PRECHECK,0,,,,,,,,,,,
512,21364.609,PRECHECK,0,,,,,,,,,,,
513,21364.703,PRECHECK,0,,,,,,,,,,,
514,21364.796,PRECHECK,0,,,,,,,,,,,
515,21364.89,PRECHECK,0,,,,,,,,,,,
516,21364.984,PRECHECK,0,,,,,,,,,,,
517,21365.078,PRECHECK,0,,,,,,,,,,,
518,21365.156,PRECHECK,0,,,,,,,,,,,
519,21365.25,PRECHECK,0,,,,,,,,,,,
520,21365.328,PRECHECK,0,,,,,,,,,,,
521,21365.421,PRECHECK,0,,,,,,,,,,,
522,21365.515,PRECHECK,0,,,,,,,,,,,
523,21365.609,PRECHECK,0,,,,,,,,,,,
524,21365.687,PRECHECK,0,,,,,,,,,,,
525,21365.781,PRECHECK,0,,,,,,,,,,,
526,21365.875,PRECHECK,0,,,,,,,,,,,
527,21365.953,PRECHECK,0,,,,,,,,,,,
528,21366.031,PRECHECK,0,,,,,,,,,,,
529,21366.14,PRECHECK,0,,,,,,,,,,,
530,21366.218,PRECHECK,0,,,,,,,,,,,
531,21366.328,PRECHECK,0,,,,,,,,,,,
532,21366.421,PRECHECK,0,,,,,,,,,,,
533,21366.515,PRECHECK,0,,,,,,,,,,,
534,21366.64,PRECHECK,0,,,,,,,,,,,
535,21366.734,PRECHECK,0,,,,,,,,,,,
536,21366.812,PRECHECK,0,,,,,,,,,,,
537,21366.906,PRECHECK,0,,,,,,,,,,,
538,21367.0,PRECHECK,0,,,,,,,,,,,
539,21367.078,PRECHECK,0,,,,,,,,,,,
540,21367.171,PRECHECK,0,,,,,,,,,,,
541,21367.25,PRECHECK,0,,,,,,,,,,,
542,21367.343,PRECHECK,0,,,,,,,,,,,
543,21367.437,PRECHECK,0,,,,,,,,,,,
544,21367.531,PRECHECK,0,,,,,,,,,,,
545,21367.64,PRECHECK,0,,,,,,,,,,,
546,21367.718,PRECHECK,0,,,,,,,,,,,
547,21367.828,PRECHECK,0,,,,,,,,,,,
548,21367.906,PRECHECK,0,,,,,,,,,,,
549,21368.0,PRECHECK,0,,,,,,,,,,,
550,21368.078,PRECHECK,0,,,,,,,,,,,
551,21368.171,PRECHECK,0,,,,,,,,,,,
552,21368.265,PRECHECK,0,,,,,,,,,,,
553,21368.359,PRECHECK,0,,,,,,,,,,,
554,21368.437,PRECHECK,1,-0.8875165432263047,-0.10279084279765832,0.4187405711319675,4.448705867210435,0.37311848982640317,-1.8039770092101692,-0.10104130953550339,0.41700437664985657,4.431422233581543,0.6824780611979209,9.0
555,21368.546,PRECHECK,1,-1.0888621863818926,-0.10475768170448192,0.41573142564396426,4.4178716293945595,0.41828903919277877,-1.8633261652304827,-0.10295678675174713,0.41378846764564514,4.395638465881348,0.8923689597634863,9.0
556,21368.64,PRECHECK,1,-0.8309969052367677,-0.10150580494907262,0.42038382479145275,4.459930765214377,0.3615555407403602,-1.191016266486092,-0.10004255175590515,0.4184238612651825,4.44021463394165,0.7688849354393718,9.0
557,21368.734,PRECHECK,1,-0.8550983724168616,-0.1002404445776982,0.41901077111072854,4.438968539908276,0.37757204205965406,-1.196430146269882,-0.09883400052785873,0.4169886112213135,4.417567253112793,0.8345315843228468,9.0
558,21368.828,PRECHECK,1,-0.7302366171232765,-0.10257204264460588,0.4150419739381545,4.424193231441023,0.38364210553194544,-1.1576113656506377,-0.10121792554855347,0.41234877705574036,4.3961181640625,1.0029986357274454,9.0
559,21368.937,PRECHECK,1,-0.7099345855931712,-0.10296778924894398,0.41627273335531756,4.439360797700336,0.3876808868389963,-1.2223687980173865,-0.10153578966856003,0.41330885887145996,4.408192157745361,1.091251991262903,9.0
560,21369.031,PRECHECK,1,-0.3637566162651442,-0.10081931747559705,0.4191741047671756,4.466864547442707,0.2755788840354334,-0.9128627423900446,-0.0995253250002861,0.416657030582428,4.446451663970947,0.6763117766907828,9.0
561,21369.109,PRECHECK,1,-11.441944526624114,-0.08903802936599972,0.4221881939926808,4.5032141705403985,0.17770967146849947,0.660490823435866,-0.10399546474218369,0.427676260471344,4.5687408447265625,0.6377362854497258,9.0
562,21369.218,PRECHECK,0,,,,,,,,,,,
563,21369.328,PRECHECK,1,-0.6457486912801681,-0.09540713225602665,0.4199146441658657,4.498425447101728,0.08820852395805946,-1.365092339394067,-0.09340271353721619,0.41829678416252136,4.4947662353515625,0.5655587299144891,9.0
564,21369.421,PRECHECK,1,-1.0254752957127622,-0.0937153425619536,0.41929455575456215,4.445032960465709,0.21252998982569982,-1.3237060382379027,-0.09166703373193741,0.41605013608932495,4.418071746826172,0.9094859668042441,9.0
565,21369.515,PRECHECK,0,,,,,,,,,,,
566,21369.625,PRECHECK,0,,,,,,,,,,,
567,21369.734,PRECHECK,0,,,,,,,,,,,
568,21369.828,PRECHECK,1,-0.4498929169487259,-0.09500120120247274,0.42315779436046375,4.5040332526098235,0.11752639583179132,-1.7375626506263822,-0.09275210648775101,0.42163193225860596,4.500434398651123,0.4810384644097824,9.0
569,21369.921,PRECHECK,1,-0.6295624790945289,-0.09563175145908687,0.4232968805401759,4.493534516778556,0.18174535543072015,-1.6916801052219532,-0.09370633959770203,0.42207905650138855,4.4907941818237305,0.4138616240509051,9.0
570,21370.031,PRECHECK,1,-0.5665253910747673,-0.09509236244128154,0.4227431733698922,4.484852662976201,0.1927059688326215,-1.6392878995276656,-0.09326612949371338,0.421358585357666,4.48024845123291,0.39674662297390256,9.0
571,21370.125,PRECHECK,1,-0.5810142382534741,-0.09536833958884833,0.4227835443674949,4.486216437926281,0.1975340342853967,-1.7386532617663217,-0.09344279766082764,0.4212662875652313,4.479727268218994,0.3932905741950494,9.0
572,21370.218,PRECHECK,1,-0.5473129532749151,-0.0957362678720363,0.42376360867791124,4.497987988395714,0.1791797278584883,-1.6803770345940656,-0.09369762986898422,0.42202216386795044,4.489375591278076,0.4322625885577684,9.0
573,21370.312,PRECHECK,1,-0.401185156449441,-0.09568056272344676,0.42404808299949975,4.497242293718393,0.14249122305217016,-1.6241796071603471,-0.0935390293598175,0.4222264587879181,4.489131450653076,0.45704331371999835,9.0
574,21370.406,PRECHECK,1,-0.8809971848457236,-0.09849173905694676,0.4196522825423621,4.457961950862241,0.28079471321773414,-1.5267502792771,-0.09669262170791626,0.41762661933898926,4.441701412200928,0.5998779700555602,9.0
575,21370.5,PRECHECK,0,,,,,,,,,,,
576,21370.593,PRECHECK,0,,,,,,,,,,,
577,21370.687,PRECHECK,0,,,,,,,,,,,
578,21370.781,PRECHECK,0,,,,,,,,,,,
579,21370.875,PRECHECK,0,,,,,,,,,,,
580,21370.953,PRECHECK,0,,,,,,,,,,,
581,21371.046,PRECHECK,0,,,,,,,,,,,
582,21371.14,PRECHECK,0,,,,,,,,,,,
583,21371.218,PRECHECK,0,,,,,,,,,,,
584,21371.328,PRECHECK,1,-1.103266311607495,-0.09890973943279163,0.41982928398320457,4.5190481495021,0.20694042097901433,-1.321202107122433,-0.09660536795854568,0.4166792035102844,4.493401050567627,0.8997587926374632,9.0
585,21371.421,PRECHECK,1,-0.2005010028918579,-0.09977072126616507,0.42062358745336237,4.505515141863525,0.1055518676942319,-0.7415688584979555,-0.09793983399868011,0.4181908071041107,4.492478370666504,0.6005249315691333,9.0
586,21371.531,PRECHECK,0,,,,,,,,,,,
587,21371.625,PRECHECK,1,-0.6389671173610519,-0.09881512019722145,0.4248907551972469,4.501849081011386,0.17733415111683953,-0.4486162847504306,-0.09718029201030731,0.421546995639801,4.475534439086914,0.8803227148934,9.0
588,21371.718,PRECHECK,1,1.3382411040093454,-0.1003882078457193,0.424042807996413,4.505898224398319,0.0797515679816613,-0.6164603091103295,-0.09744161367416382,0.42210620641708374,4.500352382659912,0.6046731783241398,9.0
589,21371.812,PRECHECK,0,,,,,,,,,,,
590,21371.921,PRECHECK,0,,,,,,,,,,,
591,21372.015,PRECHECK,0,,,,,,,,,,,
592,21372.109,PRECHECK,0,,,,,,,,,,,
593,21372.203,PRECHECK,1,-0.5584837169252811,-0.10107152110183718,0.42105275093198763,4.470498374903485,0.08327697698925715,-1.808335382677049,-0.09848480671644211,0.41754743456840515,4.44628381729126,0.7795962081851812,9.0
594,21372.296,PRECHECK,1,4.900637376376655,-0.10617076167974786,0.4203358653855414,4.494107655855193,0.15179877259425328,-1.0286577006703068,-0.09831808507442474,0.4184591770172119,4.490379333496094,0.9729543234302158,9.0
595,21372.39,PRECHECK,0,,,,,,,,,,,
596,21372.5,PRECHECK,1,-13.326405226178053,-0.0869915008894708,0.41242422218787017,4.414351296627955,0.2740322733920542,1.6028673630715595,-0.10607925057411194,0.4192131459712982,4.495625972747803,0.720173340629327,9.0
597,21372.593,PRECHECK,1,-11.340145787846785,-0.08818584325029895,0.41825585006811505,4.467310999491159,0.21854527812771074,0.4787891178461931,-0.10257655382156372,0.422526091337204,4.51729679107666,0.7152862015718294,9.0
598,21372.687,PRECHECK,1,-0.5814894077493162,-0.09826031887718298,0.4233874922706086,4.4836780845855495,0.1839556111560042,-0.7176511995441257,-0.09724421799182892,0.4219335913658142,4.47825288772583,0.42428648051570067,9.0
599,21372.781,PRECHECK,1,-0.5455788152571109,-0.1014729369886711,0.4237824153992555,4.496019909857042,0.13705515605409987,-0.6111868605082466,-0.10040778666734695,0.4221211373806,4.490067481994629,0.4665346280096498,9.0
600,21372.89,PRECHECK,1,-0.469795429730736,-0.0994902413868256,0.42152765655224544,4.464960766075493,0.19302947163931433,-0.5908085714034089,-0.09851420670747757,0.4204082787036896,4.463411331176758,0.4265585455524909,9.0
601,21372.984,PRECHECK,1,-10.21962087516718,-0.08592006166523071,0.4195380239581666,4.458649902863896,0.2185967833689113,0.12067419762348137,-0.09803308546543121,0.42176544666290283,4.488646984100342,0.8412990177609518,9.0
602,21373.078,PRECHECK,1,-0.6596194153114177,-0.09729085704359615,0.42457840077519604,4.4746290738186785,0.1432053534922328,-1.121533644925121,-0.09546816349029541,0.4215075969696045,4.451817035675049,0.738208487140802,9.0
603,21373.171,PRECHECK,1,-0.27125606093741966,-0.10183536184905172,0.42557911333750753,4.479914838137664,0.14931416540012732,-0.9433346428631001,-0.10071355104446411,0.4246148467063904,4.481752872467041,0.4317412637937527,9.0
604,21373.265,PRECHECK,1,-9.569944300941826,-0.0893524427670412,0.4199911902938532,4.464860911554019,0.22947464616340088,-0.5004371345517944,-0.09999387711286545,0.4222041666507721,4.494215965270996,0.714478489752302,9.0
605,21373.375,PRECHECK,1,-0.47871948698376604,-0.10115653219143003,0.42165143744600136,4.459107342117351,0.15064826624334976,-1.1343448459566834,-0.0998980700969696,0.42007073760032654,4.453202247619629,0.39279801912473244,9.0
606,21373.468,PRECHECK,1,-0.30383775298452437,-0.09731466428369356,0.42097696114280175,4.471720430458467,0.12754381743513457,-0.9860807438944037,-0.09612425416707993,0.41986364126205444,4.471595287322998,0.4315914168140733,9.0
607,21373.562,PRECHECK,1,-9.060144548016744,-0.0864653039950837,0.42010546946926597,4.465688132976576,0.23887939706625094,-0.5330817274394651,-0.09621066600084305,0.421466588973999,4.48701286315918,0.791992503096863,9.0
608,21373.671,PRECHECK,1,-0.20184982965636614,-0.09755365661111474,0.42130704746976577,4.457602590782252,0.1339463189061627,-1.3341492780701298,-0.09607837349176407,0.4208601713180542,4.465864181518555,0.555675615289088,9.0
609,21373.781,PRECHECK,1,-8.591017387677013,-0.08670916128004227,0.42159485238953853,4.464960222100541,0.26871338186028626,-0.8245720554325907,-0.09559626132249832,0.4229665696620941,4.482828140258789,0.7781417601446892,9.0
610,21373.875,PRECHECK,1,-0.681097444474377,-0.09518027264409691,0.4230165850265799,4.463570059165276,0.19027666979216915,-1.6169323389843866,-0.09346383064985275,0.42186614871025085,4.461909770965576,0.39323819292573653,9.0
611,21373.953,PRECHECK,1,-0.9026200570857046,-0.09371495592252463,0.4194201712849892,4.432798081292459,0.26674084617590854,-2.048124241363836,-0.0914047583937645,0.4176119565963745,4.420051097869873,0.5072288805517092,9.0
612,21374.046,PRECHECK,0,,,,,,,,,,,
613,21374.156,PRECHECK,0,,,,,,,,,,,
614,21374.25,PRECHECK,0,,,,,,,,,,,
615,21374.343,PRECHECK,0,,,,,,,,,,,
616,21374.437,PRECHECK,1,-7.912409684349999,-0.08671542465852915,0.4294842076344458,4.509594817521914,0.38408774613286045,0.8537349210681341,-0.09700105339288712,0.43235138058662415,4.532541275024414,0.8699263111844907,9.0
617,21374.531,PRECHECK,0,,,,,,,,,,,
618,21374.687,PRECHECK,0,,,,,,,,,,,
619,21374.781,PRECHECK,0,,,,,,,,,,,
620,21374.859,PRECHECK,0,,,,,,,,,,,
621,21374.953,PRECHECK,0,,,,,,,,,,,
622,21375.046,PRECHECK,0,,,,,,,,,,,
623,21375.125,PRECHECK,0,,,,,,,,,,,
624,21375.218,PRECHECK,0,,,,,,,,,,,
625,21375.312,PRECHECK,0,,,,,,,,,,,
626,21375.406,PRECHECK,0,,,,,,,,,,,
627,21375.484,PRECHECK,0,,,,,,,,,,,
628,21375.578,PRECHECK,1,-0.6823800222782732,-0.09851933551189102,0.41859359985646516,4.447231810817148,0.2918950563075928,-0.4424209216469684,-0.0976630449295044,0.41623491048812866,4.426075458526611,0.7296766581857019,9.0
629,21375.687,PRECHECK,1,-0.588892231537172,-0.0999215971932973,0.42006393933989683,4.459012108284137,0.2473965193336293,-1.0154862121382981,-0.09842322766780853,0.41786134243011475,4.442253589630127,0.5914329491774799,9.0
630,21375.781,PRECHECK,1,0.011257466277284162,-0.0963683533339117,0.41873317268071,4.448896258679621,0.1335039246306343,-0.9565177748708354,-0.09469687938690186,0.41612279415130615,4.432551383972168,0.5745071213638299,9.0
631,21375.89,PRECHECK,0,,,,,,,,,,,
632,21375.984,PRECHECK,0,,,,,,,,,,,
633,21376.203,PRECHECK,0,,,,,,,,,,,
634,21376.296,PRECHECK,0,,,,,,,,,,,
635,21376.39,PRECHECK,0,,,,,,,,,,,
636,21376.484,PRECHECK,0,,,,,,,,,,,
637,21376.578,PRECHECK,0,,,,,,,,,,,
638,21376.703,PRECHECK,0,,,,,,,,,,,
639,21376.812,PRECHECK,0,,,,,,,,,,,
640,21376.921,PRECHECK,0,,,,,,,,,,,
641,21377.015,PRECHECK,0,,,,,,,,,,,
642,21377.125,PRECHECK,0,,,,,,,,,,,
643,21377.218,PRECHECK,0,,,,,,,,,,,
644,21377.312,PRECHECK,0,,,,,,,,,,,
645,21377.406,PRECHECK,0,,,,,,,,,,,
646,21377.5,PRECHECK,0,,,,,,,,,,,
647,21377.609,PRECHECK,0,,,,,,,,,,,
648,21377.703,PRECHECK,0,,,,,,,,,,,
649,21377.812,PRECHECK,0,,,,,,,,,,,
650,21377.906,PRECHECK,0,,,,,,,,,,,
651,21377.984,PRECHECK,0,,,,,,,,,,,
652,21378.078,PRECHECK,0,,,,,,,,,,,
653,21378.171,PRECHECK,0,,,,,,,,,,,
654,21378.265,PRECHECK,0,,,,,,,,,,,
655,21378.359,PRECHECK,0,,,,,,,,,,,
656,21378.437,PRECHECK,0,,,,,,,,,,,
657,21378.531,PRECHECK,1,-0.835430793081599,-0.10681061867070255,0.42240590054955374,4.555220944129926,0.3138035722691635,0.5296736978517838,-0.10527326911687851,0.41810789704322815,4.50963830947876,1.594347621282513,9.0
658,21378.64,PRECHECK,0,,,,,,,,,,,
659,21378.734,PRECHECK,0,,,,,,,,,,,
660,21378.828,PRECHECK,0,,,,,,,,,,,
661,21378.921,PRECHECK,0,,,,,,,,,,,
662,21379.0,PRECHECK,0,,,,,,,,,,,
663,21379.093,PRECHECK,0,,,,,,,,,,,
664,21379.203,PRECHECK,0,,,,,,,,,,,
665,21379.281,PRECHECK,0,,,,,,,,,,,
666,21379.375,PRECHECK,0,,,,,,,,,,,
667,21379.468,PRECHECK,0,,,,,,,,,,,
668,21379.562,PRECHECK,0,,,,,,,,,,,
669,21379.64,PRECHECK,0,,,,,,,,,,,
670,21379.734,PRECHECK,1,2.002303799697295,-0.10221770015468307,0.41666295240438905,4.478831976295763,0.08214754225940746,-1.101128307935236,-0.0981677919626236,0.41556209325790405,4.483076572418213,0.6087239132011103,9.0
671,21379.843,PRECHECK,1,1.806955239971744,-0.10036133713548168,0.4188105498075164,4.467030650873702,0.11326777885686824,-1.8754699193342705,-0.09595761448144913,0.41878393292427063,4.483964443206787,0.8169263872985814,9.0
672,21379.937,PRECHECK,1,-0.45324644088453064,-0.10048392277889177,0.4223941982680205,4.459564067282144,0.22292445720169296,-1.0173749989844338,-0.09984259307384491,0.4236268699169159,4.481598377227783,0.8147388329265404,9.0
673,21380.046,PRECHECK,1,-0.7604470111797889,-0.09815057457728056,0.4216983014613737,4.465934185142917,0.21448232859473812,-1.8462095579063098,-0.09672284126281738,0.42184174060821533,4.475565433502197,0.48181258312138914,9.0
674,21380.14,PRECHECK,1,-0.3137768405083292,-0.09864242290736572,0.42394529340194076,4.495228476711731,0.12964342346340138,-1.6419961291760317,-0.09709679335355759,0.4237796664237976,4.505243301391602,0.5517196646579763,9.0
675,21380.234,PRECHECK,1,-0.2151765067504015,-0.09995743533829471,0.42454748985284163,4.506095498136491,0.10340468230300662,-1.4449948751878854,-0.09836583584547043,0.42405056953430176,4.513206481933594,0.5211147280251422,9.0
676,21380.328,PRECHECK,1,-1.007140715537312,-0.1011539593739067,0.4246522962679722,4.479096008498164,0.19344970466929737,-2.3432224313145724,-0.09933649748563766,0.42457956075668335,4.487168788909912,0.48126515199096365,9.0
677,21380.421,PRECHECK,1,-1.1788461603701854,-0.09997805067434201,0.42308966460618874,4.468464077963181,0.208603952873926,-2.7229735309736887,-0.09798631072044373,0.42323943972587585,4.478529930114746,0.5306828837692518,9.0
678,21380.531,PRECHECK,1,-1.05179088283005,-0.09887185498663377,0.4253469518313172,4.499230448289515,0.1440263729176275,-2.9166835490715304,-0.09701617807149887,0.42593804001808167,4.516737937927246,0.7721297903842862,9.0
679,21380.64,PRECHECK,1,-0.7412607749783608,-0.09782697816925966,0.4183667770590168,4.435615584889001,0.15890600629214627,-2.0516807938442487,-0.09655413031578064,0.4189036786556244,4.452597618103027,0.7333225242662507,9.0
680,21380.734,PRECHECK,1,-0.8753287961793688,-0.09520905216229067,0.4196986554943333,4.4560673005281455,0.16042415161522816,-2.0743120060957696,-0.09370598942041397,0.41984495520591736,4.468436241149902,0.6109353955423812,9.0
681,21380.828,PRECHECK,1,-1.0910940073230544,-0.09509683050776077,0.4189702998728134,4.439983329115258,0.16658339449215723,-2.2764476746999778,-0.09353051334619522,0.41937559843063354,4.4550347328186035,0.6968714080343735,9.0
682,21380.921,PRECHECK,1,-1.0393990357702807,-0.09596900978851479,0.4187974698303213,4.435012554970817,0.19531519116512497,-2.192107232302428,-0.09457302838563919,0.4195798635482788,4.453183650970459,0.7507705409438489,9.0
683,21381.015,PRECHECK,1,-1.1549967972993653,-0.09440671357267068,0.4192873012604569,4.442382794130749,0.162247708612808,-2.5729446191555527,-0.09233276546001434,0.4186197519302368,4.445493698120117,0.42688424761089955,9.0
684,21381.109,PRECHECK,1,-1.1846556949560174,-0.09444373573889672,0.4216194382432552,4.463844271395906,0.17951248157481947,-2.289729578801362,-0.09272405505180359,0.4213806688785553,4.470822811126709,0.4852313698439577,9.0
685,21381.218,PRECHECK,1,-1.2643377413046026,-0.0953999888006938,0.42009646082611224,4.446888435204017,0.2231349441177882,-2.1584168747492507,-0.09367702156305313,0.41995078325271606,4.453365325927734,0.4810941735220841,9.0
686,21381.296,PRECHECK,1,-1.2292799798701088,-0.09480337168777636,0.41968996945576215,4.442638588927014,0.2091080175882077,-2.3831573956030025,-0.09313962608575821,0.42015549540519714,4.456720352172852,0.6494553182672953,9.0
687,21381.406,PRECHECK,1,-1.2081958598367668,-0.09533201139608868,0.42201041618873064,4.4616204241764486,0.23517710823757973,-1.8345197497734085,-0.09381429851055145,0.4220748543739319,4.47046422958374,0.5474491162800973,9.0
688,21381.5,PRECHECK,1,-1.2608869562909897,-0.09453589025391272,0.4208940272234966,4.454020965199857,0.23255801070772905,-2.442139031965514,-0.09261662513017654,0.4210401773452759,4.463623523712158,0.5406035714153662,9.0
689,21381.593,PRECHECK,1,-1.2997752819582835,-0.09385931180787555,0.4207999189443123,4.4489712094871985,0.22768489343496107,-2.7764963898269444,-0.09176089614629745,0.4207193851470947,4.455671787261963,0.45604854375762516,9.0
690,21381.718,PRECHECK,1,-1.2024587169895624,-0.09476208978081742,0.4211900215728065,4.459728207167972,0.19620767304119863,-2.55890334444316,-0.09276604652404785,0.42099809646606445,4.466805458068848,0.48492708732309936,9.0
691,21381.812,PRECHECK,1,-0.5360248860036558,-0.09565328766769539,0.41912469821649573,4.443288485770364,0.027781553989812545,-1.8106075609383159,-0.09380361437797546,0.4185788035392761,4.452305316925049,0.6794459427253835,9.0
692,21381.906,PRECHECK,1,-0.21667152515978552,-0.0965120119990149,0.41780394137462873,4.433352842894989,0.020571307465921427,-1.8984587257268222,-0.09446056932210922,0.41741785407066345,4.444423198699951,0.7217530590253505,9.0
693,21382.0,PRECHECK,1,0.06901962150051805,-0.09592022985975,0.41864404051032195,4.449578945945643,0.02196790051641776,-1.6003606588346593,-0.09392904490232468,0.41828352212905884,4.46099328994751,0.7104631565105807,9.0
694,21382.093,PRECHECK,1,-0.15073992118984417,-0.09567086874163651,0.4196271408188014,4.4486753177135325,0.08603948481684835,-1.3613606682304622,-0.09432279318571091,0.4198812246322632,4.465190887451172,0.7706572847058283,9.0
695,21382.203,PRECHECK,1,0.017646811241044516,-0.0952261515596157,0.4185462260990484,4.447718371723454,0.03207837384942422,-1.9041012199654295,-0.09308826178312302,0.418381005525589,4.4612250328063965,0.7629511259718492,9.0
696,21382.296,PRECHECK,1,-0.1384011143466444,-0.09466397617406937,0.41967368033858365,4.4587734738610845,0.02786369960139093,-1.871861014672598,-0.09266163408756256,0.41944918036460876,4.471590995788574,0.7436026492425722,9.0
697,21382.39,PRECHECK,1,-0.28848710271370465,-0.0954733529499843,0.4206821079291173,4.467082634094885,0.04441311009628779,-1.9074675634033764,-0.09372856467962265,0.4209578037261963,4.4850239753723145,0.8493261250252099,9.0
698,21382.484,PRECHECK,1,-0.21025233735226886,-0.09673060529319763,0.42050751615784265,4.45768282003234,0.04422937659324635,-1.7095819733079067,-0.09526735544204712,0.42113229632377625,4.479588508605957,0.949532387043755,9.0
699,21382.593,PRECHECK,1,-0.3123206373068717,-0.09603664925936606,0.4197245541662027,4.4539795025699345,0.05075919760080036,-1.6704285187008958,-0.09451324492692947,0.42001596093177795,4.472030162811279,0.8487468378720792,9.0
700,21382.687,PRECHECK,1,-0.2982841710804259,-0.09610519100917984,0.4202369143048635,4.451887535353583,0.09393475503210978,-1.4232746234554905,-0.09488603472709656,0.42070022225379944,4.470449447631836,0.820031813065714,9.0
701,21382.781,PRECHECK,1,-0.5419090437546944,-0.09615710102347191,0.4200372704580678,4.449651728160137,0.11940936478946665,-1.6041367444529067,-0.09482873231172562,0.4202108383178711,4.464035987854004,0.6979195153890178,9.0
702,21382.875,PRECHECK,1,-0.591845250519897,-0.09541862126850698,0.42019697158210334,4.453158875672904,0.10758339922873489,-1.8712236686984578,-0.0938408225774765,0.4201071560382843,4.46498441696167,0.6479615613508046,9.0
703,21382.968,PRECHECK,1,-1.0476416677080187,-0.09585897949372048,0.41959644144803526,4.438546243596729,0.12014065952807874,-2.543730378837669,-0.0938301533460617,0.41881316900253296,4.442208766937256,0.4753560336115971,9.0
704,21383.062,PRECHECK,1,-1.2422214424600142,-0.09527262719884518,0.4185524875634254,4.434561374431953,0.14970051446631755,-2.568201809484498,-0.09321712702512741,0.41779863834381104,4.437263488769531,0.444369662902165,9.0
705,21383.14,PRECHECK,1,-1.0883533990736856,-0.09419528130852668,0.4192703742849003,4.44147331779479,0.1541121422632826,-2.2536013145540235,-0.09231440722942352,0.41861096024513245,4.445237159729004,0.457692298511854,9.0
706,21383.234,PRECHECK,1,-1.167297809139841,-0.0948306257103506,0.41923373224766375,4.437066988071236,0.17779286488371682,-2.2399024498774485,-0.09287513047456741,0.41820645332336426,4.435552597045898,0.3806705390993985,9.0
707,21383.312,PRECHECK,1,-1.162892182767874,-0.0948602677898599,0.4201566406423852,4.446387708617836,0.19403042384622624,-2.2697054290911636,-0.0929316058754921,0.419294148683548,4.445786476135254,0.36598015055080474,9.0
708,21383.39,PRECHECK,1,-1.1903460589577801,-0.0943200088003777,0.42090044362857104,4.448284439397169,0.21346380933654155,-2.295572797407308,-0.09240041673183441,0.4202248156070709,4.448923587799072,0.36990123623089316,9.0
709,21383.5,PRECHECK,1,-1.297473632056877,-0.09421083951657319,0.4205701779714675,4.445716733150453,0.20896111357791117,-2.5237024327316986,-0.09213059395551682,0.419807493686676,4.4455084800720215,0.36382908893025356,9.0
710,21383.578,PRECHECK,1,-1.25818543613415,-0.09447950719161753,0.42055484462801984,4.4480099308860215,0.1918570803551822,-2.461882244841446,-0.09246170520782471,0.4198029935359955,4.448755264282227,0.3816169319096015,9.0
711,21383.671,PRECHECK,1,-1.2942298865324118,-0.09429980941806838,0.4206231463255947,4.445856949271611,0.19680409878489669,-2.426834484274491,-0.09227201342582703,0.41990113258361816,4.446856498718262,0.39888237078553895,9.0
712,21383.75,PRECHECK,1,-1.2334562113481478,-0.0950554497114664,0.41967210762643686,4.438926327047026,0.21367230982901364,-2.3680872471133005,-0.0931006669998169,0.419004887342453,4.439708232879639,0.3696974966837037,9.0
713,21383.843,PRECHECK,1,-1.28077149301394,-0.09448756188598684,0.4191043221239838,4.432578535324909,0.20888477593100094,-2.453076196960532,-0.09247591346502304,0.41837093234062195,4.432776927947998,0.3671982330250688,9.0
714,21383.937,PRECHECK,1,-1.2689139122118163,-0.09445744190492064,0.41984532771590155,4.439566687509574,0.21832819186088284,-2.442766599005446,-0.0924978107213974,0.4193848967552185,4.442429065704346,0.39737516547247587,9.0
715,21384.015,PRECHECK,1,-0.9996162184010318,-0.09379168601852708,0.4206045529143416,4.441538678614077,0.19625780482377345,-1.7682546130197545,-0.09238927066326141,0.4204573929309845,4.449692726135254,0.5094436169422727,9.0
716,21384.109,PRECHECK,1,-1.06452258996678,-0.09535313906890737,0.420242713714196,4.426722668552373,0.22901143264111773,-1.6311408531519576,-0.09403876960277557,0.42018377780914307,4.434717655181885,0.5118374246689789,9.0
717,21384.187,PRECHECK,1,-0.9681427831714704,-0.0955281624465338,0.42031107159671593,4.440540596151368,0.18839741257060083,-1.748010712602409,-0.09418962150812149,0.4203571677207947,4.451356410980225,0.5767288690399882,9.0
718,21384.281,PRECHECK,1,-0.9495424894078426,-0.09373754013010764,0.42118976660473484,4.451935941828031,0.1839225248226243,-1.8544464538289336,-0.09219478815793991,0.4208720624446869,4.458643436431885,0.48247093421761567,9.0
719,21384.375,PRECHECK,1,-1.0011732827344832,-0.09551413293856344,0.4212509345181918,4.44980768477802,0.21740556969061006,-1.8055982083690818,-0.09420269727706909,0.42133644223213196,4.459576606750488,0.5160999160871841,9.0
720,21384.468,PRECHECK,1,-1.1655505908383381,-0.09527943767426753,0.4210780064256765,4.439451586713646,0.2286078643607991,-1.9981019813812662,-0.09375865012407303,0.4210464656352997,4.447508335113525,0.4961705618547699,9.0
721,21384.562,PRECHECK,1,-1.06628794782402,-0.09622075699142471,0.41998624793165984,4.428569875007494,0.235605033834421,-1.861390173655428,-0.09484259784221649,0.4199545979499817,4.436225414276123,0.46763890655522267,9.0
722,21384.656,PRECHECK,1,-1.133304950643067,-0.09499303792253544,0.4210485699830942,4.442498154745793,0.2419215646311943,-2.0608145024818496,-0.09330862760543823,0.4207722842693329,4.447195053100586,0.4264939154202581,9.0
723,21384.75,PRECHECK,1,-1.0399831510664082,-0.09457126397146745,0.42177591133452685,4.447040525031299,0.22138777219854475,-2.0533350171108906,-0.09300973266363144,0.42182016372680664,4.456326484680176,0.5090621903850682,9.0
724,21384.843,PRECHECK,1,-1.1089133234207877,-0.0946789027020876,0.421475328359459,4.4419672691220295,0.23139071358580873,-1.9556624225432175,-0.09324687719345093,0.42168930172920227,4.452856063842773,0.5529051168385504,9.0
725,21384.953,PRECHECK,1,-1.0288614083489191,-0.09475233963728213,0.419785757700709,4.430405888937492,0.19424030515307616,-2.1051436014858953,-0.09313666075468063,0.4195329248905182,4.43766450881958,0.47977509316992245,9.0
726,21385.046,PRECHECK,1,-0.943502130008487,-0.09451218195190061,0.4198294220341881,4.435501936077953,0.1643740452717176,-1.970201222882928,-0.09297575056552887,0.4195290803909302,4.443440914154053,0.5167135188836335,9.0
727,21385.125,PRECHECK,1,-1.4727513486223227,-0.09587192312541086,0.4181999936255561,4.415653022060531,0.1940956933526564,-2.5929222805259493,-0.09367476403713226,0.417252779006958,4.414964199066162,0.4196547843454362,9.0
728,21385.218,PRECHECK,1,-1.4309721147588035,-0.09538103839892807,0.4189879851829074,4.430084558432377,0.18586501261762148,-2.7340100898052357,-0.09301739931106567,0.4179360270500183,4.428422451019287,0.40212102340037387,9.0
729,21385.312,PRECHECK,1,-1.3285177674456867,-0.09712664144967452,0.41823431035950603,4.420729116711337,0.21013319031426278,-2.577270717490022,-0.09493830800056458,0.4174025356769562,4.420350074768066,0.3799315819378939,9.0
730,21385.406,PRECHECK,1,-1.410525620703083,-0.09644082526050303,0.4181114000406168,4.415065539407429,0.21200611562016866,-2.549808959066984,-0.09431707113981247,0.41735658049583435,4.415377616882324,0.40011549882051883,9.0
731,21385.515,PRECHECK,1,-1.2757902331891866,-0.09725639171082395,0.41859453177489514,4.42978936220928,0.20244825852989987,-2.440513526569841,-0.09529852867126465,0.4181566536426544,4.434050559997559,0.4409753512725184,9.0
732,21385.609,PRECHECK,1,-1.3648926890979534,-0.09686769222177694,0.4188930706518911,4.432154346190877,0.21098598972372867,-2.516364003165264,-0.0948185920715332,0.41837188601493835,4.435037612915039,0.4260831471239806,9.0
733,21385.703,PRECHECK,1,-1.3733900625378967,-0.09587224807106179,0.41876464248211964,4.429352591034464,0.19644600624389913,-2.6389777646658747,-0.09374496340751648,0.41817861795425415,4.43214750289917,0.4272915304634853,9.0
734,21385.796,PRECHECK,1,-1.33714115351346,-0.09641563691713669,0.41879076702957674,4.428104391645064,0.2262277843611164,-2.5625499659545428,-0.09435956180095673,0.41826343536376953,4.430111885070801,0.386518071508985,9.0
735,21385.875,PRECHECK,1,-1.37869928979522,-0.09564435486569832,0.4188418034275833,4.426775137439939,0.2143966248537037,-2.648592403522923,-0.09338954836130142,0.41789138317108154,4.424636363983154,0.3644159455624589,9.0
736,21385.968,PRECHECK,1,-1.3603755642846673,-0.09518034287103452,0.4181114898561558,4.426062790782067,0.17539185286796213,-2.6880058651766996,-0.09290776401758194,0.4170360267162323,4.424343109130859,0.38497913385402033,9.0
737,21386.062,PRECHECK,1,-1.3793402931823209,-0.09504702573724182,0.4173936579172026,4.419700835795139,0.17343342686102406,-2.825274588480225,-0.09279640018939972,0.41664496064186096,4.4218058586120605,0.42514333012643085,9.0
738,21386.171,PRECHECK,1,-1.3184133716656203,-0.0952283027344904,0.4170611534434366,4.4163911154787225,0.1636288020038595,-2.7274480824742846,-0.09308428317308426,0.416320264339447,4.4189252853393555,0.43100780689450446,9.0
739,21386.265,PRECHECK,1,-1.284022380821435,-0.09276739460817822,0.41900381756244826,4.423874331946913,0.19792613918077107,-2.7072306050000936,-0.09066036343574524,0.4184333086013794,4.42645788192749,0.39417061428413663,9.0
740,21386.343,PRECHECK,1,-1.2695725314993185,-0.09306133841325763,0.420611062776918,4.4423899433868685,0.19080067077392554,-2.719402036386815,-0.09082646667957306,0.4195311665534973,4.439292907714844,0.33041168825134565,9.0
741,21386.437,PRECHECK,1,-1.4636051294045709,-0.09351276375758412,0.4197534721291439,4.421811431561462,0.22435373442686796,-2.6643812659826795,-0.09140517562627792,0.419395387172699,4.425807476043701,0.4475012013875316,9.0
742,21386.531,PRECHECK,1,-1.4898242989897996,-0.09346134719258689,0.41927750036874756,4.4122533160318,0.21476547937248489,-2.7958009194812297,-0.0913195088505745,0.41900110244750977,4.417652130126953,0.47435473136439066,9.0
743,21386.64,SEARCH_SWEEP,1,-1.4898392442680821,-0.09429609452510031,0.41823137431662916,4.404814883183397,0.22810873555162164,-2.7782271078999523,-0.09209918975830078,0.41768550872802734,4.406506061553955,0.3996257706797242,9.0
744,21386.75,SEARCH_SWEEP,1,-1.5001036221717527,-0.09372012292053546,0.41780263862789185,4.405336181197096,0.19706410846332284,-2.8600124737348294,-0.09151502698659897,0.41724759340286255,4.408364772796631,0.43486481508066527,9.0
745,21386.859,SEARCH_SWEEP,1,-1.3225621404626717,-0.09425701171254729,0.41880341847515584,4.4122523090958365,0.1939409213102752,-2.415877751328363,-0.09230232983827591,0.4179810881614685,4.412353038787842,0.38413928190855234,9.0
746,21386.953,SEARCH_SWEEP,1,-1.2396923515888054,-0.09492552308852724,0.4187078854798303,4.409316255829184,0.20309750489536663,-2.3377306111824447,-0.09304598718881607,0.4179418981075287,4.409600257873535,0.3644850259456516,9.0
747,21387.046,SEARCH_SWEEP,1,-1.2507481984082052,-0.09363709871166745,0.4185645628582134,4.412094088160645,0.21815268081647607,-2.6076010810601518,-0.09154370427131653,0.4179532825946808,4.413329124450684,0.35965119100219034,9.0
748,21387.14,SEARCH_SWEEP,1,-1.2498352032795104,-0.09447340489301341,0.4184859463527543,4.415517953805042,0.21169479500889057,-2.6413209560227235,-0.0924374982714653,0.41805779933929443,4.419097423553467,0.39755086069189877,9.0
749,21387.234,SEARCH_SWEEP,1,-1.1596570981444339,-0.0933205784649211,0.4174048908402052,4.407867165635868,0.1835725180221554,-2.6066564032947284,-0.09115108102560043,0.4164353609085083,4.4066901206970215,0.34829976421227143,9.0
750,21387.328,SEARCH_SWEEP,1,-1.234205038710148,-0.09302171181607329,0.41781717146398,4.411841857409024,0.186466261748013,-2.654417448323771,-0.09074095636606216,0.41664865612983704,4.408245086669922,0.34438560853580863,9.0
751,21387.421,SEARCH_SWEEP,1,-1.5816976695145322,-0.0944743642575923,0.4163218582652569,4.384583057869419,0.22112750852328045,-3.0191304051534984,-0.09241528809070587,0.4167332649230957,4.397753715515137,0.666027470465467,9.0
752,21387.515,SEARCH_SWEEP,1,-1.4604865105696867,-0.0929215325623666,0.41631593364880415,4.394690982373782,0.18758403159711776,-2.925605778579468,-0.09081185609102249,0.41612139344215393,4.40225076675415,0.5252792932007062,9.0
753,21387.625,SEARCH_SWEEP,1,-1.51366186477288,-0.0932289116176753,0.4164179219208593,4.393703616919118,0.20561142044906872,-2.9725542162411287,-0.0911371260881424,0.4166477620601654,4.405519008636475,0.6340987822225567,9.0
754,21387.75,SEARCH_SWEEP,1,-1.4371840157895537,-0.09244326007779886,0.41507868611045784,4.388490206187981,0.18725890417945548,-3.0654049614076913,-0.09018633514642715,0.41494545340538025,4.396919250488281,0.5572821034996093,9.0
755,21387.859,SEARCH_SWEEP,1,-1.4974044776630737,-0.09344394763398883,0.4145150981799664,4.380671730847253,0.20540996789209562,-2.9950358219974857,-0.09127972275018692,0.4144167900085449,4.388675689697266,0.5309884560391684,9.0
756,21387.968,SEARCH_SWEEP,1,-1.2743111649727767,-0.09450536343409331,0.4149130189180589,4.387073889166407,0.20008741361305057,-2.944728336094428,-0.09248018264770508,0.4150344729423523,4.397496223449707,0.5705240322565158,9.0
757,21388.062,SEARCH_SWEEP,1,-1.2587629588069615,-0.09466483245102889,0.4144703626299593,4.381849216226123,0.18328110805715522,-2.8534935117411253,-0.09273714572191238,0.41468578577041626,4.394132137298584,0.6338597257685684,9.0
758,21388.156,SEARCH_SWEEP,1,-1.3619140895935942,-0.09540132470092745,0.41494656302906024,4.3863681909053405,0.20281763206227119,-2.9424298071623616,-0.0934189036488533,0.4151116609573364,4.397217750549316,0.5819132023854732,9.0
759,21388.25,SEARCH_SWEEP,1,-1.2508825151271246,-0.09437261285917635,0.41707887121265114,4.408471392576473,0.16937168062471794,-2.907706654058317,-0.0923960730433464,0.41719168424606323,4.4200663566589355,0.6213974368469166,9.0
760,21388.343,SEARCH_SWEEP,1,-1.0582349355603216,-0.09465498815764418,0.4165695471912635,4.406288878725336,0.17524837499846135,-2.655604207540448,-0.09283076971769333,0.41669392585754395,4.41782283782959,0.598875359117135,9.0
761,21388.437,SEARCH_SWEEP,1,-1.118127533723758,-0.0963672978102336,0.4141024443482553,4.38024759012989,0.18262022606386863,-2.4747492553039314,-0.0948508009314537,0.4146946370601654,4.396962642669678,0.7413726799385902,9.0
762,21388.546,SEARCH_SWEEP,1,-1.2733935420032654,-0.0953201788471555,0.41419134314675177,4.384919944541138,0.1690353751901736,-2.927161791525102,-0.09329152852296829,0.4140690267086029,4.394015789031982,0.5628322361207475,9.0
763,21388.64,SEARCH_SWEEP,1,-1.418200335519902,-0.09251031743828467,0.41355628591680166,4.376982353682294,0.219603745932193,-3.251580014736248,-0.08991524577140808,0.4126780331134796,4.375277042388916,0.32211598645069167,9.0
764,21388.75,SEARCH_SWEEP,1,-1.3797162585744027,-0.09286959611569955,0.4137100956434632,4.38227490912187,0.18334416841250256,-3.2201594533044617,-0.09041781723499298,0.41312721371650696,4.385687828063965,0.43469758252881135,9.0
765,21388.843,SEARCH_SWEEP,1,-1.4572412937274655,-0.09246435156790297,0.4161518749197801,4.408759135177461,0.22835160749048442,-3.456330617091477,-0.08990175276994705,0.41587361693382263,4.4130072593688965,0.4199468442356972,9.0
766,21388.953,SEARCH_SWEEP,1,-1.4799189498301644,-0.09244524380859666,0.41662395441679767,4.41356935119016,0.2251696475687903,-3.539314140334183,-0.08979902416467667,0.4163106381893158,4.417504787445068,0.4190108786205914,9.0
767,21389.031,SEARCH_SWEEP,1,-1.4311136332762682,-0.09369324664505597,0.4163186007199778,4.403446148978756,0.21933646477510538,-3.260691970206255,-0.09128915518522263,0.41603586077690125,4.408167839050293,0.4288880828504323,9.0
768,21389.14,SEARCH_SWEEP,1,-1.5386482127329828,-0.09205229615888606,0.4157092859273954,4.395195017519966,0.2098479071601541,-3.4903884715995104,-0.08944563567638397,0.41531580686569214,4.39919900894165,0.43789264187139315,9.0
769,21389.25,SEARCH_SWEEP,1,-1.562428954343772,-0.09203741428701434,0.4154307047768367,4.3965407710081585,0.21095419396130113,-3.636669266692454,-0.08932622522115707,0.41512155532836914,4.401408672332764,0.46595934860411803,9.0
770,21389.328,SEARCH_SWEEP,1,-1.4691388367989706,-0.09136629426244877,0.41663239729718243,4.414770001263946,0.21235295890132555,-3.5458783758876327,-0.08859444409608841,0.4159565567970276,4.41530179977417,0.36128020277433165,9.0
771,21389.437,SEARCH_SWEEP,1,-1.482438789568611,-0.09359009565307289,0.4153501479466566,4.395505009792544,0.23604002617889286,-3.355991015005642,-0.09103578329086304,0.4149673283100128,4.398438930511475,0.3934993817342176,9.0
772,21389.531,SEARCH_SWEEP,1,-1.4677593918373208,-0.093423817001185,0.41522127003173365,4.394513911992736,0.24194329894429406,-3.2742944010075465,-0.0908229649066925,0.41466113924980164,4.395234107971191,0.3570841184084952,9.0
773,21389.625,SEARCH_SWEEP,1,-1.4583533914622717,-0.09238868041666398,0.4151860115235684,4.4000350802751145,0.21792656034738714,-3.358131213636701,-0.08973660320043564,0.4144499897956848,4.399820327758789,0.34605835064213236,9.0
774,21389.765,SEARCH_SWEEP,1,-1.4783775425506025,-0.09181803480323668,0.41549050450643843,4.403013597427524,0.20066785753087413,-3.4520941499838127,-0.08915385603904724,0.4148930609226227,4.405174732208252,0.4045432936263915,9.0
775,21389.859,SEARCH_SWEEP,1,-1.5213474343647642,-0.09326886536824425,0.4161109274724709,4.396100673535959,0.22603326414200747,-3.0270367564831697,-0.09112737327814102,0.4162313938140869,4.405107021331787,0.5373013212693832,9.0
776,21389.953,SEARCH_SWEEP,1,-1.3060754827292855,-0.09509944885596278,0.4155276817078155,4.39519267066332,0.22293982707650065,-2.8262075635751898,-0.09336172789335251,0.4164494574069977,4.41356897354126,0.7731346773615856,9.0
777,21390.031,SEARCH_SWEEP,1,-1.4570395189372534,-0.09413185747141654,0.41574547482242397,4.387594314613741,0.21392050499061877,-2.896207198225075,-0.09239165484905243,0.41673022508621216,4.407338619232178,0.8354992145657657,9.0
778,21390.125,SEARCH_SWEEP,1,-1.4430321824121453,-0.0936100062927428,0.41577519358733844,4.390442432992133,0.2314496660619749,-2.946656606974458,-0.09184073656797409,0.4169330298900604,4.4112868309021,0.8561089777455066,9.0
779,21390.25,SEARCH_SWEEP,1,-1.4266330390967392,-0.09365329054230406,0.415804393447928,4.391318794023953,0.24845038422203997,-2.9860852270324765,-0.09178488701581955,0.4168308675289154,4.409781455993652,0.7759188877826032,9.0
780,21390.343,SEARCH_SWEEP,1,-1.4735787993184026,-0.094273174167293,0.4162410123614473,4.389332544525311,0.27059234645280683,-2.9280752534497183,-0.09242819994688034,0.41729989647865295,4.407094478607178,0.746501310580699,9.0
781,21390.437,SEARCH_SWEEP,1,-1.4178763646795638,-0.0943322826799999,0.41631778428452193,4.391661232938569,0.2660918034091661,-2.9131830976255517,-0.09251154214143753,0.41743218898773193,4.410305500030518,0.7691120284696398,9.0
782,21390.531,SEARCH_SWEEP,1,-1.3665610993856476,-0.09435527383594552,0.4160453237246622,4.394245710642292,0.2473981466146151,-2.9125253806207634,-0.09253441542387009,0.41697582602500916,4.411711692810059,0.7384369790207943,9.0
783,21390.64,SEARCH_SWEEP,1,-1.4133805441575487,-0.09325651923608232,0.4166748294058283,4.403448728355113,0.22699177058090717,-3.058898666091605,-0.09124994277954102,0.41736406087875366,4.419146537780762,0.7092734711914102,9.0
784,21390.765,SEARCH_SWEEP,1,-1.360351960183154,-0.09319407053118213,0.4164175595290607,4.404417849292907,0.22333872715540307,-3.148280731341104,-0.09111005067825317,0.4169641137123108,4.418515682220459,0.6638836991335856,9.0
785,21390.859,SEARCH_SWEEP,1,-1.478860658666323,-0.09352782379307059,0.41655661993535253,4.4053677520919505,0.2385163209520519,-3.2835585927974793,-0.09137719869613647,0.417275607585907,4.420653343200684,0.699519581999606,9.0
786,21390.953,SEARCH_SWEEP,1,-1.4222423123952381,-0.09309293334043035,0.41698284123136314,4.404957064867367,0.22577850898453009,-3.175150693077509,-0.09098280221223831,0.41762056946754456,4.419930458068848,0.6937793107074801,9.0
787,21391.046,SEARCH_SWEEP,1,-1.3209816874304137,-0.09192484456872442,0.4172746286714961,4.4071257930814305,0.18152193541311656,-3.23027700530789,-0.08972273021936417,0.4175783395767212,4.420384407043457,0.6816064024266828,9.0
788,21391.156,SEARCH_SWEEP,1,-1.3155541698359339,-0.09207071382974595,0.41781671652366525,4.41117455510897,0.17360783105510363,-3.1610280321093027,-0.09001818299293518,0.4182150959968567,4.425817489624023,0.719049410842516,9.0
789,21391.25,SEARCH_SWEEP,1,-1.2764735619465983,-0.09231082445754503,0.4160143934977336,4.397532573520745,0.17188206019682545,-3.2031828994513467,-0.09008322656154633,0.41596418619155884,4.407330513000488,0.5966937386829775,9.0
790,21391.343,SEARCH_SWEEP,1,-1.353481543956179,-0.09264848716912126,0.41684811846942327,4.406574545956082,0.17975419546912552,-3.203162145984675,-0.09045228362083435,0.4170078933238983,4.41834020614624,0.6395394817297473,9.0
791,21391.437,SEARCH_SWEEP,1,-1.4255683401293666,-0.09223359174801961,0.41630513254993423,4.398241023964474,0.21833330479918156,-3.3580876505086956,-0.08997847884893417,0.41686582565307617,4.412827014923096,0.7012420107838557,9.0
792,21391.609,ACQUIRE_VERIFY,1,-1.4126522987758177,-0.09378161331771596,0.4157217536782579,4.388714804779065,0.2307901179810705,-3.106378619385395,-0.09174799174070358,0.4164573848247528,4.4049072265625,0.7284130674111751,9.0
793,21391.703,ACQUIRE_VERIFY,1,-1.4428731945547213,-0.09210354833825891,0.41561043319112717,4.3935650885419815,0.21616925193593492,-3.2666644988083293,-0.08989249914884567,0.4161415994167328,4.408210754394531,0.704496179085425,9.0
794,21391.812,ACQUIRE_VERIFY,1,-1.3629842854067353,-0.09235048926961216,0.4158961491519281,4.398660731316864,0.2139002687994528,-3.0318540473248605,-0.09027224779129028,0.41631415486335754,4.412097930908203,0.6562570778172492,9.0
795,21391.906,ACQUIRE_VERIFY,1,-1.3719773498791943,-0.09248552804275414,0.41689766929477795,4.40746167179769,0.21845247272297896,-3.1209470947504716,-0.09036201983690262,0.4174921214580536,4.422690391540527,0.7066506681738107,9.0
796,21392.0,ACQUIRE_VERIFY,1,-1.3815860201470604,-0.09300869678554081,0.4167124943289132,4.407721048470016,0.23056862598288463,-3.071723570046071,-0.09095784276723862,0.4173491299152374,4.422661304473877,0.6843511516672305,9.0
797,21392.109,ACQUIRE_VERIFY,1,-1.3329688151891965,-0.09261511294258912,0.4165778195804021,4.4045150400895965,0.23188078250046304,-3.0673088002331617,-0.09054038673639297,0.41712653636932373,4.418368339538574,0.6508330264805069,9.0
798,21392.203,ACQUIRE_VERIFY,1,-1.2457216614716322,-0.09284498714318512,0.4173903481771071,4.4107850194530345,0.21762515513026115,-2.9540348881809253,-0.09083493053913116,0.4178308844566345,4.424120903015137,0.6348888428368856,9.0
799,21392.281,ACQUIRE_VERIFY,1,-1.4669074353033085,-0.09299708235037832,0.41515409320080515,4.38558391258471,0.2085700948374957,-2.988484065769364,-0.0907159149646759,0.4146817922592163,4.388655185699463,0.4152020118457179,9.0
800,21392.39,ACQUIRE_VERIFY,1,-1.3585332392673772,-0.09537310290411485,0.41512593977027906,4.381720243377296,0.22033021153147186,-2.5550153238011775,-0.09352658689022064,0.41494718194007874,4.387636184692383,0.4502999932535434,9.0
801,21392.484,ACQUIRE_VERIFY,1,-1.415581566510323,-0.0938795030600708,0.4169209096854905,4.402511822993192,0.2151183662718804,-2.8226261210163797,-0.09183870255947113,0.41665616631507874,4.407670497894287,0.433577635306868,9.0
802,21392.578,ACQUIRE_VERIFY,1,-1.3791707009177432,-0.0944266341096471,0.41637170620725517,4.397062953731107,0.20467064991631254,-2.797612977106186,-0.09233277291059494,0.41585850715637207,4.399947166442871,0.395607661686243,9.0
803,21392.671,ACQUIRE_VERIFY,1,-1.3143927917848703,-0.09386179945553441,0.41656963601208236,4.403520325377215,0.19061110781063184,-2.7397768758937473,-0.09181971848011017,0.4162255823612213,4.409228801727295,0.4649542925122845,9.0
804,21392.796,ACQUIRE_VERIFY,1,-1.2743019786876806,-0.09364516841007801,0.41676170896826853,4.403975800625907,0.1839365709975068,-2.6880279366455895,-0.09161604940891266,0.41637375950813293,4.409477710723877,0.46525097246554425,9.0
805,21392.89,ACQUIRE_VERIFY,1,-1.2704911027141979,-0.09424730057419427,0.4168736696331041,4.404160370693335,0.19715372036334208,-2.6182220439992845,-0.09231945872306824,0.41671133041381836,4.411649227142334,0.4978623373449974,9.0
806,21392.984,ACQUIRE_VERIFY,1,-1.2143497859674106,-0.09436524579648516,0.4176064463870872,4.405797962148119,0.18479261161363528,-2.391410749261404,-0.09259207546710968,0.417315274477005,4.412365436553955,0.48087145156677874,9.0
807,21393.078,ACQUIRE_VERIFY,1,-1.222857214417608,-0.09401454838363571,0.4180154326234673,4.40317061820051,0.2197265936052996,-2.5736644849274857,-0.09212981909513474,0.4177473187446594,4.408405780792236,0.4174771504144285,9.0
808,21393.171,ACQUIRE_VERIFY,1,-1.3037670076407315,-0.0940641341250208,0.41772465867590763,4.400290944357402,0.22934100963019083,-2.768084969751497,-0.09205454587936401,0.41741979122161865,4.404710292816162,0.397977631279178,9.0
809,21393.265,ACQUIRE_VERIFY,1,-1.1920491356795302,-0.09364053394588127,0.41780902276373205,4.406594105593095,0.20819178621385767,-2.7859100473403697,-0.09154146164655685,0.41727691888809204,4.409358978271484,0.37361598317766836,9.0
810,21393.359,ACQUIRE_VERIFY,1,-1.2189720003606492,-0.09293389959726665,0.41682213596142864,4.401342175593774,0.1949039891391242,-2.9415853500021076,-0.09071345627307892,0.4163608253002167,4.405549049377441,0.42157005498826633,9.0
811,21393.453,ACQUIRE_VERIFY,1,-1.2122704636316062,-0.09446587207056355,0.41526562876243284,4.389240046400765,0.17914422314084294,-2.6430988132681534,-0.0927567183971405,0.41592440009117126,4.406986236572266,0.7898570083404453,9.0
812,21393.546,ACQUIRE_VERIFY,1,-1.2778435632129825,-0.09504065066290135,0.4151427167983204,4.3834397451199,0.2038911596816783,-2.7171010279879186,-0.09326338022947311,0.415754497051239,4.399444103240967,0.7246288168765469,9.0
813,21393.656,ACQUIRE_VERIFY,1,-1.1162034997473727,-0.09433561651185651,0.41558859087638517,4.393106646002456,0.16043135813588102,-2.656312595325004,-0.09256569296121597,0.41604918241500854,4.409267425537109,0.7543784563480315,9.0
814,21393.75,STANDOFF_VERIFY,1,-1.0939971456823228,-0.09363911490081872,0.4168377148727376,4.407861811175446,0.16323635525504862,-2.692651496571485,-0.09161899238824844,0.416563481092453,4.41550350189209,0.521656735444632,9.0
815,21393.843,STANDOFF_VERIFY,1,-1.0582075157686612,-0.09323754117740168,0.41761333110465326,4.413066112697449,0.18068921245185368,-2.8273838484897817,-0.09124290943145752,0.41786423325538635,4.425930500030518,0.6409358886379843,9.0
816,21393.937,STANDOFF_VERIFY,1,-1.2529181087462553,-0.0940121976141704,0.41726723511536745,4.406663604253102,0.1851746205349752,-2.9915487672041765,-0.09190261363983154,0.4173766076564789,4.41774845123291,0.6026783809496371,9.0
817,21394.031,STANDOFF_VERIFY,1,-1.187179327179221,-0.09443363031654942,0.41815913344949573,4.415878683987852,0.15018784494376125,-2.9064260521038126,-0.0924096405506134,0.4183642864227295,4.429635524749756,0.701988249926851,9.0
818,21394.125,STANDOFF_VERIFY,1,-1.246707415059744,-0.09350881967756466,0.41719270496745925,4.41094347648681,0.15695478787025305,-2.869301559631277,-0.0913982018828392,0.41706565022468567,4.420853614807129,0.6003388226740527,9.0
819,21394.218,STANDOFF_VERIFY,1,-1.2627360498575333,-0.09496994745614601,0.41765291280020694,4.414035015295785,0.1957033763642565,-2.849535768668669,-0.09295719861984253,0.4179088771343231,4.426578998565674,0.632375355806172,9.0
820,21394.312,STANDOFF_VERIFY,1,-1.3407499528540385,-0.0947332862702278,0.41716402960931753,4.406948118983196,0.19099293530999753,-2.9935679008586447,-0.0925658792257309,0.41717270016670227,4.416911602020264,0.5784032642822751,9.0
821,21394.406,STANDOFF_VERIFY,1,-1.4708976540473497,-0.09465595410044644,0.41763046213980143,4.412476298235987,0.20781085713176745,-3.2136111145146136,-0.09240810573101044,0.4178968071937561,4.424434661865234,0.629721663687338,9.0
822,21394.5,STANDOFF_VERIFY,1,-1.4514813614044217,-0.09374198445696216,0.41760386923394477,4.417114299181336,0.16901444017523987,-3.297318945890931,-0.09137922525405884,0.41758856177330017,4.427578449249268,0.6248610757166412,9.0
823,21394.593,STANDOFF_VERIFY,1,-1.596538007089234,-0.09434826844594854,0.41765506711230815,4.39530745930547,0.23690560983913345,-3.334783918354226,-0.0920058935880661,0.4178108870983124,4.404393672943115,0.544882676282121,9.0
824,21394.687,STANDOFF_VERIFY,1,-1.400095868168416,-0.09373052972704214,0.4185775319317102,4.3995754576538095,0.22294515228717457,-2.805634715314007,-0.09170529991388321,0.41832447052001953,4.405053615570068,0.437672868787647,9.0
825,21394.781,STANDOFF_VERIFY,1,-1.286081414322471,-0.09429593177395103,0.41851770379384695,4.410935916151054,0.20700729874660662,-2.6329054066991633,-0.09237920492887497,0.4182381331920624,4.416922569274902,0.45019404602979635,9.0
826,21394.89,STANDOFF_VERIFY,1,-1.4333809811121832,-0.09306112969556195,0.4178802334352204,4.403928786104445,0.2063980732321947,-3.018462034912568,-0.09076069295406342,0.4171482026576996,4.404892921447754,0.3674792113325488,9.0
827,21394.984,STANDOFF_VERIFY,1,-1.3606442533144483,-0.09278791493783245,0.41680581432328706,4.39543497039177,0.1977719260313829,-3.0059240092871264,-0.09051796048879623,0.4161595106124878,4.397756576538086,0.39036568335915084,9.0
828,21395.078,STANDOFF_VERIFY,1,-1.3340336108169668,-0.09153900274364368,0.41807450954263325,4.407617093130815,0.1968684573284883,-3.0952776801824577,-0.08914467692375183,0.4173283278942108,4.408812046051025,0.37102483494848654,9.0
829,21395.187,STANDOFF_VERIFY,1,-1.285305160525039,-0.09114182232870394,0.4169587925695634,4.405448729974825,0.210807778536794,-3.243647342364029,-0.08861794322729111,0.41619589924812317,4.405500888824463,0.336624814941991,9.0
830,21395.281,STANDOFF_VERIFY,1,-1.2301889325719053,-0.0912812610388749,0.4172456939990156,4.409819685721639,0.21788220425671934,-3.042302222344148,-0.08884952962398529,0.41642382740974426,4.408946990966797,0.3185099265474218,9.0
831,21395.359,STANDOFF_VERIFY,1,-1.295384093381862,-0.09142145494851142,0.41736327631919706,4.411559599824674,0.22899786942248862,-2.9959145188195286,-0.08904148638248444,0.41669097542762756,4.411830902099609,0.33638558326934753,9.0
832,21395.453,STANDOFF_VERIFY,1,-1.067672619580305,-0.09191042340124359,0.41673902419705305,4.411348748631732,0.20590458284920687,-2.989924950750531,-0.0896153599023819,0.41605469584465027,4.412590503692627,0.34691894208237467,9.0
833,21395.562,STANDOFF_VERIFY,1,-1.178290965025069,-0.09193307923962739,0.4176333861609333,4.414294412529605,0.19813122451334383,-3.079584341377002,-0.08956894278526306,0.4169900715351105,4.416269779205322,0.3696785330623835,9.0
834,21395.656,STANDOFF_VERIFY,1,-1.2093604810525658,-0.09271211467017042,0.4164896117430053,4.401263133711198,0.1949343571129613,-3.006987820377597,-0.09047010540962219,0.41608279943466187,4.406109809875488,0.43246572053014487,9.0
835,21395.796,STANDOFF_VERIFY,1,-1.3064079251179281,-0.09559967310122966,0.4177700725190282,4.413185188607391,0.182241103733163,-2.9887337503296516,-0.09348288178443909,0.4179515540599823,4.425103187561035,0.6316333356337615,9.0
836,21395.921,STANDOFF_VERIFY,1,-1.305827095512784,-0.09488312067844948,0.4174889949555158,4.4080863275715565,0.14755765743109786,-2.870521804544383,-0.09285920858383179,0.4175601005554199,4.420409679412842,0.6727781071529992,9.0
837,21396.0,STANDOFF_VERIFY,1,-1.2749039899177323,-0.09429963029707039,0.4182655089317551,4.424756894288466,0.1262870414621683,-3.0505630603400316,-0.09218817204236984,0.4184480607509613,4.439006805419922,0.74200776480595,9.0
838,21396.093,STANDOFF_VERIFY,1,-1.2352296469077804,-0.09338984790412708,0.41810636083519204,4.4185796194751825,0.14709990123509029,-2.905509617997736,-0.09134799987077713,0.4184720516204834,4.434347152709961,0.7656869458163125,9.0
839,21396.203,STANDOFF_VERIFY,1,-1.2369209371176813,-0.09380831474056119,0.4173672788756989,4.410624966032559,0.16659815070481904,-2.8930042528072324,-0.09171121567487717,0.4174835681915283,4.4226579666137695,0.6448551717232126,9.0
840,21396.296,STANDOFF_VERIFY,1,-1.4121892987813933,-0.09394242294306236,0.41727135852085506,4.405175926746684,0.16439680604534856,-3.106311141691584,-0.09164952486753464,0.41714417934417725,4.414673805236816,0.6013288639170012,9.0
841,21396.406,STANDOFF_VERIFY,1,-1.250377490217004,-0.0932490403672941,0.41754431050463847,4.411016051056957,0.15199152937772387,-2.8216996466268247,-0.09110838174819946,0.4172070622444153,4.418649673461914,0.5464408684644306,9.0
842,21396.5,STANDOFF_MOVE,1,-1.4319930678952948,-0.0933854502721399,0.4188453384443422,4.414605265145515,0.19442295696700934,-2.759634595315837,-0.09121894091367722,0.4183768033981323,4.41912317276001,0.46643466664242106,9.0
843,21396.593,STANDOFF_MOVE,1,-1.1842803855034345,-0.09474981762805475,0.41872820655933457,4.4159292531428305,0.19078944403617054,-2.571133355801069,-0.09279586374759674,0.418413907289505,4.421999931335449,0.4592983737708393,9.0
844,21396.671,STANDOFF_MOVE,1,-1.210183190609691,-0.0953032517067295,0.4185392683060684,4.415371350185957,0.1903695006409774,-2.6985047245780773,-0.0933292880654335,0.4183221161365509,4.422521591186523,0.48089381889185023,9.0
845,21396.796,STANDOFF_MOVE,1,-1.2782843274634947,-0.0946523477053671,0.41918083811079915,4.419802350856538,0.18468103302124417,-2.901527547924733,-0.09250607341527939,0.419026643037796,4.428046226501465,0.5272279236346936,9.0
846,21396.875,STANDOFF_MOVE,1,-1.469643927458851,-0.09469182267529702,0.4198132932974114,4.419333066009102,0.19987563443653694,-3.0204710192310267,-0.09239713847637177,0.41965270042419434,4.427292346954346,0.5409280371090811,9.0
847,21396.984,STANDOFF_MOVE,1,-1.3556311234979281,-0.09351461233485966,0.41953703357751904,4.420101058287819,0.20734986923010446,-2.678951225648501,-0.09147357195615768,0.4193084239959717,4.426382541656494,0.4747662637095695,9.0
848,21397.078,STANDOFF_MOVE,1,-1.199123871242971,-0.09454511635984938,0.41896894706809495,4.419003650520346,0.1940900927426181,-2.616843078754764,-0.09272114932537079,0.41915422677993774,4.4304423332214355,0.5869826568146804,9.0
849,21397.171,STANDOFF_MOVE,1,-1.2308469736942538,-0.09668743302487572,0.4167408399722903,4.397262952619125,0.20241171156686188,-2.5170507282511885,-0.09505023062229156,0.4172825515270233,4.41266393661499,0.6957424092853621,9.0
850,21397.265,STANDOFF_MOVE,1,-1.2123980801658236,-0.09462448522783365,0.41703286412515644,4.401380777172157,0.19320532784384856,-2.6173967194965413,-0.09277313202619553,0.41715550422668457,4.412469387054443,0.5867008068906585,9.0
851,21397.359,STANDOFF_MOVE,1,-1.2590084036060323,-0.09397610706374614,0.41753911232381263,4.40612679056003,0.16250743783423327,-2.7354591242382975,-0.09206810593605042,0.4177304208278656,4.419389247894287,0.6809944602574999,9.0
852,21397.468,STANDOFF_MOVE,1,-1.269374408782075,-0.0936571651059952,0.41787234667585366,4.409227489617304,0.1879962778420744,-2.79808098113072,-0.09159988164901733,0.4177606701850891,4.417999744415283,0.5410171224417842,9.0
853,21397.562,STANDOFF_MOVE,1,-1.2784171328488099,-0.09351217945827651,0.4182020709650902,4.41533892706409,0.17549023316245313,-2.799718210787077,-0.09143983572721481,0.41823792457580566,4.426181793212891,0.6104151604747605,9.0
854,21397.671,STANDOFF_MOVE,1,-1.1670684512578735,-0.09372246646019293,0.4182505820697702,4.414990253279854,0.18025194210762008,-2.734835913066927,-0.09167741239070892,0.4181152582168579,4.423582553863525,0.5339526096959423,9.0
855,21397.796,STANDOFF_MOVE,1,-1.1295620280661585,-0.0939043696457923,0.4182934102418761,4.415632789377147,0.16619398418496045,-2.6227687100580015,-0.09183446317911148,0.4177771508693695,4.420658588409424,0.4623731388204385,9.0
856,21397.906,STANDOFF_MOVE,1,-1.1368721741353136,-0.0937045452414574,0.4180002261657242,4.408932081735382,0.175252261471167,-2.710649770538158,-0.09165850281715393,0.41784918308258057,4.41774845123291,0.5449450450793911,9.0
857,21398.0,STANDOFF_MOVE,1,-1.0516007649708556,-0.09382089439051372,0.41887018815685456,4.420080294143845,0.20869441466081987,-2.5881884199045313,-0.09182429313659668,0.4187527894973755,4.4277472496032715,0.47570515194259966,9.0
858,21398.109,STANDOFF_MOVE,1,-1.031884030796033,-0.09310907953575151,0.4182319011296412,4.414842650500126,0.1764927741718704,-2.7593517740017535,-0.0909680724143982,0.418056458234787,4.42323637008667,0.5281674128649763,9.0
859,21398.203,STANDOFF_MOVE,1,-1.2401655823899156,-0.09194281711373727,0.42013755347362114,4.442871586132719,0.16835706202011289,-2.9712609166220707,-0.08964554965496063,0.4193604588508606,4.444508075714111,0.39646426550894664,9.0
860,21398.296,STANDOFF_MOVE,1,-1.267713154245947,-0.09203322300076795,0.4192355868816952,4.4309057636825315,0.1886651334351151,-2.949097054895315,-0.08986985683441162,0.41896089911460876,4.437320709228516,0.473211680467105,9.0
861,21398.406,STANDOFF_MOVE,1,-1.0354176832394386,-0.09276091250651916,0.41909872707014717,4.430446320388992,0.17562606116462975,-2.5629093662847815,-0.09102365374565125,0.41933831572532654,4.443498611450195,0.6316540683375722,9.0
862,21398.5,STANDOFF_MOVE,1,-1.0528428693149396,-0.0932599682916104,0.4220691994877502,4.457479294527601,0.18449324591044233,-2.501104080221175,-0.0917002484202385,0.4225842356681824,4.473139762878418,0.6834918780634515,9.0
863,21398.609,STANDOFF_MOVE,1,-1.0692502880761607,-0.09291434853938281,0.42113861783146367,4.447506490680913,0.18874726777953618,-2.532013650598295,-0.09123391658067703,0.42156946659088135,4.462126731872559,0.6592990323145672,9.0
864,21398.703,STANDOFF_MOVE,1,-1.0904029296423154,-0.0935601218540883,0.42106607834232607,4.441769528631395,0.2251056421593378,-2.429439862682454,-0.09183675795793533,0.42114055156707764,4.450712203979492,0.48375542472056937,9.0
865,21398.796,STANDOFF_MOVE,1,-1.0949679495484728,-0.09380103787040513,0.42155742684763686,4.44334354965884,0.21899594284445287,-2.314614919335178,-0.09217599034309387,0.4216202199459076,4.452548980712891,0.49420411527806474,9.0
866,21398.921,STANDOFF_MOVE,1,-1.2321977317334567,-0.09371348683077947,0.4205690436309642,4.434177996380883,0.21588870650648875,-2.6202051640652595,-0.0918763130903244,0.4207554757595062,4.444884300231934,0.5520062135714682,9.0
867,21399.0,STANDOFF_MOVE,1,-1.3903045576757733,-0.0933689732985946,0.4273747458748716,4.458196904123986,0.2302854819013563,-2.55244341986826,-0.09127873927354813,0.42680424451828003,4.460117340087891,0.41350326256793574,9.0
868,21399.109,STANDOFF_MOVE,1,-1.3799331854526409,-0.09511756802522658,0.4245177093863416,4.428776302105563,0.2368889138140787,-2.4985647655446126,-0.09293301403522491,0.4233652353286743,4.423922061920166,0.3822317206686054,9.0
869,21399.187,STANDOFF_MOVE,1,-1.1583762943862876,-0.09753627181672064,0.4223936326448305,4.4154312073808395,0.20086937285845705,-2.2661900249293874,-0.09559353440999985,0.42139342427253723,4.4144487380981445,0.37745028934524355,9.0
870,21399.296,STANDOFF_MOVE,1,-1.6831400922861877,-0.09552763200493472,0.42477526375631264,4.409280694249368,0.29219637554766625,-3.0509657328434256,-0.09283332526683807,0.4244176745414734,4.411670207977295,0.515231580019022,9.0
871,21399.375,STANDOFF_MOVE,1,-6.8227655413174055,-0.09318378502377704,0.42409945085038975,4.428708641165062,0.29497419266436176,-2.3860534561304627,-0.09724897146224976,0.4234009087085724,4.4289093017578125,0.885030665847237,9.0
872,21399.468,STANDOFF_MOVE,1,-1.5684414001639053,-0.09446692361320641,0.4228319473311561,4.375443923997338,0.1743298321021004,-3.200535574170672,-0.09211575984954834,0.4228339195251465,4.387824535369873,0.7163497222347662,9.0
873,21399.578,STANDOFF_MOVE,1,-5.2004711769087875,-0.08697404506364231,0.4215664994209858,4.403126492138691,0.3897561912465262,-2.2996642489776917,-0.08900875598192215,0.4202410876750946,4.392434597015381,0.9559145758249419,9.0
874,21399.656,STANDOFF_MOVE,1,-1.7102704560971558,-0.0947916481903421,0.4175822034262408,4.361777837780317,0.23586735895844171,-2.7363475674846245,-0.09247804433107376,0.41697895526885986,4.364286422729492,0.5113762546866983,9.0
875,21399.781,STANDOFF_MOVE,1,-7.179196240018113,-0.09415235301785221,0.41898603796450895,4.343911215046338,0.33297226515114914,-1.6513595258655314,-0.10012733191251755,0.41947659850120544,4.355494976043701,0.7434525278079465,9.0
876,21399.906,STANDOFF_MOVE,1,-1.1466238802988136,-0.0903568593853834,0.42416410863857174,4.360255482420307,0.11969591526147863,-3.4406625691724333,-0.0875263437628746,0.4236172139644623,4.367249488830566,0.6182710294856272,9.0
877,21400.0,STANDOFF_MOVE,1,-1.7367696632143488,-0.0823690785431777,0.4158867844415564,4.319991347642917,0.18224549435114812,-3.7196726065662706,-0.07940062135457993,0.4159735143184662,4.333139896392822,0.8266946968490172,9.0
878,21400.093,STANDOFF_MOVE,1,-7.653363382918198,-0.08565927688063496,0.4176466658239318,4.324877087063473,0.26339110175807123,-2.2635869049497415,-0.09137418121099472,0.4179399311542511,4.336320877075195,0.7861856186680916,9.0
879,21400.203,STANDOFF_MOVE,1,-9.598860815263814,-0.09035800069335237,0.42763171810591033,4.280894529815542,0.1882562874611593,-2.2579542700025113,-0.09846918284893036,0.4282248020172119,4.299397945404053,1.041893749629283,9.0
880,21400.312,STANDOFF_MOVE,1,-6.613626370109124,-0.07903088615256146,0.4179030223944969,4.283801431059612,0.30676880917682436,-2.4527567142811955,-0.08312953263521194,0.41728973388671875,4.285531997680664,0.8200744069133327,9.0
881,21400.406,STANDOFF_MOVE,1,-9.83742648107037,-0.08103800701590602,0.41794248518006594,4.228731858893943,0.1871185545930859,-2.1276912436168525,-0.09006588906049728,0.4192875027656555,4.25526237487793,0.9277203403525777,9.0
882,21400.515,STANDOFF_MOVE,1,-7.323331089921758,-0.0921164481554428,0.4271614061387973,4.213323104916634,0.23512830155964645,-2.6133735287994586,-0.09654400497674942,0.4255731999874115,4.209838390350342,1.078402040225711,9.0
883,21400.625,STANDOFF_MOVE,1,-6.746345633579187,-0.08051567518040291,0.4101568148636995,4.194907168067003,0.28736985604850185,-2.376786566599447,-0.08486835658550262,0.40947723388671875,4.198041915893555,0.8577997674486846,9.0
884,21400.718,STANDOFF_MOVE,1,-7.841651552975611,-0.08428915633053166,0.42097468943895666,4.155105135239428,0.21348918869586475,-2.8585999556049972,-0.08932775259017944,0.4194568395614624,4.152319431304932,1.131081116202682,9.0
885,21400.828,STANDOFF_MOVE,1,-4.995075098507631,-0.09049042654169759,0.4153041273700424,4.141147015157487,0.3855601476509717,-2.974518201432749,-0.09135086834430695,0.4123915135860443,4.119836807250977,1.1802798840593074,9.0
886,21400.906,STANDOFF_MOVE,1,-5.377189704529722,-0.08698815688033469,0.4139009807106752,4.120298492353893,0.32135748336927866,-3.0705368129260027,-0.08809030801057816,0.41067633032798767,4.098226070404053,1.267645255508804,9.0
887,21401.015,STANDOFF_MOVE,1,0.19089335621847967,-0.0985159953068773,0.4215898385152651,4.091754344312194,0.36032371929751533,-3.3576857652416456,-0.09193474054336548,0.41734111309051514,4.062753200531006,1.1790108613009174,9.0
888,21401.109,STANDOFF_MOVE,1,-8.56073326656827,-0.0821514698179138,0.4081691538399721,4.0502375697282895,0.2090510997555419,-2.999955326816292,-0.08791117370128632,0.4067586064338684,4.048948764801025,1.34486243688003,9.0
889,21401.218,STANDOFF_MOVE,1,-0.322419755661991,-0.09292956260463033,0.4253461159373561,4.027659683876785,0.4766521974801788,-3.367828266719581,-0.08718737959861755,0.4220844507217407,4.002984046936035,1.0502869090252511,9.0
890,21401.312,STANDOFF_MOVE,1,-4.554339835824537,-0.09516851847348458,0.4112454491163795,4.008843583162782,0.3190669360636944,-2.8229775295943584,-0.09529728442430496,0.4070448875427246,3.978180408477783,1.574179297374362,9.0
891,21401.421,STANDOFF_MOVE,1,-0.696804001618675,-0.09572041431234729,0.4256799069598757,3.987699997894712,0.4299756948125654,-3.033899983310605,-0.09071073681116104,0.4226061701774597,3.969827175140381,0.9081212268611533,9.0
892,21401.531,STANDOFF_MOVE,1,-1.1497746956048278,-0.09548177560454543,0.41345922931378765,3.9431022624552754,0.45881167610052515,-3.0109803193347955,-0.0905291810631752,0.4093417227268219,3.9127860069274902,1.387880569554173,9.0
893,21401.609,STANDOFF_MOVE,1,-0.5076548690953916,-0.09447388707258111,0.42239662612604695,3.9098461050497235,0.5735746821775151,-3.5833719573058236,-0.08831914514303207,0.4191991984844208,3.8873817920684814,1.09061052769674,9.0
894,21401.718,STANDOFF_MOVE,1,-0.4459316414634306,-0.0961066687439119,0.4074436919730913,3.8778691681075075,0.4587157687067858,-3.3720468069574094,-0.08986084908246994,0.403303861618042,3.851304531097412,1.2557838311671459,9.0
895,21401.812,STANDOFF_MOVE,1,-0.9039428635092536,-0.09541453119954715,0.4088296413038469,3.8502323847340616,0.39189123997512804,-3.1151607675742072,-0.09044873714447021,0.40506380796432495,3.8260159492492676,1.1313249888955519,9.0
896,21401.89,STANDOFF_MOVE,1,-0.9688763674041009,-0.09466480189825786,0.41496059955383924,3.8000777014105194,0.4699697139721479,-3.6092329716842566,-0.08972001820802689,0.4128367006778717,3.7893266677856445,0.6479328536100921,9.0
897,21402.0,STANDOFF_MOVE,1,0.45949285164663567,-0.09893661966006348,0.42196876095848324,3.7907655876393216,0.4623715280180913,-2.9398226442813122,-0.09257731586694717,0.4185054302215576,3.7717394828796387,1.073978996982422,9.0
898,21402.093,STANDOFF_MOVE,1,-0.9753211492462098,-0.09886155207056119,0.4193627608989136,3.7670611842807142,0.5204474270924264,-3.888185253585647,-0.09308802336454391,0.4163580536842346,3.7476658821105957,0.9534977361297693,9.0
899,21402.187,STANDOFF_MOVE,1,-0.9089433039130872,-0.1014607494847676,0.4177829771086906,3.74481317384587,0.3690021938938752,-3.6477402049606655,-0.09564732015132904,0.4134851098060608,3.717714548110962,1.2660390301863125,9.0
900,21402.296,STANDOFF_MOVE,1,0.021813989785838952,-0.09761150886195884,0.41807171738667437,3.6939794896002316,0.4458241988870649,-2.7605910520633605,-0.09178576618432999,0.4134146273136139,3.664140224456787,1.6730999789362946,9.0
901,21402.39,STANDOFF_MOVE,1,-0.9333871309820295,-0.10053997039738687,0.41437840673740134,3.693554755260252,0.4268866604425428,-3.613646851016302,-0.09483715891838074,0.4104297161102295,3.6690175533294678,1.2065196552991295,9.0
902,21402.484,STANDOFF_MOVE,1,-0.3779572638028377,-0.10190257370262744,0.41753930694274327,3.645726693077772,0.5166748150982797,-3.107934299628853,-0.09635034203529358,0.41371262073516846,3.6202070713043213,1.4118628172705876,9.0
903,21402.578,STANDOFF_MOVE,1,-0.43783957903034226,-0.10252455124727483,0.40861230852568853,3.625719532038084,0.5514235660932382,-3.8886134139168402,-0.09651349484920502,0.40665119886398315,3.6162354946136475,0.6554570605475292,9.0
904,21402.671,STANDOFF_MOVE,1,-0.2747613647160646,-0.09879195030890425,0.4215794083069239,3.5904309608221627,0.5215612935502295,-3.1139278872981087,-0.0931410938501358,0.4181155562400818,3.5681941509246826,1.2706283393985138,9.0
905,21402.765,STANDOFF_MOVE,1,-0.5096700901207377,-0.10399748026788007,0.41680959012913144,3.580380118405148,0.5272733751062628,-3.216530443713865,-0.09836618602275848,0.41326597332954407,3.5575125217437744,1.3126788040876827,9.0
906,21402.859,STANDOFF_MOVE,1,-1.165167554420524,-0.10290446462864485,0.41867756565164377,3.535129742425718,0.39905591638210924,-3.7734212277420998,-0.09719956666231155,0.41516929864883423,3.5130748748779297,1.1655988995074749,9.0
907,21402.968,STANDOFF_MOVE,1,-0.27457154111908955,-0.10589757423691298,0.40070818447622014,3.48627292208358,0.47744482762236234,-3.8552338926423273,-0.09953919053077698,0.39790377020835876,3.4705886840820312,0.9060236744609017,9.0
908,21403.062,STANDOFF_MOVE,1,-1.9418681196435907,-0.10153669953821502,0.4148994801805684,3.4742590037733794,0.45473786583198855,-3.3661684528379463,-0.09721457958221436,0.41093626618385315,3.4458632469177246,1.955976590215761,9.0
909,21403.156,STANDOFF_MOVE,1,-1.8972121049059234,-0.10138986362100011,0.410442942036688,3.439834362489663,0.3947668170875676,-3.20588281835391,-0.09740056842565536,0.4062082767486572,3.410778760910034,2.2841710450259574,9.0
910,21403.25,STANDOFF_MOVE,1,-1.444583934208843,-0.10740484948755478,0.4131640059016203,3.4287258961545644,0.48649968211270017,-3.002574704122876,-0.10313957184553146,0.40951788425445557,3.401686668395996,1.9919089249704498,9.0
911,21403.359,STANDOFF_MOVE,1,-1.8839042910753705,-0.10658752351460403,0.4094368128603056,3.388035072826899,0.5483670595761229,-3.246998158599461,-0.10264232754707336,0.4060512185096741,3.3617892265319824,2.2752918946923906,9.0
912,21403.453,STANDOFF_MOVE,1,-1.2034132872478522,-0.10841448979373684,0.4093499480731502,3.358838887556354,0.5365564180632509,-2.8240762333386655,-0.10430997610092163,0.40574756264686584,3.332644462585449,2.426208951598014,9.0
913,21403.562,STANDOFF_MOVE,1,-1.9388623416312083,-0.10261288200393208,0.4073093516408603,3.3181648167878226,0.39540928782266466,-3.2967975704857473,-0.09868630021810532,0.4033396244049072,3.2911787033081055,2.2055883005205454,9.0
914,21403.671,STANDOFF_MOVE,1,-1.4448654666686804,-0.10574721675934946,0.4016868895959748,3.283764907450968,0.4421066185463663,-3.486869292637265,-0.10068411380052567,0.39805400371551514,3.260347366333008,1.6098105262433462,9.0
915,21403.765,STANDOFF_SETTLE,1,-1.1800691857036079,-0.10458245015808743,0.3980572935593104,3.2536359019759074,0.438559937451493,-3.561026408917832,-0.09920557588338852,0.3949321508407593,3.2353618144989014,1.1988064849723332,9.0
916,21403.875,STANDOFF_SETTLE,1,-1.359327295379843,-0.10326754287346164,0.40332471055350005,3.225133285855421,0.5473578197721524,-3.274747018510315,-0.0985826626420021,0.4004001319408417,3.205758810043335,1.4376992996835127,9.0
917,21403.968,STANDOFF_SETTLE,1,-0.9239060479041737,-0.1055688438249709,0.39186744648858707,3.1913073801820557,0.42395793823736566,-3.0242020998413146,-0.1005256175994873,0.3884340524673462,3.1706607341766357,1.5595377783728204,9.0
918,21404.062,STANDOFF_SETTLE,1,-1.1435012173890764,-0.1054256161751309,0.3932286086618018,3.163793646502796,0.6608693231111678,-3.3921890873881937,-0.1001826748251915,0.39088597893714905,3.148574113845825,1.244479422452658,9.0
919,21404.171,STANDOFF_SETTLE,1,-1.003345814805651,-0.11117508164223605,0.3879074330409323,3.151179240056978,0.5807755789706155,-3.2362303912836876,-0.10616489499807358,0.3851950764656067,3.134519100189209,1.3139202259572633,9.0
920,21404.265,STANDOFF_SETTLE,1,-1.5470335109730302,-0.11850725328943525,0.3832580171721518,3.1209667568526043,0.5904655689133533,-3.750773937603429,-0.11335071176290512,0.38053518533706665,3.103146553039551,1.4070457630237148,9.0
921,21404.375,STANDOFF_SETTLE,1,-1.5163023516728449,-0.11547049889127295,0.3907868680570542,3.1188308695934803,0.6712996201804715,-3.5177143738030217,-0.11074325442314148,0.38839513063430786,3.10202693939209,1.4270508548514163,9.0
922,21404.468,STANDOFF_SETTLE,1,-1.8584157733469093,-0.11362300746979363,0.3974750100153344,3.139586936471439,0.5572850909900063,-3.647842203614535,-0.10904582589864731,0.39451903104782104,3.120469093322754,1.4821741647981135,9.0
923,21404.562,STANDOFF_SETTLE,1,-1.8501299631031876,-0.12737905603188185,0.39846277871239816,3.144442274273703,0.6001310114955569,-3.9191402246094142,-0.12257060408592224,0.39615750312805176,3.1299057006835938,1.1227599713722098,9.0
924,21404.656,STANDOFF_SETTLE,1,-1.593478176701994,-0.12434512761513349,0.3925911328823669,3.127440757814913,0.726666709716241,-3.853325279507979,-0.11951233446598053,0.39090994000434875,3.1151723861694336,1.1203638868334038,9.0
925,21404.765,STANDOFF_SETTLE,1,-2.033995923197515,-0.12102336182168574,0.3972089769381124,3.1287766370121934,0.6636384225952732,-4.080990765128078,-0.11625736206769943,0.39527907967567444,3.1156864166259766,1.0796939183692114,9.0
926,21404.859,STANDOFF_SETTLE,1,-1.6586105371927498,-0.12470926249885751,0.3930893511707343,3.11780475577718,0.6954097011012949,-3.9003682810228786,-0.12010981142520905,0.3920990526676178,3.1123690605163574,0.749036288368908,9.0
927,21404.953,STANDOFF_SETTLE,1,-1.9816481385944025,-0.12358164516863741,0.3936932063838191,3.1280730169534925,0.6779249813861611,-4.228360909316364,-0.11868468672037125,0.39204832911491394,3.1167423725128174,0.9730564848783945,9.0
928,21405.062,STANDOFF_SETTLE,1,-1.9428248971786333,-0.12191758007544932,0.3932298240945206,3.1195873806464807,0.7111935484919738,-4.208769439187192,-0.11708168685436249,0.39190730452537537,3.110059976577759,0.9287785246022744,9.0
929,21405.156,STANDOFF_SETTLE,1,-2.0236932523438083,-0.12491079517291968,0.39446071714011227,3.1254529939887887,0.7121210941960131,-4.102450199099202,-0.12007440626621246,0.3924846947193146,3.110262870788574,1.2861793256079583,9.0
930,21405.25,STANDOFF_SETTLE,1,-1.9256868587666907,-0.1211823661704395,0.39350339934845524,3.1179047810593814,0.683695178809106,-4.49609201108109,-0.11600799858570099,0.39233461022377014,3.110971212387085,0.7410572018595508,9.0
931,21405.343,STANDOFF_SETTLE,1,-1.9452471544348562,-0.12463762359109817,0.39367850179829617,3.110030753252544,0.7689432022384785,-4.001389427005088,-0.12018807232379913,0.3928196430206299,3.1036672592163086,0.9006339392843871,9.0
932,21405.453,STANDOFF_SETTLE,1,-1.9150504734112521,-0.1276091119969238,0.39436438717579936,3.1129046632289437,0.8227483894366833,-3.904128118869577,-0.12327218055725098,0.39369821548461914,3.1065120697021484,1.0057205189149716,9.0
933,21405.531,STANDOFF_SETTLE,1,-1.962649744883611,-0.12326203560886828,0.39315854479837853,3.10689825759886,0.7975289525442277,-4.038858847852725,-0.11880740523338318,0.3925274908542633,3.1015329360961914,0.9159109091673412,9.0
934,21405.625,STANDOFF_SETTLE,1,-2.0421739451070455,-0.12387968741649832,0.3937640613289798,3.1103305920579105,0.7881538109984108,-3.9754411865849137,-0.11943881958723068,0.39264973998069763,3.100586414337158,1.0971312854453341,9.0
935,21405.734,STANDOFF_SETTLE,1,-2.040855256091864,-0.12631765156138608,0.394107968047081,3.1099477708039602,0.7874079087129631,-3.9262250205139364,-0.12192369252443314,0.392940491437912,3.0997512340545654,1.1272943752906721,9.0
936,21405.859,STANDOFF_SETTLE,1,-1.9777987768491476,-0.12663837272218037,0.3947303828455676,3.1150172135724614,0.7417298756900446,-3.699046790095721,-0.12250962108373642,0.39332759380340576,3.10408091545105,1.1101438824972756,9.0
937,21405.968,STANDOFF_SETTLE,1,-1.8856463816742017,-0.12558501824726112,0.3939848141511703,3.1098234705471217,0.7763744271168261,-3.9705210041434804,-0.12118402123451233,0.3932605981826782,3.1034975051879883,0.9332734722987889,9.0
938,21406.078,STANDOFF_SETTLE,1,-2.0638273035379204,-0.126130067825112,0.3942907299993429,3.1130335542917993,0.7668160082528761,-3.9385482177125963,-0.12181859463453293,0.3930925130844116,3.1026999950408936,1.1081788309330358,9.0
939,21406.187,STANDOFF_SETTLE,1,-2.119631893818853,-0.12551659014106514,0.39370797835396004,3.111336779741323,0.7523739239656044,-3.949609671546271,-0.12118065357208252,0.3923019766807556,3.0997748374938965,1.148143752630745,9.0
940,21406.281,STANDOFF_SETTLE,1,-1.934438677003977,-0.12574711055795065,0.393829532282689,3.111833695073628,0.7187842039748557,-3.862152375124148,-0.12144394218921661,0.3925134837627411,3.1022093296051025,0.9959196540783981,9.0
941,21406.375,STANDOFF_SETTLE,1,-1.94981170421206,-0.12600058080600285,0.3939369273636236,3.113576882743194,0.720817575359418,-3.954294178013432,-0.12168991565704346,0.39293187856674194,3.1065738201141357,0.8708497639137065,9.0
942,21406.484,STANDOFF_SETTLE,1,-1.9011557943196584,-0.1252788696613882,0.3940891400905449,3.1154325414719035,0.7282145600979291,-3.8291150841594144,-0.121070496737957,0.3930809497833252,3.1085798740386963,0.8728385556271614,9.0
943,21406.578,STANDOFF_SETTLE,1,-2.108808858005741,-0.12676787682796936,0.3949993957017971,3.1165215223876763,0.7989428092324001,-4.006373983533907,-0.122543565928936,0.3941417336463928,3.108367681503296,1.0549260998261736,9.0
944,21406.671,STANDOFF_SETTLE,1,-2.142279385027967,-0.12654073556998577,0.3958041021215667,3.1203397809701823,0.7940146604889406,-3.987671503184692,-0.1223142221570015,0.39487406611442566,3.111759662628174,1.0708711589220838,9.0
945,21406.765,STANDOFF_SETTLE,1,-1.9434404645736452,-0.12645449829179548,0.3954134436687694,3.1181341791661974,0.7716890241596769,-3.6520560974960485,-0.12249433249235153,0.39443784952163696,3.1100306510925293,1.030073194205973,9.0
946,21406.906,STANDOFF_SETTLE,1,-1.9854234550416932,-0.12686119195098378,0.39516078336237753,3.119483467380056,0.8179783292374925,-3.7134241546614746,-0.1227986067533493,0.39433398842811584,3.111485004425049,1.1043164949457829,9.0
947,21407.0,STANDOFF_SETTLE,1,-2.048837771739608,-0.12678032228184857,0.3955614999536958,3.121318202686769,0.7873552101409528,-3.9574123166010753,-0.1224992573261261,0.394736647605896,3.114126205444336,0.9965644950557097,9.0
948,21407.093,STANDOFF_SETTLE,1,-2.0797145846414953,-0.12626117696872427,0.3955112611841202,3.117158961632738,0.761453291303157,-3.8123474226143754,-0.12212491780519485,0.3943129777908325,3.107562303543091,1.0786826892328638,9.0
949,21407.187,STANDOFF_SETTLE,1,-2.0297740221823375,-0.1265010472656164,0.3946770668834065,3.1151107323155793,0.7229193571323185,-3.789251372164458,-0.12241143733263016,0.3935515880584717,3.1073853969573975,0.9270183143463394,9.0
950,21407.281,STANDOFF_SETTLE,1,-2.002429639836218,-0.12661878609085359,0.39527451027970806,3.1203788012928015,0.7087672093215504,-3.7622351153634375,-0.12264157831668854,0.3943266272544861,3.114473581314087,0.8349384840734292,9.0
951,21407.39,STANDOFF_SETTLE,1,-2.1231196784191257,-0.12612796753367422,0.3947945509366866,3.1170511887790413,0.7050418141989995,-3.8631522066716832,-0.1219194307923317,0.39326226711273193,3.1062378883361816,1.0492679512084049,9.0
952,21407.484,STANDOFF_SETTLE,1,-1.9133530070847138,-0.12688154366614815,0.39451768413637256,3.117319767235232,0.7086495494044626,-3.6511651122584547,-0.1230684220790863,0.3937135934829712,3.112462282180786,0.7996606233819075,9.0
953,21407.578,STANDOFF_SETTLE,1,-2.1800611607582043,-0.12570070226033866,0.394864829810502,3.1193690406501076,0.7191976311450063,-4.095930945210189,-0.12130092084407806,0.3936888873577118,3.1111724376678467,0.9213422873499569,9.0
954,21407.671,STANDOFF_SETTLE,1,-2.199368465604412,-0.12563657998932365,0.3950605046836571,3.1200825625287285,0.7112269355126914,-4.1678819000564635,-0.12110720574855804,0.3936938941478729,3.1106271743774414,0.9568805732562972,9.0
955,21407.765,STANDOFF_SETTLE,1,-2.098967394236385,-0.12518991872120977,0.39332204989656017,3.1087072341830937,0.6846295536622693,-3.717294192284962,-0.12130178511142731,0.391961932182312,3.0998244285583496,0.9274221152110291,9.0
956,21407.906,STANDOFF_SETTLE,1,-2.077759713784427,-0.12568243864565312,0.39424754340545254,3.1109682859932,0.7366669705111507,-3.541627202069987,-0.12182226032018661,0.3925248384475708,3.0970966815948486,1.3194381213465074,9.0
957,21408.015,STANDOFF_SETTLE,1,-2.1420161296456146,-0.1250221002704441,0.39375408297694076,3.1103788605822453,0.7485877299889433,-3.7941831390082617,-0.1209690123796463,0.3925188481807709,3.100727081298828,1.0568950404201147,9.0
958,21408.109,STANDOFF_SETTLE,1,-2.1905365978025673,-0.1251598214987351,0.3942684224075525,3.1107744290369443,0.7467239739346619,-3.777242643897821,-0.1211383268237114,0.3930169641971588,3.1011276245117188,1.0626433352402707,9.0
959,21408.203,STANDOFF_SETTLE,1,-2.2503601579224344,-0.12488278535129879,0.39460751569859565,3.11172120978627,0.7164381606583907,-3.83292266598661,-0.12081278860569,0.3931276500225067,3.1007375717163086,1.087985705827036,9.0
960,21408.296,STANDOFF_SETTLE,1,-2.2680071152142336,-0.12467145063005493,0.39442242062210325,3.111535269277786,0.7446090518599383,-3.9397261012388496,-0.12038367986679077,0.39285558462142944,3.099135637283325,1.1949744980949142,9.0
961,21408.39,STANDOFF_SETTLE,1,-2.2903498632527195,-0.12485412211170333,0.3945652800925749,3.113465074467608,0.7341433866785273,-4.010311362814938,-0.12058290839195251,0.39319345355033875,3.1027677059173584,1.0811917243207998,9.0
962,21408.484,STANDOFF_SETTLE,1,-2.2250881985083204,-0.12530163869727798,0.39471167949714997,3.113256450275172,0.752242796879558,-3.9374085384878095,-0.1210922822356224,0.3934597373008728,3.103088617324829,1.0883552194301467,9.0
963,21408.593,STANDOFF_SETTLE,1,-2.201908365617902,-0.12545678274497477,0.39454702587221924,3.1146390791632674,0.7576346978654598,-4.018445554181939,-0.12114626169204712,0.3933350443840027,3.1047635078430176,1.0675946712654434,9.0
964,21408.671,STANDOFF_SETTLE,1,-2.159593220393601,-0.1262010126493556,0.39474704882394474,3.1158648321923867,0.7449707631296865,-4.008216666640499,-0.12193994969129562,0.39364251494407654,3.1073262691497803,0.9783170905786408,9.0
965,21408.781,STANDOFF_SETTLE,1,-2.1801984765747697,-0.12559907002886775,0.3947945073340905,3.117669686702226,0.7250347286944816,-4.047939019053541,-0.12133049219846725,0.3937130570411682,3.109692096710205,0.9261997311103365,9.0
966,21408.89,STANDOFF_SETTLE,1,-2.0917975349948943,-0.12506123252067594,0.3938429136015515,3.1123470844067005,0.7216208799053524,-4.047958168435679,-0.1206887885928154,0.3928270637989044,3.1053638458251953,0.8689829905369634,9.0
967,21409.0,STANDOFF_SETTLE,1,-1.877742160150857,-0.1252963939632426,0.3937252349319204,3.10690897673509,0.7434882693943105,-3.657598553839891,-0.12100627273321152,0.3921512961387634,3.0951292514801025,1.1624073807625792,9.0
968,21409.093,STANDOFF_SETTLE,1,-1.8495716755163858,-0.12691134665416856,0.39544256143841444,3.1153054831631266,0.7529465846791041,-3.5517077165965416,-0.12282013893127441,0.3939371109008789,3.103642463684082,1.1830156483099619,9.0
969,21409.187,STANDOFF_SETTLE,1,-1.7231299159590374,-0.1266581366232794,0.3942442734140056,3.1070717163866357,0.7505017121658559,-3.3466279288738274,-0.1226688027381897,0.3925527334213257,3.09394907951355,1.289210430592767,9.0
970,21409.281,STANDOFF_SETTLE,1,-1.7895138370127845,-0.1264423637674625,0.39441015948388625,3.10951454127369,0.7505914384874196,-3.6397033961682075,-0.12217079848051071,0.39302948117256165,3.099339485168457,1.0801423292018537,9.0
971,21409.375,STANDOFF_SETTLE,1,-1.9325598048734638,-0.1258789459657475,0.3942402609023294,3.107933787084845,0.7537066324049827,-3.43420989576689,-0.12188948690891266,0.39234548807144165,3.0931131839752197,1.42841951366024,9.0
972,21409.468,STANDOFF_SETTLE,1,-1.9853237391670675,-0.12479704980226311,0.3946560647915564,3.113420758688173,0.7560961642971885,-3.6364543428665472,-0.12059132754802704,0.39270299673080444,3.0973405838012695,1.5182321882312766,9.0
973,21409.578,STANDOFF_SETTLE,1,-2.1191620832696474,-0.12502677943415214,0.3944188573308701,3.1103359541422138,0.7329757147623005,-3.8310968352882995,-0.12073154002428055,0.3925025761127472,3.095353841781616,1.3537302626562195,9.0
974,21409.687,STANDOFF_SETTLE,1,-2.0218778427520303,-0.12624737064745456,0.3947190747457775,3.115220381965847,0.7167136850450908,-3.7805227439201747,-0.12208953499794006,0.3931349813938141,3.1036808490753174,1.0941152657226942,9.0
975,21409.781,STANDOFF_SETTLE,1,-1.9448599819740537,-0.125441851049026,0.39415245018829576,3.1102569362284993,0.7113032852152777,-3.695030164318636,-0.1213405430316925,0.39260804653167725,3.0993404388427734,1.0562150518825177,9.0
976,21409.89,STANDOFF_SETTLE,1,-1.9085720374170814,-0.12545347517550837,0.3940648989258715,3.110656431253767,0.73457855333153,-3.68068353771046,-0.12126981467008591,0.39250147342681885,3.098991632461548,1.136912810857773,9.0
977,21410.0,STANDOFF_SETTLE,1,-2.067816326613528,-0.12483763302103854,0.394102290503204,3.1101437219823094,0.71424900920699,-3.689729343610431,-0.12063446640968323,0.3920368254184723,3.0945820808410645,1.396922747311769,9.0
978,21410.093,STANDOFF_SETTLE,1,-2.0082726545665444,-0.12528700862509234,0.3942173380076495,3.111645246319961,0.7247328141315399,-3.5242010767118477,-0.12130796909332275,0.3923342823982239,3.0972914695739746,1.3275751861425649,9.0
979,21410.187,STANDOFF_SETTLE,1,-2.097330132873614,-0.1260430456788683,0.3950720863907266,3.1146019790192283,0.7721165786427086,-3.8814515308225777,-0.12202566862106323,0.3944188952445984,3.1090574264526367,0.916072488635336,9.0
980,21410.281,STANDOFF_SETTLE,1,-2.0059291903133585,-0.12658311721236382,0.39595708369111393,3.1171949663585714,0.7649410949250388,-3.809281514383528,-0.12282892316579819,0.39587005972862244,3.1166744232177734,0.804960958721582,9.0
981,21410.375,STANDOFF_SETTLE,1,-2.075453434810235,-0.12490483293893181,0.3950322012655156,3.1139753815784657,0.7143912318692871,-3.853534599771792,-0.12106383591890335,0.39445963501930237,3.1106088161468506,0.7592789676281866,9.0
982,21410.484,STANDOFF_SETTLE,1,-2.2041620886460964,-0.12503727839018566,0.3945849718797973,3.1129946360106797,0.7329852873302147,-4.037325659108895,-0.12103141099214554,0.3940785229206085,3.1093571186065674,0.8047144061999463,9.0
983,21410.578,STANDOFF_SETTLE,1,-2.3239240914018726,-0.12409541200985276,0.3952499714287535,3.115704967930856,0.7442621042349868,-4.044042843498989,-0.1199885755777359,0.394340842962265,3.1086435317993164,0.9298342361110401,9.0
984,21410.671,STANDOFF_SETTLE,1,-2.32202007698679,-0.12402461011020184,0.3953023447815175,3.1162294789652707,0.7546363080084024,-4.179761629590747,-0.11967708170413971,0.3943750560283661,3.1088595390319824,0.9485819159327509,9.0
985,21410.765,STANDOFF_SETTLE,1,-2.2962599097472514,-0.12419979243256864,0.39516497472615586,3.115145938418791,0.7470103490825876,-4.128891166567009,-0.11982478201389313,0.3940467834472656,3.1064703464508057,0.9898507557379596,9.0
986,21410.906,STANDOFF_SETTLE,1,-2.300733168789888,-0.12413333313928955,0.39543095678030665,3.1171619850770633,0.7339568737800716,-4.135133202071882,-0.11986785382032394,0.3945135474205017,3.110372304916382,0.891244781100497,9.0
987,21411.0,STANDOFF_SETTLE,1,-2.0201379723352084,-0.12492423557692317,0.3955462695118055,3.118560058109591,0.7504247840242285,-3.8785844903086617,-0.12083139270544052,0.39496493339538574,3.1142845153808594,0.8428384489402961,9.0
988,21411.093,STANDOFF_SETTLE,1,-2.03712146140464,-0.12497175434826761,0.395561714645497,3.12056207136641,0.7385034498402748,-3.960065976552172,-0.12083110958337784,0.3949397802352905,3.116190195083618,0.8148500211261775,9.0
989,21411.187,STANDOFF_SETTLE,1,-1.9683433688257268,-0.12485781106492708,0.3953982334164852,3.119574255202928,0.7367235710765009,-3.886425503226643,-0.12075859308242798,0.3948582112789154,3.1159353256225586,0.7963745686355345,9.0
990,21411.281,STANDOFF_SETTLE,1,-1.94648903151104,-0.12535175819262015,0.3949523939299319,3.119830892413399,0.7624117469330285,-3.867160128971811,-0.12128530442714691,0.39454203844070435,3.11633563041687,0.8404274638628858,9.0
991,21411.375,STANDOFF_SETTLE,1,-1.972910734573803,-0.12621998462852912,0.39420695489997537,3.1091379143079423,0.7877995701420253,-3.635545232001695,-0.12215647101402283,0.3929055631160736,3.098635673522949,1.1473546281173752,9.0
992,21411.468,STANDOFF_SETTLE,1,-1.919873490101541,-0.1274517774841693,0.3945506959071956,3.105896253610495,0.8325323015415593,-3.600584806420747,-0.1235104352235794,0.3937048614025116,3.0979857444763184,1.0972819879721927,9.0
993,21411.562,STANDOFF_SETTLE,1,-1.9003326181151299,-0.1272901950836096,0.39472861425021444,3.111654900309445,0.7925533603910114,-3.7219987770053002,-0.12316983938217163,0.3937930464744568,3.1036148071289062,1.0373183688051792,9.0
994,21411.671,STANDOFF_SETTLE,1,-1.881949474718986,-0.1272927672495232,0.3944660254897403,3.1095758627393653,0.7760506545390824,-3.672758295477145,-0.12318766117095947,0.3933617174625397,3.1006460189819336,1.0503828461470943,9.0
995,21411.765,STANDOFF_VERIFY,1,-1.8474965019383962,-0.12732971892511294,0.3941382220118009,3.1077679516233454,0.7809769154467059,-3.6801248321325604,-0.1231485977768898,0.3929491937160492,3.097947597503662,1.103089978380156,9.0
996,21411.859,STANDOFF_VERIFY,1,-2.035349140251677,-0.12673524543757517,0.3947118217319848,3.1129349031609452,0.7957671545074728,-3.862894941687836,-0.12247299402952194,0.39355674386024475,3.1027238368988037,1.1402004019627017,9.0
997,21411.953,STANDOFF_VERIFY,1,-1.9720228429528703,-0.12714586085310473,0.3957502454992007,3.11606159816524,0.7953506034168868,-3.7977877468317986,-0.12278037518262863,0.3944077789783478,3.1046321392059326,1.2089084580561755,9.0
998,21412.062,STANDOFF_VERIFY,1,-2.0520187015918046,-0.1269477398224415,0.39568483776975294,3.1147970398400595,0.8050339680250691,-3.777944259209201,-0.12261700630187988,0.39413294196128845,3.1010403633117676,1.3955297803995488,9.0
999,21412.14,STANDOFF_VERIFY,1,-1.985621155323133,-0.12678359554939936,0.3956050862512044,3.1165398282373067,0.773381406842436,-3.8355226957478408,-0.12250150740146637,0.3944574296474457,3.107062339782715,1.0743716708990856,9.0
1000,21412.234,STANDOFF_VERIFY,1,-1.9870676193751158,-0.12629080623176084,0.3944899195664408,3.110075449351836,0.7778513878121351,-3.789239092091114,-0.12192985415458679,0.39294180274009705,3.0973527431488037,1.2513513073501976,9.0
1001,21412.343,STANDOFF_VERIFY,1,-2.05642408948328,-0.12593931091736346,0.3952158730449813,3.1119540221110906,0.7753856091773782,-3.83478756954262,-0.12152397632598877,0.39353764057159424,3.097989797592163,1.3491651184937306,9.0
1002,21412.437,STANDOFF_VERIFY,1,-2.0240566638574164,-0.12629799652153056,0.3951980337401219,3.1130580701981176,0.7941475983166901,-3.8132487258066545,-0.12190138548612595,0.3935854136943817,3.0992164611816406,1.3720179608924579,9.0
1003,21412.515,STANDOFF_VERIFY,1,-1.9700645976933293,-0.12672598645202132,0.3947588658526886,3.1075845791632197,0.8336008113443228,-3.7526593800129056,-0.12255271524190903,0.3938511312007904,3.098456621170044,1.1739581763475906,9.0
1004,21412.609,STANDOFF_VERIFY,1,-1.9468484741158925,-0.12676625629270874,0.39442024071669357,3.1098566199661763,0.8223540487266654,-3.770057809364767,-0.12258367240428925,0.3934686779975891,3.1005072593688965,1.1587174225435484,9.0
1005,21412.703,STANDOFF_VERIFY,1,-1.973109004926969,-0.1269354697549743,0.39442706492658425,3.108961355769833,0.7756025723729048,-3.5784851137402667,-0.12284364551305771,0.3927030861377716,3.0945827960968018,1.4156337843633036,9.0
1006,21412.781,STANDOFF_VERIFY,1,-1.8191571225962733,-0.12777245054563596,0.3945770876385075,3.1130000384627743,0.7628698981177662,-3.418958170628832,-0.12377063930034637,0.3929344415664673,3.0995380878448486,1.3289377678823073,9.0
1007,21412.906,STANDOFF_VERIFY,1,-1.8689130402043996,-0.12720243919079957,0.39518278495638837,3.115980599501006,0.7284377675603926,-3.3604911017689436,-0.12335843592882156,0.39338576793670654,3.101912021636963,1.3242569891879588,9.0
1008,21413.0,STANDOFF_VERIFY,1,-1.810814715307455,-0.1275941620496087,0.3955844928578629,3.118714889631676,0.7262237801900108,-3.141986018811083,-0.12396854907274246,0.3935958445072174,3.103217840194702,1.4639311393861312,9.0
1009,21413.078,STANDOFF_VERIFY,1,-1.8365275023315926,-0.12738662356219124,0.3955616185170749,3.1163041241314304,0.7555610373298102,-3.214213397872396,-0.12369783222675323,0.3936762809753418,3.1008362770080566,1.5052512304068928,9.0
1010,21413.156,STANDOFF_VERIFY,1,-1.75763872409524,-0.12777186988806424,0.3958651901824254,3.1178848749550028,0.7590739085501331,-3.1341586464897957,-0.12420224398374557,0.3942681550979614,3.104811668395996,1.3149363526462197,9.0
1011,21413.234,STANDOFF_VERIFY,1,-1.8780936960605916,-0.12738481909230204,0.3958561463414878,3.116423403896329,0.7699735574744895,-3.2570184304142122,-0.12369983643293381,0.39415812492370605,3.1019809246063232,1.449784683220414,9.0
1012,21413.328,STANDOFF_VERIFY,1,-1.8813064627909808,-0.12764284314764987,0.39547318168231116,3.114340941880365,0.7803044047758436,-3.2868756116762206,-0.12390699237585068,0.3937765955924988,3.0997815132141113,1.4710743193046183,9.0
1013,21413.406,STANDOFF_VERIFY,1,-2.0647459700152315,-0.1271856221648527,0.3961793315391091,3.119151110223312,0.7512449048965902,-3.2510815352885367,-0.12360763549804688,0.3940162658691406,3.101292133331299,1.7244736048766343,9.0
1014,21413.5,STANDOFF_VERIFY,1,-2.1214171864711164,-0.12707114847284884,0.3959539564658082,3.117495137205121,0.7409509598521503,-3.392261249670154,-0.12332336604595184,0.39374127984046936,3.0995564460754395,1.7026774274839482,9.0
1015,21413.578,STANDOFF_VERIFY,1,-1.8745444709165828,-0.1252248558223789,0.3946063442051632,3.1099024511000315,0.7118345065886599,-3.7914421463589583,-0.12095464766025543,0.3933655917644501,3.101172924041748,0.9426206385252468,9.0
1016,21413.671,STANDOFF_VERIFY,1,-1.8834036664954106,-0.1245644173076381,0.3944402011935343,3.112058121327932,0.7222773775102502,-4.073995717910355,-0.12010981142520905,0.3938865661621094,3.109391450881958,0.7249852785026516,9.0
1017,21413.75,STANDOFF_VERIFY,1,-1.877781964990482,-0.12650419448350944,0.39545729341993774,3.1179007965631724,0.7421972991272642,-3.8625464990173923,-0.12234073132276535,0.394914835691452,3.1144325733184814,0.7884752813893732,9.0
1018,21413.843,STANDOFF_VERIFY,1,-2.1036553668547295,-0.12597101061171934,0.3961544309381897,3.120358973971648,0.7271277036833279,-4.12622652019491,-0.12152498960494995,0.39526572823524475,3.114258050918579,0.8371565297314751,9.0
1019,21413.921,STANDOFF_VERIFY,1,-2.1443644509531987,-0.12543987036825904,0.39515303297459514,3.1164882036238852,0.6606032684739521,-4.1249608955421255,-0.12090130895376205,0.3936651349067688,3.1071746349334717,0.881732331665711,9.0
1020,21414.031,STANDOFF_VERIFY,1,-2.1717072836936677,-0.12438753979820778,0.394442723575832,3.1171058065753963,0.6863250180360742,-4.163565920507472,-0.11985129863023758,0.39317265152931213,3.1091513633728027,0.847800029426618,9.0
1021,21414.125,STANDOFF_VERIFY,1,-2.24973016013917,-0.12470466861629105,0.39417734148619227,3.1131473901791398,0.6840526788841266,-4.362528716112873,-0.11998641490936279,0.3929183781147003,3.1052122116088867,0.8285767580919473,9.0
1022,21414.234,STANDOFF_VERIFY,1,-2.178934926061984,-0.12502209892068594,0.3943411576540728,3.113978094351273,0.6863343397375168,-4.34233440988406,-0.12031877785921097,0.39321067929267883,3.1072232723236084,0.7786756065647539,9.0
1023,21414.312,STANDOFF_VERIFY,1,-2.1493803591503036,-0.12424713463216366,0.3939076593530661,3.116126923657932,0.6466043270326555,-4.361927618574479,-0.11956871300935745,0.3928735852241516,3.1111350059509277,0.6737855758132635,9.0
1024,21414.421,STANDOFF_VERIFY,1,-2.121984510276605,-0.12470458934763383,0.3949804258907699,3.120406595687151,0.6573923674073605,-4.256281578252713,-0.12011422216892242,0.39391982555389404,3.1147758960723877,0.7196396675622195,9.0
1025,21414.515,STANDOFF_VERIFY,1,-2.094865048030925,-0.12531274729723227,0.3947697793565202,3.1192416174957307,0.7162894485018555,-4.219859737222611,-0.1206522062420845,0.3936225175857544,3.1114022731781006,0.873862752317517,9.0
1026,21414.609,STANDOFF_VERIFY,1,-2.133286812921089,-0.12469117358051127,0.39449127855279736,3.116425256433245,0.7455706191398702,-4.277466515520924,-0.12001346051692963,0.3935275375843048,3.109567880630493,0.8675260325754719,9.0
1027,21414.718,STANDOFF_VERIFY,1,-2.0673619642229126,-0.1254907878408892,0.3946635300434452,3.112723579736188,0.6891904967749042,-3.8113637146722574,-0.12141567468643188,0.39343392848968506,3.104900360107422,0.8717054147044908,9.0
1028,21414.812,STANDOFF_VERIFY,1,-1.9920679657832447,-0.1262953181661886,0.39484151327807054,3.1132049847061665,0.7623916199137553,-3.613985600265557,-0.12227720022201538,0.3935425281524658,3.1026203632354736,1.1336690407742525,9.0
1029,21414.937,STANDOFF_VERIFY,1,-2.009340998938848,-0.1251961660588152,0.3954821857444714,3.116238848849334,0.7439206737934664,-3.6220455858065996,-0.12120900303125381,0.394155353307724,3.1057558059692383,1.1021381076415029,9.0
1030,21415.062,STANDOFF_VERIFY,1,-2.2097609528793902,-0.12471822431685728,0.3950226228907501,3.1159477501853416,0.7467182888990042,-4.000586831618449,-0.12021922320127487,0.393349289894104,3.102388381958008,1.2545624807859213,9.0
1031,21415.14,STANDOFF_VERIFY,1,-2.2718267850716187,-0.12448377804515165,0.3951333431496848,3.113968574588491,0.752895885538168,-4.079089565551323,-0.11994941532611847,0.39344292879104614,3.100188732147217,1.2701959909697722,9.0
1032,21415.234,STANDOFF_VERIFY,1,-2.314565068236597,-0.12438620394565632,0.3951299849070611,3.114621844029773,0.7195625776586974,-4.072854090901698,-0.11993660032749176,0.39333364367485046,3.1009163856506348,1.2134565810396807,9.0
1033,21415.343,STANDOFF_VERIFY,1,-2.2652399042075904,-0.1248314908524485,0.39474818940774226,3.1127896529583143,0.8053539989000238,-4.045004132194609,-0.1203911304473877,0.39335909485816956,3.10007905960083,1.2898633291692423,9.0
1034,21415.453,STANDOFF_VERIFY,1,-2.24316591319368,-0.12521105940817318,0.39499891848157104,3.111362154730429,0.8147600505956423,-3.8871261779031414,-0.12096582353115082,0.39354002475738525,3.097666025161743,1.4098457206939417,9.0
1035,21415.546,STANDOFF_VERIFY,1,-2.2575291737235927,-0.12531959481518434,0.39445139068411034,3.1098706618552066,0.781686836481909,-3.9065606862649886,-0.12103501707315445,0.39284607768058777,3.095808744430542,1.3766930424852137,9.0
1036,21415.656,STANDOFF_MOVE,1,-2.165649677879612,-0.12493109712222353,0.3951025462024645,3.1127167802633293,0.7984333020453992,-3.8610363178201306,-0.12066057324409485,0.3936861753463745,3.099575996398926,1.343304333583483,9.0
1037,21415.75,STANDOFF_MOVE,1,-1.9807853972819185,-0.12602473107801182,0.3954715431769544,3.117019483179139,0.7663781050669827,-3.5485779115454954,-0.12206851691007614,0.39412784576416016,3.105489730834961,1.2128940174776233,9.0
1038,21415.843,STANDOFF_MOVE,1,-2.0567157746557903,-0.12577048231318155,0.3960590382233907,3.1195827614797764,0.7700625320453985,-3.6828194880489686,-0.12164885550737381,0.3946172595024109,3.1072542667388916,1.2537381641183178,9.0
1039,21415.937,STANDOFF_MOVE,1,-1.7288401689550925,-0.1255627005770507,0.39493552997296283,3.118955915442673,0.7343816473647481,-3.640354839022536,-0.1214885413646698,0.39417675137519836,3.1136529445648193,0.8401789780516323,9.0
1040,21416.031,STANDOFF_MOVE,1,-1.883642701443805,-0.12539622879741552,0.396629337329983,3.125225270995595,0.7389285345306567,-3.7958739271358644,-0.12107604742050171,0.3953840136528015,3.1148319244384766,1.0851194193305853,9.0
1041,21416.125,STANDOFF_MOVE,1,-1.7706051759074406,-0.1255241021110207,0.3963766867274806,3.12392473761414,0.7878759819454915,-3.544062224028907,-0.12148039788007736,0.39533331990242004,3.1139450073242188,1.1644698038320258,9.0
1042,21416.218,STANDOFF_MOVE,1,-1.783956064573211,-0.12610865943619592,0.39562525740773624,3.119564091496138,0.7860045766931502,-3.575451847820549,-0.1221008449792862,0.3945656716823578,3.1099770069122314,1.1225141157280878,9.0
1043,21416.312,STANDOFF_MOVE,1,-1.8338742924113238,-0.12534261877104466,0.3955345751219868,3.122112373595099,0.7681986850866149,-3.915753112846291,-0.12111691385507584,0.39502087235450745,3.117454767227173,0.8674950870086794,9.0
1044,21416.421,STANDOFF_MOVE,1,-1.825159169367784,-0.12536673656371752,0.3955217413398254,3.1220769977913863,0.7676747745832,-3.713543498167465,-0.12121056765317917,0.39459264278411865,3.1139683723449707,1.0164206103486173,9.0
1045,21416.515,STANDOFF_MOVE,1,-1.8217631733637225,-0.12481785709671253,0.3953402163196343,3.12135252326489,0.7461621110371822,-3.7565812643040792,-0.12063319981098175,0.39445042610168457,3.114420175552368,0.9224897634144325,9.0
1046,21416.609,STANDOFF_MOVE,1,-1.7962741045950241,-0.12572882217119358,0.39536791203726984,3.1212624781353937,0.7526956159686956,-3.6947982840478852,-0.12177929282188416,0.39476680755615234,3.1163554191589355,0.8604085900706896,9.0
1047,21416.703,STANDOFF_MOVE,1,-1.8124160987506481,-0.1256983930373682,0.39585089390535244,3.1226533654324564,0.7573410873403099,-3.7825018465674995,-0.12152183800935745,0.3950585424900055,3.116007089614868,0.931216791940963,9.0
1048,21416.796,STANDOFF_MOVE,1,-1.7863908865153448,-0.12549662272901135,0.3956362921986208,3.1223530646079025,0.7784427993086914,-3.8915674521665022,-0.12121835350990295,0.39509716629981995,3.1174981594085693,0.8927985158593987,9.0
1049,21416.89,STANDOFF_MOVE,1,-1.8907767090767458,-0.1253932995071219,0.3959430657241527,3.1227305472502813,0.7815494623168812,-3.9740712867884587,-0.12090503424406052,0.39493873715400696,3.1140754222869873,1.0316208380251417,9.0
1050,21416.984,STANDOFF_MOVE,1,-1.666994614562058,-0.12610141504362904,0.3959259405592771,3.1226964140833777,0.7850196358995881,-3.7255376302227683,-0.12196505814790726,0.39541947841644287,3.1176505088806152,0.9290267343261611,9.0
1051,21417.062,STANDOFF_MOVE,1,-2.053803617983945,-0.12518791716753774,0.3948966730480158,3.1055665892567084,0.7418323781784213,-3.7409052699145233,-0.12105445563793182,0.39342087507247925,3.0940909385681152,1.1427682012196458,9.0
1052,21417.171,STANDOFF_MOVE,1,-2.2852248692114037,-0.12515800534832644,0.39748537203258394,3.1204800959412315,0.76310395065627,-3.7878229418055858,-0.12105079740285873,0.3956395983695984,3.1046016216278076,1.5216351929903011,9.0
1053,21417.265,STANDOFF_MOVE,1,-2.0969608452229993,-0.12447581581607861,0.3954774990191985,3.1113084477081223,0.743223823928909,-3.7945681149931247,-0.12024158984422684,0.3936959207057953,3.096707344055176,1.3542608255614432,9.0
1054,21417.359,STANDOFF_MOVE,1,-2.2261230714950653,-0.12038504611682285,0.3955309170128737,3.1081149139614865,0.6777585782572015,-4.049523863884449,-0.11586476862430573,0.3936580419540405,3.0954205989837646,1.0972070036459132,9.0
1055,21417.453,STANDOFF_MOVE,1,-2.2552125212022025,-0.12027132664608661,0.39568105887338767,3.1156141212560615,0.6939058994741859,-4.043404441097594,-0.11575858294963837,0.3935759961605072,3.099842071533203,1.3323971590805073,9.0
1056,21417.546,STANDOFF_MOVE,1,-2.206085991210692,-0.12044939034031374,0.3958031167096762,3.1155808176705073,0.6658936660870102,-4.160960511931656,-0.11571026593446732,0.39376625418663025,3.1015419960021973,1.1470986952489424,9.0
1057,21417.64,STANDOFF_MOVE,1,-2.1531218476851675,-0.11994745046663889,0.39484733654039933,3.111090553950978,0.6888205897737693,-4.056656953288074,-0.11528196185827255,0.39275428652763367,3.095574140548706,1.3006845268573646,9.0
1058,21417.75,STANDOFF_MOVE,1,-2.1230771373967237,-0.12274450768288928,0.3943833605704965,3.107492861274922,0.7012786659285136,-4.010287592246532,-0.11814051121473312,0.3923288583755493,3.092353105545044,1.287124848343783,9.0
1059,21417.843,STANDOFF_MOVE,1,-2.1639411628113643,-0.1250136942958897,0.39633605317023746,3.1174771869598246,0.738621518943934,-4.032719615517748,-0.12043080478906631,0.39434346556663513,3.1017539501190186,1.394221354271312,9.0
1060,21417.937,STANDOFF_MOVE,1,-2.112025243782253,-0.12446996148785651,0.39639142008648437,3.114670004972292,0.7288026844904794,-3.9226016996492605,-0.120005302131176,0.39434802532196045,3.098830461502075,1.4097259953105945,9.0
1061,21418.031,STANDOFF_MOVE,1,-2.2647703215800665,-0.12067541100745063,0.39876583453555786,3.117867253046775,0.6342297473437266,-3.862959368565528,-0.1162995919585228,0.3960956931114197,3.0995309352874756,1.512696445076926,9.0
1062,21418.125,STANDOFF_MOVE,1,-2.232300744869432,-0.1215185091423906,0.39509523551309556,3.101091654678961,0.6255295436942843,-3.971153012744299,-0.11704188585281372,0.3927909731864929,3.0859735012054443,1.2056903552892444,9.0
1063,21418.234,STANDOFF_MOVE,1,-1.7478783572695906,-0.12147808462582675,0.39054342124767094,3.086192105407199,0.7200104717448487,-3.7642983285374623,-0.11716312170028687,0.3896011412143707,3.081254005432129,0.773377850902987,9.0
1064,21418.343,STANDOFF_SETTLE,1,-1.8830763293977897,-0.12066028330692839,0.3904497939025879,3.0783879936824805,0.6669861064620818,-4.067575561595963,-0.11596547067165375,0.38938677310943604,3.074509620666504,0.6851205575628242,9.0
1065,21418.421,STANDOFF_SETTLE,1,-1.8566012356350872,-0.12028935008256218,0.3921198861155749,3.0596617798425525,0.5283776005524905,-3.8063266553291575,-0.116047702729702,0.39054593443870544,3.0536859035491943,0.6589066821966795,9.0
1066,21418.531,STANDOFF_SETTLE,1,-2.053919438125053,-0.11904962115069127,0.3928104586005707,3.0523698581038934,0.4830484981038081,-3.682888038940666,-0.11511325091123581,0.39103612303733826,3.046276092529297,0.7178029937937873,9.0
1067,21418.625,STANDOFF_SETTLE,1,-2.0839768943664825,-0.11896077004002707,0.38948444581422786,3.0482254323379454,0.3792464661216137,-3.6863027472094663,-0.11515569686889648,0.3874019980430603,3.040294885635376,0.7447270964753936,9.0
1068,21418.718,STANDOFF_SETTLE,1,-1.7137126251931363,-0.11348825868285134,0.38658931788941187,3.035869603607601,0.3360024352543697,-3.1202264991692306,-0.10988397151231766,0.38407042622566223,3.0247888565063477,0.9459735170647096,9.0
1069,21418.812,STANDOFF_SETTLE,1,-1.8546010217623818,-0.10857152946841712,0.3879695125553052,3.036303721087393,0.3924556146224613,-3.246212765013899,-0.1051216572523117,0.3859831392765045,3.028700351715088,0.7511648258329535,9.0
1070,21418.906,STANDOFF_SETTLE,1,-2.084027695608658,-0.10901490630760112,0.3886825070082799,3.0359389781234554,0.2895692892017734,-3.3482666269102284,-0.10571950674057007,0.38633596897125244,3.026313066482544,0.8475771863630747,9.0
1071,21419.0,STANDOFF_SETTLE,1,-2.0014704203823954,-0.12414949594187778,0.3892418803014964,3.0414895555133112,0.46531586065467023,-3.7317557767027747,-0.12008854001760483,0.3872413635253906,3.0333681106567383,0.7613888331462093,9.0
1072,21419.093,STANDOFF_SETTLE,1,-1.835752638245532,-0.12021600163931868,0.3886877663448372,3.038866453546665,0.3667971191042052,-3.30623535204659,-0.11634496599435806,0.3860064744949341,3.026712656021118,1.026103868202897,9.0
1073,21419.187,STANDOFF_SETTLE,1,-1.8028754103165692,-0.11842786247197785,0.38909850203007434,3.040163440230915,0.3757235597475057,-3.3336714255238125,-0.11453516781330109,0.3865775465965271,3.0293667316436768,0.9450625217692418,9.0
1074,21419.281,STANDOFF_SETTLE,1,-2.0343660185695076,-0.12179856929668434,0.38857381379319056,3.0374450873384773,0.447727049598644,-3.5689019149380967,-0.1178785115480423,0.38641464710235596,3.028688907623291,0.8385053268004136,9.0
1075,21419.39,STANDOFF_SETTLE,1,-2.2362889143983713,-0.11702033206311357,0.39018324362647483,3.0364678007814763,0.40382404672761035,-3.654850717442058,-0.11313439905643463,0.38758930563926697,3.024144411087036,1.009150440080009,9.0
1076,21419.468,STANDOFF_SETTLE,1,-2.0320064691451307,-0.1216548824316824,0.3896692727687767,3.036714856153717,0.3894281269249983,-3.7127860476075774,-0.1177436113357544,0.3877772092819214,3.0307259559631348,0.703196852893286,9.0
1077,21419.562,STANDOFF_SETTLE,1,-2.2175562401416875,-0.12139077900584605,0.389771390701294,3.0377860736787548,0.4522921474343074,-3.8593931619952597,-0.11732357740402222,0.3876175284385681,3.028702735900879,0.8158529043684932,9.0
1078,21419.656,STANDOFF_SETTLE,1,-2.380441930621892,-0.12008468658102757,0.3891712834898738,3.0409121857978554,0.41913814335089583,-4.071076954888746,-0.11593443900346756,0.38687703013420105,3.030282974243164,0.8474196258359492,9.0
1079,21419.75,STANDOFF_SETTLE,1,-2.183009242654872,-0.12064511659195763,0.3896027952549812,3.0394801489844356,0.42204623287507853,-3.9299493221313053,-0.11652932316064835,0.3874380886554718,3.030374050140381,0.7830831434180993,9.0
1080,21419.843,STANDOFF_SETTLE,1,-1.9518969108475743,-0.12146929065296933,0.38938373381207875,3.0365485515558674,0.4651169179646716,-3.7759912629321692,-0.1172226294875145,0.3871878981590271,3.0262439250946045,0.8605277065513623,9.0
1081,21419.984,STANDOFF_SETTLE,1,-1.9761089189135135,-0.12005670680260555,0.38957314915857144,3.040700653338374,0.42697792489922487,-3.621823518708791,-0.11591138690710068,0.38681134581565857,3.0260109901428223,1.137285245730615,9.0
1082,21420.078,STANDOFF_SETTLE,1,-2.055305870572275,-0.11986626452878633,0.3888765630590122,3.0417886680603785,0.38950836360452884,-3.7042980373878125,-0.11569004505872726,0.3861166834831238,3.0279595851898193,1.0721032338346415,9.0
1083,21420.156,STANDOFF_SETTLE,1,-2.0866898438961474,-0.12056041917322133,0.38854748783476384,3.0369001086183993,0.4494941605731349,-3.825046787204584,-0.11621133238077164,0.3858135938644409,3.022658586502075,1.1027424654150144,9.0
1084,21420.265,STANDOFF_SETTLE,1,-2.014699845820506,-0.12045878589695769,0.38879211625967103,3.0388775611554784,0.44865766102451915,-3.7760119435328283,-0.1160469576716423,0.3859562873840332,3.0237274169921875,1.1663765818819833,9.0
1085,21420.343,STANDOFF_SETTLE,1,-2.062151183253566,-0.12020808356740471,0.3889378570208054,3.0404125132418995,0.4378209645277578,-4.046288038136953,-0.11564759910106659,0.38655489683151245,3.0290329456329346,0.8853215571233687,9.0
1086,21420.453,STANDOFF_SETTLE,1,-1.8077198335900606,-0.1229002035820733,0.388652118566913,3.0359204030940217,0.5072631812577705,-3.500404254976908,-0.1187426969408989,0.38633230328559875,3.0241801738739014,0.9983582536667368,9.0
1087,21420.546,STANDOFF_SETTLE,1,-2.156213202117586,-0.12075102887879109,0.3887813498096613,3.034193430780643,0.508554620460234,-3.3991183159705987,-0.11703536659479141,0.38620662689208984,3.0205202102661133,1.1495948112619838,9.0
1088,21420.64,STANDOFF_SETTLE,1,-2.153318107404831,-0.12073909614334172,0.38867462032992406,3.0347583082124374,0.5251538217539848,-3.1117738451663133,-0.11742916703224182,0.3859573006629944,3.019120216369629,1.3433731225637229,9.0
1089,21420.734,STANDOFF_SETTLE,1,-2.166534566074178,-0.1204617347752993,0.3884547930439409,3.033768750154145,0.5518184525924623,-3.5185416330713526,-0.11652208119630814,0.38569629192352295,3.017716407775879,1.3526935457676452,9.0
1090,21420.828,STANDOFF_SETTLE,1,-2.1761980231757447,-0.12001091948652892,0.38879426194780004,3.0356519264548663,0.5319446302026043,-3.5320278333163477,-0.11612031608819962,0.3862006664276123,3.021317481994629,1.1815465527464826,9.0
1091,21420.921,STANDOFF_SETTLE,1,-2.114590365134559,-0.12003787304830751,0.3886993724909069,3.035447597228247,0.5393188786193512,-3.5174391276039314,-0.1161317229270935,0.38623011112213135,3.0218875408172607,1.1302919745446633,9.0
1092,21421.015,STANDOFF_SETTLE,1,-2.108076363387749,-0.12080252445249698,0.3889715073718385,3.0366443496631,0.5487883221364923,-3.5381064655078243,-0.11680994182825089,0.3864414393901825,3.022475004196167,1.1763217992128003,9.0
1093,21421.109,STANDOFF_SETTLE,1,-1.9893214140655913,-0.1209081178248796,0.388725176431544,3.0357991669465405,0.5426612599377277,-3.5083282303517658,-0.11684338003396988,0.3862101435661316,3.022064447402954,1.1449071194038738,9.0
1094,21421.203,STANDOFF_SETTLE,1,-1.9889216920502317,-0.12057334342173343,0.38889856766823544,3.0364666481611065,0.5496667230960705,-3.487089175201293,-0.11654634773731232,0.3864891827106476,3.0235676765441895,1.0971103789124441,9.0
1095,21421.312,STANDOFF_SETTLE,1,-1.9951975299333313,-0.12124969489281774,0.3890902612012669,3.03535931970672,0.5640190479358798,-3.4752955257247495,-0.11721071600914001,0.3866327106952667,3.0216903686523438,1.1584972653370351,9.0
1096,21421.406,STANDOFF_SETTLE,1,-1.9976677402180347,-0.12124856716327172,0.38898958062035605,3.033670542480702,0.5905245916522115,-3.4347388305428614,-0.11720304191112518,0.38643622398376465,3.0188581943511963,1.2764952586680645,9.0
1097,21421.5,STANDOFF_SETTLE,1,-2.0451425549609965,-0.12130050589873184,0.388744326375133,3.0330865459650735,0.5887033391311831,-3.481653107873186,-0.11727093905210495,0.38627171516418457,3.018780469894409,1.221291706381764,9.0
1098,21421.578,STANDOFF_SETTLE,1,-2.0547781152905,-0.12137859204318018,0.3885113357407809,3.0316686554115413,0.6039704805037658,-3.427416392410152,-0.11745403707027435,0.38604915142059326,3.0170583724975586,1.27154889123811,9.0
1099,21421.687,STANDOFF_SETTLE,1,-2.2836874313136852,-0.11892727375769667,0.3889079952446157,3.033822037350469,0.4971412619873594,-3.3482854315939794,-0.11536921560764313,0.3860199451446533,3.0173299312591553,1.3939034601970746,9.0
1100,21421.781,STANDOFF_SETTLE,1,-2.161816493206893,-0.11959054290764982,0.3892057117564687,3.0360381598120907,0.4592449444054197,-3.5732589588191574,-0.11578374356031418,0.38680219650268555,3.0244269371032715,0.9749874670498412,9.0
1101,21421.875,STANDOFF_SETTLE,1,-2.088004702565549,-0.11986103746220335,0.38985574113738003,3.0382322612437394,0.4600028740431447,-3.3432704464594734,-0.11619443446397781,0.3872433006763458,3.0249550342559814,1.103269156875387,9.0
1102,21421.984,STANDOFF_SETTLE,1,-1.9935566671005995,-0.12069208740524572,0.3883348786981089,3.0326883858157894,0.4547843594847245,-3.3368755748371863,-0.11691179126501083,0.38572925329208374,3.0196032524108887,1.0917815159947404,9.0
1103,21422.062,STANDOFF_SETTLE,1,-2.116790370564275,-0.12059438835128786,0.38897767206588907,3.034946732638859,0.47176622590732914,-3.4089579174148636,-0.11683389544487,0.3863735795021057,3.021575450897217,1.1122212433256378,9.0
1104,21422.156,STANDOFF_SETTLE,1,-2.158776933021854,-0.12079820120005973,0.38946494262407955,3.035580546338575,0.5229550333438001,-3.385696280099711,-0.11706087738275528,0.38679465651512146,3.0206589698791504,1.2421245486752115,9.0
1105,21422.265,STANDOFF_SETTLE,1,-2.0890278455878475,-0.12118238255620045,0.3886785867438256,3.0355526227671423,0.5224254449590148,-3.229548946507525,-0.11756254732608795,0.3859806954860687,3.020519733428955,1.2731748424053544,9.0
1106,21422.359,STANDOFF_SETTLE,1,-2.0530813001795676,-0.1215373019416011,0.3885565600822182,3.0355194082755688,0.5305948467535728,-3.2646194517813547,-0.11789774894714355,0.38607707619667053,3.0223257541656494,1.1351681378646765,9.0
1107,21422.453,STANDOFF_SETTLE,1,-2.1300979000799676,-0.12050992438869254,0.38931002671460135,3.0416940068020546,0.5048513350267839,-3.591215518462369,-0.11664925515651703,0.3872063457965851,3.0322089195251465,0.8763755797084904,9.0
1108,21422.562,STANDOFF_SETTLE,1,-2.1663681370894627,-0.12013390487913145,0.38884320913747833,3.04021591305042,0.4918891712741416,-3.5472674138412885,-0.11631974577903748,0.386575847864151,3.029654026031494,0.9413442565183043,9.0
1109,21422.64,STANDOFF_SETTLE,1,-2.1680208545923216,-0.12005010017767935,0.3888673516389754,3.03948359726456,0.46901412456685,-3.5585394111124686,-0.11623609066009521,0.38655373454093933,3.0289480686187744,0.9331954595673911,9.0
1110,21422.75,STANDOFF_SETTLE,1,-2.1545993216035666,-0.12000404872629081,0.3887150049093915,3.0394536101497414,0.4579148667581706,-3.499073307558996,-0.11630847305059433,0.3864733576774597,3.0297670364379883,0.8930284490556675,9.0
1111,21422.828,STANDOFF_SETTLE,1,-2.0480115131158025,-0.12031370290071308,0.38912959990361706,3.0315391214541245,0.5156662095281203,-3.263170521747915,-0.1167251318693161,0.3863825500011444,3.01570200920105,1.3267442220217236,9.0
1112,21422.921,STANDOFF_SETTLE,1,-1.978061424304235,-0.12106897232435787,0.38844958467857316,3.0337963533991203,0.5343210670500251,-3.247457953760452,-0.11746016889810562,0.3858609199523926,3.0186736583709717,1.262282803302674,9.0
1113,21423.031,STANDOFF_SETTLE,1,-1.9511575814962152,-0.12107059436929372,0.3889442261724801,3.0335443342841266,0.5757497379719617,-3.2566291244067944,-0.11743109673261642,0.38645467162132263,3.0186829566955566,1.2708154811280836,9.0
1114,21423.125,STANDOFF_SETTLE,1,-2.0863682504024657,-0.11970630989806347,0.39003091387410954,3.0405072224076943,0.4895793236736118,-3.3592361871420486,-0.11603368818759918,0.3872705101966858,3.0248172283172607,1.271393054581246,9.0
1115,21423.203,STANDOFF_SETTLE,1,-2.2350369653838307,-0.1197681130058778,0.38945808782091856,3.0331231387396316,0.5008210432832181,-3.4206875711985,-0.11612575501203537,0.38656723499298096,3.016249656677246,1.4109424798148589,9.0
1116,21423.312,STANDOFF_SETTLE,1,-2.1656496838067714,-0.12014700307056421,0.38938543364993955,3.034813899796253,0.536560435627811,-3.4132303706633182,-0.11644177883863449,0.3866134583950043,3.018251895904541,1.3998873711622024,9.0
1117,21423.406,STANDOFF_SETTLE,1,-2.213216089486882,-0.12010921176127742,0.38957904584610425,3.0342389632829128,0.522333694937982,-3.237605192790615,-0.11668925732374191,0.38661205768585205,3.0163700580596924,1.5521701031879447,9.0
1118,21423.5,STANDOFF_SETTLE,1,-2.220980237026211,-0.1203643093018738,0.38994473299276206,3.0350822801960153,0.5712434390728738,-3.2247064527539933,-0.11696512252092361,0.38710081577301025,3.017242670059204,1.5934207101369766,9.0
1119,21423.593,STANDOFF_SETTLE,1,-2.2675617073046253,-0.11956390140364088,0.38948036910497114,3.0362738433944365,0.4956252978487792,-3.274342829735081,-0.11613144725561142,0.3864830434322357,3.0185654163360596,1.5152949271764207,9.0
1120,21423.703,STANDOFF_SETTLE,1,-2.2633827606120196,-0.11947972050844333,0.3905124368934292,3.038305633659458,0.48664122003806837,-3.3184459734029965,-0.1160329133272171,0.3876620829105377,3.0218420028686523,1.369813544851772,9.0
1121,21423.796,STANDOFF_SETTLE,1,-2.228139440144331,-0.11902968543563437,0.3907426817789847,3.0405743238894734,0.48155618355256596,-3.353546291308711,-0.1154729425907135,0.38781335949897766,3.0236337184906006,1.40511755877004,9.0
1122,21423.89,STANDOFF_SETTLE,1,-2.2504703950056864,-0.11977990154911602,0.38986364715187927,3.0343039388789554,0.5241583089931068,-3.535474204204312,-0.11599790304899216,0.3871477544307709,3.018493890762329,1.305631155580365,9.0
1123,21423.984,STANDOFF_SETTLE,1,-1.978800107497493,-0.11961513978545255,0.3888934875462656,3.0294238958761155,0.53663223305218,-3.13129447648871,-0.11604727804660797,0.38624706864356995,3.014558792114258,1.273790559613979,9.0
1124,21424.078,STANDOFF_SETTLE,1,-2.130896467122405,-0.11984633001957,0.38891502089760277,3.0292637504244726,0.5446240439596741,-3.2742914522062923,-0.1163157969713211,0.38627901673316956,3.0144565105438232,1.2509315813641482,9.0
1125,21424.171,STANDOFF_SETTLE,1,-1.9004369541222321,-0.11995610766022458,0.38905972312562864,3.0293059418358483,0.5063649827254674,-3.3051763490654453,-0.11624068766832352,0.3868463635444641,3.0191569328308105,0.9277557936014542,9.0
1126,21424.281,STANDOFF_VERIFY,1,-2.0874957119733772,-0.12011430945837553,0.3891919640692743,3.029668028519821,0.5286497604861766,-3.3883249261028543,-0.11639565229415894,0.38673049211502075,3.0166940689086914,1.1050207989015026,9.0
1127,21424.375,STANDOFF_VERIFY,1,-2.075371204745525,-0.12028124121719316,0.3896209546138299,3.031211255912796,0.5441690165821457,-3.2556666317555183,-0.11670330911874771,0.38709619641304016,3.0173747539520264,1.1799899255196507,9.0
1128,21424.468,STANDOFF_VERIFY,1,-2.090548875671322,-0.12020788166498096,0.38958233348172094,3.031362693020417,0.5459583845908164,-3.295527069392912,-0.11656168103218079,0.3869682550430298,3.0168919563293457,1.2194609506060556,9.0
1129,21424.562,STANDOFF_VERIFY,1,-2.0254087334268016,-0.1201193131968424,0.389796129464387,3.0337985898739572,0.5212919313538156,-3.546939311680655,-0.11614035815000534,0.38755032420158386,3.023111581802368,0.9477131350284537,9.0
1130,21424.671,STANDOFF_VERIFY,1,-2.024832837502135,-0.12053956826324565,0.3896246714652374,3.032820473392432,0.565349101728139,-3.4577259460835132,-0.11667932569980621,0.3874894082546234,3.0220441818237305,0.9790673417814773,9.0
1131,21424.765,STANDOFF_VERIFY,1,-1.978118854457776,-0.11981499998573811,0.39003688881889,3.0394943162815347,0.5438717493787526,-3.4818592416292558,-0.11584752798080444,0.3877466022968292,3.027414083480835,1.0340345997688818,9.0
1132,21424.843,STANDOFF_VERIFY,1,-1.9458111014100075,-0.12072115443722936,0.3897265296539262,3.0341258835207965,0.5681582205840465,-3.4119078403296728,-0.11678924411535263,0.3875288963317871,3.0227255821228027,1.0200196211341714,9.0
1133,21424.953,STANDOFF_VERIFY,1,-2.065809700036254,-0.12072075763946313,0.3896565275957342,3.0339925099065703,0.575544985731492,-3.5678786842322663,-0.11671016365289688,0.38746562600135803,3.0224192142486572,1.0248094093850193,9.0
1134,21425.046,STANDOFF_VERIFY,1,-2.0888049099823442,-0.11964919801464617,0.3897913957596489,3.0383371516365147,0.5411218124734446,-3.6249929299382506,-0.11563460528850555,0.3875548839569092,3.026747226715088,0.9931361127633442,9.0
1135,21425.14,STANDOFF_VERIFY,1,-2.0605837244612104,-0.11972227087851298,0.388451066431978,3.0301415104985563,0.503033220173271,-3.460706237560082,-0.11580946296453476,0.3858216404914856,3.0156922340393066,1.182907832736886,9.0
1136,21425.234,STANDOFF_VERIFY,1,-1.910137961671071,-0.11986273581472674,0.388233897996241,3.0290089369544586,0.5012790102662497,-3.2983995109676947,-0.11604774743318558,0.38568493723869324,3.0154969692230225,1.1293658955157428,9.0
1137,21425.328,STANDOFF_VERIFY,1,-1.6758937269903371,-0.11994287294823504,0.3878256853338976,3.0273713489667595,0.4578658282644678,-3.3242850413427125,-0.1158299520611763,0.3853178918361664,3.0152134895324707,1.0289361312367453,9.0
1138,21425.421,STANDOFF_VERIFY,1,-1.7864229202427824,-0.12034876436207635,0.3880392802639057,3.030671457869721,0.497116561076161,-3.369293996886433,-0.11627577245235443,0.3855399489402771,3.017864465713501,1.0754439639338014,9.0
1139,21425.515,STANDOFF_VERIFY,1,-1.9971708886168253,-0.11933945851186864,0.38895561394560635,3.0383815862539563,0.5383815573433476,-3.78499220644709,-0.11494724452495575,0.3865315020084381,3.0248639583587646,1.0853135023796947,9.0
1140,21425.609,STANDOFF_VERIFY,1,-1.8725124843121794,-0.11998135612598539,0.38928596804847887,3.039035622482002,0.5655366181665689,-3.6912624961421616,-0.11561442911624908,0.3870258927345276,3.0265207290649414,1.0421408697063226,9.0
1141,21425.703,STANDOFF_VERIFY,1,-1.8925845102888934,-0.1196020935652997,0.3890432650673052,3.0385962193961897,0.5430160440726974,-3.695736390234936,-0.11519911885261536,0.386613130569458,3.0251052379608154,1.0943350066746502,9.0
1142,21425.812,STANDOFF_VERIFY,1,-1.599686113972961,-0.12015218354119814,0.3890920109957049,3.0389529152638888,0.5501304835277988,-3.4619093991570176,-0.11593277752399445,0.3872290849685669,3.030426025390625,0.8162214566039613,9.0
1143,21425.906,STANDOFF_VERIFY,1,-1.8002439811584061,-0.11931450542621802,0.38932947041458665,3.0361044576745253,0.5436983640386591,-3.700361871836775,-0.11477071046829224,0.3869037330150604,3.023085832595825,1.0703852766698385,9.0
1144,21426.015,STANDOFF_VERIFY,1,-1.7049102088643957,-0.11936541466690699,0.38923262692274146,3.0381677276663814,0.5027029589170263,-3.7600664573812517,-0.11461438983678818,0.38674771785736084,3.0255277156829834,1.0230228778285901,9.0
1145,21426.109,STANDOFF_VERIFY,1,-1.8057427084891562,-0.11969973805716491,0.3898325588294984,3.0392442931339545,0.5602889384927839,-3.7122084143499667,-0.11517105251550674,0.3875373303890228,3.02677845954895,1.0364701671882741,9.0
1146,21426.187,STANDOFF_VERIFY,1,-1.8683953849012416,-0.11907627229404803,0.38945807081425654,3.038274076794192,0.5321612526670237,-3.790554029461017,-0.11452710628509521,0.3871132731437683,3.025865077972412,1.0090783887330697,9.0
1147,21426.296,STANDOFF_VERIFY,1,-1.9654577220638103,-0.11840743439365145,0.38868373366163755,3.0221083885901683,0.48687426371010173,-3.227510716852362,-0.11464495956897736,0.3859393000602722,3.007493734359741,1.2231560226324403,9.0
1148,21426.375,STANDOFF_VERIFY,1,-1.9818791594757943,-0.12032452413071898,0.38941245447620054,3.0310448350289443,0.5202274483655298,-3.396544951507915,-0.11645647883415222,0.387021541595459,3.018866777420044,1.0531299878245803,9.0
1149,21426.484,STANDOFF_VERIFY,1,-1.9449528619482905,-0.12043241295225843,0.38903278604534736,3.033439444627132,0.5561799955805988,-3.4904464789475416,-0.11647406965494156,0.38702669739723206,3.0238566398620605,0.9029279227600501,9.0
1150,21426.578,STANDOFF_VERIFY,1,-1.906780694871118,-0.12060280154328293,0.38962322834312996,3.0360788183581384,0.5585734724016298,-3.4445200390308823,-0.11671855300664902,0.3877495527267456,3.0277047157287598,0.8418828163594355,9.0
1151,21426.671,STANDOFF_VERIFY,1,-1.9407088529984489,-0.12053548029513161,0.3890749277153055,3.035018960091161,0.5624457011033166,-3.4574739338878264,-0.11669415235519409,0.3872606158256531,3.027250289916992,0.8151682014901885,9.0
1152,21426.765,STANDOFF_VERIFY,1,-1.9713207613174297,-0.12087642271505619,0.3891937539046205,3.035062879339315,0.5792158416430101,-3.376611082322839,-0.11719967424869537,0.38741105794906616,3.027193069458008,0.8351630544667091,9.0
1153,21426.859,STANDOFF_VERIFY,1,-2.04482946597012,-0.12033364930278742,0.3889883975192464,3.034794046225363,0.5732502655810513,-3.5466135858488,-0.11635734140872955,0.3869296908378601,3.0245285034179688,0.9508891659564149,9.0
1154,21426.953,STANDOFF_VERIFY,1,-2.02222003963353,-0.1203841056157633,0.38904125132028244,3.0338903093598995,0.5810894563698779,-3.5278077970513677,-0.1164834201335907,0.38714706897735596,3.0247156620025635,0.8902249718685422,9.0
1155,21427.046,STANDOFF_VERIFY,1,-1.9874173554046368,-0.1197529655575225,0.38851726045249463,3.035478755045543,0.5194135063864854,-3.555707115657355,-0.11577186733484268,0.3864513635635376,3.0258092880249023,0.8815114802824028,9.0
1156,21427.14,STANDOFF_VERIFY,1,-1.960671275165012,-0.11921419697432954,0.38912537225402405,3.0387252279477823,0.5177705051192629,-3.5673462347824825,-0.11511445790529251,0.3869032859802246,3.027888059616089,0.9489450457826811,9.0
1157,21427.25,STANDOFF_VERIFY,1,-1.940620568922679,-0.11998804690171247,0.38888410517415234,3.035015957095574,0.5476057594741729,-3.5081622887397512,-0.11600910872220993,0.38684090971946716,3.0251505374908447,0.908120663349246,9.0
1158,21427.343,STANDOFF_VERIFY,1,-1.8460366856892683,-0.11981572875833824,0.38850277533970584,3.03481772560502,0.523999219890435,-3.528158206135448,-0.11574629694223404,0.386493057012558,3.025698184967041,0.8485125380717191,9.0
1159,21427.421,STANDOFF_VERIFY,1,-2.266777819876987,-0.11947209790574202,0.3894713471796271,3.0339128098912327,0.42564257379304693,-3.3696435362450377,-0.11594564467668533,0.38650020956993103,3.0175061225891113,1.3262444715697081,9.0
1160,21427.531,STAGING_PLAN,1,-2.3230926634694824,-0.12014547446520066,0.38979202736926905,3.036331267196712,0.478377722769576,-3.39832408733915,-0.11659391969442368,0.38682517409324646,3.0194599628448486,1.4061388501697496,9.0
1161,21427.625,STAGING_PLAN,1,-2.158923839534127,-0.12037473120723412,0.3887596213407634,3.034933897137261,0.5013987757330507,-3.4958803537323924,-0.11650902777910233,0.3859349191188812,3.018778085708618,1.3202356783660965,9.0
1162,21427.718,STAGING_PLAN,1,-2.050511009322116,-0.1207804837420642,0.38920145411414087,3.0346931914905757,0.5149055950294795,-3.454628253187813,-0.11685623228549957,0.3864707350730896,3.0190486907958984,1.2824191614880747,9.0
1163,21427.812,STAGING_PLAN,1,-2.0547102115944806,-0.12005598857909874,0.38884925538999765,3.0317931054704768,0.5038587664640233,-3.4178443277405153,-0.1162014976143837,0.38604676723480225,3.0155978202819824,1.3329818053677531,9.0
1164,21427.906,STAGING_PLAN,1,-1.9874207633140208,-0.11998256261443355,0.3886495974557711,3.0311147868203467,0.4819855457947054,-3.3013764770287954,-0.11621182411909103,0.3858378827571869,3.01520037651062,1.3060089094515603,9.0
1165,21428.046,STAGING_PLAN,1,-2.02747604128441,-0.11976931916033862,0.3885278148580227,3.031688957977506,0.45917045310790355,-3.464637517212748,-0.11573997139930725,0.385606050491333,3.0155189037323,1.303607625671,9.0
1166,21428.156,STAGING_PLAN,1,-1.916389192804884,-0.12011121983411457,0.3885199820163238,3.032791416225853,0.4336092164824867,-3.6179800267937487,-0.11589830368757248,0.38608458638191223,3.021522045135498,0.9445921788905286,9.0
1167,21428.234,STAGING_PLAN,1,-1.9776882980178274,-0.12017237973532173,0.38861623928184036,3.033007347707848,0.43175424246792266,-3.5902788382290147,-0.11611872911453247,0.38616225123405457,3.0209662914276123,0.9792262061564253,9.0
1168,21428.328,STAGING_PLAN,1,-1.9195010179429863,-0.12024752441361887,0.3885988690366764,3.033348943738158,0.42476575840215985,-3.606498085955109,-0.11604522168636322,0.3860316872596741,3.0207698345184326,1.0155588699168687,9.0
1169,21428.437,STAGING_PLAN,1,-1.9365731084436983,-0.12025706782766965,0.38866048678111376,3.0330207568088823,0.3996586073127185,-3.6025671833446573,-0.11617392301559448,0.38622885942459106,3.021843671798706,0.9241861182169069,9.0
1170,21428.515,STAGING_PLAN,1,-2.0571248879290525,-0.12006469394091994,0.38899854483257995,3.0329389705779954,0.42125285010622254,-3.6219661491169006,-0.11604804545640945,0.3864749073982239,3.0207862854003906,0.9897339693809533,9.0
1171,21428.625,STAGING_PLAN,1,-2.323669196376243,-0.11862303016163181,0.3899152591010939,3.0303717932018097,0.4356887852325322,-3.414255729312475,-0.11516708880662918,0.38680803775787354,3.0125155448913574,1.4681506392091739,9.0
1172,21428.703,STAGING_PLAN,1,-2.135958436961307,-0.11942999218356357,0.3906656245720323,3.034970641368215,0.40104549472982,-3.075194653393935,-0.11613953113555908,0.387185662984848,3.0146360397338867,1.750410176103641,9.0
1173,21428.796,STAGING_PLAN,1,-2.1579067283752162,-0.11958579123265742,0.3902201946066308,3.0325390673301844,0.4343973692946271,-3.099450784734194,-0.11628805845975876,0.3869624435901642,3.013868808746338,1.5975287996772196,9.0
1174,21428.906,STAGING_PLAN,1,-2.3388470476685193,-0.11913551638114779,0.3905554037365863,3.0335181493974646,0.46630428933048773,-3.133758070090723,-0.11597573012113571,0.38723573088645935,3.013709783554077,1.7438204635773216,9.0
1175,21429.062,STAGING_PLAN,1,-1.8974219525285771,-0.11937929561446772,0.39019617173013843,3.039555270849978,0.4827498571835759,-3.269001524061076,-0.11562372744083405,0.3875318467617035,3.02482271194458,1.1914814345640692,9.0
1176,21429.156,STAGING_PLAN,1,-2.0277182846513795,-0.11923441420056105,0.3902544100005552,3.038208141758361,0.5062251482267347,-3.4862446240108835,-0.11520975083112717,0.3873175084590912,3.0210013389587402,1.4253644642559444,9.0
1177,21429.25,STAGING_PLAN,1,-1.847393259069113,-0.11973106069552507,0.3893286062831841,3.036387198406303,0.5720323444408938,-3.1272682644114584,-0.11599278450012207,0.38653993606567383,3.019404172897339,1.5022050498817192,9.0
1178,21429.359,STAGING_PLAN,1,-1.6872954628741197,-0.12007171498250521,0.3893031234243615,3.037829395561274,0.5809288007077543,-3.0466510671732254,-0.11629411578178406,0.38677623867988586,3.022989273071289,1.3008498344653923,9.0
1179,21429.468,STAGING_PLAN,1,-1.7972654933549834,-0.11969059630223304,0.38971356695147835,3.036902770790132,0.5906754235833188,-3.257822384365515,-0.11568376421928406,0.3869574964046478,3.019951343536377,1.5014011488725734,9.0
1180,21429.562,STAGING_PLAN,1,-1.7577311070857793,-0.11987378211177209,0.3896904330930797,3.037163609497847,0.578407121834229,-3.201632748994755,-0.11589044332504272,0.3869600296020508,3.0207059383392334,1.4487604264286909,9.0
1181,21429.671,STAGING_PLAN,1,-1.8896076917185234,-0.11953545468084475,0.38945489272252487,3.0370780923384997,0.5777248164585553,-3.2735704570411963,-0.11564861238002777,0.3868073523044586,3.0210442543029785,1.3941788194255627,9.0
1182,21429.765,WAYPOINT_DRIVE,1,-1.8790587056391674,-0.11963755089870598,0.38948357950106066,3.0369951873935053,0.5484496481074348,-3.246682765100299,-0.11576961725950241,0.3867076337337494,3.0204012393951416,1.4290386261934744,9.0
1183,21429.875,WAYPOINT_DRIVE,1,-2.0703301252438004,-0.12031733416887311,0.3887092584474333,3.0281393579301548,0.5650774569419741,-3.3686793632015246,-0.11659357696771622,0.386526495218277,3.0168001651763916,1.0374654772590244,9.0
1184,21429.968,WAYPOINT_DRIVE,1,-2.055496051127107,-0.12102207672877509,0.3900160843143395,3.0364454748290606,0.49822924898273974,-3.254763871268026,-0.11743656545877457,0.3875347077846527,3.0235607624053955,1.1027977472406716,9.0
1185,21430.078,WAYPOINT_DRIVE,1,-1.9970325655797787,-0.1208713775252697,0.39001630242928065,3.038723257202516,0.4583937219982396,-3.639878522366975,-0.11672477424144745,0.38777822256088257,3.028904676437378,0.8828226221766751,9.0
1186,21430.171,WAYPOINT_DRIVE,1,-2.0217698155265365,-0.12078166466430132,0.39054831483919045,3.0378663183596304,0.49027736556717333,-3.466322148724135,-0.11685246974229813,0.38810133934020996,3.0255513191223145,1.0449062584973232,9.0
1187,21430.281,WAYPOINT_DRIVE,1,-2.0764559664549784,-0.12096105315687472,0.3903309649834239,3.037933353745611,0.5066164746766819,-3.4482455957404388,-0.11701536923646927,0.38777709007263184,3.024583339691162,1.1285255918537984,9.0
1188,21430.359,WAYPOINT_DRIVE,1,-1.8636006191770023,-0.12057110767849744,0.38960995978026225,3.0435745745443645,0.4654126357626104,-3.383077736777596,-0.11651166528463364,0.3871324360370636,3.0313360691070557,1.0397736998202483,9.0
1189,21430.468,WAYPOINT_DRIVE,1,-2.156959295102917,-0.12014452986707609,0.38974219674700705,3.0441114868906616,0.4823343421069546,-3.7686079222707325,-0.11597509682178497,0.3874635100364685,3.0332095623016357,0.9291524951439359,9.0
1190,21430.562,WAYPOINT_DRIVE,1,-2.0973761866073013,-0.11990543693594449,0.3897346572391588,3.0430937627898484,0.4506073851670299,-3.6956638986644266,-0.11578100919723511,0.38740065693855286,3.0323381423950195,0.9221861503395988,9.0
1191,21430.656,WAYPOINT_DRIVE,1,-1.8182707890417982,-0.12016926274498357,0.38973360755122355,3.042934630400599,0.4529700664342346,-3.618611701634409,-0.1158352643251419,0.38760948181152344,3.0342278480529785,0.8282218250892263,9.0
1192,21430.75,WAYPOINT_DRIVE,1,-1.757993435112884,-0.12018198335348723,0.38990727053544216,3.043815895022292,0.4320698084043733,-3.5858240194345394,-0.11587045341730118,0.387839674949646,3.035824775695801,0.7926474452245406,9.0
1193,21430.843,WAYPOINT_DRIVE,1,-1.724936402944604,-0.1204247621156629,0.3898581000625381,3.0436673001360726,0.4365823018214637,-3.647603617828223,-0.11608390510082245,0.3880093991756439,3.037625312805176,0.7134499464209461,9.0
1194,21430.937,WAYPOINT_DRIVE,1,-1.8628977800537578,-0.12012610520465136,0.38983586661570235,3.0438448769162654,0.4684945815726589,-3.6596111689966797,-0.11587999016046524,0.3879120945930481,3.036362886428833,0.7617609061504792,9.0
1195,21431.046,WAYPOINT_DRIVE,1,-2.2121130031766287,-0.11894203779082158,0.38974418573403447,3.0301517429045193,0.5107357764817697,-3.5623750921795256,-0.1150861456990242,0.38718077540397644,3.0160906314849854,1.1559857622624947,9.0
1196,21431.14,WAYPOINT_DRIVE,1,-2.1861290070969024,-0.11910167998618576,0.389681266871227,3.0319031719977256,0.5285109242454619,-3.5677912812618584,-0.11514940112829208,0.38692712783813477,3.0154848098754883,1.3670104889383952,9.0
1197,21431.25,WAYPOINT_DRIVE,1,-2.180948593559702,-0.11916218803892764,0.38980870234608633,3.034424299762854,0.5273478226315783,-3.6639469188284526,-0.11522896587848663,0.38750147819519043,3.021833658218384,1.0433539903107576,9.0
1198,21431.343,WAYPOINT_DRIVE,1,-2.261269504733172,-0.1192944736327186,0.39041541758646914,3.0359687005318814,0.5595919217874099,-3.7568824296770655,-0.11523538082838058,0.387937068939209,3.0212242603302,1.194713444890995,9.0
1199,21431.437,WAYPOINT_DRIVE,1,-2.2193159300239995,-0.1189498019338343,0.38991704150405243,3.032150206615617,0.5427367006772759,-3.7446761919411506,-0.11481586843729019,0.3873317539691925,3.0166778564453125,1.25500462712661,9.0
1200,21431.515,WAYPOINT_DRIVE,1,-2.1020964906464514,-0.1193480290810437,0.38974890519183436,3.0337477287759165,0.5257044627262588,-3.4684010183099647,-0.11555684357881546,0.3872772753238678,3.0196328163146973,1.1584756911983112,9.0
1201,21431.625,WAYPOINT_DRIVE,1,-2.1274077002297687,-0.11903930330367149,0.38972870640194923,3.0323857727232006,0.5222184224205765,-3.6115605036454808,-0.11518283933401108,0.3874977231025696,3.020357131958008,1.003016722841506,9.0
1202,21431.718,WAYPOINT_DRIVE,1,-2.1262641044375457,-0.11888685058618124,0.3892781491578531,3.0297696528134597,0.5216638330726457,-3.6514625722087244,-0.11482473462820053,0.3867739140987396,3.0157101154327393,1.1399383880156442,9.0
1203,21431.828,WAYPOINT_DRIVE,1,-1.974047199669222,-0.11908264257021625,0.38967554940327165,3.0312650256203324,0.5058105706309393,-3.4859243176493497,-0.1152755543589592,0.3875978887081146,3.020966053009033,0.8994481298493195,9.0
1204,21431.906,WAYPOINT_DRIVE,1,-1.9559466239926973,-0.11955424186167722,0.38980903208290396,3.031956447248833,0.5377350379586774,-3.340816716311385,-0.11580570787191391,0.38746944069862366,3.0188167095184326,1.1091951099207125,9.0
1205,21432.015,WAYPOINT_DRIVE,1,-1.8896141722888864,-0.1197338639525396,0.38987751083511113,3.0334194569922164,0.49512250958665477,-3.253544304953749,-0.11606014519929886,0.38755789399147034,3.0212433338165283,1.0359886875137891,9.0
1206,21432.125,WAYPOINT_DRIVE,1,-2.0119316410459107,-0.11955079801268802,0.39081616307975475,3.0330339437929674,0.6416409135299604,-3.2643830494686137,-0.11581914126873016,0.38831666111946106,3.016509532928467,1.5183738159970985,9.0
1207,21432.203,WAYPOINT_DRIVE,1,-1.817664406079849,-0.11943139419234776,0.387530032552122,3.0149964470085275,0.6591605479187338,-3.3491684165762843,-0.11550968885421753,0.38563692569732666,3.0039401054382324,1.0643963527356786,9.0
1208,21432.312,WAYPOINT_DRIVE,1,-1.7144290978056806,-0.12041121775049214,0.3881675400448263,3.0047629073365467,0.545799348758034,-3.6051678882535287,-0.11622348427772522,0.3864826261997223,2.9981040954589844,0.7175352322645362,9.0
1209,21432.406,WAYPOINT_DRIVE,1,-1.7364750327636014,-0.1214557923669683,0.38883251768568416,3.003669038541928,0.562727010257153,-3.6406992154068383,-0.11732190102338791,0.38747814297676086,2.9992690086364746,0.6278308180520054,9.0
1210,21432.515,WAYPOINT_DRIVE,1,-2.130921186033664,-0.12209638291094747,0.39373571234321336,3.0132262996757135,0.3293063808137199,-3.7546927339407223,-0.11819132417440414,0.3914184868335724,3.0044751167297363,0.8163750996905755,9.0
1211,21432.609,WAYPOINT_DRIVE,1,-2.3511499661630206,-0.1215118970746084,0.39432119983862596,3.0007024063479366,0.4146147303488177,-3.845565783578724,-0.11774521321058273,0.39214763045310974,2.991600275039673,0.807124825279157,9.0
1212,21432.703,WAYPOINT_DRIVE,1,-2.039236365433048,-0.12028832244299013,0.3918629231508979,2.9836780152157165,0.46628679011169416,-3.5767737762380745,-0.11643429845571518,0.3896327614784241,2.9734578132629395,0.8972311164934942,9.0
1213,21432.812,WAYPOINT_DRIVE,1,-1.7002650381663729,-0.12135484457393254,0.38743610061818795,2.960525374630352,0.486011584132951,-3.307080416451231,-0.11766402423381805,0.3857993185520172,2.9557082653045654,0.6695750324448093,9.0
1214,21432.921,WAYPOINT_DRIVE,1,-1.9273727488067878,-0.12115839572193811,0.3969162906711356,2.93243946297384,0.55226489225719,-3.4384945790592845,-0.11733781546354294,0.3951641917228699,2.925966501235962,0.7806186714092106,9.0
1215,21433.062,WAYPOINT_DRIVE,1,-1.839322588320179,-0.12114877891365272,0.3926111860285877,2.9185812459254383,0.5450022199263219,-3.4156739959514733,-0.11723010241985321,0.39085739850997925,2.9131569862365723,0.7583712945640702,9.0
1216,21433.14,WAYPOINT_DRIVE,1,-1.8681065683773035,-0.1192533525946432,0.38627984058697185,2.8941414091414623,0.6065123404603399,-3.0185494810306617,-0.11604245752096176,0.3843751847743988,2.885059118270874,0.9649049206718054,9.0
1217,21433.25,WAYPOINT_DRIVE,1,-1.2960062041264382,-0.12162932677986411,0.39328627149465645,2.8660523326582967,0.590967923921611,-3.110755355982665,-0.1172921285033226,0.39124876260757446,2.858949899673462,0.8943628772191201,9.0
1218,21433.328,WAYPOINT_DRIVE,1,-1.5209717505427753,-0.12178110306779583,0.392582734087202,2.859066976951131,0.43020554235950614,-3.5429383541232844,-0.11727622151374817,0.39080318808555603,2.8561110496520996,0.7729983552812358,9.0
1219,21433.437,WAYPOINT_DRIVE,1,-2.915928720895222,-0.1169150928043464,0.3904053865496882,2.8414268848406126,0.5997607716583205,-3.3791415005582124,-0.11437621712684631,0.38758182525634766,2.8245437145233154,1.826194530442101,9.0
1220,21433.531,WAYPOINT_DRIVE,1,-2.7642057826535087,-0.11587605002966878,0.3970490375820787,2.820384004104343,0.26241180340034637,-3.644365938644377,-0.11309762299060822,0.3941611647605896,2.807461738586426,1.1757549953845872,9.0
1221,21433.609,WAYPOINT_DRIVE,1,-2.456625673645848,-0.12006278550879919,0.39184569092201815,2.797695882690013,0.25579647193359467,-3.4115058916208025,-0.11691596359014511,0.3886149823665619,2.783010721206665,1.4218895050742462,9.0
1222,21433.718,WAYPOINT_DRIVE,1,-2.491399942072511,-0.1186970768231083,0.3878407669985898,2.7823992616752293,0.18114198617240956,-3.3734806997371365,-0.1156655102968216,0.38454440236091614,2.7677910327911377,1.435891472080658,9.0
1223,21433.812,WAYPOINT_DRIVE,1,-2.7406819395021667,-0.1161251870425638,0.39519613860675984,2.752490160897262,0.217852158885111,-3.140521219647977,-0.11408858001232147,0.3916778564453125,2.734771728515625,1.8868087944813237,9.0
1224,21433.906,WAYPOINT_DRIVE,1,-2.847501272371006,-0.11800920629523667,0.3925604533269976,2.726095595694189,0.23608098481313183,-3.4196160351181826,-0.11580723524093628,0.3896035850048065,2.7126662731170654,1.3271249490507344,9.0
1225,21434.015,WAYPOINT_DRIVE,1,-2.9762145395263104,-0.11743289518242514,0.38966657032566826,2.7140813487996613,0.38414971208640547,-3.1390984764644823,-0.11565940082073212,0.3865014910697937,2.6983001232147217,1.7877032262104895,9.0
1226,21434.109,WAYPOINT_DRIVE,1,-4.413130853542555,-0.11164809664940387,0.39835764244967076,2.676345956783129,0.30118153954834437,-3.3962243061691084,-0.1124614030122757,0.3952666223049164,2.6641411781311035,1.4758535660503584,9.0
1227,21434.203,WAYPOINT_DRIVE,1,-2.9579839244993584,-0.11643597566612063,0.39535983875083675,2.6405615796823274,0.27787497944670986,-3.203830660245272,-0.11487293988466263,0.3927403688430786,2.630211591720581,1.1620813958180078,9.0
1228,21434.312,WAYPOINT_DRIVE,1,-2.4375764373129507,-0.11709690810707508,0.3986469940270496,2.6068039931133624,0.6085741085185226,-3.017139219694943,-0.11517059057950974,0.396884560585022,2.600088596343994,0.886313526305267,9.0
1229,21434.406,WAYPOINT_DRIVE,1,-2.3801729078359486,-0.11918970113529737,0.39778971553021136,2.590052150283401,0.577113301819531,-3.154085466874484,-0.11695486307144165,0.396053284406662,2.583911895751953,0.835332454319459,9.0
1230,21434.515,WAYPOINT_DRIVE,1,-1.82375712160874,-0.11907055417430061,0.40180047576690014,2.5511393514313836,0.6675271514489041,-2.740374883659391,-0.11670679599046707,0.40004104375839233,2.544752359390259,0.9614202296522181,9.0
1231,21434.609,WAYPOINT_DRIVE,1,-2.399792975571823,-0.12162526977968519,0.39897943045587075,2.5157859518811776,0.7751915725779701,-2.8403001616527446,-0.11986296623945236,0.3970765471458435,2.506455659866333,1.3657883913043085,9.0
1232,21434.718,WAYPOINT_DRIVE,1,-1.9216863497743883,-0.12027823654739785,0.40606009288031525,2.495674539899472,0.6171584983184335,-3.2338669262768676,-0.11723438650369644,0.4050714671611786,2.49507737159729,0.6492233862635173,9.0
1233,21434.812,WAYPOINT_DRIVE,1,-2.0660924469053414,-0.11906076083241048,0.4052763801720645,2.4770774643872877,0.7073655819773438,-2.597488222482035,-0.11701803654432297,0.4031740128993988,2.4674243927001953,1.4526516351290508,9.0
1234,21434.921,WAYPOINT_DRIVE,1,-1.4731198550020999,-0.11873663279652152,0.40566368406035186,2.419804853391418,0.7441298695982773,-2.810257761394218,-0.11526735126972198,0.4037412405014038,2.412540912628174,1.2673623012001036,9.0
1235,21435.031,WAYPOINT_DRIVE_SETTLE,1,-1.6560972519721198,-0.11909058022747665,0.40257817776229293,2.4070785464125133,0.8331198131590226,-2.8575705519670214,-0.11562707275152206,0.40022245049476624,2.396707773208618,1.9242887635820392,9.0
1236,21435.125,WAYPOINT_DRIVE_SETTLE,1,-2.6352851721481905,-0.11418033470204761,0.40620553500706397,2.3491515467721604,0.5348179755778251,-2.033510290941516,-0.11484599113464355,0.4040275812149048,2.3414108753204346,2.1374890372428395,8.0
1237,21435.218,WAYPOINT_DRIVE_SETTLE,1,-2.558851333805427,-0.11252169359463413,0.4041501943173452,2.323784070406471,0.5570695794206131,-2.1414919215042936,-0.11298413574695587,0.4020572602748871,2.316127061843872,2.2186722756363038,8.0
1238,21435.328,WAYPOINT_DRIVE_SETTLE,1,-1.241701179601073,-0.10894126063783753,0.40858380581786474,2.311095526037942,0.780785739019736,-2.552162906168331,-0.10542458295822144,0.4062094986438751,2.3009884357452393,2.0461712926528555,9.0
1239,21435.421,WAYPOINT_DRIVE_SETTLE,1,-1.315525695496983,-0.10733232177220246,0.4045167125953482,2.2996119317342987,0.6335328434557812,-2.5344131193966564,-0.10404365509748459,0.40198323130607605,2.289543628692627,1.9025301499490939,9.0
1240,21435.515,WAYPOINT_DRIVE_SETTLE,1,-1.2666293284694345,-0.10844934305688587,0.40258327136127914,2.28506497484101,0.6036944385153256,-2.235476923913719,-0.10572175681591034,0.3998664617538452,2.2741003036499023,2.4287859018071765,9.0
1241,21435.609,WAYPOINT_DRIVE_SETTLE,1,-2.2304841055978515,-0.10775328322886316,0.40182054155032143,2.284519765672912,0.5413998196547286,-2.3411723457614513,-0.10651230812072754,0.39909523725509644,2.2732937335968018,2.5539659323283352,9.0
1242,21435.703,WAYPOINT_DRIVE_SETTLE,1,-2.5637559783558963,-0.11951591804686103,0.405723091724787,2.294979827501907,0.4229418119826653,-2.7923146180717207,-0.1174372136592865,0.40351706743240356,2.2842392921447754,2.0052289621348507,9.0
1243,21435.812,WAYPOINT_DRIVE_SETTLE,1,-2.4606326536466,-0.11637456752374394,0.4018281500570868,2.2885687472262384,0.4833185650824764,-3.5936542399063507,-0.11303087323904037,0.3996136486530304,2.281405210494995,1.1150050034608938,9.0
1244,21435.906,WAYPOINT_DRIVE_SETTLE,1,-2.6935228707724024,-0.11300216019299078,0.40647895560786773,2.2945709904647735,0.504162342318254,-3.502742416624311,-0.10994481295347214,0.4050862789154053,2.288534641265869,1.0580382409889388,9.0
1245,21436.0,WAYPOINT_DRIVE_SETTLE,1,-2.3137655279756664,-0.11538267081741395,0.40237899789372644,2.285299983703384,0.5085854187884501,-3.4587876558428383,-0.11218663305044174,0.40083661675453186,2.2825794219970703,0.7834334014967087,9.0
1246,21436.109,WAYPOINT_DRIVE_SETTLE,1,-2.4322524883304135,-0.11495259319452995,0.4019601501171717,2.2843564690335896,0.47804613186533007,-3.583661268727421,-0.11156504601240158,0.3999655842781067,2.2789273262023926,0.9507079126693243,9.0
1247,21436.218,WAYPOINT_DRIVE_SETTLE,1,-2.3604933815473945,-0.11449875597377893,0.402203633766541,2.284060645069164,0.5063320046714146,-3.612713936788161,-0.11084037274122238,0.4000644385814667,2.2775187492370605,1.0639845621091546,9.0
1248,21436.328,WAYPOINT_DRIVE_SETTLE,1,-2.3816966615139368,-0.11544655058414087,0.4022021349480587,2.286367364623407,0.45742408236756,-3.4878156444634274,-0.11204380542039871,0.3998676836490631,2.2787556648254395,1.1997247588894968,9.0
1249,21436.421,WAYPOINT_DRIVE_SETTLE,1,-2.3305293063389163,-0.1150794198175661,0.40148129354915807,2.28276618825598,0.48567054617574623,-3.495695544332152,-0.11171863228082657,0.3995552957057953,2.2775819301605225,0.9214737817460912,9.0
1250,21436.515,WAYPOINT_DRIVE_SETTLE,1,-2.4281151859770755,-0.11636622679601549,0.40216446953912577,2.283594670373881,0.5245309334817286,-3.550124740040079,-0.11308108270168304,0.40026891231536865,2.2782599925994873,0.9298713173068606,9.0
1251,21436.609,WAYPOINT_DRIVE_SETTLE,1,-2.3981208813847577,-0.1161540742358174,0.401457872858751,2.2804325641013565,0.4476411489468398,-3.5399229805119554,-0.11285959184169769,0.39952173829078674,2.2754132747650146,0.908783278729988,9.0
1252,21436.703,WAYPOINT_DRIVE_SETTLE,1,-2.545076214695535,-0.11428539852103675,0.4016481942583054,2.281296488268854,0.4300930824014831,-3.5240552579245725,-0.11109001934528351,0.39918702840805054,2.273059844970703,1.3059314336718204,9.0
1253,21436.812,WAYPOINT_DRIVE_SETTLE,1,-2.5208907937450973,-0.11466075380929192,0.4005762160984795,2.277361112989033,0.44068979430659255,-3.7195982332187434,-0.11115573346614838,0.3984357416629791,2.2711398601531982,1.011911551832444,9.0
1254,21436.89,WAYPOINT_DRIVE_SETTLE,1,-2.5365921229202764,-0.11476186095959484,0.40036951030656376,2.2777181150299595,0.45051391487612547,-3.724767331921164,-0.11127614974975586,0.3982556462287903,2.271639585494995,0.9993799961283372,9.0
1255,21437.0,WAYPOINT_DRIVE_SETTLE,1,-2.6322680241387233,-0.1146520912752054,0.40247499250734486,2.28744982032939,0.7490374458182496,-3.7819909155763347,-0.1112988218665123,0.40105190873146057,2.2831990718841553,0.8546393173881014,9.0
1256,21437.125,WAYPOINT_DRIVE_SETTLE,1,-2.5459286191462653,-0.11601153831623111,0.4033601681558775,2.290527243024747,0.7371089880127683,-3.5529231252396,-0.11299744248390198,0.4019187390804291,2.286283493041992,0.8640786214971806,9.0
1257,21437.203,WAYPOINT_DRIVE_SETTLE,1,-2.6549076645218372,-0.11495309304231947,0.40252513020124464,2.2878782546797507,0.7550161042016873,-3.890839354089233,-0.11141161620616913,0.40100058913230896,2.282989025115967,0.9044294154595037,9.0
1258,21437.312,WAYPOINT_DRIVE_SETTLE,1,-2.5780549309512897,-0.11573253866107706,0.402421164254446,2.287393629939485,0.7899442305256917,-3.760572414589967,-0.11233987659215927,0.4010505974292755,2.2831647396087646,0.8719764828600736,9.0
1259,21437.406,WAYPOINT_DRIVE_SETTLE,1,-2.6740953917127466,-0.11508102207247325,0.4027403267969335,2.288363983445241,0.7379595405089827,-3.9742409149338176,-0.11133573949337006,0.40108394622802734,2.282886266708374,0.9556901551593078,9.0
1260,21437.468,WAYPOINT_DRIVE_SETTLE,1,-2.60962558812026,-0.11567441071850112,0.40228750915228484,2.2861163607098587,0.7459705872454729,-3.94607713010532,-0.11204560846090317,0.4010361135005951,2.28317928314209,0.7497256365058484,9.0
1261,21437.578,WAYPOINT_DRIVE_SETTLE,1,-2.662309346230855,-0.11543863896892971,0.4022253822552396,2.285748177029131,0.6621420733337265,-3.8166947972486858,-0.11203014850616455,0.4006113111972809,2.2811386585235596,0.8634160511992305,9.0
1262,21437.671,WAYPOINT_DRIVE_SETTLE,1,-2.6485112726505564,-0.11541891795995686,0.40199139372413467,2.285907435430264,0.6264694298440121,-3.888343863425937,-0.11186940222978592,0.40039920806884766,2.281909704208374,0.8155287664102636,9.0
1263,21437.765,WAYPOINT_DRIVE_SETTLE,1,-2.59457020242517,-0.11544503227191624,0.40170349629358987,2.2858970710059,0.6669796599975699,-3.8020280049179003,-0.11193764954805374,0.40002140402793884,2.2809367179870605,0.9000326344916009,9.0
1264,21437.859,WAYPOINT_DRIVE_SETTLE,1,-2.502542050050129,-0.1155995226081908,0.40119812796339094,2.2847571383810514,0.6632882527962146,-3.7036176452904774,-0.1122935339808464,0.3998990058898926,2.2823963165283203,0.741912981264499,9.0
1265,21437.953,WAYPOINT_DRIVE_SETTLE,1,-2.514252782505749,-0.11569159846698225,0.40190726154230344,2.2866154494927233,0.6554791096552345,-3.734448726824087,-0.11229437589645386,0.4004918932914734,2.2835023403167725,0.7666533649049835,9.0
1266,21438.046,WAYPOINT_DRIVE_SETTLE,1,-2.4981028591070578,-0.11530702753238507,0.40180130892564947,2.286208344804577,0.6543844532736315,-3.8985509950753534,-0.11156345158815384,0.4004143178462982,2.283348798751831,0.746019237595535,9.0
1267,21438.14,WAYPOINT_DRIVE_SETTLE,1,-2.5146209893939986,-0.11403195435509166,0.4007505986650347,2.2829773673042473,0.5670483669272619,-3.5237033198443237,-0.11069318652153015,0.3985418677330017,2.2757723331451416,1.1902945422349118,9.0
1268,21438.234,WAYPOINT_DRIVE_SETTLE,1,-2.490129062758342,-0.11424332982547342,0.40100157603826075,2.2820262643597617,0.5608472871225086,-3.534556213273079,-0.11083998531103134,0.3987659215927124,2.274608612060547,1.2230538608888044,9.0
1269,21438.343,WAYPOINT_DRIVE_SETTLE,1,-2.3866928521158126,-0.11477653583565811,0.4004581735591662,2.2821202873620345,0.5380270695476814,-3.643666666205737,-0.11103194206953049,0.39839789271354675,2.276149272918701,1.0255381557333079,9.0
1270,21438.437,WAYPOINT_DRIVE_SETTLE,1,-2.536497484371961,-0.11428227016644324,0.3999544207007577,2.2800389134163797,0.5083058104527672,-3.7499605552846584,-0.110685795545578,0.39789775013923645,2.274064540863037,0.9950497413576652,9.0
1271,21438.531,WAYPOINT_DRIVE_SETTLE,1,-2.309749032968365,-0.11553128359442077,0.39981016807058073,2.2785938219428505,0.5230370152986581,-3.5628596908148693,-0.11192551255226135,0.39799168705940247,2.274343967437744,0.8816497905352577,9.0
1272,21438.64,WAYPOINT_DRIVE_SETTLE,1,-2.5238835675559135,-0.11577467281950371,0.40282820596387214,2.2843746893831045,0.5007367203081017,-3.6424169644666016,-0.1121993213891983,0.4017086625099182,2.2807750701904297,0.8704605384421756,9.0
1273,21438.734,WAYPOINT_DRIVE_SETTLE,1,-2.317884181175737,-0.1155196271985977,0.40077155152438415,2.2811898171778946,0.5173333587957147,-3.619693777236063,-0.11180571466684341,0.3988463580608368,2.2761905193328857,0.9242655250700634,9.0
1274,21438.828,WAYPOINT_DRIVE_SETTLE,1,-2.280867218659618,-0.11575689781503504,0.4006625024159978,2.281353867203846,0.49839089894016536,-3.6647550326284293,-0.11195722222328186,0.3988814651966095,2.277409553527832,0.8449958813625279,9.0
1275,21438.921,WAYPOINT_DRIVE_SETTLE,1,-2.345832497256929,-0.11539992011387751,0.4010023384122957,2.2815807353006323,0.5205627887843559,-3.654735399997415,-0.11170889437198639,0.3991529941558838,2.2769248485565186,0.8878116882017516,9.0
1276,21439.031,WAYPOINT_DRIVE_SETTLE,1,-2.398327681196277,-0.11539919244281231,0.40089018410350963,2.2805841471573207,0.5508014312688664,-3.607669757405535,-0.1119622141122818,0.3991626501083374,2.2763805389404297,0.8441217308585881,9.0
1277,21439.156,WAYPOINT_DRIVE_SETTLE,1,-2.4476158523511686,-0.1146802110104533,0.40081977054827383,2.281455571925083,0.5482412263701688,-3.6219524928003066,-0.11125780642032623,0.39898747205734253,2.2765555381774902,0.8971028501950544,9.0
1278,21439.265,WAYPOINT_DRIVE_SETTLE,1,-2.472033562052513,-0.11508985213868922,0.4013306468116082,2.28252312142814,0.5764007398440649,-3.6141331158484316,-0.11170075833797455,0.39951270818710327,2.277505397796631,0.9123243057829015,9.0
1279,21439.343,WAYPOINT_DRIVE_SETTLE,1,-2.458893717029928,-0.11538329824902341,0.40189553325529076,2.2857530418109557,0.52985203057182,-3.4066908342215374,-0.11219531297683716,0.3997330963611603,2.279247999191284,1.1128481041398866,9.0
1280,21439.453,WAYPOINT_DRIVE_SETTLE,1,-2.4920972125974754,-0.11548058671958313,0.4020436616639705,2.2880416059135813,0.4833284829182527,-3.417192049360226,-0.11237809807062149,0.3998177647590637,2.2811121940612793,1.1327178134832698,9.0
1281,21439.546,WAYPOINT_DRIVE_SETTLE,1,-2.42956266707326,-0.11549036468989114,0.4019825991179481,2.2859473657513463,0.5343512810851918,-3.3108015024324464,-0.1126299649477005,0.40014857053756714,2.2810161113739014,0.9293161222807573,9.0
1282,21439.64,WAYPOINT_DRIVE_SETTLE,1,-2.470045204218373,-0.11547016349584564,0.4020672486383553,2.285326384536051,0.54879487170262,-3.28468290297675,-0.11266815662384033,0.4001734256744385,2.2800493240356445,0.9776528322962218,9.0
1283,21439.734,WAYPOINT_DRIVE_SETTLE,1,-2.4482619451056364,-0.11576160659701969,0.40195344127849214,2.28515307513897,0.495254204152025,-3.2769338802395724,-0.112907774746418,0.3999653160572052,2.279721975326538,1.000396884252924,9.0
1284,21439.828,WAYPOINT_DRIVE_SETTLE,1,-2.540279045405101,-0.1154226834964488,0.4023047682197214,2.2868181998946335,0.5129227820791928,-3.5326364848166776,-0.11219955235719681,0.40023791790008545,2.280745029449463,1.0368509961066703,9.0
1285,21439.937,WAYPOINT_DRIVE_SETTLE,1,-2.545647032230534,-0.1153515072135032,0.4029076551782684,2.286441537392349,0.5744125821552901,-3.3333010929306095,-0.11253120005130768,0.40084171295166016,2.2796483039855957,1.1236659942695595,9.0
1286,21440.031,WAYPOINT_DRIVE_SETTLE,1,-2.5052059987576065,-0.11548540536279747,0.40271859235321034,2.2856632192684585,0.576528412785609,-3.290465209823609,-0.11280403286218643,0.40092363953590393,2.2805726528167725,0.9425150904277386,9.0
1287,21440.156,WAYPOINT_DRIVE_SETTLE,1,-2.369703002178177,-0.11605538094734023,0.40245257653717187,2.2858099035790507,0.5289216401512004,-3.2028955162697037,-0.11321606487035751,0.4004431366920471,2.2798142433166504,1.0417108321957878,9.0
1288,21440.265,WAYPOINT_DRIVE_SETTLE,1,-2.2976562501536333,-0.11574011041239002,0.4018713683417918,2.2861118805631127,0.4951694224449791,-3.3729161785730772,-0.11237328499555588,0.39967843890190125,2.2793514728546143,1.1184674012479887,9.0
1289,21440.359,WAYPOINT_DRIVE_SETTLE,1,-2.125863976267908,-0.11600016502613372,0.40106522638935643,2.281446234913069,0.47440309786793056,-3.1222107729544684,-0.11295928806066513,0.39938539266586304,2.2783687114715576,0.8692636651738532,9.0
1290,21440.453,WAYPOINT_DRIVE_SETTLE,1,-2.3090399651038744,-0.11624436473378702,0.4019167308770382,2.285776346105425,0.5180632985378699,-3.2858485749371833,-0.11316106468439102,0.40002918243408203,2.280762195587158,0.9499731387608302,9.0
1291,21440.546,WAYPOINT_DRIVE_SETTLE,1,-2.6441337968827194,-0.11674440432563254,0.40561249322266246,2.292336358654326,0.47540477604103654,-3.351796292779574,-0.11369964480400085,0.4040428102016449,2.2858500480651855,1.158310649697521,9.0
1292,21440.64,WAYPOINT_DRIVE_SETTLE,1,-2.6065623775524096,-0.11711316575229762,0.4056805907980189,2.2934855554255287,0.469009240332354,-3.351067993503476,-0.11405207216739655,0.4042079448699951,2.2877390384674072,1.085721003605076,9.0
1293,21440.75,WAYPOINT_DRIVE_SETTLE,1,-2.81712916500369,-0.11649003123484218,0.40604833274784286,2.2935331364758182,0.5018944157853804,-3.4559516691036483,-0.11348424851894379,0.40432533621788025,2.2856338024139404,1.3509770790704587,9.0
1294,21440.843,WAYPOINT_DRIVE_SETTLE,1,-2.810363707040262,-0.1162456774848506,0.4062362553546658,2.2969115078107762,0.45728342222959595,-3.4743952286554873,-0.11320938169956207,0.40440890192985535,2.2886362075805664,1.374847461678176,9.0
1295,21440.937,WAYPOINT_DRIVE_SETTLE,1,-2.608532636794651,-0.11683995367069411,0.4052733256253748,2.292854303580517,0.3796682973888779,-3.292255420652206,-0.11378291994333267,0.40345004200935364,2.285475015640259,1.2313075048976612,9.0
1296,21441.046,STAGING_PLAN,1,-2.5646276625373923,-0.11696907282711899,0.405982312194119,2.2938529516090918,0.42794127147364386,-3.259313200416466,-0.11396282911300659,0.4043543338775635,2.2872016429901123,1.160851810676887,9.0
1297,21441.156,STAGING_PLAN,1,-2.4435784924396584,-0.11686986346035787,0.40510080477023713,2.291717205892689,0.3616606680522754,-3.286338186556544,-0.11361934244632721,0.4034668207168579,2.2857871055603027,1.0773730816609521,9.0
1298,21441.25,STAGING_PLAN,1,-2.3660462399054607,-0.11504208998107351,0.4019609814503056,2.284085136158308,0.448622866693951,-3.659249489861165,-0.11118113994598389,0.39974746108055115,2.277827739715576,1.0625890439790078,9.0
1299,21441.343,STAGING_PLAN,1,-2.4191160093251995,-0.11547267208451696,0.40176043681309076,2.282241230707129,0.46574486832744816,-3.472894561349814,-0.11206227540969849,0.3993995189666748,2.2746975421905518,1.2256658051557616,9.0
1300,21441.437,STAGING_PLAN,1,-2.491950572589992,-0.11498261011434174,0.40314190967739844,2.2884310486232753,0.49222755811657615,-3.6203016772994365,-0.11133137345314026,0.4006064832210541,2.279611349105835,1.4581900558119363,9.0
1301,21441.531,STAGING_PLAN,1,-2.5513209149938225,-0.1146437269562946,0.40226290165354506,2.286390070859587,0.4930968778856303,-3.8702783876285616,-0.11060187220573425,0.39986610412597656,2.2786848545074463,1.2225416891539884,9.0
1302,21441.609,STAGING_PLAN,1,-2.482496550217938,-0.11483062723706783,0.40181242579254434,2.283846699060703,0.499264896317066,-3.730817298267365,-0.11094315350055695,0.39946916699409485,2.276588201522827,1.1795113207174346,9.0
1303,21441.703,STAGING_PLAN,1,-2.6199366911234248,-0.1170535181315752,0.4043218102607084,2.2878702650540683,0.5586730273443161,-3.513785641340267,-0.11392103135585785,0.4032546579837799,2.283869504928589,0.9291279003866796,9.0
1304,21441.781,STAGING_PLAN,1,-2.6425444382707575,-0.11720954005681798,0.4042278799146777,2.2878034356881067,0.5464686004378776,-3.393438485489947,-0.114220529794693,0.4028286933898926,2.2817559242248535,1.104035054216974,9.0
1305,21441.875,STAGING_PLAN,1,-2.6134543673862556,-0.1174447264586535,0.4034863683433142,2.2831997451719164,0.5339420005300755,-3.385670394637714,-0.11450950801372528,0.40235769748687744,2.2791104316711426,0.9481467231625705,9.0
1306,21441.953,STAGING_PLAN,1,-2.6874216909713895,-0.11606016301265337,0.4046604705288621,2.288351640757085,0.5212020999722957,-3.5788729564129285,-0.11286458373069763,0.4035291075706482,2.284172773361206,0.9375043788828902,9.0
1307,21442.046,WAYPOINT_DRIVE,1,-2.6879113131717003,-0.11720219671849766,0.40376119004945854,2.285509544400525,0.5184479432289312,-3.5455511892965172,-0.11413688212633133,0.4026854634284973,2.281623601913452,0.9136375981067133,9.0
1308,21442.156,WAYPOINT_DRIVE,1,-2.7054490719999147,-0.11756351595446546,0.40391449088578363,2.283754492033259,0.5793091157100753,-3.421350632180559,-0.11477751284837723,0.4029719829559326,2.2801289558410645,0.9398797531992567,9.0
1309,21442.265,WAYPOINT_DRIVE,1,-2.6758264334507675,-0.11660551468197874,0.4043637169053691,2.2894082335742985,0.4785388729113232,-3.581595740338058,-0.1134079098701477,0.40319061279296875,2.285334348678589,0.9177795749285009,9.0
1310,21442.343,WAYPOINT_DRIVE,1,-2.7042586506128528,-0.11679201395068266,0.4044529034166173,2.2894913497657687,0.5013594726612353,-3.592365428748024,-0.11355887353420258,0.4031353294849396,2.284219741821289,1.0008186800738654,9.0
1311,21442.437,WAYPOINT_DRIVE,1,-2.440586177059266,-0.11566109324801496,0.4015518782786955,2.282495339909014,0.5601641183061534,-3.5930992336795926,-0.11213980615139008,0.39944568276405334,2.275829792022705,1.094113437987048,9.0
1312,21442.515,WAYPOINT_DRIVE,1,-2.6147859805439833,-0.1166132725044289,0.4037957124359891,2.2866493592867077,0.5123816297375746,-3.625431879851432,-0.11307095736265182,0.402410089969635,2.280961275100708,1.0437730068482447,9.0
1313,21442.609,WAYPOINT_DRIVE,1,-2.826947186994339,-0.11565855367832303,0.4042090238597748,2.287746937337445,0.46032271885510484,-3.7879291993103084,-0.11200850456953049,0.4023975133895874,2.2797205448150635,1.2914487777751416,9.0
1314,21442.703,WAYPOINT_DRIVE,1,-2.7792115953338206,-0.1159767384714686,0.403953541273484,2.288197583147918,0.45940325798191156,-3.716113448748958,-0.11240341514348984,0.402116984128952,2.2799816131591797,1.3263987274384226,9.0
1315,21442.812,WAYPOINT_DRIVE,1,-2.489709042529526,-0.11557228068629706,0.40211919127626816,2.28839318715831,0.44311806232074397,-3.7489955434407247,-0.1120164766907692,0.40037474036216736,2.285046339035034,0.8434516021379136,9.0
1316,21442.89,WAYPOINT_DRIVE,1,-2.697995346843244,-0.11652127135998458,0.40418787818647295,2.2912002494133072,0.4388637060426347,-3.7106376007050845,-0.1130046546459198,0.40284493565559387,2.2863428592681885,0.9673960892368929,9.0
1317,21442.984,WAYPOINT_DRIVE,1,-2.8581900205470006,-0.11645729991057706,0.4045858004558217,2.291962521683283,0.39635741628324034,-3.670709056965218,-0.11313740164041519,0.40277913212776184,2.284379005432129,1.2192428586857285,9.0
1318,21443.093,WAYPOINT_DRIVE,1,-2.8341360363719255,-0.11601638418074062,0.404992739344623,2.2911869930417303,0.4486481196617839,-3.711042662257421,-0.11273187398910522,0.403657466173172,2.2860910892486572,1.000403757819512,9.0
1319,21443.187,WAYPOINT_DRIVE,1,-2.8593297574036756,-0.11613789941182517,0.4045920921119495,2.291210491751692,0.38078527877663687,-3.790207422255066,-0.11272404342889786,0.40310606360435486,2.2858622074127197,1.0041382494297577,9.0
1320,21443.281,WAYPOINT_DRIVE,1,-2.90814461584711,-0.1160168981529729,0.4045916061135461,2.291461590578825,0.4764044067615593,-3.871556279137342,-0.11250583827495575,0.4031369686126709,2.2855112552642822,1.0534282544528493,9.0
1321,21443.375,WAYPOINT_DRIVE,1,-2.944152508007449,-0.11650714291232023,0.4048203708416752,2.2936707189763568,0.5225523036643293,-3.9055058908508906,-0.11318536102771759,0.40365731716156006,2.288994550704956,0.9353909401456935,9.0
1322,21443.484,WAYPOINT_DRIVE,1,-2.822185245245355,-0.11496701707451504,0.4025716804228062,2.2895119017888863,0.5877394879978468,-4.011545229793621,-0.11146663129329681,0.4007415473461151,2.284139394760132,0.9062946102039579,9.0
1323,21443.578,WAYPOINT_DRIVE,1,-2.908251552672197,-0.11591927766752158,0.40464795861463293,2.2934635504929832,0.5911582946206911,-3.886276063581479,-0.11250526458024979,0.4034942090511322,2.2882132530212402,1.0119540740739537,9.0
1324,21443.687,WAYPOINT_DRIVE,0,,,,,,,,,,,
1325,21443.781,WAYPOINT_DRIVE,1,-2.9046767655174985,-0.1157891814331768,0.40403794473157945,2.2911858197589345,0.5467141192584413,-3.952307177634996,-0.11224617063999176,0.40286946296691895,2.2863807678222656,0.9539747562605773,9.0
1326,21443.875,WAYPOINT_DRIVE,1,-2.8249699909217703,-0.1148002384782588,0.4019963340979863,2.2866574261531922,0.6001426804325986,-4.079439240547005,-0.11120878905057907,0.40028801560401917,2.28187894821167,0.8421495041462613,9.0
1327,21443.984,WAYPOINT_DRIVE,1,-2.604072111619115,-0.11791853460893532,0.40388321929053306,2.289940548368312,0.5589547803371144,-3.2832781128231465,-0.1152009665966034,0.4027654528617859,2.2853946685791016,0.9882951666970404,9.0
1328,21444.093,WAYPOINT_DRIVE,1,-2.795434574601451,-0.11788400858796572,0.40384270256216637,2.2871950386477793,0.4599413829122783,-3.4711772840661395,-0.11505333334207535,0.4023229479789734,2.2808845043182373,1.0905756779476354,9.0
1329,21444.187,WAYPOINT_DRIVE,1,-2.842485365080153,-0.11857398500900687,0.4046988827111087,2.2871694265072104,0.4798151211022835,-3.5382746382404204,-0.1157301589846611,0.40330392122268677,2.281461477279663,1.0384655781043135,9.0
1330,21444.296,WAYPOINT_DRIVE,1,-2.808468657119685,-0.11845523508196437,0.40480336334925454,2.2865454615672904,0.5128870699235041,-3.4351703123045003,-0.11568029969930649,0.40329453349113464,2.2797839641571045,1.1663516314166968,9.0
1331,21444.39,WAYPOINT_DRIVE,1,-2.8053846588128653,-0.11860558767084034,0.4041995040597654,2.2843455139759192,0.4582886492516474,-3.458768799855276,-0.11572428047657013,0.40256834030151367,2.2773728370666504,1.1757219435060164,9.0
1332,21444.484,WAYPOINT_DRIVE,1,-2.907704048198445,-0.11752757957720972,0.40675212246016623,2.292379880990647,0.4557224642303535,-3.711238932988958,-0.11437681317329407,0.4052431285381317,2.28605318069458,1.087083786496218,9.0
1333,21444.578,WAYPOINT_DRIVE,1,-2.8736834120641324,-0.11875128413560682,0.40856945517159543,2.293466394468297,0.5755518980685504,-3.343263917611591,-0.11643151938915253,0.4072740077972412,2.287051200866699,1.1318826666586768,9.0
1334,21444.687,WAYPOINT_DRIVE,1,-3.063606575913365,-0.11982747540250965,0.41163450267294655,2.287568762121983,0.5123844138857052,-3.8233402041993814,-0.11671009659767151,0.40984171628952026,2.2789618968963623,1.405962738543587,9.0
1335,21444.796,WAYPOINT_DRIVE,1,-3.1744509096825877,-0.11855312470461206,0.41260147963206134,2.272788057194036,0.5327715502017117,-3.5083022526305387,-0.11624803394079208,0.41065534949302673,2.2631335258483887,1.7123047581285613,9.0
1336,21444.89,WAYPOINT_DRIVE,1,-3.5525619434349816,-0.11954051564252141,0.4137674980649081,2.2662641232490217,0.4411257181380196,-3.6450384885775677,-0.11770760267972946,0.41152217984199524,2.2556169033050537,2.1085025784498144,9.0
1337,21445.0,WAYPOINT_DRIVE,1,-3.700357366018502,-0.11774013650270224,0.4121434579069892,2.2509226097393062,0.3849787939251434,-3.9788346326007487,-0.11538806557655334,0.4098142683506012,2.2403643131256104,1.8703246851568627,9.0
1338,21445.093,WAYPOINT_DRIVE,1,-3.9533703050187214,-0.11581130869021665,0.41275130374873975,2.2470969054899306,0.17006801392478824,-2.8106825336857297,-0.11823990195989609,0.4115293323993683,2.2441818714141846,0.7741368584931739,7.0
1339,21445.187,WAYPOINT_DRIVE,1,-3.6996444869995675,-0.11715472177037285,0.4117269980335068,2.2439368450698858,0.22050646877331195,-3.292626815065789,-0.11621144413948059,0.40931838750839233,2.2340445518493652,1.8148570754433393,9.0
1340,21445.296,WAYPOINT_DRIVE,1,-3.0288418913877972,-0.12348642568889205,0.41734015234343025,2.215429902816465,0.4062145855445802,-2.6357073693498605,-0.12308985739946365,0.41500982642173767,2.204744338989258,2.4791957036658583,9.0
1341,21445.39,WAYPOINT_DRIVE,1,-3.28568685982105,-0.12421281580591688,0.41340480707097194,2.19870324556994,0.39305510138844274,-2.8277930176742014,-0.12380893528461456,0.41111278533935547,2.188371419906616,2.3450909094090067,9.0
1342,21445.484,WAYPOINT_DRIVE,1,-3.104997941809174,-0.1228991341711116,0.4141631809427262,2.18075556034799,0.415636468166464,-2.7090915147583283,-0.12244439870119095,0.4119141399860382,2.170672655105591,2.0935308809409987,9.0
1343,21445.578,WAYPOINT_DRIVE,1,-2.987916468331145,-0.12286976753269245,0.41809451000589337,2.165125237987827,0.5305856820882493,-3.003470585115123,-0.12152048200368881,0.41612809896469116,2.1561155319213867,1.7663523320542491,9.0
1344,21445.671,WAYPOINT_DRIVE,1,-3.378690365891415,-0.12402351495134925,0.41688280447793596,2.145878081783153,0.4292087355710203,-2.574396428049941,-0.1252511441707611,0.4151619076728821,2.1390936374664307,2.1047202656430364,8.0
1345,21445.781,WAYPOINT_DRIVE,1,-3.423461677784423,-0.12325605967864157,0.4128227216355144,2.1153098918489586,0.5693878655824285,-2.6064362165953625,-0.12379881739616394,0.41086187958717346,2.1061923503875732,2.073791679448739,9.0
1346,21445.875,WAYPOINT_DRIVE,1,-3.2226477457099807,-0.11987294257042527,0.41682975393016264,2.0872358956824035,0.6631837141486828,-3.202349297586112,-0.11884818971157074,0.41493216156959534,2.078472137451172,1.925134215511133,9.0
1347,21445.984,WAYPOINT_DRIVE,1,-3.3886049623181527,-0.12143946332690166,0.413523879426482,2.0601311578196384,0.6997535332389764,-3.412119994611272,-0.12035489827394485,0.4116588830947876,2.0516128540039062,1.9339691834148367,9.0
1348,21446.078,WAYPOINT_DRIVE,1,-3.4737675287777963,-0.12447085051766142,0.4113959512584577,2.031098773960737,0.8672478851501433,-3.664053622645308,-0.12292690575122833,0.41004133224487305,2.0243818759918213,1.6594423707671944,9.0
1349,21446.203,WAYPOINT_DRIVE,1,-3.243978893169881,-0.12321111218508998,0.4198040086247216,2.0028896601926007,0.9721674657080503,-3.3682043159490775,-0.12211377918720245,0.4183996319770813,1.9953986406326294,2.128527670211149,9.0
1350,21446.281,WAYPOINT_DRIVE,1,-3.4587664019467654,-0.12283329381690006,0.4110594494255766,1.9729420484889095,0.9333123884722886,-3.7775213478718443,-0.12111397087574005,0.40979012846946716,1.9668421745300293,1.6246326677736656,9.0
1351,21446.39,WAYPOINT_DRIVE,1,-3.547285732681972,-0.12228201031260633,0.4137220093511843,1.9458940560825781,0.8676035006333496,-4.562697702626025,-0.11910923570394516,0.4128510057926178,1.9428988695144653,0.9877722839230577,9.0
1352,21446.484,WAYPOINT_DRIVE,1,-3.6610295951318275,-0.12075902465864384,0.41323658483426867,1.9258844411120835,0.4064472424873469,-4.500022322460546,-0.11762700229883194,0.4114527702331543,1.9209340810775757,1.1053950000030455,9.0
1353,21446.578,WAYPOINT_DRIVE,1,-3.5174204715704107,-0.12319249358264084,0.40982655081945146,1.8905979063799947,0.9064299564690178,-3.959973770574315,-0.12110913544893265,0.408748596906662,1.8866643905639648,1.1758099422797916,9.0
1354,21446.687,WAYPOINT_DRIVE,1,-3.250426517961346,-0.12226903211323982,0.4103834799104507,1.8617831936867637,1.021080762441433,-3.9351665784904664,-0.11972285062074661,0.4094943702220917,1.8582367897033691,1.1871113262583621,9.0
1355,21446.781,WAYPOINT_DRIVE,1,-2.9132553177838174,-0.1253629557287409,0.41213056226157707,1.8280736306836796,1.3218089514629816,-3.567785276357266,-0.12331175804138184,0.41195377707481384,1.826724648475647,1.1821198899426044,9.0
1356,21446.875,WAYPOINT_DRIVE,1,-3.0038041738390624,-0.12460120497261701,0.4116107435467661,1.7989598685074597,1.5722098608949253,-4.012973710634109,-0.12149422615766525,0.41139277815818787,1.7963511943817139,1.6554982773563922,9.0
1357,21446.968,WAYPOINT_DRIVE,1,-2.8012996872933544,-0.12909075847164736,0.4095218521980671,1.7665041466900349,1.7816088900293263,-3.5083453587310536,-0.12706254422664642,0.40966883301734924,1.764910340309143,1.711559738377257,9.0
1358,21447.062,WAYPOINT_DRIVE,1,-2.4783399669642248,-0.12925292506484357,0.4072070152562378,1.7350817320861398,1.9925888624245522,-3.667575339717001,-0.1265338510274887,0.4083181917667389,1.735622525215149,1.836230466260074,9.0
1359,21447.187,WAYPOINT_DRIVE,1,-2.6481963319734203,-0.12860208931579237,0.40781175938961023,1.7297873292230932,2.1650882231817867,-4.116092033667843,-0.12484671920537949,0.4090851843357086,1.729361653327942,2.072166483039527,9.0
1360,21447.281,WAYPOINT_DRIVE,1,-3.1226373515890673,-0.1245651541100154,0.4058259535873031,1.6631494728654463,2.2966457642942215,-4.600226183142753,-0.11996780335903168,0.4088505208492279,1.6610435247421265,2.83912671323691,9.0
1361,21447.406,WAYPOINT_DRIVE_SETTLE,1,-2.9770267307957563,-0.1253179903985706,0.40583400531499014,1.6272225437576955,2.832788710683467,-4.292102010981938,-0.12203320860862732,0.411077618598938,1.6257749795913696,3.6359228675238464,9.0
1362,21447.515,WAYPOINT_DRIVE_SETTLE,1,-3.1252547750192745,-0.1256930554752924,0.4052551706205194,1.6020177920960004,3.0393028041584063,-4.405089983805416,-0.12248716503381729,0.4106682538986206,1.5991674661636353,3.8198421277387724,9.0
1363,21447.609,WAYPOINT_DRIVE_SETTLE,1,-3.168013968456015,-0.12223980199781136,0.4026770516107867,1.5703033610954467,2.8239436340414064,-4.276771331170853,-0.11936983466148376,0.40623119473457336,1.5662003755569458,3.3561819179739527,9.0
1364,21447.718,WAYPOINT_DRIVE_SETTLE,1,-3.112708186513484,-0.12196717860668806,0.40034121237123294,1.551544755262386,2.82404941217747,-4.209324195998706,-0.11929894238710403,0.40373149514198303,1.5479934215545654,3.241265391667003,9.0
1365,21447.796,WAYPOINT_DRIVE_SETTLE,1,-3.2033179232163014,-0.12203243659831572,0.3969843384438391,1.5302412365425089,3.221369662574067,-4.069543856324053,-0.12024533748626709,0.4022866487503052,1.529515027999878,3.838808147260517,9.0
1366,21447.89,WAYPOINT_DRIVE_SETTLE,1,-3.1341167956042355,-0.11610998543082504,0.399327923115419,1.52469072381421,2.7910113689100626,-4.171078426576883,-0.11311016976833344,0.40222179889678955,1.520644187927246,3.159582409210155,9.0
1367,21448.0,WAYPOINT_DRIVE_SETTLE,1,-3.4230960461094706,-0.12096010742137706,0.4019987321121506,1.5313611196096035,2.909929456845917,-4.1873498367388295,-0.1186961755156517,0.40526407957077026,1.5266414880752563,3.382694465631853,9.0
1368,21448.109,WAYPOINT_DRIVE_SETTLE,1,-3.585409677630325,-0.12667819440383568,0.40254065276510553,1.5306055700984516,2.923699514801881,-4.715404486617064,-0.12370403856039047,0.4059966802597046,1.5277773141860962,3.245558524953944,9.0
1369,21448.187,WAYPOINT_DRIVE_SETTLE,1,-3.309224571918956,-0.1260297955053652,0.3999994122036395,1.5293571529154146,2.875792360569873,-4.087108114022263,-0.12409067898988724,0.40321001410484314,1.5254342555999756,3.2429155714526496,9.0
1370,21448.296,WAYPOINT_DRIVE_SETTLE,1,-3.3582673465208304,-0.12446148197895296,0.40110412498644316,1.5287239979725455,3.012673194415767,-4.27626398145672,-0.12205082923173904,0.4049099087715149,1.525349497795105,3.410467570232263,9.0
1371,21448.39,WAYPOINT_DRIVE_SETTLE,1,-3.3624317739898,-0.12666698018061412,0.40028637520797805,1.5282605754154022,3.021142887870297,-4.229844078359207,-0.12436308711767197,0.4038790762424469,1.523373007774353,3.5801368821095796,9.0
1372,21448.5,WAYPOINT_DRIVE_SETTLE,1,-3.4032287428738157,-0.12643105354952,0.40005520191992733,1.52833191928799,3.0620903376758046,-4.235964079781,-0.1241304948925972,0.40373679995536804,1.523066520690918,3.7035377388250508,9.0
1373,21448.593,WAYPOINT_DRIVE_SETTLE,1,-3.5058550156281107,-0.12523308971060285,0.4007001726063439,1.5301443093430824,3.0813521596057423,-4.306240323424179,-0.12296804785728455,0.4046327471733093,1.525220274925232,3.680871736344007,9.0
1374,21448.687,WAYPOINT_DRIVE_SETTLE,1,-3.498004339026062,-0.1252967525513801,0.40075342387482193,1.5307000761827003,3.0329226815085994,-4.398995248081107,-0.12275494635105133,0.404472291469574,1.5255709886550903,3.652276659668019,9.0
1375,21448.781,WAYPOINT_DRIVE_SETTLE,1,-3.544101235056593,-0.12433596485352359,0.4003180791215568,1.5306101872014366,2.851067736159717,-4.470707669355389,-0.12165901064872742,0.4032481908798218,1.5262885093688965,3.2694353170599726,9.0
1376,21448.875,WAYPOINT_DRIVE_SETTLE,1,-3.5498904996057505,-0.1245987086564878,0.39930420945502926,1.5266868937614562,2.9323132760914845,-4.302299832804341,-0.12244052439928055,0.4024432301521301,1.521857500076294,3.40955647339624,9.0
1377,21448.968,WAYPOINT_DRIVE_SETTLE,1,-3.5132811984761725,-0.12551440197288571,0.3995197956787155,1.5273666409626112,3.0256884097255186,-4.338125855763223,-0.12333215028047562,0.4031473696231842,1.5231785774230957,3.468552965622259,9.0
1378,21449.062,WAYPOINT_DRIVE_SETTLE,1,-3.5087536855333314,-0.12574630651525573,0.39939064595767915,1.5260038437489765,3.023444249862643,-4.29385448094413,-0.12369006127119064,0.40296831727027893,1.521664023399353,3.4870411896359776,9.0
1379,21449.234,WAYPOINT_DRIVE_SETTLE,1,-3.563897623664284,-0.12455195775630681,0.39900597304317,1.526415551729724,2.934390215097348,-4.406835420150881,-0.12216421961784363,0.4023229777812958,1.5226986408233643,3.2850593852336583,9.0
1380,21449.328,WAYPOINT_DRIVE_SETTLE,1,-3.5862711507324234,-0.12449419510489133,0.39949803219511065,1.5276673112428085,3.011584405120293,-4.557031412087415,-0.12173386663198471,0.40322285890579224,1.524195909500122,3.4161652030680685,9.0
1381,21449.437,WAYPOINT_DRIVE_SETTLE,1,-3.5911485795033857,-0.12483622994841112,0.3999498837567706,1.529461328430056,2.955889399902829,-4.543797650655878,-0.12219985574483871,0.4033771753311157,1.5255188941955566,3.3725912863754988,9.0
1382,21449.531,WAYPOINT_DRIVE_SETTLE,1,-3.54184472866342,-0.12451702622139996,0.3997722253673484,1.528938825393488,2.9408990259193017,-4.5664464766690775,-0.12169920653104782,0.4032032787799835,1.52541184425354,3.317141302235892,9.0
1383,21449.64,WAYPOINT_DRIVE_SETTLE,1,-3.5810935092714278,-0.12446829271335841,0.40052470587377115,1.5295826933557428,2.8846493580271906,-4.677660758607574,-0.12143482267856598,0.403805673122406,1.5262172222137451,3.2387627119098275,9.0
1384,21449.734,WAYPOINT_DRIVE_SETTLE,1,-3.574525617788675,-0.12432946625385445,0.40032907478639584,1.5293699027370613,2.9168357741934967,-4.608199709486059,-0.1214219182729721,0.40365085005760193,1.5255591869354248,3.315836571404853,9.0
1385,21449.843,WAYPOINT_DRIVE_SETTLE,1,-3.534397021531382,-0.12476772491124029,0.39996707491568,1.529719194467276,2.9270702218593434,-4.559683585435547,-0.12194602936506271,0.40328899025917053,1.525923490524292,3.3173525909768804,9.0
1386,21449.937,WAYPOINT_DRIVE_SETTLE,1,-3.5655353110565806,-0.12451533988765949,0.39961262194060865,1.5295334043488626,2.916702743940411,-4.571956412695062,-0.12167536467313766,0.4029233455657959,1.526029109954834,3.2651001566365796,9.0
1387,21450.031,WAYPOINT_DRIVE_SETTLE,1,-3.471433865518212,-0.12453209292237764,0.39893434891346463,1.5287712197722785,2.8997747689307323,-4.505816443023166,-0.12176434695720673,0.4022718071937561,1.526046872138977,3.2034371977933858,9.0
1388,21450.14,WAYPOINT_DRIVE_SETTLE,1,-3.4781612628455316,-0.12503871802227343,0.3992063309327165,1.5298498989238773,2.9279322322560346,-4.514193367867891,-0.12229369580745697,0.40263631939888,1.5271166563034058,3.2323241147416777,9.0
1389,21450.234,WAYPOINT_DRIVE_SETTLE,1,-3.4294827477548724,-0.12506817742103338,0.3990579707807668,1.527302372993588,2.9347788596020994,-4.473562555470818,-0.12245246767997742,0.40265947580337524,1.5256856679916382,3.206742039377983,9.0
1390,21450.343,WAYPOINT_DRIVE_SETTLE,1,-3.376048034528707,-0.125412649325002,0.39867785789778437,1.5257263790867295,3.0970528477438175,-4.199157909996064,-0.12333763390779495,0.40274855494499207,1.5227954387664795,3.4640406020267487,9.0
1391,21450.453,WAYPOINT_DRIVE_SETTLE,1,-3.3906257807293607,-0.1253928198370977,0.3993457162848412,1.5280827314491157,3.0425834753043888,-4.266160280339027,-0.12318584322929382,0.4033373296260834,1.5253713130950928,3.4102654315348304,9.0
1392,21450.546,WAYPOINT_DRIVE_SETTLE,1,-3.39989388989964,-0.125432126731754,0.39873367951472993,1.527843606236069,3.060232891520386,-4.309336437609566,-0.12307766824960709,0.40275219082832336,1.5250602960586548,3.432038603710815,9.0
1393,21450.64,WAYPOINT_DRIVE_SETTLE,1,-3.42878539527559,-0.12562997056457026,0.3991711499828625,1.5283074541589288,3.0659801388457883,-4.267437546352943,-0.12342040985822678,0.40317821502685547,1.5251543521881104,3.449781247763192,9.0
1394,21450.75,WAYPOINT_DRIVE_SETTLE,1,-3.436261087837024,-0.12579153630709008,0.3996139262371294,1.5291273957820786,3.041601670546769,-4.356854062656227,-0.12342120707035065,0.4036431610584259,1.526432991027832,3.4133241504730023,9.0
1395,21450.843,WAYPOINT_DRIVE_SETTLE,1,-3.3955664567252963,-0.12576315512102026,0.39940850663396277,1.5290713087573697,3.0111212115995802,-4.321576739508795,-0.1235126256942749,0.4034745395183563,1.5273547172546387,3.356999518537524,9.0
1396,21450.937,WAYPOINT_DRIVE_SETTLE,1,-3.4041004711699903,-0.1255227725056344,0.39912642322009356,1.5274674467139067,2.986357118993083,-4.373901766723664,-0.12310309708118439,0.4030686318874359,1.5259701013565063,3.3048879950584187,9.0
1397,21451.031,WAYPOINT_DRIVE_SETTLE,1,-3.4742463816014224,-0.1251255686207987,0.39930920098440653,1.5288615547849833,2.9663240032719136,-4.530315477561757,-0.12226343899965286,0.403081476688385,1.526758074760437,3.2925474839191726,9.0
1398,21451.125,WAYPOINT_DRIVE_SETTLE,1,-3.48092103915589,-0.12529768859750645,0.3992280417196464,1.5290046007246159,2.967049921528497,-4.470250216432722,-0.12261492013931274,0.40295174717903137,1.5267027616500854,3.2837962598186765,9.0
1399,21451.218,WAYPOINT_DRIVE_SETTLE,1,-3.440724151314017,-0.12375183623615801,0.39882452050402506,1.5261915030320468,2.972369604447036,-4.615728263547143,-0.1204821914434433,0.40250280499458313,1.5241729021072388,3.308891531057215,9.0
1400,21451.328,WAYPOINT_DRIVE_SETTLE,1,-3.412585889203144,-0.12465175376593401,0.3992112109603932,1.526166591218108,2.970656030539482,-4.362592783723625,-0.12207009643316269,0.4026738107204437,1.5227437019348145,3.3313812942327328,9.0
1401,21451.406,WAYPOINT_DRIVE_SETTLE,1,-3.407389045659481,-0.12502172172771686,0.3991547895754896,1.5266651051876872,2.947225031202398,-4.353427983471664,-0.12246708571910858,0.4025319218635559,1.523310661315918,3.2787684098957834,9.0
1402,21451.515,WAYPOINT_DRIVE_SETTLE,1,-3.5493153091388785,-0.12421994211512412,0.39918799118541826,1.52666674094174,2.913925619242935,-4.711836769701446,-0.12102910876274109,0.40271294116973877,1.5249886512756348,3.198757246383555,9.0
1403,21451.593,WAYPOINT_DRIVE_SETTLE,1,-3.5394822205076877,-0.12521096725245143,0.399866330306831,1.5285824319347567,2.9226627088942525,-4.718930159118862,-0.12209354341030121,0.4032755196094513,1.5260759592056274,3.220309983715218,9.0
1404,21451.703,WAYPOINT_DRIVE_SETTLE,1,-3.4965825746161485,-0.12558216152091756,0.3999942494799949,1.5282654935565594,2.8792154203357945,-4.526705014572351,-0.12294577807188034,0.40322306752204895,1.5256354808807373,3.1449870131891102,9.0
1405,21451.796,WAYPOINT_DRIVE_SETTLE,1,-3.5550054852948447,-0.12474215314018193,0.3995764311622807,1.528787911696752,2.8880999072627715,-4.6960485381107775,-0.1218109279870987,0.40297242999076843,1.5269348621368408,3.1501433072922183,9.0
1406,21451.875,WAYPOINT_DRIVE_SETTLE,1,-3.542518799280645,-0.12467476472299441,0.3994081080587315,1.5276696316456786,2.8900814892327817,-4.670048863696122,-0.12173908203840256,0.4027932286262512,1.5259523391723633,3.133689373158813,9.0
1407,21451.984,WAYPOINT_DRIVE_SETTLE,1,-3.546913276992718,-0.12516036554646473,0.39906028433751556,1.526345619185932,2.9079640258839103,-4.702748285676386,-0.12219060212373734,0.4026482105255127,1.5252536535263062,3.1778859356693823,9.0
1408,21452.078,WAYPOINT_DRIVE_SETTLE,1,-3.5054705837735582,-0.12541931762760733,0.3992685757021233,1.52767471855959,2.8912047709187485,-4.645598005478364,-0.12252407521009445,0.4026764929294586,1.5259876251220703,3.1437172923493013,9.0
1409,21452.171,WAYPOINT_DRIVE_SETTLE,1,-3.512672714315413,-0.1253642041260243,0.39988969340069913,1.528763872743005,2.7961602299846633,-4.676672425298282,-0.12241113930940628,0.4030119478702545,1.5273988246917725,3.0149334963011065,9.0
1410,21452.281,WAYPOINT_DRIVE_SETTLE,1,-3.5360148772901314,-0.12566523407495406,0.4003877807805304,1.5292339359951446,2.781866940716481,-4.700849189795537,-0.12267714738845825,0.40351566672325134,1.527955174446106,3.00936361636945,9.0
1411,21452.375,FINAL_POSE_LOCK,1,-3.5301622807949564,-0.1258526153127354,0.4006547640655085,1.5314033535442215,2.8294117733470925,-4.524555931917455,-0.12309052050113678,0.4035879671573639,1.5273067951202393,3.230037187567079,9.0
1412,21452.468,FINAL_POSE_LOCK,1,-3.5618580092928185,-0.12603001346688736,0.40094773749300155,1.531346305253976,2.8303161123445206,-4.562283972026748,-0.12321075052022934,0.4038250148296356,1.5268768072128296,3.274496933714819,9.0
1413,21452.562,FINAL_POSE_LOCK,1,-3.55426995809328,-0.12598150413761175,0.4014347339582229,1.5320437545658003,2.7678769923801436,-4.611862020272997,-0.12310267239809036,0.40421682596206665,1.5283684730529785,3.0975811017376973,9.0
1414,21452.656,FINAL_POSE_LOCK,1,-3.508912829409717,-0.12615178710497899,0.4005865247282782,1.5312896537334029,2.8465972955680927,-4.532294323703287,-0.12343283742666245,0.4035942256450653,1.5275640487670898,3.1896249447045673,9.0
1415,21452.75,FINAL_POSE_LOCK,1,-3.5103466454208703,-0.1256090261903017,0.4007120897422886,1.530333075022789,2.810757951852472,-4.563823350895214,-0.12275666743516922,0.40356016159057617,1.5266350507736206,3.129057986551326,9.0
1416,21452.843,FINAL_POSE_LOCK,1,-3.4708866647238885,-0.12589861178261363,0.40019071381670984,1.5302733234416033,2.8100428699146587,-4.498613394081919,-0.12311983108520508,0.4029887616634369,1.5263596773147583,3.1459029862467554,9.0
1417,21452.953,FINAL_POSE_LOCK,1,-3.486806683211328,-0.12568790133345895,0.40088781569576104,1.5318049249838803,2.7682554129777635,-4.313622890423431,-0.1233595460653305,0.40344056487083435,1.5269855260849,3.2104835597620265,9.0
1418,21453.046,FINAL_POSE_LOCK,1,-3.534307281912389,-0.12533948074025844,0.4007459961999394,1.5310253021044327,2.792045805216442,-4.40722484645205,-0.1228339672088623,0.4034302234649658,1.5265991687774658,3.170801772225082,9.0
1419,21453.156,FINAL_POSE_LOCK,1,-3.557291849067899,-0.12537335908654212,0.40071734316872176,1.5311444373338052,2.8272024594370877,-4.380879292668197,-0.12298139184713364,0.40356165170669556,1.5265511274337769,3.2410193584430407,9.0
1420,21453.25,FINAL_POSE_LOCK,1,-3.515003339015143,-0.1257701279872157,0.4004707872821531,1.5314281768365874,2.7753207324205422,-4.401842276848915,-0.12326770275831223,0.4031192362308502,1.5271191596984863,3.136675910433951,9.0
1421,21453.328,FINAL_POSE_LOCK,1,-3.5226080804378577,-0.12549838698189947,0.4005591689941064,1.5310144320871075,2.799797475809832,-4.426830567980266,-0.12292075902223587,0.40329158306121826,1.5267021656036377,3.170642538077512,9.0
1422,21453.421,FINAL_POSE_LOCK,1,-3.4951783954973727,-0.12568591576814228,0.40038814550806207,1.5302963405282706,2.8393994279015513,-4.438617470383815,-0.12307453155517578,0.40334653854370117,1.5264334678649902,3.1742198228986505,9.0
1423,21453.531,FINAL_POSE_LOCK,1,-3.429870566666638,-0.12484555830385985,0.3996965262560705,1.5296251298862602,2.9926165554714856,-4.130431043190975,-0.12297560274600983,0.40303224325180054,1.524153470993042,3.6362367714446,9.0
1424,21453.625,FINAL_POSE_LOCK,1,-3.4921500463507438,-0.12514520516216104,0.39987115143053337,1.5295570242725887,2.9323003212186407,-4.276495329325271,-0.12305595725774765,0.40302252769470215,1.524474859237671,3.4874113206053505,9.0
1425,21453.703,FINAL_POSE_LOCK,1,-3.4906057888252717,-0.12464825383337538,0.3998018424556337,1.5296095396258733,2.918279118087551,-4.3451524791909675,-0.12230684608221054,0.40288206934928894,1.5243463516235352,3.519306965538497,9.0
1426,21453.796,FINAL_POSE_LOCK,1,-3.504543930443073,-0.12474407213957556,0.3992991470471795,1.5288753510012023,2.89014481206729,-4.408790080590349,-0.1222844198346138,0.40238243341445923,1.5248873233795166,3.2630323925926197,9.0
1427,21453.89,FINAL_POSE_LOCK,1,-3.5614181014888913,-0.12456833474897128,0.3995713280124323,1.5282770267289665,2.9399067298787207,-4.347052260681543,-0.12221077084541321,0.40288829803466797,1.52386474609375,3.3896926593894454,9.0
1428,21453.984,FINAL_POSE_LOCK,1,-3.5881822682247475,-0.12521447716368847,0.39983218752814403,1.5287866513986805,3.0168773207918345,-4.443068671542937,-0.12271807342767715,0.4035283029079437,1.524538516998291,3.4982545580314954,9.0
1429,21454.078,FINAL_POSE_LOCK,1,-3.594511308492981,-0.12517321340229565,0.3999721548741124,1.529268753186062,2.999895496250626,-4.423626146601375,-0.12274491786956787,0.4035551846027374,1.5247673988342285,3.49384055820994,9.0
1430,21454.171,FINAL_POSE_LOCK,1,-3.6201836956549425,-0.12445871016213844,0.3997920128449768,1.5285406911033896,2.999202686821243,-4.503150858378957,-0.12179382890462875,0.4033412039279938,1.5238901376724243,3.513342435461659,9.0
1431,21454.265,FINAL_POSE_LOCK,1,-3.536777909200355,-0.12532531901056143,0.40026373953425876,1.5293392086337223,2.975691382577956,-4.377348297982103,-0.12293747812509537,0.40371620655059814,1.5246936082839966,3.484789465325193,9.0
1432,21454.359,FINAL_POSE_LOCK,1,-3.5602368704575484,-0.12515330724237658,0.4004674159306742,1.5302527857941135,2.9507699420501012,-4.462295203312951,-0.12260877341032028,0.40384936332702637,1.525752305984497,3.4399091956224086,9.0
1433,21454.468,FINAL_POSE_LOCK,1,-3.633613969699879,-0.12508706579492418,0.4007485200946239,1.5304169048457335,2.999394041246944,-4.523906777292726,-0.12256018072366714,0.404391348361969,1.5259041786193848,3.5197188771904666,9.0
1434,21454.562,FINAL_POSE_LOCK,1,-3.5377120983080736,-0.12534960597752046,0.4009916681472186,1.5301297755785637,2.953910675472813,-4.398444628246481,-0.12297389656305313,0.40444865822792053,1.5255805253982544,3.458276750822196,9.0
1435,21454.64,FINAL_POSE_LOCK,1,-3.4520786485767454,-0.12594329936484183,0.40030039623759645,1.5308471620682216,2.9535171431530416,-4.275934888450386,-0.12371665239334106,0.40341097116470337,1.5250911712646484,3.6781853161062017,9.0
1436,21454.75,FINAL_POSE_LOCK,1,-3.459585865071516,-0.12560196678082086,0.4005040009803242,1.529595862878537,2.8580456890144412,-4.398053505656015,-0.12314824759960175,0.40350526571273804,1.5256636142730713,3.222135744020778,9.0
1437,21454.843,FINAL_POSE_LOCK,1,-3.5183408528809905,-0.12598300393211548,0.4006208863448083,1.5305070393713156,2.9425566507521226,-4.431783904259087,-0.12345397472381592,0.40388816595077515,1.5258574485778809,3.4359390882047616,9.0
1438,21454.937,FINAL_POSE_LOCK,1,-3.5485501507841777,-0.1255797484487655,0.4005895385935777,1.5299788577458096,2.8948795042200053,-4.703929291978769,-0.12238452583551407,0.40383464097976685,1.5266245603561401,3.237398212167228,9.0
1439,21455.046,FINAL_ROTATE,1,-3.5976699186250816,-0.1250445862713705,0.4007966499613746,1.5301055857109664,2.8581759278688716,-4.721719061346763,-0.121832937002182,0.4039038419723511,1.526482105255127,3.212454936029563,9.0
1440,21455.125,FINAL_ROTATE,1,-3.5877999596141956,-0.12494144204859965,0.4005345711419041,1.5293626683833592,2.8577343624914406,-4.73880370763843,-0.1216733530163765,0.40368571877479553,1.5262773036956787,3.157448086975206,9.0
1441,21455.265,FINAL_ROTATE,1,-3.583131343598337,-0.12540713127685021,0.4004513285917029,1.5292002170185277,2.8618233807170324,-4.729129402930945,-0.12212081253528595,0.403646856546402,1.526283860206604,3.152451911347061,9.0
1442,21455.359,FINAL_ROTATE,1,-3.5529976827481,-0.12560128979796994,0.4003777273527242,1.5303871302319632,2.8700307909920966,-4.5635712305965646,-0.12274278700351715,0.4034956693649292,1.5266138315200806,3.223121336263882,9.0
1443,21455.453,FINAL_ROTATE,1,-3.5869199353394476,-0.1252602580899915,0.40037430044123623,1.5299387052627278,2.7912039053460607,-4.745848306336375,-0.12208595126867294,0.40335068106651306,1.527459979057312,3.0236414097819106,9.0
1444,21455.546,FINAL_ROTATE,1,-3.6135113300160313,-0.1253575207434164,0.4001019956674717,1.5292725439656445,2.8639599497501504,-4.8886196089011955,-0.12199319899082184,0.40352290868759155,1.5277234315872192,3.143793489689352,9.0
1445,21455.64,FINAL_ROTATE,1,-3.573954296229977,-0.1252856948106089,0.4002379404710711,1.5294372420391773,2.9063294846635945,-4.606835752327903,-0.12242581695318222,0.4036295413970947,1.526292324066162,3.2260994244909793,9.0
1446,21455.734,FINAL_ROTATE,1,-3.5308713641105673,-0.125210083722882,0.4000045076848999,1.5285200710969498,2.884501226138762,-4.5472370029372815,-0.1224382147192955,0.4032251536846161,1.5252450704574585,3.186955468293867,9.0
1447,21455.828,FINAL_ROTATE,1,-3.564725713498005,-0.1247158720646415,0.40048732672206216,1.5290986736765735,2.9151019990984737,-4.435269493074519,-0.12229591608047485,0.4037012755870819,1.5246856212615967,3.3734233883122915,9.0
1448,21455.921,FINAL_ROTATE,1,-3.5488010145385585,-0.12510993193685896,0.40060555348089466,1.5302097291389063,2.872399547004913,-4.4769343478164885,-0.12252398580312729,0.40369075536727905,1.5261650085449219,3.2688284445889617,9.0
1449,21456.015,FINAL_ROTATE,1,-3.587665543688209,-0.12479647887848563,0.40033254284000097,1.5297162603755157,2.897442277261283,-4.567529765239296,-0.12203969061374664,0.40359219908714294,1.5262186527252197,3.254670496916408,9.0
1450,21456.109,FINAL_ROTATE,1,-3.583528827196337,-0.12439939391471255,0.4007504122578925,1.529605053888154,2.8533750641802356,-4.509340743469119,-0.12163005769252777,0.4037992060184479,1.525530457496643,3.2529095274441326,9.0
1451,21456.218,FINAL_ROTATE,1,-3.596017218286965,-0.12445426068661648,0.40096513162062447,1.5299207927376373,2.841269859121542,-4.492840316379832,-0.12176825851202011,0.40395817160606384,1.5256901979446411,3.2566146991244156,9.0
1452,21456.312,FINAL_ROTATE,1,-3.542025393398878,-0.12505740557561795,0.40052247517543993,1.5287037495038358,2.9254452096800323,-4.473010799746111,-0.12240681797266006,0.40376362204551697,1.5245083570480347,3.3589928529942887,9.0
1453,21456.406,FINAL_ROTATE,1,-3.5734611023587273,-0.12505189505670078,0.40084947992841,1.529411924606787,2.842349333699746,-4.571409413024383,-0.12221266329288483,0.4038703143596649,1.5257283449172974,3.18962209504306,9.0
1454,21456.484,FINAL_ROTATE,1,-3.581342692419071,-0.12484257495496012,0.400590804041134,1.5289767211663456,2.9116092106555502,-4.592371342707226,-0.12195952236652374,0.4038470387458801,1.5251896381378174,3.2952948777348574,9.0
1455,21456.593,FINAL_ROTATE,1,-3.506078187482047,-0.12476351705917277,0.40057138356768884,1.5288826320868052,2.868194654938629,-4.34766489150954,-0.12244770675897598,0.40355613827705383,1.5245682001113892,3.2738036245944397,9.0
1456,21456.687,FINAL_ROTATE,1,-3.5227386728570242,-0.12456041963783328,0.4005805547719713,1.5286360897219267,2.83231233275722,-4.411436984669211,-0.12208162248134613,0.40343013405799866,1.5245871543884277,3.1878422173718803,9.0
1457,21456.781,FINAL_ROTATE,1,-3.5203768350505444,-0.12510856785647817,0.4006241437910424,1.52769935554879,2.8633985143018434,-4.421554468447026,-0.12263604253530502,0.40363699197769165,1.5240997076034546,3.1693989631236343,9.0
1458,21456.875,FINAL_ROTATE,1,-3.521448042894248,-0.1253112569956137,0.40058068221566306,1.5289586172492644,2.891955763053269,-4.472412291235688,-0.1227477565407753,0.4038230776786804,1.5257023572921753,3.2090190939691627,9.0
1459,21456.968,FINAL_ROTATE,1,-3.5616700282848903,-0.12587329061785937,0.4008996373478624,1.5329796039483112,3.0302530177441116,-4.543435672843564,-0.12323181331157684,0.4045405089855194,1.5283235311508179,3.5869452377373046,9.0
1460,21457.062,FINAL_ROTATE,1,-3.5941800785731473,-0.12511911304058682,0.4009629984640021,1.5323092694736962,2.9690930220330856,-4.6445538958689445,-0.12216933071613312,0.4044268727302551,1.5280917882919312,3.4247924290852154,9.0
1461,21457.156,FINAL_ROTATE,1,-3.6016925300917215,-0.12489149278372928,0.4010055065954559,1.5331219593363519,2.931208285866575,-4.68357458029146,-0.1217791885137558,0.4044171869754791,1.528943419456482,3.3881877792239923,9.0
1462,21457.265,FINAL_ROTATE,1,-3.5791370460030367,-0.12470837532818403,0.40080950128521303,1.5313806195051123,2.9235459084832063,-4.741716590978402,-0.12140371650457382,0.4042339324951172,1.5276325941085815,3.339144341120193,9.0
1463,21457.359,FINAL_ROTATE,1,-3.497346005956483,-0.12482786913041473,0.400509773190481,1.529204366175321,2.952253752855336,-4.638120899394341,-0.12173525989055634,0.40418681502342224,1.5265635251998901,3.3097544500812015,9.0
1464,21457.453,FINAL_ROTATE,1,-3.492268348586741,-0.12483013768948945,0.4007339086192814,1.528920580736954,3.002178740209346,-4.567643267118456,-0.1218787133693695,0.4045955538749695,1.5260127782821655,3.392692879437733,9.0
1465,21457.546,FINAL_ROTATE,1,-3.5680244885197925,-0.12454311641953038,0.4002362483944614,1.5284637889566461,2.9992462660701213,-4.669146249355767,-0.12146332114934921,0.4040805697441101,1.5257965326309204,3.374324847512899,9.0
1466,21457.64,FINAL_ROTATE,1,-3.564407978966736,-0.12422287822159991,0.4001078882377455,1.528581276362857,3.0000519406702137,-4.637228867909564,-0.12118262052536011,0.40398108959198,1.5258753299713135,3.379173827694691,9.0
1467,21457.734,FINAL_ROTATE,1,-3.5635078566515057,-0.12438966858045403,0.4001478870901942,1.5292195268952,2.9744761418136103,-4.6518071084911155,-0.12129811197519302,0.4038753807544708,1.5263781547546387,3.3395257957646134,9.0
1468,21457.828,FINAL_ROTATE,1,-3.531716348773144,-0.12494228795430314,0.4005375493778956,1.5303039972442856,2.973568511007698,-4.579904151783888,-0.12203948199748993,0.4042452871799469,1.5271201133728027,3.3613847897528677,9.0
1469,21457.937,FINAL_ROTATE,1,-3.5367706197683804,-0.1246283722982614,0.40018951524314583,1.5288255234238148,2.900478031711458,-4.64472088351684,-0.12159895896911621,0.40356117486953735,1.5260076522827148,3.204445290671445,9.0
1470,21458.031,FINAL_ROTATE,1,-3.460833454574098,-0.12449836164375379,0.4001500777322126,1.528867938806765,2.7232515841994887,-4.7155495758852615,-0.12131508439779282,0.40314412117004395,1.5279221534729004,2.9554655530327345,9.0
1471,21458.109,FINAL_ROTATE,1,-3.5785948716529314,-0.12472046519393966,0.4012339993703009,1.5322060467202736,2.9028131956906367,-4.521578179026526,-0.12206478416919708,0.4042273163795471,1.5269306898117065,3.4979028697421977,9.0
1472,21458.203,FINAL_ROTATE,1,-3.583458615851372,-0.12475018666285355,0.4009460584309772,1.5299139477219843,2.9523186220219007,-4.381308361725578,-0.12242796272039413,0.4041081666946411,1.524427056312561,3.5840868985189274,9.0
1473,21458.312,FINAL_ROTATE,1,-3.630666084766389,-0.1236602836517849,0.4010397396947286,1.5300644698442665,2.919131195964422,-4.603184586050891,-0.12078090012073517,0.4042263627052307,1.5252810716629028,3.433657293704313,9.0
1474,21458.39,FINAL_ROTATE,1,-3.6436107602441035,-0.12362936375187303,0.40086046995563324,1.529922308138929,2.920392691614279,-4.530439604091133,-0.12091449648141861,0.40387699007987976,1.5244560241699219,3.537496353861614,9.0
1475,21458.5,FINAL_ROTATE,1,-3.6281635603562528,-0.12387782976565859,0.40078357096630185,1.5291548694210315,2.964751947023747,-4.516751574555981,-0.12124597281217575,0.40410181879997253,1.5240989923477173,3.513928176932154,9.0
1476,21458.593,FINAL_ROTATE,1,-3.6374360619740123,-0.12368566743111885,0.4009823593537261,1.528688067266282,2.963390914489925,-4.539904628232532,-0.12101472169160843,0.4043615758419037,1.5239535570144653,3.4589487678364366,9.0
1477,21458.687,FINAL_ROTATE,1,-3.6363970295489634,-0.12432605396946976,0.4011593620013206,1.5300055328046505,2.9290726837349084,-4.548287014027006,-0.12163841724395752,0.40450042486190796,1.525691270828247,3.359129644619269,9.0
1478,21458.781,FINAL_ROTATE,1,-3.6879805239037067,-0.12363692349969775,0.4009256961802392,1.5294054021930956,2.9552497957153987,-4.552989515374051,-0.12100478261709213,0.40440917015075684,1.5250933170318604,3.3976981664703874,9.0
1479,21458.875,FINAL_ROTATE,1,-3.7032469017799947,-0.12354388006795558,0.40071655657463895,1.529378573276714,2.9311445894612085,-4.7318863405638,-0.1205507442355156,0.40422654151916504,1.5259814262390137,3.286077169360315,9.0
1480,21458.968,FINAL_ROTATE,1,-3.642502665571456,-0.12329856810108887,0.4006587732199044,1.5280193585024424,2.8355673129644385,-4.62288063377591,-0.12054754793643951,0.40386122465133667,1.5253353118896484,3.088734050348759,9.0
1481,21459.062,FINAL_ROTATE,1,-3.7077027014745907,-0.12290012568769348,0.40108371882475635,1.5293478927402024,2.839581363412973,-4.685329440168522,-0.11997903883457184,0.4041803777217865,1.5256985425949097,3.162532877982764,9.0
1482,21459.171,FINAL_ROTATE,1,-3.6688461958447007,-0.1234347483599621,0.40100651278176863,1.5292005333348233,2.9052532402599613,-4.603756824509085,-0.12065091729164124,0.40436068177223206,1.5253303050994873,3.286438063057623,9.0
1483,21459.265,FINAL_ROTATE,1,-3.507868730554058,-0.12406401506895294,0.3991331125756658,1.528146053820919,2.906562036603333,-4.4149364918577465,-0.12148644775152206,0.4021480679512024,1.5236674547195435,3.325025749697995,9.0
1484,21459.375,FINAL_ROTATE,1,-3.5840300766095954,-0.12386494829978195,0.39945202856095813,1.52711026355703,2.9172807254985487,-4.513889695858395,-0.12127619981765747,0.40256136655807495,1.52304208278656,3.2751197381540615,9.0
1485,21459.468,FINAL_ROTATE,1,-3.530131179940692,-0.12464258225368224,0.39954736067835656,1.5280669300083334,2.8767238203020953,-4.346447835153716,-0.1223951056599617,0.40235915780067444,1.5232079029083252,3.3277238559576943,9.0
1486,21459.562,FINAL_ROTATE,1,-3.432736991213793,-0.12443561740092143,0.4000630409575286,1.5286339293429676,2.8235709990638376,-4.338912706914219,-0.12203574180603027,0.4027068316936493,1.523941159248352,3.2563881371297136,9.0
1487,21459.656,FINAL_ROTATE,1,-3.5009221399466632,-0.12351070097297251,0.39996668971137356,1.5285535438517408,2.822656998987435,-4.483625306530004,-0.12087379395961761,0.4029557704925537,1.5256259441375732,3.0689388837550253,9.0
1488,21459.75,FINAL_ROTATE,1,-3.4038681656632157,-0.12485343878067946,0.40041032121980075,1.5282961887507696,2.8484498818861734,-4.314737674591936,-0.12256201356649399,0.4034023880958557,1.5244804620742798,3.1711972094915497,9.0
1489,21459.843,FINAL_ROTATE,1,-3.49695397967043,-0.12450450586183157,0.40064858598873493,1.5292134413176994,2.8438031830402952,-4.445196463531778,-0.12210153043270111,0.4035968482494354,1.5255818367004395,3.1472561462318107,9.0
1490,21459.953,FINAL_ROTATE,1,-3.4220401735619568,-0.12555277450789856,0.399975282304351,1.5285113742655376,2.9480350199638297,-4.379131196406852,-0.12326672673225403,0.40332549810409546,1.5253379344940186,3.238843587336632,9.0
1491,21460.046,FINAL_ROTATE,1,-3.378971588203076,-0.12489271151596831,0.3999737218042427,1.528192905941282,2.9356905646221305,-4.282976391681036,-0.12273731082677841,0.4034470319747925,1.525394082069397,3.2253348809738345,9.0
1492,21460.14,FINAL_ROTATE,1,-3.3350393991307787,-0.12227293991094035,0.4005250338126506,1.5287560124997106,2.968973467801117,-4.0710720914924465,-0.1203717440366745,0.4042297899723053,1.525240421295166,3.3422542476719737,9.0
1493,21460.265,FINAL_ROTATE,1,-3.3522477217289004,-0.11538332849415553,0.4011850440245412,1.5304837826307542,2.7170106885215546,-4.4403118861526085,-0.11230646818876266,0.40440887212753296,1.5289764404296875,2.995143023107567,9.0
1494,21460.359,FINAL_ROTATE,1,-3.2295697033358177,-0.11110393056502547,0.40107902555805613,1.5313713242749536,2.582930167742316,-4.316338656497216,-0.10805931687355042,0.40387144684791565,1.5302704572677612,2.8025968913973376,9.0
1495,21460.468,FINAL_ROTATE,1,-2.7711170690222953,-0.09847979731776198,0.4009311454992444,1.5291990900501617,2.6986168797642587,-4.20854391441425,-0.09445127844810486,0.4039347171783447,1.527505874633789,2.970215559975053,9.0
1496,21460.578,FINAL_ROTATE,1,-2.3335469606313612,-0.08796794082851918,0.39934200126137587,1.5223842775098444,2.871956073171949,-3.2601634330072007,-0.08582229167222977,0.4024594724178314,1.51972496509552,3.0722827149308096,9.0
1497,21460.671,FINAL_ROTATE,1,-1.9280691873357518,-0.06512006550092606,0.40113769216168266,1.524063598774702,2.708527125887887,-3.1348023671017877,-0.06196952983736992,0.40404027700424194,1.5219411849975586,2.940495743552264,9.0
1498,21460.765,FINAL_SETTLE,1,-1.1316856986687185,-0.028910874010207057,0.4044402599748486,1.5290440261266738,2.622873151409056,-2.5111337752711607,-0.024901743978261948,0.40744367241859436,1.5262054204940796,2.9613393895835953,9.0
1499,21460.875,FINAL_SETTLE,1,-0.2264231740872042,0.020399119938233932,0.4029195201491986,1.532968684634055,2.1922603632305644,-0.9656621866855672,0.022873690351843834,0.4045364558696747,1.5299259424209595,2.430916537221013,9.0
1500,21460.968,FINAL_SETTLE,1,0.5799070459541609,0.060836200462602935,0.39987768772353055,1.5285606058165702,2.421128022546863,-0.21714344231882116,0.06418855488300323,0.40267273783683777,1.5255954265594482,2.909384614280591,9.0
1501,21461.062,FINAL_SETTLE,1,2.3541065608959184,0.1367163342077702,0.4047434307573274,1.5236818201054116,2.210701000675509,1.7733405927368397,0.13954949378967285,0.4065360426902771,1.5187931060791016,2.724888101422943,9.0
1502,21461.171,FINAL_SETTLE,1,2.7316359888734336,0.15005685432505242,0.4081394400892631,1.526983337935229,2.014335523814768,2.2255029223337535,0.15275181829929352,0.40939998626708984,1.5231783390045166,2.5828297046326845,9.0
1503,21461.265,FINAL_SETTLE,1,1.7021665933379084,0.11489842706084065,0.4063912853777624,1.5398884630989773,1.7928565317329401,1.271471452448798,0.11697301268577576,0.4074186384677887,1.538739562034607,2.2609231201162343,9.0
1504,21461.359,FINAL_SETTLE,1,1.8202668210454145,0.10613212051524562,0.4070626467883141,1.540961048119418,1.899045784025682,1.2127276249512497,0.10810060054063797,0.40794050693511963,1.5369399785995483,2.235747550464194,9.0
1505,21461.468,FINAL_SETTLE,1,1.5373474162221685,0.11447137204498496,0.40642006230601735,1.5426273949847997,1.818783560319067,0.6863644126345407,0.11751729249954224,0.4074939489364624,1.5412406921386719,2.2708116125602738,9.0
1506,21461.578,FINAL_SETTLE,1,1.896214567736081,0.12439949531527544,0.4066754532238691,1.5397033132846176,1.9641260709241988,1.0846217467258361,0.1277964562177658,0.4081555902957916,1.5379008054733276,2.5919486743495646,9.0
1507,21461.671,FINAL_SETTLE,1,2.1304593224915043,0.1177851695767138,0.4020399013618829,1.5355448859520993,2.1092739069159614,1.2212601888465502,0.12122949212789536,0.40376347303390503,1.5346119403839111,2.7705740690915244,9.0
1508,21461.765,FINAL_SETTLE,1,1.9591400940941155,0.11272036865518457,0.40324974474175124,1.5386154437707875,1.7591018501385258,1.2247509645151469,0.11524227261543274,0.4039333760738373,1.5373762845993042,2.0647586518196483,9.0
1509,21461.859,FINAL_SETTLE,1,1.820049824337785,0.11565934847512638,0.4035236579147985,1.5425816582577374,1.7854602529516956,1.1963118206730463,0.11814774572849274,0.4044075012207031,1.542146921157837,2.288607140247865,9.0
1510,21461.968,FINAL_SETTLE,1,1.7469043250633924,0.11668705342604067,0.4035516133389815,1.5404881594534525,1.799974699251124,0.9935887569269916,0.119613416492939,0.40451833605766296,1.540063738822937,2.420313157002748,9.0
1511,21462.062,FINAL_SETTLE,1,1.757623329013029,0.11380247543134252,0.40491313236652277,1.5402696482910172,1.681207193561022,1.0077660607008039,0.11652657389640808,0.4056262969970703,1.5401822328567505,2.2937119734137177,9.0
1512,21462.156,FINAL_SETTLE,1,1.7026988628202377,0.11605509702741999,0.40503199554645836,1.5421160912174956,1.7225510359487768,0.949482605786162,0.11887092143297195,0.4058528542518616,1.5419790744781494,2.3681441032871806,9.0
1513,21462.265,FINAL_SETTLE,1,1.7941810558717504,0.11412591452958394,0.4046679879358506,1.5418514585511076,1.8277025550457624,0.9089682922093842,0.11723095178604126,0.40566685795783997,1.5411148071289062,2.3428321461276687,9.0
1514,21462.375,FINAL_SETTLE,1,1.7005972568151215,0.11497380783047315,0.4048190541845046,1.5432021922923533,1.8749135252345603,0.8847713524602755,0.11803566664457321,0.4059615433216095,1.5421947240829468,2.379909876173625,9.0
1515,21462.453,FINAL_SETTLE,1,1.6581345676053778,0.11559792154809026,0.40557969797923227,1.5444676796548213,1.7765557629352928,0.8431059837110088,0.11862102150917053,0.4064154624938965,1.542906403541565,2.172996926530615,9.0
1516,21462.546,FINAL_SETTLE,1,1.7933429345062946,0.11391022614504631,0.4049204320385897,1.5423144021146555,1.8876414430176556,1.0025875282871615,0.11678798496723175,0.4059920012950897,1.5405298471450806,2.226191422005181,9.0
1517,21462.625,FINAL_SETTLE,1,1.735475430759642,0.11468100931396416,0.4045245665710626,1.5427925032445111,1.8863732447014276,1.027023522560636,0.11747872084379196,0.40568166971206665,1.5414927005767822,2.3211564875705606,9.0
1518,21462.734,FINAL_SETTLE,1,1.7121564599895438,0.1154831897280898,0.40456174098470127,1.5430145181131845,1.918607873448921,0.8966803361482109,0.11863136291503906,0.40579235553741455,1.5416619777679443,2.4239591404334186,9.0
1519,21462.828,FINAL_SETTLE,1,1.8215266259340996,0.11383944593388078,0.4038596728277157,1.5391800447558528,2.1194381139550105,0.9219743308017568,0.11738649755716324,0.40538376569747925,1.5362317562103271,2.5344712237399456,9.0
1520,21462.921,FINAL_SETTLE,1,1.8157706585301086,0.11422882187633299,0.4035955425878405,1.5401352330179248,2.1127536570637213,1.1294949163518322,0.11725984513759613,0.4052664339542389,1.5381884574890137,2.5911209095396073,9.0
1521,21463.0,FINAL_SETTLE,1,1.7225656857893046,0.11441999237657302,0.40321246853325654,1.541793233354139,2.0723716075033667,0.8264782368272376,0.11798480898141861,0.40465542674064636,1.5394634008407593,2.4776370624753414,9.0
1522,21463.093,FINAL_SETTLE,1,1.7288699077908676,0.1146328868970927,0.4034627091389038,1.5422005161548886,2.1805331845883504,0.7126520674307925,0.1186077669262886,0.4052737355232239,1.5394212007522583,2.657869965070665,9.0
1523,21463.171,FINAL_SETTLE,1,1.6516374632215627,0.11504813178265448,0.4041176350491342,1.5435261780662972,2.099517586980343,0.7711565638925548,0.11860379576683044,0.4057009816169739,1.5407624244689941,2.540122286489614,9.0
1524,21463.296,FINAL_SETTLE,1,1.7153944235417027,0.11541980736512653,0.40391024959923005,1.5435656255851946,2.1814678843768456,0.8124333233061566,0.11914046853780746,0.4058365523815155,1.5412636995315552,2.7023419106667266,9.0
1525,21463.406,FINAL_SETTLE,1,1.8008858678341306,0.11498999490377425,0.4038639690737056,1.542515134674105,2.146941901840539,0.885865931206755,0.11864269524812698,0.40572062134742737,1.5408638715744019,2.7160873235566503,9.0
1526,21463.5,FINAL_SETTLE,1,1.7580600196170872,0.11540554996390003,0.4037981742437835,1.5421932119861343,2.0745054346188723,0.8900418280052003,0.11889924108982086,0.4054514765739441,1.5408096313476562,2.641995440790744,9.0
1527,21463.593,FINAL_SETTLE,1,1.7020451130249812,0.11549796186077597,0.4044091087099845,1.5426623663685535,2.0650334444829377,0.8552461921582988,0.11898384243249893,0.4059627056121826,1.540513515472412,2.5229447760215886,9.0
1528,21463.687,FINAL_SETTLE,1,1.7540324906930584,0.11474110252045278,0.4045322465166786,1.542554550481674,2.0342620600361414,1.022829061137122,0.11780323088169098,0.4060710072517395,1.541006326675415,2.502777231657127,9.0
1529,21463.796,FINAL_SETTLE,1,1.7435147740056918,0.11429455455316294,0.4045606955117024,1.5416191954131875,2.0906513867753165,0.9398747318617506,0.11763693392276764,0.4062212407588959,1.5398083925247192,2.566001256260564,9.0
1530,21463.89,FINAL_SETTLE,1,1.7344211535958443,0.11466358510658094,0.40436666984153535,1.5426183902251318,2.139509426582554,0.9785491407333254,0.11784979701042175,0.40608111023902893,1.5399969816207886,2.5318259921161608,9.0
1531,21463.984,FINAL_SETTLE,1,1.6304657385426589,0.1163850861382129,0.40421983185524085,1.543344645608835,1.83656722855937,0.8939771714054512,0.1193428561091423,0.4050314128398895,1.5408746004104614,2.214992113082613,9.0
1532,21464.078,FINAL_SETTLE,1,1.5965773407210202,0.11601126872812001,0.40408293651218385,1.5417359580234402,1.811666003223938,0.8050907731630267,0.11911851167678833,0.40494200587272644,1.5402355194091797,2.27505102110975,9.0
1533,21464.171,FINAL_SETTLE,1,1.6125349275441343,0.1164131742947508,0.4043218391961224,1.5440258164147784,1.854074045750185,0.9029525443007318,0.11938817799091339,0.4054047167301178,1.5427106618881226,2.382069529533052,9.0
1534,21464.312,FINAL_SETTLE,1,1.688918454594071,0.11604520689713566,0.40428312035940883,1.5429188487742471,1.8928717602837053,0.951664870452194,0.11909952014684677,0.40564802289009094,1.5430254936218262,2.90104334895213,9.0
1535,21464.406,FINAL_SETTLE,1,1.5924010133587043,0.11628107929779413,0.40452450017974645,1.5436950195629513,1.8820418498719398,0.9519794301470934,0.1191527247428894,0.4056834876537323,1.5423250198364258,2.4093613040384274,9.0
1536,21464.5,FINAL_SETTLE,1,1.5771377757912517,0.11629105893055408,0.4042943118640784,1.5434513744411076,1.9444330821129345,0.9227929299019769,0.11924485862255096,0.40561264753341675,1.541818618774414,2.469232349712501,9.0
1537,21464.593,FINAL_SETTLE,1,1.5919963073251175,0.11648498818574016,0.40406707258321395,1.5431623730122548,1.9637646784494525,0.6853418016104451,0.12008929252624512,0.4055386483669281,1.5426092147827148,2.7948059741878986,9.0
1538,21464.703,FINAL_SETTLE,1,1.6603681558193804,0.11592710430011266,0.4043207075472746,1.5443732535869021,1.893674955905182,1.0237020161010086,0.1187174916267395,0.40561506152153015,1.5437169075012207,2.5501360834804423,9.0
1539,21464.812,FINAL_SETTLE,1,1.6456801108705787,0.11630520502088874,0.4041869722536877,1.5443818574191848,1.959278349335289,0.9132479295550519,0.11943027377128601,0.40559208393096924,1.543116807937622,2.5570353164598805,9.0
1540,21464.906,FINAL_SETTLE,1,1.5601118394978541,0.11664364315486873,0.40437039677728903,1.5448690880011982,1.8999348271908714,0.7563253778036723,0.1199648454785347,0.4056115746498108,1.5436913967132568,2.531332618392493,9.0
1541,21465.0,FINAL_SETTLE,1,1.7443421192041524,0.11546628245647586,0.4046811528228631,1.5448812054530234,1.9116847008309021,1.0845338773663444,0.11828865855932236,0.4060661494731903,1.5443007946014404,2.5976240637518138,9.0
1542,21465.093,FINAL_SETTLE,1,1.7800027161101302,0.1150131579691147,0.4043678970685148,1.544135716249645,1.9887286002504407,1.0377531070161978,0.11806164681911469,0.405886173248291,1.5430757999420166,2.591287329816362,9.0
1543,21465.171,FINAL_SETTLE,1,1.7928745318145378,0.1152100974742933,0.40384214145292735,1.5408725548237634,1.9354129079146933,1.0541193387883956,0.11805033683776855,0.40484219789505005,1.5381406545639038,2.244578328235151,9.0
1544,21465.296,FINAL_SETTLE,1,1.9013946284773222,0.11411701821381931,0.4032897135207294,1.5396014333083599,2.0870010420662837,1.1946809636988616,0.11692413687705994,0.40472111105918884,1.536803960800171,2.419968400473451,9.0
1545,21465.406,FINAL_SETTLE,1,1.8933455169495503,0.1140238641758277,0.4034788415917415,1.5400313773258067,2.0803585217454894,1.182190369031452,0.11689094454050064,0.4051022529602051,1.5379892587661743,2.4971324861350293,9.0
1546,21465.5,FINAL_SETTLE,1,1.7260739946702566,0.115822589381435,0.40350077604078766,1.5402272669686992,2.012933191954589,1.0650771076392442,0.11865400522947311,0.4050038456916809,1.538587212562561,2.5050524281151034,9.0
1547,21465.609,FINAL_SETTLE,1,1.73066360149373,0.11563499491014648,0.4033246297377355,1.5387354873291532,1.999933110261349,0.9999915345395985,0.11863119155168533,0.40479564666748047,1.5375131368637085,2.5405276426522625,9.0
1548,21465.703,FINAL_SETTLE,1,1.665474461200022,0.11599398714385784,0.4034883677619562,1.5407567627442642,1.8979280734523942,1.009646747955956,0.11876236647367477,0.4046493470668793,1.5395437479019165,2.3775391386922955,9.0
1549,21465.812,FINAL_SETTLE,1,1.6577282078557638,0.11612729811473009,0.40365606824082767,1.5416291160722,1.8580532676105406,1.0510964664198599,0.11874864995479584,0.40474390983581543,1.540489912033081,2.339133540794379,9.0
1550,21465.906,FINAL_SETTLE,1,1.6620606404764051,0.11588926158046937,0.4041463298591181,1.5420395311574318,1.7962025661338412,0.9779101648838623,0.11859802901744843,0.40509721636772156,1.5412156581878662,2.300177314287181,9.0
1551,21466.0,FINAL_SETTLE,1,1.709968568101098,0.11526288041598734,0.40416385345786515,1.5428198510530067,1.830679660830935,0.9557025193283051,0.11811580508947372,0.40518918633461,1.5419152975082397,2.3138729827427156,9.0
1552,21466.109,FINAL_SETTLE,1,1.6781044034261636,0.11551258963112018,0.40401612401607995,1.5424777767093318,1.7904027085415366,0.9169195102979779,0.11834581196308136,0.40484124422073364,1.5413005352020264,2.17294298269108,9.0
1553,21466.218,FINAL_SETTLE,1,1.6874955596529984,0.11539876269483183,0.40416339574539156,1.543037962313086,1.8238175033014192,0.9984108892342138,0.11802483350038528,0.40508463978767395,1.5416853427886963,2.174583561118182,9.0
1554,21466.328,FINAL_SETTLE,1,1.6429565048449646,0.11611766545402326,0.4043132020571337,1.542568684711148,1.7777523144825034,0.9402135714881232,0.11879143118858337,0.4051859378814697,1.5418606996536255,2.242177102828809,9.0
1555,21466.437,FINAL_POSE_LOCK,1,1.664101135468307,0.11556702495459438,0.4033320614609199,1.542209220183404,2.0108214847602515,0.9575706719916872,0.11868013441562653,0.4043309986591339,1.538460373878479,2.4197431815564308,9.0
1556,21466.531,FINAL_POSE_LOCK,1,1.5330966031194984,0.11633844472959834,0.40404986622271255,1.5418648078220654,1.860108550853485,0.7612613572052997,0.11959584802389145,0.40468844771385193,1.538809895515442,2.22129220637191,9.0
1557,21466.625,FINAL_POSE_LOCK,1,1.6612828397741322,0.11565662945348443,0.4038785505977287,1.5414064269408103,1.9584792549074457,0.8445376433983817,0.11902791261672974,0.40499067306518555,1.5394517183303833,2.386371929635298,9.0
1558,21466.718,FINAL_POSE_LOCK,1,1.6566432017709418,0.11609801469256557,0.40377903226600886,1.540831579623347,1.9732989808291077,0.8093821710322991,0.11956406384706497,0.404941588640213,1.5389455556869507,2.415665219041977,9.0
1559,21466.812,FINAL_POSE_LOCK,1,1.7094436757873053,0.115096134012117,0.40390577418510076,1.5418312113218537,1.9985380453956638,0.9261291534984243,0.11826467514038086,0.405231773853302,1.5401197671890259,2.434536103593368,9.0
1560,21466.921,FINAL_POSE_LOCK,1,1.7270648623586167,0.11506081772982998,0.4037933122122255,1.541220043466227,2.029527448503797,0.9228010301314746,0.11829819530248642,0.4051946699619293,1.539580225944519,2.4716573629619174,9.0
1561,21467.015,FINAL_POSE_LOCK,1,1.662141309393459,0.11476160254972521,0.4042404065007478,1.5424348985019412,1.9937776905938964,0.8708306993971558,0.11795637011528015,0.40563273429870605,1.5412901639938354,2.5236526598053937,9.0
1562,21467.109,FINAL_POSE_LOCK,1,1.6491034996525722,0.11529281829143703,0.40433265510751404,1.5429676557078442,2.0257563208267304,0.9003008053532655,0.11850672215223312,0.4057937562465668,1.5414661169052124,2.5307182281230167,9.0
1563,21467.203,FINAL_POSE_LOCK,1,1.6629115212393009,0.11530611644014414,0.40420985660744596,1.543376462439147,2.010429049592996,0.9352232100869307,0.11835629492998123,0.4056171178817749,1.541688323020935,2.453994805261109,9.0
1564,21467.296,FINAL_POSE_LOCK,1,1.5881924915414611,0.11606621880764699,0.404154351048998,1.5440967416097315,2.0489592314297984,0.8154388432251729,0.11940144747495651,0.4055730402469635,1.5416492223739624,2.471652883206514,9.0
1565,21467.39,FINAL_POSE_LOCK,1,1.600310772973633,0.11574645039983895,0.4044826876056405,1.5447090164626185,2.0186999968708097,0.8008948874866466,0.1190795749425888,0.40590330958366394,1.5427089929580688,2.4824637242266934,9.0
1566,21467.5,FINAL_POSE_LOCK,1,1.544384609844946,0.11634806845710352,0.4045504290319287,1.545779900726993,2.0095029879214756,0.7591864088964683,0.11968629062175751,0.40597856044769287,1.5437476634979248,2.4977221131041953,9.0
1567,21467.578,FINAL_POSE_LOCK,1,1.6278763332163306,0.11620981888285853,0.40430199668715067,1.5420388637738305,1.9053980079343174,0.5597582950508792,0.12023960053920746,0.40546897053718567,1.5408873558044434,2.620598018514324,9.0
1568,21467.687,FINAL_POSE_LOCK,1,1.6930351488016722,0.11605400584528153,0.4047660106058081,1.5424932741006878,1.9531618844997043,0.8435685308234397,0.11950351297855377,0.4062318801879883,1.5420209169387817,2.7871421121320687,9.0
1569,21467.781,FINAL_POSE_LOCK,1,1.5960670413309626,0.1158091578322836,0.40422396006013483,1.542603768965702,2.025644870154135,0.7598524133904804,0.1193259209394455,0.405751496553421,1.5413997173309326,2.6820697855768127,9.0
1570,21467.875,FINAL_POSE_LOCK,1,1.639281504425689,0.11473791445210152,0.40409689661382986,1.5422603804383763,2.0800223875231474,0.8366434688014299,0.11809591203927994,0.4057637155056,1.5409812927246094,2.6696086596974893,9.0
1571,21467.984,FINAL_POSE_LOCK,1,1.6440605935254473,0.11453059611957303,0.4036617175416887,1.5417104909621493,2.0566265163322766,0.8025849829575679,0.11800256371498108,0.4052150845527649,1.5406272411346436,2.672002192082712,9.0
1572,21468.078,FINAL_POSE_LOCK,1,1.6255293168196117,0.11483743919092525,0.4042883009498131,1.541529058775848,1.9054036409915087,0.7886949089604834,0.11814451217651367,0.4053972661495209,1.5408031940460205,2.506394651857864,9.0
1573,21468.171,FINAL_POSE_LOCK,1,1.6226519895827305,0.11503900613017069,0.4047547685942142,1.5428766950579378,1.973793455137808,0.8110051475684257,0.11837159842252731,0.406095027923584,1.541487216949463,2.521104201323566,9.0
1574,21468.265,FINAL_POSE_LOCK,1,1.5964990235197436,0.11590774257501922,0.40430389673791467,1.5435218741659822,1.9257351387034605,0.7399084908252761,0.11934930831193924,0.4055042564868927,1.5424858331680298,2.5219884936722883,9.0
1575,21468.375,FINAL_POSE_LOCK,1,1.5481352549523482,0.11573776419859841,0.4042744515007485,1.5431468534330408,1.866198889290942,0.7794028483718155,0.11886081844568253,0.4053300619125366,1.5422536134719849,2.4209493786983236,9.0
1576,21468.468,FINAL_POSE_LOCK,1,1.5255092862261117,0.11620495152704992,0.4046021179394585,1.5437836388349002,1.8167045171950547,0.8439825987252575,0.11905370652675629,0.4055296778678894,1.5428073406219482,2.3142608645525407,9.0
1577,21468.562,FINAL_POSE_LOCK,1,1.52208441542428,0.11653342112491281,0.4052166597385967,1.5440952611612864,1.7717891155787417,0.803862930657789,0.1194172203540802,0.4060245752334595,1.5430227518081665,2.249856308868426,9.0
1578,21468.671,FINAL_POSE_LOCK,1,1.4842073835120546,0.11687331144348122,0.40520319719267234,1.5447452147622287,1.7393758263005756,0.7382952981620011,0.119874969124794,0.4059865176677704,1.5441257953643799,2.3322476010712747,9.0
1579,21468.765,FINAL_POSE_LOCK,1,1.3818621216321947,0.11845650447323898,0.40452663056688926,1.5412260945234943,1.6303330846829576,0.7079534284285043,0.12134340405464172,0.4050670266151428,1.5412943363189697,2.459675201817631,9.0
1580,21468.859,FINAL_POSE_LOCK,1,1.4632975760540656,0.11739327070089513,0.40426387796618285,1.54082821804536,1.7096915940134187,0.837066577988353,0.12014902383089066,0.40507104992866516,1.5412992238998413,2.660610485412893,9.0
1581,21468.968,FINAL_POSE_LOCK,1,1.5166697851263502,0.11785173730087128,0.40514190027273184,1.542279002041216,1.6137599521134842,0.8316414228819432,0.12073416262865067,0.405650794506073,1.542160987854004,2.3671942860022117,9.0
1582,21469.046,FINAL_POSE_LOCK,1,1.473213441585167,0.11792249457066774,0.4047295216335146,1.5430147543058397,1.8221059058632088,0.7584875047779736,0.12101072818040848,0.40581172704696655,1.5426634550094604,2.620096979836281,9.0
1583,21469.14,FINAL_POSE_LOCK,1,1.600459302952178,0.11656186309034228,0.4042364668699578,1.5408264345632086,1.7850143643588627,0.8095868792756857,0.1196712926030159,0.40521106123924255,1.5406688451766968,2.561236919791576,9.0
1584,21469.234,FINAL_POSE_LOCK,1,1.6774374566639383,0.11637375869998164,0.40435990590666926,1.540888272537837,1.8570717087780926,0.8045016552111739,0.11975611001253128,0.40550023317337036,1.5403411388397217,2.619035098630302,9.0
1585,21469.375,FINAL_POSE_LOCK,1,1.6467893748401954,0.11611009106316265,0.4048150724022647,1.5403223241744053,1.7698873124823473,1.0299982032262396,0.11872855573892593,0.40580376982688904,1.5403785705566406,2.535398988443101,9.0
1586,21469.484,FINAL_POSE_LOCK,1,1.5962420650614675,0.11625662079635049,0.4043041386638558,1.5404257761282247,1.8248433697731457,0.9447839517242674,0.1189764216542244,0.4054815173149109,1.5409111976623535,2.9492421918904674,9.0
1587,21469.578,FINAL_POSE_LOCK,1,1.6085962528066753,0.1165153038932314,0.4042284055305031,1.5427453002192308,1.859649021894766,0.9228721430541367,0.11941070854663849,0.40547019243240356,1.543078064918518,3.0242942268327684,9.0
1588,21469.671,FINAL_POSE_LOCK,1,1.6388658261433993,0.11671468618147514,0.4036639065247668,1.5411544523163685,1.8928808064714844,0.7587422496792886,0.12016316503286362,0.40488189458847046,1.5412245988845825,3.1881804205082727,9.0
1589,21469.765,FINAL_POSE_LOCK,1,1.5831612866341436,0.11668915887920582,0.40371110094131013,1.5424276054842463,1.8124829306792936,0.7533410634973554,0.11994064599275589,0.4047231078147888,1.5427504777908325,3.0144762915920564,9.0
1590,21469.859,FINAL_POSE_LOCK,1,1.5776344170864587,0.11664430534638714,0.4040446949500847,1.5429837747465787,1.722632174070834,0.8230113776918777,0.11957629024982452,0.404878169298172,1.5437079668045044,2.873373374674731,9.0
1591,21469.953,FINAL_POSE_LOCK,1,1.6634906399296168,0.11578333856796393,0.4051637104854455,1.545079947692272,1.9628552800712062,1.0140360413968301,0.11860150098800659,0.4062530994415283,1.5418540239334106,2.357502946988779,9.0
1592,21470.062,FINAL_POSE_LOCK,1,1.7310226302105798,0.11512256628158503,0.4048608557783859,1.5453989857959987,2.052261001678654,1.0964429632376769,0.1178479865193367,0.40617990493774414,1.5419394969940186,2.4346135501829376,9.0
1593,21470.14,FINAL_POSE_LOCK,1,1.8049532941798008,0.1147306778547946,0.4050260623874956,1.5453330683765671,2.0453466552106025,1.2056181619686053,0.11729799956083298,0.4063672423362732,1.5421059131622314,2.4143013105001385,9.0
1594,21470.265,READY_TO_INSERT,1,1.7795270945794541,0.1147058333262239,0.4057209512559784,1.5460320653316004,2.0362440656548326,1.057554608763176,0.11768186837434769,0.4072754681110382,1.5441367626190186,2.4769296580885913,9.0
1595,21470.39,READY_TO_INSERT,1,1.7033662184518392,0.11497358230655312,0.40545408652110687,1.545525770627956,1.9988328943683356,0.824280603748727,0.11842507123947144,0.4070499539375305,1.5448507070541382,2.7260596296621644,9.0
1596,21470.484,READY_TO_INSERT,1,1.6569279278539077,0.11612060749158595,0.40550117930680546,1.5465730308630634,1.9342385796952417,0.9401770835392249,0.11911365389823914,0.40679773688316345,1.5451200008392334,2.4106370644162096,9.0
1597,21470.578,READY_TO_INSERT,1,1.7082767949556341,0.11503282867813756,0.4055232751866921,1.5448567055685982,1.980292320510787,0.966478323911341,0.11810721457004547,0.4070259928703308,1.5438711643218994,2.564084757003967,9.0
1598,21470.687,READY_TO_INSERT,1,1.7434624022436747,0.11543749296142015,0.4056783406810608,1.5454877829760767,1.9816936939077072,1.0204198455838345,0.11841641366481781,0.40726810693740845,1.544669270515442,2.623103562641938,9.0
1599,21470.781,READY_TO_INSERT,1,1.7771017942332825,0.11493015403674693,0.4047166874820327,1.544142374077408,2.058470008820927,1.0980976995205871,0.11784220486879349,0.40650415420532227,1.5434223413467407,2.7209560952556915,9.0
1600,21470.875,READY_TO_INSERT,1,1.839085715685207,0.11499370449745654,0.40475093803660495,1.5441286539431422,2.1321336111312172,1.072449907773699,0.118201345205307,0.40674540400505066,1.5430821180343628,2.7933986349362225,9.0
1601,21470.968,READY_TO_INSERT,1,1.7480399913320046,0.11553147988017963,0.4045005990159648,1.5424204559091954,2.0725287646166857,0.9932279956649696,0.11870281398296356,0.4062352180480957,1.541219711303711,2.6717662071045307,9.0
1602,21471.078,READY_TO_INSERT,1,1.7441281885225848,0.11572605722523205,0.4046753696107095,1.5443014526914132,2.063022186415083,0.9902669670726153,0.11893830448389053,0.4063992202281952,1.5431783199310303,2.6909699379425485,9.0
1603,21471.171,READY_TO_INSERT,1,1.590515506991692,0.11581029103259596,0.4045186376895948,1.544997322385918,1.8967279826159038,0.6213914890256407,0.11954579502344131,0.4057224690914154,1.5449097156524658,2.931599997354814,9.0
1604,21471.25,READY_TO_INSERT,1,1.4765809149094424,0.11640515894867838,0.40535261817125134,1.548382861941678,1.8606738868822745,0.5579965002647488,0.12011425942182541,0.40647947788238525,1.5481822490692139,2.803953296767951,9.0
1605,21471.39,READY_TO_INSERT,1,1.5513847130354503,0.11626529515916523,0.4049813209335068,1.5464719248174277,1.8528117924107195,0.7545161669085905,0.11950783431529999,0.4061620235443115,1.5466054677963257,2.7691609448651255,9.0
1606,21471.484,READY_TO_INSERT,1,1.4348716445242051,0.11678412906547703,0.4056282823449628,1.5476489083460667,1.7952313762478387,0.6079443824807935,0.12013556063175201,0.4065396785736084,1.5467722415924072,2.435766366224755,9.0
1607,21471.578,READY_TO_INSERT,1,1.4078403329417954,0.11663729934414438,0.405331862594609,1.5458838187881503,1.7347022009400208,0.5467058612009333,0.12001381814479828,0.40607893466949463,1.5452839136123657,2.3963473881721495,9.0
1608,21471.687,READY_TO_INSERT,1,1.392759726366255,0.11686987370363908,0.405089894818549,1.5453627788940956,1.7169922657412102,0.35581521568923785,0.12072621285915375,0.40575674176216125,1.544721007347107,2.4320295290678313,9.0
1609,21471.765,READY_TO_INSERT,1,1.4969725032630756,0.11622511433556042,0.40478497690516135,1.5431074239798932,1.7835776390515694,0.5370915876608677,0.11980856955051422,0.40559688210487366,1.5421994924545288,2.3829368844858028,9.0
1610,21471.875,READY_TO_INSERT,1,1.560130605527472,0.11587972519837411,0.4044521330127611,1.5428052183147798,1.911035853913923,0.46882327762395615,0.1199069544672966,0.40563341975212097,1.542090654373169,2.679200738992451,9.0
1611,21471.968,READY_TO_INSERT,1,1.5517975943082893,0.11644616364855709,0.4046670800837994,1.5428354531512078,1.8727032044814886,0.5719855413158462,0.12011873722076416,0.4058879613876343,1.5427840948104858,3.052750743983844,9.0
1612,21472.062,READY_TO_INSERT,1,1.4951999173083,0.11622368010010625,0.4047411246260469,1.5426837207714557,1.8588617407561803,0.4451049607487455,0.12015585601329803,0.40589842200279236,1.5424156188964844,2.864312781647238,9.0
1613,21472.171,READY_TO_INSERT,1,1.566177652293889,0.11643063704425961,0.4042470401969941,1.542624825771867,1.9361971641580136,0.4268577734996017,0.1206178218126297,0.4055895507335663,1.5420931577682495,2.902196762895476,9.0
1614,21472.265,READY_TO_INSERT,1,1.578167002254426,0.11642005436986083,0.40419885901277147,1.5419048334071206,1.969363841007963,0.4820968448419594,0.12044220417737961,0.40565261244773865,1.541558027267456,3.2057250689685315,9.0
1615,21472.375,READY_TO_INSERT,1,1.811995114850547,0.11342819487746048,0.40382901513968333,1.5419366965004053,2.105376812591532,1.0799004180211584,0.11634522676467896,0.40552446246147156,1.540103554725647,2.5218786981935892,9.0
1616,21472.484,READY_TO_INSERT,1,1.738199423836459,0.1148264907973083,0.4055633609322852,1.5447656861782666,1.9062744666163522,1.1259205825036096,0.11744245141744614,0.40687525272369385,1.5438387393951416,2.4304609952463547,9.0
1617,21472.578,READY_TO_INSERT,1,1.6810722027879894,0.11440286011858038,0.40562138123687747,1.5431887193352651,1.8842048476507842,1.0023173413772932,0.11710041761398315,0.4068281352519989,1.5420348644256592,2.3477197538575014,9.0
1618,21472.687,READY_TO_INSERT,1,1.7852476775078046,0.11369517192462605,0.40534439783100273,1.5416665268193497,2.005613713836681,1.160358739928658,0.11632247269153595,0.40701648592948914,1.5408403873443604,2.6141431373423307,9.0
1619,21472.781,READY_TO_INSERT,1,1.7442077689266735,0.11522581987536093,0.4046611542152212,1.5405647123092228,1.967240634203701,1.1440527719923417,0.11787761747837067,0.4062003791332245,1.5397027730941772,2.5859169134109696,9.0
1620,21472.875,READY_TO_INSERT,1,1.7562226079428653,0.1153073827847832,0.4047019312491774,1.5412513177587244,1.9523848430469675,0.9341450299919601,0.11851340532302856,0.40626466274261475,1.541149616241455,2.828159703413969,9.0
1621,21472.953,READY_TO_INSERT,1,1.727371554474979,0.11592441940242537,0.40520620268239715,1.5440388976611232,1.937723046902467,1.0509351787819927,0.11877889186143875,0.4066937565803528,1.5432164669036865,2.59357562830749,9.0
1622,21473.062,READY_TO_INSERT,1,1.6839242421861904,0.11637462791678979,0.4051508590500321,1.5448488099673665,1.9250762757175404,0.943566880195846,0.11945544928312302,0.40665656328201294,1.5445209741592407,2.7579688514843683,9.0
1623,21473.156,READY_TO_INSERT,1,1.7426779087484385,0.11557136391157122,0.40481907703808606,1.5445225738555657,1.94057186891506,1.1967689301154765,0.11804202944040298,0.4061475396156311,1.5427992343902588,2.3809207275063184,9.0
1624,21473.25,READY_TO_INSERT,1,1.8201269593606806,0.11553052474018045,0.4048156181915596,1.5437229035049034,1.9849143648143805,1.334895448793285,0.11774308234453201,0.4062088429927826,1.5413738489151,2.3784686808841995,9.0
1625,21473.375,READY_TO_INSERT,1,1.7890023994429092,0.11535503608019376,0.4054273105141484,1.5444742499950415,1.9499187621324263,1.311342417537029,0.11743536591529846,0.4066176116466522,1.5413678884506226,2.323622202263488,9.0
1626,21473.484,READY_TO_INSERT,1,1.8312851637923686,0.11502808058168452,0.4052598297512651,1.543607210602445,1.9523125526112113,1.182744852402266,0.11765435338020325,0.40673133730888367,1.542420744895935,2.474344504067504,9.0
1627,21473.562,READY_TO_INSERT,1,1.7890694239640315,0.11545769787229938,0.4039814601394244,1.542182686040718,2.0292265741434017,0.7160430077532846,0.11954212933778763,0.40543973445892334,1.5404719114303589,2.6241632853363024,9.0
1628,21473.656,READY_TO_INSERT,1,1.7755449176656517,0.11608714617655436,0.4036874208930622,1.5415504448906752,2.012834825914693,0.7135145530341774,0.12008397281169891,0.40521687269210815,1.541080117225647,2.8753816553707505,9.0
1629,21473.75,READY_TO_INSERT,1,1.7580298616614085,0.1163974310322517,0.4042215181693635,1.5405335791865458,1.9011983955618923,0.7806605903839643,0.12005801498889923,0.4053345322608948,1.539300560951233,2.466914565296439,9.0
1630,21473.843,READY_TO_INSERT,1,1.8345218872389786,0.11537557629222779,0.4043241112491759,1.53904523886202,1.9929840338252132,0.8643700275382704,0.11902310699224472,0.4057004749774933,1.5375308990478516,2.5285163658400815,9.0
1631,21473.937,READY_TO_INSERT,1,1.801971171208645,0.11560218168520693,0.4044453503264103,1.5382576129563552,2.0682485169700984,0.782752519820396,0.11942468583583832,0.4061944782733917,1.5373154878616333,2.8328587349719907,9.0
1632,21474.031,READY_TO_INSERT,1,1.7243925040851193,0.11661192131614435,0.4050324239323674,1.5395582742870897,1.9474666436599712,0.6757465303429216,0.12046916037797928,0.40644168853759766,1.5389089584350586,2.7572088817891376,9.0
1633,21474.14,READY_TO_INSERT,1,1.7216370684920148,0.11594628411543124,0.40510042802275276,1.5406479267547428,1.9283758898782197,0.8220485554332472,0.11938546597957611,0.40644747018814087,1.539865493774414,2.6381401232699178,9.0
1634,21474.218,READY_TO_INSERT,1,1.6936747046702658,0.11647818513494866,0.4057498280150193,1.5421685550835427,2.0030557910904725,0.7006032754269295,0.12025855481624603,0.40727725625038147,1.5404797792434692,2.63901014272797,9.0
1635,21474.312,READY_TO_INSERT,1,1.7605341607709875,0.11566299185776617,0.40495880261559036,1.5414136686865665,2.086708250424281,0.8182545205898815,0.11931563913822174,0.40684112906455994,1.540408730506897,2.8592067225068134,9.0
1636,21474.406,READY_TO_INSERT,1,1.7360324440272954,0.11644407771516771,0.4053634547434574,1.542274418335986,2.029726502569628,0.7131953644428792,0.12035179883241653,0.4070257544517517,1.5410670042037964,2.803427445108545,9.0
1637,21474.5,READY_TO_INSERT,1,1.7060339568964025,0.1160424942157379,0.4043939169979057,1.541403750836842,1.988489932196004,0.7751172164026826,0.11961150169372559,0.40585169196128845,1.5402108430862427,2.6181996597684254,9.0
1638,21474.593,READY_TO_INSERT,1,1.7285335305336442,0.11588875784347823,0.40469186523507444,1.5419802876720496,1.9726293989135142,0.927146901235863,0.11906901746988297,0.40614956617355347,1.5408495664596558,2.555114727318377,9.0
1639,21474.687,READY_TO_INSERT,1,1.821143019090182,0.11513744748202455,0.4037678220906776,1.538685602235231,2.192792066054085,0.7603924397991959,0.1191852018237114,0.40562325716018677,1.5362564325332642,2.7189822107232264,9.0
1640,21474.781,READY_TO_INSERT,1,1.7955119829899118,0.11494920774532925,0.4042583224119261,1.5405810153036559,2.1166589556195814,0.7868694498660596,0.11872192472219467,0.4058474600315094,1.537719964981079,2.5353720562080344,9.0
1641,21474.875,READY_TO_INSERT,1,1.8271658630478835,0.11513250232316438,0.4043267119041783,1.5406148183605854,2.159132348583876,0.9930858771492135,0.11849018186330795,0.4062170386314392,1.5385760068893433,2.6654205630498353,9.0
1642,21474.968,READY_TO_INSERT,1,1.8095312484144939,0.11502487054960012,0.4039606506570684,1.539749963057643,2.156461405888804,0.8842123110422564,0.11865851283073425,0.40588468313217163,1.5382755994796753,2.7892184393897663,9.0
1643,21475.062,READY_TO_INSERT,1,1.7381708478147004,0.11565085110411008,0.4047919625630415,1.54277733327036,2.095858362578562,0.8839482777732236,0.11910048127174377,0.40638139843940735,1.5400516986846924,2.542935947176164,9.0
1644,21475.156,READY_TO_INSERT,1,1.8945165553028342,0.11440340432445203,0.40504383710104663,1.5414501448859685,2.033875017967607,0.9616257576239514,0.1178581714630127,0.406572550535202,1.5398313999176025,2.542119791202979,9.0
1645,21475.265,READY_TO_INSERT,1,1.8348033456368131,0.11483415541900592,0.4051049797485659,1.5422300544718175,2.0083617388694797,0.8075050028494459,0.11860623955726624,0.4065062701702118,1.5404064655303955,2.5158498318066647,9.0
1646,21475.39,READY_TO_INSERT,1,1.7627115990900695,0.11498980536961177,0.4049060593051428,1.5412710035826196,1.9550033147361572,0.8278950521569135,0.11851883679628372,0.4062696397304535,1.5402544736862183,2.6022064591097895,9.0
1647,21475.468,READY_TO_INSERT,1,1.7822406504806567,0.11450178653076108,0.40508802488528645,1.5420096886025632,1.9485651705820872,0.7035371110601836,0.11836813390254974,0.4063674807548523,1.5405255556106567,2.518916026977706,9.0
1648,21475.578,READY_TO_INSERT,1,1.8012535554242226,0.11471800256282914,0.4048543231222309,1.541436835933681,1.9496959363992767,0.6910721631979727,0.11863431334495544,0.40614911913871765,1.5400915145874023,2.55691098869328,9.0
1649,21475.656,READY_TO_INSERT,1,1.7519675827309427,0.11484936872070732,0.4051980641316466,1.5416849991505328,1.8665065165825234,0.7750941832975335,0.11833096295595169,0.4062252938747406,1.5401496887207031,2.3328005492253636,9.0
1650,21475.75,READY_TO_INSERT,1,1.7444945038888484,0.11553130734819331,0.4048419851799734,1.542711667608632,1.7506052469210418,1.0194299306950603,0.11831270158290863,0.40566661953926086,1.542029857635498,2.27812142190052,9.0
1651,21475.843,READY_TO_INSERT,1,1.719773484246805,0.11465489921459618,0.40449184042673914,1.541861432958811,2.054651336301817,0.7857450470507855,0.11826352030038834,0.4060470759868622,1.539949893951416,2.5785088156962,9.0
1652,21475.953,READY_TO_INSERT,1,1.7124189611722738,0.11571944933902696,0.4047482604963526,1.5440445368859828,2.141657661225607,0.7499442865217787,0.1194569319486618,0.4065999984741211,1.541390299797058,2.6633828732073974,9.0
1653,21476.046,READY_TO_INSERT,1,1.6118400142754339,0.11672005012152697,0.4045170830995794,1.5436441032128718,2.0184498503744743,0.7662529346029165,0.12015711516141891,0.4060114920139313,1.5415314435958862,2.5315939300350228,9.0
1654,21476.14,READY_TO_INSERT,1,1.63408655727242,0.11631651940037621,0.40430346923666843,1.5418294141322306,2.0374712630715943,0.7668169278051816,0.11979179829359055,0.40580639243125916,1.5398063659667969,2.5411518860521483,9.0
1655,21476.218,READY_TO_INSERT,1,1.710666100607626,0.11595236687157812,0.4051655651147082,1.5427248143380714,2.053132246912336,0.8127713591344428,0.11939594149589539,0.4066426753997803,1.539847731590271,2.463953447554564,9.0
1656,21476.328,READY_TO_INSERT,1,1.6215597435807032,0.11666854171779949,0.40522364541776856,1.54322851131192,1.9200204090433302,0.6896093441785535,0.12021106481552124,0.40641477704048157,1.541353464126587,2.4060953624770174,9.0
1657,21476.406,READY_TO_INSERT,1,1.6546269154368942,0.11604208916279203,0.4050150497510707,1.5439014944125349,1.9621690322988106,0.8352299814505413,0.11931052058935165,0.40625762939453125,1.5415760278701782,2.3746951179383693,9.0
1658,21476.515,READY_TO_INSERT,1,1.6578308477832284,0.11584716157280892,0.40436249202142865,1.5433595723493698,2.01009040541562,0.8642936612391382,0.11910241842269897,0.4057562053203583,1.5410892963409424,2.4455469630168363,9.0
1659,21476.609,READY_TO_INSERT,1,1.6446935884913425,0.11586416042851,0.4043673261960127,1.5430064858786843,2.04296741926934,0.8445300024022558,0.11917875707149506,0.40586426854133606,1.5405843257904053,2.488256268878836,9.0
1660,21476.703,READY_TO_INSERT,1,1.6644380620612973,0.11543408112018178,0.40403345149197994,1.5429080719236827,2.111530322619093,0.8901253936079405,0.11877797544002533,0.4057353436946869,1.540600061416626,2.594222183800818,9.0
1661,21476.796,READY_TO_INSERT,1,1.597822857768572,0.11606778124676825,0.4046510833934678,1.5441877137382003,1.9874795773881373,0.853926371474577,0.11929583549499512,0.4059998691082001,1.542019009590149,2.4514819339207476,9.0
1662,21476.89,READY_TO_INSERT,1,1.5864933664001397,0.11573570240830754,0.4053694395506382,1.5461468946166668,2.027854944388179,0.8579126152161879,0.11888845264911652,0.40682733058929443,1.5437877178192139,2.4640137100901356,9.0
1663,21476.984,READY_TO_INSERT,1,1.676904520622973,0.11636940579436836,0.4046133263031739,1.5415501040344988,1.6949043617885675,0.8083678912133286,0.11963045597076416,0.40537402033805847,1.541788935661316,2.578099378130783,9.0
1664,21477.078,READY_TO_INSERT,1,1.6962635188476443,0.11688522638570714,0.4047560930549158,1.5425322181442775,1.9559389120756976,0.837904233834294,0.12042398005723953,0.40625712275505066,1.5419472455978394,2.810763499675836,9.0
1665,21477.187,READY_TO_INSERT,1,1.7737435781152961,0.1163767453284784,0.40460352568709823,1.5414689462776052,1.8485908166880385,1.084789438319246,0.11930931359529495,0.40584275126457214,1.5414961576461792,2.7279151342750527,9.0
1666,21477.281,READY_TO_INSERT,1,1.62075786967515,0.11742313247779988,0.40438261393906527,1.5415202497295584,1.8419795613444185,0.8585340726132681,0.12061045318841934,0.4055754840373993,1.5414762496948242,2.7840191028874886,9.0
1667,21477.375,READY_TO_INSERT,1,1.5698497398618685,0.11740631540659836,0.4052100601436501,1.5431416785295289,1.8536459968490835,0.8755385977257446,0.12045928835868835,0.40644025802612305,1.542575716972351,2.64061770211454,9.0
1668,21477.468,READY_TO_INSERT,1,1.5779697853051105,0.11732542096744605,0.40553236916749136,1.5436402846626287,1.68225747421821,0.9908169458004782,0.11990726739168167,0.406428724527359,1.5441282987594604,2.6202801236191076,9.0
1669,21477.578,READY_TO_INSERT,1,1.6126171393521431,0.11711708071221316,0.40521606600651333,1.5433985952083717,1.7531198987044716,0.968220820648298,0.1199062317609787,0.4062176048755646,1.5434869527816772,2.593762772839632,9.0
1670,21477.671,READY_TO_INSERT,1,1.6754937797154863,0.11638429945567065,0.404888346915346,1.5425183776147426,1.8094685905268957,0.9875664101016597,0.11919508874416351,0.40603774785995483,1.5424591302871704,2.594328333236098,9.0
1671,21477.765,READY_TO_INSERT,1,1.6621107129686683,0.11657643923655946,0.40521431018520987,1.5429619339647693,1.777733201208437,0.9744589659836619,0.11944837123155594,0.40629512071609497,1.5430864095687866,2.6262276519526506,9.0
1672,21477.875,READY_TO_INSERT,1,1.7002560110910174,0.11621064481986972,0.40508540714539387,1.542455168228398,1.8014837590752355,1.1272258930074643,0.11874636262655258,0.4061768054962158,1.5419918298721313,2.4598584864167456,9.0
1673,21477.968,READY_TO_INSERT,1,1.6490882484005942,0.11656112025049487,0.4050262925921928,1.5432086980959498,1.78245628665624,0.9943926911913503,0.11930133402347565,0.40615028142929077,1.5437312126159668,2.8624149999055346,9.0
1674,21478.062,READY_TO_INSERT,1,1.6152310005885355,0.11641232533029831,0.40471458468381954,1.5434025671456781,1.8441010209250055,0.8786452220316187,0.11941586434841156,0.4059695899486542,1.5436891317367554,2.8513653981995013,9.0
1675,21478.156,READY_TO_INSERT,1,1.8091883573629246,0.11532309911101292,0.4048727588616529,1.5445922880887026,1.8520845242859216,0.8908502481522433,0.11867845058441162,0.40580448508262634,1.542952537536621,2.2880688936183917,9.0
1676,21478.25,READY_TO_INSERT,1,1.826045964861399,0.11520944477614976,0.40438462201974984,1.5435701325111337,1.963104284126816,1.0050145118896143,0.11839043349027634,0.40578463673591614,1.5429222583770752,2.611587078752465,9.0
1677,21478.359,READY_TO_INSERT,1,1.8726397299763058,0.11497393813276832,0.4046786970256942,1.542426536882063,1.9422447914613732,1.018696907782137,0.11817234009504318,0.4061453640460968,1.5421583652496338,2.7226082812382133,9.0
1678,21478.468,READY_TO_INSERT,1,1.7653383841221346,0.11572895744976831,0.40502976782912997,1.5450439585396993,1.8283462834959072,1.0250178686419402,0.1185501217842102,0.40629446506500244,1.545518159866333,2.7561130737906328,9.0
1679,21478.562,READY_TO_INSERT,1,1.7745121367409409,0.11615411611158277,0.40539471050573556,1.544315445105126,1.7681466359258564,1.0243608312179702,0.11895281076431274,0.40649664402008057,1.545061469078064,2.9688997784825406,9.0
1680,21478.656,READY_TO_INSERT,1,1.773874909301176,0.11612930218110142,0.4051892220918511,1.5441562700280034,1.805692400114119,1.001195840532261,0.11908125877380371,0.4063636362552643,1.5445877313613892,2.7163784171295378,9.0
1681,21478.75,READY_TO_INSERT,1,1.662757881185487,0.11639684963635734,0.40562624868993835,1.545793345139352,1.778247404707154,0.7945818620781807,0.11963150650262833,0.40671446919441223,1.545914888381958,2.6536255823588046,9.0
1682,21478.859,READY_TO_INSERT,1,1.6821011108426482,0.11632160836432925,0.4055073568061047,1.5438824253565382,1.7782549171278925,0.7569193186794889,0.11965423822402954,0.40658333897590637,1.5442405939102173,2.890031059907521,9.0
1683,21478.953,READY_TO_INSERT,1,1.6916785162005163,0.11668219207243377,0.4052681941936718,1.5442632115795896,1.760823359310577,0.785847876967029,0.11999492347240448,0.4062976837158203,1.5446137189865112,2.878215191729902,9.0
1684,21479.046,READY_TO_INSERT,1,1.6280074190508058,0.11697244321901216,0.4057528364716624,1.5443111600845334,1.7293773770653789,0.7868890278823348,0.12009850889444351,0.40672093629837036,1.544793725013733,2.9150310224188827,9.0
1685,21479.156,READY_TO_INSERT,1,1.628876846005989,0.11720844109675047,0.405585529674404,1.5444514514659318,1.7465720772910829,0.813641416440128,0.12023017555475235,0.4065934717655182,1.5450694561004639,3.1395249816697866,9.0
1686,21479.265,READY_TO_INSERT,1,1.6241470723632672,0.11645191785069581,0.40610094125155266,1.5442841871208848,1.7097913228489565,0.8590732468676611,0.11931244283914566,0.4070819318294525,1.5449639558792114,2.963177265322642,9.0
1687,21479.359,READY_TO_INSERT,1,1.7911917344649184,0.11461067853848486,0.4044228386777687,1.5403603190822561,2.0655797667006466,0.849435844779228,0.11823361366987228,0.4059305787086487,1.5384184122085571,2.5549664787742543,9.0
1688,21479.453,READY_TO_INSERT,1,1.7038361483176327,0.11530466553409419,0.40555334010526595,1.5438446376618336,1.9468447809314675,0.9303223475446919,0.11847332864999771,0.40692251920700073,1.5428892374038696,2.563082988385508,9.0
1689,21479.562,READY_TO_INSERT,1,1.5759491665581244,0.1158352736186074,0.4057712251978268,1.543488659145466,1.7956963302964386,0.9025371945202899,0.11866970360279083,0.4067009687423706,1.5427788496017456,2.3794119142278722,9.0
1690,21479.656,READY_TO_INSERT,1,1.5199359065627074,0.11659252270133477,0.4051241975568699,1.5423666425754166,1.74045653300668,0.8513798132616658,0.11933847516775131,0.40587562322616577,1.5415536165237427,2.2530309542357756,9.0
1691,21479.765,READY_TO_INSERT,1,1.5535181378108385,0.11608857689830093,0.4048197928595903,1.5420598365100449,1.739356793783041,0.8274829189303726,0.11895318329334259,0.40565332770347595,1.54196298122406,2.430300095341752,9.0
1692,21479.859,READY_TO_INSERT,1,1.6572458751838355,0.11566242816400689,0.4045663681053276,1.5374841095067924,1.7694877290529343,0.7199568218651825,0.11904731392860413,0.40548694133758545,1.5376728773117065,2.6395210472750854,9.0
1693,21479.953,READY_TO_INSERT,1,1.6523595424465847,0.11597681949237967,0.4051795951467883,1.5391827043527833,1.7691162094607182,0.8120108517534098,0.11907989531755447,0.40611767768859863,1.538991928100586,2.4906512222426533,9.0
1694,21480.046,READY_TO_INSERT,1,1.6062908893257888,0.11614269667181627,0.4046219910506684,1.5398757066770825,1.738759184084221,0.77004220136633,0.11926106363534927,0.4054383933544159,1.5395365953445435,2.413437152025042,9.0
1695,21480.156,READY_TO_INSERT,1,1.6315185486770045,0.11616725514115346,0.40429804277354825,1.5396477482293958,1.815911002952245,0.8245019066686832,0.11923789978027344,0.4052632749080658,1.5388097763061523,2.3763054628519638,9.0
1696,21480.25,READY_TO_INSERT,1,1.5820058511575048,0.11613550903938241,0.4042034008904318,1.542243072351915,1.77496042700977,0.9277140875167759,0.11881399899721146,0.4049655795097351,1.5409502983093262,2.1777250959112138,9.0
1697,21480.343,READY_TO_INSERT,1,1.585057913385444,0.11641415142940206,0.40472619012360705,1.5441548521023376,1.6975378996936525,0.9667065500868145,0.11890117824077606,0.40529879927635193,1.5428727865219116,2.061707686806019,9.0
1698,21480.453,READY_TO_INSERT,1,1.572841727508322,0.11654832304892539,0.4054892792499462,1.5458614218450402,1.6749775110372513,0.9583155405110206,0.11902683228254318,0.40604642033576965,1.5446034669876099,2.0603992585838644,9.0
1699,21480.546,READY_TO_INSERT,1,1.6220543092218476,0.11669559309391883,0.4039889853258008,1.5415654878248521,1.8441743369064911,0.795057922130888,0.11994905024766922,0.40499618649482727,1.5405055284500122,2.4559460919107567,9.0
1700,21480.64,READY_TO_INSERT,1,1.6435788414510053,0.11660451637639763,0.40448557732148904,1.5419747066198337,1.8848954560038051,0.9683402959492893,0.11944536864757538,0.40577635169029236,1.5416741371154785,2.6374192946440376,9.0
1701,21480.734,READY_TO_INSERT,1,1.6592123500541924,0.11685108841627509,0.4054359911711911,1.5433861680763876,1.8591991608157834,0.6924538313260661,0.1204095184803009,0.406623899936676,1.542748212814331,2.627668930397908,9.0
1702,21480.828,READY_TO_INSERT,1,1.5448405031608623,0.11683940462045153,0.4052570282247973,1.5421529285676765,1.8565708617735905,0.6377170999894942,0.12032581865787506,0.40648970007896423,1.5420540571212769,2.8713723331899503,9.0
1703,21480.937,READY_TO_INSERT,1,1.5688005719760596,0.11659753514467487,0.4053107949074375,1.5439558342434958,1.8867098632346855,0.724777565089658,0.11990487575531006,0.4065631330013275,1.5430474281311035,2.5599782985317883,9.0
1704,21481.015,READY_TO_INSERT,1,1.5483187686703703,0.11639214353382799,0.4054434966098509,1.545082787864021,1.835794273405144,0.7777505252991446,0.11938466876745224,0.40654894709587097,1.5443620681762695,2.453749602790851,9.0
1705,21481.125,READY_TO_INSERT,1,1.5939512225104968,0.11602320074587305,0.4049842696818987,1.5451155975277986,1.9703620633182137,0.7664214992421136,0.11926588416099548,0.40645599365234375,1.543946385383606,2.587726659863125,9.0
1706,21481.218,READY_TO_INSERT,1,1.5622096828478287,0.11628010149212598,0.40546667110434076,1.5459387914612495,1.9269250532122513,0.7971272065077482,0.1193792074918747,0.40683242678642273,1.5447355508804321,2.531883081737198,9.0
1707,21481.328,READY_TO_INSERT,1,1.5881778482242703,0.11642106690409325,0.4055953259741564,1.5446419484605551,1.88655397135774,0.6941311552563602,0.11980950832366943,0.4068293571472168,1.5433061122894287,2.4929265440842223,9.0
1708,21481.406,READY_TO_INSERT,1,1.5091279908646689,0.11680595416276922,0.4061976398537886,1.5461921670711674,1.7447838692776427,0.7296581791192515,0.11981435120105743,0.407095730304718,1.545278549194336,2.3463802249449475,9.0
1709,21481.5,READY_TO_INSERT,1,1.3699176600753964,0.11802733148391424,0.4064091146891753,1.546536701757378,1.6758497185314511,0.6104449402010936,0.12100671231746674,0.40708181262016296,1.5452911853790283,2.198709191388844,9.0
1710,21481.609,READY_TO_INSERT,1,1.3747239474396427,0.11774884922890747,0.40579004466560625,1.546165283458602,1.6917299184921903,0.5373437260992776,0.1209404468536377,0.4065091013908386,1.5454416275024414,2.329396591715603,9.0
1711,21481.687,READY_TO_INSERT,1,1.7427315308109848,0.11562313108343424,0.40453227173053635,1.5430914107435483,1.978748551328202,0.7692267750726014,0.1193036213517189,0.4059433937072754,1.5421310663223267,2.664922362126793,9.0
1712,21481.796,READY_TO_INSERT,1,1.783832846951248,0.11512887436266678,0.40418912338792146,1.5418956054063977,2.03519478898762,0.9091402883350532,0.11852344870567322,0.4059067666530609,1.541795253753662,3.0469288861329136,9.0
1713,21481.89,READY_TO_INSERT,1,1.6969886933439193,0.11579253269479443,0.4044357545737515,1.5410323436318047,1.9612417240591549,0.9410975804230358,0.11891615390777588,0.40590527653694153,1.5406416654586792,2.7126606303222194,9.0
1714,21482.015,READY_TO_INSERT,1,1.6067934402192476,0.11624145716481803,0.4048293423966774,1.543133669162342,1.905994061529306,0.9394041091179697,0.11913687735795975,0.4062584340572357,1.5433671474456787,2.9781459300521207,9.0
1715,21482.109,READY_TO_INSERT,1,1.6992739227035019,0.1156115908105352,0.4043238345628692,1.5419897710086465,1.9359053788771847,0.9580383571272306,0.11863217502832413,0.4058046042919159,1.5422089099884033,2.9793162503529325,9.0
1716,21482.218,READY_TO_INSERT,1,1.6725990560996125,0.1155115939889509,0.40404352220620754,1.5408810491115317,1.9860439098353697,1.0261681944166423,0.11837232112884521,0.4056583642959595,1.5409446954727173,2.9073566405111633,9.0
1717,21482.312,READY_TO_INSERT,1,1.6622889941468575,0.11553485576376833,0.40461535196852966,1.5418385536355075,1.9442574156161714,0.8045348285667429,0.11895247548818588,0.4060872197151184,1.5417147874832153,2.8527159338046637,9.0
1718,21482.406,READY_TO_INSERT,1,1.6390128517948912,0.11588857205720508,0.40499337879495706,1.542840253794659,1.9495568384327373,0.8659304788532876,0.1191306784749031,0.4065278470516205,1.5427170991897583,2.8808360006549116,9.0
1719,21482.515,READY_TO_INSERT,1,1.6540559315832102,0.11599780087380496,0.4055649850544794,1.5435680638438232,1.9108239185294502,0.9335288173470558,0.11906162649393082,0.4070243239402771,1.5436017513275146,2.861433731238872,9.0
1720,21482.609,READY_TO_INSERT,1,1.5967859597063019,0.11628181252732417,0.40569698757061934,1.5456314295026248,1.8934923718307377,0.8441126340091945,0.11942905932664871,0.4070838987827301,1.5454895496368408,2.754609710020727,9.0
1721,21482.703,READY_TO_INSERT,1,1.5884114840833932,0.11665741716768378,0.4055210809958023,1.5442995133188067,1.8662616911571936,0.8832464518918406,0.11965017765760422,0.4068300127983093,1.5442016124725342,2.715872391669771,9.0
1722,21482.796,READY_TO_INSERT,1,1.5774172402631594,0.11630194459868005,0.405314905514639,1.5432999297400292,1.8479844911715164,0.9502736389870139,0.11907494813203812,0.406551331281662,1.5431636571884155,2.6316685030055673,9.0
1723,21482.906,READY_TO_INSERT,1,1.5120766800031569,0.11730481079805215,0.40426709986776677,1.542508246973224,1.7690085476390782,0.5741834866992621,0.12103749066591263,0.4050118327140808,1.5417191982269287,2.527455681725653,9.0
1724,21483.0,READY_TO_INSERT,1,1.4594586406362295,0.11726698080061379,0.4047231574866218,1.5434555474444849,1.8089151209868803,0.5351720305960801,0.12094148248434067,0.4056316614151001,1.5426688194274902,2.563482431068264,9.0
1725,21483.093,READY_TO_INSERT,1,1.4928852947084186,0.11698670714266915,0.4049657941958395,1.5440930059255051,1.6974745083128513,0.849173721204214,0.11979848891496658,0.4056776463985443,1.5440040826797485,2.4495986780492602,9.0
1726,21483.203,READY_TO_INSERT,1,1.528554998728983,0.11676252470133267,0.405214855960525,1.543873336094654,1.762066311869233,0.8772199494778014,0.11954852938652039,0.40613240003585815,1.5438073873519897,2.533586369946108,9.0
1727,21483.281,READY_TO_INSERT,1,1.5091458348781623,0.11737728637459337,0.40460051054471885,1.543662791899519,1.836091879925808,0.8430860861586443,0.12030923366546631,0.4057306945323944,1.5435962677001953,2.6652559325317524,9.0
1728,21483.375,READY_TO_INSERT,1,1.538706040576748,0.11712251836744443,0.40492258698948924,1.544549822440579,1.7509446022737811,0.806234395179178,0.12009970098733902,0.4058830738067627,1.5449401140213013,2.7270501421507953,9.0
1729,21483.484,READY_TO_INSERT,1,1.6332251293672386,0.11610099809227885,0.4053051327254792,1.5439817206027173,1.7991467785552342,0.8569112297008861,0.11914268881082535,0.40640270709991455,1.544104814529419,2.662640677295126,9.0
1730,21483.593,READY_TO_INSERT,1,1.565597156724754,0.116538688744574,0.40480686589079334,1.5441056617229472,1.795427530074803,0.8614123366175626,0.11941591650247574,0.4058530926704407,1.5441075563430786,2.5798169714446666,9.0
1731,21483.671,READY_TO_INSERT,1,1.5573610280746852,0.11653273200009749,0.40451470594800315,1.5433611802053644,1.8637068370625531,0.7338947503831732,0.11981271952390671,0.4056782126426697,1.5429208278656006,2.62401478970157,9.0
1732,21483.781,READY_TO_INSERT,1,1.578293050228438,0.11665204098797799,0.40477307098108833,1.5440785204222596,1.7836920701673304,0.8039872450319957,0.11976486444473267,0.4057869017124176,1.544317603111267,2.748319780817651,9.0
1733,21483.875,READY_TO_INSERT,1,1.465767342557806,0.1172144492960791,0.405311905416326,1.5470830398233884,1.8162902056671448,0.7696217104809887,0.120243139564991,0.4064686596393585,1.5471012592315674,2.7370920807617507,9.0
1734,21483.984,READY_TO_INSERT,1,1.3710612648327734,0.11770295859617651,0.40523608984559367,1.5476629218331466,1.8197046834182888,0.6680666012484622,0.1207779124379158,0.40622565150260925,1.546548843383789,2.436792636499281,9.0
1735,21484.078,READY_TO_INSERT,1,1.7449685537706405,0.11641186140782686,0.4055643490763055,1.5417586805958097,1.9640136621031212,0.8561096951338864,0.11982743442058563,0.40684565901756287,1.539250373840332,2.4013547787787166,9.0
1736,21484.171,READY_TO_INSERT,1,1.7018072823507455,0.11621327621091856,0.40536580262648075,1.541517816696115,1.9735914275345863,0.9618914292517174,0.11925271898508072,0.4067731499671936,1.5398036241531372,2.4790352752409426,9.0
1737,21484.281,READY_TO_INSERT,1,1.7205828192816024,0.1162866316686248,0.40605542640115944,1.5426130972842271,1.9182704702122655,1.1510682881746428,0.11871393024921417,0.40726837515830994,1.5404382944107056,2.3007224774609925,9.0
1738,21484.375,READY_TO_INSERT,1,1.6580757922857854,0.11582628001299408,0.40647587801898605,1.5432711781644213,1.8951551135675855,1.0471776081316309,0.11840187013149261,0.4076838195323944,1.5413463115692139,2.321308624184732,9.0
1739,21484.484,READY_TO_INSERT,1,1.628696329178661,0.11505044687030411,0.4067285276318126,1.5428126827660262,1.8333195062302465,0.9593017400276781,0.11770982295274734,0.4077662229537964,1.5411877632141113,2.268014724623167,9.0
1740,21484.578,READY_TO_INSERT,1,1.5949280262164958,0.11603212480192651,0.40600789286722727,1.5437226812350242,1.7580529235456352,0.9344461414881962,0.11869112402200699,0.406972736120224,1.543235182762146,2.366921693271217,9.0
1741,21484.687,READY_TO_INSERT,1,1.4992871562326322,0.11663792673104914,0.4062038332398424,1.5446121548423275,1.7708056017316263,0.6488481172196623,0.11985638737678528,0.4071059226989746,1.5433111190795898,2.2924295604823097,9.0
1742,21484.796,READY_TO_INSERT,1,1.5578226401764266,0.11603420091781921,0.4050664050517446,1.5433019137445319,1.8381703883762026,0.964964043419962,0.11866681277751923,0.4061998724937439,1.5425143241882324,2.423640468266224,9.0
1743,21484.89,READY_TO_INSERT,1,1.633676048498973,0.11635902200113904,0.4053711664864091,1.5442976980251042,1.7603067255023552,0.877241167971307,0.11926845461130142,0.40626195073127747,1.5435320138931274,2.298568721725888,9.0
1744,21484.984,READY_TO_INSERT,1,1.7198431524257582,0.11576275282386408,0.4050283235093315,1.5424162280281772,1.8853314591939465,0.9601950811824562,0.11879219859838486,0.40634962916374207,1.542136311531067,2.6337164009676957,9.0
1745,21485.078,READY_TO_INSERT,1,1.6522221221918376,0.11695860508824928,0.4052542668311711,1.5423378703518709,1.8053855852908136,0.9154920272536275,0.1199110671877861,0.4063476324081421,1.5419890880584717,2.527615996370739,9.0
1746,21485.187,READY_TO_INSERT,1,1.5853742292716602,0.11558429710532651,0.4057229794192226,1.5419701676134576,1.7923820055039803,0.6769995334381746,0.11886957287788391,0.40677782893180847,1.5418318510055542,2.5831725158271173,9.0
1747,21485.281,READY_TO_INSERT,1,1.6627619248745333,0.11614275309246237,0.4042099521011573,1.542542798173141,1.9387961133259168,0.94932261679721,0.1191454827785492,0.40527650713920593,1.5397768020629883,2.3142706623572296,9.0
1748,21485.375,READY_TO_INSERT,1,1.7340482607465488,0.11488273508061225,0.40446280342581614,1.5418154172643443,1.941768200383294,0.9786776074409951,0.11795667558908463,0.4056268632411957,1.539670467376709,2.3363827535806867,9.0
1749,21485.484,READY_TO_INSERT,1,1.763093152652839,0.11451936460750659,0.40479040064535365,1.5431594293818856,1.9084264837158142,1.178513056323267,0.11701969057321548,0.40582501888275146,1.5404261350631714,2.2763154592446173,9.0
1750,21485.578,READY_TO_INSERT,1,1.763670994177174,0.11419450456835872,0.40500630859894804,1.541993030796881,1.9035437034245177,1.2843649869460103,0.11636252701282501,0.4060523808002472,1.5395097732543945,2.257823554208273,9.0
1751,21485.671,READY_TO_INSERT,1,1.589803098308248,0.11553866299078873,0.40553858197058346,1.5434920662280958,1.8229630150146086,1.0211920879601664,0.11798989027738571,0.4063139259815216,1.5406036376953125,2.182104552700327,9.0
1752,21485.781,READY_TO_INSERT,1,1.6416850058309762,0.11510741379360971,0.4054876201264754,1.5437781411160278,1.8522980041504093,1.0657592123178807,0.11753494292497635,0.4063780903816223,1.5412944555282593,2.196547952742685,9.0
1753,21485.89,READY_TO_INSERT,1,1.614714250471,0.11549417709066666,0.40508332762528415,1.5428762294449232,1.89371854278169,1.0452580641896103,0.11805505305528641,0.40621495246887207,1.541009783744812,2.3090674955298263,9.0
1754,21485.984,READY_TO_INSERT,1,1.6600723657138299,0.11506997098238758,0.40461896386776275,1.5413983157093485,1.936988903960588,0.9655952313388403,0.11792916804552078,0.40607786178588867,1.5411388874053955,2.6782232079331143,9.0
1755,21486.078,READY_TO_INSERT,1,1.4972520723960994,0.11660728804669547,0.4050954725155748,1.5437492393766379,1.7975589820035258,0.8608904746043669,0.11930593103170395,0.40626928210258484,1.544179916381836,2.770993237272033,9.0
1756,21486.187,READY_TO_INSERT,1,1.543302736313921,0.11644262114106946,0.4057354221101684,1.5449651962144646,1.8154089448059243,0.8856375325333032,0.11916579306125641,0.406999409198761,1.5453612804412842,2.825131949008312,9.0
1757,21486.281,READY_TO_INSERT,1,1.5206388069975443,0.11659157680228291,0.40538959350878834,1.5441403610489828,1.8360896560199782,0.8547251717755795,0.11936362087726593,0.4066529870033264,1.544312596321106,2.681099482188773,9.0
1758,21486.375,READY_TO_INSERT,1,1.5248358577493766,0.11677756706165199,0.4045930301402103,1.544487075016556,1.825839057118536,0.8853044792065435,0.11949951946735382,0.40577417612075806,1.5447536706924438,2.6577565078357543,9.0
1759,21486.484,READY_TO_INSERT,1,1.5373457354853115,0.11806414080445302,0.40460259276877664,1.5441465354310853,1.6897767988949697,0.5659521162086493,0.12166844308376312,0.4052891135215759,1.5441170930862427,2.5513566057827055,9.0
1760,21486.578,READY_TO_INSERT,1,1.6476609236178312,0.11755467438977228,0.4058996010794853,1.5449044272889845,1.7550268811470704,0.7087194317202752,0.1210516095161438,0.40686675906181335,1.5450634956359863,2.7900147017507977,9.0
1761,21486.656,READY_TO_INSERT,1,1.448624701351783,0.11834930878625179,0.405292751118902,1.5429421452961802,1.6498200212955014,0.5992017293217027,0.12162838876247406,0.40596985816955566,1.5430740118026733,2.5455346276745185,9.0
1762,21486.75,READY_TO_INSERT,1,1.4822369649569844,0.11880004748024324,0.40635849806500285,1.545938536484436,1.6719704522310295,0.7666424103198081,0.1217389926314354,0.4070899486541748,1.5454168319702148,2.355019486326459,9.0
1763,21486.859,READY_TO_INSERT,1,1.541370211136867,0.11807027338963387,0.40592697884096335,1.543901673898353,1.737597248576934,0.796962453770449,0.12111958116292953,0.4068438410758972,1.5434362888336182,2.466545573173614,9.0
1764,21486.937,READY_TO_INSERT,1,1.6646103078008754,0.11727705340300981,0.40563866089352635,1.5432149388638616,1.7466023775045665,1.183945677153262,0.11951300501823425,0.4064618945121765,1.541911005973816,2.1777225450456994,9.0
1765,21487.093,READY_TO_INSERT,1,1.6592827352747197,0.11719285378943389,0.40614835290710144,1.5425061460690979,1.7979170858442666,0.9939073261912125,0.11997657269239426,0.40726324915885925,1.5419954061508179,2.5050465824680233,9.0
1766,21487.187,READY_TO_INSERT,1,1.6579567924082725,0.11753182480148582,0.4061706832726901,1.5436769519659295,1.8409852445631478,1.126358023371144,0.12002228945493698,0.4073716700077057,1.542588233947754,2.4204555362460174,9.0
1767,21487.281,READY_TO_INSERT,1,1.634926834875203,0.11731090174686438,0.40625485221762636,1.5440784334962934,1.7101735280806887,1.0741688451626006,0.1197531446814537,0.40714627504348755,1.543717861175537,2.3634639515610796,9.0
1768,21487.39,READY_TO_INSERT,1,1.6351039985698315,0.11732165483856531,0.4064656992711725,1.5438480818975469,1.7479037136839182,1.00410402253691,0.11996353417634964,0.4074133634567261,1.5432219505310059,2.3654061219634803,9.0
1769,21487.5,READY_TO_INSERT,1,1.617833233954981,0.11750797774614434,0.4067352385222206,1.5440149695064007,1.7365501902132678,1.0347142442173298,0.11999046802520752,0.40764448046684265,1.5431020259857178,2.2698749899065325,9.0
1770,21487.593,READY_TO_INSERT,1,1.7288113354514683,0.11690650588809764,0.407221288973563,1.5442286779179104,1.7217844119289982,1.189895421064623,0.11917882412672043,0.40819409489631653,1.5436694622039795,2.32437474721852,9.0
1771,21487.687,READY_TO_INSERT,1,1.7069477339283532,0.11497018251795585,0.404270180584854,1.5402954347179274,1.7958466868291267,0.7594857506374691,0.11835980415344238,0.40508124232292175,1.5394819974899292,2.314424886535935,9.0
1772,21487.781,READY_TO_INSERT,1,1.6143407918659523,0.11640207001189837,0.4053417072736297,1.5426613018688393,1.6362509696526082,0.7544929014510576,0.11954964697360992,0.4059053659439087,1.5427223443984985,2.3415969998752795,9.0
1773,21487.89,READY_TO_INSERT,1,1.5849224135169016,0.11607287420759059,0.4050674683346489,1.541265502709531,1.6843196890307985,0.7180692639639171,0.11927030980587006,0.4058288037776947,1.5419299602508545,2.648241924628643,9.0
1774,21487.984,READY_TO_INSERT,1,1.5717621142411273,0.11588183836044137,0.40513238112184075,1.5449004738863188,1.8508391131158193,0.7226469048511306,0.11919955164194107,0.4061806797981262,1.5440682172775269,2.448886252311786,9.0
1775,21488.093,READY_TO_INSERT,1,1.4958881793770367,0.11702912678842922,0.40482423564856124,1.5445623386476497,1.8795215490766064,0.7385208640622104,0.12024889886379242,0.4059582054615021,1.5434539318084717,2.4779796852583442,9.0
1776,21488.171,READY_TO_INSERT,1,1.3372410155449643,0.11813576817195456,0.40544145680202204,1.5457357547532025,1.675622139778513,0.5812274043450091,0.1212494820356369,0.40614795684814453,1.5458078384399414,2.5043126392095845,9.0
1777,21488.281,READY_TO_INSERT,1,1.442253587606607,0.11748386727101869,0.4048734150387261,1.544655664574253,1.8035740708926202,0.7369910899807535,0.12054672092199326,0.40581706166267395,1.5439867973327637,2.435814301092595,9.0
1778,21488.375,READY_TO_INSERT,1,1.4491980345673878,0.1174883150568686,0.4053760448946621,1.5433602440578498,1.7230967857417645,0.6991500701549633,0.12059181928634644,0.40615788102149963,1.5430922508239746,2.443219364986623,9.0
1779,21488.5,READY_TO_INSERT,1,1.5131378978298176,0.11732229319658573,0.4052678099349866,1.544087973891111,1.7941088885615637,0.8349916216230672,0.12028365582227707,0.40627115964889526,1.5438117980957031,2.5346871472807004,9.0
1780,21488.593,READY_TO_INSERT,1,1.4427042605621196,0.11740030984909405,0.40513271939028933,1.545723234178299,1.8140279978497251,0.8065723571326581,0.12034275382757187,0.4061717987060547,1.545218586921692,2.520030679909255,9.0
1781,21488.687,READY_TO_INSERT,1,1.5010671558622772,0.11710510607025597,0.4051200357016929,1.5459478184888895,1.7903575634490538,0.7769020813079557,0.12024369090795517,0.4061279594898224,1.5458365678787231,2.6125808250521443,9.0
1782,21488.796,READY_TO_INSERT,1,1.5179604610513016,0.11633308301196854,0.40498306362262676,1.5450654174500584,1.8235151370539555,0.7697286775595048,0.11950358003377914,0.4061037003993988,1.5451968908309937,2.70484498038894,9.0
1783,21488.875,READY_TO_INSERT,1,1.8374427618775402,0.11521659982975031,0.4049462967140094,1.5409366511871956,1.9308478504537843,1.06303787202711,0.11831305176019669,0.406238853931427,1.5395047664642334,2.4779656927343594,9.0
1784,21488.984,READY_TO_INSERT,1,1.7397606321898207,0.11575505892497147,0.40521721423234225,1.542744212815722,1.9637694278747022,1.1360833495298226,0.1183813065290451,0.40673407912254333,1.5418195724487305,2.5758877167349787,9.0
1785,21489.078,READY_TO_INSERT,1,1.7794208184012987,0.11567217395661773,0.40541941846923457,1.5437019507309864,1.9568127290933093,1.1903061118967977,0.11821296811103821,0.40689656138420105,1.5426000356674194,2.5055326061441736,9.0
1786,21489.187,READY_TO_INSERT,1,1.7452713765891892,0.11648442815340915,0.40649485433565385,1.545430845670135,1.866417817713917,1.2358274073538056,0.11882426589727402,0.4077373743057251,1.543982744216919,2.3745257577757033,9.0
1787,21489.281,READY_TO_INSERT,1,1.6801964583225755,0.11682782120351523,0.406360574957565,1.5452327350256068,1.7998743393862842,1.0139645928002707,0.1196148544549942,0.40742227435112,1.5441035032272339,2.3849661105982163,9.0
1788,21489.375,READY_TO_INSERT,1,1.6121190567555086,0.11748252441270352,0.40612011703523937,1.5450191161838351,1.7418899348440822,0.9478202344716568,0.12033072859048843,0.4070179760456085,1.544185996055603,2.3801336113058786,9.0
1789,21489.515,READY_TO_INSERT,1,1.6913864278756559,0.11680592916503166,0.4062116017249407,1.5440574539688119,1.811734026533535,1.0408797232621279,0.11959104984998703,0.40727049112319946,1.5428539514541626,2.3811153633481634,9.0
1790,21489.625,READY_TO_INSERT,1,1.7024542218528,0.11678545186678066,0.40576824031060144,1.5436002192854654,1.7869767338863631,1.063398062082719,0.11947976052761078,0.40663954615592957,1.5419179201126099,2.2319864258368445,9.0
1791,21489.718,READY_TO_INSERT,1,1.686924828019255,0.11638045921959647,0.4060270509653096,1.543763310692303,1.7948304556168235,1.0828020679558599,0.11904983967542648,0.4069569706916809,1.5424424409866333,2.2902897663014627,9.0
1792,21489.828,READY_TO_INSERT,1,1.6546602791192118,0.11654592703806232,0.4057708593676448,1.5437855587330753,1.845989385758591,0.9411592783475464,0.11956392973661423,0.4068595767021179,1.5425137281417847,2.408873524550899,9.0
1793,21489.921,READY_TO_INSERT,1,1.7034894521114046,0.1159123334761129,0.40604885561286225,1.5422598703757575,1.7631024956752652,1.066969349551767,0.11852895468473434,0.4070132076740265,1.5419174432754517,2.4013879327371423,9.0
1794,21490.015,READY_TO_INSERT,1,1.7562244825664879,0.11600054146717173,0.4054881440504731,1.5406503458680723,1.8857343507887572,1.0036447660324372,0.11895596235990524,0.4068000614643097,1.540252923965454,2.5848917809761405,9.0
1795,21490.109,READY_TO_INSERT,1,1.5237744322720839,0.11768680381579288,0.40516972897748454,1.544422218473865,1.8206431545688957,0.7711581298034507,0.12087158113718033,0.40612125396728516,1.542958378791809,2.3694509213999866,9.0
1796,21490.203,READY_TO_INSERT,1,1.561485894332578,0.11690064707900268,0.4048117282667418,1.544358097495437,1.7886966780865532,0.8435358624031171,0.11993265897035599,0.40571364760398865,1.5436347723007202,2.4275495722938953,9.0
1797,21490.312,READY_TO_INSERT,1,1.4517565200702256,0.11791829273914727,0.4051671037022943,1.5451240836003775,1.8060702011088638,0.7671148220811168,0.12090568244457245,0.4060680866241455,1.543664813041687,2.3116053820717375,9.0
1798,21490.406,READY_TO_INSERT,1,1.5189633449466065,0.11712715651798908,0.40466765667305105,1.5438127043419319,1.789616599588162,0.7199944698981683,0.120340995490551,0.4055568277835846,1.5429553985595703,2.3968331333099187,9.0
1799,21490.515,READY_TO_INSERT,1,1.5309989982998118,0.11658476517999904,0.4049916230776957,1.5447660878613663,1.7352007718620277,0.8005563412299131,0.11956272274255753,0.4057672619819641,1.5440170764923096,2.3136083825478164,9.0
1800,21490.625,READY_TO_INSERT,1,1.4775119993300678,0.11711220595245274,0.4046286836564285,1.5452391946695931,1.862394332111497,0.5706992914118798,0.12069030106067657,0.40577423572540283,1.544466495513916,2.586224663670029,9.0
1801,21490.718,READY_TO_INSERT,1,1.4517852593280407,0.11755555681493136,0.40467553857746014,1.545282865530691,1.8520442651010152,0.5844904681182297,0.12102460861206055,0.40582436323165894,1.54443359375,2.561715618516511,9.0
1802,21490.812,READY_TO_INSERT,1,1.5886881962739363,0.1168666208621598,0.4045776233007104,1.5442868360776116,1.9005358243917492,0.7854781497909091,0.12015202641487122,0.4058090150356293,1.5430536270141602,2.4982701699985164,9.0
1803,21490.906,READY_TO_INSERT,1,1.5292518319462867,0.11692034447207948,0.40479706917641295,1.5450475089019338,1.8779339272162223,0.7754774030124525,0.12008955329656601,0.40605905652046204,1.5443952083587646,2.586728064813099,9.0
1804,21490.984,READY_TO_INSERT,1,1.5089603177776836,0.11682029501254453,0.40438228854647157,1.5456326003706486,1.8537504312529065,0.7065963919095029,0.12010166049003601,0.4055872857570648,1.5453743934631348,2.66820768708245,9.0
1805,21491.109,READY_TO_INSERT,1,1.49082959374297,0.11651645878259054,0.4050341033471839,1.5461820633848595,1.7633855443067084,0.7257886415421352,0.11957480758428574,0.4059889018535614,1.5459426641464233,2.485298468427557,9.0
1806,21491.203,READY_TO_INSERT,1,1.5265031975161218,0.11641927879392629,0.40437800577329974,1.5446027578759622,1.8081617444817586,0.6405288423636982,0.11978740990161896,0.40546441078186035,1.5447958707809448,2.7281824340627767,9.0
1807,21491.296,READY_TO_INSERT,1,1.499274298368005,0.1178241100756882,0.4054178569227692,1.5449748764186,1.6442731381892097,0.8882918591489152,0.12054382264614105,0.4059080183506012,1.5437886714935303,2.156272778850763,9.0
1808,21491.39,READY_TO_INSERT,1,1.5142275717384797,0.11760804799426175,0.40493571095463543,1.5446032823615174,1.8219674786841527,0.8685123010392953,0.12051896750926971,0.40576520562171936,1.5423401594161987,2.2629704486025233,9.0
1809,21491.531,READY_TO_INSERT,1,1.5340192526250325,0.11859776556207624,0.4056154476502618,1.544028287541489,1.7305546775775666,1.0079350859779412,0.12119901925325394,0.40633121132850647,1.5424085855484009,2.2406094702337325,9.0
1810,21491.625,READY_TO_INSERT,1,1.4480752527008598,0.11900849178342063,0.4055503980676477,1.5458132383300944,1.7306238169355361,1.058748600520512,0.12121440470218658,0.4061727225780487,1.5435293912887573,2.1827166373903384,9.0
1811,21491.718,READY_TO_INSERT,1,1.600894412660324,0.11803939270270364,0.4049575031856425,1.544020637799912,1.8307785260741525,1.1014902308206873,0.120500847697258,0.40580400824546814,1.541681170463562,2.2555463652995713,9.0
1812,21491.812,READY_TO_INSERT,1,1.522990471861493,0.11844061929819429,0.40609823557447994,1.5442833979326005,1.8136520642350382,0.9918964437507558,0.1209867000579834,0.406827837228775,1.5410878658294678,2.2494664412768466,9.0
1813,21491.906,READY_TO_INSERT,1,1.5899482589285556,0.11808236914835901,0.4055489358304008,1.543422173818459,1.8635712568387326,0.9757433181275593,0.12080301344394684,0.4064521789550781,1.540221929550171,2.2908318653321618,9.0
1814,21492.0,READY_TO_INSERT,1,1.6206217486569416,0.11755087820114359,0.4057118491962401,1.5438295658621664,1.9292985365880564,1.0137396490108634,0.12031231820583344,0.40687838196754456,1.5408366918563843,2.3763344774937214,9.0
1815,21492.093,READY_TO_INSERT,1,1.5886756283133552,0.11790031128242456,0.4058438528210068,1.5446499332172945,1.833920726456528,1.0269722408670303,0.12043806910514832,0.40663638710975647,1.541298747062683,2.254579844128199,9.0
1816,21492.203,READY_TO_INSERT,1,1.6178357207931582,0.11762006724898585,0.4054180091624421,1.5440144954418944,1.8190940524223118,1.1479435629301054,0.11996295303106308,0.40622732043266296,1.5412381887435913,2.2458344842933866,9.0
1817,21492.281,READY_TO_INSERT,1,1.5596348858760605,0.11734347288892519,0.405029703338137,1.5424454411223119,1.8126320138453555,1.1131930745035428,0.1195581927895546,0.40586814284324646,1.5401372909545898,2.213193263547005,9.0
1818,21492.375,READY_TO_INSERT,1,1.5407345786260271,0.11831245729307063,0.40521930181101473,1.5426086350300436,1.8350730350207232,1.0694216782648538,0.12063611298799515,0.40598219633102417,1.539197564125061,2.2529131899772405,9.0
1819,21492.468,READY_TO_INSERT,1,1.5210303388907904,0.1175939903183311,0.40533553474500583,1.5425561356767257,1.865116420786308,0.8808195908522733,0.12036210298538208,0.4061194956302643,1.5392346382141113,2.2540861842921704,9.0
1820,21492.578,READY_TO_INSERT,1,1.68125098252973,0.11651090272905752,0.40489405142516155,1.5415980784320833,1.9396753972381886,1.015957935959737,0.11930347234010696,0.4062116742134094,1.540216088294983,2.443208741171819,9.0
1821,21492.671,READY_TO_INSERT,1,1.621416739134284,0.11634142625816843,0.40483295108620426,1.5415320369043142,1.9401354320731579,0.8151098802959948,0.11958207935094833,0.40605464577674866,1.5398386716842651,2.420007555740176,9.0
1822,21492.765,READY_TO_INSERT,1,1.6519973803807475,0.11621677532792912,0.40514309319866637,1.5422669621063805,1.9154490986682036,1.1993860257029136,0.11839679628610611,0.4061427116394043,1.5392323732376099,2.2860612509815064,9.0
1823,21492.859,READY_TO_INSERT,1,1.687272497639503,0.1158907432797689,0.40412889426692994,1.5418798491292007,1.9437822387773032,1.1351604740087677,0.11841966211795807,0.40552735328674316,1.5412836074829102,2.5554318317685296,9.0
1824,21492.968,READY_TO_INSERT,1,1.699203324146839,0.11543387626541188,0.4041770844009422,1.541956891998031,1.9274068188129394,1.1328806640150355,0.11796557903289795,0.40547698736190796,1.541330337524414,2.4870474456312515,9.0
1825,21493.062,READY_TO_INSERT,1,1.7401596319143164,0.1156563573212274,0.40452302716832067,1.5418970988973786,1.871332335824056,1.0882353349822913,0.11840711534023285,0.40566572546958923,1.5411821603775024,2.4399365160172626,9.0
1826,21493.14,READY_TO_INSERT,1,1.6061570218239827,0.1167305552715235,0.4054583478536455,1.5455926084080867,1.7904346981338912,1.0053477863800115,0.11939618736505508,0.4063507616519928,1.5442478656768799,2.266656147398189,9.0
1827,21493.234,READY_TO_INSERT,1,1.5912273171895301,0.11737655309314601,0.40572933672449457,1.546373029846904,1.8492146088337313,0.9187609090461597,0.12028968334197998,0.4067869782447815,1.544854760169983,2.346272148835016,9.0
1828,21493.328,READY_TO_INSERT,1,1.6719440101308476,0.11662357998001953,0.4055968048861696,1.5438081914377917,1.969184622358258,0.8849894412936967,0.11981970071792603,0.4068309962749481,1.5411622524261475,2.378595390459653,9.0
1829,21493.421,READY_TO_INSERT,1,1.7216628223457529,0.11678516163913502,0.4060578959534059,1.5451531687615436,1.9398592925841656,0.9592641790041864,0.11987882852554321,0.4073326587677002,1.5428284406661987,2.3804981449243248,9.0
1830,21493.515,READY_TO_INSERT,1,1.6968189113682994,0.11669938977248485,0.40478376196413296,1.5444554624993778,1.9807205503190344,0.916563803812879,0.11986784636974335,0.40607431530952454,1.5418283939361572,2.390517756656655,9.0
1831,21493.609,READY_TO_INSERT,1,1.574931351494482,0.11762020818065096,0.40453220774820475,1.5376868271431903,1.9088423720801868,0.5754042445210349,0.12152958661317825,0.4055696129798889,1.5354591608047485,2.4396553500829055,9.0
1832,21493.703,READY_TO_INSERT,1,1.6199233889757896,0.1170325063127824,0.4051276289742251,1.5389665157226646,1.8509483687706767,0.6740625418818186,0.12066712230443954,0.4061218798160553,1.537493109703064,2.43783016290353,9.0
1833,21493.796,READY_TO_INSERT,1,1.5746624541318537,0.11713974605564108,0.4051497095290873,1.539945822870651,1.8113725652826664,0.7180179718727722,0.12050040066242218,0.4060899615287781,1.5389010906219482,2.4271693811251738,9.0
1834,21493.875,READY_TO_INSERT,1,1.5941235203586703,0.11723879458173607,0.40462480648556237,1.5403143296836168,1.8492729819238374,0.7946719403002646,0.12044979631900787,0.40562522411346436,1.5390710830688477,2.4007771148041606,9.0
1835,21493.968,READY_TO_INSERT,1,1.4124948208534653,0.1180921417800526,0.4044767314238989,1.540221379286499,1.8493608719317214,0.6467941631112298,0.12131337821483612,0.4053020775318146,1.5376836061477661,2.2599247014047297,9.0
1836,21494.062,READY_TO_INSERT,1,1.4468028275256406,0.1175837234329767,0.4048685622730384,1.5413804426043685,1.7568207374713156,0.6737612717634172,0.12061646580696106,0.4054570496082306,1.539080023765564,2.125540976978825,9.0
1837,21494.156,READY_TO_INSERT,1,1.422025596961184,0.11823556068692023,0.404861657355103,1.540953165264996,1.8632164147271582,0.6008260119481605,0.12157157063484192,0.40580612421035767,1.538692831993103,2.304119028716259,9.0
1838,21494.25,READY_TO_INSERT,1,1.4360497830475105,0.11781218981781184,0.40492534198400343,1.541497262904381,1.7406397382662384,0.8326940626488837,0.12049068510532379,0.40569716691970825,1.5405621528625488,2.2954382707342615,9.0
1839,21494.343,READY_TO_INSERT,1,1.375172746224739,0.11852827467269884,0.4051194682327843,1.5422393919847324,1.7912459146471218,0.7420417077578141,0.12140180170536041,0.4060077667236328,1.5408819913864136,2.3385440348219766,9.0
1840,21494.421,READY_TO_INSERT,1,1.5168792129404238,0.11767582023693215,0.404929305069681,1.5426573745294947,1.8656766374546572,0.7476141334607946,0.12084797024726868,0.40605393052101135,1.5414971113204956,2.45983507573815,9.0
1841,21494.5,READY_TO_INSERT,1,1.5121535576247933,0.11821407177395522,0.40568183471708713,1.5425935002531461,1.7293481834306434,0.8065190938871406,0.1211499348282814,0.4064357876777649,1.541664719581604,2.2966081373397693,9.0
1842,21494.609,READY_TO_INSERT,1,1.5859846917814198,0.11662290591792945,0.4060341153694831,1.539353998721063,1.6759913935434776,0.9225909270725281,0.11921845376491547,0.40664079785346985,1.5383878946304321,2.125565010195057,9.0
1843,21494.687,READY_TO_INSERT,1,1.6350537841244295,0.11597108446173018,0.4039943317354667,1.5398046647007382,1.8725342860616123,0.8373521270699492,0.11916321516036987,0.40518027544021606,1.5394667387008667,2.64048869462678,9.0
1844,21494.796,READY_TO_INSERT,1,1.6556942287621532,0.11638940365403835,0.4043864484478836,1.5420115246699362,1.9093966620132292,0.7753445388964504,0.11977101862430573,0.4057207405567169,1.5419671535491943,2.8440159464259676,9.0
1845,21494.875,READY_TO_INSERT,1,1.614955623700952,0.11702102048194565,0.4042692005470932,1.5404204894605287,1.928158311708364,0.8207274971643809,0.12031827121973038,0.4056291878223419,1.5401198863983154,2.7672364821838182,9.0
1846,21494.968,READY_TO_INSERT,1,1.5811128398675718,0.11675728321412328,0.4044281292298062,1.5411554950138042,1.8323605609806066,1.0327083679578646,0.11920646578073502,0.405668705701828,1.5417269468307495,2.9184899247326417,9.0
1847,21495.062,READY_TO_INSERT,1,1.560338512479195,0.11577596164556729,0.40461872252830067,1.5432827135504106,1.8318179059265276,0.9923593663061974,0.118323914706707,0.40573614835739136,1.5431090593338013,2.5078210865242605,9.0
1848,21495.171,READY_TO_INSERT,1,1.6207689553589824,0.11545665007624281,0.40402369360349566,1.5415806215512464,1.8858113767918605,0.9504296165716385,0.11831559985876083,0.40533262491226196,1.5417786836624146,2.7416642803539477,9.0
1849,21495.281,READY_TO_INSERT,1,1.5634652198199424,0.11583956288277156,0.40443873972286687,1.5434112559491204,1.9045960382134104,0.9416789411055106,0.11859352886676788,0.4058338403701782,1.5433717966079712,2.7141169751737038,9.0
1850,21495.375,READY_TO_INSERT,1,1.5500552191112562,0.11627125633879105,0.4043817822130635,1.543597503170467,1.9072763791681955,0.8633299519123199,0.11917488276958466,0.40578314661979675,1.5435705184936523,2.7224947496003,9.0
1851,21495.468,READY_TO_INSERT,1,1.4768259263278765,0.1170395801343873,0.40493815010735085,1.5438772238432774,1.7851426727015876,0.9491050068514003,0.11942567676305771,0.4059423804283142,1.5435779094696045,2.401325718997251,9.0
1852,21495.562,READY_TO_INSERT,1,1.4657046472123256,0.1176513218384881,0.40524588522523464,1.544079577721604,1.6677419956789612,0.9213669265680785,0.12000123411417007,0.4059852063655853,1.5440037250518799,2.300539808526958,9.0
1853,21495.687,READY_TO_INSERT,1,1.5322229703930552,0.11748412356704044,0.40559806446549496,1.5441960822770977,1.7044129765499345,0.9589345239869957,0.11995731294155121,0.4064115583896637,1.5435854196548462,2.288182648095268,9.0
1854,21495.781,READY_TO_INSERT,1,1.6111684792856333,0.11726954876397311,0.4056126137167681,1.543744389760566,1.8060397483974875,1.0324653960513221,0.11982632428407669,0.40665197372436523,1.5426160097122192,2.327112721942142,9.0
1855,21495.875,READY_TO_INSERT,1,1.715964044042547,0.115392618856108,0.4033018837380321,1.5400986020976086,2.165816413251028,0.9555794625609555,0.11862408369779587,0.40504640340805054,1.5371840000152588,2.599315328963758,9.0
1856,21495.968,READY_TO_INSERT,1,1.7011939105907976,0.1161040612125538,0.40443253360364656,1.5426164401908753,1.988221566992167,0.9645587982383651,0.11923030018806458,0.405917227268219,1.5414540767669678,2.6197647815109875,9.0
1857,21496.062,READY_TO_INSERT,1,1.6048984749996276,0.11630439026617125,0.4048635046730734,1.5429499196876624,1.7683663310608757,0.9354630873893017,0.1190657988190651,0.40583622455596924,1.5429173707962036,2.5213140689055424,9.0
1858,21496.156,READY_TO_INSERT,1,1.5810623744533316,0.11665642229432942,0.40505896963569715,1.544741468055845,1.8529812037699078,0.8979926070451328,0.11957882344722748,0.4062327444553375,1.5440239906311035,2.519017549972094,9.0
1859,21496.281,READY_TO_INSERT,1,1.552987104912032,0.11655209609434632,0.40536712172766215,1.544091962715436,1.9229516206288466,0.8589559829344369,0.11953617632389069,0.4065874516963959,1.5417852401733398,2.3779176551547714,9.0
1860,21496.39,READY_TO_INSERT,1,1.5705996894526737,0.11734497086946119,0.40501885296099766,1.5445119233252647,2.031129268805193,0.8851979858941577,0.1204599067568779,0.4065611660480499,1.5418857336044312,2.511472499630347,9.0
1861,21496.5,READY_TO_INSERT,1,1.5108353976487028,0.1179946993276556,0.4055745665886081,1.5444984670250745,1.9285716799996753,0.8801835701824849,0.12090796232223511,0.4068174362182617,1.5418295860290527,2.399341197620609,9.0
1862,21496.609,READY_TO_INSERT,1,1.4772526173537572,0.11732204514876342,0.405657082272818,1.5441216467573244,1.862975260372299,0.6615355149277805,0.120658278465271,0.4068301320075989,1.5426441431045532,2.4735786207655153,9.0
1863,21496.703,READY_TO_INSERT,1,1.632641599240129,0.11653199930539225,0.4055746156025218,1.5433166445281687,1.8958440049170102,0.9868656388540747,0.11932133883237839,0.4070047438144684,1.5427669286727905,2.6412518901768376,9.0
1864,21496.796,READY_TO_INSERT,1,1.6259000518036282,0.11642991584090763,0.40484569335539905,1.5429001990036249,1.98117444893451,0.9573965362668583,0.11933562904596329,0.406429260969162,1.5416789054870605,2.5983298349954373,9.0
1865,21496.906,READY_TO_INSERT,1,1.6669437732551209,0.11661848190915096,0.4049069776773859,1.5423749754990015,1.925947807737972,0.9362071338059853,0.1196150854229927,0.4063612222671509,1.5416773557662964,2.62824452107266,9.0
1866,21497.015,READY_TO_INSERT,1,1.603842353150273,0.11666230107800607,0.4052119881274979,1.542608026988872,1.85025358939809,0.9764535868601187,0.11934003233909607,0.40646490454673767,1.5422096252441406,2.5357402173824215,9.0
1867,21497.125,READY_TO_INSERT,1,1.7302257920369586,0.11573869527844709,0.4043138537904394,1.5420202342276557,2.046667335374281,1.1956148579253403,0.11827428638935089,0.4056337773799896,1.538703203201294,2.475845930977945,9.0
1868,21497.218,READY_TO_INSERT,1,1.7395414625068937,0.11587629466664685,0.4050866254898266,1.544539880654434,1.9783196214074468,1.1064308814337873,0.11870205402374268,0.40664058923721313,1.5435791015625,2.6411417800911234,9.0
1869,21497.312,READY_TO_INSERT,1,1.7854410854509544,0.11575308311273776,0.4043750294672262,1.5429795691219281,2.124108845327117,1.286201648042207,0.11828280985355377,0.40633219480514526,1.5411423444747925,2.6860269398644774,9.0
1870,21497.406,READY_TO_INSERT,1,1.704208605742405,0.11601984239605492,0.40454579611459296,1.544825432615382,2.090952345950237,1.1395136800318972,0.11872217804193497,0.40622302889823914,1.5423234701156616,2.5450648084228558,9.0
1871,21497.484,READY_TO_INSERT,1,1.6311799938486877,0.1170197000967567,0.4054778101813433,1.5453543568731432,2.027224311526208,1.0077248767116382,0.11995890736579895,0.4070490896701813,1.5431510210037231,2.534782825210254,9.0
1872,21497.609,READY_TO_INSERT,1,1.6445206478348893,0.11684194448742856,0.4055836041953022,1.5446442149537016,2.125402491967879,1.0004812066321074,0.11991746723651886,0.40741679072380066,1.54192054271698,2.62879624186906,9.0
1873,21497.703,READY_TO_INSERT,1,1.8256806694729246,0.11554102255354841,0.4042394836657399,1.5411851905556806,2.1704250317652463,1.1992027281601336,0.11834686994552612,0.4061610698699951,1.5384483337402344,2.6356541441554255,9.0
1874,21497.796,READY_TO_INSERT,1,1.7700802755787437,0.11614715623325224,0.4044308033036906,1.5413497788134125,1.9967476211370232,1.0443651462749302,0.1191444918513298,0.4058557152748108,1.5392744541168213,2.4535815352174106,9.0
1875,21497.89,READY_TO_INSERT,1,1.6733344282673173,0.11649029712495483,0.4047468399413785,1.5413054512727673,1.8836693209911581,1.0022193539893838,0.11929503828287125,0.405876100063324,1.5395469665527344,2.332034451013823,9.0
1876,21497.984,READY_TO_INSERT,1,1.6196859090669031,0.1166365831999657,0.4048856506443065,1.5425204467994922,1.8968551328148917,0.8920685457421724,0.11962974816560745,0.406066358089447,1.5410183668136597,2.390954057677326,9.0
1877,21498.093,READY_TO_INSERT,1,1.5839398348292013,0.1173433620969946,0.40502901677551006,1.542358968979778,1.867949300424914,0.8183101763059635,0.12047930061817169,0.4061543643474579,1.5410391092300415,2.4258180377002807,9.0
1878,21498.187,READY_TO_INSERT,1,1.6306741666466815,0.11688193074082531,0.4053227973014391,1.543276110143481,1.9020759960680453,0.9988282653074855,0.11969555169343948,0.406514048576355,1.5416730642318726,2.3925366148898703,9.0
1879,21498.281,READY_TO_INSERT,1,1.6408841009612722,0.11673966291720661,0.4056619128938581,1.5424318371837722,1.7891461418949715,0.5982931084571864,0.12046634405851364,0.40662628412246704,1.5418354272842407,2.5589696673564584,9.0
1880,21498.375,READY_TO_INSERT,1,1.675331828993149,0.11659603188616392,0.4048851521434082,1.541441213550608,1.7568287973688872,0.914112434171187,0.1195521280169487,0.4058709740638733,1.5419622659683228,2.8086675387592313,9.0
1881,21498.468,READY_TO_INSERT,1,1.772785053115641,0.11503871914305165,0.40503980155093944,1.541154144859234,1.8976603281783024,1.1116970328768168,0.11768858134746552,0.4064711034297943,1.541646122932434,2.997509539611614,9.0
1882,21498.593,READY_TO_INSERT,1,1.7030816634327826,0.11598626167564921,0.40493011498475123,1.5412923074962752,1.8385793557156032,0.9948867804902726,0.1187797263264656,0.4061422646045685,1.5418449640274048,3.0727329495523183,9.0
1883,21498.703,READY_TO_INSERT,1,1.6041298438044918,0.11661117906567814,0.40549962946166257,1.542796652864695,1.7801618173309246,1.0152974023513615,0.11907349526882172,0.4066542685031891,1.5434894561767578,3.0245205484333493,9.0
1884,21498.796,READY_TO_INSERT,1,1.5386510265794708,0.11678702285016856,0.4061326700393477,1.5438299068775536,1.714489111983811,0.9958233034855425,0.11911118775606155,0.4071565568447113,1.544678807258606,2.912318344401778,9.0
1885,21498.89,READY_TO_INSERT,1,1.5941243368859923,0.11597306361657525,0.40580270847624816,1.5437683704906633,1.8531121808078757,1.036776253523694,0.11841955035924911,0.40720346570014954,1.5442523956298828,3.036867515663552,9.0
1886,21499.0,READY_TO_INSERT,1,1.6010464618889948,0.11577813204058518,0.4052931324534942,1.5418540386864446,1.8494709475357118,0.9701265510813055,0.11839857697486877,0.40663257241249084,1.5420252084732056,2.7057479524153267,9.0
1887,21499.093,READY_TO_INSERT,1,1.4924658759006373,0.11648973535439457,0.40527355496919326,1.5437636359429243,1.7249671679812417,0.9499215438858326,0.11881930381059647,0.40629780292510986,1.544567584991455,2.819355696437061,9.0
1888,21499.187,READY_TO_INSERT,1,1.5029159680503226,0.11647197290738473,0.4057565659176442,1.5439185923961813,1.738612988657797,0.8210488475453627,0.11925412714481354,0.4067588746547699,1.544397234916687,2.717977872605141,9.0
1889,21499.281,READY_TO_INSERT,1,1.527426167943475,0.11611546716458629,0.4053139406946111,1.543831742389478,1.820487289902874,0.8087894920513021,0.11907864362001419,0.40648719668388367,1.5439624786376953,2.705666028167342,9.0
1890,21499.375,READY_TO_INSERT,1,1.54941835327047,0.11671332995627391,0.40558848950832177,1.5445653414837002,1.765798011902182,0.8329603430600564,0.11964233964681625,0.40656396746635437,1.5442674160003662,2.515176741837229,9.0
1891,21499.468,READY_TO_INSERT,1,1.7257895901186224,0.11591650849731995,0.40483193320157046,1.5415405667490247,2.006274440259897,0.9976541111315532,0.11890605092048645,0.4062183201313019,1.5393673181533813,2.4217119889766208,9.0
1892,21499.593,READY_TO_INSERT,1,1.6767465036186142,0.11516207455315881,0.40632161886714785,1.544798706951697,1.8813864549023858,1.1238505026894927,0.11744383722543716,0.4071230888366699,1.5412824153900146,2.227649381702076,9.0
1893,21499.718,READY_TO_INSERT,1,1.7765044644356958,0.11482745996948551,0.40616533205727284,1.5436711907999734,1.82294528893625,1.2600327281534511,0.11703010648488998,0.4071531891822815,1.5420036315917969,2.2055085753947634,9.0
1894,21499.812,READY_TO_INSERT,1,1.817782760915914,0.11485417825562777,0.40564462463632256,1.5433348424455475,1.8696564818613448,1.0545603238533583,0.11782500892877579,0.40680116415023804,1.542423129081726,2.4032661326372518,9.0
1895,21499.921,READY_TO_INSERT,1,1.8426033171424916,0.11535050506607097,0.40560088329743815,1.541685195036325,1.7527848365130299,1.0061325463612683,0.11835784465074539,0.4065014719963074,1.5413447618484497,2.372452528053639,9.0
1896,21500.0,READY_TO_INSERT,1,1.721653451469129,0.11557908008544657,0.40584645814323445,1.544100108371899,1.8322160440576603,0.9122058755582311,0.1186651885509491,0.406854510307312,1.5426119565963745,2.297294132379509,9.0
1897,21500.109,READY_TO_INSERT,1,1.6734108324983827,0.1157410721544234,0.40545292402344885,1.5428038989205886,1.820628909835602,0.9535254124948395,0.11861371248960495,0.40646588802337646,1.5415337085723877,2.3190216663569974,9.0
1898,21500.203,READY_TO_INSERT,1,1.6786558832835963,0.11592742377771113,0.40490776437468873,1.5431859794817029,1.7959298548803988,0.977317034888433,0.11873611807823181,0.4057614803314209,1.541622281074524,2.20088585676034,9.0
1899,21500.312,READY_TO_INSERT,1,1.6193310384466049,0.1163784894929896,0.4054703299187352,1.543560616891825,1.7336785221427322,0.9651792794613219,0.11906742304563522,0.40621933341026306,1.5422062873840332,2.173990365476863,9.0
1900,21500.406,READY_TO_INSERT,1,1.710203008966767,0.11672796331493521,0.40549701042435726,1.5429093969972238,1.7406980709756834,1.0827444949757843,0.11935902386903763,0.4064362943172455,1.5427511930465698,2.461506371138416,9.0
1901,21500.5,READY_TO_INSERT,1,1.644621537866534,0.11653447329692593,0.40606844609984305,1.5446761967595763,1.7068119420002401,0.9395834411640042,0.11933039128780365,0.4068846106529236,1.5442925691604614,2.3507084173312034,9.0
1902,21500.609,READY_TO_INSERT,1,1.6541306720590223,0.11636453615509527,0.40642378185953937,1.5464900816007296,1.682595638230083,1.0108887975905667,0.11898933351039886,0.40721145272254944,1.5461618900299072,2.3133437727950836,9.0
1903,21500.703,READY_TO_INSERT,1,1.6029947449484443,0.11666956178146522,0.40546428900365866,1.5423136707665286,1.9434788276487283,0.5847880544704039,0.1206405758857727,0.40658584237098694,1.5399543046951294,2.4307602979792144,9.0
1904,21500.796,READY_TO_INSERT,1,1.6313338390909287,0.11624937809129446,0.4052073770112542,1.5422727298983718,1.8945043030373834,1.0087912298226864,0.11905675381422043,0.4063185453414917,1.5408557653427124,2.3645570549886017,9.0
1905,21500.89,READY_TO_INSERT,1,1.5974333321901706,0.11648140203519686,0.4053297269470077,1.542983200003618,1.757411218787677,0.84954327536774,0.11941593885421753,0.4062338173389435,1.542860984802246,2.4627404057591997,9.0
1906,21500.984,READY_TO_INSERT,1,1.6252583786561172,0.11640989123779842,0.4046234555380597,1.541129139294166,1.811785833187886,0.9477816389134779,0.11926788091659546,0.40571698546409607,1.541214942932129,2.6279942117816666,9.0
1907,21501.078,READY_TO_INSERT,1,1.5510710869158002,0.11632900061037996,0.4046440728850731,1.5411675775788778,1.8240864343994494,0.8682356311249427,0.11915215104818344,0.4058336317539215,1.5415786504745483,2.8271831064169746,9.0
1908,21501.171,READY_TO_INSERT,1,1.4612770829255972,0.11627654614777505,0.405450283793097,1.544803546199606,1.747013021741541,0.8151565245802578,0.11901694536209106,0.4064461290836334,1.5452508926391602,2.619616594570272,9.0
1909,21501.265,READY_TO_INSERT,1,1.490575909243142,0.1164913445203626,0.4049909153658421,1.5443838227101658,1.7181726720073751,0.8201389129534007,0.11928745359182358,0.4058536887168884,1.5446839332580566,2.5260045619361327,9.0
1910,21501.375,READY_TO_INSERT,1,1.5210956341615682,0.11615077340070948,0.4047381548069278,1.54365839868653,1.776410216135106,0.8357030511672539,0.11899790912866592,0.40575289726257324,1.5439502000808716,2.5997750535682047,9.0
1911,21501.468,READY_TO_INSERT,1,1.5372841507882429,0.1162229812364295,0.4043488463133821,1.5442801390265035,1.863249040897188,0.8040012671254877,0.11928260326385498,0.40563899278640747,1.5444490909576416,2.767972737661953,9.0
1912,21501.578,READY_TO_INSERT,1,1.540996993133647,0.11662130216793029,0.4047838953362359,1.5441028569871726,1.7448617559398965,0.8345582416938215,0.11952069401741028,0.40574735403060913,1.544343113899231,2.586833220514277,9.0
1913,21501.671,READY_TO_INSERT,1,1.4901498178695933,0.1163840699224034,0.4049495315702322,1.545237404795399,1.7182319883821238,0.8415619290432337,0.11908454447984695,0.4059171676635742,1.5459017753601074,2.7440639271807687,9.0
1914,21501.765,READY_TO_INSERT,1,1.4442442171346004,0.11712179431381022,0.4054009411985736,1.5456783004551125,1.6774208823476642,0.8111356694507792,0.11973122507333755,0.4063049852848053,1.5464675426483154,2.9599204976068005,9.0
1915,21501.859,READY_TO_INSERT,1,1.6073151543318662,0.11633984852114634,0.40492123080653064,1.5397742127901732,1.7029451694145692,0.7898342450517313,0.11934372037649155,0.40549197793006897,1.5387507677078247,2.123267538572319,9.0
1916,21501.968,READY_TO_INSERT,1,1.607999778612374,0.11612068560300276,0.40578993565621474,1.5420091798988107,1.8057829338745044,0.9865060576080552,0.11876338720321655,0.4067531228065491,1.541062831878662,2.298091486573604,9.0
1917,21502.046,READY_TO_INSERT,1,1.6822491968183955,0.11567020778221593,0.40553021475611983,1.5416283367943469,1.7474501908049203,1.0356076861101606,0.11827532202005386,0.4064217805862427,1.5412882566452026,2.3166455566581257,9.0
1918,21502.156,READY_TO_INSERT,1,1.5997320576040812,0.11599651083955659,0.40572368569945727,1.5421810097256672,1.7808628977159704,0.9253233750303727,0.11863987147808075,0.4065840542316437,1.5407112836837769,2.15207737910948,9.0
1919,21502.265,READY_TO_INSERT,1,1.6811252904217082,0.11627805322929866,0.4055079400287147,1.5428940405129972,1.8200017143253602,1.1346251033641377,0.11861640959978104,0.4066554009914398,1.5423405170440674,2.3647023230081303,9.0
1920,21502.359,READY_TO_INSERT,1,1.6919921906603728,0.11653609276243412,0.40523212307068934,1.5441595837901998,1.8987016780479664,1.0443244568205858,0.11916560679674149,0.406476229429245,1.5425699949264526,2.3096784067853022,9.0
1921,21502.453,READY_TO_INSERT,1,1.7088327068606937,0.11544950679397172,0.4051613621607639,1.543809606747231,1.930436073946002,1.0153127652624943,0.11818403005599976,0.4065091013908386,1.5427347421646118,2.3948464057037797,9.0
1922,21502.546,READY_TO_INSERT,1,1.6437471543536022,0.1164667456840574,0.40525946170420996,1.5437459426807647,2.01061751268969,0.8147412905849172,0.11974253505468369,0.40680190920829773,1.5420238971710205,2.4966910513619887,9.0
1923,21502.64,READY_TO_INSERT,1,1.6455546246185324,0.11667933426182504,0.40608184181066964,1.545601481184897,1.94988651104721,0.828656696878729,0.11993115395307541,0.40745919942855835,1.5439532995224,2.448367841875362,9.0
1924,21502.75,READY_TO_INSERT,1,1.6067470844024718,0.11758170389674544,0.4050729623640902,1.5427810690185406,1.998493479942781,0.7939164190737019,0.12095128744840622,0.4066046178340912,1.541329264640808,2.5877078090564507,9.0
1925,21502.843,READY_TO_INSERT,1,1.6096978825089043,0.11823217492303151,0.40560074549831376,1.544490438550586,1.9518921381344692,0.7102792921067506,0.1218375638127327,0.4069270193576813,1.5428169965744019,2.5067601941872555,9.0
1926,21502.937,READY_TO_INSERT,1,1.6233903398477356,0.11773498373427188,0.4063180772632337,1.5446407763440406,1.9086308647573076,0.7927139248410616,0.12102274596691132,0.4076065421104431,1.5431082248687744,2.4495539382466216,9.0
1927,21503.046,READY_TO_INSERT,1,1.6511999744253112,0.11591133628243949,0.40635548059717985,1.541981886146161,1.8212353213771661,0.850229829881952,0.11912298202514648,0.40726909041404724,1.540446162223816,2.3205120566539557,9.0
1928,21503.156,READY_TO_INSERT,1,1.671041108749508,0.1162672028289204,0.406698922183835,1.5438009349077744,1.8735984856188874,0.9518029580487376,0.11929789185523987,0.40788236260414124,1.5425645112991333,2.449374465538542,9.0
1929,21503.25,READY_TO_INSERT,1,1.6003703707340353,0.11651049723606119,0.40713112864162454,1.5451646957444487,1.7443195991899114,0.8365215972888351,0.11957074701786041,0.4079519808292389,1.5439337491989136,2.293484671915131,9.0
1930,21503.328,READY_TO_INSERT,1,1.7634014978910475,0.11515544478600755,0.4063530373210886,1.5441681813794237,1.9662882956590326,0.9215290565614604,0.11844531446695328,0.40781813859939575,1.5429619550704956,2.5768177452817325,9.0
1931,21503.421,READY_TO_INSERT,1,1.6936515593513124,0.11557599429471968,0.40614778741382124,1.5439583488519908,1.8645491893757427,0.8783302856188525,0.11873552948236465,0.4072352647781372,1.5428578853607178,2.397561864363275,9.0
1932,21503.515,READY_TO_INSERT,1,1.8056223027502079,0.11499580963549538,0.4063259827074139,1.5429486442955103,1.9762488983911148,1.032768323025649,0.11810975521802902,0.40789613127708435,1.5423845052719116,2.706278803722006,9.0
1933,21503.64,READY_TO_INSERT,1,1.7502690843749344,0.115654653181452,0.40613853918119,1.5437555227533961,1.981264418591975,0.921345357137797,0.11896373331546783,0.4075889587402344,1.5421557426452637,2.5387262037124567,9.0
1934,21503.734,READY_TO_INSERT,1,1.727808644623461,0.1156383512241962,0.4055897528629911,1.5438783287971236,2.0095133583921747,0.9428220426758586,0.11885963380336761,0.407059907913208,1.5419241189956665,2.495689300361423,9.0
1935,21503.828,READY_TO_INSERT,1,1.688953529260874,0.11551087153975359,0.40574545049414434,1.5437283216180826,1.9942645751825707,0.9100601006059257,0.1186421811580658,0.4071831703186035,1.5418654680252075,2.4637846472750935,9.0
1936,21503.921,READY_TO_INSERT,1,1.7173116314097938,0.11593442293855835,0.405058376897195,1.5429843551215552,2.03378753699936,0.9847951763795072,0.11907047778367996,0.4066668450832367,1.5416665077209473,2.6233382744513536,9.0
1937,21504.015,READY_TO_INSERT,1,1.7032655619449415,0.11571951792946585,0.40518211484819466,1.5423222953578533,1.982358585952863,0.9593507607785655,0.11881984025239944,0.4066527783870697,1.5411593914031982,2.5623505065230803,9.0
1938,21504.125,READY_TO_INSERT,1,1.717588028833941,0.11510706997354751,0.4056979277476874,1.5424900512144861,1.8968026286924395,0.9843032617520066,0.11805721372365952,0.4069010317325592,1.5412545204162598,2.403284047484746,9.0
1939,21504.218,READY_TO_INSERT,1,1.643290877144128,0.1161788013809804,0.4052586403635497,1.5415411757041224,1.7495845043142473,1.1163456279451531,0.11840793490409851,0.40550923347473145,1.5372205972671509,2.1884169162486273,9.0
1940,21504.312,READY_TO_INSERT,1,1.8038922556300496,0.11569119388460673,0.40478828360462904,1.540549245266605,1.9123569886714578,1.2299399773493631,0.11800632625818253,0.40554678440093994,1.5364950895309448,2.280971750776405,9.0
1941,21504.406,READY_TO_INSERT,1,1.8589596350923254,0.1152509997945303,0.4051070296150675,1.539852427689583,1.9467406347271237,1.4101777134301154,0.11719561368227005,0.40606486797332764,1.5362060070037842,2.293766735567782,9.0
1942,21504.515,READY_TO_INSERT,1,1.765870894306492,0.11475898357530195,0.40495123238894093,1.538887143584757,1.8341378989440997,1.1822760247498134,0.11704294383525848,0.40580302476882935,1.5369356870651245,2.142165986527729,9.0
1943,21504.64,READY_TO_INSERT,1,1.7607610782114844,0.11550247510082587,0.4051020527221587,1.54114004437277,1.8177649263692772,1.1243314061169258,0.11802668869495392,0.40609967708587646,1.5401920080184937,2.272920259134883,9.0
1944,21504.75,READY_TO_INSERT,1,1.7194620421379794,0.11649225913793797,0.4051840103314471,1.5404810765613046,1.7180762330140305,0.9738476435961622,0.11929576843976974,0.4059925675392151,1.540215253829956,2.3541939302200032,9.0
1945,21504.843,READY_TO_INSERT,1,1.7005188386540484,0.11724102767816004,0.4054221067401157,1.542445868569641,1.7852997213948676,0.9816466363078709,0.12008799612522125,0.40640535950660706,1.5417767763137817,2.397596316752461,9.0
1946,21504.937,READY_TO_INSERT,1,1.7757047436291935,0.1165136271955949,0.40522976744684513,1.5414803716022767,1.82041347319305,1.0824478563984758,0.11922992765903473,0.4063935875892639,1.5412322282791138,2.5072308002294514,9.0
1947,21505.046,READY_TO_INSERT,1,1.6934949987183627,0.11755639737676997,0.4055947494451097,1.5429714306861488,1.6897379471788165,1.0996880361890686,0.1199837476015091,0.406482458114624,1.5434391498565674,2.5172650126675267,9.0
1948,21505.14,READY_TO_INSERT,1,1.6825740693832087,0.11723392041043396,0.4055941230205541,1.542267326392493,1.7124171501334626,1.0342353466386114,0.11983026564121246,0.4065733551979065,1.5429452657699585,2.6458789725147485,9.0
1949,21505.234,READY_TO_INSERT,1,1.6946589352592472,0.11692651516993598,0.4052864104192858,1.5429321208977016,1.8038494889977514,0.9072271812167929,0.12000393867492676,0.40634676814079285,1.5428705215454102,2.5718896816302834,9.0
1950,21505.39,READY_TO_INSERT,1,1.6957785565569852,0.11651867097537069,0.4054651261885264,1.543204641033217,1.804436460765865,1.0888135687974843,0.11910858750343323,0.4064715504646301,1.5425578355789185,2.3477788735174814,9.0
1951,21505.5,READY_TO_INSERT,1,1.6558011896993499,0.11644819115520792,0.40524681292885406,1.5396207238062254,1.7626223237735332,1.2669080039340253,0.11835046857595444,0.4057762026786804,1.5366544723510742,2.1245045270849143,9.0
1952,21505.64,READY_TO_INSERT,1,1.616738697090936,0.11720953434139691,0.4058288446258106,1.5434663490877327,1.7341447242112886,1.077620338204487,0.11962921917438507,0.40658536553382874,1.5421103239059448,2.164988098634154,9.0
1953,21505.734,READY_TO_INSERT,1,1.513342403261856,0.11783366021390995,0.4055179027405861,1.5436153668639716,1.7942381564541163,0.8314518969378347,0.12084163725376129,0.4064311981201172,1.5423989295959473,2.350805249080007,9.0
1954,21505.859,READY_TO_INSERT,1,1.5004886766473648,0.11829712997263836,0.40586384804049896,1.5436095899567546,1.6659921541927218,0.7998902852578385,0.12122880667448044,0.4064505100250244,1.5425397157669067,2.17988133519577,9.0
1955,21505.968,READY_TO_INSERT,1,1.5275459737907102,0.11838423121528165,0.406122230812943,1.5443676118468228,1.7216069691883944,0.7451316899780108,0.12154330313205719,0.406934529542923,1.5436053276062012,2.3449850585280063,9.0
1956,21506.062,READY_TO_INSERT,1,1.538135918417254,0.11865304198107358,0.40575134914513006,1.5448262778446995,1.8079747087198899,0.7386273696438005,0.12195038795471191,0.40681028366088867,1.54397714138031,2.480997500632552,9.0
1957,21506.171,READY_TO_INSERT,1,1.5429701867685188,0.11830183180115518,0.4055976841678451,1.5438497677149756,1.7776990671191233,0.7967787217814926,0.12146394699811935,0.4065563678741455,1.5431368350982666,2.447043111937845,9.0
1958,21506.265,READY_TO_INSERT,1,1.534961830254411,0.11829547739718284,0.4058705574698431,1.543117909470602,1.6897925616950695,0.7455068048965106,0.12149647623300552,0.40665432810783386,1.5428640842437744,2.4698585203172816,9.0
