t_iso,frame_i,fsm_state,align_sub,camera_frame_number,camera_frame_delta,camera_sensor_timestamp_ms,camera_sensor_interval_ms,camera_timestamp_domain,camera_input_host_mono_ms,camera_input_interval_ms,inference_ran,inference_start_host_mono_ms,inference_end_host_mono_ms,model_inference_ms,input_to_inference_end_ms,pose_result_host_mono_ms,input_to_pose_result_ms,model_det_ok,pnp_ok,pose_src,pose_n_used,pose_rms_px,yaw_deg,pos_x_m,pos_z_m,center_bearing_deg
2026-09-03T19:04:10.700,1,PRECHECK,PRECHECK,1,,1788429849923.020,,timestamp_domain.system_time,26983640.000,,1,26983640.000,26984359.000,719.000,719.000,26984359.000,719.000,0,0,,,,,,,
2026-09-03T19:04:10.901,2,PRECHECK,PRECHECK,29,28,1788429850858.588,935.568,timestamp_domain.system_time,26984531.000,891.000,1,26984531.000,26984562.000,31.000,31.000,26984562.000,31.000,1,1,pnp_visible_ransac,9,1.565,-8.2812,-0.137259,3.383393,-2.3231
2026-09-03T19:04:10.977,3,PRECHECK,PRECHECK,32,3,1788429850955.051,96.463,timestamp_domain.system_time,26984625.000,94.000,1,26984625.000,26984640.000,15.000,15.000,26984640.000,15.000,1,1,pnp_visible_ransac,9,1.496,-8.6960,-0.132276,3.389207,-2.2350
2026-09-03T19:04:11.045,4,PRECHECK,PRECHECK,33,1,1788429850988.732,33.681,timestamp_domain.system_time,26984687.000,62.000,1,26984687.000,26984703.000,16.000,16.000,26984703.000,16.000,1,1,pnp_visible_ransac,9,1.669,-8.5696,-0.131819,3.378595,-2.2343
2026-09-03T19:04:11.116,5,PRECHECK,PRECHECK,36,3,1788429851088.632,99.900,timestamp_domain.system_time,26984750.000,63.000,1,26984750.000,26984781.000,31.000,31.000,26984781.000,31.000,1,1,pnp_visible_ransac,9,1.423,-8.5337,-0.137335,3.390819,-2.3193
2026-09-03T19:04:11.178,6,PRECHECK,PRECHECK,38,2,1788429851155.076,66.444,timestamp_domain.system_time,26984828.000,78.000,1,26984828.000,26984843.000,15.000,15.000,26984843.000,15.000,1,1,pnp_visible_ransac,9,1.461,-8.1825,-0.136320,3.407261,-2.2911
2026-09-03T19:04:11.236,7,PRECHECK,PRECHECK,39,1,1788429851188.515,33.438,timestamp_domain.system_time,26984875.000,47.000,1,26984875.000,26984890.000,15.000,15.000,26984890.000,15.000,1,1,pnp_visible_ransac,9,1.521,-8.1597,-0.138910,3.406729,-2.3349
2026-09-03T19:04:11.298,8,PRECHECK,PRECHECK,41,2,1788429851255.316,66.802,timestamp_domain.system_time,26984937.000,62.000,1,26984937.000,26984953.000,16.000,16.000,26984953.000,16.000,1,1,pnp_visible_ransac,9,1.490,-8.6584,-0.134827,3.387453,-2.2793
2026-09-03T19:04:11.358,9,PRECHECK,PRECHECK,43,2,1788429851322.088,66.771,timestamp_domain.system_time,26985000.000,63.000,1,26985000.000,26985015.000,15.000,15.000,26985015.000,15.000,1,1,pnp_visible_ransac,9,1.523,-8.0418,-0.136999,3.385938,-2.3170
2026-09-03T19:04:11.415,10,PRECHECK,PRECHECK,45,2,1788429851388.813,66.725,timestamp_domain.system_time,26985062.000,62.000,1,26985062.000,26985078.000,16.000,16.000,26985078.000,16.000,1,1,pnp_visible_ransac,9,1.510,-7.6827,-0.138160,3.397322,-2.3288
2026-09-03T19:04:11.467,11,PRECHECK,PRECHECK,46,1,1788429851422.181,33.368,timestamp_domain.system_time,26985109.000,47.000,1,26985109.000,26985125.000,16.000,16.000,26985125.000,16.000,1,1,pnp_visible_ransac,9,1.619,-7.6802,-0.137481,3.368114,-2.3374
2026-09-03T19:04:11.518,12,PRECHECK,PRECHECK,48,2,1788429851488.753,66.572,timestamp_domain.system_time,26985156.000,47.000,1,26985156.000,26985171.000,15.000,15.000,26985171.000,15.000,1,1,pnp_visible_ransac,9,1.429,-8.5005,-0.133320,3.403833,-2.2430
2026-09-03T19:04:11.574,13,PRECHECK,PRECHECK,49,1,1788429851522.146,33.393,timestamp_domain.system_time,26985218.000,62.000,1,26985218.000,26985234.000,16.000,16.000,26985234.000,16.000,1,1,pnp_visible_ransac,9,1.545,-8.4260,-0.134356,3.401644,-2.2618
2026-09-03T19:04:11.630,14,PRECHECK,PRECHECK,51,2,1788429851588.858,66.711,timestamp_domain.system_time,26985281.000,63.000,1,26985281.000,26985281.000,0.000,0.000,26985296.000,15.000,1,1,pnp_visible_ransac,9,1.493,-8.1721,-0.137373,3.400264,-2.3135
2026-09-03T19:04:11.683,15,PRECHECK,PRECHECK,53,2,1788429851655.809,66.951,timestamp_domain.system_time,26985328.000,47.000,1,26985328.000,26985343.000,15.000,15.000,26985343.000,15.000,1,1,pnp_visible_ransac,9,1.441,-8.3522,-0.136328,3.402381,-2.2945
2026-09-03T19:04:11.836,16,PRECHECK,PRECHECK,56,3,1788429851756.225,100.416,timestamp_domain.system_time,26985468.000,140.000,1,26985468.000,26985500.000,32.000,32.000,26985500.000,32.000,1,1,pnp_visible_ransac,9,1.504,-9.2014,-0.133299,3.412996,-2.2366
2026-09-03T19:04:11.892,17,PRECHECK,PRECHECK,59,3,1788429851855.720,99.496,timestamp_domain.system_time,26985531.000,63.000,1,26985531.000,26985546.000,15.000,15.000,26985546.000,15.000,1,1,pnp_visible_ransac,9,1.451,-8.4005,-0.133673,3.391405,-2.2572
2026-09-03T19:04:11.942,18,PRECHECK,PRECHECK,61,2,1788429851922.481,66.761,timestamp_domain.system_time,26985593.000,62.000,1,26985593.000,26985593.000,0.000,0.000,26985609.000,16.000,1,1,pnp_visible_ransac,9,1.525,-9.0116,-0.132818,3.401375,-2.2362
2026-09-03T19:04:11.994,19,PRECHECK,PRECHECK,62,1,1788429851955.817,33.336,timestamp_domain.system_time,26985640.000,47.000,1,26985640.000,26985656.000,16.000,16.000,26985656.000,16.000,1,1,pnp_visible_ransac,9,1.412,-8.8374,-0.135591,3.386986,-2.2925
2026-09-03T19:04:12.044,20,PRECHECK,PRECHECK,64,2,1788429852022.506,66.689,timestamp_domain.system_time,26985687.000,47.000,1,26985687.000,26985703.000,16.000,16.000,26985703.000,16.000,1,1,pnp_visible_ransac,9,1.541,-8.4175,-0.138404,3.403064,-2.3290
2026-09-03T19:04:12.094,21,PRECHECK,PRECHECK,65,1,1788429852055.928,33.422,timestamp_domain.system_time,26985734.000,47.000,1,26985734.000,26985750.000,16.000,16.000,26985750.000,16.000,1,1,pnp_visible_ransac,9,1.414,-8.0020,-0.138030,3.386533,-2.3340
2026-09-03T19:04:12.144,22,PRECHECK,PRECHECK,67,2,1788429852122.617,66.689,timestamp_domain.system_time,26985796.000,62.000,1,26985796.000,26985796.000,0.000,0.000,26985796.000,0.000,1,1,pnp_visible_ransac,9,1.411,-8.5901,-0.136597,3.396727,-2.3029
2026-09-03T19:04:12.196,23,PRECHECK,PRECHECK,68,1,1788429852155.966,33.350,timestamp_domain.system_time,26985843.000,47.000,1,26985843.000,26985859.000,16.000,16.000,26985859.000,16.000,1,1,pnp_visible_ransac,9,1.422,-8.0650,-0.136356,3.383153,-2.3080
2026-09-03T19:04:12.246,24,PRECHECK,PRECHECK,70,2,1788429852222.663,66.697,timestamp_domain.system_time,26985890.000,47.000,1,26985890.000,26985906.000,16.000,16.000,26985906.000,16.000,1,1,pnp_visible_ransac,9,1.599,-8.3748,-0.137134,3.400406,-2.3094
2026-09-03T19:04:12.296,25,PRECHECK,PRECHECK,71,1,1788429852256.019,33.356,timestamp_domain.system_time,26985937.000,47.000,1,26985937.000,26985953.000,16.000,16.000,26985953.000,16.000,1,1,pnp_visible_ransac,9,1.458,-8.1245,-0.135716,3.379893,-2.2994
2026-09-03T19:04:12.346,26,PRECHECK,PRECHECK,73,2,1788429852322.913,66.894,timestamp_domain.system_time,26986000.000,63.000,1,26986000.000,26986000.000,0.000,0.000,26986000.000,0.000,1,1,pnp_visible_ransac,9,1.405,-8.3467,-0.135318,3.393094,-2.2838
2026-09-03T19:04:12.402,27,PRECHECK,PRECHECK,74,1,1788429852355.878,32.965,timestamp_domain.system_time,26986046.000,46.000,1,26986046.000,26986062.000,16.000,16.000,26986062.000,16.000,1,1,pnp_visible_ransac,9,1.440,-8.2964,-0.135583,3.382940,-2.2951
2026-09-03T19:04:12.461,28,PRECHECK,PRECHECK,76,2,1788429852422.668,66.790,timestamp_domain.system_time,26986109.000,63.000,1,26986109.000,26986125.000,16.000,16.000,26986125.000,16.000,1,1,pnp_visible_ransac,9,1.555,-8.8042,-0.135250,3.416336,-2.2671
2026-09-03T19:04:12.522,29,PRECHECK,PRECHECK,78,2,1788429852489.607,66.939,timestamp_domain.system_time,26986171.000,62.000,1,26986171.000,26986187.000,16.000,16.000,26986187.000,16.000,1,1,pnp_visible_ransac,9,1.419,-8.8084,-0.135148,3.411922,-2.2683
2026-09-03T19:04:12.584,30,PRECHECK,PRECHECK,80,2,1788429852556.317,66.710,timestamp_domain.system_time,26986218.000,47.000,1,26986218.000,26986250.000,32.000,32.000,26986250.000,32.000,1,1,pnp_visible_ransac,9,1.504,-7.8109,-0.141333,3.375964,-2.3973
2026-09-03T19:04:12.642,31,PRECHECK,PRECHECK,81,1,1788429852589.717,33.400,timestamp_domain.system_time,26986281.000,63.000,1,26986281.000,26986296.000,15.000,15.000,26986296.000,15.000,1,1,pnp_visible_ransac,9,1.513,-8.5712,-0.134243,3.383003,-2.2724
2026-09-03T19:04:12.698,32,PRECHECK,PRECHECK,83,2,1788429852656.484,66.767,timestamp_domain.system_time,26986343.000,62.000,1,26986343.000,26986359.000,16.000,16.000,26986359.000,16.000,1,1,pnp_visible_ransac,9,1.587,-8.1209,-0.136926,3.379198,-2.3204
2026-09-03T19:04:12.820,33,PRECHECK,PRECHECK,86,3,1788429852756.719,100.235,timestamp_domain.system_time,26986468.000,125.000,1,26986468.000,26986484.000,16.000,16.000,26986484.000,16.000,1,1,pnp_visible_ransac,9,1.531,-8.4966,-0.131965,3.412354,-2.2147
2026-09-03T19:04:12.871,34,PRECHECK,PRECHECK,88,2,1788429852822.968,66.249,timestamp_domain.system_time,26986515.000,47.000,1,26986515.000,26986531.000,16.000,16.000,26986531.000,16.000,1,1,pnp_visible_ransac,9,1.509,-8.5853,-0.138266,3.401655,-2.3276
2026-09-03T19:04:12.922,35,PRECHECK,PRECHECK,90,2,1788429852889.885,66.918,timestamp_domain.system_time,26986562.000,47.000,1,26986562.000,26986578.000,16.000,16.000,26986578.000,16.000,1,1,pnp_visible_ransac,9,1.443,-7.6871,-0.133144,3.390326,-2.2489
2026-09-03T19:04:12.980,36,PRECHECK,PRECHECK,91,1,1788429852923.241,33.355,timestamp_domain.system_time,26986625.000,63.000,1,26986625.000,26986640.000,15.000,15.000,26986640.000,15.000,1,1,pnp_visible_ransac,9,1.499,-7.9055,-0.139244,3.379700,-2.3593
2026-09-03T19:04:13.055,37,PRECHECK,PRECHECK,94,3,1788429853023.437,100.196,timestamp_domain.system_time,26986703.000,78.000,1,26986703.000,26986718.000,15.000,15.000,26986718.000,15.000,1,1,pnp_visible_ransac,9,1.468,-8.0535,-0.137025,3.406052,-2.3038
2026-09-03T19:04:13.152,38,PRECHECK,PRECHECK,97,3,1788429853123.427,99.990,timestamp_domain.system_time,26986796.000,93.000,1,26986796.000,26986812.000,16.000,16.000,26986812.000,16.000,1,1,pnp_visible_ransac,9,1.469,-8.1667,-0.139983,3.398790,-2.3585
2026-09-03T19:04:13.225,39,PRECHECK,PRECHECK,99,2,1788429853190.366,66.939,timestamp_domain.system_time,26986859.000,63.000,1,26986875.000,26986875.000,0.000,16.000,26986890.000,31.000,1,1,pnp_visible_ransac,9,1.484,-8.2045,-0.133038,3.396342,-2.2432
2026-09-03T19:04:13.309,40,PRECHECK,PRECHECK,101,2,1788429853256.744,66.378,timestamp_domain.system_time,26986953.000,94.000,1,26986953.000,26986968.000,15.000,15.000,26986968.000,15.000,1,1,pnp_visible_ransac,9,1.570,-8.2787,-0.140284,3.386741,-2.3719
2026-09-03T19:04:13.385,41,PRECHECK,PRECHECK,104,3,1788429853357.011,100.267,timestamp_domain.system_time,26987031.000,78.000,1,26987031.000,26987046.000,15.000,15.000,26987046.000,15.000,1,1,pnp_visible_ransac,9,1.497,-8.4641,-0.130167,3.397999,-2.1938
2026-09-03T19:04:13.461,42,PRECHECK,PRECHECK,106,2,1788429853423.663,66.652,timestamp_domain.system_time,26987093.000,62.000,1,26987109.000,26987125.000,16.000,32.000,26987125.000,32.000,1,1,pnp_visible_ransac,9,1.452,-7.9504,-0.135784,3.382156,-2.2990
2026-09-03T19:04:13.552,43,PRECHECK,PRECHECK,108,2,1788429853490.202,66.539,timestamp_domain.system_time,26987171.000,78.000,1,26987187.000,26987203.000,16.000,32.000,26987218.000,47.000,1,1,pnp_visible_ransac,9,1.433,-8.0180,-0.137616,3.380401,-2.3312
2026-09-03T19:04:13.633,44,PRECHECK,PRECHECK,111,3,1788429853590.352,100.151,timestamp_domain.system_time,26987265.000,94.000,1,26987265.000,26987296.000,31.000,31.000,26987296.000,31.000,1,1,pnp_visible_ransac,9,1.395,-8.4573,-0.133204,3.397439,-2.2453
2026-09-03T19:04:13.708,45,PRECHECK,PRECHECK,113,2,1788429853657.947,67.594,timestamp_domain.system_time,26987343.000,78.000,1,26987359.000,26987359.000,0.000,16.000,26987375.000,32.000,1,1,pnp_visible_ransac,9,1.472,-9.1395,-0.131710,3.405784,-2.2147
2026-09-03T19:04:13.860,46,PRECHECK,PRECHECK,117,4,1788429853792.167,134.221,timestamp_domain.system_time,26987500.000,157.000,1,26987500.000,26987515.000,15.000,15.000,26987515.000,15.000,1,1,pnp_visible_ransac,9,1.459,-9.0874,-0.132097,3.380681,-2.2376
2026-09-03T19:04:13.937,47,PRECHECK,PRECHECK,120,3,1788429853890.432,98.264,timestamp_domain.system_time,26987578.000,78.000,1,26987578.000,26987593.000,15.000,15.000,26987593.000,15.000,1,1,pnp_visible_ransac,9,1.418,-8.8297,-0.130338,3.396035,-2.1979
2026-09-03T19:04:14.021,48,PRECHECK,PRECHECK,122,2,1788429853957.198,66.767,timestamp_domain.system_time,26987656.000,78.000,1,26987656.000,26987671.000,15.000,15.000,26987687.000,31.000,1,1,pnp_visible_ransac,9,1.434,-7.9119,-0.135038,3.392401,-2.2795
2026-09-03T19:04:14.098,49,PRECHECK,PRECHECK,125,3,1788429854057.405,100.207,timestamp_domain.system_time,26987734.000,78.000,1,26987734.000,26987750.000,16.000,16.000,26987765.000,31.000,1,1,pnp_visible_ransac,9,1.597,-8.1404,-0.139263,3.398886,-2.3463
2026-09-03T19:04:14.174,50,PRECHECK,PRECHECK,127,2,1788429854124.143,66.738,timestamp_domain.system_time,26987812.000,78.000,1,26987812.000,26987828.000,16.000,16.000,26987828.000,16.000,1,1,pnp_visible_ransac,9,1.596,-8.2184,-0.141210,3.396272,-2.3809
2026-09-03T19:04:14.250,51,PRECHECK,PRECHECK,130,3,1788429854224.149,100.006,timestamp_domain.system_time,26987890.000,78.000,1,26987890.000,26987906.000,16.000,16.000,26987906.000,16.000,1,1,pnp_visible_ransac,9,1.424,-7.5821,-0.139122,3.376713,-2.3593
2026-09-03T19:04:14.327,52,PRECHECK,PRECHECK,132,2,1788429854290.922,66.773,timestamp_domain.system_time,26987968.000,78.000,1,26987968.000,26987984.000,16.000,16.000,26987984.000,16.000,1,1,pnp_visible_ransac,9,1.464,-8.0168,-0.136390,3.396107,-2.2998
2026-09-03T19:04:14.402,53,PRECHECK,PRECHECK,134,2,1788429854357.751,66.829,timestamp_domain.system_time,26988046.000,78.000,1,26988046.000,26988062.000,16.000,16.000,26988062.000,16.000,1,1,pnp_visible_ransac,9,1.412,-7.9933,-0.140102,3.395297,-2.3629
2026-09-03T19:04:14.482,54,PRECHECK,PRECHECK,136,2,1788429854424.183,66.432,timestamp_domain.system_time,26988125.000,79.000,1,26988125.000,26988140.000,15.000,15.000,26988140.000,15.000,1,1,pnp_visible_ransac,9,1.401,-8.0578,-0.138446,3.386155,-2.3413
2026-09-03T19:04:14.557,55,PRECHECK,PRECHECK,139,3,1788429854524.631,100.448,timestamp_domain.system_time,26988203.000,78.000,1,26988203.000,26988218.000,15.000,15.000,26988218.000,15.000,1,1,pnp_visible_ransac,9,1.515,-8.1208,-0.132171,3.382152,-2.2379
2026-09-03T19:04:14.639,56,PRECHECK,PRECHECK,141,2,1788429854590.824,66.193,timestamp_domain.system_time,26988265.000,62.000,1,26988281.000,26988296.000,15.000,31.000,26988296.000,31.000,1,1,pnp_visible_ransac,9,1.434,-8.2131,-0.135991,3.401677,-2.2893
2026-09-03T19:04:14.713,57,PRECHECK,PRECHECK,143,2,1788429854658.342,67.518,timestamp_domain.system_time,26988359.000,94.000,1,26988359.000,26988375.000,16.000,16.000,26988375.000,16.000,1,1,pnp_visible_ransac,9,1.554,-9.4176,-0.131751,3.405836,-2.2153
2026-09-03T19:04:14.789,58,PRECHECK,PRECHECK,144,1,1788429854690.756,32.415,timestamp_domain.system_time,26988421.000,62.000,1,26988437.000,26988453.000,16.000,32.000,26988453.000,32.000,1,1,pnp_visible_ransac,9,1.491,-8.0221,-0.135913,3.380391,-2.3024
2026-09-03T19:04:14.865,59,PRECHECK,PRECHECK,148,4,1788429854824.750,133.994,timestamp_domain.system_time,26988500.000,79.000,1,26988500.000,26988515.000,15.000,15.000,26988531.000,31.000,1,1,pnp_visible_ransac,9,1.473,-7.7299,-0.136203,3.382340,-2.3060
2026-09-03T19:04:14.941,60,PRECHECK,PRECHECK,150,2,1788429854891.260,66.510,timestamp_domain.system_time,26988578.000,78.000,1,26988578.000,26988593.000,15.000,15.000,26988593.000,15.000,1,1,pnp_visible_ransac,9,1.389,-7.9230,-0.137569,3.369798,-2.3378
2026-09-03T19:04:15.033,61,PRECHECK,PRECHECK,153,3,1788429854991.403,100.142,timestamp_domain.system_time,26988656.000,78.000,1,26988671.000,26988687.000,16.000,31.000,26988687.000,31.000,1,1,pnp_visible_ransac,9,1.531,-8.2093,-0.137066,3.381961,-2.3208
2026-09-03T19:04:15.108,62,PRECHECK,PRECHECK,155,2,1788429855057.736,66.333,timestamp_domain.system_time,26988750.000,94.000,1,26988750.000,26988765.000,15.000,15.000,26988765.000,15.000,1,1,pnp_visible_ransac,9,1.406,-8.1020,-0.132927,3.406028,-2.2350
2026-09-03T19:04:15.191,63,PRECHECK,PRECHECK,158,3,1788429855158.259,100.523,timestamp_domain.system_time,26988828.000,78.000,1,26988828.000,26988843.000,15.000,15.000,26988843.000,15.000,1,1,pnp_visible_ransac,9,1.477,-8.2030,-0.135651,3.404702,-2.2816
2026-09-03T19:04:15.270,64,PRECHECK,PRECHECK,160,2,1788429855225.016,66.757,timestamp_domain.system_time,26988906.000,78.000,1,26988906.000,26988921.000,15.000,15.000,26988921.000,15.000,1,1,pnp_visible_ransac,9,1.468,-8.3160,-0.138961,3.394402,-2.3443
2026-09-03T19:04:15.349,65,PRECHECK,PRECHECK,162,2,1788429855291.544,66.528,timestamp_domain.system_time,26988984.000,78.000,1,26989000.000,26989015.000,15.000,31.000,26989015.000,31.000,1,1,pnp_visible_ransac,9,1.471,-8.5533,-0.134067,3.392622,-2.2630
2026-09-03T19:04:15.425,66,PRECHECK,PRECHECK,165,3,1788429855391.743,100.200,timestamp_domain.system_time,26989062.000,78.000,1,26989062.000,26989078.000,16.000,16.000,26989078.000,16.000,1,1,pnp_visible_ransac,9,1.472,-7.5628,-0.138014,3.383514,-2.3358
2026-09-03T19:04:15.503,67,PRECHECK,PRECHECK,167,2,1788429855458.474,66.731,timestamp_domain.system_time,26989140.000,78.000,1,26989140.000,26989156.000,16.000,16.000,26989156.000,16.000,1,1,pnp_visible_ransac,9,1.399,-8.7892,-0.132659,3.416572,-2.2236
2026-09-03T19:04:15.588,68,PRECHECK,PRECHECK,170,3,1788429855558.419,99.944,timestamp_domain.system_time,26989218.000,78.000,1,26989234.000,26989250.000,16.000,32.000,26989250.000,32.000,1,1,pnp_visible_ransac,9,1.859,-8.7816,-0.137566,3.425336,-2.2998
2026-09-03T19:04:15.671,69,PRECHECK,PRECHECK,172,2,1788429855625.466,67.047,timestamp_domain.system_time,26989312.000,94.000,1,26989312.000,26989328.000,16.000,16.000,26989328.000,16.000,1,1,pnp_visible_ransac,9,1.456,-7.8585,-0.136397,3.385325,-2.3072
2026-09-03T19:04:15.744,70,PRECHECK,PRECHECK,174,2,1788429855692.054,66.588,timestamp_domain.system_time,26989390.000,78.000,1,26989390.000,26989406.000,16.000,16.000,26989406.000,16.000,1,1,pnp_visible_ransac,9,1.542,-8.3483,-0.133623,3.392645,-2.2555
2026-09-03T19:04:15.862,71,PRECHECK,PRECHECK,177,3,1788429855792.143,100.089,timestamp_domain.system_time,26989500.000,110.000,1,26989500.000,26989515.000,15.000,15.000,26989515.000,15.000,1,1,pnp_visible_ransac,9,1.641,-7.8425,-0.134086,3.380500,-2.2714
2026-09-03T19:04:15.938,72,PRECHECK,PRECHECK,180,3,1788429855891.987,99.844,timestamp_domain.system_time,26989578.000,78.000,1,26989578.000,26989593.000,15.000,15.000,26989593.000,15.000,1,1,pnp_visible_ransac,9,1.381,-8.3783,-0.137276,3.406166,-2.3079
2026-09-03T19:04:16.025,73,PRECHECK,PRECHECK,183,3,1788429855992.028,100.041,timestamp_domain.system_time,26989656.000,78.000,1,26989656.000,26989687.000,31.000,31.000,26989687.000,31.000,1,1,pnp_visible_ransac,9,1.509,-7.6145,-0.136429,3.373039,-2.3162
2026-09-03T19:04:16.098,74,PRECHECK,PRECHECK,185,2,1788429856058.651,66.623,timestamp_domain.system_time,26989734.000,78.000,1,26989734.000,26989750.000,16.000,16.000,26989750.000,16.000,1,1,pnp_visible_ransac,9,1.467,-8.4445,-0.132579,3.400001,-2.2330
2026-09-03T19:04:16.173,75,PRECHECK,PRECHECK,187,2,1788429856125.524,66.874,timestamp_domain.system_time,26989812.000,78.000,1,26989812.000,26989828.000,16.000,16.000,26989828.000,16.000,1,1,pnp_visible_ransac,9,1.392,-8.3265,-0.136261,3.398507,-2.2960
2026-09-03T19:04:16.249,76,PRECHECK,PRECHECK,189,2,1788429856192.403,66.878,timestamp_domain.system_time,26989890.000,78.000,1,26989890.000,26989906.000,16.000,16.000,26989906.000,16.000,1,1,pnp_visible_ransac,9,1.385,-8.9488,-0.134442,3.436921,-2.2401
2026-09-03T19:04:16.328,77,PRECHECK,PRECHECK,192,3,1788429856292.104,99.701,timestamp_domain.system_time,26989968.000,78.000,1,26989968.000,26989984.000,16.000,16.000,26989984.000,16.000,1,1,pnp_visible_ransac,9,1.394,-8.0624,-0.138769,3.403676,-2.3347
2026-09-03T19:04:16.409,78,PRECHECK,PRECHECK,194,2,1788429856358.987,66.884,timestamp_domain.system_time,26990046.000,78.000,1,26990046.000,26990062.000,16.000,16.000,26990062.000,16.000,1,1,pnp_visible_ransac,9,1.533,-8.3645,-0.134582,3.366739,-2.2891
2026-09-03T19:04:16.490,79,PRECHECK,PRECHECK,197,3,1788429856459.079,100.092,timestamp_domain.system_time,26990125.000,79.000,1,26990125.000,26990156.000,31.000,31.000,26990156.000,31.000,1,1,pnp_visible_ransac,9,1.429,-7.9899,-0.135646,3.375083,-2.3015
2026-09-03T19:04:16.568,80,PRECHECK,PRECHECK,199,2,1788429856525.756,66.676,timestamp_domain.system_time,26990203.000,78.000,1,26990203.000,26990234.000,31.000,31.000,26990234.000,31.000,1,1,pnp_visible_ransac,9,1.452,-9.1018,-0.131931,3.406872,-2.2177
2026-09-03T19:04:16.641,81,PRECHECK,PRECHECK,201,2,1788429856592.499,66.743,timestamp_domain.system_time,26990281.000,78.000,1,26990281.000,26990296.000,15.000,15.000,26990296.000,15.000,1,1,pnp_visible_ransac,9,1.446,-8.5213,-0.134708,3.393972,-2.2729
2026-09-03T19:04:16.719,82,PRECHECK,PRECHECK,204,3,1788429856693.512,101.013,timestamp_domain.system_time,26990359.000,78.000,1,26990359.000,26990375.000,16.000,16.000,26990375.000,16.000,1,1,pnp_visible_ransac,9,1.478,-7.4146,-0.139177,3.387542,-2.3527
2026-09-03T19:04:16.850,83,PRECHECK,PRECHECK,207,3,1788429856793.375,99.863,timestamp_domain.system_time,26990484.000,125.000,1,26990500.000,26990515.000,15.000,31.000,26990515.000,31.000,1,1,pnp_visible_ransac,9,1.467,-8.5868,-0.131752,3.405941,-2.2153
2026-09-03T19:04:16.923,84,PRECHECK,PRECHECK,210,3,1788429856892.311,98.937,timestamp_domain.system_time,26990562.000,78.000,1,26990562.000,26990578.000,16.000,16.000,26990578.000,16.000,1,1,pnp_visible_ransac,9,1.446,-7.8498,-0.140298,3.381003,-2.3762
2026-09-03T19:04:17.002,85,PRECHECK,PRECHECK,212,2,1788429856959.253,66.941,timestamp_domain.system_time,26990640.000,78.000,1,26990640.000,26990656.000,16.000,16.000,26990656.000,16.000,1,1,pnp_visible_ransac,9,1.476,-8.5320,-0.135561,3.399802,-2.2834
2026-09-03T19:04:17.082,86,PRECHECK,PRECHECK,214,2,1788429857026.095,66.843,timestamp_domain.system_time,26990718.000,78.000,1,26990718.000,26990734.000,16.000,16.000,26990734.000,16.000,1,1,pnp_visible_ransac,9,1.667,-8.8021,-0.136834,3.418702,-2.2920
2026-09-03T19:04:17.155,87,PRECHECK,PRECHECK,217,3,1788429857126.068,99.973,timestamp_domain.system_time,26990796.000,78.000,1,26990796.000,26990812.000,16.000,16.000,26990812.000,16.000,1,1,pnp_visible_ransac,9,1.418,-8.5498,-0.133912,3.398771,-2.2563
2026-09-03T19:04:17.239,88,PRECHECK,PRECHECK,219,2,1788429857193.062,66.994,timestamp_domain.system_time,26990875.000,79.000,1,26990875.000,26990890.000,15.000,15.000,26990906.000,31.000,1,1,pnp_visible_ransac,9,1.533,-8.5454,-0.134376,3.382438,-2.2750
2026-09-03T19:04:17.316,89,PRECHECK,PRECHECK,221,2,1788429857259.441,66.379,timestamp_domain.system_time,26990953.000,78.000,1,26990953.000,26990968.000,15.000,15.000,26990968.000,15.000,1,1,pnp_visible_ransac,9,1.503,-8.9458,-0.137547,3.388010,-2.3248
2026-09-03T19:04:17.392,90,PRECHECK,PRECHECK,224,3,1788429857359.765,100.324,timestamp_domain.system_time,26991031.000,78.000,1,26991031.000,26991046.000,15.000,15.000,26991046.000,15.000,1,1,pnp_visible_ransac,9,1.576,-8.5702,-0.131049,3.380742,-2.2199
2026-09-03T19:04:17.467,91,PRECHECK,PRECHECK,226,2,1788429857426.479,66.713,timestamp_domain.system_time,26991109.000,78.000,1,26991109.000,26991125.000,16.000,16.000,26991125.000,16.000,1,1,pnp_visible_ransac,9,1.430,-8.4124,-0.134832,3.387138,-2.2796
2026-09-03T19:04:17.543,92,PRECHECK,PRECHECK,228,2,1788429857493.044,66.566,timestamp_domain.system_time,26991187.000,78.000,1,26991187.000,26991203.000,16.000,16.000,26991203.000,16.000,1,1,pnp_visible_ransac,9,1.512,-8.3844,-0.132324,3.399510,-2.2291
2026-09-03T19:04:17.620,93,PRECHECK,PRECHECK,231,3,1788429857593.197,100.153,timestamp_domain.system_time,26991265.000,78.000,1,26991265.000,26991281.000,16.000,16.000,26991281.000,16.000,1,1,pnp_visible_ransac,9,1.615,-9.1646,-0.131978,3.422948,-2.2080
2026-09-03T19:04:17.697,94,PRECHECK,PRECHECK,233,2,1788429857659.876,66.679,timestamp_domain.system_time,26991343.000,78.000,1,26991343.000,26991359.000,16.000,16.000,26991359.000,16.000,1,1,pnp_visible_ransac,9,1.581,-8.6391,-0.134497,3.403721,-2.2628
2026-09-03T19:04:17.774,95,PRECHECK,PRECHECK,234,1,1788429857694.275,34.398,timestamp_domain.system_time,26991421.000,78.000,1,26991421.000,26991437.000,16.000,16.000,26991437.000,16.000,1,1,pnp_visible_ransac,9,1.762,-8.2932,-0.130304,3.374145,-2.2116
2026-09-03T19:04:17.903,96,PRECHECK,PRECHECK,236,2,1788429857760.059,65.784,timestamp_domain.system_time,26991531.000,110.000,1,26991531.000,26991562.000,31.000,31.000,26991562.000,31.000,1,1,pnp_visible_ransac,9,1.551,-7.9503,-0.137887,3.392846,-2.3272
2026-09-03T19:04:17.989,97,PRECHECK,PRECHECK,242,6,1788429857960.149,200.090,timestamp_domain.system_time,26991625.000,94.000,1,26991625.000,26991640.000,15.000,15.000,26991656.000,31.000,1,1,pnp_visible_ransac,9,1.467,-7.8863,-0.138188,3.400172,-2.3273
2026-09-03T19:04:18.072,98,PRECHECK,PRECHECK,244,2,1788429858027.080,66.931,timestamp_domain.system_time,26991718.000,93.000,1,26991718.000,26991734.000,16.000,16.000,26991734.000,16.000,1,1,pnp_visible_ransac,9,1.426,-8.1545,-0.136240,3.394533,-2.2983
2026-09-03T19:04:18.157,99,PRECHECK,PRECHECK,246,2,1788429858093.392,66.312,timestamp_domain.system_time,26991796.000,78.000,1,26991796.000,26991812.000,16.000,16.000,26991812.000,16.000,1,1,pnp_visible_ransac,9,1.472,-8.3347,-0.133108,3.395813,-2.2447
2026-09-03T19:04:18.233,100,PRECHECK,PRECHECK,249,3,1788429858193.927,100.536,timestamp_domain.system_time,26991875.000,79.000,1,26991875.000,26991890.000,15.000,15.000,26991890.000,15.000,1,1,pnp_visible_ransac,9,1.488,-8.0590,-0.133116,3.405185,-2.2387
2026-09-03T19:04:18.307,101,PRECHECK,PRECHECK,251,2,1788429858260.331,66.404,timestamp_domain.system_time,26991953.000,78.000,1,26991953.000,26991968.000,15.000,15.000,26991968.000,15.000,1,1,pnp_visible_ransac,9,1.527,-9.1958,-0.130553,3.418607,-2.1870
2026-09-03T19:04:18.382,102,PRECHECK,PRECHECK,253,2,1788429858327.206,66.874,timestamp_domain.system_time,26992015.000,62.000,1,26992031.000,26992046.000,15.000,31.000,26992046.000,31.000,1,1,pnp_visible_ransac,9,1.462,-8.4010,-0.140239,3.391926,-2.3675
2026-09-03T19:04:18.456,103,PRECHECK,PRECHECK,256,3,1788429858427.158,99.952,timestamp_domain.system_time,26992093.000,78.000,1,26992093.000,26992109.000,16.000,16.000,26992109.000,16.000,1,1,pnp_visible_ransac,9,1.535,-8.3963,-0.139585,3.393716,-2.3553
2026-09-03T19:04:18.532,104,PRECHECK,PRECHECK,258,2,1788429858493.853,66.695,timestamp_domain.system_time,26992171.000,78.000,1,26992171.000,26992187.000,16.000,16.000,26992187.000,16.000,1,1,pnp_visible_ransac,9,1.460,-8.4076,-0.132192,3.386717,-2.2353
2026-09-03T19:04:18.607,105,PRECHECK,PRECHECK,260,2,1788429858560.488,66.635,timestamp_domain.system_time,26992250.000,79.000,1,26992250.000,26992265.000,15.000,15.000,26992265.000,15.000,1,1,pnp_visible_ransac,9,1.481,-8.9983,-0.133795,3.411607,-2.2458
2026-09-03T19:04:18.682,106,PRECHECK,PRECHECK,262,2,1788429858627.304,66.816,timestamp_domain.system_time,26992328.000,78.000,1,26992328.000,26992343.000,15.000,15.000,26992343.000,15.000,1,1,pnp_visible_ransac,9,1.466,-8.2378,-0.137274,3.401847,-2.3108
2026-09-03T19:04:18.757,107,PRECHECK,PRECHECK,265,3,1788429858727.442,100.138,timestamp_domain.system_time,26992390.000,62.000,1,26992406.000,26992421.000,15.000,31.000,26992421.000,31.000,1,1,pnp_visible_ransac,9,1.590,-7.3624,-0.139436,3.399553,-2.3487
2026-09-03T19:04:18.892,108,PRECHECK,PRECHECK,268,3,1788429858827.704,100.261,timestamp_domain.system_time,26992531.000,141.000,1,26992531.000,26992546.000,15.000,15.000,26992546.000,15.000,1,1,pnp_visible_ransac,9,1.497,-8.4149,-0.134597,3.381877,-2.2791
2026-09-03T19:04:18.971,109,PRECHECK,PRECHECK,271,3,1788429858927.775,100.071,timestamp_domain.system_time,26992609.000,78.000,1,26992609.000,26992625.000,16.000,16.000,26992625.000,16.000,1,1,pnp_visible_ransac,9,1.465,-8.9520,-0.134636,3.397035,-2.2696
2026-09-03T19:04:19.051,110,PRECHECK,PRECHECK,273,2,1788429858994.086,66.311,timestamp_domain.system_time,26992687.000,78.000,1,26992687.000,26992703.000,16.000,16.000,26992703.000,16.000,1,1,pnp_visible_ransac,9,1.392,-8.0009,-0.138788,3.387554,-2.3461
2026-09-03T19:04:19.126,111,PRECHECK,PRECHECK,276,3,1788429859093.908,99.822,timestamp_domain.system_time,26992765.000,78.000,1,26992765.000,26992781.000,16.000,16.000,26992781.000,16.000,1,1,pnp_visible_ransac,9,1.532,-9.0369,-0.131107,3.401680,-2.2072
2026-09-03T19:04:19.205,112,PRECHECK,PRECHECK,278,2,1788429859160.892,66.984,timestamp_domain.system_time,26992843.000,78.000,1,26992843.000,26992859.000,16.000,16.000,26992859.000,16.000,1,1,pnp_visible_ransac,9,1.511,-8.2464,-0.136841,3.393809,-2.3090
2026-09-03T19:04:19.282,113,PRECHECK,PRECHECK,280,2,1788429859227.615,66.724,timestamp_domain.system_time,26992921.000,78.000,1,26992921.000,26992937.000,16.000,16.000,26992937.000,16.000,1,1,pnp_visible_ransac,9,1.444,-8.6779,-0.131200,3.418048,-2.1982
2026-09-03T19:04:19.367,114,PRECHECK,PRECHECK,283,3,1788429859327.553,99.938,timestamp_domain.system_time,26993000.000,79.000,1,26993015.000,26993031.000,16.000,31.000,26993031.000,31.000,1,1,pnp_visible_ransac,9,1.623,-8.6772,-0.136782,3.392572,-2.3088
2026-09-03T19:04:19.439,115,PRECHECK,PRECHECK,285,2,1788429859394.332,66.779,timestamp_domain.system_time,26993078.000,78.000,1,26993078.000,26993093.000,15.000,15.000,26993093.000,15.000,1,1,pnp_visible_ransac,9,1.412,-8.9974,-0.132320,3.402411,-2.2271
2026-09-03T19:04:19.512,116,PRECHECK,PRECHECK,287,2,1788429859461.484,67.152,timestamp_domain.system_time,26993156.000,78.000,1,26993156.000,26993171.000,15.000,15.000,26993171.000,15.000,1,1,pnp_visible_ransac,9,1.507,-8.8418,-0.135352,3.406954,-2.2751
2026-09-03T19:04:19.590,117,PRECHECK,PRECHECK,290,3,1788429859561.307,99.823,timestamp_domain.system_time,26993234.000,78.000,1,26993234.000,26993250.000,16.000,16.000,26993250.000,16.000,1,1,pnp_visible_ransac,9,1.411,-8.9471,-0.134355,3.414575,-2.2533
2026-09-03T19:04:19.663,118,PRECHECK,PRECHECK,292,2,1788429859628.013,66.706,timestamp_domain.system_time,26993296.000,62.000,1,26993312.000,26993328.000,16.000,32.000,26993328.000,32.000,1,1,pnp_visible_ransac,9,1.416,-8.4801,-0.135425,3.385441,-2.2907
2026-09-03T19:04:19.736,119,PRECHECK,PRECHECK,294,2,1788429859694.750,66.738,timestamp_domain.system_time,26993375.000,79.000,1,26993375.000,26993390.000,15.000,15.000,26993390.000,15.000,1,1,pnp_visible_ransac,9,1.457,-8.1037,-0.137323,3.381625,-2.3254
2026-09-03T19:04:19.817,120,PRECHECK,PRECHECK,295,1,1788429859728.003,33.252,timestamp_domain.system_time,26993453.000,78.000,1,26993453.000,26993468.000,15.000,15.000,26993468.000,15.000,1,1,pnp_visible_ransac,9,1.502,-8.2354,-0.138954,3.384119,-2.3513
2026-09-03T19:04:19.894,121,PRECHECK,PRECHECK,299,4,1788429859861.450,133.447,timestamp_domain.system_time,26993531.000,78.000,1,26993531.000,26993546.000,15.000,15.000,26993546.000,15.000,1,1,pnp_visible_ransac,9,1.513,-7.4687,-0.140602,3.385755,-2.3780
2026-09-03T19:04:19.973,122,PRECHECK,PRECHECK,301,2,1788429859928.002,66.552,timestamp_domain.system_time,26993609.000,78.000,1,26993609.000,26993625.000,16.000,16.000,26993625.000,16.000,1,1,pnp_visible_ransac,9,1.410,-8.2859,-0.134645,3.394274,-2.2716
2026-09-03T19:04:20.048,123,PRECHECK,PRECHECK,303,2,1788429859994.894,66.892,timestamp_domain.system_time,26993687.000,78.000,1,26993687.000,26993703.000,16.000,16.000,26993703.000,16.000,1,1,pnp_visible_ransac,9,1.460,-7.8423,-0.138310,3.391643,-2.3352
2026-09-03T19:04:20.129,124,PRECHECK,PRECHECK,306,3,1788429860095.000,100.106,timestamp_domain.system_time,26993765.000,78.000,1,26993765.000,26993781.000,16.000,16.000,26993781.000,16.000,1,1,pnp_visible_ransac,9,1.421,-8.5275,-0.132380,3.420133,-2.2166
2026-09-03T19:04:20.203,125,PRECHECK,PRECHECK,308,2,1788429860161.715,66.715,timestamp_domain.system_time,26993843.000,78.000,1,26993843.000,26993859.000,16.000,16.000,26993859.000,16.000,1,1,pnp_visible_ransac,9,1.414,-8.1885,-0.135320,3.383678,-2.2901
2026-09-03T19:04:20.282,126,PRECHECK,PRECHECK,310,2,1788429860228.521,66.805,timestamp_domain.system_time,26993921.000,78.000,1,26993921.000,26993937.000,16.000,16.000,26993937.000,16.000,1,1,pnp_visible_ransac,9,1.449,-8.8466,-0.137058,3.409634,-2.3019
2026-09-03T19:04:20.359,127,PRECHECK,PRECHECK,313,3,1788429860328.369,99.849,timestamp_domain.system_time,26994000.000,79.000,1,26994000.000,26994015.000,15.000,15.000,26994015.000,15.000,1,1,pnp_visible_ransac,9,1.656,-8.7387,-0.136065,3.410366,-2.2847
2026-09-03T19:04:20.432,128,PRECHECK,PRECHECK,315,2,1788429860395.251,66.882,timestamp_domain.system_time,26994078.000,78.000,1,26994078.000,26994093.000,15.000,15.000,26994093.000,15.000,1,1,pnp_visible_ransac,9,1.496,-8.2424,-0.135726,3.393823,-2.2902
2026-09-03T19:04:20.508,129,PRECHECK,PRECHECK,317,2,1788429860461.836,66.584,timestamp_domain.system_time,26994140.000,62.000,1,26994156.000,26994171.000,15.000,31.000,26994171.000,31.000,1,1,pnp_visible_ransac,9,1.540,-8.5208,-0.136384,3.404918,-2.2938
2026-09-03T19:04:20.583,130,PRECHECK,PRECHECK,319,2,1788429860528.681,66.845,timestamp_domain.system_time,26994218.000,78.000,1,26994234.000,26994234.000,0.000,16.000,26994250.000,32.000,1,1,pnp_visible_ransac,9,1.522,-8.7623,-0.131368,3.382413,-2.2242
2026-09-03T19:04:20.660,131,PRECHECK,PRECHECK,322,3,1788429860628.546,99.865,timestamp_domain.system_time,26994296.000,78.000,1,26994296.000,26994312.000,16.000,16.000,26994312.000,16.000,1,1,pnp_visible_ransac,9,1.389,-8.3125,-0.138360,3.398739,-2.3312
2026-09-03T19:04:20.737,132,PRECHECK,PRECHECK,324,2,1788429860695.529,66.983,timestamp_domain.system_time,26994375.000,79.000,1,26994375.000,26994390.000,15.000,15.000,26994390.000,15.000,1,1,pnp_visible_ransac,9,1.522,-7.1269,-0.137853,3.384858,-2.3322
2026-09-03T19:04:20.813,133,PRECHECK,PRECHECK,325,1,1788429860728.742,33.213,timestamp_domain.system_time,26994453.000,78.000,1,26994453.000,26994468.000,15.000,15.000,26994468.000,15.000,1,1,pnp_visible_ransac,9,1.430,-8.4741,-0.135235,3.396936,-2.2798
2026-09-03T19:04:20.887,134,PRECHECK,PRECHECK,328,3,1788429860829.153,100.410,timestamp_domain.system_time,26994531.000,78.000,1,26994531.000,26994546.000,15.000,15.000,26994546.000,15.000,1,1,pnp_visible_ransac,9,1.456,-7.7339,-0.136348,3.382552,-2.3083
2026-09-03T19:04:20.964,135,PRECHECK,PRECHECK,331,3,1788429860928.898,99.746,timestamp_domain.system_time,26994609.000,78.000,1,26994609.000,26994625.000,16.000,16.000,26994625.000,16.000,1,1,pnp_visible_ransac,9,1.613,-8.9107,-0.132416,3.428159,-2.2120
2026-09-03T19:04:21.050,136,PRECHECK,PRECHECK,333,2,1788429860995.656,66.758,timestamp_domain.system_time,26994687.000,78.000,1,26994687.000,26994703.000,16.000,16.000,26994703.000,16.000,1,1,pnp_visible_ransac,9,1.404,-8.2825,-0.136208,3.393148,-2.2987
2026-09-03T19:04:21.125,137,PRECHECK,PRECHECK,336,3,1788429861095.527,99.871,timestamp_domain.system_time,26994765.000,78.000,1,26994765.000,26994781.000,16.000,16.000,26994781.000,16.000,1,1,pnp_visible_ransac,9,1.451,-8.7092,-0.131912,3.411909,-2.2141
2026-09-03T19:04:21.205,138,PRECHECK,PRECHECK,338,2,1788429861162.433,66.906,timestamp_domain.system_time,26994843.000,78.000,1,26994843.000,26994859.000,16.000,16.000,26994859.000,16.000,1,1,pnp_visible_ransac,9,1.446,-8.0199,-0.134393,3.373457,-2.2814
2026-09-03T19:04:21.283,139,PRECHECK,PRECHECK,340,2,1788429861229.037,66.604,timestamp_domain.system_time,26994921.000,78.000,1,26994921.000,26994937.000,16.000,16.000,26994937.000,16.000,1,1,pnp_visible_ransac,9,1.519,-8.2968,-0.136220,3.380144,-2.3078
2026-09-03T19:04:21.366,140,PRECHECK,PRECHECK,343,3,1788429861328.749,99.712,timestamp_domain.system_time,26995000.000,79.000,1,26995015.000,26995031.000,16.000,31.000,26995031.000,31.000,1,1,pnp_visible_ransac,9,1.427,-8.3262,-0.133874,3.405008,-2.2515
2026-09-03T19:04:21.442,141,PRECHECK,PRECHECK,345,2,1788429861395.560,66.811,timestamp_domain.system_time,26995078.000,78.000,1,26995078.000,26995093.000,15.000,15.000,26995093.000,15.000,1,1,pnp_visible_ransac,9,1.369,-8.2411,-0.135597,3.405514,-2.2801
2026-09-03T19:04:21.519,142,PRECHECK,PRECHECK,347,2,1788429861462.504,66.944,timestamp_domain.system_time,26995156.000,78.000,1,26995156.000,26995171.000,15.000,15.000,26995171.000,15.000,1,1,pnp_visible_ransac,9,1.487,-8.7220,-0.130391,3.409199,-2.1903
2026-09-03T19:04:21.595,143,PRECHECK,PRECHECK,350,3,1788429861562.592,100.088,timestamp_domain.system_time,26995234.000,78.000,1,26995234.000,26995250.000,16.000,16.000,26995250.000,16.000,1,1,pnp_visible_ransac,9,1.497,-8.3964,-0.134502,3.394638,-2.2690
2026-09-03T19:04:21.675,144,PRECHECK,PRECHECK,352,2,1788429861629.284,66.692,timestamp_domain.system_time,26995312.000,78.000,1,26995312.000,26995328.000,16.000,16.000,26995328.000,16.000,1,1,pnp_visible_ransac,9,1.592,-7.7868,-0.135665,3.377363,-2.3003
2026-09-03T19:04:21.750,145,PRECHECK,PRECHECK,354,2,1788429861695.967,66.683,timestamp_domain.system_time,26995390.000,78.000,1,26995390.000,26995406.000,16.000,16.000,26995406.000,16.000,1,1,pnp_visible_ransac,9,1.513,-8.3551,-0.134761,3.373070,-2.2879
2026-09-03T19:04:21.824,146,PRECHECK,PRECHECK,355,1,1788429861730.278,34.312,timestamp_domain.system_time,26995468.000,78.000,1,26995468.000,26995484.000,16.000,16.000,26995484.000,16.000,1,1,pnp_visible_ransac,9,1.513,-8.6711,-0.136352,3.397814,-2.2980
2026-09-03T19:04:21.897,147,PRECHECK,PRECHECK,359,4,1788429861862.796,132.517,timestamp_domain.system_time,26995531.000,63.000,1,26995546.000,26995562.000,16.000,31.000,26995562.000,31.000,1,1,pnp_visible_ransac,9,1.461,-8.8273,-0.130990,3.397554,-2.2079
2026-09-03T19:04:21.971,148,PRECHECK,PRECHECK,361,2,1788429861929.610,66.814,timestamp_domain.system_time,26995609.000,78.000,1,26995609.000,26995625.000,16.000,16.000,26995625.000,16.000,1,1,pnp_visible_ransac,9,1.583,-8.3072,-0.137404,3.410973,-2.3068
2026-09-03T19:04:22.058,149,PRECHECK,PRECHECK,364,3,1788429862029.348,99.738,timestamp_domain.system_time,26995703.000,94.000,1,26995703.000,26995718.000,15.000,15.000,26995718.000,15.000,1,1,pnp_visible_ransac,9,1.475,-8.2970,-0.135694,3.385065,-2.2955
2026-09-03T19:04:22.137,150,PRECHECK,PRECHECK,366,2,1788429862096.150,66.802,timestamp_domain.system_time,26995765.000,62.000,1,26995781.000,26995796.000,15.000,31.000,26995796.000,31.000,1,1,pnp_visible_ransac,9,1.721,-8.3194,-0.140779,3.400750,-2.3705
2026-09-03T19:04:22.211,151,PRECHECK,PRECHECK,368,2,1788429862163.119,66.969,timestamp_domain.system_time,26995843.000,78.000,1,26995859.000,26995875.000,16.000,32.000,26995875.000,32.000,1,1,pnp_visible_ransac,9,1.524,-8.5454,-0.137107,3.407642,-2.3041
2026-09-03T19:04:22.286,152,PRECHECK,PRECHECK,370,2,1788429862230.153,67.035,timestamp_domain.system_time,26995921.000,78.000,1,26995937.000,26995937.000,0.000,16.000,26995937.000,16.000,1,1,pnp_visible_ransac,9,1.498,-8.3029,-0.137556,3.380227,-2.3303
2026-09-03T19:04:22.360,153,PRECHECK,PRECHECK,373,3,1788429862329.855,99.702,timestamp_domain.system_time,26996000.000,79.000,1,26996000.000,26996015.000,15.000,15.000,26996015.000,15.000,1,1,pnp_visible_ransac,9,1.469,-8.6182,-0.133964,3.404592,-2.2533
2026-09-03T19:04:22.438,154,PRECHECK,PRECHECK,375,2,1788429862396.465,66.610,timestamp_domain.system_time,26996078.000,78.000,1,26996078.000,26996093.000,15.000,15.000,26996093.000,15.000,1,1,pnp_visible_ransac,9,1.509,-8.8836,-0.131053,3.379937,-2.2205
2026-09-03T19:04:22.515,155,PRECHECK,PRECHECK,377,2,1788429862463.307,66.842,timestamp_domain.system_time,26996156.000,78.000,1,26996156.000,26996171.000,15.000,15.000,26996171.000,15.000,1,1,pnp_visible_ransac,9,1.700,-8.4396,-0.130429,3.369546,-2.2167
2026-09-03T19:04:22.594,156,SEARCH_SWEEP,SEARCH_SWEEP,380,3,1788429862563.202,99.895,timestamp_domain.system_time,26996234.000,78.000,1,26996234.000,26996250.000,16.000,16.000,26996250.000,16.000,1,1,pnp_visible_ransac,9,1.432,-8.2754,-0.138387,3.385196,-2.3410
2026-09-03T19:04:22.673,157,SEARCH_SWEEP,SEARCH_SWEEP,382,2,1788429862630.032,66.830,timestamp_domain.system_time,26996312.000,78.000,1,26996312.000,26996328.000,16.000,16.000,26996328.000,16.000,1,1,pnp_visible_ransac,9,1.519,-8.5401,-0.135715,3.391100,-2.2918
2026-09-03T19:04:22.749,158,SEARCH_SWEEP,SEARCH_SWEEP,384,2,1788429862696.841,66.809,timestamp_domain.system_time,26996390.000,78.000,1,26996390.000,26996406.000,16.000,16.000,26996406.000,16.000,1,1,pnp_visible_ransac,9,1.453,-8.4808,-0.135343,3.393563,-2.2839
2026-09-03T19:04:22.825,159,SEARCH_SWEEP,SEARCH_SWEEP,385,1,1788429862730.899,34.058,timestamp_domain.system_time,26996468.000,78.000,1,26996468.000,26996484.000,16.000,16.000,26996484.000,16.000,1,1,pnp_visible_ransac,9,1.456,-8.8894,-0.133617,3.406210,-2.2464
2026-09-03T19:04:22.902,160,SEARCH_SWEEP,SEARCH_SWEEP,389,4,1788429862863.429,132.530,timestamp_domain.system_time,26996546.000,78.000,1,26996546.000,26996562.000,16.000,16.000,26996562.000,16.000,1,1,pnp_visible_ransac,9,1.455,-8.2438,-0.136078,3.411492,-2.2842
2026-09-03T19:04:22.985,161,SEARCH_SWEEP,SEARCH_SWEEP,391,2,1788429862930.308,66.880,timestamp_domain.system_time,26996625.000,79.000,1,26996625.000,26996640.000,15.000,15.000,26996640.000,15.000,1,1,pnp_visible_ransac,9,1.462,-8.8109,-0.134358,3.379522,-2.2767
2026-09-03T19:04:23.064,162,SEARCH_SWEEP,SEARCH_SWEEP,394,3,1788429863030.344,100.035,timestamp_domain.system_time,26996703.000,78.000,1,26996703.000,26996718.000,15.000,15.000,26996718.000,15.000,1,1,pnp_visible_ransac,9,1.502,-8.0641,-0.139456,3.387861,-2.3572
2026-09-03T19:04:23.140,163,SEARCH_SWEEP,SEARCH_SWEEP,396,2,1788429863096.785,66.441,timestamp_domain.system_time,26996781.000,78.000,1,26996781.000,26996796.000,15.000,15.000,26996796.000,15.000,1,1,pnp_visible_ransac,9,1.581,-7.8361,-0.131358,3.382909,-2.2237
2026-09-03T19:04:23.213,164,SEARCH_SWEEP,SEARCH_SWEEP,398,2,1788429863163.811,67.026,timestamp_domain.system_time,26996859.000,78.000,1,26996859.000,26996875.000,16.000,16.000,26996875.000,16.000,1,1,pnp_visible_ransac,9,1.418,-8.5529,-0.134630,3.385163,-2.2775
2026-09-03T19:04:23.288,165,SEARCH_SWEEP,SEARCH_SWEEP,400,2,1788429863231.292,67.481,timestamp_domain.system_time,26996921.000,62.000,1,26996937.000,26996953.000,16.000,32.000,26996953.000,32.000,1,1,pnp_visible_ransac,9,1.459,-8.4254,-0.136449,3.402728,-2.2963
2026-09-03T19:04:23.363,166,SEARCH_SWEEP,SEARCH_SWEEP,403,3,1788429863330.539,99.247,timestamp_domain.system_time,26997000.000,79.000,1,26997000.000,26997015.000,15.000,15.000,26997015.000,15.000,1,1,pnp_visible_ransac,9,1.448,-7.9053,-0.142254,3.373599,-2.4146
2026-09-03T19:04:23.438,167,SEARCH_SWEEP,SEARCH_SWEEP,405,2,1788429863397.360,66.821,timestamp_domain.system_time,26997078.000,78.000,1,26997078.000,26997093.000,15.000,15.000,26997093.000,15.000,1,1,pnp_visible_ransac,9,1.410,-7.3824,-0.140854,3.381806,-2.3850
2026-09-03T19:04:23.519,168,SEARCH_SWEEP,SEARCH_SWEEP,407,2,1788429863463.804,66.444,timestamp_domain.system_time,26997156.000,78.000,1,26997156.000,26997171.000,15.000,15.000,26997171.000,15.000,1,1,pnp_visible_ransac,9,1.392,-9.0022,-0.131437,3.406562,-2.2096
2026-09-03T19:04:23.594,169,SEARCH_SWEEP,SEARCH_SWEEP,410,3,1788429863563.824,100.020,timestamp_domain.system_time,26997234.000,78.000,1,26997234.000,26997250.000,16.000,16.000,26997250.000,16.000,1,1,pnp_visible_ransac,9,1.421,-8.7728,-0.132780,3.392062,-2.2417
2026-09-03T19:04:23.669,170,SEARCH_SWEEP,SEARCH_SWEEP,412,2,1788429863630.878,67.054,timestamp_domain.system_time,26997312.000,78.000,1,26997312.000,26997328.000,16.000,16.000,26997328.000,16.000,1,1,pnp_visible_ransac,9,1.400,-7.6853,-0.137999,3.375369,-2.3412
2026-09-03T19:04:23.744,171,SEARCH_SWEEP,SEARCH_SWEEP,414,2,1788429863697.369,66.491,timestamp_domain.system_time,26997390.000,78.000,1,26997390.000,26997406.000,16.000,16.000,26997406.000,16.000,1,1,pnp_visible_ransac,9,1.415,-8.2412,-0.137908,3.386667,-2.3318
2026-09-03T19:04:23.822,172,SEARCH_SWEEP,SEARCH_SWEEP,415,1,1788429863731.443,34.074,timestamp_domain.system_time,26997468.000,78.000,1,26997468.000,26997484.000,16.000,16.000,26997484.000,16.000,1,1,pnp_visible_ransac,9,1.492,-7.9383,-0.133898,3.408730,-2.2495
2026-09-03T19:04:23.900,173,SEARCH_SWEEP,SEARCH_SWEEP,419,4,1788429863864.160,132.717,timestamp_domain.system_time,26997546.000,78.000,1,26997546.000,26997562.000,16.000,16.000,26997562.000,16.000,1,1,pnp_visible_ransac,9,1.527,-8.6309,-0.132155,3.404848,-2.2228
2026-09-03T19:04:23.978,174,SEARCH_SWEEP,SEARCH_SWEEP,421,2,1788429863930.898,66.737,timestamp_domain.system_time,26997625.000,79.000,1,26997625.000,26997640.000,15.000,15.000,26997640.000,15.000,1,1,pnp_visible_ransac,9,1.424,-7.6526,-0.141850,3.380581,-2.4027
2026-09-03T19:04:24.081,175,SEARCH_SWEEP,SEARCH_SWEEP,424,3,1788429864031.412,100.515,timestamp_domain.system_time,26997718.000,93.000,1,26997718.000,26997734.000,16.000,16.000,26997734.000,16.000,1,1,pnp_visible_ransac,9,1.552,-8.4512,-0.137528,3.412152,-2.3081
2026-09-03T19:04:24.158,176,SEARCH_SWEEP,SEARCH_SWEEP,427,3,1788429864131.074,99.662,timestamp_domain.system_time,26997796.000,78.000,1,26997796.000,26997812.000,16.000,16.000,26997812.000,16.000,1,1,pnp_visible_ransac,9,1.384,-8.8169,-0.132406,3.402391,-2.2286
2026-09-03T19:04:24.235,177,SEARCH_SWEEP,SEARCH_SWEEP,429,2,1788429864197.726,66.652,timestamp_domain.system_time,26997875.000,79.000,1,26997875.000,26997890.000,15.000,15.000,26997890.000,15.000,1,1,pnp_visible_ransac,9,1.489,-8.2156,-0.134121,3.376200,-2.2749
2026-09-03T19:04:24.316,178,SEARCH_SWEEP,SEARCH_SWEEP,431,2,1788429864264.373,66.647,timestamp_domain.system_time,26997953.000,78.000,1,26997953.000,26997968.000,15.000,15.000,26997968.000,15.000,1,1,pnp_visible_ransac,9,1.578,-7.7979,-0.134025,3.376704,-2.2729
2026-09-03T19:04:24.391,179,SEARCH_SWEEP,SEARCH_SWEEP,434,3,1788429864364.655,100.281,timestamp_domain.system_time,26998031.000,78.000,1,26998031.000,26998046.000,15.000,15.000,26998046.000,15.000,1,1,pnp_visible_ransac,9,1.461,-7.9379,-0.136413,3.397884,-2.2990
2026-09-03T19:04:24.467,180,SEARCH_SWEEP,SEARCH_SWEEP,436,2,1788429864431.315,66.660,timestamp_domain.system_time,26998109.000,78.000,1,26998109.000,26998125.000,16.000,16.000,26998125.000,16.000,1,1,pnp_visible_ransac,9,1.393,-8.4310,-0.135405,3.405480,-2.2769
2026-09-03T19:04:24.545,181,SEARCH_SWEEP,SEARCH_SWEEP,438,2,1788429864497.988,66.673,timestamp_domain.system_time,26998187.000,78.000,1,26998187.000,26998203.000,16.000,16.000,26998203.000,16.000,1,1,pnp_visible_ransac,9,1.445,-8.3981,-0.140082,3.401251,-2.3584
2026-09-03T19:04:24.623,182,SEARCH_SWEEP,SEARCH_SWEEP,441,3,1788429864597.995,100.007,timestamp_domain.system_time,26998265.000,78.000,1,26998265.000,26998281.000,16.000,16.000,26998281.000,16.000,1,1,pnp_visible_ransac,9,1.504,-8.9818,-0.130524,3.391869,-2.2037
2026-09-03T19:04:24.700,183,SEARCH_SWEEP,SEARCH_SWEEP,443,2,1788429864664.575,66.580,timestamp_domain.system_time,26998343.000,78.000,1,26998343.000,26998359.000,16.000,16.000,26998359.000,16.000,1,1,pnp_visible_ransac,9,1.600,-8.1786,-0.132872,3.383760,-2.2487
2026-09-03T19:04:24.777,184,SEARCH_SWEEP,SEARCH_SWEEP,445,2,1788429864732.345,67.769,timestamp_domain.system_time,26998421.000,78.000,1,26998421.000,26998437.000,16.000,16.000,26998437.000,16.000,1,1,pnp_visible_ransac,9,1.439,-8.3750,-0.141668,3.403434,-2.3836
2026-09-03T19:04:24.914,185,SEARCH_SWEEP,SEARCH_SWEEP,448,3,1788429864832.221,99.876,timestamp_domain.system_time,26998531.000,110.000,1,26998546.000,26998578.000,32.000,47.000,26998578.000,47.000,1,1,pnp_visible_ransac,9,1.643,-9.1127,-0.135748,3.408871,-2.2804
2026-09-03T19:04:25.001,186,SEARCH_SWEEP,SEARCH_SWEEP,452,4,1788429864965.033,132.812,timestamp_domain.system_time,26998640.000,109.000,1,26998640.000,26998656.000,16.000,16.000,26998656.000,16.000,1,1,pnp_visible_ransac,9,1.717,-9.0871,-0.135911,3.407452,-2.2841
2026-09-03T19:04:25.086,187,SEARCH_SWEEP,SEARCH_SWEEP,454,2,1788429865031.661,66.628,timestamp_domain.system_time,26998718.000,78.000,1,26998734.000,26998750.000,16.000,32.000,26998750.000,32.000,1,1,pnp_visible_ransac,9,1.428,-8.6621,-0.133279,3.407775,-2.2397
2026-09-03T19:04:25.158,188,SEARCH_SWEEP,SEARCH_SWEEP,457,3,1788429865131.395,99.734,timestamp_domain.system_time,26998796.000,78.000,1,26998796.000,26998812.000,16.000,16.000,26998812.000,16.000,1,1,pnp_visible_ransac,9,1.531,-8.3246,-0.138421,3.395788,-2.3342
2026-09-03T19:04:25.230,189,SEARCH_SWEEP,SEARCH_SWEEP,459,2,1788429865198.533,67.138,timestamp_domain.system_time,26998875.000,79.000,1,26998875.000,26998890.000,15.000,15.000,26998890.000,15.000,1,1,pnp_visible_ransac,9,1.528,-8.5785,-0.130975,3.414853,-2.1965
2026-09-03T19:04:25.304,190,SEARCH_SWEEP,SEARCH_SWEEP,461,2,1788429865265.256,66.723,timestamp_domain.system_time,26998937.000,62.000,1,26998953.000,26998968.000,15.000,31.000,26998968.000,31.000,1,1,pnp_visible_ransac,9,1.428,-8.1046,-0.138716,3.397252,-2.3382
2026-09-03T19:04:25.379,191,SEARCH_SWEEP,SEARCH_SWEEP,463,2,1788429865331.935,66.679,timestamp_domain.system_time,26999015.000,78.000,1,26999015.000,26999031.000,16.000,16.000,26999031.000,16.000,1,1,pnp_visible_ransac,9,1.389,-8.8662,-0.135662,3.396057,-2.2876
2026-09-03T19:04:25.452,192,SEARCH_SWEEP,SEARCH_SWEEP,465,2,1788429865398.713,66.778,timestamp_domain.system_time,26999093.000,78.000,1,26999093.000,26999109.000,16.000,16.000,26999109.000,16.000,1,1,pnp_visible_ransac,9,1.476,-8.5068,-0.131509,3.386457,-2.2239
2026-09-03T19:04:25.529,193,SEARCH_SWEEP,SEARCH_SWEEP,468,3,1788429865498.834,100.121,timestamp_domain.system_time,26999171.000,78.000,1,26999171.000,26999187.000,16.000,16.000,26999187.000,16.000,1,1,pnp_visible_ransac,9,1.616,-7.8457,-0.134735,3.367260,-2.2914
2026-09-03T19:04:25.602,194,SEARCH_SWEEP,SEARCH_SWEEP,470,2,1788429865565.466,66.632,timestamp_domain.system_time,26999234.000,63.000,1,26999250.000,26999265.000,15.000,31.000,26999265.000,31.000,1,1,pnp_visible_ransac,9,1.559,-8.9800,-0.127962,3.407125,-2.1509
2026-09-03T19:04:25.679,195,ACQUIRE_VERIFY,ACQUIRE_VERIFY,472,2,1788429865632.277,66.811,timestamp_domain.system_time,26999312.000,78.000,1,26999328.000,26999343.000,15.000,31.000,26999343.000,31.000,1,1,pnp_visible_ransac,9,1.481,-8.4387,-0.133930,3.397837,-2.2572
2026-09-03T19:04:25.758,196,ACQUIRE_VERIFY,ACQUIRE_VERIFY,475,3,1788429865733.552,101.276,timestamp_domain.system_time,26999390.000,78.000,1,26999406.000,26999421.000,15.000,31.000,26999421.000,31.000,1,1,pnp_visible_ransac,9,1.516,-8.0450,-0.134798,3.394855,-2.2738
2026-09-03T19:04:25.939,197,ACQUIRE_VERIFY,ACQUIRE_VERIFY,477,2,1788429865798.719,65.167,timestamp_domain.system_time,26999562.000,172.000,1,26999578.000,26999593.000,15.000,31.000,26999593.000,31.000,1,1,pnp_visible_ransac,9,1.488,-8.1546,-0.132235,3.397365,-2.2290
2026-09-03T19:04:26.018,198,ACQUIRE_VERIFY,ACQUIRE_VERIFY,482,5,1788429865965.782,167.063,timestamp_domain.system_time,26999656.000,94.000,1,26999656.000,26999671.000,15.000,15.000,26999671.000,15.000,1,1,pnp_visible_ransac,9,1.679,-8.2004,-0.130910,3.375917,-2.2207
2026-09-03T19:04:26.099,199,ACQUIRE_VERIFY,ACQUIRE_VERIFY,485,3,1788429866066.053,100.271,timestamp_domain.system_time,26999734.000,78.000,1,26999750.000,26999750.000,0.000,16.000,26999765.000,31.000,1,1,pnp_visible_ransac,9,1.388,-8.4243,-0.134264,3.395023,-2.2647
2026-09-03T19:04:26.179,200,ACQUIRE_VERIFY,ACQUIRE_VERIFY,487,2,1788429866132.248,66.195,timestamp_domain.system_time,26999812.000,78.000,1,26999812.000,26999843.000,31.000,31.000,26999843.000,31.000,1,1,pnp_visible_ransac,9,1.460,-8.5124,-0.133901,3.400232,-2.2551
2026-09-03T19:04:26.259,201,ACQUIRE_VERIFY,ACQUIRE_VERIFY,490,3,1788429866232.738,100.490,timestamp_domain.system_time,26999906.000,94.000,1,26999906.000,26999921.000,15.000,15.000,26999921.000,15.000,1,1,pnp_visible_ransac,9,1.681,-8.4835,-0.137094,3.397259,-2.3109
2026-09-03T19:04:26.334,202,ACQUIRE_VERIFY,ACQUIRE_VERIFY,492,2,1788429866299.171,66.433,timestamp_domain.system_time,26999968.000,62.000,1,26999984.000,27000000.000,16.000,32.000,27000000.000,32.000,1,1,pnp_visible_ransac,9,1.736,-9.0916,-0.136548,3.417733,-2.2879
2026-09-03T19:04:26.411,203,ACQUIRE_VERIFY,ACQUIRE_VERIFY,494,2,1788429866365.948,66.776,timestamp_domain.system_time,27000046.000,78.000,1,27000046.000,27000062.000,16.000,16.000,27000062.000,16.000,1,1,pnp_visible_ransac,9,1.444,-7.7845,-0.137491,3.356019,-2.3460
2026-09-03T19:04:26.498,204,ACQUIRE_VERIFY,ACQUIRE_VERIFY,497,3,1788429866466.139,100.191,timestamp_domain.system_time,27000140.000,94.000,1,27000140.000,27000156.000,16.000,16.000,27000156.000,16.000,1,1,pnp_visible_ransac,9,1.457,-8.0459,-0.137501,3.389266,-2.3232
2026-09-03T19:04:26.576,205,ACQUIRE_VERIFY,ACQUIRE_VERIFY,499,2,1788429866532.674,66.535,timestamp_domain.system_time,27000218.000,78.000,1,27000218.000,27000234.000,16.000,16.000,27000234.000,16.000,1,1,pnp_visible_ransac,9,1.436,-8.0009,-0.137271,3.399833,-2.3121
2026-09-03T19:04:26.650,206,ACQUIRE_VERIFY,ACQUIRE_VERIFY,501,2,1788429866599.625,66.951,timestamp_domain.system_time,27000281.000,63.000,1,27000296.000,27000312.000,16.000,31.000,27000312.000,31.000,1,1,pnp_visible_ransac,9,1.464,-9.0337,-0.129198,3.393950,-2.1800
2026-09-03T19:04:26.724,207,ACQUIRE_VERIFY,ACQUIRE_VERIFY,503,2,1788429866666.746,67.121,timestamp_domain.system_time,27000359.000,78.000,1,27000375.000,27000390.000,15.000,31.000,27000390.000,31.000,1,1,pnp_visible_ransac,9,1.465,-8.6126,-0.133287,3.394930,-2.2483
2026-09-03T19:04:26.803,208,ACQUIRE_VERIFY,ACQUIRE_VERIFY,506,3,1788429866766.343,99.598,timestamp_domain.system_time,27000437.000,78.000,1,27000453.000,27000468.000,15.000,31.000,27000468.000,31.000,1,1,pnp_visible_ransac,9,1.480,-8.2648,-0.134814,3.403360,-2.2684
2026-09-03T19:04:26.957,209,ACQUIRE_VERIFY,ACQUIRE_VERIFY,509,3,1788429866866.391,100.048,timestamp_domain.system_time,27000578.000,141.000,1,27000578.000,27000609.000,31.000,31.000,27000609.000,31.000,1,1,pnp_visible_ransac,9,1.407,-8.3059,-0.138369,3.379148,-2.3448
2026-09-03T19:04:27.042,210,ACQUIRE_VERIFY,ACQUIRE_VERIFY,513,4,1788429866999.776,133.385,timestamp_domain.system_time,27000687.000,109.000,1,27000687.000,27000703.000,16.000,16.000,27000703.000,16.000,1,1,pnp_visible_ransac,9,1.570,-8.2303,-0.137164,3.385977,-2.3198
2026-09-03T19:04:27.121,211,ACQUIRE_VERIFY,ACQUIRE_VERIFY,515,2,1788429867066.371,66.595,timestamp_domain.system_time,27000765.000,78.000,1,27000765.000,27000781.000,16.000,16.000,27000781.000,16.000,1,1,pnp_visible_ransac,9,1.437,-8.4708,-0.133638,3.394585,-2.2544
2026-09-03T19:04:27.195,212,ACQUIRE_VERIFY,ACQUIRE_VERIFY,518,3,1788429867166.501,100.130,timestamp_domain.system_time,27000828.000,63.000,1,27000843.000,27000859.000,16.000,31.000,27000859.000,31.000,1,1,pnp_visible_ransac,9,1.499,-8.4653,-0.136373,3.403159,-2.2947
2026-09-03T19:04:27.269,213,ACQUIRE_VERIFY,ACQUIRE_VERIFY,520,2,1788429867233.393,66.892,timestamp_domain.system_time,27000906.000,78.000,1,27000906.000,27000921.000,15.000,15.000,27000921.000,15.000,1,1,pnp_visible_ransac,9,1.445,-8.7415,-0.134795,3.389632,-2.2773
2026-09-03T19:04:27.346,214,ACQUIRE_VERIFY,ACQUIRE_VERIFY,522,2,1788429867299.980,66.587,timestamp_domain.system_time,27000984.000,78.000,1,27000984.000,27001000.000,16.000,16.000,27001000.000,16.000,1,1,pnp_visible_ransac,9,1.545,-7.6729,-0.141407,3.401320,-2.3806
2026-09-03T19:04:27.423,215,ACQUIRE_VERIFY,ACQUIRE_VERIFY,524,2,1788429867366.756,66.775,timestamp_domain.system_time,27001062.000,78.000,1,27001062.000,27001078.000,16.000,16.000,27001078.000,16.000,1,1,pnp_visible_ransac,9,1.405,-7.7085,-0.137967,3.388333,-2.3317
2026-09-03T19:04:27.507,216,ACQUIRE_VERIFY,ACQUIRE_VERIFY,527,3,1788429867466.827,100.071,timestamp_domain.system_time,27001140.000,78.000,1,27001156.000,27001171.000,15.000,31.000,27001171.000,31.000,1,1,pnp_visible_ransac,9,1.451,-8.6812,-0.132501,3.382707,-2.2431
2026-09-03T19:04:27.586,217,ACQUIRE_VERIFY,ACQUIRE_VERIFY,529,2,1788429867533.580,66.753,timestamp_domain.system_time,27001218.000,78.000,1,27001234.000,27001250.000,16.000,32.000,27001250.000,32.000,1,1,pnp_visible_ransac,9,1.399,-8.5596,-0.135626,3.388490,-2.2921
2026-09-03T19:04:27.659,218,ACQUIRE_VERIFY,ACQUIRE_VERIFY,532,3,1788429867633.672,100.092,timestamp_domain.system_time,27001296.000,78.000,1,27001296.000,27001312.000,16.000,16.000,27001312.000,16.000,1,1,pnp_visible_ransac,9,1.447,-8.5637,-0.134138,3.397238,-2.2611
2026-09-03T19:04:27.731,219,ACQUIRE_VERIFY,ACQUIRE_VERIFY,534,2,1788429867700.235,66.563,timestamp_domain.system_time,27001375.000,79.000,1,27001375.000,27001390.000,15.000,15.000,27001390.000,15.000,1,1,pnp_visible_ransac,9,1.505,-8.0637,-0.136191,3.376612,-2.3097
2026-09-03T19:04:27.807,220,ACQUIRE_VERIFY,ACQUIRE_VERIFY,536,2,1788429867767.167,66.933,timestamp_domain.system_time,27001453.000,78.000,1,27001453.000,27001468.000,15.000,15.000,27001468.000,15.000,1,1,pnp_visible_ransac,9,1.487,-8.0429,-0.133747,3.401046,-2.2520
2026-09-03T19:04:27.926,221,ACQUIRE_VERIFY,ACQUIRE_VERIFY,539,3,1788429867867.094,99.927,timestamp_domain.system_time,27001562.000,109.000,1,27001562.000,27001578.000,16.000,16.000,27001578.000,16.000,1,1,pnp_visible_ransac,9,1.490,-8.4842,-0.135507,3.379870,-2.2959
2026-09-03T19:04:28.002,222,ACQUIRE_VERIFY,ACQUIRE_VERIFY,542,3,1788429867966.734,99.640,timestamp_domain.system_time,27001640.000,78.000,1,27001640.000,27001656.000,16.000,16.000,27001656.000,16.000,1,1,pnp_visible_ransac,9,1.351,-8.3122,-0.136782,3.383280,-2.3151
2026-09-03T19:04:28.082,223,ACQUIRE_VERIFY,ACQUIRE_VERIFY,544,2,1788429868033.549,66.815,timestamp_domain.system_time,27001718.000,78.000,1,27001718.000,27001734.000,16.000,16.000,27001734.000,16.000,1,1,pnp_visible_ransac,9,1.538,-8.5462,-0.132828,3.392902,-2.2419
2026-09-03T19:04:28.156,224,ACQUIRE_VERIFY,ACQUIRE_VERIFY,546,2,1788429868100.380,66.831,timestamp_domain.system_time,27001796.000,78.000,1,27001796.000,27001812.000,16.000,16.000,27001812.000,16.000,1,1,pnp_visible_ransac,9,1.505,-9.2694,-0.132353,3.406030,-2.2253
2026-09-03T19:04:28.229,225,ACQUIRE_VERIFY,ACQUIRE_VERIFY,549,3,1788429868200.535,100.155,timestamp_domain.system_time,27001875.000,79.000,1,27001875.000,27001890.000,15.000,15.000,27001890.000,15.000,1,1,pnp_visible_ransac,9,1.533,-8.7261,-0.133336,3.410218,-2.2391
2026-09-03T19:04:28.302,226,ACQUIRE_VERIFY,ACQUIRE_VERIFY,551,2,1788429868267.383,66.848,timestamp_domain.system_time,27001937.000,62.000,1,27001953.000,27001953.000,0.000,16.000,27001968.000,31.000,1,1,pnp_visible_ransac,9,1.426,-8.5373,-0.137951,3.372990,-2.3420
2026-09-03T19:04:28.382,227,ACQUIRE_VERIFY,ACQUIRE_VERIFY,553,2,1788429868334.066,66.683,timestamp_domain.system_time,27002015.000,78.000,1,27002031.000,27002046.000,15.000,31.000,27002046.000,31.000,1,1,pnp_visible_ransac,9,1.520,-7.4304,-0.140476,3.384971,-2.3764
2026-09-03T19:04:28.457,228,ACQUIRE_VERIFY,ACQUIRE_VERIFY,555,2,1788429868400.733,66.667,timestamp_domain.system_time,27002093.000,78.000,1,27002093.000,27002109.000,16.000,16.000,27002109.000,16.000,1,1,pnp_visible_ransac,9,1.423,-8.0154,-0.138293,3.388799,-2.3369
2026-09-03T19:04:28.539,229,STANDOFF_VERIFY,STANDOFF_VERIFY,558,3,1788429868500.887,100.154,timestamp_domain.system_time,27002171.000,78.000,1,27002187.000,27002203.000,16.000,32.000,27002203.000,32.000,1,1,pnp_visible_ransac,9,1.518,-7.3912,-0.138702,3.371366,-2.3559
2026-09-03T19:04:28.613,230,STANDOFF_VERIFY,STANDOFF_VERIFY,560,2,1788429868567.565,66.678,timestamp_domain.system_time,27002250.000,79.000,1,27002250.000,27002265.000,15.000,15.000,27002265.000,15.000,1,1,pnp_visible_ransac,9,1.404,-7.9473,-0.135930,3.363399,-2.3143
2026-09-03T19:04:28.687,231,STANDOFF_VERIFY,STANDOFF_VERIFY,562,2,1788429868634.157,66.592,timestamp_domain.system_time,27002328.000,78.000,1,27002328.000,27002343.000,15.000,15.000,27002343.000,15.000,1,1,pnp_visible_ransac,9,1.486,-8.4876,-0.136328,3.390370,-2.3026
2026-09-03T19:04:28.763,232,STANDOFF_VERIFY,STANDOFF_VERIFY,565,3,1788429868734.206,100.049,timestamp_domain.system_time,27002406.000,78.000,1,27002406.000,27002421.000,15.000,15.000,27002421.000,15.000,1,1,pnp_visible_ransac,9,1.423,-8.1373,-0.134766,3.400157,-2.2697
2026-09-03T19:04:28.843,233,STANDOFF_VERIFY,STANDOFF_VERIFY,566,1,1788429868767.795,33.589,timestamp_domain.system_time,27002484.000,78.000,1,27002484.000,27002500.000,16.000,16.000,27002500.000,16.000,1,1,pnp_visible_ransac,9,1.483,-7.6326,-0.136256,3.382755,-2.3066
2026-09-03T19:04:28.926,234,STANDOFF_VERIFY,STANDOFF_VERIFY,569,3,1788429868867.842,100.048,timestamp_domain.system_time,27002562.000,78.000,1,27002562.000,27002578.000,16.000,16.000,27002578.000,16.000,1,1,pnp_visible_ransac,9,1.413,-7.9572,-0.136441,3.390276,-2.3046
2026-09-03T19:04:29.004,235,STANDOFF_VERIFY,STANDOFF_VERIFY,572,3,1788429868967.643,99.801,timestamp_domain.system_time,27002640.000,78.000,1,27002640.000,27002656.000,16.000,16.000,27002656.000,16.000,1,1,pnp_visible_ransac,9,1.423,-8.8565,-0.132745,3.397641,-2.2374
2026-09-03T19:04:29.091,236,STANDOFF_VERIFY,STANDOFF_VERIFY,574,2,1788429869034.456,66.813,timestamp_domain.system_time,27002734.000,94.000,1,27002734.000,27002750.000,16.000,16.000,27002750.000,16.000,1,1,pnp_visible_ransac,9,1.568,-7.9031,-0.133428,3.393445,-2.2517
2026-09-03T19:04:29.166,237,STANDOFF_VERIFY,STANDOFF_VERIFY,577,3,1788429869134.484,100.028,timestamp_domain.system_time,27002812.000,78.000,1,27002812.000,27002828.000,16.000,16.000,27002828.000,16.000,1,1,pnp_visible_ransac,9,1.438,-7.7146,-0.140392,3.375945,-2.3813
2026-09-03T19:04:29.241,238,STANDOFF_VERIFY,STANDOFF_VERIFY,579,2,1788429869201.386,66.902,timestamp_domain.system_time,27002875.000,63.000,1,27002890.000,27002906.000,16.000,31.000,27002906.000,31.000,1,1,pnp_visible_ransac,9,1.464,-8.4973,-0.133278,3.384674,-2.2550
2026-09-03T19:04:29.314,239,STANDOFF_VERIFY,STANDOFF_VERIFY,581,2,1788429869268.034,66.648,timestamp_domain.system_time,27002953.000,78.000,1,27002953.000,27002968.000,15.000,15.000,27002968.000,15.000,1,1,pnp_visible_ransac,9,1.654,-8.9650,-0.137980,3.409493,-2.3175
2026-09-03T19:04:29.388,240,STANDOFF_VERIFY,STANDOFF_VERIFY,583,2,1788429869334.785,66.751,timestamp_domain.system_time,27003031.000,78.000,1,27003031.000,27003046.000,15.000,15.000,27003046.000,15.000,1,1,pnp_visible_ransac,9,1.520,-8.3135,-0.130270,3.390182,-2.2005
2026-09-03T19:04:29.469,241,STANDOFF_VERIFY,STANDOFF_VERIFY,586,3,1788429869434.670,99.885,timestamp_domain.system_time,27003109.000,78.000,1,27003109.000,27003125.000,16.000,16.000,27003125.000,16.000,1,1,pnp_visible_ransac,9,1.462,-7.8810,-0.138684,3.374853,-2.3531
2026-09-03T19:04:29.544,242,STANDOFF_VERIFY,STANDOFF_VERIFY,588,2,1788429869501.456,66.786,timestamp_domain.system_time,27003187.000,78.000,1,27003187.000,27003203.000,16.000,16.000,27003203.000,16.000,1,1,pnp_visible_ransac,9,1.459,-8.0737,-0.134332,3.376810,-2.2781
2026-09-03T19:04:29.618,243,STANDOFF_VERIFY,STANDOFF_VERIFY,590,2,1788429869568.062,66.606,timestamp_domain.system_time,27003265.000,78.000,1,27003265.000,27003281.000,16.000,16.000,27003281.000,16.000,1,1,pnp_visible_ransac,9,1.577,-8.8242,-0.133600,3.396039,-2.2528
2026-09-03T19:04:29.695,244,STANDOFF_VERIFY,STANDOFF_VERIFY,593,3,1788429869668.250,100.188,timestamp_domain.system_time,27003328.000,63.000,1,27003343.000,27003359.000,16.000,31.000,27003359.000,31.000,1,1,pnp_visible_ransac,9,1.501,-7.9387,-0.138387,3.385796,-2.3405
2026-09-03T19:04:29.774,245,STANDOFF_VERIFY,STANDOFF_VERIFY,595,2,1788429869734.900,66.650,timestamp_domain.system_time,27003406.000,78.000,1,27003421.000,27003437.000,16.000,31.000,27003437.000,31.000,1,1,pnp_visible_ransac,9,1.404,-8.4537,-0.135172,3.394170,-2.2806
2026-09-03T19:04:29.852,246,STANDOFF_VERIFY,STANDOFF_VERIFY,596,1,1788429869768.382,33.482,timestamp_domain.system_time,27003484.000,78.000,1,27003500.000,27003515.000,15.000,31.000,27003515.000,31.000,1,1,pnp_visible_ransac,9,1.461,-8.2242,-0.135221,3.376734,-2.2932
2026-09-03T19:04:29.928,247,STANDOFF_VERIFY,STANDOFF_VERIFY,600,4,1788429869901.696,133.314,timestamp_domain.system_time,27003562.000,78.000,1,27003578.000,27003593.000,15.000,31.000,27003593.000,31.000,1,1,pnp_visible_ransac,9,1.487,-8.7618,-0.131511,3.405510,-2.2115
2026-09-03T19:04:30.007,248,STANDOFF_VERIFY,STANDOFF_VERIFY,602,2,1788429869968.364,66.668,timestamp_domain.system_time,27003640.000,78.000,1,27003656.000,27003671.000,15.000,31.000,27003671.000,31.000,1,1,pnp_visible_ransac,9,1.425,-7.9524,-0.138025,3.370339,-2.3451
2026-09-03T19:04:30.087,249,STANDOFF_VERIFY,STANDOFF_VERIFY,604,2,1788429870035.067,66.703,timestamp_domain.system_time,27003718.000,78.000,1,27003734.000,27003750.000,16.000,32.000,27003750.000,32.000,1,1,pnp_visible_ransac,9,1.458,-7.4926,-0.138756,3.375540,-2.3539
2026-09-03T19:04:30.164,250,STANDOFF_VERIFY,STANDOFF_VERIFY,607,3,1788429870134.870,99.803,timestamp_domain.system_time,27003796.000,78.000,1,27003812.000,27003828.000,16.000,32.000,27003828.000,32.000,1,1,pnp_visible_ransac,9,1.501,-8.5985,-0.133258,3.406079,-2.2405
2026-09-03T19:04:30.244,251,STANDOFF_VERIFY,STANDOFF_VERIFY,609,2,1788429870201.838,66.969,timestamp_domain.system_time,27003875.000,79.000,1,27003890.000,27003906.000,16.000,31.000,27003906.000,31.000,1,1,pnp_visible_ransac,9,1.475,-8.3677,-0.136675,3.389047,-2.3094
2026-09-03T19:04:30.323,252,STANDOFF_VERIFY,STANDOFF_VERIFY,611,2,1788429870268.775,66.937,timestamp_domain.system_time,27003968.000,93.000,1,27003968.000,27003984.000,16.000,16.000,27003984.000,16.000,1,1,pnp_visible_ransac,9,1.486,-7.9505,-0.136477,3.396351,-2.3011
2026-09-03T19:04:30.402,253,STANDOFF_VERIFY,STANDOFF_VERIFY,614,3,1788429870368.720,99.945,timestamp_domain.system_time,27004046.000,78.000,1,27004046.000,27004062.000,16.000,16.000,27004062.000,16.000,1,1,pnp_visible_ransac,9,1.485,-7.9422,-0.139808,3.373710,-2.3730
2026-09-03T19:04:30.478,254,STANDOFF_VERIFY,STANDOFF_VERIFY,616,2,1788429870435.495,66.775,timestamp_domain.system_time,27004109.000,63.000,1,27004125.000,27004140.000,15.000,31.000,27004140.000,31.000,1,1,pnp_visible_ransac,9,1.519,-7.9762,-0.133947,3.383296,-2.2672
2026-09-03T19:04:30.553,255,STANDOFF_VERIFY,STANDOFF_VERIFY,618,2,1788429870502.122,66.627,timestamp_domain.system_time,27004187.000,78.000,1,27004187.000,27004218.000,31.000,31.000,27004218.000,31.000,1,1,pnp_visible_ransac,9,1.416,-8.4116,-0.135888,3.379083,-2.3029
2026-09-03T19:04:30.630,256,STANDOFF_VERIFY,STANDOFF_VERIFY,621,3,1788429870602.135,100.014,timestamp_domain.system_time,27004265.000,78.000,1,27004265.000,27004281.000,16.000,16.000,27004281.000,16.000,1,1,pnp_visible_ransac,9,1.451,-8.0823,-0.136750,3.378807,-2.3177
2026-09-03T19:04:30.705,257,STANDOFF_VERIFY,STANDOFF_VERIFY,623,2,1788429870668.972,66.836,timestamp_domain.system_time,27004343.000,78.000,1,27004343.000,27004359.000,16.000,16.000,27004359.000,16.000,1,1,pnp_visible_ransac,9,1.620,-8.7644,-0.129755,3.399725,-2.1857
2026-09-03T19:04:30.780,258,STANDOFF_VERIFY,STANDOFF_VERIFY,625,2,1788429870735.571,66.600,timestamp_domain.system_time,27004421.000,78.000,1,27004421.000,27004437.000,16.000,16.000,27004437.000,16.000,1,1,pnp_visible_ransac,9,1.455,-8.4758,-0.136529,3.426785,-2.2816
2026-09-03T19:04:30.858,259,STANDOFF_VERIFY,STANDOFF_VERIFY,627,2,1788429870802.412,66.841,timestamp_domain.system_time,27004500.000,79.000,1,27004500.000,27004515.000,15.000,15.000,27004515.000,15.000,1,1,pnp_visible_ransac,9,1.521,-9.1795,-0.131673,3.410117,-2.2112
2026-09-03T19:04:30.964,260,STANDOFF_VERIFY,STANDOFF_VERIFY,628,1,1788429870835.900,33.488,timestamp_domain.system_time,27004609.000,109.000,1,27004609.000,27004625.000,16.000,16.000,27004625.000,16.000,1,1,pnp_visible_ransac,9,1.424,-8.6462,-0.130765,3.393507,-2.2067
2026-09-03T19:04:31.061,261,STANDOFF_VERIFY,STANDOFF_VERIFY,633,5,1788429871002.495,166.595,timestamp_domain.system_time,27004687.000,78.000,1,27004687.000,27004718.000,31.000,31.000,27004718.000,31.000,1,1,pnp_visible_ransac,9,1.611,-7.6239,-0.135045,3.371673,-2.2936
2026-09-03T19:04:31.136,262,STANDOFF_VERIFY,STANDOFF_VERIFY,636,3,1788429871102.547,100.052,timestamp_domain.system_time,27004781.000,94.000,1,27004781.000,27004796.000,15.000,15.000,27004796.000,15.000,1,1,pnp_visible_ransac,9,1.457,-8.3845,-0.137904,3.408937,-2.3166
2026-09-03T19:04:31.217,263,STANDOFF_VERIFY,STANDOFF_VERIFY,638,2,1788429871169.392,66.845,timestamp_domain.system_time,27004859.000,78.000,1,27004859.000,27004875.000,16.000,16.000,27004875.000,16.000,1,1,pnp_visible_ransac,9,1.440,-8.2769,-0.136493,3.387958,-2.3071
2026-09-03T19:04:31.296,264,STANDOFF_VERIFY,STANDOFF_VERIFY,641,3,1788429871269.336,99.944,timestamp_domain.system_time,27004937.000,78.000,1,27004937.000,27004953.000,16.000,16.000,27004953.000,16.000,1,1,pnp_visible_ransac,9,1.541,-8.3150,-0.132639,3.369492,-2.2543
2026-09-03T19:04:31.376,265,STANDOFF_MOVE,STANDOFF_MOVE,643,2,1788429871336.052,66.716,timestamp_domain.system_time,27005015.000,78.000,1,27005015.000,27005031.000,16.000,16.000,27005031.000,16.000,1,1,pnp_visible_ransac,9,1.668,-7.6946,-0.135436,3.365399,-2.3046
2026-09-03T19:04:31.448,266,STANDOFF_MOVE,STANDOFF_MOVE,645,2,1788429871402.872,66.820,timestamp_domain.system_time,27005093.000,78.000,1,27005093.000,27005109.000,16.000,16.000,27005109.000,16.000,1,1,pnp_visible_ransac,9,1.496,-8.3971,-0.135717,3.384651,-2.2962
2026-09-03T19:04:31.528,267,STANDOFF_MOVE,STANDOFF_MOVE,648,3,1788429871502.842,99.970,timestamp_domain.system_time,27005171.000,78.000,1,27005171.000,27005187.000,16.000,16.000,27005187.000,16.000,1,1,pnp_visible_ransac,9,1.494,-8.5178,-0.137743,3.397047,-2.3220
2026-09-03T19:04:31.603,268,STANDOFF_MOVE,STANDOFF_MOVE,650,2,1788429871569.624,66.782,timestamp_domain.system_time,27005250.000,79.000,1,27005250.000,27005265.000,15.000,15.000,27005265.000,15.000,1,1,pnp_visible_ransac,9,1.501,-8.7038,-0.136743,3.397599,-2.3047
2026-09-03T19:04:31.680,269,STANDOFF_MOVE,STANDOFF_MOVE,652,2,1788429871636.382,66.759,timestamp_domain.system_time,27005312.000,62.000,1,27005328.000,27005343.000,15.000,31.000,27005343.000,31.000,1,1,pnp_visible_ransac,9,1.421,-8.0245,-0.135665,3.397217,-2.2868
2026-09-03T19:04:31.759,270,STANDOFF_MOVE,STANDOFF_MOVE,654,2,1788429871703.070,66.688,timestamp_domain.system_time,27005406.000,94.000,1,27005406.000,27005421.000,15.000,15.000,27005421.000,15.000,1,1,pnp_visible_ransac,9,1.425,-7.7973,-0.137835,3.367477,-2.3439
2026-09-03T19:04:31.839,271,STANDOFF_MOVE,STANDOFF_MOVE,657,3,1788429871803.119,100.049,timestamp_domain.system_time,27005484.000,78.000,1,27005484.000,27005500.000,16.000,16.000,27005500.000,16.000,1,1,pnp_visible_ransac,9,1.702,-8.6412,-0.136801,3.434199,-2.2812
2026-09-03T19:04:31.991,272,STANDOFF_MOVE,STANDOFF_MOVE,660,3,1788429871902.922,99.803,timestamp_domain.system_time,27005609.000,125.000,1,27005609.000,27005640.000,31.000,31.000,27005656.000,47.000,1,1,pnp_visible_ransac,9,1.558,-8.3764,-0.135694,3.406158,-2.2813
2026-09-03T19:04:32.093,273,STANDOFF_MOVE,STANDOFF_MOVE,664,4,1788429872036.637,133.715,timestamp_domain.system_time,27005734.000,125.000,1,27005734.000,27005750.000,16.000,16.000,27005750.000,16.000,1,1,pnp_visible_ransac,9,1.452,-7.1936,-0.141516,3.390557,-2.3900
2026-09-03T19:04:32.165,274,STANDOFF_MOVE,STANDOFF_MOVE,667,3,1788429872136.780,100.143,timestamp_domain.system_time,27005796.000,62.000,1,27005812.000,27005828.000,16.000,32.000,27005828.000,32.000,1,1,pnp_visible_ransac,9,1.441,-8.0804,-0.136413,3.397852,-2.2990
2026-09-03T19:04:32.240,275,STANDOFF_MOVE,STANDOFF_MOVE,669,2,1788429872203.317,66.537,timestamp_domain.system_time,27005875.000,79.000,1,27005875.000,27005906.000,31.000,31.000,27005906.000,31.000,1,1,pnp_visible_ransac,9,1.589,-8.3042,-0.134473,3.371981,-2.2837
2026-09-03T19:04:32.318,276,STANDOFF_MOVE,STANDOFF_MOVE,671,2,1788429872269.930,66.613,timestamp_domain.system_time,27005953.000,78.000,1,27005953.000,27005968.000,15.000,15.000,27005984.000,31.000,1,1,pnp_visible_ransac,9,1.473,-8.7633,-0.135670,3.385358,-2.2949
2026-09-03T19:04:32.397,277,STANDOFF_MOVE,STANDOFF_MOVE,674,3,1788429872369.687,99.757,timestamp_domain.system_time,27006031.000,78.000,1,27006046.000,27006062.000,16.000,31.000,27006062.000,31.000,1,1,pnp_visible_ransac,9,1.556,-8.5377,-0.137708,3.402975,-2.3173
2026-09-03T19:04:32.479,278,STANDOFF_MOVE,STANDOFF_MOVE,676,2,1788429872436.500,66.813,timestamp_domain.system_time,27006109.000,78.000,1,27006109.000,27006140.000,31.000,31.000,27006140.000,31.000,1,1,pnp_visible_ransac,9,1.437,-8.3268,-0.136727,3.405230,-2.2993
2026-09-03T19:04:32.553,279,STANDOFF_MOVE,STANDOFF_MOVE,678,2,1788429872503.685,67.185,timestamp_domain.system_time,27006187.000,78.000,1,27006203.000,27006218.000,15.000,31.000,27006218.000,31.000,1,1,pnp_visible_ransac,9,1.459,-7.7090,-0.137205,3.372983,-2.3294
2026-09-03T19:04:32.626,280,STANDOFF_MOVE,STANDOFF_MOVE,680,2,1788429872570.410,66.725,timestamp_domain.system_time,27006265.000,78.000,1,27006265.000,27006281.000,16.000,16.000,27006281.000,16.000,1,1,pnp_visible_ransac,9,1.460,-8.5174,-0.136882,3.395833,-2.3083
2026-09-03T19:04:32.700,281,STANDOFF_MOVE,STANDOFF_MOVE,683,3,1788429872670.306,99.896,timestamp_domain.system_time,27006343.000,78.000,1,27006343.000,27006359.000,16.000,16.000,27006359.000,16.000,1,1,pnp_visible_ransac,9,1.618,-8.4631,-0.135280,3.405728,-2.2747
2026-09-03T19:04:32.775,282,STANDOFF_MOVE,STANDOFF_MOVE,685,2,1788429872737.104,66.797,timestamp_domain.system_time,27006406.000,63.000,1,27006421.000,27006437.000,16.000,31.000,27006437.000,31.000,1,1,pnp_visible_ransac,9,1.524,-8.4534,-0.134075,3.386778,-2.2670
2026-09-03T19:04:32.849,283,STANDOFF_MOVE,STANDOFF_MOVE,687,2,1788429872803.891,66.788,timestamp_domain.system_time,27006484.000,78.000,1,27006484.000,27006500.000,16.000,16.000,27006515.000,31.000,1,1,pnp_visible_ransac,9,1.495,-7.9303,-0.137408,3.404948,-2.3109
2026-09-03T19:04:32.969,284,STANDOFF_MOVE,STANDOFF_MOVE,690,3,1788429872903.986,100.095,timestamp_domain.system_time,27006609.000,125.000,1,27006609.000,27006625.000,16.000,16.000,27006625.000,16.000,1,1,pnp_visible_ransac,9,1.398,-8.3060,-0.135594,3.400506,-2.2834
2026-09-03T19:04:33.053,285,STANDOFF_MOVE,STANDOFF_MOVE,693,3,1788429873003.946,99.960,timestamp_domain.system_time,27006687.000,78.000,1,27006687.000,27006718.000,31.000,31.000,27006718.000,31.000,1,1,pnp_visible_ransac,9,1.633,-8.4053,-0.140067,3.393105,-2.3638
2026-09-03T19:04:33.126,286,STANDOFF_MOVE,STANDOFF_MOVE,695,2,1788429873070.382,66.436,timestamp_domain.system_time,27006765.000,78.000,1,27006765.000,27006781.000,16.000,16.000,27006781.000,16.000,1,1,pnp_visible_ransac,9,1.542,-8.3030,-0.131760,3.404379,-2.2164
2026-09-03T19:04:33.208,287,STANDOFF_MOVE,STANDOFF_MOVE,698,3,1788429873170.808,100.425,timestamp_domain.system_time,27006843.000,78.000,1,27006843.000,27006859.000,16.000,16.000,27006875.000,32.000,1,1,pnp_visible_ransac,9,1.472,-7.6966,-0.139748,3.361589,-2.3805
2026-09-03T19:04:33.285,288,STANDOFF_MOVE,STANDOFF_MOVE,700,2,1788429873237.378,66.571,timestamp_domain.system_time,27006921.000,78.000,1,27006921.000,27006937.000,16.000,16.000,27006937.000,16.000,1,1,pnp_visible_ransac,9,1.435,-8.9926,-0.134356,3.406452,-2.2587
2026-09-03T19:04:33.362,289,STANDOFF_MOVE,STANDOFF_MOVE,703,3,1788429873337.435,100.056,timestamp_domain.system_time,27007000.000,79.000,1,27007015.000,27007015.000,0.000,15.000,27007015.000,15.000,1,1,pnp_visible_ransac,9,1.500,-9.2208,-0.130790,3.389042,-2.2101
2026-09-03T19:04:33.424,290,STANDOFF_MOVE,STANDOFF_MOVE,704,1,1788429873370.619,33.185,timestamp_domain.system_time,27007062.000,62.000,1,27007062.000,27007078.000,16.000,16.000,27007078.000,16.000,1,1,pnp_visible_ransac,9,1.380,-7.7433,-0.143190,3.389544,-2.4190
2026-09-03T19:04:33.485,291,STANDOFF_MOVE,STANDOFF_MOVE,706,2,1788429873437.359,66.740,timestamp_domain.system_time,27007125.000,63.000,1,27007125.000,27007140.000,15.000,15.000,27007140.000,15.000,1,1,pnp_visible_ransac,9,1.463,-8.6869,-0.133286,3.387172,-2.2534
2026-09-03T19:04:33.547,292,STANDOFF_MOVE,STANDOFF_MOVE,708,2,1788429873504.179,66.820,timestamp_domain.system_time,27007187.000,62.000,1,27007187.000,27007203.000,16.000,16.000,27007203.000,16.000,1,1,pnp_visible_ransac,9,1.456,-7.6741,-0.139682,3.375373,-2.3697
2026-09-03T19:04:33.609,293,STANDOFF_MOVE,STANDOFF_MOVE,710,2,1788429873570.860,66.681,timestamp_domain.system_time,27007250.000,63.000,1,27007250.000,27007265.000,15.000,15.000,27007265.000,15.000,1,1,pnp_visible_ransac,9,1.439,-8.6847,-0.137916,3.401183,-2.3220
2026-09-03T19:04:33.671,294,STANDOFF_MOVE,STANDOFF_MOVE,712,2,1788429873637.500,66.640,timestamp_domain.system_time,27007312.000,62.000,1,27007312.000,27007328.000,16.000,16.000,27007328.000,16.000,1,1,pnp_visible_ransac,9,1.629,-8.3009,-0.132019,3.381136,-2.2360
2026-09-03T19:04:33.731,295,STANDOFF_MOVE,STANDOFF_MOVE,714,2,1788429873704.214,66.715,timestamp_domain.system_time,27007375.000,63.000,1,27007375.000,27007390.000,15.000,15.000,27007390.000,15.000,1,1,pnp_visible_ransac,9,1.643,-7.7452,-0.133404,3.368995,-2.2676
2026-09-03T19:04:33.791,296,STANDOFF_MOVE,STANDOFF_MOVE,716,2,1788429873771.068,66.854,timestamp_domain.system_time,27007437.000,62.000,1,27007437.000,27007453.000,16.000,16.000,27007453.000,16.000,1,1,pnp_visible_ransac,9,1.506,-8.2198,-0.134473,3.373683,-2.2826
2026-09-03T19:04:33.853,297,STANDOFF_MOVE,STANDOFF_MOVE,717,1,1788429873804.399,33.331,timestamp_domain.system_time,27007500.000,63.000,1,27007500.000,27007515.000,15.000,15.000,27007515.000,15.000,1,1,pnp_visible_ransac,9,1.506,-8.2874,-0.132793,3.405910,-2.2328
2026-09-03T19:04:33.977,298,STANDOFF_MOVE,STANDOFF_MOVE,720,3,1788429873904.346,99.947,timestamp_domain.system_time,27007609.000,109.000,1,27007609.000,27007640.000,31.000,31.000,27007640.000,31.000,1,1,pnp_visible_ransac,9,1.393,-8.1168,-0.138386,3.388621,-2.3386
2026-09-03T19:04:34.039,299,STANDOFF_MOVE,STANDOFF_MOVE,723,3,1788429874004.542,100.196,timestamp_domain.system_time,27007687.000,78.000,1,27007687.000,27007703.000,16.000,16.000,27007703.000,16.000,1,1,pnp_visible_ransac,9,1.537,-8.1440,-0.135424,3.376547,-2.2968
2026-09-03T19:04:34.102,300,STANDOFF_MOVE,STANDOFF_MOVE,725,2,1788429874071.158,66.616,timestamp_domain.system_time,27007750.000,63.000,1,27007750.000,27007765.000,15.000,15.000,27007765.000,15.000,1,1,pnp_visible_ransac,9,1.444,-8.0989,-0.138614,3.402272,-2.3330
2026-09-03T19:04:34.167,301,STANDOFF_MOVE,STANDOFF_MOVE,727,2,1788429874137.630,66.471,timestamp_domain.system_time,27007812.000,62.000,1,27007812.000,27007828.000,16.000,16.000,27007828.000,16.000,1,1,pnp_visible_ransac,9,1.539,-8.5431,-0.135263,3.385576,-2.2879
2026-09-03T19:04:34.232,302,STANDOFF_MOVE,STANDOFF_MOVE,729,2,1788429874204.620,66.991,timestamp_domain.system_time,27007875.000,63.000,1,27007875.000,27007890.000,15.000,15.000,27007890.000,15.000,1,1,pnp_visible_ransac,9,1.469,-7.8388,-0.138883,3.383828,-2.3503
2026-09-03T19:04:34.293,303,STANDOFF_MOVE,STANDOFF_MOVE,731,2,1788429874271.357,66.737,timestamp_domain.system_time,27007937.000,62.000,1,27007937.000,27007953.000,16.000,16.000,27007953.000,16.000,1,1,pnp_visible_ransac,9,1.434,-7.6514,-0.139130,3.374110,-2.3612
2026-09-03T19:04:34.355,304,STANDOFF_MOVE,STANDOFF_MOVE,732,1,1788429874304.733,33.376,timestamp_domain.system_time,27008000.000,63.000,1,27008000.000,27008015.000,15.000,15.000,27008015.000,15.000,1,1,pnp_visible_ransac,9,1.507,-8.5681,-0.133526,3.385366,-2.2587
2026-09-03T19:04:34.417,305,STANDOFF_MOVE,STANDOFF_MOVE,734,2,1788429874371.446,66.713,timestamp_domain.system_time,27008062.000,62.000,1,27008062.000,27008078.000,16.000,16.000,27008078.000,16.000,1,1,pnp_visible_ransac,9,1.507,-8.4689,-0.134526,3.400931,-2.2652
2026-09-03T19:04:34.477,306,STANDOFF_MOVE,STANDOFF_MOVE,736,2,1788429874438.048,66.602,timestamp_domain.system_time,27008125.000,63.000,1,27008125.000,27008140.000,15.000,15.000,27008140.000,15.000,1,1,pnp_visible_ransac,9,1.602,-8.1718,-0.139488,3.401815,-2.3480
2026-09-03T19:04:34.537,307,STANDOFF_MOVE,STANDOFF_MOVE,738,2,1788429874504.466,66.418,timestamp_domain.system_time,27008171.000,46.000,1,27008187.000,27008187.000,0.000,16.000,27008203.000,32.000,1,1,pnp_visible_ransac,9,1.503,-8.6200,-0.133187,3.389674,-2.2501
2026-09-03T19:04:34.605,308,STANDOFF_MOVE,STANDOFF_MOVE,740,2,1788429874571.257,66.791,timestamp_domain.system_time,27008250.000,79.000,1,27008250.000,27008265.000,15.000,15.000,27008265.000,15.000,1,1,pnp_visible_ransac,9,1.410,-8.5599,-0.133197,3.395409,-2.2465
2026-09-03T19:04:34.675,309,STANDOFF_MOVE,STANDOFF_MOVE,742,2,1788429874638.299,67.042,timestamp_domain.system_time,27008312.000,62.000,1,27008312.000,27008328.000,16.000,16.000,27008328.000,16.000,1,1,pnp_visible_ransac,9,1.472,-8.2637,-0.134360,3.388860,-2.2705
2026-09-03T19:04:34.761,310,STANDOFF_MOVE,STANDOFF_MOVE,744,2,1788429874705.008,66.708,timestamp_domain.system_time,27008390.000,78.000,1,27008406.000,27008421.000,15.000,31.000,27008421.000,31.000,1,1,pnp_visible_ransac,9,1.424,-8.5308,-0.135475,3.407605,-2.2767
2026-09-03T19:04:34.831,311,STANDOFF_MOVE,STANDOFF_MOVE,747,3,1788429874805.107,100.099,timestamp_domain.system_time,27008468.000,78.000,1,27008484.000,27008484.000,0.000,16.000,27008484.000,16.000,1,1,pnp_visible_ransac,9,1.358,-8.2870,-0.140103,3.381534,-2.3725
2026-09-03T19:04:34.970,312,STANDOFF_MOVE,STANDOFF_MOVE,750,3,1788429874905.805,100.698,timestamp_domain.system_time,27008609.000,141.000,1,27008609.000,27008625.000,16.000,16.000,27008625.000,16.000,1,1,pnp_visible_ransac,9,1.433,-9.0587,-0.131668,3.390244,-2.2241
2026-09-03T19:04:35.034,313,STANDOFF_MOVE,STANDOFF_MOVE,753,3,1788429875005.226,99.422,timestamp_domain.system_time,27008671.000,62.000,1,27008671.000,27008687.000,16.000,16.000,27008687.000,16.000,1,1,pnp_visible_ransac,9,1.460,-7.8911,-0.135051,3.382448,-2.2864
2026-09-03T19:04:35.099,314,STANDOFF_MOVE,STANDOFF_MOVE,755,2,1788429875071.823,66.597,timestamp_domain.system_time,27008734.000,63.000,1,27008750.000,27008750.000,0.000,16.000,27008765.000,31.000,1,1,pnp_visible_ransac,9,1.626,-8.4953,-0.134970,3.410313,-2.2664
2026-09-03T19:04:35.157,315,STANDOFF_MOVE,STANDOFF_MOVE,756,1,1788429875105.213,33.390,timestamp_domain.system_time,27008796.000,62.000,1,27008796.000,27008812.000,16.000,16.000,27008812.000,16.000,1,1,pnp_visible_ransac,9,1.508,-8.1069,-0.136715,3.396446,-2.3050
2026-09-03T19:04:35.219,316,STANDOFF_MOVE,STANDOFF_MOVE,758,2,1788429875171.925,66.712,timestamp_domain.system_time,27008859.000,63.000,1,27008859.000,27008875.000,16.000,16.000,27008875.000,16.000,1,1,pnp_visible_ransac,9,1.561,-7.4930,-0.136637,3.371983,-2.3204
2026-09-03T19:04:35.281,317,STANDOFF_MOVE,STANDOFF_MOVE,760,2,1788429875238.720,66.795,timestamp_domain.system_time,27008921.000,62.000,1,27008921.000,27008937.000,16.000,16.000,27008937.000,16.000,1,1,pnp_visible_ransac,9,1.520,-8.5944,-0.133130,3.390685,-2.2485
2026-09-03T19:04:35.341,318,STANDOFF_MOVE,STANDOFF_MOVE,762,2,1788429875305.333,66.612,timestamp_domain.system_time,27008984.000,63.000,1,27008984.000,27009000.000,16.000,16.000,27009000.000,16.000,1,1,pnp_visible_ransac,9,1.501,-7.8812,-0.134796,3.372920,-2.2886
2026-09-03T19:04:35.402,319,STANDOFF_MOVE,STANDOFF_MOVE,764,2,1788429875372.227,66.894,timestamp_domain.system_time,27009046.000,62.000,1,27009046.000,27009062.000,16.000,16.000,27009062.000,16.000,1,1,pnp_visible_ransac,9,1.386,-8.2643,-0.136681,3.405022,-2.2987
2026-09-03T19:04:35.464,320,STANDOFF_MOVE,STANDOFF_MOVE,766,2,1788429875438.748,66.521,timestamp_domain.system_time,27009109.000,63.000,1,27009109.000,27009125.000,16.000,16.000,27009125.000,16.000,1,1,pnp_visible_ransac,9,1.453,-7.7668,-0.140883,3.376012,-2.3896
2026-09-03T19:04:35.525,321,STANDOFF_MOVE,STANDOFF_MOVE,767,1,1788429875472.248,33.500,timestamp_domain.system_time,27009171.000,62.000,1,27009171.000,27009187.000,16.000,16.000,27009187.000,16.000,1,1,pnp_visible_ransac,9,1.576,-8.1891,-0.135967,3.402044,-2.2887
2026-09-03T19:04:35.585,322,STANDOFF_MOVE,STANDOFF_MOVE,769,2,1788429875538.851,66.603,timestamp_domain.system_time,27009234.000,63.000,1,27009234.000,27009250.000,16.000,16.000,27009250.000,16.000,1,1,pnp_visible_ransac,9,1.469,-7.7039,-0.137917,3.388169,-2.3310
2026-09-03T19:04:35.644,323,STANDOFF_MOVE,STANDOFF_MOVE,771,2,1788429875605.771,66.921,timestamp_domain.system_time,27009281.000,47.000,1,27009296.000,27009296.000,0.000,15.000,27009296.000,15.000,1,1,pnp_visible_ransac,9,1.472,-7.6710,-0.137598,3.376712,-2.3335
2026-09-03T19:04:35.706,324,STANDOFF_MOVE,STANDOFF_MOVE,773,2,1788429875672.310,66.539,timestamp_domain.system_time,27009343.000,62.000,1,27009343.000,27009359.000,16.000,16.000,27009359.000,16.000,1,1,pnp_visible_ransac,9,1.447,-8.2384,-0.135514,3.382912,-2.2940
2026-09-03T19:04:35.768,325,STANDOFF_MOVE,STANDOFF_MOVE,775,2,1788429875739.202,66.892,timestamp_domain.system_time,27009406.000,63.000,1,27009421.000,27009421.000,0.000,15.000,27009421.000,15.000,1,1,pnp_visible_ransac,9,1.475,-8.1867,-0.136280,3.395993,-2.2980
2026-09-03T19:04:35.829,326,STANDOFF_MOVE,STANDOFF_MOVE,777,2,1788429875806.695,67.493,timestamp_domain.system_time,27009468.000,62.000,1,27009468.000,27009484.000,16.000,16.000,27009484.000,16.000,1,1,pnp_visible_ransac,9,1.496,-8.6608,-0.130588,3.413684,-2.1907
2026-09-03T19:04:35.889,327,STANDOFF_MOVE,STANDOFF_MOVE,778,1,1788429875839.139,32.444,timestamp_domain.system_time,27009531.000,63.000,1,27009531.000,27009546.000,15.000,15.000,27009546.000,15.000,1,1,pnp_visible_ransac,9,1.585,-8.6882,-0.135492,3.393367,-2.2865
2026-09-03T19:04:36.009,328,STANDOFF_MOVE,STANDOFF_MOVE,779,1,1788429875872.707,33.568,timestamp_domain.system_time,27009640.000,109.000,1,27009640.000,27009671.000,31.000,31.000,27009671.000,31.000,1,1,pnp_visible_ransac,9,1.503,-8.2373,-0.134686,3.393174,-2.2731
2026-09-03T19:04:36.079,329,STANDOFF_MOVE,STANDOFF_MOVE,784,5,1788429876039.218,166.510,timestamp_domain.system_time,27009718.000,78.000,1,27009718.000,27009734.000,16.000,16.000,27009734.000,16.000,1,1,pnp_visible_ransac,9,1.377,-8.6306,-0.134213,3.393706,-2.2647
2026-09-03T19:04:36.140,330,STANDOFF_MOVE,STANDOFF_MOVE,786,2,1788429876105.990,66.773,timestamp_domain.system_time,27009781.000,63.000,1,27009781.000,27009796.000,15.000,15.000,27009796.000,15.000,1,1,pnp_visible_ransac,9,1.454,-8.5293,-0.133158,3.402450,-2.2412
2026-09-03T19:04:36.202,331,STANDOFF_MOVE,STANDOFF_MOVE,788,2,1788429876172.644,66.653,timestamp_domain.system_time,27009843.000,62.000,1,27009843.000,27009859.000,16.000,16.000,27009859.000,16.000,1,1,pnp_visible_ransac,9,1.607,-8.2771,-0.136259,3.374289,-2.3124
2026-09-03T19:04:36.265,332,STANDOFF_MOVE,STANDOFF_MOVE,790,2,1788429876239.452,66.808,timestamp_domain.system_time,27009906.000,63.000,1,27009906.000,27009921.000,15.000,15.000,27009921.000,15.000,1,1,pnp_visible_ransac,9,1.468,-8.5729,-0.133896,3.413402,-2.2464
2026-09-03T19:04:36.327,333,STANDOFF_MOVE,STANDOFF_MOVE,792,2,1788429876305.965,66.513,timestamp_domain.system_time,27009968.000,62.000,1,27009968.000,27009984.000,16.000,16.000,27009984.000,16.000,1,1,pnp_visible_ransac,9,1.541,-8.6599,-0.129187,3.389338,-2.1828
2026-09-03T19:04:36.387,334,STANDOFF_MOVE,STANDOFF_MOVE,793,1,1788429876339.441,33.477,timestamp_domain.system_time,27010031.000,63.000,1,27010031.000,27010046.000,15.000,15.000,27010046.000,15.000,1,1,pnp_visible_ransac,9,1.444,-8.9048,-0.132136,3.383924,-2.2362
2026-09-03T19:04:36.446,335,STANDOFF_MOVE,STANDOFF_MOVE,795,2,1788429876406.160,66.719,timestamp_domain.system_time,27010093.000,62.000,1,27010093.000,27010109.000,16.000,16.000,27010109.000,16.000,1,1,pnp_visible_ransac,9,1.429,-8.2395,-0.135494,3.382747,-2.2937
2026-09-03T19:04:36.507,336,STANDOFF_MOVE,STANDOFF_MOVE,797,2,1788429876472.840,66.680,timestamp_domain.system_time,27010156.000,63.000,1,27010156.000,27010171.000,15.000,15.000,27010171.000,15.000,1,1,pnp_visible_ransac,9,1.451,-7.7246,-0.138267,3.388662,-2.3365
2026-09-03T19:04:36.568,337,STANDOFF_MOVE,STANDOFF_MOVE,799,2,1788429876539.598,66.758,timestamp_domain.system_time,27010218.000,62.000,1,27010218.000,27010234.000,16.000,16.000,27010234.000,16.000,1,1,pnp_visible_ransac,9,1.602,-8.0539,-0.133486,3.367300,-2.2701
2026-09-03T19:04:36.629,338,STANDOFF_MOVE,STANDOFF_MOVE,801,2,1788429876606.215,66.617,timestamp_domain.system_time,27010265.000,47.000,1,27010281.000,27010281.000,0.000,16.000,27010281.000,16.000,1,1,pnp_visible_ransac,9,1.549,-7.8914,-0.136871,3.381669,-2.3177
2026-09-03T19:04:36.691,339,STANDOFF_MOVE,STANDOFF_MOVE,802,1,1788429876639.466,33.251,timestamp_domain.system_time,27010328.000,63.000,1,27010343.000,27010343.000,0.000,15.000,27010343.000,15.000,1,1,pnp_visible_ransac,9,1.482,-8.2217,-0.135719,3.372745,-2.3043
2026-09-03T19:04:36.756,340,STANDOFF_MOVE,STANDOFF_MOVE,804,2,1788429876706.153,66.687,timestamp_domain.system_time,27010390.000,62.000,1,27010406.000,27010406.000,0.000,16.000,27010421.000,31.000,1,1,pnp_visible_ransac,9,1.559,-7.8004,-0.139516,3.371485,-2.3696
2026-09-03T19:04:36.829,341,STANDOFF_MOVE,STANDOFF_MOVE,807,3,1788429876806.078,99.925,timestamp_domain.system_time,27010468.000,78.000,1,27010468.000,27010484.000,16.000,16.000,27010484.000,16.000,1,1,pnp_visible_ransac,9,1.459,-8.0768,-0.134542,3.395452,-2.2691
2026-09-03T19:04:36.908,342,STANDOFF_MOVE,STANDOFF_MOVE,808,1,1788429876839.655,33.578,timestamp_domain.system_time,27010546.000,78.000,1,27010546.000,27010562.000,16.000,16.000,27010562.000,16.000,1,1,pnp_visible_ransac,9,1.557,-7.7149,-0.137672,3.352359,-2.3517
2026-09-03T19:04:36.995,343,STANDOFF_MOVE,STANDOFF_MOVE,811,3,1788429876940.019,100.364,timestamp_domain.system_time,27010640.000,94.000,1,27010640.000,27010656.000,16.000,16.000,27010656.000,16.000,1,1,pnp_visible_ransac,9,1.433,-8.1089,-0.136256,3.402981,-2.2929
2026-09-03T19:04:37.067,344,STANDOFF_MOVE,STANDOFF_MOVE,814,3,1788429877039.902,99.884,timestamp_domain.system_time,27010703.000,63.000,1,27010703.000,27010718.000,15.000,15.000,27010734.000,31.000,1,1,pnp_visible_ransac,9,1.452,-8.2638,-0.136645,3.385099,-2.3116
2026-09-03T19:04:37.140,345,STANDOFF_MOVE,STANDOFF_MOVE,816,2,1788429877106.452,66.549,timestamp_domain.system_time,27010781.000,78.000,1,27010781.000,27010796.000,15.000,15.000,27010796.000,15.000,1,1,pnp_visible_ransac,9,1.411,-8.4448,-0.134828,3.383425,-2.2820
2026-09-03T19:04:37.206,346,STANDOFF_MOVE,STANDOFF_MOVE,818,2,1788429877173.342,66.891,timestamp_domain.system_time,27010843.000,62.000,1,27010859.000,27010859.000,0.000,16.000,27010859.000,16.000,1,1,pnp_visible_ransac,9,1.584,-8.9912,-0.136700,3.410253,-2.2955
2026-09-03T19:04:37.271,347,STANDOFF_MOVE,STANDOFF_MOVE,820,2,1788429877240.055,66.713,timestamp_domain.system_time,27010921.000,78.000,1,27010921.000,27010937.000,16.000,16.000,27010937.000,16.000,1,1,pnp_visible_ransac,9,1.446,-8.8191,-0.130253,3.405394,-2.1904
2026-09-03T19:04:37.334,348,STANDOFF_MOVE,STANDOFF_MOVE,822,2,1788429877306.848,66.793,timestamp_domain.system_time,27010984.000,63.000,1,27010984.000,27011000.000,16.000,16.000,27011000.000,16.000,1,1,pnp_visible_ransac,9,1.571,-8.2078,-0.136136,3.368406,-2.3144
2026-09-03T19:04:37.399,349,STANDOFF_MOVE,STANDOFF_MOVE,824,2,1788429877373.564,66.716,timestamp_domain.system_time,27011046.000,62.000,1,27011046.000,27011062.000,16.000,16.000,27011062.000,16.000,1,1,pnp_visible_ransac,9,1.454,-8.3830,-0.132700,3.386913,-2.2437
2026-09-03T19:04:37.461,350,STANDOFF_MOVE,STANDOFF_MOVE,826,2,1788429877440.333,66.770,timestamp_domain.system_time,27011109.000,63.000,1,27011109.000,27011125.000,16.000,16.000,27011125.000,16.000,1,1,pnp_visible_ransac,9,1.457,-7.3594,-0.140413,3.374789,-2.3825
2026-09-03T19:04:37.522,351,STANDOFF_MOVE,STANDOFF_MOVE,827,1,1788429877473.547,33.213,timestamp_domain.system_time,27011171.000,62.000,1,27011171.000,27011187.000,16.000,16.000,27011187.000,16.000,1,1,pnp_visible_ransac,9,1.417,-8.9108,-0.132435,3.399764,-2.2308
2026-09-03T19:04:37.585,352,STANDOFF_MOVE,STANDOFF_MOVE,829,2,1788429877540.310,66.763,timestamp_domain.system_time,27011234.000,63.000,1,27011234.000,27011250.000,16.000,16.000,27011250.000,16.000,1,1,pnp_visible_ransac,9,1.554,-8.4365,-0.134625,3.397438,-2.2692
2026-09-03T19:04:37.648,353,STANDOFF_MOVE,STANDOFF_MOVE,831,2,1788429877607.050,66.740,timestamp_domain.system_time,27011296.000,62.000,1,27011296.000,27011312.000,16.000,16.000,27011312.000,16.000,1,1,pnp_visible_ransac,9,1.467,-9.0900,-0.129974,3.390364,-2.1954
2026-09-03T19:04:37.711,354,STANDOFF_MOVE,STANDOFF_MOVE,833,2,1788429877673.656,66.606,timestamp_domain.system_time,27011359.000,63.000,1,27011359.000,27011375.000,16.000,16.000,27011375.000,16.000,1,1,pnp_visible_ransac,9,1.480,-8.2128,-0.136522,3.377618,-2.3146
2026-09-03T19:04:37.772,355,STANDOFF_MOVE,STANDOFF_MOVE,835,2,1788429877740.405,66.749,timestamp_domain.system_time,27011421.000,62.000,1,27011421.000,27011437.000,16.000,16.000,27011437.000,16.000,1,1,pnp_visible_ransac,9,1.393,-8.6061,-0.133927,3.384840,-2.2658
2026-09-03T19:04:37.835,356,STANDOFF_MOVE,STANDOFF_MOVE,837,2,1788429877807.180,66.776,timestamp_domain.system_time,27011484.000,63.000,1,27011484.000,27011500.000,16.000,16.000,27011500.000,16.000,1,1,pnp_visible_ransac,9,1.339,-8.0600,-0.132520,3.378490,-2.2462
2026-09-03T19:04:37.896,357,STANDOFF_MOVE,STANDOFF_MOVE,838,1,1788429877840.571,33.391,timestamp_domain.system_time,27011546.000,62.000,1,27011546.000,27011562.000,16.000,16.000,27011562.000,16.000,1,1,pnp_visible_ransac,9,1.560,-8.3194,-0.133818,3.406085,-2.2499
2026-09-03T19:04:37.996,358,STANDOFF_MOVE,STANDOFF_MOVE,839,1,1788429877874.042,33.471,timestamp_domain.system_time,27011640.000,94.000,1,27011640.000,27011656.000,16.000,16.000,27011656.000,16.000,1,1,pnp_visible_ransac,9,1.465,-8.3156,-0.134157,3.382889,-2.2710
2026-09-03T19:04:38.063,359,STANDOFF_MOVE,STANDOFF_MOVE,843,4,1788429878007.323,133.281,timestamp_domain.system_time,27011703.000,63.000,1,27011703.000,27011718.000,15.000,15.000,27011718.000,15.000,1,1,pnp_visible_ransac,9,1.493,-8.2724,-0.127046,3.394408,-2.1435
2026-09-03T19:04:38.125,360,STANDOFF_MOVE,STANDOFF_MOVE,845,2,1788429878074.119,66.796,timestamp_domain.system_time,27011765.000,62.000,1,27011765.000,27011781.000,16.000,16.000,27011781.000,16.000,1,1,pnp_visible_ransac,9,1.438,-8.2873,-0.119756,3.408493,-2.0122
2026-09-03T19:04:38.192,361,STANDOFF_MOVE,STANDOFF_MOVE,847,2,1788429878140.633,66.514,timestamp_domain.system_time,27011828.000,63.000,1,27011843.000,27011843.000,0.000,15.000,27011859.000,31.000,1,1,pnp_visible_ransac,9,1.398,-7.9509,-0.115282,3.393116,-1.9459
2026-09-03T19:04:38.256,362,STANDOFF_MOVE,STANDOFF_MOVE,849,2,1788429878207.444,66.811,timestamp_domain.system_time,27011906.000,78.000,1,27011906.000,27011921.000,15.000,15.000,27011921.000,15.000,1,1,pnp_visible_ransac,9,1.471,-7.5275,-0.106040,3.373646,-1.8003
2026-09-03T19:04:38.319,363,STANDOFF_MOVE,STANDOFF_MOVE,851,2,1788429878274.146,66.703,timestamp_domain.system_time,27011968.000,62.000,1,27011968.000,27011984.000,16.000,16.000,27011984.000,16.000,1,1,pnp_visible_ransac,9,1.507,-8.0875,-0.094170,3.410122,-1.5818
2026-09-03T19:04:38.386,364,STANDOFF_MOVE,STANDOFF_MOVE,853,2,1788429878340.798,66.651,timestamp_domain.system_time,27012031.000,63.000,1,27012031.000,27012046.000,15.000,15.000,27012046.000,15.000,1,1,pnp_visible_ransac,9,1.552,-6.7700,-0.080086,3.411798,-1.3447
2026-09-03T19:04:38.458,365,STANDOFF_MOVE,STANDOFF_MOVE,855,2,1788429878407.540,66.742,timestamp_domain.system_time,27012093.000,62.000,1,27012109.000,27012109.000,0.000,16.000,27012125.000,32.000,1,1,pnp_visible_ransac,9,1.309,-6.7080,-0.063834,3.415632,-1.0707
2026-09-03T19:04:38.521,366,STANDOFF_MOVE,STANDOFF_MOVE,857,2,1788429878474.236,66.695,timestamp_domain.system_time,27012171.000,78.000,1,27012171.000,27012187.000,16.000,16.000,27012187.000,16.000,1,1,pnp_visible_ransac,9,1.334,-6.8143,-0.037875,3.383928,-0.6413
2026-09-03T19:04:38.587,367,STANDOFF_MOVE,STANDOFF_MOVE,859,2,1788429878540.926,66.691,timestamp_domain.system_time,27012234.000,63.000,1,27012234.000,27012250.000,16.000,16.000,27012250.000,16.000,1,1,pnp_visible_ransac,9,1.448,-6.0637,-0.019443,3.352951,-0.3322
2026-09-03T19:04:38.653,368,STANDOFF_MOVE,STANDOFF_MOVE,861,2,1788429878607.558,66.632,timestamp_domain.system_time,27012296.000,62.000,1,27012296.000,27012312.000,16.000,16.000,27012312.000,16.000,1,1,pnp_visible_ransac,9,1.363,-6.7337,0.007528,3.357355,0.1285
2026-09-03T19:04:38.717,369,STANDOFF_MOVE,STANDOFF_MOVE,863,2,1788429878674.461,66.903,timestamp_domain.system_time,27012359.000,63.000,1,27012359.000,27012375.000,16.000,16.000,27012375.000,16.000,1,1,pnp_visible_ransac,9,1.000,-6.4419,0.033338,3.372117,0.5664
2026-09-03T19:04:38.780,370,STANDOFF_MOVE,STANDOFF_MOVE,865,2,1788429878741.241,66.780,timestamp_domain.system_time,27012421.000,62.000,1,27012421.000,27012437.000,16.000,16.000,27012437.000,16.000,1,1,pnp_visible_ransac,9,1.282,-6.2140,0.070717,3.344163,1.2114
2026-09-03T19:04:38.847,371,STANDOFF_SETTLE,STANDOFF_SETTLE,867,2,1788429878807.682,66.441,timestamp_domain.system_time,27012484.000,63.000,1,27012500.000,27012500.000,0.000,16.000,27012500.000,16.000,1,1,pnp_visible_ransac,9,1.013,-5.0322,0.110571,3.392256,1.8669
2026-09-03T19:04:38.916,372,STANDOFF_SETTLE,STANDOFF_SETTLE,868,1,1788429878841.129,33.447,timestamp_domain.system_time,27012562.000,78.000,1,27012562.000,27012578.000,16.000,16.000,27012578.000,16.000,1,1,pnp_visible_ransac,9,1.092,-4.6646,0.129218,3.361175,2.2016
2026-09-03T19:04:39.008,373,STANDOFF_SETTLE,STANDOFF_SETTLE,872,4,1788429878974.465,133.336,timestamp_domain.system_time,27012640.000,78.000,1,27012656.000,27012671.000,15.000,31.000,27012671.000,31.000,1,1,pnp_visible_ransac,9,1.340,-6.0948,0.251289,3.511517,4.0932
2026-09-03T19:04:39.084,374,STANDOFF_SETTLE,STANDOFF_SETTLE,874,2,1788429879041.428,66.963,timestamp_domain.system_time,27012718.000,78.000,1,27012734.000,27012734.000,0.000,16.000,27012750.000,32.000,1,1,pnp_visible_ransac,9,1.460,-2.8013,0.266171,3.383475,4.4981
2026-09-03T19:04:39.154,375,STANDOFF_SETTLE,STANDOFF_SETTLE,876,2,1788429879108.060,66.632,timestamp_domain.system_time,27012796.000,78.000,1,27012796.000,27012812.000,16.000,16.000,27012812.000,16.000,1,1,pnp_visible_ransac,9,2.248,-3.9539,0.262093,3.348083,4.4761
2026-09-03T19:04:39.217,376,STANDOFF_SETTLE,STANDOFF_SETTLE,878,2,1788429879174.605,66.545,timestamp_domain.system_time,27012859.000,63.000,1,27012859.000,27012875.000,16.000,16.000,27012875.000,16.000,1,1,pnp_visible_ransac,9,1.073,-4.1725,0.228723,3.429615,3.8154
2026-09-03T19:04:39.285,377,STANDOFF_SETTLE,STANDOFF_SETTLE,880,2,1788429879241.445,66.839,timestamp_domain.system_time,27012921.000,62.000,1,27012921.000,27012937.000,16.000,16.000,27012937.000,16.000,1,1,pnp_visible_ransac,9,0.965,-5.6017,0.204253,3.470462,3.3682
2026-09-03T19:04:39.354,378,STANDOFF_SETTLE,STANDOFF_SETTLE,882,2,1788429879308.330,66.885,timestamp_domain.system_time,27013000.000,79.000,1,27013000.000,27013015.000,15.000,15.000,27013015.000,15.000,1,1,pnp_visible_ransac,9,1.165,-4.5170,0.194661,3.421041,3.2567
2026-09-03T19:04:39.420,379,STANDOFF_SETTLE,STANDOFF_SETTLE,884,2,1788429879375.008,66.678,timestamp_domain.system_time,27013062.000,62.000,1,27013062.000,27013078.000,16.000,16.000,27013078.000,16.000,1,1,pnp_visible_ransac,9,1.805,-4.4644,0.194677,3.398170,3.2788
2026-09-03T19:04:39.484,380,STANDOFF_SETTLE,STANDOFF_SETTLE,886,2,1788429879441.622,66.614,timestamp_domain.system_time,27013125.000,63.000,1,27013125.000,27013140.000,15.000,15.000,27013140.000,15.000,1,1,pnp_visible_ransac,9,1.715,-4.7424,0.202567,3.440211,3.3698
2026-09-03T19:04:39.545,381,STANDOFF_SETTLE,STANDOFF_SETTLE,888,2,1788429879508.236,66.614,timestamp_domain.system_time,27013187.000,62.000,1,27013187.000,27013203.000,16.000,16.000,27013203.000,16.000,1,1,pnp_visible_ransac,9,1.602,-4.8146,0.204264,3.430207,3.4079
2026-09-03T19:04:39.611,382,STANDOFF_SETTLE,STANDOFF_SETTLE,890,2,1788429879575.014,66.779,timestamp_domain.system_time,27013250.000,63.000,1,27013250.000,27013265.000,15.000,15.000,27013265.000,15.000,1,1,pnp_visible_ransac,9,1.720,-5.0303,0.205037,3.439180,3.4118
2026-09-03T19:04:39.676,383,STANDOFF_SETTLE,STANDOFF_SETTLE,892,2,1788429879641.830,66.816,timestamp_domain.system_time,27013312.000,62.000,1,27013328.000,27013328.000,0.000,16.000,27013328.000,16.000,1,1,pnp_visible_ransac,9,1.663,-5.2791,0.205408,3.439652,3.4175
2026-09-03T19:04:39.740,384,STANDOFF_SETTLE,STANDOFF_SETTLE,894,2,1788429879708.453,66.623,timestamp_domain.system_time,27013375.000,63.000,1,27013390.000,27013406.000,16.000,31.000,27013406.000,31.000,1,1,pnp_visible_ransac,9,1.413,-5.1873,0.204563,3.439801,3.4033
2026-09-03T19:04:39.805,385,STANDOFF_SETTLE,STANDOFF_SETTLE,896,2,1788429879775.144,66.691,timestamp_domain.system_time,27013453.000,78.000,1,27013453.000,27013468.000,15.000,15.000,27013468.000,15.000,1,1,pnp_visible_ransac,9,1.407,-5.0027,0.200501,3.422152,3.3531
2026-09-03T19:04:39.868,386,STANDOFF_SETTLE,STANDOFF_SETTLE,898,2,1788429879843.063,67.919,timestamp_domain.system_time,27013515.000,62.000,1,27013515.000,27013531.000,16.000,16.000,27013531.000,16.000,1,1,pnp_visible_ransac,9,1.933,-5.2675,0.210414,3.454695,3.4854
2026-09-03T19:04:39.998,387,STANDOFF_SETTLE,STANDOFF_SETTLE,899,1,1788429879875.390,32.327,timestamp_domain.system_time,27013640.000,125.000,1,27013640.000,27013656.000,16.000,16.000,27013656.000,16.000,1,1,pnp_visible_ransac,9,1.137,-4.2419,0.196665,3.419213,3.2919
2026-09-03T19:04:40.064,388,STANDOFF_SETTLE,STANDOFF_SETTLE,903,4,1788429880008.710,133.320,timestamp_domain.system_time,27013703.000,63.000,1,27013703.000,27013718.000,15.000,15.000,27013718.000,15.000,1,1,pnp_visible_ransac,9,1.515,-3.9055,0.193372,3.420265,3.2359
2026-09-03T19:04:40.125,389,STANDOFF_SETTLE,STANDOFF_SETTLE,905,2,1788429880075.171,66.461,timestamp_domain.system_time,27013765.000,62.000,1,27013765.000,27013781.000,16.000,16.000,27013781.000,16.000,1,1,pnp_visible_ransac,9,1.355,-3.7326,0.191440,3.399698,3.2230
2026-09-03T19:04:40.187,390,STANDOFF_SETTLE,STANDOFF_SETTLE,907,2,1788429880141.913,66.742,timestamp_domain.system_time,27013828.000,63.000,1,27013828.000,27013843.000,15.000,15.000,27013843.000,15.000,1,1,pnp_visible_ransac,9,1.006,-5.3630,0.197438,3.445308,3.2798
2026-09-03T19:04:40.250,391,STANDOFF_SETTLE,STANDOFF_SETTLE,909,2,1788429880208.898,66.985,timestamp_domain.system_time,27013890.000,62.000,1,27013890.000,27013906.000,16.000,16.000,27013906.000,16.000,1,1,pnp_visible_ransac,9,1.607,-4.6688,0.201171,3.431714,3.3549
2026-09-03T19:04:40.314,392,STANDOFF_SETTLE,STANDOFF_SETTLE,911,2,1788429880275.652,66.754,timestamp_domain.system_time,27013953.000,63.000,1,27013953.000,27013968.000,15.000,15.000,27013968.000,15.000,1,1,pnp_visible_ransac,9,0.870,-5.8046,0.204973,3.486517,3.3646
2026-09-03T19:04:40.374,393,STANDOFF_SETTLE,STANDOFF_SETTLE,913,2,1788429880342.367,66.715,timestamp_domain.system_time,27014015.000,62.000,1,27014015.000,27014031.000,16.000,16.000,27014031.000,16.000,1,1,pnp_visible_ransac,9,1.613,-4.5966,0.198469,3.426001,3.3154
2026-09-03T19:04:40.437,394,STANDOFF_SETTLE,STANDOFF_SETTLE,915,2,1788429880408.949,66.582,timestamp_domain.system_time,27014078.000,63.000,1,27014078.000,27014093.000,15.000,15.000,27014093.000,15.000,1,1,pnp_visible_ransac,9,1.340,-4.0513,0.193711,3.430256,3.2321
2026-09-03T19:04:40.499,395,STANDOFF_SETTLE,STANDOFF_SETTLE,917,2,1788429880475.651,66.702,timestamp_domain.system_time,27014140.000,62.000,1,27014140.000,27014156.000,16.000,16.000,27014156.000,16.000,1,1,pnp_visible_ransac,9,1.497,-4.3743,0.200477,3.442586,3.3328
2026-09-03T19:04:40.561,396,STANDOFF_SETTLE,STANDOFF_SETTLE,918,1,1788429880509.056,33.405,timestamp_domain.system_time,27014203.000,63.000,1,27014203.000,27014218.000,15.000,15.000,27014218.000,15.000,1,1,pnp_visible_ransac,9,1.068,-3.9508,0.190853,3.444981,3.1710
2026-09-03T19:04:40.625,397,STANDOFF_SETTLE,STANDOFF_SETTLE,920,2,1788429880575.849,66.793,timestamp_domain.system_time,27014265.000,62.000,1,27014265.000,27014281.000,16.000,16.000,27014281.000,16.000,1,1,pnp_visible_ransac,9,1.195,-4.9646,0.197999,3.431056,3.3028
2026-09-03T19:04:40.688,398,STANDOFF_SETTLE,STANDOFF_SETTLE,922,2,1788429880642.486,66.636,timestamp_domain.system_time,27014328.000,63.000,1,27014328.000,27014343.000,15.000,15.000,27014343.000,15.000,1,1,pnp_visible_ransac,9,1.647,-4.9039,0.205193,3.441052,3.4126
2026-09-03T19:04:40.760,399,STANDOFF_SETTLE,STANDOFF_SETTLE,924,2,1788429880709.141,66.655,timestamp_domain.system_time,27014390.000,62.000,1,27014390.000,27014421.000,31.000,31.000,27014421.000,31.000,1,1,pnp_visible_ransac,9,1.233,-4.5162,0.197322,3.429316,3.2931
2026-09-03T19:04:40.822,400,STANDOFF_SETTLE,STANDOFF_SETTLE,926,2,1788429880775.821,66.680,timestamp_domain.system_time,27014468.000,78.000,1,27014468.000,27014484.000,16.000,16.000,27014484.000,16.000,1,1,pnp_visible_ransac,9,1.051,-4.6323,0.197751,3.439704,3.2904
2026-09-03T19:04:40.887,401,STANDOFF_SETTLE,STANDOFF_SETTLE,928,2,1788429880843.552,67.731,timestamp_domain.system_time,27014531.000,63.000,1,27014531.000,27014546.000,15.000,15.000,27014546.000,15.000,1,1,pnp_visible_ransac,9,1.075,-4.7986,0.200727,3.434825,3.3445
2026-09-03T19:04:40.952,402,STANDOFF_SETTLE,STANDOFF_SETTLE,929,1,1788429880876.132,32.580,timestamp_domain.system_time,27014593.000,62.000,1,27014593.000,27014609.000,16.000,16.000,27014609.000,16.000,1,1,pnp_visible_ransac,9,1.199,-4.6211,0.198938,3.440624,3.3092
2026-09-03T19:04:41.028,403,STANDOFF_SETTLE,STANDOFF_SETTLE,930,1,1788429880909.344,33.212,timestamp_domain.system_time,27014671.000,78.000,1,27014671.000,27014687.000,16.000,16.000,27014687.000,16.000,1,1,pnp_visible_ransac,9,1.404,-4.5599,0.197435,3.417774,3.3061
2026-09-03T19:04:41.104,404,STANDOFF_SETTLE,STANDOFF_SETTLE,935,5,1788429881075.788,166.444,timestamp_domain.system_time,27014750.000,79.000,1,27014750.000,27014765.000,15.000,15.000,27014765.000,15.000,1,1,pnp_visible_ransac,9,1.670,-5.2143,0.209354,3.467067,3.4555
2026-09-03T19:04:41.198,405,STANDOFF_SETTLE,STANDOFF_SETTLE,937,2,1788429881142.890,67.102,timestamp_domain.system_time,27014828.000,78.000,1,27014843.000,27014859.000,16.000,31.000,27014859.000,31.000,1,1,pnp_visible_ransac,9,1.464,-5.9490,0.212338,3.465058,3.5067
2026-09-03T19:04:41.281,406,STANDOFF_SETTLE,STANDOFF_SETTLE,940,3,1788429881242.669,99.779,timestamp_domain.system_time,27014921.000,93.000,1,27014921.000,27014937.000,16.000,16.000,27014937.000,16.000,1,1,pnp_visible_ransac,9,1.181,-5.0577,0.199455,3.436741,3.3215
2026-09-03T19:04:41.355,407,STANDOFF_SETTLE,STANDOFF_SETTLE,942,2,1788429881309.596,66.928,timestamp_domain.system_time,27015000.000,79.000,1,27015000.000,27015015.000,15.000,15.000,27015015.000,15.000,1,1,pnp_visible_ransac,9,1.250,-5.2084,0.205049,3.460276,3.3913
2026-09-03T19:04:41.463,408,STANDOFF_SETTLE,STANDOFF_SETTLE,945,3,1788429881409.687,100.090,timestamp_domain.system_time,27015078.000,78.000,1,27015078.000,27015125.000,47.000,47.000,27015125.000,47.000,1,1,pnp_visible_ransac,9,1.517,-5.5609,0.210322,3.460204,3.4783
2026-09-03T19:04:41.605,409,STANDOFF_SETTLE,STANDOFF_SETTLE,949,4,1788429881543.687,134.000,timestamp_domain.system_time,27015234.000,156.000,1,27015234.000,27015265.000,31.000,31.000,27015265.000,31.000,1,1,pnp_visible_ransac,9,1.208,-5.4318,0.205107,3.459042,3.3934
2026-09-03T19:04:41.689,410,STANDOFF_SETTLE,STANDOFF_SETTLE,952,3,1788429881643.383,99.696,timestamp_domain.system_time,27015328.000,94.000,1,27015328.000,27015343.000,15.000,15.000,27015343.000,15.000,1,1,pnp_visible_ransac,9,1.902,-4.8417,0.201909,3.414804,3.3838
2026-09-03T19:04:41.759,411,STANDOFF_SETTLE,STANDOFF_SETTLE,954,2,1788429881709.918,66.535,timestamp_domain.system_time,27015406.000,78.000,1,27015406.000,27015421.000,15.000,15.000,27015421.000,15.000,1,1,pnp_visible_ransac,9,1.609,-4.6410,0.199345,3.428730,3.3274
2026-09-03T19:04:41.829,412,STANDOFF_SETTLE,STANDOFF_SETTLE,956,2,1788429881776.886,66.968,timestamp_domain.system_time,27015468.000,62.000,1,27015468.000,27015484.000,16.000,16.000,27015484.000,16.000,1,1,pnp_visible_ransac,9,1.423,-4.2086,0.195216,3.413290,3.2733
2026-09-03T19:04:41.895,413,STANDOFF_SETTLE,STANDOFF_SETTLE,958,2,1788429881844.244,67.357,timestamp_domain.system_time,27015531.000,63.000,1,27015546.000,27015546.000,0.000,15.000,27015562.000,31.000,1,1,pnp_visible_ransac,9,2.067,-4.3546,0.196359,3.394998,3.3102
2026-09-03T19:04:41.960,414,STANDOFF_SETTLE,STANDOFF_SETTLE,959,1,1788429881876.888,32.644,timestamp_domain.system_time,27015609.000,78.000,1,27015609.000,27015625.000,16.000,16.000,27015625.000,16.000,1,1,pnp_visible_ransac,9,1.583,-4.8758,0.205096,3.449445,3.4027
2026-09-03T19:04:42.030,415,STANDOFF_SETTLE,STANDOFF_SETTLE,960,1,1788429881910.327,33.439,timestamp_domain.system_time,27015671.000,62.000,1,27015671.000,27015687.000,16.000,16.000,27015687.000,16.000,1,1,pnp_visible_ransac,9,1.184,-4.1818,0.194950,3.421677,3.2609
2026-09-03T19:04:42.104,416,STANDOFF_SETTLE,STANDOFF_SETTLE,965,5,1788429882076.786,166.459,timestamp_domain.system_time,27015750.000,79.000,1,27015750.000,27015765.000,15.000,15.000,27015765.000,15.000,1,1,pnp_visible_ransac,9,1.787,-4.0023,0.192598,3.401080,3.2411
2026-09-03T19:04:42.172,417,STANDOFF_SETTLE,STANDOFF_SETTLE,967,2,1788429882143.511,66.725,timestamp_domain.system_time,27015812.000,62.000,1,27015812.000,27015828.000,16.000,16.000,27015828.000,16.000,1,1,pnp_visible_ransac,9,1.504,-3.5111,0.193072,3.411822,3.2389
2026-09-03T19:04:42.236,418,STANDOFF_SETTLE,STANDOFF_SETTLE,969,2,1788429882210.157,66.646,timestamp_domain.system_time,27015875.000,63.000,1,27015875.000,27015890.000,15.000,15.000,27015890.000,15.000,1,1,pnp_visible_ransac,9,1.389,-5.2103,0.204801,3.440513,3.4066
2026-09-03T19:04:42.301,419,STANDOFF_SETTLE,STANDOFF_SETTLE,971,2,1788429882276.928,66.771,timestamp_domain.system_time,27015937.000,62.000,1,27015953.000,27015953.000,0.000,16.000,27015953.000,16.000,1,1,pnp_visible_ransac,9,1.468,-4.6334,0.197522,3.425076,3.3006
2026-09-03T19:04:42.364,420,STANDOFF_SETTLE,STANDOFF_SETTLE,972,1,1788429882310.316,33.388,timestamp_domain.system_time,27016000.000,63.000,1,27016015.000,27016015.000,0.000,15.000,27016031.000,31.000,1,1,pnp_visible_ransac,9,1.539,-4.2472,0.195171,3.416673,3.2694
2026-09-03T19:04:42.429,421,STANDOFF_SETTLE,STANDOFF_SETTLE,974,2,1788429882377.071,66.754,timestamp_domain.system_time,27016078.000,78.000,1,27016078.000,27016093.000,15.000,15.000,27016093.000,15.000,1,1,pnp_visible_ransac,9,1.403,-4.3191,0.197316,3.430660,3.2918
2026-09-03T19:04:42.490,422,STANDOFF_SETTLE,STANDOFF_SETTLE,976,2,1788429882443.653,66.583,timestamp_domain.system_time,27016140.000,62.000,1,27016140.000,27016156.000,16.000,16.000,27016156.000,16.000,1,1,pnp_visible_ransac,9,1.207,-3.9021,0.191903,3.411200,3.2199
2026-09-03T19:04:42.554,423,STANDOFF_SETTLE,STANDOFF_SETTLE,978,2,1788429882510.650,66.997,timestamp_domain.system_time,27016203.000,63.000,1,27016203.000,27016218.000,15.000,15.000,27016218.000,15.000,1,1,pnp_visible_ransac,9,1.345,-3.8572,0.193507,3.412898,3.2451
2026-09-03T19:04:42.614,424,STANDOFF_SETTLE,STANDOFF_SETTLE,980,2,1788429882577.025,66.375,timestamp_domain.system_time,27016250.000,47.000,1,27016265.000,27016281.000,16.000,31.000,27016281.000,31.000,1,1,pnp_visible_ransac,9,1.251,-5.5273,0.209983,3.468175,3.4648
2026-09-03T19:04:42.678,425,STANDOFF_SETTLE,STANDOFF_SETTLE,982,2,1788429882643.798,66.773,timestamp_domain.system_time,27016312.000,62.000,1,27016328.000,27016343.000,15.000,31.000,27016343.000,31.000,1,1,pnp_visible_ransac,9,1.352,-3.8847,0.190532,3.403514,3.2041
2026-09-03T19:04:42.740,426,STANDOFF_SETTLE,STANDOFF_SETTLE,984,2,1788429882710.527,66.729,timestamp_domain.system_time,27016375.000,63.000,1,27016390.000,27016406.000,16.000,31.000,27016406.000,31.000,1,1,pnp_visible_ransac,9,1.854,-4.9397,0.202565,3.434786,3.3751
2026-09-03T19:04:42.802,427,STANDOFF_SETTLE,STANDOFF_SETTLE,986,2,1788429882777.265,66.738,timestamp_domain.system_time,27016437.000,62.000,1,27016453.000,27016468.000,15.000,31.000,27016468.000,31.000,1,1,pnp_visible_ransac,9,0.818,-5.6248,0.202633,3.469817,3.3422
2026-09-03T19:04:42.864,428,STANDOFF_SETTLE,STANDOFF_SETTLE,987,1,1788429882810.688,33.423,timestamp_domain.system_time,27016500.000,63.000,1,27016515.000,27016515.000,0.000,15.000,27016531.000,31.000,1,1,pnp_visible_ransac,9,1.357,-5.6507,0.210087,3.491704,3.4432
2026-09-03T19:04:42.927,429,STANDOFF_SETTLE,STANDOFF_SETTLE,989,2,1788429882877.424,66.736,timestamp_domain.system_time,27016562.000,62.000,1,27016578.000,27016578.000,0.000,16.000,27016593.000,31.000,1,1,pnp_visible_ransac,9,0.950,-5.6358,0.200491,3.453501,3.3225
2026-09-03T19:04:43.046,430,STANDOFF_SETTLE,STANDOFF_SETTLE,990,1,1788429882911.041,33.616,timestamp_domain.system_time,27016687.000,125.000,1,27016687.000,27016703.000,16.000,16.000,27016703.000,16.000,1,1,pnp_visible_ransac,9,1.358,-4.7973,0.198887,3.429669,3.3189
2026-09-03T19:04:43.106,431,STANDOFF_SETTLE,STANDOFF_SETTLE,995,5,1788429883077.320,166.279,timestamp_domain.system_time,27016750.000,63.000,1,27016750.000,27016765.000,15.000,15.000,27016765.000,15.000,1,1,pnp_visible_ransac,9,1.435,-3.6372,0.188900,3.394190,3.1855
2026-09-03T19:04:43.167,432,STANDOFF_SETTLE,STANDOFF_SETTLE,997,2,1788429883144.164,66.844,timestamp_domain.system_time,27016812.000,62.000,1,27016812.000,27016828.000,16.000,16.000,27016828.000,16.000,1,1,pnp_visible_ransac,9,1.138,-4.6609,0.191910,3.421324,3.2105
2026-09-03T19:04:43.230,433,STANDOFF_SETTLE,STANDOFF_SETTLE,998,1,1788429883177.602,33.438,timestamp_domain.system_time,27016875.000,63.000,1,27016875.000,27016890.000,15.000,15.000,27016890.000,15.000,1,1,pnp_visible_ransac,9,1.132,-4.5632,0.197625,3.430390,3.2972
2026-09-03T19:04:43.290,434,STANDOFF_SETTLE,STANDOFF_SETTLE,1000,2,1788429883244.192,66.590,timestamp_domain.system_time,27016937.000,62.000,1,27016937.000,27016953.000,16.000,16.000,27016953.000,16.000,1,1,pnp_visible_ransac,9,1.087,-5.2244,0.201514,3.444935,3.3477
2026-09-03T19:04:43.366,435,STANDOFF_SETTLE,STANDOFF_SETTLE,1002,2,1788429883310.861,66.669,timestamp_domain.system_time,27017000.000,63.000,1,27017000.000,27017031.000,31.000,31.000,27017031.000,31.000,1,1,pnp_visible_ransac,9,1.730,-4.3857,0.198445,3.412583,3.3281
2026-09-03T19:04:43.460,436,STANDOFF_SETTLE,STANDOFF_SETTLE,1005,3,1788429883410.948,100.088,timestamp_domain.system_time,27017093.000,93.000,1,27017093.000,27017125.000,32.000,32.000,27017125.000,32.000,1,1,pnp_visible_ransac,9,1.707,-5.5336,0.207080,3.439982,3.4449
2026-09-03T19:04:43.541,437,STANDOFF_SETTLE,STANDOFF_SETTLE,1008,3,1788429883511.069,100.121,timestamp_domain.system_time,27017187.000,94.000,1,27017187.000,27017203.000,16.000,16.000,27017203.000,16.000,1,1,pnp_visible_ransac,9,1.142,-4.7879,0.199258,3.449874,3.3056
2026-09-03T19:04:43.610,438,STANDOFF_SETTLE,STANDOFF_SETTLE,1010,2,1788429883577.971,66.902,timestamp_domain.system_time,27017250.000,63.000,1,27017250.000,27017265.000,15.000,15.000,27017265.000,15.000,1,1,pnp_visible_ransac,9,1.455,-4.3024,0.197385,3.414550,3.3084
2026-09-03T19:04:43.675,439,STANDOFF_SETTLE,STANDOFF_SETTLE,1012,2,1788429883644.494,66.523,timestamp_domain.system_time,27017312.000,62.000,1,27017328.000,27017328.000,0.000,16.000,27017328.000,16.000,1,1,pnp_visible_ransac,9,1.321,-5.4426,0.209640,3.470346,3.4570
2026-09-03T19:04:43.738,440,STANDOFF_SETTLE,STANDOFF_SETTLE,1014,2,1788429883711.111,66.617,timestamp_domain.system_time,27017375.000,63.000,1,27017390.000,27017390.000,0.000,15.000,27017390.000,15.000,1,1,pnp_visible_ransac,9,1.437,-4.6180,0.198760,3.419406,3.3267
2026-09-03T19:04:43.801,441,STANDOFF_SETTLE,STANDOFF_SETTLE,1016,2,1788429883777.896,66.786,timestamp_domain.system_time,27017437.000,62.000,1,27017453.000,27017453.000,0.000,16.000,27017453.000,16.000,1,1,pnp_visible_ransac,9,1.743,-4.2053,0.198539,3.412505,3.3297
2026-09-03T19:04:43.863,442,STANDOFF_SETTLE,STANDOFF_SETTLE,1017,1,1788429883811.376,33.480,timestamp_domain.system_time,27017500.000,63.000,1,27017515.000,27017515.000,0.000,15.000,27017515.000,15.000,1,1,pnp_visible_ransac,9,0.928,-5.3900,0.201596,3.443950,3.3501
2026-09-03T19:04:43.925,443,STANDOFF_SETTLE,STANDOFF_SETTLE,1019,2,1788429883878.186,66.810,timestamp_domain.system_time,27017562.000,62.000,1,27017578.000,27017578.000,0.000,16.000,27017578.000,16.000,1,1,pnp_visible_ransac,9,1.297,-5.4027,0.206977,3.449797,3.4334
2026-09-03T19:04:44.043,444,STANDOFF_SETTLE,STANDOFF_SETTLE,1022,3,1788429883978.082,99.896,timestamp_domain.system_time,27017687.000,125.000,1,27017687.000,27017703.000,16.000,16.000,27017703.000,16.000,1,1,pnp_visible_ransac,9,1.587,-4.4574,0.199793,3.420386,3.3430
2026-09-03T19:04:44.111,445,STANDOFF_SETTLE,STANDOFF_SETTLE,1025,3,1788429884078.064,99.982,timestamp_domain.system_time,27017750.000,63.000,1,27017765.000,27017765.000,0.000,15.000,27017765.000,15.000,1,1,pnp_visible_ransac,9,1.559,-4.8875,0.207557,3.441012,3.4518
2026-09-03T19:04:44.175,446,STANDOFF_SETTLE,STANDOFF_SETTLE,1027,2,1788429884144.848,66.784,timestamp_domain.system_time,27017812.000,62.000,1,27017828.000,27017828.000,0.000,16.000,27017828.000,16.000,1,1,pnp_visible_ransac,9,1.400,-5.0989,0.199960,3.426235,3.3401
2026-09-03T19:04:44.241,447,STANDOFF_SETTLE,STANDOFF_SETTLE,1029,2,1788429884211.593,66.745,timestamp_domain.system_time,27017890.000,78.000,1,27017890.000,27017906.000,16.000,16.000,27017906.000,16.000,1,1,pnp_visible_ransac,9,1.162,-5.4361,0.202623,3.445603,3.3655
2026-09-03T19:04:44.303,448,STANDOFF_SETTLE,STANDOFF_SETTLE,1031,2,1788429884278.323,66.729,timestamp_domain.system_time,27017937.000,47.000,1,27017953.000,27017968.000,15.000,31.000,27017968.000,31.000,1,1,pnp_visible_ransac,9,1.122,-4.3911,0.197721,3.432815,3.2964
2026-09-03T19:04:44.365,449,STANDOFF_SETTLE,STANDOFF_SETTLE,1032,1,1788429884311.620,33.297,timestamp_domain.system_time,27018015.000,78.000,1,27018015.000,27018031.000,16.000,16.000,27018031.000,16.000,1,1,pnp_visible_ransac,9,1.769,-4.9989,0.203552,3.445325,3.3811
2026-09-03T19:04:44.429,450,STANDOFF_SETTLE,STANDOFF_SETTLE,1034,2,1788429884378.338,66.718,timestamp_domain.system_time,27018078.000,63.000,1,27018078.000,27018093.000,15.000,15.000,27018093.000,15.000,1,1,pnp_visible_ransac,9,1.587,-4.8889,0.203084,3.432512,3.3860
2026-09-03T19:04:44.494,451,STANDOFF_SETTLE,STANDOFF_SETTLE,1036,2,1788429884445.110,66.772,timestamp_domain.system_time,27018140.000,62.000,1,27018140.000,27018156.000,16.000,16.000,27018156.000,16.000,1,1,pnp_visible_ransac,9,1.390,-4.2776,0.194514,3.415445,3.2595
2026-09-03T19:04:44.556,452,STANDOFF_SETTLE,STANDOFF_SETTLE,1038,2,1788429884512.014,66.904,timestamp_domain.system_time,27018203.000,63.000,1,27018203.000,27018218.000,15.000,15.000,27018218.000,15.000,1,1,pnp_visible_ransac,9,1.379,-4.7591,0.200561,3.426770,3.3496
2026-09-03T19:04:44.619,453,STANDOFF_SETTLE,STANDOFF_SETTLE,1040,2,1788429884578.457,66.443,timestamp_domain.system_time,27018265.000,62.000,1,27018265.000,27018281.000,16.000,16.000,27018281.000,16.000,1,1,pnp_visible_ransac,9,1.931,-4.2898,0.200978,3.439126,3.3445
2026-09-03T19:04:44.681,454,STANDOFF_SETTLE,STANDOFF_SETTLE,1042,2,1788429884645.255,66.798,timestamp_domain.system_time,27018328.000,63.000,1,27018328.000,27018343.000,15.000,15.000,27018343.000,15.000,1,1,pnp_visible_ransac,9,1.047,-5.5959,0.205500,3.448503,3.4103
2026-09-03T19:04:44.747,455,STANDOFF_SETTLE,STANDOFF_SETTLE,1044,2,1788429884711.982,66.727,timestamp_domain.system_time,27018390.000,62.000,1,27018390.000,27018406.000,16.000,16.000,27018406.000,16.000,1,1,pnp_visible_ransac,9,1.579,-5.1409,0.200657,3.433978,3.3441
2026-09-03T19:04:44.838,456,STANDOFF_SETTLE,STANDOFF_SETTLE,1046,2,1788429884778.625,66.643,timestamp_domain.system_time,27018468.000,78.000,1,27018468.000,27018500.000,32.000,32.000,27018500.000,32.000,1,1,pnp_visible_ransac,9,1.093,-5.1036,0.200310,3.442721,3.3299
2026-09-03T19:04:44.925,457,STANDOFF_SETTLE,STANDOFF_SETTLE,1049,3,1788429884879.689,101.064,timestamp_domain.system_time,27018562.000,94.000,1,27018562.000,27018578.000,16.000,16.000,27018578.000,16.000,1,1,pnp_visible_ransac,9,1.747,-4.4139,0.197454,3.407993,3.3159
2026-09-03T19:04:44.992,458,STANDOFF_SETTLE,STANDOFF_SETTLE,1050,1,1788429884911.983,32.294,timestamp_domain.system_time,27018640.000,78.000,1,27018640.000,27018656.000,16.000,16.000,27018656.000,16.000,1,1,pnp_visible_ransac,9,1.182,-4.5849,0.195969,3.446790,3.2541
2026-09-03T19:04:45.068,459,STANDOFF_SETTLE,STANDOFF_SETTLE,1053,3,1788429885012.913,100.929,timestamp_domain.system_time,27018703.000,63.000,1,27018718.000,27018734.000,16.000,31.000,27018734.000,31.000,1,1,pnp_visible_ransac,9,1.731,-5.3088,0.211567,3.468540,3.4905
2026-09-03T19:04:45.137,460,STANDOFF_SETTLE,STANDOFF_SETTLE,1056,3,1788429885112.210,99.297,timestamp_domain.system_time,27018781.000,78.000,1,27018781.000,27018796.000,15.000,15.000,27018796.000,15.000,1,1,pnp_visible_ransac,9,1.814,-5.6914,0.216379,3.485111,3.5528
2026-09-03T19:04:45.201,461,STANDOFF_SETTLE,STANDOFF_SETTLE,1058,2,1788429885178.974,66.764,timestamp_domain.system_time,27018843.000,62.000,1,27018843.000,27018859.000,16.000,16.000,27018859.000,16.000,1,1,pnp_visible_ransac,9,1.296,-4.6884,0.204956,3.466405,3.3838
2026-09-03T19:04:45.263,462,STANDOFF_SETTLE,STANDOFF_SETTLE,1059,1,1788429885212.241,33.268,timestamp_domain.system_time,27018906.000,63.000,1,27018906.000,27018921.000,15.000,15.000,27018921.000,15.000,1,1,pnp_visible_ransac,9,1.599,-4.6975,0.201638,3.427901,3.3664
2026-09-03T19:04:45.326,463,STANDOFF_SETTLE,STANDOFF_SETTLE,1061,2,1788429885278.895,66.654,timestamp_domain.system_time,27018968.000,62.000,1,27018968.000,27018984.000,16.000,16.000,27018984.000,16.000,1,1,pnp_visible_ransac,9,1.240,-4.9295,0.202773,3.437492,3.3759
2026-09-03T19:04:45.391,464,STANDOFF_SETTLE,STANDOFF_SETTLE,1063,2,1788429885346.122,67.227,timestamp_domain.system_time,27019031.000,63.000,1,27019031.000,27019046.000,15.000,15.000,27019046.000,15.000,1,1,pnp_visible_ransac,9,1.572,-4.6112,0.198132,3.410064,3.3253
2026-09-03T19:04:45.451,465,STANDOFF_SETTLE,STANDOFF_SETTLE,1065,2,1788429885412.451,66.329,timestamp_domain.system_time,27019093.000,62.000,1,27019093.000,27019109.000,16.000,16.000,27019109.000,16.000,1,1,pnp_visible_ransac,9,1.582,-4.7832,0.201220,3.428656,3.3587
2026-09-03T19:04:45.512,466,STANDOFF_SETTLE,STANDOFF_SETTLE,1067,2,1788429885479.230,66.779,timestamp_domain.system_time,27019156.000,63.000,1,27019156.000,27019171.000,15.000,15.000,27019171.000,15.000,1,1,pnp_visible_ransac,9,1.202,-4.4550,0.196125,3.427365,3.2751
2026-09-03T19:04:45.584,467,STANDOFF_SETTLE,STANDOFF_SETTLE,1069,2,1788429885545.700,66.470,timestamp_domain.system_time,27019218.000,62.000,1,27019218.000,27019234.000,16.000,16.000,27019250.000,32.000,1,1,pnp_visible_ransac,9,1.584,-4.8008,0.201278,3.434830,3.3536
2026-09-03T19:04:45.677,468,STANDOFF_SETTLE,STANDOFF_SETTLE,1072,3,1788429885645.745,100.045,timestamp_domain.system_time,27019312.000,94.000,1,27019312.000,27019328.000,16.000,16.000,27019343.000,31.000,1,1,pnp_visible_ransac,9,1.188,-5.5264,0.205855,3.469350,3.3957
2026-09-03T19:04:45.753,469,STANDOFF_SETTLE,STANDOFF_SETTLE,1074,2,1788429885712.662,66.917,timestamp_domain.system_time,27019390.000,78.000,1,27019390.000,27019406.000,16.000,16.000,27019406.000,16.000,1,1,pnp_visible_ransac,9,1.478,-4.1055,0.197990,3.430328,3.3033
2026-09-03T19:04:45.821,470,STANDOFF_SETTLE,STANDOFF_SETTLE,1076,2,1788429885779.410,66.748,timestamp_domain.system_time,27019468.000,78.000,1,27019468.000,27019484.000,16.000,16.000,27019484.000,16.000,1,1,pnp_visible_ransac,9,1.116,-4.9250,0.199005,3.433927,3.3167
2026-09-03T19:04:45.884,471,STANDOFF_SETTLE,STANDOFF_SETTLE,1078,2,1788429885846.096,66.686,timestamp_domain.system_time,27019531.000,63.000,1,27019531.000,27019546.000,15.000,15.000,27019546.000,15.000,1,1,pnp_visible_ransac,9,1.409,-4.9090,0.204544,3.458862,3.3843
2026-09-03T19:04:45.947,472,STANDOFF_SETTLE,STANDOFF_SETTLE,1080,2,1788429885912.846,66.751,timestamp_domain.system_time,27019593.000,62.000,1,27019593.000,27019609.000,16.000,16.000,27019609.000,16.000,1,1,pnp_visible_ransac,9,1.239,-4.8180,0.195808,3.428532,3.2687
2026-09-03T19:04:46.080,473,STANDOFF_SETTLE,STANDOFF_SETTLE,1083,3,1788429886013.283,100.436,timestamp_domain.system_time,27019718.000,125.000,1,27019718.000,27019734.000,16.000,16.000,27019734.000,16.000,1,1,pnp_visible_ransac,9,1.395,-5.0268,0.205306,3.459543,3.3962
2026-09-03T19:04:46.143,474,STANDOFF_SETTLE,STANDOFF_SETTLE,1086,3,1788429886112.774,99.491,timestamp_domain.system_time,27019781.000,63.000,1,27019796.000,27019796.000,0.000,15.000,27019796.000,15.000,1,1,pnp_visible_ransac,9,1.432,-5.0769,0.208057,3.475441,3.4259
2026-09-03T19:04:46.206,475,STANDOFF_SETTLE,STANDOFF_SETTLE,1088,2,1788429886179.626,66.852,timestamp_domain.system_time,27019843.000,62.000,1,27019843.000,27019859.000,16.000,16.000,27019859.000,16.000,1,1,pnp_visible_ransac,9,1.399,-4.6868,0.203293,3.452976,3.3694
2026-09-03T19:04:46.287,476,STANDOFF_SETTLE,STANDOFF_SETTLE,1090,2,1788429886246.451,66.825,timestamp_domain.system_time,27019921.000,78.000,1,27019921.000,27019953.000,32.000,32.000,27019953.000,32.000,1,1,pnp_visible_ransac,9,1.448,-5.0256,0.201960,3.430613,3.3691
2026-09-03T19:04:46.349,477,STANDOFF_SETTLE,STANDOFF_SETTLE,1092,2,1788429886313.080,66.629,timestamp_domain.system_time,27019984.000,63.000,1,27020000.000,27020015.000,15.000,31.000,27020015.000,31.000,1,1,pnp_visible_ransac,9,1.034,-5.2707,0.200991,3.434130,3.3496
2026-09-03T19:04:46.410,478,STANDOFF_SETTLE,STANDOFF_SETTLE,1094,2,1788429886379.835,66.755,timestamp_domain.system_time,27020046.000,62.000,1,27020062.000,27020062.000,0.000,16.000,27020062.000,16.000,1,1,pnp_visible_ransac,9,1.625,-4.6293,0.200752,3.434979,3.3448
2026-09-03T19:04:46.472,479,STANDOFF_SETTLE,STANDOFF_SETTLE,1096,2,1788429886446.465,66.630,timestamp_domain.system_time,27020109.000,63.000,1,27020125.000,27020125.000,0.000,16.000,27020125.000,16.000,1,1,pnp_visible_ransac,9,1.531,-4.3759,0.198978,3.423214,3.3266
2026-09-03T19:04:46.534,480,STANDOFF_SETTLE,STANDOFF_SETTLE,1098,2,1788429886513.219,66.754,timestamp_domain.system_time,27020171.000,62.000,1,27020187.000,27020187.000,0.000,16.000,27020187.000,16.000,1,1,pnp_visible_ransac,9,1.951,-5.1373,0.206319,3.437507,3.4348
2026-09-03T19:04:46.598,481,STANDOFF_SETTLE,STANDOFF_SETTLE,1099,1,1788429886546.506,33.286,timestamp_domain.system_time,27020234.000,63.000,1,27020250.000,27020250.000,0.000,16.000,27020250.000,16.000,1,1,pnp_visible_ransac,9,1.303,-5.2603,0.211172,3.487319,3.4653
2026-09-03T19:04:46.660,482,STANDOFF_SETTLE,STANDOFF_SETTLE,1101,2,1788429886613.149,66.644,timestamp_domain.system_time,27020296.000,62.000,1,27020312.000,27020312.000,0.000,16.000,27020312.000,16.000,1,1,pnp_visible_ransac,9,1.246,-4.6119,0.199321,3.438803,3.3173
2026-09-03T19:04:46.721,483,STANDOFF_SETTLE,STANDOFF_SETTLE,1103,2,1788429886680.123,66.974,timestamp_domain.system_time,27020359.000,63.000,1,27020359.000,27020375.000,16.000,16.000,27020375.000,16.000,1,1,pnp_visible_ransac,9,1.681,-4.6240,0.200789,3.432742,3.3475
2026-09-03T19:04:46.784,484,STANDOFF_SETTLE,STANDOFF_SETTLE,1105,2,1788429886746.758,66.635,timestamp_domain.system_time,27020421.000,62.000,1,27020421.000,27020437.000,16.000,16.000,27020437.000,16.000,1,1,pnp_visible_ransac,9,1.612,-4.8417,0.201570,3.423922,3.3692
2026-09-03T19:04:46.846,485,STANDOFF_SETTLE,STANDOFF_SETTLE,1107,2,1788429886813.367,66.609,timestamp_domain.system_time,27020484.000,63.000,1,27020484.000,27020500.000,16.000,16.000,27020500.000,16.000,1,1,pnp_visible_ransac,9,1.275,-4.8007,0.199818,3.447617,3.3170
2026-09-03T19:04:46.908,486,STANDOFF_SETTLE,STANDOFF_SETTLE,1109,2,1788429886880.304,66.937,timestamp_domain.system_time,27020546.000,62.000,1,27020546.000,27020562.000,16.000,16.000,27020562.000,16.000,1,1,pnp_visible_ransac,9,1.398,-4.7124,0.200028,3.424403,3.3430
2026-09-03T19:04:46.970,487,STANDOFF_SETTLE,STANDOFF_SETTLE,1110,1,1788429886913.645,33.341,timestamp_domain.system_time,27020609.000,63.000,1,27020609.000,27020625.000,16.000,16.000,27020625.000,16.000,1,1,pnp_visible_ransac,9,1.148,-4.5956,0.196263,3.424730,3.2799
2026-09-03T19:04:47.075,488,STANDOFF_SETTLE,STANDOFF_SETTLE,1113,3,1788429887013.359,99.714,timestamp_domain.system_time,27020718.000,109.000,1,27020718.000,27020734.000,16.000,16.000,27020734.000,16.000,1,1,pnp_visible_ransac,9,1.476,-5.0067,0.198489,3.411096,3.3302
2026-09-03T19:04:47.136,489,STANDOFF_SETTLE,STANDOFF_SETTLE,1116,3,1788429887113.495,100.136,timestamp_domain.system_time,27020781.000,63.000,1,27020781.000,27020796.000,15.000,15.000,27020796.000,15.000,1,1,pnp_visible_ransac,9,1.733,-3.7789,0.191754,3.396985,3.2308
2026-09-03T19:04:47.201,490,STANDOFF_SETTLE,STANDOFF_SETTLE,1117,1,1788429887146.690,33.195,timestamp_domain.system_time,27020843.000,62.000,1,27020843.000,27020859.000,16.000,16.000,27020859.000,16.000,1,1,pnp_visible_ransac,9,1.370,-4.2875,0.198683,3.427376,3.3177
2026-09-03T19:04:47.265,491,STANDOFF_SETTLE,STANDOFF_SETTLE,1119,2,1788429887214.233,67.542,timestamp_domain.system_time,27020906.000,63.000,1,27020906.000,27020921.000,15.000,15.000,27020921.000,15.000,1,1,pnp_visible_ransac,9,1.397,-4.3233,0.196506,3.427239,3.2816
2026-09-03T19:04:47.332,492,STANDOFF_SETTLE,STANDOFF_SETTLE,1121,2,1788429887280.379,66.146,timestamp_domain.system_time,27020968.000,62.000,1,27020968.000,27020984.000,16.000,16.000,27020984.000,16.000,1,1,pnp_visible_ransac,9,1.416,-5.1745,0.205082,3.455650,3.3963
2026-09-03T19:04:47.398,493,STANDOFF_SETTLE,STANDOFF_SETTLE,1123,2,1788429887347.189,66.810,timestamp_domain.system_time,27021046.000,78.000,1,27021046.000,27021062.000,16.000,16.000,27021062.000,16.000,1,1,pnp_visible_ransac,9,1.761,-4.8824,0.205666,3.444377,3.4171
2026-09-03T19:04:47.456,494,STANDOFF_SETTLE,STANDOFF_SETTLE,1125,2,1788429887413.744,66.555,timestamp_domain.system_time,27021093.000,47.000,1,27021109.000,27021109.000,0.000,16.000,27021109.000,16.000,1,1,pnp_visible_ransac,9,1.521,-4.1932,0.194979,3.424322,3.2589
2026-09-03T19:04:47.518,495,STANDOFF_SETTLE,STANDOFF_SETTLE,1127,2,1788429887480.452,66.708,timestamp_domain.system_time,27021156.000,63.000,1,27021156.000,27021171.000,15.000,15.000,27021171.000,15.000,1,1,pnp_visible_ransac,9,1.232,-5.1496,0.203719,3.458781,3.3708
2026-09-03T19:04:47.583,496,STANDOFF_SETTLE,STANDOFF_SETTLE,1129,2,1788429887547.362,66.910,timestamp_domain.system_time,27021218.000,62.000,1,27021234.000,27021234.000,0.000,16.000,27021250.000,32.000,1,1,pnp_visible_ransac,9,1.848,-4.4434,0.197875,3.429316,3.3024
2026-09-03T19:04:47.648,497,STANDOFF_SETTLE,STANDOFF_SETTLE,1131,2,1788429887613.896,66.534,timestamp_domain.system_time,27021296.000,78.000,1,27021296.000,27021312.000,16.000,16.000,27021312.000,16.000,1,1,pnp_visible_ransac,9,1.653,-4.0947,0.192939,3.401201,3.2467
2026-09-03T19:04:47.713,498,STANDOFF_SETTLE,STANDOFF_SETTLE,1133,2,1788429887680.672,66.776,timestamp_domain.system_time,27021359.000,63.000,1,27021359.000,27021375.000,16.000,16.000,27021375.000,16.000,1,1,pnp_visible_ransac,9,1.682,-4.0172,0.195039,3.405124,3.2782
2026-09-03T19:04:47.781,499,STANDOFF_SETTLE,STANDOFF_SETTLE,1135,2,1788429887747.246,66.574,timestamp_domain.system_time,27021421.000,62.000,1,27021421.000,27021437.000,16.000,16.000,27021437.000,16.000,1,1,pnp_visible_ransac,9,1.343,-4.8359,0.200102,3.424130,3.3445
2026-09-03T19:04:47.871,500,STANDOFF_SETTLE,STANDOFF_SETTLE,1137,2,1788429887814.166,66.920,timestamp_domain.system_time,27021500.000,79.000,1,27021515.000,27021531.000,16.000,31.000,27021531.000,31.000,1,1,pnp_visible_ransac,9,1.780,-4.8979,0.204957,3.436782,3.4129
2026-09-03T19:04:47.950,501,STANDOFF_SETTLE,STANDOFF_SETTLE,1140,3,1788429887915.037,100.871,timestamp_domain.system_time,27021593.000,93.000,1,27021593.000,27021609.000,16.000,16.000,27021609.000,16.000,1,1,pnp_visible_ransac,9,1.713,-4.2678,0.198222,3.425223,3.3121
2026-09-03T19:04:48.079,502,STANDOFF_SETTLE,STANDOFF_SETTLE,1141,1,1788429887947.670,32.633,timestamp_domain.system_time,27021718.000,125.000,1,27021718.000,27021734.000,16.000,16.000,27021734.000,16.000,1,1,pnp_visible_ransac,9,1.565,-4.2776,0.194863,3.415437,3.2654
2026-09-03T19:04:48.140,503,STANDOFF_SETTLE,STANDOFF_SETTLE,1146,5,1788429888114.340,166.670,timestamp_domain.system_time,27021781.000,63.000,1,27021781.000,27021796.000,15.000,15.000,27021796.000,15.000,1,1,pnp_visible_ransac,9,1.852,-4.8821,0.202273,3.431932,3.3730
2026-09-03T19:04:48.202,504,STANDOFF_SETTLE,STANDOFF_SETTLE,1147,1,1788429888147.563,33.223,timestamp_domain.system_time,27021843.000,62.000,1,27021843.000,27021859.000,16.000,16.000,27021859.000,16.000,1,1,pnp_visible_ransac,9,0.991,-5.0228,0.198056,3.445897,3.2895
2026-09-03T19:04:48.264,505,STANDOFF_SETTLE,STANDOFF_SETTLE,1149,2,1788429888214.466,66.903,timestamp_domain.system_time,27021906.000,63.000,1,27021906.000,27021921.000,15.000,15.000,27021921.000,15.000,1,1,pnp_visible_ransac,9,1.614,-5.3023,0.206811,3.446716,3.4338
2026-09-03T19:04:48.324,506,STANDOFF_SETTLE,STANDOFF_SETTLE,1151,2,1788429888281.071,66.605,timestamp_domain.system_time,27021968.000,62.000,1,27021968.000,27021984.000,16.000,16.000,27021984.000,16.000,1,1,pnp_visible_ransac,9,1.892,-4.2628,0.198297,3.411093,3.3270
2026-09-03T19:04:48.388,507,STANDOFF_SETTLE,STANDOFF_SETTLE,1153,2,1788429888347.855,66.784,timestamp_domain.system_time,27022031.000,63.000,1,27022031.000,27022046.000,15.000,15.000,27022046.000,15.000,1,1,pnp_visible_ransac,9,1.503,-3.9143,0.194475,3.410575,3.2635
2026-09-03T19:04:48.448,508,STANDOFF_SETTLE,STANDOFF_SETTLE,1155,2,1788429888414.497,66.642,timestamp_domain.system_time,27022093.000,62.000,1,27022093.000,27022109.000,16.000,16.000,27022109.000,16.000,1,1,pnp_visible_ransac,9,1.937,-5.1609,0.208550,3.451045,3.4582
2026-09-03T19:04:48.510,509,STANDOFF_SETTLE,STANDOFF_SETTLE,1157,2,1788429888481.464,66.967,timestamp_domain.system_time,27022156.000,63.000,1,27022156.000,27022171.000,15.000,15.000,27022171.000,15.000,1,1,pnp_visible_ransac,9,1.233,-5.3499,0.203329,3.438253,3.3844
2026-09-03T19:04:48.573,510,STANDOFF_SETTLE,STANDOFF_SETTLE,1159,2,1788429888547.976,66.512,timestamp_domain.system_time,27022218.000,62.000,1,27022218.000,27022234.000,16.000,16.000,27022234.000,16.000,1,1,pnp_visible_ransac,9,1.259,-4.6204,0.200070,3.428928,3.3393
2026-09-03T19:04:48.638,511,STANDOFF_SETTLE,STANDOFF_SETTLE,1161,2,1788429888614.667,66.691,timestamp_domain.system_time,27022281.000,63.000,1,27022281.000,27022296.000,15.000,15.000,27022296.000,15.000,1,1,pnp_visible_ransac,9,1.679,-4.8387,0.205483,3.454240,3.4044
2026-09-03T19:04:48.702,512,STANDOFF_SETTLE,STANDOFF_SETTLE,1162,1,1788429888648.031,33.365,timestamp_domain.system_time,27022343.000,62.000,1,27022343.000,27022359.000,16.000,16.000,27022359.000,16.000,1,1,pnp_visible_ransac,9,1.516,-4.9487,0.204221,3.424741,3.4126
2026-09-03T19:04:48.765,513,STANDOFF_SETTLE,STANDOFF_SETTLE,1164,2,1788429888714.836,66.805,timestamp_domain.system_time,27022406.000,63.000,1,27022406.000,27022421.000,15.000,15.000,27022421.000,15.000,1,1,pnp_visible_ransac,9,1.273,-4.6642,0.197649,3.420913,3.3067
2026-09-03T19:04:48.827,514,STANDOFF_SETTLE,STANDOFF_SETTLE,1166,2,1788429888781.472,66.636,timestamp_domain.system_time,27022468.000,62.000,1,27022468.000,27022484.000,16.000,16.000,27022484.000,16.000,1,1,pnp_visible_ransac,9,1.398,-3.9409,0.192383,3.427414,3.2127
2026-09-03T19:04:48.892,515,STANDOFF_SETTLE,STANDOFF_SETTLE,1168,2,1788429888847.936,66.464,timestamp_domain.system_time,27022531.000,63.000,1,27022531.000,27022546.000,15.000,15.000,27022546.000,15.000,1,1,pnp_visible_ransac,9,1.389,-4.9471,0.203269,3.445738,3.3761
2026-09-03T19:04:48.960,516,STANDOFF_SETTLE,STANDOFF_SETTLE,1170,2,1788429888915.780,67.844,timestamp_domain.system_time,27022609.000,78.000,1,27022609.000,27022625.000,16.000,16.000,27022625.000,16.000,1,1,pnp_visible_ransac,9,1.161,-5.1386,0.207312,3.487216,3.4022
2026-09-03T19:04:49.027,517,STANDOFF_SETTLE,STANDOFF_SETTLE,1171,1,1788429888948.345,32.565,timestamp_domain.system_time,27022671.000,62.000,1,27022671.000,27022687.000,16.000,16.000,27022687.000,16.000,1,1,pnp_visible_ransac,9,1.473,-4.2012,0.197564,3.415725,3.3103
2026-09-03T19:04:49.104,518,STANDOFF_SETTLE,STANDOFF_SETTLE,1172,1,1788429888981.901,33.556,timestamp_domain.system_time,27022750.000,79.000,1,27022750.000,27022765.000,15.000,15.000,27022765.000,15.000,1,1,pnp_visible_ransac,9,1.112,-4.9731,0.199019,3.423050,3.3275
2026-09-03T19:04:49.171,519,STANDOFF_SETTLE,STANDOFF_SETTLE,1177,5,1788429889148.361,166.460,timestamp_domain.system_time,27022812.000,62.000,1,27022812.000,27022828.000,16.000,16.000,27022828.000,16.000,1,1,pnp_visible_ransac,9,1.595,-4.5871,0.202004,3.444263,3.3565
2026-09-03T19:04:49.246,520,STANDOFF_VERIFY,STANDOFF_VERIFY,1179,2,1788429889215.150,66.788,timestamp_domain.system_time,27022875.000,63.000,1,27022890.000,27022906.000,16.000,31.000,27022906.000,31.000,1,1,pnp_visible_ransac,9,1.520,-4.4349,0.200085,3.423877,3.3445
2026-09-03T19:04:49.313,521,STANDOFF_VERIFY,STANDOFF_VERIFY,1181,2,1788429889281.885,66.736,timestamp_domain.system_time,27022953.000,78.000,1,27022953.000,27022968.000,15.000,15.000,27022968.000,15.000,1,1,pnp_visible_ransac,9,1.607,-4.7447,0.199186,3.409553,3.3434
2026-09-03T19:04:49.379,522,STANDOFF_VERIFY,STANDOFF_VERIFY,1183,2,1788429889348.681,66.796,timestamp_domain.system_time,27023015.000,62.000,1,27023031.000,27023031.000,0.000,16.000,27023031.000,16.000,1,1,pnp_visible_ransac,9,1.192,-3.9873,0.194991,3.436523,3.2475
2026-09-03T19:04:49.442,523,STANDOFF_VERIFY,STANDOFF_VERIFY,1185,2,1788429889415.212,66.531,timestamp_domain.system_time,27023078.000,63.000,1,27023093.000,27023093.000,0.000,15.000,27023109.000,31.000,1,1,pnp_visible_ransac,9,1.911,-4.4486,0.201616,3.436124,3.3580
2026-09-03T19:04:49.506,524,STANDOFF_VERIFY,STANDOFF_VERIFY,1187,2,1788429889482.103,66.890,timestamp_domain.system_time,27023156.000,78.000,1,27023156.000,27023171.000,15.000,15.000,27023171.000,15.000,1,1,pnp_visible_ransac,9,1.503,-4.0909,0.194474,3.400549,3.2731
2026-09-03T19:04:49.568,525,STANDOFF_VERIFY,STANDOFF_VERIFY,1188,1,1788429889515.332,33.229,timestamp_domain.system_time,27023203.000,47.000,1,27023218.000,27023218.000,0.000,15.000,27023234.000,31.000,1,1,pnp_visible_ransac,9,1.862,-4.4096,0.200343,3.414234,3.3582
2026-09-03T19:04:49.629,526,STANDOFF_VERIFY,STANDOFF_VERIFY,1190,2,1788429889581.916,66.584,timestamp_domain.system_time,27023265.000,62.000,1,27023281.000,27023281.000,0.000,16.000,27023281.000,16.000,1,1,pnp_visible_ransac,9,1.961,-4.6737,0.206298,3.446037,3.4259
2026-09-03T19:04:49.692,527,STANDOFF_VERIFY,STANDOFF_VERIFY,1192,2,1788429889648.976,67.060,timestamp_domain.system_time,27023328.000,63.000,1,27023343.000,27023343.000,0.000,15.000,27023359.000,31.000,1,1,pnp_visible_ransac,9,1.387,-3.3656,0.192568,3.423770,3.2192
2026-09-03T19:04:49.755,528,STANDOFF_VERIFY,STANDOFF_VERIFY,1194,2,1788429889715.375,66.400,timestamp_domain.system_time,27023390.000,62.000,1,27023406.000,27023406.000,0.000,16.000,27023421.000,31.000,1,1,pnp_visible_ransac,9,1.404,-4.1052,0.198157,3.421449,3.3146
2026-09-03T19:04:49.818,529,STANDOFF_VERIFY,STANDOFF_VERIFY,1196,2,1788429889782.274,66.898,timestamp_domain.system_time,27023453.000,63.000,1,27023468.000,27023468.000,0.000,15.000,27023484.000,31.000,1,1,pnp_visible_ransac,9,1.911,-4.8684,0.203060,3.440861,3.3774
2026-09-03T19:04:49.879,530,STANDOFF_VERIFY,STANDOFF_VERIFY,1198,2,1788429889848.896,66.622,timestamp_domain.system_time,27023515.000,62.000,1,27023531.000,27023531.000,0.000,16.000,27023531.000,16.000,1,1,pnp_visible_ransac,9,1.841,-4.5737,0.205048,3.438608,3.4126
2026-09-03T19:04:49.942,531,STANDOFF_VERIFY,STANDOFF_VERIFY,1200,2,1788429889915.657,66.761,timestamp_domain.system_time,27023578.000,63.000,1,27023593.000,27023593.000,0.000,15.000,27023593.000,15.000,1,1,pnp_visible_ransac,9,1.754,-4.6834,0.203045,3.430429,3.3873
2026-09-03T19:04:50.019,532,STANDOFF_VERIFY,STANDOFF_VERIFY,1201,1,1788429889948.636,32.979,timestamp_domain.system_time,27023656.000,78.000,1,27023656.000,27023671.000,15.000,15.000,27023671.000,15.000,1,1,pnp_visible_ransac,9,1.510,-5.2374,0.206551,3.442046,3.4341
2026-09-03T19:04:50.110,533,STANDOFF_VERIFY,STANDOFF_VERIFY,1205,4,1788429890082.121,133.486,timestamp_domain.system_time,27023750.000,94.000,1,27023750.000,27023765.000,15.000,15.000,27023765.000,15.000,1,1,pnp_visible_ransac,9,1.280,-4.5599,0.197394,3.408020,3.3149
2026-09-03T19:04:50.182,534,STANDOFF_VERIFY,STANDOFF_VERIFY,1207,2,1788429890149.259,67.138,timestamp_domain.system_time,27023828.000,78.000,1,27023828.000,27023843.000,15.000,15.000,27023843.000,15.000,1,1,pnp_visible_ransac,9,1.499,-4.4862,0.194573,3.408163,3.2675
2026-09-03T19:04:50.260,535,STANDOFF_VERIFY,STANDOFF_VERIFY,1209,2,1788429890215.875,66.615,timestamp_domain.system_time,27023906.000,78.000,1,27023906.000,27023921.000,15.000,15.000,27023921.000,15.000,1,1,pnp_visible_ransac,9,1.732,-3.9688,0.192974,3.409450,3.2395
2026-09-03T19:04:50.330,536,STANDOFF_VERIFY,STANDOFF_VERIFY,1211,2,1788429890282.534,66.659,timestamp_domain.system_time,27023968.000,62.000,1,27023968.000,27023984.000,16.000,16.000,27023984.000,16.000,1,1,pnp_visible_ransac,9,1.735,-5.0591,0.205735,3.436455,3.4261
2026-09-03T19:04:50.399,537,STANDOFF_VERIFY,STANDOFF_VERIFY,1213,2,1788429890349.596,67.062,timestamp_domain.system_time,27024046.000,78.000,1,27024046.000,27024062.000,16.000,16.000,27024062.000,16.000,1,1,pnp_visible_ransac,9,1.143,-4.6010,0.195924,3.406139,3.2921
2026-09-03T19:04:50.465,538,STANDOFF_VERIFY,STANDOFF_VERIFY,1215,2,1788429890415.976,66.380,timestamp_domain.system_time,27024109.000,63.000,1,27024109.000,27024125.000,16.000,16.000,27024125.000,16.000,1,1,pnp_visible_ransac,9,1.743,-4.6278,0.200780,3.422923,3.3570
2026-09-03T19:04:50.532,539,STANDOFF_VERIFY,STANDOFF_VERIFY,1217,2,1788429890482.865,66.889,timestamp_domain.system_time,27024171.000,62.000,1,27024171.000,27024187.000,16.000,16.000,27024187.000,16.000,1,1,pnp_visible_ransac,9,1.358,-4.6063,0.198582,3.431033,3.3125
2026-09-03T19:04:50.597,540,STANDOFF_VERIFY,STANDOFF_VERIFY,1219,2,1788429890549.925,67.060,timestamp_domain.system_time,27024234.000,63.000,1,27024250.000,27024250.000,0.000,16.000,27024250.000,16.000,1,1,pnp_visible_ransac,9,1.257,-4.8572,0.203472,3.453453,3.3719
2026-09-03T19:04:50.661,541,STANDOFF_VERIFY,STANDOFF_VERIFY,1221,2,1788429890616.278,66.353,timestamp_domain.system_time,27024296.000,62.000,1,27024312.000,27024312.000,0.000,16.000,27024328.000,32.000,1,1,pnp_visible_ransac,9,1.011,-4.9327,0.198055,3.439974,3.2951
2026-09-03T19:04:50.724,542,STANDOFF_VERIFY,STANDOFF_VERIFY,1223,2,1788429890682.847,66.569,timestamp_domain.system_time,27024359.000,63.000,1,27024375.000,27024375.000,0.000,16.000,27024390.000,31.000,1,1,pnp_visible_ransac,9,1.327,-4.4274,0.198039,3.419176,3.3149
2026-09-03T19:04:50.788,543,STANDOFF_VERIFY,STANDOFF_VERIFY,1225,2,1788429890749.465,66.618,timestamp_domain.system_time,27024437.000,78.000,1,27024437.000,27024453.000,16.000,16.000,27024453.000,16.000,1,1,pnp_visible_ransac,9,1.382,-4.4518,0.195890,3.413628,3.2843
2026-09-03T19:04:50.851,544,STANDOFF_VERIFY,STANDOFF_VERIFY,1227,2,1788429890816.358,66.894,timestamp_domain.system_time,27024500.000,63.000,1,27024500.000,27024515.000,15.000,15.000,27024515.000,15.000,1,1,pnp_visible_ransac,9,1.574,-4.4167,0.197597,3.411005,3.3154
2026-09-03T19:04:50.915,545,STANDOFF_VERIFY,STANDOFF_VERIFY,1229,2,1788429890883.034,66.676,timestamp_domain.system_time,27024562.000,62.000,1,27024562.000,27024578.000,16.000,16.000,27024578.000,16.000,1,1,pnp_visible_ransac,9,1.915,-4.2127,0.195369,3.411968,3.2772
2026-09-03T19:04:50.978,546,STANDOFF_VERIFY,STANDOFF_VERIFY,1231,2,1788429890950.399,67.365,timestamp_domain.system_time,27024625.000,63.000,1,27024625.000,27024640.000,15.000,15.000,27024640.000,15.000,1,1,pnp_visible_ransac,9,1.322,-5.0861,0.201009,3.446689,3.3377
2026-09-03T19:04:51.109,547,STANDOFF_VERIFY,STANDOFF_VERIFY,1232,1,1788429890983.260,32.861,timestamp_domain.system_time,27024750.000,125.000,1,27024750.000,27024765.000,15.000,15.000,27024765.000,15.000,1,1,pnp_visible_ransac,9,1.370,-5.0419,0.201052,3.440038,3.3448
2026-09-03T19:04:51.170,548,STANDOFF_MOVE,STANDOFF_MOVE,1237,5,1788429891149.888,166.627,timestamp_domain.system_time,27024812.000,62.000,1,27024812.000,27024828.000,16.000,16.000,27024828.000,16.000,1,1,pnp_visible_ransac,9,1.640,-4.6083,0.201665,3.440148,3.3549
2026-09-03T19:04:51.233,549,STANDOFF_MOVE,STANDOFF_MOVE,1238,1,1788429891182.990,33.102,timestamp_domain.system_time,27024875.000,63.000,1,27024875.000,27024890.000,15.000,15.000,27024890.000,15.000,1,1,pnp_visible_ransac,9,1.279,-4.9052,0.197792,3.408258,3.3213
2026-09-03T19:04:51.295,550,STANDOFF_MOVE,STANDOFF_MOVE,1240,2,1788429891249.732,66.742,timestamp_domain.system_time,27024937.000,62.000,1,27024937.000,27024953.000,16.000,16.000,27024953.000,16.000,1,1,pnp_visible_ransac,9,1.723,-4.4110,0.197634,3.426166,3.3014
2026-09-03T19:04:51.357,551,STANDOFF_MOVE,STANDOFF_MOVE,1242,2,1788429891316.517,66.785,timestamp_domain.system_time,27025000.000,63.000,1,27025000.000,27025015.000,15.000,15.000,27025015.000,15.000,1,1,pnp_visible_ransac,9,1.377,-4.0758,0.197495,3.416457,3.3084
2026-09-03T19:04:51.418,552,STANDOFF_MOVE,STANDOFF_MOVE,1244,2,1788429891383.284,66.768,timestamp_domain.system_time,27025062.000,62.000,1,27025062.000,27025078.000,16.000,16.000,27025078.000,16.000,1,1,pnp_visible_ransac,9,1.111,-5.0798,0.200191,3.431929,3.3384
2026-09-03T19:04:51.484,553,STANDOFF_MOVE,STANDOFF_MOVE,1246,2,1788429891449.960,66.676,timestamp_domain.system_time,27025125.000,63.000,1,27025125.000,27025140.000,15.000,15.000,27025140.000,15.000,1,1,pnp_visible_ransac,9,1.400,-5.1693,0.201848,3.425784,3.3720
2026-09-03T19:04:51.545,554,STANDOFF_MOVE,STANDOFF_MOVE,1248,2,1788429891516.726,66.766,timestamp_domain.system_time,27025187.000,62.000,1,27025187.000,27025203.000,16.000,16.000,27025203.000,16.000,1,1,pnp_visible_ransac,9,1.902,-5.2037,0.210311,3.440722,3.4978
2026-09-03T19:04:51.607,555,STANDOFF_MOVE,STANDOFF_MOVE,1250,2,1788429891583.327,66.601,timestamp_domain.system_time,27025250.000,63.000,1,27025250.000,27025265.000,15.000,15.000,27025265.000,15.000,1,1,pnp_visible_ransac,9,2.078,-5.4291,0.211542,3.454283,3.5044
2026-09-03T19:04:51.673,556,STANDOFF_MOVE,STANDOFF_MOVE,1252,2,1788429891650.161,66.834,timestamp_domain.system_time,27025312.000,62.000,1,27025312.000,27025328.000,16.000,16.000,27025328.000,16.000,1,1,pnp_visible_ransac,9,1.265,-5.3607,0.206898,3.452986,3.4290
2026-09-03T19:04:51.738,557,STANDOFF_MOVE,STANDOFF_MOVE,1253,1,1788429891683.945,33.784,timestamp_domain.system_time,27025375.000,63.000,1,27025390.000,27025390.000,0.000,15.000,27025390.000,15.000,1,1,pnp_visible_ransac,9,1.212,-4.7809,0.201770,3.442506,3.3543
2026-09-03T19:04:51.803,558,STANDOFF_MOVE,STANDOFF_MOVE,1255,2,1788429891750.288,66.343,timestamp_domain.system_time,27025437.000,62.000,1,27025453.000,27025468.000,15.000,31.000,27025468.000,31.000,1,1,pnp_visible_ransac,9,1.564,-4.3844,0.200476,3.435942,3.3392
2026-09-03T19:04:51.870,559,STANDOFF_MOVE,STANDOFF_MOVE,1257,2,1788429891816.842,66.553,timestamp_domain.system_time,27025515.000,78.000,1,27025515.000,27025531.000,16.000,16.000,27025531.000,16.000,1,1,pnp_visible_ransac,9,1.816,-4.5865,0.203689,3.446087,3.3827
2026-09-03T19:04:51.936,560,STANDOFF_MOVE,STANDOFF_MOVE,1259,2,1788429891883.690,66.848,timestamp_domain.system_time,27025578.000,63.000,1,27025578.000,27025593.000,15.000,15.000,27025593.000,15.000,1,1,pnp_visible_ransac,9,1.563,-5.1158,0.203918,3.453940,3.3788
2026-09-03T19:04:52.002,561,STANDOFF_MOVE,STANDOFF_MOVE,1261,2,1788429891951.178,67.488,timestamp_domain.system_time,27025640.000,62.000,1,27025640.000,27025656.000,16.000,16.000,27025656.000,16.000,1,1,pnp_visible_ransac,9,1.306,-4.5924,0.195171,3.415956,3.2700
2026-09-03T19:04:52.112,562,STANDOFF_MOVE,STANDOFF_MOVE,1262,1,1788429891983.720,32.542,timestamp_domain.system_time,27025750.000,110.000,1,27025750.000,27025765.000,15.000,15.000,27025765.000,15.000,1,1,pnp_visible_ransac,9,1.656,-4.2825,0.196982,3.413471,3.3027
2026-09-03T19:04:52.177,563,STANDOFF_MOVE,STANDOFF_MOVE,1267,5,1788429892150.195,166.476,timestamp_domain.system_time,27025812.000,62.000,1,27025812.000,27025828.000,16.000,16.000,27025843.000,31.000,1,1,pnp_visible_ransac,9,1.197,-4.1225,0.196378,3.417747,3.2885
2026-09-03T19:04:52.260,564,STANDOFF_MOVE,STANDOFF_MOVE,1269,2,1788429892217.009,66.814,timestamp_domain.system_time,27025890.000,78.000,1,27025906.000,27025921.000,15.000,31.000,27025921.000,31.000,1,1,pnp_visible_ransac,9,1.502,-4.4668,0.197035,3.425176,3.2923
2026-09-03T19:04:52.341,565,STANDOFF_MOVE,STANDOFF_MOVE,1272,3,1788429892317.090,100.081,timestamp_domain.system_time,27025984.000,94.000,1,27025984.000,27026000.000,16.000,16.000,27026000.000,16.000,1,1,pnp_visible_ransac,9,1.742,-4.9483,0.206277,3.452960,3.4187
2026-09-03T19:04:52.417,566,STANDOFF_MOVE,STANDOFF_MOVE,1274,2,1788429892383.925,66.835,timestamp_domain.system_time,27026062.000,78.000,1,27026062.000,27026078.000,16.000,16.000,27026078.000,16.000,1,1,pnp_visible_ransac,9,1.531,-4.4368,0.196603,3.421307,3.2889
2026-09-03T19:04:52.504,567,STANDOFF_MOVE,STANDOFF_MOVE,1276,2,1788429892450.804,66.879,timestamp_domain.system_time,27026140.000,78.000,1,27026140.000,27026156.000,16.000,16.000,27026156.000,16.000,1,1,pnp_visible_ransac,9,1.368,-5.0870,0.206277,3.451862,3.4198
2026-09-03T19:04:52.584,568,STANDOFF_MOVE,STANDOFF_MOVE,1279,3,1788429892550.690,99.886,timestamp_domain.system_time,27026218.000,78.000,1,27026234.000,27026234.000,0.000,16.000,27026250.000,32.000,1,1,pnp_visible_ransac,9,1.712,-4.7600,0.204247,3.429210,3.4086
2026-09-03T19:04:52.652,569,STANDOFF_MOVE,STANDOFF_MOVE,1281,2,1788429892617.511,66.820,timestamp_domain.system_time,27026296.000,78.000,1,27026296.000,27026312.000,16.000,16.000,27026312.000,16.000,1,1,pnp_visible_ransac,9,1.687,-4.1018,0.199772,3.439722,3.3239
2026-09-03T19:04:52.716,570,STANDOFF_MOVE,STANDOFF_MOVE,1283,2,1788429892684.167,66.656,timestamp_domain.system_time,27026359.000,63.000,1,27026359.000,27026375.000,16.000,16.000,27026375.000,16.000,1,1,pnp_visible_ransac,9,1.404,-4.7400,0.196605,3.430977,3.2796
2026-09-03T19:04:52.779,571,STANDOFF_MOVE,STANDOFF_MOVE,1285,2,1788429892750.969,66.802,timestamp_domain.system_time,27026421.000,62.000,1,27026421.000,27026437.000,16.000,16.000,27026437.000,16.000,1,1,pnp_visible_ransac,9,1.015,-5.5372,0.206093,3.477269,3.3919
2026-09-03T19:04:52.843,572,STANDOFF_MOVE,STANDOFF_MOVE,1287,2,1788429892817.590,66.621,timestamp_domain.system_time,27026484.000,63.000,1,27026484.000,27026500.000,16.000,16.000,27026500.000,16.000,1,1,pnp_visible_ransac,9,1.553,-4.8689,0.206827,3.466481,3.4145
2026-09-03T19:04:52.906,573,STANDOFF_MOVE,STANDOFF_MOVE,1289,2,1788429892884.500,66.910,timestamp_domain.system_time,27026546.000,62.000,1,27026546.000,27026562.000,16.000,16.000,27026562.000,16.000,1,1,pnp_visible_ransac,9,1.391,-4.4551,0.197546,3.418126,3.3076
2026-09-03T19:04:52.971,574,STANDOFF_MOVE,STANDOFF_MOVE,1290,1,1788429892917.641,33.142,timestamp_domain.system_time,27026609.000,63.000,1,27026609.000,27026625.000,16.000,16.000,27026625.000,16.000,1,1,pnp_visible_ransac,9,1.129,-4.9448,0.197381,3.429132,3.2943
2026-09-03T19:04:53.037,575,STANDOFF_MOVE,STANDOFF_MOVE,1291,1,1788429892952.119,34.478,timestamp_domain.system_time,27026671.000,62.000,1,27026687.000,27026687.000,0.000,16.000,27026703.000,32.000,1,1,pnp_visible_ransac,9,0.925,-4.6738,0.196391,3.436408,3.2709
2026-09-03T19:04:53.149,576,STANDOFF_MOVE,STANDOFF_MOVE,1292,1,1788429892984.684,32.565,timestamp_domain.system_time,27026781.000,110.000,1,27026796.000,27026812.000,16.000,31.000,27026812.000,31.000,1,1,pnp_visible_ransac,9,1.947,-4.2949,0.202747,3.433052,3.3798
2026-09-03T19:04:53.211,577,STANDOFF_MOVE,STANDOFF_MOVE,1298,6,1788429893184.592,199.908,timestamp_domain.system_time,27026859.000,78.000,1,27026859.000,27026875.000,16.000,16.000,27026875.000,16.000,1,1,pnp_visible_ransac,9,1.472,-4.0989,0.195825,3.422831,3.2744
2026-09-03T19:04:53.273,578,STANDOFF_MOVE,STANDOFF_MOVE,1300,2,1788429893251.328,66.736,timestamp_domain.system_time,27026921.000,62.000,1,27026921.000,27026937.000,16.000,16.000,27026937.000,16.000,1,1,pnp_visible_ransac,9,1.272,-5.4255,0.205116,3.465303,3.3875
2026-09-03T19:04:53.355,579,STANDOFF_MOVE,STANDOFF_MOVE,1302,2,1788429893318.021,66.693,timestamp_domain.system_time,27027000.000,79.000,1,27027000.000,27027015.000,15.000,15.000,27027015.000,15.000,1,1,pnp_visible_ransac,9,1.130,-4.6250,0.197686,3.435414,3.2934
2026-09-03T19:04:53.442,580,STANDOFF_MOVE,STANDOFF_MOVE,1304,2,1788429893384.526,66.505,timestamp_domain.system_time,27027078.000,78.000,1,27027078.000,27027093.000,15.000,15.000,27027093.000,15.000,1,1,pnp_visible_ransac,9,1.135,-4.5388,0.194766,3.423028,3.2565
2026-09-03T19:04:53.513,581,STANDOFF_MOVE,STANDOFF_MOVE,1307,3,1788429893484.748,100.222,timestamp_domain.system_time,27027156.000,78.000,1,27027156.000,27027171.000,15.000,15.000,27027171.000,15.000,1,1,pnp_visible_ransac,9,1.860,-5.2577,0.203665,3.437116,3.3911
2026-09-03T19:04:53.575,582,STANDOFF_MOVE,STANDOFF_MOVE,1309,2,1788429893551.430,66.682,timestamp_domain.system_time,27027218.000,62.000,1,27027218.000,27027234.000,16.000,16.000,27027234.000,16.000,1,1,pnp_visible_ransac,9,1.886,-4.7625,0.202575,3.427252,3.3827
2026-09-03T19:04:53.639,583,STANDOFF_MOVE,STANDOFF_MOVE,1310,1,1788429893584.746,33.316,timestamp_domain.system_time,27027281.000,63.000,1,27027281.000,27027296.000,15.000,15.000,27027296.000,15.000,1,1,pnp_visible_ransac,9,1.584,-5.0004,0.204598,3.444075,3.3997
2026-09-03T19:04:53.701,584,STANDOFF_MOVE,STANDOFF_MOVE,1312,2,1788429893651.502,66.756,timestamp_domain.system_time,27027343.000,62.000,1,27027343.000,27027359.000,16.000,16.000,27027359.000,16.000,1,1,pnp_visible_ransac,9,1.244,-4.3832,0.197854,3.429183,3.3021
2026-09-03T19:04:53.763,585,STANDOFF_MOVE,STANDOFF_MOVE,1314,2,1788429893718.289,66.787,timestamp_domain.system_time,27027406.000,63.000,1,27027406.000,27027421.000,15.000,15.000,27027421.000,15.000,1,1,pnp_visible_ransac,9,1.423,-4.5231,0.197999,3.435683,3.2983
2026-09-03T19:04:53.824,586,STANDOFF_MOVE,STANDOFF_MOVE,1316,2,1788429893784.960,66.671,timestamp_domain.system_time,27027468.000,62.000,1,27027468.000,27027484.000,16.000,16.000,27027484.000,16.000,1,1,pnp_visible_ransac,9,1.148,-5.0316,0.201967,3.442685,3.3574
2026-09-03T19:04:53.886,587,STANDOFF_MOVE,STANDOFF_MOVE,1318,2,1788429893851.793,66.833,timestamp_domain.system_time,27027531.000,63.000,1,27027531.000,27027546.000,15.000,15.000,27027546.000,15.000,1,1,pnp_visible_ransac,9,1.346,-5.1345,0.200107,3.448751,3.3207
2026-09-03T19:04:53.949,588,STANDOFF_MOVE,STANDOFF_MOVE,1320,2,1788429893918.421,66.628,timestamp_domain.system_time,27027593.000,62.000,1,27027593.000,27027609.000,16.000,16.000,27027609.000,16.000,1,1,pnp_visible_ransac,9,1.588,-4.5874,0.197673,3.408602,3.3190
2026-09-03T19:04:54.015,589,STANDOFF_MOVE,STANDOFF_MOVE,1322,2,1788429893985.245,66.824,timestamp_domain.system_time,27027656.000,63.000,1,27027656.000,27027671.000,15.000,15.000,27027671.000,15.000,1,1,pnp_visible_ransac,9,1.468,-4.0068,0.192624,3.404866,3.2379
2026-09-03T19:04:54.152,590,STANDOFF_MOVE,STANDOFF_MOVE,1325,3,1788429894085.292,100.046,timestamp_domain.system_time,27027796.000,140.000,1,27027796.000,27027812.000,16.000,16.000,27027812.000,16.000,1,1,pnp_visible_ransac,9,1.694,-4.9420,0.204946,3.435146,3.4143
2026-09-03T19:04:54.223,591,STANDOFF_MOVE,STANDOFF_MOVE,1328,3,1788429894185.072,99.780,timestamp_domain.system_time,27027859.000,63.000,1,27027875.000,27027875.000,0.000,16.000,27027875.000,16.000,1,1,pnp_visible_ransac,9,1.249,-4.4948,0.200746,3.425894,3.3535
2026-09-03T19:04:54.344,592,STANDOFF_MOVE,STANDOFF_MOVE,1330,2,1788429894251.777,66.705,timestamp_domain.system_time,27027921.000,62.000,1,27027937.000,27028000.000,63.000,79.000,27028000.000,79.000,1,1,pnp_visible_ransac,9,1.547,-4.7225,0.201712,3.428360,3.3672
2026-09-03T19:04:54.415,593,STANDOFF_MOVE,STANDOFF_MOVE,1334,4,1788429894385.216,133.439,timestamp_domain.system_time,27028046.000,125.000,1,27028062.000,27028078.000,16.000,32.000,27028078.000,32.000,1,1,pnp_visible_ransac,9,1.334,-5.0651,0.206515,3.445195,3.4304
2026-09-03T19:04:54.496,594,STANDOFF_MOVE,STANDOFF_MOVE,1336,2,1788429894452.096,66.880,timestamp_domain.system_time,27028140.000,94.000,1,27028140.000,27028156.000,16.000,16.000,27028156.000,16.000,1,1,pnp_visible_ransac,9,1.583,-5.0579,0.205014,3.449789,3.4010
2026-09-03T19:04:54.570,595,STANDOFF_MOVE,STANDOFF_MOVE,1338,2,1788429894518.543,66.448,timestamp_domain.system_time,27028203.000,63.000,1,27028218.000,27028234.000,16.000,31.000,27028234.000,31.000,1,1,pnp_visible_ransac,9,1.582,-4.5115,0.198917,3.416972,3.3317
2026-09-03T19:04:54.639,596,STANDOFF_MOVE,STANDOFF_MOVE,1340,2,1788429894585.669,67.125,timestamp_domain.system_time,27028281.000,78.000,1,27028281.000,27028296.000,15.000,15.000,27028296.000,15.000,1,1,pnp_visible_ransac,9,1.733,-3.9991,0.196113,3.413672,3.2880
2026-09-03T19:04:54.703,597,STANDOFF_MOVE,STANDOFF_MOVE,1342,2,1788429894652.296,66.627,timestamp_domain.system_time,27028343.000,62.000,1,27028343.000,27028359.000,16.000,16.000,27028359.000,16.000,1,1,pnp_visible_ransac,9,1.562,-4.9318,0.205096,3.441129,3.4109
2026-09-03T19:04:54.767,598,STANDOFF_MOVE,STANDOFF_MOVE,1344,2,1788429894719.093,66.797,timestamp_domain.system_time,27028406.000,63.000,1,27028406.000,27028421.000,15.000,15.000,27028421.000,15.000,1,1,pnp_visible_ransac,9,1.409,-3.8807,0.190889,3.404448,3.2092
2026-09-03T19:04:54.829,599,STANDOFF_MOVE,STANDOFF_MOVE,1346,2,1788429894786.273,67.179,timestamp_domain.system_time,27028468.000,62.000,1,27028468.000,27028484.000,16.000,16.000,27028484.000,16.000,1,1,pnp_visible_ransac,9,1.534,-4.2013,0.199051,3.425666,3.3255
2026-09-03T19:04:54.891,600,STANDOFF_MOVE,STANDOFF_MOVE,1348,2,1788429894852.545,66.272,timestamp_domain.system_time,27028531.000,63.000,1,27028531.000,27028546.000,15.000,15.000,27028546.000,15.000,1,1,pnp_visible_ransac,9,1.590,-5.1481,0.205396,3.465071,3.3923
2026-09-03T19:04:54.954,601,STANDOFF_MOVE,STANDOFF_MOVE,1350,2,1788429894919.204,66.659,timestamp_domain.system_time,27028593.000,62.000,1,27028593.000,27028609.000,16.000,16.000,27028609.000,16.000,1,1,pnp_visible_ransac,9,1.458,-4.1324,0.197349,3.417429,3.3050
2026-09-03T19:04:55.015,602,STANDOFF_MOVE,STANDOFF_MOVE,1352,2,1788429894985.980,66.776,timestamp_domain.system_time,27028656.000,63.000,1,27028656.000,27028671.000,15.000,15.000,27028671.000,15.000,1,1,pnp_visible_ransac,9,1.614,-4.7980,0.200472,3.429008,3.3459
2026-09-03T19:04:55.154,603,STANDOFF_MOVE,STANDOFF_MOVE,1354,2,1788429895052.785,66.805,timestamp_domain.system_time,27028781.000,125.000,1,27028796.000,27028812.000,16.000,31.000,27028812.000,31.000,1,1,pnp_visible_ransac,9,1.451,-4.9171,0.200404,3.435103,3.3389
2026-09-03T19:04:55.216,604,STANDOFF_MOVE,STANDOFF_MOVE,1358,4,1788429895186.138,133.354,timestamp_domain.system_time,27028859.000,78.000,1,27028859.000,27028875.000,16.000,16.000,27028875.000,16.000,1,1,pnp_visible_ransac,9,1.408,-4.6151,0.199127,3.411423,3.3406
2026-09-03T19:04:55.280,605,STANDOFF_MOVE,STANDOFF_MOVE,1360,2,1788429895252.733,66.595,timestamp_domain.system_time,27028921.000,62.000,1,27028921.000,27028937.000,16.000,16.000,27028937.000,16.000,1,1,pnp_visible_ransac,9,1.310,-4.6239,0.199743,3.437690,3.3254
2026-09-03T19:04:55.347,606,STANDOFF_MOVE,STANDOFF_MOVE,1362,2,1788429895319.313,66.580,timestamp_domain.system_time,27028984.000,63.000,1,27029000.000,27029000.000,0.000,16.000,27029000.000,16.000,1,1,pnp_visible_ransac,9,1.243,-5.3816,0.208280,3.459923,3.4449
2026-09-03T19:04:55.409,607,STANDOFF_MOVE,STANDOFF_MOVE,1364,2,1788429895386.090,66.776,timestamp_domain.system_time,27029046.000,62.000,1,27029046.000,27029062.000,16.000,16.000,27029062.000,16.000,1,1,pnp_visible_ransac,9,1.259,-4.6672,0.197782,3.423447,3.3065
2026-09-03T19:04:55.473,608,STANDOFF_MOVE,STANDOFF_MOVE,1365,1,1788429895419.452,33.363,timestamp_domain.system_time,27029109.000,63.000,1,27029125.000,27029125.000,0.000,16.000,27029125.000,16.000,1,1,pnp_visible_ransac,9,1.698,-4.6583,0.198716,3.422298,3.3231
2026-09-03T19:04:55.536,609,STANDOFF_MOVE,STANDOFF_MOVE,1367,2,1788429895486.225,66.773,timestamp_domain.system_time,27029171.000,62.000,1,27029187.000,27029187.000,0.000,16.000,27029203.000,32.000,1,1,pnp_visible_ransac,9,1.696,-5.5643,0.209665,3.456601,3.4711
2026-09-03T19:04:55.599,610,STANDOFF_MOVE,STANDOFF_MOVE,1369,2,1788429895553.185,66.960,timestamp_domain.system_time,27029234.000,63.000,1,27029250.000,27029250.000,0.000,16.000,27029265.000,31.000,1,1,pnp_visible_ransac,9,1.357,-4.1325,0.196178,3.428231,3.2751
2026-09-03T19:04:55.663,611,STANDOFF_MOVE,STANDOFF_MOVE,1371,2,1788429895619.581,66.396,timestamp_domain.system_time,27029312.000,78.000,1,27029312.000,27029328.000,16.000,16.000,27029328.000,16.000,1,1,pnp_visible_ransac,9,1.313,-4.7896,0.198658,3.425727,3.3189
2026-09-03T19:04:55.731,612,STANDOFF_MOVE,STANDOFF_MOVE,1373,2,1788429895686.304,66.722,timestamp_domain.system_time,27029375.000,63.000,1,27029375.000,27029390.000,15.000,15.000,27029390.000,15.000,1,1,pnp_visible_ransac,9,1.555,-4.1826,0.196239,3.409409,3.2942
2026-09-03T19:04:55.801,613,STANDOFF_MOVE,STANDOFF_MOVE,1375,2,1788429895753.104,66.800,timestamp_domain.system_time,27029437.000,62.000,1,27029453.000,27029453.000,0.000,16.000,27029453.000,16.000,1,1,pnp_visible_ransac,9,1.372,-4.9768,0.201380,3.445451,3.3450
2026-09-03T19:04:55.869,614,STANDOFF_MOVE,STANDOFF_MOVE,1377,2,1788429895819.836,66.732,timestamp_domain.system_time,27029515.000,78.000,1,27029515.000,27029531.000,16.000,16.000,27029531.000,16.000,1,1,pnp_visible_ransac,9,1.665,-4.6427,0.201077,3.431084,3.3540
2026-09-03T19:04:55.933,615,STANDOFF_MOVE,STANDOFF_MOVE,1379,2,1788429895886.655,66.819,timestamp_domain.system_time,27029578.000,63.000,1,27029578.000,27029593.000,15.000,15.000,27029593.000,15.000,1,1,pnp_visible_ransac,9,1.398,-4.6015,0.199417,3.434977,3.3226
2026-09-03T19:04:55.999,616,STANDOFF_MOVE,STANDOFF_MOVE,1381,2,1788429895953.697,67.042,timestamp_domain.system_time,27029640.000,62.000,1,27029640.000,27029656.000,16.000,16.000,27029656.000,16.000,1,1,pnp_visible_ransac,9,1.258,-4.5061,0.194381,3.407533,3.2649
2026-09-03T19:04:56.063,617,STANDOFF_MOVE,STANDOFF_MOVE,1382,1,1788429895987.083,33.385,timestamp_domain.system_time,27029703.000,63.000,1,27029703.000,27029718.000,15.000,15.000,27029718.000,15.000,1,1,pnp_visible_ransac,9,1.368,-4.9656,0.198186,3.412917,3.3234
2026-09-03T19:04:56.144,618,STANDOFF_MOVE,STANDOFF_MOVE,1383,1,1788429896019.980,32.897,timestamp_domain.system_time,27029781.000,78.000,1,27029781.000,27029796.000,15.000,15.000,27029796.000,15.000,1,1,pnp_visible_ransac,9,1.825,-4.0969,0.196047,3.411528,3.2890
2026-09-03T19:04:56.215,619,STANDOFF_MOVE,STANDOFF_MOVE,1388,5,1788429896186.478,166.498,timestamp_domain.system_time,27029859.000,78.000,1,27029859.000,27029875.000,16.000,16.000,27029875.000,16.000,1,1,pnp_visible_ransac,9,1.324,-5.3164,0.207125,3.473242,3.4128
2026-09-03T19:04:56.281,620,STANDOFF_MOVE,STANDOFF_MOVE,1390,2,1788429896253.380,66.902,timestamp_domain.system_time,27029921.000,62.000,1,27029921.000,27029937.000,16.000,16.000,27029937.000,16.000,1,1,pnp_visible_ransac,9,1.525,-4.7951,0.199209,3.429373,3.3245
2026-09-03T19:04:56.346,621,STANDOFF_MOVE,STANDOFF_MOVE,1392,2,1788429896320.059,66.679,timestamp_domain.system_time,27029984.000,63.000,1,27029984.000,27030000.000,16.000,16.000,27030000.000,16.000,1,1,pnp_visible_ransac,9,1.338,-3.9817,0.192933,3.418247,3.2305
2026-09-03T19:04:56.410,622,STANDOFF_MOVE,STANDOFF_MOVE,1394,2,1788429896386.722,66.662,timestamp_domain.system_time,27030046.000,62.000,1,27030062.000,27030062.000,0.000,16.000,27030062.000,16.000,1,1,pnp_visible_ransac,9,1.771,-4.6389,0.201612,3.440603,3.3536
2026-09-03T19:04:56.476,623,STANDOFF_MOVE,STANDOFF_MOVE,1396,2,1788429896453.406,66.684,timestamp_domain.system_time,27030125.000,79.000,1,27030125.000,27030140.000,15.000,15.000,27030140.000,15.000,1,1,pnp_visible_ransac,9,1.627,-4.8016,0.193194,3.402195,3.2501
2026-09-03T19:04:56.541,624,STANDOFF_MOVE,STANDOFF_MOVE,1397,1,1788429896486.654,33.249,timestamp_domain.system_time,27030187.000,62.000,1,27030187.000,27030203.000,16.000,16.000,27030203.000,16.000,1,1,pnp_visible_ransac,9,1.408,-5.2129,0.195420,3.420071,3.2703
2026-09-03T19:04:56.621,625,STANDOFF_MOVE,STANDOFF_MOVE,1400,3,1788429896586.688,100.034,timestamp_domain.system_time,27030265.000,78.000,1,27030265.000,27030281.000,16.000,16.000,27030281.000,16.000,1,1,pnp_visible_ransac,9,1.088,-4.3128,0.180561,3.367184,3.0695
2026-09-03T19:04:56.712,626,STANDOFF_MOVE,STANDOFF_MOVE,1402,2,1788429896653.745,67.057,timestamp_domain.system_time,27030343.000,78.000,1,27030359.000,27030375.000,16.000,32.000,27030375.000,32.000,1,1,pnp_visible_ransac,9,1.171,-4.4309,0.182241,3.363760,3.1011
2026-09-03T19:04:56.788,627,STANDOFF_MOVE,STANDOFF_MOVE,1405,3,1788429896753.723,99.978,timestamp_domain.system_time,27030421.000,78.000,1,27030437.000,27030453.000,16.000,32.000,27030453.000,32.000,1,1,pnp_visible_ransac,9,1.539,-4.3565,0.181636,3.347562,3.1058
2026-09-03T19:04:56.861,628,STANDOFF_MOVE,STANDOFF_MOVE,1407,2,1788429896820.330,66.606,timestamp_domain.system_time,27030500.000,79.000,1,27030500.000,27030515.000,15.000,15.000,27030515.000,15.000,1,1,pnp_visible_ransac,9,1.540,-4.9298,0.189920,3.354908,3.2400
2026-09-03T19:04:56.928,629,STANDOFF_MOVE,STANDOFF_MOVE,1409,2,1788429896886.984,66.654,timestamp_domain.system_time,27030578.000,78.000,1,27030578.000,27030593.000,15.000,15.000,27030593.000,15.000,1,1,pnp_visible_ransac,9,1.313,-5.0006,0.191707,3.338645,3.2864
2026-09-03T19:04:56.995,630,STANDOFF_MOVE,STANDOFF_MOVE,1411,2,1788429896953.719,66.735,timestamp_domain.system_time,27030640.000,62.000,1,27030640.000,27030656.000,16.000,16.000,27030656.000,16.000,1,1,pnp_visible_ransac,9,1.482,-3.9349,0.181821,3.309759,3.1444
2026-09-03T19:04:57.066,631,STANDOFF_SETTLE,STANDOFF_SETTLE,1412,1,1788429896988.153,34.434,timestamp_domain.system_time,27030703.000,63.000,1,27030703.000,27030718.000,15.000,15.000,27030718.000,15.000,1,1,pnp_visible_ransac,9,1.480,-3.9642,0.180878,3.305173,3.1324
2026-09-03T19:04:57.146,632,STANDOFF_SETTLE,STANDOFF_SETTLE,1416,4,1788429897120.492,132.339,timestamp_domain.system_time,27030781.000,78.000,1,27030796.000,27030796.000,0.000,15.000,27030812.000,31.000,1,1,pnp_visible_ransac,9,1.454,-3.3981,0.172831,3.278992,3.0172
2026-09-03T19:04:57.218,633,STANDOFF_SETTLE,STANDOFF_SETTLE,1418,2,1788429897187.434,66.942,timestamp_domain.system_time,27030859.000,78.000,1,27030859.000,27030875.000,16.000,16.000,27030875.000,16.000,1,1,pnp_visible_ransac,9,1.136,-3.7740,0.185821,3.308222,3.2149
2026-09-03T19:04:57.284,634,STANDOFF_SETTLE,STANDOFF_SETTLE,1420,2,1788429897254.023,66.589,timestamp_domain.system_time,27030921.000,62.000,1,27030937.000,27030937.000,0.000,16.000,27030937.000,16.000,1,1,pnp_visible_ransac,9,1.201,-4.8895,0.210095,3.314526,3.6269
2026-09-03T19:04:57.349,635,STANDOFF_SETTLE,STANDOFF_SETTLE,1422,2,1788429897320.828,66.805,timestamp_domain.system_time,27030984.000,63.000,1,27031000.000,27031000.000,0.000,16.000,27031015.000,31.000,1,1,pnp_visible_ransac,9,1.426,-3.9894,0.203555,3.286911,3.5437
2026-09-03T19:04:57.413,636,STANDOFF_SETTLE,STANDOFF_SETTLE,1424,2,1788429897387.344,66.517,timestamp_domain.system_time,27031062.000,78.000,1,27031062.000,27031078.000,16.000,16.000,27031078.000,16.000,1,1,pnp_visible_ransac,9,1.259,-4.7357,0.203648,3.315460,3.5149
2026-09-03T19:04:57.478,637,STANDOFF_SETTLE,STANDOFF_SETTLE,1426,2,1788429897454.046,66.701,timestamp_domain.system_time,27031125.000,63.000,1,27031125.000,27031140.000,15.000,15.000,27031140.000,15.000,1,1,pnp_visible_ransac,9,1.694,-4.7909,0.189998,3.340506,3.2553
2026-09-03T19:04:57.541,638,STANDOFF_SETTLE,STANDOFF_SETTLE,1427,1,1788429897487.611,33.565,timestamp_domain.system_time,27031187.000,62.000,1,27031187.000,27031203.000,16.000,16.000,27031203.000,16.000,1,1,pnp_visible_ransac,9,1.544,-4.5711,0.175758,3.303747,3.0452
2026-09-03T19:04:57.606,639,STANDOFF_SETTLE,STANDOFF_SETTLE,1429,2,1788429897554.337,66.726,timestamp_domain.system_time,27031250.000,63.000,1,27031250.000,27031265.000,15.000,15.000,27031265.000,15.000,1,1,pnp_visible_ransac,9,1.522,-3.5320,0.172561,3.288777,3.0035
2026-09-03T19:04:57.670,640,STANDOFF_SETTLE,STANDOFF_SETTLE,1431,2,1788429897620.948,66.612,timestamp_domain.system_time,27031312.000,62.000,1,27031312.000,27031328.000,16.000,16.000,27031328.000,16.000,1,1,pnp_visible_ransac,9,1.388,-4.5371,0.181444,3.292725,3.1541
2026-09-03T19:04:57.736,641,STANDOFF_SETTLE,STANDOFF_SETTLE,1433,2,1788429897687.744,66.795,timestamp_domain.system_time,27031375.000,63.000,1,27031375.000,27031390.000,15.000,15.000,27031390.000,15.000,1,1,pnp_visible_ransac,9,1.478,-4.8671,0.187793,3.319103,3.2383
2026-09-03T19:04:57.798,642,STANDOFF_SETTLE,STANDOFF_SETTLE,1435,2,1788429897754.510,66.766,timestamp_domain.system_time,27031437.000,62.000,1,27031437.000,27031453.000,16.000,16.000,27031453.000,16.000,1,1,pnp_visible_ransac,9,1.147,-3.9454,0.172091,3.278352,3.0049
2026-09-03T19:04:57.862,643,STANDOFF_SETTLE,STANDOFF_SETTLE,1437,2,1788429897821.105,66.596,timestamp_domain.system_time,27031500.000,63.000,1,27031515.000,27031515.000,0.000,15.000,27031515.000,15.000,1,1,pnp_visible_ransac,9,1.564,-4.4925,0.176990,3.281732,3.0871
2026-09-03T19:04:57.926,644,STANDOFF_SETTLE,STANDOFF_SETTLE,1439,2,1788429897887.969,66.863,timestamp_domain.system_time,27031562.000,62.000,1,27031578.000,27031578.000,0.000,16.000,27031578.000,16.000,1,1,pnp_visible_ransac,9,1.426,-4.9410,0.185296,3.294495,3.2192
2026-09-03T19:04:57.989,645,STANDOFF_SETTLE,STANDOFF_SETTLE,1441,2,1788429897954.527,66.559,timestamp_domain.system_time,27031625.000,63.000,1,27031640.000,27031640.000,0.000,15.000,27031656.000,31.000,1,1,pnp_visible_ransac,9,1.645,-4.4167,0.182031,3.306093,3.1515
2026-09-03T19:04:58.052,646,STANDOFF_SETTLE,STANDOFF_SETTLE,1443,2,1788429898021.362,66.835,timestamp_domain.system_time,27031687.000,62.000,1,27031703.000,27031718.000,15.000,31.000,27031718.000,31.000,1,1,pnp_visible_ransac,9,1.467,-4.5650,0.180530,3.288956,3.1418
2026-09-03T19:04:58.194,647,STANDOFF_SETTLE,STANDOFF_SETTLE,1444,1,1788429898054.767,33.405,timestamp_domain.system_time,27031828.000,141.000,1,27031828.000,27031859.000,31.000,31.000,27031859.000,31.000,1,1,pnp_visible_ransac,9,1.283,-4.7250,0.180655,3.293892,3.1393
2026-09-03T19:04:58.258,648,STANDOFF_SETTLE,STANDOFF_SETTLE,1449,5,1788429898221.551,166.784,timestamp_domain.system_time,27031906.000,78.000,1,27031906.000,27031921.000,15.000,15.000,27031921.000,15.000,1,1,pnp_visible_ransac,9,1.691,-4.5524,0.182803,3.288417,3.1818
2026-09-03T19:04:58.326,649,STANDOFF_SETTLE,STANDOFF_SETTLE,1451,2,1788429898288.104,66.552,timestamp_domain.system_time,27031968.000,62.000,1,27031968.000,27031984.000,16.000,16.000,27031984.000,16.000,1,1,pnp_visible_ransac,9,1.343,-4.4578,0.180407,3.312558,3.1173
2026-09-03T19:04:58.392,650,STANDOFF_SETTLE,STANDOFF_SETTLE,1453,2,1788429898354.733,66.629,timestamp_domain.system_time,27032031.000,63.000,1,27032031.000,27032046.000,15.000,15.000,27032046.000,15.000,1,1,pnp_visible_ransac,9,1.250,-4.3790,0.179169,3.303759,3.1042
2026-09-03T19:04:58.461,651,STANDOFF_SETTLE,STANDOFF_SETTLE,1455,2,1788429898421.478,66.745,timestamp_domain.system_time,27032109.000,78.000,1,27032109.000,27032125.000,16.000,16.000,27032125.000,16.000,1,1,pnp_visible_ransac,9,1.304,-4.1283,0.178382,3.285573,3.1077
2026-09-03T19:04:58.524,652,STANDOFF_SETTLE,STANDOFF_SETTLE,1457,2,1788429898488.299,66.822,timestamp_domain.system_time,27032171.000,62.000,1,27032171.000,27032187.000,16.000,16.000,27032187.000,16.000,1,1,pnp_visible_ransac,9,1.483,-4.3056,0.179751,3.287021,3.1301
2026-09-03T19:04:58.586,653,STANDOFF_SETTLE,STANDOFF_SETTLE,1459,2,1788429898554.967,66.668,timestamp_domain.system_time,27032234.000,63.000,1,27032234.000,27032250.000,16.000,16.000,27032250.000,16.000,1,1,pnp_visible_ransac,9,1.456,-4.4245,0.179064,3.298908,3.1070
2026-09-03T19:04:58.646,654,STANDOFF_SETTLE,STANDOFF_SETTLE,1461,2,1788429898621.622,66.655,timestamp_domain.system_time,27032296.000,62.000,1,27032296.000,27032312.000,16.000,16.000,27032312.000,16.000,1,1,pnp_visible_ransac,9,1.909,-4.3630,0.179053,3.282006,3.1227
2026-09-03T19:04:58.707,655,STANDOFF_SETTLE,STANDOFF_SETTLE,1462,1,1788429898655.012,33.390,timestamp_domain.system_time,27032343.000,47.000,1,27032359.000,27032359.000,0.000,16.000,27032359.000,16.000,1,1,pnp_visible_ransac,9,1.648,-4.7181,0.182638,3.302528,3.1654
2026-09-03T19:04:58.770,656,STANDOFF_SETTLE,STANDOFF_SETTLE,1464,2,1788429898721.718,66.706,timestamp_domain.system_time,27032406.000,63.000,1,27032421.000,27032421.000,0.000,15.000,27032421.000,15.000,1,1,pnp_visible_ransac,9,1.172,-5.0488,0.183588,3.324202,3.1611
2026-09-03T19:04:58.847,657,STANDOFF_SETTLE,STANDOFF_SETTLE,1466,2,1788429898788.695,66.978,timestamp_domain.system_time,27032484.000,78.000,1,27032484.000,27032500.000,16.000,16.000,27032500.000,16.000,1,1,pnp_visible_ransac,9,1.660,-4.1274,0.176216,3.288126,3.0676
2026-09-03T19:04:58.924,658,STANDOFF_SETTLE,STANDOFF_SETTLE,1469,3,1788429898888.304,99.609,timestamp_domain.system_time,27032562.000,78.000,1,27032562.000,27032578.000,16.000,16.000,27032578.000,16.000,1,1,pnp_visible_ransac,9,1.323,-4.1450,0.177850,3.308438,3.0771
2026-09-03T19:04:58.996,659,STANDOFF_SETTLE,STANDOFF_SETTLE,1471,2,1788429898955.216,66.912,timestamp_domain.system_time,27032640.000,78.000,1,27032640.000,27032656.000,16.000,16.000,27032656.000,16.000,1,1,pnp_visible_ransac,9,1.205,-4.4376,0.174176,3.284634,3.0354
2026-09-03T19:04:59.062,660,STANDOFF_SETTLE,STANDOFF_SETTLE,1473,2,1788429899022.115,66.899,timestamp_domain.system_time,27032703.000,63.000,1,27032703.000,27032718.000,15.000,15.000,27032718.000,15.000,1,1,pnp_visible_ransac,9,1.235,-4.3222,0.177328,3.287192,3.0878
2026-09-03T19:04:59.186,661,STANDOFF_SETTLE,STANDOFF_SETTLE,1476,3,1788429899121.964,99.850,timestamp_domain.system_time,27032828.000,125.000,1,27032828.000,27032843.000,15.000,15.000,27032843.000,15.000,1,1,pnp_visible_ransac,9,1.586,-4.4897,0.182191,3.306118,3.1542
2026-09-03T19:04:59.247,662,STANDOFF_SETTLE,STANDOFF_SETTLE,1479,3,1788429899222.024,100.059,timestamp_domain.system_time,27032890.000,62.000,1,27032890.000,27032906.000,16.000,16.000,27032906.000,16.000,1,1,pnp_visible_ransac,9,1.476,-3.8274,0.176856,3.292513,3.0747
2026-09-03T19:04:59.309,663,STANDOFF_SETTLE,STANDOFF_SETTLE,1480,1,1788429899255.407,33.384,timestamp_domain.system_time,27032953.000,63.000,1,27032953.000,27032968.000,15.000,15.000,27032968.000,15.000,1,1,pnp_visible_ransac,9,1.470,-4.4069,0.179033,3.293157,3.1118
2026-09-03T19:04:59.374,664,STANDOFF_SETTLE,STANDOFF_SETTLE,1482,2,1788429899322.094,66.686,timestamp_domain.system_time,27033015.000,62.000,1,27033015.000,27033031.000,16.000,16.000,27033031.000,16.000,1,1,pnp_visible_ransac,9,1.570,-4.1422,0.181116,3.299572,3.1419
2026-09-03T19:04:59.437,665,STANDOFF_SETTLE,STANDOFF_SETTLE,1484,2,1788429899389.110,67.017,timestamp_domain.system_time,27033078.000,63.000,1,27033078.000,27033093.000,15.000,15.000,27033093.000,15.000,1,1,pnp_visible_ransac,9,1.064,-4.5542,0.181945,3.306132,3.1500
2026-09-03T19:04:59.502,666,STANDOFF_SETTLE,STANDOFF_SETTLE,1486,2,1788429899455.529,66.419,timestamp_domain.system_time,27033140.000,62.000,1,27033140.000,27033156.000,16.000,16.000,27033156.000,16.000,1,1,pnp_visible_ransac,9,1.139,-4.7827,0.183212,3.306185,3.1718
2026-09-03T19:04:59.565,667,STANDOFF_SETTLE,STANDOFF_SETTLE,1488,2,1788429899522.340,66.811,timestamp_domain.system_time,27033203.000,63.000,1,27033203.000,27033218.000,15.000,15.000,27033218.000,15.000,1,1,pnp_visible_ransac,9,1.713,-4.0335,0.175480,3.264291,3.0771
2026-09-03T19:04:59.629,668,STANDOFF_SETTLE,STANDOFF_SETTLE,1490,2,1788429899589.011,66.671,timestamp_domain.system_time,27033265.000,62.000,1,27033281.000,27033281.000,0.000,16.000,27033281.000,16.000,1,1,pnp_visible_ransac,9,1.240,-4.7715,0.180410,3.294031,3.1349
2026-09-03T19:04:59.692,669,STANDOFF_SETTLE,STANDOFF_SETTLE,1492,2,1788429899655.712,66.701,timestamp_domain.system_time,27033328.000,63.000,1,27033343.000,27033343.000,0.000,15.000,27033359.000,31.000,1,1,pnp_visible_ransac,9,1.311,-4.4733,0.176274,3.271667,3.0841
2026-09-03T19:04:59.762,670,STANDOFF_SETTLE,STANDOFF_SETTLE,1494,2,1788429899722.389,66.677,timestamp_domain.system_time,27033406.000,78.000,1,27033406.000,27033421.000,15.000,15.000,27033421.000,15.000,1,1,pnp_visible_ransac,9,1.605,-4.2947,0.180096,3.303445,3.1205
2026-09-03T19:04:59.829,671,STANDOFF_SETTLE,STANDOFF_SETTLE,1496,2,1788429899789.017,66.628,timestamp_domain.system_time,27033468.000,62.000,1,27033468.000,27033484.000,16.000,16.000,27033484.000,16.000,1,1,pnp_visible_ransac,9,1.633,-4.5464,0.181599,3.303869,3.1461
2026-09-03T19:04:59.897,672,STANDOFF_SETTLE,STANDOFF_SETTLE,1498,2,1788429899855.807,66.790,timestamp_domain.system_time,27033531.000,63.000,1,27033546.000,27033562.000,16.000,31.000,27033562.000,31.000,1,1,pnp_visible_ransac,9,1.877,-4.4027,0.180364,3.306883,3.1219
2026-09-03T19:04:59.964,673,STANDOFF_SETTLE,STANDOFF_SETTLE,1500,2,1788429899922.646,66.840,timestamp_domain.system_time,27033609.000,78.000,1,27033609.000,27033625.000,16.000,16.000,27033625.000,16.000,1,1,pnp_visible_ransac,9,1.298,-4.4753,0.177102,3.279460,3.0912
2026-09-03T19:05:00.030,674,STANDOFF_SETTLE,STANDOFF_SETTLE,1502,2,1788429899990.045,67.398,timestamp_domain.system_time,27033671.000,62.000,1,27033671.000,27033687.000,16.000,16.000,27033687.000,16.000,1,1,pnp_visible_ransac,9,1.579,-4.7038,0.180441,3.284168,3.1448
2026-09-03T19:05:00.104,675,STANDOFF_SETTLE,STANDOFF_SETTLE,1503,1,1788429900022.754,32.710,timestamp_domain.system_time,27033734.000,63.000,1,27033750.000,27033765.000,15.000,31.000,27033765.000,31.000,1,1,pnp_visible_ransac,9,1.533,-4.3712,0.181309,3.312059,3.1334
2026-09-03T19:05:00.177,676,STANDOFF_SETTLE,STANDOFF_SETTLE,1506,3,1788429900122.599,99.845,timestamp_domain.system_time,27033812.000,78.000,1,27033828.000,27033828.000,0.000,16.000,27033843.000,31.000,1,1,pnp_visible_ransac,9,1.508,-4.1107,0.177296,3.288866,3.0857
2026-09-03T19:05:00.241,677,STANDOFF_SETTLE,STANDOFF_SETTLE,1508,2,1788429900189.423,66.824,timestamp_domain.system_time,27033890.000,78.000,1,27033890.000,27033906.000,16.000,16.000,27033906.000,16.000,1,1,pnp_visible_ransac,9,1.490,-3.9635,0.178383,3.308054,3.0866
2026-09-03T19:05:00.304,678,STANDOFF_SETTLE,STANDOFF_SETTLE,1510,2,1788429900256.076,66.653,timestamp_domain.system_time,27033953.000,63.000,1,27033953.000,27033968.000,15.000,15.000,27033968.000,15.000,1,1,pnp_visible_ransac,9,1.796,-4.3651,0.180132,3.291675,3.1323
2026-09-03T19:05:00.366,679,STANDOFF_SETTLE,STANDOFF_SETTLE,1512,2,1788429900323.065,66.990,timestamp_domain.system_time,27034015.000,62.000,1,27034015.000,27034031.000,16.000,16.000,27034031.000,16.000,1,1,pnp_visible_ransac,9,1.513,-4.4409,0.178463,3.292492,3.1026
2026-09-03T19:05:00.429,680,STANDOFF_SETTLE,STANDOFF_SETTLE,1514,2,1788429900389.504,66.439,timestamp_domain.system_time,27034078.000,63.000,1,27034078.000,27034093.000,15.000,15.000,27034093.000,15.000,1,1,pnp_visible_ransac,9,1.718,-4.5992,0.180248,3.296213,3.1300
2026-09-03T19:05:00.492,681,STANDOFF_SETTLE,STANDOFF_SETTLE,1516,2,1788429900456.283,66.778,timestamp_domain.system_time,27034140.000,62.000,1,27034140.000,27034156.000,16.000,16.000,27034156.000,16.000,1,1,pnp_visible_ransac,9,1.394,-4.8240,0.181637,3.290758,3.1593
2026-09-03T19:05:00.556,682,STANDOFF_SETTLE,STANDOFF_SETTLE,1518,2,1788429900523.049,66.766,timestamp_domain.system_time,27034203.000,63.000,1,27034203.000,27034218.000,15.000,15.000,27034218.000,15.000,1,1,pnp_visible_ransac,9,1.764,-4.9873,0.189863,3.312139,3.2808
2026-09-03T19:05:00.620,683,STANDOFF_SETTLE,STANDOFF_SETTLE,1520,2,1788429900589.660,66.611,timestamp_domain.system_time,27034265.000,62.000,1,27034265.000,27034281.000,16.000,16.000,27034281.000,16.000,1,1,pnp_visible_ransac,9,1.577,-4.0389,0.178054,3.294744,3.0934
2026-09-03T19:05:00.684,684,STANDOFF_SETTLE,STANDOFF_SETTLE,1522,2,1788429900656.494,66.834,timestamp_domain.system_time,27034328.000,63.000,1,27034328.000,27034343.000,15.000,15.000,27034343.000,15.000,1,1,pnp_visible_ransac,9,1.469,-3.7537,0.173484,3.276404,3.0309
2026-09-03T19:05:00.753,685,STANDOFF_SETTLE,STANDOFF_SETTLE,1524,2,1788429900723.077,66.583,timestamp_domain.system_time,27034390.000,62.000,1,27034390.000,27034406.000,16.000,16.000,27034406.000,16.000,1,1,pnp_visible_ransac,9,1.388,-4.8442,0.182756,3.297231,3.1725
2026-09-03T19:05:00.818,686,STANDOFF_SETTLE,STANDOFF_SETTLE,1526,2,1788429900789.913,66.836,timestamp_domain.system_time,27034453.000,63.000,1,27034468.000,27034468.000,0.000,15.000,27034484.000,31.000,1,1,pnp_visible_ransac,9,1.467,-4.2484,0.180072,3.286893,3.1358
2026-09-03T19:05:00.887,687,STANDOFF_SETTLE,STANDOFF_SETTLE,1528,2,1788429900856.542,66.628,timestamp_domain.system_time,27034531.000,78.000,1,27034531.000,27034546.000,15.000,15.000,27034546.000,15.000,1,1,pnp_visible_ransac,9,1.813,-4.6473,0.183779,3.299951,3.1876
2026-09-03T19:05:00.959,688,STANDOFF_SETTLE,STANDOFF_SETTLE,1530,2,1788429900923.184,66.643,timestamp_domain.system_time,27034593.000,62.000,1,27034609.000,27034625.000,16.000,32.000,27034625.000,32.000,1,1,pnp_visible_ransac,9,1.358,-4.3926,0.177433,3.277100,3.0992
2026-09-03T19:05:01.048,689,STANDOFF_SETTLE,STANDOFF_SETTLE,1532,2,1788429900989.928,66.744,timestamp_domain.system_time,27034687.000,94.000,1,27034687.000,27034703.000,16.000,16.000,27034703.000,16.000,1,1,pnp_visible_ransac,9,1.606,-4.8795,0.183797,3.297750,3.1900
2026-09-03T19:05:01.134,690,STANDOFF_SETTLE,STANDOFF_SETTLE,1533,1,1788429901023.606,33.678,timestamp_domain.system_time,27034765.000,78.000,1,27034781.000,27034796.000,15.000,31.000,27034796.000,31.000,1,1,pnp_visible_ransac,9,1.848,-4.1569,0.176775,3.272630,3.0919
2026-09-03T19:05:01.210,691,STANDOFF_SETTLE,STANDOFF_SETTLE,1537,4,1788429901156.777,133.171,timestamp_domain.system_time,27034843.000,78.000,1,27034859.000,27034875.000,16.000,32.000,27034875.000,32.000,1,1,pnp_visible_ransac,9,1.658,-4.3987,0.180740,3.299361,3.1355
2026-09-03T19:05:01.281,692,STANDOFF_SETTLE,STANDOFF_SETTLE,1540,3,1788429901256.872,100.095,timestamp_domain.system_time,27034921.000,78.000,1,27034921.000,27034937.000,16.000,16.000,27034937.000,16.000,1,1,pnp_visible_ransac,9,1.357,-4.4759,0.177698,3.291081,3.0906
2026-09-03T19:05:01.353,693,STANDOFF_SETTLE,STANDOFF_SETTLE,1542,2,1788429901323.567,66.695,timestamp_domain.system_time,27035000.000,79.000,1,27035000.000,27035015.000,15.000,15.000,27035015.000,15.000,1,1,pnp_visible_ransac,9,1.543,-4.0469,0.176655,3.278472,3.0843
2026-09-03T19:05:01.419,694,STANDOFF_SETTLE,STANDOFF_SETTLE,1544,2,1788429901390.150,66.583,timestamp_domain.system_time,27035062.000,62.000,1,27035062.000,27035078.000,16.000,16.000,27035078.000,16.000,1,1,pnp_visible_ransac,9,1.420,-3.6201,0.175140,3.275874,3.0603
2026-09-03T19:05:01.483,695,STANDOFF_SETTLE,STANDOFF_SETTLE,1546,2,1788429901456.976,66.826,timestamp_domain.system_time,27035125.000,63.000,1,27035125.000,27035140.000,15.000,15.000,27035140.000,15.000,1,1,pnp_visible_ransac,9,1.567,-4.1859,0.179686,3.287572,3.1284
2026-09-03T19:05:01.545,696,STANDOFF_SETTLE,STANDOFF_SETTLE,1548,2,1788429901523.628,66.652,timestamp_domain.system_time,27035187.000,62.000,1,27035187.000,27035203.000,16.000,16.000,27035203.000,16.000,1,1,pnp_visible_ransac,9,1.733,-4.7514,0.184763,3.309367,3.1955
2026-09-03T19:05:01.610,697,STANDOFF_SETTLE,STANDOFF_SETTLE,1549,1,1788429901557.025,33.397,timestamp_domain.system_time,27035250.000,63.000,1,27035250.000,27035265.000,15.000,15.000,27035265.000,15.000,1,1,pnp_visible_ransac,9,1.314,-3.9747,0.173593,3.279062,3.0304
2026-09-03T19:05:01.676,698,STANDOFF_SETTLE,STANDOFF_SETTLE,1551,2,1788429901624.152,67.127,timestamp_domain.system_time,27035312.000,62.000,1,27035328.000,27035328.000,0.000,16.000,27035328.000,16.000,1,1,pnp_visible_ransac,9,1.771,-3.8426,0.176483,3.274566,3.0850
2026-09-03T19:05:01.741,699,STANDOFF_SETTLE,STANDOFF_SETTLE,1553,2,1788429901690.363,66.211,timestamp_domain.system_time,27035390.000,78.000,1,27035390.000,27035406.000,16.000,16.000,27035406.000,16.000,1,1,pnp_visible_ransac,9,1.396,-4.0821,0.174856,3.281358,3.0503
2026-09-03T19:05:01.807,700,STANDOFF_SETTLE,STANDOFF_SETTLE,1555,2,1788429901757.086,66.723,timestamp_domain.system_time,27035453.000,63.000,1,27035453.000,27035468.000,15.000,15.000,27035468.000,15.000,1,1,pnp_visible_ransac,9,1.743,-4.1394,0.176285,3.282360,3.0742
2026-09-03T19:05:01.872,701,STANDOFF_SETTLE,STANDOFF_SETTLE,1557,2,1788429901823.931,66.845,timestamp_domain.system_time,27035515.000,62.000,1,27035515.000,27035531.000,16.000,16.000,27035531.000,16.000,1,1,pnp_visible_ransac,9,1.083,-4.4702,0.177492,3.300743,3.0780
2026-09-03T19:05:01.936,702,STANDOFF_SETTLE,STANDOFF_SETTLE,1559,2,1788429901890.793,66.862,timestamp_domain.system_time,27035578.000,63.000,1,27035578.000,27035593.000,15.000,15.000,27035593.000,15.000,1,1,pnp_visible_ransac,9,1.720,-3.8285,0.178918,3.305373,3.0984
2026-09-03T19:05:01.999,703,STANDOFF_SETTLE,STANDOFF_SETTLE,1561,2,1788429901957.251,66.458,timestamp_domain.system_time,27035640.000,62.000,1,27035640.000,27035656.000,16.000,16.000,27035656.000,16.000,1,1,pnp_visible_ransac,9,1.437,-3.9078,0.173321,3.270026,3.0340
2026-09-03T19:05:02.063,704,STANDOFF_SETTLE,STANDOFF_SETTLE,1563,2,1788429902023.988,66.737,timestamp_domain.system_time,27035703.000,63.000,1,27035703.000,27035718.000,15.000,15.000,27035718.000,15.000,1,1,pnp_visible_ransac,9,1.124,-4.2331,0.171739,3.284388,2.9932
2026-09-03T19:05:02.187,705,STANDOFF_SETTLE,STANDOFF_SETTLE,1566,3,1788429902124.740,100.753,timestamp_domain.system_time,27035828.000,125.000,1,27035828.000,27035843.000,15.000,15.000,27035843.000,15.000,1,1,pnp_visible_ransac,9,1.240,-4.0609,0.175012,3.276843,3.0572
2026-09-03T19:05:02.261,706,STANDOFF_SETTLE,STANDOFF_SETTLE,1569,3,1788429902224.233,99.493,timestamp_domain.system_time,27035906.000,78.000,1,27035906.000,27035921.000,15.000,15.000,27035921.000,15.000,1,1,pnp_visible_ransac,9,1.523,-4.1300,0.179540,3.302135,3.1122
2026-09-03T19:05:02.328,707,STANDOFF_SETTLE,STANDOFF_SETTLE,1571,2,1788429902290.817,66.584,timestamp_domain.system_time,27035968.000,62.000,1,27035968.000,27035984.000,16.000,16.000,27035984.000,16.000,1,1,pnp_visible_ransac,9,1.623,-4.9931,0.187664,3.326244,3.2292
2026-09-03T19:05:02.396,708,STANDOFF_SETTLE,STANDOFF_SETTLE,1573,2,1788429902357.571,66.754,timestamp_domain.system_time,27036046.000,78.000,1,27036046.000,27036062.000,16.000,16.000,27036062.000,16.000,1,1,pnp_visible_ransac,9,1.742,-4.4189,0.180630,3.296132,3.1367
2026-09-03T19:05:02.461,709,STANDOFF_SETTLE,STANDOFF_SETTLE,1575,2,1788429902424.236,66.665,timestamp_domain.system_time,27036109.000,63.000,1,27036109.000,27036125.000,16.000,16.000,27036125.000,16.000,1,1,pnp_visible_ransac,9,1.565,-4.3804,0.178786,3.298117,3.1029
2026-09-03T19:05:02.527,710,STANDOFF_SETTLE,STANDOFF_SETTLE,1577,2,1788429902491.042,66.807,timestamp_domain.system_time,27036171.000,62.000,1,27036171.000,27036187.000,16.000,16.000,27036187.000,16.000,1,1,pnp_visible_ransac,9,1.560,-4.0768,0.175794,3.294131,3.0547
2026-09-03T19:05:02.595,711,STANDOFF_SETTLE,STANDOFF_SETTLE,1579,2,1788429902557.709,66.667,timestamp_domain.system_time,27036234.000,63.000,1,27036234.000,27036250.000,16.000,16.000,27036250.000,16.000,1,1,pnp_visible_ransac,9,1.187,-4.1555,0.178014,3.296406,3.0911
2026-09-03T19:05:02.662,712,STANDOFF_SETTLE,STANDOFF_SETTLE,1581,2,1788429902624.454,66.745,timestamp_domain.system_time,27036296.000,62.000,1,27036312.000,27036328.000,16.000,32.000,27036328.000,32.000,1,1,pnp_visible_ransac,9,1.364,-4.4406,0.176396,3.278679,3.0796
2026-09-03T19:05:02.733,713,STANDOFF_SETTLE,STANDOFF_SETTLE,1583,2,1788429902691.125,66.671,timestamp_domain.system_time,27036375.000,79.000,1,27036375.000,27036390.000,15.000,15.000,27036390.000,15.000,1,1,pnp_visible_ransac,9,1.666,-4.1594,0.177168,3.277933,3.0938
2026-09-03T19:05:02.797,714,STANDOFF_SETTLE,STANDOFF_SETTLE,1585,2,1788429902757.936,66.811,timestamp_domain.system_time,27036437.000,62.000,1,27036437.000,27036453.000,16.000,16.000,27036453.000,16.000,1,1,pnp_visible_ransac,9,1.196,-4.8480,0.179997,3.282215,3.1390
2026-09-03T19:05:02.862,715,STANDOFF_SETTLE,STANDOFF_SETTLE,1587,2,1788429902824.521,66.585,timestamp_domain.system_time,27036500.000,63.000,1,27036500.000,27036515.000,15.000,15.000,27036515.000,15.000,1,1,pnp_visible_ransac,9,1.590,-4.4643,0.179963,3.280818,3.1397
2026-09-03T19:05:02.928,716,STANDOFF_SETTLE,STANDOFF_SETTLE,1589,2,1788429902891.354,66.833,timestamp_domain.system_time,27036578.000,78.000,1,27036578.000,27036593.000,15.000,15.000,27036593.000,15.000,1,1,pnp_visible_ransac,9,1.435,-3.7449,0.175409,3.279275,3.0618
2026-09-03T19:05:02.991,717,STANDOFF_SETTLE,STANDOFF_SETTLE,1591,2,1788429902958.049,66.694,timestamp_domain.system_time,27036640.000,62.000,1,27036640.000,27036656.000,16.000,16.000,27036656.000,16.000,1,1,pnp_visible_ransac,9,1.642,-3.9426,0.176428,3.284705,3.0745
2026-09-03T19:05:03.056,718,STANDOFF_SETTLE,STANDOFF_SETTLE,1593,2,1788429903025.518,67.469,timestamp_domain.system_time,27036703.000,63.000,1,27036703.000,27036718.000,15.000,15.000,27036718.000,15.000,1,1,pnp_visible_ransac,9,1.118,-4.6193,0.176272,3.310016,3.0484
2026-09-03T19:05:03.131,719,STANDOFF_SETTLE,STANDOFF_SETTLE,1594,1,1788429903058.134,32.616,timestamp_domain.system_time,27036765.000,62.000,1,27036781.000,27036796.000,15.000,31.000,27036796.000,31.000,1,1,pnp_visible_ransac,9,1.045,-3.8455,0.173872,3.291068,3.0242
2026-09-03T19:05:03.221,720,STANDOFF_SETTLE,STANDOFF_SETTLE,1595,1,1788429903092.095,33.962,timestamp_domain.system_time,27036859.000,94.000,1,27036859.000,27036875.000,16.000,16.000,27036875.000,16.000,1,1,pnp_visible_ransac,9,1.625,-4.1706,0.176181,3.294769,3.0609
2026-09-03T19:05:03.312,721,STANDOFF_SETTLE,STANDOFF_SETTLE,1600,5,1788429903258.136,166.041,timestamp_domain.system_time,27036953.000,94.000,1,27036953.000,27036968.000,15.000,15.000,27036968.000,15.000,1,1,pnp_visible_ransac,9,1.551,-4.4330,0.180008,3.298905,3.1233
2026-09-03T19:05:03.389,722,STANDOFF_SETTLE,STANDOFF_SETTLE,1603,3,1788429903358.236,100.100,timestamp_domain.system_time,27037031.000,78.000,1,27037031.000,27037046.000,15.000,15.000,27037046.000,15.000,1,1,pnp_visible_ransac,9,1.544,-4.3089,0.183579,3.313818,3.1708
2026-09-03T19:05:03.462,723,STANDOFF_SETTLE,STANDOFF_SETTLE,1605,2,1788429903425.081,66.845,timestamp_domain.system_time,27037109.000,78.000,1,27037109.000,27037125.000,16.000,16.000,27037125.000,16.000,1,1,pnp_visible_ransac,9,1.335,-4.1138,0.174274,3.280937,3.0405
2026-09-03T19:05:03.531,724,STANDOFF_SETTLE,STANDOFF_SETTLE,1607,2,1788429903491.774,66.693,timestamp_domain.system_time,27037171.000,62.000,1,27037171.000,27037187.000,16.000,16.000,27037187.000,16.000,1,1,pnp_visible_ransac,9,1.715,-3.8922,0.179524,3.278615,3.1342
2026-09-03T19:05:03.605,725,STANDOFF_VERIFY,STANDOFF_VERIFY,1609,2,1788429903558.386,66.612,timestamp_domain.system_time,27037250.000,79.000,1,27037250.000,27037265.000,15.000,15.000,27037265.000,15.000,1,1,pnp_visible_ransac,9,1.560,-4.1697,0.180788,3.297894,3.1378
2026-09-03T19:05:03.674,726,STANDOFF_VERIFY,STANDOFF_VERIFY,1611,2,1788429903625.079,66.692,timestamp_domain.system_time,27037312.000,62.000,1,27037312.000,27037328.000,16.000,16.000,27037328.000,16.000,1,1,pnp_visible_ransac,9,1.760,-3.9955,0.177757,3.274798,3.1070
2026-09-03T19:05:03.740,727,STANDOFF_VERIFY,STANDOFF_VERIFY,1613,2,1788429903692.156,67.077,timestamp_domain.system_time,27037375.000,63.000,1,27037390.000,27037406.000,16.000,31.000,27037406.000,31.000,1,1,pnp_visible_ransac,9,1.465,-4.3249,0.178559,3.296465,3.1005
2026-09-03T19:05:03.806,728,STANDOFF_VERIFY,STANDOFF_VERIFY,1615,2,1788429903758.833,66.678,timestamp_domain.system_time,27037453.000,78.000,1,27037453.000,27037468.000,15.000,15.000,27037468.000,15.000,1,1,pnp_visible_ransac,9,1.412,-4.0965,0.179084,3.298295,3.1079
2026-09-03T19:05:03.875,729,STANDOFF_VERIFY,STANDOFF_VERIFY,1617,2,1788429903825.281,66.448,timestamp_domain.system_time,27037515.000,62.000,1,27037515.000,27037531.000,16.000,16.000,27037531.000,16.000,1,1,pnp_visible_ransac,9,1.420,-4.2966,0.179303,3.300292,3.1098
2026-09-03T19:05:03.945,730,STANDOFF_VERIFY,STANDOFF_VERIFY,1619,2,1788429903892.210,66.928,timestamp_domain.system_time,27037593.000,78.000,1,27037593.000,27037609.000,16.000,16.000,27037609.000,16.000,1,1,pnp_visible_ransac,9,1.722,-4.2048,0.180516,3.291170,3.1395
2026-09-03T19:05:04.012,731,STANDOFF_VERIFY,STANDOFF_VERIFY,1621,2,1788429903958.832,66.622,timestamp_domain.system_time,27037656.000,63.000,1,27037656.000,27037671.000,15.000,15.000,27037671.000,15.000,1,1,pnp_visible_ransac,9,1.662,-4.7735,0.185507,3.305088,3.2125
2026-09-03T19:05:04.083,732,STANDOFF_VERIFY,STANDOFF_VERIFY,1623,2,1788429904026.407,67.575,timestamp_domain.system_time,27037718.000,62.000,1,27037718.000,27037734.000,16.000,16.000,27037750.000,32.000,1,1,pnp_visible_ransac,9,2.150,-3.9164,0.179127,3.289620,3.1168
2026-09-03T19:05:04.155,733,STANDOFF_VERIFY,STANDOFF_VERIFY,1624,1,1788429904059.235,32.828,timestamp_domain.system_time,27037796.000,78.000,1,27037796.000,27037812.000,16.000,16.000,27037812.000,16.000,1,1,pnp_visible_ransac,9,1.477,-4.2074,0.177645,3.282972,3.0973
2026-09-03T19:05:04.224,734,STANDOFF_VERIFY,STANDOFF_VERIFY,1628,4,1788429904192.196,132.961,timestamp_domain.system_time,27037859.000,63.000,1,27037875.000,27037875.000,0.000,16.000,27037890.000,31.000,1,1,pnp_visible_ransac,9,1.349,-3.7970,0.175960,3.303780,3.0487
2026-09-03T19:05:04.298,735,STANDOFF_VERIFY,STANDOFF_VERIFY,1630,2,1788429904258.976,66.779,timestamp_domain.system_time,27037937.000,78.000,1,27037937.000,27037953.000,16.000,16.000,27037953.000,16.000,1,1,pnp_visible_ransac,9,2.154,-3.9267,0.175713,3.269995,3.0758
2026-09-03T19:05:04.363,736,STANDOFF_VERIFY,STANDOFF_VERIFY,1632,2,1788429904325.610,66.634,timestamp_domain.system_time,27038000.000,63.000,1,27038000.000,27038015.000,15.000,15.000,27038015.000,15.000,1,1,pnp_visible_ransac,9,1.364,-3.9972,0.175638,3.272903,3.0718
2026-09-03T19:05:04.432,737,STANDOFF_VERIFY,STANDOFF_VERIFY,1634,2,1788429904392.408,66.799,timestamp_domain.system_time,27038078.000,78.000,1,27038078.000,27038093.000,15.000,15.000,27038093.000,15.000,1,1,pnp_visible_ransac,9,1.332,-4.7218,0.181196,3.304826,3.1383
2026-09-03T19:05:04.496,738,STANDOFF_VERIFY,STANDOFF_VERIFY,1636,2,1788429904459.031,66.622,timestamp_domain.system_time,27038140.000,62.000,1,27038140.000,27038156.000,16.000,16.000,27038156.000,16.000,1,1,pnp_visible_ransac,9,1.600,-4.2534,0.176889,3.283695,3.0835
2026-09-03T19:05:04.563,739,STANDOFF_VERIFY,STANDOFF_VERIFY,1638,2,1788429904525.958,66.928,timestamp_domain.system_time,27038203.000,63.000,1,27038203.000,27038218.000,15.000,15.000,27038218.000,15.000,1,1,pnp_visible_ransac,9,1.779,-3.7751,0.174290,3.269613,3.0513
2026-09-03T19:05:04.627,740,STANDOFF_VERIFY,STANDOFF_VERIFY,1640,2,1788429904592.401,66.443,timestamp_domain.system_time,27038265.000,62.000,1,27038265.000,27038281.000,16.000,16.000,27038281.000,16.000,1,1,pnp_visible_ransac,9,1.616,-4.1926,0.177520,3.274303,3.1033
2026-09-03T19:05:04.691,741,STANDOFF_VERIFY,STANDOFF_VERIFY,1642,2,1788429904659.334,66.933,timestamp_domain.system_time,27038328.000,63.000,1,27038343.000,27038343.000,0.000,15.000,27038343.000,15.000,1,1,pnp_visible_ransac,9,1.696,-4.6063,0.182785,3.315857,3.1552
2026-09-03T19:05:04.755,742,STANDOFF_VERIFY,STANDOFF_VERIFY,1644,2,1788429904725.889,66.554,timestamp_domain.system_time,27038390.000,62.000,1,27038406.000,27038421.000,15.000,31.000,27038421.000,31.000,1,1,pnp_visible_ransac,9,1.276,-4.0806,0.175354,3.294960,3.0463
2026-09-03T19:05:04.818,743,STANDOFF_VERIFY,STANDOFF_VERIFY,1646,2,1788429904792.476,66.587,timestamp_domain.system_time,27038468.000,78.000,1,27038468.000,27038484.000,16.000,16.000,27038484.000,16.000,1,1,pnp_visible_ransac,9,1.219,-4.6183,0.177343,3.277857,3.0969
2026-09-03T19:05:04.882,744,STANDOFF_VERIFY,STANDOFF_VERIFY,1648,2,1788429904859.264,66.788,timestamp_domain.system_time,27038531.000,63.000,1,27038531.000,27038546.000,15.000,15.000,27038546.000,15.000,1,1,pnp_visible_ransac,9,1.326,-4.2363,0.177628,3.284635,3.0954
2026-09-03T19:05:04.947,745,STANDOFF_VERIFY,STANDOFF_VERIFY,1650,2,1788429904926.048,66.784,timestamp_domain.system_time,27038593.000,62.000,1,27038593.000,27038609.000,16.000,16.000,27038609.000,16.000,1,1,pnp_visible_ransac,9,1.800,-4.1278,0.179694,3.293114,3.1233
2026-09-03T19:05:05.011,746,STANDOFF_VERIFY,STANDOFF_VERIFY,1651,1,1788429904959.449,33.401,timestamp_domain.system_time,27038656.000,63.000,1,27038656.000,27038671.000,15.000,15.000,27038671.000,15.000,1,1,pnp_visible_ransac,9,1.463,-4.5482,0.182037,3.319635,3.1388
2026-09-03T19:05:05.078,747,STANDOFF_VERIFY,STANDOFF_VERIFY,1653,2,1788429905026.089,66.639,timestamp_domain.system_time,27038718.000,62.000,1,27038718.000,27038734.000,16.000,16.000,27038734.000,16.000,1,1,pnp_visible_ransac,9,1.816,-3.7683,0.172435,3.263216,3.0248
2026-09-03T19:05:05.148,748,STANDOFF_VERIFY,STANDOFF_VERIFY,1654,1,1788429905059.602,33.513,timestamp_domain.system_time,27038796.000,78.000,1,27038796.000,27038812.000,16.000,16.000,27038812.000,16.000,1,1,pnp_visible_ransac,9,1.392,-4.3612,0.176220,3.284875,3.0707
2026-09-03T19:05:05.214,749,STANDOFF_VERIFY,STANDOFF_VERIFY,1657,3,1788429905159.763,100.161,timestamp_domain.system_time,27038859.000,63.000,1,27038859.000,27038875.000,16.000,16.000,27038875.000,16.000,1,1,pnp_visible_ransac,9,1.516,-4.1893,0.178428,3.280973,3.1128
2026-09-03T19:05:05.281,750,STANDOFF_VERIFY,STANDOFF_VERIFY,1659,2,1788429905226.222,66.459,timestamp_domain.system_time,27038921.000,62.000,1,27038921.000,27038937.000,16.000,16.000,27038937.000,16.000,1,1,pnp_visible_ransac,9,1.466,-4.5854,0.181116,3.290439,3.1506
2026-09-03T19:05:05.358,751,STANDOFF_VERIFY,STANDOFF_VERIFY,1662,3,1788429905326.231,100.009,timestamp_domain.system_time,27039000.000,79.000,1,27039000.000,27039015.000,15.000,15.000,27039015.000,15.000,1,1,pnp_visible_ransac,9,1.645,-3.5173,0.177997,3.294351,3.0927
2026-09-03T19:05:05.455,752,STANDOFF_VERIFY,STANDOFF_VERIFY,1664,2,1788429905393.021,66.790,timestamp_domain.system_time,27039093.000,93.000,1,27039093.000,27039109.000,16.000,16.000,27039109.000,16.000,1,1,pnp_visible_ransac,9,1.349,-3.9834,0.175491,3.286323,3.0567
2026-09-03T19:05:05.540,753,STANDOFF_VERIFY,STANDOFF_VERIFY,1667,3,1788429905493.034,100.013,timestamp_domain.system_time,27039171.000,78.000,1,27039187.000,27039203.000,16.000,32.000,27039203.000,32.000,1,1,pnp_visible_ransac,9,1.078,-4.2924,0.174457,3.296717,3.0292
2026-09-03T19:05:05.611,754,STANDOFF_VERIFY,STANDOFF_VERIFY,1669,2,1788429905560.021,66.987,timestamp_domain.system_time,27039250.000,79.000,1,27039250.000,27039265.000,15.000,15.000,27039265.000,15.000,1,1,pnp_visible_ransac,9,1.813,-4.6814,0.180026,3.288281,3.1337
2026-09-03T19:05:05.679,755,STANDOFF_VERIFY,STANDOFF_VERIFY,1671,2,1788429905626.691,66.670,timestamp_domain.system_time,27039312.000,62.000,1,27039328.000,27039343.000,15.000,31.000,27039343.000,31.000,1,1,pnp_visible_ransac,9,1.821,-4.3266,0.177722,3.287893,3.0940
2026-09-03T19:05:05.743,756,STANDOFF_VERIFY,STANDOFF_VERIFY,1673,2,1788429905693.158,66.467,timestamp_domain.system_time,27039390.000,78.000,1,27039390.000,27039406.000,16.000,16.000,27039406.000,16.000,1,1,pnp_visible_ransac,9,1.464,-4.4223,0.177646,3.279967,3.1002
2026-09-03T19:05:05.810,757,STANDOFF_VERIFY,STANDOFF_VERIFY,1675,2,1788429905759.950,66.791,timestamp_domain.system_time,27039453.000,63.000,1,27039453.000,27039468.000,15.000,15.000,27039468.000,15.000,1,1,pnp_visible_ransac,9,1.708,-4.3139,0.181104,3.288943,3.1518
2026-09-03T19:05:05.880,758,STANDOFF_VERIFY,STANDOFF_VERIFY,1677,2,1788429905826.739,66.790,timestamp_domain.system_time,27039515.000,62.000,1,27039531.000,27039531.000,0.000,16.000,27039546.000,31.000,1,1,pnp_visible_ransac,9,1.783,-3.9779,0.179682,3.311239,3.1061
2026-09-03T19:05:05.951,759,STANDOFF_VERIFY,STANDOFF_VERIFY,1680,3,1788429905926.716,99.976,timestamp_domain.system_time,27039593.000,78.000,1,27039593.000,27039609.000,16.000,16.000,27039609.000,16.000,1,1,pnp_visible_ransac,9,1.489,-4.0646,0.174226,3.268930,3.0508
2026-09-03T19:05:06.018,760,STANDOFF_VERIFY,STANDOFF_VERIFY,1682,2,1788429905993.493,66.777,timestamp_domain.system_time,27039656.000,63.000,1,27039656.000,27039671.000,15.000,15.000,27039671.000,15.000,1,1,pnp_visible_ransac,9,1.782,-3.9862,0.175836,3.258299,3.0890
2026-09-03T19:05:06.089,761,STANDOFF_VERIFY,STANDOFF_VERIFY,1684,2,1788429906060.316,66.823,timestamp_domain.system_time,27039734.000,78.000,1,27039734.000,27039750.000,16.000,16.000,27039750.000,16.000,1,1,pnp_visible_ransac,9,1.379,-4.3145,0.178023,3.289298,3.0979
2026-09-03T19:05:06.237,762,STANDOFF_VERIFY,STANDOFF_VERIFY,1687,3,1788429906160.705,100.389,timestamp_domain.system_time,27039859.000,125.000,1,27039875.000,27039890.000,15.000,31.000,27039890.000,31.000,1,1,pnp_visible_ransac,9,1.414,-4.2286,0.181377,3.298769,3.1471
2026-09-03T19:05:06.316,763,STANDOFF_VERIFY,STANDOFF_VERIFY,1691,4,1788429906293.683,132.978,timestamp_domain.system_time,27039953.000,94.000,1,27039968.000,27039968.000,0.000,15.000,27039968.000,15.000,1,1,pnp_visible_ransac,9,1.346,-3.9730,0.176332,3.297277,3.0612
2026-09-03T19:05:06.377,764,STANDOFF_VERIFY,STANDOFF_VERIFY,1692,1,1788429906327.054,33.372,timestamp_domain.system_time,27040015.000,62.000,1,27040031.000,27040031.000,0.000,16.000,27040031.000,16.000,1,1,pnp_visible_ransac,9,1.404,-4.3682,0.178314,3.302267,3.0908
2026-09-03T19:05:06.440,765,STANDOFF_VERIFY,STANDOFF_VERIFY,1694,2,1788429906393.748,66.694,timestamp_domain.system_time,27040078.000,63.000,1,27040078.000,27040093.000,15.000,15.000,27040093.000,15.000,1,1,pnp_visible_ransac,9,1.492,-4.9710,0.182492,3.314160,3.1518
2026-09-03T19:05:06.502,766,STANDOFF_VERIFY,STANDOFF_VERIFY,1696,2,1788429906460.762,67.014,timestamp_domain.system_time,27040140.000,62.000,1,27040156.000,27040156.000,0.000,16.000,27040156.000,16.000,1,1,pnp_visible_ransac,9,1.053,-5.1730,0.183127,3.332155,3.1457
2026-09-03T19:05:06.563,767,STANDOFF_VERIFY,STANDOFF_VERIFY,1698,2,1788429906527.238,66.475,timestamp_domain.system_time,27040203.000,63.000,1,27040203.000,27040218.000,15.000,15.000,27040218.000,15.000,1,1,pnp_visible_ransac,9,1.585,-4.4002,0.176209,3.279396,3.0757
2026-09-03T19:05:06.625,768,STANDOFF_VERIFY,STANDOFF_VERIFY,1700,2,1788429906593.952,66.714,timestamp_domain.system_time,27040265.000,62.000,1,27040265.000,27040281.000,16.000,16.000,27040281.000,16.000,1,1,pnp_visible_ransac,9,1.728,-3.9865,0.178935,3.289936,3.1132
2026-09-03T19:05:06.691,769,STANDOFF_VERIFY,STANDOFF_VERIFY,1702,2,1788429906660.689,66.737,timestamp_domain.system_time,27040328.000,63.000,1,27040328.000,27040343.000,15.000,15.000,27040343.000,15.000,1,1,pnp_visible_ransac,9,1.761,-4.1859,0.179630,3.295293,3.1202
2026-09-03T19:05:06.753,770,STANDOFF_VERIFY,STANDOFF_VERIFY,1704,2,1788429906727.522,66.833,timestamp_domain.system_time,27040390.000,62.000,1,27040406.000,27040406.000,0.000,16.000,27040406.000,16.000,1,1,pnp_visible_ransac,9,1.819,-4.4671,0.179137,3.285677,3.1207
2026-09-03T19:05:06.814,771,STANDOFF_VERIFY,STANDOFF_VERIFY,1706,2,1788429906794.005,66.483,timestamp_domain.system_time,27040453.000,63.000,1,27040453.000,27040468.000,15.000,15.000,27040468.000,15.000,1,1,pnp_visible_ransac,9,1.762,-3.9607,0.175812,3.286709,3.0619
2026-09-03T19:05:06.876,772,STANDOFF_VERIFY,STANDOFF_VERIFY,1707,1,1788429906827.269,33.264,timestamp_domain.system_time,27040515.000,62.000,1,27040515.000,27040531.000,16.000,16.000,27040531.000,16.000,1,1,pnp_visible_ransac,9,1.642,-3.7656,0.174251,3.257426,3.0620
2026-09-03T19:05:06.938,773,STANDOFF_VERIFY,STANDOFF_VERIFY,1709,2,1788429906894.104,66.835,timestamp_domain.system_time,27040578.000,63.000,1,27040578.000,27040593.000,15.000,15.000,27040593.000,15.000,1,1,pnp_visible_ransac,9,1.678,-3.8208,0.175386,3.296471,3.0455
2026-09-03T19:05:06.999,774,STANDOFF_VERIFY,STANDOFF_VERIFY,1711,2,1788429906960.820,66.716,timestamp_domain.system_time,27040640.000,62.000,1,27040640.000,27040656.000,16.000,16.000,27040656.000,16.000,1,1,pnp_visible_ransac,9,1.081,-4.8797,0.179926,3.295634,3.1250
2026-09-03T19:05:07.061,775,STANDOFF_VERIFY,STANDOFF_VERIFY,1713,2,1788429907027.531,66.711,timestamp_domain.system_time,27040703.000,63.000,1,27040703.000,27040718.000,15.000,15.000,27040718.000,15.000,1,1,pnp_visible_ransac,9,1.607,-4.2976,0.177389,3.286095,3.0899
2026-09-03T19:05:07.127,776,STANDOFF_VERIFY,STANDOFF_VERIFY,1714,1,1788429907060.813,33.282,timestamp_domain.system_time,27040765.000,62.000,1,27040765.000,27040781.000,16.000,16.000,27040781.000,16.000,1,1,pnp_visible_ransac,9,1.894,-4.1860,0.178406,3.285777,3.1079
2026-09-03T19:05:07.225,777,STANDOFF_VERIFY,STANDOFF_VERIFY,1717,3,1788429907161.030,100.217,timestamp_domain.system_time,27040859.000,94.000,1,27040859.000,27040890.000,31.000,31.000,27040890.000,31.000,1,1,pnp_visible_ransac,9,1.596,-4.2555,0.178120,3.302375,3.0874
2026-09-03T19:05:07.289,778,STANDOFF_VERIFY,STANDOFF_VERIFY,1720,3,1788429907261.025,99.995,timestamp_domain.system_time,27040937.000,78.000,1,27040937.000,27040953.000,16.000,16.000,27040953.000,16.000,1,1,pnp_visible_ransac,9,1.219,-4.4962,0.177948,3.292614,3.0935
2026-09-03T19:05:07.349,779,STANDOFF_VERIFY,STANDOFF_VERIFY,1722,2,1788429907327.780,66.755,timestamp_domain.system_time,27041000.000,63.000,1,27041000.000,27041000.000,0.000,0.000,27041015.000,15.000,1,1,pnp_visible_ransac,9,1.600,-3.8291,0.177357,3.305176,3.0716
2026-09-03T19:05:07.409,780,STANDOFF_VERIFY,STANDOFF_VERIFY,1723,1,1788429907361.125,33.345,timestamp_domain.system_time,27041046.000,46.000,1,27041062.000,27041062.000,0.000,16.000,27041062.000,16.000,1,1,pnp_visible_ransac,9,1.607,-4.1866,0.177135,3.288592,3.0832
2026-09-03T19:05:07.472,781,STANDOFF_VERIFY,STANDOFF_VERIFY,1725,2,1788429907428.181,67.056,timestamp_domain.system_time,27041109.000,63.000,1,27041125.000,27041125.000,0.000,16.000,27041125.000,16.000,1,1,pnp_visible_ransac,9,1.665,-4.5236,0.182109,3.291065,3.1672
2026-09-03T19:05:07.535,782,STANDOFF_VERIFY,STANDOFF_VERIFY,1727,2,1788429907494.501,66.320,timestamp_domain.system_time,27041171.000,62.000,1,27041187.000,27041187.000,0.000,16.000,27041187.000,16.000,1,1,pnp_visible_ransac,9,1.145,-4.4461,0.179009,3.291889,3.1126
2026-09-03T19:05:07.613,783,STANDOFF_VERIFY,STANDOFF_VERIFY,1729,2,1788429907561.031,66.530,timestamp_domain.system_time,27041250.000,79.000,1,27041250.000,27041265.000,15.000,15.000,27041265.000,15.000,1,1,pnp_visible_ransac,9,1.298,-3.6971,0.175004,3.285185,3.0493
2026-09-03T19:05:07.697,784,STANDOFF_VERIFY,STANDOFF_VERIFY,1732,3,1788429907661.258,100.226,timestamp_domain.system_time,27041328.000,78.000,1,27041343.000,27041359.000,16.000,31.000,27041359.000,31.000,1,1,pnp_visible_ransac,9,1.767,-4.3627,0.180054,3.281085,3.1410
2026-09-03T19:05:07.771,785,STANDOFF_VERIFY,STANDOFF_VERIFY,1734,2,1788429907728.071,66.813,timestamp_domain.system_time,27041406.000,78.000,1,27041421.000,27041421.000,0.000,15.000,27041437.000,31.000,1,1,pnp_visible_ransac,9,1.186,-4.0782,0.179119,3.321960,3.0864
2026-09-03T19:05:07.839,786,STANDOFF_VERIFY,STANDOFF_VERIFY,1736,2,1788429907794.643,66.572,timestamp_domain.system_time,27041484.000,78.000,1,27041484.000,27041500.000,16.000,16.000,27041500.000,16.000,1,1,pnp_visible_ransac,9,1.499,-4.1687,0.179837,3.291278,3.1276
2026-09-03T19:05:07.904,787,STANDOFF_VERIFY,STANDOFF_VERIFY,1738,2,1788429907861.396,66.753,timestamp_domain.system_time,27041546.000,62.000,1,27041546.000,27041562.000,16.000,16.000,27041562.000,16.000,1,1,pnp_visible_ransac,9,1.747,-5.0700,0.185691,3.314677,3.2064
2026-09-03T19:05:07.970,788,STANDOFF_VERIFY,STANDOFF_VERIFY,1740,2,1788429907928.152,66.756,timestamp_domain.system_time,27041609.000,63.000,1,27041609.000,27041625.000,16.000,16.000,27041625.000,16.000,1,1,pnp_visible_ransac,9,1.587,-4.7451,0.186039,3.326051,3.2014
2026-09-03T19:05:08.037,789,STANDOFF_VERIFY,STANDOFF_VERIFY,1742,2,1788429907994.796,66.643,timestamp_domain.system_time,27041671.000,62.000,1,27041687.000,27041703.000,16.000,32.000,27041703.000,32.000,1,1,pnp_visible_ransac,9,1.386,-4.5105,0.177702,3.277721,3.1033
2026-09-03T19:05:08.103,790,STANDOFF_VERIFY,STANDOFF_VERIFY,1744,2,1788429908062.603,67.807,timestamp_domain.system_time,27041750.000,79.000,1,27041750.000,27041765.000,15.000,15.000,27041765.000,15.000,1,1,pnp_visible_ransac,9,1.581,-4.2130,0.177554,3.302300,3.0776
2026-09-03T19:05:08.180,791,STANDOFF_MOVE,STANDOFF_MOVE,1745,1,1788429908094.979,32.377,timestamp_domain.system_time,27041812.000,62.000,1,27041828.000,27041843.000,15.000,31.000,27041843.000,31.000,1,1,pnp_visible_ransac,9,1.705,-3.9747,0.178182,3.290940,3.0992
2026-09-03T19:05:08.250,792,STANDOFF_MOVE,STANDOFF_MOVE,1748,3,1788429908195.173,100.194,timestamp_domain.system_time,27041890.000,78.000,1,27041890.000,27041906.000,16.000,16.000,27041906.000,16.000,1,1,pnp_visible_ransac,9,1.702,-3.9693,0.175864,3.281391,3.0678
2026-09-03T19:05:08.321,793,STANDOFF_MOVE,STANDOFF_MOVE,1751,3,1788429908295.021,99.847,timestamp_domain.system_time,27041968.000,78.000,1,27041968.000,27041984.000,16.000,16.000,27041984.000,16.000,1,1,pnp_visible_ransac,9,1.271,-4.3948,0.175410,3.291827,3.0502
2026-09-03T19:05:08.388,794,STANDOFF_MOVE,STANDOFF_MOVE,1753,2,1788429908361.751,66.731,timestamp_domain.system_time,27042031.000,63.000,1,27042031.000,27042046.000,15.000,15.000,27042046.000,15.000,1,1,pnp_visible_ransac,9,1.206,-4.3488,0.178907,3.309152,3.0946
2026-09-03T19:05:08.453,795,STANDOFF_MOVE,STANDOFF_MOVE,1755,2,1788429908428.328,66.576,timestamp_domain.system_time,27042093.000,62.000,1,27042093.000,27042109.000,16.000,16.000,27042109.000,16.000,1,1,pnp_visible_ransac,9,1.511,-4.2147,0.177115,3.280993,3.0899
2026-09-03T19:05:08.517,796,STANDOFF_MOVE,STANDOFF_MOVE,1757,2,1788429908495.128,66.800,timestamp_domain.system_time,27042156.000,63.000,1,27042156.000,27042171.000,15.000,15.000,27042171.000,15.000,1,1,pnp_visible_ransac,9,1.731,-3.8412,0.178087,3.285297,3.1028
2026-09-03T19:05:08.581,797,STANDOFF_MOVE,STANDOFF_MOVE,1758,1,1788429908528.491,33.363,timestamp_domain.system_time,27042218.000,62.000,1,27042234.000,27042234.000,0.000,16.000,27042234.000,16.000,1,1,pnp_visible_ransac,9,1.183,-3.9462,0.179573,3.311468,3.1040
2026-09-03T19:05:08.646,798,STANDOFF_MOVE,STANDOFF_MOVE,1760,2,1788429908595.290,66.800,timestamp_domain.system_time,27042281.000,63.000,1,27042296.000,27042312.000,16.000,31.000,27042312.000,31.000,1,1,pnp_visible_ransac,9,1.466,-4.6689,0.175888,3.277071,3.0723
2026-09-03T19:05:08.711,799,STANDOFF_MOVE,STANDOFF_MOVE,1762,2,1788429908661.949,66.659,timestamp_domain.system_time,27042359.000,78.000,1,27042359.000,27042375.000,16.000,16.000,27042375.000,16.000,1,1,pnp_visible_ransac,9,1.572,-4.1958,0.181374,3.302170,3.1439
2026-09-03T19:05:08.774,800,STANDOFF_MOVE,STANDOFF_MOVE,1764,2,1788429908728.872,66.922,timestamp_domain.system_time,27042421.000,62.000,1,27042421.000,27042437.000,16.000,16.000,27042437.000,16.000,1,1,pnp_visible_ransac,9,1.523,-4.9359,0.181868,3.287508,3.1664
2026-09-03T19:05:08.838,801,STANDOFF_MOVE,STANDOFF_MOVE,1766,2,1788429908795.333,66.461,timestamp_domain.system_time,27042484.000,63.000,1,27042484.000,27042500.000,16.000,16.000,27042500.000,16.000,1,1,pnp_visible_ransac,9,1.983,-4.0167,0.179305,3.292363,3.1173
2026-09-03T19:05:08.901,802,STANDOFF_MOVE,STANDOFF_MOVE,1768,2,1788429908862.248,66.915,timestamp_domain.system_time,27042546.000,62.000,1,27042546.000,27042562.000,16.000,16.000,27042562.000,16.000,1,1,pnp_visible_ransac,9,1.307,-4.6574,0.181881,3.306524,3.1485
2026-09-03T19:05:08.966,803,STANDOFF_MOVE,STANDOFF_MOVE,1770,2,1788429908928.867,66.620,timestamp_domain.system_time,27042609.000,63.000,1,27042609.000,27042625.000,16.000,16.000,27042625.000,16.000,1,1,pnp_visible_ransac,9,1.165,-4.6408,0.180206,3.307625,3.1185
2026-09-03T19:05:09.030,804,STANDOFF_MOVE,STANDOFF_MOVE,1772,2,1788429908995.664,66.797,timestamp_domain.system_time,27042671.000,62.000,1,27042671.000,27042687.000,16.000,16.000,27042687.000,16.000,1,1,pnp_visible_ransac,9,1.292,-3.6682,0.173042,3.281342,3.0187
2026-09-03T19:05:09.096,805,STANDOFF_MOVE,STANDOFF_MOVE,1774,2,1788429909063.075,67.411,timestamp_domain.system_time,27042734.000,63.000,1,27042734.000,27042750.000,16.000,16.000,27042750.000,16.000,1,1,pnp_visible_ransac,9,1.532,-4.0732,0.175257,3.280520,3.0580
2026-09-03T19:05:09.171,806,STANDOFF_MOVE,STANDOFF_MOVE,1775,1,1788429909095.553,32.478,timestamp_domain.system_time,27042812.000,78.000,1,27042812.000,27042828.000,16.000,16.000,27042828.000,16.000,1,1,pnp_visible_ransac,9,1.548,-4.4542,0.178128,3.275659,3.1126
2026-09-03T19:05:09.258,807,STANDOFF_MOVE,STANDOFF_MOVE,1778,3,1788429909195.768,100.215,timestamp_domain.system_time,27042890.000,78.000,1,27042906.000,27042921.000,15.000,31.000,27042921.000,31.000,1,1,pnp_visible_ransac,9,1.963,-4.2930,0.180828,3.295869,3.1404
2026-09-03T19:05:09.319,808,STANDOFF_MOVE,STANDOFF_MOVE,1781,3,1788429909295.719,99.951,timestamp_domain.system_time,27042968.000,78.000,1,27042968.000,27042984.000,16.000,16.000,27042984.000,16.000,1,1,pnp_visible_ransac,9,1.505,-4.6364,0.179632,3.279634,3.1351
2026-09-03T19:05:09.383,809,STANDOFF_MOVE,STANDOFF_MOVE,1782,1,1788429909329.124,33.405,timestamp_domain.system_time,27043031.000,63.000,1,27043031.000,27043046.000,15.000,15.000,27043046.000,15.000,1,1,pnp_visible_ransac,9,1.591,-3.8121,0.174914,3.281601,3.0511
2026-09-03T19:05:09.448,810,STANDOFF_MOVE,STANDOFF_MOVE,1784,2,1788429909395.775,66.651,timestamp_domain.system_time,27043093.000,62.000,1,27043093.000,27043109.000,16.000,16.000,27043109.000,16.000,1,1,pnp_visible_ransac,9,1.448,-4.5607,0.183787,3.316685,3.1717
2026-09-03T19:05:09.512,811,STANDOFF_MOVE,STANDOFF_MOVE,1786,2,1788429909462.587,66.812,timestamp_domain.system_time,27043156.000,63.000,1,27043156.000,27043171.000,15.000,15.000,27043171.000,15.000,1,1,pnp_visible_ransac,9,1.691,-4.4037,0.180406,3.289566,3.1391
2026-09-03T19:05:09.576,812,STANDOFF_MOVE,STANDOFF_MOVE,1788,2,1788429909529.316,66.729,timestamp_domain.system_time,27043218.000,62.000,1,27043218.000,27043234.000,16.000,16.000,27043234.000,16.000,1,1,pnp_visible_ransac,9,1.919,-3.9862,0.179743,3.293026,3.1243
2026-09-03T19:05:09.641,813,STANDOFF_MOVE,STANDOFF_MOVE,1790,2,1788429909596.346,67.030,timestamp_domain.system_time,27043281.000,63.000,1,27043281.000,27043296.000,15.000,15.000,27043296.000,15.000,1,1,pnp_visible_ransac,9,1.633,-3.9245,0.171364,3.259525,3.0095
2026-09-03T19:05:09.704,814,STANDOFF_MOVE,STANDOFF_MOVE,1792,2,1788429909662.679,66.334,timestamp_domain.system_time,27043343.000,62.000,1,27043343.000,27043359.000,16.000,16.000,27043359.000,16.000,1,1,pnp_visible_ransac,9,1.298,-4.1977,0.175946,3.286240,3.0647
2026-09-03T19:05:09.778,815,STANDOFF_MOVE,STANDOFF_MOVE,1794,2,1788429909729.120,66.441,timestamp_domain.system_time,27043421.000,78.000,1,27043421.000,27043437.000,16.000,16.000,27043437.000,16.000,1,1,pnp_visible_ransac,9,1.958,-4.2341,0.177518,3.277876,3.0999
2026-09-03T19:05:09.873,816,STANDOFF_MOVE,STANDOFF_MOVE,1797,3,1788429909829.241,100.121,timestamp_domain.system_time,27043515.000,94.000,1,27043515.000,27043531.000,16.000,16.000,27043531.000,16.000,1,1,pnp_visible_ransac,9,1.500,-4.0919,0.176543,3.287221,3.0742
2026-09-03T19:05:09.962,817,STANDOFF_MOVE,STANDOFF_MOVE,1800,3,1788429909929.545,100.304,timestamp_domain.system_time,27043593.000,78.000,1,27043609.000,27043625.000,16.000,32.000,27043625.000,32.000,1,1,pnp_visible_ransac,9,1.282,-4.0017,0.174717,3.298035,3.0325
2026-09-03T19:05:10.035,818,STANDOFF_MOVE,STANDOFF_MOVE,1802,2,1788429909996.308,66.763,timestamp_domain.system_time,27043671.000,78.000,1,27043687.000,27043687.000,0.000,16.000,27043687.000,16.000,1,1,pnp_visible_ransac,9,1.667,-4.5845,0.178965,3.283915,3.1194
2026-09-03T19:05:10.106,819,STANDOFF_MOVE,STANDOFF_MOVE,1804,2,1788429910062.972,66.665,timestamp_domain.system_time,27043750.000,79.000,1,27043750.000,27043765.000,15.000,15.000,27043765.000,15.000,1,1,pnp_visible_ransac,9,1.325,-4.5947,0.181217,3.314051,3.1299
2026-09-03T19:05:10.177,820,STANDOFF_MOVE,STANDOFF_MOVE,1805,1,1788429910096.320,33.348,timestamp_domain.system_time,27043812.000,62.000,1,27043828.000,27043843.000,15.000,31.000,27043843.000,31.000,1,1,pnp_visible_ransac,9,1.711,-4.7168,0.179802,3.301043,3.1177
2026-09-03T19:05:10.251,821,STANDOFF_MOVE,STANDOFF_MOVE,1808,3,1788429910196.498,100.177,timestamp_domain.system_time,27043890.000,78.000,1,27043890.000,27043906.000,16.000,16.000,27043906.000,16.000,1,1,pnp_visible_ransac,9,1.783,-4.0933,0.175704,3.287744,3.0591
2026-09-03T19:05:10.315,822,STANDOFF_MOVE,STANDOFF_MOVE,1810,2,1788429910263.051,66.553,timestamp_domain.system_time,27043953.000,63.000,1,27043953.000,27043968.000,15.000,15.000,27043968.000,15.000,1,1,pnp_visible_ransac,9,1.677,-4.8709,0.183924,3.303382,3.1868
2026-09-03T19:05:10.377,823,STANDOFF_MOVE,STANDOFF_MOVE,1812,2,1788429910329.864,66.813,timestamp_domain.system_time,27044015.000,62.000,1,27044031.000,27044031.000,0.000,16.000,27044031.000,16.000,1,1,pnp_visible_ransac,9,1.395,-4.7328,0.182007,3.314444,3.1431
2026-09-03T19:05:10.441,824,STANDOFF_MOVE,STANDOFF_MOVE,1814,2,1788429910396.927,67.064,timestamp_domain.system_time,27044078.000,63.000,1,27044093.000,27044093.000,0.000,15.000,27044093.000,15.000,1,1,pnp_visible_ransac,9,1.542,-5.1531,0.184640,3.312302,3.1906
2026-09-03T19:05:10.504,825,STANDOFF_MOVE,STANDOFF_MOVE,1816,2,1788429910463.291,66.364,timestamp_domain.system_time,27044140.000,62.000,1,27044156.000,27044156.000,0.000,16.000,27044156.000,16.000,1,1,pnp_visible_ransac,9,1.349,-4.4849,0.178485,3.281992,3.1129
2026-09-03T19:05:10.569,826,STANDOFF_MOVE,STANDOFF_MOVE,1818,2,1788429910529.769,66.478,timestamp_domain.system_time,27044203.000,63.000,1,27044218.000,27044234.000,16.000,31.000,27044234.000,31.000,1,1,pnp_visible_ransac,9,1.625,-4.9192,0.182657,3.303787,3.1645
2026-09-03T19:05:10.633,827,STANDOFF_MOVE,STANDOFF_MOVE,1820,2,1788429910596.620,66.851,timestamp_domain.system_time,27044281.000,78.000,1,27044281.000,27044296.000,15.000,15.000,27044296.000,15.000,1,1,pnp_visible_ransac,9,1.790,-4.4627,0.180183,3.301010,3.1244
2026-09-03T19:05:10.697,828,STANDOFF_MOVE,STANDOFF_MOVE,1822,2,1788429910663.294,66.674,timestamp_domain.system_time,27044343.000,62.000,1,27044343.000,27044359.000,16.000,16.000,27044359.000,16.000,1,1,pnp_visible_ransac,9,1.393,-4.6698,0.183530,3.310414,3.1732
2026-09-03T19:05:10.781,829,STANDOFF_MOVE,STANDOFF_MOVE,1824,2,1788429910730.245,66.950,timestamp_domain.system_time,27044406.000,63.000,1,27044406.000,27044437.000,31.000,31.000,27044437.000,31.000,1,1,pnp_visible_ransac,9,1.133,-4.4808,0.178482,3.282835,3.1120
2026-09-03T19:05:10.849,830,STANDOFF_MOVE,STANDOFF_MOVE,1826,2,1788429910796.871,66.626,timestamp_domain.system_time,27044484.000,78.000,1,27044500.000,27044500.000,0.000,16.000,27044515.000,31.000,1,1,pnp_visible_ransac,9,1.937,-4.2820,0.180743,3.282708,3.1515
2026-09-03T19:05:10.925,831,STANDOFF_MOVE,STANDOFF_MOVE,1829,3,1788429910896.885,100.014,timestamp_domain.system_time,27044562.000,78.000,1,27044562.000,27044578.000,16.000,16.000,27044578.000,16.000,1,1,pnp_visible_ransac,9,1.804,-4.0748,0.181109,3.262372,3.1775
2026-09-03T19:05:10.993,832,STANDOFF_MOVE,STANDOFF_MOVE,1831,2,1788429910963.650,66.765,timestamp_domain.system_time,27044640.000,78.000,1,27044640.000,27044656.000,16.000,16.000,27044656.000,16.000,1,1,pnp_visible_ransac,9,1.452,-4.0995,0.182931,3.267735,3.2041
2026-09-03T19:05:11.057,833,STANDOFF_MOVE,STANDOFF_MOVE,1833,2,1788429911030.313,66.662,timestamp_domain.system_time,27044703.000,63.000,1,27044703.000,27044718.000,15.000,15.000,27044718.000,15.000,1,1,pnp_visible_ransac,9,0.967,-3.8019,0.184927,3.275331,3.2315
2026-09-03T19:05:11.123,834,STANDOFF_MOVE,STANDOFF_MOVE,1835,2,1788429911096.842,66.530,timestamp_domain.system_time,27044765.000,62.000,1,27044765.000,27044781.000,16.000,16.000,27044781.000,16.000,1,1,pnp_visible_ransac,9,1.690,-5.6997,0.211506,3.337619,3.6260
2026-09-03T19:05:11.275,835,STANDOFF_MOVE,STANDOFF_MOVE,1838,3,1788429911198.379,101.537,timestamp_domain.system_time,27044906.000,141.000,1,27044906.000,27044937.000,31.000,31.000,27044937.000,31.000,1,1,pnp_visible_ransac,9,1.943,-5.3317,0.181531,3.300181,3.1485
2026-09-03T19:05:11.348,836,STANDOFF_MOVE,STANDOFF_MOVE,1841,3,1788429911297.368,98.989,timestamp_domain.system_time,27044984.000,78.000,1,27045000.000,27045000.000,0.000,16.000,27045000.000,16.000,1,1,pnp_visible_ransac,9,1.218,-4.3463,0.178302,3.284091,3.1077
2026-09-03T19:05:11.414,837,STANDOFF_MOVE,STANDOFF_MOVE,1843,2,1788429911364.013,66.645,timestamp_domain.system_time,27045062.000,78.000,1,27045062.000,27045078.000,16.000,16.000,27045078.000,16.000,1,1,pnp_visible_ransac,9,1.328,-4.4106,0.183819,3.290565,3.1974
2026-09-03T19:05:11.478,838,STANDOFF_MOVE,STANDOFF_MOVE,1845,2,1788429911430.534,66.521,timestamp_domain.system_time,27045125.000,63.000,1,27045125.000,27045140.000,15.000,15.000,27045140.000,15.000,1,1,pnp_visible_ransac,9,1.570,-5.1465,0.189614,3.289324,3.2992
2026-09-03T19:05:11.542,839,STANDOFF_MOVE,STANDOFF_MOVE,1847,2,1788429911497.271,66.738,timestamp_domain.system_time,27045187.000,62.000,1,27045187.000,27045203.000,16.000,16.000,27045203.000,16.000,1,1,pnp_visible_ransac,9,1.248,-4.9613,0.184642,3.299578,3.2029
2026-09-03T19:05:11.606,840,STANDOFF_MOVE,STANDOFF_MOVE,1849,2,1788429911563.983,66.712,timestamp_domain.system_time,27045250.000,63.000,1,27045250.000,27045265.000,15.000,15.000,27045265.000,15.000,1,1,pnp_visible_ransac,9,1.946,-4.9805,0.184057,3.279563,3.2122
2026-09-03T19:05:11.672,841,STANDOFF_SETTLE,STANDOFF_SETTLE,1851,2,1788429911630.612,66.629,timestamp_domain.system_time,27045312.000,62.000,1,27045312.000,27045328.000,16.000,16.000,27045328.000,16.000,1,1,pnp_visible_ransac,9,1.918,-3.7970,0.176174,3.242075,3.1104
2026-09-03T19:05:11.736,842,STANDOFF_SETTLE,STANDOFF_SETTLE,1853,2,1788429911697.598,66.986,timestamp_domain.system_time,27045375.000,63.000,1,27045375.000,27045390.000,15.000,15.000,27045390.000,15.000,1,1,pnp_visible_ransac,9,1.941,-4.9840,0.187564,3.284844,3.2680
2026-09-03T19:05:11.797,843,STANDOFF_SETTLE,STANDOFF_SETTLE,1855,2,1788429911764.135,66.538,timestamp_domain.system_time,27045437.000,62.000,1,27045437.000,27045453.000,16.000,16.000,27045453.000,16.000,1,1,pnp_visible_ransac,9,2.050,-4.4176,0.181415,3.280673,3.1651
2026-09-03T19:05:11.859,844,STANDOFF_SETTLE,STANDOFF_SETTLE,1857,2,1788429911830.763,66.627,timestamp_domain.system_time,27045500.000,63.000,1,27045500.000,27045515.000,15.000,15.000,27045515.000,15.000,1,1,pnp_visible_ransac,9,1.504,-4.0414,0.177836,3.256555,3.1257
2026-09-03T19:05:11.925,845,STANDOFF_SETTLE,STANDOFF_SETTLE,1859,2,1788429911897.545,66.782,timestamp_domain.system_time,27045562.000,62.000,1,27045562.000,27045578.000,16.000,16.000,27045578.000,16.000,1,1,pnp_visible_ransac,9,1.205,-3.5648,0.173268,3.262593,3.0400
2026-09-03T19:05:12.004,846,STANDOFF_SETTLE,STANDOFF_SETTLE,1861,2,1788429911964.146,66.601,timestamp_domain.system_time,27045625.000,63.000,1,27045640.000,27045656.000,16.000,31.000,27045656.000,31.000,1,1,pnp_visible_ransac,9,1.241,-4.4037,0.180337,3.273616,3.1531
2026-09-03T19:05:12.080,847,STANDOFF_SETTLE,STANDOFF_SETTLE,1863,2,1788429912030.729,66.584,timestamp_domain.system_time,27045703.000,78.000,1,27045718.000,27045734.000,16.000,31.000,27045734.000,31.000,1,1,pnp_visible_ransac,9,2.102,-4.3269,0.179464,3.260874,3.1501
2026-09-03T19:05:12.157,848,STANDOFF_SETTLE,STANDOFF_SETTLE,1865,2,1788429912098.720,67.991,timestamp_domain.system_time,27045781.000,78.000,1,27045781.000,27045812.000,31.000,31.000,27045812.000,31.000,1,1,pnp_visible_ransac,9,1.590,-4.5940,0.181354,3.285383,3.1595
2026-09-03T19:05:12.238,849,STANDOFF_SETTLE,STANDOFF_SETTLE,1866,1,1788429912130.981,32.261,timestamp_domain.system_time,27045859.000,78.000,1,27045875.000,27045890.000,15.000,31.000,27045890.000,31.000,1,1,pnp_visible_ransac,9,1.632,-4.1852,0.177321,3.261708,3.1118
2026-09-03T19:05:12.318,850,STANDOFF_SETTLE,STANDOFF_SETTLE,1870,4,1788429912264.557,133.576,timestamp_domain.system_time,27045937.000,78.000,1,27045953.000,27045984.000,31.000,47.000,27045984.000,47.000,1,1,pnp_visible_ransac,9,1.581,-3.9537,0.180748,3.290916,3.1437
2026-09-03T19:05:12.398,851,STANDOFF_SETTLE,STANDOFF_SETTLE,1872,2,1788429912330.973,66.416,timestamp_domain.system_time,27046031.000,94.000,1,27046031.000,27046062.000,31.000,31.000,27046062.000,31.000,1,1,pnp_visible_ransac,9,1.414,-4.3304,0.176591,3.247029,3.1130
2026-09-03T19:05:12.478,852,STANDOFF_SETTLE,STANDOFF_SETTLE,1875,3,1788429912431.294,100.321,timestamp_domain.system_time,27046109.000,78.000,1,27046109.000,27046140.000,31.000,31.000,27046140.000,31.000,1,1,pnp_visible_ransac,9,1.646,-3.8317,0.174905,3.258487,3.0725
2026-09-03T19:05:12.555,853,STANDOFF_SETTLE,STANDOFF_SETTLE,1877,2,1788429912497.962,66.668,timestamp_domain.system_time,27046187.000,78.000,1,27046187.000,27046218.000,31.000,31.000,27046218.000,31.000,1,1,pnp_visible_ransac,9,1.324,-4.8334,0.181446,3.269218,3.1767
2026-09-03T19:05:12.633,854,STANDOFF_SETTLE,STANDOFF_SETTLE,1879,2,1788429912564.632,66.671,timestamp_domain.system_time,27046265.000,78.000,1,27046265.000,27046296.000,31.000,31.000,27046296.000,31.000,1,1,pnp_visible_ransac,9,1.342,-3.8723,0.174725,3.265898,3.0624
2026-09-03T19:05:12.710,855,STANDOFF_SETTLE,STANDOFF_SETTLE,1882,3,1788429912664.908,100.275,timestamp_domain.system_time,27046343.000,78.000,1,27046343.000,27046375.000,32.000,32.000,27046375.000,32.000,1,1,pnp_visible_ransac,9,1.533,-4.4978,0.181550,3.277941,3.1701
2026-09-03T19:05:12.787,856,STANDOFF_SETTLE,STANDOFF_SETTLE,1884,2,1788429912731.500,66.592,timestamp_domain.system_time,27046406.000,63.000,1,27046421.000,27046437.000,16.000,31.000,27046453.000,47.000,1,1,pnp_visible_ransac,9,1.080,-4.2230,0.178775,3.290454,3.1099
2026-09-03T19:05:12.862,857,STANDOFF_SETTLE,STANDOFF_SETTLE,1886,2,1788429912798.242,66.742,timestamp_domain.system_time,27046484.000,78.000,1,27046484.000,27046515.000,31.000,31.000,27046515.000,31.000,1,1,pnp_visible_ransac,9,1.670,-4.4569,0.181362,3.287700,3.1575
2026-09-03T19:05:12.939,858,STANDOFF_SETTLE,STANDOFF_SETTLE,1889,3,1788429912898.182,99.940,timestamp_domain.system_time,27046562.000,78.000,1,27046562.000,27046593.000,31.000,31.000,27046593.000,31.000,1,1,pnp_visible_ransac,9,1.645,-4.3098,0.180271,3.272465,3.1531
2026-09-03T19:05:13.016,859,STANDOFF_SETTLE,STANDOFF_SETTLE,1891,2,1788429912965.148,66.966,timestamp_domain.system_time,27046640.000,78.000,1,27046640.000,27046671.000,31.000,31.000,27046671.000,31.000,1,1,pnp_visible_ransac,9,1.716,-4.6248,0.183614,3.282874,3.2013
2026-09-03T19:05:13.094,860,STANDOFF_SETTLE,STANDOFF_SETTLE,1893,2,1788429913031.686,66.538,timestamp_domain.system_time,27046718.000,78.000,1,27046718.000,27046750.000,32.000,32.000,27046750.000,32.000,1,1,pnp_visible_ransac,9,1.564,-3.6546,0.178434,3.272633,3.1209
2026-09-03T19:05:13.174,861,STANDOFF_SETTLE,STANDOFF_SETTLE,1896,3,1788429913132.111,100.425,timestamp_domain.system_time,27046796.000,78.000,1,27046796.000,27046828.000,32.000,32.000,27046828.000,32.000,1,1,pnp_visible_ransac,9,2.009,-4.2566,0.179624,3.264247,3.1497
2026-09-03T19:05:13.316,862,STANDOFF_SETTLE,STANDOFF_SETTLE,1898,2,1788429913198.604,66.493,timestamp_domain.system_time,27046937.000,141.000,1,27046937.000,27046968.000,31.000,31.000,27046968.000,31.000,1,1,pnp_visible_ransac,9,1.095,-3.6584,0.173902,3.265321,3.0485
2026-09-03T19:05:13.396,863,STANDOFF_SETTLE,STANDOFF_SETTLE,1902,4,1788429913331.784,133.180,timestamp_domain.system_time,27047031.000,94.000,1,27047031.000,27047062.000,31.000,31.000,27047062.000,31.000,1,1,pnp_visible_ransac,9,1.638,-4.2916,0.181341,3.282393,3.1622
2026-09-03T19:05:13.475,864,STANDOFF_SETTLE,STANDOFF_SETTLE,1905,3,1788429913431.910,100.126,timestamp_domain.system_time,27047109.000,78.000,1,27047109.000,27047140.000,31.000,31.000,27047140.000,31.000,1,1,pnp_visible_ransac,9,2.161,-4.4097,0.187177,3.306468,3.2400
2026-09-03T19:05:13.555,865,STANDOFF_SETTLE,STANDOFF_SETTLE,1907,2,1788429913498.606,66.697,timestamp_domain.system_time,27047187.000,78.000,1,27047187.000,27047218.000,31.000,31.000,27047218.000,31.000,1,1,pnp_visible_ransac,9,1.894,-4.4810,0.177201,3.248693,3.1221
2026-09-03T19:05:13.633,866,STANDOFF_SETTLE,STANDOFF_SETTLE,1909,2,1788429913565.365,66.758,timestamp_domain.system_time,27047265.000,78.000,1,27047265.000,27047296.000,31.000,31.000,27047296.000,31.000,1,1,pnp_visible_ransac,9,1.591,-4.2820,0.179794,3.257898,3.1588
2026-09-03T19:05:13.710,867,STANDOFF_SETTLE,STANDOFF_SETTLE,1912,3,1788429913665.452,100.087,timestamp_domain.system_time,27047343.000,78.000,1,27047343.000,27047375.000,32.000,32.000,27047375.000,32.000,1,1,pnp_visible_ransac,9,1.502,-3.8019,0.174081,3.261963,3.0548
2026-09-03T19:05:13.795,868,STANDOFF_SETTLE,STANDOFF_SETTLE,1914,2,1788429913732.139,66.687,timestamp_domain.system_time,27047421.000,78.000,1,27047421.000,27047453.000,32.000,32.000,27047453.000,32.000,1,1,pnp_visible_ransac,9,1.686,-4.8192,0.182558,3.275195,3.1903
2026-09-03T19:05:13.873,869,STANDOFF_SETTLE,STANDOFF_SETTLE,1917,3,1788429913832.340,100.201,timestamp_domain.system_time,27047500.000,79.000,1,27047500.000,27047531.000,31.000,31.000,27047531.000,31.000,1,1,pnp_visible_ransac,9,1.568,-4.1850,0.171967,3.251300,3.0277
2026-09-03T19:05:13.949,870,STANDOFF_SETTLE,STANDOFF_SETTLE,1919,2,1788429913899.173,66.833,timestamp_domain.system_time,27047578.000,78.000,1,27047578.000,27047609.000,31.000,31.000,27047609.000,31.000,1,1,pnp_visible_ransac,9,1.454,-4.8855,0.184031,3.283888,3.2075
2026-09-03T19:05:14.025,871,STANDOFF_SETTLE,STANDOFF_SETTLE,1921,2,1788429913965.732,66.559,timestamp_domain.system_time,27047656.000,78.000,1,27047656.000,27047687.000,31.000,31.000,27047687.000,31.000,1,1,pnp_visible_ransac,9,1.832,-4.6706,0.179702,3.272934,3.1427
2026-09-03T19:05:14.102,872,STANDOFF_SETTLE,STANDOFF_SETTLE,1923,2,1788429914032.350,66.618,timestamp_domain.system_time,27047734.000,78.000,1,27047734.000,27047765.000,31.000,31.000,27047765.000,31.000,1,1,pnp_visible_ransac,9,1.825,-4.1212,0.176971,3.241390,3.1251
2026-09-03T19:05:14.181,873,STANDOFF_SETTLE,STANDOFF_SETTLE,1926,3,1788429914132.394,100.044,timestamp_domain.system_time,27047812.000,78.000,1,27047812.000,27047843.000,31.000,31.000,27047843.000,31.000,1,1,pnp_visible_ransac,9,1.279,-4.5051,0.180315,3.293459,3.1338
2026-09-03T19:05:14.310,874,STANDOFF_SETTLE,STANDOFF_SETTLE,1929,3,1788429914232.306,99.912,timestamp_domain.system_time,27047937.000,125.000,1,27047937.000,27047968.000,31.000,31.000,27047968.000,31.000,1,1,pnp_visible_ransac,9,1.614,-4.9613,0.180758,3.279049,3.1552
2026-09-03T19:05:14.393,875,STANDOFF_SETTLE,STANDOFF_SETTLE,1932,3,1788429914332.685,100.378,timestamp_domain.system_time,27048015.000,78.000,1,27048015.000,27048046.000,31.000,31.000,27048046.000,31.000,1,1,pnp_visible_ransac,9,1.721,-3.8040,0.173296,3.254478,3.0480
2026-09-03T19:05:14.471,876,STANDOFF_SETTLE,STANDOFF_SETTLE,1935,3,1788429914432.754,100.070,timestamp_domain.system_time,27048093.000,78.000,1,27048093.000,27048125.000,32.000,32.000,27048125.000,32.000,1,1,pnp_visible_ransac,9,1.315,-4.2858,0.176202,3.275405,3.0793
2026-09-03T19:05:14.552,877,STANDOFF_SETTLE,STANDOFF_SETTLE,1937,2,1788429914499.406,66.651,timestamp_domain.system_time,27048171.000,78.000,1,27048187.000,27048203.000,16.000,32.000,27048218.000,47.000,1,1,pnp_visible_ransac,9,1.411,-4.2999,0.179603,3.275478,3.1385
2026-09-03T19:05:14.629,878,STANDOFF_SETTLE,STANDOFF_SETTLE,1939,2,1788429914566.220,66.815,timestamp_domain.system_time,27048250.000,79.000,1,27048265.000,27048281.000,16.000,31.000,27048281.000,31.000,1,1,pnp_visible_ransac,9,1.713,-4.4452,0.181941,3.278360,3.1765
2026-09-03T19:05:14.705,879,STANDOFF_SETTLE,STANDOFF_SETTLE,1942,3,1788429914666.229,100.008,timestamp_domain.system_time,27048328.000,78.000,1,27048343.000,27048359.000,16.000,31.000,27048359.000,31.000,1,1,pnp_visible_ransac,9,1.829,-3.9627,0.176888,3.246682,3.1185
2026-09-03T19:05:14.781,880,STANDOFF_SETTLE,STANDOFF_SETTLE,1944,2,1788429914733.031,66.803,timestamp_domain.system_time,27048406.000,78.000,1,27048406.000,27048437.000,31.000,31.000,27048437.000,31.000,1,1,pnp_visible_ransac,9,1.573,-4.5162,0.182410,3.282385,3.1808
2026-09-03T19:05:14.857,881,STANDOFF_SETTLE,STANDOFF_SETTLE,1946,2,1788429914799.636,66.605,timestamp_domain.system_time,27048484.000,78.000,1,27048484.000,27048515.000,31.000,31.000,27048515.000,31.000,1,1,pnp_visible_ransac,9,2.126,-4.6224,0.186207,3.297122,3.2324
2026-09-03T19:05:14.934,882,STANDOFF_SETTLE,STANDOFF_SETTLE,1948,2,1788429914866.264,66.628,timestamp_domain.system_time,27048562.000,78.000,1,27048562.000,27048593.000,31.000,31.000,27048593.000,31.000,1,1,pnp_visible_ransac,9,1.600,-4.9334,0.184170,3.275749,3.2179
2026-09-03T19:05:15.009,883,STANDOFF_SETTLE,STANDOFF_SETTLE,1951,3,1788429914966.438,100.173,timestamp_domain.system_time,27048640.000,78.000,1,27048640.000,27048671.000,31.000,31.000,27048671.000,31.000,1,1,pnp_visible_ransac,9,1.807,-4.1018,0.173871,3.249952,3.0624
2026-09-03T19:05:15.086,884,STANDOFF_SETTLE,STANDOFF_SETTLE,1953,2,1788429915033.160,66.723,timestamp_domain.system_time,27048718.000,78.000,1,27048718.000,27048750.000,32.000,32.000,27048750.000,32.000,1,1,pnp_visible_ransac,9,1.827,-4.6755,0.186825,3.286687,3.2534
2026-09-03T19:05:15.163,885,STANDOFF_SETTLE,STANDOFF_SETTLE,1955,2,1788429915100.727,67.566,timestamp_domain.system_time,27048796.000,78.000,1,27048796.000,27048828.000,32.000,32.000,27048828.000,32.000,1,1,pnp_visible_ransac,9,2.015,-4.2134,0.182978,3.290178,3.1831
2026-09-03T19:05:15.240,886,STANDOFF_SETTLE,STANDOFF_SETTLE,1956,1,1788429915133.567,32.840,timestamp_domain.system_time,27048875.000,79.000,1,27048875.000,27048890.000,15.000,15.000,27048906.000,31.000,1,1,pnp_visible_ransac,9,1.572,-4.1751,0.176490,3.269612,3.0898
2026-09-03T19:05:15.315,887,STANDOFF_SETTLE,STANDOFF_SETTLE,1960,4,1788429915266.689,133.122,timestamp_domain.system_time,27048937.000,62.000,1,27048953.000,27048968.000,15.000,31.000,27048968.000,31.000,1,1,pnp_visible_ransac,9,1.708,-4.8215,0.190518,3.319555,3.2848
2026-09-03T19:05:15.391,888,STANDOFF_SETTLE,STANDOFF_SETTLE,1962,2,1788429915333.353,66.664,timestamp_domain.system_time,27049015.000,78.000,1,27049015.000,27049046.000,31.000,31.000,27049046.000,31.000,1,1,pnp_visible_ransac,9,1.275,-4.5398,0.179510,3.281861,3.1308
2026-09-03T19:05:15.472,889,STANDOFF_SETTLE,STANDOFF_SETTLE,1965,3,1788429915433.264,99.911,timestamp_domain.system_time,27049093.000,78.000,1,27049093.000,27049125.000,32.000,32.000,27049125.000,32.000,1,1,pnp_visible_ransac,9,1.587,-4.2747,0.178496,3.266088,3.1282
2026-09-03T19:05:15.549,890,STANDOFF_SETTLE,STANDOFF_SETTLE,1967,2,1788429915500.048,66.784,timestamp_domain.system_time,27049171.000,78.000,1,27049187.000,27049203.000,16.000,32.000,27049203.000,32.000,1,1,pnp_visible_ransac,9,1.587,-4.1481,0.179373,3.270836,3.1390
2026-09-03T19:05:15.626,891,STANDOFF_SETTLE,STANDOFF_SETTLE,1969,2,1788429915566.874,66.825,timestamp_domain.system_time,27049250.000,79.000,1,27049250.000,27049281.000,31.000,31.000,27049281.000,31.000,1,1,pnp_visible_ransac,9,1.710,-4.9149,0.184108,3.283492,3.2093
2026-09-03T19:05:15.704,892,STANDOFF_SETTLE,STANDOFF_SETTLE,1972,3,1788429915667.012,100.138,timestamp_domain.system_time,27049328.000,78.000,1,27049328.000,27049359.000,31.000,31.000,27049359.000,31.000,1,1,pnp_visible_ransac,9,1.421,-4.3353,0.177688,3.265868,3.1143
2026-09-03T19:05:15.781,893,STANDOFF_SETTLE,STANDOFF_SETTLE,1974,2,1788429915733.586,66.574,timestamp_domain.system_time,27049406.000,78.000,1,27049406.000,27049437.000,31.000,31.000,27049437.000,31.000,1,1,pnp_visible_ransac,9,1.429,-4.0665,0.174083,3.250678,3.0654
2026-09-03T19:05:15.858,894,STANDOFF_SETTLE,STANDOFF_SETTLE,1976,2,1788429915800.585,66.999,timestamp_domain.system_time,27049484.000,78.000,1,27049484.000,27049515.000,31.000,31.000,27049515.000,31.000,1,1,pnp_visible_ransac,9,1.813,-5.0069,0.186014,3.292944,3.2331
2026-09-03T19:05:15.937,895,STANDOFF_SETTLE,STANDOFF_SETTLE,1979,3,1788429915900.355,99.770,timestamp_domain.system_time,27049562.000,78.000,1,27049562.000,27049593.000,31.000,31.000,27049593.000,31.000,1,1,pnp_visible_ransac,9,1.426,-4.5793,0.182147,3.277967,3.1805
2026-09-03T19:05:16.013,896,STANDOFF_SETTLE,STANDOFF_SETTLE,1981,2,1788429915967.043,66.688,timestamp_domain.system_time,27049640.000,78.000,1,27049640.000,27049671.000,31.000,31.000,27049671.000,31.000,1,1,pnp_visible_ransac,9,1.587,-4.0715,0.176484,3.267739,3.0914
2026-09-03T19:05:16.092,897,STANDOFF_SETTLE,STANDOFF_SETTLE,1983,2,1788429916033.733,66.690,timestamp_domain.system_time,27049718.000,78.000,1,27049718.000,27049750.000,32.000,32.000,27049750.000,32.000,1,1,pnp_visible_ransac,9,2.021,-4.7529,0.187058,3.287575,3.2565
2026-09-03T19:05:16.176,898,STANDOFF_SETTLE,STANDOFF_SETTLE,1986,3,1788429916133.812,100.078,timestamp_domain.system_time,27049796.000,78.000,1,27049812.000,27049828.000,16.000,32.000,27049828.000,32.000,1,1,pnp_visible_ransac,9,1.226,-4.4458,0.178043,3.275219,3.1116
2026-09-03T19:05:16.312,899,STANDOFF_SETTLE,STANDOFF_SETTLE,1987,1,1788429916167.344,33.532,timestamp_domain.system_time,27049937.000,141.000,1,27049937.000,27049968.000,31.000,31.000,27049968.000,31.000,1,1,pnp_visible_ransac,9,1.913,-3.9432,0.175302,3.254987,3.0828
2026-09-03T19:05:16.393,900,STANDOFF_SETTLE,STANDOFF_SETTLE,1992,5,1788429916333.677,166.333,timestamp_domain.system_time,27050015.000,78.000,1,27050031.000,27050046.000,15.000,31.000,27050046.000,31.000,1,1,pnp_visible_ransac,9,1.639,-4.2834,0.180766,3.274018,3.1602
2026-09-03T19:05:16.472,901,STANDOFF_SETTLE,STANDOFF_SETTLE,1995,3,1788429916433.806,100.130,timestamp_domain.system_time,27050093.000,78.000,1,27050109.000,27050125.000,16.000,32.000,27050125.000,32.000,1,1,pnp_visible_ransac,9,1.472,-4.1384,0.178165,3.268208,3.1204
2026-09-03T19:05:16.548,902,STANDOFF_SETTLE,STANDOFF_SETTLE,1997,2,1788429916500.664,66.857,timestamp_domain.system_time,27050171.000,78.000,1,27050171.000,27050203.000,32.000,32.000,27050203.000,32.000,1,1,pnp_visible_ransac,9,1.753,-4.5628,0.181665,3.274015,3.1759
2026-09-03T19:05:16.625,903,STANDOFF_SETTLE,STANDOFF_SETTLE,1999,2,1788429916567.406,66.742,timestamp_domain.system_time,27050250.000,79.000,1,27050250.000,27050281.000,31.000,31.000,27050281.000,31.000,1,1,pnp_visible_ransac,9,1.852,-4.2678,0.177074,3.280447,3.0898
2026-09-03T19:05:16.702,904,STANDOFF_SETTLE,STANDOFF_SETTLE,2001,2,1788429916634.180,66.774,timestamp_domain.system_time,27050328.000,78.000,1,27050328.000,27050359.000,31.000,31.000,27050359.000,31.000,1,1,pnp_visible_ransac,9,1.599,-4.8943,0.185877,3.280463,3.2430
2026-09-03T19:05:16.779,905,STANDOFF_SETTLE,STANDOFF_SETTLE,2004,3,1788429916734.280,100.100,timestamp_domain.system_time,27050406.000,78.000,1,27050406.000,27050437.000,31.000,31.000,27050437.000,31.000,1,1,pnp_visible_ransac,9,2.037,-4.4922,0.182118,3.267212,3.1904
2026-09-03T19:05:16.858,906,STANDOFF_SETTLE,STANDOFF_SETTLE,2006,2,1788429916800.941,66.661,timestamp_domain.system_time,27050484.000,78.000,1,27050484.000,27050515.000,31.000,31.000,27050515.000,31.000,1,1,pnp_visible_ransac,9,1.546,-4.0370,0.179839,3.278486,3.1398
2026-09-03T19:05:16.934,907,STANDOFF_SETTLE,STANDOFF_SETTLE,2008,2,1788429916867.656,66.715,timestamp_domain.system_time,27050562.000,78.000,1,27050562.000,27050593.000,31.000,31.000,27050593.000,31.000,1,1,pnp_visible_ransac,9,1.333,-4.2940,0.179946,3.276732,3.1433
2026-09-03T19:05:17.010,908,STANDOFF_SETTLE,STANDOFF_SETTLE,2011,3,1788429916967.755,100.100,timestamp_domain.system_time,27050640.000,78.000,1,27050640.000,27050671.000,31.000,31.000,27050671.000,31.000,1,1,pnp_visible_ransac,9,1.680,-4.4735,0.178406,3.273620,3.1194
2026-09-03T19:05:17.088,909,STANDOFF_SETTLE,STANDOFF_SETTLE,2013,2,1788429917034.484,66.728,timestamp_domain.system_time,27050718.000,78.000,1,27050718.000,27050750.000,32.000,32.000,27050750.000,32.000,1,1,pnp_visible_ransac,9,1.512,-4.6381,0.184155,3.293618,3.2002
2026-09-03T19:05:17.163,910,STANDOFF_SETTLE,STANDOFF_SETTLE,2015,2,1788429917101.177,66.693,timestamp_domain.system_time,27050796.000,78.000,1,27050796.000,27050828.000,32.000,32.000,27050828.000,32.000,1,1,pnp_visible_ransac,9,1.817,-4.3874,0.180552,3.256311,3.1736
2026-09-03T19:05:17.242,911,STANDOFF_SETTLE,STANDOFF_SETTLE,2016,1,1788429917134.668,33.492,timestamp_domain.system_time,27050875.000,79.000,1,27050875.000,27050906.000,31.000,31.000,27050906.000,31.000,1,1,pnp_visible_ransac,9,1.679,-4.0278,0.177647,3.250575,3.1282
2026-09-03T19:05:17.320,912,STANDOFF_SETTLE,STANDOFF_SETTLE,2020,4,1788429917267.912,133.244,timestamp_domain.system_time,27050953.000,78.000,1,27050953.000,27050984.000,31.000,31.000,27050984.000,31.000,1,1,pnp_visible_ransac,9,1.566,-4.6631,0.186717,3.300240,3.2382
2026-09-03T19:05:17.397,913,STANDOFF_SETTLE,STANDOFF_SETTLE,2022,2,1788429917334.758,66.845,timestamp_domain.system_time,27051031.000,78.000,1,27051031.000,27051062.000,31.000,31.000,27051062.000,31.000,1,1,pnp_visible_ransac,9,1.473,-4.4649,0.181052,3.272757,3.1664
2026-09-03T19:05:17.475,914,STANDOFF_SETTLE,STANDOFF_SETTLE,2025,3,1788429917434.682,99.924,timestamp_domain.system_time,27051109.000,78.000,1,27051109.000,27051140.000,31.000,31.000,27051140.000,31.000,1,1,pnp_visible_ransac,9,1.621,-4.7966,0.184989,3.290451,3.2178
2026-09-03T19:05:17.551,915,STANDOFF_SETTLE,STANDOFF_SETTLE,2027,2,1788429917501.474,66.792,timestamp_domain.system_time,27051187.000,78.000,1,27051187.000,27051203.000,16.000,16.000,27051203.000,16.000,1,1,pnp_visible_ransac,9,1.408,-4.5203,0.185074,3.310363,3.1999
2026-09-03T19:05:17.627,916,STANDOFF_SETTLE,STANDOFF_SETTLE,2029,2,1788429917568.280,66.806,timestamp_domain.system_time,27051250.000,63.000,1,27051250.000,27051281.000,31.000,31.000,27051281.000,31.000,1,1,pnp_visible_ransac,9,1.938,-4.6059,0.184790,3.273335,3.2311
2026-09-03T19:05:17.703,917,STANDOFF_SETTLE,STANDOFF_SETTLE,2031,2,1788429917635.008,66.728,timestamp_domain.system_time,27051328.000,78.000,1,27051328.000,27051359.000,31.000,31.000,27051359.000,31.000,1,1,pnp_visible_ransac,9,1.028,-3.5838,0.172229,3.262318,3.0220
2026-09-03T19:05:17.778,918,STANDOFF_SETTLE,STANDOFF_SETTLE,2034,3,1788429917735.090,100.083,timestamp_domain.system_time,27051406.000,78.000,1,27051406.000,27051437.000,31.000,31.000,27051437.000,31.000,1,1,pnp_visible_ransac,9,1.571,-4.8188,0.183965,3.285013,3.2053
2026-09-03T19:05:17.856,919,STANDOFF_SETTLE,STANDOFF_SETTLE,2036,2,1788429917801.657,66.567,timestamp_domain.system_time,27051484.000,78.000,1,27051484.000,27051515.000,31.000,31.000,27051515.000,31.000,1,1,pnp_visible_ransac,9,1.672,-4.1016,0.176538,3.279987,3.0808
2026-09-03T19:05:17.935,920,STANDOFF_SETTLE,STANDOFF_SETTLE,2038,2,1788429917868.583,66.926,timestamp_domain.system_time,27051562.000,78.000,1,27051562.000,27051593.000,31.000,31.000,27051593.000,31.000,1,1,pnp_visible_ransac,9,1.499,-4.4108,0.182324,3.296837,3.1654
2026-09-03T19:05:18.013,921,STANDOFF_SETTLE,STANDOFF_SETTLE,2041,3,1788429917968.563,99.981,timestamp_domain.system_time,27051640.000,78.000,1,27051640.000,27051671.000,31.000,31.000,27051671.000,31.000,1,1,pnp_visible_ransac,9,1.348,-4.5731,0.179901,3.279335,3.1400
2026-09-03T19:05:18.091,922,STANDOFF_SETTLE,STANDOFF_SETTLE,2043,2,1788429918035.180,66.616,timestamp_domain.system_time,27051718.000,78.000,1,27051718.000,27051750.000,32.000,32.000,27051750.000,32.000,1,1,pnp_visible_ransac,9,1.841,-3.7315,0.176118,3.265283,3.0873
2026-09-03T19:05:18.168,923,STANDOFF_SETTLE,STANDOFF_SETTLE,2045,2,1788429918101.860,66.680,timestamp_domain.system_time,27051796.000,78.000,1,27051796.000,27051828.000,32.000,32.000,27051828.000,32.000,1,1,pnp_visible_ransac,9,1.534,-4.3571,0.177678,3.283225,3.0977
2026-09-03T19:05:18.244,924,STANDOFF_SETTLE,STANDOFF_SETTLE,2046,1,1788429918136.341,34.482,timestamp_domain.system_time,27051875.000,79.000,1,27051875.000,27051906.000,31.000,31.000,27051906.000,31.000,1,1,pnp_visible_ransac,9,1.969,-4.1380,0.179366,3.273062,3.1367
2026-09-03T19:05:18.324,925,STANDOFF_SETTLE,STANDOFF_SETTLE,2050,4,1788429918268.755,132.414,timestamp_domain.system_time,27051953.000,78.000,1,27051953.000,27051984.000,31.000,31.000,27051984.000,31.000,1,1,pnp_visible_ransac,9,1.396,-4.0268,0.177013,3.265650,3.1027
2026-09-03T19:05:18.404,926,STANDOFF_SETTLE,STANDOFF_SETTLE,2052,2,1788429918335.375,66.620,timestamp_domain.system_time,27052031.000,78.000,1,27052031.000,27052062.000,31.000,31.000,27052062.000,31.000,1,1,pnp_visible_ransac,9,1.672,-4.6568,0.182339,3.277680,3.1841
2026-09-03T19:05:18.480,927,STANDOFF_SETTLE,STANDOFF_SETTLE,2055,3,1788429918435.517,100.142,timestamp_domain.system_time,27052109.000,78.000,1,27052109.000,27052140.000,31.000,31.000,27052140.000,31.000,1,1,pnp_visible_ransac,9,1.479,-3.9048,0.177608,3.279473,3.1000
2026-09-03T19:05:18.558,928,STANDOFF_SETTLE,STANDOFF_SETTLE,2057,2,1788429918501.891,66.374,timestamp_domain.system_time,27052187.000,78.000,1,27052187.000,27052218.000,31.000,31.000,27052218.000,31.000,1,1,pnp_visible_ransac,9,1.151,-4.7724,0.175365,3.268809,3.0709
2026-09-03T19:05:18.637,929,STANDOFF_SETTLE,STANDOFF_SETTLE,2059,2,1788429918568.697,66.806,timestamp_domain.system_time,27052265.000,78.000,1,27052265.000,27052296.000,31.000,31.000,27052296.000,31.000,1,1,pnp_visible_ransac,9,1.565,-4.0020,0.178431,3.246098,3.1463
2026-09-03T19:05:18.714,930,STANDOFF_SETTLE,STANDOFF_SETTLE,2062,3,1788429918668.861,100.164,timestamp_domain.system_time,27052343.000,78.000,1,27052343.000,27052375.000,32.000,32.000,27052375.000,32.000,1,1,pnp_visible_ransac,9,1.168,-4.1565,0.178443,3.289350,3.1052
2026-09-03T19:05:18.791,931,STANDOFF_SETTLE,STANDOFF_SETTLE,2064,2,1788429918735.793,66.932,timestamp_domain.system_time,27052421.000,78.000,1,27052421.000,27052453.000,32.000,32.000,27052453.000,32.000,1,1,pnp_visible_ransac,9,1.221,-4.7168,0.181176,3.268153,3.1730
2026-09-03T19:05:18.869,932,STANDOFF_SETTLE,STANDOFF_SETTLE,2066,2,1788429918802.529,66.736,timestamp_domain.system_time,27052500.000,79.000,1,27052500.000,27052531.000,31.000,31.000,27052531.000,31.000,1,1,pnp_visible_ransac,9,1.616,-4.2906,0.179647,3.260867,3.1533
2026-09-03T19:05:18.944,933,STANDOFF_SETTLE,STANDOFF_SETTLE,2069,3,1788429918902.514,99.985,timestamp_domain.system_time,27052578.000,78.000,1,27052578.000,27052609.000,31.000,31.000,27052609.000,31.000,1,1,pnp_visible_ransac,9,1.567,-4.3297,0.177231,3.259745,3.1121
2026-09-03T19:05:19.021,934,STANDOFF_SETTLE,STANDOFF_SETTLE,2071,2,1788429918969.253,66.739,timestamp_domain.system_time,27052656.000,78.000,1,27052656.000,27052687.000,31.000,31.000,27052687.000,31.000,1,1,pnp_visible_ransac,9,1.305,-4.6792,0.179025,3.275434,3.1285
2026-09-03T19:05:19.099,935,STANDOFF_SETTLE,STANDOFF_SETTLE,2073,2,1788429919035.924,66.671,timestamp_domain.system_time,27052718.000,62.000,1,27052734.000,27052750.000,16.000,32.000,27052765.000,47.000,1,1,pnp_visible_ransac,9,1.324,-4.1687,0.177798,3.269395,3.1128
2026-09-03T19:05:19.176,936,STANDOFF_SETTLE,STANDOFF_SETTLE,2076,3,1788429919137.055,101.131,timestamp_domain.system_time,27052796.000,78.000,1,27052812.000,27052828.000,16.000,32.000,27052828.000,32.000,1,1,pnp_visible_ransac,9,1.689,-4.6528,0.182829,3.278067,3.1923
2026-09-03T19:05:19.359,937,STANDOFF_SETTLE,STANDOFF_SETTLE,2078,2,1788429919202.816,65.761,timestamp_domain.system_time,27052984.000,188.000,1,27052984.000,27053015.000,31.000,31.000,27053015.000,31.000,1,1,pnp_visible_ransac,9,2.003,-4.4994,0.179522,3.269714,3.1426
2026-09-03T19:05:19.452,938,STANDOFF_SETTLE,STANDOFF_SETTLE,2084,6,1788429919402.866,200.050,timestamp_domain.system_time,27053078.000,94.000,1,27053078.000,27053109.000,31.000,31.000,27053109.000,31.000,1,1,pnp_visible_ransac,9,1.961,-4.2484,0.180803,3.279035,3.1560
2026-09-03T19:05:19.530,939,STANDOFF_SETTLE,STANDOFF_SETTLE,2086,2,1788429919469.500,66.634,timestamp_domain.system_time,27053156.000,78.000,1,27053156.000,27053187.000,31.000,31.000,27053187.000,31.000,1,1,pnp_visible_ransac,9,1.771,-4.6220,0.180728,3.271046,3.1624
2026-09-03T19:05:19.609,940,STANDOFF_SETTLE,STANDOFF_SETTLE,2089,3,1788429919569.746,100.246,timestamp_domain.system_time,27053234.000,78.000,1,27053234.000,27053265.000,31.000,31.000,27053265.000,31.000,1,1,pnp_visible_ransac,9,1.863,-4.0429,0.176900,3.267763,3.0987
2026-09-03T19:05:19.686,941,STANDOFF_SETTLE,STANDOFF_SETTLE,2091,2,1788429919636.245,66.499,timestamp_domain.system_time,27053312.000,78.000,1,27053312.000,27053343.000,31.000,31.000,27053343.000,31.000,1,1,pnp_visible_ransac,9,1.751,-3.7651,0.178119,3.264646,3.1230
2026-09-03T19:05:19.763,942,STANDOFF_SETTLE,STANDOFF_SETTLE,2093,2,1788429919703.166,66.921,timestamp_domain.system_time,27053390.000,78.000,1,27053390.000,27053421.000,31.000,31.000,27053421.000,31.000,1,1,pnp_visible_ransac,9,1.651,-4.2836,0.180603,3.274137,3.1573
2026-09-03T19:05:19.842,943,STANDOFF_SETTLE,STANDOFF_SETTLE,2096,3,1788429919803.279,100.114,timestamp_domain.system_time,27053468.000,78.000,1,27053468.000,27053500.000,32.000,32.000,27053500.000,32.000,1,1,pnp_visible_ransac,9,1.649,-4.7668,0.186030,3.297751,3.2287
2026-09-03T19:05:19.919,944,STANDOFF_SETTLE,STANDOFF_SETTLE,2098,2,1788429919869.990,66.711,timestamp_domain.system_time,27053546.000,78.000,1,27053546.000,27053578.000,32.000,32.000,27053578.000,32.000,1,1,pnp_visible_ransac,9,1.713,-4.6288,0.183736,3.285265,3.2011
2026-09-03T19:05:19.995,945,STANDOFF_SETTLE,STANDOFF_SETTLE,2100,2,1788429919936.498,66.508,timestamp_domain.system_time,27053625.000,79.000,1,27053625.000,27053656.000,31.000,31.000,27053656.000,31.000,1,1,pnp_visible_ransac,9,1.327,-5.0776,0.182033,3.279135,3.1774
2026-09-03T19:05:20.075,946,STANDOFF_SETTLE,STANDOFF_SETTLE,2103,3,1788429920036.859,100.361,timestamp_domain.system_time,27053703.000,78.000,1,27053703.000,27053734.000,31.000,31.000,27053734.000,31.000,1,1,pnp_visible_ransac,9,2.044,-4.7617,0.183933,3.270999,3.2184
2026-09-03T19:05:20.157,947,STANDOFF_SETTLE,STANDOFF_SETTLE,2105,2,1788429920103.194,66.335,timestamp_domain.system_time,27053781.000,78.000,1,27053781.000,27053812.000,31.000,31.000,27053812.000,31.000,1,1,pnp_visible_ransac,9,1.797,-3.8958,0.177586,3.263384,3.1148
2026-09-03T19:05:20.232,948,STANDOFF_SETTLE,STANDOFF_SETTLE,2107,2,1788429920170.010,66.815,timestamp_domain.system_time,27053859.000,78.000,1,27053859.000,27053890.000,31.000,31.000,27053890.000,31.000,1,1,pnp_visible_ransac,9,1.463,-4.3939,0.181174,3.284448,3.1573
2026-09-03T19:05:20.345,949,STANDOFF_SETTLE,STANDOFF_SETTLE,2110,3,1788429920270.487,100.477,timestamp_domain.system_time,27053968.000,109.000,1,27053968.000,27054000.000,32.000,32.000,27054000.000,32.000,1,1,pnp_visible_ransac,9,1.272,-4.2144,0.179293,3.279182,3.1296
2026-09-03T19:05:20.423,950,STANDOFF_SETTLE,STANDOFF_SETTLE,2113,3,1788429920370.273,99.786,timestamp_domain.system_time,27054046.000,78.000,1,27054046.000,27054078.000,32.000,32.000,27054078.000,32.000,1,1,pnp_visible_ransac,9,1.406,-4.7044,0.182294,3.269024,3.1917
2026-09-03T19:05:20.503,951,STANDOFF_SETTLE,STANDOFF_SETTLE,2115,2,1788429920436.963,66.690,timestamp_domain.system_time,27054125.000,79.000,1,27054140.000,27054156.000,16.000,31.000,27054156.000,31.000,1,1,pnp_visible_ransac,9,1.420,-3.9858,0.177267,3.259810,3.1126
2026-09-03T19:05:20.579,952,STANDOFF_SETTLE,STANDOFF_SETTLE,2118,3,1788429920537.044,100.081,timestamp_domain.system_time,27054203.000,78.000,1,27054203.000,27054234.000,31.000,31.000,27054234.000,31.000,1,1,pnp_visible_ransac,9,1.550,-3.7973,0.175325,3.268638,3.0703
2026-09-03T19:05:20.659,953,STANDOFF_SETTLE,STANDOFF_SETTLE,2120,2,1788429920603.554,66.510,timestamp_domain.system_time,27054281.000,78.000,1,27054281.000,27054312.000,31.000,31.000,27054312.000,31.000,1,1,pnp_visible_ransac,9,1.582,-4.0242,0.176719,3.262914,3.1001
2026-09-03T19:05:20.738,954,STANDOFF_SETTLE,STANDOFF_SETTLE,2122,2,1788429920670.253,66.698,timestamp_domain.system_time,27054359.000,78.000,1,27054359.000,27054390.000,31.000,31.000,27054390.000,31.000,1,1,pnp_visible_ransac,9,1.735,-4.2166,0.179145,3.265966,3.1396
2026-09-03T19:05:20.816,955,STANDOFF_SETTLE,STANDOFF_SETTLE,2125,3,1788429920770.296,100.044,timestamp_domain.system_time,27054437.000,78.000,1,27054453.000,27054468.000,15.000,31.000,27054468.000,31.000,1,1,pnp_visible_ransac,9,1.520,-4.3797,0.179056,3.272946,3.1314
2026-09-03T19:05:20.892,956,STANDOFF_SETTLE,STANDOFF_SETTLE,2127,2,1788429920837.043,66.746,timestamp_domain.system_time,27054515.000,78.000,1,27054515.000,27054546.000,31.000,31.000,27054546.000,31.000,1,1,pnp_visible_ransac,9,1.665,-3.8126,0.174543,3.257919,3.0667
2026-09-03T19:05:20.971,957,STANDOFF_SETTLE,STANDOFF_SETTLE,2129,2,1788429920903.958,66.915,timestamp_domain.system_time,27054593.000,78.000,1,27054593.000,27054625.000,32.000,32.000,27054625.000,32.000,1,1,pnp_visible_ransac,9,1.177,-3.9214,0.176812,3.272508,3.0927
2026-09-03T19:05:21.051,958,STANDOFF_SETTLE,STANDOFF_SETTLE,2132,3,1788429921003.925,99.967,timestamp_domain.system_time,27054671.000,78.000,1,27054671.000,27054703.000,32.000,32.000,27054703.000,32.000,1,1,pnp_visible_ransac,9,1.902,-3.8319,0.174551,3.244554,3.0794
2026-09-03T19:05:21.127,959,STANDOFF_SETTLE,STANDOFF_SETTLE,2134,2,1788429921070.603,66.678,timestamp_domain.system_time,27054750.000,79.000,1,27054750.000,27054781.000,31.000,31.000,27054781.000,31.000,1,1,pnp_visible_ransac,9,1.476,-3.9692,0.180127,3.284443,3.1391
2026-09-03T19:05:21.207,960,STANDOFF_SETTLE,STANDOFF_SETTLE,2136,2,1788429921138.328,67.725,timestamp_domain.system_time,27054828.000,78.000,1,27054843.000,27054859.000,16.000,31.000,27054859.000,31.000,1,1,pnp_visible_ransac,9,1.643,-4.3458,0.179541,3.280755,3.1324
2026-09-03T19:05:21.364,961,STANDOFF_SETTLE,STANDOFF_SETTLE,2137,1,1788429921171.006,32.678,timestamp_domain.system_time,27054984.000,156.000,1,27054984.000,27055015.000,31.000,31.000,27055015.000,31.000,1,1,pnp_visible_ransac,9,1.379,-4.0656,0.176356,3.256740,3.0996
2026-09-03T19:05:21.450,962,STANDOFF_SETTLE,STANDOFF_SETTLE,2144,7,1788429921404.264,233.258,timestamp_domain.system_time,27055078.000,94.000,1,27055078.000,27055109.000,31.000,31.000,27055109.000,31.000,1,1,pnp_visible_ransac,9,1.727,-4.7369,0.182049,3.286691,3.1704
2026-09-03T19:05:21.530,963,STANDOFF_SETTLE,STANDOFF_SETTLE,2146,2,1788429921470.881,66.617,timestamp_domain.system_time,27055156.000,78.000,1,27055156.000,27055187.000,31.000,31.000,27055187.000,31.000,1,1,pnp_visible_ransac,9,1.586,-4.1625,0.180806,3.295423,3.1404
2026-09-03T19:05:21.609,964,STANDOFF_SETTLE,STANDOFF_SETTLE,2149,3,1788429921571.161,100.280,timestamp_domain.system_time,27055234.000,78.000,1,27055234.000,27055265.000,31.000,31.000,27055265.000,31.000,1,1,pnp_visible_ransac,9,1.362,-4.6282,0.181539,3.281616,3.1664
2026-09-03T19:05:21.686,965,STANDOFF_SETTLE,STANDOFF_SETTLE,2151,2,1788429921637.621,66.460,timestamp_domain.system_time,27055312.000,78.000,1,27055312.000,27055343.000,31.000,31.000,27055343.000,31.000,1,1,pnp_visible_ransac,9,1.428,-4.4116,0.178230,3.279685,3.1106
2026-09-03T19:05:21.762,966,STANDOFF_SETTLE,STANDOFF_SETTLE,2153,2,1788429921704.354,66.733,timestamp_domain.system_time,27055390.000,78.000,1,27055390.000,27055421.000,31.000,31.000,27055421.000,31.000,1,1,pnp_visible_ransac,9,1.429,-4.5190,0.180163,3.286215,3.1380
2026-09-03T19:05:21.840,967,STANDOFF_SETTLE,STANDOFF_SETTLE,2156,3,1788429921804.427,100.072,timestamp_domain.system_time,27055468.000,78.000,1,27055468.000,27055500.000,32.000,32.000,27055500.000,32.000,1,1,pnp_visible_ransac,9,1.569,-4.0708,0.179483,3.269956,3.1417
2026-09-03T19:05:21.917,968,STANDOFF_SETTLE,STANDOFF_SETTLE,2158,2,1788429921871.136,66.710,timestamp_domain.system_time,27055546.000,78.000,1,27055546.000,27055578.000,32.000,32.000,27055578.000,32.000,1,1,pnp_visible_ransac,9,1.724,-4.1155,0.174786,3.252724,3.0758
2026-09-03T19:05:21.993,969,STANDOFF_SETTLE,STANDOFF_SETTLE,2160,2,1788429921937.817,66.680,timestamp_domain.system_time,27055625.000,79.000,1,27055625.000,27055656.000,31.000,31.000,27055656.000,31.000,1,1,pnp_visible_ransac,9,1.600,-4.3427,0.178738,3.264751,3.1337
2026-09-03T19:05:22.070,970,STANDOFF_SETTLE,STANDOFF_SETTLE,2162,2,1788429922004.890,67.073,timestamp_domain.system_time,27055703.000,78.000,1,27055703.000,27055734.000,31.000,31.000,27055734.000,31.000,1,1,pnp_visible_ransac,9,1.345,-4.5979,0.178124,3.266822,3.1210
2026-09-03T19:05:22.147,971,STANDOFF_SETTLE,STANDOFF_SETTLE,2165,3,1788429922104.822,99.932,timestamp_domain.system_time,27055781.000,78.000,1,27055781.000,27055812.000,31.000,31.000,27055812.000,31.000,1,1,pnp_visible_ransac,9,1.477,-4.0489,0.178626,3.284418,3.1130
2026-09-03T19:05:22.225,972,STANDOFF_SETTLE,STANDOFF_SETTLE,2166,1,1788429922138.759,33.937,timestamp_domain.system_time,27055843.000,62.000,1,27055859.000,27055890.000,31.000,47.000,27055890.000,47.000,1,1,pnp_visible_ransac,9,1.890,-4.4981,0.185129,3.290362,3.2203
2026-09-03T19:05:22.350,973,STANDOFF_SETTLE,STANDOFF_SETTLE,2170,4,1788429922271.510,132.751,timestamp_domain.system_time,27055968.000,125.000,1,27055984.000,27056015.000,31.000,47.000,27056015.000,47.000,1,1,pnp_visible_ransac,9,1.318,-4.6231,0.182220,3.278110,3.1816
2026-09-03T19:05:22.430,974,STANDOFF_SETTLE,STANDOFF_SETTLE,2173,3,1788429922371.473,99.963,timestamp_domain.system_time,27056062.000,94.000,1,27056062.000,27056093.000,31.000,31.000,27056093.000,31.000,1,1,pnp_visible_ransac,9,1.122,-4.4446,0.176635,3.274638,3.0876
2026-09-03T19:05:22.508,975,STANDOFF_SETTLE,STANDOFF_SETTLE,2176,3,1788429922471.776,100.303,timestamp_domain.system_time,27056140.000,78.000,1,27056140.000,27056171.000,31.000,31.000,27056171.000,31.000,1,1,pnp_visible_ransac,9,1.476,-4.6550,0.179366,3.267482,3.1421
2026-09-03T19:05:22.586,976,STANDOFF_SETTLE,STANDOFF_SETTLE,2178,2,1788429922538.461,66.686,timestamp_domain.system_time,27056218.000,78.000,1,27056218.000,27056250.000,32.000,32.000,27056250.000,32.000,1,1,pnp_visible_ransac,9,1.614,-4.4479,0.182707,3.275423,3.1927
2026-09-03T19:05:22.663,977,STANDOFF_SETTLE,STANDOFF_SETTLE,2180,2,1788429922604.906,66.445,timestamp_domain.system_time,27056296.000,78.000,1,27056296.000,27056328.000,32.000,32.000,27056328.000,32.000,1,1,pnp_visible_ransac,9,1.732,-4.3039,0.178201,3.273973,3.1155
2026-09-03T19:05:22.743,978,STANDOFF_SETTLE,STANDOFF_SETTLE,2183,3,1788429922705.198,100.291,timestamp_domain.system_time,27056375.000,79.000,1,27056375.000,27056406.000,31.000,31.000,27056406.000,31.000,1,1,pnp_visible_ransac,9,1.526,-4.5782,0.178532,3.269084,3.1259
2026-09-03T19:05:22.821,979,STANDOFF_SETTLE,STANDOFF_SETTLE,2185,2,1788429922771.920,66.722,timestamp_domain.system_time,27056453.000,78.000,1,27056453.000,27056484.000,31.000,31.000,27056484.000,31.000,1,1,pnp_visible_ransac,9,1.431,-4.1466,0.174495,3.264586,3.0596
2026-09-03T19:05:22.900,980,STANDOFF_SETTLE,STANDOFF_SETTLE,2187,2,1788429922838.418,66.498,timestamp_domain.system_time,27056531.000,78.000,1,27056531.000,27056562.000,31.000,31.000,27056562.000,31.000,1,1,pnp_visible_ransac,9,1.956,-4.5322,0.183902,3.277020,3.2120
2026-09-03T19:05:22.979,981,STANDOFF_SETTLE,STANDOFF_SETTLE,2190,3,1788429922938.345,99.927,timestamp_domain.system_time,27056609.000,78.000,1,27056609.000,27056640.000,31.000,31.000,27056640.000,31.000,1,1,pnp_visible_ransac,9,1.310,-4.7569,0.180778,3.270634,3.1637
2026-09-03T19:05:23.058,982,STANDOFF_SETTLE,STANDOFF_SETTLE,2192,2,1788429923005.204,66.859,timestamp_domain.system_time,27056687.000,78.000,1,27056687.000,27056718.000,31.000,31.000,27056718.000,31.000,1,1,pnp_visible_ransac,9,1.415,-4.9040,0.182521,3.280453,3.1846
2026-09-03T19:05:23.135,983,STANDOFF_SETTLE,STANDOFF_SETTLE,2194,2,1788429923071.846,66.642,timestamp_domain.system_time,27056765.000,78.000,1,27056765.000,27056796.000,31.000,31.000,27056796.000,31.000,1,1,pnp_visible_ransac,9,1.892,-4.4947,0.182266,3.270600,3.1897
2026-09-03T19:05:23.211,984,STANDOFF_SETTLE,STANDOFF_SETTLE,2197,3,1788429923172.130,100.284,timestamp_domain.system_time,27056843.000,78.000,1,27056843.000,27056875.000,32.000,32.000,27056875.000,32.000,1,1,pnp_visible_ransac,9,1.594,-4.3064,0.180208,3.271568,3.1528
2026-09-03T19:05:23.359,985,STANDOFF_SETTLE,STANDOFF_SETTLE,2200,3,1788429923272.402,100.272,timestamp_domain.system_time,27056984.000,141.000,1,27056984.000,27057015.000,31.000,31.000,27057015.000,31.000,1,1,pnp_visible_ransac,9,1.534,-4.2019,0.179273,3.272727,3.1354
2026-09-03T19:05:23.438,986,STANDOFF_SETTLE,STANDOFF_SETTLE,2203,3,1788429923372.203,99.801,timestamp_domain.system_time,27057062.000,78.000,1,27057062.000,27057093.000,31.000,31.000,27057093.000,31.000,1,1,pnp_visible_ransac,9,1.445,-4.1059,0.179065,3.281785,3.1231
2026-09-03T19:05:23.514,987,STANDOFF_SETTLE,STANDOFF_SETTLE,2206,3,1788429923472.394,100.191,timestamp_domain.system_time,27057140.000,78.000,1,27057140.000,27057171.000,31.000,31.000,27057171.000,31.000,1,1,pnp_visible_ransac,9,1.427,-4.3392,0.176188,3.247626,3.1053
2026-09-03T19:05:23.590,988,STANDOFF_SETTLE,STANDOFF_SETTLE,2208,2,1788429923539.001,66.607,timestamp_domain.system_time,27057218.000,78.000,1,27057218.000,27057250.000,32.000,32.000,27057250.000,32.000,1,1,pnp_visible_ransac,9,1.440,-4.1477,0.179904,3.284451,3.1352
2026-09-03T19:05:23.669,989,STANDOFF_SETTLE,STANDOFF_SETTLE,2210,2,1788429923605.845,66.844,timestamp_domain.system_time,27057296.000,78.000,1,27057296.000,27057328.000,32.000,32.000,27057328.000,32.000,1,1,pnp_visible_ransac,9,1.726,-4.3380,0.178553,3.261039,3.1340
2026-09-03T19:05:23.749,990,STANDOFF_SETTLE,STANDOFF_SETTLE,2213,3,1788429923705.786,99.941,timestamp_domain.system_time,27057375.000,79.000,1,27057375.000,27057406.000,31.000,31.000,27057406.000,31.000,1,1,pnp_visible_ransac,9,1.638,-4.1326,0.177425,3.259453,3.1158
2026-09-03T19:05:23.826,991,STANDOFF_SETTLE,STANDOFF_SETTLE,2215,2,1788429923772.425,66.639,timestamp_domain.system_time,27057453.000,78.000,1,27057453.000,27057484.000,31.000,31.000,27057484.000,31.000,1,1,pnp_visible_ransac,9,2.310,-4.6772,0.184996,3.288364,3.2199
2026-09-03T19:05:23.906,992,STANDOFF_SETTLE,STANDOFF_SETTLE,2217,2,1788429923839.432,67.008,timestamp_domain.system_time,27057531.000,78.000,1,27057531.000,27057562.000,31.000,31.000,27057562.000,31.000,1,1,pnp_visible_ransac,9,1.407,-4.2258,0.177735,3.280666,3.1011
2026-09-03T19:05:23.983,993,STANDOFF_SETTLE,STANDOFF_SETTLE,2220,3,1788429923939.264,99.831,timestamp_domain.system_time,27057609.000,78.000,1,27057609.000,27057640.000,31.000,31.000,27057640.000,31.000,1,1,pnp_visible_ransac,9,1.568,-4.6753,0.179282,3.264794,3.1432
2026-09-03T19:05:24.059,994,STANDOFF_SETTLE,STANDOFF_SETTLE,2222,2,1788429924005.979,66.715,timestamp_domain.system_time,27057687.000,78.000,1,27057687.000,27057718.000,31.000,31.000,27057718.000,31.000,1,1,pnp_visible_ransac,9,1.345,-4.2400,0.175409,3.270392,3.0701
2026-09-03T19:05:24.138,995,STANDOFF_SETTLE,STANDOFF_SETTLE,2224,2,1788429924072.749,66.770,timestamp_domain.system_time,27057765.000,78.000,1,27057765.000,27057796.000,31.000,31.000,27057796.000,31.000,1,1,pnp_visible_ransac,9,1.383,-4.3520,0.176820,3.275291,3.0902
2026-09-03T19:05:24.213,996,STANDOFF_SETTLE,STANDOFF_SETTLE,2227,3,1788429924172.737,99.988,timestamp_domain.system_time,27057843.000,78.000,1,27057843.000,27057875.000,32.000,32.000,27057875.000,32.000,1,1,pnp_visible_ransac,9,1.476,-3.6677,0.172761,3.246934,3.0457
2026-09-03T19:05:24.357,997,STANDOFF_SETTLE,STANDOFF_SETTLE,2230,3,1788429924273.296,100.559,timestamp_domain.system_time,27057968.000,125.000,1,27057984.000,27058015.000,31.000,47.000,27058015.000,47.000,1,1,pnp_visible_ransac,9,1.777,-4.6651,0.185132,3.299085,3.2119
2026-09-03T19:05:24.435,998,STANDOFF_SETTLE,STANDOFF_SETTLE,2233,3,1788429924372.986,99.690,timestamp_domain.system_time,27058062.000,94.000,1,27058062.000,27058093.000,31.000,31.000,27058093.000,31.000,1,1,pnp_visible_ransac,9,1.782,-3.8147,0.175345,3.265043,3.0740
2026-09-03T19:05:24.512,999,STANDOFF_SETTLE,STANDOFF_SETTLE,2236,3,1788429924472.867,99.881,timestamp_domain.system_time,27058140.000,78.000,1,27058140.000,27058171.000,31.000,31.000,27058171.000,31.000,1,1,pnp_visible_ransac,9,1.515,-4.0234,0.176854,3.262252,3.1031
2026-09-03T19:05:24.591,1000,STANDOFF_SETTLE,STANDOFF_SETTLE,2238,2,1788429924539.717,66.850,timestamp_domain.system_time,27058218.000,78.000,1,27058218.000,27058250.000,32.000,32.000,27058250.000,32.000,1,1,pnp_visible_ransac,9,1.720,-4.8782,0.185505,3.288338,3.2288
2026-09-03T19:05:24.669,1001,STANDOFF_SETTLE,STANDOFF_SETTLE,2240,2,1788429924606.524,66.807,timestamp_domain.system_time,27058296.000,78.000,1,27058296.000,27058328.000,32.000,32.000,27058328.000,32.000,1,1,pnp_visible_ransac,9,1.600,-4.4720,0.180301,3.269349,3.1566
2026-09-03T19:05:24.749,1002,STANDOFF_SETTLE,STANDOFF_SETTLE,2243,3,1788429924706.392,99.868,timestamp_domain.system_time,27058375.000,79.000,1,27058375.000,27058406.000,31.000,31.000,27058406.000,31.000,1,1,pnp_visible_ransac,9,1.625,-4.3131,0.182451,3.279186,3.1846
2026-09-03T19:05:24.825,1003,STANDOFF_SETTLE,STANDOFF_SETTLE,2245,2,1788429924773.135,66.744,timestamp_domain.system_time,27058453.000,78.000,1,27058453.000,27058484.000,31.000,31.000,27058484.000,31.000,1,1,pnp_visible_ransac,9,1.632,-4.2416,0.177470,3.274295,3.1024
2026-09-03T19:05:24.904,1004,STANDOFF_SETTLE,STANDOFF_SETTLE,2247,2,1788429924839.888,66.753,timestamp_domain.system_time,27058531.000,78.000,1,27058531.000,27058562.000,31.000,31.000,27058562.000,31.000,1,1,pnp_visible_ransac,9,1.452,-4.8410,0.180111,3.268511,3.1541
2026-09-03T19:05:24.981,1005,STANDOFF_SETTLE,STANDOFF_SETTLE,2250,3,1788429924939.853,99.965,timestamp_domain.system_time,27058609.000,78.000,1,27058609.000,27058640.000,31.000,31.000,27058640.000,31.000,1,1,pnp_visible_ransac,9,1.838,-4.3438,0.178703,3.272732,3.1254
2026-09-03T19:05:25.059,1006,STANDOFF_SETTLE,STANDOFF_SETTLE,2252,2,1788429925006.628,66.775,timestamp_domain.system_time,27058687.000,78.000,1,27058687.000,27058718.000,31.000,31.000,27058718.000,31.000,1,1,pnp_visible_ransac,9,1.754,-4.5855,0.181667,3.282252,3.1680
2026-09-03T19:05:25.138,1007,STANDOFF_SETTLE,STANDOFF_SETTLE,2254,2,1788429925073.319,66.690,timestamp_domain.system_time,27058765.000,78.000,1,27058765.000,27058796.000,31.000,31.000,27058796.000,31.000,1,1,pnp_visible_ransac,9,1.672,-4.1792,0.174968,3.259963,3.0722
2026-09-03T19:05:25.214,1008,STANDOFF_SETTLE,STANDOFF_SETTLE,2257,3,1788429925173.160,99.841,timestamp_domain.system_time,27058843.000,78.000,1,27058843.000,27058875.000,32.000,32.000,27058875.000,32.000,1,1,pnp_visible_ransac,9,1.178,-4.7261,0.177789,3.267053,3.1149
2026-09-03T19:05:25.358,1009,STANDOFF_SETTLE,STANDOFF_SETTLE,2260,3,1788429925273.656,100.496,timestamp_domain.system_time,27058984.000,141.000,1,27058984.000,27059015.000,31.000,31.000,27059015.000,31.000,1,1,pnp_visible_ransac,9,1.727,-4.2542,0.178723,3.277150,3.1216
2026-09-03T19:05:25.437,1010,STANDOFF_SETTLE,STANDOFF_SETTLE,2263,3,1788429925373.576,99.920,timestamp_domain.system_time,27059062.000,78.000,1,27059062.000,27059093.000,31.000,31.000,27059093.000,31.000,1,1,pnp_visible_ransac,9,1.938,-4.7811,0.183152,3.282042,3.1940
2026-09-03T19:05:25.514,1011,STANDOFF_SETTLE,STANDOFF_SETTLE,2266,3,1788429925473.626,100.051,timestamp_domain.system_time,27059140.000,78.000,1,27059140.000,27059171.000,31.000,31.000,27059171.000,31.000,1,1,pnp_visible_ransac,9,1.447,-4.8011,0.187482,3.295303,3.2563
2026-09-03T19:05:25.592,1012,STANDOFF_SETTLE,STANDOFF_SETTLE,2268,2,1788429925540.346,66.719,timestamp_domain.system_time,27059218.000,78.000,1,27059218.000,27059250.000,32.000,32.000,27059250.000,32.000,1,1,pnp_visible_ransac,9,1.626,-4.2545,0.177378,3.259751,3.1147
2026-09-03T19:05:25.669,1013,STANDOFF_SETTLE,STANDOFF_SETTLE,2270,2,1788429925607.026,66.680,timestamp_domain.system_time,27059296.000,78.000,1,27059296.000,27059328.000,32.000,32.000,27059328.000,32.000,1,1,pnp_visible_ransac,9,1.326,-3.8002,0.173910,3.271321,3.0431
2026-09-03T19:05:25.746,1014,STANDOFF_SETTLE,STANDOFF_SETTLE,2273,3,1788429925707.036,100.010,timestamp_domain.system_time,27059375.000,79.000,1,27059375.000,27059406.000,31.000,31.000,27059406.000,31.000,1,1,pnp_visible_ransac,9,1.598,-4.6210,0.182851,3.268243,3.2022
2026-09-03T19:05:25.822,1015,STANDOFF_SETTLE,STANDOFF_SETTLE,2275,2,1788429925773.883,66.847,timestamp_domain.system_time,27059453.000,78.000,1,27059453.000,27059484.000,31.000,31.000,27059484.000,31.000,1,1,pnp_visible_ransac,9,1.712,-4.5292,0.180648,3.273595,3.1586
2026-09-03T19:05:25.900,1016,STANDOFF_SETTLE,STANDOFF_SETTLE,2277,2,1788429925840.682,66.799,timestamp_domain.system_time,27059531.000,78.000,1,27059531.000,27059562.000,31.000,31.000,27059562.000,31.000,1,1,pnp_visible_ransac,9,1.446,-4.0852,0.176506,3.273994,3.0859
2026-09-03T19:05:25.976,1017,STANDOFF_SETTLE,STANDOFF_SETTLE,2279,2,1788429925907.296,66.615,timestamp_domain.system_time,27059609.000,78.000,1,27059609.000,27059640.000,31.000,31.000,27059640.000,31.000,1,1,pnp_visible_ransac,9,1.247,-5.4612,0.186974,3.306527,3.2365
2026-09-03T19:05:26.052,1018,STANDOFF_SETTLE,STANDOFF_SETTLE,2282,3,1788429926007.346,100.050,timestamp_domain.system_time,27059671.000,62.000,1,27059687.000,27059718.000,31.000,47.000,27059718.000,47.000,1,1,pnp_visible_ransac,9,1.778,-4.8401,0.183870,3.290936,3.1979
2026-09-03T19:05:26.143,1019,STANDOFF_SETTLE,STANDOFF_SETTLE,2284,2,1788429926074.150,66.804,timestamp_domain.system_time,27059765.000,94.000,1,27059765.000,27059796.000,31.000,31.000,27059796.000,31.000,1,1,pnp_visible_ransac,9,1.769,-4.9732,0.187515,3.299586,3.2526
2026-09-03T19:05:26.235,1020,STANDOFF_SETTLE,STANDOFF_SETTLE,2287,3,1788429926175.344,101.194,timestamp_domain.system_time,27059859.000,94.000,1,27059859.000,27059890.000,31.000,31.000,27059890.000,31.000,1,1,pnp_visible_ransac,9,1.605,-4.3133,0.181335,3.290459,3.1543
2026-09-03T19:05:26.331,1021,STANDOFF_SETTLE,STANDOFF_SETTLE,2288,1,1788429926207.690,32.346,timestamp_domain.system_time,27059953.000,94.000,1,27059953.000,27059984.000,31.000,31.000,27059984.000,31.000,1,1,pnp_visible_ransac,9,1.296,-3.7653,0.175307,3.276112,3.0630
2026-09-03T19:05:26.425,1022,STANDOFF_SETTLE,STANDOFF_SETTLE,2293,5,1788429926374.207,166.516,timestamp_domain.system_time,27060046.000,93.000,1,27060046.000,27060078.000,32.000,32.000,27060078.000,32.000,1,1,pnp_visible_ransac,9,2.004,-4.7224,0.188894,3.297580,3.2785
2026-09-03T19:05:26.518,1023,STANDOFF_SETTLE,STANDOFF_SETTLE,2296,3,1788429926474.456,100.250,timestamp_domain.system_time,27060140.000,94.000,1,27060140.000,27060171.000,31.000,31.000,27060171.000,31.000,1,1,pnp_visible_ransac,9,1.786,-4.8542,0.186592,3.286408,3.2496
2026-09-03T19:05:26.596,1024,STANDOFF_SETTLE,STANDOFF_SETTLE,2298,2,1788429926541.134,66.678,timestamp_domain.system_time,27060218.000,78.000,1,27060218.000,27060250.000,32.000,32.000,27060250.000,32.000,1,1,pnp_visible_ransac,9,1.555,-3.7846,0.173018,3.256182,3.0416
2026-09-03T19:05:26.673,1025,STANDOFF_SETTLE,STANDOFF_SETTLE,2300,2,1788429926608.231,67.096,timestamp_domain.system_time,27060296.000,78.000,1,27060296.000,27060328.000,32.000,32.000,27060328.000,32.000,1,1,pnp_visible_ransac,9,1.389,-4.2105,0.179800,3.271027,3.1462
2026-09-03T19:05:26.750,1026,STANDOFF_SETTLE,STANDOFF_SETTLE,2303,3,1788429926707.838,99.607,timestamp_domain.system_time,27060375.000,79.000,1,27060375.000,27060406.000,31.000,31.000,27060406.000,31.000,1,1,pnp_visible_ransac,9,1.203,-3.9266,0.178086,3.264207,3.1228
2026-09-03T19:05:26.828,1027,STANDOFF_SETTLE,STANDOFF_SETTLE,2305,2,1788429926774.635,66.798,timestamp_domain.system_time,27060453.000,78.000,1,27060453.000,27060484.000,31.000,31.000,27060484.000,31.000,1,1,pnp_visible_ransac,9,1.926,-4.6656,0.187831,3.288258,3.2693
2026-09-03T19:05:26.905,1028,STANDOFF_SETTLE,STANDOFF_SETTLE,2307,2,1788429926841.290,66.655,timestamp_domain.system_time,27060531.000,78.000,1,27060531.000,27060562.000,31.000,31.000,27060562.000,31.000,1,1,pnp_visible_ransac,9,1.650,-5.0494,0.185170,3.287371,3.2239
2026-09-03T19:05:26.981,1029,STANDOFF_SETTLE,STANDOFF_SETTLE,2310,3,1788429926941.408,100.117,timestamp_domain.system_time,27060609.000,78.000,1,27060609.000,27060640.000,31.000,31.000,27060640.000,31.000,1,1,pnp_visible_ransac,9,1.778,-4.5066,0.181597,3.281467,3.1675
2026-09-03T19:05:27.059,1030,STANDOFF_SETTLE,STANDOFF_SETTLE,2312,2,1788429927007.960,66.552,timestamp_domain.system_time,27060687.000,78.000,1,27060687.000,27060718.000,31.000,31.000,27060718.000,31.000,1,1,pnp_visible_ransac,9,1.705,-4.3705,0.177787,3.268932,3.1131
2026-09-03T19:05:27.135,1031,STANDOFF_SETTLE,STANDOFF_SETTLE,2314,2,1788429927074.725,66.765,timestamp_domain.system_time,27060765.000,78.000,1,27060765.000,27060796.000,31.000,31.000,27060796.000,31.000,1,1,pnp_visible_ransac,9,1.634,-4.2881,0.177708,3.246688,3.1330
2026-09-03T19:05:27.211,1032,STANDOFF_SETTLE,STANDOFF_SETTLE,2317,3,1788429927175.077,100.352,timestamp_domain.system_time,27060843.000,78.000,1,27060843.000,27060875.000,32.000,32.000,27060875.000,32.000,1,1,pnp_visible_ransac,9,1.706,-4.4876,0.178199,3.259819,3.1290
2026-09-03T19:05:27.291,1033,STANDOFF_SETTLE,STANDOFF_SETTLE,2318,1,1788429927208.116,33.039,timestamp_domain.system_time,27060921.000,78.000,1,27060921.000,27060953.000,32.000,32.000,27060953.000,32.000,1,1,pnp_visible_ransac,9,1.419,-4.1563,0.177572,3.252840,3.1247
2026-09-03T19:05:27.377,1034,STANDOFF_SETTLE,STANDOFF_SETTLE,2319,1,1788429927241.254,33.138,timestamp_domain.system_time,27061000.000,79.000,1,27061000.000,27061031.000,31.000,31.000,27061031.000,31.000,1,1,pnp_visible_ransac,9,1.699,-4.4943,0.179329,3.260953,3.1477
2026-09-03T19:05:27.455,1035,STANDOFF_SETTLE,STANDOFF_SETTLE,2324,5,1788429927408.341,167.088,timestamp_domain.system_time,27061078.000,78.000,1,27061078.000,27061109.000,31.000,31.000,27061109.000,31.000,1,1,pnp_visible_ransac,9,1.458,-4.4015,0.178046,3.282131,3.1051
2026-09-03T19:05:27.531,1036,STANDOFF_SETTLE,STANDOFF_SETTLE,2326,2,1788429927475.030,66.689,timestamp_domain.system_time,27061156.000,78.000,1,27061156.000,27061187.000,31.000,31.000,27061187.000,31.000,1,1,pnp_visible_ransac,9,1.403,-4.4849,0.176882,3.271284,3.0950
2026-09-03T19:05:27.607,1037,STANDOFF_SETTLE,STANDOFF_SETTLE,2328,2,1788429927541.696,66.666,timestamp_domain.system_time,27061234.000,78.000,1,27061234.000,27061265.000,31.000,31.000,27061265.000,31.000,1,1,pnp_visible_ransac,9,1.386,-4.6853,0.184271,3.294073,3.2018
2026-09-03T19:05:27.683,1038,STANDOFF_SETTLE,STANDOFF_SETTLE,2331,3,1788429927641.865,100.168,timestamp_domain.system_time,27061312.000,78.000,1,27061312.000,27061343.000,31.000,31.000,27061343.000,31.000,1,1,pnp_visible_ransac,9,1.758,-3.8840,0.172067,3.237998,3.0418
2026-09-03T19:05:27.760,1039,STANDOFF_SETTLE,STANDOFF_SETTLE,2333,2,1788429927708.532,66.667,timestamp_domain.system_time,27061390.000,78.000,1,27061390.000,27061421.000,31.000,31.000,27061421.000,31.000,1,1,pnp_visible_ransac,9,1.727,-4.6112,0.183208,3.284540,3.1926
2026-09-03T19:05:27.839,1040,STANDOFF_SETTLE,STANDOFF_SETTLE,2335,2,1788429927775.271,66.740,timestamp_domain.system_time,27061468.000,78.000,1,27061468.000,27061500.000,32.000,32.000,27061500.000,32.000,1,1,pnp_visible_ransac,9,1.463,-4.4079,0.181312,3.280245,3.1637
2026-09-03T19:05:27.917,1041,STANDOFF_SETTLE,STANDOFF_SETTLE,2338,3,1788429927875.387,100.115,timestamp_domain.system_time,27061546.000,78.000,1,27061546.000,27061578.000,32.000,32.000,27061578.000,32.000,1,1,pnp_visible_ransac,9,1.844,-4.6509,0.183695,3.283104,3.2024
2026-09-03T19:05:27.994,1042,STANDOFF_SETTLE,STANDOFF_SETTLE,2340,2,1788429927942.274,66.888,timestamp_domain.system_time,27061625.000,79.000,1,27061625.000,27061656.000,31.000,31.000,27061656.000,31.000,1,1,pnp_visible_ransac,9,1.500,-4.5974,0.183801,3.276362,3.2109
2026-09-03T19:05:28.072,1043,STANDOFF_SETTLE,STANDOFF_SETTLE,2342,2,1788429928008.820,66.545,timestamp_domain.system_time,27061703.000,78.000,1,27061703.000,27061734.000,31.000,31.000,27061734.000,31.000,1,1,pnp_visible_ransac,9,1.384,-4.3840,0.182281,3.288732,3.1724
2026-09-03T19:05:28.149,1044,STANDOFF_SETTLE,STANDOFF_SETTLE,2345,3,1788429928108.786,99.967,timestamp_domain.system_time,27061781.000,78.000,1,27061781.000,27061812.000,31.000,31.000,27061812.000,31.000,1,1,pnp_visible_ransac,9,1.824,-4.2924,0.182222,3.278239,3.1815
2026-09-03T19:05:28.227,1045,STANDOFF_SETTLE,STANDOFF_SETTLE,2347,2,1788429928175.538,66.752,timestamp_domain.system_time,27061859.000,78.000,1,27061859.000,27061890.000,31.000,31.000,27061890.000,31.000,1,1,pnp_visible_ransac,9,1.497,-4.1316,0.175223,3.255539,3.0809
2026-09-03T19:05:28.306,1046,STANDOFF_SETTLE,STANDOFF_SETTLE,2348,1,1788429928209.018,33.479,timestamp_domain.system_time,27061937.000,78.000,1,27061937.000,27061968.000,31.000,31.000,27061968.000,31.000,1,1,pnp_visible_ransac,9,1.660,-4.3448,0.183257,3.296734,3.1816
2026-09-03T19:05:28.384,1047,STANDOFF_SETTLE,STANDOFF_SETTLE,2352,4,1788429928342.322,133.304,timestamp_domain.system_time,27062015.000,78.000,1,27062015.000,27062046.000,31.000,31.000,27062046.000,31.000,1,1,pnp_visible_ransac,9,1.690,-4.3992,0.183255,3.297037,3.1813
2026-09-03T19:05:28.463,1048,STANDOFF_SETTLE,STANDOFF_SETTLE,2354,2,1788429928409.146,66.824,timestamp_domain.system_time,27062093.000,78.000,1,27062093.000,27062125.000,32.000,32.000,27062125.000,32.000,1,1,pnp_visible_ransac,9,1.600,-4.1525,0.176499,3.261625,3.0975
2026-09-03T19:05:28.541,1049,STANDOFF_SETTLE,STANDOFF_SETTLE,2356,2,1788429928475.637,66.491,timestamp_domain.system_time,27062171.000,78.000,1,27062171.000,27062203.000,32.000,32.000,27062203.000,32.000,1,1,pnp_visible_ransac,9,1.580,-3.9420,0.175457,3.268171,3.0731
2026-09-03T19:05:28.621,1050,STANDOFF_SETTLE,STANDOFF_SETTLE,2359,3,1788429928575.745,100.108,timestamp_domain.system_time,27062250.000,79.000,1,27062250.000,27062281.000,31.000,31.000,27062281.000,31.000,1,1,pnp_visible_ransac,9,1.007,-4.0298,0.174357,3.280742,3.0422
2026-09-03T19:05:28.699,1051,STANDOFF_SETTLE,STANDOFF_SETTLE,2361,2,1788429928642.475,66.730,timestamp_domain.system_time,27062328.000,78.000,1,27062328.000,27062359.000,31.000,31.000,27062359.000,31.000,1,1,pnp_visible_ransac,9,1.158,-4.5302,0.179316,3.278938,3.1302
2026-09-03T19:05:28.778,1052,STANDOFF_SETTLE,STANDOFF_SETTLE,2363,2,1788429928709.338,66.863,timestamp_domain.system_time,27062406.000,78.000,1,27062406.000,27062437.000,31.000,31.000,27062437.000,31.000,1,1,pnp_visible_ransac,9,2.029,-4.7182,0.184318,3.274010,3.2222
2026-09-03T19:05:28.856,1053,STANDOFF_SETTLE,STANDOFF_SETTLE,2366,3,1788429928809.380,100.042,timestamp_domain.system_time,27062484.000,78.000,1,27062484.000,27062515.000,31.000,31.000,27062515.000,31.000,1,1,pnp_visible_ransac,9,1.433,-4.8373,0.186732,3.276198,3.2621
2026-09-03T19:05:28.933,1054,STANDOFF_SETTLE,STANDOFF_SETTLE,2368,2,1788429928876.136,66.757,timestamp_domain.system_time,27062562.000,78.000,1,27062562.000,27062593.000,31.000,31.000,27062593.000,31.000,1,1,pnp_visible_ransac,9,1.862,-4.3858,0.183263,3.273775,3.2040
2026-09-03T19:05:29.012,1055,STANDOFF_SETTLE,STANDOFF_SETTLE,2370,2,1788429928942.752,66.615,timestamp_domain.system_time,27062640.000,78.000,1,27062640.000,27062671.000,31.000,31.000,27062671.000,31.000,1,1,pnp_visible_ransac,9,1.353,-4.5096,0.179776,3.264199,3.1524
2026-09-03T19:05:29.091,1056,STANDOFF_SETTLE,STANDOFF_SETTLE,2373,3,1788429929042.817,100.065,timestamp_domain.system_time,27062718.000,78.000,1,27062718.000,27062750.000,32.000,32.000,27062750.000,32.000,1,1,pnp_visible_ransac,9,1.829,-3.7940,0.178781,3.270111,3.1293
2026-09-03T19:05:29.171,1057,STANDOFF_SETTLE,STANDOFF_SETTLE,2375,2,1788429929109.582,66.765,timestamp_domain.system_time,27062796.000,78.000,1,27062796.000,27062828.000,32.000,32.000,27062828.000,32.000,1,1,pnp_visible_ransac,9,1.596,-4.5596,0.178632,3.271842,3.1251
2026-09-03T19:05:29.247,1058,STANDOFF_SETTLE,STANDOFF_SETTLE,2378,3,1788429929209.625,100.043,timestamp_domain.system_time,27062875.000,79.000,1,27062875.000,27062906.000,31.000,31.000,27062906.000,31.000,1,1,pnp_visible_ransac,9,1.481,-4.0506,0.176803,3.263067,3.1014
2026-09-03T19:05:29.390,1059,STANDOFF_SETTLE,STANDOFF_SETTLE,2381,3,1788429929309.698,100.073,timestamp_domain.system_time,27063015.000,140.000,1,27063015.000,27063046.000,31.000,31.000,27063046.000,31.000,1,1,pnp_visible_ransac,9,1.449,-4.4133,0.177804,3.277191,3.1055
2026-09-03T19:05:29.473,1060,STANDOFF_SETTLE,STANDOFF_SETTLE,2384,3,1788429929409.685,99.987,timestamp_domain.system_time,27063093.000,78.000,1,27063093.000,27063125.000,32.000,32.000,27063125.000,32.000,1,1,pnp_visible_ransac,9,1.634,-4.9492,0.184361,3.272194,3.2247
2026-09-03T19:05:29.550,1061,STANDOFF_SETTLE,STANDOFF_SETTLE,2387,3,1788429929509.496,99.811,timestamp_domain.system_time,27063171.000,78.000,1,27063187.000,27063203.000,16.000,32.000,27063203.000,32.000,1,1,pnp_visible_ransac,9,1.429,-4.5874,0.181675,3.268162,3.1818
2026-09-03T19:05:29.629,1062,STANDOFF_SETTLE,STANDOFF_SETTLE,2389,2,1788429929576.345,66.849,timestamp_domain.system_time,27063250.000,79.000,1,27063250.000,27063281.000,31.000,31.000,27063281.000,31.000,1,1,pnp_visible_ransac,9,1.544,-3.7782,0.178222,3.272706,3.1171
2026-09-03T19:05:29.709,1063,STANDOFF_SETTLE,STANDOFF_SETTLE,2391,2,1788429929643.119,66.773,timestamp_domain.system_time,27063328.000,78.000,1,27063343.000,27063375.000,32.000,47.000,27063375.000,47.000,1,1,pnp_visible_ransac,9,1.637,-4.0032,0.177358,3.275959,3.0989
2026-09-03T19:05:29.787,1064,STANDOFF_SETTLE,STANDOFF_SETTLE,2394,3,1788429929743.216,100.097,timestamp_domain.system_time,27063406.000,78.000,1,27063421.000,27063453.000,32.000,47.000,27063453.000,47.000,1,1,pnp_visible_ransac,9,1.366,-4.2367,0.180185,3.292676,3.1323
2026-09-03T19:05:29.864,1065,STANDOFF_SETTLE,STANDOFF_SETTLE,2396,2,1788429929809.903,66.687,timestamp_domain.system_time,27063484.000,78.000,1,27063500.000,27063515.000,15.000,31.000,27063531.000,47.000,1,1,pnp_visible_ransac,9,1.490,-4.3631,0.178068,3.278369,3.1090
2026-09-03T19:05:29.941,1066,STANDOFF_SETTLE,STANDOFF_SETTLE,2398,2,1788429929876.640,66.737,timestamp_domain.system_time,27063562.000,78.000,1,27063578.000,27063593.000,15.000,31.000,27063593.000,31.000,1,1,pnp_visible_ransac,9,1.526,-4.7892,0.183558,3.272612,3.2103
2026-09-03T19:05:30.018,1067,STANDOFF_SETTLE,STANDOFF_SETTLE,2401,3,1788429929976.971,100.331,timestamp_domain.system_time,27063640.000,78.000,1,27063656.000,27063671.000,15.000,31.000,27063671.000,31.000,1,1,pnp_visible_ransac,9,1.112,-3.7671,0.172438,3.258601,3.0291
2026-09-03T19:05:30.095,1068,STANDOFF_SETTLE,STANDOFF_SETTLE,2403,2,1788429930043.460,66.489,timestamp_domain.system_time,27063718.000,78.000,1,27063718.000,27063750.000,32.000,32.000,27063750.000,32.000,1,1,pnp_visible_ransac,9,1.871,-4.2341,0.181035,3.275074,3.1639
2026-09-03T19:05:30.174,1069,STANDOFF_SETTLE,STANDOFF_SETTLE,2405,2,1788429930110.188,66.728,timestamp_domain.system_time,27063796.000,78.000,1,27063796.000,27063828.000,32.000,32.000,27063828.000,32.000,1,1,pnp_visible_ransac,9,1.411,-4.0791,0.176554,3.263151,3.0970
2026-09-03T19:05:30.251,1070,STANDOFF_SETTLE,STANDOFF_SETTLE,2408,3,1788429930210.566,100.377,timestamp_domain.system_time,27063875.000,79.000,1,27063875.000,27063906.000,31.000,31.000,27063906.000,31.000,1,1,pnp_visible_ransac,9,1.591,-4.3842,0.180973,3.268196,3.1695
2026-09-03T19:05:30.389,1071,STANDOFF_SETTLE,STANDOFF_SETTLE,2411,3,1788429930310.498,99.932,timestamp_domain.system_time,27064015.000,140.000,1,27064015.000,27064046.000,31.000,31.000,27064046.000,31.000,1,1,pnp_visible_ransac,9,1.285,-4.4669,0.178195,3.292663,3.0978
2026-09-03T19:05:30.467,1072,STANDOFF_SETTLE,STANDOFF_SETTLE,2414,3,1788429930410.393,99.895,timestamp_domain.system_time,27064093.000,78.000,1,27064093.000,27064125.000,32.000,32.000,27064125.000,32.000,1,1,pnp_visible_ransac,9,1.702,-4.7212,0.187542,3.307553,3.2453
2026-09-03T19:05:30.545,1073,STANDOFF_SETTLE,STANDOFF_SETTLE,2416,2,1788429930477.187,66.794,timestamp_domain.system_time,27064171.000,78.000,1,27064171.000,27064203.000,32.000,32.000,27064203.000,32.000,1,1,pnp_visible_ransac,9,2.112,-4.6483,0.183554,3.271175,3.2117
2026-09-03T19:05:30.621,1074,STANDOFF_SETTLE,STANDOFF_SETTLE,2419,3,1788429930577.293,100.106,timestamp_domain.system_time,27064250.000,79.000,1,27064250.000,27064281.000,31.000,31.000,27064281.000,31.000,1,1,pnp_visible_ransac,9,1.636,-4.5218,0.183181,3.296771,3.1803
2026-09-03T19:05:30.700,1075,STANDOFF_SETTLE,STANDOFF_SETTLE,2421,2,1788429930643.817,66.524,timestamp_domain.system_time,27064328.000,78.000,1,27064328.000,27064359.000,31.000,31.000,27064359.000,31.000,1,1,pnp_visible_ransac,9,1.569,-4.5827,0.183994,3.289311,3.2016
2026-09-03T19:05:30.780,1076,STANDOFF_SETTLE,STANDOFF_SETTLE,2423,2,1788429930710.625,66.808,timestamp_domain.system_time,27064406.000,78.000,1,27064406.000,27064437.000,31.000,31.000,27064437.000,31.000,1,1,pnp_visible_ransac,9,2.348,-5.3054,0.192106,3.302379,3.3293
2026-09-03T19:05:30.858,1077,STANDOFF_SETTLE,STANDOFF_SETTLE,2426,3,1788429930810.758,100.134,timestamp_domain.system_time,27064484.000,78.000,1,27064484.000,27064515.000,31.000,31.000,27064515.000,31.000,1,1,pnp_visible_ransac,9,1.390,-4.2937,0.177960,3.278949,3.1066
2026-09-03T19:05:30.936,1078,STANDOFF_SETTLE,STANDOFF_SETTLE,2428,2,1788429930877.328,66.570,timestamp_domain.system_time,27064562.000,78.000,1,27064562.000,27064593.000,31.000,31.000,27064593.000,31.000,1,1,pnp_visible_ransac,9,2.413,-4.8363,0.187911,3.293905,3.2651
2026-09-03T19:05:31.012,1079,STANDOFF_SETTLE,STANDOFF_SETTLE,2430,2,1788429930944.032,66.704,timestamp_domain.system_time,27064640.000,78.000,1,27064640.000,27064671.000,31.000,31.000,27064671.000,31.000,1,1,pnp_visible_ransac,9,1.452,-4.2675,0.177624,3.258291,3.1204
2026-09-03T19:05:31.091,1080,STANDOFF_SETTLE,STANDOFF_SETTLE,2433,3,1788429931044.235,100.203,timestamp_domain.system_time,27064718.000,78.000,1,27064718.000,27064750.000,32.000,32.000,27064750.000,32.000,1,1,pnp_visible_ransac,9,1.538,-4.3114,0.178561,3.272092,3.1236
2026-09-03T19:05:31.173,1081,STANDOFF_SETTLE,STANDOFF_SETTLE,2435,2,1788429931110.913,66.678,timestamp_domain.system_time,27064796.000,78.000,1,27064796.000,27064828.000,32.000,32.000,27064828.000,32.000,1,1,pnp_visible_ransac,9,1.707,-4.6650,0.178953,3.258390,3.1436
2026-09-03T19:05:31.248,1082,STANDOFF_SETTLE,STANDOFF_SETTLE,2438,3,1788429931211.849,100.936,timestamp_domain.system_time,27064875.000,79.000,1,27064875.000,27064906.000,31.000,31.000,27064906.000,31.000,1,1,pnp_visible_ransac,9,1.377,-4.5939,0.185563,3.296004,3.2223
2026-09-03T19:05:31.390,1083,STANDOFF_SETTLE,STANDOFF_SETTLE,2441,3,1788429931311.311,99.461,timestamp_domain.system_time,27065015.000,140.000,1,27065015.000,27065046.000,31.000,31.000,27065046.000,31.000,1,1,pnp_visible_ransac,9,1.611,-4.0483,0.176197,3.256843,3.0967
2026-09-03T19:05:31.470,1084,STANDOFF_SETTLE,STANDOFF_SETTLE,2444,3,1788429931411.380,100.069,timestamp_domain.system_time,27065093.000,78.000,1,27065093.000,27065125.000,32.000,32.000,27065125.000,32.000,1,1,pnp_visible_ransac,9,1.511,-4.6945,0.178824,3.252035,3.1474
2026-09-03T19:05:31.555,1085,STANDOFF_VERIFY,STANDOFF_VERIFY,2447,3,1788429931511.073,99.694,timestamp_domain.system_time,27065171.000,78.000,1,27065171.000,27065218.000,47.000,47.000,27065218.000,47.000,1,1,pnp_visible_ransac,9,1.247,-4.3952,0.175970,3.269083,3.0812
2026-09-03T19:05:31.642,1086,STANDOFF_VERIFY,STANDOFF_VERIFY,2449,2,1788429931577.982,66.909,timestamp_domain.system_time,27065265.000,94.000,1,27065265.000,27065296.000,31.000,31.000,27065296.000,31.000,1,1,pnp_visible_ransac,9,1.349,-5.0844,0.186353,3.300634,3.2315
2026-09-03T19:05:31.721,1087,STANDOFF_VERIFY,STANDOFF_VERIFY,2452,3,1788429931677.690,99.708,timestamp_domain.system_time,27065343.000,78.000,1,27065359.000,27065375.000,16.000,32.000,27065375.000,32.000,1,1,pnp_visible_ransac,9,1.711,-4.0974,0.175642,3.252504,3.0911
2026-09-03T19:05:31.797,1088,STANDOFF_VERIFY,STANDOFF_VERIFY,2454,2,1788429931744.383,66.693,timestamp_domain.system_time,27065421.000,78.000,1,27065421.000,27065453.000,32.000,32.000,27065453.000,32.000,1,1,pnp_visible_ransac,9,1.256,-4.6925,0.179683,3.266515,3.1485
2026-09-03T19:05:31.876,1089,STANDOFF_VERIFY,STANDOFF_VERIFY,2456,2,1788429931811.304,66.921,timestamp_domain.system_time,27065500.000,79.000,1,27065500.000,27065531.000,31.000,31.000,27065531.000,31.000,1,1,pnp_visible_ransac,9,1.674,-4.6380,0.186560,3.297765,3.2379
2026-09-03T19:05:31.957,1090,STANDOFF_VERIFY,STANDOFF_VERIFY,2459,3,1788429931911.511,100.207,timestamp_domain.system_time,27065578.000,78.000,1,27065593.000,27065609.000,16.000,31.000,27065609.000,31.000,1,1,pnp_visible_ransac,9,1.597,-3.7742,0.176899,3.279553,3.0875
2026-09-03T19:05:32.034,1091,STANDOFF_VERIFY,STANDOFF_VERIFY,2461,2,1788429931978.410,66.899,timestamp_domain.system_time,27065656.000,78.000,1,27065656.000,27065687.000,31.000,31.000,27065687.000,31.000,1,1,pnp_visible_ransac,9,1.803,-4.0783,0.182425,3.290681,3.1731
2026-09-03T19:05:32.110,1092,STANDOFF_VERIFY,STANDOFF_VERIFY,2463,2,1788429932044.966,66.556,timestamp_domain.system_time,27065734.000,78.000,1,27065734.000,27065765.000,31.000,31.000,27065765.000,31.000,1,1,pnp_visible_ransac,9,1.529,-3.7997,0.171843,3.253085,3.0238
2026-09-03T19:05:32.191,1093,STANDOFF_VERIFY,STANDOFF_VERIFY,2466,3,1788429932144.972,100.006,timestamp_domain.system_time,27065812.000,78.000,1,27065828.000,27065843.000,15.000,31.000,27065843.000,31.000,1,1,pnp_visible_ransac,9,1.371,-4.2601,0.175579,3.269756,3.0737
2026-09-03T19:05:32.268,1094,STANDOFF_VERIFY,STANDOFF_VERIFY,2468,2,1788429932211.799,66.826,timestamp_domain.system_time,27065890.000,78.000,1,27065906.000,27065921.000,15.000,31.000,27065921.000,31.000,1,1,pnp_visible_ransac,9,1.521,-4.5910,0.183135,3.278402,3.1973
2026-09-03T19:05:32.383,1095,STANDOFF_MOVE,STANDOFF_MOVE,2469,1,1788429932245.287,33.489,timestamp_domain.system_time,27066015.000,125.000,1,27066015.000,27066046.000,31.000,31.000,27066046.000,31.000,1,1,pnp_visible_ransac,9,1.600,-4.4529,0.182910,3.270588,3.2010
2026-09-03T19:05:32.459,1096,STANDOFF_MOVE,STANDOFF_MOVE,2474,5,1788429932411.779,166.492,timestamp_domain.system_time,27066093.000,78.000,1,27066093.000,27066125.000,32.000,32.000,27066125.000,32.000,1,1,pnp_visible_ransac,9,1.762,-4.5053,0.182620,3.277179,3.1895
2026-09-03T19:05:32.536,1097,STANDOFF_MOVE,STANDOFF_MOVE,2476,2,1788429932478.514,66.735,timestamp_domain.system_time,27066156.000,63.000,1,27066171.000,27066187.000,16.000,31.000,27066203.000,47.000,1,1,pnp_visible_ransac,9,1.814,-4.3084,0.181047,3.275201,3.1640
2026-09-03T19:05:32.613,1098,STANDOFF_MOVE,STANDOFF_MOVE,2478,2,1788429932545.130,66.616,timestamp_domain.system_time,27066234.000,78.000,1,27066250.000,27066265.000,15.000,31.000,27066265.000,31.000,1,1,pnp_visible_ransac,9,1.222,-4.4082,0.179129,3.276995,3.1288
2026-09-03T19:05:32.691,1099,STANDOFF_MOVE,STANDOFF_MOVE,2481,3,1788429932645.337,100.207,timestamp_domain.system_time,27066312.000,78.000,1,27066328.000,27066343.000,15.000,31.000,27066343.000,31.000,1,1,pnp_visible_ransac,9,1.458,-4.6493,0.181281,3.278670,3.1647
2026-09-03T19:05:32.767,1100,STANDOFF_MOVE,STANDOFF_MOVE,2483,2,1788429932712.216,66.879,timestamp_domain.system_time,27066390.000,78.000,1,27066390.000,27066421.000,31.000,31.000,27066421.000,31.000,1,1,pnp_visible_ransac,9,1.533,-4.3867,0.181781,3.293168,3.1595
2026-09-03T19:05:32.843,1101,STANDOFF_MOVE,STANDOFF_MOVE,2485,2,1788429932778.756,66.540,timestamp_domain.system_time,27066468.000,78.000,1,27066468.000,27066500.000,32.000,32.000,27066500.000,32.000,1,1,pnp_visible_ransac,9,1.355,-4.5950,0.179627,3.275733,3.1387
2026-09-03T19:05:32.922,1102,STANDOFF_MOVE,STANDOFF_MOVE,2488,3,1788429932878.971,100.215,timestamp_domain.system_time,27066546.000,78.000,1,27066546.000,27066578.000,32.000,32.000,27066578.000,32.000,1,1,pnp_visible_ransac,9,1.610,-4.5057,0.180875,3.276312,3.1599
2026-09-03T19:05:33.000,1103,STANDOFF_MOVE,STANDOFF_MOVE,2490,2,1788429932945.462,66.491,timestamp_domain.system_time,27066625.000,79.000,1,27066625.000,27066656.000,31.000,31.000,27066656.000,31.000,1,1,pnp_visible_ransac,9,1.976,-4.1304,0.177030,3.263269,3.1052
2026-09-03T19:05:33.078,1104,STANDOFF_MOVE,STANDOFF_MOVE,2492,2,1788429933012.345,66.882,timestamp_domain.system_time,27066703.000,78.000,1,27066703.000,27066734.000,31.000,31.000,27066734.000,31.000,1,1,pnp_visible_ransac,9,1.548,-4.7639,0.183187,3.296419,3.1807
2026-09-03T19:05:33.158,1105,STANDOFF_MOVE,STANDOFF_MOVE,2495,3,1788429933112.311,99.967,timestamp_domain.system_time,27066781.000,78.000,1,27066781.000,27066812.000,31.000,31.000,27066812.000,31.000,1,1,pnp_visible_ransac,9,1.445,-4.0739,0.176867,3.263586,3.1021
2026-09-03T19:05:33.233,1106,STANDOFF_MOVE,STANDOFF_MOVE,2497,2,1788429933178.987,66.675,timestamp_domain.system_time,27066859.000,78.000,1,27066859.000,27066890.000,31.000,31.000,27066890.000,31.000,1,1,pnp_visible_ransac,9,1.551,-4.2167,0.177895,3.259865,3.1236
2026-09-03T19:05:33.310,1107,STANDOFF_MOVE,STANDOFF_MOVE,2498,1,1788429933212.079,33.092,timestamp_domain.system_time,27066937.000,78.000,1,27066937.000,27066968.000,31.000,31.000,27066968.000,31.000,1,1,pnp_visible_ransac,9,1.417,-4.5829,0.181559,3.275126,3.1730
2026-09-03T19:05:33.389,1108,STANDOFF_MOVE,STANDOFF_MOVE,2502,4,1788429933345.870,133.792,timestamp_domain.system_time,27067015.000,78.000,1,27067015.000,27067046.000,31.000,31.000,27067046.000,31.000,1,1,pnp_visible_ransac,9,1.243,-4.8709,0.180011,3.281338,3.1400
2026-09-03T19:05:33.466,1109,STANDOFF_MOVE,STANDOFF_MOVE,2504,2,1788429933412.487,66.616,timestamp_domain.system_time,27067093.000,78.000,1,27067093.000,27067125.000,32.000,32.000,27067125.000,32.000,1,1,pnp_visible_ransac,9,1.838,-4.2765,0.182777,3.265608,3.2035
2026-09-03T19:05:33.543,1110,STANDOFF_MOVE,STANDOFF_MOVE,2506,2,1788429933479.285,66.798,timestamp_domain.system_time,27067171.000,78.000,1,27067171.000,27067203.000,32.000,32.000,27067203.000,32.000,1,1,pnp_visible_ransac,9,1.528,-4.3177,0.175747,3.254943,3.0906
2026-09-03T19:05:33.619,1111,STANDOFF_MOVE,STANDOFF_MOVE,2509,3,1788429933579.371,100.086,timestamp_domain.system_time,27067250.000,79.000,1,27067250.000,27067281.000,31.000,31.000,27067281.000,31.000,1,1,pnp_visible_ransac,9,1.638,-4.1303,0.178310,3.265148,3.1258
2026-09-03T19:05:33.696,1112,STANDOFF_MOVE,STANDOFF_MOVE,2511,2,1788429933646.176,66.805,timestamp_domain.system_time,27067328.000,78.000,1,27067328.000,27067359.000,31.000,31.000,27067359.000,31.000,1,1,pnp_visible_ransac,9,1.846,-4.0545,0.176098,3.257443,3.0944
2026-09-03T19:05:33.774,1113,STANDOFF_MOVE,STANDOFF_MOVE,2513,2,1788429933712.669,66.493,timestamp_domain.system_time,27067406.000,78.000,1,27067406.000,27067437.000,31.000,31.000,27067437.000,31.000,1,1,pnp_visible_ransac,9,1.616,-4.4524,0.185416,3.295345,3.2204
2026-09-03T19:05:33.852,1114,STANDOFF_MOVE,STANDOFF_MOVE,2516,3,1788429933812.663,99.994,timestamp_domain.system_time,27067484.000,78.000,1,27067484.000,27067515.000,31.000,31.000,27067515.000,31.000,1,1,pnp_visible_ransac,9,1.168,-4.8653,0.183055,3.290465,3.1842
2026-09-03T19:05:33.930,1115,STANDOFF_MOVE,STANDOFF_MOVE,2518,2,1788429933879.315,66.652,timestamp_domain.system_time,27067562.000,78.000,1,27067562.000,27067593.000,31.000,31.000,27067593.000,31.000,1,1,pnp_visible_ransac,9,1.573,-4.9249,0.182287,3.278192,3.1827
2026-09-03T19:05:34.009,1116,STANDOFF_MOVE,STANDOFF_MOVE,2520,2,1788429933946.048,66.734,timestamp_domain.system_time,27067640.000,78.000,1,27067640.000,27067671.000,31.000,31.000,27067671.000,31.000,1,1,pnp_visible_ransac,9,1.692,-4.0603,0.181679,3.280352,3.1700
2026-09-03T19:05:34.090,1117,STANDOFF_MOVE,STANDOFF_MOVE,2523,3,1788429934046.368,100.320,timestamp_domain.system_time,27067718.000,78.000,1,27067718.000,27067750.000,32.000,32.000,27067750.000,32.000,1,1,pnp_visible_ransac,9,1.389,-4.8319,0.179451,3.271493,3.1397
2026-09-03T19:05:34.173,1118,STANDOFF_MOVE,STANDOFF_MOVE,2525,2,1788429934113.078,66.710,timestamp_domain.system_time,27067796.000,78.000,1,27067796.000,27067828.000,32.000,32.000,27067828.000,32.000,1,1,pnp_visible_ransac,9,1.814,-4.6391,0.182365,3.278497,3.1838
2026-09-03T19:05:34.249,1119,STANDOFF_MOVE,STANDOFF_MOVE,2527,2,1788429934179.760,66.683,timestamp_domain.system_time,27067875.000,79.000,1,27067875.000,27067906.000,31.000,31.000,27067906.000,31.000,1,1,pnp_visible_ransac,9,1.295,-4.0086,0.173691,3.254683,3.0548
2026-09-03T19:05:34.335,1120,STANDOFF_MOVE,STANDOFF_MOVE,2528,1,1788429934213.371,33.610,timestamp_domain.system_time,27067968.000,93.000,1,27067968.000,27068000.000,32.000,32.000,27068000.000,32.000,1,1,pnp_visible_ransac,9,1.415,-3.9828,0.176581,3.273917,3.0873
2026-09-03T19:05:34.418,1121,STANDOFF_MOVE,STANDOFF_MOVE,2533,5,1788429934379.924,166.553,timestamp_domain.system_time,27068046.000,78.000,1,27068046.000,27068078.000,32.000,32.000,27068078.000,32.000,1,1,pnp_visible_ransac,9,1.706,-4.1998,0.178170,3.271534,3.1173
2026-09-03T19:05:34.497,1122,STANDOFF_MOVE,STANDOFF_MOVE,2535,2,1788429934446.552,66.629,timestamp_domain.system_time,27068125.000,79.000,1,27068125.000,27068156.000,31.000,31.000,27068156.000,31.000,1,1,pnp_visible_ransac,9,1.868,-4.6955,0.181436,3.275965,3.1700
2026-09-03T19:05:34.576,1123,STANDOFF_MOVE,STANDOFF_MOVE,2537,2,1788429934513.307,66.755,timestamp_domain.system_time,27068203.000,78.000,1,27068203.000,27068234.000,31.000,31.000,27068234.000,31.000,1,1,pnp_visible_ransac,9,1.896,-4.2780,0.182679,3.293558,3.1747
2026-09-03T19:05:34.654,1124,STANDOFF_MOVE,STANDOFF_MOVE,2540,3,1788429934613.404,100.097,timestamp_domain.system_time,27068281.000,78.000,1,27068281.000,27068312.000,31.000,31.000,27068312.000,31.000,1,1,pnp_visible_ransac,9,1.812,-4.4200,0.179725,3.271671,3.1443
2026-09-03T19:05:34.732,1125,STANDOFF_MOVE,STANDOFF_MOVE,2542,2,1788429934680.137,66.732,timestamp_domain.system_time,27068359.000,78.000,1,27068359.000,27068390.000,31.000,31.000,27068390.000,31.000,1,1,pnp_visible_ransac,9,1.617,-4.2554,0.180026,3.279216,3.1423
2026-09-03T19:05:34.809,1126,STANDOFF_MOVE,STANDOFF_MOVE,2544,2,1788429934746.855,66.719,timestamp_domain.system_time,27068437.000,78.000,1,27068437.000,27068468.000,31.000,31.000,27068468.000,31.000,1,1,pnp_visible_ransac,9,1.536,-4.3401,0.176399,3.276356,3.0818
2026-09-03T19:05:34.888,1127,STANDOFF_MOVE,STANDOFF_MOVE,2547,3,1788429934846.806,99.950,timestamp_domain.system_time,27068515.000,78.000,1,27068515.000,27068546.000,31.000,31.000,27068546.000,31.000,1,1,pnp_visible_ransac,9,1.542,-4.1771,0.177994,3.263235,3.1221
2026-09-03T19:05:34.965,1128,STANDOFF_MOVE,STANDOFF_MOVE,2549,2,1788429934913.626,66.820,timestamp_domain.system_time,27068593.000,78.000,1,27068593.000,27068625.000,32.000,32.000,27068625.000,32.000,1,1,pnp_visible_ransac,9,1.502,-4.5147,0.182117,3.288665,3.1696
2026-09-03T19:05:35.046,1129,STANDOFF_MOVE,STANDOFF_MOVE,2551,2,1788429934980.356,66.730,timestamp_domain.system_time,27068671.000,78.000,1,27068671.000,27068703.000,32.000,32.000,27068703.000,32.000,1,1,pnp_visible_ransac,9,1.041,-4.1857,0.175477,3.280816,3.0616
2026-09-03T19:05:35.123,1130,STANDOFF_MOVE,STANDOFF_MOVE,2554,3,1788429935080.362,100.006,timestamp_domain.system_time,27068750.000,79.000,1,27068750.000,27068781.000,31.000,31.000,27068781.000,31.000,1,1,pnp_visible_ransac,9,1.304,-4.6571,0.178821,3.284534,3.1163
2026-09-03T19:05:35.198,1131,STANDOFF_MOVE,STANDOFF_MOVE,2556,2,1788429935147.209,66.846,timestamp_domain.system_time,27068828.000,78.000,1,27068828.000,27068859.000,31.000,31.000,27068859.000,31.000,1,1,pnp_visible_ransac,9,1.565,-3.9289,0.176940,3.283385,3.0847
2026-09-03T19:05:35.275,1132,STANDOFF_MOVE,STANDOFF_MOVE,2558,2,1788429935214.573,67.365,timestamp_domain.system_time,27068906.000,78.000,1,27068906.000,27068937.000,31.000,31.000,27068937.000,31.000,1,1,pnp_visible_ransac,9,1.678,-4.5322,0.184412,3.281305,3.2167
2026-09-03T19:05:35.352,1133,STANDOFF_MOVE,STANDOFF_MOVE,2559,1,1788429935247.478,32.905,timestamp_domain.system_time,27068984.000,78.000,1,27068984.000,27069015.000,31.000,31.000,27069015.000,31.000,1,1,pnp_visible_ransac,9,1.435,-3.7892,0.174378,3.268405,3.0540
2026-09-03T19:05:35.429,1134,STANDOFF_MOVE,STANDOFF_MOVE,2563,4,1788429935380.703,133.225,timestamp_domain.system_time,27069062.000,78.000,1,27069062.000,27069093.000,31.000,31.000,27069093.000,31.000,1,1,pnp_visible_ransac,9,1.423,-4.9697,0.184624,3.292482,3.2095
2026-09-03T19:05:35.508,1135,STANDOFF_MOVE,STANDOFF_MOVE,2565,2,1788429935447.366,66.663,timestamp_domain.system_time,27069125.000,63.000,1,27069140.000,27069171.000,31.000,46.000,27069171.000,46.000,1,1,pnp_visible_ransac,9,1.901,-4.5154,0.179919,3.262444,3.1566
2026-09-03T19:05:35.585,1136,STANDOFF_MOVE,STANDOFF_MOVE,2568,3,1788429935547.373,100.006,timestamp_domain.system_time,27069218.000,93.000,1,27069218.000,27069250.000,32.000,32.000,27069250.000,32.000,1,1,pnp_visible_ransac,9,1.720,-4.0546,0.175906,3.265738,3.0832
2026-09-03T19:05:35.661,1137,STANDOFF_MOVE,STANDOFF_MOVE,2570,2,1788429935614.080,66.708,timestamp_domain.system_time,27069281.000,63.000,1,27069296.000,27069328.000,32.000,47.000,27069328.000,47.000,1,1,pnp_visible_ransac,9,1.360,-4.3281,0.174965,3.254479,3.0773
2026-09-03T19:05:35.740,1138,STANDOFF_MOVE,STANDOFF_MOVE,2572,2,1788429935680.823,66.743,timestamp_domain.system_time,27069359.000,78.000,1,27069375.000,27069390.000,15.000,31.000,27069406.000,47.000,1,1,pnp_visible_ransac,9,2.101,-4.7280,0.186309,3.291859,3.2393
2026-09-03T19:05:35.816,1139,STANDOFF_MOVE,STANDOFF_MOVE,2574,2,1788429935747.502,66.678,timestamp_domain.system_time,27069437.000,78.000,1,27069453.000,27069468.000,15.000,31.000,27069468.000,31.000,1,1,pnp_visible_ransac,9,1.557,-4.4575,0.179562,3.267262,3.1457
2026-09-03T19:05:35.894,1140,STANDOFF_MOVE,STANDOFF_MOVE,2577,3,1788429935847.697,100.195,timestamp_domain.system_time,27069515.000,78.000,1,27069515.000,27069546.000,31.000,31.000,27069546.000,31.000,1,1,pnp_visible_ransac,9,1.917,-4.7112,0.183006,3.291048,3.1828
2026-09-03T19:05:35.972,1141,STANDOFF_MOVE,STANDOFF_MOVE,2579,2,1788429935914.314,66.617,timestamp_domain.system_time,27069593.000,78.000,1,27069609.000,27069625.000,16.000,32.000,27069625.000,32.000,1,1,pnp_visible_ransac,9,1.689,-4.1769,0.177227,3.284261,3.0888
2026-09-03T19:05:36.056,1142,STANDOFF_MOVE,STANDOFF_MOVE,2581,2,1788429935980.687,66.373,timestamp_domain.system_time,27069671.000,78.000,1,27069671.000,27069718.000,47.000,47.000,27069718.000,47.000,1,1,pnp_visible_ransac,9,1.743,-4.3071,0.175532,3.247453,3.0940
2026-09-03T19:05:36.136,1143,STANDOFF_MOVE,STANDOFF_MOVE,2584,3,1788429936080.950,100.263,timestamp_domain.system_time,27069765.000,94.000,1,27069765.000,27069796.000,31.000,31.000,27069796.000,31.000,1,1,pnp_visible_ransac,9,1.604,-4.3977,0.180271,3.278164,3.1476
2026-09-03T19:05:36.212,1144,STANDOFF_MOVE,STANDOFF_MOVE,2586,2,1788429936147.393,66.443,timestamp_domain.system_time,27069843.000,78.000,1,27069843.000,27069875.000,32.000,32.000,27069875.000,32.000,1,1,pnp_visible_ransac,9,1.588,-4.4473,0.180665,3.280668,3.1521
2026-09-03T19:05:36.288,1145,STANDOFF_MOVE,STANDOFF_MOVE,2589,3,1788429936247.873,100.479,timestamp_domain.system_time,27069921.000,78.000,1,27069921.000,27069953.000,32.000,32.000,27069953.000,32.000,1,1,pnp_visible_ransac,9,1.870,-5.2423,0.188512,3.296212,3.2732
2026-09-03T19:05:36.426,1146,STANDOFF_MOVE,STANDOFF_MOVE,2592,3,1788429936348.357,100.484,timestamp_domain.system_time,27070046.000,125.000,1,27070062.000,27070078.000,16.000,32.000,27070078.000,32.000,1,1,pnp_visible_ransac,9,1.541,-4.2608,0.182751,3.290696,3.1787
2026-09-03T19:05:36.504,1147,STANDOFF_MOVE,STANDOFF_MOVE,2595,3,1788429936448.139,99.783,timestamp_domain.system_time,27070125.000,79.000,1,27070125.000,27070156.000,31.000,31.000,27070156.000,31.000,1,1,pnp_visible_ransac,9,1.703,-4.9107,0.183065,3.275072,3.1993
2026-09-03T19:05:36.585,1148,STANDOFF_MOVE,STANDOFF_MOVE,2597,2,1788429936514.706,66.566,timestamp_domain.system_time,27070203.000,78.000,1,27070218.000,27070250.000,32.000,47.000,27070250.000,47.000,1,1,pnp_visible_ransac,9,1.580,-4.4872,0.178943,3.266034,3.1360
2026-09-03T19:05:36.664,1149,STANDOFF_MOVE,STANDOFF_MOVE,2600,3,1788429936614.928,100.223,timestamp_domain.system_time,27070281.000,78.000,1,27070296.000,27070328.000,32.000,47.000,27070328.000,47.000,1,1,pnp_visible_ransac,9,1.694,-3.6631,0.174069,3.273336,3.0440
2026-09-03T19:05:36.745,1150,STANDOFF_MOVE,STANDOFF_MOVE,2602,2,1788429936681.423,66.495,timestamp_domain.system_time,27070375.000,94.000,1,27070375.000,27070406.000,31.000,31.000,27070406.000,31.000,1,1,pnp_visible_ransac,9,2.004,-3.8256,0.178550,3.261191,3.1338
2026-09-03T19:05:36.825,1151,STANDOFF_MOVE,STANDOFF_MOVE,2605,3,1788429936781.547,100.124,timestamp_domain.system_time,27070453.000,78.000,1,27070453.000,27070484.000,31.000,31.000,27070484.000,31.000,1,1,pnp_visible_ransac,9,1.221,-4.2352,0.178815,3.284048,3.1167
2026-09-03T19:05:36.903,1152,STANDOFF_MOVE,STANDOFF_MOVE,2607,2,1788429936848.242,66.695,timestamp_domain.system_time,27070531.000,78.000,1,27070531.000,27070562.000,31.000,31.000,27070562.000,31.000,1,1,pnp_visible_ransac,9,1.579,-3.9669,0.179259,3.285064,3.1234
2026-09-03T19:05:36.981,1153,STANDOFF_MOVE,STANDOFF_MOVE,2609,2,1788429936914.920,66.678,timestamp_domain.system_time,27070609.000,78.000,1,27070609.000,27070640.000,31.000,31.000,27070640.000,31.000,1,1,pnp_visible_ransac,9,1.560,-4.4046,0.180748,3.266131,3.1675
2026-09-03T19:05:37.060,1154,STANDOFF_MOVE,STANDOFF_MOVE,2612,3,1788429937015.131,100.211,timestamp_domain.system_time,27070687.000,78.000,1,27070687.000,27070718.000,31.000,31.000,27070718.000,31.000,1,1,pnp_visible_ransac,9,1.705,-4.1146,0.176656,3.266176,3.0959
2026-09-03T19:05:37.140,1155,STANDOFF_MOVE,STANDOFF_MOVE,2614,2,1788429937081.701,66.570,timestamp_domain.system_time,27070765.000,78.000,1,27070765.000,27070796.000,31.000,31.000,27070796.000,31.000,1,1,pnp_visible_ransac,9,1.680,-4.7432,0.181671,3.261243,3.1884
2026-09-03T19:05:37.216,1156,STANDOFF_MOVE,STANDOFF_MOVE,2616,2,1788429937148.369,66.668,timestamp_domain.system_time,27070843.000,78.000,1,27070843.000,27070875.000,32.000,32.000,27070875.000,32.000,1,1,pnp_visible_ransac,9,1.771,-4.7668,0.180142,3.274358,3.1490
2026-09-03T19:05:37.293,1157,STANDOFF_MOVE,STANDOFF_MOVE,2619,3,1788429937248.652,100.283,timestamp_domain.system_time,27070921.000,78.000,1,27070921.000,27070953.000,32.000,32.000,27070953.000,32.000,1,1,pnp_visible_ransac,9,1.666,-5.4608,0.186965,3.301965,3.2408
2026-09-03T19:05:37.431,1158,STANDOFF_MOVE,STANDOFF_MOVE,2622,3,1788429937348.438,99.786,timestamp_domain.system_time,27071046.000,125.000,1,27071062.000,27071093.000,31.000,47.000,27071093.000,47.000,1,1,pnp_visible_ransac,9,1.781,-4.9761,0.178486,3.250565,3.1429
2026-09-03T19:05:37.517,1159,STANDOFF_MOVE,STANDOFF_MOVE,2625,3,1788429937448.783,100.345,timestamp_domain.system_time,27071140.000,94.000,1,27071140.000,27071171.000,31.000,31.000,27071171.000,31.000,1,1,pnp_visible_ransac,9,1.495,-4.2670,0.171605,3.234116,3.0373
2026-09-03T19:05:37.603,1160,STANDOFF_MOVE,STANDOFF_MOVE,2628,3,1788429937548.815,100.033,timestamp_domain.system_time,27071234.000,94.000,1,27071234.000,27071265.000,31.000,31.000,27071265.000,31.000,1,1,pnp_visible_ransac,9,1.249,-4.9288,0.179654,3.247173,3.1667
2026-09-03T19:05:37.693,1161,STANDOFF_MOVE,STANDOFF_MOVE,2631,3,1788429937648.969,100.154,timestamp_domain.system_time,27071312.000,78.000,1,27071328.000,27071343.000,15.000,31.000,27071359.000,47.000,1,1,pnp_visible_ransac,9,1.046,-5.7817,0.184931,3.248018,3.2587
2026-09-03T19:05:37.773,1162,STANDOFF_MOVE,STANDOFF_MOVE,2633,2,1788429937715.610,66.641,timestamp_domain.system_time,27071406.000,94.000,1,27071406.000,27071437.000,31.000,31.000,27071437.000,31.000,1,1,pnp_visible_ransac,9,1.358,-3.9160,0.171362,3.195015,3.0701
2026-09-03T19:05:37.854,1163,STANDOFF_SETTLE,STANDOFF_SETTLE,2636,3,1788429937815.586,99.976,timestamp_domain.system_time,27071484.000,78.000,1,27071484.000,27071515.000,31.000,31.000,27071515.000,31.000,1,1,pnp_visible_ransac,9,1.463,-4.0475,0.163139,3.172811,2.9434
2026-09-03T19:05:37.933,1164,STANDOFF_SETTLE,STANDOFF_SETTLE,2638,2,1788429937882.398,66.811,timestamp_domain.system_time,27071562.000,78.000,1,27071562.000,27071593.000,31.000,31.000,27071593.000,31.000,1,1,pnp_visible_ransac,9,1.482,-4.0883,0.166296,3.159226,3.0132
2026-09-03T19:05:38.012,1165,STANDOFF_SETTLE,STANDOFF_SETTLE,2640,2,1788429937949.049,66.651,timestamp_domain.system_time,27071640.000,78.000,1,27071640.000,27071671.000,31.000,31.000,27071671.000,31.000,1,1,pnp_visible_ransac,9,1.344,-5.0029,0.177342,3.178872,3.1931
2026-09-03T19:05:38.090,1166,STANDOFF_SETTLE,STANDOFF_SETTLE,2643,3,1788429938049.200,100.151,timestamp_domain.system_time,27071718.000,78.000,1,27071718.000,27071750.000,32.000,32.000,27071750.000,32.000,1,1,pnp_visible_ransac,9,1.143,-3.7321,0.175250,3.134703,3.1999
2026-09-03T19:05:38.169,1167,STANDOFF_SETTLE,STANDOFF_SETTLE,2645,2,1788429938115.902,66.701,timestamp_domain.system_time,27071796.000,78.000,1,27071796.000,27071828.000,32.000,32.000,27071828.000,32.000,1,1,pnp_visible_ransac,9,1.391,-4.4322,0.192002,3.121490,3.5198
2026-09-03T19:05:38.248,1168,STANDOFF_SETTLE,STANDOFF_SETTLE,2647,2,1788429938182.344,66.442,timestamp_domain.system_time,27071875.000,79.000,1,27071875.000,27071906.000,31.000,31.000,27071906.000,31.000,1,1,pnp_visible_ransac,9,1.659,-3.9503,0.189427,3.109381,3.4862
2026-09-03T19:05:38.327,1169,STANDOFF_SETTLE,STANDOFF_SETTLE,2649,2,1788429938248.870,66.526,timestamp_domain.system_time,27071953.000,78.000,1,27071953.000,27071984.000,31.000,31.000,27071984.000,31.000,1,1,pnp_visible_ransac,9,1.431,-3.9096,0.187830,3.134848,3.4289
2026-09-03T19:05:38.420,1170,STANDOFF_SETTLE,STANDOFF_SETTLE,2650,1,1788429938282.343,33.472,timestamp_domain.system_time,27072046.000,93.000,1,27072046.000,27072078.000,32.000,32.000,27072078.000,32.000,1,1,pnp_visible_ransac,9,1.436,-3.8549,0.174345,3.133111,3.1850
2026-09-03T19:05:38.496,1171,STANDOFF_SETTLE,STANDOFF_SETTLE,2655,5,1788429938449.408,167.066,timestamp_domain.system_time,27072125.000,79.000,1,27072125.000,27072156.000,31.000,31.000,27072156.000,31.000,1,1,pnp_visible_ransac,9,1.699,-3.9204,0.169542,3.130157,3.1003
2026-09-03T19:05:38.573,1172,STANDOFF_SETTLE,STANDOFF_SETTLE,2657,2,1788429938516.144,66.735,timestamp_domain.system_time,27072203.000,78.000,1,27072203.000,27072234.000,31.000,31.000,27072234.000,31.000,1,1,pnp_visible_ransac,9,1.650,-4.7030,0.177940,3.147359,3.2358
2026-09-03T19:05:38.650,1173,STANDOFF_SETTLE,STANDOFF_SETTLE,2659,2,1788429938582.804,66.660,timestamp_domain.system_time,27072281.000,78.000,1,27072281.000,27072312.000,31.000,31.000,27072312.000,31.000,1,1,pnp_visible_ransac,9,1.356,-3.8523,0.166410,3.129393,3.0439
2026-09-03T19:05:38.726,1174,STANDOFF_SETTLE,STANDOFF_SETTLE,2662,3,1788429938683.001,100.197,timestamp_domain.system_time,27072359.000,78.000,1,27072359.000,27072390.000,31.000,31.000,27072390.000,31.000,1,1,pnp_visible_ransac,9,1.272,-3.8563,0.165843,3.115377,3.0472
2026-09-03T19:05:38.807,1175,STANDOFF_SETTLE,STANDOFF_SETTLE,2664,2,1788429938749.755,66.754,timestamp_domain.system_time,27072437.000,78.000,1,27072437.000,27072468.000,31.000,31.000,27072468.000,31.000,1,1,pnp_visible_ransac,9,1.274,-3.7319,0.166038,3.136495,3.0303
2026-09-03T19:05:38.884,1176,STANDOFF_SETTLE,STANDOFF_SETTLE,2666,2,1788429938816.285,66.530,timestamp_domain.system_time,27072515.000,78.000,1,27072515.000,27072546.000,31.000,31.000,27072546.000,31.000,1,1,pnp_visible_ransac,9,1.415,-4.6581,0.174137,3.141211,3.1730
2026-09-03T19:05:38.961,1177,STANDOFF_SETTLE,STANDOFF_SETTLE,2669,3,1788429938916.372,100.087,timestamp_domain.system_time,27072593.000,78.000,1,27072593.000,27072625.000,32.000,32.000,27072625.000,32.000,1,1,pnp_visible_ransac,9,1.781,-4.0818,0.172594,3.166345,3.1200
2026-09-03T19:05:39.038,1178,STANDOFF_SETTLE,STANDOFF_SETTLE,2671,2,1788429938983.206,66.833,timestamp_domain.system_time,27072671.000,78.000,1,27072671.000,27072703.000,32.000,32.000,27072703.000,32.000,1,1,pnp_visible_ransac,9,1.282,-4.7797,0.174494,3.146821,3.1738
2026-09-03T19:05:39.115,1179,STANDOFF_SETTLE,STANDOFF_SETTLE,2673,2,1788429939049.613,66.408,timestamp_domain.system_time,27072750.000,79.000,1,27072750.000,27072781.000,31.000,31.000,27072781.000,31.000,1,1,pnp_visible_ransac,9,1.391,-4.2901,0.172922,3.147505,3.1446
2026-09-03T19:05:39.196,1180,STANDOFF_SETTLE,STANDOFF_SETTLE,2676,3,1788429939150.005,100.392,timestamp_domain.system_time,27072828.000,78.000,1,27072828.000,27072859.000,31.000,31.000,27072859.000,31.000,1,1,pnp_visible_ransac,9,1.383,-4.1811,0.166122,3.129899,3.0382
2026-09-03T19:05:39.274,1181,STANDOFF_SETTLE,STANDOFF_SETTLE,2678,2,1788429939216.296,66.291,timestamp_domain.system_time,27072906.000,78.000,1,27072906.000,27072937.000,31.000,31.000,27072937.000,31.000,1,1,pnp_visible_ransac,9,1.759,-4.3768,0.174154,3.150027,3.1645
2026-09-03T19:05:39.352,1182,STANDOFF_SETTLE,STANDOFF_SETTLE,2679,1,1788429939250.070,33.774,timestamp_domain.system_time,27072984.000,78.000,1,27072984.000,27073015.000,31.000,31.000,27073015.000,31.000,1,1,pnp_visible_ransac,9,1.714,-3.2442,0.163876,3.119286,3.0073
2026-09-03T19:05:39.431,1183,STANDOFF_SETTLE,STANDOFF_SETTLE,2683,4,1788429939383.376,133.305,timestamp_domain.system_time,27073062.000,78.000,1,27073062.000,27073093.000,31.000,31.000,27073093.000,31.000,1,1,pnp_visible_ransac,9,1.247,-5.4441,0.177623,3.151106,3.2263
2026-09-03T19:05:39.510,1184,STANDOFF_SETTLE,STANDOFF_SETTLE,2685,2,1788429939450.092,66.716,timestamp_domain.system_time,27073140.000,78.000,1,27073140.000,27073171.000,31.000,31.000,27073171.000,31.000,1,1,pnp_visible_ransac,9,1.455,-4.2897,0.169496,3.122286,3.1073
2026-09-03T19:05:39.588,1185,STANDOFF_SETTLE,STANDOFF_SETTLE,2688,3,1788429939550.171,100.079,timestamp_domain.system_time,27073218.000,78.000,1,27073218.000,27073250.000,32.000,32.000,27073250.000,32.000,1,1,pnp_visible_ransac,9,1.611,-4.7582,0.175191,3.139956,3.1935
2026-09-03T19:05:39.664,1186,STANDOFF_SETTLE,STANDOFF_SETTLE,2690,2,1788429939616.842,66.671,timestamp_domain.system_time,27073296.000,78.000,1,27073296.000,27073328.000,32.000,32.000,27073328.000,32.000,1,1,pnp_visible_ransac,9,1.301,-3.9052,0.166550,3.133233,3.0427
2026-09-03T19:05:39.744,1187,STANDOFF_SETTLE,STANDOFF_SETTLE,2692,2,1788429939683.581,66.740,timestamp_domain.system_time,27073375.000,79.000,1,27073375.000,27073406.000,31.000,31.000,27073406.000,31.000,1,1,pnp_visible_ransac,9,1.332,-4.0280,0.167097,3.141722,3.0445
2026-09-03T19:05:39.824,1188,STANDOFF_SETTLE,STANDOFF_SETTLE,2695,3,1788429939783.716,100.135,timestamp_domain.system_time,27073453.000,78.000,1,27073453.000,27073484.000,31.000,31.000,27073484.000,31.000,1,1,pnp_visible_ransac,9,1.509,-3.8714,0.171908,3.136776,3.1369
2026-09-03T19:05:39.903,1189,STANDOFF_SETTLE,STANDOFF_SETTLE,2697,2,1788429939850.341,66.625,timestamp_domain.system_time,27073531.000,78.000,1,27073531.000,27073562.000,31.000,31.000,27073562.000,31.000,1,1,pnp_visible_ransac,9,1.376,-4.1761,0.167840,3.117376,3.0818
2026-09-03T19:05:39.979,1190,STANDOFF_SETTLE,STANDOFF_SETTLE,2699,2,1788429939917.089,66.748,timestamp_domain.system_time,27073609.000,78.000,1,27073609.000,27073640.000,31.000,31.000,27073640.000,31.000,1,1,pnp_visible_ransac,9,1.437,-4.0622,0.167636,3.136243,3.0596
2026-09-03T19:05:40.057,1191,STANDOFF_SETTLE,STANDOFF_SETTLE,2702,3,1788429940017.112,100.024,timestamp_domain.system_time,27073687.000,78.000,1,27073687.000,27073718.000,31.000,31.000,27073718.000,31.000,1,1,pnp_visible_ransac,9,1.611,-3.4060,0.161733,3.118522,2.9688
2026-09-03T19:05:40.134,1192,STANDOFF_SETTLE,STANDOFF_SETTLE,2704,2,1788429940083.757,66.645,timestamp_domain.system_time,27073765.000,78.000,1,27073765.000,27073796.000,31.000,31.000,27073796.000,31.000,1,1,pnp_visible_ransac,9,1.554,-4.8129,0.172461,3.141742,3.1420
2026-09-03T19:05:40.211,1193,STANDOFF_SETTLE,STANDOFF_SETTLE,2706,2,1788429940150.708,66.950,timestamp_domain.system_time,27073843.000,78.000,1,27073843.000,27073875.000,32.000,32.000,27073875.000,32.000,1,1,pnp_visible_ransac,9,1.477,-3.9385,0.166411,3.125536,3.0477
2026-09-03T19:05:40.290,1194,STANDOFF_SETTLE,STANDOFF_SETTLE,2709,3,1788429940250.702,99.994,timestamp_domain.system_time,27073921.000,78.000,1,27073921.000,27073953.000,32.000,32.000,27073953.000,32.000,1,1,pnp_visible_ransac,9,1.475,-4.8236,0.172237,3.148842,3.1309
2026-09-03T19:05:40.418,1195,STANDOFF_SETTLE,STANDOFF_SETTLE,2712,3,1788429940350.536,99.834,timestamp_domain.system_time,27074046.000,125.000,1,27074046.000,27074078.000,32.000,32.000,27074078.000,32.000,1,1,pnp_visible_ransac,9,1.964,-5.1870,0.180195,3.144557,3.2797
2026-09-03T19:05:40.497,1196,STANDOFF_SETTLE,STANDOFF_SETTLE,2715,3,1788429940450.464,99.928,timestamp_domain.system_time,27074125.000,79.000,1,27074125.000,27074156.000,31.000,31.000,27074156.000,31.000,1,1,pnp_visible_ransac,9,1.537,-4.2387,0.167678,3.126277,3.0701
2026-09-03T19:05:40.574,1197,STANDOFF_SETTLE,STANDOFF_SETTLE,2717,2,1788429940517.372,66.907,timestamp_domain.system_time,27074203.000,78.000,1,27074203.000,27074234.000,31.000,31.000,27074234.000,31.000,1,1,pnp_visible_ransac,9,1.172,-4.7574,0.172045,3.148923,3.1273
2026-09-03T19:05:40.651,1198,STANDOFF_SETTLE,STANDOFF_SETTLE,2719,2,1788429940583.988,66.616,timestamp_domain.system_time,27074281.000,78.000,1,27074281.000,27074312.000,31.000,31.000,27074312.000,31.000,1,1,pnp_visible_ransac,9,1.895,-4.0047,0.170360,3.148393,3.0973
2026-09-03T19:05:40.728,1199,STANDOFF_SETTLE,STANDOFF_SETTLE,2722,3,1788429940684.189,100.202,timestamp_domain.system_time,27074359.000,78.000,1,27074359.000,27074390.000,31.000,31.000,27074390.000,31.000,1,1,pnp_visible_ransac,9,1.163,-3.9816,0.163633,3.124116,2.9983
2026-09-03T19:05:40.817,1200,STANDOFF_SETTLE,STANDOFF_SETTLE,2724,2,1788429940750.927,66.737,timestamp_domain.system_time,27074437.000,78.000,1,27074437.000,27074468.000,31.000,31.000,27074468.000,31.000,1,1,pnp_visible_ransac,9,1.469,-3.6355,0.164443,3.131344,3.0061
2026-09-03T19:05:40.897,1201,STANDOFF_SETTLE,STANDOFF_SETTLE,2727,3,1788429940851.217,100.291,timestamp_domain.system_time,27074531.000,94.000,1,27074531.000,27074562.000,31.000,31.000,27074562.000,31.000,1,1,pnp_visible_ransac,9,1.229,-4.6258,0.169798,3.120850,3.1143
2026-09-03T19:05:40.975,1202,STANDOFF_SETTLE,STANDOFF_SETTLE,2729,2,1788429940917.784,66.566,timestamp_domain.system_time,27074609.000,78.000,1,27074609.000,27074640.000,31.000,31.000,27074640.000,31.000,1,1,pnp_visible_ransac,9,1.269,-3.7063,0.165801,3.129910,3.0323
2026-09-03T19:05:41.051,1203,STANDOFF_SETTLE,STANDOFF_SETTLE,2731,2,1788429940984.360,66.577,timestamp_domain.system_time,27074671.000,62.000,1,27074687.000,27074703.000,16.000,32.000,27074703.000,32.000,1,1,pnp_visible_ransac,9,1.746,-3.6696,0.167933,3.123392,3.0776
2026-09-03T19:05:41.127,1204,STANDOFF_SETTLE,STANDOFF_SETTLE,2734,3,1788429941084.660,100.299,timestamp_domain.system_time,27074750.000,79.000,1,27074750.000,27074781.000,31.000,31.000,27074781.000,31.000,1,1,pnp_visible_ransac,9,1.003,-4.1421,0.160827,3.135212,2.9365
2026-09-03T19:05:41.209,1205,STANDOFF_SETTLE,STANDOFF_SETTLE,2736,2,1788429941151.198,66.538,timestamp_domain.system_time,27074843.000,93.000,1,27074843.000,27074875.000,32.000,32.000,27074875.000,32.000,1,1,pnp_visible_ransac,9,1.635,-4.3691,0.170568,3.122294,3.1269
2026-09-03T19:05:41.286,1206,STANDOFF_SETTLE,STANDOFF_SETTLE,2738,2,1788429941217.810,66.612,timestamp_domain.system_time,27074906.000,63.000,1,27074921.000,27074937.000,16.000,31.000,27074937.000,31.000,1,1,pnp_visible_ransac,9,1.115,-4.3620,0.169367,3.147506,3.0801
2026-09-03T19:05:41.364,1207,STANDOFF_SETTLE,STANDOFF_SETTLE,2739,1,1788429941251.152,33.343,timestamp_domain.system_time,27074984.000,78.000,1,27075000.000,27075015.000,15.000,31.000,27075031.000,47.000,1,1,pnp_visible_ransac,9,1.458,-4.4736,0.173581,3.152398,3.1517
2026-09-03T19:05:41.441,1208,STANDOFF_SETTLE,STANDOFF_SETTLE,2743,4,1788429941384.761,133.609,timestamp_domain.system_time,27075062.000,78.000,1,27075078.000,27075093.000,15.000,31.000,27075093.000,31.000,1,1,pnp_visible_ransac,9,1.058,-4.3224,0.165763,3.135758,3.0260
2026-09-03T19:05:41.517,1209,STANDOFF_SETTLE,STANDOFF_SETTLE,2745,2,1788429941451.517,66.756,timestamp_domain.system_time,27075140.000,78.000,1,27075140.000,27075171.000,31.000,31.000,27075171.000,31.000,1,1,pnp_visible_ransac,9,1.194,-4.3853,0.166230,3.130016,3.0400
2026-09-03T19:05:41.594,1210,STANDOFF_SETTLE,STANDOFF_SETTLE,2748,3,1788429941551.539,100.022,timestamp_domain.system_time,27075218.000,78.000,1,27075218.000,27075250.000,32.000,32.000,27075250.000,32.000,1,1,pnp_visible_ransac,9,1.412,-3.3252,0.162296,3.140478,2.9583
2026-09-03T19:05:41.673,1211,STANDOFF_SETTLE,STANDOFF_SETTLE,2750,2,1788429941618.274,66.735,timestamp_domain.system_time,27075296.000,78.000,1,27075296.000,27075328.000,32.000,32.000,27075328.000,32.000,1,1,pnp_visible_ransac,9,1.108,-4.5861,0.170561,3.147556,3.1017
2026-09-03T19:05:41.750,1212,STANDOFF_SETTLE,STANDOFF_SETTLE,2752,2,1788429941685.056,66.782,timestamp_domain.system_time,27075375.000,79.000,1,27075375.000,27075406.000,31.000,31.000,27075406.000,31.000,1,1,pnp_visible_ransac,9,1.581,-4.0633,0.165810,3.131449,3.0310
2026-09-03T19:05:41.828,1213,STANDOFF_SETTLE,STANDOFF_SETTLE,2755,3,1788429941785.031,99.975,timestamp_domain.system_time,27075453.000,78.000,1,27075453.000,27075484.000,31.000,31.000,27075484.000,31.000,1,1,pnp_visible_ransac,9,1.404,-4.5689,0.174358,3.149357,3.1688
2026-09-03T19:05:41.905,1214,STANDOFF_SETTLE,STANDOFF_SETTLE,2757,2,1788429941851.874,66.842,timestamp_domain.system_time,27075531.000,78.000,1,27075531.000,27075562.000,31.000,31.000,27075562.000,31.000,1,1,pnp_visible_ransac,9,1.885,-4.4337,0.171408,3.133192,3.1314
2026-09-03T19:05:41.984,1215,STANDOFF_SETTLE,STANDOFF_SETTLE,2759,2,1788429941918.472,66.599,timestamp_domain.system_time,27075609.000,78.000,1,27075609.000,27075640.000,31.000,31.000,27075640.000,31.000,1,1,pnp_visible_ransac,9,1.648,-4.6357,0.173757,3.145546,3.1617
2026-09-03T19:05:42.060,1216,STANDOFF_SETTLE,STANDOFF_SETTLE,2762,3,1788429942018.570,100.097,timestamp_domain.system_time,27075687.000,78.000,1,27075687.000,27075718.000,31.000,31.000,27075718.000,31.000,1,1,pnp_visible_ransac,9,2.106,-4.2208,0.171160,3.131222,3.1288
2026-09-03T19:05:42.137,1217,STANDOFF_SETTLE,STANDOFF_SETTLE,2764,2,1788429942085.352,66.782,timestamp_domain.system_time,27075765.000,78.000,1,27075765.000,27075796.000,31.000,31.000,27075796.000,31.000,1,1,pnp_visible_ransac,9,1.604,-4.2687,0.167905,3.138238,3.0626
2026-09-03T19:05:42.214,1218,STANDOFF_SETTLE,STANDOFF_SETTLE,2766,2,1788429942152.031,66.679,timestamp_domain.system_time,27075843.000,78.000,1,27075843.000,27075875.000,32.000,32.000,27075875.000,32.000,1,1,pnp_visible_ransac,9,1.546,-4.4852,0.176803,3.177640,3.1846
2026-09-03T19:05:42.291,1219,STANDOFF_SETTLE,STANDOFF_SETTLE,2769,3,1788429942253.406,101.375,timestamp_domain.system_time,27075921.000,78.000,1,27075921.000,27075953.000,32.000,32.000,27075953.000,32.000,1,1,pnp_visible_ransac,9,1.244,-4.7227,0.170242,3.140260,3.1031
2026-09-03T19:05:42.368,1220,STANDOFF_SETTLE,STANDOFF_SETTLE,2770,1,1788429942285.559,32.154,timestamp_domain.system_time,27076000.000,79.000,1,27076000.000,27076031.000,31.000,31.000,27076031.000,31.000,1,1,pnp_visible_ransac,9,1.731,-3.8876,0.166112,3.114887,3.0526
2026-09-03T19:05:42.455,1221,STANDOFF_SETTLE,STANDOFF_SETTLE,2773,3,1788429942385.946,100.387,timestamp_domain.system_time,27076078.000,78.000,1,27076078.000,27076109.000,31.000,31.000,27076109.000,31.000,1,1,pnp_visible_ransac,9,1.508,-4.5088,0.170374,3.130693,3.1150
2026-09-03T19:05:42.535,1222,STANDOFF_SETTLE,STANDOFF_SETTLE,2776,3,1788429942485.681,99.735,timestamp_domain.system_time,27076156.000,78.000,1,27076171.000,27076187.000,16.000,31.000,27076187.000,31.000,1,1,pnp_visible_ransac,9,1.525,-3.9890,0.166988,3.126273,3.0575
2026-09-03T19:05:42.614,1223,STANDOFF_SETTLE,STANDOFF_SETTLE,2778,2,1788429942552.039,66.358,timestamp_domain.system_time,27076234.000,78.000,1,27076250.000,27076265.000,15.000,31.000,27076281.000,47.000,1,1,pnp_visible_ransac,9,1.241,-3.9714,0.161095,3.111047,2.9642
2026-09-03T19:05:42.695,1224,STANDOFF_SETTLE,STANDOFF_SETTLE,2781,3,1788429942652.085,100.046,timestamp_domain.system_time,27076328.000,94.000,1,27076328.000,27076359.000,31.000,31.000,27076359.000,31.000,1,1,pnp_visible_ransac,9,1.170,-4.6444,0.170011,3.154283,3.0852
2026-09-03T19:05:42.774,1225,STANDOFF_SETTLE,STANDOFF_SETTLE,2783,2,1788429942718.783,66.698,timestamp_domain.system_time,27076406.000,78.000,1,27076406.000,27076437.000,31.000,31.000,27076437.000,31.000,1,1,pnp_visible_ransac,9,1.106,-4.7626,0.171657,3.143663,3.1255
2026-09-03T19:05:42.851,1226,STANDOFF_SETTLE,STANDOFF_SETTLE,2785,2,1788429942785.526,66.743,timestamp_domain.system_time,27076484.000,78.000,1,27076484.000,27076515.000,31.000,31.000,27076515.000,31.000,1,1,pnp_visible_ransac,9,1.443,-3.6712,0.166269,3.122539,3.0480
2026-09-03T19:05:42.928,1227,STANDOFF_SETTLE,STANDOFF_SETTLE,2788,3,1788429942885.778,100.252,timestamp_domain.system_time,27076562.000,78.000,1,27076562.000,27076593.000,31.000,31.000,27076593.000,31.000,1,1,pnp_visible_ransac,9,1.909,-4.5958,0.174630,3.152399,3.1707
2026-09-03T19:05:43.007,1228,STANDOFF_SETTLE,STANDOFF_SETTLE,2790,2,1788429942952.643,66.865,timestamp_domain.system_time,27076640.000,78.000,1,27076640.000,27076671.000,31.000,31.000,27076671.000,31.000,1,1,pnp_visible_ransac,9,2.052,-4.4430,0.177660,3.143116,3.2351
2026-09-03T19:05:43.083,1229,STANDOFF_SETTLE,STANDOFF_SETTLE,2792,2,1788429943019.274,66.631,timestamp_domain.system_time,27076703.000,63.000,1,27076718.000,27076734.000,16.000,31.000,27076750.000,47.000,1,1,pnp_visible_ransac,9,1.434,-4.5185,0.170633,3.144459,3.1061
2026-09-03T19:05:43.163,1230,STANDOFF_SETTLE,STANDOFF_SETTLE,2795,3,1788429943119.494,100.220,timestamp_domain.system_time,27076781.000,78.000,1,27076796.000,27076828.000,32.000,47.000,27076828.000,47.000,1,1,pnp_visible_ransac,9,1.417,-4.7364,0.172253,3.144330,3.1356
2026-09-03T19:05:43.240,1231,STANDOFF_SETTLE,STANDOFF_SETTLE,2797,2,1788429943186.030,66.537,timestamp_domain.system_time,27076859.000,78.000,1,27076875.000,27076906.000,31.000,47.000,27076906.000,47.000,1,1,pnp_visible_ransac,9,1.592,-4.4677,0.169576,3.130745,3.1004
2026-09-03T19:05:43.319,1232,STANDOFF_SETTLE,STANDOFF_SETTLE,2799,2,1788429943253.718,67.688,timestamp_domain.system_time,27076953.000,94.000,1,27076953.000,27076984.000,31.000,31.000,27076984.000,31.000,1,1,pnp_visible_ransac,9,1.218,-4.6784,0.168593,3.149944,3.0637
2026-09-03T19:05:43.397,1233,STANDOFF_SETTLE,STANDOFF_SETTLE,2800,1,1788429943286.170,32.452,timestamp_domain.system_time,27077031.000,78.000,1,27077031.000,27077062.000,31.000,31.000,27077062.000,31.000,1,1,pnp_visible_ransac,9,1.106,-5.4848,0.175947,3.161060,3.1858
2026-09-03T19:05:43.476,1234,STANDOFF_SETTLE,STANDOFF_SETTLE,2804,4,1788429943419.601,133.431,timestamp_domain.system_time,27077109.000,78.000,1,27077109.000,27077140.000,31.000,31.000,27077140.000,31.000,1,1,pnp_visible_ransac,9,1.745,-4.2526,0.170242,3.138733,3.1046
2026-09-03T19:05:43.553,1235,STANDOFF_SETTLE,STANDOFF_SETTLE,2806,2,1788429943486.140,66.540,timestamp_domain.system_time,27077187.000,78.000,1,27077187.000,27077218.000,31.000,31.000,27077218.000,31.000,1,1,pnp_visible_ransac,9,1.589,-3.6551,0.166907,3.115181,3.0669
2026-09-03T19:05:43.631,1236,STANDOFF_SETTLE,STANDOFF_SETTLE,2809,3,1788429943586.414,100.273,timestamp_domain.system_time,27077265.000,78.000,1,27077265.000,27077296.000,31.000,31.000,27077296.000,31.000,1,1,pnp_visible_ransac,9,1.497,-4.4954,0.173475,3.137522,3.1647
2026-09-03T19:05:43.709,1237,STANDOFF_SETTLE,STANDOFF_SETTLE,2811,2,1788429943653.123,66.709,timestamp_domain.system_time,27077343.000,78.000,1,27077343.000,27077375.000,32.000,32.000,27077375.000,32.000,1,1,pnp_visible_ransac,9,1.288,-4.6474,0.169946,3.140177,3.0978
2026-09-03T19:05:43.787,1238,STANDOFF_SETTLE,STANDOFF_SETTLE,2813,2,1788429943719.662,66.540,timestamp_domain.system_time,27077421.000,78.000,1,27077421.000,27077453.000,32.000,32.000,27077453.000,32.000,1,1,pnp_visible_ransac,9,1.140,-3.9550,0.165289,3.126505,3.0262
2026-09-03T19:05:43.865,1239,STANDOFF_SETTLE,STANDOFF_SETTLE,2816,3,1788429943819.884,100.222,timestamp_domain.system_time,27077484.000,63.000,1,27077500.000,27077531.000,31.000,47.000,27077531.000,47.000,1,1,pnp_visible_ransac,9,1.293,-4.1910,0.166169,3.140042,3.0292
2026-09-03T19:05:43.943,1240,STANDOFF_SETTLE,STANDOFF_SETTLE,2818,2,1788429943886.635,66.750,timestamp_domain.system_time,27077562.000,78.000,1,27077578.000,27077593.000,15.000,31.000,27077609.000,47.000,1,1,pnp_visible_ransac,9,1.466,-4.8585,0.170927,3.135466,3.1203
2026-09-03T19:05:44.019,1241,STANDOFF_SETTLE,STANDOFF_SETTLE,2820,2,1788429943953.480,66.845,timestamp_domain.system_time,27077640.000,78.000,1,27077656.000,27077671.000,15.000,31.000,27077671.000,31.000,1,1,pnp_visible_ransac,9,1.253,-4.5988,0.171508,3.138572,3.1278
2026-09-03T19:05:44.096,1242,STANDOFF_SETTLE,STANDOFF_SETTLE,2823,3,1788429944053.412,99.932,timestamp_domain.system_time,27077718.000,78.000,1,27077734.000,27077750.000,16.000,32.000,27077750.000,32.000,1,1,pnp_visible_ransac,9,1.232,-4.8224,0.173099,3.163727,3.1317
2026-09-03T19:05:44.174,1243,STANDOFF_SETTLE,STANDOFF_SETTLE,2825,2,1788429944119.960,66.548,timestamp_domain.system_time,27077796.000,78.000,1,27077796.000,27077828.000,32.000,32.000,27077828.000,32.000,1,1,pnp_visible_ransac,9,1.608,-4.0195,0.169017,3.133063,3.0879
2026-09-03T19:05:44.250,1244,STANDOFF_SETTLE,STANDOFF_SETTLE,2827,2,1788429944186.715,66.755,timestamp_domain.system_time,27077875.000,79.000,1,27077875.000,27077906.000,31.000,31.000,27077906.000,31.000,1,1,pnp_visible_ransac,9,1.721,-4.1469,0.168449,3.137030,3.0737
2026-09-03T19:05:44.329,1245,STANDOFF_SETTLE,STANDOFF_SETTLE,2830,3,1788429944286.816,100.101,timestamp_domain.system_time,27077953.000,78.000,1,27077953.000,27077984.000,31.000,31.000,27077984.000,31.000,1,1,pnp_visible_ransac,9,1.267,-4.0290,0.169656,3.149724,3.0832
2026-09-03T19:05:44.466,1246,STANDOFF_SETTLE,STANDOFF_SETTLE,2833,3,1788429944386.693,99.877,timestamp_domain.system_time,27078093.000,140.000,1,27078093.000,27078125.000,32.000,32.000,27078125.000,32.000,1,1,pnp_visible_ransac,9,1.892,-4.9725,0.176865,3.151295,3.2123
2026-09-03T19:05:44.543,1247,STANDOFF_SETTLE,STANDOFF_SETTLE,2836,3,1788429944487.084,100.392,timestamp_domain.system_time,27078171.000,78.000,1,27078171.000,27078203.000,32.000,32.000,27078203.000,32.000,1,1,pnp_visible_ransac,9,1.029,-5.5992,0.168564,3.179567,3.0347
2026-09-03T19:05:44.619,1248,STANDOFF_SETTLE,STANDOFF_SETTLE,2838,2,1788429944553.805,66.720,timestamp_domain.system_time,27078250.000,79.000,1,27078250.000,27078281.000,31.000,31.000,27078281.000,31.000,1,1,pnp_visible_ransac,9,1.574,-3.9564,0.167081,3.114530,3.0707
2026-09-03T19:05:44.696,1249,STANDOFF_SETTLE,STANDOFF_SETTLE,2841,3,1788429944653.777,99.972,timestamp_domain.system_time,27078328.000,78.000,1,27078328.000,27078359.000,31.000,31.000,27078359.000,31.000,1,1,pnp_visible_ransac,9,1.315,-4.2342,0.166500,3.126668,3.0482
2026-09-03T19:05:44.785,1250,STANDOFF_SETTLE,STANDOFF_SETTLE,2843,2,1788429944720.206,66.429,timestamp_domain.system_time,27078406.000,78.000,1,27078421.000,27078437.000,16.000,31.000,27078437.000,31.000,1,1,pnp_visible_ransac,9,1.533,-4.7947,0.172523,3.123237,3.1617
2026-09-03T19:05:44.864,1251,STANDOFF_SETTLE,STANDOFF_SETTLE,2846,3,1788429944820.250,100.044,timestamp_domain.system_time,27078484.000,78.000,1,27078500.000,27078515.000,15.000,31.000,27078515.000,31.000,1,1,pnp_visible_ransac,9,1.292,-4.7899,0.175718,3.150354,3.1925
2026-09-03T19:05:44.943,1252,STANDOFF_SETTLE,STANDOFF_SETTLE,2848,2,1788429944887.228,66.978,timestamp_domain.system_time,27078562.000,78.000,1,27078578.000,27078593.000,15.000,31.000,27078609.000,47.000,1,1,pnp_visible_ransac,9,1.111,-4.5094,0.168052,3.150880,3.0530
2026-09-03T19:05:45.018,1253,STANDOFF_SETTLE,STANDOFF_SETTLE,2850,2,1788429944953.857,66.629,timestamp_domain.system_time,27078640.000,78.000,1,27078656.000,27078671.000,15.000,31.000,27078671.000,31.000,1,1,pnp_visible_ransac,9,1.631,-4.3806,0.172758,3.133778,3.1554
2026-09-03T19:05:45.099,1254,STANDOFF_SETTLE,STANDOFF_SETTLE,2853,3,1788429945054.096,100.239,timestamp_domain.system_time,27078718.000,78.000,1,27078734.000,27078750.000,16.000,32.000,27078765.000,47.000,1,1,pnp_visible_ransac,9,0.992,-4.5239,0.168400,3.154505,3.0558
2026-09-03T19:05:45.179,1255,STANDOFF_SETTLE,STANDOFF_SETTLE,2855,2,1788429945120.857,66.761,timestamp_domain.system_time,27078812.000,94.000,1,27078812.000,27078843.000,31.000,31.000,27078843.000,31.000,1,1,pnp_visible_ransac,9,1.708,-3.9518,0.169318,3.127162,3.0992
2026-09-03T19:05:45.258,1256,STANDOFF_SETTLE,STANDOFF_SETTLE,2858,3,1788429945220.885,100.027,timestamp_domain.system_time,27078890.000,78.000,1,27078890.000,27078921.000,31.000,31.000,27078921.000,31.000,1,1,pnp_visible_ransac,9,1.631,-4.7065,0.177667,3.167845,3.2100
2026-09-03T19:05:45.338,1257,STANDOFF_SETTLE,STANDOFF_SETTLE,2860,2,1788429945287.786,66.901,timestamp_domain.system_time,27078968.000,78.000,1,27078968.000,27079000.000,32.000,32.000,27079000.000,32.000,1,1,pnp_visible_ransac,9,0.922,-5.7379,0.179274,3.190671,3.2159
2026-09-03T19:05:45.467,1258,STANDOFF_SETTLE,STANDOFF_SETTLE,2863,3,1788429945387.315,99.529,timestamp_domain.system_time,27079093.000,125.000,1,27079093.000,27079125.000,32.000,32.000,27079125.000,32.000,1,1,pnp_visible_ransac,9,1.089,-4.6792,0.168283,3.133501,3.0741
2026-09-03T19:05:45.548,1259,STANDOFF_SETTLE,STANDOFF_SETTLE,2866,3,1788429945487.689,100.374,timestamp_domain.system_time,27079171.000,78.000,1,27079171.000,27079203.000,32.000,32.000,27079203.000,32.000,1,1,pnp_visible_ransac,9,1.229,-4.1676,0.169134,3.147810,3.0756
2026-09-03T19:05:45.627,1260,STANDOFF_SETTLE,STANDOFF_SETTLE,2869,3,1788429945587.750,100.061,timestamp_domain.system_time,27079250.000,79.000,1,27079250.000,27079281.000,31.000,31.000,27079281.000,31.000,1,1,pnp_visible_ransac,9,1.237,-4.1400,0.166489,3.127793,3.0469
2026-09-03T19:05:45.705,1261,STANDOFF_SETTLE,STANDOFF_SETTLE,2871,2,1788429945654.561,66.811,timestamp_domain.system_time,27079328.000,78.000,1,27079328.000,27079359.000,31.000,31.000,27079359.000,31.000,1,1,pnp_visible_ransac,9,1.372,-5.2059,0.174155,3.144359,3.1702
2026-09-03T19:05:45.784,1262,STANDOFF_SETTLE,STANDOFF_SETTLE,2873,2,1788429945721.080,66.519,timestamp_domain.system_time,27079406.000,78.000,1,27079421.000,27079437.000,16.000,31.000,27079437.000,31.000,1,1,pnp_visible_ransac,9,1.558,-3.7617,0.164609,3.117299,3.0227
2026-09-03T19:05:45.862,1263,STANDOFF_SETTLE,STANDOFF_SETTLE,2876,3,1788429945821.225,100.145,timestamp_domain.system_time,27079484.000,78.000,1,27079484.000,27079515.000,31.000,31.000,27079515.000,31.000,1,1,pnp_visible_ransac,9,1.621,-4.5913,0.171237,3.126342,3.1351
2026-09-03T19:05:45.942,1264,STANDOFF_SETTLE,STANDOFF_SETTLE,2878,2,1788429945887.909,66.684,timestamp_domain.system_time,27079562.000,78.000,1,27079578.000,27079593.000,15.000,31.000,27079593.000,31.000,1,1,pnp_visible_ransac,9,1.562,-5.2234,0.178695,3.146050,3.2509
2026-09-03T19:05:46.018,1265,STANDOFF_SETTLE,STANDOFF_SETTLE,2880,2,1788429945954.667,66.758,timestamp_domain.system_time,27079640.000,78.000,1,27079656.000,27079671.000,15.000,31.000,27079671.000,31.000,1,1,pnp_visible_ransac,9,1.670,-4.2689,0.169118,3.142231,3.0808
2026-09-03T19:05:46.095,1266,STANDOFF_SETTLE,STANDOFF_SETTLE,2883,3,1788429946054.553,99.886,timestamp_domain.system_time,27079718.000,78.000,1,27079718.000,27079750.000,32.000,32.000,27079750.000,32.000,1,1,pnp_visible_ransac,9,1.411,-4.2716,0.169640,3.144210,3.0883
2026-09-03T19:05:46.173,1267,STANDOFF_SETTLE,STANDOFF_SETTLE,2885,2,1788429946121.366,66.813,timestamp_domain.system_time,27079796.000,78.000,1,27079796.000,27079828.000,32.000,32.000,27079828.000,32.000,1,1,pnp_visible_ransac,9,1.245,-4.4129,0.166327,3.139710,3.0324
2026-09-03T19:05:46.249,1268,STANDOFF_SETTLE,STANDOFF_SETTLE,2887,2,1788429946187.945,66.578,timestamp_domain.system_time,27079875.000,79.000,1,27079875.000,27079906.000,31.000,31.000,27079906.000,31.000,1,1,pnp_visible_ransac,9,1.106,-5.2114,0.176103,3.169325,3.1804
2026-09-03T19:05:46.326,1269,STANDOFF_SETTLE,STANDOFF_SETTLE,2890,3,1788429946288.134,100.189,timestamp_domain.system_time,27079953.000,78.000,1,27079953.000,27079984.000,31.000,31.000,27079984.000,31.000,1,1,pnp_visible_ransac,9,1.115,-4.2679,0.167334,3.143159,3.0474
2026-09-03T19:05:46.477,1270,STANDOFF_SETTLE,STANDOFF_SETTLE,2893,3,1788429946388.475,100.342,timestamp_domain.system_time,27080093.000,140.000,1,27080093.000,27080140.000,47.000,47.000,27080140.000,47.000,1,1,pnp_visible_ransac,9,1.479,-4.6361,0.169070,3.127990,3.0939
2026-09-03T19:05:46.566,1271,STANDOFF_SETTLE,STANDOFF_SETTLE,2897,4,1788429946521.711,133.236,timestamp_domain.system_time,27080187.000,94.000,1,27080203.000,27080218.000,15.000,31.000,27080218.000,31.000,1,1,pnp_visible_ransac,9,1.335,-4.4875,0.167651,3.138824,3.0574
2026-09-03T19:05:46.647,1272,STANDOFF_SETTLE,STANDOFF_SETTLE,2899,2,1788429946588.360,66.650,timestamp_domain.system_time,27080281.000,94.000,1,27080281.000,27080312.000,31.000,31.000,27080312.000,31.000,1,1,pnp_visible_ransac,9,1.451,-4.1941,0.170565,3.130522,3.1186
2026-09-03T19:05:46.728,1273,STANDOFF_SETTLE,STANDOFF_SETTLE,2902,3,1788429946688.503,100.142,timestamp_domain.system_time,27080359.000,78.000,1,27080359.000,27080390.000,31.000,31.000,27080390.000,31.000,1,1,pnp_visible_ransac,9,1.322,-4.3168,0.167774,3.122210,3.0759
2026-09-03T19:05:46.809,1274,STANDOFF_SETTLE,STANDOFF_SETTLE,2904,2,1788429946755.311,66.808,timestamp_domain.system_time,27080437.000,78.000,1,27080437.000,27080468.000,31.000,31.000,27080468.000,31.000,1,1,pnp_visible_ransac,9,1.152,-4.0835,0.167189,3.138877,3.0489
2026-09-03T19:05:46.888,1275,STANDOFF_SETTLE,STANDOFF_SETTLE,2906,2,1788429946822.060,66.749,timestamp_domain.system_time,27080515.000,78.000,1,27080515.000,27080546.000,31.000,31.000,27080546.000,31.000,1,1,pnp_visible_ransac,9,1.417,-4.6024,0.176030,3.152251,3.1962
2026-09-03T19:05:46.968,1276,STANDOFF_SETTLE,STANDOFF_SETTLE,2909,3,1788429946921.764,99.704,timestamp_domain.system_time,27080593.000,78.000,1,27080593.000,27080625.000,32.000,32.000,27080625.000,32.000,1,1,pnp_visible_ransac,9,1.304,-4.1747,0.167786,3.140949,3.0578
2026-09-03T19:05:47.049,1277,STANDOFF_SETTLE,STANDOFF_SETTLE,2911,2,1788429946988.456,66.692,timestamp_domain.system_time,27080671.000,78.000,1,27080671.000,27080703.000,32.000,32.000,27080703.000,32.000,1,1,pnp_visible_ransac,9,1.611,-3.9463,0.168864,3.127486,3.0906
2026-09-03T19:05:47.127,1278,STANDOFF_SETTLE,STANDOFF_SETTLE,2914,3,1788429947088.710,100.254,timestamp_domain.system_time,27080750.000,79.000,1,27080765.000,27080781.000,16.000,31.000,27080781.000,31.000,1,1,pnp_visible_ransac,9,1.625,-4.1232,0.167633,3.127301,3.0683
2026-09-03T19:05:47.208,1279,STANDOFF_SETTLE,STANDOFF_SETTLE,2916,2,1788429947155.456,66.746,timestamp_domain.system_time,27080828.000,78.000,1,27080843.000,27080859.000,16.000,31.000,27080875.000,47.000,1,1,pnp_visible_ransac,9,1.758,-5.1939,0.179339,3.150912,3.2576
2026-09-03T19:05:47.285,1280,STANDOFF_SETTLE,STANDOFF_SETTLE,2918,2,1788429947221.918,66.462,timestamp_domain.system_time,27080906.000,78.000,1,27080921.000,27080937.000,16.000,31.000,27080937.000,31.000,1,1,pnp_visible_ransac,9,1.347,-4.7072,0.174416,3.145065,3.1742
2026-09-03T19:05:47.366,1281,STANDOFF_SETTLE,STANDOFF_SETTLE,2920,2,1788429947289.209,67.291,timestamp_domain.system_time,27081000.000,94.000,1,27081000.000,27081031.000,31.000,31.000,27081031.000,31.000,1,1,pnp_visible_ransac,9,1.219,-3.9888,0.163244,3.127679,2.9878
2026-09-03T19:05:47.458,1282,STANDOFF_SETTLE,STANDOFF_SETTLE,2923,3,1788429947389.008,99.798,timestamp_domain.system_time,27081078.000,78.000,1,27081093.000,27081109.000,16.000,31.000,27081125.000,47.000,1,1,pnp_visible_ransac,9,1.475,-4.6220,0.171825,3.155146,3.1172
2026-09-03T19:05:47.534,1283,STANDOFF_SETTLE,STANDOFF_SETTLE,2926,3,1788429947488.910,99.903,timestamp_domain.system_time,27081156.000,78.000,1,27081171.000,27081187.000,16.000,31.000,27081187.000,31.000,1,1,pnp_visible_ransac,9,1.560,-4.1990,0.164990,3.114586,3.0323
2026-09-03T19:05:47.612,1284,STANDOFF_SETTLE,STANDOFF_SETTLE,2928,2,1788429947555.735,66.825,timestamp_domain.system_time,27081234.000,78.000,1,27081234.000,27081265.000,31.000,31.000,27081265.000,31.000,1,1,pnp_visible_ransac,9,1.790,-3.9980,0.168495,3.120189,3.0911
2026-09-03T19:05:47.692,1285,STANDOFF_SETTLE,STANDOFF_SETTLE,2930,2,1788429947622.551,66.816,timestamp_domain.system_time,27081312.000,78.000,1,27081328.000,27081343.000,15.000,31.000,27081359.000,47.000,1,1,pnp_visible_ransac,9,1.208,-4.6224,0.170631,3.149581,3.1010
2026-09-03T19:05:47.771,1286,STANDOFF_SETTLE,STANDOFF_SETTLE,2933,3,1788429947722.608,100.057,timestamp_domain.system_time,27081390.000,78.000,1,27081406.000,27081421.000,15.000,31.000,27081437.000,47.000,1,1,pnp_visible_ransac,9,1.372,-5.1600,0.177667,3.152295,3.2258
2026-09-03T19:05:47.848,1287,STANDOFF_SETTLE,STANDOFF_SETTLE,2935,2,1788429947789.312,66.704,timestamp_domain.system_time,27081468.000,78.000,1,27081484.000,27081500.000,16.000,32.000,27081500.000,32.000,1,1,pnp_visible_ransac,9,1.265,-4.0657,0.168235,3.133747,3.0730
2026-09-03T19:05:47.926,1288,STANDOFF_SETTLE,STANDOFF_SETTLE,2938,3,1788429947889.373,100.061,timestamp_domain.system_time,27081546.000,78.000,1,27081562.000,27081578.000,16.000,32.000,27081578.000,32.000,1,1,pnp_visible_ransac,9,1.678,-5.5050,0.183805,3.181710,3.3063
2026-09-03T19:05:48.004,1289,STANDOFF_SETTLE,STANDOFF_SETTLE,2940,2,1788429947956.059,66.686,timestamp_domain.system_time,27081625.000,79.000,1,27081640.000,27081656.000,16.000,31.000,27081656.000,31.000,1,1,pnp_visible_ransac,9,1.407,-4.5937,0.173698,3.140810,3.1654
2026-09-03T19:05:48.081,1290,STANDOFF_SETTLE,STANDOFF_SETTLE,2942,2,1788429948022.849,66.790,timestamp_domain.system_time,27081703.000,78.000,1,27081718.000,27081734.000,16.000,31.000,27081734.000,31.000,1,1,pnp_visible_ransac,9,1.517,-4.6385,0.171551,3.145693,3.1215
2026-09-03T19:05:48.162,1291,STANDOFF_SETTLE,STANDOFF_SETTLE,2945,3,1788429948122.992,100.143,timestamp_domain.system_time,27081781.000,78.000,1,27081796.000,27081812.000,16.000,31.000,27081828.000,47.000,1,1,pnp_visible_ransac,9,1.064,-4.7227,0.168647,3.135022,3.0792
2026-09-03T19:05:48.238,1292,STANDOFF_SETTLE,STANDOFF_SETTLE,2947,2,1788429948189.548,66.556,timestamp_domain.system_time,27081859.000,78.000,1,27081875.000,27081890.000,15.000,31.000,27081890.000,31.000,1,1,pnp_visible_ransac,9,1.256,-5.0496,0.173501,3.174127,3.1287
2026-09-03T19:05:48.316,1293,STANDOFF_SETTLE,STANDOFF_SETTLE,2949,2,1788429948256.809,67.260,timestamp_domain.system_time,27081937.000,78.000,1,27081953.000,27081968.000,15.000,31.000,27081968.000,31.000,1,1,pnp_visible_ransac,9,1.803,-4.1349,0.167829,3.121047,3.0780
2026-09-03T19:05:48.394,1294,STANDOFF_SETTLE,STANDOFF_SETTLE,2950,1,1788429948290.390,33.581,timestamp_domain.system_time,27082015.000,78.000,1,27082015.000,27082046.000,31.000,31.000,27082046.000,31.000,1,1,pnp_visible_ransac,9,1.584,-4.8956,0.175915,3.154046,3.1923
2026-09-03T19:05:48.494,1295,STANDOFF_SETTLE,STANDOFF_SETTLE,2954,4,1788429948423.310,132.920,timestamp_domain.system_time,27082125.000,110.000,1,27082125.000,27082156.000,31.000,31.000,27082156.000,31.000,1,1,pnp_visible_ransac,9,1.789,-4.4183,0.171979,3.145779,3.1292
2026-09-03T19:05:48.572,1296,STANDOFF_SETTLE,STANDOFF_SETTLE,2957,3,1788429948523.013,99.703,timestamp_domain.system_time,27082203.000,78.000,1,27082203.000,27082234.000,31.000,31.000,27082234.000,31.000,1,1,pnp_visible_ransac,9,1.063,-5.7268,0.180288,3.163432,3.2618
2026-09-03T19:05:48.651,1297,STANDOFF_SETTLE,STANDOFF_SETTLE,2959,2,1788429948589.807,66.794,timestamp_domain.system_time,27082281.000,78.000,1,27082281.000,27082312.000,31.000,31.000,27082312.000,31.000,1,1,pnp_visible_ransac,9,1.133,-4.1307,0.166940,3.131467,3.0516
2026-09-03T19:05:48.727,1298,STANDOFF_SETTLE,STANDOFF_SETTLE,2962,3,1788429948689.767,99.960,timestamp_domain.system_time,27082359.000,78.000,1,27082359.000,27082390.000,31.000,31.000,27082390.000,31.000,1,1,pnp_visible_ransac,9,1.679,-4.3425,0.170871,3.123989,3.1308
2026-09-03T19:05:48.803,1299,STANDOFF_SETTLE,STANDOFF_SETTLE,2964,2,1788429948756.608,66.841,timestamp_domain.system_time,27082437.000,78.000,1,27082437.000,27082468.000,31.000,31.000,27082468.000,31.000,1,1,pnp_visible_ransac,9,2.009,-3.8575,0.168901,3.139894,3.0791
2026-09-03T19:05:48.883,1300,STANDOFF_SETTLE,STANDOFF_SETTLE,2966,2,1788429948823.327,66.719,timestamp_domain.system_time,27082515.000,78.000,1,27082515.000,27082546.000,31.000,31.000,27082546.000,31.000,1,1,pnp_visible_ransac,9,2.133,-5.7651,0.188564,3.192961,3.3797
2026-09-03T19:05:48.962,1301,STANDOFF_SETTLE,STANDOFF_SETTLE,2969,3,1788429948923.607,100.281,timestamp_domain.system_time,27082593.000,78.000,1,27082593.000,27082625.000,32.000,32.000,27082625.000,32.000,1,1,pnp_visible_ransac,9,1.389,-4.6604,0.169203,3.130014,3.0943
2026-09-03T19:05:49.041,1302,STANDOFF_SETTLE,STANDOFF_SETTLE,2971,2,1788429948989.968,66.360,timestamp_domain.system_time,27082671.000,78.000,1,27082671.000,27082703.000,32.000,32.000,27082703.000,32.000,1,1,pnp_visible_ransac,9,1.392,-5.2086,0.174832,3.160516,3.1662
2026-09-03T19:05:49.122,1303,STANDOFF_SETTLE,STANDOFF_SETTLE,2973,2,1788429949056.818,66.850,timestamp_domain.system_time,27082750.000,79.000,1,27082750.000,27082781.000,31.000,31.000,27082781.000,31.000,1,1,pnp_visible_ransac,9,2.049,-4.9553,0.174285,3.135212,3.1818
2026-09-03T19:05:49.200,1304,STANDOFF_SETTLE,STANDOFF_SETTLE,2976,3,1788429949156.611,99.793,timestamp_domain.system_time,27082828.000,78.000,1,27082828.000,27082859.000,31.000,31.000,27082859.000,31.000,1,1,pnp_visible_ransac,9,1.420,-4.7737,0.172930,3.135259,3.1570
2026-09-03T19:05:49.277,1305,STANDOFF_SETTLE,STANDOFF_SETTLE,2978,2,1788429949223.347,66.736,timestamp_domain.system_time,27082906.000,78.000,1,27082906.000,27082937.000,31.000,31.000,27082937.000,31.000,1,1,pnp_visible_ransac,9,1.111,-4.4343,0.165619,3.139675,3.0196
2026-09-03T19:05:49.354,1306,STANDOFF_SETTLE,STANDOFF_SETTLE,2980,2,1788429949291.385,68.038,timestamp_domain.system_time,27082984.000,78.000,1,27082984.000,27083015.000,31.000,31.000,27083015.000,31.000,1,1,pnp_visible_ransac,9,1.641,-4.7190,0.172075,3.125788,3.1510
2026-09-03T19:05:49.506,1307,STANDOFF_SETTLE,STANDOFF_SETTLE,2984,4,1788429949424.529,133.144,timestamp_domain.system_time,27083125.000,141.000,1,27083140.000,27083171.000,31.000,46.000,27083171.000,46.000,1,1,pnp_visible_ransac,9,1.498,-4.9042,0.175003,3.165419,3.1644
2026-09-03T19:05:49.582,1308,STANDOFF_SETTLE,STANDOFF_SETTLE,2987,3,1788429949524.026,99.497,timestamp_domain.system_time,27083203.000,78.000,1,27083218.000,27083234.000,16.000,31.000,27083234.000,31.000,1,1,pnp_visible_ransac,9,1.339,-4.7515,0.171974,3.144311,3.1306
2026-09-03T19:05:49.662,1309,STANDOFF_SETTLE,STANDOFF_SETTLE,2990,3,1788429949623.851,99.825,timestamp_domain.system_time,27083281.000,78.000,1,27083296.000,27083328.000,32.000,47.000,27083328.000,47.000,1,1,pnp_visible_ransac,9,2.132,-4.5957,0.175710,3.132671,3.2103
2026-09-03T19:05:49.742,1310,STANDOFF_SETTLE,STANDOFF_SETTLE,2992,2,1788429949690.582,66.731,timestamp_domain.system_time,27083375.000,94.000,1,27083375.000,27083406.000,31.000,31.000,27083406.000,31.000,1,1,pnp_visible_ransac,9,1.285,-4.8183,0.172967,3.161407,3.1317
2026-09-03T19:05:49.820,1311,STANDOFF_SETTLE,STANDOFF_SETTLE,2994,2,1788429949757.314,66.732,timestamp_domain.system_time,27083453.000,78.000,1,27083453.000,27083484.000,31.000,31.000,27083484.000,31.000,1,1,pnp_visible_ransac,9,0.966,-4.6839,0.170465,3.147187,3.1004
2026-09-03T19:05:49.899,1312,STANDOFF_SETTLE,STANDOFF_SETTLE,2997,3,1788429949857.503,100.189,timestamp_domain.system_time,27083531.000,78.000,1,27083531.000,27083562.000,31.000,31.000,27083562.000,31.000,1,1,pnp_visible_ransac,9,1.613,-4.7235,0.173950,3.139821,3.1710
2026-09-03T19:05:49.977,1313,STANDOFF_SETTLE,STANDOFF_SETTLE,2999,2,1788429949924.137,66.634,timestamp_domain.system_time,27083609.000,78.000,1,27083609.000,27083640.000,31.000,31.000,27083640.000,31.000,1,1,pnp_visible_ransac,9,1.729,-5.0464,0.177776,3.163938,3.2160
2026-09-03T19:05:50.055,1314,STANDOFF_SETTLE,STANDOFF_SETTLE,3001,2,1788429949990.904,66.767,timestamp_domain.system_time,27083687.000,78.000,1,27083687.000,27083718.000,31.000,31.000,27083718.000,31.000,1,1,pnp_visible_ransac,9,1.705,-4.5257,0.171418,3.141706,3.1231
2026-09-03T19:05:50.133,1315,STANDOFF_SETTLE,STANDOFF_SETTLE,3004,3,1788429950091.021,100.116,timestamp_domain.system_time,27083765.000,78.000,1,27083765.000,27083796.000,31.000,31.000,27083796.000,31.000,1,1,pnp_visible_ransac,9,1.322,-4.1511,0.168802,3.129597,3.0874
2026-09-03T19:05:50.210,1316,STANDOFF_SETTLE,STANDOFF_SETTLE,3006,2,1788429950157.484,66.464,timestamp_domain.system_time,27083843.000,78.000,1,27083843.000,27083875.000,32.000,32.000,27083875.000,32.000,1,1,pnp_visible_ransac,9,1.269,-4.4486,0.168287,3.136308,3.0714
2026-09-03T19:05:50.288,1317,STANDOFF_SETTLE,STANDOFF_SETTLE,3008,2,1788429950224.406,66.921,timestamp_domain.system_time,27083906.000,63.000,1,27083921.000,27083953.000,32.000,47.000,27083953.000,47.000,1,1,pnp_visible_ransac,9,1.868,-4.7526,0.172033,3.143586,3.1324
2026-09-03T19:05:50.366,1318,STANDOFF_SETTLE,STANDOFF_SETTLE,3011,3,1788429950324.517,100.111,timestamp_domain.system_time,27084000.000,94.000,1,27084000.000,27084031.000,31.000,31.000,27084031.000,31.000,1,1,pnp_visible_ransac,9,1.458,-4.2209,0.169756,3.142489,3.0921
2026-09-03T19:05:50.514,1319,STANDOFF_SETTLE,STANDOFF_SETTLE,3014,3,1788429950424.581,100.064,timestamp_domain.system_time,27084125.000,125.000,1,27084140.000,27084171.000,31.000,46.000,27084171.000,46.000,1,1,pnp_visible_ransac,9,1.250,-4.2696,0.168242,3.152080,3.0553
2026-09-03T19:05:50.595,1320,STANDOFF_SETTLE,STANDOFF_SETTLE,3018,4,1788429950557.824,133.243,timestamp_domain.system_time,27084218.000,93.000,1,27084218.000,27084250.000,32.000,32.000,27084250.000,32.000,1,1,pnp_visible_ransac,9,1.494,-4.4250,0.169171,3.142227,3.0817
2026-09-03T19:05:50.679,1321,STANDOFF_SETTLE,STANDOFF_SETTLE,3020,2,1788429950624.475,66.651,timestamp_domain.system_time,27084296.000,78.000,1,27084312.000,27084343.000,31.000,47.000,27084343.000,47.000,1,1,pnp_visible_ransac,9,1.117,-4.1625,0.168995,3.136386,3.0842
2026-09-03T19:05:50.762,1322,STANDOFF_SETTLE,STANDOFF_SETTLE,3022,2,1788429950691.307,66.832,timestamp_domain.system_time,27084390.000,94.000,1,27084390.000,27084421.000,31.000,31.000,27084421.000,31.000,1,1,pnp_visible_ransac,9,1.596,-4.5531,0.175322,3.165883,3.1697
2026-09-03T19:05:50.842,1323,STANDOFF_SETTLE,STANDOFF_SETTLE,3025,3,1788429950791.342,100.035,timestamp_domain.system_time,27084468.000,78.000,1,27084468.000,27084500.000,32.000,32.000,27084500.000,32.000,1,1,pnp_visible_ransac,9,1.175,-5.0420,0.177824,3.172966,3.2077
2026-09-03T19:05:50.920,1324,STANDOFF_SETTLE,STANDOFF_SETTLE,3027,2,1788429950858.367,67.025,timestamp_domain.system_time,27084546.000,78.000,1,27084546.000,27084578.000,32.000,32.000,27084578.000,32.000,1,1,pnp_visible_ransac,9,1.499,-3.3854,0.161602,3.111158,2.9734
2026-09-03T19:05:50.997,1325,STANDOFF_SETTLE,STANDOFF_SETTLE,3030,3,1788429950958.225,99.858,timestamp_domain.system_time,27084625.000,79.000,1,27084625.000,27084656.000,31.000,31.000,27084656.000,31.000,1,1,pnp_visible_ransac,9,1.552,-3.4633,0.163529,3.117079,3.0031
2026-09-03T19:05:51.076,1326,STANDOFF_SETTLE,STANDOFF_SETTLE,3032,2,1788429951024.704,66.479,timestamp_domain.system_time,27084703.000,78.000,1,27084703.000,27084734.000,31.000,31.000,27084734.000,31.000,1,1,pnp_visible_ransac,9,1.302,-3.9996,0.168959,3.127581,3.0922
2026-09-03T19:05:51.154,1327,STANDOFF_SETTLE,STANDOFF_SETTLE,3034,2,1788429951091.423,66.719,timestamp_domain.system_time,27084781.000,78.000,1,27084781.000,27084812.000,31.000,31.000,27084812.000,31.000,1,1,pnp_visible_ransac,9,1.360,-3.7114,0.161980,3.135029,2.9577
2026-09-03T19:05:51.230,1328,STANDOFF_SETTLE,STANDOFF_SETTLE,3037,3,1788429951191.961,100.538,timestamp_domain.system_time,27084859.000,78.000,1,27084859.000,27084890.000,31.000,31.000,27084890.000,31.000,1,1,pnp_visible_ransac,9,1.371,-4.2562,0.166835,3.123558,3.0574
2026-09-03T19:05:51.307,1329,STANDOFF_SETTLE,STANDOFF_SETTLE,3039,2,1788429951258.148,66.187,timestamp_domain.system_time,27084937.000,78.000,1,27084937.000,27084968.000,31.000,31.000,27084968.000,31.000,1,1,pnp_visible_ransac,9,1.345,-4.0110,0.170091,3.143974,3.0967
2026-09-03T19:05:51.385,1330,STANDOFF_SETTLE,STANDOFF_SETTLE,3041,2,1788429951325.035,66.887,timestamp_domain.system_time,27085015.000,78.000,1,27085015.000,27085046.000,31.000,31.000,27085046.000,31.000,1,1,pnp_visible_ransac,9,1.417,-3.3743,0.163925,3.129797,2.9982
2026-09-03T19:05:51.505,1331,STANDOFF_SETTLE,STANDOFF_SETTLE,3044,3,1788429951425.509,100.474,timestamp_domain.system_time,27085125.000,110.000,1,27085125.000,27085156.000,31.000,31.000,27085171.000,46.000,1,1,pnp_visible_ransac,9,1.376,-4.6820,0.174078,3.153599,3.1595
2026-09-03T19:05:51.584,1332,STANDOFF_SETTLE,STANDOFF_SETTLE,3047,3,1788429951525.012,99.504,timestamp_domain.system_time,27085203.000,78.000,1,27085218.000,27085250.000,32.000,47.000,27085250.000,47.000,1,1,pnp_visible_ransac,9,1.372,-4.1630,0.167856,3.136871,3.0630
2026-09-03T19:05:51.668,1333,STANDOFF_SETTLE,STANDOFF_SETTLE,3050,3,1788429951625.398,100.385,timestamp_domain.system_time,27085296.000,93.000,1,27085296.000,27085328.000,32.000,32.000,27085328.000,32.000,1,1,pnp_visible_ransac,9,1.264,-5.1084,0.169074,3.141217,3.0809
2026-09-03T19:05:51.747,1334,STANDOFF_SETTLE,STANDOFF_SETTLE,3052,2,1788429951692.024,66.626,timestamp_domain.system_time,27085375.000,79.000,1,27085375.000,27085406.000,31.000,31.000,27085406.000,31.000,1,1,pnp_visible_ransac,9,1.836,-4.8124,0.176854,3.144226,3.2193
2026-09-03T19:05:51.825,1335,STANDOFF_SETTLE,STANDOFF_SETTLE,3054,2,1788429951758.677,66.653,timestamp_domain.system_time,27085453.000,78.000,1,27085453.000,27085484.000,31.000,31.000,27085484.000,31.000,1,1,pnp_visible_ransac,9,1.706,-4.5192,0.170318,3.119915,3.1247
2026-09-03T19:05:51.903,1336,STANDOFF_SETTLE,STANDOFF_SETTLE,3057,3,1788429951858.743,100.067,timestamp_domain.system_time,27085531.000,78.000,1,27085531.000,27085562.000,31.000,31.000,27085562.000,31.000,1,1,pnp_visible_ransac,9,1.057,-5.4254,0.169802,3.150514,3.0851
2026-09-03T19:05:51.982,1337,STANDOFF_SETTLE,STANDOFF_SETTLE,3059,2,1788429951925.441,66.698,timestamp_domain.system_time,27085609.000,78.000,1,27085609.000,27085640.000,31.000,31.000,27085640.000,31.000,1,1,pnp_visible_ransac,9,1.879,-4.6805,0.176694,3.166533,3.1938
2026-09-03T19:05:52.061,1338,STANDOFF_SETTLE,STANDOFF_SETTLE,3062,3,1788429952025.388,99.947,timestamp_domain.system_time,27085687.000,78.000,1,27085687.000,27085718.000,31.000,31.000,27085718.000,31.000,1,1,pnp_visible_ransac,9,1.786,-4.6428,0.172572,3.127167,3.1587
2026-09-03T19:05:52.141,1339,STANDOFF_SETTLE,STANDOFF_SETTLE,3064,2,1788429952092.183,66.794,timestamp_domain.system_time,27085765.000,78.000,1,27085765.000,27085796.000,31.000,31.000,27085796.000,31.000,1,1,pnp_visible_ransac,9,1.053,-4.9877,0.165793,3.140894,3.0216
2026-09-03T19:05:52.222,1340,STANDOFF_SETTLE,STANDOFF_SETTLE,3066,2,1788429952158.988,66.805,timestamp_domain.system_time,27085843.000,78.000,1,27085859.000,27085875.000,16.000,32.000,27085875.000,32.000,1,1,pnp_visible_ransac,9,1.380,-4.0383,0.167646,3.129054,3.0668
2026-09-03T19:05:52.304,1341,STANDOFF_SETTLE,STANDOFF_SETTLE,3069,3,1788429952258.977,99.989,timestamp_domain.system_time,27085921.000,78.000,1,27085937.000,27085968.000,31.000,47.000,27085968.000,47.000,1,1,pnp_visible_ransac,9,1.691,-4.6068,0.171772,3.130470,3.1407
2026-09-03T19:05:52.382,1342,STANDOFF_SETTLE,STANDOFF_SETTLE,3071,2,1788429952326.041,67.064,timestamp_domain.system_time,27086015.000,94.000,1,27086015.000,27086046.000,31.000,31.000,27086046.000,31.000,1,1,pnp_visible_ransac,9,1.201,-4.7164,0.174381,3.161805,3.1568
2026-09-03T19:05:52.509,1343,STANDOFF_SETTLE,STANDOFF_SETTLE,3073,2,1788429952392.364,66.323,timestamp_domain.system_time,27086125.000,110.000,1,27086140.000,27086171.000,31.000,46.000,27086171.000,46.000,1,1,pnp_visible_ransac,9,1.578,-3.7259,0.161321,3.110784,2.9686
2026-09-03T19:05:52.589,1344,STANDOFF_SETTLE,STANDOFF_SETTLE,3077,4,1788429952525.935,133.572,timestamp_domain.system_time,27086218.000,93.000,1,27086218.000,27086250.000,32.000,32.000,27086250.000,32.000,1,1,pnp_visible_ransac,9,1.088,-4.5685,0.170068,3.138369,3.1018
2026-09-03T19:05:52.670,1345,STANDOFF_SETTLE,STANDOFF_SETTLE,3080,3,1788429952625.958,100.023,timestamp_domain.system_time,27086296.000,78.000,1,27086296.000,27086328.000,32.000,32.000,27086328.000,32.000,1,1,pnp_visible_ransac,9,1.085,-4.7864,0.171277,3.149976,3.1123
2026-09-03T19:05:52.749,1346,STANDOFF_SETTLE,STANDOFF_SETTLE,3082,2,1788429952692.558,66.599,timestamp_domain.system_time,27086375.000,79.000,1,27086375.000,27086406.000,31.000,31.000,27086406.000,31.000,1,1,pnp_visible_ransac,9,1.805,-4.7667,0.178584,3.168466,3.2259
2026-09-03T19:05:52.828,1347,STANDOFF_SETTLE,STANDOFF_SETTLE,3084,2,1788429952759.191,66.634,timestamp_domain.system_time,27086453.000,78.000,1,27086453.000,27086484.000,31.000,31.000,27086484.000,31.000,1,1,pnp_visible_ransac,9,1.693,-3.9736,0.167302,3.112035,3.0772
2026-09-03T19:05:52.910,1348,STANDOFF_SETTLE,STANDOFF_SETTLE,3087,3,1788429952859.438,100.246,timestamp_domain.system_time,27086531.000,78.000,1,27086546.000,27086562.000,16.000,31.000,27086562.000,31.000,1,1,pnp_visible_ransac,9,1.153,-4.1567,0.166085,3.119188,3.0479
2026-09-03T19:05:52.988,1349,STANDOFF_SETTLE,STANDOFF_SETTLE,3089,2,1788429952925.918,66.481,timestamp_domain.system_time,27086609.000,78.000,1,27086625.000,27086640.000,15.000,31.000,27086640.000,31.000,1,1,pnp_visible_ransac,9,1.388,-4.6876,0.169689,3.136142,3.0971
2026-09-03T19:05:53.069,1350,STANDOFF_SETTLE,STANDOFF_SETTLE,3092,3,1788429953026.314,100.396,timestamp_domain.system_time,27086703.000,94.000,1,27086703.000,27086734.000,31.000,31.000,27086734.000,31.000,1,1,pnp_visible_ransac,9,1.302,-4.4121,0.168327,3.135524,3.0729
2026-09-03T19:05:53.149,1351,STANDOFF_SETTLE,STANDOFF_SETTLE,3094,2,1788429953093.086,66.773,timestamp_domain.system_time,27086781.000,78.000,1,27086781.000,27086812.000,31.000,31.000,27086812.000,31.000,1,1,pnp_visible_ransac,9,1.148,-4.6674,0.174453,3.153875,3.1660
2026-09-03T19:05:53.227,1352,STANDOFF_SETTLE,STANDOFF_SETTLE,3096,2,1788429953159.716,66.629,timestamp_domain.system_time,27086859.000,78.000,1,27086859.000,27086890.000,31.000,31.000,27086890.000,31.000,1,1,pnp_visible_ransac,9,1.293,-4.5068,0.170424,3.144016,3.1027
2026-09-03T19:05:53.304,1353,STANDOFF_SETTLE,STANDOFF_SETTLE,3099,3,1788429953259.414,99.699,timestamp_domain.system_time,27086937.000,78.000,1,27086937.000,27086968.000,31.000,31.000,27086968.000,31.000,1,1,pnp_visible_ransac,9,1.351,-5.0783,0.176050,3.147042,3.2019
2026-09-03T19:05:53.381,1354,STANDOFF_SETTLE,STANDOFF_SETTLE,3101,2,1788429953326.628,67.214,timestamp_domain.system_time,27087015.000,78.000,1,27087015.000,27087046.000,31.000,31.000,27087046.000,31.000,1,1,pnp_visible_ransac,9,1.832,-4.0816,0.168869,3.126954,3.0912
2026-09-03T19:05:53.496,1355,STANDOFF_SETTLE,STANDOFF_SETTLE,3102,1,1788429953359.914,33.286,timestamp_domain.system_time,27087125.000,110.000,1,27087125.000,27087156.000,31.000,31.000,27087156.000,31.000,1,1,pnp_visible_ransac,9,1.418,-4.4955,0.173789,3.150210,3.1577
2026-09-03T19:05:53.574,1356,STANDOFF_SETTLE,STANDOFF_SETTLE,3107,5,1788429953526.240,166.326,timestamp_domain.system_time,27087203.000,78.000,1,27087203.000,27087234.000,31.000,31.000,27087234.000,31.000,1,1,pnp_visible_ransac,9,2.040,-4.7962,0.176325,3.156691,3.1971
2026-09-03T19:05:53.653,1357,STANDOFF_SETTLE,STANDOFF_SETTLE,3109,2,1788429953593.281,67.041,timestamp_domain.system_time,27087281.000,78.000,1,27087281.000,27087312.000,31.000,31.000,27087312.000,31.000,1,1,pnp_visible_ransac,9,1.346,-3.9994,0.166416,3.126052,3.0473
2026-09-03T19:05:53.730,1358,STANDOFF_SETTLE,STANDOFF_SETTLE,3112,3,1788429953693.422,100.142,timestamp_domain.system_time,27087359.000,78.000,1,27087359.000,27087390.000,31.000,31.000,27087390.000,31.000,1,1,pnp_visible_ransac,9,1.270,-4.6189,0.172282,3.150055,3.1305
2026-09-03T19:05:53.809,1359,STANDOFF_SETTLE,STANDOFF_SETTLE,3114,2,1788429953760.139,66.717,timestamp_domain.system_time,27087437.000,78.000,1,27087437.000,27087468.000,31.000,31.000,27087468.000,31.000,1,1,pnp_visible_ransac,9,1.305,-3.7964,0.165555,3.120546,3.0369
2026-09-03T19:05:53.885,1360,STANDOFF_SETTLE,STANDOFF_SETTLE,3116,2,1788429953826.766,66.627,timestamp_domain.system_time,27087515.000,78.000,1,27087515.000,27087546.000,31.000,31.000,27087546.000,31.000,1,1,pnp_visible_ransac,9,1.420,-4.7321,0.173346,3.136871,3.1630
2026-09-03T19:05:53.962,1361,STANDOFF_SETTLE,STANDOFF_SETTLE,3118,2,1788429953893.429,66.663,timestamp_domain.system_time,27087593.000,78.000,1,27087593.000,27087625.000,32.000,32.000,27087625.000,32.000,1,1,pnp_visible_ransac,9,1.342,-5.5246,0.180085,3.161417,3.2602
2026-09-03T19:05:54.039,1362,STANDOFF_SETTLE,STANDOFF_SETTLE,3121,3,1788429953993.525,100.096,timestamp_domain.system_time,27087671.000,78.000,1,27087671.000,27087703.000,32.000,32.000,27087703.000,32.000,1,1,pnp_visible_ransac,9,2.039,-4.3837,0.171065,3.127903,3.1304
2026-09-03T19:05:54.115,1363,STANDOFF_SETTLE,STANDOFF_SETTLE,3123,2,1788429954060.211,66.686,timestamp_domain.system_time,27087750.000,79.000,1,27087750.000,27087781.000,31.000,31.000,27087781.000,31.000,1,1,pnp_visible_ransac,9,1.448,-3.3329,0.163219,3.125940,2.9889
2026-09-03T19:05:54.193,1364,STANDOFF_SETTLE,STANDOFF_SETTLE,3125,2,1788429954127.112,66.901,timestamp_domain.system_time,27087812.000,62.000,1,27087828.000,27087859.000,31.000,47.000,27087859.000,47.000,1,1,pnp_visible_ransac,9,1.671,-4.8085,0.176159,3.142372,3.2086
2026-09-03T19:05:54.269,1365,STANDOFF_SETTLE,STANDOFF_SETTLE,3128,3,1788429954226.783,99.671,timestamp_domain.system_time,27087890.000,78.000,1,27087906.000,27087921.000,15.000,31.000,27087921.000,31.000,1,1,pnp_visible_ransac,9,1.027,-5.1888,0.170797,3.152577,3.1011
2026-09-03T19:05:54.347,1366,STANDOFF_SETTLE,STANDOFF_SETTLE,3130,2,1788429954293.800,67.017,timestamp_domain.system_time,27087968.000,78.000,1,27087968.000,27088000.000,32.000,32.000,27088000.000,32.000,1,1,pnp_visible_ransac,9,1.548,-4.0987,0.166200,3.137742,3.0320
2026-09-03T19:05:54.427,1367,STANDOFF_SETTLE,STANDOFF_SETTLE,3131,1,1788429954327.104,33.304,timestamp_domain.system_time,27088046.000,78.000,1,27088062.000,27088093.000,31.000,47.000,27088093.000,47.000,1,1,pnp_visible_ransac,9,1.488,-4.8369,0.172135,3.151949,3.1259
2026-09-03T19:05:54.505,1368,STANDOFF_SETTLE,STANDOFF_SETTLE,3135,4,1788429954460.492,133.388,timestamp_domain.system_time,27088125.000,79.000,1,27088140.000,27088156.000,16.000,31.000,27088171.000,46.000,1,1,pnp_visible_ransac,9,1.318,-4.6230,0.170753,3.127655,3.1249
2026-09-03T19:05:54.584,1369,STANDOFF_SETTLE,STANDOFF_SETTLE,3137,2,1788429954527.292,66.800,timestamp_domain.system_time,27088203.000,78.000,1,27088218.000,27088250.000,32.000,47.000,27088250.000,47.000,1,1,pnp_visible_ransac,9,1.950,-4.1066,0.173334,3.144689,3.1549
2026-09-03T19:05:54.661,1370,STANDOFF_SETTLE,STANDOFF_SETTLE,3139,2,1788429954594.077,66.785,timestamp_domain.system_time,27088281.000,78.000,1,27088296.000,27088312.000,16.000,31.000,27088328.000,47.000,1,1,pnp_visible_ransac,9,1.622,-4.1439,0.169935,3.157896,3.0803
2026-09-03T19:05:54.741,1371,STANDOFF_SETTLE,STANDOFF_SETTLE,3142,3,1788429954694.099,100.022,timestamp_domain.system_time,27088359.000,78.000,1,27088375.000,27088390.000,15.000,31.000,27088406.000,47.000,1,1,pnp_visible_ransac,9,1.714,-3.8198,0.170018,3.158916,3.0808
2026-09-03T19:05:54.819,1372,STANDOFF_SETTLE,STANDOFF_SETTLE,3144,2,1788429954760.802,66.703,timestamp_domain.system_time,27088437.000,78.000,1,27088453.000,27088484.000,31.000,47.000,27088484.000,47.000,1,1,pnp_visible_ransac,9,1.575,-4.7474,0.170646,3.133912,3.1168
2026-09-03T19:05:54.896,1373,STANDOFF_SETTLE,STANDOFF_SETTLE,3146,2,1788429954827.496,66.694,timestamp_domain.system_time,27088515.000,78.000,1,27088531.000,27088546.000,15.000,31.000,27088562.000,47.000,1,1,pnp_visible_ransac,9,1.440,-4.1491,0.170044,3.128014,3.1116
2026-09-03T19:05:54.972,1374,STANDOFF_SETTLE,STANDOFF_SETTLE,3149,3,1788429954927.580,100.083,timestamp_domain.system_time,27088593.000,78.000,1,27088609.000,27088625.000,16.000,32.000,27088625.000,32.000,1,1,pnp_visible_ransac,9,1.208,-4.7416,0.171278,3.145772,3.1165
2026-09-03T19:05:55.049,1375,STANDOFF_SETTLE,STANDOFF_SETTLE,3151,2,1788429954994.149,66.570,timestamp_domain.system_time,27088671.000,78.000,1,27088687.000,27088703.000,16.000,32.000,27088703.000,32.000,1,1,pnp_visible_ransac,9,1.205,-4.5135,0.171843,3.160651,3.1121
2026-09-03T19:05:55.126,1376,STANDOFF_SETTLE,STANDOFF_SETTLE,3153,2,1788429955060.964,66.815,timestamp_domain.system_time,27088750.000,79.000,1,27088750.000,27088781.000,31.000,31.000,27088781.000,31.000,1,1,pnp_visible_ransac,9,1.192,-4.6202,0.173228,3.146073,3.1516
2026-09-03T19:05:55.210,1377,STANDOFF_SETTLE,STANDOFF_SETTLE,3156,3,1788429955161.031,100.067,timestamp_domain.system_time,27088843.000,93.000,1,27088843.000,27088875.000,32.000,32.000,27088875.000,32.000,1,1,pnp_visible_ransac,9,1.350,-4.7702,0.172807,3.139365,3.1507
2026-09-03T19:05:55.287,1378,STANDOFF_SETTLE,STANDOFF_SETTLE,3158,2,1788429955227.885,66.854,timestamp_domain.system_time,27088921.000,78.000,1,27088921.000,27088953.000,32.000,32.000,27088953.000,32.000,1,1,pnp_visible_ransac,9,1.379,-5.8382,0.183426,3.196261,3.2845
2026-09-03T19:05:55.363,1379,STANDOFF_SETTLE,STANDOFF_SETTLE,3160,2,1788429955294.630,66.745,timestamp_domain.system_time,27088984.000,63.000,1,27089000.000,27089015.000,15.000,31.000,27089015.000,31.000,1,1,pnp_visible_ransac,9,1.644,-4.9634,0.175683,3.164483,3.1776
2026-09-03T19:05:55.442,1380,STANDOFF_SETTLE,STANDOFF_SETTLE,3161,1,1788429955328.039,33.410,timestamp_domain.system_time,27089062.000,78.000,1,27089062.000,27089093.000,31.000,31.000,27089093.000,31.000,1,1,pnp_visible_ransac,9,1.825,-3.9946,0.172377,3.151492,3.1308
2026-09-03T19:05:55.519,1381,STANDOFF_SETTLE,STANDOFF_SETTLE,3165,4,1788429955461.208,133.169,timestamp_domain.system_time,27089140.000,78.000,1,27089156.000,27089171.000,15.000,31.000,27089171.000,31.000,1,1,pnp_visible_ransac,9,1.403,-4.2759,0.165558,3.117189,3.0402
2026-09-03T19:05:55.598,1382,STANDOFF_SETTLE,STANDOFF_SETTLE,3167,2,1788429955527.963,66.755,timestamp_domain.system_time,27089218.000,78.000,1,27089234.000,27089250.000,16.000,32.000,27089250.000,32.000,1,1,pnp_visible_ransac,9,1.106,-5.1705,0.172345,3.158594,3.1232
2026-09-03T19:05:55.675,1383,STANDOFF_SETTLE,STANDOFF_SETTLE,3170,3,1788429955627.955,99.992,timestamp_domain.system_time,27089296.000,78.000,1,27089312.000,27089328.000,16.000,32.000,27089328.000,32.000,1,1,pnp_visible_ransac,9,1.644,-4.5430,0.171035,3.142517,3.1153
2026-09-03T19:05:55.753,1384,STANDOFF_SETTLE,STANDOFF_SETTLE,3172,2,1788429955694.438,66.483,timestamp_domain.system_time,27089375.000,79.000,1,27089390.000,27089406.000,16.000,31.000,27089406.000,31.000,1,1,pnp_visible_ransac,9,2.006,-4.4273,0.173694,3.140753,3.1654
2026-09-03T19:05:55.832,1385,STANDOFF_SETTLE,STANDOFF_SETTLE,3175,3,1788429955794.540,100.102,timestamp_domain.system_time,27089453.000,78.000,1,27089468.000,27089484.000,16.000,31.000,27089484.000,31.000,1,1,pnp_visible_ransac,9,1.515,-3.8400,0.167413,3.117614,3.0738
2026-09-03T19:05:55.911,1386,STANDOFF_SETTLE,STANDOFF_SETTLE,3177,2,1788429955861.367,66.827,timestamp_domain.system_time,27089531.000,78.000,1,27089546.000,27089562.000,16.000,31.000,27089578.000,47.000,1,1,pnp_visible_ransac,9,1.330,-4.5140,0.168978,3.150330,3.0703
2026-09-03T19:05:55.989,1387,STANDOFF_SETTLE,STANDOFF_SETTLE,3179,2,1788429955927.894,66.527,timestamp_domain.system_time,27089609.000,78.000,1,27089625.000,27089640.000,15.000,31.000,27089656.000,47.000,1,1,pnp_visible_ransac,9,1.184,-4.7606,0.172341,3.151884,3.1297
2026-09-03T19:05:56.067,1388,STANDOFF_SETTLE,STANDOFF_SETTLE,3182,3,1788429956028.355,100.461,timestamp_domain.system_time,27089687.000,78.000,1,27089703.000,27089718.000,15.000,31.000,27089734.000,47.000,1,1,pnp_visible_ransac,9,1.285,-4.5937,0.168691,3.137771,3.0773
2026-09-03T19:05:56.146,1389,STANDOFF_SETTLE,STANDOFF_SETTLE,3184,2,1788429956094.963,66.608,timestamp_domain.system_time,27089765.000,78.000,1,27089781.000,27089796.000,15.000,31.000,27089812.000,47.000,1,1,pnp_visible_ransac,9,1.455,-4.4555,0.170005,3.125329,3.1136
2026-09-03T19:05:56.226,1390,STANDOFF_SETTLE,STANDOFF_SETTLE,3186,2,1788429956161.609,66.646,timestamp_domain.system_time,27089843.000,78.000,1,27089859.000,27089890.000,31.000,47.000,27089890.000,47.000,1,1,pnp_visible_ransac,9,1.593,-3.9047,0.167597,3.115134,3.0796
2026-09-03T19:05:56.303,1391,STANDOFF_SETTLE,STANDOFF_SETTLE,3189,3,1788429956261.518,99.909,timestamp_domain.system_time,27089937.000,94.000,1,27089937.000,27089968.000,31.000,31.000,27089968.000,31.000,1,1,pnp_visible_ransac,9,1.523,-4.8237,0.172258,3.140283,3.1398
2026-09-03T19:05:56.381,1392,STANDOFF_SETTLE,STANDOFF_SETTLE,3191,2,1788429956328.482,66.964,timestamp_domain.system_time,27090000.000,63.000,1,27090015.000,27090046.000,31.000,46.000,27090046.000,46.000,1,1,pnp_visible_ransac,9,1.872,-4.8088,0.171383,3.133967,3.1301
2026-09-03T19:05:56.510,1393,STANDOFF_SETTLE,STANDOFF_SETTLE,3194,3,1788429956428.732,100.250,timestamp_domain.system_time,27090125.000,125.000,1,27090140.000,27090171.000,31.000,46.000,27090171.000,46.000,1,1,pnp_visible_ransac,9,1.085,-4.8873,0.167852,3.144084,3.0559
2026-09-03T19:05:56.589,1394,STANDOFF_SETTLE,STANDOFF_SETTLE,3197,3,1788429956528.799,100.067,timestamp_domain.system_time,27090218.000,93.000,1,27090218.000,27090250.000,32.000,32.000,27090250.000,32.000,1,1,pnp_visible_ransac,9,1.642,-4.7490,0.172641,3.165694,3.1215
2026-09-03T19:05:56.665,1395,STANDOFF_SETTLE,STANDOFF_SETTLE,3200,3,1788429956628.857,100.057,timestamp_domain.system_time,27090296.000,78.000,1,27090296.000,27090328.000,32.000,32.000,27090328.000,32.000,1,1,pnp_visible_ransac,9,1.282,-4.5207,0.170663,3.142352,3.1087
2026-09-03T19:05:56.744,1396,STANDOFF_SETTLE,STANDOFF_SETTLE,3202,2,1788429956695.403,66.547,timestamp_domain.system_time,27090375.000,79.000,1,27090375.000,27090406.000,31.000,31.000,27090406.000,31.000,1,1,pnp_visible_ransac,9,1.538,-4.2675,0.166394,3.131274,3.0418
2026-09-03T19:05:56.819,1397,STANDOFF_SETTLE,STANDOFF_SETTLE,3204,2,1788429956762.233,66.829,timestamp_domain.system_time,27090453.000,78.000,1,27090453.000,27090484.000,31.000,31.000,27090484.000,31.000,1,1,pnp_visible_ransac,9,1.076,-4.8898,0.172704,3.165495,3.1229
2026-09-03T19:05:56.896,1398,STANDOFF_SETTLE,STANDOFF_SETTLE,3206,2,1788429956828.890,66.657,timestamp_domain.system_time,27090515.000,62.000,1,27090531.000,27090562.000,31.000,47.000,27090562.000,47.000,1,1,pnp_visible_ransac,9,1.538,-5.1098,0.182855,3.174227,3.2969
2026-09-03T19:05:56.978,1399,STANDOFF_SETTLE,STANDOFF_SETTLE,3209,3,1788429956928.870,99.980,timestamp_domain.system_time,27090609.000,94.000,1,27090609.000,27090640.000,31.000,31.000,27090640.000,31.000,1,1,pnp_visible_ransac,9,1.488,-4.0912,0.165741,3.120056,3.0408
2026-09-03T19:05:57.058,1400,STANDOFF_SETTLE,STANDOFF_SETTLE,3211,2,1788429956995.626,66.756,timestamp_domain.system_time,27090687.000,78.000,1,27090687.000,27090718.000,31.000,31.000,27090718.000,31.000,1,1,pnp_visible_ransac,9,1.605,-4.1764,0.169924,3.135796,3.1017
2026-09-03T19:05:57.138,1401,STANDOFF_SETTLE,STANDOFF_SETTLE,3214,3,1788429957095.752,100.125,timestamp_domain.system_time,27090765.000,78.000,1,27090765.000,27090796.000,31.000,31.000,27090796.000,31.000,1,1,pnp_visible_ransac,9,1.328,-4.6651,0.169599,3.135225,3.0964
2026-09-03T19:05:57.224,1402,STANDOFF_SETTLE,STANDOFF_SETTLE,3216,2,1788429957162.464,66.712,timestamp_domain.system_time,27090843.000,78.000,1,27090859.000,27090890.000,31.000,47.000,27090890.000,47.000,1,1,pnp_visible_ransac,9,2.328,-4.7721,0.177153,3.144809,3.2242
2026-09-03T19:05:57.302,1403,STANDOFF_SETTLE,STANDOFF_SETTLE,3219,3,1788429957262.242,99.778,timestamp_domain.system_time,27090921.000,78.000,1,27090921.000,27090953.000,32.000,32.000,27090968.000,47.000,1,1,pnp_visible_ransac,9,1.339,-4.3893,0.175056,3.150671,3.1802
2026-09-03T19:05:57.380,1404,STANDOFF_SETTLE,STANDOFF_SETTLE,3221,2,1788429957329.771,67.530,timestamp_domain.system_time,27091000.000,79.000,1,27091000.000,27091031.000,31.000,31.000,27091046.000,46.000,1,1,pnp_visible_ransac,9,1.765,-4.5648,0.172422,3.136134,3.1469
2026-09-03T19:05:57.510,1405,STANDOFF_SETTLE,STANDOFF_SETTLE,3224,3,1788429957429.394,99.623,timestamp_domain.system_time,27091125.000,125.000,1,27091140.000,27091171.000,31.000,46.000,27091171.000,46.000,1,1,pnp_visible_ransac,9,1.645,-4.8330,0.174343,3.142866,3.1751
2026-09-03T19:05:57.586,1406,STANDOFF_SETTLE,STANDOFF_SETTLE,3227,3,1788429957529.295,99.901,timestamp_domain.system_time,27091218.000,93.000,1,27091218.000,27091250.000,32.000,32.000,27091250.000,32.000,1,1,pnp_visible_ransac,9,1.218,-4.4389,0.167049,3.153269,3.0325
2026-09-03T19:05:57.664,1407,STANDOFF_SETTLE,STANDOFF_SETTLE,3229,2,1788429957596.029,66.734,timestamp_domain.system_time,27091296.000,78.000,1,27091296.000,27091328.000,32.000,32.000,27091328.000,32.000,1,1,pnp_visible_ransac,9,1.234,-4.9337,0.174682,3.158167,3.1659
2026-09-03T19:05:57.741,1408,STANDOFF_SETTLE,STANDOFF_SETTLE,3232,3,1788429957696.032,100.003,timestamp_domain.system_time,27091375.000,79.000,1,27091375.000,27091406.000,31.000,31.000,27091406.000,31.000,1,1,pnp_visible_ransac,9,1.547,-4.6038,0.170898,3.127741,3.1275
2026-09-03T19:05:57.819,1409,STANDOFF_SETTLE,STANDOFF_SETTLE,3234,2,1788429957762.895,66.864,timestamp_domain.system_time,27091437.000,62.000,1,27091453.000,27091484.000,31.000,47.000,27091484.000,47.000,1,1,pnp_visible_ransac,9,1.094,-5.0015,0.170143,3.150451,3.0913
2026-09-03T19:05:57.897,1410,STANDOFF_SETTLE,STANDOFF_SETTLE,3236,2,1788429957829.395,66.500,timestamp_domain.system_time,27091531.000,94.000,1,27091531.000,27091562.000,31.000,31.000,27091562.000,31.000,1,1,pnp_visible_ransac,9,1.508,-3.8786,0.163276,3.111450,3.0039
2026-09-03T19:05:57.975,1411,STANDOFF_SETTLE,STANDOFF_SETTLE,3239,3,1788429957929.282,99.888,timestamp_domain.system_time,27091609.000,78.000,1,27091609.000,27091640.000,31.000,31.000,27091640.000,31.000,1,1,pnp_visible_ransac,9,1.908,-4.3589,0.173152,3.147690,3.1486
2026-09-03T19:05:58.051,1412,STANDOFF_SETTLE,STANDOFF_SETTLE,3241,2,1788429957996.255,66.972,timestamp_domain.system_time,27091671.000,62.000,1,27091687.000,27091703.000,16.000,32.000,27091703.000,32.000,1,1,pnp_visible_ransac,9,1.460,-4.3323,0.171716,3.144664,3.1256
2026-09-03T19:05:58.127,1413,STANDOFF_SETTLE,STANDOFF_SETTLE,3243,2,1788429958062.949,66.694,timestamp_domain.system_time,27091750.000,79.000,1,27091750.000,27091781.000,31.000,31.000,27091781.000,31.000,1,1,pnp_visible_ransac,9,1.607,-4.5023,0.173347,3.145899,3.1540
2026-09-03T19:05:58.205,1414,STANDOFF_SETTLE,STANDOFF_SETTLE,3246,3,1788429958163.240,100.291,timestamp_domain.system_time,27091828.000,78.000,1,27091828.000,27091859.000,31.000,31.000,27091859.000,31.000,1,1,pnp_visible_ransac,9,1.260,-4.5835,0.168827,3.125683,3.0917
2026-09-03T19:05:58.282,1415,STANDOFF_SETTLE,STANDOFF_SETTLE,3248,2,1788429958229.735,66.495,timestamp_domain.system_time,27091906.000,78.000,1,27091906.000,27091937.000,31.000,31.000,27091937.000,31.000,1,1,pnp_visible_ransac,9,1.513,-4.1284,0.166189,3.127223,3.0420
2026-09-03T19:05:58.360,1416,STANDOFF_SETTLE,STANDOFF_SETTLE,3250,2,1788429958296.767,67.032,timestamp_domain.system_time,27091984.000,78.000,1,27091984.000,27092015.000,31.000,31.000,27092015.000,31.000,1,1,pnp_visible_ransac,9,1.317,-4.9206,0.174514,3.172844,3.1482
2026-09-03T19:05:58.439,1417,STANDOFF_SETTLE,STANDOFF_SETTLE,3251,1,1788429958330.172,33.406,timestamp_domain.system_time,27092062.000,78.000,1,27092062.000,27092093.000,31.000,31.000,27092093.000,31.000,1,1,pnp_visible_ransac,9,1.890,-4.4688,0.178248,3.188812,3.1994
2026-09-03T19:05:58.518,1418,STANDOFF_SETTLE,STANDOFF_SETTLE,3255,4,1788429958463.301,133.129,timestamp_domain.system_time,27092140.000,78.000,1,27092140.000,27092171.000,31.000,31.000,27092171.000,31.000,1,1,pnp_visible_ransac,9,1.745,-4.0141,0.170388,3.131178,3.1148
2026-09-03T19:05:58.596,1419,STANDOFF_SETTLE,STANDOFF_SETTLE,3257,2,1788429958530.008,66.707,timestamp_domain.system_time,27092218.000,78.000,1,27092218.000,27092250.000,32.000,32.000,27092250.000,32.000,1,1,pnp_visible_ransac,9,1.488,-4.8909,0.175864,3.153754,3.1917
2026-09-03T19:05:58.674,1420,STANDOFF_SETTLE,STANDOFF_SETTLE,3260,3,1788429958630.002,99.994,timestamp_domain.system_time,27092296.000,78.000,1,27092296.000,27092328.000,32.000,32.000,27092328.000,32.000,1,1,pnp_visible_ransac,9,1.719,-4.3800,0.169797,3.129970,3.1052
2026-09-03T19:05:58.753,1421,STANDOFF_SETTLE,STANDOFF_SETTLE,3262,2,1788429958696.770,66.768,timestamp_domain.system_time,27092375.000,79.000,1,27092375.000,27092406.000,31.000,31.000,27092406.000,31.000,1,1,pnp_visible_ransac,9,1.320,-4.1527,0.167510,3.109583,3.0835
2026-09-03T19:05:58.829,1422,STANDOFF_SETTLE,STANDOFF_SETTLE,3264,2,1788429958763.476,66.707,timestamp_domain.system_time,27092453.000,78.000,1,27092453.000,27092484.000,31.000,31.000,27092484.000,31.000,1,1,pnp_visible_ransac,9,1.025,-4.9058,0.167203,3.158572,3.0302
2026-09-03T19:05:58.908,1423,STANDOFF_SETTLE,STANDOFF_SETTLE,3267,3,1788429958863.618,100.141,timestamp_domain.system_time,27092531.000,78.000,1,27092531.000,27092562.000,31.000,31.000,27092562.000,31.000,1,1,pnp_visible_ransac,9,1.227,-3.8032,0.164551,3.127154,3.0121
2026-09-03T19:05:58.987,1424,STANDOFF_SETTLE,STANDOFF_SETTLE,3269,2,1788429958930.556,66.938,timestamp_domain.system_time,27092609.000,78.000,1,27092625.000,27092640.000,15.000,31.000,27092640.000,31.000,1,1,pnp_visible_ransac,9,1.598,-4.4628,0.170918,3.125840,3.1298
2026-09-03T19:05:59.066,1425,STANDOFF_SETTLE,STANDOFF_SETTLE,3271,2,1788429958997.048,66.492,timestamp_domain.system_time,27092687.000,78.000,1,27092703.000,27092718.000,15.000,31.000,27092718.000,31.000,1,1,pnp_visible_ransac,9,1.421,-5.2039,0.176092,3.168786,3.1807
2026-09-03T19:05:59.145,1426,STANDOFF_SETTLE,STANDOFF_SETTLE,3274,3,1788429959097.115,100.066,timestamp_domain.system_time,27092765.000,78.000,1,27092781.000,27092796.000,15.000,31.000,27092796.000,31.000,1,1,pnp_visible_ransac,9,1.480,-4.3162,0.168126,3.152760,3.0525
2026-09-03T19:05:59.226,1427,STANDOFF_SETTLE,STANDOFF_SETTLE,3276,2,1788429959163.833,66.718,timestamp_domain.system_time,27092859.000,94.000,1,27092859.000,27092890.000,31.000,31.000,27092890.000,31.000,1,1,pnp_visible_ransac,9,1.203,-4.2622,0.167227,3.144135,3.0445
2026-09-03T19:05:59.302,1428,STANDOFF_SETTLE,STANDOFF_SETTLE,3279,3,1788429959263.627,99.795,timestamp_domain.system_time,27092921.000,62.000,1,27092937.000,27092953.000,16.000,32.000,27092968.000,47.000,1,1,pnp_visible_ransac,9,2.368,-4.8121,0.179856,3.158057,3.2595
2026-09-03T19:05:59.390,1429,STANDOFF_SETTLE,STANDOFF_SETTLE,3281,2,1788429959331.483,67.856,timestamp_domain.system_time,27093015.000,94.000,1,27093015.000,27093046.000,31.000,31.000,27093046.000,31.000,1,1,pnp_visible_ransac,9,1.409,-4.6236,0.178786,3.164788,3.2333
2026-09-03T19:05:59.467,1430,STANDOFF_SETTLE,STANDOFF_SETTLE,3282,1,1788429959363.903,32.420,timestamp_domain.system_time,27093093.000,78.000,1,27093093.000,27093125.000,32.000,32.000,27093125.000,32.000,1,1,pnp_visible_ransac,9,1.149,-4.5898,0.170200,3.136774,3.1058
2026-09-03T19:05:59.544,1431,STANDOFF_SETTLE,STANDOFF_SETTLE,3286,4,1788429959497.298,133.395,timestamp_domain.system_time,27093171.000,78.000,1,27093171.000,27093203.000,32.000,32.000,27093203.000,32.000,1,1,pnp_visible_ransac,9,1.458,-4.7256,0.177827,3.185189,3.1955
2026-09-03T19:05:59.621,1432,STANDOFF_SETTLE,STANDOFF_SETTLE,3288,2,1788429959564.097,66.799,timestamp_domain.system_time,27093250.000,79.000,1,27093250.000,27093281.000,31.000,31.000,27093281.000,31.000,1,1,pnp_visible_ransac,9,1.369,-3.8281,0.164602,3.120096,3.0199
2026-09-03T19:05:59.696,1433,STANDOFF_SETTLE,STANDOFF_SETTLE,3290,2,1788429959630.662,66.564,timestamp_domain.system_time,27093328.000,78.000,1,27093328.000,27093359.000,31.000,31.000,27093359.000,31.000,1,1,pnp_visible_ransac,9,1.554,-4.5812,0.172327,3.143092,3.1382
2026-09-03T19:05:59.773,1434,STANDOFF_SETTLE,STANDOFF_SETTLE,3293,3,1788429959730.884,100.222,timestamp_domain.system_time,27093406.000,78.000,1,27093406.000,27093437.000,31.000,31.000,27093437.000,31.000,1,1,pnp_visible_ransac,9,1.031,-4.8046,0.169751,3.153971,3.0808
2026-09-03T19:05:59.850,1435,STANDOFF_SETTLE,STANDOFF_SETTLE,3295,2,1788429959797.538,66.654,timestamp_domain.system_time,27093468.000,62.000,1,27093484.000,27093515.000,31.000,47.000,27093515.000,47.000,1,1,pnp_visible_ransac,9,1.541,-4.0101,0.170777,3.142600,3.1105
2026-09-03T19:05:59.928,1436,STANDOFF_SETTLE,STANDOFF_SETTLE,3297,2,1788429959864.246,66.708,timestamp_domain.system_time,27093562.000,94.000,1,27093562.000,27093593.000,31.000,31.000,27093593.000,31.000,1,1,pnp_visible_ransac,9,1.273,-4.1203,0.164253,3.121377,3.0122
2026-09-03T19:06:00.006,1437,STANDOFF_SETTLE,STANDOFF_SETTLE,3300,3,1788429959964.438,100.191,timestamp_domain.system_time,27093625.000,63.000,1,27093640.000,27093671.000,31.000,46.000,27093671.000,46.000,1,1,pnp_visible_ransac,9,1.939,-4.8613,0.174314,3.146374,3.1710
2026-09-03T19:06:00.085,1438,STANDOFF_SETTLE,STANDOFF_SETTLE,3302,2,1788429960030.883,66.446,timestamp_domain.system_time,27093718.000,93.000,1,27093718.000,27093750.000,32.000,32.000,27093750.000,32.000,1,1,pnp_visible_ransac,9,1.363,-5.0522,0.173587,3.154670,3.1495
2026-09-03T19:06:00.167,1439,STANDOFF_SETTLE,STANDOFF_SETTLE,3304,2,1788429960097.720,66.837,timestamp_domain.system_time,27093796.000,78.000,1,27093796.000,27093828.000,32.000,32.000,27093828.000,32.000,1,1,pnp_visible_ransac,9,1.741,-4.3658,0.171939,3.138028,3.1362
2026-09-03T19:06:00.243,1440,STANDOFF_SETTLE,STANDOFF_SETTLE,3307,3,1788429960197.654,99.934,timestamp_domain.system_time,27093875.000,79.000,1,27093875.000,27093906.000,31.000,31.000,27093906.000,31.000,1,1,pnp_visible_ransac,9,1.108,-4.0498,0.164032,3.135727,2.9944
2026-09-03T19:06:00.322,1441,STANDOFF_SETTLE,STANDOFF_SETTLE,3309,2,1788429960264.758,67.104,timestamp_domain.system_time,27093953.000,78.000,1,27093953.000,27093984.000,31.000,31.000,27093984.000,31.000,1,1,pnp_visible_ransac,9,1.833,-4.0300,0.168875,3.117796,3.1004
2026-09-03T19:06:00.399,1442,STANDOFF_SETTLE,STANDOFF_SETTLE,3311,2,1788429960331.758,66.999,timestamp_domain.system_time,27094031.000,78.000,1,27094031.000,27094062.000,31.000,31.000,27094062.000,31.000,1,1,pnp_visible_ransac,9,1.458,-4.2277,0.168725,3.121383,3.0941
2026-09-03T19:06:00.477,1443,STANDOFF_SETTLE,STANDOFF_SETTLE,3312,1,1788429960364.671,32.914,timestamp_domain.system_time,27094109.000,78.000,1,27094109.000,27094140.000,31.000,31.000,27094140.000,31.000,1,1,pnp_visible_ransac,9,1.804,-4.3023,0.171954,3.150011,3.1246
2026-09-03T19:06:00.553,1444,STANDOFF_SETTLE,STANDOFF_SETTLE,3316,4,1788429960498.020,133.349,timestamp_domain.system_time,27094187.000,78.000,1,27094187.000,27094218.000,31.000,31.000,27094218.000,31.000,1,1,pnp_visible_ransac,9,1.244,-4.5703,0.165766,3.124098,3.0373
2026-09-03T19:06:00.628,1445,STANDOFF_SETTLE,STANDOFF_SETTLE,3318,2,1788429960564.823,66.803,timestamp_domain.system_time,27094250.000,63.000,1,27094265.000,27094281.000,16.000,31.000,27094281.000,31.000,1,1,pnp_visible_ransac,9,1.360,-4.5189,0.174333,3.183800,3.1342
2026-09-03T19:06:00.706,1446,STANDOFF_SETTLE,STANDOFF_SETTLE,3321,3,1788429960664.783,99.959,timestamp_domain.system_time,27094328.000,78.000,1,27094343.000,27094359.000,16.000,31.000,27094359.000,31.000,1,1,pnp_visible_ransac,9,1.028,-4.8298,0.171822,3.147176,3.1250
2026-09-03T19:06:00.783,1447,STANDOFF_SETTLE,STANDOFF_SETTLE,3323,2,1788429960731.439,66.656,timestamp_domain.system_time,27094406.000,78.000,1,27094406.000,27094437.000,31.000,31.000,27094437.000,31.000,1,1,pnp_visible_ransac,9,2.141,-4.9384,0.179770,3.157535,3.2585
2026-09-03T19:06:00.860,1448,STANDOFF_SETTLE,STANDOFF_SETTLE,3325,2,1788429960798.238,66.799,timestamp_domain.system_time,27094484.000,78.000,1,27094484.000,27094515.000,31.000,31.000,27094515.000,31.000,1,1,pnp_visible_ransac,9,1.404,-4.8155,0.171903,3.148509,3.1251
2026-09-03T19:06:00.937,1449,STANDOFF_SETTLE,STANDOFF_SETTLE,3328,3,1788429960898.406,100.167,timestamp_domain.system_time,27094562.000,78.000,1,27094562.000,27094593.000,31.000,31.000,27094593.000,31.000,1,1,pnp_visible_ransac,9,1.084,-4.7533,0.169465,3.147451,3.0819
2026-09-03T19:06:01.013,1450,STANDOFF_SETTLE,STANDOFF_SETTLE,3330,2,1788429960964.984,66.578,timestamp_domain.system_time,27094640.000,78.000,1,27094640.000,27094671.000,31.000,31.000,27094671.000,31.000,1,1,pnp_visible_ransac,9,0.950,-5.6116,0.178350,3.192787,3.1972
2026-09-03T19:06:01.090,1451,STANDOFF_SETTLE,STANDOFF_SETTLE,3332,2,1788429961031.826,66.842,timestamp_domain.system_time,27094718.000,78.000,1,27094718.000,27094750.000,32.000,32.000,27094750.000,32.000,1,1,pnp_visible_ransac,9,1.389,-4.4738,0.172330,3.163580,3.1180
2026-09-03T19:06:01.167,1452,STANDOFF_SETTLE,STANDOFF_SETTLE,3334,2,1788429961098.427,66.601,timestamp_domain.system_time,27094796.000,78.000,1,27094796.000,27094828.000,32.000,32.000,27094828.000,32.000,1,1,pnp_visible_ransac,9,1.935,-3.5702,0.167247,3.125353,3.0632
2026-09-03T19:06:01.246,1453,STANDOFF_SETTLE,STANDOFF_SETTLE,3337,3,1788429961198.481,100.054,timestamp_domain.system_time,27094875.000,79.000,1,27094875.000,27094906.000,31.000,31.000,27094906.000,31.000,1,1,pnp_visible_ransac,9,1.200,-4.4561,0.171188,3.152846,3.1079
2026-09-03T19:06:01.322,1454,STANDOFF_SETTLE,STANDOFF_SETTLE,3339,2,1788429961265.205,66.724,timestamp_domain.system_time,27094953.000,78.000,1,27094953.000,27094984.000,31.000,31.000,27094984.000,31.000,1,1,pnp_visible_ransac,9,1.319,-3.9872,0.165663,3.126399,3.0332
2026-09-03T19:06:01.408,1455,STANDOFF_SETTLE,STANDOFF_SETTLE,3342,3,1788429961365.427,100.221,timestamp_domain.system_time,27095031.000,78.000,1,27095046.000,27095062.000,16.000,31.000,27095062.000,31.000,1,1,pnp_visible_ransac,9,1.356,-4.1629,0.169995,3.138520,3.1003
2026-09-03T19:06:01.549,1456,STANDOFF_SETTLE,STANDOFF_SETTLE,3345,3,1788429961465.385,99.958,timestamp_domain.system_time,27095171.000,140.000,1,27095171.000,27095203.000,32.000,32.000,27095203.000,32.000,1,1,pnp_visible_ransac,9,1.345,-4.0869,0.167669,3.133106,3.0633
2026-09-03T19:06:01.630,1457,STANDOFF_SETTLE,STANDOFF_SETTLE,3348,3,1788429961565.545,100.161,timestamp_domain.system_time,27095265.000,94.000,1,27095265.000,27095281.000,16.000,16.000,27095296.000,31.000,1,1,pnp_visible_ransac,9,1.614,-4.6347,0.172315,3.140460,3.1406
2026-09-03T19:06:01.706,1458,STANDOFF_SETTLE,STANDOFF_SETTLE,3351,3,1788429961665.589,100.044,timestamp_domain.system_time,27095328.000,63.000,1,27095343.000,27095359.000,16.000,31.000,27095359.000,31.000,1,1,pnp_visible_ransac,9,1.444,-4.7615,0.171557,3.132299,3.1350
2026-09-03T19:06:01.788,1459,STANDOFF_SETTLE,STANDOFF_SETTLE,3353,2,1788429961732.311,66.721,timestamp_domain.system_time,27095421.000,93.000,1,27095421.000,27095453.000,32.000,32.000,27095453.000,32.000,1,1,pnp_visible_ransac,9,1.151,-4.7985,0.169021,3.139314,3.0818
2026-09-03T19:06:01.863,1460,STANDOFF_SETTLE,STANDOFF_SETTLE,3355,2,1788429961799.041,66.731,timestamp_domain.system_time,27095484.000,63.000,1,27095500.000,27095515.000,15.000,31.000,27095515.000,31.000,1,1,pnp_visible_ransac,9,1.608,-4.5533,0.173749,3.143730,3.1634
2026-09-03T19:06:01.944,1461,STANDOFF_SETTLE,STANDOFF_SETTLE,3358,3,1788429961899.126,100.085,timestamp_domain.system_time,27095578.000,94.000,1,27095578.000,27095609.000,31.000,31.000,27095609.000,31.000,1,1,pnp_visible_ransac,9,1.571,-4.3181,0.168095,3.130907,3.0732
2026-09-03T19:06:02.020,1462,STANDOFF_SETTLE,STANDOFF_SETTLE,3360,2,1788429961965.931,66.805,timestamp_domain.system_time,27095640.000,62.000,1,27095656.000,27095671.000,15.000,31.000,27095671.000,31.000,1,1,pnp_visible_ransac,9,1.803,-3.4047,0.161956,3.104927,2.9859
2026-09-03T19:06:02.098,1463,STANDOFF_SETTLE,STANDOFF_SETTLE,3362,2,1788429962032.344,66.413,timestamp_domain.system_time,27095718.000,78.000,1,27095718.000,27095750.000,32.000,32.000,27095750.000,32.000,1,1,pnp_visible_ransac,9,1.559,-4.3212,0.169575,3.134338,3.0968
2026-09-03T19:06:02.174,1464,STANDOFF_SETTLE,STANDOFF_SETTLE,3365,3,1788429962132.505,100.161,timestamp_domain.system_time,27095796.000,78.000,1,27095796.000,27095828.000,32.000,32.000,27095828.000,32.000,1,1,pnp_visible_ransac,9,1.177,-4.4281,0.173556,3.143089,3.1606
2026-09-03T19:06:02.250,1465,STANDOFF_SETTLE,STANDOFF_SETTLE,3367,2,1788429962198.995,66.490,timestamp_domain.system_time,27095875.000,79.000,1,27095875.000,27095906.000,31.000,31.000,27095906.000,31.000,1,1,pnp_visible_ransac,9,1.259,-5.2250,0.172849,3.144572,3.1462
2026-09-03T19:06:02.326,1466,STANDOFF_SETTLE,STANDOFF_SETTLE,3369,2,1788429962265.664,66.669,timestamp_domain.system_time,27095953.000,78.000,1,27095953.000,27095984.000,31.000,31.000,27095984.000,31.000,1,1,pnp_visible_ransac,9,1.362,-4.5909,0.172866,3.157417,3.1338
2026-09-03T19:06:02.402,1467,STANDOFF_SETTLE,STANDOFF_SETTLE,3372,3,1788429962366.346,100.682,timestamp_domain.system_time,27096031.000,78.000,1,27096031.000,27096062.000,31.000,31.000,27096062.000,31.000,1,1,pnp_visible_ransac,9,1.421,-4.1326,0.169249,3.124156,3.1009
2026-09-03T19:06:02.561,1468,STANDOFF_SETTLE,STANDOFF_SETTLE,3375,3,1788429962465.956,99.610,timestamp_domain.system_time,27096171.000,140.000,1,27096171.000,27096218.000,47.000,47.000,27096218.000,47.000,1,1,pnp_visible_ransac,9,1.220,-4.7511,0.170828,3.165666,3.0888
2026-09-03T19:06:02.648,1469,STANDOFF_SETTLE,STANDOFF_SETTLE,3379,4,1788429962599.637,133.681,timestamp_domain.system_time,27096281.000,110.000,1,27096281.000,27096312.000,31.000,31.000,27096312.000,31.000,1,1,pnp_visible_ransac,9,1.453,-4.6542,0.167582,3.132761,3.0620
2026-09-03T19:06:02.726,1470,STANDOFF_SETTLE,STANDOFF_SETTLE,3381,2,1788429962666.238,66.601,timestamp_domain.system_time,27096359.000,78.000,1,27096359.000,27096390.000,31.000,31.000,27096390.000,31.000,1,1,pnp_visible_ransac,9,1.570,-4.3228,0.173356,3.142320,3.1577
2026-09-03T19:06:02.803,1471,STANDOFF_SETTLE,STANDOFF_SETTLE,3384,3,1788429962766.517,100.279,timestamp_domain.system_time,27096437.000,78.000,1,27096437.000,27096468.000,31.000,31.000,27096468.000,31.000,1,1,pnp_visible_ransac,9,1.614,-4.5336,0.172580,3.135227,3.1507
2026-09-03T19:06:02.880,1472,STANDOFF_SETTLE,STANDOFF_SETTLE,3386,2,1788429962833.069,66.552,timestamp_domain.system_time,27096500.000,63.000,1,27096515.000,27096531.000,16.000,31.000,27096546.000,46.000,1,1,pnp_visible_ransac,9,1.453,-4.7975,0.174537,3.145970,3.1755
2026-09-03T19:06:02.960,1473,STANDOFF_SETTLE,STANDOFF_SETTLE,3388,2,1788429962899.833,66.763,timestamp_domain.system_time,27096578.000,78.000,1,27096593.000,27096625.000,32.000,47.000,27096625.000,47.000,1,1,pnp_visible_ransac,9,1.211,-4.2264,0.165757,3.112490,3.0484
2026-09-03T19:06:03.036,1474,STANDOFF_SETTLE,STANDOFF_SETTLE,3391,3,1788429962999.686,99.853,timestamp_domain.system_time,27096656.000,78.000,1,27096671.000,27096687.000,16.000,31.000,27096703.000,47.000,1,1,pnp_visible_ransac,9,1.086,-4.9402,0.174156,3.160029,3.1545
2026-09-03T19:06:03.113,1475,STANDOFF_SETTLE,STANDOFF_SETTLE,3393,2,1788429963066.550,66.865,timestamp_domain.system_time,27096734.000,78.000,1,27096750.000,27096765.000,15.000,31.000,27096765.000,31.000,1,1,pnp_visible_ransac,9,1.125,-5.1979,0.175312,3.148531,3.1870
2026-09-03T19:06:03.190,1476,STANDOFF_SETTLE,STANDOFF_SETTLE,3395,2,1788429963133.390,66.840,timestamp_domain.system_time,27096812.000,78.000,1,27096812.000,27096843.000,31.000,31.000,27096843.000,31.000,1,1,pnp_visible_ransac,9,1.634,-4.1151,0.170277,3.136271,3.1077
2026-09-03T19:06:03.267,1477,STANDOFF_SETTLE,STANDOFF_SETTLE,3397,2,1788429963199.741,66.351,timestamp_domain.system_time,27096890.000,78.000,1,27096890.000,27096921.000,31.000,31.000,27096921.000,31.000,1,1,pnp_visible_ransac,9,1.250,-4.7468,0.171201,3.128675,3.1321
2026-09-03T19:06:03.343,1478,STANDOFF_SETTLE,STANDOFF_SETTLE,3400,3,1788429963300.029,100.288,timestamp_domain.system_time,27096968.000,78.000,1,27096968.000,27097000.000,32.000,32.000,27097000.000,32.000,1,1,pnp_visible_ransac,9,1.044,-4.4412,0.165045,3.124099,3.0241
2026-09-03T19:06:03.420,1479,STANDOFF_SETTLE,STANDOFF_SETTLE,3402,2,1788429963366.894,66.865,timestamp_domain.system_time,27097046.000,78.000,1,27097046.000,27097078.000,32.000,32.000,27097078.000,32.000,1,1,pnp_visible_ransac,9,1.662,-4.5799,0.170940,3.144293,3.1118
2026-09-03T19:06:03.545,1480,STANDOFF_SETTLE,STANDOFF_SETTLE,3403,1,1788429963400.267,33.373,timestamp_domain.system_time,27097171.000,125.000,1,27097171.000,27097203.000,32.000,32.000,27097203.000,32.000,1,1,pnp_visible_ransac,9,1.324,-4.3497,0.168040,3.114317,3.0885
2026-09-03T19:06:03.622,1481,STANDOFF_SETTLE,STANDOFF_SETTLE,3408,5,1788429963566.856,166.589,timestamp_domain.system_time,27097250.000,79.000,1,27097250.000,27097281.000,31.000,31.000,27097281.000,31.000,1,1,pnp_visible_ransac,9,1.349,-4.8094,0.172462,3.133610,3.1502
2026-09-03T19:06:03.698,1482,STANDOFF_SETTLE,STANDOFF_SETTLE,3410,2,1788429963633.521,66.665,timestamp_domain.system_time,27097328.000,78.000,1,27097328.000,27097359.000,31.000,31.000,27097359.000,31.000,1,1,pnp_visible_ransac,9,1.341,-4.1118,0.167080,3.128890,3.0566
2026-09-03T19:06:03.776,1483,STANDOFF_SETTLE,STANDOFF_SETTLE,3413,3,1788429963733.664,100.143,timestamp_domain.system_time,27097406.000,78.000,1,27097406.000,27097437.000,31.000,31.000,27097437.000,31.000,1,1,pnp_visible_ransac,9,1.411,-4.5243,0.173958,3.161081,3.1499
2026-09-03T19:06:03.852,1484,STANDOFF_SETTLE,STANDOFF_SETTLE,3415,2,1788429963800.413,66.749,timestamp_domain.system_time,27097484.000,78.000,1,27097484.000,27097515.000,31.000,31.000,27097515.000,31.000,1,1,pnp_visible_ransac,9,1.337,-5.0186,0.179125,3.166825,3.2374
2026-09-03T19:06:03.929,1485,STANDOFF_SETTLE,STANDOFF_SETTLE,3417,2,1788429963867.150,66.737,timestamp_domain.system_time,27097562.000,78.000,1,27097562.000,27097593.000,31.000,31.000,27097593.000,31.000,1,1,pnp_visible_ransac,9,1.414,-4.6848,0.172741,3.141350,3.1475
2026-09-03T19:06:04.009,1486,STANDOFF_SETTLE,STANDOFF_SETTLE,3420,3,1788429963967.048,99.897,timestamp_domain.system_time,27097640.000,78.000,1,27097640.000,27097671.000,31.000,31.000,27097671.000,31.000,1,1,pnp_visible_ransac,9,1.774,-4.5760,0.169537,3.124805,3.1056
2026-09-03T19:06:04.084,1487,STANDOFF_SETTLE,STANDOFF_SETTLE,3422,2,1788429964033.783,66.736,timestamp_domain.system_time,27097718.000,78.000,1,27097718.000,27097750.000,32.000,32.000,27097750.000,32.000,1,1,pnp_visible_ransac,9,1.546,-4.4486,0.169043,3.141620,3.0800
2026-09-03T19:06:04.160,1488,STANDOFF_SETTLE,STANDOFF_SETTLE,3424,2,1788429964100.432,66.649,timestamp_domain.system_time,27097781.000,63.000,1,27097796.000,27097812.000,16.000,31.000,27097812.000,31.000,1,1,pnp_visible_ransac,9,1.357,-4.3350,0.166209,3.143105,3.0270
2026-09-03T19:06:04.239,1489,STANDOFF_SETTLE,STANDOFF_SETTLE,3427,3,1788429964200.606,100.174,timestamp_domain.system_time,27097859.000,78.000,1,27097875.000,27097890.000,15.000,31.000,27097906.000,47.000,1,1,pnp_visible_ransac,9,1.261,-4.8670,0.169845,3.128423,3.1076
2026-09-03T19:06:04.315,1490,STANDOFF_SETTLE,STANDOFF_SETTLE,3429,2,1788429964267.302,66.696,timestamp_domain.system_time,27097937.000,78.000,1,27097953.000,27097968.000,15.000,31.000,27097968.000,31.000,1,1,pnp_visible_ransac,9,1.551,-4.4229,0.172763,3.141208,3.1480
2026-09-03T19:06:04.391,1491,STANDOFF_SETTLE,STANDOFF_SETTLE,3431,2,1788429964334.268,66.966,timestamp_domain.system_time,27098015.000,78.000,1,27098015.000,27098046.000,31.000,31.000,27098046.000,31.000,1,1,pnp_visible_ransac,9,1.161,-4.1816,0.164871,3.131902,3.0134
2026-09-03T19:06:04.472,1492,STANDOFF_SETTLE,STANDOFF_SETTLE,3433,2,1788429964400.726,66.458,timestamp_domain.system_time,27098093.000,78.000,1,27098093.000,27098125.000,32.000,32.000,27098125.000,32.000,1,1,pnp_visible_ransac,9,1.319,-5.0574,0.176055,3.148055,3.2009
2026-09-03T19:06:04.569,1493,STANDOFF_SETTLE,STANDOFF_SETTLE,3436,3,1788429964500.642,99.916,timestamp_domain.system_time,27098203.000,110.000,1,27098203.000,27098234.000,31.000,31.000,27098234.000,31.000,1,1,pnp_visible_ransac,9,1.345,-4.3402,0.169682,3.139094,3.0941
2026-09-03T19:06:04.674,1494,STANDOFF_SETTLE,STANDOFF_SETTLE,3440,4,1788429964634.683,134.041,timestamp_domain.system_time,27098296.000,93.000,1,27098312.000,27098328.000,16.000,32.000,27098328.000,32.000,1,1,pnp_visible_ransac,9,1.732,-4.7061,0.174502,3.154755,3.1660
2026-09-03T19:06:04.749,1495,STANDOFF_SETTLE,STANDOFF_SETTLE,3442,2,1788429964700.711,66.028,timestamp_domain.system_time,27098375.000,79.000,1,27098375.000,27098406.000,31.000,31.000,27098406.000,31.000,1,1,pnp_visible_ransac,9,1.517,-4.6831,0.172947,3.145243,3.1473
2026-09-03T19:06:04.826,1496,STANDOFF_SETTLE,STANDOFF_SETTLE,3444,2,1788429964767.606,66.896,timestamp_domain.system_time,27098453.000,78.000,1,27098453.000,27098484.000,31.000,31.000,27098484.000,31.000,1,1,pnp_visible_ransac,9,1.363,-4.5082,0.168762,3.136739,3.0796
2026-09-03T19:06:04.902,1497,STANDOFF_SETTLE,STANDOFF_SETTLE,3446,2,1788429964834.473,66.867,timestamp_domain.system_time,27098531.000,78.000,1,27098531.000,27098562.000,31.000,31.000,27098562.000,31.000,1,1,pnp_visible_ransac,9,1.541,-4.7694,0.173832,3.147475,3.1612
2026-09-03T19:06:04.979,1498,STANDOFF_SETTLE,STANDOFF_SETTLE,3449,3,1788429964934.558,100.085,timestamp_domain.system_time,27098609.000,78.000,1,27098609.000,27098640.000,31.000,31.000,27098640.000,31.000,1,1,pnp_visible_ransac,9,1.405,-4.7958,0.172327,3.131029,3.1503
2026-09-03T19:06:05.056,1499,STANDOFF_SETTLE,STANDOFF_SETTLE,3451,2,1788429965001.281,66.723,timestamp_domain.system_time,27098687.000,78.000,1,27098687.000,27098718.000,31.000,31.000,27098718.000,31.000,1,1,pnp_visible_ransac,9,1.600,-4.4947,0.174091,3.132179,3.1813
2026-09-03T19:06:05.133,1500,STANDOFF_SETTLE,STANDOFF_SETTLE,3453,2,1788429965067.917,66.636,timestamp_domain.system_time,27098765.000,78.000,1,27098765.000,27098796.000,31.000,31.000,27098796.000,31.000,1,1,pnp_visible_ransac,9,1.276,-5.0316,0.178038,3.165483,3.2191
2026-09-03T19:06:05.213,1501,STANDOFF_SETTLE,STANDOFF_SETTLE,3456,3,1788429965167.910,99.993,timestamp_domain.system_time,27098843.000,78.000,1,27098843.000,27098875.000,32.000,32.000,27098875.000,32.000,1,1,pnp_visible_ransac,9,1.336,-3.9971,0.162889,3.122612,2.9861
2026-09-03T19:06:05.291,1502,STANDOFF_SETTLE,STANDOFF_SETTLE,3458,2,1788429965234.708,66.799,timestamp_domain.system_time,27098921.000,78.000,1,27098921.000,27098953.000,32.000,32.000,27098953.000,32.000,1,1,pnp_visible_ransac,9,1.671,-4.9315,0.178645,3.160151,3.2355
2026-09-03T19:06:05.369,1503,STANDOFF_SETTLE,STANDOFF_SETTLE,3460,2,1788429965301.429,66.720,timestamp_domain.system_time,27099000.000,79.000,1,27099000.000,27099031.000,31.000,31.000,27099031.000,31.000,1,1,pnp_visible_ransac,9,1.657,-4.2939,0.172824,3.144062,3.1463
2026-09-03T19:06:05.446,1504,STANDOFF_SETTLE,STANDOFF_SETTLE,3463,3,1788429965401.550,100.121,timestamp_domain.system_time,27099078.000,78.000,1,27099078.000,27099109.000,31.000,31.000,27099109.000,31.000,1,1,pnp_visible_ransac,9,1.385,-4.0793,0.165189,3.112418,3.0381
2026-09-03T19:06:05.581,1505,STANDOFF_SETTLE,STANDOFF_SETTLE,3466,3,1788429965501.501,99.951,timestamp_domain.system_time,27099203.000,125.000,1,27099203.000,27099234.000,31.000,31.000,27099234.000,31.000,1,1,pnp_visible_ransac,9,1.962,-4.0638,0.167091,3.114675,3.0708
2026-09-03T19:06:05.661,1506,STANDOFF_SETTLE,STANDOFF_SETTLE,3469,3,1788429965601.615,100.115,timestamp_domain.system_time,27099281.000,78.000,1,27099296.000,27099312.000,16.000,31.000,27099328.000,47.000,1,1,pnp_visible_ransac,9,1.323,-4.9555,0.174325,3.158843,3.1587
2026-09-03T19:06:05.738,1507,STANDOFF_SETTLE,STANDOFF_SETTLE,3471,2,1788429965668.212,66.597,timestamp_domain.system_time,27099359.000,78.000,1,27099375.000,27099390.000,15.000,31.000,27099390.000,31.000,1,1,pnp_visible_ransac,9,1.634,-4.0845,0.168628,3.121978,3.0917
2026-09-03T19:06:05.815,1508,STANDOFF_SETTLE,STANDOFF_SETTLE,3474,3,1788429965768.498,100.286,timestamp_domain.system_time,27099437.000,78.000,1,27099437.000,27099468.000,31.000,31.000,27099468.000,31.000,1,1,pnp_visible_ransac,9,1.337,-5.2153,0.177640,3.169527,3.2079
2026-09-03T19:06:05.892,1509,STANDOFF_SETTLE,STANDOFF_SETTLE,3476,2,1788429965835.259,66.762,timestamp_domain.system_time,27099515.000,78.000,1,27099515.000,27099546.000,31.000,31.000,27099546.000,31.000,1,1,pnp_visible_ransac,9,1.498,-3.9726,0.168239,3.119602,3.0869
2026-09-03T19:06:05.969,1510,STANDOFF_SETTLE,STANDOFF_SETTLE,3478,2,1788429965901.839,66.580,timestamp_domain.system_time,27099593.000,78.000,1,27099593.000,27099625.000,32.000,32.000,27099625.000,32.000,1,1,pnp_visible_ransac,9,1.276,-4.8120,0.174456,3.155752,3.1642
2026-09-03T19:06:06.047,1511,STANDOFF_SETTLE,STANDOFF_SETTLE,3481,3,1788429966001.984,100.145,timestamp_domain.system_time,27099671.000,78.000,1,27099671.000,27099703.000,32.000,32.000,27099703.000,32.000,1,1,pnp_visible_ransac,9,1.736,-5.3065,0.181164,3.155899,3.2854
2026-09-03T19:06:06.123,1512,STANDOFF_SETTLE,STANDOFF_SETTLE,3483,2,1788429966068.625,66.642,timestamp_domain.system_time,27099750.000,79.000,1,27099750.000,27099781.000,31.000,31.000,27099781.000,31.000,1,1,pnp_visible_ransac,9,1.667,-3.8250,0.168649,3.134276,3.0800
2026-09-03T19:06:06.205,1513,STANDOFF_SETTLE,STANDOFF_SETTLE,3485,2,1788429966135.376,66.750,timestamp_domain.system_time,27099828.000,78.000,1,27099828.000,27099859.000,31.000,31.000,27099859.000,31.000,1,1,pnp_visible_ransac,9,1.677,-4.5420,0.174016,3.160515,3.1515
2026-09-03T19:06:06.280,1514,STANDOFF_SETTLE,STANDOFF_SETTLE,3488,3,1788429966235.224,99.848,timestamp_domain.system_time,27099906.000,78.000,1,27099906.000,27099937.000,31.000,31.000,27099937.000,31.000,1,1,pnp_visible_ransac,9,1.382,-4.4370,0.168783,3.137638,3.0791
2026-09-03T19:06:06.359,1515,STANDOFF_SETTLE,STANDOFF_SETTLE,3490,2,1788429966302.025,66.801,timestamp_domain.system_time,27099984.000,78.000,1,27099984.000,27100015.000,31.000,31.000,27100015.000,31.000,1,1,pnp_visible_ransac,9,1.621,-4.2379,0.169333,3.117727,3.1088
2026-09-03T19:06:06.436,1516,STANDOFF_SETTLE,STANDOFF_SETTLE,3492,2,1788429966368.945,66.920,timestamp_domain.system_time,27100062.000,78.000,1,27100062.000,27100093.000,31.000,31.000,27100093.000,31.000,1,1,pnp_visible_ransac,9,1.322,-5.0290,0.172394,3.155422,3.1272
2026-09-03T19:06:06.515,1517,STANDOFF_SETTLE,STANDOFF_SETTLE,3493,1,1788429966402.427,33.482,timestamp_domain.system_time,27100140.000,78.000,1,27100140.000,27100171.000,31.000,31.000,27100171.000,31.000,1,1,pnp_visible_ransac,9,1.905,-3.9293,0.170014,3.135967,3.1032
2026-09-03T19:06:06.594,1518,STANDOFF_SETTLE,STANDOFF_SETTLE,3497,4,1788429966535.461,133.035,timestamp_domain.system_time,27100218.000,78.000,1,27100218.000,27100250.000,32.000,32.000,27100250.000,32.000,1,1,pnp_visible_ransac,9,1.653,-4.4025,0.169411,3.127298,3.1008
2026-09-03T19:06:06.671,1519,STANDOFF_SETTLE,STANDOFF_SETTLE,3500,3,1788429966635.534,100.073,timestamp_domain.system_time,27100296.000,78.000,1,27100296.000,27100328.000,32.000,32.000,27100328.000,32.000,1,1,pnp_visible_ransac,9,1.650,-3.9080,0.164194,3.122400,3.0102
2026-09-03T19:06:06.750,1520,STANDOFF_SETTLE,STANDOFF_SETTLE,3502,2,1788429966702.373,66.839,timestamp_domain.system_time,27100375.000,79.000,1,27100375.000,27100406.000,31.000,31.000,27100406.000,31.000,1,1,pnp_visible_ransac,9,1.566,-4.6580,0.168393,3.122098,3.0873
2026-09-03T19:06:06.828,1521,STANDOFF_SETTLE,STANDOFF_SETTLE,3504,2,1788429966769.160,66.787,timestamp_domain.system_time,27100453.000,78.000,1,27100453.000,27100484.000,31.000,31.000,27100484.000,31.000,1,1,pnp_visible_ransac,9,1.414,-4.4436,0.174997,3.146916,3.1829
2026-09-03T19:06:06.906,1522,STANDOFF_SETTLE,STANDOFF_SETTLE,3507,3,1788429966869.156,99.996,timestamp_domain.system_time,27100531.000,78.000,1,27100531.000,27100562.000,31.000,31.000,27100562.000,31.000,1,1,pnp_visible_ransac,9,1.670,-4.1289,0.171561,3.138396,3.1290
2026-09-03T19:06:06.983,1523,STANDOFF_SETTLE,STANDOFF_SETTLE,3509,2,1788429966935.985,66.829,timestamp_domain.system_time,27100609.000,78.000,1,27100609.000,27100640.000,31.000,31.000,27100640.000,31.000,1,1,pnp_visible_ransac,9,1.263,-4.6469,0.169324,3.136738,3.0899
2026-09-03T19:06:07.061,1524,STANDOFF_SETTLE,STANDOFF_SETTLE,3511,2,1788429967002.587,66.602,timestamp_domain.system_time,27100687.000,78.000,1,27100687.000,27100718.000,31.000,31.000,27100718.000,31.000,1,1,pnp_visible_ransac,9,1.507,-4.8050,0.171836,3.126504,3.1459
2026-09-03T19:06:07.140,1525,STANDOFF_SETTLE,STANDOFF_SETTLE,3514,3,1788429967102.656,100.069,timestamp_domain.system_time,27100765.000,78.000,1,27100765.000,27100796.000,31.000,31.000,27100796.000,31.000,1,1,pnp_visible_ransac,9,0.974,-5.2007,0.172466,3.153952,3.1300
2026-09-03T19:06:07.218,1526,STANDOFF_SETTLE,STANDOFF_SETTLE,3516,2,1788429967169.351,66.695,timestamp_domain.system_time,27100843.000,78.000,1,27100843.000,27100875.000,32.000,32.000,27100875.000,32.000,1,1,pnp_visible_ransac,9,1.694,-4.8239,0.177356,3.159399,3.2130
2026-09-03T19:06:07.294,1527,STANDOFF_SETTLE,STANDOFF_SETTLE,3518,2,1788429967236.177,66.827,timestamp_domain.system_time,27100921.000,78.000,1,27100921.000,27100953.000,32.000,32.000,27100953.000,32.000,1,1,pnp_visible_ransac,9,2.258,-4.4453,0.175024,3.134228,3.1962
2026-09-03T19:06:07.370,1528,STANDOFF_SETTLE,STANDOFF_SETTLE,3520,2,1788429967302.749,66.572,timestamp_domain.system_time,27101000.000,79.000,1,27101000.000,27101031.000,31.000,31.000,27101031.000,31.000,1,1,pnp_visible_ransac,9,1.362,-4.5912,0.173908,3.154047,3.1560
2026-09-03T19:06:07.447,1529,STANDOFF_SETTLE,STANDOFF_SETTLE,3523,3,1788429967403.013,100.263,timestamp_domain.system_time,27101078.000,78.000,1,27101078.000,27101109.000,31.000,31.000,27101109.000,31.000,1,1,pnp_visible_ransac,9,1.229,-4.4514,0.174320,3.160107,3.1574
2026-09-03T19:06:07.585,1530,STANDOFF_SETTLE,STANDOFF_SETTLE,3524,1,1788429967436.393,33.381,timestamp_domain.system_time,27101203.000,125.000,1,27101218.000,27101250.000,32.000,47.000,27101250.000,47.000,1,1,pnp_visible_ransac,9,1.590,-4.3674,0.168731,3.126768,3.0889
2026-09-03T19:06:07.665,1531,STANDOFF_SETTLE,STANDOFF_SETTLE,3529,5,1788429967602.980,166.586,timestamp_domain.system_time,27101296.000,93.000,1,27101296.000,27101328.000,32.000,32.000,27101328.000,32.000,1,1,pnp_visible_ransac,9,1.037,-4.2828,0.165279,3.130458,3.0223
2026-09-03T19:06:07.743,1532,STANDOFF_SETTLE,STANDOFF_SETTLE,3532,3,1788429967703.577,100.597,timestamp_domain.system_time,27101375.000,79.000,1,27101375.000,27101406.000,31.000,31.000,27101406.000,31.000,1,1,pnp_visible_ransac,9,1.993,-4.0433,0.169182,3.122879,3.1010
2026-09-03T19:06:07.821,1533,STANDOFF_SETTLE,STANDOFF_SETTLE,3534,2,1788429967769.924,66.347,timestamp_domain.system_time,27101453.000,78.000,1,27101453.000,27101484.000,31.000,31.000,27101484.000,31.000,1,1,pnp_visible_ransac,9,1.871,-4.2051,0.171293,3.123293,3.1392
2026-09-03T19:06:07.899,1534,STANDOFF_SETTLE,STANDOFF_SETTLE,3536,2,1788429967836.514,66.591,timestamp_domain.system_time,27101531.000,78.000,1,27101531.000,27101562.000,31.000,31.000,27101562.000,31.000,1,1,pnp_visible_ransac,9,1.359,-3.9557,0.163958,3.128703,2.9998
2026-09-03T19:06:07.976,1535,STANDOFF_SETTLE,STANDOFF_SETTLE,3539,3,1788429967936.698,100.183,timestamp_domain.system_time,27101609.000,78.000,1,27101609.000,27101640.000,31.000,31.000,27101640.000,31.000,1,1,pnp_visible_ransac,9,1.685,-4.4656,0.174753,3.134981,3.1905
2026-09-03T19:06:08.054,1536,STANDOFF_SETTLE,STANDOFF_SETTLE,3541,2,1788429968003.541,66.843,timestamp_domain.system_time,27101671.000,62.000,1,27101687.000,27101718.000,31.000,47.000,27101718.000,47.000,1,1,pnp_visible_ransac,9,1.594,-3.6575,0.161852,3.134056,2.9563
2026-09-03T19:06:08.132,1537,STANDOFF_SETTLE,STANDOFF_SETTLE,3543,2,1788429968070.055,66.514,timestamp_domain.system_time,27101765.000,94.000,1,27101765.000,27101796.000,31.000,31.000,27101796.000,31.000,1,1,pnp_visible_ransac,9,1.257,-4.9573,0.171174,3.151624,3.1089
2026-09-03T19:06:08.210,1538,STANDOFF_SETTLE,STANDOFF_SETTLE,3546,3,1788429968170.132,100.077,timestamp_domain.system_time,27101843.000,78.000,1,27101843.000,27101875.000,32.000,32.000,27101875.000,32.000,1,1,pnp_visible_ransac,9,1.444,-4.3327,0.169553,3.130757,3.0999
2026-09-03T19:06:08.285,1539,STANDOFF_SETTLE,STANDOFF_SETTLE,3548,2,1788429968236.548,66.416,timestamp_domain.system_time,27101906.000,63.000,1,27101921.000,27101937.000,16.000,31.000,27101937.000,31.000,1,1,pnp_visible_ransac,9,1.496,-4.5902,0.172920,3.145627,3.1465
2026-09-03T19:06:08.366,1540,STANDOFF_SETTLE,STANDOFF_SETTLE,3550,2,1788429968303.573,67.025,timestamp_domain.system_time,27102000.000,94.000,1,27102000.000,27102031.000,31.000,31.000,27102031.000,31.000,1,1,pnp_visible_ransac,9,1.447,-4.7646,0.171310,3.138456,3.1243
2026-09-03T19:06:08.444,1541,STANDOFF_SETTLE,STANDOFF_SETTLE,3553,3,1788429968403.856,100.284,timestamp_domain.system_time,27102078.000,78.000,1,27102078.000,27102109.000,31.000,31.000,27102109.000,31.000,1,1,pnp_visible_ransac,9,1.597,-4.4268,0.172917,3.135322,3.1567
2026-09-03T19:06:08.583,1542,STANDOFF_SETTLE,STANDOFF_SETTLE,3556,3,1788429968503.485,99.629,timestamp_domain.system_time,27102203.000,125.000,1,27102218.000,27102234.000,16.000,31.000,27102250.000,47.000,1,1,pnp_visible_ransac,9,1.446,-4.3870,0.169139,3.137392,3.0859
2026-09-03T19:06:08.660,1543,STANDOFF_SETTLE,STANDOFF_SETTLE,3559,3,1788429968603.886,100.401,timestamp_domain.system_time,27102281.000,78.000,1,27102296.000,27102312.000,16.000,31.000,27102312.000,31.000,1,1,pnp_visible_ransac,9,1.385,-5.3229,0.177137,3.157832,3.2106
2026-09-03T19:06:08.737,1544,STANDOFF_SETTLE,STANDOFF_SETTLE,3561,2,1788429968670.539,66.653,timestamp_domain.system_time,27102359.000,78.000,1,27102375.000,27102390.000,15.000,31.000,27102390.000,31.000,1,1,pnp_visible_ransac,9,1.476,-4.9288,0.171150,3.139826,3.1201
2026-09-03T19:06:08.818,1545,STANDOFF_SETTLE,STANDOFF_SETTLE,3564,3,1788429968770.264,99.725,timestamp_domain.system_time,27102437.000,78.000,1,27102453.000,27102468.000,15.000,31.000,27102484.000,47.000,1,1,pnp_visible_ransac,9,1.058,-4.4701,0.172625,3.152036,3.1347
2026-09-03T19:06:08.896,1546,STANDOFF_SETTLE,STANDOFF_SETTLE,3566,2,1788429968837.040,66.776,timestamp_domain.system_time,27102515.000,78.000,1,27102531.000,27102562.000,31.000,47.000,27102562.000,47.000,1,1,pnp_visible_ransac,9,1.497,-3.4624,0.164602,3.121637,3.0184
2026-09-03T19:06:08.974,1547,STANDOFF_SETTLE,STANDOFF_SETTLE,3568,2,1788429968903.691,66.651,timestamp_domain.system_time,27102593.000,78.000,1,27102609.000,27102640.000,31.000,47.000,27102640.000,47.000,1,1,pnp_visible_ransac,9,1.052,-4.1211,0.169118,3.156656,3.0667
2026-09-03T19:06:09.050,1548,STANDOFF_SETTLE,STANDOFF_SETTLE,3571,3,1788429969004.175,100.484,timestamp_domain.system_time,27102671.000,78.000,1,27102687.000,27102703.000,16.000,32.000,27102703.000,32.000,1,1,pnp_visible_ransac,9,1.544,-4.2944,0.167558,3.126755,3.0675
2026-09-03T19:06:09.129,1549,STANDOFF_SETTLE,STANDOFF_SETTLE,3573,2,1788429969070.703,66.528,timestamp_domain.system_time,27102750.000,79.000,1,27102765.000,27102781.000,16.000,31.000,27102781.000,31.000,1,1,pnp_visible_ransac,9,1.072,-3.6551,0.161990,3.120015,2.9721
2026-09-03T19:06:09.207,1550,STANDOFF_SETTLE,STANDOFF_SETTLE,3576,3,1788429969170.670,99.967,timestamp_domain.system_time,27102828.000,78.000,1,27102843.000,27102859.000,16.000,31.000,27102859.000,31.000,1,1,pnp_visible_ransac,9,1.582,-4.2504,0.174823,3.157048,3.1695
2026-09-03T19:06:09.284,1551,STANDOFF_SETTLE,STANDOFF_SETTLE,3578,2,1788429969237.511,66.842,timestamp_domain.system_time,27102906.000,78.000,1,27102906.000,27102937.000,31.000,31.000,27102937.000,31.000,1,1,pnp_visible_ransac,9,1.499,-3.9383,0.164195,3.130746,3.0022
2026-09-03T19:06:09.360,1552,STANDOFF_SETTLE,STANDOFF_SETTLE,3580,2,1788429969304.326,66.814,timestamp_domain.system_time,27102984.000,78.000,1,27102984.000,27103015.000,31.000,31.000,27103015.000,31.000,1,1,pnp_visible_ransac,9,1.085,-5.3301,0.173099,3.151956,3.1434
2026-09-03T19:06:09.437,1553,STANDOFF_SETTLE,STANDOFF_SETTLE,3582,2,1788429969370.865,66.539,timestamp_domain.system_time,27103062.000,78.000,1,27103062.000,27103093.000,31.000,31.000,27103093.000,31.000,1,1,pnp_visible_ransac,9,1.451,-4.2523,0.169418,3.134313,3.0940
2026-09-03T19:06:09.514,1554,STANDOFF_SETTLE,STANDOFF_SETTLE,3583,1,1788429969405.382,34.517,timestamp_domain.system_time,27103140.000,78.000,1,27103140.000,27103171.000,31.000,31.000,27103171.000,31.000,1,1,pnp_visible_ransac,9,1.514,-4.5937,0.170914,3.125993,3.1295
2026-09-03T19:06:09.608,1555,STANDOFF_SETTLE,STANDOFF_SETTLE,3587,4,1788429969538.253,132.871,timestamp_domain.system_time,27103234.000,94.000,1,27103234.000,27103265.000,31.000,31.000,27103265.000,31.000,1,1,pnp_visible_ransac,9,1.216,-4.8176,0.172261,3.164993,3.1154
2026-09-03T19:06:09.686,1556,STANDOFF_SETTLE,STANDOFF_SETTLE,3590,3,1788429969637.927,99.673,timestamp_domain.system_time,27103312.000,78.000,1,27103312.000,27103343.000,31.000,31.000,27103343.000,31.000,1,1,pnp_visible_ransac,9,1.330,-4.2465,0.166353,3.126396,3.0458
2026-09-03T19:06:09.763,1557,STANDOFF_SETTLE,STANDOFF_SETTLE,3592,2,1788429969704.683,66.757,timestamp_domain.system_time,27103390.000,78.000,1,27103390.000,27103421.000,31.000,31.000,27103421.000,31.000,1,1,pnp_visible_ransac,9,1.621,-4.5885,0.172444,3.142124,3.1413
2026-09-03T19:06:09.840,1558,STANDOFF_SETTLE,STANDOFF_SETTLE,3594,2,1788429969771.118,66.435,timestamp_domain.system_time,27103468.000,78.000,1,27103468.000,27103500.000,32.000,32.000,27103500.000,32.000,1,1,pnp_visible_ransac,9,1.557,-3.9706,0.168685,3.125493,3.0893
2026-09-03T19:06:09.918,1559,STANDOFF_SETTLE,STANDOFF_SETTLE,3597,3,1788429969871.371,100.253,timestamp_domain.system_time,27103546.000,78.000,1,27103546.000,27103578.000,32.000,32.000,27103578.000,32.000,1,1,pnp_visible_ransac,9,1.279,-4.5810,0.170043,3.151081,3.0889
2026-09-03T19:06:09.995,1560,STANDOFF_SETTLE,STANDOFF_SETTLE,3599,2,1788429969937.976,66.605,timestamp_domain.system_time,27103625.000,79.000,1,27103625.000,27103656.000,31.000,31.000,27103656.000,31.000,1,1,pnp_visible_ransac,9,1.338,-4.6187,0.175070,3.158316,3.1727
2026-09-03T19:06:10.075,1561,STANDOFF_SETTLE,STANDOFF_SETTLE,3602,3,1788429970038.253,100.276,timestamp_domain.system_time,27103703.000,78.000,1,27103703.000,27103734.000,31.000,31.000,27103734.000,31.000,1,1,pnp_visible_ransac,9,1.146,-3.5675,0.163392,3.137862,2.9808
2026-09-03T19:06:10.154,1562,STANDOFF_SETTLE,STANDOFF_SETTLE,3604,2,1788429970104.927,66.674,timestamp_domain.system_time,27103781.000,78.000,1,27103781.000,27103812.000,31.000,31.000,27103812.000,31.000,1,1,pnp_visible_ransac,9,1.921,-4.6031,0.174615,3.134568,3.1884
2026-09-03T19:06:10.233,1563,STANDOFF_SETTLE,STANDOFF_SETTLE,3606,2,1788429970171.460,66.534,timestamp_domain.system_time,27103859.000,78.000,1,27103859.000,27103890.000,31.000,31.000,27103890.000,31.000,1,1,pnp_visible_ransac,9,1.482,-4.3136,0.169170,3.120827,3.1028
2026-09-03T19:06:10.311,1564,STANDOFF_SETTLE,STANDOFF_SETTLE,3609,3,1788429970271.711,100.250,timestamp_domain.system_time,27103937.000,78.000,1,27103937.000,27103968.000,31.000,31.000,27103968.000,31.000,1,1,pnp_visible_ransac,9,1.594,-4.0050,0.169080,3.132071,3.0900
2026-09-03T19:06:10.386,1565,STANDOFF_SETTLE,STANDOFF_SETTLE,3611,2,1788429970338.256,66.545,timestamp_domain.system_time,27104015.000,78.000,1,27104015.000,27104046.000,31.000,31.000,27104046.000,31.000,1,1,pnp_visible_ransac,9,1.647,-4.0933,0.169612,3.132783,3.0990
2026-09-03T19:06:10.463,1566,STANDOFF_SETTLE,STANDOFF_SETTLE,3613,2,1788429970406.090,67.835,timestamp_domain.system_time,27104093.000,78.000,1,27104093.000,27104125.000,32.000,32.000,27104125.000,32.000,1,1,pnp_visible_ransac,9,1.544,-4.8873,0.175340,3.151739,3.1842
2026-09-03T19:06:10.538,1567,STANDOFF_SETTLE,STANDOFF_SETTLE,3614,1,1788429970438.687,32.597,timestamp_domain.system_time,27104171.000,78.000,1,27104171.000,27104203.000,32.000,32.000,27104203.000,32.000,1,1,pnp_visible_ransac,9,1.346,-4.4047,0.170719,3.130786,3.1212
2026-09-03T19:06:10.616,1568,STANDOFF_SETTLE,STANDOFF_SETTLE,3618,4,1788429970571.863,133.176,timestamp_domain.system_time,27104250.000,79.000,1,27104250.000,27104281.000,31.000,31.000,27104281.000,31.000,1,1,pnp_visible_ransac,9,1.772,-4.0511,0.170061,3.146620,3.0936
2026-09-03T19:06:10.691,1569,STANDOFF_SETTLE,STANDOFF_SETTLE,3620,2,1788429970638.518,66.655,timestamp_domain.system_time,27104312.000,62.000,1,27104328.000,27104343.000,15.000,31.000,27104343.000,31.000,1,1,pnp_visible_ransac,9,1.301,-4.1985,0.169868,3.155500,3.0814
2026-09-03T19:06:10.768,1570,STANDOFF_SETTLE,STANDOFF_SETTLE,3622,2,1788429970705.159,66.641,timestamp_domain.system_time,27104390.000,78.000,1,27104406.000,27104421.000,15.000,31.000,27104421.000,31.000,1,1,pnp_visible_ransac,9,1.391,-4.8236,0.177718,3.155649,3.2233
2026-09-03T19:06:10.858,1571,STANDOFF_SETTLE,STANDOFF_SETTLE,3625,3,1788429970805.273,100.114,timestamp_domain.system_time,27104468.000,78.000,1,27104468.000,27104515.000,47.000,47.000,27104515.000,47.000,1,1,pnp_visible_ransac,9,2.065,-4.9750,0.180422,3.174546,3.2528
2026-09-03T19:06:10.934,1572,STANDOFF_SETTLE,STANDOFF_SETTLE,3627,2,1788429970871.975,66.702,timestamp_domain.system_time,27104562.000,94.000,1,27104562.000,27104593.000,31.000,31.000,27104593.000,31.000,1,1,pnp_visible_ransac,9,1.237,-4.4490,0.165508,3.132860,3.0241
2026-09-03T19:06:11.016,1573,STANDOFF_SETTLE,STANDOFF_SETTLE,3630,3,1788429970971.781,99.806,timestamp_domain.system_time,27104640.000,78.000,1,27104640.000,27104671.000,31.000,31.000,27104671.000,31.000,1,1,pnp_visible_ransac,9,1.413,-4.7308,0.170184,3.152893,3.0897
2026-09-03T19:06:11.097,1574,STANDOFF_SETTLE,STANDOFF_SETTLE,3632,2,1788429971038.533,66.751,timestamp_domain.system_time,27104718.000,78.000,1,27104718.000,27104750.000,32.000,32.000,27104750.000,32.000,1,1,pnp_visible_ransac,9,1.307,-4.4326,0.172674,3.145151,3.1425
2026-09-03T19:06:11.174,1575,STANDOFF_SETTLE,STANDOFF_SETTLE,3634,2,1788429971105.435,66.903,timestamp_domain.system_time,27104796.000,78.000,1,27104796.000,27104828.000,32.000,32.000,27104828.000,32.000,1,1,pnp_visible_ransac,9,1.459,-4.4826,0.167883,3.125751,3.0744
2026-09-03T19:06:11.249,1576,STANDOFF_SETTLE,STANDOFF_SETTLE,3637,3,1788429971205.297,99.862,timestamp_domain.system_time,27104875.000,79.000,1,27104875.000,27104906.000,31.000,31.000,27104906.000,31.000,1,1,pnp_visible_ransac,9,1.386,-4.8302,0.175745,3.154458,3.1888
2026-09-03T19:06:11.328,1577,STANDOFF_SETTLE,STANDOFF_SETTLE,3639,2,1788429971272.204,66.907,timestamp_domain.system_time,27104953.000,78.000,1,27104953.000,27104984.000,31.000,31.000,27104984.000,31.000,1,1,pnp_visible_ransac,9,1.685,-4.3089,0.171616,3.136975,3.1314
2026-09-03T19:06:11.404,1578,STANDOFF_SETTLE,STANDOFF_SETTLE,3641,2,1788429971338.911,66.707,timestamp_domain.system_time,27105031.000,78.000,1,27105031.000,27105062.000,31.000,31.000,27105062.000,31.000,1,1,pnp_visible_ransac,9,1.089,-4.7379,0.169144,3.144970,3.0785
2026-09-03T19:06:11.482,1579,STANDOFF_SETTLE,STANDOFF_SETTLE,3644,3,1788429971439.188,100.277,timestamp_domain.system_time,27105109.000,78.000,1,27105109.000,27105140.000,31.000,31.000,27105140.000,31.000,1,1,pnp_visible_ransac,9,1.550,-3.8735,0.166907,3.126494,3.0558
2026-09-03T19:06:11.621,1580,STANDOFF_SETTLE,STANDOFF_SETTLE,3647,3,1788429971539.184,99.996,timestamp_domain.system_time,27105250.000,141.000,1,27105250.000,27105281.000,31.000,31.000,27105281.000,31.000,1,1,pnp_visible_ransac,9,1.527,-3.8777,0.167186,3.117335,3.0699
2026-09-03T19:06:11.698,1581,STANDOFF_SETTLE,STANDOFF_SETTLE,3650,3,1788429971639.345,100.161,timestamp_domain.system_time,27105328.000,78.000,1,27105328.000,27105359.000,31.000,31.000,27105359.000,31.000,1,1,pnp_visible_ransac,9,2.029,-4.1839,0.169840,3.127484,3.1084
2026-09-03T19:06:11.776,1582,STANDOFF_SETTLE,STANDOFF_SETTLE,3653,3,1788429971739.316,99.971,timestamp_domain.system_time,27105406.000,78.000,1,27105406.000,27105437.000,31.000,31.000,27105437.000,31.000,1,1,pnp_visible_ransac,9,1.543,-4.1244,0.165986,3.138679,3.0272
2026-09-03T19:06:11.854,1583,STANDOFF_SETTLE,STANDOFF_SETTLE,3655,2,1788429971805.993,66.677,timestamp_domain.system_time,27105484.000,78.000,1,27105484.000,27105515.000,31.000,31.000,27105515.000,31.000,1,1,pnp_visible_ransac,9,1.416,-4.0188,0.165473,3.108717,3.0469
2026-09-03T19:06:11.934,1584,STANDOFF_SETTLE,STANDOFF_SETTLE,3657,2,1788429971872.828,66.834,timestamp_domain.system_time,27105562.000,78.000,1,27105562.000,27105593.000,31.000,31.000,27105593.000,31.000,1,1,pnp_visible_ransac,9,2.099,-4.5300,0.175095,3.143748,3.1879
2026-09-03T19:06:12.014,1585,STANDOFF_SETTLE,STANDOFF_SETTLE,3660,3,1788429971972.995,100.167,timestamp_domain.system_time,27105640.000,78.000,1,27105640.000,27105671.000,31.000,31.000,27105671.000,31.000,1,1,pnp_visible_ransac,9,1.595,-4.1998,0.169760,3.134378,3.1001
2026-09-03T19:06:12.093,1586,STANDOFF_SETTLE,STANDOFF_SETTLE,3662,2,1788429972039.446,66.451,timestamp_domain.system_time,27105718.000,78.000,1,27105718.000,27105750.000,32.000,32.000,27105750.000,32.000,1,1,pnp_visible_ransac,9,1.493,-4.2341,0.171126,3.131164,3.1282
2026-09-03T19:06:12.170,1587,STANDOFF_SETTLE,STANDOFF_SETTLE,3664,2,1788429972106.155,66.710,timestamp_domain.system_time,27105796.000,78.000,1,27105796.000,27105828.000,32.000,32.000,27105828.000,32.000,1,1,pnp_visible_ransac,9,1.302,-4.1732,0.166331,3.137804,3.0343
2026-09-03T19:06:12.246,1588,STANDOFF_SETTLE,STANDOFF_SETTLE,3667,3,1788429972206.063,99.908,timestamp_domain.system_time,27105875.000,79.000,1,27105875.000,27105906.000,31.000,31.000,27105906.000,31.000,1,1,pnp_visible_ransac,9,1.036,-4.5778,0.162457,3.141211,2.9606
2026-09-03T19:06:12.324,1589,STANDOFF_SETTLE,STANDOFF_SETTLE,3669,2,1788429972272.880,66.817,timestamp_domain.system_time,27105953.000,78.000,1,27105953.000,27105984.000,31.000,31.000,27105984.000,31.000,1,1,pnp_visible_ransac,9,1.414,-4.5447,0.171080,3.152431,3.1063
2026-09-03T19:06:12.402,1590,STANDOFF_SETTLE,STANDOFF_SETTLE,3671,2,1788429972339.581,66.701,timestamp_domain.system_time,27106031.000,78.000,1,27106031.000,27106062.000,31.000,31.000,27106062.000,31.000,1,1,pnp_visible_ransac,9,1.298,-4.2565,0.172504,3.155679,3.1289
2026-09-03T19:06:12.480,1591,STANDOFF_SETTLE,STANDOFF_SETTLE,3674,3,1788429972439.862,100.281,timestamp_domain.system_time,27106109.000,78.000,1,27106109.000,27106140.000,31.000,31.000,27106140.000,31.000,1,1,pnp_visible_ransac,9,1.291,-4.5418,0.170319,3.164204,3.0811
2026-09-03T19:06:12.621,1592,STANDOFF_SETTLE,STANDOFF_SETTLE,3677,3,1788429972540.503,100.640,timestamp_domain.system_time,27106250.000,141.000,1,27106250.000,27106281.000,31.000,31.000,27106281.000,31.000,1,1,pnp_visible_ransac,9,1.329,-4.0721,0.167745,3.123283,3.0743
2026-09-03T19:06:12.698,1593,STANDOFF_SETTLE,STANDOFF_SETTLE,3680,3,1788429972639.920,99.418,timestamp_domain.system_time,27106328.000,78.000,1,27106328.000,27106359.000,31.000,31.000,27106359.000,31.000,1,1,pnp_visible_ransac,9,1.343,-4.4855,0.173823,3.153848,3.1546
2026-09-03T19:06:12.775,1594,STANDOFF_SETTLE,STANDOFF_SETTLE,3682,2,1788429972706.507,66.586,timestamp_domain.system_time,27106406.000,78.000,1,27106406.000,27106437.000,31.000,31.000,27106437.000,31.000,1,1,pnp_visible_ransac,9,1.176,-4.2103,0.167601,3.135756,3.0595
2026-09-03T19:06:12.853,1595,STANDOFF_SETTLE,STANDOFF_SETTLE,3685,3,1788429972806.656,100.149,timestamp_domain.system_time,27106484.000,78.000,1,27106484.000,27106515.000,31.000,31.000,27106515.000,31.000,1,1,pnp_visible_ransac,9,1.108,-4.3792,0.167025,3.126282,3.0582
2026-09-03T19:06:12.930,1596,STANDOFF_SETTLE,STANDOFF_SETTLE,3687,2,1788429972873.516,66.860,timestamp_domain.system_time,27106562.000,78.000,1,27106562.000,27106593.000,31.000,31.000,27106593.000,31.000,1,1,pnp_visible_ransac,9,1.905,-4.0658,0.169749,3.127919,3.1063
2026-09-03T19:06:13.008,1597,STANDOFF_SETTLE,STANDOFF_SETTLE,3689,2,1788429972940.263,66.747,timestamp_domain.system_time,27106640.000,78.000,1,27106640.000,27106671.000,31.000,31.000,27106671.000,31.000,1,1,pnp_visible_ransac,9,1.548,-4.2945,0.167728,3.124586,3.0727
2026-09-03T19:06:13.086,1598,STANDOFF_SETTLE,STANDOFF_SETTLE,3692,3,1788429973040.302,100.039,timestamp_domain.system_time,27106718.000,78.000,1,27106718.000,27106750.000,32.000,32.000,27106750.000,32.000,1,1,pnp_visible_ransac,9,1.103,-5.2364,0.169194,3.174645,3.0507
2026-09-03T19:06:13.166,1599,STANDOFF_SETTLE,STANDOFF_SETTLE,3694,2,1788429973106.796,66.494,timestamp_domain.system_time,27106796.000,78.000,1,27106796.000,27106828.000,32.000,32.000,27106828.000,32.000,1,1,pnp_visible_ransac,9,1.707,-4.7995,0.174423,3.140098,3.1793
2026-09-03T19:06:13.247,1600,STANDOFF_SETTLE,STANDOFF_SETTLE,3697,3,1788429973206.708,99.912,timestamp_domain.system_time,27106875.000,79.000,1,27106875.000,27106906.000,31.000,31.000,27106906.000,31.000,1,1,pnp_visible_ransac,9,1.304,-4.1025,0.168069,3.128896,3.0747
2026-09-03T19:06:13.324,1601,STANDOFF_SETTLE,STANDOFF_SETTLE,3699,2,1788429973273.613,66.906,timestamp_domain.system_time,27106953.000,78.000,1,27106953.000,27106984.000,31.000,31.000,27106984.000,31.000,1,1,pnp_visible_ransac,9,1.330,-5.3410,0.177223,3.150555,3.2196
2026-09-03T19:06:13.402,1602,STANDOFF_SETTLE,STANDOFF_SETTLE,3701,2,1788429973340.320,66.707,timestamp_domain.system_time,27107031.000,78.000,1,27107031.000,27107062.000,31.000,31.000,27107062.000,31.000,1,1,pnp_visible_ransac,9,1.224,-4.6946,0.171200,3.158196,3.1029
2026-09-03T19:06:13.480,1603,STANDOFF_SETTLE,STANDOFF_SETTLE,3704,3,1788429973441.790,101.469,timestamp_domain.system_time,27107109.000,78.000,1,27107109.000,27107140.000,31.000,31.000,27107140.000,31.000,1,1,pnp_visible_ransac,9,1.104,-5.1143,0.174123,3.169750,3.1442
2026-09-03T19:06:13.660,1604,STANDOFF_SETTLE,STANDOFF_SETTLE,3708,4,1788429973575.130,133.340,timestamp_domain.system_time,27107281.000,172.000,1,27107281.000,27107312.000,31.000,31.000,27107312.000,31.000,1,1,pnp_visible_ransac,9,1.454,-5.0828,0.177838,3.158622,3.2225
2026-09-03T19:06:13.746,1605,STANDOFF_SETTLE,STANDOFF_SETTLE,3711,3,1788429973674.050,98.920,timestamp_domain.system_time,27107375.000,94.000,1,27107375.000,27107406.000,31.000,31.000,27107406.000,31.000,1,1,pnp_visible_ransac,9,2.097,-4.1563,0.172377,3.129128,3.1531
2026-09-03T19:06:13.825,1606,STANDOFF_SETTLE,STANDOFF_SETTLE,3714,3,1788429973773.987,99.938,timestamp_domain.system_time,27107453.000,78.000,1,27107453.000,27107484.000,31.000,31.000,27107484.000,31.000,1,1,pnp_visible_ransac,9,1.400,-4.0447,0.165960,3.126494,3.0385
2026-09-03T19:06:13.904,1607,STANDOFF_SETTLE,STANDOFF_SETTLE,3716,2,1788429973840.796,66.809,timestamp_domain.system_time,27107531.000,78.000,1,27107531.000,27107562.000,31.000,31.000,27107562.000,31.000,1,1,pnp_visible_ransac,9,1.413,-3.9576,0.163534,3.134625,2.9864
2026-09-03T19:06:13.983,1608,STANDOFF_SETTLE,STANDOFF_SETTLE,3719,3,1788429973940.762,99.966,timestamp_domain.system_time,27107609.000,78.000,1,27107609.000,27107640.000,31.000,31.000,27107640.000,31.000,1,1,pnp_visible_ransac,9,1.523,-4.8231,0.169864,3.126839,3.1095
2026-09-03T19:06:14.062,1609,STANDOFF_SETTLE,STANDOFF_SETTLE,3721,2,1788429974007.452,66.690,timestamp_domain.system_time,27107687.000,78.000,1,27107687.000,27107718.000,31.000,31.000,27107718.000,31.000,1,1,pnp_visible_ransac,9,1.538,-5.0138,0.182545,3.172282,3.2934
2026-09-03T19:06:14.139,1610,STANDOFF_SETTLE,STANDOFF_SETTLE,3723,2,1788429974074.167,66.716,timestamp_domain.system_time,27107765.000,78.000,1,27107765.000,27107796.000,31.000,31.000,27107796.000,31.000,1,1,pnp_visible_ransac,9,1.505,-4.0520,0.170267,3.142870,3.1010
2026-09-03T19:06:14.220,1611,STANDOFF_SETTLE,STANDOFF_SETTLE,3726,3,1788429974174.198,100.031,timestamp_domain.system_time,27107843.000,78.000,1,27107843.000,27107875.000,32.000,32.000,27107875.000,32.000,1,1,pnp_visible_ransac,9,1.795,-4.3731,0.175861,3.151933,3.1935
2026-09-03T19:06:14.297,1612,STANDOFF_SETTLE,STANDOFF_SETTLE,3728,2,1788429974241.272,67.074,timestamp_domain.system_time,27107921.000,78.000,1,27107921.000,27107953.000,32.000,32.000,27107953.000,32.000,1,1,pnp_visible_ransac,9,1.517,-4.8259,0.176701,3.149878,3.2108
2026-09-03T19:06:14.377,1613,STANDOFF_SETTLE,STANDOFF_SETTLE,3730,2,1788429974307.428,66.156,timestamp_domain.system_time,27108000.000,79.000,1,27108000.000,27108031.000,31.000,31.000,27108031.000,31.000,1,1,pnp_visible_ransac,9,1.378,-4.2658,0.169898,3.143627,3.0936
2026-09-03T19:06:14.457,1614,STANDOFF_SETTLE,STANDOFF_SETTLE,3733,3,1788429974407.783,100.354,timestamp_domain.system_time,27108078.000,78.000,1,27108093.000,27108109.000,16.000,31.000,27108109.000,31.000,1,1,pnp_visible_ransac,9,1.442,-3.8148,0.164876,3.108759,3.0359
2026-09-03T19:06:14.534,1615,STANDOFF_SETTLE,STANDOFF_SETTLE,3734,1,1788429974442.129,34.346,timestamp_domain.system_time,27108156.000,78.000,1,27108156.000,27108187.000,31.000,31.000,27108187.000,31.000,1,1,pnp_visible_ransac,9,1.302,-4.9909,0.175438,3.171198,3.1665
2026-09-03T19:06:14.653,1616,STANDOFF_SETTLE,STANDOFF_SETTLE,3738,4,1788429974574.888,132.759,timestamp_domain.system_time,27108281.000,125.000,1,27108281.000,27108312.000,31.000,31.000,27108312.000,31.000,1,1,pnp_visible_ransac,9,1.747,-4.8678,0.175253,3.147599,3.1868
2026-09-03T19:06:14.733,1617,STANDOFF_SETTLE,STANDOFF_SETTLE,3741,3,1788429974674.897,100.009,timestamp_domain.system_time,27108359.000,78.000,1,27108359.000,27108390.000,31.000,31.000,27108390.000,31.000,1,1,pnp_visible_ransac,9,1.745,-4.4519,0.175261,3.154023,3.1805
2026-09-03T19:06:14.813,1618,STANDOFF_SETTLE,STANDOFF_SETTLE,3744,3,1788429974774.613,99.716,timestamp_domain.system_time,27108437.000,78.000,1,27108437.000,27108468.000,31.000,31.000,27108468.000,31.000,1,1,pnp_visible_ransac,9,2.073,-4.8594,0.177496,3.136669,3.2388
2026-09-03T19:06:14.892,1619,STANDOFF_SETTLE,STANDOFF_SETTLE,3746,2,1788429974841.340,66.727,timestamp_domain.system_time,27108515.000,78.000,1,27108515.000,27108546.000,31.000,31.000,27108546.000,31.000,1,1,pnp_visible_ransac,9,1.749,-4.1963,0.170456,3.127500,3.1197
2026-09-03T19:06:14.971,1620,STANDOFF_SETTLE,STANDOFF_SETTLE,3748,2,1788429974908.178,66.838,timestamp_domain.system_time,27108593.000,78.000,1,27108593.000,27108625.000,32.000,32.000,27108625.000,32.000,1,1,pnp_visible_ransac,9,2.642,-4.4398,0.179022,3.168715,3.2336
2026-09-03T19:06:15.053,1621,STANDOFF_SETTLE,STANDOFF_SETTLE,3751,3,1788429975008.281,100.103,timestamp_domain.system_time,27108671.000,78.000,1,27108687.000,27108718.000,31.000,47.000,27108718.000,47.000,1,1,pnp_visible_ransac,9,1.737,-4.1578,0.172008,3.143122,3.1324
2026-09-03T19:06:15.132,1622,STANDOFF_SETTLE,STANDOFF_SETTLE,3753,2,1788429975074.970,66.689,timestamp_domain.system_time,27108765.000,94.000,1,27108765.000,27108796.000,31.000,31.000,27108796.000,31.000,1,1,pnp_visible_ransac,9,1.684,-3.7047,0.164341,3.122716,3.0126
2026-09-03T19:06:15.215,1623,STANDOFF_SETTLE,STANDOFF_SETTLE,3756,3,1788429975175.194,100.224,timestamp_domain.system_time,27108843.000,78.000,1,27108843.000,27108875.000,32.000,32.000,27108875.000,32.000,1,1,pnp_visible_ransac,9,1.569,-3.7803,0.166378,3.140563,3.0325
2026-09-03T19:06:15.295,1624,STANDOFF_SETTLE,STANDOFF_SETTLE,3758,2,1788429975241.714,66.520,timestamp_domain.system_time,27108921.000,78.000,1,27108921.000,27108953.000,32.000,32.000,27108953.000,32.000,1,1,pnp_visible_ransac,9,2.153,-3.8491,0.169240,3.111858,3.1130
2026-09-03T19:06:15.384,1625,STANDOFF_SETTLE,STANDOFF_SETTLE,3761,3,1788429975341.577,99.863,timestamp_domain.system_time,27109015.000,94.000,1,27109015.000,27109046.000,31.000,31.000,27109046.000,31.000,1,1,pnp_visible_ransac,9,1.555,-4.7614,0.174036,3.157670,3.1547
2026-09-03T19:06:15.462,1626,STANDOFF_SETTLE,STANDOFF_SETTLE,3763,2,1788429975408.184,66.607,timestamp_domain.system_time,27109093.000,78.000,1,27109093.000,27109125.000,32.000,32.000,27109125.000,32.000,1,1,pnp_visible_ransac,9,1.742,-4.2021,0.167873,3.125338,3.0746
2026-09-03T19:06:15.543,1627,STANDOFF_SETTLE,STANDOFF_SETTLE,3764,1,1788429975442.631,34.447,timestamp_domain.system_time,27109171.000,78.000,1,27109171.000,27109203.000,32.000,32.000,27109203.000,32.000,1,1,pnp_visible_ransac,9,1.146,-4.8951,0.170669,3.144376,3.1068
2026-09-03T19:06:15.652,1628,STANDOFF_SETTLE,STANDOFF_SETTLE,3768,4,1788429975575.498,132.867,timestamp_domain.system_time,27109281.000,110.000,1,27109281.000,27109312.000,31.000,31.000,27109312.000,31.000,1,1,pnp_visible_ransac,9,1.447,-4.3926,0.173680,3.148854,3.1570
2026-09-03T19:06:15.732,1629,STANDOFF_SETTLE,STANDOFF_SETTLE,3771,3,1788429975675.359,99.861,timestamp_domain.system_time,27109359.000,78.000,1,27109359.000,27109390.000,31.000,31.000,27109390.000,31.000,1,1,pnp_visible_ransac,9,1.637,-4.8402,0.172861,3.160006,3.1311
2026-09-03T19:06:15.812,1630,STANDOFF_SETTLE,STANDOFF_SETTLE,3773,2,1788429975742.007,66.648,timestamp_domain.system_time,27109437.000,78.000,1,27109437.000,27109468.000,31.000,31.000,27109468.000,31.000,1,1,pnp_visible_ransac,9,1.651,-5.1063,0.174822,3.140808,3.1859
2026-09-03T19:06:15.890,1631,STANDOFF_SETTLE,STANDOFF_SETTLE,3776,3,1788429975842.133,100.126,timestamp_domain.system_time,27109515.000,78.000,1,27109515.000,27109546.000,31.000,31.000,27109546.000,31.000,1,1,pnp_visible_ransac,9,1.536,-4.0613,0.172910,3.153546,3.1384
2026-09-03T19:06:15.966,1632,STANDOFF_SETTLE,STANDOFF_SETTLE,3778,2,1788429975908.813,66.680,timestamp_domain.system_time,27109593.000,78.000,1,27109593.000,27109625.000,32.000,32.000,27109625.000,32.000,1,1,pnp_visible_ransac,9,1.410,-4.3936,0.171150,3.127555,3.1323
2026-09-03T19:06:16.046,1633,STANDOFF_SETTLE,STANDOFF_SETTLE,3781,3,1788429976009.040,100.227,timestamp_domain.system_time,27109671.000,78.000,1,27109671.000,27109703.000,32.000,32.000,27109703.000,32.000,1,1,pnp_visible_ransac,9,1.950,-4.4580,0.173229,3.127326,3.1705
2026-09-03T19:06:16.128,1634,STANDOFF_SETTLE,STANDOFF_SETTLE,3783,2,1788429976076.738,67.697,timestamp_domain.system_time,27109750.000,79.000,1,27109750.000,27109781.000,31.000,31.000,27109781.000,31.000,1,1,pnp_visible_ransac,9,1.251,-4.7125,0.172034,3.137687,3.1383
2026-09-03T19:06:16.207,1635,STANDOFF_SETTLE,STANDOFF_SETTLE,3785,2,1788429976142.364,65.627,timestamp_domain.system_time,27109828.000,78.000,1,27109843.000,27109859.000,16.000,31.000,27109859.000,31.000,1,1,pnp_visible_ransac,9,1.744,-5.1287,0.178204,3.157160,3.2306
2026-09-03T19:06:16.285,1636,STANDOFF_SETTLE,STANDOFF_SETTLE,3788,3,1788429976242.485,100.121,timestamp_domain.system_time,27109906.000,78.000,1,27109921.000,27109937.000,16.000,31.000,27109937.000,31.000,1,1,pnp_visible_ransac,9,1.554,-5.0380,0.179384,3.155573,3.2536
2026-09-03T19:06:16.364,1637,STANDOFF_SETTLE,STANDOFF_SETTLE,3790,2,1788429976309.033,66.548,timestamp_domain.system_time,27109984.000,78.000,1,27110000.000,27110015.000,15.000,31.000,27110031.000,47.000,1,1,pnp_visible_ransac,9,1.689,-4.7659,0.173859,3.153732,3.1554
2026-09-03T19:06:16.443,1638,STANDOFF_SETTLE,STANDOFF_SETTLE,3792,2,1788429976375.843,66.811,timestamp_domain.system_time,27110062.000,78.000,1,27110078.000,27110109.000,31.000,47.000,27110109.000,47.000,1,1,pnp_visible_ransac,9,1.347,-4.7721,0.168685,3.123377,3.0914
2026-09-03T19:06:16.521,1639,STANDOFF_SETTLE,STANDOFF_SETTLE,3794,2,1788429976443.463,67.620,timestamp_domain.system_time,27110156.000,94.000,1,27110156.000,27110187.000,31.000,31.000,27110187.000,31.000,1,1,pnp_visible_ransac,9,1.577,-5.0739,0.176745,3.142571,3.2191
2026-09-03T19:06:16.655,1640,STANDOFF_VERIFY,STANDOFF_VERIFY,3798,4,1788429976575.903,132.440,timestamp_domain.system_time,27110281.000,125.000,1,27110281.000,27110312.000,31.000,31.000,27110312.000,31.000,1,1,pnp_visible_ransac,9,1.993,-5.0304,0.180313,3.176001,3.2494
2026-09-03T19:06:16.733,1641,STANDOFF_VERIFY,STANDOFF_VERIFY,3801,3,1788429976676.030,100.127,timestamp_domain.system_time,27110359.000,78.000,1,27110359.000,27110390.000,31.000,31.000,27110390.000,31.000,1,1,pnp_visible_ransac,9,1.603,-4.7249,0.177689,3.172970,3.2053
2026-09-03T19:06:16.812,1642,STANDOFF_VERIFY,STANDOFF_VERIFY,3803,2,1788429976742.688,66.657,timestamp_domain.system_time,27110437.000,78.000,1,27110437.000,27110468.000,31.000,31.000,27110468.000,31.000,1,1,pnp_visible_ransac,9,1.891,-5.0273,0.181027,3.173246,3.2651
2026-09-03T19:06:16.889,1643,STANDOFF_VERIFY,STANDOFF_VERIFY,3806,3,1788429976842.902,100.215,timestamp_domain.system_time,27110515.000,78.000,1,27110515.000,27110546.000,31.000,31.000,27110546.000,31.000,1,1,pnp_visible_ransac,9,1.797,-4.8492,0.176349,3.152817,3.2014
2026-09-03T19:06:16.965,1644,STANDOFF_VERIFY,STANDOFF_VERIFY,3808,2,1788429976909.506,66.604,timestamp_domain.system_time,27110593.000,78.000,1,27110593.000,27110625.000,32.000,32.000,27110625.000,32.000,1,1,pnp_visible_ransac,9,1.158,-4.6186,0.171073,3.135185,3.1233
2026-09-03T19:06:17.045,1645,STANDOFF_VERIFY,STANDOFF_VERIFY,3810,2,1788429976976.193,66.687,timestamp_domain.system_time,27110671.000,78.000,1,27110671.000,27110703.000,32.000,32.000,27110703.000,32.000,1,1,pnp_visible_ransac,9,1.289,-4.7294,0.173094,3.155676,3.1396
2026-09-03T19:06:17.121,1646,STANDOFF_VERIFY,STANDOFF_VERIFY,3813,3,1788429977076.468,100.275,timestamp_domain.system_time,27110750.000,79.000,1,27110750.000,27110781.000,31.000,31.000,27110781.000,31.000,1,1,pnp_visible_ransac,9,1.217,-3.9981,0.169543,3.154753,3.0762
2026-09-03T19:06:17.200,1647,STANDOFF_VERIFY,STANDOFF_VERIFY,3815,2,1788429977142.979,66.510,timestamp_domain.system_time,27110828.000,78.000,1,27110828.000,27110859.000,31.000,31.000,27110859.000,31.000,1,1,pnp_visible_ransac,9,1.317,-5.1354,0.179062,3.178360,3.2245
2026-09-03T19:06:17.279,1648,STANDOFF_VERIFY,STANDOFF_VERIFY,3817,2,1788429977209.766,66.787,timestamp_domain.system_time,27110906.000,78.000,1,27110906.000,27110937.000,31.000,31.000,27110937.000,31.000,1,1,pnp_visible_ransac,9,1.122,-4.0175,0.162137,3.128224,2.9670
2026-09-03T19:06:17.357,1649,STANDOFF_VERIFY,STANDOFF_VERIFY,3820,3,1788429977309.642,99.876,timestamp_domain.system_time,27110984.000,78.000,1,27110984.000,27111015.000,31.000,31.000,27111015.000,31.000,1,1,pnp_visible_ransac,9,1.278,-4.9097,0.169382,3.132226,3.0954
2026-09-03T19:06:17.433,1650,STANDOFF_VERIFY,STANDOFF_VERIFY,3822,2,1788429977376.371,66.729,timestamp_domain.system_time,27111062.000,78.000,1,27111062.000,27111093.000,31.000,31.000,27111093.000,31.000,1,1,pnp_visible_ransac,9,1.947,-4.0488,0.169498,3.131909,3.0978
2026-09-03T19:06:17.512,1651,STANDOFF_VERIFY,STANDOFF_VERIFY,3824,2,1788429977444.130,67.759,timestamp_domain.system_time,27111140.000,78.000,1,27111140.000,27111171.000,31.000,31.000,27111171.000,31.000,1,1,pnp_visible_ransac,9,1.281,-3.6588,0.162200,3.129689,2.9668
2026-09-03T19:06:17.657,1652,STANDOFF_VERIFY,STANDOFF_VERIFY,3826,2,1788429977509.879,65.750,timestamp_domain.system_time,27111281.000,141.000,1,27111281.000,27111312.000,31.000,31.000,27111312.000,31.000,1,1,pnp_visible_ransac,9,1.761,-5.0003,0.180067,3.167630,3.2535
2026-09-03T19:06:17.735,1653,STANDOFF_VERIFY,STANDOFF_VERIFY,3831,5,1788429977676.751,166.872,timestamp_domain.system_time,27111359.000,78.000,1,27111359.000,27111390.000,31.000,31.000,27111390.000,31.000,1,1,pnp_visible_ransac,9,1.490,-4.4742,0.169122,3.130393,3.0925
2026-09-03T19:06:17.815,1654,STANDOFF_VERIFY,STANDOFF_VERIFY,3834,3,1788429977776.894,100.143,timestamp_domain.system_time,27111437.000,78.000,1,27111437.000,27111468.000,31.000,31.000,27111468.000,31.000,1,1,pnp_visible_ransac,9,1.381,-4.0386,0.164923,3.129443,3.0167
2026-09-03T19:06:17.895,1655,STANDOFF_VERIFY,STANDOFF_VERIFY,3836,2,1788429977843.461,66.567,timestamp_domain.system_time,27111515.000,78.000,1,27111515.000,27111546.000,31.000,31.000,27111546.000,31.000,1,1,pnp_visible_ransac,9,1.657,-4.8795,0.177388,3.148506,3.2247
2026-09-03T19:06:17.972,1656,STANDOFF_VERIFY,STANDOFF_VERIFY,3838,2,1788429977910.277,66.816,timestamp_domain.system_time,27111593.000,78.000,1,27111593.000,27111625.000,32.000,32.000,27111625.000,32.000,1,1,pnp_visible_ransac,9,1.978,-4.2472,0.170271,3.138785,3.1051
2026-09-03T19:06:18.051,1657,STANDOFF_VERIFY,STANDOFF_VERIFY,3841,3,1788429978010.290,100.013,timestamp_domain.system_time,27111671.000,78.000,1,27111687.000,27111703.000,16.000,32.000,27111703.000,32.000,1,1,pnp_visible_ransac,9,1.215,-4.0987,0.169809,3.143310,3.0923
2026-09-03T19:06:18.128,1658,STANDOFF_VERIFY,STANDOFF_VERIFY,3843,2,1788429978077.076,66.786,timestamp_domain.system_time,27111750.000,79.000,1,27111765.000,27111781.000,16.000,31.000,27111781.000,31.000,1,1,pnp_visible_ransac,9,1.570,-3.8195,0.165355,3.129738,3.0243
2026-09-03T19:06:18.181,1659,FAILED,FAILED,3845,2,1788429978143.906,66.831,timestamp_domain.system_time,27111843.000,93.000,0,,,,,,,0,0,,,,,,,
2026-09-03T19:06:18.228,1660,FAILED,FAILED,3847,2,1788429978210.368,66.461,timestamp_domain.system_time,27111890.000,47.000,0,,,,,,,0,0,,,,,,,
2026-09-03T19:06:18.274,1661,FAILED,FAILED,3848,1,1788429978243.788,33.420,timestamp_domain.system_time,27111937.000,47.000,0,,,,,,,0,0,,,,,,,
2026-09-03T19:06:18.319,1662,FAILED,FAILED,3850,2,1788429978310.455,66.667,timestamp_domain.system_time,27111968.000,31.000,0,,,,,,,0,0,,,,,,,
2026-09-03T19:06:18.366,1663,FAILED,FAILED,3851,1,1788429978344.131,33.676,timestamp_domain.system_time,27112015.000,47.000,0,,,,,,,0,0,,,,,,,
2026-09-03T19:06:18.420,1664,FAILED,FAILED,3853,2,1788429978410.954,66.823,timestamp_domain.system_time,27112078.000,63.000,0,,,,,,,0,0,,,,,,,
2026-09-03T19:06:18.472,1665,FAILED,FAILED,3854,1,1788429978444.248,33.294,timestamp_domain.system_time,27112125.000,47.000,0,,,,,,,0,0,,,,,,,
2026-09-03T19:06:18.524,1666,FAILED,FAILED,3855,1,1788429978477.219,32.971,timestamp_domain.system_time,27112187.000,62.000,0,,,,,,,0,0,,,,,,,
2026-09-03T19:06:18.624,1667,FAILED,FAILED,3858,3,1788429978577.748,100.529,timestamp_domain.system_time,27112281.000,94.000,0,,,,,,,0,0,,,,,,,
2026-09-03T19:06:18.671,1668,FAILED,FAILED,3860,2,1788429978644.020,66.272,timestamp_domain.system_time,27112328.000,47.000,0,,,,,,,0,0,,,,,,,
2026-09-03T19:06:18.721,1669,FAILED,FAILED,3862,2,1788429978710.924,66.904,timestamp_domain.system_time,27112375.000,47.000,0,,,,,,,0,0,,,,,,,
2026-09-03T19:06:18.768,1670,FAILED,FAILED,3863,1,1788429978744.087,33.163,timestamp_domain.system_time,27112421.000,46.000,0,,,,,,,0,0,,,,,,,
2026-09-03T19:06:18.814,1671,FAILED,FAILED,3864,1,1788429978777.552,33.465,timestamp_domain.system_time,27112468.000,47.000,0,,,,,,,0,0,,,,,,,
2026-09-03T19:06:18.863,1672,FAILED,FAILED,3866,2,1788429978844.177,66.626,timestamp_domain.system_time,27112515.000,47.000,0,,,,,,,0,0,,,,,,,
2026-09-03T19:06:18.909,1673,FAILED,FAILED,3867,1,1788429978877.611,33.433,timestamp_domain.system_time,27112562.000,47.000,0,,,,,,,0,0,,,,,,,
2026-09-03T19:06:18.956,1674,FAILED,FAILED,3869,2,1788429978944.341,66.730,timestamp_domain.system_time,27112609.000,47.000,0,,,,,,,0,0,,,,,,,
2026-09-03T19:06:19.003,1675,FAILED,FAILED,3870,1,1788429978977.633,33.292,timestamp_domain.system_time,27112656.000,47.000,0,,,,,,,0,0,,,,,,,
2026-09-03T19:06:19.050,1676,FAILED,FAILED,3871,1,1788429979010.950,33.317,timestamp_domain.system_time,27112703.000,47.000,0,,,,,,,0,0,,,,,,,
2026-09-03T19:06:19.098,1677,FAILED,FAILED,3873,2,1788429979077.824,66.875,timestamp_domain.system_time,27112750.000,47.000,0,,,,,,,0,0,,,,,,,
2026-09-03T19:06:19.145,1678,FAILED,FAILED,3874,1,1788429979110.976,33.151,timestamp_domain.system_time,27112796.000,46.000,0,,,,,,,0,0,,,,,,,
2026-09-03T19:06:19.192,1679,FAILED,FAILED,3876,2,1788429979177.862,66.887,timestamp_domain.system_time,27112843.000,47.000,0,,,,,,,0,0,,,,,,,
2026-09-03T19:06:19.240,1680,FAILED,FAILED,3877,1,1788429979211.006,33.144,timestamp_domain.system_time,27112890.000,47.000,0,,,,,,,0,0,,,,,,,
2026-09-03T19:06:19.288,1681,FAILED,FAILED,3879,2,1788429979277.859,66.853,timestamp_domain.system_time,27112937.000,47.000,0,,,,,,,0,0,,,,,,,
2026-09-03T19:06:19.336,1682,FAILED,FAILED,3880,1,1788429979311.273,33.414,timestamp_domain.system_time,27113000.000,63.000,0,,,,,,,0,0,,,,,,,
2026-09-03T19:06:19.383,1683,FAILED,FAILED,3881,1,1788429979344.487,33.215,timestamp_domain.system_time,27113046.000,46.000,0,,,,,,,0,0,,,,,,,
2026-09-03T19:06:19.430,1684,FAILED,FAILED,3883,2,1788429979411.184,66.697,timestamp_domain.system_time,27113093.000,47.000,0,,,,,,,0,0,,,,,,,
2026-09-03T19:06:19.477,1685,FAILED,FAILED,3884,1,1788429979444.577,33.393,timestamp_domain.system_time,27113140.000,47.000,0,,,,,,,0,0,,,,,,,
2026-09-03T19:06:19.523,1686,FAILED,FAILED,3885,1,1788429979477.812,33.235,timestamp_domain.system_time,27113171.000,31.000,0,,,,,,,0,0,,,,,,,
2026-09-03T19:06:19.618,1687,FAILED,FAILED,3888,3,1788429979577.995,100.184,timestamp_domain.system_time,27113281.000,110.000,0,,,,,,,0,0,,,,,,,
2026-09-03T19:06:19.663,1688,FAILED,FAILED,3890,2,1788429979644.669,66.674,timestamp_domain.system_time,27113312.000,31.000,0,,,,,,,0,0,,,,,,,
2026-09-03T19:06:19.712,1689,FAILED,FAILED,3891,1,1788429979678.049,33.380,timestamp_domain.system_time,27113375.000,63.000,0,,,,,,,0,0,,,,,,,
2026-09-03T19:06:19.760,1690,FAILED,FAILED,3893,2,1788429979744.619,66.570,timestamp_domain.system_time,27113421.000,46.000,0,,,,,,,0,0,,,,,,,
2026-09-03T19:06:19.809,1691,FAILED,FAILED,3894,1,1788429979778.035,33.416,timestamp_domain.system_time,27113468.000,47.000,0,,,,,,,0,0,,,,,,,
2026-09-03T19:06:19.856,1692,FAILED,FAILED,3896,2,1788429979844.755,66.720,timestamp_domain.system_time,27113515.000,47.000,0,,,,,,,0,0,,,,,,,
2026-09-03T19:06:19.904,1693,FAILED,FAILED,3897,1,1788429979878.098,33.343,timestamp_domain.system_time,27113562.000,47.000,0,,,,,,,0,0,,,,,,,
2026-09-03T19:06:19.951,1694,FAILED,FAILED,3898,1,1788429979911.540,33.442,timestamp_domain.system_time,27113609.000,47.000,0,,,,,,,0,0,,,,,,,
2026-09-03T19:06:19.997,1695,FAILED,FAILED,3900,2,1788429979978.206,66.665,timestamp_domain.system_time,27113656.000,47.000,0,,,,,,,0,0,,,,,,,
2026-09-03T19:06:20.043,1696,FAILED,FAILED,3901,1,1788429980011.799,33.593,timestamp_domain.system_time,27113703.000,47.000,0,,,,,,,0,0,,,,,,,
2026-09-03T19:06:20.089,1697,FAILED,FAILED,3903,2,1788429980078.375,66.577,timestamp_domain.system_time,27113750.000,47.000,0,,,,,,,0,0,,,,,,,
2026-09-03T19:06:20.135,1698,FAILED,FAILED,3904,1,1788429980111.851,33.476,timestamp_domain.system_time,27113796.000,46.000,0,,,,,,,0,0,,,,,,,
2026-09-03T19:06:20.182,1699,FAILED,FAILED,3905,1,1788429980145.089,33.238,timestamp_domain.system_time,27113843.000,47.000,0,,,,,,,0,0,,,,,,,
2026-09-03T19:06:20.240,1700,FAILED,FAILED,3907,2,1788429980211.755,66.666,timestamp_domain.system_time,27113890.000,47.000,0,,,,,,,0,0,,,,,,,
2026-09-03T19:06:20.291,1701,FAILED,FAILED,3909,2,1788429980278.473,66.718,timestamp_domain.system_time,27113953.000,63.000,0,,,,,,,0,0,,,,,,,
2026-09-03T19:06:20.337,1702,FAILED,FAILED,3910,1,1788429980311.677,33.203,timestamp_domain.system_time,27114000.000,47.000,0,,,,,,,0,0,,,,,,,
2026-09-03T19:06:20.384,1703,FAILED,FAILED,3911,1,1788429980345.284,33.607,timestamp_domain.system_time,27114046.000,46.000,0,,,,,,,0,0,,,,,,,
2026-09-03T19:06:20.430,1704,FAILED,FAILED,3913,2,1788429980411.939,66.656,timestamp_domain.system_time,27114093.000,47.000,0,,,,,,,0,0,,,,,,,
2026-09-03T19:06:20.477,1705,FAILED,FAILED,3914,1,1788429980445.390,33.451,timestamp_domain.system_time,27114140.000,47.000,0,,,,,,,0,0,,,,,,,
2026-09-03T19:06:20.523,1706,FAILED,FAILED,3915,1,1788429980478.707,33.317,timestamp_domain.system_time,27114171.000,31.000,0,,,,,,,0,0,,,,,,,
2026-09-03T19:06:20.629,1707,FAILED,FAILED,3918,3,1788429980578.752,100.044,timestamp_domain.system_time,27114281.000,110.000,0,,,,,,,0,0,,,,,,,
2026-09-03T19:06:20.677,1708,FAILED,FAILED,3920,2,1788429980645.465,66.713,timestamp_domain.system_time,27114328.000,47.000,0,,,,,,,0,0,,,,,,,
2026-09-03T19:06:20.723,1709,FAILED,FAILED,3922,2,1788429980712.148,66.683,timestamp_domain.system_time,27114375.000,47.000,0,,,,,,,0,0,,,,,,,
2026-09-03T19:06:20.770,1710,FAILED,FAILED,3923,1,1788429980745.664,33.516,timestamp_domain.system_time,27114421.000,46.000,0,,,,,,,0,0,,,,,,,
2026-09-03T19:06:20.816,1711,FAILED,FAILED,3924,1,1788429980778.897,33.232,timestamp_domain.system_time,27114468.000,47.000,0,,,,,,,0,0,,,,,,,
2026-09-03T19:06:20.863,1712,FAILED,FAILED,3926,2,1788429980845.730,66.834,timestamp_domain.system_time,27114515.000,47.000,0,,,,,,,0,0,,,,,,,
2026-09-03T19:06:20.909,1713,FAILED,FAILED,3927,1,1788429980879.023,33.293,timestamp_domain.system_time,27114562.000,47.000,0,,,,,,,0,0,,,,,,,
2026-09-03T19:06:20.956,1714,FAILED,FAILED,3929,2,1788429980945.792,66.768,timestamp_domain.system_time,27114609.000,47.000,0,,,,,,,0,0,,,,,,,
2026-09-03T19:06:21.002,1715,FAILED,FAILED,3930,1,1788429980979.057,33.266,timestamp_domain.system_time,27114656.000,47.000,0,,,,,,,0,0,,,,,,,
2026-09-03T19:06:21.049,1716,FAILED,FAILED,3931,1,1788429981012.322,33.265,timestamp_domain.system_time,27114703.000,47.000,0,,,,,,,0,0,,,,,,,
2026-09-03T19:06:21.098,1717,FAILED,FAILED,3933,2,1788429981079.188,66.866,timestamp_domain.system_time,27114750.000,47.000,0,,,,,,,0,0,,,,,,,
2026-09-03T19:06:21.146,1718,FAILED,FAILED,3934,1,1788429981112.486,33.298,timestamp_domain.system_time,27114796.000,46.000,0,,,,,,,0,0,,,,,,,
2026-09-03T19:06:21.193,1719,FAILED,FAILED,3936,2,1788429981179.204,66.718,timestamp_domain.system_time,27114843.000,47.000,0,,,,,,,0,0,,,,,,,
2026-09-03T19:06:21.241,1720,FAILED,FAILED,3937,1,1788429981212.656,33.452,timestamp_domain.system_time,27114890.000,47.000,0,,,,,,,0,0,,,,,,,
2026-09-03T19:06:21.290,1721,FAILED,FAILED,3939,2,1788429981278.973,66.317,timestamp_domain.system_time,27114953.000,63.000,0,,,,,,,0,0,,,,,,,
2026-09-03T19:06:21.342,1722,FAILED,FAILED,3940,1,1788429981312.352,33.379,timestamp_domain.system_time,27115000.000,47.000,0,,,,,,,0,0,,,,,,,
2026-09-03T19:06:21.390,1723,FAILED,FAILED,3942,2,1788429981379.083,66.730,timestamp_domain.system_time,27115046.000,46.000,0,,,,,,,0,0,,,,,,,
2026-09-03T19:06:21.435,1724,FAILED,FAILED,3943,1,1788429981412.661,33.578,timestamp_domain.system_time,27115093.000,47.000,0,,,,,,,0,0,,,,,,,
2026-09-03T19:06:21.483,1725,FAILED,FAILED,3944,1,1788429981445.961,33.301,timestamp_domain.system_time,27115140.000,47.000,0,,,,,,,0,0,,,,,,,
2026-09-03T19:06:21.532,1726,FAILED,FAILED,3945,1,1788429981479.131,33.169,timestamp_domain.system_time,27115187.000,47.000,0,,,,,,,0,0,,,,,,,
2026-09-03T19:06:21.627,1727,FAILED,FAILED,3948,3,1788429981579.746,100.615,timestamp_domain.system_time,27115281.000,94.000,0,,,,,,,0,0,,,,,,,
2026-09-03T19:06:21.673,1728,FAILED,FAILED,3950,2,1788429981646.239,66.494,timestamp_domain.system_time,27115328.000,47.000,0,,,,,,,0,0,,,,,,,
2026-09-03T19:06:21.719,1729,FAILED,FAILED,3951,1,1788429981679.476,33.237,timestamp_domain.system_time,27115375.000,47.000,0,,,,,,,0,0,,,,,,,
2026-09-03T19:06:21.766,1730,FAILED,FAILED,3953,2,1788429981746.402,66.926,timestamp_domain.system_time,27115421.000,46.000,0,,,,,,,0,0,,,,,,,
2026-09-03T19:06:21.811,1731,FAILED,FAILED,3954,1,1788429981779.689,33.287,timestamp_domain.system_time,27115468.000,47.000,0,,,,,,,0,0,,,,,,,
2026-09-03T19:06:21.857,1732,FAILED,FAILED,3956,2,1788429981846.372,66.683,timestamp_domain.system_time,27115515.000,47.000,0,,,,,,,0,0,,,,,,,
2026-09-03T19:06:21.902,1733,FAILED,FAILED,3957,1,1788429981879.370,32.998,timestamp_domain.system_time,27115562.000,47.000,0,,,,,,,0,0,,,,,,,
2026-09-03T19:06:21.949,1734,FAILED,FAILED,3958,1,1788429981912.919,33.549,timestamp_domain.system_time,27115609.000,47.000,0,,,,,,,0,0,,,,,,,
2026-09-03T19:06:21.995,1735,FAILED,FAILED,3960,2,1788429981979.640,66.721,timestamp_domain.system_time,27115656.000,47.000,0,,,,,,,0,0,,,,,,,
2026-09-03T19:06:22.041,1736,FAILED,FAILED,3961,1,1788429982012.932,33.292,timestamp_domain.system_time,27115703.000,47.000,0,,,,,,,0,0,,,,,,,
2026-09-03T19:06:22.087,1737,FAILED,FAILED,3963,2,1788429982079.722,66.790,timestamp_domain.system_time,27115750.000,47.000,0,,,,,,,0,0,,,,,,,
2026-09-03T19:06:22.133,1738,FAILED,FAILED,3964,1,1788429982113.250,33.529,timestamp_domain.system_time,27115796.000,46.000,0,,,,,,,0,0,,,,,,,
2026-09-03T19:06:22.179,1739,FAILED,FAILED,3965,1,1788429982146.530,33.279,timestamp_domain.system_time,27115828.000,32.000,0,,,,,,,0,0,,,,,,,
2026-09-03T19:06:22.224,1740,FAILED,FAILED,3967,2,1788429982213.309,66.779,timestamp_domain.system_time,27115875.000,47.000,0,,,,,,,0,0,,,,,,,
2026-09-03T19:06:22.279,1741,FAILED,FAILED,3968,1,1788429982246.403,33.094,timestamp_domain.system_time,27115937.000,62.000,0,,,,,,,0,0,,,,,,,
2026-09-03T19:06:22.325,1742,FAILED,FAILED,3970,2,1788429982313.365,66.962,timestamp_domain.system_time,27115984.000,47.000,0,,,,,,,0,0,,,,,,,
2026-09-03T19:06:22.369,1743,FAILED,FAILED,3971,1,1788429982346.556,33.190,timestamp_domain.system_time,27116031.000,47.000,0,,,,,,,0,0,,,,,,,
2026-09-03T19:06:22.416,1744,FAILED,FAILED,3972,1,1788429982380.003,33.448,timestamp_domain.system_time,27116078.000,47.000,0,,,,,,,0,0,,,,,,,
2026-09-03T19:06:22.461,1745,FAILED,FAILED,3974,2,1788429982446.756,66.752,timestamp_domain.system_time,27116125.000,47.000,0,,,,,,,0,0,,,,,,,
2026-09-03T19:06:22.506,1746,FAILED,FAILED,3975,1,1788429982480.816,34.061,timestamp_domain.system_time,27116156.000,31.000,0,,,,,,,0,0,,,,,,,
2026-09-03T19:06:22.628,1747,FAILED,FAILED,3978,3,1788429982581.068,100.252,timestamp_domain.system_time,27116281.000,125.000,0,,,,,,,0,0,,,,,,,
2026-09-03T19:06:22.676,1748,FAILED,FAILED,3980,2,1788429982646.848,65.780,timestamp_domain.system_time,27116328.000,47.000,0,,,,,,,0,0,,,,,,,
2026-09-03T19:06:22.722,1749,FAILED,FAILED,3982,2,1788429982713.612,66.764,timestamp_domain.system_time,27116375.000,47.000,0,,,,,,,0,0,,,,,,,
2026-09-03T19:06:22.769,1750,FAILED,FAILED,3983,1,1788429982746.967,33.355,timestamp_domain.system_time,27116421.000,46.000,0,,,,,,,0,0,,,,,,,
2026-09-03T19:06:22.816,1751,FAILED,FAILED,3984,1,1788429982780.201,33.233,timestamp_domain.system_time,27116468.000,47.000,0,,,,,,,0,0,,,,,,,
2026-09-03T19:06:22.863,1752,FAILED,FAILED,3986,2,1788429982847.084,66.884,timestamp_domain.system_time,27116515.000,47.000,0,,,,,,,0,0,,,,,,,
2026-09-03T19:06:22.909,1753,FAILED,FAILED,3987,1,1788429982880.337,33.253,timestamp_domain.system_time,27116562.000,47.000,0,,,,,,,0,0,,,,,,,
2026-09-03T19:06:22.955,1754,FAILED,FAILED,3989,2,1788429982947.170,66.833,timestamp_domain.system_time,27116609.000,47.000,0,,,,,,,0,0,,,,,,,
2026-09-03T19:06:23.002,1755,FAILED,FAILED,3990,1,1788429982980.521,33.352,timestamp_domain.system_time,27116656.000,47.000,0,,,,,,,0,0,,,,,,,
2026-09-03T19:06:23.049,1756,FAILED,FAILED,3991,1,1788429983013.868,33.347,timestamp_domain.system_time,27116703.000,47.000,0,,,,,,,0,0,,,,,,,
2026-09-03T19:06:23.111,1757,FAILED,FAILED,3993,2,1788429983080.635,66.766,timestamp_domain.system_time,27116765.000,62.000,0,,,,,,,0,0,,,,,,,
2026-09-03T19:06:23.179,1758,FAILED,FAILED,3995,2,1788429983147.429,66.795,timestamp_domain.system_time,27116828.000,63.000,0,,,,,,,0,0,,,,,,,
2026-09-03T19:06:23.247,1759,FAILED,FAILED,3997,2,1788429983214.083,66.654,timestamp_domain.system_time,27116906.000,78.000,0,,,,,,,0,0,,,,,,,
2026-09-03T19:06:23.314,1760,FAILED,FAILED,3999,2,1788429983280.625,66.542,timestamp_domain.system_time,27116968.000,62.000,0,,,,,,,0,0,,,,,,,
2026-09-03T19:06:23.382,1761,FAILED,FAILED,4001,2,1788429983347.238,66.613,timestamp_domain.system_time,27117031.000,63.000,0,,,,,,,0,0,,,,,,,
2026-09-03T19:06:23.449,1762,FAILED,FAILED,4003,2,1788429983414.288,67.050,timestamp_domain.system_time,27117109.000,78.000,0,,,,,,,0,0,,,,,,,
2026-09-03T19:06:23.518,1763,FAILED,FAILED,4005,2,1788429983481.239,66.951,timestamp_domain.system_time,27117171.000,62.000,0,,,,,,,0,0,,,,,,,
2026-09-03T19:06:23.586,1764,FAILED,FAILED,4006,1,1788429983514.271,33.032,timestamp_domain.system_time,27117234.000,63.000,0,,,,,,,0,0,,,,,,,
2026-09-03T19:06:23.656,1765,FAILED,FAILED,4009,3,1788429983614.404,100.132,timestamp_domain.system_time,27117312.000,78.000,0,,,,,,,0,0,,,,,,,
2026-09-03T19:06:23.703,1766,FAILED,FAILED,4011,2,1788429983680.975,66.572,timestamp_domain.system_time,27117359.000,47.000,0,,,,,,,0,0,,,,,,,
2026-09-03T19:06:23.751,1767,FAILED,FAILED,4012,1,1788429983714.099,33.124,timestamp_domain.system_time,27117406.000,47.000,0,,,,,,,0,0,,,,,,,
2026-09-03T19:06:23.798,1768,FAILED,FAILED,4014,2,1788429983781.161,67.062,timestamp_domain.system_time,27117453.000,47.000,0,,,,,,,0,0,,,,,,,
2026-09-03T19:06:23.845,1769,FAILED,FAILED,4015,1,1788429983814.334,33.173,timestamp_domain.system_time,27117500.000,47.000,0,,,,,,,0,0,,,,,,,
2026-09-03T19:06:23.892,1770,FAILED,FAILED,4017,2,1788429983881.042,66.708,timestamp_domain.system_time,27117546.000,46.000,0,,,,,,,0,0,,,,,,,
2026-09-03T19:06:23.939,1771,FAILED,FAILED,4018,1,1788429983914.406,33.363,timestamp_domain.system_time,27117593.000,47.000,0,,,,,,,0,0,,,,,,,
2026-09-03T19:06:23.988,1772,FAILED,FAILED,4020,2,1788429983981.016,66.611,timestamp_domain.system_time,27117640.000,47.000,0,,,,,,,0,0,,,,,,,
2026-09-03T19:06:24.035,1773,FAILED,FAILED,4021,1,1788429984014.429,33.412,timestamp_domain.system_time,27117687.000,47.000,0,,,,,,,0,0,,,,,,,
2026-09-03T19:06:24.083,1774,FAILED,FAILED,4022,1,1788429984047.747,33.318,timestamp_domain.system_time,27117734.000,47.000,0,,,,,,,0,0,,,,,,,
2026-09-03T19:06:24.133,1775,FAILED,FAILED,4024,2,1788429984114.189,66.442,timestamp_domain.system_time,27117781.000,47.000,0,,,,,,,0,0,,,,,,,
2026-09-03T19:06:24.181,1776,FAILED,FAILED,4025,1,1788429984147.726,33.537,timestamp_domain.system_time,27117843.000,62.000,0,,,,,,,0,0,,,,,,,
2026-09-03T19:06:24.230,1777,FAILED,FAILED,4027,2,1788429984214.484,66.759,timestamp_domain.system_time,27117890.000,47.000,0,,,,,,,0,0,,,,,,,
2026-09-03T19:06:24.287,1778,FAILED,FAILED,4028,1,1788429984247.856,33.371,timestamp_domain.system_time,27117937.000,47.000,0,,,,,,,0,0,,,,,,,
2026-09-03T19:06:24.334,1779,FAILED,FAILED,4030,2,1788429984314.479,66.624,timestamp_domain.system_time,27117984.000,47.000,0,,,,,,,0,0,,,,,,,
2026-09-03T19:06:24.380,1780,FAILED,FAILED,4031,1,1788429984347.750,33.271,timestamp_domain.system_time,27118031.000,47.000,0,,,,,,,0,0,,,,,,,
2026-09-03T19:06:24.426,1781,FAILED,FAILED,4033,2,1788429984414.836,67.086,timestamp_domain.system_time,27118078.000,47.000,0,,,,,,,0,0,,,,,,,
2026-09-03T19:06:24.471,1782,FAILED,FAILED,4034,1,1788429984447.990,33.155,timestamp_domain.system_time,27118125.000,47.000,0,,,,,,,0,0,,,,,,,
2026-09-03T19:06:24.517,1783,FAILED,FAILED,4035,1,1788429984481.390,33.399,timestamp_domain.system_time,27118171.000,46.000,0,,,,,,,0,0,,,,,,,
2026-09-03T19:06:24.564,1784,FAILED,FAILED,4036,1,1788429984514.915,33.525,timestamp_domain.system_time,27118218.000,47.000,0,,,,,,,0,0,,,,,,,
2026-09-03T19:06:24.661,1785,FAILED,FAILED,4039,3,1788429984614.769,99.854,timestamp_domain.system_time,27118312.000,94.000,0,,,,,,,0,0,,,,,,,
2026-09-03T19:06:24.728,1786,FAILED,FAILED,4042,3,1788429984714.845,100.075,timestamp_domain.system_time,27118390.000,78.000,0,,,,,,,0,0,,,,,,,
2026-09-03T19:06:24.775,1787,FAILED,FAILED,4043,1,1788429984748.403,33.559,timestamp_domain.system_time,27118437.000,47.000,0,,,,,,,0,0,,,,,,,
2026-09-03T19:06:24.822,1788,FAILED,FAILED,4045,2,1788429984815.004,66.601,timestamp_domain.system_time,27118484.000,47.000,0,,,,,,,0,0,,,,,,,
2026-09-03T19:06:24.872,1789,FAILED,FAILED,4046,1,1788429984848.535,33.531,timestamp_domain.system_time,27118531.000,47.000,0,,,,,,,0,0,,,,,,,
2026-09-03T19:06:24.919,1790,FAILED,FAILED,4047,1,1788429984881.700,33.165,timestamp_domain.system_time,27118578.000,47.000,0,,,,,,,0,0,,,,,,,
2026-09-03T19:06:24.966,1791,FAILED,FAILED,4049,2,1788429984948.442,66.742,timestamp_domain.system_time,27118625.000,47.000,0,,,,,,,0,0,,,,,,,
2026-09-03T19:06:25.012,1792,FAILED,FAILED,4050,1,1788429984981.716,33.274,timestamp_domain.system_time,27118671.000,46.000,0,,,,,,,0,0,,,,,,,
2026-09-03T19:06:25.061,1793,FAILED,FAILED,4052,2,1788429985048.537,66.822,timestamp_domain.system_time,27118718.000,47.000,0,,,,,,,0,0,,,,,,,
2026-09-03T19:06:25.108,1794,FAILED,FAILED,4053,1,1788429985082.044,33.507,timestamp_domain.system_time,27118765.000,47.000,0,,,,,,,0,0,,,,,,,
2026-09-03T19:06:25.156,1795,FAILED,FAILED,4055,2,1788429985148.789,66.746,timestamp_domain.system_time,27118812.000,47.000,0,,,,,,,0,0,,,,,,,
2026-09-03T19:06:25.201,1796,FAILED,FAILED,4056,1,1788429985181.865,33.076,timestamp_domain.system_time,27118859.000,47.000,0,,,,,,,0,0,,,,,,,
2026-09-03T19:06:25.249,1797,FAILED,FAILED,4057,1,1788429985215.250,33.385,timestamp_domain.system_time,27118906.000,47.000,0,,,,,,,0,0,,,,,,,
2026-09-03T19:06:25.299,1798,FAILED,FAILED,4059,2,1788429985281.750,66.500,timestamp_domain.system_time,27118953.000,47.000,0,,,,,,,0,0,,,,,,,
2026-09-03T19:06:25.345,1799,FAILED,FAILED,4060,1,1788429985315.240,33.490,timestamp_domain.system_time,27119000.000,47.000,0,,,,,,,0,0,,,,,,,
2026-09-03T19:06:25.390,1800,FAILED,FAILED,4062,2,1788429985382.011,66.771,timestamp_domain.system_time,27119046.000,46.000,0,,,,,,,0,0,,,,,,,
2026-09-03T19:06:25.437,1801,FAILED,FAILED,4063,1,1788429985415.381,33.370,timestamp_domain.system_time,27119093.000,47.000,0,,,,,,,0,0,,,,,,,
2026-09-03T19:06:25.484,1802,FAILED,FAILED,4064,1,1788429985448.825,33.444,timestamp_domain.system_time,27119140.000,47.000,0,,,,,,,0,0,,,,,,,
2026-09-03T19:06:25.531,1803,FAILED,FAILED,4066,2,1788429985515.474,66.649,timestamp_domain.system_time,27119187.000,47.000,0,,,,,,,0,0,,,,,,,
2026-09-03T19:06:25.663,1804,FAILED,FAILED,4069,3,1788429985616.399,100.925,timestamp_domain.system_time,27119312.000,125.000,0,,,,,,,0,0,,,,,,,
2026-09-03T19:06:25.726,1805,FAILED,FAILED,4072,3,1788429985715.670,99.271,timestamp_domain.system_time,27119375.000,63.000,0,,,,,,,0,0,,,,,,,
2026-09-03T19:06:25.778,1806,FAILED,FAILED,4073,1,1788429985748.929,33.260,timestamp_domain.system_time,27119437.000,62.000,0,,,,,,,0,0,,,,,,,
2026-09-03T19:06:25.825,1807,FAILED,FAILED,4075,2,1788429985815.481,66.552,timestamp_domain.system_time,27119484.000,47.000,0,,,,,,,0,0,,,,,,,
2026-09-03T19:06:25.871,1808,FAILED,FAILED,4076,1,1788429985848.826,33.345,timestamp_domain.system_time,27119531.000,47.000,0,,,,,,,0,0,,,,,,,
2026-09-03T19:06:25.919,1809,FAILED,FAILED,4077,1,1788429985882.482,33.656,timestamp_domain.system_time,27119578.000,47.000,0,,,,,,,0,0,,,,,,,
2026-09-03T19:06:25.966,1810,FAILED,FAILED,4079,2,1788429985949.341,66.859,timestamp_domain.system_time,27119625.000,47.000,0,,,,,,,0,0,,,,,,,
2026-09-03T19:06:26.013,1811,FAILED,FAILED,4080,1,1788429985982.423,33.082,timestamp_domain.system_time,27119671.000,46.000,0,,,,,,,0,0,,,,,,,
2026-09-03T19:06:26.060,1812,FAILED,FAILED,4082,2,1788429986049.154,66.731,timestamp_domain.system_time,27119718.000,47.000,0,,,,,,,0,0,,,,,,,
2026-09-03T19:06:26.108,1813,FAILED,FAILED,4083,1,1788429986082.678,33.524,timestamp_domain.system_time,27119765.000,47.000,0,,,,,,,0,0,,,,,,,
2026-09-03T19:06:26.155,1814,FAILED,FAILED,4084,1,1788429986115.937,33.259,timestamp_domain.system_time,27119812.000,47.000,0,,,,,,,0,0,,,,,,,
2026-09-03T19:06:26.203,1815,FAILED,FAILED,4086,2,1788429986182.573,66.636,timestamp_domain.system_time,27119859.000,47.000,0,,,,,,,0,0,,,,,,,
2026-09-03T19:06:26.258,1816,FAILED,FAILED,4087,1,1788429986215.934,33.361,timestamp_domain.system_time,27119921.000,62.000,0,,,,,,,0,0,,,,,,,
2026-09-03T19:06:26.315,1817,FAILED,FAILED,4089,2,1788429986282.690,66.756,timestamp_domain.system_time,27119968.000,47.000,0,,,,,,,0,0,,,,,,,
2026-09-03T19:06:26.363,1818,FAILED,FAILED,4091,2,1788429986349.466,66.776,timestamp_domain.system_time,27120015.000,47.000,0,,,,,,,0,0,,,,,,,
2026-09-03T19:06:26.409,1819,FAILED,FAILED,4092,1,1788429986382.846,33.380,timestamp_domain.system_time,27120062.000,47.000,0,,,,,,,0,0,,,,,,,
2026-09-03T19:06:26.454,1820,FAILED,FAILED,4093,1,1788429986416.154,33.309,timestamp_domain.system_time,27120109.000,47.000,0,,,,,,,0,0,,,,,,,
2026-09-03T19:06:26.500,1821,FAILED,FAILED,4095,2,1788429986482.683,66.529,timestamp_domain.system_time,27120156.000,47.000,0,,,,,,,0,0,,,,,,,
