t_iso,t_mono,frame_i,fsm_state,align_sub,det_ok,pos_x,pos_y,pos_z,yaw_deg,yaw_model_raw_deg,width_m,fps,rot_stop_command,rot_stop_mode,rot_stop_measured_rate_deg_s,rot_stop_effective_rate_deg_s,rot_stop_error_deg,rot_post_stop_deg,rot_post_stop_peak_abs_deg
2026-09-06T15:33:43.537,178647.890000,1,PRECHECK,PRECHECK,1,-0.260681,0.408015,3.815747,-16.4982,-16.4982,1.1000,1.90,,,,,,,
2026-09-06T15:33:43.713,178648.062000,3,ACQUIRE_VERIFY,ACQUIRE_VERIFY,1,-0.256149,0.411835,3.822362,-16.3090,-16.3090,1.1000,1.10,,,,,,,
2026-09-06T15:33:43.851,178648.203000,4,ACQUIRE_VERIFY,ACQUIRE_VERIFY,1,-0.256314,0.412784,3.826596,-16.1585,-16.1585,1.1000,1.10,,,,,,,
2026-09-06T15:33:44.008,178648.359000,6,ACQUIRE_VERIFY,ACQUIRE_VERIFY,1,-0.256733,0.413787,3.826647,-16.2099,-16.2099,1.1000,1.10,,,,,,,
2026-09-06T15:33:44.163,178648.515000,8,ACQUIRE_VERIFY,ACQUIRE_VERIFY,1,-0.257474,0.414194,3.825750,-16.0408,-16.0408,1.1000,11.15,,,,,,,
2026-09-06T15:33:44.313,178648.671000,10,ACQUIRE_VERIFY,ACQUIRE_VERIFY,1,-0.257299,0.414346,3.823325,-16.1430,-16.1430,1.1000,11.15,,,,,,,
2026-09-06T15:33:44.463,178648.812000,12,ACQUIRE_VERIFY,ACQUIRE_VERIFY,1,-0.256894,0.413641,3.817132,-15.8516,-15.8516,1.1000,11.15,,,,,,,
2026-09-06T15:33:44.639,178649.000000,14,FACE_ROTATE,FACE_ROTATE,1,-0.257706,0.414228,3.822485,-15.9018,-15.9018,1.1000,11.15,,,,,,,
2026-09-06T15:33:44.853,178649.203000,16,FACE_ROTATE,FACE_ROTATE,1,-0.257238,0.414838,3.826401,-16.0586,-16.0586,1.1000,12.72,,,,,,,
2026-09-06T15:33:45.032,178649.390000,18,FACE_ROTATE,FACE_ROTATE,1,-0.258563,0.414444,3.822621,-15.8395,-15.8395,1.1000,12.72,,,,,,,
2026-09-06T15:33:45.213,178649.562000,20,FACE_ROTATE,FACE_ROTATE,1,-0.257238,0.414838,3.826401,-16.0586,-16.0586,1.1000,12.72,,,,,,,
2026-09-06T15:33:45.379,178649.734000,22,FACE_ROTATE,FACE_ROTATE,1,-0.257801,0.414502,3.823248,-16.0077,-16.0077,1.1000,10.49,,,,,,,
2026-09-06T15:33:45.548,178649.906000,24,FACE_ROTATE,FACE_ROTATE,1,-0.254298,0.413659,3.820058,-15.9912,-15.9912,1.1000,10.49,,,,,,,
2026-09-06T15:33:45.742,178650.093000,26,FACE_ROTATE,FACE_ROTATE,1,-0.245166,0.414132,3.829790,-15.8259,-15.8259,1.1000,10.49,,,,,,,
2026-09-06T15:33:45.858,178650.218000,27,FACE_ROTATE,FACE_ROTATE,1,-0.224713,0.412831,3.806954,-15.0747,-15.0747,1.1000,10.72,,,,,,,
2026-09-06T15:33:46.021,178650.375000,29,FACE_ROTATE,FACE_ROTATE,1,-0.168567,0.414494,3.821716,-14.7451,-14.7451,1.1000,10.72,,,,,,,
2026-09-06T15:33:46.192,178650.546000,31,FACE_SETTLE,FACE_SETTLE,1,-0.048876,0.413611,3.825472,-13.1619,-13.1619,1.1000,10.72,ROT_LEFT,face,6.5584,6.5584,-2.5255,0.5909,0.5909
2026-09-06T15:33:46.347,178650.703000,33,FACE_SETTLE,FACE_SETTLE,1,0.147704,0.410093,3.846274,-11.1428,-11.1428,1.1000,11.89,ROT_LEFT,face,6.5584,6.5584,-2.5255,2.8548,2.8548
2026-09-06T15:33:46.498,178650.859000,35,FACE_SETTLE,FACE_SETTLE,1,0.235288,0.415069,3.804583,-9.1035,-9.1035,1.1000,11.89,ROT_LEFT,face,6.5584,6.5584,-2.5255,5.9168,5.9168
2026-09-06T15:33:46.687,178651.046000,37,FACE_SETTLE,FACE_SETTLE,1,0.150730,0.409425,3.849525,-11.1005,-11.1005,1.1000,11.89,ROT_LEFT,face,6.5584,6.5584,-2.5255,5.5943,6.0644
2026-09-06T15:33:46.894,178651.250000,39,FACE_SETTLE,FACE_SETTLE,1,0.176682,0.407754,3.833246,-10.7614,-10.7614,1.1000,11.29,ROT_LEFT,face,6.5584,6.5584,-2.5255,4.8866,6.0644
2026-09-06T15:33:47.080,178651.437000,41,FACE_SETTLE,FACE_SETTLE,1,0.164437,0.402854,3.830938,-10.5123,-10.5123,1.1000,11.29,ROT_LEFT,face,6.5584,6.5584,-2.5255,5.1578,6.0644
2026-09-06T15:33:47.336,178651.687000,43,FACE_SETTLE,FACE_SETTLE,1,0.173348,0.406220,3.838232,-10.7572,-10.7572,1.1000,11.29,ROT_LEFT,face,6.5584,6.5584,-2.5255,5.0466,6.0644
2026-09-06T15:33:47.457,178651.812000,44,FACE_SETTLE,FACE_SETTLE,1,0.169054,0.404635,3.834144,-10.7769,-10.7769,1.1000,8.99,ROT_LEFT,face,6.5584,6.5584,-2.5255,5.1115,6.0644
2026-09-06T15:33:47.650,178652.000000,46,FACE_SETTLE,FACE_SETTLE,1,0.174067,0.406066,3.837142,-10.8906,-10.8906,1.1000,8.99,ROT_LEFT,face,6.5584,6.5584,-2.5255,5.0853,6.0644
2026-09-06T15:33:47.840,178652.187000,48,FACE_SETTLE,FACE_SETTLE,1,0.170167,0.404873,3.836404,-10.8358,-10.8358,1.1000,8.99,ROT_LEFT,face,6.5584,6.5584,-2.5255,5.0653,6.0644
2026-09-06T15:33:48.027,178652.375000,50,FACE_SETTLE,FACE_SETTLE,1,0.169566,0.405350,3.840991,-10.5720,-10.5720,1.1000,10.24,ROT_LEFT,face,6.5584,6.5584,-2.5255,5.1023,6.0644
2026-09-06T15:33:48.127,178652.484000,51,FACE_SETTLE,FACE_SETTLE,1,0.169780,0.405912,3.841583,-10.6765,-10.6765,1.1000,10.24,ROT_LEFT,face,6.5584,6.5584,-2.5255,5.0533,6.0644
2026-09-06T15:33:48.314,178652.671000,53,FACE_SETTLE,FACE_SETTLE,1,0.171523,0.406390,3.845966,-10.7709,-10.7709,1.1000,10.24,ROT_LEFT,face,6.5584,6.5584,-2.5255,5.0955,6.0644
2026-09-06T15:33:48.430,178652.781000,54,FACE_SETTLE,FACE_SETTLE,1,0.171627,0.405524,3.842634,-10.8704,-10.8704,1.1000,10.24,ROT_LEFT,face,6.5584,6.5584,-2.5255,5.0791,6.0644
2026-09-06T15:33:48.602,178652.953000,56,FACE_SETTLE,FACE_SETTLE,1,0.172221,0.405329,3.836359,-10.6962,-10.6962,1.1000,10.35,ROT_LEFT,face,6.5584,6.5584,-2.5255,5.0954,6.0644
2026-09-06T15:33:48.784,178653.140000,58,FACE_SETTLE,FACE_SETTLE,1,0.173042,0.405873,3.841127,-10.9124,-10.9124,1.1000,10.35,ROT_LEFT,face,6.5584,6.5584,-2.5255,5.0709,6.0644
2026-09-06T15:33:48.981,178653.328000,60,FACE_SETTLE,FACE_SETTLE,1,0.170610,0.406085,3.843671,-10.8162,-10.8162,1.1000,10.35,ROT_LEFT,face,6.5584,6.5584,-2.5255,5.0848,6.0644
2026-09-06T15:33:49.155,178653.515000,62,FACE_SETTLE,FACE_SETTLE,1,0.172414,0.406311,3.840680,-10.8464,-10.8464,1.1000,10.90,ROT_LEFT,face,6.5584,6.5584,-2.5255,5.0701,6.0644
2026-09-06T15:33:49.332,178653.687000,64,FACE_SETTLE,FACE_SETTLE,1,0.171811,0.405650,3.839555,-10.7847,-10.7847,1.1000,10.90,ROT_LEFT,face,6.5584,6.5584,-2.5255,5.0958,6.0644
2026-09-06T15:33:49.497,178653.843000,66,FACE_SETTLE,FACE_SETTLE,1,0.172205,0.405309,3.840509,-10.7416,-10.7416,1.1000,10.90,ROT_LEFT,face,6.5584,6.5584,-2.5255,5.0966,6.0644
2026-09-06T15:33:49.663,178654.015000,68,FACE_SETTLE,FACE_SETTLE,1,0.172207,0.405784,3.836390,-10.8044,-10.8044,1.1000,11.81,ROT_LEFT,face,6.5584,6.5584,-2.5255,5.0800,6.0644
2026-09-06T15:33:49.846,178654.203000,70,FACE_SETTLE,FACE_SETTLE,1,0.172205,0.405629,3.838836,-10.7722,-10.7722,1.1000,11.81,ROT_LEFT,face,6.5584,6.5584,-2.5255,5.1047,6.0644
2026-09-06T15:33:50.033,178654.390000,72,FACE_ROTATE,FACE_ROTATE,1,0.171912,0.405763,3.840918,-10.8204,-10.8204,1.1000,11.81,ROT_LEFT,face,6.5584,6.5584,-2.5255,5.0806,6.0644
2026-09-06T15:33:50.200,178654.546000,74,FACE_ROTATE,FACE_ROTATE,1,0.172941,0.405699,3.839777,-10.8766,-10.8766,1.1000,11.08,ROT_LEFT,face,6.5584,6.5584,-2.5255,5.0806,6.0644
2026-09-06T15:33:50.297,178654.656000,75,FACE_ROTATE,FACE_ROTATE,1,0.164573,0.407319,3.830317,-10.4737,-10.4737,1.1000,11.08,ROT_LEFT,face,6.5584,6.5584,-2.5255,5.0806,6.0644
2026-09-06T15:33:50.484,178654.843000,77,FACE_ROTATE,FACE_ROTATE,1,0.156684,0.407852,3.849468,-10.7938,-10.7938,1.1000,11.08,ROT_LEFT,face,6.5584,6.5584,-2.5255,5.0806,6.0644
2026-09-06T15:33:50.663,178655.015000,79,FACE_ROTATE,FACE_ROTATE,1,0.158540,0.406072,3.848005,-10.6891,-10.6891,1.1000,11.08,ROT_LEFT,face,6.5584,6.5584,-2.5255,5.0806,6.0644
2026-09-06T15:33:50.837,178655.187000,81,FACE_ROTATE,FACE_ROTATE,1,0.156067,0.408729,3.857779,-10.8283,-10.8283,1.1000,11.14,ROT_LEFT,face,6.5584,6.5584,-2.5255,5.0806,6.0644
2026-09-06T15:33:51.015,178655.375000,83,FACE_ROTATE,FACE_ROTATE,1,0.151798,0.409011,3.836021,-10.5416,-10.5416,1.1000,11.14,ROT_LEFT,face,6.5584,6.5584,-2.5255,5.0806,6.0644
2026-09-06T15:33:51.189,178655.546000,85,FACE_ROTATE,FACE_ROTATE,1,0.131581,0.408452,3.836413,-11.5922,-11.5922,1.1000,11.14,ROT_LEFT,face,6.5584,6.5584,-2.5255,5.0806,6.0644
2026-09-06T15:33:51.369,178655.718000,87,FACE_ROTATE,FACE_ROTATE,1,0.092906,0.410956,3.830317,-11.3252,-11.3252,1.1000,11.20,ROT_LEFT,face,6.5584,6.5584,-2.5255,5.0806,6.0644
2026-09-06T15:33:51.555,178655.906000,89,FACE_SETTLE,FACE_SETTLE,1,0.009188,0.417717,3.837382,-12.6471,-12.6471,1.1000,11.20,ROT_RIGHT,face,-8.2706,-8.2706,0.7444,0.0000,0.0000
2026-09-06T15:33:51.730,178656.078000,91,FACE_SETTLE,FACE_SETTLE,1,-0.187334,0.409996,3.823901,-14.9237,-14.9237,1.1000,11.20,ROT_RIGHT,face,-8.2706,-8.2706,0.7444,1.9392,1.9392
2026-09-06T15:33:51.899,178656.250000,93,FACE_SETTLE,FACE_SETTLE,1,-0.209089,0.414514,3.836805,-15.6578,-15.6578,1.1000,11.12,ROT_RIGHT,face,-8.2706,-8.2706,0.7444,4.0356,4.0356
2026-09-06T15:33:52.069,178656.421000,95,FACE_SETTLE,FACE_SETTLE,1,-0.131315,0.424791,3.832043,-14.5365,-14.5365,1.1000,11.12,ROT_RIGHT,face,-8.2706,-8.2706,0.7444,3.1580,4.0356
2026-09-06T15:33:52.252,178656.609000,97,FACE_SETTLE,FACE_SETTLE,1,-0.185476,0.411645,3.814800,-14.8812,-14.8812,1.1000,11.12,ROT_RIGHT,face,-8.2706,-8.2706,0.7444,3.3414,4.0356
2026-09-06T15:33:52.428,178656.781000,99,FACE_SETTLE,FACE_SETTLE,1,-0.171493,0.413692,3.818679,-14.6862,-14.6862,1.1000,11.58,ROT_RIGHT,face,-8.2706,-8.2706,0.7444,3.4117,4.0356
2026-09-06T15:33:52.598,178656.953000,101,FACE_SETTLE,FACE_SETTLE,1,-0.180545,0.413210,3.824362,-14.7568,-14.7568,1.1000,11.58,ROT_RIGHT,face,-8.2706,-8.2706,0.7444,3.3751,4.0356
2026-09-06T15:33:52.764,178657.125000,103,FACE_SETTLE,FACE_SETTLE,1,-0.177078,0.413347,3.815382,-14.5889,-14.5889,1.1000,11.58,ROT_RIGHT,face,-8.2706,-8.2706,0.7444,3.4538,4.0356
2026-09-06T15:33:52.897,178657.250000,104,FACE_SETTLE,FACE_SETTLE,1,-0.179357,0.413644,3.822657,-14.7055,-14.7055,1.1000,10.86,ROT_RIGHT,face,-8.2706,-8.2706,0.7444,3.4016,4.0356
2026-09-06T15:33:53.066,178657.421000,106,FACE_SETTLE,FACE_SETTLE,1,-0.178033,0.412672,3.818174,-14.5376,-14.5376,1.1000,10.86,ROT_RIGHT,face,-8.2706,-8.2706,0.7444,3.4490,4.0356
2026-09-06T15:33:53.239,178657.593000,108,FACE_SETTLE,FACE_SETTLE,1,-0.179465,0.412844,3.821611,-14.6178,-14.6178,1.1000,10.86,ROT_RIGHT,face,-8.2706,-8.2706,0.7444,3.4170,4.0356
2026-09-06T15:33:53.414,178657.765000,110,FACE_SETTLE,FACE_SETTLE,1,-0.177962,0.412959,3.816292,-14.6387,-14.6387,1.1000,11.38,ROT_RIGHT,face,-8.2706,-8.2706,0.7444,3.4151,4.0356
2026-09-06T15:33:53.574,178657.921000,112,FACE_SETTLE,FACE_SETTLE,1,-0.179548,0.413652,3.824591,-14.6732,-14.6732,1.1000,11.38,ROT_RIGHT,face,-8.2706,-8.2706,0.7444,3.4241,4.0356
2026-09-06T15:33:53.740,178658.093000,114,FACE_SETTLE,FACE_SETTLE,1,-0.179459,0.413613,3.826970,-14.6744,-14.6744,1.1000,11.38,ROT_RIGHT,face,-8.2706,-8.2706,0.7444,3.4355,4.0356
2026-09-06T15:33:53.914,178658.265000,116,FACE_SETTLE,FACE_SETTLE,1,-0.177233,0.412828,3.815256,-14.7211,-14.7211,1.1000,11.98,ROT_RIGHT,face,-8.2706,-8.2706,0.7444,3.4150,4.0356
2026-09-06T15:33:54.094,178658.453000,118,FACE_SETTLE,FACE_SETTLE,1,-0.179655,0.413291,3.821351,-14.6364,-14.6364,1.1000,11.98,ROT_RIGHT,face,-8.2706,-8.2706,0.7444,3.4084,4.0356
2026-09-06T15:33:54.261,178658.609000,120,FACE_SETTLE,FACE_SETTLE,1,-0.177850,0.412970,3.818302,-14.6391,-14.6391,1.1000,11.98,ROT_RIGHT,face,-8.2706,-8.2706,0.7444,3.4122,4.0356
2026-09-06T15:33:54.431,178658.781000,122,FACE_SETTLE,FACE_SETTLE,1,-0.179653,0.413159,3.824672,-14.6222,-14.6222,1.1000,11.56,ROT_RIGHT,face,-8.2706,-8.2706,0.7444,3.4163,4.0356
2026-09-06T15:33:54.603,178658.953000,124,FACE_SETTLE,FACE_SETTLE,1,-0.179408,0.413239,3.823426,-14.5842,-14.5842,1.1000,11.56,ROT_RIGHT,face,-8.2706,-8.2706,0.7444,3.4429,4.0356
2026-09-06T15:33:54.780,178659.140000,126,FACE_SETTLE,FACE_SETTLE,1,-0.177867,0.412852,3.815320,-14.6546,-14.6546,1.1000,11.56,ROT_RIGHT,face,-8.2706,-8.2706,0.7444,3.4157,4.0356
2026-09-06T15:33:54.970,178659.328000,128,FACE_SETTLE,FACE_SETTLE,1,-0.179408,0.413239,3.823426,-14.5842,-14.5842,1.1000,11.00,ROT_RIGHT,face,-8.2706,-8.2706,0.7444,3.4348,4.0356
2026-09-06T15:33:55.152,178659.500000,130,FACE_SETTLE,FACE_SETTLE,1,-0.179484,0.413602,3.824067,-14.5675,-14.5675,1.1000,11.00,ROT_RIGHT,face,-8.2706,-8.2706,0.7444,3.4189,4.0356
2026-09-06T15:33:55.366,178659.718000,132,FACE_SETTLE,FACE_SETTLE,1,-0.178075,0.412400,3.817552,-14.6232,-14.6232,1.1000,11.00,ROT_RIGHT,face,-8.2706,-8.2706,0.7444,3.4401,4.0356
2026-09-06T15:33:55.565,178659.921000,134,FACE_ROTATE,FACE_ROTATE,1,-0.179455,0.413345,3.821644,-14.4974,-14.4974,1.1000,10.26,ROT_RIGHT,face,-8.2706,-8.2706,0.7444,3.4143,4.0356
2026-09-06T15:33:55.749,178660.109000,136,FACE_ROTATE,FACE_ROTATE,1,-0.178049,0.412927,3.816065,-14.5869,-14.5869,1.1000,10.26,ROT_RIGHT,face,-8.2706,-8.2706,0.7444,3.4143,4.0356
2026-09-06T15:33:55.948,178660.296000,138,FACE_ROTATE,FACE_ROTATE,1,-0.176387,0.413005,3.817050,-14.6207,-14.6207,1.1000,10.26,ROT_RIGHT,face,-8.2706,-8.2706,0.7444,3.4143,4.0356
2026-09-06T15:33:56.054,178660.406000,139,FACE_ROTATE,FACE_ROTATE,1,-0.176809,0.412092,3.819257,-14.4850,-14.4850,1.1000,10.26,ROT_RIGHT,face,-8.2706,-8.2706,0.7444,3.4143,4.0356
2026-09-06T15:33:56.248,178660.609000,141,FACE_ROTATE,FACE_ROTATE,1,-0.177586,0.413054,3.823140,-14.5556,-14.5556,1.1000,10.47,ROT_RIGHT,face,-8.2706,-8.2706,0.7444,3.4143,4.0356
2026-09-06T15:33:56.464,178660.812000,143,FACE_ROTATE,FACE_ROTATE,1,-0.175103,0.412266,3.825024,-14.5600,-14.5600,1.1000,10.47,ROT_RIGHT,face,-8.2706,-8.2706,0.7444,3.4143,4.0356
2026-09-06T15:33:56.581,178660.937000,144,FACE_ROTATE,FACE_ROTATE,0,,,,,,,10.47,ROT_RIGHT,face,-8.2706,-8.2706,0.7444,3.4143,4.0356
2026-09-06T15:33:56.781,178661.140000,146,FACE_ROTATE,FACE_ROTATE,1,-0.153206,0.412952,3.822832,-14.2262,-14.2262,1.1000,9.35,ROT_RIGHT,face,-8.2706,-8.2706,0.7444,3.4143,4.0356
2026-09-06T15:33:56.982,178661.343000,148,FACE_ROTATE,FACE_ROTATE,1,-0.083168,0.412944,3.822245,-13.7716,-13.7716,1.1000,9.35,ROT_RIGHT,face,-8.2706,-8.2706,0.7444,3.4143,4.0356
2026-09-06T15:33:57.181,178661.531000,150,FACE_SETTLE,FACE_SETTLE,1,0.037395,0.411705,3.838514,-12.2427,-12.2427,1.1000,9.95,ROT_LEFT,face,8.3900,8.3900,-1.2465,0.7988,0.7988
2026-09-06T15:33:57.289,178661.640000,151,FACE_SETTLE,FACE_SETTLE,1,0.104198,0.405428,3.811388,-11.1741,-11.1741,1.1000,9.95,ROT_LEFT,face,8.3900,8.3900,-1.2465,1.8047,1.8047
2026-09-06T15:33:57.398,178661.750000,152,FACE_SETTLE,FACE_SETTLE,1,0.213931,0.405907,3.810627,-10.0730,-10.0730,1.1000,9.95,ROT_LEFT,face,8.3900,8.3900,-1.2465,2.8125,2.8125
2026-09-06T15:33:57.498,178661.859000,153,FACE_SETTLE,FACE_SETTLE,1,0.216774,0.415469,3.813289,-9.9543,-9.9543,1.1000,9.95,ROT_LEFT,face,8.3900,8.3900,-1.2465,4.4597,4.4597
2026-09-06T15:33:57.699,178662.046000,155,FACE_SETTLE,FACE_SETTLE,1,0.154060,0.409819,3.835001,-10.6451,-10.6451,1.1000,9.72,ROT_LEFT,face,8.3900,8.3900,-1.2465,3.4908,4.5001
2026-09-06T15:33:57.801,178662.156000,156,FACE_SETTLE,FACE_SETTLE,1,0.172833,0.404904,3.837432,-10.6491,-10.6491,1.1000,9.72,ROT_LEFT,face,8.3900,8.3900,-1.2465,3.5470,4.5001
2026-09-06T15:33:57.942,178662.296000,157,FACE_SETTLE,FACE_SETTLE,1,0.173040,0.404354,3.831965,-10.4887,-10.4887,1.1000,9.72,ROT_LEFT,face,8.3900,8.3900,-1.2465,3.8253,4.5001
2026-09-06T15:33:58.048,178662.406000,158,FACE_SETTLE,FACE_SETTLE,1,0.158728,0.403914,3.832052,-10.3462,-10.3462,1.1000,9.72,ROT_LEFT,face,8.3900,8.3900,-1.2465,3.8320,4.5001
2026-09-06T15:33:58.227,178662.578000,159,FACE_SETTLE,FACE_SETTLE,1,0.164465,0.405576,3.837272,-10.6707,-10.6707,1.1000,9.72,ROT_LEFT,face,8.3900,8.3900,-1.2465,3.6184,4.5001
2026-09-06T15:33:58.441,178662.796000,161,FACE_SETTLE,FACE_SETTLE,1,0.161394,0.404984,3.843003,-10.5571,-10.5571,1.1000,7.90,ROT_LEFT,face,8.3900,8.3900,-1.2465,3.6707,4.5001
2026-09-06T15:33:58.632,178662.984000,163,FACE_SETTLE,FACE_SETTLE,1,0.162629,0.405426,3.847228,-10.6267,-10.6267,1.1000,7.90,ROT_LEFT,face,8.3900,8.3900,-1.2465,3.6863,4.5001
2026-09-06T15:33:58.748,178663.109000,164,FACE_SETTLE,FACE_SETTLE,1,0.161296,0.404876,3.841863,-10.5210,-10.5210,1.1000,7.90,ROT_LEFT,face,8.3900,8.3900,-1.2465,3.6670,4.5001
2026-09-06T15:33:58.965,178663.312000,166,FACE_SETTLE,FACE_SETTLE,1,0.164461,0.404611,3.834853,-10.7017,-10.7017,1.1000,9.56,ROT_LEFT,face,8.3900,8.3900,-1.2465,3.6992,4.5001
2026-09-06T15:33:59.080,178663.437000,167,FACE_SETTLE,FACE_SETTLE,1,0.162118,0.404228,3.835640,-10.4524,-10.4524,1.1000,9.56,ROT_LEFT,face,8.3900,8.3900,-1.2465,3.7022,4.5001
2026-09-06T15:33:59.288,178663.640000,169,FACE_SETTLE,FACE_SETTLE,1,0.163169,0.405559,3.843470,-10.6073,-10.6073,1.1000,9.56,ROT_LEFT,face,8.3900,8.3900,-1.2465,3.6847,4.5001
2026-09-06T15:33:59.488,178663.843000,171,FACE_SETTLE,FACE_SETTLE,1,0.164262,0.405879,3.835361,-10.5974,-10.5974,1.1000,9.35,ROT_LEFT,face,8.3900,8.3900,-1.2465,3.6783,4.5001
2026-09-06T15:33:59.681,178664.031000,173,FACE_SETTLE,FACE_SETTLE,1,0.162831,0.405662,3.849512,-10.6997,-10.6997,1.1000,9.35,ROT_LEFT,face,8.3900,8.3900,-1.2465,3.6670,4.5001
2026-09-06T15:33:59.781,178664.140000,174,FACE_SETTLE,FACE_SETTLE,1,0.164251,0.405347,3.837007,-10.5660,-10.5660,1.1000,9.35,ROT_LEFT,face,8.3900,8.3900,-1.2465,3.6686,4.5001
2026-09-06T15:33:59.892,178664.250000,175,FACE_SETTLE,FACE_SETTLE,1,0.162117,0.405428,3.837618,-10.4219,-10.4219,1.1000,9.86,ROT_LEFT,face,8.3900,8.3900,-1.2465,3.6977,4.5001
2026-09-06T15:34:00.101,178664.453000,177,FACE_SETTLE,FACE_SETTLE,1,0.163450,0.405979,3.842982,-10.5273,-10.5273,1.1000,9.86,ROT_LEFT,face,8.3900,8.3900,-1.2465,3.6689,4.5001
2026-09-06T15:34:00.304,178664.656000,179,FACE_SETTLE,FACE_SETTLE,1,0.163439,0.404988,3.843026,-10.5258,-10.5258,1.1000,9.86,ROT_LEFT,face,8.3900,8.3900,-1.2465,3.6765,4.5001
2026-09-06T15:34:00.498,178664.859000,181,FACE_SETTLE,FACE_SETTLE,1,0.162653,0.405951,3.847346,-10.5192,-10.5192,1.1000,9.79,ROT_LEFT,face,8.3900,8.3900,-1.2465,3.6897,4.5001
2026-09-06T15:34:00.699,178665.046000,183,FACE_SETTLE,FACE_SETTLE,1,0.161818,0.405867,3.841748,-10.4390,-10.4390,1.1000,9.79,ROT_LEFT,face,8.3900,8.3900,-1.2465,3.6741,4.5001
2026-09-06T15:34:00.806,178665.156000,184,FACE_SETTLE,FACE_SETTLE,1,0.161912,0.405004,3.842939,-10.4743,-10.4743,1.1000,9.79,ROT_LEFT,face,8.3900,8.3900,-1.2465,3.6584,4.5001
2026-09-06T15:34:00.981,178665.328000,185,FACE_SETTLE,FACE_SETTLE,1,0.162630,0.405872,3.846567,-10.5448,-10.5448,1.1000,8.84,ROT_LEFT,face,8.3900,8.3900,-1.2465,3.6591,4.5001
2026-09-06T15:34:01.086,178665.437000,186,FACE_SETTLE,FACE_SETTLE,1,0.163453,0.406284,3.850405,-10.6541,-10.6541,1.1000,8.84,ROT_LEFT,face,8.3900,8.3900,-1.2465,3.6675,4.5001
2026-09-06T15:34:01.187,178665.546000,187,STANDOFF_VERIFY,STANDOFF_VERIFY,1,0.162430,0.406084,3.843865,-10.4731,-10.4731,1.1000,8.84,ROT_LEFT,face,8.3900,8.3900,-1.2465,3.6773,4.5001
2026-09-06T15:34:01.391,178665.750000,189,STANDOFF_VERIFY,STANDOFF_VERIFY,1,0.162414,0.404757,3.833937,-10.4037,-10.4037,1.1000,8.84,ROT_LEFT,face,8.3900,8.3900,-1.2465,3.6773,4.5001
2026-09-06T15:34:01.518,178665.875000,190,STANDOFF_VERIFY,STANDOFF_VERIFY,1,0.162411,0.404459,3.833135,-10.4048,-10.4048,1.1000,9.13,ROT_LEFT,face,8.3900,8.3900,-1.2465,3.6773,4.5001
2026-09-06T15:34:01.709,178666.062000,192,STANDOFF_VERIFY,STANDOFF_VERIFY,1,0.162639,0.406070,3.848600,-10.4882,-10.4882,1.1000,9.13,ROT_LEFT,face,8.3900,8.3900,-1.2465,3.6773,4.5001
2026-09-06T15:34:01.910,178666.265000,194,STANDOFF_VERIFY,STANDOFF_VERIFY,1,0.162615,0.404695,3.835413,-10.4776,-10.4776,1.1000,9.13,ROT_LEFT,face,8.3900,8.3900,-1.2465,3.6773,4.5001
2026-09-06T15:34:02.101,178666.453000,196,STANDOFF_VERIFY,STANDOFF_VERIFY,1,0.163011,0.404570,3.832455,-10.4964,-10.4964,1.1000,10.21,ROT_LEFT,face,8.3900,8.3900,-1.2465,3.6773,4.5001
2026-09-06T15:34:02.203,178666.562000,197,STANDOFF_MOVE,STANDOFF_MOVE,1,0.162615,0.404900,3.835438,-10.4776,-10.4776,1.1000,10.21,ROT_LEFT,face,8.3900,8.3900,-1.2465,3.6773,4.5001
2026-09-06T15:34:02.402,178666.750000,199,STANDOFF_MOVE,STANDOFF_MOVE,1,0.162404,0.404582,3.833149,-10.4039,-10.4039,1.1000,10.21,ROT_LEFT,face,8.3900,8.3900,-1.2465,3.6773,4.5001
2026-09-06T15:34:02.503,178666.859000,200,STANDOFF_MOVE,STANDOFF_MOVE,1,0.158127,0.407300,3.840316,-10.3806,-10.3806,1.1000,10.21,ROT_LEFT,face,8.3900,8.3900,-1.2465,3.6773,4.5001
2026-09-06T15:34:02.614,178666.968000,201,STANDOFF_MOVE,STANDOFF_MOVE,1,0.151212,0.403551,3.838551,-10.6695,-10.6695,1.1000,9.81,ROT_LEFT,face,8.3900,8.3900,-1.2465,3.6773,4.5001
2026-09-06T15:34:02.821,178667.171000,203,STANDOFF_MOVE,STANDOFF_MOVE,1,0.155093,0.405148,3.838637,-10.5027,-10.5027,1.1000,9.81,ROT_LEFT,face,8.3900,8.3900,-1.2465,3.6773,4.5001
2026-09-06T15:34:03.026,178667.375000,205,STANDOFF_MOVE,STANDOFF_MOVE,1,0.150619,0.404519,3.834715,-10.6664,-10.6664,1.1000,9.81,ROT_LEFT,face,8.3900,8.3900,-1.2465,3.6773,4.5001
2026-09-06T15:34:03.125,178667.484000,206,STANDOFF_MOVE,STANDOFF_MOVE,1,0.152194,0.407405,3.841254,-10.6867,-10.6867,1.1000,9.71,ROT_LEFT,face,8.3900,8.3900,-1.2465,3.6773,4.5001
2026-09-06T15:34:03.317,178667.671000,208,STANDOFF_MOVE,STANDOFF_MOVE,1,0.146953,0.406698,3.824653,-11.0845,-11.0845,1.1000,9.71,ROT_LEFT,face,8.3900,8.3900,-1.2465,3.6773,4.5001
2026-09-06T15:34:03.460,178667.812000,209,STANDOFF_MOVE,STANDOFF_MOVE,1,0.145166,0.411712,3.809630,-10.7732,-10.7732,1.1000,9.71,ROT_LEFT,face,8.3900,8.3900,-1.2465,3.6773,4.5001
2026-09-06T15:34:03.565,178667.921000,210,STANDOFF_MOVE,STANDOFF_MOVE,1,0.145445,0.407962,3.793955,-11.0097,-11.0097,1.1000,9.71,ROT_LEFT,face,8.3900,8.3900,-1.2465,3.6773,4.5001
2026-09-06T15:34:03.771,178668.125000,212,STANDOFF_MOVE,STANDOFF_MOVE,1,0.159551,0.405173,3.743817,-10.5887,-10.5887,1.1000,9.36,ROT_LEFT,face,8.3900,8.3900,-1.2465,3.6773,4.5001
2026-09-06T15:34:03.882,178668.234000,213,STANDOFF_MOVE,STANDOFF_MOVE,1,0.153970,0.409296,3.739294,-10.6220,-10.6220,1.1000,9.36,ROT_LEFT,face,8.3900,8.3900,-1.2465,3.6773,4.5001
2026-09-06T15:34:03.982,178668.343000,214,STANDOFF_MOVE,STANDOFF_MOVE,1,0.145825,0.402822,3.704288,-11.1121,-11.1121,1.1000,9.36,ROT_LEFT,face,8.3900,8.3900,-1.2465,3.6773,4.5001
2026-09-06T15:34:04.182,178668.531000,216,STANDOFF_MOVE,STANDOFF_MOVE,1,0.162467,0.408709,3.680717,-10.7500,-10.7500,1.1000,9.65,ROT_LEFT,face,8.3900,8.3900,-1.2465,3.6773,4.5001
2026-09-06T15:34:04.284,178668.640000,217,STANDOFF_MOVE,STANDOFF_MOVE,1,0.151442,0.403429,3.641198,-10.8759,-10.8759,1.1000,9.65,ROT_LEFT,face,8.3900,8.3900,-1.2465,3.6773,4.5001
2026-09-06T15:34:04.513,178668.859000,219,STANDOFF_MOVE,STANDOFF_MOVE,1,0.164949,0.413130,3.622670,-10.5262,-10.5262,1.1000,9.65,ROT_LEFT,face,8.3900,8.3900,-1.2465,3.6773,4.5001
2026-09-06T15:34:04.615,178668.968000,220,STANDOFF_MOVE,STANDOFF_MOVE,1,0.161945,0.402189,3.569697,-11.0967,-11.0967,1.1000,9.65,ROT_LEFT,face,8.3900,8.3900,-1.2465,3.6773,4.5001
2026-09-06T15:34:04.815,178669.171000,222,STANDOFF_MOVE,STANDOFF_MOVE,1,0.158529,0.408338,3.526560,-10.7968,-10.7968,1.1000,9.40,ROT_LEFT,face,8.3900,8.3900,-1.2465,3.6773,4.5001
2026-09-06T15:34:04.924,178669.281000,223,STANDOFF_MOVE,STANDOFF_MOVE,1,0.158255,0.405576,3.515180,-10.9616,-10.9616,1.1000,9.40,ROT_LEFT,face,8.3900,8.3900,-1.2465,3.6773,4.5001
2026-09-06T15:34:05.034,178669.390000,224,STANDOFF_MOVE,STANDOFF_MOVE,1,0.163575,0.408727,3.460797,-10.8732,-10.8732,1.1000,9.40,ROT_LEFT,face,8.3900,8.3900,-1.2465,3.6773,4.5001
2026-09-06T15:34:05.143,178669.500000,225,STANDOFF_MOVE,STANDOFF_MOVE,1,0.160677,0.406910,3.426664,-10.7941,-10.7941,1.1000,9.40,ROT_LEFT,face,8.3900,8.3900,-1.2465,3.6773,4.5001
2026-09-06T15:34:05.248,178669.609000,226,STANDOFF_MOVE,STANDOFF_MOVE,1,0.162029,0.408368,3.392520,-10.5231,-10.5231,1.1000,9.43,ROT_LEFT,face,8.3900,8.3900,-1.2465,3.6773,4.5001
2026-09-06T15:34:05.488,178669.843000,228,STANDOFF_MOVE,STANDOFF_MOVE,1,0.164079,0.406022,3.313475,-10.2692,-10.2692,1.1000,9.43,ROT_LEFT,face,8.3900,8.3900,-1.2465,3.6773,4.5001
2026-09-06T15:34:05.691,178670.046000,230,STANDOFF_MOVE,STANDOFF_MOVE,1,0.162291,0.405118,3.252847,-9.7881,-9.7881,1.1000,9.43,ROT_LEFT,face,8.3900,8.3900,-1.2465,3.6773,4.5001
2026-09-06T15:34:05.795,178670.156000,231,STANDOFF_MOVE,STANDOFF_MOVE,1,0.163863,0.406897,3.228613,-9.7199,-9.7199,1.1000,9.09,ROT_LEFT,face,8.3900,8.3900,-1.2465,3.6773,4.5001
2026-09-06T15:34:06.000,178670.359000,233,STANDOFF_SETTLE,STANDOFF_SETTLE,1,0.171139,0.410316,3.150280,-9.7707,-9.7707,1.1000,9.09,ROT_LEFT,face,8.3900,8.3900,-1.2465,3.6773,4.5001
2026-09-06T15:34:06.198,178670.546000,235,STANDOFF_SETTLE,STANDOFF_SETTLE,1,0.170721,0.407255,3.101097,-9.4977,-9.4977,1.1000,9.09,ROT_LEFT,face,8.3900,8.3900,-1.2465,3.6773,4.5001
2026-09-06T15:34:06.298,178670.656000,236,STANDOFF_SETTLE,STANDOFF_SETTLE,1,0.180197,0.410282,3.079703,-9.1752,-9.1752,1.1000,9.93,ROT_LEFT,face,8.3900,8.3900,-1.2465,3.6773,4.5001
2026-09-06T15:34:06.415,178670.765000,237,STANDOFF_SETTLE,STANDOFF_SETTLE,1,0.185378,0.409312,3.053416,-9.3467,-9.3467,1.1000,9.93,ROT_LEFT,face,8.3900,8.3900,-1.2465,3.6773,4.5001
2026-09-06T15:34:06.615,178670.968000,239,STANDOFF_SETTLE,STANDOFF_SETTLE,1,0.168989,0.414641,3.053704,-9.5167,-9.5167,1.1000,9.93,ROT_LEFT,face,8.3900,8.3900,-1.2465,3.6773,4.5001
2026-09-06T15:34:06.725,178671.078000,240,STANDOFF_SETTLE,STANDOFF_SETTLE,1,0.162426,0.411039,3.057577,-9.7653,-9.7653,1.1000,9.93,ROT_LEFT,face,8.3900,8.3900,-1.2465,3.6773,4.5001
2026-09-06T15:34:06.921,178671.281000,242,STANDOFF_SETTLE,STANDOFF_SETTLE,1,0.170961,0.414225,3.050589,-9.6199,-9.6199,1.1000,9.44,ROT_LEFT,face,8.3900,8.3900,-1.2465,3.6773,4.5001
2026-09-06T15:34:07.134,178671.484000,244,STANDOFF_SETTLE,STANDOFF_SETTLE,1,0.166519,0.412750,3.061580,-9.8639,-9.8639,1.1000,9.44,ROT_LEFT,face,8.3900,8.3900,-1.2465,3.6773,4.5001
2026-09-06T15:34:07.234,178671.593000,245,STANDOFF_SETTLE,STANDOFF_SETTLE,1,0.168542,0.413088,3.057360,-9.6726,-9.6726,1.1000,9.44,ROT_LEFT,face,8.3900,8.3900,-1.2465,3.6773,4.5001
2026-09-06T15:34:07.439,178671.796000,247,STANDOFF_SETTLE,STANDOFF_SETTLE,1,0.168095,0.413395,3.066462,-9.8856,-9.8856,1.1000,9.80,ROT_LEFT,face,8.3900,8.3900,-1.2465,3.6773,4.5001
2026-09-06T15:34:07.636,178671.984000,249,STANDOFF_SETTLE,STANDOFF_SETTLE,1,0.168478,0.412911,3.056141,-9.7466,-9.7466,1.1000,9.80,ROT_LEFT,face,8.3900,8.3900,-1.2465,3.6773,4.5001
2026-09-06T15:34:07.737,178672.093000,250,STANDOFF_SETTLE,STANDOFF_SETTLE,1,0.166139,0.412785,3.060697,-9.7027,-9.7027,1.1000,9.80,ROT_LEFT,face,8.3900,8.3900,-1.2465,3.6773,4.5001
2026-09-06T15:34:07.935,178672.281000,252,STANDOFF_SETTLE,STANDOFF_SETTLE,1,0.167598,0.413451,3.063079,-9.7280,-9.7280,1.1000,10.06,ROT_LEFT,face,8.3900,8.3900,-1.2465,3.6773,4.5001
2026-09-06T15:34:08.034,178672.390000,253,STANDOFF_SETTLE,STANDOFF_SETTLE,1,0.166802,0.413036,3.062760,-9.7125,-9.7125,1.1000,10.06,ROT_LEFT,face,8.3900,8.3900,-1.2465,3.6773,4.5001
2026-09-06T15:34:08.236,178672.593000,255,STANDOFF_SETTLE,STANDOFF_SETTLE,1,0.168140,0.412901,3.059040,-9.7154,-9.7154,1.1000,10.06,ROT_LEFT,face,8.3900,8.3900,-1.2465,3.6773,4.5001
2026-09-06T15:34:08.353,178672.703000,256,STANDOFF_SETTLE,STANDOFF_SETTLE,1,0.167817,0.413035,3.062873,-9.8303,-9.8303,1.1000,10.06,ROT_LEFT,face,8.3900,8.3900,-1.2465,3.6773,4.5001
2026-09-06T15:34:08.556,178672.906000,258,STANDOFF_SETTLE,STANDOFF_SETTLE,1,0.167651,0.412255,3.057212,-9.7016,-9.7016,1.1000,9.47,ROT_LEFT,face,8.3900,8.3900,-1.2465,3.6773,4.5001
2026-09-06T15:34:08.657,178673.015000,259,STANDOFF_SETTLE,STANDOFF_SETTLE,1,0.166808,0.412709,3.060160,-9.7745,-9.7745,1.1000,9.47,ROT_LEFT,face,8.3900,8.3900,-1.2465,3.6773,4.5001
2026-09-06T15:34:08.849,178673.203000,261,STANDOFF_SETTLE,STANDOFF_SETTLE,1,0.168251,0.412575,3.059430,-9.7600,-9.7600,1.1000,9.47,ROT_LEFT,face,8.3900,8.3900,-1.2465,3.6773,4.5001
2026-09-06T15:34:09.050,178673.406000,263,STANDOFF_SETTLE,STANDOFF_SETTLE,1,0.167622,0.412999,3.062669,-9.7429,-9.7429,1.1000,10.22,ROT_LEFT,face,8.3900,8.3900,-1.2465,3.6773,4.5001
2026-09-06T15:34:09.256,178673.609000,265,STANDOFF_SETTLE,STANDOFF_SETTLE,1,0.167817,0.413035,3.062873,-9.8303,-9.8303,1.1000,10.22,ROT_LEFT,face,8.3900,8.3900,-1.2465,3.6773,4.5001
2026-09-06T15:34:09.362,178673.718000,266,STANDOFF_SETTLE,STANDOFF_SETTLE,1,0.167099,0.412922,3.062008,-9.7002,-9.7002,1.1000,10.22,ROT_LEFT,face,8.3900,8.3900,-1.2465,3.6773,4.5001
2026-09-06T15:34:09.551,178673.906000,268,STANDOFF_SETTLE,STANDOFF_SETTLE,1,0.167938,0.412715,3.060663,-9.7581,-9.7581,1.1000,9.89,ROT_LEFT,face,8.3900,8.3900,-1.2465,3.6773,4.5001
2026-09-06T15:34:09.661,178674.015000,269,STANDOFF_SETTLE,STANDOFF_SETTLE,1,0.168122,0.412836,3.061495,-9.8315,-9.8315,1.1000,9.89,ROT_LEFT,face,8.3900,8.3900,-1.2465,3.6773,4.5001
2026-09-06T15:34:09.765,178674.125000,270,STANDOFF_SETTLE,STANDOFF_SETTLE,1,0.167914,0.413167,3.061074,-9.7432,-9.7432,1.1000,9.89,ROT_LEFT,face,8.3900,8.3900,-1.2465,3.6773,4.5001
2026-09-06T15:34:09.957,178674.312000,272,STANDOFF_SETTLE,STANDOFF_SETTLE,1,0.166508,0.412607,3.059775,-9.6429,-9.6429,1.1000,9.89,ROT_LEFT,face,8.3900,8.3900,-1.2465,3.6773,4.5001
2026-09-06T15:34:10.149,178674.500000,274,STANDOFF_VERIFY,STANDOFF_VERIFY,1,0.166917,0.412419,3.058438,-9.6886,-9.6886,1.1000,10.01,ROT_LEFT,face,8.3900,8.3900,-1.2465,3.6773,4.5001
2026-09-06T15:34:10.335,178674.687000,276,STANDOFF_VERIFY,STANDOFF_VERIFY,1,0.167059,0.412708,3.054627,-9.6452,-9.6452,1.1000,10.01,ROT_LEFT,face,8.3900,8.3900,-1.2465,3.6773,4.5001
2026-09-06T15:34:10.466,178674.812000,277,STANDOFF_VERIFY,STANDOFF_VERIFY,1,0.167855,0.412535,3.059376,-9.7412,-9.7412,1.1000,10.01,ROT_LEFT,face,8.3900,8.3900,-1.2465,3.6773,4.5001
2026-09-06T15:34:10.566,178674.921000,278,STANDOFF_VERIFY,STANDOFF_VERIFY,1,0.167610,0.413083,3.063297,-9.7289,-9.7289,1.1000,10.01,ROT_LEFT,face,8.3900,8.3900,-1.2465,3.6773,4.5001
2026-09-06T15:34:10.761,178675.109000,280,STANDOFF_VERIFY,STANDOFF_VERIFY,1,0.166605,0.413055,3.060157,-9.6748,-9.6748,1.1000,9.76,ROT_LEFT,face,8.3900,8.3900,-1.2465,3.6773,4.5001
2026-09-06T15:34:10.955,178675.312000,282,STANDOFF_VERIFY,STANDOFF_VERIFY,1,0.167151,0.412068,3.055784,-9.6744,-9.6744,1.1000,9.76,ROT_LEFT,face,8.3900,8.3900,-1.2465,3.6773,4.5001
2026-09-06T15:34:11.156,178675.515000,284,STAGING_PLAN,STAGING_PLAN,1,0.167100,0.412977,3.062145,-9.7000,-9.7000,1.1000,9.76,ROT_LEFT,face,8.3900,8.3900,-1.2465,3.6773,4.5001
2026-09-06T15:34:11.303,178675.656000,285,STAGING_PLAN,STAGING_PLAN,1,0.168119,0.413275,3.061837,-9.8194,-9.8194,1.1000,9.76,ROT_LEFT,face,8.3900,8.3900,-1.2465,3.6773,4.5001
2026-09-06T15:34:11.405,178675.765000,286,STAGING_PLAN,STAGING_PLAN,1,0.167100,0.412890,3.061872,-9.7006,-9.7006,1.1000,9.76,ROT_LEFT,face,8.3900,8.3900,-1.2465,3.6773,4.5001
2026-09-06T15:34:11.599,178675.953000,288,STAGING_PLAN,STAGING_PLAN,1,0.167081,0.412960,3.059545,-9.7477,-9.7477,1.1000,9.76,ROT_LEFT,face,8.3900,8.3900,-1.2465,3.6773,4.5001
2026-09-06T15:34:11.726,178676.078000,289,STAGING_PLAN,STAGING_PLAN,1,0.167621,0.413032,3.062804,-9.7426,-9.7426,1.1000,9.76,ROT_LEFT,face,8.3900,8.3900,-1.2465,3.6773,4.5001
2026-09-06T15:34:11.922,178676.281000,291,STAGING_PLAN,STAGING_PLAN,1,0.166917,0.412506,3.058711,-9.6880,-9.6880,1.1000,9.34,ROT_LEFT,face,8.3900,8.3900,-1.2465,3.6773,4.5001
2026-09-06T15:34:12.267,178676.625000,293,WAYPOINT_TURN,WAYPOINT_TURN,1,0.168123,0.412890,3.061633,-9.8313,-9.8313,1.1000,9.34,ROT_LEFT,face,8.3900,8.3900,-1.2465,3.6773,4.5001
2026-09-06T15:34:12.492,178676.843000,295,WAYPOINT_TURN,WAYPOINT_TURN,1,0.167263,0.411921,3.055448,-9.7318,-9.7318,1.1000,7.32,ROT_LEFT,face,8.3900,8.3900,-1.2465,3.6773,4.5001
2026-09-06T15:34:12.687,178677.046000,297,WAYPOINT_TURN,WAYPOINT_TURN,1,0.168474,0.412613,3.056559,-9.7449,-9.7449,1.1000,7.32,ROT_LEFT,face,8.3900,8.3900,-1.2465,3.6773,4.5001
2026-09-06T15:34:12.799,178677.156000,298,WAYPOINT_TURN,WAYPOINT_TURN,1,0.168564,0.412480,3.055771,-9.7122,-9.7122,1.1000,7.32,ROT_LEFT,face,8.3900,8.3900,-1.2465,3.6773,4.5001
2026-09-06T15:34:12.906,178677.265000,299,WAYPOINT_TURN,WAYPOINT_TURN,1,0.168148,0.412815,3.058416,-9.7289,-9.7289,1.1000,9.12,ROT_LEFT,face,8.3900,8.3900,-1.2465,3.6773,4.5001
2026-09-06T15:34:13.017,178677.375000,300,WAYPOINT_TURN,WAYPOINT_TURN,1,0.168276,0.413441,3.057161,-9.8018,-9.8018,1.1000,9.12,ROT_LEFT,face,8.3900,8.3900,-1.2465,3.6773,4.5001
2026-09-06T15:34:13.133,178677.484000,301,WAYPOINT_TURN,WAYPOINT_TURN,1,0.166308,0.413635,3.061288,-9.6862,-9.6862,1.1000,9.12,ROT_LEFT,face,8.3900,8.3900,-1.2465,3.6773,4.5001
2026-09-06T15:34:13.247,178677.593000,302,WAYPOINT_TURN,WAYPOINT_TURN,1,0.159955,0.412745,3.061893,-9.9321,-9.9321,1.1000,9.12,ROT_LEFT,face,8.3900,8.3900,-1.2465,3.6773,4.5001
2026-09-06T15:34:13.349,178677.703000,303,WAYPOINT_TURN,WAYPOINT_TURN,1,0.156827,0.412984,3.056945,-10.1049,-10.1049,1.1000,9.12,ROT_LEFT,face,8.3900,8.3900,-1.2465,3.6773,4.5001
2026-09-06T15:34:13.563,178677.921000,305,WAYPOINT_TURN,WAYPOINT_TURN,1,0.120246,0.414359,3.051834,-10.2528,-10.2528,1.1000,9.30,ROT_LEFT,face,8.3900,8.3900,-1.2465,3.6773,4.5001
2026-09-06T15:34:13.674,178678.031000,306,WAYPOINT_TURN,WAYPOINT_TURN,1,0.102669,0.416404,3.051245,-10.9432,-10.9432,1.1000,9.30,ROT_LEFT,face,8.3900,8.3900,-1.2465,3.6773,4.5001
2026-09-06T15:34:13.802,178678.156000,307,WAYPOINT_TURN,WAYPOINT_TURN,1,0.054777,0.420190,3.046834,-11.1816,-11.1816,1.1000,9.30,ROT_LEFT,face,8.3900,8.3900,-1.2465,3.6773,4.5001
2026-09-06T15:34:14.008,178678.359000,309,WAYPOINT_TURN,WAYPOINT_TURN,1,-0.087527,0.426801,3.049523,-13.3182,-13.3182,1.1000,9.02,ROT_LEFT,face,8.3900,8.3900,-1.2465,3.6773,4.5001
2026-09-06T15:34:14.110,178678.468000,310,WAYPOINT_TURN,WAYPOINT_TURN,1,-0.202867,0.430236,3.051688,-15.1664,-15.1664,1.1000,9.02,ROT_LEFT,face,8.3900,8.3900,-1.2465,3.6773,4.5001
2026-09-06T15:34:14.221,178678.578000,311,WAYPOINT_TURN_SETTLE,WAYPOINT_TURN_SETTLE,1,-0.309684,0.424395,3.038134,-16.6518,-16.6518,1.1000,9.02,ROT_RIGHT,waypoint,-16.9559,-16.9559,2.5552,0.0000,0.0000
2026-09-06T15:34:14.452,178678.812000,313,WAYPOINT_TURN_SETTLE,WAYPOINT_TURN_SETTLE,1,-0.437290,0.438230,3.008678,-18.3329,-18.3329,1.1000,9.02,ROT_RIGHT,waypoint,-16.9559,-16.9559,2.5552,2.0638,2.0638
2026-09-06T15:34:14.570,178678.921000,314,WAYPOINT_TURN_SETTLE,WAYPOINT_TURN_SETTLE,1,-0.436151,0.436325,3.011760,-18.4114,-18.4114,1.1000,8.89,ROT_RIGHT,waypoint,-16.9559,-16.9559,2.5552,3.1665,3.1665
2026-09-06T15:34:14.774,178679.125000,316,WAYPOINT_TURN_SETTLE,WAYPOINT_TURN_SETTLE,1,-0.388312,0.422022,2.996710,-17.8923,-17.8923,1.1000,8.89,ROT_RIGHT,waypoint,-16.9559,-16.9559,2.5552,2.7057,3.2450
2026-09-06T15:34:14.896,178679.250000,317,WAYPOINT_TURN_SETTLE,WAYPOINT_TURN_SETTLE,1,-0.409536,0.426301,3.018059,-18.1242,-18.1242,1.1000,8.89,ROT_RIGHT,waypoint,-16.9559,-16.9559,2.5552,2.7259,3.2450
2026-09-06T15:34:15.017,178679.375000,318,WAYPOINT_TURN_SETTLE,WAYPOINT_TURN_SETTLE,1,-0.406106,0.427578,3.012785,-17.9990,-17.9990,1.1000,8.89,ROT_RIGHT,waypoint,-16.9559,-16.9559,2.5552,2.9578,3.2450
2026-09-06T15:34:15.220,178679.578000,320,WAYPOINT_TURN_SETTLE,WAYPOINT_TURN_SETTLE,1,-0.406934,0.428192,3.010284,-17.7510,-17.7510,1.1000,9.01,ROT_RIGHT,waypoint,-16.9559,-16.9559,2.5552,2.8251,3.2450
2026-09-06T15:34:15.439,178679.796000,322,WAYPOINT_TURN_SETTLE,WAYPOINT_TURN_SETTLE,1,-0.405526,0.428466,3.013543,-17.9108,-17.9108,1.1000,9.01,ROT_RIGHT,waypoint,-16.9559,-16.9559,2.5552,2.8767,3.2450
2026-09-06T15:34:15.640,178680.000000,324,WAYPOINT_TURN_SETTLE,WAYPOINT_TURN_SETTLE,1,-0.407101,0.427317,3.013685,-17.9977,-17.9977,1.1000,9.76,ROT_RIGHT,waypoint,-16.9559,-16.9559,2.5552,2.7292,3.2450
2026-09-06T15:34:15.820,178680.171000,326,WAYPOINT_TURN_SETTLE,WAYPOINT_TURN_SETTLE,1,-0.406354,0.427907,3.012172,-17.8450,-17.8450,1.1000,9.76,ROT_RIGHT,waypoint,-16.9559,-16.9559,2.5552,2.7566,3.2450
2026-09-06T15:34:16.050,178680.406000,328,WAYPOINT_TURN_SETTLE,WAYPOINT_TURN_SETTLE,1,-0.406200,0.427515,3.012286,-17.9161,-17.9161,1.1000,9.76,ROT_RIGHT,waypoint,-16.9559,-16.9559,2.5552,2.7915,3.2450
2026-09-06T15:34:16.216,178680.578000,330,WAYPOINT_TURN_SETTLE,WAYPOINT_TURN_SETTLE,1,-0.407438,0.427574,3.015405,-17.8428,-17.8428,1.1000,9.99,ROT_RIGHT,waypoint,-16.9559,-16.9559,2.5552,2.7497,3.2450
2026-09-06T15:34:16.391,178680.750000,332,WAYPOINT_TURN_SETTLE,WAYPOINT_TURN_SETTLE,1,-0.406350,0.428447,3.016065,-17.8812,-17.8812,1.1000,9.99,ROT_RIGHT,waypoint,-16.9559,-16.9559,2.5552,2.7364,3.2450
2026-09-06T15:34:16.561,178680.921000,334,WAYPOINT_TURN_SETTLE,WAYPOINT_TURN_SETTLE,1,-0.406505,0.427326,3.013355,-17.9566,-17.9566,1.1000,9.99,ROT_RIGHT,waypoint,-16.9559,-16.9559,2.5552,2.7456,3.2450
2026-09-06T15:34:16.726,178681.078000,336,WAYPOINT_TURN_SETTLE,WAYPOINT_TURN_SETTLE,0,,,,,,,11.61,ROT_RIGHT,waypoint,-16.9559,-16.9559,2.5552,2.7762,3.2450
2026-09-06T15:34:16.905,178681.265000,338,WAYPOINT_TURN_SETTLE,WAYPOINT_TURN_SETTLE,1,-0.406623,0.427070,3.011825,-17.8747,-17.8747,1.1000,11.61,ROT_RIGHT,waypoint,-16.9559,-16.9559,2.5552,2.7617,3.2450
2026-09-06T15:34:17.051,178681.406000,339,WAYPOINT_TURN_SETTLE,WAYPOINT_TURN_SETTLE,1,-0.406282,0.428013,3.013033,-17.8994,-17.8994,1.1000,11.61,ROT_RIGHT,waypoint,-16.9559,-16.9559,2.5552,2.7083,3.2450
2026-09-06T15:34:17.216,178681.578000,341,WAYPOINT_TURN_SETTLE,WAYPOINT_TURN_SETTLE,1,-0.406483,0.427598,3.013117,-17.8584,-17.8584,1.1000,10.46,ROT_RIGHT,waypoint,-16.9559,-16.9559,2.5552,2.7361,3.2450
2026-09-06T15:34:17.385,178681.734000,343,WAYPOINT_TURN_SETTLE,WAYPOINT_TURN_SETTLE,1,-0.406354,0.427505,3.012191,-17.8878,-17.8878,1.1000,10.46,ROT_RIGHT,waypoint,-16.9559,-16.9559,2.5552,2.6222,3.2450
2026-09-06T15:34:17.559,178681.906000,345,WAYPOINT_TURN_SETTLE,WAYPOINT_TURN_SETTLE,1,-0.406353,0.427842,3.011813,-17.9028,-17.9028,1.1000,10.46,ROT_RIGHT,waypoint,-16.9559,-16.9559,2.5552,2.7700,3.2450
2026-09-06T15:34:17.733,178682.093000,347,WAYPOINT_TURN_SETTLE,WAYPOINT_TURN_SETTLE,1,-0.406453,0.427627,3.013089,-17.9572,-17.9572,1.1000,11.65,ROT_RIGHT,waypoint,-16.9559,-16.9559,2.5552,2.7177,3.2450
2026-09-06T15:34:17.903,178682.250000,349,WAYPOINT_TURN_SETTLE,WAYPOINT_TURN_SETTLE,1,-0.406187,0.427972,3.012716,-17.9573,-17.9573,1.1000,11.65,ROT_RIGHT,waypoint,-16.9559,-16.9559,2.5552,2.8615,3.2450
2026-09-06T15:34:18.047,178682.406000,350,WAYPOINT_TURN_SETTLE,WAYPOINT_TURN_SETTLE,1,-0.407274,0.427963,3.015528,-17.9263,-17.9263,1.1000,11.65,ROT_RIGHT,waypoint,-16.9559,-16.9559,2.5552,2.7909,3.2450
2026-09-06T15:34:18.219,178682.578000,352,WAYPOINT_DRIVE,WAYPOINT_DRIVE,1,-0.406622,0.428018,3.013030,-17.8747,-17.8747,1.1000,11.65,ROT_RIGHT,waypoint,-16.9559,-16.9559,2.5552,2.7599,3.2450
2026-09-06T15:34:18.383,178682.734000,354,WAYPOINT_DRIVE,WAYPOINT_DRIVE,1,-0.406448,0.427813,3.014772,-18.0408,-18.0408,1.1000,10.54,ROT_RIGHT,waypoint,-16.9559,-16.9559,2.5552,2.7599,3.2450
2026-09-06T15:34:18.552,178682.906000,356,WAYPOINT_DRIVE,WAYPOINT_DRIVE,0,,,,,,,10.54,ROT_RIGHT,waypoint,-16.9559,-16.9559,2.5552,2.7599,3.2450
2026-09-06T15:34:18.718,178683.078000,358,WAYPOINT_DRIVE,WAYPOINT_DRIVE,1,-0.405031,0.427781,3.019882,-18.1698,-18.1698,1.1000,10.54,ROT_RIGHT,waypoint,-16.9559,-16.9559,2.5552,2.7599,3.2450
2026-09-06T15:34:18.876,178683.234000,360,WAYPOINT_DRIVE,WAYPOINT_DRIVE,0,,,,,,,12.25,ROT_RIGHT,waypoint,-16.9559,-16.9559,2.5552,2.7599,3.2450
2026-09-06T15:34:19.050,178683.406000,362,WAYPOINT_DRIVE,WAYPOINT_DRIVE,1,-0.406559,0.427434,3.017319,-18.1487,-18.1487,1.1000,12.25,ROT_RIGHT,waypoint,-16.9559,-16.9559,2.5552,2.7599,3.2450
2026-09-06T15:34:19.219,178683.578000,364,WAYPOINT_DRIVE,WAYPOINT_DRIVE,1,-0.395591,0.424642,2.987586,-17.9557,-17.9557,1.1000,12.25,ROT_RIGHT,waypoint,-16.9559,-16.9559,2.5552,2.7599,3.2450
2026-09-06T15:34:19.390,178683.750000,366,WAYPOINT_DRIVE,WAYPOINT_DRIVE,1,-0.401246,0.427912,2.993305,-18.0170,-18.0170,1.1000,11.77,ROT_RIGHT,waypoint,-16.9559,-16.9559,2.5552,2.7599,3.2450
2026-09-06T15:34:19.564,178683.921000,368,WAYPOINT_DRIVE,WAYPOINT_DRIVE,1,-0.404907,0.432843,2.979662,-17.9713,-17.9713,1.1000,11.77,ROT_RIGHT,waypoint,-16.9559,-16.9559,2.5552,2.7599,3.2450
2026-09-06T15:34:19.750,178684.109000,370,WAYPOINT_DRIVE,WAYPOINT_DRIVE,1,-0.407031,0.428497,2.942393,-17.9195,-17.9195,1.1000,11.77,ROT_RIGHT,waypoint,-16.9559,-16.9559,2.5552,2.7599,3.2450
2026-09-06T15:34:19.920,178684.281000,372,WAYPOINT_DRIVE,WAYPOINT_DRIVE,1,-0.415843,0.439212,2.922962,-16.7595,-16.7595,1.1000,11.45,ROT_RIGHT,waypoint,-16.9559,-16.9559,2.5552,2.7599,3.2450
2026-09-06T15:34:20.093,178684.453000,373,WAYPOINT_DRIVE,WAYPOINT_DRIVE,1,-0.422350,0.436530,2.899922,-17.2580,-17.2580,1.1000,11.45,ROT_RIGHT,waypoint,-16.9559,-16.9559,2.5552,2.7599,3.2450
2026-09-06T15:34:20.268,178684.625000,375,WAYPOINT_DRIVE,WAYPOINT_DRIVE,1,-0.407075,0.434295,2.833361,-17.1796,-17.1796,1.1000,11.45,ROT_RIGHT,waypoint,-16.9559,-16.9559,2.5552,2.7599,3.2450
2026-09-06T15:34:20.451,178684.812000,377,WAYPOINT_DRIVE,WAYPOINT_DRIVE,1,-0.418504,0.428309,2.801850,-17.5183,-17.5183,1.1000,9.25,ROT_RIGHT,waypoint,-16.9559,-16.9559,2.5552,2.7599,3.2450
2026-09-06T15:34:20.621,178684.968000,379,WAYPOINT_DRIVE,WAYPOINT_DRIVE,1,-0.406638,0.433344,2.738189,-18.0493,-18.0493,1.1000,9.25,ROT_RIGHT,waypoint,-16.9559,-16.9559,2.5552,2.7599,3.2450
2026-09-06T15:34:20.717,178685.078000,380,WAYPOINT_DRIVE,WAYPOINT_DRIVE,1,-0.412081,0.423163,2.723510,-17.2583,-17.2583,1.1000,9.25,ROT_RIGHT,waypoint,-16.9559,-16.9559,2.5552,2.7599,3.2450
2026-09-06T15:34:20.896,178685.250000,382,WAYPOINT_DRIVE,WAYPOINT_DRIVE,1,-0.409718,0.436766,2.662876,-17.8991,-17.8991,1.1000,9.25,ROT_RIGHT,waypoint,-16.9559,-16.9559,2.5552,2.7599,3.2450
2026-09-06T15:34:21.075,178685.421000,384,WAYPOINT_DRIVE,WAYPOINT_DRIVE,1,-0.411038,0.429316,2.649967,-18.1158,-18.1158,1.1000,11.41,ROT_RIGHT,waypoint,-16.9559,-16.9559,2.5552,2.7599,3.2450
2026-09-06T15:34:21.252,178685.609000,386,WAYPOINT_DRIVE,WAYPOINT_DRIVE,1,-0.418887,0.430253,2.575681,-18.1807,-18.1807,1.1000,11.41,ROT_RIGHT,waypoint,-16.9559,-16.9559,2.5552,2.7599,3.2450
2026-09-06T15:34:21.434,178685.781000,388,WAYPOINT_DRIVE,WAYPOINT_DRIVE,0,,,,,,,11.41,ROT_RIGHT,waypoint,-16.9559,-16.9559,2.5552,2.7599,3.2450
2026-09-06T15:34:21.600,178685.953000,390,WAYPOINT_DRIVE,WAYPOINT_DRIVE,1,-0.415447,0.423398,2.484021,-19.1939,-19.1939,1.1000,11.12,ROT_RIGHT,waypoint,-16.9559,-16.9559,2.5552,2.7599,3.2450
2026-09-06T15:34:21.778,178686.125000,392,WAYPOINT_DRIVE,WAYPOINT_DRIVE,1,-0.419664,0.420092,2.425052,-19.4293,-19.4293,1.1000,11.12,ROT_RIGHT,waypoint,-16.9559,-16.9559,2.5552,2.7599,3.2450
2026-09-06T15:34:21.957,178686.312000,394,WAYPOINT_DRIVE_SETTLE,WAYPOINT_DRIVE_SETTLE,1,-0.419237,0.424609,2.385211,-19.4568,-19.4568,1.1000,11.12,ROT_RIGHT,waypoint,-16.9559,-16.9559,2.5552,2.7599,3.2450
2026-09-06T15:34:22.083,178686.437000,395,WAYPOINT_DRIVE_SETTLE,WAYPOINT_DRIVE_SETTLE,1,-0.422524,0.415546,2.340552,-19.1215,-19.1215,1.1000,10.60,ROT_RIGHT,waypoint,-16.9559,-16.9559,2.5552,2.7599,3.2450
2026-09-06T15:34:22.268,178686.625000,397,WAYPOINT_DRIVE_SETTLE,WAYPOINT_DRIVE_SETTLE,1,-0.421900,0.413087,2.285197,-18.9918,-18.9918,1.1000,10.60,ROT_RIGHT,waypoint,-16.9559,-16.9559,2.5552,2.7599,3.2450
2026-09-06T15:34:22.434,178686.781000,399,WAYPOINT_DRIVE_SETTLE,WAYPOINT_DRIVE_SETTLE,1,-0.416497,0.418523,2.259842,-19.1068,-19.1068,1.1000,10.60,ROT_RIGHT,waypoint,-16.9559,-16.9559,2.5552,2.7599,3.2450
2026-09-06T15:34:22.617,178686.968000,401,WAYPOINT_DRIVE_SETTLE,WAYPOINT_DRIVE_SETTLE,1,-0.423908,0.418299,2.260877,-19.2210,-19.2210,1.1000,11.32,ROT_RIGHT,waypoint,-16.9559,-16.9559,2.5552,2.7599,3.2450
2026-09-06T15:34:22.721,178687.078000,402,WAYPOINT_DRIVE_SETTLE,WAYPOINT_DRIVE_SETTLE,1,-0.426762,0.421874,2.262403,-19.7884,-19.7884,1.1000,11.32,ROT_RIGHT,waypoint,-16.9559,-16.9559,2.5552,2.7599,3.2450
2026-09-06T15:34:22.900,178687.250000,404,WAYPOINT_DRIVE_SETTLE,WAYPOINT_DRIVE_SETTLE,1,-0.424772,0.417313,2.259453,-19.4193,-19.4193,1.1000,11.32,ROT_RIGHT,waypoint,-16.9559,-16.9559,2.5552,2.7599,3.2450
2026-09-06T15:34:23.074,178687.421000,406,WAYPOINT_DRIVE_SETTLE,WAYPOINT_DRIVE_SETTLE,1,-0.422538,0.419420,2.258894,-19.3371,-19.3371,1.1000,11.32,ROT_RIGHT,waypoint,-16.9559,-16.9559,2.5552,2.7599,3.2450
2026-09-06T15:34:23.240,178687.593000,408,WAYPOINT_DRIVE_SETTLE,WAYPOINT_DRIVE_SETTLE,1,-0.423483,0.417975,2.256301,-19.4735,-19.4735,1.1000,10.94,ROT_RIGHT,waypoint,-16.9559,-16.9559,2.5552,2.7599,3.2450
2026-09-06T15:34:23.421,178687.781000,410,WAYPOINT_DRIVE_SETTLE,WAYPOINT_DRIVE_SETTLE,1,-0.423523,0.416883,2.257169,-19.4619,-19.4619,1.1000,10.94,ROT_RIGHT,waypoint,-16.9559,-16.9559,2.5552,2.7599,3.2450
2026-09-06T15:34:23.591,178687.937000,412,WAYPOINT_DRIVE_SETTLE,WAYPOINT_DRIVE_SETTLE,1,-0.424351,0.417490,2.258328,-19.4093,-19.4093,1.1000,10.94,ROT_RIGHT,waypoint,-16.9559,-16.9559,2.5552,2.7599,3.2450
2026-09-06T15:34:23.767,178688.125000,414,WAYPOINT_DRIVE_SETTLE,WAYPOINT_DRIVE_SETTLE,1,-0.423940,0.417639,2.258989,-19.4010,-19.4010,1.1000,11.62,ROT_RIGHT,waypoint,-16.9559,-16.9559,2.5552,2.7599,3.2450
2026-09-06T15:34:23.934,178688.281000,416,WAYPOINT_DRIVE_SETTLE,WAYPOINT_DRIVE_SETTLE,1,-0.424179,0.418238,2.259176,-19.4396,-19.4396,1.1000,11.62,ROT_RIGHT,waypoint,-16.9559,-16.9559,2.5552,2.7599,3.2450
2026-09-06T15:34:24.084,178688.437000,417,WAYPOINT_DRIVE_SETTLE,WAYPOINT_DRIVE_SETTLE,1,-0.423901,0.417395,2.257649,-19.4013,-19.4013,1.1000,11.62,ROT_RIGHT,waypoint,-16.9559,-16.9559,2.5552,2.7599,3.2450
2026-09-06T15:34:24.254,178688.609000,419,WAYPOINT_DRIVE_SETTLE,WAYPOINT_DRIVE_SETTLE,1,-0.423781,0.418080,2.258109,-19.3727,-19.3727,1.1000,10.28,ROT_RIGHT,waypoint,-16.9559,-16.9559,2.5552,2.7599,3.2450
2026-09-06T15:34:24.436,178688.796000,421,WAYPOINT_DRIVE_SETTLE,WAYPOINT_DRIVE_SETTLE,1,-0.424414,0.418043,2.259417,-19.3484,-19.3484,1.1000,10.28,ROT_RIGHT,waypoint,-16.9559,-16.9559,2.5552,2.7599,3.2450
2026-09-06T15:34:24.609,178688.968000,423,WAYPOINT_DRIVE_SETTLE,WAYPOINT_DRIVE_SETTLE,1,-0.423691,0.418106,2.258471,-19.3824,-19.3824,1.1000,10.28,ROT_RIGHT,waypoint,-16.9559,-16.9559,2.5552,2.7599,3.2450
2026-09-06T15:34:24.787,178689.140000,425,WAYPOINT_DRIVE_SETTLE,WAYPOINT_DRIVE_SETTLE,1,-0.424131,0.417546,2.258874,-19.3744,-19.3744,1.1000,11.62,ROT_RIGHT,waypoint,-16.9559,-16.9559,2.5552,2.7599,3.2450
2026-09-06T15:34:24.969,178689.328000,427,WAYPOINT_DRIVE_SETTLE,WAYPOINT_DRIVE_SETTLE,1,-0.423720,0.417710,2.257901,-19.3737,-19.3737,1.1000,11.62,ROT_RIGHT,waypoint,-16.9559,-16.9559,2.5552,2.7599,3.2450
2026-09-06T15:34:25.079,178689.437000,428,WAYPOINT_DRIVE_SETTLE,WAYPOINT_DRIVE_SETTLE,1,-0.424990,0.418109,2.259798,-19.3401,-19.3401,1.1000,11.62,ROT_RIGHT,waypoint,-16.9559,-16.9559,2.5552,2.7599,3.2450
2026-09-06T15:34:25.254,178689.609000,430,WAYPOINT_DRIVE_SETTLE,WAYPOINT_DRIVE_SETTLE,1,-0.423771,0.417196,2.256694,-19.2993,-19.2993,1.1000,11.62,ROT_RIGHT,waypoint,-16.9559,-16.9559,2.5552,2.7599,3.2450
2026-09-06T15:34:25.429,178689.781000,432,WAYPOINT_DRIVE_SETTLE,WAYPOINT_DRIVE_SETTLE,1,-0.424212,0.417530,2.258092,-19.2991,-19.2991,1.1000,10.53,ROT_RIGHT,waypoint,-16.9559,-16.9559,2.5552,2.7599,3.2450
2026-09-06T15:34:25.611,178689.968000,434,WAYPOINT_DRIVE_SETTLE,WAYPOINT_DRIVE_SETTLE,1,-0.424310,0.418119,2.259625,-19.2931,-19.2931,1.1000,10.53,ROT_RIGHT,waypoint,-16.9559,-16.9559,2.5552,2.7599,3.2450
2026-09-06T15:34:25.780,178690.140000,436,WAYPOINT_DRIVE_SETTLE,WAYPOINT_DRIVE_SETTLE,1,-0.424556,0.417666,2.259034,-19.3767,-19.3767,1.1000,10.53,ROT_RIGHT,waypoint,-16.9559,-16.9559,2.5552,2.7599,3.2450
2026-09-06T15:34:25.951,178690.312000,438,STAGING_PLAN,STAGING_PLAN,1,-0.423865,0.417602,2.258778,-19.4076,-19.4076,1.1000,11.53,ROT_RIGHT,waypoint,-16.9559,-16.9559,2.5552,2.7599,3.2450
2026-09-06T15:34:26.085,178690.437000,439,STAGING_PLAN,STAGING_PLAN,1,-0.423782,0.417531,2.258410,-19.4276,-19.4276,1.1000,11.53,ROT_RIGHT,waypoint,-16.9559,-16.9559,2.5552,2.7599,3.2450
2026-09-06T15:34:26.253,178690.609000,441,STAGING_PLAN,STAGING_PLAN,1,-0.424580,0.417676,2.259108,-19.3761,-19.3761,1.1000,11.53,ROT_RIGHT,waypoint,-16.9559,-16.9559,2.5552,2.7599,3.2450
2026-09-06T15:34:26.434,178690.781000,443,STAGING_PLAN,STAGING_PLAN,1,-0.423732,0.417349,2.257647,-19.4308,-19.4308,1.1000,10.71,ROT_RIGHT,waypoint,-16.9559,-16.9559,2.5552,2.7599,3.2450
2026-09-06T15:34:26.611,178690.968000,445,STAGING_PLAN,STAGING_PLAN,1,-0.424607,0.417693,2.259171,-19.3707,-19.3707,1.1000,10.71,ROT_RIGHT,waypoint,-16.9559,-16.9559,2.5552,2.7599,3.2450
2026-09-06T15:34:26.795,178691.156000,447,RECENTER_ROTATE,RECENTER_ROTATE,1,-0.424357,0.417705,2.259213,-19.3490,-19.3490,1.1000,10.71,ROT_RIGHT,waypoint,-16.9559,-16.9559,2.5552,2.7599,3.2450
2026-09-06T15:34:26.968,178691.328000,449,RECENTER_ROTATE,RECENTER_ROTATE,1,-0.424184,0.417569,2.258899,-19.3291,-19.3291,1.1000,11.19,ROT_RIGHT,waypoint,-16.9559,-16.9559,2.5552,2.7599,3.2450
2026-09-06T15:34:27.076,178691.437000,450,RECENTER_ROTATE,RECENTER_ROTATE,1,-0.424056,0.417674,2.259560,-19.4106,-19.4106,1.1000,11.19,ROT_RIGHT,waypoint,-16.9559,-16.9559,2.5552,2.7599,3.2450
2026-09-06T15:34:27.252,178691.609000,452,RECENTER_ROTATE,RECENTER_ROTATE,1,-0.423516,0.417209,2.256989,-19.3912,-19.3912,1.1000,11.19,ROT_RIGHT,waypoint,-16.9559,-16.9559,2.5552,2.7599,3.2450
2026-09-06T15:34:27.452,178691.812000,454,RECENTER_ROTATE,RECENTER_ROTATE,1,-0.423067,0.417873,2.258305,-19.3378,-19.3378,1.1000,11.19,ROT_RIGHT,waypoint,-16.9559,-16.9559,2.5552,2.7599,3.2450
2026-09-06T15:34:27.623,178691.984000,456,RECENTER_ROTATE,RECENTER_ROTATE,1,-0.422744,0.417662,2.259621,-19.3051,-19.3051,1.1000,10.47,ROT_RIGHT,waypoint,-16.9559,-16.9559,2.5552,2.7599,3.2450
2026-09-06T15:34:27.834,178692.187000,458,RECENTER_ROTATE,RECENTER_ROTATE,1,-0.413111,0.418496,2.260649,-19.1521,-19.1521,1.1000,10.47,ROT_RIGHT,waypoint,-16.9559,-16.9559,2.5552,2.7599,3.2450
2026-09-06T15:34:28.015,178692.375000,460,RECENTER_ROTATE,RECENTER_ROTATE,1,-0.405584,0.416178,2.265425,-18.9279,-18.9279,1.1000,10.47,ROT_RIGHT,waypoint,-16.9559,-16.9559,2.5552,2.7599,3.2450
2026-09-06T15:34:28.184,178692.531000,462,RECENTER_ROTATE,RECENTER_ROTATE,1,-0.352302,0.415450,2.272009,-18.1982,-18.1982,1.1000,10.71,ROT_RIGHT,waypoint,-16.9559,-16.9559,2.5552,2.7599,3.2450
2026-09-06T15:34:28.377,178692.734000,464,RECENTER_ROTATE,RECENTER_ROTATE,1,-0.288280,0.411021,2.274834,-17.0382,-17.0382,1.1000,10.71,ROT_RIGHT,waypoint,-16.9559,-16.9559,2.5552,2.7599,3.2450
2026-09-06T15:34:28.563,178692.921000,466,RECENTER_ROTATE,RECENTER_ROTATE,1,-0.200140,0.415473,2.288975,-15.4635,-15.4635,1.1000,10.71,ROT_RIGHT,waypoint,-16.9559,-16.9559,2.5552,2.7599,3.2450
2026-09-06T15:34:28.746,178693.093000,468,RECENTER_SETTLE,RECENTER_SETTLE,1,-0.090010,0.406189,2.299156,-13.2580,-13.2580,1.1000,10.79,ROT_LEFT,recenter,13.0546,13.0546,-4.9970,1.4168,1.4168
2026-09-06T15:34:28.930,178693.281000,470,RECENTER_SETTLE,RECENTER_SETTLE,1,0.036476,0.414940,2.309705,-10.5516,-10.5516,1.1000,10.79,ROT_LEFT,recenter,13.0546,13.0546,-4.9970,4.9513,4.9513
2026-09-06T15:34:29.105,178693.453000,472,RECENTER_SETTLE,RECENTER_SETTLE,1,-0.024334,0.405047,2.316159,-11.6325,-11.6325,1.1000,10.79,ROT_LEFT,recenter,13.0546,13.0546,-4.9970,5.7529,5.9018
2026-09-06T15:34:29.284,178693.640000,474,RECENTER_SETTLE,RECENTER_SETTLE,1,-0.007210,0.409897,2.323789,-11.5240,-11.5240,1.1000,11.08,ROT_LEFT,recenter,13.0546,13.0546,-4.9970,4.5459,5.9018
2026-09-06T15:34:29.451,178693.812000,476,RECENTER_SETTLE,RECENTER_SETTLE,1,-0.010775,0.406250,2.322757,-11.4157,-11.4157,1.1000,11.08,ROT_LEFT,recenter,13.0546,13.0546,-4.9970,4.8457,5.9018
2026-09-06T15:34:29.627,178693.984000,478,RECENTER_SETTLE,RECENTER_SETTLE,1,-0.012989,0.406703,2.321915,-11.4921,-11.4921,1.1000,11.08,ROT_LEFT,recenter,13.0546,13.0546,-4.9970,4.6701,5.9018
2026-09-06T15:34:29.807,178694.156000,480,RECENTER_SETTLE,RECENTER_SETTLE,1,-0.011338,0.407328,2.318285,-11.5253,-11.5253,1.1000,11.61,ROT_LEFT,recenter,13.0546,13.0546,-4.9970,4.7229,5.9018
2026-09-06T15:34:30.002,178694.359000,482,RECENTER_SETTLE,RECENTER_SETTLE,1,-0.012897,0.406578,2.320590,-11.5045,-11.5045,1.1000,11.61,ROT_LEFT,recenter,13.0546,13.0546,-4.9970,4.6705,5.9018
2026-09-06T15:34:30.169,178694.515000,484,RECENTER_SETTLE,RECENTER_SETTLE,1,-0.012399,0.406323,2.319896,-11.5266,-11.5266,1.1000,11.61,ROT_LEFT,recenter,13.0546,13.0546,-4.9970,4.6999,5.9018
2026-09-06T15:34:30.335,178694.687000,486,RECENTER_SETTLE,RECENTER_SETTLE,1,-0.011794,0.407402,2.322011,-11.5571,-11.5571,1.1000,11.18,ROT_LEFT,recenter,13.0546,13.0546,-4.9970,4.6883,5.9018
2026-09-06T15:34:30.518,178694.875000,488,RECENTER_SETTLE,RECENTER_SETTLE,1,-0.012722,0.407085,2.320642,-11.4705,-11.4705,1.1000,11.18,ROT_LEFT,recenter,13.0546,13.0546,-4.9970,4.7099,5.9018
2026-09-06T15:34:30.701,178695.046000,490,RECENTER_SETTLE,RECENTER_SETTLE,1,-0.011843,0.407142,2.320752,-11.5720,-11.5720,1.1000,11.18,ROT_LEFT,recenter,13.0546,13.0546,-4.9970,4.6922,5.9018
2026-09-06T15:34:30.872,178695.218000,492,RECENTER_SETTLE,RECENTER_SETTLE,1,-0.012267,0.406589,2.320603,-11.5266,-11.5266,1.1000,11.30,ROT_LEFT,recenter,13.0546,13.0546,-4.9970,4.6865,5.9018
2026-09-06T15:34:31.135,178695.484000,494,RECENTER_SETTLE,RECENTER_SETTLE,1,-0.012792,0.406578,2.319205,-11.5175,-11.5175,1.1000,11.30,ROT_LEFT,recenter,13.0546,13.0546,-4.9970,4.6938,5.9018
2026-09-06T15:34:31.307,178695.656000,496,RECENTER_SETTLE,RECENTER_SETTLE,1,-0.012100,0.406719,2.319906,-11.4635,-11.4635,1.1000,9.29,ROT_LEFT,recenter,13.0546,13.0546,-4.9970,4.6923,5.9018
2026-09-06T15:34:31.481,178695.828000,498,RECENTER_SETTLE,RECENTER_SETTLE,1,-0.012438,0.406261,2.318866,-11.4921,-11.4921,1.1000,9.29,ROT_LEFT,recenter,13.0546,13.0546,-4.9970,4.6910,5.9018
2026-09-06T15:34:31.658,178696.015000,500,RECENTER_SETTLE,RECENTER_SETTLE,1,-0.012201,0.406790,2.320188,-11.5489,-11.5489,1.1000,9.29,ROT_LEFT,recenter,13.0546,13.0546,-4.9970,4.6957,5.9018
2026-09-06T15:34:31.835,178696.187000,502,RECENTER_SETTLE,RECENTER_SETTLE,1,-0.012543,0.406596,2.318992,-11.4560,-11.4560,1.1000,11.64,ROT_LEFT,recenter,13.0546,13.0546,-4.9970,4.6894,5.9018
2026-09-06T15:34:32.010,178696.359000,504,RECENTER_SETTLE,RECENTER_SETTLE,1,-0.011904,0.406279,2.320697,-11.5483,-11.5483,1.1000,11.64,ROT_LEFT,recenter,13.0546,13.0546,-4.9970,4.6930,5.9018
2026-09-06T15:34:32.119,178696.468000,505,RECENTER_SETTLE,RECENTER_SETTLE,1,-0.012161,0.406947,2.319895,-11.5522,-11.5522,1.1000,11.64,ROT_LEFT,recenter,13.0546,13.0546,-4.9970,4.7031,5.9018
2026-09-06T15:34:32.284,178696.640000,507,RECENTER_SETTLE,RECENTER_SETTLE,1,-0.012292,0.406969,2.317932,-11.5295,-11.5295,1.1000,11.64,ROT_LEFT,recenter,13.0546,13.0546,-4.9970,4.6959,5.9018
2026-09-06T15:34:32.451,178696.812000,509,RECENTER_SETTLE,RECENTER_SETTLE,1,-0.012313,0.406378,2.320198,-11.5115,-11.5115,1.1000,11.21,ROT_LEFT,recenter,13.0546,13.0546,-4.9970,4.6813,5.9018
2026-09-06T15:34:32.626,178696.984000,511,STAGING_PLAN,STAGING_PLAN,1,-0.012153,0.407023,2.319995,-11.5015,-11.5015,1.1000,11.21,ROT_LEFT,recenter,13.0546,13.0546,-4.9970,4.6930,5.9018
2026-09-06T15:34:32.794,178697.140000,513,STAGING_PLAN,STAGING_PLAN,1,-0.011999,0.407273,2.321400,-11.4727,-11.4727,1.1000,11.21,ROT_LEFT,recenter,13.0546,13.0546,-4.9970,4.6930,5.9018
2026-09-06T15:34:32.972,178697.328000,515,STAGING_PLAN,STAGING_PLAN,1,-0.012138,0.406768,2.321718,-11.4247,-11.4247,1.1000,11.76,ROT_LEFT,recenter,13.0546,13.0546,-4.9970,4.6930,5.9018
2026-09-06T15:34:33.146,178697.500000,517,STAGING_PLAN,STAGING_PLAN,1,-0.012285,0.406626,2.319398,-11.5021,-11.5021,1.1000,11.76,ROT_LEFT,recenter,13.0546,13.0546,-4.9970,4.6930,5.9018
2026-09-06T15:34:33.318,178697.671000,519,STAGING_PLAN,STAGING_PLAN,1,-0.011426,0.407491,2.324203,-11.5624,-11.5624,1.1000,11.76,ROT_LEFT,recenter,13.0546,13.0546,-4.9970,4.6930,5.9018
2026-09-06T15:34:33.501,178697.859000,520,WAYPOINT_TURN,WAYPOINT_TURN,1,-0.011636,0.407074,2.324196,-11.5405,-11.5405,1.1000,9.48,ROT_LEFT,recenter,13.0546,13.0546,-4.9970,4.6930,5.9018
2026-09-06T15:34:33.685,178698.046000,522,WAYPOINT_TURN,WAYPOINT_TURN,1,-0.011568,0.406611,2.317674,-11.4902,-11.4902,1.1000,9.48,ROT_LEFT,recenter,13.0546,13.0546,-4.9970,4.6930,5.9018
2026-09-06T15:34:33.864,178698.218000,524,WAYPOINT_TURN,WAYPOINT_TURN,1,-0.012450,0.407263,2.321177,-11.4759,-11.4759,1.1000,9.48,ROT_LEFT,recenter,13.0546,13.0546,-4.9970,4.6930,5.9018
2026-09-06T15:34:34.052,178698.406000,526,WAYPOINT_TURN,WAYPOINT_TURN,1,-0.017841,0.406528,2.317219,-11.5788,-11.5788,1.1000,11.23,ROT_LEFT,recenter,13.0546,13.0546,-4.9970,4.6930,5.9018
2026-09-06T15:34:34.225,178698.578000,528,WAYPOINT_TURN,WAYPOINT_TURN,1,-0.017028,0.407218,2.317570,-11.7178,-11.7178,1.1000,11.23,ROT_LEFT,recenter,13.0546,13.0546,-4.9970,4.6930,5.9018
2026-09-06T15:34:34.405,178698.765000,530,WAYPOINT_TURN,WAYPOINT_TURN,1,-0.020297,0.407071,2.318808,-11.5912,-11.5912,1.1000,11.23,ROT_LEFT,recenter,13.0546,13.0546,-4.9970,4.6930,5.9018
2026-09-06T15:34:34.586,178698.937000,532,WAYPOINT_TURN,WAYPOINT_TURN,1,-0.021067,0.407508,2.317817,-11.4983,-11.4983,1.1000,11.26,ROT_LEFT,recenter,13.0546,13.0546,-4.9970,4.6930,5.9018
2026-09-06T15:34:34.685,178699.046000,533,WAYPOINT_TURN,WAYPOINT_TURN,1,-0.026152,0.407984,2.316467,-11.5929,-11.5929,1.1000,11.26,ROT_LEFT,recenter,13.0546,13.0546,-4.9970,4.6930,5.9018
2026-09-06T15:34:34.868,178699.218000,535,WAYPOINT_TURN,WAYPOINT_TURN,1,-0.038157,0.410089,2.313770,-12.2375,-12.2375,1.1000,11.26,ROT_LEFT,recenter,13.0546,13.0546,-4.9970,4.6930,5.9018
2026-09-06T15:34:35.045,178699.406000,537,WAYPOINT_TURN,WAYPOINT_TURN,1,-0.071186,0.411849,2.312424,-12.6797,-12.6797,1.1000,11.26,ROT_LEFT,recenter,13.0546,13.0546,-4.9970,4.6930,5.9018
2026-09-06T15:34:35.227,178699.578000,539,WAYPOINT_TURN_SETTLE,WAYPOINT_TURN_SETTLE,1,-0.191621,0.415563,2.302187,-14.6813,-14.6813,1.1000,10.82,ROT_RIGHT,waypoint,-4.0771,-4.0771,2.3221,0.6346,0.6346
2026-09-06T15:34:35.411,178699.765000,541,WAYPOINT_TURN_SETTLE,WAYPOINT_TURN_SETTLE,1,-0.312251,0.407762,2.282821,-17.1760,-17.1760,1.1000,10.82,ROT_RIGHT,waypoint,-4.0771,-4.0771,2.3221,3.0566,3.0566
2026-09-06T15:34:35.586,178699.937000,543,WAYPOINT_TURN_SETTLE,WAYPOINT_TURN_SETTLE,1,-0.279398,0.414407,2.284718,-16.9438,-16.9438,1.1000,10.82,ROT_RIGHT,waypoint,-4.0771,-4.0771,2.3221,4.6815,4.6815
2026-09-06T15:34:35.760,178700.109000,545,WAYPOINT_TURN_SETTLE,WAYPOINT_TURN_SETTLE,1,-0.268509,0.411347,2.278360,-16.2229,-16.2229,1.1000,11.15,ROT_RIGHT,waypoint,-4.0771,-4.0771,2.3221,3.1710,4.6815
2026-09-06T15:34:35.935,178700.281000,547,WAYPOINT_TURN_SETTLE,WAYPOINT_TURN_SETTLE,1,-0.288444,0.411349,2.282088,-16.8938,-16.8938,1.1000,11.15,ROT_RIGHT,waypoint,-4.0771,-4.0771,2.3221,3.9904,4.6815
2026-09-06T15:34:36.119,178700.468000,549,WAYPOINT_TURN_SETTLE,WAYPOINT_TURN_SETTLE,1,-0.278678,0.414492,2.281924,-16.7021,-16.7021,1.1000,11.15,ROT_RIGHT,waypoint,-4.0771,-4.0771,2.3221,4.0639,4.6815
2026-09-06T15:34:36.293,178700.640000,551,WAYPOINT_TURN_SETTLE,WAYPOINT_TURN_SETTLE,1,-0.283476,0.410448,2.278767,-16.7915,-16.7915,1.1000,11.25,ROT_RIGHT,waypoint,-4.0771,-4.0771,2.3221,3.9745,4.6815
2026-09-06T15:34:36.474,178700.828000,553,WAYPOINT_TURN_SETTLE,WAYPOINT_TURN_SETTLE,1,-0.281534,0.411888,2.283119,-16.7506,-16.7506,1.1000,11.25,ROT_RIGHT,waypoint,-4.0771,-4.0771,2.3221,4.0654,4.6815
2026-09-06T15:34:36.641,178701.000000,555,WAYPOINT_TURN_SETTLE,WAYPOINT_TURN_SETTLE,1,-0.282501,0.410055,2.278525,-16.7633,-16.7633,1.1000,11.25,ROT_RIGHT,waypoint,-4.0771,-4.0771,2.3221,4.0414,4.6815
2026-09-06T15:34:36.819,178701.171000,557,WAYPOINT_TURN_SETTLE,WAYPOINT_TURN_SETTLE,1,-0.282448,0.411479,2.282420,-16.7357,-16.7357,1.1000,11.37,ROT_RIGHT,waypoint,-4.0771,-4.0771,2.3221,4.1163,4.6815
2026-09-06T15:34:36.991,178701.343000,559,WAYPOINT_TURN_SETTLE,WAYPOINT_TURN_SETTLE,1,-0.282737,0.411380,2.281759,-16.6696,-16.6696,1.1000,11.37,ROT_RIGHT,waypoint,-4.0771,-4.0771,2.3221,4.0461,4.6815
2026-09-06T15:34:37.152,178701.500000,560,WAYPOINT_TURN_SETTLE,WAYPOINT_TURN_SETTLE,1,-0.282352,0.411538,2.282910,-16.7458,-16.7458,1.1000,11.37,ROT_RIGHT,waypoint,-4.0771,-4.0771,2.3221,3.9899,4.6815
2026-09-06T15:34:37.327,178701.687000,562,WAYPOINT_TURN_SETTLE,WAYPOINT_TURN_SETTLE,1,-0.282310,0.411354,2.281967,-16.7591,-16.7591,1.1000,10.07,ROT_RIGHT,waypoint,-4.0771,-4.0771,2.3221,4.0504,4.6815
2026-09-06T15:34:37.495,178701.843000,564,WAYPOINT_TURN_SETTLE,WAYPOINT_TURN_SETTLE,1,-0.282674,0.410531,2.279257,-16.7244,-16.7244,1.1000,10.07,ROT_RIGHT,waypoint,-4.0771,-4.0771,2.3221,4.0744,4.6815
2026-09-06T15:34:37.669,178702.015000,566,WAYPOINT_TURN_SETTLE,WAYPOINT_TURN_SETTLE,1,-0.282521,0.411281,2.281480,-16.7620,-16.7620,1.1000,10.07,ROT_RIGHT,waypoint,-4.0771,-4.0771,2.3221,4.0605,4.6815
2026-09-06T15:34:37.835,178702.187000,568,WAYPOINT_TURN_SETTLE,WAYPOINT_TURN_SETTLE,1,-0.282959,0.410897,2.280605,-16.7095,-16.7095,1.1000,11.99,ROT_RIGHT,waypoint,-4.0771,-4.0771,2.3221,4.1129,4.6815
2026-09-06T15:34:38.003,178702.359000,570,WAYPOINT_TURN_SETTLE,WAYPOINT_TURN_SETTLE,1,-0.282641,0.411440,2.282333,-16.7141,-16.7141,1.1000,11.99,ROT_RIGHT,waypoint,-4.0771,-4.0771,2.3221,4.0949,4.6815
2026-09-06T15:34:38.119,178702.468000,571,WAYPOINT_TURN_SETTLE,WAYPOINT_TURN_SETTLE,1,-0.282956,0.410600,2.279599,-16.7257,-16.7257,1.1000,11.99,ROT_RIGHT,waypoint,-4.0771,-4.0771,2.3221,4.0343,4.6815
2026-09-06T15:34:38.302,178702.656000,573,WAYPOINT_TURN_SETTLE,WAYPOINT_TURN_SETTLE,1,-0.282224,0.411162,2.280881,-16.7743,-16.7743,1.1000,11.99,ROT_RIGHT,waypoint,-4.0771,-4.0771,2.3221,4.0420,4.6815
2026-09-06T15:34:38.485,178702.843000,575,WAYPOINT_TURN_SETTLE,WAYPOINT_TURN_SETTLE,1,-0.282774,0.410984,2.279455,-16.7257,-16.7257,1.1000,10.60,ROT_RIGHT,waypoint,-4.0771,-4.0771,2.3221,4.0452,4.6815
2026-09-06T15:34:38.653,178703.000000,577,WAYPOINT_TURN_SETTLE,WAYPOINT_TURN_SETTLE,1,-0.282515,0.411077,2.280353,-16.7433,-16.7433,1.1000,10.60,ROT_RIGHT,waypoint,-4.0771,-4.0771,2.3221,4.1165,4.6815
2026-09-06T15:34:38.822,178703.171000,579,WAYPOINT_TURN_SETTLE,WAYPOINT_TURN_SETTLE,1,-0.282585,0.411119,2.280577,-16.7314,-16.7314,1.1000,10.60,ROT_RIGHT,waypoint,-4.0771,-4.0771,2.3221,4.0758,4.6815
2026-09-06T15:34:39.002,178703.359000,581,WAYPOINT_TURN_SETTLE,WAYPOINT_TURN_SETTLE,1,-0.282463,0.410786,2.280260,-16.7801,-16.7801,1.1000,11.51,ROT_RIGHT,waypoint,-4.0771,-4.0771,2.3221,4.0712,4.6815
2026-09-06T15:34:39.171,178703.531000,583,WAYPOINT_DRIVE,WAYPOINT_DRIVE,1,-0.282351,0.411230,2.280996,-16.7299,-16.7299,1.1000,11.51,ROT_RIGHT,waypoint,-4.0771,-4.0771,2.3221,4.1004,4.6815
2026-09-06T15:34:39.340,178703.687000,585,WAYPOINT_DRIVE,WAYPOINT_DRIVE,1,-0.282650,0.410548,2.278956,-16.7381,-16.7381,1.1000,11.51,ROT_RIGHT,waypoint,-4.0771,-4.0771,2.3221,4.1004,4.6815
2026-09-06T15:34:39.519,178703.875000,587,WAYPOINT_DRIVE,WAYPOINT_DRIVE,1,-0.282205,0.410551,2.280759,-16.7414,-16.7414,1.1000,11.72,ROT_RIGHT,waypoint,-4.0771,-4.0771,2.3221,4.1004,4.6815
2026-09-06T15:34:39.702,178704.062000,589,WAYPOINT_DRIVE,WAYPOINT_DRIVE,1,-0.282566,0.410920,2.281419,-16.7146,-16.7146,1.1000,11.72,ROT_RIGHT,waypoint,-4.0771,-4.0771,2.3221,4.1004,4.6815
2026-09-06T15:34:39.872,178704.218000,591,WAYPOINT_DRIVE,WAYPOINT_DRIVE,1,-0.281861,0.411642,2.283377,-16.7039,-16.7039,1.1000,11.72,ROT_RIGHT,waypoint,-4.0771,-4.0771,2.3221,4.1004,4.6815
2026-09-06T15:34:39.972,178704.328000,592,WAYPOINT_DRIVE,WAYPOINT_DRIVE,1,-0.281887,0.411561,2.283256,-16.8253,-16.8253,1.1000,11.24,ROT_RIGHT,waypoint,-4.0771,-4.0771,2.3221,4.1004,4.6815
2026-09-06T15:34:40.153,178704.500000,594,WAYPOINT_DRIVE,WAYPOINT_DRIVE,1,-0.283456,0.415108,2.283376,-16.8227,-16.8227,1.1000,11.24,ROT_RIGHT,waypoint,-4.0771,-4.0771,2.3221,4.1004,4.6815
2026-09-06T15:34:40.331,178704.687000,596,WAYPOINT_DRIVE,WAYPOINT_DRIVE,1,-0.281673,0.420506,2.269185,-16.8038,-16.8038,1.1000,11.24,ROT_RIGHT,waypoint,-4.0771,-4.0771,2.3221,4.1004,4.6815
2026-09-06T15:34:40.502,178704.859000,598,WAYPOINT_DRIVE,WAYPOINT_DRIVE,1,-0.274793,0.416442,2.246492,-16.7714,-16.7714,1.1000,10.91,ROT_RIGHT,waypoint,-4.0771,-4.0771,2.3221,4.1004,4.6815
2026-09-06T15:34:40.686,178705.046000,600,WAYPOINT_DRIVE,WAYPOINT_DRIVE,1,-0.275852,0.411397,2.211354,-16.4944,-16.4944,1.1000,10.91,ROT_RIGHT,waypoint,-4.0771,-4.0771,2.3221,4.1004,4.6815
2026-09-06T15:34:40.874,178705.234000,602,WAYPOINT_DRIVE,WAYPOINT_DRIVE,1,-0.284199,0.413647,2.186719,-16.6582,-16.6582,1.1000,10.91,ROT_RIGHT,waypoint,-4.0771,-4.0771,2.3221,4.1004,4.6815
2026-09-06T15:34:41.053,178705.406000,604,WAYPOINT_DRIVE,WAYPOINT_DRIVE,1,-0.274793,0.407130,2.151055,-16.4242,-16.4242,1.1000,11.17,ROT_RIGHT,waypoint,-4.0771,-4.0771,2.3221,4.1004,4.6815
2026-09-06T15:34:41.237,178705.593000,606,WAYPOINT_DRIVE,WAYPOINT_DRIVE,1,-0.286630,0.412635,2.120040,-16.5423,-16.5423,1.1000,11.17,ROT_RIGHT,waypoint,-4.0771,-4.0771,2.3221,4.1004,4.6815
2026-09-06T15:34:41.402,178705.750000,608,WAYPOINT_DRIVE_SETTLE,WAYPOINT_DRIVE_SETTLE,1,-0.279004,0.411157,2.080367,-16.4955,-16.4955,1.1000,11.17,ROT_RIGHT,waypoint,-4.0771,-4.0771,2.3221,4.1004,4.6815
2026-09-06T15:34:41.504,178705.859000,609,WAYPOINT_DRIVE_SETTLE,WAYPOINT_DRIVE_SETTLE,1,-0.284160,0.413464,2.059735,-16.5543,-16.5543,1.1000,11.17,ROT_RIGHT,waypoint,-4.0771,-4.0771,2.3221,4.1004,4.6815
2026-09-06T15:34:41.686,178706.046000,611,WAYPOINT_DRIVE_SETTLE,WAYPOINT_DRIVE_SETTLE,1,-0.279238,0.405247,2.020476,-16.4359,-16.4359,1.1000,11.30,ROT_RIGHT,waypoint,-4.0771,-4.0771,2.3221,4.1004,4.6815
2026-09-06T15:34:41.857,178706.203000,613,WAYPOINT_DRIVE_SETTLE,WAYPOINT_DRIVE_SETTLE,1,-0.276275,0.406151,2.011578,-16.2839,-16.2839,1.1000,11.30,ROT_RIGHT,waypoint,-4.0771,-4.0771,2.3221,4.1004,4.6815
2026-09-06T15:34:41.952,178706.312000,614,WAYPOINT_DRIVE_SETTLE,WAYPOINT_DRIVE_SETTLE,1,-0.282623,0.409422,2.014641,-16.4997,-16.4997,1.1000,11.30,ROT_RIGHT,waypoint,-4.0771,-4.0771,2.3221,4.1004,4.6815
2026-09-06T15:34:42.162,178706.515000,616,WAYPOINT_DRIVE_SETTLE,WAYPOINT_DRIVE_SETTLE,1,-0.280004,0.407030,2.003686,-17.2710,-17.2710,1.1000,10.30,ROT_RIGHT,waypoint,-4.0771,-4.0771,2.3221,4.1004,4.6815
2026-09-06T15:34:42.346,178706.703000,618,WAYPOINT_DRIVE_SETTLE,WAYPOINT_DRIVE_SETTLE,1,-0.271775,0.408164,2.003818,-17.2622,-17.2622,1.1000,10.30,ROT_RIGHT,waypoint,-4.0771,-4.0771,2.3221,4.1004,4.6815
2026-09-06T15:34:42.528,178706.875000,620,WAYPOINT_DRIVE_SETTLE,WAYPOINT_DRIVE_SETTLE,1,-0.272013,0.408859,2.004169,-17.2516,-17.2516,1.1000,10.30,ROT_RIGHT,waypoint,-4.0771,-4.0771,2.3221,4.1004,4.6815
2026-09-06T15:34:42.721,178707.078000,622,WAYPOINT_DRIVE_SETTLE,WAYPOINT_DRIVE_SETTLE,1,-0.272864,0.408411,2.003516,-17.2391,-17.2391,1.1000,10.74,ROT_RIGHT,waypoint,-4.0771,-4.0771,2.3221,4.1004,4.6815
2026-09-06T15:34:42.889,178707.250000,624,WAYPOINT_DRIVE_SETTLE,WAYPOINT_DRIVE_SETTLE,1,-0.271981,0.408387,2.002346,-17.2462,-17.2462,1.1000,10.74,ROT_RIGHT,waypoint,-4.0771,-4.0771,2.3221,4.1004,4.6815
2026-09-06T15:34:43.058,178707.406000,626,WAYPOINT_DRIVE_SETTLE,WAYPOINT_DRIVE_SETTLE,1,-0.272883,0.408509,2.004148,-17.2344,-17.2344,1.1000,10.74,ROT_RIGHT,waypoint,-4.0771,-4.0771,2.3221,4.1004,4.6815
2026-09-06T15:34:43.255,178707.609000,628,WAYPOINT_DRIVE_SETTLE,WAYPOINT_DRIVE_SETTLE,1,-0.272927,0.408677,2.004888,-17.1598,-17.1598,1.1000,11.43,ROT_RIGHT,waypoint,-4.0771,-4.0771,2.3221,4.1004,4.6815
2026-09-06T15:34:43.436,178707.796000,630,WAYPOINT_DRIVE_SETTLE,WAYPOINT_DRIVE_SETTLE,1,-0.273078,0.408615,2.004578,-17.1527,-17.1527,1.1000,11.43,ROT_RIGHT,waypoint,-4.0771,-4.0771,2.3221,4.1004,4.6815
2026-09-06T15:34:43.624,178707.984000,632,WAYPOINT_DRIVE_SETTLE,WAYPOINT_DRIVE_SETTLE,1,-0.273076,0.408665,2.004991,-17.3034,-17.3034,1.1000,11.43,ROT_RIGHT,waypoint,-4.0771,-4.0771,2.3221,4.1004,4.6815
2026-09-06T15:34:43.806,178708.156000,634,WAYPOINT_DRIVE_SETTLE,WAYPOINT_DRIVE_SETTLE,1,-0.272199,0.408331,2.002052,-17.2216,-17.2216,1.1000,10.90,ROT_RIGHT,waypoint,-4.0771,-4.0771,2.3221,4.1004,4.6815
2026-09-06T15:34:43.979,178708.328000,636,WAYPOINT_DRIVE_SETTLE,WAYPOINT_DRIVE_SETTLE,1,-0.271951,0.408402,2.002418,-17.2177,-17.2177,1.1000,10.90,ROT_RIGHT,waypoint,-4.0771,-4.0771,2.3221,4.1004,4.6815
2026-09-06T15:34:44.153,178708.500000,638,WAYPOINT_DRIVE_SETTLE,WAYPOINT_DRIVE_SETTLE,1,-0.272020,0.408468,2.002740,-17.2385,-17.2385,1.1000,10.90,ROT_RIGHT,waypoint,-4.0771,-4.0771,2.3221,4.1004,4.6815
2026-09-06T15:34:44.336,178708.687000,640,WAYPOINT_DRIVE_SETTLE,WAYPOINT_DRIVE_SETTLE,1,-0.272713,0.408985,2.005254,-17.2327,-17.2327,1.1000,11.16,ROT_RIGHT,waypoint,-4.0771,-4.0771,2.3221,4.1004,4.6815
2026-09-06T15:34:44.552,178708.906000,642,WAYPOINT_DRIVE_SETTLE,WAYPOINT_DRIVE_SETTLE,1,-0.273009,0.408336,2.004662,-17.2563,-17.2563,1.1000,11.16,ROT_RIGHT,waypoint,-4.0771,-4.0771,2.3221,4.1004,4.6815
2026-09-06T15:34:44.721,178709.078000,644,WAYPOINT_DRIVE_SETTLE,WAYPOINT_DRIVE_SETTLE,1,-0.272996,0.408407,2.004914,-17.2304,-17.2304,1.1000,11.16,ROT_RIGHT,waypoint,-4.0771,-4.0771,2.3221,4.1004,4.6815
2026-09-06T15:34:44.915,178709.265000,646,WAYPOINT_DRIVE_SETTLE,WAYPOINT_DRIVE_SETTLE,1,-0.272928,0.408998,2.005347,-17.2596,-17.2596,1.1000,10.64,ROT_RIGHT,waypoint,-4.0771,-4.0771,2.3221,4.1004,4.6815
2026-09-06T15:34:45.089,178709.437000,648,WAYPOINT_DRIVE_SETTLE,WAYPOINT_DRIVE_SETTLE,1,-0.273176,0.408946,2.006223,-17.1956,-17.1956,1.1000,10.64,ROT_RIGHT,waypoint,-4.0771,-4.0771,2.3221,4.1004,4.6815
2026-09-06T15:34:45.187,178709.546000,649,WAYPOINT_DRIVE_SETTLE,WAYPOINT_DRIVE_SETTLE,1,-0.273258,0.408817,2.005590,-17.1677,-17.1677,1.1000,10.64,ROT_RIGHT,waypoint,-4.0771,-4.0771,2.3221,4.1004,4.6815
2026-09-06T15:34:45.359,178709.718000,651,STAGING_PLAN,STAGING_PLAN,1,-0.272873,0.408320,2.004771,-17.2365,-17.2365,1.1000,10.64,ROT_RIGHT,waypoint,-4.0771,-4.0771,2.3221,4.1004,4.6815
2026-09-06T15:34:45.470,178709.828000,652,STAGING_PLAN,STAGING_PLAN,1,-0.273098,0.408724,2.005156,-17.1908,-17.1908,1.1000,10.63,ROT_RIGHT,waypoint,-4.0771,-4.0771,2.3221,4.1004,4.6815
2026-09-06T15:34:45.651,178710.000000,654,STAGING_PLAN,STAGING_PLAN,1,-0.272973,0.408470,2.005435,-17.2751,-17.2751,1.1000,10.63,ROT_RIGHT,waypoint,-4.0771,-4.0771,2.3221,4.1004,4.6815
2026-09-06T15:34:45.821,178710.171000,656,STAGING_PLAN,STAGING_PLAN,1,-0.272855,0.408759,2.005352,-17.2418,-17.2418,1.1000,10.63,ROT_RIGHT,waypoint,-4.0771,-4.0771,2.3221,4.1004,4.6815
2026-09-06T15:34:46.004,178710.359000,658,STAGING_PLAN,STAGING_PLAN,1,-0.272783,0.409052,2.005576,-17.2535,-17.2535,1.1000,10.88,ROT_RIGHT,waypoint,-4.0771,-4.0771,2.3221,4.1004,4.6815
2026-09-06T15:34:46.190,178710.546000,660,STAGING_PLAN,STAGING_PLAN,1,-0.272082,0.408293,2.003102,-17.2425,-17.2425,1.1000,10.88,ROT_RIGHT,waypoint,-4.0771,-4.0771,2.3221,4.1004,4.6815
2026-09-06T15:34:46.389,178710.750000,661,RECENTER_ROTATE,RECENTER_ROTATE,1,-0.273098,0.408724,2.005156,-17.1908,-17.1908,1.1000,10.88,ROT_RIGHT,waypoint,-4.0771,-4.0771,2.3221,4.1004,4.6815
2026-09-06T15:34:46.576,178710.937000,663,RECENTER_ROTATE,RECENTER_ROTATE,1,-0.272768,0.408520,2.005492,-17.2320,-17.2320,1.1000,9.08,ROT_RIGHT,waypoint,-4.0771,-4.0771,2.3221,4.1004,4.6815
2026-09-06T15:34:46.757,178711.109000,665,RECENTER_ROTATE,RECENTER_ROTATE,1,-0.282936,0.410286,2.016238,-16.5978,-16.5978,1.1000,9.08,ROT_RIGHT,waypoint,-4.0771,-4.0771,2.3221,4.1004,4.6815
2026-09-06T15:34:46.938,178711.296000,667,RECENTER_ROTATE,RECENTER_ROTATE,1,-0.283082,0.409978,2.016255,-16.5975,-16.5975,1.1000,9.08,ROT_RIGHT,waypoint,-4.0771,-4.0771,2.3221,4.1004,4.6815
2026-09-06T15:34:47.103,178711.453000,669,RECENTER_ROTATE,RECENTER_ROTATE,1,-0.283006,0.410080,2.016390,-16.5859,-16.5859,1.1000,11.15,ROT_RIGHT,waypoint,-4.0771,-4.0771,2.3221,4.1004,4.6815
2026-09-06T15:34:47.275,178711.625000,671,RECENTER_ROTATE,RECENTER_ROTATE,1,-0.281900,0.409324,2.015703,-16.5877,-16.5877,1.1000,11.15,ROT_RIGHT,waypoint,-4.0771,-4.0771,2.3221,4.1004,4.6815
2026-09-06T15:34:47.456,178711.812000,673,RECENTER_ROTATE,RECENTER_ROTATE,1,-0.267480,0.409922,2.019806,-16.4130,-16.4130,1.1000,11.15,ROT_RIGHT,waypoint,-4.0771,-4.0771,2.3221,4.1004,4.6815
2026-09-06T15:34:47.642,178712.000000,675,RECENTER_ROTATE,RECENTER_ROTATE,1,-0.251493,0.406155,2.017289,-16.1712,-16.1712,1.1000,10.99,ROT_RIGHT,waypoint,-4.0771,-4.0771,2.3221,4.1004,4.6815
2026-09-06T15:34:47.814,178712.171000,677,RECENTER_ROTATE,RECENTER_ROTATE,1,-0.208359,0.405684,2.016025,-15.5630,-15.5630,1.1000,10.99,ROT_RIGHT,waypoint,-4.0771,-4.0771,2.3221,4.1004,4.6815
2026-09-06T15:34:47.987,178712.343000,679,RECENTER_ROTATE,RECENTER_ROTATE,1,-0.151185,0.405841,2.017550,-14.5704,-14.5704,1.1000,10.99,ROT_RIGHT,waypoint,-4.0771,-4.0771,2.3221,4.1004,4.6815
2026-09-06T15:34:48.203,178712.562000,681,RECENTER_SETTLE,RECENTER_SETTLE,1,-0.058205,0.405474,2.023398,-12.6682,-12.6682,1.1000,10.94,ROT_LEFT,recenter,7.8177,7.8177,-4.2854,1.0284,1.0284
2026-09-06T15:34:48.370,178712.718000,683,RECENTER_SETTLE,RECENTER_SETTLE,1,0.076379,0.402506,2.028451,-9.7199,-9.7199,1.1000,10.94,ROT_LEFT,recenter,7.8177,7.8177,-4.2854,4.1022,4.1022
2026-09-06T15:34:48.549,178712.906000,685,RECENTER_SETTLE,RECENTER_SETTLE,1,0.155988,0.404773,2.021193,-7.8254,-7.8254,1.1000,10.94,ROT_LEFT,recenter,7.8177,7.8177,-4.2854,7.9075,7.9075
2026-09-06T15:34:48.722,178713.078000,687,RECENTER_SETTLE,RECENTER_SETTLE,1,0.100611,0.396835,2.030781,-9.3177,-9.3177,1.1000,11.40,ROT_LEFT,recenter,7.8177,7.8177,-4.2854,7.4373,8.6986
2026-09-06T15:34:48.895,178713.250000,689,RECENTER_SETTLE,RECENTER_SETTLE,1,0.116174,0.399448,2.035528,-8.8602,-8.8602,1.1000,11.40,ROT_LEFT,recenter,7.8177,7.8177,-4.2854,7.3467,8.6986
2026-09-06T15:34:49.080,178713.437000,691,RECENTER_SETTLE,RECENTER_SETTLE,1,0.112922,0.400960,2.035741,-8.9319,-8.9319,1.1000,11.40,ROT_LEFT,recenter,7.8177,7.8177,-4.2854,7.5393,8.6986
2026-09-06T15:34:49.212,178713.562000,692,RECENTER_SETTLE,RECENTER_SETTLE,1,0.110917,0.397599,2.033059,-8.9574,-8.9574,1.1000,11.40,ROT_LEFT,recenter,7.8177,7.8177,-4.2854,7.4604,8.6986
2026-09-06T15:34:49.387,178713.734000,694,RECENTER_SETTLE,RECENTER_SETTLE,1,0.113107,0.399319,2.033059,-8.9386,-8.9386,1.1000,10.42,ROT_LEFT,recenter,7.8177,7.8177,-4.2854,7.4740,8.6986
2026-09-06T15:34:49.482,178713.843000,695,RECENTER_SETTLE,RECENTER_SETTLE,1,0.111643,0.398798,2.033611,-8.9478,-8.9478,1.1000,10.42,ROT_LEFT,recenter,7.8177,7.8177,-4.2854,7.4698,8.6986
2026-09-06T15:34:49.653,178714.000000,697,RECENTER_SETTLE,RECENTER_SETTLE,1,0.112924,0.398879,2.033950,-8.9951,-8.9951,1.1000,10.42,ROT_LEFT,recenter,7.8177,7.8177,-4.2854,7.4398,8.6986
2026-09-06T15:34:49.820,178714.171000,699,RECENTER_SETTLE,RECENTER_SETTLE,1,0.111978,0.398636,2.032753,-8.9827,-8.9827,1.1000,11.43,ROT_LEFT,recenter,7.8177,7.8177,-4.2854,7.4488,8.6986
2026-09-06T15:34:49.983,178714.343000,701,RECENTER_SETTLE,RECENTER_SETTLE,1,0.113133,0.399011,2.033376,-8.9863,-8.9863,1.1000,11.43,ROT_LEFT,recenter,7.8177,7.8177,-4.2854,7.4533,8.6986
2026-09-06T15:34:50.191,178714.546000,703,RECENTER_SETTLE,RECENTER_SETTLE,1,0.112194,0.398770,2.033460,-9.0124,-9.0124,1.1000,11.43,ROT_LEFT,recenter,7.8177,7.8177,-4.2854,7.4450,8.6986
2026-09-06T15:34:50.372,178714.718000,705,RECENTER_SETTLE,RECENTER_SETTLE,1,0.112354,0.399025,2.033395,-8.9825,-8.9825,1.1000,11.12,ROT_LEFT,recenter,7.8177,7.8177,-4.2854,7.4463,8.6986
2026-09-06T15:34:50.546,178714.906000,707,RECENTER_SETTLE,RECENTER_SETTLE,1,0.112586,0.399123,2.033945,-8.9996,-8.9996,1.1000,11.12,ROT_LEFT,recenter,7.8177,7.8177,-4.2854,7.4513,8.6986
2026-09-06T15:34:50.723,178715.078000,709,RECENTER_SETTLE,RECENTER_SETTLE,1,0.112226,0.399151,2.034085,-9.0152,-9.0152,1.1000,11.12,ROT_LEFT,recenter,7.8177,7.8177,-4.2854,7.4554,8.6986
2026-09-06T15:34:50.888,178715.234000,711,RECENTER_SETTLE,RECENTER_SETTLE,1,0.112712,0.399533,2.034679,-8.9963,-8.9963,1.1000,11.32,ROT_LEFT,recenter,7.8177,7.8177,-4.2854,7.4575,8.6986
2026-09-06T15:34:51.054,178715.406000,713,RECENTER_SETTLE,RECENTER_SETTLE,1,0.112572,0.398894,2.034093,-8.9976,-8.9976,1.1000,11.32,ROT_LEFT,recenter,7.8177,7.8177,-4.2854,7.4582,8.6986
2026-09-06T15:34:51.225,178715.578000,715,RECENTER_SETTLE,RECENTER_SETTLE,1,0.112907,0.399167,2.032794,-8.9640,-8.9640,1.1000,11.32,ROT_LEFT,recenter,7.8177,7.8177,-4.2854,7.4479,8.6986
2026-09-06T15:34:51.406,178715.765000,717,RECENTER_SETTLE,RECENTER_SETTLE,1,0.112862,0.399521,2.034028,-8.9279,-8.9279,1.1000,11.93,ROT_LEFT,recenter,7.8177,7.8177,-4.2854,7.4565,8.6986
2026-09-06T15:34:51.603,178715.953000,719,RECENTER_SETTLE,RECENTER_SETTLE,1,0.112799,0.399143,2.035376,-9.0270,-9.0270,1.1000,11.93,ROT_LEFT,recenter,7.8177,7.8177,-4.2854,7.4606,8.6986
2026-09-06T15:34:51.770,178716.125000,721,RECENTER_SETTLE,RECENTER_SETTLE,1,0.112737,0.399382,2.033825,-8.9760,-8.9760,1.1000,11.93,ROT_LEFT,recenter,7.8177,7.8177,-4.2854,7.4678,8.6986
2026-09-06T15:34:51.937,178716.296000,723,RECENTER_SETTLE,RECENTER_SETTLE,1,0.112580,0.399514,2.034088,-8.9988,-8.9988,1.1000,11.08,ROT_LEFT,recenter,7.8177,7.8177,-4.2854,7.4574,8.6986
2026-09-06T15:34:52.104,178716.453000,725,STAGING_PLAN,STAGING_PLAN,1,0.112574,0.399090,2.033663,-8.9211,-8.9211,1.1000,11.08,ROT_LEFT,recenter,7.8177,7.8177,-4.2854,7.4533,8.6986
2026-09-06T15:34:52.228,178716.578000,726,STAGING_PLAN,STAGING_PLAN,1,0.112743,0.399583,2.034443,-9.0076,-9.0076,1.1000,11.08,ROT_LEFT,recenter,7.8177,7.8177,-4.2854,7.4533,8.6986
2026-09-06T15:34:52.404,178716.750000,728,STAGING_PLAN,STAGING_PLAN,1,0.113091,0.398913,2.033627,-9.0056,-9.0056,1.1000,11.08,ROT_LEFT,recenter,7.8177,7.8177,-4.2854,7.4533,8.6986
2026-09-06T15:34:52.560,178716.906000,730,STAGING_PLAN,STAGING_PLAN,1,0.112895,0.399661,2.033400,-8.9854,-8.9854,1.1000,10.90,ROT_LEFT,recenter,7.8177,7.8177,-4.2854,7.4533,8.6986
2026-09-06T15:34:52.669,178717.015000,731,STAGING_PLAN,STAGING_PLAN,1,0.113074,0.399682,2.035098,-9.0260,-9.0260,1.1000,10.90,ROT_LEFT,recenter,7.8177,7.8177,-4.2854,7.4533,8.6986
2026-09-06T15:34:52.846,178717.203000,733,STAGING_PLAN,STAGING_PLAN,1,0.112637,0.399549,2.034482,-8.9731,-8.9731,1.1000,10.90,ROT_LEFT,recenter,7.8177,7.8177,-4.2854,7.4533,8.6986
2026-09-06T15:34:52.989,178717.343000,734,WAYPOINT_TURN,WAYPOINT_TURN,1,0.113210,0.399603,2.034458,-8.9941,-8.9941,1.1000,9.78,ROT_LEFT,recenter,7.8177,7.8177,-4.2854,7.4533,8.6986
2026-09-06T15:34:53.171,178717.531000,736,WAYPOINT_TURN,WAYPOINT_TURN,1,0.112902,0.399593,2.035808,-8.9606,-8.9606,1.1000,9.78,ROT_LEFT,recenter,7.8177,7.8177,-4.2854,7.4533,8.6986
2026-09-06T15:34:53.337,178717.687000,738,WAYPOINT_TURN,WAYPOINT_TURN,1,0.111203,0.398979,2.031896,-9.0270,-9.0270,1.1000,9.78,ROT_LEFT,recenter,7.8177,7.8177,-4.2854,7.4533,8.6986
2026-09-06T15:34:53.506,178717.859000,740,WAYPOINT_TURN,WAYPOINT_TURN,1,0.109738,0.399423,2.031008,-9.0385,-9.0385,1.1000,11.59,ROT_LEFT,recenter,7.8177,7.8177,-4.2854,7.4533,8.6986
2026-09-06T15:34:53.687,178718.046000,742,WAYPOINT_TURN,WAYPOINT_TURN,1,0.110242,0.398344,2.029938,-9.0144,-9.0144,1.1000,11.59,ROT_LEFT,recenter,7.8177,7.8177,-4.2854,7.4533,8.6986
2026-09-06T15:34:53.854,178718.203000,744,WAYPOINT_TURN,WAYPOINT_TURN,1,0.109577,0.398747,2.030632,-9.0301,-9.0301,1.1000,11.59,ROT_LEFT,recenter,7.8177,7.8177,-4.2854,7.4533,8.6986
2026-09-06T15:34:53.962,178718.312000,745,WAYPOINT_TURN,WAYPOINT_TURN,1,0.109512,0.398756,2.029382,-9.0558,-9.0558,1.1000,11.59,ROT_LEFT,recenter,7.8177,7.8177,-4.2854,7.4533,8.6986
2026-09-06T15:34:54.137,178718.484000,747,WAYPOINT_TURN,WAYPOINT_TURN,1,0.092231,0.398593,2.034037,-9.2045,-9.2045,1.1000,11.30,ROT_LEFT,recenter,7.8177,7.8177,-4.2854,7.4533,8.6986
2026-09-06T15:34:54.271,178718.625000,748,WAYPOINT_TURN,WAYPOINT_TURN,1,0.079914,0.400441,2.034132,-9.3160,-9.3160,1.1000,11.30,ROT_LEFT,recenter,7.8177,7.8177,-4.2854,7.4533,8.6986
2026-09-06T15:34:54.454,178718.812000,750,WAYPOINT_TURN,WAYPOINT_TURN,1,0.040077,0.404232,2.040111,-10.2125,-10.2125,1.1000,11.30,ROT_LEFT,recenter,7.8177,7.8177,-4.2854,7.4533,8.6986
2026-09-06T15:34:54.662,178719.015000,752,WAYPOINT_TURN,WAYPOINT_TURN,1,-0.064502,0.401572,2.034888,-12.3602,-12.3602,1.1000,10.01,ROT_LEFT,recenter,7.8177,7.8177,-4.2854,7.4533,8.6986
2026-09-06T15:34:54.845,178719.203000,754,WAYPOINT_TURN_SETTLE,WAYPOINT_TURN_SETTLE,1,-0.170129,0.400921,2.013265,-14.8683,-14.8683,1.1000,10.01,ROT_RIGHT,waypoint,-9.9241,-9.9241,2.0373,0.0000,0.0000
2026-09-06T15:34:55.020,178719.375000,756,WAYPOINT_TURN_SETTLE,WAYPOINT_TURN_SETTLE,1,-0.247188,0.411266,2.014084,-16.3413,-16.3413,1.1000,10.01,ROT_RIGHT,waypoint,-9.9241,-9.9241,2.0373,1.9680,1.9680
2026-09-06T15:34:55.271,178719.625000,758,WAYPOINT_TURN_SETTLE,WAYPOINT_TURN_SETTLE,1,-0.274798,0.414591,2.029112,-16.5809,-16.5809,1.1000,9.72,ROT_RIGHT,waypoint,-9.9241,-9.9241,2.0373,3.9567,3.9567
2026-09-06T15:34:55.452,178719.812000,760,WAYPOINT_TURN_SETTLE,WAYPOINT_TURN_SETTLE,1,-0.259627,0.408161,2.028749,-16.2644,-16.2644,1.1000,9.72,ROT_RIGHT,waypoint,-9.9241,-9.9241,2.0373,2.7963,3.9567
2026-09-06T15:34:55.630,178719.984000,762,WAYPOINT_TURN_SETTLE,WAYPOINT_TURN_SETTLE,1,-0.261253,0.409298,2.029036,-16.3901,-16.3901,1.1000,9.72,ROT_RIGHT,waypoint,-9.9241,-9.9241,2.0373,2.9773,3.9567
2026-09-06T15:34:55.804,178720.156000,764,WAYPOINT_TURN_SETTLE,WAYPOINT_TURN_SETTLE,1,-0.262215,0.409344,2.029483,-16.3728,-16.3728,1.1000,11.16,ROT_RIGHT,waypoint,-9.9241,-9.9241,2.0373,2.8295,3.9567
2026-09-06T15:34:55.971,178720.328000,766,WAYPOINT_TURN_SETTLE,WAYPOINT_TURN_SETTLE,1,-0.262809,0.409238,2.030269,-16.2549,-16.2549,1.1000,11.16,ROT_RIGHT,waypoint,-9.9241,-9.9241,2.0373,2.9941,3.9567
2026-09-06T15:34:56.154,178720.500000,768,WAYPOINT_TURN_SETTLE,WAYPOINT_TURN_SETTLE,1,-0.263924,0.409496,2.031566,-16.2476,-16.2476,1.1000,11.16,ROT_RIGHT,waypoint,-9.9241,-9.9241,2.0373,2.8675,3.9567
2026-09-06T15:34:56.275,178720.625000,769,WAYPOINT_TURN_SETTLE,WAYPOINT_TURN_SETTLE,1,-0.262485,0.409068,2.029632,-16.2528,-16.2528,1.1000,11.16,ROT_RIGHT,waypoint,-9.9241,-9.9241,2.0373,2.8057,3.9567
2026-09-06T15:34:56.446,178720.796000,771,WAYPOINT_TURN_SETTLE,WAYPOINT_TURN_SETTLE,1,-0.263347,0.409421,2.031002,-16.2157,-16.2157,1.1000,10.68,ROT_RIGHT,waypoint,-9.9241,-9.9241,2.0373,2.7617,3.9567
2026-09-06T15:34:56.623,178720.968000,773,WAYPOINT_TURN_SETTLE,WAYPOINT_TURN_SETTLE,1,-0.263000,0.409209,2.030316,-16.2654,-16.2654,1.1000,10.68,ROT_RIGHT,waypoint,-9.9241,-9.9241,2.0373,2.8870,3.9567
2026-09-06T15:34:56.721,178721.078000,774,WAYPOINT_TURN_SETTLE,WAYPOINT_TURN_SETTLE,1,-0.264085,0.409651,2.032308,-16.2441,-16.2441,1.1000,10.68,ROT_RIGHT,waypoint,-9.9241,-9.9241,2.0373,2.8235,3.9567
2026-09-06T15:34:56.887,178721.234000,776,WAYPOINT_TURN_SETTLE,WAYPOINT_TURN_SETTLE,1,-0.261967,0.408982,2.029271,-16.3299,-16.3299,1.1000,11.25,ROT_RIGHT,waypoint,-9.9241,-9.9241,2.0373,2.8244,3.9567
2026-09-06T15:34:57.073,178721.421000,778,WAYPOINT_TURN_SETTLE,WAYPOINT_TURN_SETTLE,1,-0.263770,0.409464,2.031422,-16.2908,-16.2908,1.1000,11.25,ROT_RIGHT,waypoint,-9.9241,-9.9241,2.0373,2.8427,3.9567
2026-09-06T15:34:57.271,178721.625000,780,WAYPOINT_TURN_SETTLE,WAYPOINT_TURN_SETTLE,1,-0.262900,0.409082,2.029561,-16.3144,-16.3144,1.1000,11.25,ROT_RIGHT,waypoint,-9.9241,-9.9241,2.0373,2.7809,3.9567
2026-09-06T15:34:57.438,178721.796000,782,WAYPOINT_TURN_SETTLE,WAYPOINT_TURN_SETTLE,1,-0.262836,0.409493,2.031414,-16.2762,-16.2762,1.1000,10.91,ROT_RIGHT,waypoint,-9.9241,-9.9241,2.0373,2.7334,3.9567
2026-09-06T15:34:57.621,178721.968000,784,WAYPOINT_TURN_SETTLE,WAYPOINT_TURN_SETTLE,1,-0.264018,0.409575,2.031719,-16.2037,-16.2037,1.1000,10.91,ROT_RIGHT,waypoint,-9.9241,-9.9241,2.0373,2.7893,3.9567
2026-09-06T15:34:57.721,178722.078000,785,WAYPOINT_TURN_SETTLE,WAYPOINT_TURN_SETTLE,1,-0.262980,0.409057,2.029371,-16.2507,-16.2507,1.1000,10.91,ROT_RIGHT,waypoint,-9.9241,-9.9241,2.0373,2.7618,3.9567
2026-09-06T15:34:57.888,178722.234000,787,WAYPOINT_TURN_SETTLE,WAYPOINT_TURN_SETTLE,1,-0.263924,0.409496,2.031566,-16.2476,-16.2476,1.1000,10.91,ROT_RIGHT,waypoint,-9.9241,-9.9241,2.0373,2.7385,3.9567
2026-09-06T15:34:58.054,178722.406000,789,WAYPOINT_TURN_SETTLE,WAYPOINT_TURN_SETTLE,1,-0.262962,0.409335,2.030574,-16.2444,-16.2444,1.1000,11.36,ROT_RIGHT,waypoint,-9.9241,-9.9241,2.0373,2.8275,3.9567
2026-09-06T15:34:58.275,178722.625000,791,WAYPOINT_TURN_SETTLE,WAYPOINT_TURN_SETTLE,1,-0.263301,0.409064,2.031793,-16.2157,-16.2157,1.1000,11.36,ROT_RIGHT,waypoint,-9.9241,-9.9241,2.0373,2.8267,3.9567
2026-09-06T15:34:58.454,178722.812000,793,WAYPOINT_TURN_SETTLE,WAYPOINT_TURN_SETTLE,1,-0.263056,0.409104,2.029589,-16.2393,-16.2393,1.1000,11.36,ROT_RIGHT,waypoint,-9.9241,-9.9241,2.0373,2.8099,3.9567
2026-09-06T15:34:58.621,178722.968000,795,WAYPOINT_TURN_SETTLE,WAYPOINT_TURN_SETTLE,1,-0.263315,0.409339,2.030602,-16.2231,-16.2231,1.1000,10.48,ROT_RIGHT,waypoint,-9.9241,-9.9241,2.0373,2.7490,3.9567
2026-09-06T15:34:58.718,178723.078000,796,WAYPOINT_TURN_SETTLE,WAYPOINT_TURN_SETTLE,1,-0.263431,0.409529,2.031524,-16.2237,-16.2237,1.1000,10.48,ROT_RIGHT,waypoint,-9.9241,-9.9241,2.0373,2.7812,3.9567
2026-09-06T15:34:58.861,178723.218000,799,FAILED,FAILED,0,,,,,,,10.48,ROT_RIGHT,waypoint,-9.9241,-9.9241,2.0373,2.7818,3.9567
2026-09-06T15:34:58.989,178723.343000,802,FAILED,FAILED,0,,,,,,,10.48,ROT_RIGHT,waypoint,-9.9241,-9.9241,2.0373,2.7818,3.9567
2026-09-06T15:34:59.238,178723.593000,805,FAILED,FAILED,0,,,,,,,16.81,ROT_RIGHT,waypoint,-9.9241,-9.9241,2.0373,2.7818,3.9567
2026-09-06T15:34:59.388,178723.734000,808,FAILED,FAILED,0,,,,,,,16.81,ROT_RIGHT,waypoint,-9.9241,-9.9241,2.0373,2.7818,3.9567
2026-09-06T15:34:59.491,178723.843000,810,FAILED,FAILED,0,,,,,,,16.81,ROT_RIGHT,waypoint,-9.9241,-9.9241,2.0373,2.7818,3.9567
2026-09-06T15:34:59.626,178723.984000,813,FAILED,FAILED,0,,,,,,,16.93,ROT_RIGHT,waypoint,-9.9241,-9.9241,2.0373,2.7818,3.9567
2026-09-06T15:34:59.771,178724.125000,816,FAILED,FAILED,0,,,,,,,16.93,ROT_RIGHT,waypoint,-9.9241,-9.9241,2.0373,2.7818,3.9567
2026-09-06T15:34:59.905,178724.265000,819,FAILED,FAILED,0,,,,,,,16.93,ROT_RIGHT,waypoint,-9.9241,-9.9241,2.0373,2.7818,3.9567
2026-09-06T15:35:00.061,178724.421000,822,FAILED,FAILED,0,,,,,,,16.93,ROT_RIGHT,waypoint,-9.9241,-9.9241,2.0373,2.7818,3.9567
2026-09-06T15:35:00.238,178724.593000,824,FAILED,FAILED,0,,,,,,,20.63,ROT_RIGHT,waypoint,-9.9241,-9.9241,2.0373,2.7818,3.9567
2026-09-06T15:35:00.371,178724.718000,826,FAILED,FAILED,0,,,,,,,20.63,ROT_RIGHT,waypoint,-9.9241,-9.9241,2.0373,2.7818,3.9567
2026-09-06T15:35:00.509,178724.859000,829,FAILED,FAILED,0,,,,,,,20.63,ROT_RIGHT,waypoint,-9.9241,-9.9241,2.0373,2.7818,3.9567
2026-09-06T15:35:00.658,178725.015000,832,FAILED,FAILED,0,,,,,,,15.99,ROT_RIGHT,waypoint,-9.9241,-9.9241,2.0373,2.7818,3.9567
2026-09-06T15:35:00.788,178725.140000,835,FAILED,FAILED,0,,,,,,,15.99,ROT_RIGHT,waypoint,-9.9241,-9.9241,2.0373,2.7818,3.9567
2026-09-06T15:35:00.926,178725.281000,838,FAILED,FAILED,0,,,,,,,15.99,ROT_RIGHT,waypoint,-9.9241,-9.9241,2.0373,2.7818,3.9567
2026-09-06T15:35:01.072,178725.421000,841,FAILED,FAILED,0,,,,,,,15.99,ROT_RIGHT,waypoint,-9.9241,-9.9241,2.0373,2.7818,3.9567
2026-09-06T15:35:01.241,178725.593000,843,FAILED,FAILED,0,,,,,,,21.56,ROT_RIGHT,waypoint,-9.9241,-9.9241,2.0373,2.7818,3.9567
2026-09-06T15:35:01.373,178725.718000,846,FAILED,FAILED,0,,,,,,,21.56,ROT_RIGHT,waypoint,-9.9241,-9.9241,2.0373,2.7818,3.9567
2026-09-06T15:35:01.479,178725.828000,848,FAILED,FAILED,0,,,,,,,21.56,ROT_RIGHT,waypoint,-9.9241,-9.9241,2.0373,2.7818,3.9567
2026-09-06T15:35:01.623,178725.984000,851,FAILED,FAILED,0,,,,,,,17.78,ROT_RIGHT,waypoint,-9.9241,-9.9241,2.0373,2.7818,3.9567
2026-09-06T15:35:01.772,178726.125000,854,FAILED,FAILED,0,,,,,,,17.78,ROT_RIGHT,waypoint,-9.9241,-9.9241,2.0373,2.7818,3.9567
2026-09-06T15:35:01.909,178726.265000,857,FAILED,FAILED,0,,,,,,,17.78,ROT_RIGHT,waypoint,-9.9241,-9.9241,2.0373,2.7818,3.9567
2026-09-06T15:35:02.039,178726.390000,860,FAILED,FAILED,0,,,,,,,17.78,ROT_RIGHT,waypoint,-9.9241,-9.9241,2.0373,2.7818,3.9567
2026-09-06T15:35:02.139,178726.500000,862,FAILED,FAILED,0,,,,,,,21.55,ROT_RIGHT,waypoint,-9.9241,-9.9241,2.0373,2.7818,3.9567
2026-09-06T15:35:02.274,178726.625000,864,FAILED,FAILED,0,,,,,,,21.55,ROT_RIGHT,waypoint,-9.9241,-9.9241,2.0373,2.7818,3.9567
2026-09-06T15:35:02.377,178726.734000,866,FAILED,FAILED,0,,,,,,,21.55,ROT_RIGHT,waypoint,-9.9241,-9.9241,2.0373,2.7818,3.9567
2026-09-06T15:35:02.517,178726.875000,869,FAILED,FAILED,0,,,,,,,21.55,ROT_RIGHT,waypoint,-9.9241,-9.9241,2.0373,2.7818,3.9567
2026-09-06T15:35:02.655,178727.015000,872,FAILED,FAILED,0,,,,,,,19.10,ROT_RIGHT,waypoint,-9.9241,-9.9241,2.0373,2.7818,3.9567
2026-09-06T15:35:02.793,178727.140000,875,FAILED,FAILED,0,,,,,,,19.10,ROT_RIGHT,waypoint,-9.9241,-9.9241,2.0373,2.7818,3.9567
2026-09-06T15:35:02.930,178727.281000,878,FAILED,FAILED,0,,,,,,,19.10,ROT_RIGHT,waypoint,-9.9241,-9.9241,2.0373,2.7818,3.9567
2026-09-06T15:35:03.065,178727.421000,881,FAILED,FAILED,0,,,,,,,19.10,ROT_RIGHT,waypoint,-9.9241,-9.9241,2.0373,2.7818,3.9567
2026-09-06T15:35:03.222,178727.578000,883,FAILED,FAILED,0,,,,,,,19.38,ROT_RIGHT,waypoint,-9.9241,-9.9241,2.0373,2.7818,3.9567
2026-09-06T15:35:03.369,178727.718000,886,FAILED,FAILED,0,,,,,,,19.38,ROT_RIGHT,waypoint,-9.9241,-9.9241,2.0373,2.7818,3.9567
2026-09-06T15:35:03.468,178727.828000,888,FAILED,FAILED,0,,,,,,,19.38,ROT_RIGHT,waypoint,-9.9241,-9.9241,2.0373,2.7818,3.9567
2026-09-06T15:35:03.610,178727.968000,891,FAILED,FAILED,0,,,,,,,19.38,ROT_RIGHT,waypoint,-9.9241,-9.9241,2.0373,2.7818,3.9567
2026-09-06T15:35:03.759,178728.109000,894,FAILED,FAILED,0,,,,,,,20.58,ROT_RIGHT,waypoint,-9.9241,-9.9241,2.0373,2.7818,3.9567
2026-09-06T15:35:03.893,178728.250000,897,FAILED,FAILED,0,,,,,,,20.58,ROT_RIGHT,waypoint,-9.9241,-9.9241,2.0373,2.7818,3.9567
2026-09-06T15:35:04.030,178728.390000,900,FAILED,FAILED,0,,,,,,,20.58,ROT_RIGHT,waypoint,-9.9241,-9.9241,2.0373,2.7818,3.9567
2026-09-06T15:35:04.178,178728.531000,903,FAILED,FAILED,0,,,,,,,20.58,ROT_RIGHT,waypoint,-9.9241,-9.9241,2.0373,2.7818,3.9567
2026-09-06T15:35:04.313,178728.671000,905,FAILED,FAILED,0,,,,,,,19.96,ROT_RIGHT,waypoint,-9.9241,-9.9241,2.0373,2.7818,3.9567
2026-09-06T15:35:04.472,178728.828000,908,FAILED,FAILED,0,,,,,,,19.96,ROT_RIGHT,waypoint,-9.9241,-9.9241,2.0373,2.7818,3.9567
2026-09-06T15:35:04.606,178728.953000,911,FAILED,FAILED,0,,,,,,,19.96,ROT_RIGHT,waypoint,-9.9241,-9.9241,2.0373,2.7818,3.9567
2026-09-06T15:35:04.712,178729.062000,913,FAILED,FAILED,0,,,,,,,19.96,ROT_RIGHT,waypoint,-9.9241,-9.9241,2.0373,2.7818,3.9567
2026-09-06T15:35:04.851,178729.203000,916,FAILED,FAILED,0,,,,,,,20.25,ROT_RIGHT,waypoint,-9.9241,-9.9241,2.0373,2.7818,3.9567
2026-09-06T15:35:04.983,178729.343000,919,FAILED,FAILED,0,,,,,,,20.25,ROT_RIGHT,waypoint,-9.9241,-9.9241,2.0373,2.7818,3.9567
2026-09-06T15:35:05.129,178729.484000,922,FAILED,FAILED,0,,,,,,,20.25,ROT_RIGHT,waypoint,-9.9241,-9.9241,2.0373,2.7818,3.9567
2026-09-06T15:35:05.263,178729.609000,924,FAILED,FAILED,0,,,,,,,20.25,ROT_RIGHT,waypoint,-9.9241,-9.9241,2.0373,2.7818,3.9567
2026-09-06T15:35:05.362,178729.718000,926,FAILED,FAILED,0,,,,,,,19.45,ROT_RIGHT,waypoint,-9.9241,-9.9241,2.0373,2.7818,3.9567
2026-09-06T15:35:05.476,178729.828000,928,FAILED,FAILED,0,,,,,,,19.45,ROT_RIGHT,waypoint,-9.9241,-9.9241,2.0373,2.7818,3.9567
2026-09-06T15:35:05.606,178729.953000,931,FAILED,FAILED,0,,,,,,,19.45,ROT_RIGHT,waypoint,-9.9241,-9.9241,2.0373,2.7818,3.9567
2026-09-06T15:35:05.705,178730.062000,933,FAILED,FAILED,0,,,,,,,19.45,ROT_RIGHT,waypoint,-9.9241,-9.9241,2.0373,2.7818,3.9567
2026-09-06T15:35:05.862,178730.218000,936,FAILED,FAILED,0,,,,,,,20.13,ROT_RIGHT,waypoint,-9.9241,-9.9241,2.0373,2.7818,3.9567
2026-09-06T15:35:05.980,178730.328000,938,FAILED,FAILED,0,,,,,,,20.13,ROT_RIGHT,waypoint,-9.9241,-9.9241,2.0373,2.7818,3.9567
2026-09-06T15:35:06.086,178730.437000,940,FAILED,FAILED,0,,,,,,,20.13,ROT_RIGHT,waypoint,-9.9241,-9.9241,2.0373,2.7818,3.9567
2026-09-06T15:35:06.275,178730.625000,942,FAILED,FAILED,0,,,,,,,20.13,ROT_RIGHT,waypoint,-9.9241,-9.9241,2.0373,2.7818,3.9567
2026-09-06T15:35:06.397,178730.750000,944,FAILED,FAILED,0,,,,,,,14.95,ROT_RIGHT,waypoint,-9.9241,-9.9241,2.0373,2.7818,3.9567
2026-09-06T15:35:06.518,178730.875000,946,FAILED,FAILED,0,,,,,,,14.95,ROT_RIGHT,waypoint,-9.9241,-9.9241,2.0373,2.7818,3.9567
2026-09-06T15:35:06.639,178730.984000,948,FAILED,FAILED,0,,,,,,,14.95,ROT_RIGHT,waypoint,-9.9241,-9.9241,2.0373,2.7818,3.9567
2026-09-06T15:35:06.771,178731.125000,950,FAILED,FAILED,0,,,,,,,14.95,ROT_RIGHT,waypoint,-9.9241,-9.9241,2.0373,2.7818,3.9567
2026-09-06T15:35:06.878,178731.234000,952,FAILED,FAILED,0,,,,,,,14.95,ROT_RIGHT,waypoint,-9.9241,-9.9241,2.0373,2.7818,3.9567
2026-09-06T15:35:06.985,178731.343000,954,FAILED,FAILED,0,,,,,,,16.88,ROT_RIGHT,waypoint,-9.9241,-9.9241,2.0373,2.7818,3.9567
2026-09-06T15:35:07.100,178731.453000,956,FAILED,FAILED,0,,,,,,,16.88,ROT_RIGHT,waypoint,-9.9241,-9.9241,2.0373,2.7818,3.9567
2026-09-06T15:35:07.272,178731.625000,958,FAILED,FAILED,0,,,,,,,16.88,ROT_RIGHT,waypoint,-9.9241,-9.9241,2.0373,2.7818,3.9567
2026-09-06T15:35:07.401,178731.750000,960,FAILED,FAILED,0,,,,,,,16.88,ROT_RIGHT,waypoint,-9.9241,-9.9241,2.0373,2.7818,3.9567
2026-09-06T15:35:07.524,178731.875000,962,FAILED,FAILED,0,,,,,,,15.00,ROT_RIGHT,waypoint,-9.9241,-9.9241,2.0373,2.7818,3.9567
2026-09-06T15:35:07.630,178731.984000,964,FAILED,FAILED,0,,,,,,,15.00,ROT_RIGHT,waypoint,-9.9241,-9.9241,2.0373,2.7818,3.9567
2026-09-06T15:35:07.748,178732.109000,966,FAILED,FAILED,0,,,,,,,15.00,ROT_RIGHT,waypoint,-9.9241,-9.9241,2.0373,2.7818,3.9567
2026-09-06T15:35:07.879,178732.234000,968,FAILED,FAILED,0,,,,,,,15.00,ROT_RIGHT,waypoint,-9.9241,-9.9241,2.0373,2.7818,3.9567
2026-09-06T15:35:07.991,178732.343000,970,FAILED,FAILED,0,,,,,,,17.12,ROT_RIGHT,waypoint,-9.9241,-9.9241,2.0373,2.7818,3.9567
2026-09-06T15:35:08.108,178732.468000,972,FAILED,FAILED,0,,,,,,,17.12,ROT_RIGHT,waypoint,-9.9241,-9.9241,2.0373,2.7818,3.9567
2026-09-06T15:35:08.305,178732.656000,974,FAILED,FAILED,0,,,,,,,17.12,ROT_RIGHT,waypoint,-9.9241,-9.9241,2.0373,2.7818,3.9567
2026-09-06T15:35:08.459,178732.812000,976,FAILED,FAILED,0,,,,,,,17.12,ROT_RIGHT,waypoint,-9.9241,-9.9241,2.0373,2.7818,3.9567
2026-09-06T15:35:08.579,178732.937000,978,FAILED,FAILED,0,,,,,,,13.24,ROT_RIGHT,waypoint,-9.9241,-9.9241,2.0373,2.7818,3.9567
2026-09-06T15:35:08.693,178733.046000,980,FAILED,FAILED,0,,,,,,,13.24,ROT_RIGHT,waypoint,-9.9241,-9.9241,2.0373,2.7818,3.9567
2026-09-06T15:35:08.800,178733.156000,982,FAILED,FAILED,0,,,,,,,13.24,ROT_RIGHT,waypoint,-9.9241,-9.9241,2.0373,2.7818,3.9567
2026-09-06T15:35:08.905,178733.265000,984,FAILED,FAILED,0,,,,,,,13.24,ROT_RIGHT,waypoint,-9.9241,-9.9241,2.0373,2.7818,3.9567
2026-09-06T15:35:09.027,178733.375000,986,FAILED,FAILED,0,,,,,,,17.69,ROT_RIGHT,waypoint,-9.9241,-9.9241,2.0373,2.7818,3.9567
2026-09-06T15:35:09.163,178733.515000,988,FAILED,FAILED,0,,,,,,,17.69,ROT_RIGHT,waypoint,-9.9241,-9.9241,2.0373,2.7818,3.9567
2026-09-06T15:35:09.309,178733.656000,989,FAILED,FAILED,0,,,,,,,17.69,ROT_RIGHT,waypoint,-9.9241,-9.9241,2.0373,2.7818,3.9567
2026-09-06T15:35:09.445,178733.796000,991,FAILED,FAILED,0,,,,,,,17.69,ROT_RIGHT,waypoint,-9.9241,-9.9241,2.0373,2.7818,3.9567
2026-09-06T15:35:09.554,178733.906000,993,FAILED,FAILED,0,,,,,,,13.33,ROT_RIGHT,waypoint,-9.9241,-9.9241,2.0373,2.7818,3.9567
2026-09-06T15:35:09.657,178734.015000,995,FAILED,FAILED,0,,,,,,,13.33,ROT_RIGHT,waypoint,-9.9241,-9.9241,2.0373,2.7818,3.9567
2026-09-06T15:35:09.886,178734.234000,997,FAILED,FAILED,0,,,,,,,13.33,ROT_RIGHT,waypoint,-9.9241,-9.9241,2.0373,2.7818,3.9567
2026-09-06T15:35:10.033,178734.390000,998,FAILED,FAILED,0,,,,,,,13.33,ROT_RIGHT,waypoint,-9.9241,-9.9241,2.0373,2.7818,3.9567
2026-09-06T15:35:10.156,178734.515000,999,FAILED,FAILED,0,,,,,,,9.95,ROT_RIGHT,waypoint,-9.9241,-9.9241,2.0373,2.7818,3.9567
2026-09-06T15:35:10.278,178734.625000,1000,FAILED,FAILED,0,,,,,,,9.95,ROT_RIGHT,waypoint,-9.9241,-9.9241,2.0373,2.7818,3.9567
2026-09-06T15:35:10.421,178734.781000,1001,FAILED,FAILED,0,,,,,,,9.95,ROT_RIGHT,waypoint,-9.9241,-9.9241,2.0373,2.7818,3.9567
2026-09-06T15:35:10.602,178734.953000,1002,FAILED,FAILED,0,,,,,,,9.95,ROT_RIGHT,waypoint,-9.9241,-9.9241,2.0373,2.7818,3.9567
2026-09-06T15:35:10.725,178735.078000,1003,FAILED,FAILED,0,,,,,,,7.22,ROT_RIGHT,waypoint,-9.9241,-9.9241,2.0373,2.7818,3.9567
2026-09-06T15:35:10.842,178735.203000,1004,FAILED,FAILED,0,,,,,,,7.22,ROT_RIGHT,waypoint,-9.9241,-9.9241,2.0373,2.7818,3.9567
2026-09-06T15:35:10.956,178735.312000,1005,FAILED,FAILED,0,,,,,,,7.22,ROT_RIGHT,waypoint,-9.9241,-9.9241,2.0373,2.7818,3.9567
2026-09-06T15:35:11.072,178735.421000,1006,FAILED,FAILED,0,,,,,,,7.22,ROT_RIGHT,waypoint,-9.9241,-9.9241,2.0373,2.7818,3.9567
2026-09-06T15:35:11.191,178735.546000,1007,FAILED,FAILED,0,,,,,,,7.22,ROT_RIGHT,waypoint,-9.9241,-9.9241,2.0373,2.7818,3.9567
2026-09-06T15:35:11.311,178735.656000,1008,FAILED,FAILED,0,,,,,,,8.31,ROT_RIGHT,waypoint,-9.9241,-9.9241,2.0373,2.7818,3.9567
2026-09-06T15:35:11.432,178735.781000,1009,FAILED,FAILED,0,,,,,,,8.31,ROT_RIGHT,waypoint,-9.9241,-9.9241,2.0373,2.7818,3.9567
2026-09-06T15:35:11.594,178735.953000,1010,FAILED,FAILED,0,,,,,,,8.31,ROT_RIGHT,waypoint,-9.9241,-9.9241,2.0373,2.7818,3.9567
2026-09-06T15:35:11.714,178736.062000,1011,FAILED,FAILED,0,,,,,,,8.31,ROT_RIGHT,waypoint,-9.9241,-9.9241,2.0373,2.7818,3.9567
2026-09-06T15:35:11.836,178736.187000,1012,FAILED,FAILED,0,,,,,,,7.75,ROT_RIGHT,waypoint,-9.9241,-9.9241,2.0373,2.7818,3.9567
2026-09-06T15:35:11.957,178736.312000,1013,FAILED,FAILED,0,,,,,,,7.75,ROT_RIGHT,waypoint,-9.9241,-9.9241,2.0373,2.7818,3.9567
2026-09-06T15:35:12.073,178736.421000,1014,FAILED,FAILED,0,,,,,,,7.75,ROT_RIGHT,waypoint,-9.9241,-9.9241,2.0373,2.7818,3.9567
2026-09-06T15:35:12.179,178736.531000,1015,FAILED,FAILED,0,,,,,,,7.75,ROT_RIGHT,waypoint,-9.9241,-9.9241,2.0373,2.7818,3.9567
2026-09-06T15:35:12.315,178736.671000,1016,FAILED,FAILED,0,,,,,,,7.75,ROT_RIGHT,waypoint,-9.9241,-9.9241,2.0373,2.7818,3.9567
2026-09-06T15:35:12.435,178736.781000,1017,FAILED,FAILED,0,,,,,,,8.39,ROT_RIGHT,waypoint,-9.9241,-9.9241,2.0373,2.7818,3.9567
2026-09-06T15:35:12.602,178736.953000,1018,FAILED,FAILED,0,,,,,,,8.39,ROT_RIGHT,waypoint,-9.9241,-9.9241,2.0373,2.7818,3.9567
2026-09-06T15:35:12.734,178737.093000,1019,FAILED,FAILED,0,,,,,,,8.39,ROT_RIGHT,waypoint,-9.9241,-9.9241,2.0373,2.7818,3.9567
2026-09-06T15:35:12.860,178737.218000,1020,FAILED,FAILED,0,,,,,,,8.39,ROT_RIGHT,waypoint,-9.9241,-9.9241,2.0373,2.7818,3.9567
2026-09-06T15:35:12.981,178737.328000,1021,FAILED,FAILED,0,,,,,,,7.23,ROT_RIGHT,waypoint,-9.9241,-9.9241,2.0373,2.7818,3.9567
2026-09-06T15:35:13.091,178737.437000,1022,FAILED,FAILED,0,,,,,,,7.23,ROT_RIGHT,waypoint,-9.9241,-9.9241,2.0373,2.7818,3.9567
2026-09-06T15:35:13.215,178737.562000,1023,FAILED,FAILED,0,,,,,,,7.23,ROT_RIGHT,waypoint,-9.9241,-9.9241,2.0373,2.7818,3.9567
2026-09-06T15:35:13.327,178737.687000,1024,FAILED,FAILED,0,,,,,,,7.23,ROT_RIGHT,waypoint,-9.9241,-9.9241,2.0373,2.7818,3.9567
2026-09-06T15:35:13.456,178737.812000,1025,FAILED,FAILED,0,,,,,,,7.23,ROT_RIGHT,waypoint,-9.9241,-9.9241,2.0373,2.7818,3.9567
2026-09-06T15:35:13.594,178737.953000,1026,FAILED,FAILED,0,,,,,,,8.16,ROT_RIGHT,waypoint,-9.9241,-9.9241,2.0373,2.7818,3.9567
2026-09-06T15:35:13.709,178738.062000,1027,FAILED,FAILED,0,,,,,,,8.16,ROT_RIGHT,waypoint,-9.9241,-9.9241,2.0373,2.7818,3.9567
2026-09-06T15:35:13.819,178738.171000,1028,FAILED,FAILED,0,,,,,,,8.16,ROT_RIGHT,waypoint,-9.9241,-9.9241,2.0373,2.7818,3.9567
2026-09-06T15:35:13.949,178738.296000,1029,FAILED,FAILED,0,,,,,,,8.16,ROT_RIGHT,waypoint,-9.9241,-9.9241,2.0373,2.7818,3.9567
2026-09-06T15:35:14.090,178738.437000,1030,FAILED,FAILED,0,,,,,,,8.16,ROT_RIGHT,waypoint,-9.9241,-9.9241,2.0373,2.7818,3.9567
2026-09-06T15:35:14.223,178738.578000,1031,FAILED,FAILED,0,,,,,,,7.90,ROT_RIGHT,waypoint,-9.9241,-9.9241,2.0373,2.7818,3.9567
2026-09-06T15:35:14.345,178738.703000,1032,FAILED,FAILED,0,,,,,,,7.90,ROT_RIGHT,waypoint,-9.9241,-9.9241,2.0373,2.7818,3.9567
2026-09-06T15:35:14.464,178738.812000,1033,FAILED,FAILED,0,,,,,,,7.90,ROT_RIGHT,waypoint,-9.9241,-9.9241,2.0373,2.7818,3.9567
2026-09-06T15:35:14.566,178738.921000,1034,FAILED,FAILED,0,,,,,,,7.90,ROT_RIGHT,waypoint,-9.9241,-9.9241,2.0373,2.7818,3.9567
2026-09-06T15:35:14.688,178739.046000,1035,FAILED,FAILED,0,,,,,,,7.90,ROT_RIGHT,waypoint,-9.9241,-9.9241,2.0373,2.7818,3.9567
2026-09-06T15:35:14.813,178739.171000,1036,FAILED,FAILED,0,,,,,,,8.52,ROT_RIGHT,waypoint,-9.9241,-9.9241,2.0373,2.7818,3.9567
2026-09-06T15:35:14.931,178739.281000,1037,FAILED,FAILED,0,,,,,,,8.52,ROT_RIGHT,waypoint,-9.9241,-9.9241,2.0373,2.7818,3.9567
2026-09-06T15:35:15.051,178739.406000,1038,FAILED,FAILED,0,,,,,,,8.52,ROT_RIGHT,waypoint,-9.9241,-9.9241,2.0373,2.7818,3.9567
2026-09-06T15:35:15.172,178739.531000,1039,FAILED,FAILED,0,,,,,,,8.52,ROT_RIGHT,waypoint,-9.9241,-9.9241,2.0373,2.7818,3.9567
2026-09-06T15:35:15.285,178739.640000,1040,FAILED,FAILED,0,,,,,,,8.52,ROT_RIGHT,waypoint,-9.9241,-9.9241,2.0373,2.7818,3.9567
2026-09-06T15:35:15.403,178739.750000,1041,FAILED,FAILED,0,,,,,,,8.42,ROT_RIGHT,waypoint,-9.9241,-9.9241,2.0373,2.7818,3.9567
2026-09-06T15:35:15.540,178739.890000,1042,FAILED,FAILED,0,,,,,,,8.42,ROT_RIGHT,waypoint,-9.9241,-9.9241,2.0373,2.7818,3.9567
2026-09-06T15:35:15.674,178740.031000,1043,FAILED,FAILED,0,,,,,,,8.42,ROT_RIGHT,waypoint,-9.9241,-9.9241,2.0373,2.7818,3.9567
2026-09-06T15:35:15.804,178740.156000,1044,FAILED,FAILED,0,,,,,,,8.42,ROT_RIGHT,waypoint,-9.9241,-9.9241,2.0373,2.7818,3.9567
2026-09-06T15:35:15.928,178740.281000,1045,FAILED,FAILED,0,,,,,,,7.70,ROT_RIGHT,waypoint,-9.9241,-9.9241,2.0373,2.7818,3.9567
2026-09-06T15:35:16.041,178740.390000,1046,FAILED,FAILED,0,,,,,,,7.70,ROT_RIGHT,waypoint,-9.9241,-9.9241,2.0373,2.7818,3.9567
2026-09-06T15:35:16.157,178740.515000,1047,FAILED,FAILED,0,,,,,,,7.70,ROT_RIGHT,waypoint,-9.9241,-9.9241,2.0373,2.7818,3.9567
2026-09-06T15:35:16.272,178740.625000,1048,FAILED,FAILED,0,,,,,,,7.70,ROT_RIGHT,waypoint,-9.9241,-9.9241,2.0373,2.7818,3.9567
2026-09-06T15:35:16.390,178740.750000,1049,FAILED,FAILED,0,,,,,,,7.70,ROT_RIGHT,waypoint,-9.9241,-9.9241,2.0373,2.7818,3.9567
2026-09-06T15:35:16.522,178740.875000,1050,FAILED,FAILED,0,,,,,,,8.49,ROT_RIGHT,waypoint,-9.9241,-9.9241,2.0373,2.7818,3.9567
2026-09-06T15:35:16.686,178741.046000,1051,FAILED,FAILED,0,,,,,,,8.49,ROT_RIGHT,waypoint,-9.9241,-9.9241,2.0373,2.7818,3.9567
2026-09-06T15:35:16.894,178741.250000,1053,FAILED,FAILED,0,,,,,,,8.49,ROT_RIGHT,waypoint,-9.9241,-9.9241,2.0373,2.7818,3.9567
2026-09-06T15:35:17.020,178741.375000,1054,FAILED,FAILED,0,,,,,,,7.93,ROT_RIGHT,waypoint,-9.9241,-9.9241,2.0373,2.7818,3.9567
2026-09-06T15:35:17.145,178741.500000,1055,FAILED,FAILED,0,,,,,,,7.93,ROT_RIGHT,waypoint,-9.9241,-9.9241,2.0373,2.7818,3.9567
2026-09-06T15:35:17.257,178741.609000,1056,FAILED,FAILED,0,,,,,,,7.93,ROT_RIGHT,waypoint,-9.9241,-9.9241,2.0373,2.7818,3.9567
2026-09-06T15:35:17.383,178741.734000,1057,FAILED,FAILED,0,,,,,,,7.93,ROT_RIGHT,waypoint,-9.9241,-9.9241,2.0373,2.7818,3.9567
2026-09-06T15:35:17.527,178741.875000,1058,FAILED,FAILED,0,,,,,,,7.93,ROT_RIGHT,waypoint,-9.9241,-9.9241,2.0373,2.7818,3.9567
2026-09-06T15:35:17.636,178741.984000,1059,FAILED,FAILED,0,,,,,,,7.93,ROT_RIGHT,waypoint,-9.9241,-9.9241,2.0373,2.7818,3.9567
2026-09-06T15:35:17.751,178742.109000,1060,FAILED,FAILED,0,,,,,,,7.93,ROT_RIGHT,waypoint,-9.9241,-9.9241,2.0373,2.7818,3.9567
2026-09-06T15:35:17.866,178742.218000,1061,FAILED,FAILED,0,,,,,,,7.93,ROT_RIGHT,waypoint,-9.9241,-9.9241,2.0373,2.7818,3.9567
2026-09-06T15:35:17.978,178742.328000,1062,FAILED,FAILED,0,,,,,,,7.93,ROT_RIGHT,waypoint,-9.9241,-9.9241,2.0373,2.7818,3.9567
2026-09-06T15:35:18.099,178742.453000,1063,FAILED,FAILED,0,,,,,,,8.64,ROT_RIGHT,waypoint,-9.9241,-9.9241,2.0373,2.7818,3.9567
2026-09-06T15:35:18.210,178742.562000,1064,FAILED,FAILED,0,,,,,,,8.64,ROT_RIGHT,waypoint,-9.9241,-9.9241,2.0373,2.7818,3.9567
2026-09-06T15:35:18.344,178742.703000,1065,FAILED,FAILED,0,,,,,,,8.64,ROT_RIGHT,waypoint,-9.9241,-9.9241,2.0373,2.7818,3.9567
2026-09-06T15:35:18.490,178742.843000,1066,FAILED,FAILED,0,,,,,,,8.64,ROT_RIGHT,waypoint,-9.9241,-9.9241,2.0373,2.7818,3.9567
2026-09-06T15:35:18.612,178742.968000,1067,FAILED,FAILED,0,,,,,,,7.94,ROT_RIGHT,waypoint,-9.9241,-9.9241,2.0373,2.7818,3.9567
2026-09-06T15:35:18.731,178743.078000,1068,FAILED,FAILED,0,,,,,,,7.94,ROT_RIGHT,waypoint,-9.9241,-9.9241,2.0373,2.7818,3.9567
2026-09-06T15:35:18.863,178743.218000,1069,FAILED,FAILED,0,,,,,,,7.94,ROT_RIGHT,waypoint,-9.9241,-9.9241,2.0373,2.7818,3.9567
2026-09-06T15:35:18.969,178743.328000,1070,FAILED,FAILED,0,,,,,,,7.94,ROT_RIGHT,waypoint,-9.9241,-9.9241,2.0373,2.7818,3.9567
2026-09-06T15:35:19.092,178743.453000,1071,FAILED,FAILED,0,,,,,,,7.94,ROT_RIGHT,waypoint,-9.9241,-9.9241,2.0373,2.7818,3.9567
2026-09-06T15:35:19.343,178743.703000,1073,FAILED,FAILED,0,,,,,,,8.41,ROT_RIGHT,waypoint,-9.9241,-9.9241,2.0373,2.7818,3.9567
2026-09-06T15:35:19.496,178743.843000,1074,FAILED,FAILED,0,,,,,,,8.41,ROT_RIGHT,waypoint,-9.9241,-9.9241,2.0373,2.7818,3.9567
2026-09-06T15:35:19.666,178744.015000,1075,FAILED,FAILED,0,,,,,,,8.41,ROT_RIGHT,waypoint,-9.9241,-9.9241,2.0373,2.7818,3.9567
2026-09-06T15:35:19.775,178744.125000,1076,FAILED,FAILED,0,,,,,,,6.93,ROT_RIGHT,waypoint,-9.9241,-9.9241,2.0373,2.7818,3.9567
2026-09-06T15:35:19.900,178744.250000,1077,FAILED,FAILED,0,,,,,,,6.93,ROT_RIGHT,waypoint,-9.9241,-9.9241,2.0373,2.7818,3.9567
2026-09-06T15:35:20.025,178744.375000,1078,FAILED,FAILED,0,,,,,,,6.93,ROT_RIGHT,waypoint,-9.9241,-9.9241,2.0373,2.7818,3.9567
2026-09-06T15:35:20.135,178744.484000,1079,FAILED,FAILED,0,,,,,,,6.93,ROT_RIGHT,waypoint,-9.9241,-9.9241,2.0373,2.7818,3.9567
2026-09-06T15:35:20.250,178744.609000,1080,FAILED,FAILED,0,,,,,,,6.93,ROT_RIGHT,waypoint,-9.9241,-9.9241,2.0373,2.7818,3.9567
2026-09-06T15:35:20.386,178744.734000,1081,FAILED,FAILED,0,,,,,,,8.19,ROT_RIGHT,waypoint,-9.9241,-9.9241,2.0373,2.7818,3.9567
2026-09-06T15:35:20.507,178744.859000,1082,FAILED,FAILED,0,,,,,,,8.19,ROT_RIGHT,waypoint,-9.9241,-9.9241,2.0373,2.7818,3.9567
2026-09-06T15:35:20.623,178744.968000,1083,FAILED,FAILED,0,,,,,,,8.19,ROT_RIGHT,waypoint,-9.9241,-9.9241,2.0373,2.7818,3.9567
2026-09-06T15:35:20.768,178745.125000,1084,FAILED,FAILED,0,,,,,,,8.19,ROT_RIGHT,waypoint,-9.9241,-9.9241,2.0373,2.7818,3.9567
2026-09-06T15:35:20.888,178745.234000,1085,FAILED,FAILED,0,,,,,,,8.19,ROT_RIGHT,waypoint,-9.9241,-9.9241,2.0373,2.7818,3.9567
2026-09-06T15:35:20.999,178745.359000,1086,FAILED,FAILED,0,,,,,,,8.16,ROT_RIGHT,waypoint,-9.9241,-9.9241,2.0373,2.7818,3.9567
2026-09-06T15:35:21.133,178745.484000,1087,FAILED,FAILED,0,,,,,,,8.16,ROT_RIGHT,waypoint,-9.9241,-9.9241,2.0373,2.7818,3.9567
2026-09-06T15:35:21.295,178745.640000,1088,FAILED,FAILED,0,,,,,,,8.16,ROT_RIGHT,waypoint,-9.9241,-9.9241,2.0373,2.7818,3.9567
2026-09-06T15:35:21.492,178745.843000,1089,FAILED,FAILED,0,,,,,,,8.16,ROT_RIGHT,waypoint,-9.9241,-9.9241,2.0373,2.7818,3.9567
2026-09-06T15:35:21.640,178746.000000,1090,FAILED,FAILED,0,,,,,,,6.24,ROT_RIGHT,waypoint,-9.9241,-9.9241,2.0373,2.7818,3.9567
2026-09-06T15:35:21.771,178746.125000,1091,FAILED,FAILED,0,,,,,,,6.24,ROT_RIGHT,waypoint,-9.9241,-9.9241,2.0373,2.7818,3.9567
2026-09-06T15:35:21.887,178746.234000,1092,FAILED,FAILED,0,,,,,,,6.24,ROT_RIGHT,waypoint,-9.9241,-9.9241,2.0373,2.7818,3.9567
2026-09-06T15:35:22.008,178746.359000,1093,FAILED,FAILED,0,,,,,,,6.24,ROT_RIGHT,waypoint,-9.9241,-9.9241,2.0373,2.7818,3.9567
2026-09-06T15:35:22.124,178746.484000,1094,FAILED,FAILED,0,,,,,,,6.24,ROT_RIGHT,waypoint,-9.9241,-9.9241,2.0373,2.7818,3.9567
2026-09-06T15:35:22.243,178746.593000,1095,FAILED,FAILED,0,,,,,,,8.45,ROT_RIGHT,waypoint,-9.9241,-9.9241,2.0373,2.7818,3.9567
2026-09-06T15:35:22.357,178746.703000,1096,FAILED,FAILED,0,,,,,,,8.45,ROT_RIGHT,waypoint,-9.9241,-9.9241,2.0373,2.7818,3.9567
2026-09-06T15:35:22.486,178746.843000,1097,FAILED,FAILED,0,,,,,,,8.45,ROT_RIGHT,waypoint,-9.9241,-9.9241,2.0373,2.7818,3.9567
2026-09-06T15:35:22.608,178746.968000,1098,FAILED,FAILED,0,,,,,,,8.45,ROT_RIGHT,waypoint,-9.9241,-9.9241,2.0373,2.7818,3.9567
2026-09-06T15:35:22.718,178747.078000,1099,FAILED,FAILED,0,,,,,,,8.45,ROT_RIGHT,waypoint,-9.9241,-9.9241,2.0373,2.7818,3.9567
2026-09-06T15:35:22.840,178747.187000,1100,FAILED,FAILED,0,,,,,,,8.36,ROT_RIGHT,waypoint,-9.9241,-9.9241,2.0373,2.7818,3.9567
2026-09-06T15:35:22.951,178747.296000,1101,FAILED,FAILED,0,,,,,,,8.36,ROT_RIGHT,waypoint,-9.9241,-9.9241,2.0373,2.7818,3.9567
2026-09-06T15:35:23.064,178747.421000,1102,FAILED,FAILED,0,,,,,,,8.36,ROT_RIGHT,waypoint,-9.9241,-9.9241,2.0373,2.7818,3.9567
2026-09-06T15:35:23.176,178747.531000,1103,FAILED,FAILED,0,,,,,,,8.36,ROT_RIGHT,waypoint,-9.9241,-9.9241,2.0373,2.7818,3.9567
2026-09-06T15:35:23.297,178747.656000,1104,FAILED,FAILED,0,,,,,,,8.36,ROT_RIGHT,waypoint,-9.9241,-9.9241,2.0373,2.7818,3.9567
2026-09-06T15:35:23.413,178747.765000,1105,FAILED,FAILED,0,,,,,,,8.65,ROT_RIGHT,waypoint,-9.9241,-9.9241,2.0373,2.7818,3.9567
2026-09-06T15:35:23.579,178747.937000,1106,FAILED,FAILED,0,,,,,,,8.65,ROT_RIGHT,waypoint,-9.9241,-9.9241,2.0373,2.7818,3.9567
2026-09-06T15:35:23.693,178748.046000,1107,FAILED,FAILED,0,,,,,,,8.65,ROT_RIGHT,waypoint,-9.9241,-9.9241,2.0373,2.7818,3.9567
2026-09-06T15:35:23.821,178748.171000,1108,FAILED,FAILED,0,,,,,,,8.65,ROT_RIGHT,waypoint,-9.9241,-9.9241,2.0373,2.7818,3.9567
2026-09-06T15:35:23.948,178748.296000,1109,FAILED,FAILED,0,,,,,,,7.48,ROT_RIGHT,waypoint,-9.9241,-9.9241,2.0373,2.7818,3.9567
2026-09-06T15:35:24.064,178748.421000,1110,FAILED,FAILED,0,,,,,,,7.48,ROT_RIGHT,waypoint,-9.9241,-9.9241,2.0373,2.7818,3.9567
2026-09-06T15:35:24.283,178748.640000,1112,FAILED,FAILED,0,,,,,,,7.48,ROT_RIGHT,waypoint,-9.9241,-9.9241,2.0373,2.7818,3.9567
2026-09-06T15:35:24.393,178748.750000,1113,FAILED,FAILED,0,,,,,,,7.48,ROT_RIGHT,waypoint,-9.9241,-9.9241,2.0373,2.7818,3.9567
2026-09-06T15:35:24.547,178748.906000,1114,FAILED,FAILED,0,,,,,,,8.36,ROT_RIGHT,waypoint,-9.9241,-9.9241,2.0373,2.7818,3.9567
2026-09-06T15:35:24.659,178749.015000,1115,FAILED,FAILED,0,,,,,,,8.36,ROT_RIGHT,waypoint,-9.9241,-9.9241,2.0373,2.7818,3.9567
2026-09-06T15:35:24.774,178749.125000,1116,FAILED,FAILED,0,,,,,,,8.36,ROT_RIGHT,waypoint,-9.9241,-9.9241,2.0373,2.7818,3.9567
2026-09-06T15:35:24.891,178749.250000,1117,FAILED,FAILED,0,,,,,,,8.36,ROT_RIGHT,waypoint,-9.9241,-9.9241,2.0373,2.7818,3.9567
2026-09-06T15:35:25.008,178749.359000,1118,FAILED,FAILED,0,,,,,,,8.36,ROT_RIGHT,waypoint,-9.9241,-9.9241,2.0373,2.7818,3.9567
2026-09-06T15:35:25.124,178749.484000,1119,FAILED,FAILED,0,,,,,,,8.69,ROT_RIGHT,waypoint,-9.9241,-9.9241,2.0373,2.7818,3.9567
2026-09-06T15:35:25.257,178749.609000,1120,FAILED,FAILED,0,,,,,,,8.69,ROT_RIGHT,waypoint,-9.9241,-9.9241,2.0373,2.7818,3.9567
2026-09-06T15:35:25.399,178749.750000,1121,FAILED,FAILED,0,,,,,,,8.69,ROT_RIGHT,waypoint,-9.9241,-9.9241,2.0373,2.7818,3.9567
2026-09-06T15:35:25.577,178749.937000,1122,FAILED,FAILED,0,,,,,,,8.69,ROT_RIGHT,waypoint,-9.9241,-9.9241,2.0373,2.7818,3.9567
2026-09-06T15:35:25.701,178750.046000,1123,FAILED,FAILED,0,,,,,,,6.92,ROT_RIGHT,waypoint,-9.9241,-9.9241,2.0373,2.7818,3.9567
2026-09-06T15:35:25.824,178750.171000,1124,FAILED,FAILED,0,,,,,,,6.92,ROT_RIGHT,waypoint,-9.9241,-9.9241,2.0373,2.7818,3.9567
2026-09-06T15:35:25.985,178750.343000,1126,FAILED,FAILED,0,,,,,,,6.92,ROT_RIGHT,waypoint,-9.9241,-9.9241,2.0373,2.7818,3.9567
2026-09-06T15:35:26.137,178750.484000,1128,FAILED,FAILED,0,,,,,,,6.92,ROT_RIGHT,waypoint,-9.9241,-9.9241,2.0373,2.7818,3.9567
2026-09-06T15:35:26.295,178750.640000,1130,FAILED,FAILED,0,,,,,,,11.57,ROT_RIGHT,waypoint,-9.9241,-9.9241,2.0373,2.7818,3.9567
2026-09-06T15:35:26.486,178750.843000,1132,FAILED,FAILED,0,,,,,,,11.57,ROT_RIGHT,waypoint,-9.9241,-9.9241,2.0373,2.7818,3.9567
2026-09-06T15:35:26.625,178750.984000,1134,FAILED,FAILED,0,,,,,,,11.57,ROT_RIGHT,waypoint,-9.9241,-9.9241,2.0373,2.7818,3.9567
2026-09-06T15:35:26.777,178751.125000,1136,FAILED,FAILED,0,,,,,,,12.40,ROT_RIGHT,waypoint,-9.9241,-9.9241,2.0373,2.7818,3.9567
2026-09-06T15:35:26.929,178751.281000,1138,FAILED,FAILED,0,,,,,,,12.40,ROT_RIGHT,waypoint,-9.9241,-9.9241,2.0373,2.7818,3.9567
2026-09-06T15:35:27.077,178751.437000,1140,FAILED,FAILED,0,,,,,,,12.40,ROT_RIGHT,waypoint,-9.9241,-9.9241,2.0373,2.7818,3.9567
2026-09-06T15:35:27.233,178751.593000,1142,FAILED,FAILED,0,,,,,,,12.40,ROT_RIGHT,waypoint,-9.9241,-9.9241,2.0373,2.7818,3.9567
2026-09-06T15:35:27.389,178751.750000,1144,FAILED,FAILED,0,,,,,,,13.14,ROT_RIGHT,waypoint,-9.9241,-9.9241,2.0373,2.7818,3.9567
2026-09-06T15:35:27.543,178751.890000,1146,FAILED,FAILED,0,,,,,,,13.14,ROT_RIGHT,waypoint,-9.9241,-9.9241,2.0373,2.7818,3.9567
2026-09-06T15:35:27.692,178752.046000,1148,FAILED,FAILED,0,,,,,,,13.14,ROT_RIGHT,waypoint,-9.9241,-9.9241,2.0373,2.7818,3.9567
2026-09-06T15:35:27.847,178752.203000,1150,FAILED,FAILED,0,,,,,,,13.02,ROT_RIGHT,waypoint,-9.9241,-9.9241,2.0373,2.7818,3.9567
2026-09-06T15:35:27.993,178752.343000,1152,FAILED,FAILED,0,,,,,,,13.02,ROT_RIGHT,waypoint,-9.9241,-9.9241,2.0373,2.7818,3.9567
2026-09-06T15:35:28.145,178752.500000,1154,FAILED,FAILED,0,,,,,,,13.02,ROT_RIGHT,waypoint,-9.9241,-9.9241,2.0373,2.7818,3.9567
2026-09-06T15:35:28.312,178752.671000,1156,FAILED,FAILED,0,,,,,,,13.02,ROT_RIGHT,waypoint,-9.9241,-9.9241,2.0373,2.7818,3.9567
2026-09-06T15:35:28.458,178752.812000,1158,FAILED,FAILED,0,,,,,,,13.06,ROT_RIGHT,waypoint,-9.9241,-9.9241,2.0373,2.7818,3.9567
2026-09-06T15:35:28.605,178752.953000,1160,FAILED,FAILED,0,,,,,,,13.06,ROT_RIGHT,waypoint,-9.9241,-9.9241,2.0373,2.7818,3.9567
2026-09-06T15:35:28.750,178753.109000,1162,FAILED,FAILED,0,,,,,,,13.06,ROT_RIGHT,waypoint,-9.9241,-9.9241,2.0373,2.7818,3.9567
2026-09-06T15:35:28.892,178753.250000,1164,FAILED,FAILED,0,,,,,,,13.77,ROT_RIGHT,waypoint,-9.9241,-9.9241,2.0373,2.7818,3.9567
2026-09-06T15:35:29.045,178753.390000,1166,FAILED,FAILED,0,,,,,,,13.77,ROT_RIGHT,waypoint,-9.9241,-9.9241,2.0373,2.7818,3.9567
2026-09-06T15:35:29.192,178753.546000,1168,FAILED,FAILED,0,,,,,,,13.77,ROT_RIGHT,waypoint,-9.9241,-9.9241,2.0373,2.7818,3.9567
2026-09-06T15:35:29.426,178753.781000,1170,FAILED,FAILED,0,,,,,,,11.25,ROT_RIGHT,waypoint,-9.9241,-9.9241,2.0373,2.7818,3.9567
2026-09-06T15:35:29.577,178753.937000,1172,FAILED,FAILED,0,,,,,,,11.25,ROT_RIGHT,waypoint,-9.9241,-9.9241,2.0373,2.7818,3.9567
2026-09-06T15:35:29.722,178754.078000,1174,FAILED,FAILED,0,,,,,,,11.25,ROT_RIGHT,waypoint,-9.9241,-9.9241,2.0373,2.7818,3.9567
2026-09-06T15:35:29.873,178754.218000,1176,FAILED,FAILED,0,,,,,,,11.25,ROT_RIGHT,waypoint,-9.9241,-9.9241,2.0373,2.7818,3.9567
2026-09-06T15:35:30.019,178754.375000,1178,FAILED,FAILED,0,,,,,,,13.42,ROT_RIGHT,waypoint,-9.9241,-9.9241,2.0373,2.7818,3.9567
2026-09-06T15:35:30.163,178754.515000,1180,FAILED,FAILED,0,,,,,,,13.42,ROT_RIGHT,waypoint,-9.9241,-9.9241,2.0373,2.7818,3.9567
2026-09-06T15:35:30.322,178754.671000,1182,FAILED,FAILED,0,,,,,,,13.42,ROT_RIGHT,waypoint,-9.9241,-9.9241,2.0373,2.7818,3.9567
2026-09-06T15:35:30.422,178754.781000,1183,FAILED,FAILED,0,,,,,,,13.42,ROT_RIGHT,waypoint,-9.9241,-9.9241,2.0373,2.7818,3.9567
2026-09-06T15:35:30.564,178754.921000,1185,FAILED,FAILED,0,,,,,,,12.61,ROT_RIGHT,waypoint,-9.9241,-9.9241,2.0373,2.7818,3.9567
2026-09-06T15:35:30.736,178755.093000,1187,FAILED,FAILED,0,,,,,,,12.61,ROT_RIGHT,waypoint,-9.9241,-9.9241,2.0373,2.7818,3.9567
2026-09-06T15:35:30.885,178755.234000,1189,FAILED,FAILED,0,,,,,,,12.61,ROT_RIGHT,waypoint,-9.9241,-9.9241,2.0373,2.7818,3.9567
2026-09-06T15:35:31.036,178755.390000,1191,FAILED,FAILED,0,,,,,,,13.17,ROT_RIGHT,waypoint,-9.9241,-9.9241,2.0373,2.7818,3.9567
2026-09-06T15:35:31.177,178755.531000,1193,FAILED,FAILED,0,,,,,,,13.17,ROT_RIGHT,waypoint,-9.9241,-9.9241,2.0373,2.7818,3.9567
2026-09-06T15:35:31.431,178755.781000,1195,FAILED,FAILED,0,,,,,,,13.17,ROT_RIGHT,waypoint,-9.9241,-9.9241,2.0373,2.7818,3.9567
2026-09-06T15:35:31.575,178755.921000,1197,FAILED,FAILED,0,,,,,,,11.08,ROT_RIGHT,waypoint,-9.9241,-9.9241,2.0373,2.7818,3.9567
2026-09-06T15:35:31.727,178756.078000,1199,FAILED,FAILED,0,,,,,,,11.08,ROT_RIGHT,waypoint,-9.9241,-9.9241,2.0373,2.7818,3.9567
2026-09-06T15:35:31.879,178756.234000,1201,FAILED,FAILED,0,,,,,,,11.08,ROT_RIGHT,waypoint,-9.9241,-9.9241,2.0373,2.7818,3.9567
2026-09-06T15:35:32.025,178756.375000,1203,FAILED,FAILED,0,,,,,,,11.08,ROT_RIGHT,waypoint,-9.9241,-9.9241,2.0373,2.7818,3.9567
2026-09-06T15:35:32.175,178756.531000,1205,FAILED,FAILED,0,,,,,,,13.35,ROT_RIGHT,waypoint,-9.9241,-9.9241,2.0373,2.7818,3.9567
2026-09-06T15:35:32.320,178756.671000,1207,FAILED,FAILED,0,,,,,,,13.35,ROT_RIGHT,waypoint,-9.9241,-9.9241,2.0373,2.7818,3.9567
2026-09-06T15:35:32.423,178756.781000,1208,FAILED,FAILED,0,,,,,,,13.35,ROT_RIGHT,waypoint,-9.9241,-9.9241,2.0373,2.7818,3.9567
2026-09-06T15:35:32.572,178756.921000,1210,FAILED,FAILED,0,,,,,,,13.35,ROT_RIGHT,waypoint,-9.9241,-9.9241,2.0373,2.7818,3.9567
2026-09-06T15:35:32.710,178757.062000,1212,FAILED,FAILED,0,,,,,,,13.00,ROT_RIGHT,waypoint,-9.9241,-9.9241,2.0373,2.7818,3.9567
2026-09-06T15:35:32.867,178757.218000,1214,FAILED,FAILED,0,,,,,,,13.00,ROT_RIGHT,waypoint,-9.9241,-9.9241,2.0373,2.7818,3.9567
2026-09-06T15:35:33.013,178757.359000,1216,FAILED,FAILED,0,,,,,,,13.00,ROT_RIGHT,waypoint,-9.9241,-9.9241,2.0373,2.7818,3.9567
2026-09-06T15:35:33.154,178757.500000,1218,FAILED,FAILED,0,,,,,,,13.56,ROT_RIGHT,waypoint,-9.9241,-9.9241,2.0373,2.7818,3.9567
2026-09-06T15:35:33.309,178757.656000,1220,FAILED,FAILED,0,,,,,,,13.56,ROT_RIGHT,waypoint,-9.9241,-9.9241,2.0373,2.7818,3.9567
2026-09-06T15:35:33.423,178757.781000,1221,FAILED,FAILED,0,,,,,,,13.56,ROT_RIGHT,waypoint,-9.9241,-9.9241,2.0373,2.7818,3.9567
2026-09-06T15:35:33.572,178757.921000,1223,FAILED,FAILED,0,,,,,,,13.56,ROT_RIGHT,waypoint,-9.9241,-9.9241,2.0373,2.7818,3.9567
2026-09-06T15:35:33.712,178758.062000,1225,FAILED,FAILED,0,,,,,,,12.55,ROT_RIGHT,waypoint,-9.9241,-9.9241,2.0373,2.7818,3.9567
2026-09-06T15:35:33.873,178758.218000,1227,FAILED,FAILED,0,,,,,,,12.55,ROT_RIGHT,waypoint,-9.9241,-9.9241,2.0373,2.7818,3.9567
2026-09-06T15:35:34.018,178758.375000,1229,FAILED,FAILED,0,,,,,,,12.55,ROT_RIGHT,waypoint,-9.9241,-9.9241,2.0373,2.7818,3.9567
2026-09-06T15:35:34.166,178758.515000,1231,FAILED,FAILED,0,,,,,,,12.55,ROT_RIGHT,waypoint,-9.9241,-9.9241,2.0373,2.7818,3.9567
2026-09-06T15:35:34.312,178758.671000,1233,FAILED,FAILED,0,,,,,,,13.39,ROT_RIGHT,waypoint,-9.9241,-9.9241,2.0373,2.7818,3.9567
2026-09-06T15:35:34.431,178758.781000,1234,FAILED,FAILED,0,,,,,,,13.39,ROT_RIGHT,waypoint,-9.9241,-9.9241,2.0373,2.7818,3.9567
2026-09-06T15:35:34.578,178758.937000,1236,FAILED,FAILED,0,,,,,,,13.39,ROT_RIGHT,waypoint,-9.9241,-9.9241,2.0373,2.7818,3.9567
2026-09-06T15:35:34.727,178759.078000,1238,FAILED,FAILED,0,,,,,,,13.39,ROT_RIGHT,waypoint,-9.9241,-9.9241,2.0373,2.7818,3.9567
2026-09-06T15:35:34.874,178759.234000,1240,FAILED,FAILED,0,,,,,,,12.58,ROT_RIGHT,waypoint,-9.9241,-9.9241,2.0373,2.7818,3.9567
2026-09-06T15:35:35.020,178759.375000,1242,FAILED,FAILED,0,,,,,,,12.58,ROT_RIGHT,waypoint,-9.9241,-9.9241,2.0373,2.7818,3.9567
2026-09-06T15:35:35.171,178759.531000,1244,FAILED,FAILED,0,,,,,,,12.58,ROT_RIGHT,waypoint,-9.9241,-9.9241,2.0373,2.7818,3.9567
2026-09-06T15:35:35.322,178759.671000,1246,FAILED,FAILED,0,,,,,,,13.23,ROT_RIGHT,waypoint,-9.9241,-9.9241,2.0373,2.7818,3.9567
2026-09-06T15:35:35.430,178759.781000,1247,FAILED,FAILED,0,,,,,,,13.23,ROT_RIGHT,waypoint,-9.9241,-9.9241,2.0373,2.7818,3.9567
2026-09-06T15:35:35.575,178759.921000,1249,FAILED,FAILED,0,,,,,,,13.23,ROT_RIGHT,waypoint,-9.9241,-9.9241,2.0373,2.7818,3.9567
2026-09-06T15:35:35.742,178760.093000,1251,FAILED,FAILED,0,,,,,,,13.23,ROT_RIGHT,waypoint,-9.9241,-9.9241,2.0373,2.7818,3.9567
2026-09-06T15:35:35.935,178760.281000,1253,FAILED,FAILED,0,,,,,,,11.75,ROT_RIGHT,waypoint,-9.9241,-9.9241,2.0373,2.7818,3.9567
2026-09-06T15:35:36.132,178760.484000,1255,FAILED,FAILED,0,,,,,,,11.75,ROT_RIGHT,waypoint,-9.9241,-9.9241,2.0373,2.7818,3.9567
2026-09-06T15:35:36.233,178760.593000,1256,FAILED,FAILED,0,,,,,,,11.75,ROT_RIGHT,waypoint,-9.9241,-9.9241,2.0373,2.7818,3.9567
2026-09-06T15:35:36.452,178760.812000,1258,FAILED,FAILED,0,,,,,,,9.66,ROT_RIGHT,waypoint,-9.9241,-9.9241,2.0373,2.7818,3.9567
2026-09-06T15:35:36.566,178760.921000,1259,FAILED,FAILED,0,,,,,,,9.66,ROT_RIGHT,waypoint,-9.9241,-9.9241,2.0373,2.7818,3.9567
2026-09-06T15:35:36.689,178761.046000,1260,FAILED,FAILED,0,,,,,,,9.66,ROT_RIGHT,waypoint,-9.9241,-9.9241,2.0373,2.7818,3.9567
2026-09-06T15:35:36.902,178761.250000,1262,FAILED,FAILED,0,,,,,,,9.66,ROT_RIGHT,waypoint,-9.9241,-9.9241,2.0373,2.7818,3.9567
2026-09-06T15:35:37.022,178761.375000,1263,FAILED,FAILED,0,,,,,,,8.87,ROT_RIGHT,waypoint,-9.9241,-9.9241,2.0373,2.7818,3.9567
2026-09-06T15:35:37.151,178761.500000,1264,FAILED,FAILED,0,,,,,,,8.87,ROT_RIGHT,waypoint,-9.9241,-9.9241,2.0373,2.7818,3.9567
2026-09-06T15:35:37.256,178761.609000,1265,FAILED,FAILED,0,,,,,,,8.87,ROT_RIGHT,waypoint,-9.9241,-9.9241,2.0373,2.7818,3.9567
2026-09-06T15:35:37.447,178761.796000,1267,FAILED,FAILED,0,,,,,,,8.87,ROT_RIGHT,waypoint,-9.9241,-9.9241,2.0373,2.7818,3.9567
2026-09-06T15:35:37.556,178761.906000,1268,FAILED,FAILED,0,,,,,,,9.25,ROT_RIGHT,waypoint,-9.9241,-9.9241,2.0373,2.7818,3.9567
2026-09-06T15:35:37.661,178762.015000,1269,FAILED,FAILED,0,,,,,,,9.25,ROT_RIGHT,waypoint,-9.9241,-9.9241,2.0373,2.7818,3.9567
2026-09-06T15:35:37.867,178762.218000,1271,FAILED,FAILED,0,,,,,,,9.25,ROT_RIGHT,waypoint,-9.9241,-9.9241,2.0373,2.7818,3.9567
2026-09-06T15:35:37.971,178762.328000,1272,FAILED,FAILED,0,,,,,,,9.25,ROT_RIGHT,waypoint,-9.9241,-9.9241,2.0373,2.7818,3.9567
2026-09-06T15:35:38.079,178762.437000,1273,FAILED,FAILED,0,,,,,,,9.66,ROT_RIGHT,waypoint,-9.9241,-9.9241,2.0373,2.7818,3.9567
2026-09-06T15:35:38.282,178762.640000,1275,FAILED,FAILED,0,,,,,,,9.66,ROT_RIGHT,waypoint,-9.9241,-9.9241,2.0373,2.7818,3.9567
2026-09-06T15:35:38.475,178762.828000,1277,FAILED,FAILED,0,,,,,,,9.66,ROT_RIGHT,waypoint,-9.9241,-9.9241,2.0373,2.7818,3.9567
2026-09-06T15:35:38.589,178762.937000,1278,FAILED,FAILED,0,,,,,,,9.76,ROT_RIGHT,waypoint,-9.9241,-9.9241,2.0373,2.7818,3.9567
2026-09-06T15:35:38.695,178763.046000,1279,FAILED,FAILED,0,,,,,,,9.76,ROT_RIGHT,waypoint,-9.9241,-9.9241,2.0373,2.7818,3.9567
2026-09-06T15:35:38.800,178763.156000,1280,FAILED,FAILED,0,,,,,,,9.76,ROT_RIGHT,waypoint,-9.9241,-9.9241,2.0373,2.7818,3.9567
2026-09-06T15:35:38.982,178763.328000,1282,FAILED,FAILED,0,,,,,,,9.76,ROT_RIGHT,waypoint,-9.9241,-9.9241,2.0373,2.7818,3.9567
2026-09-06T15:35:39.092,178763.437000,1283,FAILED,FAILED,0,,,,,,,9.76,ROT_RIGHT,waypoint,-9.9241,-9.9241,2.0373,2.7818,3.9567
2026-09-06T15:35:39.221,178763.578000,1284,FAILED,FAILED,0,,,,,,,9.54,ROT_RIGHT,waypoint,-9.9241,-9.9241,2.0373,2.7818,3.9567
2026-09-06T15:35:39.336,178763.687000,1285,FAILED,FAILED,0,,,,,,,9.54,ROT_RIGHT,waypoint,-9.9241,-9.9241,2.0373,2.7818,3.9567
2026-09-06T15:35:39.470,178763.828000,1286,FAILED,FAILED,0,,,,,,,9.54,ROT_RIGHT,waypoint,-9.9241,-9.9241,2.0373,2.7818,3.9567
2026-09-06T15:35:39.595,178763.953000,1287,FAILED,FAILED,0,,,,,,,9.54,ROT_RIGHT,waypoint,-9.9241,-9.9241,2.0373,2.7818,3.9567
2026-09-06T15:35:39.799,178764.156000,1289,FAILED,FAILED,0,,,,,,,8.68,ROT_RIGHT,waypoint,-9.9241,-9.9241,2.0373,2.7818,3.9567
2026-09-06T15:35:39.998,178764.343000,1291,FAILED,FAILED,0,,,,,,,8.68,ROT_RIGHT,waypoint,-9.9241,-9.9241,2.0373,2.7818,3.9567
2026-09-06T15:35:40.094,178764.453000,1292,FAILED,FAILED,0,,,,,,,8.68,ROT_RIGHT,waypoint,-9.9241,-9.9241,2.0373,2.7818,3.9567
2026-09-06T15:35:40.295,178764.640000,1294,FAILED,FAILED,0,,,,,,,9.94,ROT_RIGHT,waypoint,-9.9241,-9.9241,2.0373,2.7818,3.9567
2026-09-06T15:35:40.459,178764.812000,1296,FAILED,FAILED,0,,,,,,,9.94,ROT_RIGHT,waypoint,-9.9241,-9.9241,2.0373,2.7818,3.9567
2026-09-06T15:35:40.610,178764.968000,1298,FAILED,FAILED,0,,,,,,,9.94,ROT_RIGHT,waypoint,-9.9241,-9.9241,2.0373,2.7818,3.9567
2026-09-06T15:35:40.750,178765.109000,1300,FAILED,FAILED,0,,,,,,,9.94,ROT_RIGHT,waypoint,-9.9241,-9.9241,2.0373,2.7818,3.9567
2026-09-06T15:35:40.908,178765.265000,1302,FAILED,FAILED,0,,,,,,,13.06,ROT_RIGHT,waypoint,-9.9241,-9.9241,2.0373,2.7818,3.9567
2026-09-06T15:35:41.056,178765.406000,1304,FAILED,FAILED,0,,,,,,,13.06,ROT_RIGHT,waypoint,-9.9241,-9.9241,2.0373,2.7818,3.9567
2026-09-06T15:35:41.203,178765.562000,1306,FAILED,FAILED,0,,,,,,,13.06,ROT_RIGHT,waypoint,-9.9241,-9.9241,2.0373,2.7818,3.9567
2026-09-06T15:35:41.350,178765.703000,1308,FAILED,FAILED,0,,,,,,,13.47,ROT_RIGHT,waypoint,-9.9241,-9.9241,2.0373,2.7818,3.9567
2026-09-06T15:35:41.496,178765.843000,1309,FAILED,FAILED,0,,,,,,,13.47,ROT_RIGHT,waypoint,-9.9241,-9.9241,2.0373,2.7818,3.9567
2026-09-06T15:35:41.666,178766.015000,1311,FAILED,FAILED,0,,,,,,,13.47,ROT_RIGHT,waypoint,-9.9241,-9.9241,2.0373,2.7818,3.9567
2026-09-06T15:35:41.809,178766.156000,1313,FAILED,FAILED,0,,,,,,,13.47,ROT_RIGHT,waypoint,-9.9241,-9.9241,2.0373,2.7818,3.9567
2026-09-06T15:35:41.952,178766.296000,1315,FAILED,FAILED,0,,,,,,,11.23,ROT_RIGHT,waypoint,-9.9241,-9.9241,2.0373,2.7818,3.9567
2026-09-06T15:35:42.117,178766.468000,1317,FAILED,FAILED,0,,,,,,,11.23,ROT_RIGHT,waypoint,-9.9241,-9.9241,2.0373,2.7818,3.9567
2026-09-06T15:35:42.270,178766.625000,1319,FAILED,FAILED,0,,,,,,,11.23,ROT_RIGHT,waypoint,-9.9241,-9.9241,2.0373,2.7818,3.9567
2026-09-06T15:35:42.421,178766.781000,1321,FAILED,FAILED,0,,,,,,,13.04,ROT_RIGHT,waypoint,-9.9241,-9.9241,2.0373,2.7818,3.9567
2026-09-06T15:35:42.585,178766.937000,1323,FAILED,FAILED,0,,,,,,,13.04,ROT_RIGHT,waypoint,-9.9241,-9.9241,2.0373,2.7818,3.9567
2026-09-06T15:35:42.752,178767.109000,1325,FAILED,FAILED,0,,,,,,,13.04,ROT_RIGHT,waypoint,-9.9241,-9.9241,2.0373,2.7818,3.9567
2026-09-06T15:35:42.898,178767.250000,1327,FAILED,FAILED,0,,,,,,,13.04,ROT_RIGHT,waypoint,-9.9241,-9.9241,2.0373,2.7818,3.9567
2026-09-06T15:35:43.048,178767.406000,1329,FAILED,FAILED,0,,,,,,,12.89,ROT_RIGHT,waypoint,-9.9241,-9.9241,2.0373,2.7818,3.9567
2026-09-06T15:35:43.192,178767.546000,1331,FAILED,FAILED,0,,,,,,,12.89,ROT_RIGHT,waypoint,-9.9241,-9.9241,2.0373,2.7818,3.9567
2026-09-06T15:35:43.353,178767.703000,1333,FAILED,FAILED,0,,,,,,,12.89,ROT_RIGHT,waypoint,-9.9241,-9.9241,2.0373,2.7818,3.9567
2026-09-06T15:35:43.501,178767.859000,1335,FAILED,FAILED,0,,,,,,,13.09,ROT_RIGHT,waypoint,-9.9241,-9.9241,2.0373,2.7818,3.9567
2026-09-06T15:35:43.638,178767.984000,1337,FAILED,FAILED,0,,,,,,,13.09,ROT_RIGHT,waypoint,-9.9241,-9.9241,2.0373,2.7818,3.9567
2026-09-06T15:35:43.793,178768.140000,1339,FAILED,FAILED,0,,,,,,,13.09,ROT_RIGHT,waypoint,-9.9241,-9.9241,2.0373,2.7818,3.9567
2026-09-06T15:35:43.944,178768.296000,1341,FAILED,FAILED,0,,,,,,,13.09,ROT_RIGHT,waypoint,-9.9241,-9.9241,2.0373,2.7818,3.9567
2026-09-06T15:35:44.091,178768.437000,1343,FAILED,FAILED,0,,,,,,,13.61,ROT_RIGHT,waypoint,-9.9241,-9.9241,2.0373,2.7818,3.9567
2026-09-06T15:35:44.256,178768.609000,1345,FAILED,FAILED,0,,,,,,,13.61,ROT_RIGHT,waypoint,-9.9241,-9.9241,2.0373,2.7818,3.9567
2026-09-06T15:35:44.409,178768.765000,1347,FAILED,FAILED,0,,,,,,,13.61,ROT_RIGHT,waypoint,-9.9241,-9.9241,2.0373,2.7818,3.9567
2026-09-06T15:35:44.570,178768.921000,1349,FAILED,FAILED,0,,,,,,,12.81,ROT_RIGHT,waypoint,-9.9241,-9.9241,2.0373,2.7818,3.9567
2026-09-06T15:35:44.713,178769.062000,1351,FAILED,FAILED,0,,,,,,,12.81,ROT_RIGHT,waypoint,-9.9241,-9.9241,2.0373,2.7818,3.9567
2026-09-06T15:35:44.864,178769.218000,1353,FAILED,FAILED,0,,,,,,,12.81,ROT_RIGHT,waypoint,-9.9241,-9.9241,2.0373,2.7818,3.9567
2026-09-06T15:35:45.006,178769.359000,1355,FAILED,FAILED,0,,,,,,,12.81,ROT_RIGHT,waypoint,-9.9241,-9.9241,2.0373,2.7818,3.9567
2026-09-06T15:35:45.167,178769.515000,1357,FAILED,FAILED,0,,,,,,,13.46,ROT_RIGHT,waypoint,-9.9241,-9.9241,2.0373,2.7818,3.9567
2026-09-06T15:35:45.322,178769.671000,1359,FAILED,FAILED,0,,,,,,,13.46,ROT_RIGHT,waypoint,-9.9241,-9.9241,2.0373,2.7818,3.9567
2026-09-06T15:35:45.531,178769.890000,1361,FAILED,FAILED,0,,,,,,,13.46,ROT_RIGHT,waypoint,-9.9241,-9.9241,2.0373,2.7818,3.9567
2026-09-06T15:35:45.687,178770.046000,1363,FAILED,FAILED,0,,,,,,,11.38,ROT_RIGHT,waypoint,-9.9241,-9.9241,2.0373,2.7818,3.9567
2026-09-06T15:35:45.859,178770.218000,1365,FAILED,FAILED,0,,,,,,,11.38,ROT_RIGHT,waypoint,-9.9241,-9.9241,2.0373,2.7818,3.9567
2026-09-06T15:35:45.970,178770.328000,1366,FAILED,FAILED,0,,,,,,,11.38,ROT_RIGHT,waypoint,-9.9241,-9.9241,2.0373,2.7818,3.9567
2026-09-06T15:35:46.176,178770.531000,1368,FAILED,FAILED,0,,,,,,,10.60,ROT_RIGHT,waypoint,-9.9241,-9.9241,2.0373,2.7818,3.9567
2026-09-06T15:35:46.280,178770.640000,1369,FAILED,FAILED,0,,,,,,,10.60,ROT_RIGHT,waypoint,-9.9241,-9.9241,2.0373,2.7818,3.9567
2026-09-06T15:35:46.390,178770.750000,1370,FAILED,FAILED,0,,,,,,,10.60,ROT_RIGHT,waypoint,-9.9241,-9.9241,2.0373,2.7818,3.9567
2026-09-06T15:35:46.540,178770.890000,1371,FAILED,FAILED,0,,,,,,,10.60,ROT_RIGHT,waypoint,-9.9241,-9.9241,2.0373,2.7818,3.9567
2026-09-06T15:35:46.652,178771.000000,1372,FAILED,FAILED,0,,,,,,,10.60,ROT_RIGHT,waypoint,-9.9241,-9.9241,2.0373,2.7818,3.9567
2026-09-06T15:35:46.851,178771.203000,1374,FAILED,FAILED,0,,,,,,,8.76,ROT_RIGHT,waypoint,-9.9241,-9.9241,2.0373,2.7818,3.9567
2026-09-06T15:35:47.041,178771.390000,1376,FAILED,FAILED,0,,,,,,,8.76,ROT_RIGHT,waypoint,-9.9241,-9.9241,2.0373,2.7818,3.9567
2026-09-06T15:35:47.142,178771.500000,1377,FAILED,FAILED,0,,,,,,,8.76,ROT_RIGHT,waypoint,-9.9241,-9.9241,2.0373,2.7818,3.9567
2026-09-06T15:35:47.253,178771.609000,1378,FAILED,FAILED,0,,,,,,,8.76,ROT_RIGHT,waypoint,-9.9241,-9.9241,2.0373,2.7818,3.9567
2026-09-06T15:35:47.450,178771.796000,1380,FAILED,FAILED,0,,,,,,,10.00,ROT_RIGHT,waypoint,-9.9241,-9.9241,2.0373,2.7818,3.9567
2026-09-06T15:35:47.588,178771.937000,1381,FAILED,FAILED,0,,,,,,,10.00,ROT_RIGHT,waypoint,-9.9241,-9.9241,2.0373,2.7818,3.9567
2026-09-06T15:35:47.691,178772.046000,1382,FAILED,FAILED,0,,,,,,,10.00,ROT_RIGHT,waypoint,-9.9241,-9.9241,2.0373,2.7818,3.9567
2026-09-06T15:35:47.889,178772.234000,1384,FAILED,FAILED,0,,,,,,,9.22,ROT_RIGHT,waypoint,-9.9241,-9.9241,2.0373,2.7818,3.9567
2026-09-06T15:35:47.998,178772.343000,1385,FAILED,FAILED,0,,,,,,,9.22,ROT_RIGHT,waypoint,-9.9241,-9.9241,2.0373,2.7818,3.9567
2026-09-06T15:35:48.113,178772.468000,1386,FAILED,FAILED,0,,,,,,,9.22,ROT_RIGHT,waypoint,-9.9241,-9.9241,2.0373,2.7818,3.9567
2026-09-06T15:35:48.317,178772.671000,1388,FAILED,FAILED,0,,,,,,,9.22,ROT_RIGHT,waypoint,-9.9241,-9.9241,2.0373,2.7818,3.9567
2026-09-06T15:35:48.539,178772.890000,1390,FAILED,FAILED,0,,,,,,,9.58,ROT_RIGHT,waypoint,-9.9241,-9.9241,2.0373,2.7818,3.9567
2026-09-06T15:35:48.641,178773.000000,1391,FAILED,FAILED,0,,,,,,,9.58,ROT_RIGHT,waypoint,-9.9241,-9.9241,2.0373,2.7818,3.9567
2026-09-06T15:35:48.848,178773.203000,1393,FAILED,FAILED,0,,,,,,,9.58,ROT_RIGHT,waypoint,-9.9241,-9.9241,2.0373,2.7818,3.9567
2026-09-06T15:35:49.047,178773.406000,1395,FAILED,FAILED,0,,,,,,,9.36,ROT_RIGHT,waypoint,-9.9241,-9.9241,2.0373,2.7818,3.9567
2026-09-06T15:35:49.240,178773.593000,1397,FAILED,FAILED,0,,,,,,,9.36,ROT_RIGHT,waypoint,-9.9241,-9.9241,2.0373,2.7818,3.9567
2026-09-06T15:35:49.440,178773.796000,1399,FAILED,FAILED,0,,,,,,,9.36,ROT_RIGHT,waypoint,-9.9241,-9.9241,2.0373,2.7818,3.9567
2026-09-06T15:35:49.561,178773.921000,1400,FAILED,FAILED,0,,,,,,,9.74,ROT_RIGHT,waypoint,-9.9241,-9.9241,2.0373,2.7818,3.9567
2026-09-06T15:35:49.760,178774.109000,1402,FAILED,FAILED,0,,,,,,,9.74,ROT_RIGHT,waypoint,-9.9241,-9.9241,2.0373,2.7818,3.9567
2026-09-06T15:35:49.858,178774.218000,1403,FAILED,FAILED,0,,,,,,,9.74,ROT_RIGHT,waypoint,-9.9241,-9.9241,2.0373,2.7818,3.9567
2026-09-06T15:35:50.063,178774.421000,1405,FAILED,FAILED,0,,,,,,,9.98,ROT_RIGHT,waypoint,-9.9241,-9.9241,2.0373,2.7818,3.9567
2026-09-06T15:35:50.279,178774.625000,1407,FAILED,FAILED,0,,,,,,,9.98,ROT_RIGHT,waypoint,-9.9241,-9.9241,2.0373,2.7818,3.9567
2026-09-06T15:35:50.376,178774.734000,1408,FAILED,FAILED,0,,,,,,,9.98,ROT_RIGHT,waypoint,-9.9241,-9.9241,2.0373,2.7818,3.9567
2026-09-06T15:35:50.493,178774.843000,1409,FAILED,FAILED,0,,,,,,,9.98,ROT_RIGHT,waypoint,-9.9241,-9.9241,2.0373,2.7818,3.9567
2026-09-06T15:35:50.609,178774.968000,1410,FAILED,FAILED,0,,,,,,,9.12,ROT_RIGHT,waypoint,-9.9241,-9.9241,2.0373,2.7818,3.9567
2026-09-06T15:35:50.808,178775.156000,1412,FAILED,FAILED,0,,,,,,,9.12,ROT_RIGHT,waypoint,-9.9241,-9.9241,2.0373,2.7818,3.9567
2026-09-06T15:35:50.912,178775.265000,1413,FAILED,FAILED,0,,,,,,,9.12,ROT_RIGHT,waypoint,-9.9241,-9.9241,2.0373,2.7818,3.9567
2026-09-06T15:35:51.016,178775.375000,1414,FAILED,FAILED,0,,,,,,,9.12,ROT_RIGHT,waypoint,-9.9241,-9.9241,2.0373,2.7818,3.9567
2026-09-06T15:35:51.215,178775.562000,1416,FAILED,FAILED,0,,,,,,,9.92,ROT_RIGHT,waypoint,-9.9241,-9.9241,2.0373,2.7818,3.9567
2026-09-06T15:35:51.329,178775.687000,1417,FAILED,FAILED,0,,,,,,,9.92,ROT_RIGHT,waypoint,-9.9241,-9.9241,2.0373,2.7818,3.9567
2026-09-06T15:35:51.561,178775.906000,1419,FAILED,FAILED,0,,,,,,,9.92,ROT_RIGHT,waypoint,-9.9241,-9.9241,2.0373,2.7818,3.9567
2026-09-06T15:35:51.667,178776.015000,1420,FAILED,FAILED,0,,,,,,,9.12,ROT_RIGHT,waypoint,-9.9241,-9.9241,2.0373,2.7818,3.9567
2026-09-06T15:35:51.861,178776.218000,1422,FAILED,FAILED,0,,,,,,,9.12,ROT_RIGHT,waypoint,-9.9241,-9.9241,2.0373,2.7818,3.9567
2026-09-06T15:35:52.052,178776.406000,1424,FAILED,FAILED,0,,,,,,,9.12,ROT_RIGHT,waypoint,-9.9241,-9.9241,2.0373,2.7818,3.9567
2026-09-06T15:35:52.157,178776.515000,1425,FAILED,FAILED,0,,,,,,,9.12,ROT_RIGHT,waypoint,-9.9241,-9.9241,2.0373,2.7818,3.9567
2026-09-06T15:35:52.355,178776.703000,1427,FAILED,FAILED,0,,,,,,,10.22,ROT_RIGHT,waypoint,-9.9241,-9.9241,2.0373,2.7818,3.9567
2026-09-06T15:35:52.464,178776.812000,1428,FAILED,FAILED,0,,,,,,,10.22,ROT_RIGHT,waypoint,-9.9241,-9.9241,2.0373,2.7818,3.9567
2026-09-06T15:35:52.608,178776.953000,1429,FAILED,FAILED,0,,,,,,,10.22,ROT_RIGHT,waypoint,-9.9241,-9.9241,2.0373,2.7818,3.9567
2026-09-06T15:35:52.714,178777.062000,1430,FAILED,FAILED,0,,,,,,,10.22,ROT_RIGHT,waypoint,-9.9241,-9.9241,2.0373,2.7818,3.9567
2026-09-06T15:35:52.812,178777.171000,1431,FAILED,FAILED,0,,,,,,,8.86,ROT_RIGHT,waypoint,-9.9241,-9.9241,2.0373,2.7818,3.9567
2026-09-06T15:35:53.029,178777.375000,1433,FAILED,FAILED,0,,,,,,,8.86,ROT_RIGHT,waypoint,-9.9241,-9.9241,2.0373,2.7818,3.9567
2026-09-06T15:35:53.127,178777.484000,1434,FAILED,FAILED,0,,,,,,,8.86,ROT_RIGHT,waypoint,-9.9241,-9.9241,2.0373,2.7818,3.9567
2026-09-06T15:35:53.325,178777.671000,1436,FAILED,FAILED,0,,,,,,,8.86,ROT_RIGHT,waypoint,-9.9241,-9.9241,2.0373,2.7818,3.9567
2026-09-06T15:35:53.531,178777.890000,1438,FAILED,FAILED,0,,,,,,,9.93,ROT_RIGHT,waypoint,-9.9241,-9.9241,2.0373,2.7818,3.9567
2026-09-06T15:35:53.648,178778.000000,1439,FAILED,FAILED,0,,,,,,,9.93,ROT_RIGHT,waypoint,-9.9241,-9.9241,2.0373,2.7818,3.9567
2026-09-06T15:35:53.851,178778.203000,1441,FAILED,FAILED,0,,,,,,,9.93,ROT_RIGHT,waypoint,-9.9241,-9.9241,2.0373,2.7818,3.9567
2026-09-06T15:35:54.053,178778.406000,1443,FAILED,FAILED,0,,,,,,,9.43,ROT_RIGHT,waypoint,-9.9241,-9.9241,2.0373,2.7818,3.9567
2026-09-06T15:35:54.245,178778.593000,1445,FAILED,FAILED,0,,,,,,,9.43,ROT_RIGHT,waypoint,-9.9241,-9.9241,2.0373,2.7818,3.9567
2026-09-06T15:35:54.344,178778.703000,1446,FAILED,FAILED,0,,,,,,,9.43,ROT_RIGHT,waypoint,-9.9241,-9.9241,2.0373,2.7818,3.9567
2026-09-06T15:35:54.582,178778.937000,1448,FAILED,FAILED,0,,,,,,,10.00,ROT_RIGHT,waypoint,-9.9241,-9.9241,2.0373,2.7818,3.9567
2026-09-06T15:35:54.699,178779.046000,1449,FAILED,FAILED,0,,,,,,,10.00,ROT_RIGHT,waypoint,-9.9241,-9.9241,2.0373,2.7818,3.9567
2026-09-06T15:35:54.826,178779.171000,1450,FAILED,FAILED,0,,,,,,,10.00,ROT_RIGHT,waypoint,-9.9241,-9.9241,2.0373,2.7818,3.9567
2026-09-06T15:35:54.931,178779.281000,1451,FAILED,FAILED,0,,,,,,,10.00,ROT_RIGHT,waypoint,-9.9241,-9.9241,2.0373,2.7818,3.9567
2026-09-06T15:35:55.031,178779.390000,1452,FAILED,FAILED,0,,,,,,,8.67,ROT_RIGHT,waypoint,-9.9241,-9.9241,2.0373,2.7818,3.9567
2026-09-06T15:35:55.232,178779.578000,1454,FAILED,FAILED,0,,,,,,,8.67,ROT_RIGHT,waypoint,-9.9241,-9.9241,2.0373,2.7818,3.9567
2026-09-06T15:35:55.327,178779.687000,1455,FAILED,FAILED,0,,,,,,,8.67,ROT_RIGHT,waypoint,-9.9241,-9.9241,2.0373,2.7818,3.9567
2026-09-06T15:35:55.570,178779.921000,1457,FAILED,FAILED,0,,,,,,,9.15,ROT_RIGHT,waypoint,-9.9241,-9.9241,2.0373,2.7818,3.9567
2026-09-06T15:35:55.706,178780.062000,1458,FAILED,FAILED,0,,,,,,,9.15,ROT_RIGHT,waypoint,-9.9241,-9.9241,2.0373,2.7818,3.9567
2026-09-06T15:35:55.913,178780.265000,1460,FAILED,FAILED,0,,,,,,,9.15,ROT_RIGHT,waypoint,-9.9241,-9.9241,2.0373,2.7818,3.9567
2026-09-06T15:35:56.100,178780.453000,1462,FAILED,FAILED,0,,,,,,,9.43,ROT_RIGHT,waypoint,-9.9241,-9.9241,2.0373,2.7818,3.9567
2026-09-06T15:35:56.299,178780.656000,1464,FAILED,FAILED,0,,,,,,,9.43,ROT_RIGHT,waypoint,-9.9241,-9.9241,2.0373,2.7818,3.9567
2026-09-06T15:35:56.414,178780.765000,1465,FAILED,FAILED,0,,,,,,,9.43,ROT_RIGHT,waypoint,-9.9241,-9.9241,2.0373,2.7818,3.9567
2026-09-06T15:35:56.526,178780.875000,1466,FAILED,FAILED,0,,,,,,,9.43,ROT_RIGHT,waypoint,-9.9241,-9.9241,2.0373,2.7818,3.9567
2026-09-06T15:35:56.636,178780.984000,1467,FAILED,FAILED,0,,,,,,,9.47,ROT_RIGHT,waypoint,-9.9241,-9.9241,2.0373,2.7818,3.9567
2026-09-06T15:35:56.741,178781.093000,1468,FAILED,FAILED,0,,,,,,,9.47,ROT_RIGHT,waypoint,-9.9241,-9.9241,2.0373,2.7818,3.9567
2026-09-06T15:35:56.900,178781.250000,1469,FAILED,FAILED,0,,,,,,,9.47,ROT_RIGHT,waypoint,-9.9241,-9.9241,2.0373,2.7818,3.9567
2026-09-06T15:35:57.028,178781.375000,1470,FAILED,FAILED,0,,,,,,,9.47,ROT_RIGHT,waypoint,-9.9241,-9.9241,2.0373,2.7818,3.9567
2026-09-06T15:35:57.151,178781.500000,1471,FAILED,FAILED,0,,,,,,,7.74,ROT_RIGHT,waypoint,-9.9241,-9.9241,2.0373,2.7818,3.9567
2026-09-06T15:35:57.267,178781.625000,1472,FAILED,FAILED,0,,,,,,,7.74,ROT_RIGHT,waypoint,-9.9241,-9.9241,2.0373,2.7818,3.9567
2026-09-06T15:35:57.383,178781.734000,1473,FAILED,FAILED,0,,,,,,,7.74,ROT_RIGHT,waypoint,-9.9241,-9.9241,2.0373,2.7818,3.9567
2026-09-06T15:35:57.517,178781.875000,1474,FAILED,FAILED,0,,,,,,,7.74,ROT_RIGHT,waypoint,-9.9241,-9.9241,2.0373,2.7818,3.9567
2026-09-06T15:35:57.663,178782.015000,1475,FAILED,FAILED,0,,,,,,,7.87,ROT_RIGHT,waypoint,-9.9241,-9.9241,2.0373,2.7818,3.9567
2026-09-06T15:35:57.805,178782.156000,1476,FAILED,FAILED,0,,,,,,,7.87,ROT_RIGHT,waypoint,-9.9241,-9.9241,2.0373,2.7818,3.9567
2026-09-06T15:35:57.927,178782.281000,1477,FAILED,FAILED,0,,,,,,,7.87,ROT_RIGHT,waypoint,-9.9241,-9.9241,2.0373,2.7818,3.9567
2026-09-06T15:35:58.052,178782.406000,1478,FAILED,FAILED,0,,,,,,,7.87,ROT_RIGHT,waypoint,-9.9241,-9.9241,2.0373,2.7818,3.9567
2026-09-06T15:35:58.171,178782.531000,1479,FAILED,FAILED,0,,,,,,,7.74,ROT_RIGHT,waypoint,-9.9241,-9.9241,2.0373,2.7818,3.9567
2026-09-06T15:35:58.387,178782.734000,1481,FAILED,FAILED,0,,,,,,,7.74,ROT_RIGHT,waypoint,-9.9241,-9.9241,2.0373,2.7818,3.9567
2026-09-06T15:35:58.505,178782.859000,1482,FAILED,FAILED,0,,,,,,,7.74,ROT_RIGHT,waypoint,-9.9241,-9.9241,2.0373,2.7818,3.9567
2026-09-06T15:35:58.658,178783.015000,1483,FAILED,FAILED,0,,,,,,,7.74,ROT_RIGHT,waypoint,-9.9241,-9.9241,2.0373,2.7818,3.9567
2026-09-06T15:35:58.772,178783.125000,1484,FAILED,FAILED,0,,,,,,,8.36,ROT_RIGHT,waypoint,-9.9241,-9.9241,2.0373,2.7818,3.9567
2026-09-06T15:35:58.964,178783.312000,1486,FAILED,FAILED,0,,,,,,,8.36,ROT_RIGHT,waypoint,-9.9241,-9.9241,2.0373,2.7818,3.9567
2026-09-06T15:35:59.071,178783.421000,1487,FAILED,FAILED,0,,,,,,,8.36,ROT_RIGHT,waypoint,-9.9241,-9.9241,2.0373,2.7818,3.9567
2026-09-06T15:35:59.199,178783.546000,1488,FAILED,FAILED,0,,,,,,,8.36,ROT_RIGHT,waypoint,-9.9241,-9.9241,2.0373,2.7818,3.9567
2026-09-06T15:35:59.309,178783.656000,1489,FAILED,FAILED,0,,,,,,,9.24,ROT_RIGHT,waypoint,-9.9241,-9.9241,2.0373,2.7818,3.9567
2026-09-06T15:35:59.420,178783.765000,1490,FAILED,FAILED,0,,,,,,,9.24,ROT_RIGHT,waypoint,-9.9241,-9.9241,2.0373,2.7818,3.9567
2026-09-06T15:35:59.561,178783.921000,1491,FAILED,FAILED,0,,,,,,,9.24,ROT_RIGHT,waypoint,-9.9241,-9.9241,2.0373,2.7818,3.9567
2026-09-06T15:35:59.705,178784.062000,1492,FAILED,FAILED,0,,,,,,,9.24,ROT_RIGHT,waypoint,-9.9241,-9.9241,2.0373,2.7818,3.9567
2026-09-06T15:35:59.934,178784.281000,1494,FAILED,FAILED,0,,,,,,,8.00,ROT_RIGHT,waypoint,-9.9241,-9.9241,2.0373,2.7818,3.9567
2026-09-06T15:36:00.064,178784.421000,1495,FAILED,FAILED,0,,,,,,,8.00,ROT_RIGHT,waypoint,-9.9241,-9.9241,2.0373,2.7818,3.9567
2026-09-06T15:36:00.172,178784.531000,1496,FAILED,FAILED,0,,,,,,,8.00,ROT_RIGHT,waypoint,-9.9241,-9.9241,2.0373,2.7818,3.9567
2026-09-06T15:36:00.337,178784.687000,1497,FAILED,FAILED,0,,,,,,,7.70,ROT_RIGHT,waypoint,-9.9241,-9.9241,2.0373,2.7818,3.9567
2026-09-06T15:36:00.466,178784.812000,1498,FAILED,FAILED,0,,,,,,,7.70,ROT_RIGHT,waypoint,-9.9241,-9.9241,2.0373,2.7818,3.9567
2026-09-06T15:36:00.602,178784.953000,1499,FAILED,FAILED,0,,,,,,,7.70,ROT_RIGHT,waypoint,-9.9241,-9.9241,2.0373,2.7818,3.9567
2026-09-06T15:36:00.816,178785.171000,1501,FAILED,FAILED,0,,,,,,,7.70,ROT_RIGHT,waypoint,-9.9241,-9.9241,2.0373,2.7818,3.9567
2026-09-06T15:36:00.924,178785.281000,1502,FAILED,FAILED,0,,,,,,,8.53,ROT_RIGHT,waypoint,-9.9241,-9.9241,2.0373,2.7818,3.9567
2026-09-06T15:36:01.165,178785.515000,1504,FAILED,FAILED,0,,,,,,,8.53,ROT_RIGHT,waypoint,-9.9241,-9.9241,2.0373,2.7818,3.9567
2026-09-06T15:36:01.272,178785.625000,1505,FAILED,FAILED,0,,,,,,,8.53,ROT_RIGHT,waypoint,-9.9241,-9.9241,2.0373,2.7818,3.9567
2026-09-06T15:36:01.391,178785.750000,1506,FAILED,FAILED,0,,,,,,,8.53,ROT_RIGHT,waypoint,-9.9241,-9.9241,2.0373,2.7818,3.9567
2026-09-06T15:36:01.563,178785.921000,1507,FAILED,FAILED,0,,,,,,,7.77,ROT_RIGHT,waypoint,-9.9241,-9.9241,2.0373,2.7818,3.9567
2026-09-06T15:36:01.760,178786.109000,1509,FAILED,FAILED,0,,,,,,,7.77,ROT_RIGHT,waypoint,-9.9241,-9.9241,2.0373,2.7818,3.9567
2026-09-06T15:36:01.879,178786.234000,1510,FAILED,FAILED,0,,,,,,,7.77,ROT_RIGHT,waypoint,-9.9241,-9.9241,2.0373,2.7818,3.9567
2026-09-06T15:36:02.090,178786.437000,1512,FAILED,FAILED,0,,,,,,,9.45,ROT_RIGHT,waypoint,-9.9241,-9.9241,2.0373,2.7818,3.9567
2026-09-06T15:36:02.245,178786.593000,1513,FAILED,FAILED,0,,,,,,,9.45,ROT_RIGHT,waypoint,-9.9241,-9.9241,2.0373,2.7818,3.9567
2026-09-06T15:36:02.357,178786.703000,1514,FAILED,FAILED,0,,,,,,,9.45,ROT_RIGHT,waypoint,-9.9241,-9.9241,2.0373,2.7818,3.9567
2026-09-06T15:36:02.460,178786.812000,1515,FAILED,FAILED,0,,,,,,,9.45,ROT_RIGHT,waypoint,-9.9241,-9.9241,2.0373,2.7818,3.9567
2026-09-06T15:36:02.601,178786.953000,1516,FAILED,FAILED,0,,,,,,,7.85,ROT_RIGHT,waypoint,-9.9241,-9.9241,2.0373,2.7818,3.9567
2026-09-06T15:36:02.733,178787.078000,1517,FAILED,FAILED,0,,,,,,,7.85,ROT_RIGHT,waypoint,-9.9241,-9.9241,2.0373,2.7818,3.9567
2026-09-06T15:36:02.850,178787.203000,1518,FAILED,FAILED,0,,,,,,,7.85,ROT_RIGHT,waypoint,-9.9241,-9.9241,2.0373,2.7818,3.9567
2026-09-06T15:36:02.972,178787.328000,1519,FAILED,FAILED,0,,,,,,,7.85,ROT_RIGHT,waypoint,-9.9241,-9.9241,2.0373,2.7818,3.9567
2026-09-06T15:36:03.098,178787.453000,1520,FAILED,FAILED,0,,,,,,,7.85,ROT_RIGHT,waypoint,-9.9241,-9.9241,2.0373,2.7818,3.9567
2026-09-06T15:36:03.236,178787.593000,1521,FAILED,FAILED,0,,,,,,,7.87,ROT_RIGHT,waypoint,-9.9241,-9.9241,2.0373,2.7818,3.9567
2026-09-06T15:36:03.351,178787.703000,1522,FAILED,FAILED,0,,,,,,,7.87,ROT_RIGHT,waypoint,-9.9241,-9.9241,2.0373,2.7818,3.9567
2026-09-06T15:36:03.479,178787.828000,1523,FAILED,FAILED,0,,,,,,,7.87,ROT_RIGHT,waypoint,-9.9241,-9.9241,2.0373,2.7818,3.9567
2026-09-06T15:36:03.618,178787.968000,1524,FAILED,FAILED,0,,,,,,,7.87,ROT_RIGHT,waypoint,-9.9241,-9.9241,2.0373,2.7818,3.9567
2026-09-06T15:36:03.756,178788.109000,1525,FAILED,FAILED,0,,,,,,,7.64,ROT_RIGHT,waypoint,-9.9241,-9.9241,2.0373,2.7818,3.9567
2026-09-06T15:36:03.880,178788.234000,1526,FAILED,FAILED,0,,,,,,,7.64,ROT_RIGHT,waypoint,-9.9241,-9.9241,2.0373,2.7818,3.9567
2026-09-06T15:36:03.989,178788.343000,1527,FAILED,FAILED,0,,,,,,,7.64,ROT_RIGHT,waypoint,-9.9241,-9.9241,2.0373,2.7818,3.9567
2026-09-06T15:36:04.123,178788.468000,1528,FAILED,FAILED,0,,,,,,,7.64,ROT_RIGHT,waypoint,-9.9241,-9.9241,2.0373,2.7818,3.9567
2026-09-06T15:36:04.246,178788.593000,1529,FAILED,FAILED,0,,,,,,,7.64,ROT_RIGHT,waypoint,-9.9241,-9.9241,2.0373,2.7818,3.9567
2026-09-06T15:36:04.413,178788.765000,1530,FAILED,FAILED,0,,,,,,,7.61,ROT_RIGHT,waypoint,-9.9241,-9.9241,2.0373,2.7818,3.9567
2026-09-06T15:36:04.579,178788.937000,1531,FAILED,FAILED,0,,,,,,,7.61,ROT_RIGHT,waypoint,-9.9241,-9.9241,2.0373,2.7818,3.9567
2026-09-06T15:36:04.696,178789.046000,1532,FAILED,FAILED,0,,,,,,,7.61,ROT_RIGHT,waypoint,-9.9241,-9.9241,2.0373,2.7818,3.9567
2026-09-06T15:36:04.812,178789.171000,1533,FAILED,FAILED,0,,,,,,,7.61,ROT_RIGHT,waypoint,-9.9241,-9.9241,2.0373,2.7818,3.9567
2026-09-06T15:36:04.929,178789.281000,1534,FAILED,FAILED,0,,,,,,,7.80,ROT_RIGHT,waypoint,-9.9241,-9.9241,2.0373,2.7818,3.9567
2026-09-06T15:36:05.062,178789.421000,1535,FAILED,FAILED,0,,,,,,,7.80,ROT_RIGHT,waypoint,-9.9241,-9.9241,2.0373,2.7818,3.9567
2026-09-06T15:36:05.179,178789.531000,1536,FAILED,FAILED,0,,,,,,,7.80,ROT_RIGHT,waypoint,-9.9241,-9.9241,2.0373,2.7818,3.9567
2026-09-06T15:36:05.308,178789.656000,1537,FAILED,FAILED,0,,,,,,,7.80,ROT_RIGHT,waypoint,-9.9241,-9.9241,2.0373,2.7818,3.9567
2026-09-06T15:36:05.414,178789.765000,1538,FAILED,FAILED,0,,,,,,,7.80,ROT_RIGHT,waypoint,-9.9241,-9.9241,2.0373,2.7818,3.9567
2026-09-06T15:36:05.566,178789.921000,1539,FAILED,FAILED,0,,,,,,,7.86,ROT_RIGHT,waypoint,-9.9241,-9.9241,2.0373,2.7818,3.9567
2026-09-06T15:36:05.679,178790.031000,1540,FAILED,FAILED,0,,,,,,,7.86,ROT_RIGHT,waypoint,-9.9241,-9.9241,2.0373,2.7818,3.9567
2026-09-06T15:36:05.796,178790.140000,1541,FAILED,FAILED,0,,,,,,,7.86,ROT_RIGHT,waypoint,-9.9241,-9.9241,2.0373,2.7818,3.9567
2026-09-06T15:36:05.901,178790.250000,1542,FAILED,FAILED,0,,,,,,,7.86,ROT_RIGHT,waypoint,-9.9241,-9.9241,2.0373,2.7818,3.9567
2026-09-06T15:36:06.062,178790.421000,1544,FAILED,FAILED,0,,,,,,,7.86,ROT_RIGHT,waypoint,-9.9241,-9.9241,2.0373,2.7818,3.9567
2026-09-06T15:36:06.235,178790.593000,1546,FAILED,FAILED,0,,,,,,,10.28,ROT_RIGHT,waypoint,-9.9241,-9.9241,2.0373,2.7818,3.9567
2026-09-06T15:36:06.396,178790.750000,1548,FAILED,FAILED,0,,,,,,,10.28,ROT_RIGHT,waypoint,-9.9241,-9.9241,2.0373,2.7818,3.9567
2026-09-06T15:36:06.579,178790.937000,1550,FAILED,FAILED,0,,,,,,,10.28,ROT_RIGHT,waypoint,-9.9241,-9.9241,2.0373,2.7818,3.9567
2026-09-06T15:36:06.752,178791.109000,1552,FAILED,FAILED,0,,,,,,,11.62,ROT_RIGHT,waypoint,-9.9241,-9.9241,2.0373,2.7818,3.9567
2026-09-06T15:36:06.934,178791.281000,1554,FAILED,FAILED,0,,,,,,,11.62,ROT_RIGHT,waypoint,-9.9241,-9.9241,2.0373,2.7818,3.9567
2026-09-06T15:36:07.101,178791.453000,1556,FAILED,FAILED,0,,,,,,,11.62,ROT_RIGHT,waypoint,-9.9241,-9.9241,2.0373,2.7818,3.9567
2026-09-06T15:36:07.248,178791.593000,1558,FAILED,FAILED,0,,,,,,,11.61,ROT_RIGHT,waypoint,-9.9241,-9.9241,2.0373,2.7818,3.9567
2026-09-06T15:36:07.415,178791.765000,1560,FAILED,FAILED,0,,,,,,,11.61,ROT_RIGHT,waypoint,-9.9241,-9.9241,2.0373,2.7818,3.9567
2026-09-06T15:36:07.564,178791.921000,1562,FAILED,FAILED,0,,,,,,,11.61,ROT_RIGHT,waypoint,-9.9241,-9.9241,2.0373,2.7818,3.9567
2026-09-06T15:36:07.729,178792.078000,1564,FAILED,FAILED,0,,,,,,,12.73,ROT_RIGHT,waypoint,-9.9241,-9.9241,2.0373,2.7818,3.9567
2026-09-06T15:36:07.831,178792.187000,1565,FAILED,FAILED,0,,,,,,,12.73,ROT_RIGHT,waypoint,-9.9241,-9.9241,2.0373,2.7818,3.9567
2026-09-06T15:36:07.997,178792.343000,1567,FAILED,FAILED,0,,,,,,,12.73,ROT_RIGHT,waypoint,-9.9241,-9.9241,2.0373,2.7818,3.9567
2026-09-06T15:36:08.151,178792.500000,1569,FAILED,FAILED,0,,,,,,,12.73,ROT_RIGHT,waypoint,-9.9241,-9.9241,2.0373,2.7818,3.9567
2026-09-06T15:36:08.250,178792.609000,1570,FAILED,FAILED,0,,,,,,,11.53,ROT_RIGHT,waypoint,-9.9241,-9.9241,2.0373,2.7818,3.9567
2026-09-06T15:36:08.414,178792.765000,1572,FAILED,FAILED,0,,,,,,,11.53,ROT_RIGHT,waypoint,-9.9241,-9.9241,2.0373,2.7818,3.9567
2026-09-06T15:36:08.613,178792.968000,1574,FAILED,FAILED,0,,,,,,,11.53,ROT_RIGHT,waypoint,-9.9241,-9.9241,2.0373,2.7818,3.9567
2026-09-06T15:36:08.819,178793.171000,1576,FAILED,FAILED,0,,,,,,,10.56,ROT_RIGHT,waypoint,-9.9241,-9.9241,2.0373,2.7818,3.9567
2026-09-06T15:36:09.002,178793.359000,1578,FAILED,FAILED,0,,,,,,,10.56,ROT_RIGHT,waypoint,-9.9241,-9.9241,2.0373,2.7818,3.9567
2026-09-06T15:36:09.184,178793.531000,1580,FAILED,FAILED,0,,,,,,,10.56,ROT_RIGHT,waypoint,-9.9241,-9.9241,2.0373,2.7818,3.9567
2026-09-06T15:36:09.348,178793.703000,1582,FAILED,FAILED,0,,,,,,,11.51,ROT_RIGHT,waypoint,-9.9241,-9.9241,2.0373,2.7818,3.9567
2026-09-06T15:36:09.531,178793.890000,1584,FAILED,FAILED,0,,,,,,,11.51,ROT_RIGHT,waypoint,-9.9241,-9.9241,2.0373,2.7818,3.9567
2026-09-06T15:36:09.652,178794.000000,1585,FAILED,FAILED,0,,,,,,,11.51,ROT_RIGHT,waypoint,-9.9241,-9.9241,2.0373,2.7818,3.9567
2026-09-06T15:36:09.762,178794.109000,1586,FAILED,FAILED,0,,,,,,,11.51,ROT_RIGHT,waypoint,-9.9241,-9.9241,2.0373,2.7818,3.9567
2026-09-06T15:36:09.932,178794.281000,1588,FAILED,FAILED,0,,,,,,,10.13,ROT_RIGHT,waypoint,-9.9241,-9.9241,2.0373,2.7818,3.9567
2026-09-06T15:36:10.099,178794.453000,1590,FAILED,FAILED,0,,,,,,,10.13,ROT_RIGHT,waypoint,-9.9241,-9.9241,2.0373,2.7818,3.9567
2026-09-06T15:36:10.263,178794.609000,1592,FAILED,FAILED,0,,,,,,,10.13,ROT_RIGHT,waypoint,-9.9241,-9.9241,2.0373,2.7818,3.9567
2026-09-06T15:36:10.418,178794.765000,1594,FAILED,FAILED,0,,,,,,,10.13,ROT_RIGHT,waypoint,-9.9241,-9.9241,2.0373,2.7818,3.9567
2026-09-06T15:36:10.523,178794.875000,1595,FAILED,FAILED,0,,,,,,,11.84,ROT_RIGHT,waypoint,-9.9241,-9.9241,2.0373,2.7818,3.9567
2026-09-06T15:36:10.651,178795.000000,1596,FAILED,FAILED,0,,,,,,,11.84,ROT_RIGHT,waypoint,-9.9241,-9.9241,2.0373,2.7818,3.9567
2026-09-06T15:36:10.752,178795.109000,1597,FAILED,FAILED,0,,,,,,,11.84,ROT_RIGHT,waypoint,-9.9241,-9.9241,2.0373,2.7818,3.9567
2026-09-06T15:36:10.903,178795.250000,1599,FAILED,FAILED,0,,,,,,,11.84,ROT_RIGHT,waypoint,-9.9241,-9.9241,2.0373,2.7818,3.9567
2026-09-06T15:36:11.059,178795.406000,1601,FAILED,FAILED,0,,,,,,,11.20,ROT_RIGHT,waypoint,-9.9241,-9.9241,2.0373,2.7818,3.9567
2026-09-06T15:36:11.208,178795.562000,1603,FAILED,FAILED,0,,,,,,,11.20,ROT_RIGHT,waypoint,-9.9241,-9.9241,2.0373,2.7818,3.9567
2026-09-06T15:36:11.349,178795.703000,1605,FAILED,FAILED,0,,,,,,,11.20,ROT_RIGHT,waypoint,-9.9241,-9.9241,2.0373,2.7818,3.9567
2026-09-06T15:36:11.518,178795.875000,1607,FAILED,FAILED,0,,,,,,,11.20,ROT_RIGHT,waypoint,-9.9241,-9.9241,2.0373,2.7818,3.9567
2026-09-06T15:36:11.654,178796.000000,1608,FAILED,FAILED,0,,,,,,,11.76,ROT_RIGHT,waypoint,-9.9241,-9.9241,2.0373,2.7818,3.9567
2026-09-06T15:36:11.805,178796.156000,1610,FAILED,FAILED,0,,,,,,,11.76,ROT_RIGHT,waypoint,-9.9241,-9.9241,2.0373,2.7818,3.9567
2026-09-06T15:36:11.969,178796.328000,1612,FAILED,FAILED,0,,,,,,,11.76,ROT_RIGHT,waypoint,-9.9241,-9.9241,2.0373,2.7818,3.9567
2026-09-06T15:36:12.119,178796.468000,1614,FAILED,FAILED,0,,,,,,,11.76,ROT_RIGHT,waypoint,-9.9241,-9.9241,2.0373,2.7818,3.9567
2026-09-06T15:36:12.270,178796.625000,1616,FAILED,FAILED,0,,,,,,,13.15,ROT_RIGHT,waypoint,-9.9241,-9.9241,2.0373,2.7818,3.9567
2026-09-06T15:36:12.420,178796.765000,1618,FAILED,FAILED,0,,,,,,,13.15,ROT_RIGHT,waypoint,-9.9241,-9.9241,2.0373,2.7818,3.9567
2026-09-06T15:36:12.576,178796.921000,1620,FAILED,FAILED,0,,,,,,,13.15,ROT_RIGHT,waypoint,-9.9241,-9.9241,2.0373,2.7818,3.9567
2026-09-06T15:36:12.687,178797.046000,1621,FAILED,FAILED,0,,,,,,,11.98,ROT_RIGHT,waypoint,-9.9241,-9.9241,2.0373,2.7818,3.9567
2026-09-06T15:36:12.837,178797.187000,1623,FAILED,FAILED,0,,,,,,,11.98,ROT_RIGHT,waypoint,-9.9241,-9.9241,2.0373,2.7818,3.9567
2026-09-06T15:36:13.005,178797.359000,1625,FAILED,FAILED,0,,,,,,,11.98,ROT_RIGHT,waypoint,-9.9241,-9.9241,2.0373,2.7818,3.9567
2026-09-06T15:36:13.153,178797.500000,1627,FAILED,FAILED,0,,,,,,,11.98,ROT_RIGHT,waypoint,-9.9241,-9.9241,2.0373,2.7818,3.9567
2026-09-06T15:36:13.306,178797.656000,1629,FAILED,FAILED,0,,,,,,,12.82,ROT_RIGHT,waypoint,-9.9241,-9.9241,2.0373,2.7818,3.9567
2026-09-06T15:36:13.469,178797.828000,1631,FAILED,FAILED,0,,,,,,,12.82,ROT_RIGHT,waypoint,-9.9241,-9.9241,2.0373,2.7818,3.9567
2026-09-06T15:36:13.621,178797.968000,1633,FAILED,FAILED,0,,,,,,,12.82,ROT_RIGHT,waypoint,-9.9241,-9.9241,2.0373,2.7818,3.9567
2026-09-06T15:36:13.770,178798.125000,1635,FAILED,FAILED,0,,,,,,,13.42,ROT_RIGHT,waypoint,-9.9241,-9.9241,2.0373,2.7818,3.9567
2026-09-06T15:36:13.916,178798.265000,1637,FAILED,FAILED,0,,,,,,,13.42,ROT_RIGHT,waypoint,-9.9241,-9.9241,2.0373,2.7818,3.9567
2026-09-06T15:36:14.075,178798.421000,1639,FAILED,FAILED,0,,,,,,,13.42,ROT_RIGHT,waypoint,-9.9241,-9.9241,2.0373,2.7818,3.9567
2026-09-06T15:36:14.222,178798.578000,1641,FAILED,FAILED,0,,,,,,,13.42,ROT_RIGHT,waypoint,-9.9241,-9.9241,2.0373,2.7818,3.9567
2026-09-06T15:36:14.379,178798.734000,1643,FAILED,FAILED,0,,,,,,,12.88,ROT_RIGHT,waypoint,-9.9241,-9.9241,2.0373,2.7818,3.9567
2026-09-06T15:36:14.532,178798.890000,1645,FAILED,FAILED,0,,,,,,,12.88,ROT_RIGHT,waypoint,-9.9241,-9.9241,2.0373,2.7818,3.9567
2026-09-06T15:36:14.695,178799.046000,1647,FAILED,FAILED,0,,,,,,,12.88,ROT_RIGHT,waypoint,-9.9241,-9.9241,2.0373,2.7818,3.9567
2026-09-06T15:36:14.843,178799.203000,1649,FAILED,FAILED,0,,,,,,,12.90,ROT_RIGHT,waypoint,-9.9241,-9.9241,2.0373,2.7818,3.9567
2026-09-06T15:36:14.993,178799.343000,1651,FAILED,FAILED,0,,,,,,,12.90,ROT_RIGHT,waypoint,-9.9241,-9.9241,2.0373,2.7818,3.9567
2026-09-06T15:36:15.133,178799.484000,1653,FAILED,FAILED,0,,,,,,,12.90,ROT_RIGHT,waypoint,-9.9241,-9.9241,2.0373,2.7818,3.9567
2026-09-06T15:36:15.287,178799.640000,1655,FAILED,FAILED,0,,,,,,,12.90,ROT_RIGHT,waypoint,-9.9241,-9.9241,2.0373,2.7818,3.9567
2026-09-06T15:36:15.444,178799.796000,1657,FAILED,FAILED,0,,,,,,,13.47,ROT_RIGHT,waypoint,-9.9241,-9.9241,2.0373,2.7818,3.9567
2026-09-06T15:36:15.602,178799.953000,1659,FAILED,FAILED,0,,,,,,,13.47,ROT_RIGHT,waypoint,-9.9241,-9.9241,2.0373,2.7818,3.9567
2026-09-06T15:36:15.728,178800.078000,1660,FAILED,FAILED,0,,,,,,,13.47,ROT_RIGHT,waypoint,-9.9241,-9.9241,2.0373,2.7818,3.9567
2026-09-06T15:36:15.889,178800.234000,1662,FAILED,FAILED,0,,,,,,,11.44,ROT_RIGHT,waypoint,-9.9241,-9.9241,2.0373,2.7818,3.9567
2026-09-06T15:36:16.028,178800.375000,1664,FAILED,FAILED,0,,,,,,,11.44,ROT_RIGHT,waypoint,-9.9241,-9.9241,2.0373,2.7818,3.9567
2026-09-06T15:36:16.190,178800.546000,1666,FAILED,FAILED,0,,,,,,,11.44,ROT_RIGHT,waypoint,-9.9241,-9.9241,2.0373,2.7818,3.9567
2026-09-06T15:36:16.332,178800.687000,1668,FAILED,FAILED,0,,,,,,,11.44,ROT_RIGHT,waypoint,-9.9241,-9.9241,2.0373,2.7818,3.9567
2026-09-06T15:36:16.495,178800.843000,1670,FAILED,FAILED,0,,,,,,,13.24,ROT_RIGHT,waypoint,-9.9241,-9.9241,2.0373,2.7818,3.9567
2026-09-06T15:36:16.645,178801.000000,1672,FAILED,FAILED,0,,,,,,,13.24,ROT_RIGHT,waypoint,-9.9241,-9.9241,2.0373,2.7818,3.9567
2026-09-06T15:36:16.792,178801.140000,1674,FAILED,FAILED,0,,,,,,,13.24,ROT_RIGHT,waypoint,-9.9241,-9.9241,2.0373,2.7818,3.9567
2026-09-06T15:36:16.939,178801.296000,1676,FAILED,FAILED,0,,,,,,,13.32,ROT_RIGHT,waypoint,-9.9241,-9.9241,2.0373,2.7818,3.9567
2026-09-06T15:36:17.103,178801.453000,1678,FAILED,FAILED,0,,,,,,,13.32,ROT_RIGHT,waypoint,-9.9241,-9.9241,2.0373,2.7818,3.9567
2026-09-06T15:36:17.257,178801.609000,1680,FAILED,FAILED,0,,,,,,,13.32,ROT_RIGHT,waypoint,-9.9241,-9.9241,2.0373,2.7818,3.9567
2026-09-06T15:36:17.415,178801.765000,1682,FAILED,FAILED,0,,,,,,,13.32,ROT_RIGHT,waypoint,-9.9241,-9.9241,2.0373,2.7818,3.9567
2026-09-06T15:36:17.566,178801.921000,1684,FAILED,FAILED,0,,,,,,,12.82,ROT_RIGHT,waypoint,-9.9241,-9.9241,2.0373,2.7818,3.9567
2026-09-06T15:36:17.722,178802.078000,1686,FAILED,FAILED,0,,,,,,,12.82,ROT_RIGHT,waypoint,-9.9241,-9.9241,2.0373,2.7818,3.9567
2026-09-06T15:36:17.869,178802.218000,1688,FAILED,FAILED,0,,,,,,,12.82,ROT_RIGHT,waypoint,-9.9241,-9.9241,2.0373,2.7818,3.9567
2026-09-06T15:36:18.015,178802.375000,1690,FAILED,FAILED,0,,,,,,,13.20,ROT_RIGHT,waypoint,-9.9241,-9.9241,2.0373,2.7818,3.9567
2026-09-06T15:36:18.168,178802.515000,1692,FAILED,FAILED,0,,,,,,,13.20,ROT_RIGHT,waypoint,-9.9241,-9.9241,2.0373,2.7818,3.9567
2026-09-06T15:36:18.336,178802.687000,1694,FAILED,FAILED,0,,,,,,,13.20,ROT_RIGHT,waypoint,-9.9241,-9.9241,2.0373,2.7818,3.9567
2026-09-06T15:36:18.488,178802.843000,1696,FAILED,FAILED,0,,,,,,,13.20,ROT_RIGHT,waypoint,-9.9241,-9.9241,2.0373,2.7818,3.9567
2026-09-06T15:36:18.633,178802.984000,1698,FAILED,FAILED,0,,,,,,,13.10,ROT_RIGHT,waypoint,-9.9241,-9.9241,2.0373,2.7818,3.9567
2026-09-06T15:36:18.766,178803.125000,1699,FAILED,FAILED,0,,,,,,,13.10,ROT_RIGHT,waypoint,-9.9241,-9.9241,2.0373,2.7818,3.9567
2026-09-06T15:36:18.934,178803.281000,1701,FAILED,FAILED,0,,,,,,,13.10,ROT_RIGHT,waypoint,-9.9241,-9.9241,2.0373,2.7818,3.9567
2026-09-06T15:36:19.084,178803.437000,1703,FAILED,FAILED,0,,,,,,,11.23,ROT_RIGHT,waypoint,-9.9241,-9.9241,2.0373,2.7818,3.9567
2026-09-06T15:36:19.245,178803.593000,1705,FAILED,FAILED,0,,,,,,,11.23,ROT_RIGHT,waypoint,-9.9241,-9.9241,2.0373,2.7818,3.9567
2026-09-06T15:36:19.404,178803.750000,1707,FAILED,FAILED,0,,,,,,,11.23,ROT_RIGHT,waypoint,-9.9241,-9.9241,2.0373,2.7818,3.9567
2026-09-06T15:36:19.551,178803.906000,1709,FAILED,FAILED,0,,,,,,,11.23,ROT_RIGHT,waypoint,-9.9241,-9.9241,2.0373,2.7818,3.9567
2026-09-06T15:36:19.763,178804.109000,1711,FAILED,FAILED,0,,,,,,,13.12,ROT_RIGHT,waypoint,-9.9241,-9.9241,2.0373,2.7818,3.9567
2026-09-06T15:36:19.916,178804.265000,1713,FAILED,FAILED,0,,,,,,,13.12,ROT_RIGHT,waypoint,-9.9241,-9.9241,2.0373,2.7818,3.9567
2026-09-06T15:36:20.066,178804.421000,1715,FAILED,FAILED,0,,,,,,,13.12,ROT_RIGHT,waypoint,-9.9241,-9.9241,2.0373,2.7818,3.9567
2026-09-06T15:36:20.222,178804.578000,1717,FAILED,FAILED,0,,,,,,,11.52,ROT_RIGHT,waypoint,-9.9241,-9.9241,2.0373,2.7818,3.9567
2026-09-06T15:36:20.370,178804.718000,1719,FAILED,FAILED,0,,,,,,,11.52,ROT_RIGHT,waypoint,-9.9241,-9.9241,2.0373,2.7818,3.9567
2026-09-06T15:36:20.527,178804.875000,1721,FAILED,FAILED,0,,,,,,,11.52,ROT_RIGHT,waypoint,-9.9241,-9.9241,2.0373,2.7818,3.9567
2026-09-06T15:36:20.765,178805.125000,1723,FAILED,FAILED,0,,,,,,,11.35,ROT_RIGHT,waypoint,-9.9241,-9.9241,2.0373,2.7818,3.9567
2026-09-06T15:36:20.914,178805.265000,1725,FAILED,FAILED,0,,,,,,,11.35,ROT_RIGHT,waypoint,-9.9241,-9.9241,2.0373,2.7818,3.9567
2026-09-06T15:36:21.071,178805.421000,1727,FAILED,FAILED,0,,,,,,,11.35,ROT_RIGHT,waypoint,-9.9241,-9.9241,2.0373,2.7818,3.9567
2026-09-06T15:36:21.226,178805.578000,1729,FAILED,FAILED,0,,,,,,,11.35,ROT_RIGHT,waypoint,-9.9241,-9.9241,2.0373,2.7818,3.9567
2026-09-06T15:36:21.372,178805.718000,1731,FAILED,FAILED,0,,,,,,,13.09,ROT_RIGHT,waypoint,-9.9241,-9.9241,2.0373,2.7818,3.9567
2026-09-06T15:36:21.524,178805.875000,1733,FAILED,FAILED,0,,,,,,,13.09,ROT_RIGHT,waypoint,-9.9241,-9.9241,2.0373,2.7818,3.9567
2026-09-06T15:36:21.667,178806.015000,1735,FAILED,FAILED,0,,,,,,,13.09,ROT_RIGHT,waypoint,-9.9241,-9.9241,2.0373,2.7818,3.9567
2026-09-06T15:36:21.839,178806.187000,1737,FAILED,FAILED,0,,,,,,,12.73,ROT_RIGHT,waypoint,-9.9241,-9.9241,2.0373,2.7818,3.9567
2026-09-06T15:36:21.992,178806.343000,1739,FAILED,FAILED,0,,,,,,,12.73,ROT_RIGHT,waypoint,-9.9241,-9.9241,2.0373,2.7818,3.9567
2026-09-06T15:36:22.139,178806.484000,1741,FAILED,FAILED,0,,,,,,,12.73,ROT_RIGHT,waypoint,-9.9241,-9.9241,2.0373,2.7818,3.9567
2026-09-06T15:36:22.286,178806.640000,1743,FAILED,FAILED,0,,,,,,,12.73,ROT_RIGHT,waypoint,-9.9241,-9.9241,2.0373,2.7818,3.9567
2026-09-06T15:36:22.447,178806.796000,1745,FAILED,FAILED,0,,,,,,,13.14,ROT_RIGHT,waypoint,-9.9241,-9.9241,2.0373,2.7818,3.9567
2026-09-06T15:36:22.606,178806.953000,1747,FAILED,FAILED,0,,,,,,,13.14,ROT_RIGHT,waypoint,-9.9241,-9.9241,2.0373,2.7818,3.9567
2026-09-06T15:36:22.747,178807.093000,1749,FAILED,FAILED,0,,,,,,,13.14,ROT_RIGHT,waypoint,-9.9241,-9.9241,2.0373,2.7818,3.9567
2026-09-06T15:36:22.906,178807.265000,1751,FAILED,FAILED,0,,,,,,,13.12,ROT_RIGHT,waypoint,-9.9241,-9.9241,2.0373,2.7818,3.9567
2026-09-06T15:36:23.076,178807.421000,1753,FAILED,FAILED,0,,,,,,,13.12,ROT_RIGHT,waypoint,-9.9241,-9.9241,2.0373,2.7818,3.9567
2026-09-06T15:36:23.218,178807.562000,1755,FAILED,FAILED,0,,,,,,,13.12,ROT_RIGHT,waypoint,-9.9241,-9.9241,2.0373,2.7818,3.9567
2026-09-06T15:36:23.374,178807.718000,1757,FAILED,FAILED,0,,,,,,,13.12,ROT_RIGHT,waypoint,-9.9241,-9.9241,2.0373,2.7818,3.9567
2026-09-06T15:36:23.518,178807.875000,1759,FAILED,FAILED,0,,,,,,,12.94,ROT_RIGHT,waypoint,-9.9241,-9.9241,2.0373,2.7818,3.9567
2026-09-06T15:36:23.674,178808.031000,1761,FAILED,FAILED,0,,,,,,,12.94,ROT_RIGHT,waypoint,-9.9241,-9.9241,2.0373,2.7818,3.9567
2026-09-06T15:36:23.840,178808.187000,1763,FAILED,FAILED,0,,,,,,,12.94,ROT_RIGHT,waypoint,-9.9241,-9.9241,2.0373,2.7818,3.9567
2026-09-06T15:36:23.993,178808.343000,1765,FAILED,FAILED,0,,,,,,,12.96,ROT_RIGHT,waypoint,-9.9241,-9.9241,2.0373,2.7818,3.9567
2026-09-06T15:36:24.141,178808.500000,1767,FAILED,FAILED,0,,,,,,,12.96,ROT_RIGHT,waypoint,-9.9241,-9.9241,2.0373,2.7818,3.9567
2026-09-06T15:36:24.290,178808.640000,1769,FAILED,FAILED,0,,,,,,,12.96,ROT_RIGHT,waypoint,-9.9241,-9.9241,2.0373,2.7818,3.9567
2026-09-06T15:36:24.442,178808.796000,1771,FAILED,FAILED,0,,,,,,,12.96,ROT_RIGHT,waypoint,-9.9241,-9.9241,2.0373,2.7818,3.9567
2026-09-06T15:36:24.582,178808.937000,1773,FAILED,FAILED,0,,,,,,,13.44,ROT_RIGHT,waypoint,-9.9241,-9.9241,2.0373,2.7818,3.9567
2026-09-06T15:36:24.765,178809.125000,1775,FAILED,FAILED,0,,,,,,,13.44,ROT_RIGHT,waypoint,-9.9241,-9.9241,2.0373,2.7818,3.9567
2026-09-06T15:36:24.925,178809.281000,1777,FAILED,FAILED,0,,,,,,,13.44,ROT_RIGHT,waypoint,-9.9241,-9.9241,2.0373,2.7818,3.9567
2026-09-06T15:36:25.072,178809.421000,1779,FAILED,FAILED,0,,,,,,,12.40,ROT_RIGHT,waypoint,-9.9241,-9.9241,2.0373,2.7818,3.9567
2026-09-06T15:36:25.226,178809.578000,1781,FAILED,FAILED,0,,,,,,,12.40,ROT_RIGHT,waypoint,-9.9241,-9.9241,2.0373,2.7818,3.9567
2026-09-06T15:36:25.363,178809.718000,1783,FAILED,FAILED,0,,,,,,,12.40,ROT_RIGHT,waypoint,-9.9241,-9.9241,2.0373,2.7818,3.9567
2026-09-06T15:36:25.517,178809.875000,1785,FAILED,FAILED,0,,,,,,,12.40,ROT_RIGHT,waypoint,-9.9241,-9.9241,2.0373,2.7818,3.9567
2026-09-06T15:36:25.668,178810.015000,1787,FAILED,FAILED,0,,,,,,,13.69,ROT_RIGHT,waypoint,-9.9241,-9.9241,2.0373,2.7818,3.9567
2026-09-06T15:36:25.799,178810.156000,1788,FAILED,FAILED,0,,,,,,,13.69,ROT_RIGHT,waypoint,-9.9241,-9.9241,2.0373,2.7818,3.9567
2026-09-06T15:36:25.998,178810.343000,1790,FAILED,FAILED,0,,,,,,,13.69,ROT_RIGHT,waypoint,-9.9241,-9.9241,2.0373,2.7818,3.9567
2026-09-06T15:36:26.097,178810.453000,1791,FAILED,FAILED,0,,,,,,,9.73,ROT_RIGHT,waypoint,-9.9241,-9.9241,2.0373,2.7818,3.9567
2026-09-06T15:36:26.296,178810.640000,1793,FAILED,FAILED,0,,,,,,,9.73,ROT_RIGHT,waypoint,-9.9241,-9.9241,2.0373,2.7818,3.9567
2026-09-06T15:36:26.518,178810.875000,1795,FAILED,FAILED,0,,,,,,,9.73,ROT_RIGHT,waypoint,-9.9241,-9.9241,2.0373,2.7818,3.9567
2026-09-06T15:36:26.631,178810.984000,1796,FAILED,FAILED,0,,,,,,,9.59,ROT_RIGHT,waypoint,-9.9241,-9.9241,2.0373,2.7818,3.9567
2026-09-06T15:36:26.819,178811.171000,1798,FAILED,FAILED,0,,,,,,,9.59,ROT_RIGHT,waypoint,-9.9241,-9.9241,2.0373,2.7818,3.9567
2026-09-06T15:36:27.026,178811.375000,1800,FAILED,FAILED,0,,,,,,,9.59,ROT_RIGHT,waypoint,-9.9241,-9.9241,2.0373,2.7818,3.9567
2026-09-06T15:36:27.134,178811.484000,1801,FAILED,FAILED,0,,,,,,,9.98,ROT_RIGHT,waypoint,-9.9241,-9.9241,2.0373,2.7818,3.9567
2026-09-06T15:36:27.359,178811.718000,1803,FAILED,FAILED,0,,,,,,,9.98,ROT_RIGHT,waypoint,-9.9241,-9.9241,2.0373,2.7818,3.9567
2026-09-06T15:36:27.492,178811.843000,1804,FAILED,FAILED,0,,,,,,,9.98,ROT_RIGHT,waypoint,-9.9241,-9.9241,2.0373,2.7818,3.9567
2026-09-06T15:36:27.619,178811.968000,1805,FAILED,FAILED,0,,,,,,,9.98,ROT_RIGHT,waypoint,-9.9241,-9.9241,2.0373,2.7818,3.9567
2026-09-06T15:36:27.724,178812.078000,1806,FAILED,FAILED,0,,,,,,,8.26,ROT_RIGHT,waypoint,-9.9241,-9.9241,2.0373,2.7818,3.9567
2026-09-06T15:36:27.846,178812.203000,1807,FAILED,FAILED,0,,,,,,,8.26,ROT_RIGHT,waypoint,-9.9241,-9.9241,2.0373,2.7818,3.9567
2026-09-06T15:36:27.953,178812.312000,1808,FAILED,FAILED,0,,,,,,,8.26,ROT_RIGHT,waypoint,-9.9241,-9.9241,2.0373,2.7818,3.9567
2026-09-06T15:36:28.150,178812.500000,1810,FAILED,FAILED,0,,,,,,,8.26,ROT_RIGHT,waypoint,-9.9241,-9.9241,2.0373,2.7818,3.9567
2026-09-06T15:36:28.359,178812.718000,1812,FAILED,FAILED,0,,,,,,,9.67,ROT_RIGHT,waypoint,-9.9241,-9.9241,2.0373,2.7818,3.9567
2026-09-06T15:36:28.587,178812.937000,1814,FAILED,FAILED,0,,,,,,,9.67,ROT_RIGHT,waypoint,-9.9241,-9.9241,2.0373,2.7818,3.9567
2026-09-06T15:36:28.697,178813.046000,1815,FAILED,FAILED,0,,,,,,,9.67,ROT_RIGHT,waypoint,-9.9241,-9.9241,2.0373,2.7818,3.9567
2026-09-06T15:36:28.898,178813.250000,1817,FAILED,FAILED,0,,,,,,,9.16,ROT_RIGHT,waypoint,-9.9241,-9.9241,2.0373,2.7818,3.9567
2026-09-06T15:36:29.092,178813.437000,1819,FAILED,FAILED,0,,,,,,,9.16,ROT_RIGHT,waypoint,-9.9241,-9.9241,2.0373,2.7818,3.9567
2026-09-06T15:36:29.193,178813.546000,1820,FAILED,FAILED,0,,,,,,,9.16,ROT_RIGHT,waypoint,-9.9241,-9.9241,2.0373,2.7818,3.9567
2026-09-06T15:36:29.398,178813.750000,1822,FAILED,FAILED,0,,,,,,,10.02,ROT_RIGHT,waypoint,-9.9241,-9.9241,2.0373,2.7818,3.9567
2026-09-06T15:36:29.501,178813.859000,1823,FAILED,FAILED,0,,,,,,,10.02,ROT_RIGHT,waypoint,-9.9241,-9.9241,2.0373,2.7818,3.9567
2026-09-06T15:36:29.621,178813.968000,1824,FAILED,FAILED,0,,,,,,,10.02,ROT_RIGHT,waypoint,-9.9241,-9.9241,2.0373,2.7818,3.9567
2026-09-06T15:36:29.730,178814.078000,1825,FAILED,FAILED,0,,,,,,,10.02,ROT_RIGHT,waypoint,-9.9241,-9.9241,2.0373,2.7818,3.9567
2026-09-06T15:36:29.835,178814.187000,1826,FAILED,FAILED,0,,,,,,,10.02,ROT_RIGHT,waypoint,-9.9241,-9.9241,2.0373,2.7818,3.9567
2026-09-06T15:36:29.939,178814.296000,1827,FAILED,FAILED,0,,,,,,,9.11,ROT_RIGHT,waypoint,-9.9241,-9.9241,2.0373,2.7818,3.9567
2026-09-06T15:36:30.060,178814.406000,1828,FAILED,FAILED,0,,,,,,,9.11,ROT_RIGHT,waypoint,-9.9241,-9.9241,2.0373,2.7818,3.9567
2026-09-06T15:36:30.169,178814.515000,1829,FAILED,FAILED,0,,,,,,,9.11,ROT_RIGHT,waypoint,-9.9241,-9.9241,2.0373,2.7818,3.9567
2026-09-06T15:36:30.276,178814.625000,1830,FAILED,FAILED,0,,,,,,,9.11,ROT_RIGHT,waypoint,-9.9241,-9.9241,2.0373,2.7818,3.9567
2026-09-06T15:36:30.481,178814.828000,1832,FAILED,FAILED,0,,,,,,,9.22,ROT_RIGHT,waypoint,-9.9241,-9.9241,2.0373,2.7818,3.9567
2026-09-06T15:36:30.604,178814.953000,1833,FAILED,FAILED,0,,,,,,,9.22,ROT_RIGHT,waypoint,-9.9241,-9.9241,2.0373,2.7818,3.9567
2026-09-06T15:36:30.705,178815.062000,1834,FAILED,FAILED,0,,,,,,,9.22,ROT_RIGHT,waypoint,-9.9241,-9.9241,2.0373,2.7818,3.9567
2026-09-06T15:36:30.913,178815.265000,1836,FAILED,FAILED,0,,,,,,,9.22,ROT_RIGHT,waypoint,-9.9241,-9.9241,2.0373,2.7818,3.9567
2026-09-06T15:36:31.015,178815.375000,1837,FAILED,FAILED,0,,,,,,,9.30,ROT_RIGHT,waypoint,-9.9241,-9.9241,2.0373,2.7818,3.9567
2026-09-06T15:36:31.138,178815.484000,1838,FAILED,FAILED,0,,,,,,,9.30,ROT_RIGHT,waypoint,-9.9241,-9.9241,2.0373,2.7818,3.9567
2026-09-06T15:36:31.238,178815.593000,1839,FAILED,FAILED,0,,,,,,,9.30,ROT_RIGHT,waypoint,-9.9241,-9.9241,2.0373,2.7818,3.9567
2026-09-06T15:36:31.429,178815.781000,1841,FAILED,FAILED,0,,,,,,,9.30,ROT_RIGHT,waypoint,-9.9241,-9.9241,2.0373,2.7818,3.9567
2026-09-06T15:36:31.550,178815.906000,1842,FAILED,FAILED,0,,,,,,,9.46,ROT_RIGHT,waypoint,-9.9241,-9.9241,2.0373,2.7818,3.9567
2026-09-06T15:36:31.673,178816.031000,1843,FAILED,FAILED,0,,,,,,,9.46,ROT_RIGHT,waypoint,-9.9241,-9.9241,2.0373,2.7818,3.9567
2026-09-06T15:36:31.872,178816.218000,1845,FAILED,FAILED,0,,,,,,,9.46,ROT_RIGHT,waypoint,-9.9241,-9.9241,2.0373,2.7818,3.9567
2026-09-06T15:36:31.976,178816.328000,1846,FAILED,FAILED,0,,,,,,,9.46,ROT_RIGHT,waypoint,-9.9241,-9.9241,2.0373,2.7818,3.9567
2026-09-06T15:36:32.090,178816.437000,1847,FAILED,FAILED,0,,,,,,,9.29,ROT_RIGHT,waypoint,-9.9241,-9.9241,2.0373,2.7818,3.9567
2026-09-06T15:36:32.190,178816.546000,1848,FAILED,FAILED,0,,,,,,,9.29,ROT_RIGHT,waypoint,-9.9241,-9.9241,2.0373,2.7818,3.9567
2026-09-06T15:36:32.318,178816.671000,1849,FAILED,FAILED,0,,,,,,,9.29,ROT_RIGHT,waypoint,-9.9241,-9.9241,2.0373,2.7818,3.9567
2026-09-06T15:36:32.423,178816.781000,1850,FAILED,FAILED,0,,,,,,,9.29,ROT_RIGHT,waypoint,-9.9241,-9.9241,2.0373,2.7818,3.9567
2026-09-06T15:36:32.541,178816.890000,1851,FAILED,FAILED,0,,,,,,,9.29,ROT_RIGHT,waypoint,-9.9241,-9.9241,2.0373,2.7818,3.9567
2026-09-06T15:36:32.657,178817.015000,1852,FAILED,FAILED,0,,,,,,,8.90,ROT_RIGHT,waypoint,-9.9241,-9.9241,2.0373,2.7818,3.9567
2026-09-06T15:36:32.842,178817.187000,1854,FAILED,FAILED,0,,,,,,,8.90,ROT_RIGHT,waypoint,-9.9241,-9.9241,2.0373,2.7818,3.9567
2026-09-06T15:36:32.946,178817.296000,1855,FAILED,FAILED,0,,,,,,,8.90,ROT_RIGHT,waypoint,-9.9241,-9.9241,2.0373,2.7818,3.9567
2026-09-06T15:36:33.143,178817.500000,1857,FAILED,FAILED,0,,,,,,,8.90,ROT_RIGHT,waypoint,-9.9241,-9.9241,2.0373,2.7818,3.9567
2026-09-06T15:36:33.251,178817.609000,1858,FAILED,FAILED,0,,,,,,,9.88,ROT_RIGHT,waypoint,-9.9241,-9.9241,2.0373,2.7818,3.9567
2026-09-06T15:36:33.443,178817.796000,1860,FAILED,FAILED,0,,,,,,,9.88,ROT_RIGHT,waypoint,-9.9241,-9.9241,2.0373,2.7818,3.9567
2026-09-06T15:36:33.584,178817.937000,1861,FAILED,FAILED,0,,,,,,,9.88,ROT_RIGHT,waypoint,-9.9241,-9.9241,2.0373,2.7818,3.9567
2026-09-06T15:36:33.692,178818.046000,1862,FAILED,FAILED,0,,,,,,,9.88,ROT_RIGHT,waypoint,-9.9241,-9.9241,2.0373,2.7818,3.9567
2026-09-06T15:36:33.797,178818.156000,1863,FAILED,FAILED,0,,,,,,,9.17,ROT_RIGHT,waypoint,-9.9241,-9.9241,2.0373,2.7818,3.9567
2026-09-06T15:36:33.992,178818.343000,1865,FAILED,FAILED,0,,,,,,,9.17,ROT_RIGHT,waypoint,-9.9241,-9.9241,2.0373,2.7818,3.9567
2026-09-06T15:36:34.198,178818.546000,1867,FAILED,FAILED,0,,,,,,,9.17,ROT_RIGHT,waypoint,-9.9241,-9.9241,2.0373,2.7818,3.9567
2026-09-06T15:36:34.299,178818.656000,1868,FAILED,FAILED,0,,,,,,,9.17,ROT_RIGHT,waypoint,-9.9241,-9.9241,2.0373,2.7818,3.9567
2026-09-06T15:36:34.511,178818.859000,1870,FAILED,FAILED,0,,,,,,,10.05,ROT_RIGHT,waypoint,-9.9241,-9.9241,2.0373,2.7818,3.9567
2026-09-06T15:36:34.645,178819.000000,1871,FAILED,FAILED,0,,,,,,,10.05,ROT_RIGHT,waypoint,-9.9241,-9.9241,2.0373,2.7818,3.9567
2026-09-06T15:36:34.864,178819.218000,1873,FAILED,FAILED,0,,,,,,,10.05,ROT_RIGHT,waypoint,-9.9241,-9.9241,2.0373,2.7818,3.9567
2026-09-06T15:36:34.980,178819.328000,1874,FAILED,FAILED,0,,,,,,,8.74,ROT_RIGHT,waypoint,-9.9241,-9.9241,2.0373,2.7818,3.9567
2026-09-06T15:36:35.079,178819.437000,1875,FAILED,FAILED,0,,,,,,,8.74,ROT_RIGHT,waypoint,-9.9241,-9.9241,2.0373,2.7818,3.9567
2026-09-06T15:36:35.283,178819.640000,1877,FAILED,FAILED,0,,,,,,,8.74,ROT_RIGHT,waypoint,-9.9241,-9.9241,2.0373,2.7818,3.9567
2026-09-06T15:36:35.484,178819.843000,1879,FAILED,FAILED,0,,,,,,,9.74,ROT_RIGHT,waypoint,-9.9241,-9.9241,2.0373,2.7818,3.9567
2026-09-06T15:36:35.617,178819.968000,1880,FAILED,FAILED,0,,,,,,,9.74,ROT_RIGHT,waypoint,-9.9241,-9.9241,2.0373,2.7818,3.9567
2026-09-06T15:36:35.721,178820.078000,1881,FAILED,FAILED,0,,,,,,,9.74,ROT_RIGHT,waypoint,-9.9241,-9.9241,2.0373,2.7818,3.9567
2026-09-06T15:36:35.879,178820.234000,1882,FAILED,FAILED,0,,,,,,,9.74,ROT_RIGHT,waypoint,-9.9241,-9.9241,2.0373,2.7818,3.9567
2026-09-06T15:36:36.079,178820.437000,1884,FAILED,FAILED,0,,,,,,,7.98,ROT_RIGHT,waypoint,-9.9241,-9.9241,2.0373,2.7818,3.9567
2026-09-06T15:36:36.291,178820.640000,1886,FAILED,FAILED,0,,,,,,,7.98,ROT_RIGHT,waypoint,-9.9241,-9.9241,2.0373,2.7818,3.9567
2026-09-06T15:36:36.493,178820.843000,1888,FAILED,FAILED,0,,,,,,,9.83,ROT_RIGHT,waypoint,-9.9241,-9.9241,2.0373,2.7818,3.9567
2026-09-06T15:36:36.609,178820.968000,1889,FAILED,FAILED,0,,,,,,,9.83,ROT_RIGHT,waypoint,-9.9241,-9.9241,2.0373,2.7818,3.9567
2026-09-06T15:36:36.732,178821.078000,1890,FAILED,FAILED,0,,,,,,,9.83,ROT_RIGHT,waypoint,-9.9241,-9.9241,2.0373,2.7818,3.9567
2026-09-06T15:36:36.852,178821.203000,1891,FAILED,FAILED,0,,,,,,,9.83,ROT_RIGHT,waypoint,-9.9241,-9.9241,2.0373,2.7818,3.9567
2026-09-06T15:36:36.961,178821.312000,1892,FAILED,FAILED,0,,,,,,,9.83,ROT_RIGHT,waypoint,-9.9241,-9.9241,2.0373,2.7818,3.9567
2026-09-06T15:36:37.156,178821.515000,1894,FAILED,FAILED,0,,,,,,,8.99,ROT_RIGHT,waypoint,-9.9241,-9.9241,2.0373,2.7818,3.9567
2026-09-06T15:36:37.362,178821.718000,1896,FAILED,FAILED,0,,,,,,,8.99,ROT_RIGHT,waypoint,-9.9241,-9.9241,2.0373,2.7818,3.9567
2026-09-06T15:36:37.586,178821.937000,1898,FAILED,FAILED,0,,,,,,,9.22,ROT_RIGHT,waypoint,-9.9241,-9.9241,2.0373,2.7818,3.9567
2026-09-06T15:36:37.786,178822.140000,1900,FAILED,FAILED,0,,,,,,,9.22,ROT_RIGHT,waypoint,-9.9241,-9.9241,2.0373,2.7818,3.9567
2026-09-06T15:36:37.891,178822.250000,1901,FAILED,FAILED,0,,,,,,,9.22,ROT_RIGHT,waypoint,-9.9241,-9.9241,2.0373,2.7818,3.9567
2026-09-06T15:36:38.097,178822.453000,1903,FAILED,FAILED,0,,,,,,,9.82,ROT_RIGHT,waypoint,-9.9241,-9.9241,2.0373,2.7818,3.9567
2026-09-06T15:36:38.295,178822.640000,1905,FAILED,FAILED,0,,,,,,,9.82,ROT_RIGHT,waypoint,-9.9241,-9.9241,2.0373,2.7818,3.9567
2026-09-06T15:36:38.395,178822.750000,1906,FAILED,FAILED,0,,,,,,,9.82,ROT_RIGHT,waypoint,-9.9241,-9.9241,2.0373,2.7818,3.9567
2026-09-06T15:36:38.500,178822.859000,1907,FAILED,FAILED,0,,,,,,,9.82,ROT_RIGHT,waypoint,-9.9241,-9.9241,2.0373,2.7818,3.9567
2026-09-06T15:36:38.613,178822.968000,1908,FAILED,FAILED,0,,,,,,,9.65,ROT_RIGHT,waypoint,-9.9241,-9.9241,2.0373,2.7818,3.9567
2026-09-06T15:36:38.728,178823.078000,1909,FAILED,FAILED,0,,,,,,,9.65,ROT_RIGHT,waypoint,-9.9241,-9.9241,2.0373,2.7818,3.9567
2026-09-06T15:36:38.928,178823.281000,1911,FAILED,FAILED,0,,,,,,,9.65,ROT_RIGHT,waypoint,-9.9241,-9.9241,2.0373,2.7818,3.9567
2026-09-06T15:36:39.064,178823.421000,1912,FAILED,FAILED,0,,,,,,,9.65,ROT_RIGHT,waypoint,-9.9241,-9.9241,2.0373,2.7818,3.9567
2026-09-06T15:36:39.277,178823.625000,1914,FAILED,FAILED,0,,,,,,,9.08,ROT_RIGHT,waypoint,-9.9241,-9.9241,2.0373,2.7818,3.9567
2026-09-06T15:36:39.479,178823.828000,1916,FAILED,FAILED,0,,,,,,,9.08,ROT_RIGHT,waypoint,-9.9241,-9.9241,2.0373,2.7818,3.9567
2026-09-06T15:36:39.608,178823.953000,1917,FAILED,FAILED,0,,,,,,,9.08,ROT_RIGHT,waypoint,-9.9241,-9.9241,2.0373,2.7818,3.9567
2026-09-06T15:36:39.711,178824.062000,1918,FAILED,FAILED,0,,,,,,,9.17,ROT_RIGHT,waypoint,-9.9241,-9.9241,2.0373,2.7818,3.9567
2026-09-06T15:36:39.914,178824.265000,1920,FAILED,FAILED,0,,,,,,,9.17,ROT_RIGHT,waypoint,-9.9241,-9.9241,2.0373,2.7818,3.9567
2026-09-06T15:36:40.017,178824.375000,1921,FAILED,FAILED,0,,,,,,,9.17,ROT_RIGHT,waypoint,-9.9241,-9.9241,2.0373,2.7818,3.9567
2026-09-06T15:36:40.216,178824.562000,1923,FAILED,FAILED,0,,,,,,,9.86,ROT_RIGHT,waypoint,-9.9241,-9.9241,2.0373,2.7818,3.9567
2026-09-06T15:36:40.320,178824.671000,1924,FAILED,FAILED,0,,,,,,,9.86,ROT_RIGHT,waypoint,-9.9241,-9.9241,2.0373,2.7818,3.9567
2026-09-06T15:36:40.520,178824.875000,1926,FAILED,FAILED,0,,,,,,,9.86,ROT_RIGHT,waypoint,-9.9241,-9.9241,2.0373,2.7818,3.9567
2026-09-06T15:36:40.631,178824.984000,1927,FAILED,FAILED,0,,,,,,,9.86,ROT_RIGHT,waypoint,-9.9241,-9.9241,2.0373,2.7818,3.9567
2026-09-06T15:36:40.741,178825.093000,1928,FAILED,FAILED,0,,,,,,,9.52,ROT_RIGHT,waypoint,-9.9241,-9.9241,2.0373,2.7818,3.9567
2026-09-06T15:36:40.879,178825.234000,1929,FAILED,FAILED,0,,,,,,,9.52,ROT_RIGHT,waypoint,-9.9241,-9.9241,2.0373,2.7818,3.9567
2026-09-06T15:36:41.083,178825.437000,1931,FAILED,FAILED,0,,,,,,,9.52,ROT_RIGHT,waypoint,-9.9241,-9.9241,2.0373,2.7818,3.9567
2026-09-06T15:36:41.314,178825.671000,1933,FAILED,FAILED,0,,,,,,,8.75,ROT_RIGHT,waypoint,-9.9241,-9.9241,2.0373,2.7818,3.9567
2026-09-06T15:36:41.438,178825.796000,1934,FAILED,FAILED,0,,,,,,,8.75,ROT_RIGHT,waypoint,-9.9241,-9.9241,2.0373,2.7818,3.9567
2026-09-06T15:36:41.591,178825.937000,1935,FAILED,FAILED,0,,,,,,,8.75,ROT_RIGHT,waypoint,-9.9241,-9.9241,2.0373,2.7818,3.9567
2026-09-06T15:36:41.717,178826.062000,1936,FAILED,FAILED,0,,,,,,,8.75,ROT_RIGHT,waypoint,-9.9241,-9.9241,2.0373,2.7818,3.9567
2026-09-06T15:36:41.830,178826.187000,1937,FAILED,FAILED,0,,,,,,,7.73,ROT_RIGHT,waypoint,-9.9241,-9.9241,2.0373,2.7818,3.9567
2026-09-06T15:36:41.956,178826.312000,1938,FAILED,FAILED,0,,,,,,,7.73,ROT_RIGHT,waypoint,-9.9241,-9.9241,2.0373,2.7818,3.9567
2026-09-06T15:36:42.078,178826.437000,1939,FAILED,FAILED,0,,,,,,,7.73,ROT_RIGHT,waypoint,-9.9241,-9.9241,2.0373,2.7818,3.9567
2026-09-06T15:36:42.195,178826.546000,1940,FAILED,FAILED,0,,,,,,,7.73,ROT_RIGHT,waypoint,-9.9241,-9.9241,2.0373,2.7818,3.9567
2026-09-06T15:36:42.325,178826.671000,1941,FAILED,FAILED,0,,,,,,,7.73,ROT_RIGHT,waypoint,-9.9241,-9.9241,2.0373,2.7818,3.9567
2026-09-06T15:36:42.425,178826.781000,1942,FAILED,FAILED,0,,,,,,,8.41,ROT_RIGHT,waypoint,-9.9241,-9.9241,2.0373,2.7818,3.9567
2026-09-06T15:36:42.645,178827.000000,1944,FAILED,FAILED,0,,,,,,,8.41,ROT_RIGHT,waypoint,-9.9241,-9.9241,2.0373,2.7818,3.9567
2026-09-06T15:36:42.753,178827.109000,1945,FAILED,FAILED,0,,,,,,,8.41,ROT_RIGHT,waypoint,-9.9241,-9.9241,2.0373,2.7818,3.9567
2026-09-06T15:36:42.948,178827.296000,1947,FAILED,FAILED,0,,,,,,,9.56,ROT_RIGHT,waypoint,-9.9241,-9.9241,2.0373,2.7818,3.9567
2026-09-06T15:36:43.149,178827.500000,1949,FAILED,FAILED,0,,,,,,,9.56,ROT_RIGHT,waypoint,-9.9241,-9.9241,2.0373,2.7818,3.9567
2026-09-06T15:36:43.350,178827.703000,1951,FAILED,FAILED,0,,,,,,,9.56,ROT_RIGHT,waypoint,-9.9241,-9.9241,2.0373,2.7818,3.9567
2026-09-06T15:36:43.462,178827.812000,1952,FAILED,FAILED,0,,,,,,,9.73,ROT_RIGHT,waypoint,-9.9241,-9.9241,2.0373,2.7818,3.9567
2026-09-06T15:36:43.594,178827.953000,1953,FAILED,FAILED,0,,,,,,,9.73,ROT_RIGHT,waypoint,-9.9241,-9.9241,2.0373,2.7818,3.9567
2026-09-06T15:36:43.706,178828.062000,1954,FAILED,FAILED,0,,,,,,,9.73,ROT_RIGHT,waypoint,-9.9241,-9.9241,2.0373,2.7818,3.9567
2026-09-06T15:36:43.918,178828.265000,1956,FAILED,FAILED,0,,,,,,,9.73,ROT_RIGHT,waypoint,-9.9241,-9.9241,2.0373,2.7818,3.9567
2026-09-06T15:36:44.029,178828.375000,1957,FAILED,FAILED,0,,,,,,,8.90,ROT_RIGHT,waypoint,-9.9241,-9.9241,2.0373,2.7818,3.9567
2026-09-06T15:36:44.129,178828.484000,1958,FAILED,FAILED,0,,,,,,,8.90,ROT_RIGHT,waypoint,-9.9241,-9.9241,2.0373,2.7818,3.9567
2026-09-06T15:36:44.331,178828.687000,1960,FAILED,FAILED,0,,,,,,,8.90,ROT_RIGHT,waypoint,-9.9241,-9.9241,2.0373,2.7818,3.9567
2026-09-06T15:36:44.531,178828.890000,1962,FAILED,FAILED,0,,,,,,,9.84,ROT_RIGHT,waypoint,-9.9241,-9.9241,2.0373,2.7818,3.9567
2026-09-06T15:36:44.644,178829.000000,1963,FAILED,FAILED,0,,,,,,,9.84,ROT_RIGHT,waypoint,-9.9241,-9.9241,2.0373,2.7818,3.9567
2026-09-06T15:36:44.845,178829.203000,1965,FAILED,FAILED,0,,,,,,,9.84,ROT_RIGHT,waypoint,-9.9241,-9.9241,2.0373,2.7818,3.9567
2026-09-06T15:36:45.047,178829.406000,1967,FAILED,FAILED,0,,,,,,,9.97,ROT_RIGHT,waypoint,-9.9241,-9.9241,2.0373,2.7818,3.9567
2026-09-06T15:36:45.246,178829.593000,1969,FAILED,FAILED,0,,,,,,,9.97,ROT_RIGHT,waypoint,-9.9241,-9.9241,2.0373,2.7818,3.9567
2026-09-06T15:36:45.355,178829.703000,1970,FAILED,FAILED,0,,,,,,,9.97,ROT_RIGHT,waypoint,-9.9241,-9.9241,2.0373,2.7818,3.9567
2026-09-06T15:36:45.581,178829.937000,1972,FAILED,FAILED,0,,,,,,,9.30,ROT_RIGHT,waypoint,-9.9241,-9.9241,2.0373,2.7818,3.9567
2026-09-06T15:36:45.817,178830.171000,1974,FAILED,FAILED,0,,,,,,,9.30,ROT_RIGHT,waypoint,-9.9241,-9.9241,2.0373,2.7818,3.9567
2026-09-06T15:36:45.937,178830.296000,1975,FAILED,FAILED,0,,,,,,,9.30,ROT_RIGHT,waypoint,-9.9241,-9.9241,2.0373,2.7818,3.9567
2026-09-06T15:36:46.150,178830.500000,1977,FAILED,FAILED,0,,,,,,,8.64,ROT_RIGHT,waypoint,-9.9241,-9.9241,2.0373,2.7818,3.9567
2026-09-06T15:36:46.250,178830.609000,1978,FAILED,FAILED,0,,,,,,,8.64,ROT_RIGHT,waypoint,-9.9241,-9.9241,2.0373,2.7818,3.9567
2026-09-06T15:36:46.363,178830.718000,1979,FAILED,FAILED,0,,,,,,,8.64,ROT_RIGHT,waypoint,-9.9241,-9.9241,2.0373,2.7818,3.9567
2026-09-06T15:36:46.586,178830.937000,1981,FAILED,FAILED,0,,,,,,,8.64,ROT_RIGHT,waypoint,-9.9241,-9.9241,2.0373,2.7818,3.9567
2026-09-06T15:36:46.703,178831.062000,1982,FAILED,FAILED,0,,,,,,,9.14,ROT_RIGHT,waypoint,-9.9241,-9.9241,2.0373,2.7818,3.9567
2026-09-06T15:36:46.832,178831.187000,1983,FAILED,FAILED,0,,,,,,,9.14,ROT_RIGHT,waypoint,-9.9241,-9.9241,2.0373,2.7818,3.9567
2026-09-06T15:36:46.950,178831.296000,1984,FAILED,FAILED,0,,,,,,,9.14,ROT_RIGHT,waypoint,-9.9241,-9.9241,2.0373,2.7818,3.9567
2026-09-06T15:36:47.051,178831.406000,1985,FAILED,FAILED,0,,,,,,,9.14,ROT_RIGHT,waypoint,-9.9241,-9.9241,2.0373,2.7818,3.9567
2026-09-06T15:36:47.246,178831.593000,1987,FAILED,FAILED,0,,,,,,,9.10,ROT_RIGHT,waypoint,-9.9241,-9.9241,2.0373,2.7818,3.9567
2026-09-06T15:36:47.456,178831.812000,1989,FAILED,FAILED,0,,,,,,,9.10,ROT_RIGHT,waypoint,-9.9241,-9.9241,2.0373,2.7818,3.9567
2026-09-06T15:36:47.603,178831.953000,1990,FAILED,FAILED,0,,,,,,,9.10,ROT_RIGHT,waypoint,-9.9241,-9.9241,2.0373,2.7818,3.9567
2026-09-06T15:36:47.713,178832.062000,1991,FAILED,FAILED,0,,,,,,,9.10,ROT_RIGHT,waypoint,-9.9241,-9.9241,2.0373,2.7818,3.9567
2026-09-06T15:36:47.816,178832.171000,1992,FAILED,FAILED,0,,,,,,,8.90,ROT_RIGHT,waypoint,-9.9241,-9.9241,2.0373,2.7818,3.9567
2026-09-06T15:36:47.954,178832.312000,1993,FAILED,FAILED,0,,,,,,,8.90,ROT_RIGHT,waypoint,-9.9241,-9.9241,2.0373,2.7818,3.9567
2026-09-06T15:36:48.071,178832.421000,1994,FAILED,FAILED,0,,,,,,,8.90,ROT_RIGHT,waypoint,-9.9241,-9.9241,2.0373,2.7818,3.9567
2026-09-06T15:36:48.175,178832.531000,1995,FAILED,FAILED,0,,,,,,,8.90,ROT_RIGHT,waypoint,-9.9241,-9.9241,2.0373,2.7818,3.9567
2026-09-06T15:36:48.379,178832.734000,1997,FAILED,FAILED,0,,,,,,,8.82,ROT_RIGHT,waypoint,-9.9241,-9.9241,2.0373,2.7818,3.9567
2026-09-06T15:36:48.608,178832.953000,1999,FAILED,FAILED,0,,,,,,,8.82,ROT_RIGHT,waypoint,-9.9241,-9.9241,2.0373,2.7818,3.9567
2026-09-06T15:36:48.717,178833.062000,2000,FAILED,FAILED,0,,,,,,,8.82,ROT_RIGHT,waypoint,-9.9241,-9.9241,2.0373,2.7818,3.9567
2026-09-06T15:36:48.949,178833.296000,2002,FAILED,FAILED,0,,,,,,,8.81,ROT_RIGHT,waypoint,-9.9241,-9.9241,2.0373,2.7818,3.9567
2026-09-06T15:36:49.143,178833.500000,2004,FAILED,FAILED,0,,,,,,,8.81,ROT_RIGHT,waypoint,-9.9241,-9.9241,2.0373,2.7818,3.9567
2026-09-06T15:36:49.262,178833.609000,2005,FAILED,FAILED,0,,,,,,,8.81,ROT_RIGHT,waypoint,-9.9241,-9.9241,2.0373,2.7818,3.9567
2026-09-06T15:36:49.363,178833.718000,2006,FAILED,FAILED,0,,,,,,,8.81,ROT_RIGHT,waypoint,-9.9241,-9.9241,2.0373,2.7818,3.9567
2026-09-06T15:36:49.588,178833.937000,2008,FAILED,FAILED,0,,,,,,,9.60,ROT_RIGHT,waypoint,-9.9241,-9.9241,2.0373,2.7818,3.9567
2026-09-06T15:36:49.697,178834.046000,2009,FAILED,FAILED,0,,,,,,,9.60,ROT_RIGHT,waypoint,-9.9241,-9.9241,2.0373,2.7818,3.9567
2026-09-06T15:36:49.801,178834.156000,2010,FAILED,FAILED,0,,,,,,,9.60,ROT_RIGHT,waypoint,-9.9241,-9.9241,2.0373,2.7818,3.9567
2026-09-06T15:36:50.018,178834.375000,2012,FAILED,FAILED,0,,,,,,,9.13,ROT_RIGHT,waypoint,-9.9241,-9.9241,2.0373,2.7818,3.9567
2026-09-06T15:36:50.126,178834.484000,2013,FAILED,FAILED,0,,,,,,,9.13,ROT_RIGHT,waypoint,-9.9241,-9.9241,2.0373,2.7818,3.9567
2026-09-06T15:36:50.244,178834.593000,2014,FAILED,FAILED,0,,,,,,,9.13,ROT_RIGHT,waypoint,-9.9241,-9.9241,2.0373,2.7818,3.9567
2026-09-06T15:36:50.351,178834.703000,2015,FAILED,FAILED,0,,,,,,,9.13,ROT_RIGHT,waypoint,-9.9241,-9.9241,2.0373,2.7818,3.9567
2026-09-06T15:36:50.461,178834.812000,2016,FAILED,FAILED,0,,,,,,,9.13,ROT_RIGHT,waypoint,-9.9241,-9.9241,2.0373,2.7818,3.9567
2026-09-06T15:36:50.587,178834.937000,2017,FAILED,FAILED,0,,,,,,,8.78,ROT_RIGHT,waypoint,-9.9241,-9.9241,2.0373,2.7818,3.9567
2026-09-06T15:36:50.790,178835.140000,2019,FAILED,FAILED,0,,,,,,,8.78,ROT_RIGHT,waypoint,-9.9241,-9.9241,2.0373,2.7818,3.9567
2026-09-06T15:36:50.893,178835.250000,2020,FAILED,FAILED,0,,,,,,,8.78,ROT_RIGHT,waypoint,-9.9241,-9.9241,2.0373,2.7818,3.9567
2026-09-06T15:36:51.090,178835.437000,2022,FAILED,FAILED,0,,,,,,,9.82,ROT_RIGHT,waypoint,-9.9241,-9.9241,2.0373,2.7818,3.9567
2026-09-06T15:36:51.197,178835.546000,2023,FAILED,FAILED,0,,,,,,,9.82,ROT_RIGHT,waypoint,-9.9241,-9.9241,2.0373,2.7818,3.9567
2026-09-06T15:36:51.297,178835.656000,2024,FAILED,FAILED,0,,,,,,,9.82,ROT_RIGHT,waypoint,-9.9241,-9.9241,2.0373,2.7818,3.9567
2026-09-06T15:36:51.512,178835.859000,2026,FAILED,FAILED,0,,,,,,,9.82,ROT_RIGHT,waypoint,-9.9241,-9.9241,2.0373,2.7818,3.9567
2026-09-06T15:36:51.639,178835.984000,2027,FAILED,FAILED,0,,,,,,,9.09,ROT_RIGHT,waypoint,-9.9241,-9.9241,2.0373,2.7818,3.9567
2026-09-06T15:36:51.752,178836.109000,2028,FAILED,FAILED,0,,,,,,,9.09,ROT_RIGHT,waypoint,-9.9241,-9.9241,2.0373,2.7818,3.9567
2026-09-06T15:36:51.965,178836.312000,2030,FAILED,FAILED,0,,,,,,,9.09,ROT_RIGHT,waypoint,-9.9241,-9.9241,2.0373,2.7818,3.9567
2026-09-06T15:36:52.063,178836.421000,2031,FAILED,FAILED,0,,,,,,,9.09,ROT_RIGHT,waypoint,-9.9241,-9.9241,2.0373,2.7818,3.9567
2026-09-06T15:36:52.179,178836.531000,2032,FAILED,FAILED,0,,,,,,,9.33,ROT_RIGHT,waypoint,-9.9241,-9.9241,2.0373,2.7818,3.9567
2026-09-06T15:36:52.289,178836.640000,2033,FAILED,FAILED,0,,,,,,,9.33,ROT_RIGHT,waypoint,-9.9241,-9.9241,2.0373,2.7818,3.9567
2026-09-06T15:36:52.401,178836.750000,2034,FAILED,FAILED,0,,,,,,,9.33,ROT_RIGHT,waypoint,-9.9241,-9.9241,2.0373,2.7818,3.9567
2026-09-06T15:36:52.517,178836.875000,2035,FAILED,FAILED,0,,,,,,,9.33,ROT_RIGHT,waypoint,-9.9241,-9.9241,2.0373,2.7818,3.9567
2026-09-06T15:36:52.633,178836.984000,2036,FAILED,FAILED,0,,,,,,,9.33,ROT_RIGHT,waypoint,-9.9241,-9.9241,2.0373,2.7818,3.9567
2026-09-06T15:36:52.735,178837.093000,2037,FAILED,FAILED,0,,,,,,,8.93,ROT_RIGHT,waypoint,-9.9241,-9.9241,2.0373,2.7818,3.9567
2026-09-06T15:36:52.951,178837.296000,2039,FAILED,FAILED,0,,,,,,,8.93,ROT_RIGHT,waypoint,-9.9241,-9.9241,2.0373,2.7818,3.9567
2026-09-06T15:36:53.058,178837.406000,2040,FAILED,FAILED,0,,,,,,,8.93,ROT_RIGHT,waypoint,-9.9241,-9.9241,2.0373,2.7818,3.9567
2026-09-06T15:36:53.166,178837.515000,2041,FAILED,FAILED,0,,,,,,,8.93,ROT_RIGHT,waypoint,-9.9241,-9.9241,2.0373,2.7818,3.9567
2026-09-06T15:36:53.276,178837.625000,2042,FAILED,FAILED,0,,,,,,,9.31,ROT_RIGHT,waypoint,-9.9241,-9.9241,2.0373,2.7818,3.9567
2026-09-06T15:36:53.392,178837.750000,2043,FAILED,FAILED,0,,,,,,,9.31,ROT_RIGHT,waypoint,-9.9241,-9.9241,2.0373,2.7818,3.9567
2026-09-06T15:36:53.513,178837.859000,2044,FAILED,FAILED,0,,,,,,,9.31,ROT_RIGHT,waypoint,-9.9241,-9.9241,2.0373,2.7818,3.9567
2026-09-06T15:36:53.618,178837.968000,2045,FAILED,FAILED,0,,,,,,,9.31,ROT_RIGHT,waypoint,-9.9241,-9.9241,2.0373,2.7818,3.9567
2026-09-06T15:36:53.728,178838.078000,2046,FAILED,FAILED,0,,,,,,,9.31,ROT_RIGHT,waypoint,-9.9241,-9.9241,2.0373,2.7818,3.9567
2026-09-06T15:36:53.842,178838.187000,2047,FAILED,FAILED,0,,,,,,,8.80,ROT_RIGHT,waypoint,-9.9241,-9.9241,2.0373,2.7818,3.9567
2026-09-06T15:36:53.952,178838.296000,2048,FAILED,FAILED,0,,,,,,,8.80,ROT_RIGHT,waypoint,-9.9241,-9.9241,2.0373,2.7818,3.9567
2026-09-06T15:36:54.052,178838.406000,2049,FAILED,FAILED,0,,,,,,,8.80,ROT_RIGHT,waypoint,-9.9241,-9.9241,2.0373,2.7818,3.9567
2026-09-06T15:36:54.248,178838.593000,2051,FAILED,FAILED,0,,,,,,,8.80,ROT_RIGHT,waypoint,-9.9241,-9.9241,2.0373,2.7818,3.9567
2026-09-06T15:36:54.352,178838.703000,2052,FAILED,FAILED,0,,,,,,,8.80,ROT_RIGHT,waypoint,-9.9241,-9.9241,2.0373,2.7818,3.9567
2026-09-06T15:36:54.457,178838.812000,2053,FAILED,FAILED,0,,,,,,,9.78,ROT_RIGHT,waypoint,-9.9241,-9.9241,2.0373,2.7818,3.9567
2026-09-06T15:36:54.579,178838.937000,2054,FAILED,FAILED,0,,,,,,,9.78,ROT_RIGHT,waypoint,-9.9241,-9.9241,2.0373,2.7818,3.9567
2026-09-06T15:36:54.718,178839.078000,2055,FAILED,FAILED,0,,,,,,,9.78,ROT_RIGHT,waypoint,-9.9241,-9.9241,2.0373,2.7818,3.9567
2026-09-06T15:36:54.831,178839.187000,2056,FAILED,FAILED,0,,,,,,,9.78,ROT_RIGHT,waypoint,-9.9241,-9.9241,2.0373,2.7818,3.9567
2026-09-06T15:36:54.981,178839.328000,2057,FAILED,FAILED,0,,,,,,,7.73,ROT_RIGHT,waypoint,-9.9241,-9.9241,2.0373,2.7818,3.9567
2026-09-06T15:36:55.088,178839.437000,2058,FAILED,FAILED,0,,,,,,,7.73,ROT_RIGHT,waypoint,-9.9241,-9.9241,2.0373,2.7818,3.9567
2026-09-06T15:36:55.188,178839.546000,2059,FAILED,FAILED,0,,,,,,,7.73,ROT_RIGHT,waypoint,-9.9241,-9.9241,2.0373,2.7818,3.9567
2026-09-06T15:36:55.298,178839.656000,2060,FAILED,FAILED,0,,,,,,,7.73,ROT_RIGHT,waypoint,-9.9241,-9.9241,2.0373,2.7818,3.9567
2026-09-06T15:36:55.513,178839.859000,2062,FAILED,FAILED,0,,,,,,,9.31,ROT_RIGHT,waypoint,-9.9241,-9.9241,2.0373,2.7818,3.9567
2026-09-06T15:36:55.675,178840.031000,2063,FAILED,FAILED,0,,,,,,,9.31,ROT_RIGHT,waypoint,-9.9241,-9.9241,2.0373,2.7818,3.9567
2026-09-06T15:36:55.792,178840.140000,2064,FAILED,FAILED,0,,,,,,,9.31,ROT_RIGHT,waypoint,-9.9241,-9.9241,2.0373,2.7818,3.9567
2026-09-06T15:36:55.909,178840.265000,2065,FAILED,FAILED,0,,,,,,,9.31,ROT_RIGHT,waypoint,-9.9241,-9.9241,2.0373,2.7818,3.9567
2026-09-06T15:36:56.025,178840.375000,2066,FAILED,FAILED,0,,,,,,,7.80,ROT_RIGHT,waypoint,-9.9241,-9.9241,2.0373,2.7818,3.9567
2026-09-06T15:36:56.151,178840.500000,2067,FAILED,FAILED,0,,,,,,,7.80,ROT_RIGHT,waypoint,-9.9241,-9.9241,2.0373,2.7818,3.9567
2026-09-06T15:36:56.256,178840.609000,2068,FAILED,FAILED,0,,,,,,,7.80,ROT_RIGHT,waypoint,-9.9241,-9.9241,2.0373,2.7818,3.9567
2026-09-06T15:36:56.384,178840.734000,2069,FAILED,FAILED,0,,,,,,,7.80,ROT_RIGHT,waypoint,-9.9241,-9.9241,2.0373,2.7818,3.9567
2026-09-06T15:36:56.562,178840.921000,2070,FAILED,FAILED,0,,,,,,,7.46,ROT_RIGHT,waypoint,-9.9241,-9.9241,2.0373,2.7818,3.9567
2026-09-06T15:36:56.685,178841.031000,2071,FAILED,FAILED,0,,,,,,,7.46,ROT_RIGHT,waypoint,-9.9241,-9.9241,2.0373,2.7818,3.9567
2026-09-06T15:36:56.800,178841.156000,2072,FAILED,FAILED,0,,,,,,,7.46,ROT_RIGHT,waypoint,-9.9241,-9.9241,2.0373,2.7818,3.9567
2026-09-06T15:36:56.937,178841.296000,2073,FAILED,FAILED,0,,,,,,,7.46,ROT_RIGHT,waypoint,-9.9241,-9.9241,2.0373,2.7818,3.9567
2026-09-06T15:36:57.054,178841.406000,2074,FAILED,FAILED,0,,,,,,,7.46,ROT_RIGHT,waypoint,-9.9241,-9.9241,2.0373,2.7818,3.9567
2026-09-06T15:36:57.183,178841.531000,2075,FAILED,FAILED,0,,,,,,,8.04,ROT_RIGHT,waypoint,-9.9241,-9.9241,2.0373,2.7818,3.9567
2026-09-06T15:36:57.308,178841.656000,2076,FAILED,FAILED,0,,,,,,,8.04,ROT_RIGHT,waypoint,-9.9241,-9.9241,2.0373,2.7818,3.9567
2026-09-06T15:36:57.441,178841.796000,2077,FAILED,FAILED,0,,,,,,,8.04,ROT_RIGHT,waypoint,-9.9241,-9.9241,2.0373,2.7818,3.9567
2026-09-06T15:36:57.555,178841.906000,2078,FAILED,FAILED,0,,,,,,,8.04,ROT_RIGHT,waypoint,-9.9241,-9.9241,2.0373,2.7818,3.9567
2026-09-06T15:36:57.664,178842.015000,2079,FAILED,FAILED,0,,,,,,,8.04,ROT_RIGHT,waypoint,-9.9241,-9.9241,2.0373,2.7818,3.9567
2026-09-06T15:36:57.774,178842.125000,2080,FAILED,FAILED,0,,,,,,,8.53,ROT_RIGHT,waypoint,-9.9241,-9.9241,2.0373,2.7818,3.9567
2026-09-06T15:36:57.876,178842.234000,2081,FAILED,FAILED,0,,,,,,,8.53,ROT_RIGHT,waypoint,-9.9241,-9.9241,2.0373,2.7818,3.9567
2026-09-06T15:36:57.992,178842.343000,2082,FAILED,FAILED,0,,,,,,,8.53,ROT_RIGHT,waypoint,-9.9241,-9.9241,2.0373,2.7818,3.9567
2026-09-06T15:36:58.245,178842.593000,2084,FAILED,FAILED,0,,,,,,,8.53,ROT_RIGHT,waypoint,-9.9241,-9.9241,2.0373,2.7818,3.9567
2026-09-06T15:36:58.356,178842.703000,2085,FAILED,FAILED,0,,,,,,,8.51,ROT_RIGHT,waypoint,-9.9241,-9.9241,2.0373,2.7818,3.9567
2026-09-06T15:36:58.460,178842.812000,2086,FAILED,FAILED,0,,,,,,,8.51,ROT_RIGHT,waypoint,-9.9241,-9.9241,2.0373,2.7818,3.9567
2026-09-06T15:36:58.588,178842.937000,2087,FAILED,FAILED,0,,,,,,,8.51,ROT_RIGHT,waypoint,-9.9241,-9.9241,2.0373,2.7818,3.9567
2026-09-06T15:36:58.703,178843.062000,2088,FAILED,FAILED,0,,,,,,,8.51,ROT_RIGHT,waypoint,-9.9241,-9.9241,2.0373,2.7818,3.9567
2026-09-06T15:36:58.819,178843.171000,2089,FAILED,FAILED,0,,,,,,,8.51,ROT_RIGHT,waypoint,-9.9241,-9.9241,2.0373,2.7818,3.9567
2026-09-06T15:36:58.925,178843.281000,2090,FAILED,FAILED,0,,,,,,,8.81,ROT_RIGHT,waypoint,-9.9241,-9.9241,2.0373,2.7818,3.9567
2026-09-06T15:36:59.154,178843.500000,2092,FAILED,FAILED,0,,,,,,,8.81,ROT_RIGHT,waypoint,-9.9241,-9.9241,2.0373,2.7818,3.9567
2026-09-06T15:36:59.274,178843.625000,2093,FAILED,FAILED,0,,,,,,,8.81,ROT_RIGHT,waypoint,-9.9241,-9.9241,2.0373,2.7818,3.9567
2026-09-06T15:36:59.390,178843.734000,2094,FAILED,FAILED,0,,,,,,,8.81,ROT_RIGHT,waypoint,-9.9241,-9.9241,2.0373,2.7818,3.9567
2026-09-06T15:36:59.508,178843.859000,2095,FAILED,FAILED,0,,,,,,,8.61,ROT_RIGHT,waypoint,-9.9241,-9.9241,2.0373,2.7818,3.9567
2026-09-06T15:36:59.638,178843.984000,2096,FAILED,FAILED,0,,,,,,,8.61,ROT_RIGHT,waypoint,-9.9241,-9.9241,2.0373,2.7818,3.9567
2026-09-06T15:36:59.761,178844.109000,2097,FAILED,FAILED,0,,,,,,,8.61,ROT_RIGHT,waypoint,-9.9241,-9.9241,2.0373,2.7818,3.9567
2026-09-06T15:36:59.881,178844.234000,2098,FAILED,FAILED,0,,,,,,,8.61,ROT_RIGHT,waypoint,-9.9241,-9.9241,2.0373,2.7818,3.9567
2026-09-06T15:37:00.032,178844.390000,2099,FAILED,FAILED,0,,,,,,,7.54,ROT_RIGHT,waypoint,-9.9241,-9.9241,2.0373,2.7818,3.9567
2026-09-06T15:37:00.185,178844.531000,2100,FAILED,FAILED,0,,,,,,,7.54,ROT_RIGHT,waypoint,-9.9241,-9.9241,2.0373,2.7818,3.9567
2026-09-06T15:37:00.330,178844.687000,2101,FAILED,FAILED,0,,,,,,,7.54,ROT_RIGHT,waypoint,-9.9241,-9.9241,2.0373,2.7818,3.9567
2026-09-06T15:37:00.468,178844.812000,2102,FAILED,FAILED,0,,,,,,,7.54,ROT_RIGHT,waypoint,-9.9241,-9.9241,2.0373,2.7818,3.9567
2026-09-06T15:37:00.591,178844.937000,2103,FAILED,FAILED,0,,,,,,,7.15,ROT_RIGHT,waypoint,-9.9241,-9.9241,2.0373,2.7818,3.9567
2026-09-06T15:37:00.722,178845.078000,2104,FAILED,FAILED,0,,,,,,,7.15,ROT_RIGHT,waypoint,-9.9241,-9.9241,2.0373,2.7818,3.9567
2026-09-06T15:37:00.844,178845.203000,2105,FAILED,FAILED,0,,,,,,,7.15,ROT_RIGHT,waypoint,-9.9241,-9.9241,2.0373,2.7818,3.9567
2026-09-06T15:37:00.973,178845.328000,2106,FAILED,FAILED,0,,,,,,,7.15,ROT_RIGHT,waypoint,-9.9241,-9.9241,2.0373,2.7818,3.9567
2026-09-06T15:37:01.096,178845.453000,2107,FAILED,FAILED,0,,,,,,,7.15,ROT_RIGHT,waypoint,-9.9241,-9.9241,2.0373,2.7818,3.9567
2026-09-06T15:37:01.219,178845.578000,2108,FAILED,FAILED,0,,,,,,,8.15,ROT_RIGHT,waypoint,-9.9241,-9.9241,2.0373,2.7818,3.9567
2026-09-06T15:37:01.335,178845.687000,2109,FAILED,FAILED,0,,,,,,,8.15,ROT_RIGHT,waypoint,-9.9241,-9.9241,2.0373,2.7818,3.9567
2026-09-06T15:37:01.485,178845.843000,2110,FAILED,FAILED,0,,,,,,,8.15,ROT_RIGHT,waypoint,-9.9241,-9.9241,2.0373,2.7818,3.9567
2026-09-06T15:37:01.619,178845.968000,2111,FAILED,FAILED,0,,,,,,,8.15,ROT_RIGHT,waypoint,-9.9241,-9.9241,2.0373,2.7818,3.9567
2026-09-06T15:37:01.738,178846.093000,2112,FAILED,FAILED,0,,,,,,,7.63,ROT_RIGHT,waypoint,-9.9241,-9.9241,2.0373,2.7818,3.9567
2026-09-06T15:37:01.863,178846.218000,2113,FAILED,FAILED,0,,,,,,,7.63,ROT_RIGHT,waypoint,-9.9241,-9.9241,2.0373,2.7818,3.9567
2026-09-06T15:37:01.990,178846.343000,2114,FAILED,FAILED,0,,,,,,,7.63,ROT_RIGHT,waypoint,-9.9241,-9.9241,2.0373,2.7818,3.9567
2026-09-06T15:37:02.119,178846.468000,2115,FAILED,FAILED,0,,,,,,,7.63,ROT_RIGHT,waypoint,-9.9241,-9.9241,2.0373,2.7818,3.9567
2026-09-06T15:37:02.236,178846.593000,2116,FAILED,FAILED,0,,,,,,,8.00,ROT_RIGHT,waypoint,-9.9241,-9.9241,2.0373,2.7818,3.9567
2026-09-06T15:37:02.352,178846.703000,2117,FAILED,FAILED,0,,,,,,,8.00,ROT_RIGHT,waypoint,-9.9241,-9.9241,2.0373,2.7818,3.9567
2026-09-06T15:37:02.475,178846.828000,2118,FAILED,FAILED,0,,,,,,,8.00,ROT_RIGHT,waypoint,-9.9241,-9.9241,2.0373,2.7818,3.9567
2026-09-06T15:37:02.667,178847.015000,2119,FAILED,FAILED,0,,,,,,,8.00,ROT_RIGHT,waypoint,-9.9241,-9.9241,2.0373,2.7818,3.9567
2026-09-06T15:37:02.794,178847.140000,2120,FAILED,FAILED,0,,,,,,,7.15,ROT_RIGHT,waypoint,-9.9241,-9.9241,2.0373,2.7818,3.9567
2026-09-06T15:37:02.924,178847.281000,2121,FAILED,FAILED,0,,,,,,,7.15,ROT_RIGHT,waypoint,-9.9241,-9.9241,2.0373,2.7818,3.9567
2026-09-06T15:37:03.053,178847.406000,2122,FAILED,FAILED,0,,,,,,,7.15,ROT_RIGHT,waypoint,-9.9241,-9.9241,2.0373,2.7818,3.9567
2026-09-06T15:37:03.195,178847.546000,2123,FAILED,FAILED,0,,,,,,,7.15,ROT_RIGHT,waypoint,-9.9241,-9.9241,2.0373,2.7818,3.9567
2026-09-06T15:37:03.346,178847.703000,2124,FAILED,FAILED,0,,,,,,,7.31,ROT_RIGHT,waypoint,-9.9241,-9.9241,2.0373,2.7818,3.9567
2026-09-06T15:37:03.488,178847.843000,2125,FAILED,FAILED,0,,,,,,,7.31,ROT_RIGHT,waypoint,-9.9241,-9.9241,2.0373,2.7818,3.9567
2026-09-06T15:37:03.670,178848.015000,2126,FAILED,FAILED,0,,,,,,,7.31,ROT_RIGHT,waypoint,-9.9241,-9.9241,2.0373,2.7818,3.9567
2026-09-06T15:37:03.797,178848.156000,2127,FAILED,FAILED,0,,,,,,,7.31,ROT_RIGHT,waypoint,-9.9241,-9.9241,2.0373,2.7818,3.9567
2026-09-06T15:37:03.926,178848.281000,2128,FAILED,FAILED,0,,,,,,,6.85,ROT_RIGHT,waypoint,-9.9241,-9.9241,2.0373,2.7818,3.9567
2026-09-06T15:37:04.063,178848.421000,2129,FAILED,FAILED,0,,,,,,,6.85,ROT_RIGHT,waypoint,-9.9241,-9.9241,2.0373,2.7818,3.9567
2026-09-06T15:37:04.203,178848.562000,2130,FAILED,FAILED,0,,,,,,,6.85,ROT_RIGHT,waypoint,-9.9241,-9.9241,2.0373,2.7818,3.9567
2026-09-06T15:37:04.360,178848.718000,2131,FAILED,FAILED,0,,,,,,,6.85,ROT_RIGHT,waypoint,-9.9241,-9.9241,2.0373,2.7818,3.9567
2026-09-06T15:37:04.484,178848.843000,2132,FAILED,FAILED,0,,,,,,,7.20,ROT_RIGHT,waypoint,-9.9241,-9.9241,2.0373,2.7818,3.9567
2026-09-06T15:37:04.624,178848.968000,2133,FAILED,FAILED,0,,,,,,,7.20,ROT_RIGHT,waypoint,-9.9241,-9.9241,2.0373,2.7818,3.9567
2026-09-06T15:37:04.745,178849.093000,2134,FAILED,FAILED,0,,,,,,,7.20,ROT_RIGHT,waypoint,-9.9241,-9.9241,2.0373,2.7818,3.9567
2026-09-06T15:37:04.866,178849.218000,2135,FAILED,FAILED,0,,,,,,,7.20,ROT_RIGHT,waypoint,-9.9241,-9.9241,2.0373,2.7818,3.9567
2026-09-06T15:37:04.987,178849.343000,2136,FAILED,FAILED,0,,,,,,,7.82,ROT_RIGHT,waypoint,-9.9241,-9.9241,2.0373,2.7818,3.9567
2026-09-06T15:37:05.112,178849.468000,2137,FAILED,FAILED,0,,,,,,,7.82,ROT_RIGHT,waypoint,-9.9241,-9.9241,2.0373,2.7818,3.9567
2026-09-06T15:37:05.238,178849.593000,2138,FAILED,FAILED,0,,,,,,,7.82,ROT_RIGHT,waypoint,-9.9241,-9.9241,2.0373,2.7818,3.9567
2026-09-06T15:37:05.352,178849.703000,2139,FAILED,FAILED,0,,,,,,,7.82,ROT_RIGHT,waypoint,-9.9241,-9.9241,2.0373,2.7818,3.9567
2026-09-06T15:37:05.485,178849.843000,2140,FAILED,FAILED,0,,,,,,,7.82,ROT_RIGHT,waypoint,-9.9241,-9.9241,2.0373,2.7818,3.9567
2026-09-06T15:37:05.652,178850.000000,2141,FAILED,FAILED,0,,,,,,,7.66,ROT_RIGHT,waypoint,-9.9241,-9.9241,2.0373,2.7818,3.9567
2026-09-06T15:37:05.766,178850.125000,2142,FAILED,FAILED,0,,,,,,,7.66,ROT_RIGHT,waypoint,-9.9241,-9.9241,2.0373,2.7818,3.9567
2026-09-06T15:37:05.895,178850.250000,2143,FAILED,FAILED,0,,,,,,,7.66,ROT_RIGHT,waypoint,-9.9241,-9.9241,2.0373,2.7818,3.9567
2026-09-06T15:37:06.076,178850.421000,2145,FAILED,FAILED,0,,,,,,,7.66,ROT_RIGHT,waypoint,-9.9241,-9.9241,2.0373,2.7818,3.9567
2026-09-06T15:37:06.227,178850.578000,2147,FAILED,FAILED,0,,,,,,,9.80,ROT_RIGHT,waypoint,-9.9241,-9.9241,2.0373,2.7818,3.9567
2026-09-06T15:37:06.384,178850.734000,2149,FAILED,FAILED,0,,,,,,,9.80,ROT_RIGHT,waypoint,-9.9241,-9.9241,2.0373,2.7818,3.9567
2026-09-06T15:37:06.536,178850.890000,2151,FAILED,FAILED,0,,,,,,,9.80,ROT_RIGHT,waypoint,-9.9241,-9.9241,2.0373,2.7818,3.9567
2026-09-06T15:37:06.714,178851.062000,2153,FAILED,FAILED,0,,,,,,,12.45,ROT_RIGHT,waypoint,-9.9241,-9.9241,2.0373,2.7818,3.9567
2026-09-06T15:37:06.865,178851.218000,2155,FAILED,FAILED,0,,,,,,,12.45,ROT_RIGHT,waypoint,-9.9241,-9.9241,2.0373,2.7818,3.9567
2026-09-06T15:37:07.066,178851.421000,2157,FAILED,FAILED,0,,,,,,,12.45,ROT_RIGHT,waypoint,-9.9241,-9.9241,2.0373,2.7818,3.9567
2026-09-06T15:37:07.224,178851.578000,2159,FAILED,FAILED,0,,,,,,,11.72,ROT_RIGHT,waypoint,-9.9241,-9.9241,2.0373,2.7818,3.9567
2026-09-06T15:37:07.385,178851.734000,2161,FAILED,FAILED,0,,,,,,,11.72,ROT_RIGHT,waypoint,-9.9241,-9.9241,2.0373,2.7818,3.9567
2026-09-06T15:37:07.536,178851.890000,2163,FAILED,FAILED,0,,,,,,,11.72,ROT_RIGHT,waypoint,-9.9241,-9.9241,2.0373,2.7818,3.9567
2026-09-06T15:37:07.699,178852.046000,2165,FAILED,FAILED,0,,,,,,,11.72,ROT_RIGHT,waypoint,-9.9241,-9.9241,2.0373,2.7818,3.9567
2026-09-06T15:37:07.864,178852.218000,2167,FAILED,FAILED,0,,,,,,,12.85,ROT_RIGHT,waypoint,-9.9241,-9.9241,2.0373,2.7818,3.9567
2026-09-06T15:37:08.062,178852.421000,2169,FAILED,FAILED,0,,,,,,,12.85,ROT_RIGHT,waypoint,-9.9241,-9.9241,2.0373,2.7818,3.9567
2026-09-06T15:37:08.219,178852.578000,2171,FAILED,FAILED,0,,,,,,,12.85,ROT_RIGHT,waypoint,-9.9241,-9.9241,2.0373,2.7818,3.9567
2026-09-06T15:37:08.389,178852.734000,2173,FAILED,FAILED,0,,,,,,,11.24,ROT_RIGHT,waypoint,-9.9241,-9.9241,2.0373,2.7818,3.9567
2026-09-06T15:37:08.553,178852.906000,2175,FAILED,FAILED,0,,,,,,,11.24,ROT_RIGHT,waypoint,-9.9241,-9.9241,2.0373,2.7818,3.9567
2026-09-06T15:37:08.713,178853.062000,2177,FAILED,FAILED,0,,,,,,,11.24,ROT_RIGHT,waypoint,-9.9241,-9.9241,2.0373,2.7818,3.9567
2026-09-06T15:37:08.864,178853.218000,2179,FAILED,FAILED,0,,,,,,,12.69,ROT_RIGHT,waypoint,-9.9241,-9.9241,2.0373,2.7818,3.9567
2026-09-06T15:37:09.069,178853.421000,2181,FAILED,FAILED,0,,,,,,,12.69,ROT_RIGHT,waypoint,-9.9241,-9.9241,2.0373,2.7818,3.9567
2026-09-06T15:37:09.248,178853.593000,2183,FAILED,FAILED,0,,,,,,,12.69,ROT_RIGHT,waypoint,-9.9241,-9.9241,2.0373,2.7818,3.9567
2026-09-06T15:37:09.414,178853.765000,2185,FAILED,FAILED,0,,,,,,,10.82,ROT_RIGHT,waypoint,-9.9241,-9.9241,2.0373,2.7818,3.9567
2026-09-06T15:37:09.578,178853.937000,2187,FAILED,FAILED,0,,,,,,,10.82,ROT_RIGHT,waypoint,-9.9241,-9.9241,2.0373,2.7818,3.9567
2026-09-06T15:37:09.755,178854.109000,2189,FAILED,FAILED,0,,,,,,,10.82,ROT_RIGHT,waypoint,-9.9241,-9.9241,2.0373,2.7818,3.9567
2026-09-06T15:37:09.920,178854.265000,2191,FAILED,FAILED,0,,,,,,,11.74,ROT_RIGHT,waypoint,-9.9241,-9.9241,2.0373,2.7818,3.9567
2026-09-06T15:37:10.097,178854.453000,2193,FAILED,FAILED,0,,,,,,,11.74,ROT_RIGHT,waypoint,-9.9241,-9.9241,2.0373,2.7818,3.9567
2026-09-06T15:37:10.245,178854.593000,2195,FAILED,FAILED,0,,,,,,,11.74,ROT_RIGHT,waypoint,-9.9241,-9.9241,2.0373,2.7818,3.9567
2026-09-06T15:37:10.402,178854.750000,2197,FAILED,FAILED,0,,,,,,,11.74,ROT_RIGHT,waypoint,-9.9241,-9.9241,2.0373,2.7818,3.9567
2026-09-06T15:37:10.561,178854.906000,2199,FAILED,FAILED,0,,,,,,,12.49,ROT_RIGHT,waypoint,-9.9241,-9.9241,2.0373,2.7818,3.9567
2026-09-06T15:37:10.710,178855.062000,2201,FAILED,FAILED,0,,,,,,,12.49,ROT_RIGHT,waypoint,-9.9241,-9.9241,2.0373,2.7818,3.9567
2026-09-06T15:37:10.872,178855.218000,2203,FAILED,FAILED,0,,,,,,,12.49,ROT_RIGHT,waypoint,-9.9241,-9.9241,2.0373,2.7818,3.9567
2026-09-06T15:37:11.096,178855.453000,2205,FAILED,FAILED,0,,,,,,,11.37,ROT_RIGHT,waypoint,-9.9241,-9.9241,2.0373,2.7818,3.9567
2026-09-06T15:37:11.261,178855.609000,2207,FAILED,FAILED,0,,,,,,,11.37,ROT_RIGHT,waypoint,-9.9241,-9.9241,2.0373,2.7818,3.9567
2026-09-06T15:37:11.427,178855.781000,2209,FAILED,FAILED,0,,,,,,,11.37,ROT_RIGHT,waypoint,-9.9241,-9.9241,2.0373,2.7818,3.9567
2026-09-06T15:37:11.590,178855.937000,2211,FAILED,FAILED,0,,,,,,,11.37,ROT_RIGHT,waypoint,-9.9241,-9.9241,2.0373,2.7818,3.9567
2026-09-06T15:37:11.734,178856.093000,2213,FAILED,FAILED,0,,,,,,,12.34,ROT_RIGHT,waypoint,-9.9241,-9.9241,2.0373,2.7818,3.9567
2026-09-06T15:37:11.887,178856.234000,2215,FAILED,FAILED,0,,,,,,,12.34,ROT_RIGHT,waypoint,-9.9241,-9.9241,2.0373,2.7818,3.9567
2026-09-06T15:37:12.091,178856.437000,2217,FAILED,FAILED,0,,,,,,,12.34,ROT_RIGHT,waypoint,-9.9241,-9.9241,2.0373,2.7818,3.9567
2026-09-06T15:37:12.236,178856.593000,2219,FAILED,FAILED,0,,,,,,,12.22,ROT_RIGHT,waypoint,-9.9241,-9.9241,2.0373,2.7818,3.9567
2026-09-06T15:37:12.396,178856.750000,2221,FAILED,FAILED,0,,,,,,,12.22,ROT_RIGHT,waypoint,-9.9241,-9.9241,2.0373,2.7818,3.9567
2026-09-06T15:37:12.557,178856.906000,2223,FAILED,FAILED,0,,,,,,,12.22,ROT_RIGHT,waypoint,-9.9241,-9.9241,2.0373,2.7818,3.9567
2026-09-06T15:37:12.739,178857.093000,2225,FAILED,FAILED,0,,,,,,,11.93,ROT_RIGHT,waypoint,-9.9241,-9.9241,2.0373,2.7818,3.9567
2026-09-06T15:37:12.889,178857.234000,2227,FAILED,FAILED,0,,,,,,,11.93,ROT_RIGHT,waypoint,-9.9241,-9.9241,2.0373,2.7818,3.9567
2026-09-06T15:37:13.009,178857.359000,2228,FAILED,FAILED,0,,,,,,,11.93,ROT_RIGHT,waypoint,-9.9241,-9.9241,2.0373,2.7818,3.9567
2026-09-06T15:37:13.203,178857.562000,2230,FAILED,FAILED,0,,,,,,,11.93,ROT_RIGHT,waypoint,-9.9241,-9.9241,2.0373,2.7818,3.9567
2026-09-06T15:37:13.370,178857.718000,2232,FAILED,FAILED,0,,,,,,,11.06,ROT_RIGHT,waypoint,-9.9241,-9.9241,2.0373,2.7818,3.9567
2026-09-06T15:37:13.536,178857.890000,2234,FAILED,FAILED,0,,,,,,,11.06,ROT_RIGHT,waypoint,-9.9241,-9.9241,2.0373,2.7818,3.9567
2026-09-06T15:37:13.710,178858.062000,2236,FAILED,FAILED,0,,,,,,,11.06,ROT_RIGHT,waypoint,-9.9241,-9.9241,2.0373,2.7818,3.9567
2026-09-06T15:37:13.883,178858.234000,2238,FAILED,FAILED,0,,,,,,,11.85,ROT_RIGHT,waypoint,-9.9241,-9.9241,2.0373,2.7818,3.9567
2026-09-06T15:37:14.048,178858.406000,2240,FAILED,FAILED,0,,,,,,,11.85,ROT_RIGHT,waypoint,-9.9241,-9.9241,2.0373,2.7818,3.9567
2026-09-06T15:37:14.212,178858.562000,2242,FAILED,FAILED,0,,,,,,,11.85,ROT_RIGHT,waypoint,-9.9241,-9.9241,2.0373,2.7818,3.9567
2026-09-06T15:37:14.390,178858.750000,2244,FAILED,FAILED,0,,,,,,,11.62,ROT_RIGHT,waypoint,-9.9241,-9.9241,2.0373,2.7818,3.9567
2026-09-06T15:37:14.571,178858.921000,2246,FAILED,FAILED,0,,,,,,,11.62,ROT_RIGHT,waypoint,-9.9241,-9.9241,2.0373,2.7818,3.9567
2026-09-06T15:37:14.737,178859.093000,2248,FAILED,FAILED,0,,,,,,,11.62,ROT_RIGHT,waypoint,-9.9241,-9.9241,2.0373,2.7818,3.9567
2026-09-06T15:37:14.903,178859.250000,2250,FAILED,FAILED,0,,,,,,,11.70,ROT_RIGHT,waypoint,-9.9241,-9.9241,2.0373,2.7818,3.9567
2026-09-06T15:37:15.105,178859.453000,2252,FAILED,FAILED,0,,,,,,,11.70,ROT_RIGHT,waypoint,-9.9241,-9.9241,2.0373,2.7818,3.9567
2026-09-06T15:37:15.204,178859.562000,2253,FAILED,FAILED,0,,,,,,,11.70,ROT_RIGHT,waypoint,-9.9241,-9.9241,2.0373,2.7818,3.9567
2026-09-06T15:37:15.374,178859.718000,2255,FAILED,FAILED,0,,,,,,,11.70,ROT_RIGHT,waypoint,-9.9241,-9.9241,2.0373,2.7818,3.9567
2026-09-06T15:37:15.475,178859.828000,2256,FAILED,FAILED,0,,,,,,,10.50,ROT_RIGHT,waypoint,-9.9241,-9.9241,2.0373,2.7818,3.9567
2026-09-06T15:37:15.656,178860.015000,2258,FAILED,FAILED,0,,,,,,,10.50,ROT_RIGHT,waypoint,-9.9241,-9.9241,2.0373,2.7818,3.9567
2026-09-06T15:37:15.840,178860.187000,2260,FAILED,FAILED,0,,,,,,,10.50,ROT_RIGHT,waypoint,-9.9241,-9.9241,2.0373,2.7818,3.9567
2026-09-06T15:37:15.997,178860.343000,2262,FAILED,FAILED,0,,,,,,,11.50,ROT_RIGHT,waypoint,-9.9241,-9.9241,2.0373,2.7818,3.9567
2026-09-06T15:37:16.104,178860.453000,2263,FAILED,FAILED,0,,,,,,,11.50,ROT_RIGHT,waypoint,-9.9241,-9.9241,2.0373,2.7818,3.9567
2026-09-06T15:37:16.204,178860.562000,2264,FAILED,FAILED,0,,,,,,,11.50,ROT_RIGHT,waypoint,-9.9241,-9.9241,2.0373,2.7818,3.9567
2026-09-06T15:37:16.358,178860.703000,2266,FAILED,FAILED,0,,,,,,,11.50,ROT_RIGHT,waypoint,-9.9241,-9.9241,2.0373,2.7818,3.9567
2026-09-06T15:37:16.459,178860.812000,2267,FAILED,FAILED,0,,,,,,,11.50,ROT_RIGHT,waypoint,-9.9241,-9.9241,2.0373,2.7818,3.9567
2026-09-06T15:37:16.621,178860.968000,2269,FAILED,FAILED,0,,,,,,,11.11,ROT_RIGHT,waypoint,-9.9241,-9.9241,2.0373,2.7818,3.9567
2026-09-06T15:37:16.782,178861.140000,2271,FAILED,FAILED,0,,,,,,,11.11,ROT_RIGHT,waypoint,-9.9241,-9.9241,2.0373,2.7818,3.9567
2026-09-06T15:37:16.941,178861.296000,2273,FAILED,FAILED,0,,,,,,,11.11,ROT_RIGHT,waypoint,-9.9241,-9.9241,2.0373,2.7818,3.9567
2026-09-06T15:37:17.094,178861.453000,2275,FAILED,FAILED,0,,,,,,,12.57,ROT_RIGHT,waypoint,-9.9241,-9.9241,2.0373,2.7818,3.9567
2026-09-06T15:37:17.264,178861.609000,2277,FAILED,FAILED,0,,,,,,,12.57,ROT_RIGHT,waypoint,-9.9241,-9.9241,2.0373,2.7818,3.9567
2026-09-06T15:37:17.430,178861.781000,2279,FAILED,FAILED,0,,,,,,,12.57,ROT_RIGHT,waypoint,-9.9241,-9.9241,2.0373,2.7818,3.9567
2026-09-06T15:37:17.558,178861.906000,2280,FAILED,FAILED,0,,,,,,,12.57,ROT_RIGHT,waypoint,-9.9241,-9.9241,2.0373,2.7818,3.9567
2026-09-06T15:37:17.743,178862.093000,2282,FAILED,FAILED,0,,,,,,,11.21,ROT_RIGHT,waypoint,-9.9241,-9.9241,2.0373,2.7818,3.9567
2026-09-06T15:37:17.904,178862.250000,2284,FAILED,FAILED,0,,,,,,,11.21,ROT_RIGHT,waypoint,-9.9241,-9.9241,2.0373,2.7818,3.9567
2026-09-06T15:37:18.003,178862.359000,2285,FAILED,FAILED,0,,,,,,,11.21,ROT_RIGHT,waypoint,-9.9241,-9.9241,2.0373,2.7818,3.9567
2026-09-06T15:37:18.137,178862.484000,2286,FAILED,FAILED,0,,,,,,,9.90,ROT_RIGHT,waypoint,-9.9241,-9.9241,2.0373,2.7818,3.9567
2026-09-06T15:37:18.258,178862.609000,2287,FAILED,FAILED,0,,,,,,,9.90,ROT_RIGHT,waypoint,-9.9241,-9.9241,2.0373,2.7818,3.9567
2026-09-06T15:37:18.425,178862.781000,2289,FAILED,FAILED,0,,,,,,,9.90,ROT_RIGHT,waypoint,-9.9241,-9.9241,2.0373,2.7818,3.9567
2026-09-06T15:37:18.576,178862.921000,2291,FAILED,FAILED,0,,,,,,,9.90,ROT_RIGHT,waypoint,-9.9241,-9.9241,2.0373,2.7818,3.9567
2026-09-06T15:37:18.759,178863.109000,2293,FAILED,FAILED,0,,,,,,,11.44,ROT_RIGHT,waypoint,-9.9241,-9.9241,2.0373,2.7818,3.9567
2026-09-06T15:37:18.925,178863.281000,2295,FAILED,FAILED,0,,,,,,,11.44,ROT_RIGHT,waypoint,-9.9241,-9.9241,2.0373,2.7818,3.9567
2026-09-06T15:37:19.126,178863.484000,2297,FAILED,FAILED,0,,,,,,,11.44,ROT_RIGHT,waypoint,-9.9241,-9.9241,2.0373,2.7818,3.9567
2026-09-06T15:37:19.287,178863.640000,2299,FAILED,FAILED,0,,,,,,,11.00,ROT_RIGHT,waypoint,-9.9241,-9.9241,2.0373,2.7818,3.9567
2026-09-06T15:37:19.440,178863.796000,2301,FAILED,FAILED,0,,,,,,,11.00,ROT_RIGHT,waypoint,-9.9241,-9.9241,2.0373,2.7818,3.9567
2026-09-06T15:37:19.587,178863.937000,2303,FAILED,FAILED,0,,,,,,,11.00,ROT_RIGHT,waypoint,-9.9241,-9.9241,2.0373,2.7818,3.9567
2026-09-06T15:37:19.738,178864.093000,2305,FAILED,FAILED,0,,,,,,,13.36,ROT_RIGHT,waypoint,-9.9241,-9.9241,2.0373,2.7818,3.9567
2026-09-06T15:37:19.883,178864.234000,2307,FAILED,FAILED,0,,,,,,,13.36,ROT_RIGHT,waypoint,-9.9241,-9.9241,2.0373,2.7818,3.9567
2026-09-06T15:37:20.048,178864.406000,2309,FAILED,FAILED,0,,,,,,,13.36,ROT_RIGHT,waypoint,-9.9241,-9.9241,2.0373,2.7818,3.9567
2026-09-06T15:37:20.210,178864.562000,2311,FAILED,FAILED,0,,,,,,,13.36,ROT_RIGHT,waypoint,-9.9241,-9.9241,2.0373,2.7818,3.9567
2026-09-06T15:37:20.361,178864.718000,2313,FAILED,FAILED,0,,,,,,,12.55,ROT_RIGHT,waypoint,-9.9241,-9.9241,2.0373,2.7818,3.9567
2026-09-06T15:37:20.514,178864.859000,2315,FAILED,FAILED,0,,,,,,,12.55,ROT_RIGHT,waypoint,-9.9241,-9.9241,2.0373,2.7818,3.9567
2026-09-06T15:37:20.665,178865.015000,2317,FAILED,FAILED,0,,,,,,,12.55,ROT_RIGHT,waypoint,-9.9241,-9.9241,2.0373,2.7818,3.9567
2026-09-06T15:37:20.803,178865.156000,2319,FAILED,FAILED,0,,,,,,,13.53,ROT_RIGHT,waypoint,-9.9241,-9.9241,2.0373,2.7818,3.9567
2026-09-06T15:37:20.954,178865.312000,2321,FAILED,FAILED,0,,,,,,,13.53,ROT_RIGHT,waypoint,-9.9241,-9.9241,2.0373,2.7818,3.9567
2026-09-06T15:37:21.136,178865.484000,2323,FAILED,FAILED,0,,,,,,,13.53,ROT_RIGHT,waypoint,-9.9241,-9.9241,2.0373,2.7818,3.9567
2026-09-06T15:37:21.299,178865.656000,2325,FAILED,FAILED,0,,,,,,,13.53,ROT_RIGHT,waypoint,-9.9241,-9.9241,2.0373,2.7818,3.9567
2026-09-06T15:37:21.471,178865.828000,2327,FAILED,FAILED,0,,,,,,,11.93,ROT_RIGHT,waypoint,-9.9241,-9.9241,2.0373,2.7818,3.9567
2026-09-06T15:37:21.634,178865.984000,2329,FAILED,FAILED,0,,,,,,,11.93,ROT_RIGHT,waypoint,-9.9241,-9.9241,2.0373,2.7818,3.9567
2026-09-06T15:37:21.789,178866.140000,2331,FAILED,FAILED,0,,,,,,,11.93,ROT_RIGHT,waypoint,-9.9241,-9.9241,2.0373,2.7818,3.9567
2026-09-06T15:37:21.954,178866.312000,2333,FAILED,FAILED,0,,,,,,,12.78,ROT_RIGHT,waypoint,-9.9241,-9.9241,2.0373,2.7818,3.9567
2026-09-06T15:37:22.157,178866.515000,2335,FAILED,FAILED,0,,,,,,,12.78,ROT_RIGHT,waypoint,-9.9241,-9.9241,2.0373,2.7818,3.9567
2026-09-06T15:37:22.316,178866.671000,2337,FAILED,FAILED,0,,,,,,,12.78,ROT_RIGHT,waypoint,-9.9241,-9.9241,2.0373,2.7818,3.9567
2026-09-06T15:37:22.499,178866.843000,2339,FAILED,FAILED,0,,,,,,,10.73,ROT_RIGHT,waypoint,-9.9241,-9.9241,2.0373,2.7818,3.9567
2026-09-06T15:37:22.645,178867.000000,2341,FAILED,FAILED,0,,,,,,,10.73,ROT_RIGHT,waypoint,-9.9241,-9.9241,2.0373,2.7818,3.9567
2026-09-06T15:37:22.796,178867.140000,2343,FAILED,FAILED,0,,,,,,,10.73,ROT_RIGHT,waypoint,-9.9241,-9.9241,2.0373,2.7818,3.9567
2026-09-06T15:37:22.936,178867.281000,2345,FAILED,FAILED,0,,,,,,,10.73,ROT_RIGHT,waypoint,-9.9241,-9.9241,2.0373,2.7818,3.9567
2026-09-06T15:37:23.175,178867.531000,2347,FAILED,FAILED,0,,,,,,,13.59,ROT_RIGHT,waypoint,-9.9241,-9.9241,2.0373,2.7818,3.9567
2026-09-06T15:37:23.327,178867.671000,2349,FAILED,FAILED,0,,,,,,,13.59,ROT_RIGHT,waypoint,-9.9241,-9.9241,2.0373,2.7818,3.9567
2026-09-06T15:37:23.479,178867.828000,2351,FAILED,FAILED,0,,,,,,,13.59,ROT_RIGHT,waypoint,-9.9241,-9.9241,2.0373,2.7818,3.9567
2026-09-06T15:37:23.625,178867.968000,2353,FAILED,FAILED,0,,,,,,,11.38,ROT_RIGHT,waypoint,-9.9241,-9.9241,2.0373,2.7818,3.9567
2026-09-06T15:37:23.758,178868.109000,2355,FAILED,FAILED,0,,,,,,,11.38,ROT_RIGHT,waypoint,-9.9241,-9.9241,2.0373,2.7818,3.9567
2026-09-06T15:37:23.914,178868.265000,2357,FAILED,FAILED,0,,,,,,,11.38,ROT_RIGHT,waypoint,-9.9241,-9.9241,2.0373,2.7818,3.9567
2026-09-06T15:37:24.071,178868.421000,2359,FAILED,FAILED,0,,,,,,,13.20,ROT_RIGHT,waypoint,-9.9241,-9.9241,2.0373,2.7818,3.9567
2026-09-06T15:37:24.175,178868.531000,2360,FAILED,FAILED,0,,,,,,,13.20,ROT_RIGHT,waypoint,-9.9241,-9.9241,2.0373,2.7818,3.9567
2026-09-06T15:37:24.332,178868.687000,2362,FAILED,FAILED,0,,,,,,,13.20,ROT_RIGHT,waypoint,-9.9241,-9.9241,2.0373,2.7818,3.9567
2026-09-06T15:37:24.477,178868.828000,2364,FAILED,FAILED,0,,,,,,,13.20,ROT_RIGHT,waypoint,-9.9241,-9.9241,2.0373,2.7818,3.9567
2026-09-06T15:37:24.629,178868.984000,2366,FAILED,FAILED,0,,,,,,,12.54,ROT_RIGHT,waypoint,-9.9241,-9.9241,2.0373,2.7818,3.9567
2026-09-06T15:37:24.781,178869.140000,2368,FAILED,FAILED,0,,,,,,,12.54,ROT_RIGHT,waypoint,-9.9241,-9.9241,2.0373,2.7818,3.9567
2026-09-06T15:37:24.933,178869.281000,2370,FAILED,FAILED,0,,,,,,,12.54,ROT_RIGHT,waypoint,-9.9241,-9.9241,2.0373,2.7818,3.9567
2026-09-06T15:37:25.085,178869.437000,2372,FAILED,FAILED,0,,,,,,,12.54,ROT_RIGHT,waypoint,-9.9241,-9.9241,2.0373,2.7818,3.9567
2026-09-06T15:37:25.241,178869.593000,2374,FAILED,FAILED,0,,,,,,,13.00,ROT_RIGHT,waypoint,-9.9241,-9.9241,2.0373,2.7818,3.9567
2026-09-06T15:37:25.411,178869.765000,2376,FAILED,FAILED,0,,,,,,,13.00,ROT_RIGHT,waypoint,-9.9241,-9.9241,2.0373,2.7818,3.9567
2026-09-06T15:37:25.561,178869.906000,2378,FAILED,FAILED,0,,,,,,,13.00,ROT_RIGHT,waypoint,-9.9241,-9.9241,2.0373,2.7818,3.9567
2026-09-06T15:37:25.700,178870.046000,2380,FAILED,FAILED,0,,,,,,,13.12,ROT_RIGHT,waypoint,-9.9241,-9.9241,2.0373,2.7818,3.9567
2026-09-06T15:37:25.862,178870.218000,2382,FAILED,FAILED,0,,,,,,,13.12,ROT_RIGHT,waypoint,-9.9241,-9.9241,2.0373,2.7818,3.9567
2026-09-06T15:37:25.997,178870.343000,2384,FAILED,FAILED,0,,,,,,,13.12,ROT_RIGHT,waypoint,-9.9241,-9.9241,2.0373,2.7818,3.9567
2026-09-06T15:37:26.210,178870.562000,2386,FAILED,FAILED,0,,,,,,,13.12,ROT_RIGHT,waypoint,-9.9241,-9.9241,2.0373,2.7818,3.9567
2026-09-06T15:37:26.361,178870.718000,2388,FAILED,FAILED,0,,,,,,,12.01,ROT_RIGHT,waypoint,-9.9241,-9.9241,2.0373,2.7818,3.9567
2026-09-06T15:37:26.513,178870.859000,2390,FAILED,FAILED,0,,,,,,,12.01,ROT_RIGHT,waypoint,-9.9241,-9.9241,2.0373,2.7818,3.9567
2026-09-06T15:37:26.663,178871.015000,2392,FAILED,FAILED,0,,,,,,,12.01,ROT_RIGHT,waypoint,-9.9241,-9.9241,2.0373,2.7818,3.9567
2026-09-06T15:37:26.817,178871.171000,2394,FAILED,FAILED,0,,,,,,,13.39,ROT_RIGHT,waypoint,-9.9241,-9.9241,2.0373,2.7818,3.9567
2026-09-06T15:37:26.962,178871.312000,2396,FAILED,FAILED,0,,,,,,,13.39,ROT_RIGHT,waypoint,-9.9241,-9.9241,2.0373,2.7818,3.9567
2026-09-06T15:37:27.107,178871.453000,2398,FAILED,FAILED,0,,,,,,,13.39,ROT_RIGHT,waypoint,-9.9241,-9.9241,2.0373,2.7818,3.9567
2026-09-06T15:37:27.211,178871.562000,2399,FAILED,FAILED,0,,,,,,,13.39,ROT_RIGHT,waypoint,-9.9241,-9.9241,2.0373,2.7818,3.9567
2026-09-06T15:37:27.363,178871.718000,2401,FAILED,FAILED,0,,,,,,,12.55,ROT_RIGHT,waypoint,-9.9241,-9.9241,2.0373,2.7818,3.9567
2026-09-06T15:37:27.514,178871.859000,2403,FAILED,FAILED,0,,,,,,,12.55,ROT_RIGHT,waypoint,-9.9241,-9.9241,2.0373,2.7818,3.9567
2026-09-06T15:37:27.667,178872.015000,2405,FAILED,FAILED,0,,,,,,,12.55,ROT_RIGHT,waypoint,-9.9241,-9.9241,2.0373,2.7818,3.9567
2026-09-06T15:37:27.813,178872.171000,2407,FAILED,FAILED,0,,,,,,,12.55,ROT_RIGHT,waypoint,-9.9241,-9.9241,2.0373,2.7818,3.9567
2026-09-06T15:37:27.954,178872.312000,2409,FAILED,FAILED,0,,,,,,,13.50,ROT_RIGHT,waypoint,-9.9241,-9.9241,2.0373,2.7818,3.9567
2026-09-06T15:37:28.106,178872.453000,2411,FAILED,FAILED,0,,,,,,,13.50,ROT_RIGHT,waypoint,-9.9241,-9.9241,2.0373,2.7818,3.9567
2026-09-06T15:37:28.211,178872.562000,2412,FAILED,FAILED,0,,,,,,,13.50,ROT_RIGHT,waypoint,-9.9241,-9.9241,2.0373,2.7818,3.9567
2026-09-06T15:37:28.379,178872.734000,2414,FAILED,FAILED,0,,,,,,,13.50,ROT_RIGHT,waypoint,-9.9241,-9.9241,2.0373,2.7818,3.9567
2026-09-06T15:37:28.534,178872.890000,2416,FAILED,FAILED,0,,,,,,,12.22,ROT_RIGHT,waypoint,-9.9241,-9.9241,2.0373,2.7818,3.9567
2026-09-06T15:37:28.691,178873.046000,2418,FAILED,FAILED,0,,,,,,,12.22,ROT_RIGHT,waypoint,-9.9241,-9.9241,2.0373,2.7818,3.9567
2026-09-06T15:37:28.838,178873.187000,2420,FAILED,FAILED,0,,,,,,,12.22,ROT_RIGHT,waypoint,-9.9241,-9.9241,2.0373,2.7818,3.9567
2026-09-06T15:37:29.001,178873.359000,2422,FAILED,FAILED,0,,,,,,,12.85,ROT_RIGHT,waypoint,-9.9241,-9.9241,2.0373,2.7818,3.9567
2026-09-06T15:37:29.217,178873.562000,2424,FAILED,FAILED,0,,,,,,,12.85,ROT_RIGHT,waypoint,-9.9241,-9.9241,2.0373,2.7818,3.9567
2026-09-06T15:37:29.382,178873.734000,2426,FAILED,FAILED,0,,,,,,,12.85,ROT_RIGHT,waypoint,-9.9241,-9.9241,2.0373,2.7818,3.9567
2026-09-06T15:37:29.532,178873.890000,2428,FAILED,FAILED,0,,,,,,,11.26,ROT_RIGHT,waypoint,-9.9241,-9.9241,2.0373,2.7818,3.9567
2026-09-06T15:37:29.685,178874.031000,2430,FAILED,FAILED,0,,,,,,,11.26,ROT_RIGHT,waypoint,-9.9241,-9.9241,2.0373,2.7818,3.9567
2026-09-06T15:37:29.832,178874.187000,2432,FAILED,FAILED,0,,,,,,,11.26,ROT_RIGHT,waypoint,-9.9241,-9.9241,2.0373,2.7818,3.9567
2026-09-06T15:37:29.985,178874.343000,2434,FAILED,FAILED,0,,,,,,,11.26,ROT_RIGHT,waypoint,-9.9241,-9.9241,2.0373,2.7818,3.9567
2026-09-06T15:37:30.133,178874.484000,2436,FAILED,FAILED,0,,,,,,,13.17,ROT_RIGHT,waypoint,-9.9241,-9.9241,2.0373,2.7818,3.9567
2026-09-06T15:37:30.298,178874.656000,2438,FAILED,FAILED,0,,,,,,,13.17,ROT_RIGHT,waypoint,-9.9241,-9.9241,2.0373,2.7818,3.9567
2026-09-06T15:37:30.449,178874.796000,2440,FAILED,FAILED,0,,,,,,,13.17,ROT_RIGHT,waypoint,-9.9241,-9.9241,2.0373,2.7818,3.9567
2026-09-06T15:37:30.600,178874.953000,2442,FAILED,FAILED,0,,,,,,,13.05,ROT_RIGHT,waypoint,-9.9241,-9.9241,2.0373,2.7818,3.9567
2026-09-06T15:37:30.749,178875.093000,2444,FAILED,FAILED,0,,,,,,,13.05,ROT_RIGHT,waypoint,-9.9241,-9.9241,2.0373,2.7818,3.9567
2026-09-06T15:37:30.900,178875.250000,2446,FAILED,FAILED,0,,,,,,,13.05,ROT_RIGHT,waypoint,-9.9241,-9.9241,2.0373,2.7818,3.9567
2026-09-06T15:37:31.047,178875.406000,2448,FAILED,FAILED,0,,,,,,,13.05,ROT_RIGHT,waypoint,-9.9241,-9.9241,2.0373,2.7818,3.9567
2026-09-06T15:37:31.208,178875.562000,2450,FAILED,FAILED,0,,,,,,,13.14,ROT_RIGHT,waypoint,-9.9241,-9.9241,2.0373,2.7818,3.9567
2026-09-06T15:37:31.354,178875.703000,2452,FAILED,FAILED,0,,,,,,,13.14,ROT_RIGHT,waypoint,-9.9241,-9.9241,2.0373,2.7818,3.9567
2026-09-06T15:37:31.514,178875.859000,2454,FAILED,FAILED,0,,,,,,,13.14,ROT_RIGHT,waypoint,-9.9241,-9.9241,2.0373,2.7818,3.9567
2026-09-06T15:37:31.665,178876.015000,2456,FAILED,FAILED,0,,,,,,,13.17,ROT_RIGHT,waypoint,-9.9241,-9.9241,2.0373,2.7818,3.9567
2026-09-06T15:37:31.817,178876.171000,2458,FAILED,FAILED,0,,,,,,,13.17,ROT_RIGHT,waypoint,-9.9241,-9.9241,2.0373,2.7818,3.9567
2026-09-06T15:37:31.977,178876.328000,2460,FAILED,FAILED,0,,,,,,,13.17,ROT_RIGHT,waypoint,-9.9241,-9.9241,2.0373,2.7818,3.9567
2026-09-06T15:37:32.148,178876.500000,2462,FAILED,FAILED,0,,,,,,,13.17,ROT_RIGHT,waypoint,-9.9241,-9.9241,2.0373,2.7818,3.9567
2026-09-06T15:37:32.287,178876.640000,2464,FAILED,FAILED,0,,,,,,,12.64,ROT_RIGHT,waypoint,-9.9241,-9.9241,2.0373,2.7818,3.9567
2026-09-06T15:37:32.448,178876.796000,2466,FAILED,FAILED,0,,,,,,,12.64,ROT_RIGHT,waypoint,-9.9241,-9.9241,2.0373,2.7818,3.9567
2026-09-06T15:37:32.607,178876.953000,2468,FAILED,FAILED,0,,,,,,,12.64,ROT_RIGHT,waypoint,-9.9241,-9.9241,2.0373,2.7818,3.9567
2026-09-06T15:37:32.751,178877.109000,2470,FAILED,FAILED,0,,,,,,,13.15,ROT_RIGHT,waypoint,-9.9241,-9.9241,2.0373,2.7818,3.9567
2026-09-06T15:37:32.900,178877.250000,2472,FAILED,FAILED,0,,,,,,,13.15,ROT_RIGHT,waypoint,-9.9241,-9.9241,2.0373,2.7818,3.9567
2026-09-06T15:37:33.078,178877.421000,2474,FAILED,FAILED,0,,,,,,,13.15,ROT_RIGHT,waypoint,-9.9241,-9.9241,2.0373,2.7818,3.9567
2026-09-06T15:37:33.221,178877.578000,2475,FAILED,FAILED,0,,,,,,,13.15,ROT_RIGHT,waypoint,-9.9241,-9.9241,2.0373,2.7818,3.9567
2026-09-06T15:37:33.374,178877.718000,2477,FAILED,FAILED,0,,,,,,,11.13,ROT_RIGHT,waypoint,-9.9241,-9.9241,2.0373,2.7818,3.9567
2026-09-06T15:37:33.522,178877.875000,2479,FAILED,FAILED,0,,,,,,,11.13,ROT_RIGHT,waypoint,-9.9241,-9.9241,2.0373,2.7818,3.9567
2026-09-06T15:37:33.668,178878.015000,2481,FAILED,FAILED,0,,,,,,,11.13,ROT_RIGHT,waypoint,-9.9241,-9.9241,2.0373,2.7818,3.9567
2026-09-06T15:37:33.838,178878.187000,2483,FAILED,FAILED,0,,,,,,,12.85,ROT_RIGHT,waypoint,-9.9241,-9.9241,2.0373,2.7818,3.9567
2026-09-06T15:37:33.989,178878.343000,2485,FAILED,FAILED,0,,,,,,,12.85,ROT_RIGHT,waypoint,-9.9241,-9.9241,2.0373,2.7818,3.9567
2026-09-06T15:37:34.145,178878.500000,2487,FAILED,FAILED,0,,,,,,,12.85,ROT_RIGHT,waypoint,-9.9241,-9.9241,2.0373,2.7818,3.9567
2026-09-06T15:37:34.255,178878.609000,2488,FAILED,FAILED,0,,,,,,,12.85,ROT_RIGHT,waypoint,-9.9241,-9.9241,2.0373,2.7818,3.9567
2026-09-06T15:37:34.412,178878.765000,2490,FAILED,FAILED,0,,,,,,,11.89,ROT_RIGHT,waypoint,-9.9241,-9.9241,2.0373,2.7818,3.9567
2026-09-06T15:37:34.563,178878.921000,2492,FAILED,FAILED,0,,,,,,,11.89,ROT_RIGHT,waypoint,-9.9241,-9.9241,2.0373,2.7818,3.9567
2026-09-06T15:37:34.722,178879.078000,2494,FAILED,FAILED,0,,,,,,,11.89,ROT_RIGHT,waypoint,-9.9241,-9.9241,2.0373,2.7818,3.9567
2026-09-06T15:37:34.890,178879.234000,2496,FAILED,FAILED,0,,,,,,,12.74,ROT_RIGHT,waypoint,-9.9241,-9.9241,2.0373,2.7818,3.9567
2026-09-06T15:37:35.038,178879.390000,2498,FAILED,FAILED,0,,,,,,,12.74,ROT_RIGHT,waypoint,-9.9241,-9.9241,2.0373,2.7818,3.9567
2026-09-06T15:37:35.255,178879.609000,2500,FAILED,FAILED,0,,,,,,,12.74,ROT_RIGHT,waypoint,-9.9241,-9.9241,2.0373,2.7818,3.9567
2026-09-06T15:37:35.391,178879.750000,2502,FAILED,FAILED,0,,,,,,,11.94,ROT_RIGHT,waypoint,-9.9241,-9.9241,2.0373,2.7818,3.9567
2026-09-06T15:37:35.556,178879.906000,2504,FAILED,FAILED,0,,,,,,,11.94,ROT_RIGHT,waypoint,-9.9241,-9.9241,2.0373,2.7818,3.9567
2026-09-06T15:37:35.708,178880.062000,2506,FAILED,FAILED,0,,,,,,,11.94,ROT_RIGHT,waypoint,-9.9241,-9.9241,2.0373,2.7818,3.9567
2026-09-06T15:37:35.857,178880.203000,2508,FAILED,FAILED,0,,,,,,,11.94,ROT_RIGHT,waypoint,-9.9241,-9.9241,2.0373,2.7818,3.9567
2026-09-06T15:37:36.019,178880.375000,2510,FAILED,FAILED,0,,,,,,,13.04,ROT_RIGHT,waypoint,-9.9241,-9.9241,2.0373,2.7818,3.9567
2026-09-06T15:37:36.249,178880.593000,2512,FAILED,FAILED,0,,,,,,,13.04,ROT_RIGHT,waypoint,-9.9241,-9.9241,2.0373,2.7818,3.9567
2026-09-06T15:37:36.354,178880.703000,2513,FAILED,FAILED,0,,,,,,,13.04,ROT_RIGHT,waypoint,-9.9241,-9.9241,2.0373,2.7818,3.9567
2026-09-06T15:37:36.458,178880.812000,2514,FAILED,FAILED,0,,,,,,,9.59,ROT_RIGHT,waypoint,-9.9241,-9.9241,2.0373,2.7818,3.9567
2026-09-06T15:37:36.583,178880.937000,2515,FAILED,FAILED,0,,,,,,,9.59,ROT_RIGHT,waypoint,-9.9241,-9.9241,2.0373,2.7818,3.9567
2026-09-06T15:37:36.709,178881.062000,2516,FAILED,FAILED,0,,,,,,,9.59,ROT_RIGHT,waypoint,-9.9241,-9.9241,2.0373,2.7818,3.9567
2026-09-06T15:37:36.821,178881.171000,2517,FAILED,FAILED,0,,,,,,,9.59,ROT_RIGHT,waypoint,-9.9241,-9.9241,2.0373,2.7818,3.9567
2026-09-06T15:37:37.026,178881.375000,2519,FAILED,FAILED,0,,,,,,,8.68,ROT_RIGHT,waypoint,-9.9241,-9.9241,2.0373,2.7818,3.9567
2026-09-06T15:37:37.129,178881.484000,2520,FAILED,FAILED,0,,,,,,,8.68,ROT_RIGHT,waypoint,-9.9241,-9.9241,2.0373,2.7818,3.9567
2026-09-06T15:37:37.252,178881.609000,2521,FAILED,FAILED,0,,,,,,,8.68,ROT_RIGHT,waypoint,-9.9241,-9.9241,2.0373,2.7818,3.9567
2026-09-06T15:37:37.453,178881.796000,2523,FAILED,FAILED,0,,,,,,,8.68,ROT_RIGHT,waypoint,-9.9241,-9.9241,2.0373,2.7818,3.9567
2026-09-06T15:37:37.567,178881.921000,2524,FAILED,FAILED,0,,,,,,,9.34,ROT_RIGHT,waypoint,-9.9241,-9.9241,2.0373,2.7818,3.9567
2026-09-06T15:37:37.674,178882.031000,2525,FAILED,FAILED,0,,,,,,,9.34,ROT_RIGHT,waypoint,-9.9241,-9.9241,2.0373,2.7818,3.9567
2026-09-06T15:37:37.875,178882.234000,2527,FAILED,FAILED,0,,,,,,,9.34,ROT_RIGHT,waypoint,-9.9241,-9.9241,2.0373,2.7818,3.9567
2026-09-06T15:37:38.094,178882.437000,2529,FAILED,FAILED,0,,,,,,,9.49,ROT_RIGHT,waypoint,-9.9241,-9.9241,2.0373,2.7818,3.9567
2026-09-06T15:37:38.194,178882.546000,2530,FAILED,FAILED,0,,,,,,,9.49,ROT_RIGHT,waypoint,-9.9241,-9.9241,2.0373,2.7818,3.9567
2026-09-06T15:37:38.391,178882.734000,2532,FAILED,FAILED,0,,,,,,,9.49,ROT_RIGHT,waypoint,-9.9241,-9.9241,2.0373,2.7818,3.9567
2026-09-06T15:37:38.494,178882.843000,2533,FAILED,FAILED,0,,,,,,,9.49,ROT_RIGHT,waypoint,-9.9241,-9.9241,2.0373,2.7818,3.9567
2026-09-06T15:37:38.620,178882.968000,2534,FAILED,FAILED,0,,,,,,,9.52,ROT_RIGHT,waypoint,-9.9241,-9.9241,2.0373,2.7818,3.9567
2026-09-06T15:37:38.721,178883.078000,2535,FAILED,FAILED,0,,,,,,,9.52,ROT_RIGHT,waypoint,-9.9241,-9.9241,2.0373,2.7818,3.9567
2026-09-06T15:37:38.942,178883.296000,2537,FAILED,FAILED,0,,,,,,,9.52,ROT_RIGHT,waypoint,-9.9241,-9.9241,2.0373,2.7818,3.9567
2026-09-06T15:37:39.055,178883.406000,2538,FAILED,FAILED,0,,,,,,,9.52,ROT_RIGHT,waypoint,-9.9241,-9.9241,2.0373,2.7818,3.9567
2026-09-06T15:37:39.157,178883.515000,2539,FAILED,FAILED,0,,,,,,,9.28,ROT_RIGHT,waypoint,-9.9241,-9.9241,2.0373,2.7818,3.9567
2026-09-06T15:37:39.353,178883.703000,2541,FAILED,FAILED,0,,,,,,,9.28,ROT_RIGHT,waypoint,-9.9241,-9.9241,2.0373,2.7818,3.9567
2026-09-06T15:37:39.467,178883.812000,2542,FAILED,FAILED,0,,,,,,,9.28,ROT_RIGHT,waypoint,-9.9241,-9.9241,2.0373,2.7818,3.9567
2026-09-06T15:37:39.576,178883.921000,2543,FAILED,FAILED,0,,,,,,,9.28,ROT_RIGHT,waypoint,-9.9241,-9.9241,2.0373,2.7818,3.9567
2026-09-06T15:37:39.703,178884.046000,2544,FAILED,FAILED,0,,,,,,,9.15,ROT_RIGHT,waypoint,-9.9241,-9.9241,2.0373,2.7818,3.9567
2026-09-06T15:37:39.804,178884.156000,2545,FAILED,FAILED,0,,,,,,,9.15,ROT_RIGHT,waypoint,-9.9241,-9.9241,2.0373,2.7818,3.9567
2026-09-06T15:37:40.003,178884.359000,2547,FAILED,FAILED,0,,,,,,,9.15,ROT_RIGHT,waypoint,-9.9241,-9.9241,2.0373,2.7818,3.9567
2026-09-06T15:37:40.205,178884.562000,2549,FAILED,FAILED,0,,,,,,,9.15,ROT_RIGHT,waypoint,-9.9241,-9.9241,2.0373,2.7818,3.9567
2026-09-06T15:37:40.410,178884.765000,2551,FAILED,FAILED,0,,,,,,,9.95,ROT_RIGHT,waypoint,-9.9241,-9.9241,2.0373,2.7818,3.9567
2026-09-06T15:37:40.645,178885.000000,2553,FAILED,FAILED,0,,,,,,,9.95,ROT_RIGHT,waypoint,-9.9241,-9.9241,2.0373,2.7818,3.9567
2026-09-06T15:37:40.844,178885.187000,2555,FAILED,FAILED,0,,,,,,,9.28,ROT_RIGHT,waypoint,-9.9241,-9.9241,2.0373,2.7818,3.9567
2026-09-06T15:37:40.945,178885.296000,2556,FAILED,FAILED,0,,,,,,,9.28,ROT_RIGHT,waypoint,-9.9241,-9.9241,2.0373,2.7818,3.9567
2026-09-06T15:37:41.179,178885.531000,2558,FAILED,FAILED,0,,,,,,,9.28,ROT_RIGHT,waypoint,-9.9241,-9.9241,2.0373,2.7818,3.9567
2026-09-06T15:37:41.380,178885.734000,2560,FAILED,FAILED,0,,,,,,,9.25,ROT_RIGHT,waypoint,-9.9241,-9.9241,2.0373,2.7818,3.9567
2026-09-06T15:37:41.489,178885.843000,2561,FAILED,FAILED,0,,,,,,,9.25,ROT_RIGHT,waypoint,-9.9241,-9.9241,2.0373,2.7818,3.9567
2026-09-06T15:37:41.621,178885.968000,2562,FAILED,FAILED,0,,,,,,,9.25,ROT_RIGHT,waypoint,-9.9241,-9.9241,2.0373,2.7818,3.9567
2026-09-06T15:37:41.726,178886.078000,2563,FAILED,FAILED,0,,,,,,,9.25,ROT_RIGHT,waypoint,-9.9241,-9.9241,2.0373,2.7818,3.9567
2026-09-06T15:37:41.828,178886.187000,2564,FAILED,FAILED,0,,,,,,,9.25,ROT_RIGHT,waypoint,-9.9241,-9.9241,2.0373,2.7818,3.9567
2026-09-06T15:37:42.023,178886.375000,2566,FAILED,FAILED,0,,,,,,,9.29,ROT_RIGHT,waypoint,-9.9241,-9.9241,2.0373,2.7818,3.9567
2026-09-06T15:37:42.215,178886.562000,2568,FAILED,FAILED,0,,,,,,,9.29,ROT_RIGHT,waypoint,-9.9241,-9.9241,2.0373,2.7818,3.9567
2026-09-06T15:37:42.315,178886.671000,2569,FAILED,FAILED,0,,,,,,,9.29,ROT_RIGHT,waypoint,-9.9241,-9.9241,2.0373,2.7818,3.9567
2026-09-06T15:37:42.515,178886.859000,2571,FAILED,FAILED,0,,,,,,,10.16,ROT_RIGHT,waypoint,-9.9241,-9.9241,2.0373,2.7818,3.9567
2026-09-06T15:37:42.634,178886.984000,2572,FAILED,FAILED,0,,,,,,,10.16,ROT_RIGHT,waypoint,-9.9241,-9.9241,2.0373,2.7818,3.9567
2026-09-06T15:37:42.737,178887.093000,2573,FAILED,FAILED,0,,,,,,,10.16,ROT_RIGHT,waypoint,-9.9241,-9.9241,2.0373,2.7818,3.9567
2026-09-06T15:37:42.918,178887.265000,2575,FAILED,FAILED,0,,,,,,,10.16,ROT_RIGHT,waypoint,-9.9241,-9.9241,2.0373,2.7818,3.9567
2026-09-06T15:37:43.115,178887.468000,2577,FAILED,FAILED,0,,,,,,,9.88,ROT_RIGHT,waypoint,-9.9241,-9.9241,2.0373,2.7818,3.9567
2026-09-06T15:37:43.237,178887.593000,2578,FAILED,FAILED,0,,,,,,,9.88,ROT_RIGHT,waypoint,-9.9241,-9.9241,2.0373,2.7818,3.9567
2026-09-06T15:37:43.361,178887.718000,2579,FAILED,FAILED,0,,,,,,,9.88,ROT_RIGHT,waypoint,-9.9241,-9.9241,2.0373,2.7818,3.9567
2026-09-06T15:37:43.474,178887.828000,2580,FAILED,FAILED,0,,,,,,,9.88,ROT_RIGHT,waypoint,-9.9241,-9.9241,2.0373,2.7818,3.9567
2026-09-06T15:37:43.641,178887.984000,2581,FAILED,FAILED,0,,,,,,,7.99,ROT_RIGHT,waypoint,-9.9241,-9.9241,2.0373,2.7818,3.9567
2026-09-06T15:37:43.749,178888.093000,2582,FAILED,FAILED,0,,,,,,,7.99,ROT_RIGHT,waypoint,-9.9241,-9.9241,2.0373,2.7818,3.9567
2026-09-06T15:37:43.940,178888.296000,2584,FAILED,FAILED,0,,,,,,,7.99,ROT_RIGHT,waypoint,-9.9241,-9.9241,2.0373,2.7818,3.9567
2026-09-06T15:37:44.137,178888.484000,2586,FAILED,FAILED,0,,,,,,,7.99,ROT_RIGHT,waypoint,-9.9241,-9.9241,2.0373,2.7818,3.9567
2026-09-06T15:37:44.242,178888.593000,2587,FAILED,FAILED,0,,,,,,,10.16,ROT_RIGHT,waypoint,-9.9241,-9.9241,2.0373,2.7818,3.9567
2026-09-06T15:37:44.437,178888.781000,2589,FAILED,FAILED,0,,,,,,,10.16,ROT_RIGHT,waypoint,-9.9241,-9.9241,2.0373,2.7818,3.9567
2026-09-06T15:37:44.542,178888.890000,2590,FAILED,FAILED,0,,,,,,,10.16,ROT_RIGHT,waypoint,-9.9241,-9.9241,2.0373,2.7818,3.9567
2026-09-06T15:37:44.651,178889.000000,2591,FAILED,FAILED,0,,,,,,,10.16,ROT_RIGHT,waypoint,-9.9241,-9.9241,2.0373,2.7818,3.9567
2026-09-06T15:37:44.857,178889.203000,2593,FAILED,FAILED,0,,,,,,,9.75,ROT_RIGHT,waypoint,-9.9241,-9.9241,2.0373,2.7818,3.9567
2026-09-06T15:37:44.954,178889.312000,2594,FAILED,FAILED,0,,,,,,,9.75,ROT_RIGHT,waypoint,-9.9241,-9.9241,2.0373,2.7818,3.9567
