t_iso,frame_i,raw_video_frame_index,fsm_state,align_sub,camera_frame_number,camera_frame_delta,camera_sensor_timestamp_ms,camera_sensor_interval_ms,camera_timestamp_domain,camera_input_host_mono_ms,camera_input_interval_ms,inference_ran,inference_start_host_mono_ms,inference_end_host_mono_ms,model_inference_ms,input_to_inference_end_ms,pose_result_host_mono_ms,input_to_pose_result_ms,model_det_ok,pnp_ok,pose_src,pose_n_used,pose_rms_px,yaw_deg,pos_x_m,pos_z_m,center_bearing_deg
2026-09-08T13:59:32.302,1,,PRECHECK,PRECHECK,1,,1788843571364.700,,timestamp_domain.system_time,89365109.000,,1,89365125.000,89366031.000,906.000,922.000,89366031.000,922.000,0,0,,,,,,,
2026-09-08T13:59:32.497,2,,SEARCH_SWEEP,SEARCH_SWEEP,33,32,1788843572432.089,1067.389,timestamp_domain.system_time,89366187.000,1078.000,1,89366187.000,89366218.000,31.000,31.000,89366218.000,31.000,1,1,pnp_visible_ransac,9,0.331,-36.2780,-0.321573,5.221856,-3.5240
2026-09-08T13:59:32.601,3,,ACQUIRE_VERIFY,ACQUIRE_VERIFY,36,3,1788843572531.938,99.849,timestamp_domain.system_time,89366281.000,94.000,1,89366281.000,89366328.000,47.000,47.000,89366328.000,47.000,1,1,pnp_visible_ransac,9,0.382,-35.9370,-0.325188,5.196561,-3.5808
2026-09-08T13:59:32.701,4,,ACQUIRE_VERIFY,ACQUIRE_VERIFY,39,3,1788843572632.026,100.087,timestamp_domain.system_time,89366390.000,109.000,1,89366390.000,89366421.000,31.000,31.000,89366421.000,31.000,1,1,pnp_visible_ransac,9,0.376,-35.9976,-0.327855,5.203571,-3.6052
2026-09-08T13:59:32.794,5,,ACQUIRE_VERIFY,ACQUIRE_VERIFY,41,2,1788843572698.714,66.688,timestamp_domain.system_time,89366468.000,78.000,1,89366468.000,89366515.000,47.000,47.000,89366515.000,47.000,1,1,pnp_visible_ransac,9,0.453,-36.3890,-0.328287,5.209520,-3.6058
2026-09-08T13:59:32.869,6,,ACQUIRE_VERIFY,ACQUIRE_VERIFY,45,4,1788843572832.036,133.322,timestamp_domain.system_time,89366562.000,94.000,1,89366562.000,89366593.000,31.000,31.000,89366593.000,31.000,1,1,pnp_visible_ransac,9,0.525,-36.1988,-0.330521,5.197837,-3.6384
2026-09-08T13:59:32.945,7,,ACQUIRE_VERIFY,ACQUIRE_VERIFY,47,2,1788843572899.048,67.012,timestamp_domain.system_time,89366625.000,63.000,1,89366625.000,89366671.000,46.000,46.000,89366671.000,46.000,1,1,pnp_visible_ransac,9,0.680,-36.5745,-0.328208,5.192241,-3.6169
2026-09-08T13:59:33.026,8,,ACQUIRE_VERIFY,ACQUIRE_VERIFY,49,2,1788843572965.812,66.764,timestamp_domain.system_time,89366718.000,93.000,1,89366718.000,89366750.000,32.000,32.000,89366750.000,32.000,1,1,pnp_visible_ransac,9,0.651,-36.5290,-0.328266,5.196598,-3.6145
2026-09-08T13:59:33.106,9,,ACQUIRE_VERIFY,ACQUIRE_VERIFY,52,3,1788843573065.874,100.062,timestamp_domain.system_time,89366796.000,78.000,1,89366796.000,89366828.000,32.000,32.000,89366828.000,32.000,1,1,pnp_visible_ransac,9,0.608,-36.6230,-0.327130,5.196447,-3.6022
2026-09-08T13:59:33.179,10,,ACQUIRE_VERIFY,ACQUIRE_VERIFY,54,2,1788843573132.762,66.888,timestamp_domain.system_time,89366875.000,79.000,1,89366875.000,89366906.000,31.000,31.000,89366906.000,31.000,1,1,pnp_visible_ransac,9,0.658,-36.7571,-0.326855,5.197941,-3.5981
2026-09-08T13:59:33.265,11,,ACQUIRE_VERIFY,ACQUIRE_VERIFY,56,2,1788843573199.037,66.275,timestamp_domain.system_time,89366953.000,78.000,1,89366953.000,89366984.000,31.000,31.000,89366984.000,31.000,1,1,pnp_visible_ransac,9,0.683,-36.6776,-0.327632,5.194674,-3.6089
2026-09-08T13:59:33.349,12,,ACQUIRE_VERIFY,ACQUIRE_VERIFY,59,3,1788843573299.703,100.666,timestamp_domain.system_time,89367031.000,78.000,1,89367031.000,89367078.000,47.000,47.000,89367078.000,47.000,1,1,pnp_visible_ransac,9,0.702,-36.7313,-0.327203,5.197638,-3.6021
2026-09-08T13:59:33.432,13,,ACQUIRE_VERIFY,ACQUIRE_VERIFY,61,2,1788843573366.261,66.558,timestamp_domain.system_time,89367125.000,94.000,1,89367125.000,89367156.000,31.000,31.000,89367156.000,31.000,1,1,pnp_visible_ransac,9,0.659,-36.6456,-0.324865,5.183190,-3.5864
2026-09-08T13:59:33.513,14,,ACQUIRE_VERIFY,ACQUIRE_VERIFY,64,3,1788843573466.194,99.933,timestamp_domain.system_time,89367203.000,78.000,1,89367203.000,89367234.000,31.000,31.000,89367234.000,31.000,1,1,pnp_visible_ransac,9,0.643,-36.7258,-0.326676,5.199884,-3.5948
2026-09-08T13:59:33.602,15,,ACQUIRE_VERIFY,ACQUIRE_VERIFY,66,2,1788843573532.947,66.753,timestamp_domain.system_time,89367281.000,78.000,1,89367281.000,89367328.000,47.000,47.000,89367328.000,47.000,1,1,pnp_visible_ransac,9,0.630,-36.6833,-0.327063,5.195904,-3.6018
2026-09-08T13:59:33.690,16,,ACQUIRE_VERIFY,ACQUIRE_VERIFY,69,3,1788843573632.875,99.927,timestamp_domain.system_time,89367375.000,94.000,1,89367375.000,89367421.000,46.000,46.000,89367421.000,46.000,1,1,pnp_visible_ransac,9,0.653,-36.8018,-0.323805,5.188111,-3.5714
2026-09-08T13:59:33.773,17,,ACQUIRE_VERIFY,ACQUIRE_VERIFY,71,2,1788843573699.916,67.042,timestamp_domain.system_time,89367453.000,78.000,1,89367453.000,89367500.000,47.000,47.000,89367500.000,47.000,1,1,pnp_visible_ransac,9,0.626,-36.6357,-0.327031,5.195060,-3.6020
2026-09-08T13:59:33.909,18,,ACQUIRE_VERIFY,ACQUIRE_VERIFY,75,4,1788843573833.167,133.250,timestamp_domain.system_time,89367593.000,140.000,1,89367593.000,89367640.000,47.000,47.000,89367640.000,47.000,1,1,pnp_visible_ransac,9,0.644,-36.7858,-0.326572,5.199005,-3.5943
2026-09-08T13:59:34.007,19,,ACQUIRE_VERIFY,ACQUIRE_VERIFY,78,3,1788843573933.255,100.088,timestamp_domain.system_time,89367687.000,94.000,1,89367687.000,89367734.000,47.000,47.000,89367734.000,47.000,1,1,pnp_visible_ransac,9,0.700,-36.7014,-0.324369,5.197159,-3.5714
2026-09-08T13:59:34.087,20,,ACQUIRE_VERIFY,ACQUIRE_VERIFY,81,3,1788843574033.257,100.002,timestamp_domain.system_time,89367781.000,94.000,1,89367781.000,89367812.000,31.000,31.000,89367812.000,31.000,1,1,pnp_visible_ransac,9,0.682,-36.8155,-0.326484,5.206038,-3.5885
2026-09-08T13:59:34.152,21,,ACQUIRE_VERIFY,ACQUIRE_VERIFY,83,2,1788843574099.743,66.486,timestamp_domain.system_time,89367843.000,62.000,1,89367843.000,89367875.000,32.000,32.000,89367875.000,32.000,1,1,pnp_visible_ransac,9,0.732,-36.9360,-0.326224,5.203838,-3.5871
2026-09-08T13:59:34.240,22,,ACQUIRE_VERIFY,ACQUIRE_VERIFY,86,3,1788843574200.420,100.677,timestamp_domain.system_time,89367937.000,94.000,1,89367937.000,89367968.000,31.000,31.000,89367968.000,31.000,1,1,pnp_visible_ransac,9,0.723,-36.9781,-0.325865,5.208040,-3.5803
2026-09-08T13:59:34.307,23,,ACQUIRE_VERIFY,ACQUIRE_VERIFY,88,2,1788843574267.004,66.584,timestamp_domain.system_time,89368000.000,63.000,1,89368000.000,89368031.000,31.000,31.000,89368031.000,31.000,1,1,pnp_visible_ransac,9,0.683,-36.9735,-0.326935,5.213867,-3.5880
2026-09-08T13:59:34.395,24,,ACQUIRE_VERIFY,ACQUIRE_VERIFY,90,2,1788843574333.406,66.403,timestamp_domain.system_time,89368093.000,93.000,1,89368093.000,89368125.000,32.000,32.000,89368125.000,32.000,1,1,pnp_visible_ransac,9,0.670,-36.7128,-0.326976,5.202935,-3.5960
2026-09-08T13:59:34.474,25,,ACQUIRE_VERIFY,ACQUIRE_VERIFY,93,3,1788843574433.445,100.039,timestamp_domain.system_time,89368171.000,78.000,1,89368171.000,89368203.000,32.000,32.000,89368203.000,32.000,1,1,pnp_visible_ransac,9,0.682,-36.8155,-0.326484,5.206038,-3.5885
2026-09-08T13:59:34.553,26,,ACQUIRE_VERIFY,ACQUIRE_VERIFY,95,2,1788843574500.596,67.151,timestamp_domain.system_time,89368234.000,63.000,1,89368234.000,89368265.000,31.000,31.000,89368281.000,47.000,1,1,pnp_visible_ransac,9,0.623,-36.8232,-0.327296,5.209129,-3.5952
2026-09-08T13:59:34.635,27,,ACQUIRE_VERIFY,ACQUIRE_VERIFY,97,2,1788843574566.775,66.180,timestamp_domain.system_time,89368328.000,94.000,1,89368328.000,89368343.000,15.000,15.000,89368359.000,31.000,1,1,pnp_visible_ransac,9,0.732,-36.9360,-0.326224,5.203838,-3.5871
2026-09-08T13:59:34.708,28,,ACQUIRE_VERIFY,ACQUIRE_VERIFY,100,3,1788843574666.972,100.197,timestamp_domain.system_time,89368406.000,78.000,1,89368406.000,89368437.000,31.000,31.000,89368437.000,31.000,1,1,pnp_visible_ransac,9,0.732,-36.9360,-0.326224,5.203838,-3.5871
2026-09-08T13:59:34.791,29,,ACQUIRE_VERIFY,ACQUIRE_VERIFY,101,1,1788843574700.413,33.441,timestamp_domain.system_time,89368484.000,78.000,1,89368484.000,89368500.000,16.000,16.000,89368515.000,31.000,1,1,pnp_visible_ransac,9,0.663,-36.7558,-0.326606,5.207124,-3.5891
2026-09-08T13:59:34.909,30,,ACQUIRE_VERIFY,ACQUIRE_VERIFY,105,4,1788843574833.706,133.292,timestamp_domain.system_time,89368593.000,109.000,1,89368593.000,89368640.000,47.000,47.000,89368640.000,47.000,1,1,pnp_visible_ransac,9,0.703,-36.9607,-0.325794,5.199076,-3.5857
2026-09-08T13:59:34.976,31,,ACQUIRE_VERIFY,ACQUIRE_VERIFY,108,3,1788843574933.981,100.275,timestamp_domain.system_time,89368671.000,78.000,1,89368671.000,89368703.000,32.000,32.000,89368703.000,32.000,1,1,pnp_visible_ransac,9,0.666,-36.8289,-0.326215,5.203284,-3.5874
2026-09-08T13:59:35.066,32,,ACQUIRE_VERIFY,ACQUIRE_VERIFY,110,2,1788843575000.565,66.584,timestamp_domain.system_time,89368750.000,79.000,1,89368750.000,89368796.000,46.000,46.000,89368796.000,46.000,1,1,pnp_visible_ransac,9,0.657,-36.7251,-0.326763,5.200567,-3.5953
2026-09-08T13:59:35.144,33,,ACQUIRE_VERIFY,ACQUIRE_VERIFY,113,3,1788843575101.085,100.520,timestamp_domain.system_time,89368828.000,78.000,1,89368828.000,89368875.000,47.000,47.000,89368875.000,47.000,1,1,pnp_visible_ransac,9,0.707,-36.9906,-0.325648,5.205644,-3.5796
2026-09-08T13:59:35.218,34,,ACQUIRE_VERIFY,ACQUIRE_VERIFY,115,2,1788843575167.360,66.275,timestamp_domain.system_time,89368906.000,78.000,1,89368906.000,89368937.000,31.000,31.000,89368937.000,31.000,1,1,pnp_visible_ransac,9,0.655,-37.0440,-0.325008,5.206823,-3.5717
2026-09-08T13:59:35.278,35,,ACQUIRE_VERIFY,ACQUIRE_VERIFY,117,2,1788843575234.193,66.833,timestamp_domain.system_time,89368984.000,78.000,1,89368984.000,89369000.000,16.000,16.000,89369000.000,16.000,1,1,pnp_visible_ransac,9,0.707,-36.9906,-0.325648,5.205644,-3.5796
2026-09-08T13:59:35.376,36,0,FACE_ROTATE,FACE_ROTATE,120,3,1788843575334.057,99.864,timestamp_domain.system_time,89369062.000,78.000,1,89369078.000,89369093.000,15.000,31.000,89369093.000,31.000,1,1,pnp_visible_ransac,9,0.615,-36.8970,-0.325547,5.208127,-3.5768
2026-09-08T13:59:35.472,37,1,FACE_ROTATE,FACE_ROTATE,123,3,1788843575434.165,100.108,timestamp_domain.system_time,89369156.000,94.000,1,89369171.000,89369203.000,32.000,47.000,89369203.000,47.000,1,1,pnp_visible_ransac,9,0.683,-37.0452,-0.325071,5.207445,-3.5720
2026-09-08T13:59:35.557,38,2,FACE_ROTATE,FACE_ROTATE,125,2,1788843575500.931,66.767,timestamp_domain.system_time,89369250.000,94.000,1,89369250.000,89369281.000,31.000,31.000,89369281.000,31.000,1,1,pnp_visible_ransac,9,0.652,-36.7983,-0.327728,5.213904,-3.5967
2026-09-08T13:59:35.640,39,3,FACE_ROTATE,FACE_ROTATE,128,3,1788843575600.897,99.966,timestamp_domain.system_time,89369328.000,78.000,1,89369328.000,89369359.000,31.000,31.000,89369359.000,31.000,1,1,pnp_visible_ransac,9,0.654,-36.8403,-0.326054,5.201275,-3.5870
2026-09-08T13:59:35.720,40,4,FACE_ROTATE,FACE_ROTATE,130,2,1788843575667.566,66.669,timestamp_domain.system_time,89369406.000,78.000,1,89369421.000,89369437.000,16.000,31.000,89369437.000,31.000,1,1,pnp_visible_ransac,9,0.630,-36.7406,-0.323988,5.189573,-3.5724
2026-09-08T13:59:35.806,41,5,FACE_ROTATE,FACE_ROTATE,132,2,1788843575734.343,66.777,timestamp_domain.system_time,89369484.000,78.000,1,89369484.000,89369531.000,47.000,47.000,89369531.000,47.000,1,1,pnp_visible_ransac,9,0.627,-36.7384,-0.323612,5.189066,-3.5686
2026-09-08T13:59:35.905,42,6,FACE_ROTATE,FACE_ROTATE,135,3,1788843575834.617,100.274,timestamp_domain.system_time,89369578.000,94.000,1,89369593.000,89369625.000,32.000,47.000,89369625.000,47.000,1,1,pnp_visible_ransac,9,0.654,-36.8403,-0.326054,5.201275,-3.5870
2026-09-08T13:59:35.978,43,7,FACE_ROTATE,FACE_ROTATE,138,3,1788843575934.487,99.870,timestamp_domain.system_time,89369671.000,93.000,1,89369687.000,89369703.000,16.000,32.000,89369703.000,32.000,1,1,pnp_visible_ransac,9,0.621,-37.0386,-0.324726,5.195497,-3.5764
2026-09-08T13:59:36.060,44,8,FACE_ROTATE,FACE_ROTATE,140,2,1788843576000.960,66.474,timestamp_domain.system_time,89369750.000,79.000,1,89369750.000,89369781.000,31.000,31.000,89369781.000,31.000,1,1,pnp_visible_ransac,9,0.698,-36.8029,-0.326701,5.208430,-3.5892
2026-09-08T13:59:36.146,45,9,FACE_ROTATE,FACE_ROTATE,143,3,1788843576101.051,100.090,timestamp_domain.system_time,89369828.000,78.000,1,89369843.000,89369875.000,32.000,47.000,89369875.000,47.000,1,1,pnp_visible_ransac,9,0.645,-36.9982,-0.324933,5.205799,-3.5716
2026-09-08T13:59:36.223,46,10,FACE_ROTATE,FACE_ROTATE,145,2,1788843576167.974,66.923,timestamp_domain.system_time,89369921.000,93.000,1,89369921.000,89369953.000,32.000,32.000,89369953.000,32.000,1,1,pnp_visible_ransac,9,0.683,-37.0452,-0.325071,5.207445,-3.5720
2026-09-08T13:59:36.307,47,11,FACE_ROTATE,FACE_ROTATE,148,3,1788843576268.074,100.100,timestamp_domain.system_time,89370000.000,79.000,1,89370000.000,89370031.000,31.000,31.000,89370031.000,31.000,1,1,pnp_visible_ransac,9,0.628,-36.6808,-0.326764,5.204565,-3.5926
2026-09-08T13:59:36.393,48,12,FACE_ROTATE,FACE_ROTATE,150,2,1788843576334.695,66.621,timestamp_domain.system_time,89370078.000,78.000,1,89370078.000,89370109.000,31.000,31.000,89370109.000,31.000,1,1,pnp_visible_ransac,9,0.707,-36.7755,-0.326991,5.207528,-3.5930
2026-09-08T13:59:36.474,49,13,FACE_ROTATE,FACE_ROTATE,153,3,1788843576434.810,100.115,timestamp_domain.system_time,89370171.000,93.000,1,89370171.000,89370203.000,32.000,32.000,89370203.000,32.000,1,1,pnp_visible_ransac,9,0.609,-36.9494,-0.324901,5.204893,-3.5719
2026-09-08T13:59:36.556,50,14,FACE_ROTATE,FACE_ROTATE,155,2,1788843576501.305,66.495,timestamp_domain.system_time,89370234.000,63.000,1,89370250.000,89370281.000,31.000,47.000,89370281.000,47.000,1,1,pnp_visible_ransac,9,0.580,-36.9480,-0.324881,5.204624,-3.5719
2026-09-08T13:59:36.634,51,15,FACE_ROTATE,FACE_ROTATE,157,2,1788843576568.206,66.901,timestamp_domain.system_time,89370328.000,94.000,1,89370328.000,89370359.000,31.000,31.000,89370359.000,31.000,1,1,pnp_visible_ransac,9,0.707,-36.9906,-0.325648,5.205644,-3.5796
2026-09-08T13:59:36.712,52,16,FACE_ROTATE,FACE_ROTATE,160,3,1788843576668.297,100.091,timestamp_domain.system_time,89370406.000,78.000,1,89370406.000,89370437.000,31.000,31.000,89370437.000,31.000,1,1,pnp_visible_ransac,9,0.654,-36.8403,-0.326054,5.201275,-3.5870
2026-09-08T13:59:36.787,53,17,FACE_ROTATE,FACE_ROTATE,162,2,1788843576734.967,66.670,timestamp_domain.system_time,89370484.000,78.000,1,89370484.000,89370515.000,31.000,31.000,89370515.000,31.000,1,1,pnp_visible_ransac,9,0.693,-37.0874,-0.324876,5.197394,-3.5768
2026-09-08T13:59:36.891,54,18,FACE_SETTLE,FACE_SETTLE,163,1,1788843576768.272,33.305,timestamp_domain.system_time,89370593.000,109.000,1,89370593.000,89370609.000,16.000,16.000,89370609.000,16.000,1,1,pnp_visible_ransac,9,0.654,-36.8403,-0.326054,5.201275,-3.5870
2026-09-08T13:59:36.982,55,19,FACE_SETTLE,FACE_SETTLE,168,5,1788843576935.067,166.796,timestamp_domain.system_time,89370671.000,78.000,1,89370671.000,89370703.000,32.000,32.000,89370703.000,32.000,1,1,pnp_visible_ransac,9,0.636,-36.6948,-0.326743,5.208224,-3.5898
2026-09-08T13:59:37.064,56,20,FACE_SETTLE,FACE_SETTLE,170,2,1788843577001.969,66.902,timestamp_domain.system_time,89370750.000,79.000,1,89370750.000,89370781.000,31.000,31.000,89370781.000,31.000,1,1,pnp_visible_ransac,9,0.620,-36.8986,-0.324387,5.196998,-3.5717
2026-09-08T13:59:37.141,57,21,FACE_SETTLE,FACE_SETTLE,173,3,1788843577101.806,99.837,timestamp_domain.system_time,89370828.000,78.000,1,89370843.000,89370859.000,16.000,31.000,89370859.000,31.000,1,1,pnp_visible_ransac,9,0.707,-36.9906,-0.325648,5.205644,-3.5796
2026-09-08T13:59:37.226,58,22,FACE_SETTLE,FACE_SETTLE,175,2,1788843577168.715,66.909,timestamp_domain.system_time,89370921.000,93.000,1,89370921.000,89370937.000,16.000,16.000,89370953.000,32.000,1,1,pnp_visible_ransac,9,0.618,-36.6775,-0.326675,5.199269,-3.5952
2026-09-08T13:59:37.303,59,23,FACE_SETTLE,FACE_SETTLE,178,3,1788843577268.595,99.880,timestamp_domain.system_time,89371000.000,79.000,1,89371000.000,89371031.000,31.000,31.000,89371031.000,31.000,1,1,pnp_visible_ransac,9,0.707,-36.9906,-0.325648,5.205644,-3.5796
2026-09-08T13:59:37.381,60,24,FACE_SETTLE,FACE_SETTLE,180,2,1788843577335.318,66.724,timestamp_domain.system_time,89371078.000,78.000,1,89371078.000,89371109.000,31.000,31.000,89371109.000,31.000,1,1,pnp_visible_ransac,9,0.686,-36.9299,-0.325783,5.206769,-3.5803
2026-09-08T13:59:37.469,61,25,FACE_SETTLE,FACE_SETTLE,182,2,1788843577402.106,66.788,timestamp_domain.system_time,89371156.000,78.000,1,89371156.000,89371187.000,31.000,31.000,89371187.000,31.000,1,1,pnp_visible_ransac,9,0.659,-36.8701,-0.325908,5.207854,-3.5809
2026-09-08T13:59:37.548,62,26,FACE_SETTLE,FACE_SETTLE,185,3,1788843577502.249,100.143,timestamp_domain.system_time,89371234.000,78.000,1,89371234.000,89371265.000,31.000,31.000,89371265.000,31.000,1,1,pnp_visible_ransac,9,0.717,-36.7905,-0.326958,5.211161,-3.5901
2026-09-08T13:59:37.621,63,27,FACE_SETTLE,FACE_SETTLE,187,2,1788843577568.815,66.566,timestamp_domain.system_time,89371312.000,78.000,1,89371312.000,89371343.000,31.000,31.000,89371343.000,31.000,1,1,pnp_visible_ransac,9,0.628,-36.8389,-0.326034,5.201007,-3.5870
2026-09-08T13:59:37.710,64,28,FACE_SETTLE,FACE_SETTLE,190,3,1788843577668.858,100.043,timestamp_domain.system_time,89371406.000,94.000,1,89371406.000,89371437.000,31.000,31.000,89371437.000,31.000,1,1,pnp_visible_ransac,9,0.680,-36.9893,-0.325585,5.205023,-3.5793
2026-09-08T13:59:37.789,65,29,FACE_SETTLE,FACE_SETTLE,192,2,1788843577735.842,66.984,timestamp_domain.system_time,89371484.000,78.000,1,89371484.000,89371515.000,31.000,31.000,89371515.000,31.000,1,1,pnp_visible_ransac,9,0.672,-37.0315,-0.325225,5.209222,-3.5725
2026-09-08T13:59:37.942,66,30,FACE_SETTLE,FACE_SETTLE,196,4,1788843577869.188,133.346,timestamp_domain.system_time,89371625.000,141.000,1,89371625.000,89371656.000,31.000,31.000,89371671.000,46.000,1,1,pnp_visible_ransac,9,0.631,-36.6797,-0.326820,5.204947,-3.5929
2026-09-08T13:59:38.047,67,31,FACE_SETTLE,FACE_SETTLE,200,4,1788843578002.540,133.352,timestamp_domain.system_time,89371734.000,109.000,1,89371734.000,89371765.000,31.000,31.000,89371765.000,31.000,1,1,pnp_visible_ransac,9,0.631,-36.5704,-0.325071,5.181012,-3.5902
2026-09-08T13:59:38.135,68,32,FACE_SETTLE,FACE_SETTLE,202,2,1788843578069.385,66.846,timestamp_domain.system_time,89371828.000,94.000,1,89371828.000,89371859.000,31.000,31.000,89371859.000,31.000,1,1,pnp_visible_ransac,9,0.655,-37.0440,-0.325008,5.206823,-3.5717
2026-09-08T13:59:38.241,69,33,FACE_SETTLE,FACE_SETTLE,205,3,1788843578169.416,100.030,timestamp_domain.system_time,89371921.000,93.000,1,89371921.000,89371968.000,47.000,47.000,89371968.000,47.000,1,1,pnp_visible_ransac,9,0.726,-36.8762,-0.323536,5.196790,-3.5625
2026-09-08T13:59:38.321,70,34,FACE_SETTLE,FACE_SETTLE,208,3,1788843578269.049,99.633,timestamp_domain.system_time,89372015.000,94.000,1,89372015.000,89372046.000,31.000,31.000,89372046.000,31.000,1,1,pnp_visible_ransac,9,0.707,-36.9906,-0.325648,5.205644,-3.5796
2026-09-08T13:59:38.398,71,35,FACE_SETTLE,FACE_SETTLE,210,2,1788843578335.949,66.900,timestamp_domain.system_time,89372093.000,78.000,1,89372093.000,89372125.000,32.000,32.000,89372125.000,32.000,1,1,pnp_visible_ransac,9,0.631,-36.8958,-0.325466,5.203061,-3.5793
2026-09-08T13:59:38.489,72,36,FACE_SETTLE,FACE_SETTLE,213,3,1788843578436.004,100.056,timestamp_domain.system_time,89372171.000,78.000,1,89372187.000,89372218.000,31.000,47.000,89372218.000,47.000,1,1,pnp_visible_ransac,9,0.667,-36.8426,-0.326198,5.206956,-3.5847
2026-09-08T13:59:38.580,73,37,FACE_SETTLE,FACE_SETTLE,216,3,1788843578536.272,100.268,timestamp_domain.system_time,89372265.000,94.000,1,89372265.000,89372296.000,31.000,31.000,89372296.000,31.000,1,1,pnp_visible_ransac,9,0.732,-37.0204,-0.325669,5.197989,-3.5851
2026-09-08T13:59:38.655,74,38,FACE_SETTLE,FACE_SETTLE,218,2,1788843578602.901,66.629,timestamp_domain.system_time,89372343.000,78.000,1,89372343.000,89372375.000,32.000,32.000,89372375.000,32.000,1,1,pnp_visible_ransac,9,0.657,-36.7251,-0.326763,5.200567,-3.5953
2026-09-08T13:59:38.732,75,39,FACE_SETTLE,FACE_SETTLE,221,3,1788843578702.836,99.935,timestamp_domain.system_time,89372421.000,78.000,1,89372437.000,89372453.000,16.000,32.000,89372453.000,32.000,1,1,pnp_visible_ransac,9,0.707,-36.9906,-0.325648,5.205644,-3.5796
2026-09-08T13:59:38.823,76,40,FACE_SETTLE,FACE_SETTLE,222,1,1788843578737.283,34.447,timestamp_domain.system_time,89372515.000,94.000,1,89372515.000,89372546.000,31.000,31.000,89372546.000,31.000,1,1,pnp_visible_ransac,9,0.624,-36.8390,-0.325990,5.200656,-3.5868
2026-09-08T13:59:38.941,77,41,FACE_SETTLE,FACE_SETTLE,223,1,1788843578769.643,32.360,timestamp_domain.system_time,89372625.000,110.000,1,89372625.000,89372656.000,31.000,31.000,89372671.000,46.000,1,1,pnp_visible_ransac,9,0.680,-36.9893,-0.325585,5.205023,-3.5793
2026-09-08T13:59:39.019,78,42,FACE_SETTLE,FACE_SETTLE,229,6,1788843578969.606,199.962,timestamp_domain.system_time,89372703.000,78.000,1,89372718.000,89372750.000,32.000,47.000,89372750.000,47.000,1,1,pnp_visible_ransac,9,0.707,-36.9906,-0.325648,5.205644,-3.5796
2026-09-08T13:59:39.097,79,43,FACE_SETTLE,FACE_SETTLE,231,2,1788843579036.575,66.970,timestamp_domain.system_time,89372796.000,93.000,1,89372796.000,89372828.000,32.000,32.000,89372828.000,32.000,1,1,pnp_visible_ransac,9,0.677,-36.7857,-0.326629,5.199459,-3.5946
2026-09-08T13:59:39.181,80,44,FACE_SETTLE,FACE_SETTLE,234,3,1788843579136.858,100.283,timestamp_domain.system_time,89372875.000,79.000,1,89372875.000,89372906.000,31.000,31.000,89372906.000,31.000,1,1,pnp_visible_ransac,9,0.694,-37.0027,-0.325435,5.203268,-3.5789
2026-09-08T13:59:39.263,81,45,FACE_SETTLE,FACE_SETTLE,236,2,1788843579203.402,66.543,timestamp_domain.system_time,89372937.000,62.000,1,89372953.000,89372984.000,31.000,47.000,89372984.000,47.000,1,1,pnp_visible_ransac,9,0.668,-36.7000,-0.324409,5.185998,-3.5795
2026-09-08T13:59:39.348,82,46,FACE_SETTLE,FACE_SETTLE,239,3,1788843579303.568,100.167,timestamp_domain.system_time,89373031.000,94.000,1,89373031.000,89373062.000,31.000,31.000,89373078.000,47.000,1,1,pnp_visible_ransac,9,0.631,-36.8948,-0.325478,5.203087,-3.5795
2026-09-08T13:59:39.422,83,47,FACE_SETTLE,FACE_SETTLE,241,2,1788843579370.307,66.739,timestamp_domain.system_time,89373109.000,78.000,1,89373109.000,89373140.000,31.000,31.000,89373140.000,31.000,1,1,pnp_visible_ransac,9,0.619,-36.8809,-0.325675,5.205210,-3.5802
2026-09-08T13:59:39.506,84,48,FACE_SETTLE,FACE_SETTLE,243,2,1788843579436.788,66.480,timestamp_domain.system_time,89373187.000,78.000,1,89373203.000,89373234.000,31.000,47.000,89373234.000,47.000,1,1,pnp_visible_ransac,9,0.624,-36.8390,-0.325990,5.200656,-3.5868
2026-09-08T13:59:39.590,85,49,FACE_SETTLE,FACE_SETTLE,246,3,1788843579536.992,100.204,timestamp_domain.system_time,89373281.000,94.000,1,89373281.000,89373312.000,31.000,31.000,89373312.000,31.000,1,1,pnp_visible_ransac,9,0.610,-36.8513,-0.325778,5.198288,-3.5860
2026-09-08T13:59:39.672,86,50,FACE_SETTLE,FACE_SETTLE,248,2,1788843579603.754,66.762,timestamp_domain.system_time,89373359.000,78.000,1,89373359.000,89373390.000,31.000,31.000,89373390.000,31.000,1,1,pnp_visible_ransac,9,0.659,-36.8701,-0.325908,5.207854,-3.5809
2026-09-08T13:59:39.760,87,51,FACE_ROTATE,FACE_ROTATE,251,3,1788843579703.650,99.896,timestamp_domain.system_time,89373453.000,94.000,1,89373453.000,89373484.000,31.000,31.000,89373484.000,31.000,1,1,pnp_visible_ransac,9,0.695,-36.8879,-0.326142,5.202567,-3.5871
2026-09-08T13:59:39.839,88,52,FACE_ROTATE,FACE_ROTATE,252,1,1788843579737.819,34.169,timestamp_domain.system_time,89373531.000,78.000,1,89373531.000,89373562.000,31.000,31.000,89373562.000,31.000,1,1,pnp_visible_ransac,9,0.654,-36.8403,-0.326054,5.201275,-3.5870
2026-09-08T13:59:39.933,89,53,FACE_ROTATE,FACE_ROTATE,253,1,1788843579770.927,33.107,timestamp_domain.system_time,89373625.000,94.000,1,89373625.000,89373656.000,31.000,31.000,89373656.000,31.000,1,1,pnp_visible_ransac,9,0.706,-36.9348,-0.326161,5.203218,-3.5869
2026-09-08T13:59:40.022,90,54,FACE_ROTATE,FACE_ROTATE,259,6,1788843579970.611,199.684,timestamp_domain.system_time,89373703.000,78.000,1,89373718.000,89373750.000,32.000,47.000,89373750.000,47.000,1,1,pnp_visible_ransac,9,0.682,-36.8155,-0.326484,5.206038,-3.5885
2026-09-08T13:59:40.100,91,55,FACE_ROTATE,FACE_ROTATE,261,2,1788843580037.403,66.792,timestamp_domain.system_time,89373796.000,93.000,1,89373796.000,89373828.000,32.000,32.000,89373828.000,32.000,1,1,pnp_visible_ransac,9,0.632,-36.8128,-0.326225,5.199384,-3.5902
2026-09-08T13:59:40.184,92,56,FACE_ROTATE,FACE_ROTATE,264,3,1788843580137.490,100.087,timestamp_domain.system_time,89373875.000,79.000,1,89373875.000,89373906.000,31.000,31.000,89373906.000,31.000,1,1,pnp_visible_ransac,9,0.732,-36.9360,-0.326224,5.203838,-3.5871
2026-09-08T13:59:40.269,93,57,FACE_ROTATE,FACE_ROTATE,266,2,1788843580203.995,66.504,timestamp_domain.system_time,89373953.000,78.000,1,89373968.000,89374000.000,32.000,47.000,89374000.000,47.000,1,1,pnp_visible_ransac,9,0.654,-36.8403,-0.326054,5.201275,-3.5870
2026-09-08T13:59:40.351,94,58,FACE_ROTATE,FACE_ROTATE,269,3,1788843580304.212,100.217,timestamp_domain.system_time,89374046.000,93.000,1,89374046.000,89374078.000,32.000,32.000,89374078.000,32.000,1,1,pnp_visible_ransac,9,0.707,-36.9906,-0.325648,5.205644,-3.5796
2026-09-08T13:59:40.435,95,59,FACE_ROTATE,FACE_ROTATE,271,2,1788843580370.590,66.378,timestamp_domain.system_time,89374109.000,63.000,1,89374109.000,89374156.000,47.000,47.000,89374156.000,47.000,1,1,pnp_visible_ransac,9,0.683,-37.0452,-0.325071,5.207445,-3.5720
2026-09-08T13:59:40.517,96,60,FACE_ROTATE,FACE_ROTATE,274,3,1788843580471.120,100.530,timestamp_domain.system_time,89374203.000,94.000,1,89374203.000,89374234.000,31.000,31.000,89374234.000,31.000,1,1,pnp_visible_ransac,9,0.732,-36.9360,-0.326224,5.203838,-3.5871
2026-09-08T13:59:40.603,97,61,FACE_ROTATE,FACE_ROTATE,276,2,1788843580537.593,66.473,timestamp_domain.system_time,89374281.000,78.000,1,89374281.000,89374328.000,47.000,47.000,89374328.000,47.000,1,1,pnp_visible_ransac,9,0.623,-36.8402,-0.325935,5.200281,-3.5864
2026-09-08T13:59:40.686,98,62,FACE_ROTATE,FACE_ROTATE,279,3,1788843580637.884,100.291,timestamp_domain.system_time,89374375.000,94.000,1,89374375.000,89374406.000,31.000,31.000,89374406.000,31.000,1,1,pnp_visible_ransac,9,0.695,-36.8879,-0.326142,5.202567,-3.5871
2026-09-08T13:59:40.760,99,63,FACE_ROTATE,FACE_ROTATE,281,2,1788843580704.400,66.516,timestamp_domain.system_time,89374453.000,78.000,1,89374453.000,89374484.000,31.000,31.000,89374484.000,31.000,1,1,pnp_visible_ransac,9,0.624,-36.8390,-0.325990,5.200656,-3.5868
2026-09-08T13:59:40.855,100,64,FACE_ROTATE,FACE_ROTATE,282,1,1788843580738.622,34.223,timestamp_domain.system_time,89374546.000,93.000,1,89374546.000,89374578.000,32.000,32.000,89374578.000,32.000,1,1,pnp_visible_ransac,9,0.736,-37.0504,-0.325523,5.204553,-3.5790
2026-09-08T13:59:40.939,101,65,FACE_ROTATE,FACE_ROTATE,286,4,1788843580871.743,133.121,timestamp_domain.system_time,89374625.000,79.000,1,89374625.000,89374656.000,31.000,31.000,89374656.000,31.000,1,1,pnp_visible_ransac,9,0.631,-36.8948,-0.325478,5.203087,-3.5795
2026-09-08T13:59:41.023,102,66,FACE_ROTATE,FACE_ROTATE,289,3,1788843580971.381,99.637,timestamp_domain.system_time,89374703.000,78.000,1,89374703.000,89374750.000,47.000,47.000,89374750.000,47.000,1,1,pnp_visible_ransac,9,0.679,-37.0152,-0.325218,5.200876,-3.5781
2026-09-08T13:59:41.108,103,67,FACE_ROTATE,FACE_ROTATE,291,2,1788843581038.088,66.707,timestamp_domain.system_time,89374781.000,78.000,1,89374781.000,89374828.000,47.000,47.000,89374828.000,47.000,1,1,pnp_visible_ransac,9,0.642,-36.9412,-0.325503,5.203755,-3.5793
2026-09-08T13:59:41.187,104,68,FACE_ROTATE,FACE_ROTATE,294,3,1788843581137.839,99.751,timestamp_domain.system_time,89374875.000,94.000,1,89374875.000,89374906.000,31.000,31.000,89374906.000,31.000,1,1,pnp_visible_ransac,9,0.651,-36.8414,-0.325998,5.200896,-3.5867
2026-09-08T13:59:41.272,105,69,FACE_SETTLE,FACE_SETTLE,296,2,1788843581204.661,66.823,timestamp_domain.system_time,89374953.000,78.000,1,89374953.000,89375000.000,47.000,47.000,89375000.000,47.000,1,1,pnp_visible_ransac,9,0.739,-37.1398,-0.325178,5.209370,-3.5719
2026-09-08T13:59:41.349,106,70,FACE_SETTLE,FACE_SETTLE,299,3,1788843581304.784,100.123,timestamp_domain.system_time,89375031.000,78.000,1,89375046.000,89375078.000,32.000,47.000,89375078.000,47.000,1,1,pnp_visible_ransac,9,0.680,-36.9893,-0.325585,5.205023,-3.5793
2026-09-08T13:59:41.429,107,71,FACE_SETTLE,FACE_SETTLE,301,2,1788843581371.540,66.756,timestamp_domain.system_time,89375125.000,94.000,1,89375125.000,89375156.000,31.000,31.000,89375156.000,31.000,1,1,pnp_visible_ransac,9,0.695,-36.8879,-0.326142,5.202567,-3.5871
2026-09-08T13:59:41.501,108,72,FACE_SETTLE,FACE_SETTLE,304,3,1788843581471.358,99.818,timestamp_domain.system_time,89375203.000,78.000,1,89375203.000,89375218.000,15.000,15.000,89375218.000,15.000,1,1,pnp_visible_ransac,9,0.660,-36.8711,-0.325896,5.207828,-3.5808
2026-09-08T13:59:41.593,109,73,FACE_SETTLE,FACE_SETTLE,306,2,1788843581538.350,66.992,timestamp_domain.system_time,89375281.000,78.000,1,89375281.000,89375312.000,31.000,31.000,89375312.000,31.000,1,1,pnp_visible_ransac,9,0.624,-36.8390,-0.325990,5.200656,-3.5868
2026-09-08T13:59:41.669,110,74,FACE_SETTLE,FACE_SETTLE,308,2,1788843581605.092,66.742,timestamp_domain.system_time,89375359.000,78.000,1,89375359.000,89375390.000,31.000,31.000,89375390.000,31.000,1,1,pnp_visible_ransac,9,0.654,-36.8403,-0.326054,5.201275,-3.5870
2026-09-08T13:59:41.755,111,75,FACE_SETTLE,FACE_SETTLE,311,3,1788843581705.089,99.997,timestamp_domain.system_time,89375453.000,94.000,1,89375453.000,89375468.000,15.000,15.000,89375484.000,31.000,1,1,pnp_visible_ransac,9,0.669,-36.8277,-0.326271,5.203664,-3.5878
2026-09-08T13:59:41.833,112,76,FACE_SETTLE,FACE_SETTLE,312,1,1788843581738.768,33.679,timestamp_domain.system_time,89375515.000,62.000,1,89375531.000,89375562.000,31.000,47.000,89375562.000,47.000,1,1,pnp_visible_ransac,9,0.643,-36.8263,-0.326251,5.203396,-3.5877
2026-09-08T13:59:41.943,113,77,FACE_SETTLE,FACE_SETTLE,316,4,1788843581871.742,132.974,timestamp_domain.system_time,89375625.000,110.000,1,89375625.000,89375671.000,46.000,46.000,89375671.000,46.000,1,1,pnp_visible_ransac,9,0.732,-36.9360,-0.326224,5.203838,-3.5871
2026-09-08T13:59:42.022,114,78,FACE_SETTLE,FACE_SETTLE,319,3,1788843581971.784,100.042,timestamp_domain.system_time,89375718.000,93.000,1,89375718.000,89375750.000,32.000,32.000,89375750.000,32.000,1,1,pnp_visible_ransac,9,0.723,-36.9781,-0.325865,5.208040,-3.5803
2026-09-08T13:59:42.098,115,79,FACE_SETTLE,FACE_SETTLE,321,2,1788843582038.684,66.900,timestamp_domain.system_time,89375796.000,78.000,1,89375796.000,89375828.000,32.000,32.000,89375828.000,32.000,1,1,pnp_visible_ransac,9,0.663,-36.8313,-0.323701,5.195013,-3.5655
2026-09-08T13:59:42.187,116,80,FACE_SETTLE,FACE_SETTLE,324,3,1788843582138.923,100.240,timestamp_domain.system_time,89375859.000,63.000,1,89375859.000,89375906.000,47.000,47.000,89375906.000,47.000,1,1,pnp_visible_ransac,9,0.608,-36.6639,-0.326691,5.195603,-3.5979
2026-09-08T13:59:42.266,117,81,FACE_SETTLE,FACE_SETTLE,326,2,1788843582205.592,66.669,timestamp_domain.system_time,89375953.000,94.000,1,89375953.000,89375984.000,31.000,31.000,89375984.000,31.000,1,1,pnp_visible_ransac,9,0.667,-37.0585,-0.324802,5.204686,-3.5710
2026-09-08T13:59:42.340,118,82,FACE_SETTLE,FACE_SETTLE,329,3,1788843582305.661,100.068,timestamp_domain.system_time,89376031.000,78.000,1,89376031.000,89376062.000,31.000,31.000,89376062.000,31.000,1,1,pnp_visible_ransac,9,0.695,-36.8879,-0.326142,5.202567,-3.5871
2026-09-08T13:59:42.433,119,83,FACE_SETTLE,FACE_SETTLE,331,2,1788843582372.115,66.454,timestamp_domain.system_time,89376125.000,94.000,1,89376125.000,89376156.000,31.000,31.000,89376156.000,31.000,1,1,pnp_visible_ransac,9,0.672,-36.9864,-0.325309,5.193943,-3.5839
2026-09-08T13:59:42.507,120,84,FACE_SETTLE,FACE_SETTLE,334,3,1788843582472.447,100.332,timestamp_domain.system_time,89376203.000,78.000,1,89376203.000,89376234.000,31.000,31.000,89376234.000,31.000,1,1,pnp_visible_ransac,9,0.694,-37.0027,-0.325435,5.203268,-3.5789
2026-09-08T13:59:42.601,121,85,FACE_SETTLE,FACE_SETTLE,336,2,1788843582539.135,66.688,timestamp_domain.system_time,89376296.000,93.000,1,89376296.000,89376328.000,32.000,32.000,89376328.000,32.000,1,1,pnp_visible_ransac,9,0.625,-36.7227,-0.324907,5.197480,-3.5770
2026-09-08T13:59:42.674,122,86,FACE_SETTLE,FACE_SETTLE,339,3,1788843582638.982,99.847,timestamp_domain.system_time,89376375.000,79.000,1,89376375.000,89376406.000,31.000,31.000,89376406.000,31.000,1,1,pnp_visible_ransac,9,0.676,-36.9423,-0.325609,5.204728,-3.5798
2026-09-08T13:59:42.757,123,87,FACE_SETTLE,FACE_SETTLE,341,2,1788843582705.532,66.550,timestamp_domain.system_time,89376453.000,78.000,1,89376453.000,89376484.000,31.000,31.000,89376484.000,31.000,1,1,pnp_visible_ransac,9,0.654,-36.8403,-0.326054,5.201275,-3.5870
2026-09-08T13:59:42.842,124,88,FACE_SETTLE,FACE_SETTLE,342,1,1788843582739.044,33.511,timestamp_domain.system_time,89376531.000,78.000,1,89376531.000,89376562.000,31.000,31.000,89376562.000,31.000,1,1,pnp_visible_ransac,9,0.655,-37.0440,-0.325008,5.206823,-3.5717
2026-09-08T13:59:42.936,125,89,FACE_SETTLE,FACE_SETTLE,346,4,1788843582872.688,133.644,timestamp_domain.system_time,89376625.000,94.000,1,89376625.000,89376656.000,31.000,31.000,89376656.000,31.000,1,1,pnp_visible_ransac,9,0.655,-36.8153,-0.326409,5.205394,-3.5881
2026-09-08T13:59:43.025,126,90,FACE_SETTLE,FACE_SETTLE,349,3,1788843582972.830,100.142,timestamp_domain.system_time,89376718.000,93.000,1,89376718.000,89376750.000,32.000,32.000,89376750.000,32.000,1,1,pnp_visible_ransac,9,0.699,-37.0917,-0.325096,5.208107,-3.5718
2026-09-08T13:59:43.103,127,91,FACE_SETTLE,FACE_SETTLE,351,2,1788843583039.785,66.955,timestamp_domain.system_time,89376796.000,78.000,1,89376796.000,89376828.000,32.000,32.000,89376828.000,32.000,1,1,pnp_visible_ransac,9,0.625,-36.8400,-0.325979,5.200633,-3.5866
2026-09-08T13:59:43.193,128,92,FACE_SETTLE,FACE_SETTLE,354,3,1788843583139.565,99.780,timestamp_domain.system_time,89376875.000,79.000,1,89376875.000,89376921.000,46.000,46.000,89376921.000,46.000,1,1,pnp_visible_ransac,9,0.651,-36.8414,-0.325998,5.200896,-3.5867
2026-09-08T13:59:43.270,129,93,FACE_SETTLE,FACE_SETTLE,356,2,1788843583206.183,66.618,timestamp_domain.system_time,89376968.000,93.000,1,89376968.000,89377000.000,32.000,32.000,89377000.000,32.000,1,1,pnp_visible_ransac,9,0.671,-36.9424,-0.325566,5.204375,-3.5795
2026-09-08T13:59:43.357,130,94,FACE_SETTLE,FACE_SETTLE,359,3,1788843583306.043,99.860,timestamp_domain.system_time,89377046.000,78.000,1,89377046.000,89377062.000,16.000,16.000,89377078.000,32.000,1,1,pnp_visible_ransac,9,0.633,-36.8687,-0.325888,5.207585,-3.5809
2026-09-08T13:59:43.437,131,95,FACE_SETTLE,FACE_SETTLE,361,2,1788843583373.004,66.961,timestamp_domain.system_time,89377125.000,79.000,1,89377125.000,89377156.000,31.000,31.000,89377156.000,31.000,1,1,pnp_visible_ransac,9,0.679,-37.0152,-0.325218,5.200876,-3.5781
2026-09-08T13:59:43.513,132,96,FACE_SETTLE,FACE_SETTLE,364,3,1788843583473.561,100.557,timestamp_domain.system_time,89377203.000,78.000,1,89377203.000,89377234.000,31.000,31.000,89377234.000,31.000,1,1,pnp_visible_ransac,9,0.625,-36.8400,-0.325979,5.200633,-3.5866
2026-09-08T13:59:43.606,133,97,FACE_SETTLE,FACE_SETTLE,366,2,1788843583539.853,66.292,timestamp_domain.system_time,89377281.000,78.000,1,89377296.000,89377328.000,32.000,47.000,89377328.000,47.000,1,1,pnp_visible_ransac,9,0.640,-36.8275,-0.326196,5.203022,-3.5874
2026-09-08T13:59:43.682,134,98,FACE_SETTLE,FACE_SETTLE,369,3,1788843583639.922,100.069,timestamp_domain.system_time,89377375.000,94.000,1,89377375.000,89377406.000,31.000,31.000,89377406.000,31.000,1,1,pnp_visible_ransac,9,0.640,-36.8265,-0.326208,5.203045,-3.5875
2026-09-08T13:59:43.759,135,99,FACE_SETTLE,FACE_SETTLE,371,2,1788843583706.640,66.718,timestamp_domain.system_time,89377453.000,78.000,1,89377453.000,89377484.000,31.000,31.000,89377484.000,31.000,1,1,pnp_visible_ransac,9,0.705,-36.9917,-0.325592,5.205264,-3.5792
2026-09-08T13:59:43.839,136,100,FACE_SETTLE,FACE_SETTLE,372,1,1788843583739.957,33.317,timestamp_domain.system_time,89377531.000,78.000,1,89377531.000,89377562.000,31.000,31.000,89377562.000,31.000,1,1,pnp_visible_ransac,9,0.703,-36.9607,-0.325794,5.199076,-3.5857
2026-09-08T13:59:43.940,137,101,FACE_SETTLE,FACE_SETTLE,373,1,1788843583773.496,33.539,timestamp_domain.system_time,89377640.000,109.000,1,89377640.000,89377671.000,31.000,31.000,89377671.000,31.000,1,1,pnp_visible_ransac,9,0.671,-36.9424,-0.325566,5.204375,-3.5795
2026-09-08T13:59:44.016,138,102,FACE_SETTLE,FACE_SETTLE,379,6,1788843583973.309,199.813,timestamp_domain.system_time,89377703.000,63.000,1,89377703.000,89377734.000,31.000,31.000,89377734.000,31.000,1,1,pnp_visible_ransac,9,0.655,-37.0440,-0.325008,5.206823,-3.5717
2026-09-08T13:59:44.113,139,103,FACE_ROTATE,FACE_ROTATE,381,2,1788843584039.911,66.602,timestamp_domain.system_time,89377796.000,93.000,1,89377796.000,89377843.000,47.000,47.000,89377843.000,47.000,1,1,pnp_visible_ransac,9,0.696,-37.1174,-0.324729,5.203951,-3.5707
2026-09-08T13:59:44.183,140,104,FACE_ROTATE,FACE_ROTATE,384,3,1788843584140.349,100.438,timestamp_domain.system_time,89377875.000,79.000,1,89377890.000,89377906.000,16.000,31.000,89377906.000,31.000,1,1,pnp_visible_ransac,9,0.612,-36.6637,-0.326734,5.195957,-3.5982
2026-09-08T13:59:44.275,141,105,FACE_ROTATE,FACE_ROTATE,386,2,1788843584206.981,66.632,timestamp_domain.system_time,89377953.000,78.000,1,89377953.000,89377984.000,31.000,31.000,89378000.000,47.000,1,1,pnp_visible_ransac,9,0.643,-36.8834,-0.325639,5.205098,-3.5798
2026-09-08T13:59:44.351,142,106,FACE_ROTATE,FACE_ROTATE,389,3,1788843584306.928,99.947,timestamp_domain.system_time,89378046.000,93.000,1,89378046.000,89378078.000,32.000,32.000,89378078.000,32.000,1,1,pnp_visible_ransac,9,0.674,-37.0597,-0.326274,5.207241,-3.5853
2026-09-08T13:59:44.428,143,107,FACE_ROTATE,FACE_ROTATE,391,2,1788843584373.542,66.615,timestamp_domain.system_time,89378125.000,79.000,1,89378125.000,89378156.000,31.000,31.000,89378156.000,31.000,1,1,pnp_visible_ransac,9,0.707,-36.9906,-0.325648,5.205644,-3.5796
2026-09-08T13:59:44.510,144,108,FACE_ROTATE,FACE_ROTATE,394,3,1788843584473.818,100.276,timestamp_domain.system_time,89378203.000,78.000,1,89378203.000,89378234.000,31.000,31.000,89378234.000,31.000,1,1,pnp_visible_ransac,9,0.648,-36.7845,-0.326565,5.198841,-3.5943
2026-09-08T13:59:44.596,145,109,FACE_ROTATE,FACE_ROTATE,396,2,1788843584540.616,66.798,timestamp_domain.system_time,89378281.000,78.000,1,89378281.000,89378312.000,31.000,31.000,89378312.000,31.000,1,1,pnp_visible_ransac,9,0.671,-36.9424,-0.325566,5.204375,-3.5795
2026-09-08T13:59:44.677,146,110,FACE_ROTATE,FACE_ROTATE,399,3,1788843584640.736,100.120,timestamp_domain.system_time,89378375.000,94.000,1,89378375.000,89378406.000,31.000,31.000,89378406.000,31.000,1,1,pnp_visible_ransac,9,0.654,-36.8403,-0.326054,5.201275,-3.5870
2026-09-08T13:59:44.763,147,111,FACE_ROTATE,FACE_ROTATE,401,2,1788843584707.340,66.603,timestamp_domain.system_time,89378437.000,62.000,1,89378453.000,89378484.000,31.000,47.000,89378484.000,47.000,1,1,pnp_visible_ransac,9,0.671,-36.9424,-0.325566,5.204375,-3.5795
2026-09-08T13:59:44.838,148,112,FACE_ROTATE,FACE_ROTATE,403,2,1788843584774.657,67.317,timestamp_domain.system_time,89378531.000,94.000,1,89378531.000,89378562.000,31.000,31.000,89378562.000,31.000,1,1,pnp_visible_ransac,9,0.684,-37.0462,-0.325059,5.207419,-3.5719
2026-09-08T13:59:44.979,149,113,FACE_ROTATE,FACE_ROTATE,407,4,1788843584907.680,133.023,timestamp_domain.system_time,89378671.000,140.000,1,89378671.000,89378703.000,32.000,32.000,89378703.000,32.000,1,1,pnp_visible_ransac,9,0.677,-36.7857,-0.326629,5.199459,-3.5946
2026-09-08T13:59:45.067,150,114,FACE_ROTATE,FACE_ROTATE,410,3,1788843585007.531,99.851,timestamp_domain.system_time,89378750.000,79.000,1,89378765.000,89378796.000,31.000,46.000,89378796.000,46.000,1,1,pnp_visible_ransac,9,0.707,-36.9906,-0.325648,5.205644,-3.5796
2026-09-08T13:59:45.147,151,115,FACE_ROTATE,FACE_ROTATE,413,3,1788843585107.482,99.950,timestamp_domain.system_time,89378843.000,93.000,1,89378843.000,89378875.000,32.000,32.000,89378875.000,32.000,1,1,pnp_visible_ransac,9,0.654,-36.8403,-0.326054,5.201275,-3.5870
2026-09-08T13:59:45.232,152,116,FACE_ROTATE,FACE_ROTATE,415,2,1788843585173.935,66.453,timestamp_domain.system_time,89378921.000,78.000,1,89378921.000,89378937.000,16.000,16.000,89378953.000,32.000,1,1,pnp_visible_ransac,9,0.719,-37.1368,-0.326266,5.215469,-3.5796
2026-09-08T13:59:45.314,153,117,FACE_ROTATE,FACE_ROTATE,418,3,1788843585274.351,100.416,timestamp_domain.system_time,89379000.000,79.000,1,89379000.000,89379031.000,31.000,31.000,89379031.000,31.000,1,1,pnp_visible_ransac,9,0.683,-37.0452,-0.325071,5.207445,-3.5720
2026-09-08T13:59:45.402,154,118,FACE_ROTATE,FACE_ROTATE,420,2,1788843585341.220,66.869,timestamp_domain.system_time,89379093.000,93.000,1,89379093.000,89379125.000,32.000,32.000,89379125.000,32.000,1,1,pnp_visible_ransac,9,0.640,-36.8275,-0.326196,5.203022,-3.5874
2026-09-08T13:59:45.481,155,119,FACE_ROTATE,FACE_ROTATE,423,3,1788843585440.808,99.588,timestamp_domain.system_time,89379171.000,78.000,1,89379171.000,89379203.000,32.000,32.000,89379203.000,32.000,1,1,pnp_visible_ransac,9,0.624,-36.8390,-0.325990,5.200656,-3.5868
2026-09-08T13:59:45.555,156,120,FACE_ROTATE,FACE_ROTATE,425,2,1788843585507.942,67.133,timestamp_domain.system_time,89379250.000,79.000,1,89379250.000,89379281.000,31.000,31.000,89379281.000,31.000,1,1,pnp_visible_ransac,9,0.661,-36.7991,-0.326360,5.196713,-3.5935
2026-09-08T13:59:45.650,157,121,FACE_SETTLE,FACE_SETTLE,428,3,1788843585607.903,99.962,timestamp_domain.system_time,89379343.000,93.000,1,89379343.000,89379375.000,32.000,32.000,89379375.000,32.000,1,1,pnp_visible_ransac,9,0.694,-37.0027,-0.325435,5.203268,-3.5789
2026-09-08T13:59:45.722,158,122,FACE_SETTLE,FACE_SETTLE,430,2,1788843585674.800,66.897,timestamp_domain.system_time,89379421.000,78.000,1,89379421.000,89379453.000,32.000,32.000,89379453.000,32.000,1,1,pnp_visible_ransac,9,0.616,-36.7933,-0.325915,5.199622,-3.5866
2026-09-08T13:59:45.806,159,123,FACE_SETTLE,FACE_SETTLE,432,2,1788843585741.347,66.547,timestamp_domain.system_time,89379484.000,63.000,1,89379484.000,89379531.000,47.000,47.000,89379531.000,47.000,1,1,pnp_visible_ransac,9,0.655,-37.0440,-0.325008,5.206823,-3.5717
2026-09-08T13:59:45.890,160,124,FACE_SETTLE,FACE_SETTLE,434,2,1788843585808.261,66.914,timestamp_domain.system_time,89379578.000,94.000,1,89379578.000,89379609.000,31.000,31.000,89379609.000,31.000,1,1,pnp_visible_ransac,9,0.672,-36.9864,-0.325309,5.193943,-3.5839
2026-09-08T13:59:45.968,161,125,FACE_SETTLE,FACE_SETTLE,435,1,1788843585841.625,33.364,timestamp_domain.system_time,89379656.000,78.000,1,89379656.000,89379687.000,31.000,31.000,89379687.000,31.000,1,1,pnp_visible_ransac,9,0.661,-36.8733,-0.323515,5.185018,-3.5703
2026-09-08T13:59:46.057,162,126,FACE_SETTLE,FACE_SETTLE,440,5,1788843586008.272,166.647,timestamp_domain.system_time,89379750.000,94.000,1,89379750.000,89379781.000,31.000,31.000,89379781.000,31.000,1,1,pnp_visible_ransac,9,0.628,-36.6663,-0.326832,5.201255,-3.5956
2026-09-08T13:59:46.136,163,127,FACE_SETTLE,FACE_SETTLE,443,3,1788843586108.452,100.180,timestamp_domain.system_time,89379828.000,78.000,1,89379828.000,89379859.000,31.000,31.000,89379859.000,31.000,1,1,pnp_visible_ransac,9,0.658,-37.0438,-0.325051,5.207175,-3.5720
2026-09-08T13:59:46.225,164,128,FACE_SETTLE,FACE_SETTLE,445,2,1788843586175.128,66.676,timestamp_domain.system_time,89379906.000,78.000,1,89379906.000,89379953.000,47.000,47.000,89379953.000,47.000,1,1,pnp_visible_ransac,9,0.713,-36.9332,-0.326084,5.198183,-3.5895
2026-09-08T13:59:46.307,165,129,FACE_SETTLE,FACE_SETTLE,447,2,1788843586241.751,66.623,timestamp_domain.system_time,89380000.000,94.000,1,89380000.000,89380031.000,31.000,31.000,89380031.000,31.000,1,1,pnp_visible_ransac,9,0.680,-37.0886,-0.326184,5.214203,-3.5796
2026-09-08T13:59:46.391,166,130,FACE_SETTLE,FACE_SETTLE,450,3,1788843586341.613,99.863,timestamp_domain.system_time,89380078.000,78.000,1,89380078.000,89380109.000,31.000,31.000,89380109.000,31.000,1,1,pnp_visible_ransac,9,0.645,-36.9425,-0.326973,5.206305,-3.5936
2026-09-08T13:59:46.469,167,131,FACE_SETTLE,FACE_SETTLE,452,2,1788843586408.208,66.595,timestamp_domain.system_time,89380156.000,78.000,1,89380156.000,89380187.000,31.000,31.000,89380187.000,31.000,1,1,pnp_visible_ransac,9,0.607,-37.0396,-0.326032,5.212294,-3.5792
2026-09-08T13:59:46.550,168,132,FACE_SETTLE,FACE_SETTLE,455,3,1788843586508.630,100.422,timestamp_domain.system_time,89380234.000,78.000,1,89380234.000,89380281.000,47.000,47.000,89380281.000,47.000,1,1,pnp_visible_ransac,9,0.654,-36.8403,-0.326054,5.201275,-3.5870
2026-09-08T13:59:46.637,169,133,FACE_SETTLE,FACE_SETTLE,457,2,1788843586575.305,66.674,timestamp_domain.system_time,89380328.000,94.000,1,89380328.000,89380359.000,31.000,31.000,89380359.000,31.000,1,1,pnp_visible_ransac,9,0.600,-36.8936,-0.325415,5.202467,-3.5792
2026-09-08T13:59:46.717,170,134,FACE_SETTLE,FACE_SETTLE,460,3,1788843586675.385,100.081,timestamp_domain.system_time,89380406.000,78.000,1,89380406.000,89380437.000,31.000,31.000,89380437.000,31.000,1,1,pnp_visible_ransac,9,0.625,-37.0685,-0.324578,5.202051,-3.5703
2026-09-08T13:59:46.788,171,135,FACE_SETTLE,FACE_SETTLE,462,2,1788843586742.320,66.935,timestamp_domain.system_time,89380484.000,78.000,1,89380484.000,89380515.000,31.000,31.000,89380515.000,31.000,1,1,pnp_visible_ransac,9,0.764,-37.1411,-0.325241,5.209992,-3.5721
2026-09-08T13:59:46.880,172,136,FACE_SETTLE,FACE_SETTLE,464,2,1788843586808.784,66.464,timestamp_domain.system_time,89380562.000,78.000,1,89380578.000,89380609.000,31.000,47.000,89380609.000,47.000,1,1,pnp_visible_ransac,9,0.707,-36.9906,-0.325648,5.205644,-3.5796
2026-09-08T13:59:47.019,173,137,FACE_SETTLE,FACE_SETTLE,468,4,1788843586942.534,133.750,timestamp_domain.system_time,89380703.000,141.000,1,89380718.000,89380750.000,32.000,47.000,89380750.000,47.000,1,1,pnp_visible_ransac,9,0.729,-37.1388,-0.325280,5.198786,-3.5802
2026-09-08T13:59:47.110,174,138,FACE_SETTLE,FACE_SETTLE,472,4,1788843587075.455,132.921,timestamp_domain.system_time,89380796.000,93.000,1,89380796.000,89380828.000,32.000,32.000,89380828.000,32.000,1,1,pnp_visible_ransac,9,0.662,-36.9862,-0.326673,5.211112,-3.5871
2026-09-08T13:59:47.186,175,139,FACE_SETTLE,FACE_SETTLE,474,2,1788843587142.167,66.713,timestamp_domain.system_time,89380875.000,79.000,1,89380875.000,89380906.000,31.000,31.000,89380906.000,31.000,1,1,pnp_visible_ransac,9,0.651,-37.0398,-0.324789,5.196115,-3.5767
2026-09-08T13:59:47.276,176,140,FACE_SETTLE,FACE_SETTLE,476,2,1788843587209.060,66.893,timestamp_domain.system_time,89380968.000,93.000,1,89380968.000,89381000.000,32.000,32.000,89381000.000,32.000,1,1,pnp_visible_ransac,9,0.677,-36.7857,-0.326629,5.199459,-3.5946
2026-09-08T13:59:47.353,177,141,FACE_SETTLE,FACE_SETTLE,479,3,1788843587308.809,99.749,timestamp_domain.system_time,89381046.000,78.000,1,89381046.000,89381078.000,32.000,32.000,89381078.000,32.000,1,1,pnp_visible_ransac,9,0.682,-36.8155,-0.326484,5.206038,-3.5885
2026-09-08T13:59:47.429,178,142,FACE_SETTLE,FACE_SETTLE,481,2,1788843587375.869,67.060,timestamp_domain.system_time,89381125.000,79.000,1,89381125.000,89381156.000,31.000,31.000,89381156.000,31.000,1,1,pnp_visible_ransac,9,0.695,-36.8879,-0.326142,5.202567,-3.5871
2026-09-08T13:59:47.520,179,143,FACE_SETTLE,FACE_SETTLE,484,3,1788843587475.985,100.115,timestamp_domain.system_time,89381203.000,78.000,1,89381203.000,89381234.000,31.000,31.000,89381250.000,47.000,1,1,pnp_visible_ransac,9,0.692,-36.8486,-0.323942,5.189753,-3.5717
2026-09-08T13:59:47.597,180,144,FACE_SETTLE,FACE_SETTLE,486,2,1788843587542.507,66.522,timestamp_domain.system_time,89381281.000,78.000,1,89381296.000,89381328.000,32.000,47.000,89381328.000,47.000,1,1,pnp_visible_ransac,9,0.694,-37.0027,-0.325435,5.203268,-3.5789
2026-09-08T13:59:47.674,181,145,FACE_SETTLE,FACE_SETTLE,489,3,1788843587642.394,99.887,timestamp_domain.system_time,89381375.000,94.000,1,89381375.000,89381406.000,31.000,31.000,89381406.000,31.000,1,1,pnp_visible_ransac,9,0.654,-36.8413,-0.326041,5.201249,-3.5869
2026-09-08T13:59:47.763,182,146,FACE_SETTLE,FACE_SETTLE,491,2,1788843587709.296,66.902,timestamp_domain.system_time,89381437.000,62.000,1,89381453.000,89381484.000,31.000,47.000,89381484.000,47.000,1,1,pnp_visible_ransac,9,0.683,-37.0452,-0.325071,5.207445,-3.5720
2026-09-08T13:59:47.841,183,147,FACE_SETTLE,FACE_SETTLE,493,2,1788843587776.162,66.866,timestamp_domain.system_time,89381531.000,94.000,1,89381531.000,89381562.000,31.000,31.000,89381562.000,31.000,1,1,pnp_visible_ransac,9,0.677,-36.7857,-0.326629,5.199459,-3.5946
2026-09-08T13:59:47.921,184,148,FACE_SETTLE,FACE_SETTLE,494,1,1788843587810.172,34.011,timestamp_domain.system_time,89381609.000,78.000,1,89381609.000,89381640.000,31.000,31.000,89381640.000,31.000,1,1,pnp_visible_ransac,9,0.683,-37.0452,-0.325071,5.207445,-3.5720
2026-09-08T13:59:48.009,185,149,FACE_SETTLE,FACE_SETTLE,495,1,1788843587842.928,32.756,timestamp_domain.system_time,89381703.000,94.000,1,89381703.000,89381734.000,31.000,31.000,89381734.000,31.000,1,1,pnp_visible_ransac,9,0.775,-37.0985,-0.325606,5.205817,-3.5790
2026-09-08T13:59:48.088,186,150,FACE_SETTLE,FACE_SETTLE,501,6,1788843588043.047,200.119,timestamp_domain.system_time,89381781.000,78.000,1,89381781.000,89381812.000,31.000,31.000,89381812.000,31.000,1,1,pnp_visible_ransac,9,0.672,-37.0168,-0.325294,5.205914,-3.5755
2026-09-08T13:59:48.174,187,151,FACE_SETTLE,FACE_SETTLE,503,2,1788843588109.474,66.427,timestamp_domain.system_time,89381859.000,78.000,1,89381859.000,89381890.000,31.000,31.000,89381906.000,47.000,1,1,pnp_visible_ransac,9,0.624,-36.7081,-0.326518,5.205824,-3.5890
2026-09-08T13:59:48.255,188,152,FACE_SETTLE,FACE_SETTLE,506,3,1788843588209.868,100.394,timestamp_domain.system_time,89381953.000,94.000,1,89381953.000,89381984.000,31.000,31.000,89381984.000,31.000,1,1,pnp_visible_ransac,9,0.681,-37.0464,-0.325015,5.207065,-3.5717
2026-09-08T13:59:48.327,189,153,FACE_SETTLE,FACE_SETTLE,508,2,1788843588276.372,66.505,timestamp_domain.system_time,89382015.000,62.000,1,89382015.000,89382046.000,31.000,31.000,89382046.000,31.000,1,1,pnp_visible_ransac,9,0.671,-36.9424,-0.325566,5.204375,-3.5795
2026-09-08T13:59:48.411,190,154,FACE_SETTLE,FACE_SETTLE,511,3,1788843588376.454,100.081,timestamp_domain.system_time,89382093.000,78.000,1,89382093.000,89382140.000,47.000,47.000,89382140.000,47.000,1,1,pnp_visible_ransac,9,0.664,-36.7720,-0.326783,5.201227,-3.5951
2026-09-08T13:59:48.505,191,155,FACE_ROTATE,FACE_ROTATE,513,2,1788843588443.210,66.757,timestamp_domain.system_time,89382187.000,94.000,1,89382187.000,89382234.000,47.000,47.000,89382234.000,47.000,1,1,pnp_visible_ransac,9,0.671,-36.8465,-0.324970,5.195431,-3.5791
2026-09-08T13:59:48.586,192,156,FACE_ROTATE,FACE_ROTATE,516,3,1788843588543.409,100.199,timestamp_domain.system_time,89382265.000,78.000,1,89382265.000,89382296.000,31.000,31.000,89382312.000,47.000,1,1,pnp_visible_ransac,9,0.674,-36.7295,-0.324263,5.192549,-3.5733
2026-09-08T13:59:48.661,193,157,FACE_ROTATE,FACE_ROTATE,518,2,1788843588610.046,66.636,timestamp_domain.system_time,89382359.000,94.000,1,89382359.000,89382390.000,31.000,31.000,89382390.000,31.000,1,1,pnp_visible_ransac,9,0.706,-36.9348,-0.326161,5.203218,-3.5869
2026-09-08T13:59:48.752,194,158,FACE_ROTATE,FACE_ROTATE,521,3,1788843588710.071,100.025,timestamp_domain.system_time,89382437.000,78.000,1,89382437.000,89382468.000,31.000,31.000,89382468.000,31.000,1,1,pnp_visible_ransac,9,0.716,-36.8510,-0.323949,5.189991,-3.5717
2026-09-08T13:59:48.830,195,159,FACE_ROTATE,FACE_ROTATE,523,2,1788843588776.608,66.537,timestamp_domain.system_time,89382531.000,94.000,1,89382531.000,89382546.000,15.000,15.000,89382546.000,15.000,1,1,pnp_visible_ransac,9,0.706,-36.9348,-0.326161,5.203218,-3.5869
2026-09-08T13:59:48.914,196,160,FACE_ROTATE,FACE_ROTATE,524,1,1788843588810.212,33.604,timestamp_domain.system_time,89382593.000,62.000,1,89382593.000,89382625.000,32.000,32.000,89382640.000,47.000,1,1,pnp_visible_ransac,9,0.667,-36.8866,-0.326079,5.201948,-3.5868
2026-09-08T13:59:49.013,197,161,FACE_ROTATE,FACE_ROTATE,528,4,1788843588943.718,133.505,timestamp_domain.system_time,89382703.000,110.000,1,89382703.000,89382734.000,31.000,31.000,89382734.000,31.000,1,1,pnp_visible_ransac,9,0.708,-36.8361,-0.324158,5.192132,-3.5725
2026-09-08T13:59:49.092,198,162,FACE_ROTATE,FACE_ROTATE,531,3,1788843589043.749,100.031,timestamp_domain.system_time,89382781.000,78.000,1,89382781.000,89382812.000,31.000,31.000,89382812.000,31.000,1,1,pnp_visible_ransac,9,0.627,-36.8650,-0.325624,5.196521,-3.5856
2026-09-08T13:59:49.184,199,163,FACE_ROTATE,FACE_ROTATE,533,2,1788843589110.351,66.601,timestamp_domain.system_time,89382875.000,94.000,1,89382875.000,89382906.000,31.000,31.000,89382906.000,31.000,1,1,pnp_visible_ransac,9,0.624,-36.8390,-0.325990,5.200656,-3.5868
2026-09-08T13:59:49.260,200,164,FACE_ROTATE,FACE_ROTATE,536,3,1788843589210.492,100.141,timestamp_domain.system_time,89382953.000,78.000,1,89382953.000,89382984.000,31.000,31.000,89382984.000,31.000,1,1,pnp_visible_ransac,9,0.654,-36.8403,-0.326054,5.201275,-3.5870
2026-09-08T13:59:49.348,201,165,FACE_ROTATE,FACE_ROTATE,539,3,1788843589310.717,100.225,timestamp_domain.system_time,89383031.000,78.000,1,89383031.000,89383062.000,31.000,31.000,89383078.000,47.000,1,1,pnp_visible_ransac,9,0.675,-36.9594,-0.325731,5.198457,-3.5854
2026-09-08T13:59:49.428,202,166,FACE_ROTATE,FACE_ROTATE,541,2,1788843589377.416,66.698,timestamp_domain.system_time,89383125.000,94.000,1,89383125.000,89383156.000,31.000,31.000,89383156.000,31.000,1,1,pnp_visible_ransac,9,0.707,-36.9906,-0.325648,5.205644,-3.5796
2026-09-08T13:59:49.501,203,167,FACE_ROTATE,FACE_ROTATE,543,2,1788843589444.254,66.839,timestamp_domain.system_time,89383187.000,62.000,1,89383203.000,89383218.000,15.000,31.000,89383218.000,31.000,1,1,pnp_visible_ransac,9,0.599,-36.6640,-0.326825,5.201017,-3.5957
2026-09-08T13:59:49.578,204,168,FACE_ROTATE,FACE_ROTATE,546,3,1788843589544.096,99.841,timestamp_domain.system_time,89383265.000,78.000,1,89383265.000,89383296.000,31.000,31.000,89383296.000,31.000,1,1,pnp_visible_ransac,9,0.732,-36.9360,-0.326224,5.203838,-3.5871
2026-09-08T13:59:49.668,205,169,FACE_ROTATE,FACE_ROTATE,548,2,1788843589610.564,66.468,timestamp_domain.system_time,89383359.000,94.000,1,89383359.000,89383390.000,31.000,31.000,89383390.000,31.000,1,1,pnp_visible_ransac,9,0.675,-36.9853,-0.325364,5.194321,-3.5842
2026-09-08T13:59:49.760,206,170,FACE_ROTATE,FACE_ROTATE,551,3,1788843589711.101,100.537,timestamp_domain.system_time,89383437.000,78.000,1,89383437.000,89383468.000,31.000,31.000,89383484.000,47.000,1,1,pnp_visible_ransac,9,0.675,-36.9853,-0.325364,5.194321,-3.5842
2026-09-08T13:59:49.840,207,171,FACE_ROTATE,FACE_ROTATE,553,2,1788843589777.554,66.452,timestamp_domain.system_time,89383531.000,94.000,1,89383531.000,89383562.000,31.000,31.000,89383562.000,31.000,1,1,pnp_visible_ransac,9,0.671,-36.9424,-0.325566,5.204375,-3.5795
2026-09-08T13:59:49.918,208,172,FACE_ROTATE,FACE_ROTATE,555,2,1788843589844.204,66.650,timestamp_domain.system_time,89383609.000,78.000,1,89383609.000,89383640.000,31.000,31.000,89383640.000,31.000,1,1,pnp_visible_ransac,9,0.654,-36.8403,-0.326054,5.201275,-3.5870
2026-09-08T13:59:50.012,209,173,FACE_SETTLE,FACE_SETTLE,558,3,1788843589944.670,100.466,timestamp_domain.system_time,89383703.000,94.000,1,89383703.000,89383734.000,31.000,31.000,89383734.000,31.000,1,1,pnp_visible_ransac,9,0.683,-37.0452,-0.325071,5.207445,-3.5720
2026-09-08T13:59:50.094,210,174,FACE_SETTLE,FACE_SETTLE,561,3,1788843590044.133,99.463,timestamp_domain.system_time,89383765.000,62.000,1,89383765.000,89383796.000,31.000,31.000,89383812.000,47.000,1,1,pnp_visible_ransac,9,0.618,-36.6108,-0.327405,5.199347,-3.6032
2026-09-08T13:59:50.171,211,175,FACE_SETTLE,FACE_SETTLE,563,2,1788843590111.322,67.188,timestamp_domain.system_time,89383859.000,94.000,1,89383859.000,89383890.000,31.000,31.000,89383890.000,31.000,1,1,pnp_visible_ransac,9,0.620,-36.8986,-0.324387,5.196998,-3.5717
2026-09-08T13:59:50.247,212,176,FACE_SETTLE,FACE_SETTLE,566,3,1788843590211.039,99.718,timestamp_domain.system_time,89383937.000,78.000,1,89383937.000,89383968.000,31.000,31.000,89383968.000,31.000,1,1,pnp_visible_ransac,9,0.646,-36.8823,-0.325695,5.205479,-3.5802
2026-09-08T13:59:50.332,213,177,FACE_SETTLE,FACE_SETTLE,568,2,1788843590277.967,66.928,timestamp_domain.system_time,89384015.000,78.000,1,89384015.000,89384062.000,47.000,47.000,89384062.000,47.000,1,1,pnp_visible_ransac,9,0.732,-36.9360,-0.326224,5.203838,-3.5871
2026-09-08T13:59:50.415,214,178,FACE_SETTLE,FACE_SETTLE,571,3,1788843590378.117,100.150,timestamp_domain.system_time,89384109.000,94.000,1,89384109.000,89384140.000,31.000,31.000,89384140.000,31.000,1,1,pnp_visible_ransac,9,0.633,-36.7535,-0.326556,5.206532,-3.5889
2026-09-08T13:59:50.491,215,179,FACE_SETTLE,FACE_SETTLE,573,2,1788843590444.811,66.694,timestamp_domain.system_time,89384187.000,78.000,1,89384187.000,89384218.000,31.000,31.000,89384218.000,31.000,1,1,pnp_visible_ransac,9,0.707,-36.9906,-0.325648,5.205644,-3.5796
2026-09-08T13:59:50.568,216,180,FACE_SETTLE,FACE_SETTLE,575,2,1788843590511.434,66.622,timestamp_domain.system_time,89384265.000,78.000,1,89384265.000,89384296.000,31.000,31.000,89384296.000,31.000,1,1,pnp_visible_ransac,9,0.603,-36.8375,-0.325795,5.194634,-3.5888
2026-09-08T13:59:50.659,217,181,FACE_SETTLE,FACE_SETTLE,578,3,1788843590611.538,100.105,timestamp_domain.system_time,89384343.000,78.000,1,89384359.000,89384390.000,31.000,47.000,89384390.000,47.000,1,1,pnp_visible_ransac,9,0.707,-36.9906,-0.325648,5.205644,-3.5796
2026-09-08T13:59:50.735,218,182,FACE_SETTLE,FACE_SETTLE,580,2,1788843590678.396,66.858,timestamp_domain.system_time,89384421.000,78.000,1,89384421.000,89384453.000,32.000,32.000,89384453.000,32.000,1,1,pnp_visible_ransac,9,0.648,-37.0715,-0.324717,5.207711,-3.5679
2026-09-08T13:59:50.815,219,183,FACE_SETTLE,FACE_SETTLE,583,3,1788843590778.343,99.946,timestamp_domain.system_time,89384500.000,79.000,1,89384500.000,89384531.000,31.000,31.000,89384531.000,31.000,1,1,pnp_visible_ransac,9,0.751,-37.1384,-0.325098,5.204307,-3.5745
2026-09-08T13:59:50.902,220,184,FACE_SETTLE,FACE_SETTLE,585,2,1788843590845.138,66.795,timestamp_domain.system_time,89384593.000,93.000,1,89384593.000,89384625.000,32.000,32.000,89384625.000,32.000,1,1,pnp_visible_ransac,9,0.680,-36.9893,-0.325585,5.205023,-3.5793
2026-09-08T13:59:51.016,221,185,FACE_SETTLE,FACE_SETTLE,588,3,1788843590945.937,100.799,timestamp_domain.system_time,89384703.000,110.000,1,89384703.000,89384734.000,31.000,31.000,89384734.000,31.000,1,1,pnp_visible_ransac,9,0.683,-37.0452,-0.325071,5.207445,-3.5720
2026-09-08T13:59:51.100,222,186,FACE_SETTLE,FACE_SETTLE,591,3,1788843591045.064,99.127,timestamp_domain.system_time,89384781.000,78.000,1,89384781.000,89384812.000,31.000,31.000,89384828.000,47.000,1,1,pnp_visible_ransac,9,0.655,-37.0440,-0.325008,5.206823,-3.5717
2026-09-08T13:59:51.177,223,187,FACE_SETTLE,FACE_SETTLE,593,2,1788843591111.862,66.798,timestamp_domain.system_time,89384875.000,94.000,1,89384875.000,89384906.000,31.000,31.000,89384906.000,31.000,1,1,pnp_visible_ransac,9,0.702,-37.1912,-0.324326,5.200058,-3.5689
2026-09-08T13:59:51.252,224,188,FACE_SETTLE,FACE_SETTLE,596,3,1788843591211.763,99.901,timestamp_domain.system_time,89384953.000,78.000,1,89384953.000,89384984.000,31.000,31.000,89384984.000,31.000,1,1,pnp_visible_ransac,9,0.708,-37.1643,-0.324748,5.204589,-3.5704
2026-09-08T13:59:51.337,225,189,FACE_SETTLE,FACE_SETTLE,598,2,1788843591278.542,66.779,timestamp_domain.system_time,89385031.000,78.000,1,89385031.000,89385062.000,31.000,31.000,89385062.000,31.000,1,1,pnp_visible_ransac,9,0.707,-36.9906,-0.325648,5.205644,-3.5796
2026-09-08T13:59:51.421,226,190,FACE_SETTLE,FACE_SETTLE,601,3,1788843591378.770,100.228,timestamp_domain.system_time,89385109.000,78.000,1,89385109.000,89385140.000,31.000,31.000,89385140.000,31.000,1,1,pnp_visible_ransac,9,0.680,-37.0873,-0.324754,5.211996,-3.5654
2026-09-08T13:59:51.497,227,191,FACE_SETTLE,FACE_SETTLE,603,2,1788843591445.291,66.521,timestamp_domain.system_time,89385187.000,78.000,1,89385187.000,89385218.000,31.000,31.000,89385218.000,31.000,1,1,pnp_visible_ransac,9,0.687,-36.9315,-0.327250,5.209303,-3.5946
2026-09-08T13:59:51.573,228,192,FACE_SETTLE,FACE_SETTLE,605,2,1788843591511.904,66.614,timestamp_domain.system_time,89385265.000,78.000,1,89385265.000,89385296.000,31.000,31.000,89385296.000,31.000,1,1,pnp_visible_ransac,9,0.623,-36.8402,-0.325935,5.200281,-3.5864
2026-09-08T13:59:51.666,229,193,FACE_SETTLE,FACE_SETTLE,608,3,1788843591612.268,100.364,timestamp_domain.system_time,89385359.000,94.000,1,89385359.000,89385390.000,31.000,31.000,89385390.000,31.000,1,1,pnp_visible_ransac,9,0.654,-36.8403,-0.326054,5.201275,-3.5870
2026-09-08T13:59:51.752,230,194,FACE_SETTLE,FACE_SETTLE,611,3,1788843591712.294,100.026,timestamp_domain.system_time,89385437.000,78.000,1,89385437.000,89385468.000,31.000,31.000,89385468.000,31.000,1,1,pnp_visible_ransac,9,0.679,-37.0152,-0.325218,5.200876,-3.5781
2026-09-08T13:59:51.832,231,195,FACE_SETTLE,FACE_SETTLE,613,2,1788843591778.939,66.644,timestamp_domain.system_time,89385515.000,78.000,1,89385531.000,89385562.000,31.000,47.000,89385562.000,47.000,1,1,pnp_visible_ransac,9,0.659,-36.8701,-0.325908,5.207854,-3.5809
2026-09-08T13:59:51.909,232,196,FACE_SETTLE,FACE_SETTLE,615,2,1788843591845.830,66.892,timestamp_domain.system_time,89385609.000,94.000,1,89385609.000,89385640.000,31.000,31.000,89385640.000,31.000,1,1,pnp_visible_ransac,9,0.628,-36.8960,-0.325422,5.202707,-3.5791
2026-09-08T13:59:52.047,233,197,FACE_SETTLE,FACE_SETTLE,619,4,1788843591979.153,133.323,timestamp_domain.system_time,89385734.000,125.000,1,89385734.000,89385765.000,31.000,31.000,89385765.000,31.000,1,1,pnp_visible_ransac,9,0.705,-36.9359,-0.326106,5.202843,-3.5865
2026-09-08T13:59:52.128,234,198,FACE_SETTLE,FACE_SETTLE,622,3,1788843592079.356,100.203,timestamp_domain.system_time,89385812.000,78.000,1,89385812.000,89385859.000,47.000,47.000,89385859.000,47.000,1,1,pnp_visible_ransac,9,0.643,-36.9418,-0.324090,5.201810,-3.5651
2026-09-08T13:59:52.213,235,199,FACE_SETTLE,FACE_SETTLE,624,2,1788843592147.632,68.276,timestamp_domain.system_time,89385906.000,94.000,1,89385906.000,89385937.000,31.000,31.000,89385937.000,31.000,1,1,pnp_visible_ransac,9,0.706,-36.9348,-0.326161,5.203218,-3.5869
2026-09-08T13:59:52.287,236,200,FACE_SETTLE,FACE_SETTLE,627,3,1788843592245.689,98.057,timestamp_domain.system_time,89385984.000,78.000,1,89385984.000,89386015.000,31.000,31.000,89386015.000,31.000,1,1,pnp_visible_ransac,9,0.659,-36.8701,-0.325908,5.207854,-3.5809
2026-09-08T13:59:52.376,237,201,FACE_SETTLE,FACE_SETTLE,629,2,1788843592312.447,66.758,timestamp_domain.system_time,89386062.000,78.000,1,89386062.000,89386093.000,31.000,31.000,89386093.000,31.000,1,1,pnp_visible_ransac,9,0.683,-36.9892,-0.325628,5.205375,-3.5795
2026-09-08T13:59:52.457,238,202,FACE_SETTLE,FACE_SETTLE,632,3,1788843592412.471,100.024,timestamp_domain.system_time,89386140.000,78.000,1,89386140.000,89386187.000,47.000,47.000,89386187.000,47.000,1,1,pnp_visible_ransac,9,0.621,-37.0230,-0.326028,5.203958,-3.5849
2026-09-08T13:59:52.531,239,203,FACE_SETTLE,FACE_SETTLE,634,2,1788843592479.246,66.776,timestamp_domain.system_time,89386218.000,78.000,1,89386218.000,89386250.000,32.000,32.000,89386250.000,32.000,1,1,pnp_visible_ransac,9,0.675,-36.7869,-0.326573,5.199080,-3.5942
2026-09-08T13:59:52.620,240,204,FACE_SETTLE,FACE_SETTLE,637,3,1788843592579.394,100.147,timestamp_domain.system_time,89386296.000,78.000,1,89386312.000,89386328.000,16.000,32.000,89386343.000,47.000,1,1,pnp_visible_ransac,9,0.623,-36.6368,-0.326976,5.194681,-3.6017
2026-09-08T13:59:52.700,241,205,FACE_SETTLE,FACE_SETTLE,639,2,1788843592646.134,66.740,timestamp_domain.system_time,89386390.000,94.000,1,89386390.000,89386421.000,31.000,31.000,89386421.000,31.000,1,1,pnp_visible_ransac,9,0.642,-36.9424,-0.325447,5.203380,-3.5789
2026-09-08T13:59:52.776,242,206,FACE_SETTLE,FACE_SETTLE,642,3,1788843592746.409,100.275,timestamp_domain.system_time,89386468.000,78.000,1,89386484.000,89386500.000,16.000,32.000,89386500.000,32.000,1,1,pnp_visible_ransac,9,0.759,-37.0584,-0.326224,5.201140,-3.5890
2026-09-08T13:59:52.874,243,207,FACE_ROTATE,FACE_ROTATE,644,2,1788843592813.075,66.666,timestamp_domain.system_time,89386562.000,94.000,1,89386562.000,89386593.000,31.000,31.000,89386593.000,31.000,1,1,pnp_visible_ransac,9,0.615,-36.6786,-0.326619,5.198889,-3.5949
2026-09-08T13:59:52.949,244,208,FACE_ROTATE,FACE_ROTATE,645,1,1788843592846.505,33.430,timestamp_domain.system_time,89386640.000,78.000,1,89386640.000,89386671.000,31.000,31.000,89386671.000,31.000,1,1,pnp_visible_ransac,9,0.654,-36.8413,-0.326041,5.201249,-3.5869
2026-09-08T13:59:53.049,245,209,FACE_ROTATE,FACE_ROTATE,649,4,1788843592980.094,133.589,timestamp_domain.system_time,89386734.000,94.000,1,89386734.000,89386765.000,31.000,31.000,89386765.000,31.000,1,1,pnp_visible_ransac,9,0.679,-37.0152,-0.325218,5.200876,-3.5781
2026-09-08T13:59:53.128,246,210,FACE_ROTATE,FACE_ROTATE,652,3,1788843593080.102,100.008,timestamp_domain.system_time,89386828.000,94.000,1,89386828.000,89386859.000,31.000,31.000,89386859.000,31.000,1,1,pnp_visible_ransac,9,0.674,-36.8575,-0.326125,5.210250,-3.5816
2026-09-08T13:59:53.211,247,211,FACE_ROTATE,FACE_ROTATE,654,2,1788843593146.966,66.864,timestamp_domain.system_time,89386906.000,78.000,1,89386906.000,89386921.000,15.000,15.000,89386937.000,31.000,1,1,pnp_visible_ransac,9,0.568,-36.7583,-0.325514,5.206547,-3.5775
2026-09-08T13:59:53.290,248,212,FACE_ROTATE,FACE_ROTATE,657,3,1788843593246.716,99.751,timestamp_domain.system_time,89386984.000,78.000,1,89386984.000,89387015.000,31.000,31.000,89387015.000,31.000,1,1,pnp_visible_ransac,9,0.702,-36.7313,-0.327203,5.197638,-3.6021
2026-09-08T13:59:53.357,249,213,FACE_ROTATE,FACE_ROTATE,659,2,1788843593313.331,66.614,timestamp_domain.system_time,89387062.000,78.000,1,89387062.000,89387078.000,16.000,16.000,89387078.000,16.000,1,1,pnp_visible_ransac,9,0.718,-36.9482,-0.326011,5.201465,-3.5864
2026-09-08T13:59:53.450,250,214,FACE_ROTATE,FACE_ROTATE,662,3,1788843593413.596,100.265,timestamp_domain.system_time,89387140.000,78.000,1,89387140.000,89387171.000,31.000,31.000,89387171.000,31.000,1,1,pnp_visible_ransac,9,0.707,-36.9906,-0.325648,5.205644,-3.5796
2026-09-08T13:59:53.525,251,215,FACE_ROTATE,FACE_ROTATE,664,2,1788843593480.370,66.774,timestamp_domain.system_time,89387218.000,78.000,1,89387218.000,89387250.000,32.000,32.000,89387250.000,32.000,1,1,pnp_visible_ransac,9,0.668,-36.9436,-0.325510,5.203995,-3.5792
2026-09-08T13:59:53.612,252,216,FACE_ROTATE,FACE_ROTATE,666,2,1788843593546.969,66.598,timestamp_domain.system_time,89387296.000,78.000,1,89387296.000,89387328.000,32.000,32.000,89387328.000,32.000,1,1,pnp_visible_ransac,9,0.655,-37.0440,-0.325008,5.206823,-3.5717
2026-09-08T13:59:53.692,253,217,FACE_ROTATE,FACE_ROTATE,669,3,1788843593646.865,99.896,timestamp_domain.system_time,89387375.000,79.000,1,89387375.000,89387421.000,46.000,46.000,89387421.000,46.000,1,1,pnp_visible_ransac,9,0.624,-36.8390,-0.325990,5.200656,-3.5868
2026-09-08T13:59:53.779,254,218,FACE_ROTATE,FACE_ROTATE,671,2,1788843593713.570,66.705,timestamp_domain.system_time,89387468.000,93.000,1,89387468.000,89387500.000,32.000,32.000,89387500.000,32.000,1,1,pnp_visible_ransac,9,0.661,-36.7991,-0.326360,5.196713,-3.5935
2026-09-08T13:59:53.859,255,219,FACE_ROTATE,FACE_ROTATE,674,3,1788843593813.676,100.106,timestamp_domain.system_time,89387546.000,78.000,1,89387546.000,89387578.000,32.000,32.000,89387578.000,32.000,1,1,pnp_visible_ransac,9,0.654,-36.8403,-0.326054,5.201275,-3.5870
2026-09-08T13:59:53.936,256,220,FACE_ROTATE,FACE_ROTATE,675,1,1788843593847.094,33.419,timestamp_domain.system_time,89387625.000,79.000,1,89387625.000,89387656.000,31.000,31.000,89387656.000,31.000,1,1,pnp_visible_ransac,9,0.649,-36.9583,-0.324263,5.195915,-3.5710
2026-09-08T13:59:54.052,257,221,FACE_ROTATE,FACE_ROTATE,676,1,1788843593880.631,33.537,timestamp_domain.system_time,89387734.000,109.000,1,89387734.000,89387765.000,31.000,31.000,89387781.000,47.000,1,1,pnp_visible_ransac,9,0.712,-36.9904,-0.325692,5.205997,-3.5798
2026-09-08T13:59:54.133,258,222,FACE_ROTATE,FACE_ROTATE,682,6,1788843594080.590,199.958,timestamp_domain.system_time,89387812.000,78.000,1,89387812.000,89387859.000,47.000,47.000,89387859.000,47.000,1,1,pnp_visible_ransac,9,0.668,-36.9030,-0.323367,5.191556,-3.5642
2026-09-08T13:59:54.216,259,223,FACE_ROTATE,FACE_ROTATE,685,3,1788843594180.443,99.853,timestamp_domain.system_time,89387906.000,94.000,1,89387906.000,89387937.000,31.000,31.000,89387937.000,31.000,1,1,pnp_visible_ransac,9,0.679,-37.0152,-0.325218,5.200876,-3.5781
2026-09-08T13:59:54.296,260,224,FACE_ROTATE,FACE_ROTATE,687,2,1788843594247.242,66.800,timestamp_domain.system_time,89387984.000,78.000,1,89387984.000,89388015.000,31.000,31.000,89388015.000,31.000,1,1,pnp_visible_ransac,9,0.674,-36.8453,-0.325025,5.195809,-3.5795
2026-09-08T13:59:54.380,261,225,FACE_SETTLE,FACE_SETTLE,689,2,1788843594314.124,66.882,timestamp_domain.system_time,89388062.000,78.000,1,89388078.000,89388093.000,15.000,31.000,89388109.000,47.000,1,1,pnp_visible_ransac,9,0.732,-36.9360,-0.326224,5.203838,-3.5871
2026-09-08T13:59:54.453,262,226,FACE_SETTLE,FACE_SETTLE,692,3,1788843594414.175,100.051,timestamp_domain.system_time,89388140.000,78.000,1,89388140.000,89388171.000,31.000,31.000,89388171.000,31.000,1,1,pnp_visible_ransac,9,0.639,-37.0419,-0.326084,5.212891,-3.5794
2026-09-08T13:59:54.539,263,227,FACE_SETTLE,FACE_SETTLE,694,2,1788843594480.808,66.632,timestamp_domain.system_time,89388218.000,78.000,1,89388218.000,89388250.000,32.000,32.000,89388265.000,47.000,1,1,pnp_visible_ransac,9,0.669,-36.8287,-0.326259,5.203638,-3.5876
2026-09-08T13:59:54.614,264,228,FACE_SETTLE,FACE_SETTLE,697,3,1788843594581.204,100.396,timestamp_domain.system_time,89388296.000,78.000,1,89388296.000,89388343.000,47.000,47.000,89388343.000,47.000,1,1,pnp_visible_ransac,9,0.697,-36.9769,-0.325802,5.207419,-3.5800
2026-09-08T13:59:54.696,265,229,FACE_SETTLE,FACE_SETTLE,699,2,1788843594647.853,66.649,timestamp_domain.system_time,89388390.000,94.000,1,89388390.000,89388421.000,31.000,31.000,89388421.000,31.000,1,1,pnp_visible_ransac,9,0.618,-36.7671,-0.326326,5.204117,-3.5881
2026-09-08T13:59:54.781,266,230,FACE_SETTLE,FACE_SETTLE,701,2,1788843594714.388,66.535,timestamp_domain.system_time,89388468.000,78.000,1,89388468.000,89388500.000,32.000,32.000,89388500.000,32.000,1,1,pnp_visible_ransac,9,0.659,-36.8701,-0.325908,5.207854,-3.5809
2026-09-08T13:59:54.853,267,231,FACE_SETTLE,FACE_SETTLE,704,3,1788843594814.502,100.114,timestamp_domain.system_time,89388531.000,63.000,1,89388546.000,89388578.000,32.000,47.000,89388578.000,47.000,1,1,pnp_visible_ransac,9,0.680,-36.9893,-0.325585,5.205023,-3.5793
2026-09-08T13:59:54.941,268,232,FACE_SETTLE,FACE_SETTLE,705,1,1788843594847.746,33.245,timestamp_domain.system_time,89388625.000,94.000,1,89388625.000,89388656.000,31.000,31.000,89388671.000,46.000,1,1,pnp_visible_ransac,9,0.707,-36.9906,-0.325648,5.205644,-3.5796
2026-09-08T13:59:55.055,269,233,FACE_SETTLE,FACE_SETTLE,709,4,1788843594981.459,133.712,timestamp_domain.system_time,89388750.000,125.000,1,89388750.000,89388781.000,31.000,31.000,89388781.000,31.000,1,1,pnp_visible_ransac,9,0.638,-36.8536,-0.325785,5.198526,-3.5860
2026-09-08T13:59:55.141,270,234,FACE_SETTLE,FACE_SETTLE,712,3,1788843595081.429,99.970,timestamp_domain.system_time,89388828.000,78.000,1,89388828.000,89388859.000,31.000,31.000,89388859.000,31.000,1,1,pnp_visible_ransac,9,0.687,-36.9315,-0.327250,5.209303,-3.5946
2026-09-08T13:59:55.214,271,235,FACE_SETTLE,FACE_SETTLE,715,3,1788843595181.433,100.004,timestamp_domain.system_time,89388906.000,78.000,1,89388906.000,89388937.000,31.000,31.000,89388937.000,31.000,1,1,pnp_visible_ransac,9,0.700,-36.9618,-0.325739,5.198697,-3.5853
2026-09-08T13:59:55.299,272,236,FACE_SETTLE,FACE_SETTLE,717,2,1788843595248.150,66.717,timestamp_domain.system_time,89388984.000,78.000,1,89389000.000,89389015.000,15.000,31.000,89389015.000,31.000,1,1,pnp_visible_ransac,9,0.695,-37.1616,-0.324605,5.198915,-3.5727
2026-09-08T13:59:55.390,273,237,FACE_SETTLE,FACE_SETTLE,719,2,1788843595315.026,66.875,timestamp_domain.system_time,89389078.000,94.000,1,89389078.000,89389109.000,31.000,31.000,89389109.000,31.000,1,1,pnp_visible_ransac,9,0.683,-36.9892,-0.325628,5.205375,-3.5795
2026-09-08T13:59:55.558,274,238,FACE_SETTLE,FACE_SETTLE,724,5,1788843595481.441,166.415,timestamp_domain.system_time,89389250.000,172.000,1,89389250.000,89389281.000,31.000,31.000,89389281.000,31.000,1,1,pnp_visible_ransac,9,0.661,-36.8733,-0.323515,5.185018,-3.5703
2026-09-08T13:59:55.659,275,239,FACE_SETTLE,FACE_SETTLE,728,4,1788843595614.742,133.302,timestamp_domain.system_time,89389343.000,93.000,1,89389359.000,89389390.000,31.000,47.000,89389390.000,47.000,1,1,pnp_visible_ransac,9,0.654,-36.8413,-0.326041,5.201249,-3.5869
2026-09-08T13:59:55.741,276,240,FACE_SETTLE,FACE_SETTLE,730,2,1788843595681.726,66.984,timestamp_domain.system_time,89389437.000,94.000,1,89389437.000,89389453.000,16.000,16.000,89389468.000,31.000,1,1,pnp_visible_ransac,9,0.730,-37.1354,-0.324958,5.198652,-3.5768
2026-09-08T13:59:55.821,277,241,FACE_SETTLE,FACE_SETTLE,733,3,1788843595781.659,99.933,timestamp_domain.system_time,89389515.000,78.000,1,89389515.000,89389546.000,31.000,31.000,89389546.000,31.000,1,1,pnp_visible_ransac,9,0.679,-37.0162,-0.325206,5.200850,-3.5780
2026-09-08T13:59:55.902,278,242,FACE_SETTLE,FACE_SETTLE,735,2,1788843595848.681,67.022,timestamp_domain.system_time,89389593.000,78.000,1,89389593.000,89389625.000,32.000,32.000,89389625.000,32.000,1,1,pnp_visible_ransac,9,0.673,-36.7300,-0.327140,5.197020,-3.6019
2026-09-08T13:59:55.975,279,243,FACE_SETTLE,FACE_SETTLE,736,1,1788843595881.772,33.091,timestamp_domain.system_time,89389671.000,78.000,1,89389671.000,89389703.000,32.000,32.000,89389703.000,32.000,1,1,pnp_visible_ransac,9,0.616,-36.7933,-0.325915,5.199622,-3.5866
2026-09-08T13:59:56.056,280,244,FACE_SETTLE,FACE_SETTLE,740,4,1788843596015.340,133.568,timestamp_domain.system_time,89389750.000,79.000,1,89389750.000,89389781.000,31.000,31.000,89389781.000,31.000,1,1,pnp_visible_ransac,9,0.653,-36.7544,-0.323601,5.192954,-3.5658
2026-09-08T13:59:56.142,281,245,FACE_SETTLE,FACE_SETTLE,742,2,1788843596082.117,66.777,timestamp_domain.system_time,89389828.000,78.000,1,89389828.000,89389859.000,31.000,31.000,89389859.000,31.000,1,1,pnp_visible_ransac,9,0.670,-37.0573,-0.324858,5.205066,-3.5713
2026-09-08T13:59:56.223,282,246,FACE_SETTLE,FACE_SETTLE,745,3,1788843596181.983,99.866,timestamp_domain.system_time,89389906.000,78.000,1,89389906.000,89389937.000,31.000,31.000,89389953.000,47.000,1,1,pnp_visible_ransac,9,0.611,-36.7376,-0.326428,5.197190,-3.5939
2026-09-08T13:59:56.297,283,247,FACE_SETTLE,FACE_SETTLE,747,2,1788843596248.711,66.728,timestamp_domain.system_time,89389984.000,78.000,1,89389984.000,89390015.000,31.000,31.000,89390015.000,31.000,1,1,pnp_visible_ransac,9,0.633,-36.8687,-0.325888,5.207585,-3.5809
2026-09-08T13:59:56.383,284,248,FACE_SETTLE,FACE_SETTLE,749,2,1788843596315.455,66.744,timestamp_domain.system_time,89390062.000,78.000,1,89390062.000,89390109.000,47.000,47.000,89390109.000,47.000,1,1,pnp_visible_ransac,9,0.623,-36.8662,-0.325568,5.196142,-3.5852
2026-09-08T13:59:56.458,285,249,FACE_SETTLE,FACE_SETTLE,752,3,1788843596415.506,100.051,timestamp_domain.system_time,89390156.000,94.000,1,89390156.000,89390187.000,31.000,31.000,89390187.000,31.000,1,1,pnp_visible_ransac,9,0.697,-36.9320,-0.325884,5.192143,-3.5914
2026-09-08T13:59:56.541,286,250,FACE_SETTLE,FACE_SETTLE,754,2,1788843596482.005,66.499,timestamp_domain.system_time,89390234.000,78.000,1,89390234.000,89390265.000,31.000,31.000,89390265.000,31.000,1,1,pnp_visible_ransac,9,0.719,-36.9492,-0.325999,5.201439,-3.5863
2026-09-08T13:59:56.625,287,251,FACE_SETTLE,FACE_SETTLE,757,3,1788843596582.144,100.139,timestamp_domain.system_time,89390296.000,62.000,1,89390312.000,89390343.000,31.000,47.000,89390343.000,47.000,1,1,pnp_visible_ransac,9,0.669,-37.1162,-0.324666,5.203331,-3.5704
2026-09-08T13:59:56.705,288,252,FACE_SETTLE,FACE_SETTLE,759,2,1788843596648.919,66.775,timestamp_domain.system_time,89390390.000,94.000,1,89390390.000,89390421.000,31.000,31.000,89390421.000,31.000,1,1,pnp_visible_ransac,9,0.624,-36.8390,-0.325990,5.200656,-3.5868
2026-09-08T13:59:56.791,289,253,FACE_SETTLE,FACE_SETTLE,762,3,1788843596749.276,100.357,timestamp_domain.system_time,89390484.000,94.000,1,89390484.000,89390515.000,31.000,31.000,89390515.000,31.000,1,1,pnp_visible_ransac,9,0.707,-36.9906,-0.325648,5.205644,-3.5796
2026-09-08T13:59:56.860,290,254,FACE_SETTLE,FACE_SETTLE,764,2,1788843596816.042,66.766,timestamp_domain.system_time,89390546.000,62.000,1,89390562.000,89390578.000,16.000,32.000,89390578.000,32.000,1,1,pnp_visible_ransac,9,0.651,-36.8414,-0.325998,5.200896,-3.5867
2026-09-08T13:59:56.945,291,255,FACE_SETTLE,FACE_SETTLE,766,2,1788843596882.510,66.469,timestamp_domain.system_time,89390640.000,94.000,1,89390640.000,89390671.000,31.000,31.000,89390671.000,31.000,1,1,pnp_visible_ransac,9,0.658,-36.9163,-0.324622,5.191731,-3.5779
2026-09-08T13:59:57.047,292,256,FACE_SETTLE,FACE_SETTLE,767,1,1788843596916.266,33.756,timestamp_domain.system_time,89390734.000,94.000,1,89390734.000,89390765.000,31.000,31.000,89390765.000,31.000,1,1,pnp_visible_ransac,9,0.651,-36.8414,-0.325998,5.200896,-3.5867
2026-09-08T13:59:57.127,293,257,FACE_SETTLE,FACE_SETTLE,772,5,1788843597082.858,166.592,timestamp_domain.system_time,89390812.000,78.000,1,89390812.000,89390859.000,47.000,47.000,89390859.000,47.000,1,1,pnp_visible_ransac,9,0.643,-37.0407,-0.326139,5.213271,-3.5797
2026-09-08T13:59:57.226,294,258,FACE_ROTATE,FACE_ROTATE,775,3,1788843597183.541,100.683,timestamp_domain.system_time,89390906.000,94.000,1,89390906.000,89390953.000,47.000,47.000,89390953.000,47.000,1,1,pnp_visible_ransac,9,0.631,-36.8948,-0.325478,5.203087,-3.5795
2026-09-08T13:59:57.308,295,259,FACE_ROTATE,FACE_ROTATE,777,2,1788843597249.554,66.013,timestamp_domain.system_time,89391000.000,94.000,1,89391000.000,89391031.000,31.000,31.000,89391031.000,31.000,1,1,pnp_visible_ransac,9,0.638,-36.8536,-0.325785,5.198526,-3.5860
2026-09-08T13:59:57.381,296,260,FACE_ROTATE,FACE_ROTATE,780,3,1788843597349.714,100.161,timestamp_domain.system_time,89391078.000,78.000,1,89391078.000,89391109.000,31.000,31.000,89391109.000,31.000,1,1,pnp_visible_ransac,9,0.707,-36.9906,-0.325648,5.205644,-3.5796
2026-09-08T13:59:57.473,297,261,FACE_ROTATE,FACE_ROTATE,782,2,1788843597416.240,66.526,timestamp_domain.system_time,89391156.000,78.000,1,89391171.000,89391187.000,16.000,31.000,89391203.000,47.000,1,1,pnp_visible_ransac,9,0.654,-36.8403,-0.326054,5.201275,-3.5870
2026-09-08T13:59:57.556,298,262,FACE_ROTATE,FACE_ROTATE,785,3,1788843597516.135,99.894,timestamp_domain.system_time,89391250.000,94.000,1,89391250.000,89391281.000,31.000,31.000,89391281.000,31.000,1,1,pnp_visible_ransac,9,0.683,-37.0452,-0.325071,5.207445,-3.5720
2026-09-08T13:59:57.638,299,263,FACE_ROTATE,FACE_ROTATE,787,2,1788843597583.367,67.232,timestamp_domain.system_time,89391312.000,62.000,1,89391312.000,89391359.000,47.000,47.000,89391359.000,47.000,1,1,pnp_visible_ransac,9,0.705,-37.1933,-0.324703,5.200570,-3.5727
2026-09-08T13:59:57.715,300,264,FACE_ROTATE,FACE_ROTATE,790,3,1788843597683.064,99.698,timestamp_domain.system_time,89391406.000,94.000,1,89391406.000,89391437.000,31.000,31.000,89391437.000,31.000,1,1,pnp_visible_ransac,9,0.674,-36.8575,-0.326125,5.210250,-3.5816
2026-09-08T13:59:57.797,301,265,FACE_ROTATE,FACE_ROTATE,792,2,1788843597749.891,66.827,timestamp_domain.system_time,89391484.000,78.000,1,89391484.000,89391515.000,31.000,31.000,89391515.000,31.000,1,1,pnp_visible_ransac,9,0.703,-36.9607,-0.325794,5.199076,-3.5857
2026-09-08T13:59:57.885,302,266,FACE_ROTATE,FACE_ROTATE,794,2,1788843597816.564,66.673,timestamp_domain.system_time,89391578.000,94.000,1,89391578.000,89391609.000,31.000,31.000,89391609.000,31.000,1,1,pnp_visible_ransac,9,0.749,-37.1532,-0.325028,5.207609,-3.5714
2026-09-08T13:59:57.964,303,267,FACE_ROTATE,FACE_ROTATE,796,2,1788843597883.667,67.103,timestamp_domain.system_time,89391656.000,78.000,1,89391656.000,89391687.000,31.000,31.000,89391687.000,31.000,1,1,pnp_visible_ransac,9,0.610,-36.8367,-0.327066,5.206709,-3.5944
2026-09-08T13:59:58.083,304,268,FACE_ROTATE,FACE_ROTATE,800,4,1788843598016.644,132.978,timestamp_domain.system_time,89391781.000,125.000,1,89391781.000,89391812.000,31.000,31.000,89391812.000,31.000,1,1,pnp_visible_ransac,9,0.789,-37.0864,-0.325819,5.208197,-3.5797
2026-09-08T13:59:58.165,305,269,FACE_ROTATE,FACE_ROTATE,803,3,1788843598116.828,100.184,timestamp_domain.system_time,89391859.000,78.000,1,89391859.000,89391890.000,31.000,31.000,89391890.000,31.000,1,1,pnp_visible_ransac,9,0.600,-36.8936,-0.325415,5.202467,-3.5792
2026-09-08T13:59:58.251,306,270,FACE_ROTATE,FACE_ROTATE,806,3,1788843598216.957,100.128,timestamp_domain.system_time,89391937.000,78.000,1,89391937.000,89391968.000,31.000,31.000,89391968.000,31.000,1,1,pnp_visible_ransac,9,0.623,-36.8402,-0.325935,5.200281,-3.5864
2026-09-08T13:59:58.331,307,271,FACE_ROTATE,FACE_ROTATE,808,2,1788843598283.670,66.713,timestamp_domain.system_time,89392015.000,78.000,1,89392015.000,89392062.000,47.000,47.000,89392062.000,47.000,1,1,pnp_visible_ransac,9,0.623,-36.8402,-0.325935,5.200281,-3.5864
2026-09-08T13:59:58.413,308,272,FACE_ROTATE,FACE_ROTATE,810,2,1788843598350.166,66.496,timestamp_domain.system_time,89392093.000,78.000,1,89392109.000,89392140.000,31.000,47.000,89392140.000,47.000,1,1,pnp_visible_ransac,9,0.680,-36.9893,-0.325585,5.205023,-3.5793
2026-09-08T13:59:58.494,309,273,FACE_ROTATE,FACE_ROTATE,813,3,1788843598450.404,100.238,timestamp_domain.system_time,89392187.000,94.000,1,89392187.000,89392218.000,31.000,31.000,89392218.000,31.000,1,1,pnp_visible_ransac,9,0.603,-36.8375,-0.325795,5.194634,-3.5888
2026-09-08T13:59:58.577,310,274,FACE_ROTATE,FACE_ROTATE,815,2,1788843598516.920,66.517,timestamp_domain.system_time,89392265.000,78.000,1,89392265.000,89392296.000,31.000,31.000,89392296.000,31.000,1,1,pnp_visible_ransac,9,0.647,-36.7114,-0.326779,5.196900,-3.5980
2026-09-08T13:59:58.650,311,275,FACE_ROTATE,FACE_ROTATE,818,3,1788843598617.030,100.110,timestamp_domain.system_time,89392343.000,78.000,1,89392343.000,89392375.000,32.000,32.000,89392375.000,32.000,1,1,pnp_visible_ransac,9,0.593,-36.7069,-0.326455,5.205208,-3.5887
2026-09-08T13:59:58.736,312,276,FACE_SETTLE,FACE_SETTLE,820,2,1788843598683.572,66.542,timestamp_domain.system_time,89392421.000,78.000,1,89392437.000,89392453.000,16.000,32.000,89392453.000,32.000,1,1,pnp_visible_ransac,9,0.684,-37.0462,-0.325059,5.207419,-3.5719
2026-09-08T13:59:58.827,313,277,FACE_SETTLE,FACE_SETTLE,823,3,1788843598784.104,100.532,timestamp_domain.system_time,89392515.000,94.000,1,89392515.000,89392546.000,31.000,31.000,89392546.000,31.000,1,1,pnp_visible_ransac,9,0.686,-36.9299,-0.325783,5.206769,-3.5803
2026-09-08T13:59:58.901,314,278,FACE_SETTLE,FACE_SETTLE,825,2,1788843598850.498,66.394,timestamp_domain.system_time,89392593.000,78.000,1,89392593.000,89392625.000,32.000,32.000,89392625.000,32.000,1,1,pnp_visible_ransac,9,0.631,-36.8958,-0.325466,5.203061,-3.5793
2026-09-08T13:59:58.986,315,279,FACE_SETTLE,FACE_SETTLE,826,1,1788843598884.087,33.589,timestamp_domain.system_time,89392671.000,78.000,1,89392671.000,89392703.000,32.000,32.000,89392703.000,32.000,1,1,pnp_visible_ransac,9,0.706,-36.9348,-0.326161,5.203218,-3.5869
2026-09-08T13:59:59.085,316,280,FACE_SETTLE,FACE_SETTLE,830,4,1788843599018.049,133.962,timestamp_domain.system_time,89392781.000,110.000,1,89392781.000,89392812.000,31.000,31.000,89392812.000,31.000,1,1,pnp_visible_ransac,9,0.663,-36.9846,-0.325206,5.208575,-3.5727
2026-09-08T13:59:59.164,317,281,FACE_SETTLE,FACE_SETTLE,833,3,1788843599117.508,99.459,timestamp_domain.system_time,89392843.000,62.000,1,89392843.000,89392890.000,47.000,47.000,89392890.000,47.000,1,1,pnp_visible_ransac,9,0.685,-37.0062,-0.322823,5.194262,-3.5564
2026-09-08T13:59:59.234,318,282,FACE_SETTLE,FACE_SETTLE,835,2,1788843599184.229,66.721,timestamp_domain.system_time,89392937.000,94.000,1,89392937.000,89392953.000,16.000,16.000,89392953.000,16.000,1,1,pnp_visible_ransac,9,0.683,-37.0452,-0.325071,5.207445,-3.5720
2026-09-08T13:59:59.319,319,283,FACE_SETTLE,FACE_SETTLE,838,3,1788843599284.272,100.044,timestamp_domain.system_time,89393015.000,78.000,1,89393015.000,89393046.000,31.000,31.000,89393046.000,31.000,1,1,pnp_visible_ransac,9,0.626,-36.7387,-0.326628,5.203239,-3.5920
2026-09-08T13:59:59.402,320,284,FACE_SETTLE,FACE_SETTLE,840,2,1788843599351.067,66.794,timestamp_domain.system_time,89393093.000,78.000,1,89393093.000,89393125.000,32.000,32.000,89393125.000,32.000,1,1,pnp_visible_ransac,9,0.706,-36.9348,-0.326161,5.203218,-3.5869
2026-09-08T13:59:59.486,321,285,FACE_SETTLE,FACE_SETTLE,842,2,1788843599417.828,66.762,timestamp_domain.system_time,89393171.000,78.000,1,89393171.000,89393203.000,32.000,32.000,89393203.000,32.000,1,1,pnp_visible_ransac,9,0.635,-36.8120,-0.327454,5.211126,-3.5956
2026-09-08T13:59:59.570,322,286,FACE_SETTLE,FACE_SETTLE,845,3,1788843599517.850,100.022,timestamp_domain.system_time,89393250.000,79.000,1,89393265.000,89393296.000,31.000,46.000,89393296.000,46.000,1,1,pnp_visible_ransac,9,0.683,-37.0452,-0.325071,5.207445,-3.5720
2026-09-08T13:59:59.676,323,287,FACE_SETTLE,FACE_SETTLE,848,3,1788843599618.065,100.215,timestamp_domain.system_time,89393359.000,109.000,1,89393375.000,89393406.000,31.000,47.000,89393406.000,47.000,1,1,pnp_visible_ransac,9,0.671,-36.9424,-0.325566,5.204375,-3.5795
2026-09-08T13:59:59.876,324,288,FACE_SETTLE,FACE_SETTLE,854,6,1788843599818.852,200.788,timestamp_domain.system_time,89393562.000,203.000,1,89393562.000,89393593.000,31.000,31.000,89393593.000,31.000,1,1,pnp_visible_ransac,9,0.706,-36.9358,-0.326149,5.203195,-3.5868
2026-09-08T13:59:59.994,325,289,FACE_SETTLE,FACE_SETTLE,856,2,1788843599884.698,65.846,timestamp_domain.system_time,89393671.000,109.000,1,89393671.000,89393718.000,47.000,47.000,89393718.000,47.000,1,1,pnp_visible_ransac,9,0.652,-36.9000,-0.325810,5.199202,-3.5858
2026-09-08T14:00:00.079,326,290,FACE_SETTLE,FACE_SETTLE,857,1,1788843599918.170,33.472,timestamp_domain.system_time,89393765.000,94.000,1,89393765.000,89393796.000,31.000,31.000,89393796.000,31.000,1,1,pnp_visible_ransac,9,0.655,-36.8153,-0.326409,5.205394,-3.5881
2026-09-08T14:00:00.170,327,291,FACE_SETTLE,FACE_SETTLE,863,6,1788843600118.038,199.868,timestamp_domain.system_time,89393859.000,94.000,1,89393859.000,89393890.000,31.000,31.000,89393890.000,31.000,1,1,pnp_visible_ransac,9,0.624,-36.8390,-0.325990,5.200656,-3.5868
2026-09-08T14:00:00.246,328,292,FACE_SETTLE,FACE_SETTLE,865,2,1788843600184.619,66.581,timestamp_domain.system_time,89393937.000,78.000,1,89393937.000,89393968.000,31.000,31.000,89393968.000,31.000,1,1,pnp_visible_ransac,9,0.623,-36.9391,-0.326535,5.209461,-3.5867
2026-09-08T14:00:00.329,329,293,FACE_SETTLE,FACE_SETTLE,868,3,1788843600284.841,100.222,timestamp_domain.system_time,89394000.000,63.000,1,89394015.000,89394031.000,16.000,31.000,89394046.000,46.000,1,1,pnp_visible_ransac,9,0.583,-36.8915,-0.326446,5.208170,-3.5866
2026-09-08T14:00:00.408,330,294,FACE_SETTLE,FACE_SETTLE,870,2,1788843600351.679,66.837,timestamp_domain.system_time,89394093.000,93.000,1,89394093.000,89394125.000,32.000,32.000,89394125.000,32.000,1,1,pnp_visible_ransac,9,0.628,-36.8960,-0.325422,5.202707,-3.5791
2026-09-08T14:00:00.484,331,295,FACE_SETTLE,FACE_SETTLE,873,3,1788843600451.892,100.213,timestamp_domain.system_time,89394171.000,78.000,1,89394171.000,89394203.000,32.000,32.000,89394203.000,32.000,1,1,pnp_visible_ransac,9,0.701,-37.2368,-0.325814,5.207305,-3.5803
2026-09-08T14:00:00.565,332,296,FACE_SETTLE,FACE_SETTLE,875,2,1788843600518.594,66.701,timestamp_domain.system_time,89394250.000,79.000,1,89394250.000,89394296.000,46.000,46.000,89394296.000,46.000,1,1,pnp_visible_ransac,9,0.654,-36.8403,-0.326054,5.201275,-3.5870
2026-09-08T14:00:00.647,333,297,FACE_SETTLE,FACE_SETTLE,877,2,1788843600585.073,66.479,timestamp_domain.system_time,89394343.000,93.000,1,89394343.000,89394375.000,32.000,32.000,89394375.000,32.000,1,1,pnp_visible_ransac,9,0.654,-36.8403,-0.326054,5.201275,-3.5870
2026-09-08T14:00:00.731,334,298,FACE_SETTLE,FACE_SETTLE,880,3,1788843600685.257,100.184,timestamp_domain.system_time,89394421.000,78.000,1,89394421.000,89394453.000,32.000,32.000,89394453.000,32.000,1,1,pnp_visible_ransac,9,0.556,-36.7160,-0.326110,5.197191,-3.5904
2026-09-08T14:00:00.809,335,299,FACE_SETTLE,FACE_SETTLE,882,2,1788843600751.898,66.642,timestamp_domain.system_time,89394500.000,79.000,1,89394500.000,89394531.000,31.000,31.000,89394531.000,31.000,1,1,pnp_visible_ransac,9,0.716,-36.8669,-0.323999,5.198667,-3.5663
2026-09-08T14:00:00.881,336,300,FACE_SETTLE,FACE_SETTLE,885,3,1788843600852.036,100.137,timestamp_domain.system_time,89394578.000,78.000,1,89394578.000,89394609.000,31.000,31.000,89394609.000,31.000,1,1,pnp_visible_ransac,9,0.670,-37.0584,-0.324846,5.205040,-3.5712
2026-09-08T14:00:00.971,337,301,FACE_SETTLE,FACE_SETTLE,887,2,1788843600918.685,66.650,timestamp_domain.system_time,89394656.000,78.000,1,89394671.000,89394703.000,32.000,47.000,89394703.000,47.000,1,1,pnp_visible_ransac,9,0.688,-37.1036,-0.324926,5.206079,-3.5714
2026-09-08T14:00:01.115,338,302,FACE_SETTLE,FACE_SETTLE,891,4,1788843601052.435,133.749,timestamp_domain.system_time,89394812.000,156.000,1,89394812.000,89394843.000,31.000,31.000,89394843.000,31.000,1,1,pnp_visible_ransac,9,0.679,-37.0152,-0.325218,5.200876,-3.5781
2026-09-08T14:00:01.205,339,303,FACE_SETTLE,FACE_SETTLE,894,3,1788843601152.404,99.969,timestamp_domain.system_time,89394890.000,78.000,1,89394890.000,89394921.000,31.000,31.000,89394921.000,31.000,1,1,pnp_visible_ransac,9,0.615,-36.7541,-0.323761,5.187174,-3.5715
2026-09-08T14:00:01.283,340,304,FACE_SETTLE,FACE_SETTLE,896,2,1788843601218.932,66.528,timestamp_domain.system_time,89394968.000,78.000,1,89394968.000,89395000.000,32.000,32.000,89395000.000,32.000,1,1,pnp_visible_ransac,9,0.658,-37.0438,-0.325051,5.207175,-3.5720
2026-09-08T14:00:01.379,341,305,FACE_SETTLE,FACE_SETTLE,899,3,1788843601319.105,100.173,timestamp_domain.system_time,89395062.000,94.000,1,89395062.000,89395109.000,47.000,47.000,89395109.000,47.000,1,1,pnp_visible_ransac,9,0.609,-36.9494,-0.324901,5.204893,-3.5719
2026-09-08T14:00:01.467,342,306,FACE_SETTLE,FACE_SETTLE,902,3,1788843601418.820,99.716,timestamp_domain.system_time,89395156.000,94.000,1,89395156.000,89395187.000,31.000,31.000,89395187.000,31.000,1,1,pnp_visible_ransac,9,0.694,-37.0027,-0.325435,5.203268,-3.5789
2026-09-08T14:00:01.551,343,307,FACE_SETTLE,FACE_SETTLE,904,2,1788843601485.854,67.034,timestamp_domain.system_time,89395250.000,94.000,1,89395250.000,89395281.000,31.000,31.000,89395281.000,31.000,1,1,pnp_visible_ransac,9,0.671,-36.9424,-0.325566,5.204375,-3.5795
2026-09-08T14:00:01.644,344,308,FACE_ROTATE,FACE_ROTATE,907,3,1788843601585.771,99.916,timestamp_domain.system_time,89395328.000,78.000,1,89395328.000,89395375.000,47.000,47.000,89395375.000,47.000,1,1,pnp_visible_ransac,9,0.694,-37.0027,-0.325435,5.203268,-3.5789
2026-09-08T14:00:01.720,345,309,FACE_ROTATE,FACE_ROTATE,910,3,1788843601686.048,100.278,timestamp_domain.system_time,89395406.000,78.000,1,89395406.000,89395437.000,31.000,31.000,89395437.000,31.000,1,1,pnp_visible_ransac,9,0.705,-37.0500,-0.324043,5.201966,-3.5645
2026-09-08T14:00:01.807,346,310,FACE_ROTATE,FACE_ROTATE,912,2,1788843601752.594,66.546,timestamp_domain.system_time,89395500.000,94.000,1,89395500.000,89395531.000,31.000,31.000,89395531.000,31.000,1,1,pnp_visible_ransac,9,0.661,-37.1601,-0.325771,5.210055,-3.5779
2026-09-08T14:00:01.886,347,311,FACE_ROTATE,FACE_ROTATE,915,3,1788843601853.160,100.565,timestamp_domain.system_time,89395578.000,78.000,1,89395578.000,89395609.000,31.000,31.000,89395609.000,31.000,1,1,pnp_visible_ransac,9,0.706,-36.9358,-0.326149,5.203195,-3.5868
2026-09-08T14:00:01.970,348,312,FACE_ROTATE,FACE_ROTATE,917,2,1788843601920.302,67.142,timestamp_domain.system_time,89395656.000,78.000,1,89395671.000,89395687.000,16.000,31.000,89395687.000,31.000,1,1,pnp_visible_ransac,9,0.692,-36.8496,-0.323930,5.189729,-3.5716
2026-09-08T14:00:02.141,349,313,FACE_ROTATE,FACE_ROTATE,921,4,1788843602053.050,132.748,timestamp_domain.system_time,89395828.000,172.000,1,89395828.000,89395859.000,31.000,31.000,89395859.000,31.000,1,1,pnp_visible_ransac,9,0.621,-37.0386,-0.324726,5.195497,-3.5764
2026-09-08T14:00:02.221,350,314,FACE_ROTATE,FACE_ROTATE,924,3,1788843602153.099,100.049,timestamp_domain.system_time,89395906.000,78.000,1,89395906.000,89395953.000,47.000,47.000,89395953.000,47.000,1,1,pnp_visible_ransac,9,0.718,-36.9482,-0.326011,5.201465,-3.5864
2026-09-08T14:00:02.310,351,315,FACE_ROTATE,FACE_ROTATE,927,3,1788843602252.917,99.817,timestamp_domain.system_time,89396000.000,94.000,1,89396000.000,89396031.000,31.000,31.000,89396031.000,31.000,1,1,pnp_visible_ransac,9,0.619,-36.6704,-0.325740,5.195176,-3.5878
2026-09-08T14:00:02.388,352,316,FACE_ROTATE,FACE_ROTATE,930,3,1788843602352.965,100.048,timestamp_domain.system_time,89396078.000,78.000,1,89396078.000,89396109.000,31.000,31.000,89396109.000,31.000,1,1,pnp_visible_ransac,9,0.683,-36.9892,-0.325628,5.205375,-3.5795
2026-09-08T14:00:02.463,353,317,FACE_ROTATE,FACE_ROTATE,932,2,1788843602419.792,66.827,timestamp_domain.system_time,89396156.000,78.000,1,89396156.000,89396187.000,31.000,31.000,89396187.000,31.000,1,1,pnp_visible_ransac,9,0.650,-37.0140,-0.325155,5.200256,-3.5779
2026-09-08T14:00:02.554,354,318,FACE_ROTATE,FACE_ROTATE,934,2,1788843602486.627,66.834,timestamp_domain.system_time,89396234.000,78.000,1,89396234.000,89396281.000,47.000,47.000,89396281.000,47.000,1,1,pnp_visible_ransac,9,0.655,-37.1283,-0.324453,5.200954,-3.5697
2026-09-08T14:00:02.622,355,319,FACE_ROTATE,FACE_ROTATE,937,3,1788843602586.757,100.130,timestamp_domain.system_time,89396312.000,78.000,1,89396312.000,89396343.000,31.000,31.000,89396343.000,31.000,1,1,pnp_visible_ransac,9,0.646,-36.8833,-0.325683,5.205452,-3.5801
2026-09-08T14:00:02.713,356,320,FACE_ROTATE,FACE_ROTATE,939,2,1788843602653.432,66.675,timestamp_domain.system_time,89396406.000,94.000,1,89396406.000,89396437.000,31.000,31.000,89396437.000,31.000,1,1,pnp_visible_ransac,9,0.623,-36.6368,-0.326976,5.194681,-3.6017
2026-09-08T14:00:02.790,357,321,FACE_ROTATE,FACE_ROTATE,942,3,1788843602753.490,100.059,timestamp_domain.system_time,89396484.000,78.000,1,89396484.000,89396515.000,31.000,31.000,89396515.000,31.000,1,1,pnp_visible_ransac,9,0.706,-36.9348,-0.326161,5.203218,-3.5869
2026-09-08T14:00:02.878,358,322,FACE_ROTATE,FACE_ROTATE,944,2,1788843602820.194,66.704,timestamp_domain.system_time,89396562.000,78.000,1,89396562.000,89396609.000,47.000,47.000,89396609.000,47.000,1,1,pnp_visible_ransac,9,0.617,-36.9229,-0.325180,5.203974,-3.5756
2026-09-08T14:00:02.958,359,323,FACE_ROTATE,FACE_ROTATE,947,3,1788843602920.551,100.357,timestamp_domain.system_time,89396640.000,78.000,1,89396640.000,89396687.000,47.000,47.000,89396687.000,47.000,1,1,pnp_visible_ransac,9,0.635,-37.0421,-0.324857,5.201141,-3.5740
2026-09-08T14:00:03.042,360,324,FACE_ROTATE,FACE_ROTATE,947,0,1788843602920.551,0.000,timestamp_domain.system_time,89396734.000,94.000,1,89396734.000,89396765.000,31.000,31.000,89396765.000,31.000,1,1,pnp_visible_ransac,9,0.635,-37.0421,-0.324857,5.201141,-3.5740
2026-09-08T14:00:03.125,361,325,FACE_ROTATE,FACE_ROTATE,952,5,1788843603087.057,166.506,timestamp_domain.system_time,89396812.000,78.000,1,89396812.000,89396843.000,31.000,31.000,89396843.000,31.000,1,1,pnp_visible_ransac,9,0.648,-37.0573,-0.326266,5.206999,-3.5854
2026-09-08T14:00:03.215,362,326,FACE_SETTLE,FACE_SETTLE,954,2,1788843603153.822,66.765,timestamp_domain.system_time,89396890.000,78.000,1,89396906.000,89396937.000,31.000,47.000,89396937.000,47.000,1,1,pnp_visible_ransac,9,0.642,-36.9424,-0.325447,5.203380,-3.5789
2026-09-08T14:00:03.293,363,327,FACE_SETTLE,FACE_SETTLE,957,3,1788843603253.714,99.892,timestamp_domain.system_time,89396984.000,94.000,1,89396984.000,89397015.000,31.000,31.000,89397015.000,31.000,1,1,pnp_visible_ransac,9,0.666,-37.0015,-0.325372,5.202648,-3.5786
2026-09-08T14:00:03.359,364,328,FACE_SETTLE,FACE_SETTLE,959,2,1788843603320.598,66.884,timestamp_domain.system_time,89397046.000,62.000,1,89397046.000,89397078.000,32.000,32.000,89397078.000,32.000,1,1,pnp_visible_ransac,9,0.668,-36.9040,-0.323355,5.191534,-3.5641
2026-09-08T14:00:03.448,365,329,FACE_SETTLE,FACE_SETTLE,961,2,1788843603387.238,66.640,timestamp_domain.system_time,89397140.000,94.000,1,89397140.000,89397171.000,31.000,31.000,89397171.000,31.000,1,1,pnp_visible_ransac,9,0.658,-37.0438,-0.325051,5.207175,-3.5720
2026-09-08T14:00:03.530,366,330,FACE_SETTLE,FACE_SETTLE,964,3,1788843603487.075,99.837,timestamp_domain.system_time,89397218.000,78.000,1,89397218.000,89397250.000,32.000,32.000,89397250.000,32.000,1,1,pnp_visible_ransac,9,0.683,-36.9892,-0.325628,5.205375,-3.5795
2026-09-08T14:00:03.609,367,331,FACE_SETTLE,FACE_SETTLE,966,2,1788843603553.813,66.738,timestamp_domain.system_time,89397296.000,78.000,1,89397312.000,89397328.000,16.000,32.000,89397328.000,32.000,1,1,pnp_visible_ransac,9,0.654,-36.8403,-0.326054,5.201275,-3.5870
2026-09-08T14:00:03.694,368,332,FACE_SETTLE,FACE_SETTLE,969,3,1788843603654.049,100.236,timestamp_domain.system_time,89397390.000,94.000,1,89397390.000,89397421.000,31.000,31.000,89397421.000,31.000,1,1,pnp_visible_ransac,9,0.712,-36.9904,-0.325692,5.205997,-3.5798
2026-09-08T14:00:03.774,369,333,FACE_SETTLE,FACE_SETTLE,971,2,1788843603720.698,66.649,timestamp_domain.system_time,89397453.000,63.000,1,89397453.000,89397500.000,47.000,47.000,89397500.000,47.000,1,1,pnp_visible_ransac,9,0.549,-36.7444,-0.325808,5.198067,-3.5865
2026-09-08T14:00:03.849,370,334,FACE_SETTLE,FACE_SETTLE,973,2,1788843603787.540,66.842,timestamp_domain.system_time,89397546.000,93.000,1,89397546.000,89397578.000,32.000,32.000,89397578.000,32.000,1,1,pnp_visible_ransac,9,0.645,-36.8451,-0.324951,5.195168,-3.5791
2026-09-08T14:00:03.927,371,335,FACE_SETTLE,FACE_SETTLE,976,3,1788843603887.208,99.667,timestamp_domain.system_time,89397625.000,79.000,1,89397625.000,89397656.000,31.000,31.000,89397656.000,31.000,1,1,pnp_visible_ransac,9,0.705,-36.8769,-0.323720,5.191282,-3.5682
2026-09-08T14:00:04.017,372,336,FACE_SETTLE,FACE_SETTLE,977,1,1788843603921.348,34.140,timestamp_domain.system_time,89397703.000,78.000,1,89397703.000,89397734.000,31.000,31.000,89397734.000,31.000,1,1,pnp_visible_ransac,9,0.644,-36.7283,-0.324200,5.191932,-3.5731
2026-09-08T14:00:04.128,373,337,FACE_SETTLE,FACE_SETTLE,981,4,1788843604054.758,133.410,timestamp_domain.system_time,89397812.000,109.000,1,89397812.000,89397859.000,47.000,47.000,89397859.000,47.000,1,1,pnp_visible_ransac,9,0.712,-37.2051,-0.324307,5.203713,-3.5662
2026-09-08T14:00:04.199,374,338,FACE_SETTLE,FACE_SETTLE,984,3,1788843604154.577,99.819,timestamp_domain.system_time,89397890.000,78.000,1,89397890.000,89397921.000,31.000,31.000,89397921.000,31.000,1,1,pnp_visible_ransac,9,0.666,-37.0015,-0.325372,5.202648,-3.5786
2026-09-08T14:00:04.292,375,339,FACE_SETTLE,FACE_SETTLE,987,3,1788843604254.653,100.076,timestamp_domain.system_time,89397968.000,78.000,1,89397984.000,89398015.000,31.000,47.000,89398015.000,47.000,1,1,pnp_visible_ransac,9,0.702,-37.0915,-0.325139,5.208459,-3.5721
2026-09-08T14:00:04.363,376,340,FACE_SETTLE,FACE_SETTLE,989,2,1788843604321.485,66.832,timestamp_domain.system_time,89398046.000,78.000,1,89398046.000,89398093.000,47.000,47.000,89398093.000,47.000,1,1,pnp_visible_ransac,9,0.680,-36.9893,-0.325585,5.205023,-3.5793
2026-09-08T14:00:04.451,377,341,FACE_SETTLE,FACE_SETTLE,991,2,1788843604388.109,66.624,timestamp_domain.system_time,89398140.000,94.000,1,89398140.000,89398171.000,31.000,31.000,89398171.000,31.000,1,1,pnp_visible_ransac,9,0.599,-36.8947,-0.325359,5.202092,-3.5788
2026-09-08T14:00:04.534,378,342,FACE_SETTLE,FACE_SETTLE,994,3,1788843604488.029,99.920,timestamp_domain.system_time,89398218.000,78.000,1,89398218.000,89398265.000,47.000,47.000,89398265.000,47.000,1,1,pnp_visible_ransac,9,0.696,-37.1174,-0.324729,5.203951,-3.5707
2026-09-08T14:00:04.618,379,343,FACE_SETTLE,FACE_SETTLE,996,2,1788843604554.760,66.731,timestamp_domain.system_time,89398312.000,94.000,1,89398312.000,89398343.000,31.000,31.000,89398343.000,31.000,1,1,pnp_visible_ransac,9,0.625,-36.8400,-0.325979,5.200633,-3.5866
2026-09-08T14:00:04.698,380,344,FACE_SETTLE,FACE_SETTLE,999,3,1788843604654.797,100.037,timestamp_domain.system_time,89398375.000,63.000,1,89398390.000,89398421.000,31.000,46.000,89398421.000,46.000,1,1,pnp_visible_ransac,9,0.651,-36.8414,-0.325998,5.200896,-3.5867
2026-09-08T14:00:04.778,381,345,FACE_SETTLE,FACE_SETTLE,1001,2,1788843604721.500,66.702,timestamp_domain.system_time,89398453.000,78.000,1,89398453.000,89398484.000,31.000,31.000,89398500.000,47.000,1,1,pnp_visible_ransac,9,0.639,-36.8277,-0.326152,5.202670,-3.5871
2026-09-08T14:00:04.851,382,346,FACE_SETTLE,FACE_SETTLE,1004,3,1788843604821.560,100.061,timestamp_domain.system_time,89398546.000,93.000,1,89398546.000,89398578.000,32.000,32.000,89398578.000,32.000,1,1,pnp_visible_ransac,9,0.577,-36.9482,-0.324838,5.204273,-3.5716
2026-09-08T14:00:04.932,383,347,FACE_SETTLE,FACE_SETTLE,1006,2,1788843604887.961,66.400,timestamp_domain.system_time,89398625.000,79.000,1,89398625.000,89398656.000,31.000,31.000,89398656.000,31.000,1,1,pnp_visible_ransac,9,0.606,-36.7208,-0.326257,5.203082,-3.5880
2026-09-08T14:00:05.021,384,348,FACE_SETTLE,FACE_SETTLE,1007,1,1788843604921.873,33.913,timestamp_domain.system_time,89398703.000,78.000,1,89398703.000,89398750.000,47.000,47.000,89398750.000,47.000,1,1,pnp_visible_ransac,9,0.702,-37.1951,-0.324779,5.205606,-3.5701
2026-09-08T14:00:05.118,385,349,FACE_SETTLE,FACE_SETTLE,1011,4,1788843605055.314,133.440,timestamp_domain.system_time,89398812.000,109.000,1,89398812.000,89398843.000,31.000,31.000,89398843.000,31.000,1,1,pnp_visible_ransac,9,0.667,-36.8426,-0.326198,5.206956,-3.5847
2026-09-08T14:00:05.203,386,350,FACE_SETTLE,FACE_SETTLE,1014,3,1788843605155.160,99.846,timestamp_domain.system_time,89398890.000,78.000,1,89398890.000,89398921.000,31.000,31.000,89398921.000,31.000,1,1,pnp_visible_ransac,9,0.692,-36.8486,-0.323942,5.189753,-3.5717
2026-09-08T14:00:05.285,387,351,FACE_SETTLE,FACE_SETTLE,1016,2,1788843605221.911,66.751,timestamp_domain.system_time,89398968.000,78.000,1,89398968.000,89399000.000,32.000,32.000,89399015.000,47.000,1,1,pnp_visible_ransac,9,0.624,-36.8390,-0.325990,5.200656,-3.5868
2026-09-08T14:00:05.355,388,352,FACE_SETTLE,FACE_SETTLE,1019,3,1788843605322.032,100.121,timestamp_domain.system_time,89399046.000,78.000,1,89399046.000,89399078.000,32.000,32.000,89399078.000,32.000,1,1,pnp_visible_ransac,9,0.631,-36.8958,-0.325466,5.203061,-3.5793
2026-09-08T14:00:05.447,389,353,FACE_SETTLE,FACE_SETTLE,1021,2,1788843605388.683,66.651,timestamp_domain.system_time,89399125.000,79.000,1,89399125.000,89399156.000,31.000,31.000,89399171.000,46.000,1,1,pnp_visible_ransac,9,0.650,-37.0150,-0.325143,5.200233,-3.5777
2026-09-08T14:00:05.520,390,354,FACE_SETTLE,FACE_SETTLE,1024,3,1788843605488.439,99.756,timestamp_domain.system_time,89399218.000,93.000,1,89399218.000,89399250.000,32.000,32.000,89399250.000,32.000,1,1,pnp_visible_ransac,9,0.696,-37.1184,-0.324717,5.203925,-3.5705
2026-09-08T14:00:05.602,391,355,FACE_SETTLE,FACE_SETTLE,1026,2,1788843605555.167,66.728,timestamp_domain.system_time,89399296.000,78.000,1,89399296.000,89399328.000,32.000,32.000,89399328.000,32.000,1,1,pnp_visible_ransac,9,0.712,-36.8928,-0.323633,5.194530,-3.5651
2026-09-08T14:00:05.687,392,356,FACE_SETTLE,FACE_SETTLE,1028,2,1788843605622.030,66.863,timestamp_domain.system_time,89399375.000,79.000,1,89399375.000,89399406.000,31.000,31.000,89399406.000,31.000,1,1,pnp_visible_ransac,9,0.650,-37.0140,-0.325155,5.200256,-3.5779
2026-09-08T14:00:05.754,393,357,FACE_SETTLE,FACE_SETTLE,1031,3,1788843605722.395,100.366,timestamp_domain.system_time,89399437.000,62.000,1,89399437.000,89399484.000,47.000,47.000,89399484.000,47.000,1,1,pnp_visible_ransac,9,0.651,-36.8414,-0.325998,5.200896,-3.5867
2026-09-08T14:00:05.843,394,358,FACE_SETTLE,FACE_SETTLE,1033,2,1788843605788.884,66.488,timestamp_domain.system_time,89399531.000,94.000,1,89399531.000,89399562.000,31.000,31.000,89399562.000,31.000,1,1,pnp_visible_ransac,9,0.642,-36.9412,-0.325503,5.203755,-3.5793
2026-09-08T14:00:05.921,395,359,FACE_SETTLE,FACE_SETTLE,1036,3,1788843605888.810,99.926,timestamp_domain.system_time,89399609.000,78.000,1,89399609.000,89399640.000,31.000,31.000,89399640.000,31.000,1,1,pnp_visible_ransac,9,0.709,-37.0636,-0.325484,5.196623,-3.5840
2026-09-08T14:00:06.018,396,360,FACE_ROTATE,FACE_ROTATE,1037,1,1788843605922.368,33.558,timestamp_domain.system_time,89399703.000,94.000,1,89399703.000,89399734.000,31.000,31.000,89399734.000,31.000,1,1,pnp_visible_ransac,9,0.632,-36.8128,-0.326225,5.199384,-3.5902
2026-09-08T14:00:06.121,397,361,FACE_ROTATE,FACE_ROTATE,1041,4,1788843606055.836,133.468,timestamp_domain.system_time,89399812.000,109.000,1,89399812.000,89399843.000,31.000,31.000,89399843.000,31.000,1,1,pnp_visible_ransac,9,0.707,-36.9906,-0.325648,5.205644,-3.5796
2026-09-08T14:00:06.209,398,362,FACE_ROTATE,FACE_ROTATE,1044,3,1788843606155.934,100.098,timestamp_domain.system_time,89399906.000,94.000,1,89399906.000,89399937.000,31.000,31.000,89399937.000,31.000,1,1,pnp_visible_ransac,9,0.658,-37.0438,-0.325051,5.207175,-3.5720
2026-09-08T14:00:06.288,399,363,FACE_ROTATE,FACE_ROTATE,1046,2,1788843606222.644,66.710,timestamp_domain.system_time,89399984.000,78.000,1,89399984.000,89400015.000,31.000,31.000,89400015.000,31.000,1,1,pnp_visible_ransac,9,0.625,-36.8400,-0.325979,5.200633,-3.5866
2026-09-08T14:00:06.377,400,364,FACE_ROTATE,FACE_ROTATE,1049,3,1788843606327.022,104.378,timestamp_domain.system_time,89400062.000,78.000,1,89400062.000,89400093.000,31.000,31.000,89400109.000,47.000,1,1,pnp_visible_ransac,9,0.653,-37.0284,-0.326313,5.215320,-3.5802
2026-09-08T14:00:06.453,401,365,FACE_ROTATE,FACE_ROTATE,1051,2,1788843606389.444,62.422,timestamp_domain.system_time,89400140.000,78.000,1,89400156.000,89400171.000,15.000,31.000,89400171.000,31.000,1,1,pnp_visible_ransac,9,0.624,-36.8390,-0.325990,5.200656,-3.5868
2026-09-08T14:00:06.533,402,366,FACE_ROTATE,FACE_ROTATE,1054,3,1788843606489.488,100.044,timestamp_domain.system_time,89400218.000,78.000,1,89400218.000,89400250.000,32.000,32.000,89400250.000,32.000,1,1,pnp_visible_ransac,9,0.667,-36.9869,-0.325441,5.199347,-3.5816
2026-09-08T14:00:06.617,403,367,FACE_ROTATE,FACE_ROTATE,1056,2,1788843606556.104,66.616,timestamp_domain.system_time,89400312.000,94.000,1,89400312.000,89400343.000,31.000,31.000,89400343.000,31.000,1,1,pnp_visible_ransac,9,0.623,-36.8402,-0.325935,5.200281,-3.5864
2026-09-08T14:00:06.701,404,368,FACE_ROTATE,FACE_ROTATE,1059,3,1788843606656.320,100.216,timestamp_domain.system_time,89400390.000,78.000,1,89400390.000,89400421.000,31.000,31.000,89400421.000,31.000,1,1,pnp_visible_ransac,9,0.675,-36.9594,-0.325731,5.198457,-3.5854
2026-09-08T14:00:06.782,405,369,FACE_ROTATE,FACE_ROTATE,1061,2,1788843606722.796,66.477,timestamp_domain.system_time,89400468.000,78.000,1,89400468.000,89400500.000,32.000,32.000,89400500.000,32.000,1,1,pnp_visible_ransac,9,0.681,-36.9904,-0.325573,5.205000,-3.5792
2026-09-08T14:00:06.866,406,370,FACE_ROTATE,FACE_ROTATE,1064,3,1788843606823.414,100.618,timestamp_domain.system_time,89400546.000,78.000,1,89400546.000,89400593.000,47.000,47.000,89400593.000,47.000,1,1,pnp_visible_ransac,9,0.694,-37.0027,-0.325435,5.203268,-3.5789
2026-09-08T14:00:06.941,407,371,FACE_ROTATE,FACE_ROTATE,1066,2,1788843606889.828,66.414,timestamp_domain.system_time,89400640.000,94.000,1,89400640.000,89400671.000,31.000,31.000,89400671.000,31.000,1,1,pnp_visible_ransac,9,0.652,-36.9000,-0.325810,5.199202,-3.5858
2026-09-08T14:00:07.030,408,372,FACE_ROTATE,FACE_ROTATE,1068,2,1788843606956.367,66.539,timestamp_domain.system_time,89400718.000,78.000,1,89400718.000,89400750.000,32.000,32.000,89400750.000,32.000,1,1,pnp_visible_ransac,9,0.684,-37.0462,-0.325059,5.207419,-3.5719
2026-09-08T14:00:07.121,409,373,FACE_ROTATE,FACE_ROTATE,1071,3,1788843607056.595,100.228,timestamp_domain.system_time,89400812.000,94.000,1,89400812.000,89400843.000,31.000,31.000,89400843.000,31.000,1,1,pnp_visible_ransac,9,0.623,-36.8662,-0.325568,5.196142,-3.5852
2026-09-08T14:00:07.203,410,374,FACE_ROTATE,FACE_ROTATE,1074,3,1788843607156.276,99.681,timestamp_domain.system_time,89400890.000,78.000,1,89400906.000,89400921.000,15.000,31.000,89400921.000,31.000,1,1,pnp_visible_ransac,9,0.624,-36.8390,-0.325990,5.200656,-3.5868
2026-09-08T14:00:07.275,411,375,FACE_ROTATE,FACE_ROTATE,1076,2,1788843607222.987,66.712,timestamp_domain.system_time,89400984.000,94.000,1,89400984.000,89401000.000,16.000,16.000,89401000.000,16.000,1,1,pnp_visible_ransac,9,0.706,-36.9348,-0.326161,5.203218,-3.5869
2026-09-08T14:00:07.365,412,376,FACE_ROTATE,FACE_ROTATE,1079,3,1788843607323.101,100.114,timestamp_domain.system_time,89401062.000,78.000,1,89401062.000,89401093.000,31.000,31.000,89401093.000,31.000,1,1,pnp_visible_ransac,9,0.630,-36.8688,-0.325845,5.207233,-3.5806
2026-09-08T14:00:07.443,413,377,FACE_ROTATE,FACE_ROTATE,1081,2,1788843607390.162,67.061,timestamp_domain.system_time,89401140.000,78.000,1,89401140.000,89401171.000,31.000,31.000,89401171.000,31.000,1,1,pnp_visible_ransac,9,0.617,-36.9229,-0.325180,5.203974,-3.5756
2026-09-08T14:00:07.528,414,378,FACE_SETTLE,FACE_SETTLE,1084,3,1788843607490.246,100.083,timestamp_domain.system_time,89401218.000,78.000,1,89401218.000,89401250.000,32.000,32.000,89401250.000,32.000,1,1,pnp_visible_ransac,9,0.634,-36.9860,-0.326598,5.210468,-3.5867
2026-09-08T14:00:07.608,415,379,FACE_SETTLE,FACE_SETTLE,1086,2,1788843607556.843,66.598,timestamp_domain.system_time,89401281.000,63.000,1,89401281.000,89401328.000,47.000,47.000,89401328.000,47.000,1,1,pnp_visible_ransac,9,0.677,-37.1888,-0.324318,5.199816,-3.5690
2026-09-08T14:00:07.687,416,380,FACE_SETTLE,FACE_SETTLE,1088,2,1788843607623.616,66.773,timestamp_domain.system_time,89401375.000,94.000,1,89401375.000,89401406.000,31.000,31.000,89401406.000,31.000,1,1,pnp_visible_ransac,9,0.702,-36.9942,-0.324557,5.199549,-3.5718
2026-09-08T14:00:07.763,417,381,FACE_SETTLE,FACE_SETTLE,1091,3,1788843607723.690,100.074,timestamp_domain.system_time,89401453.000,78.000,1,89401453.000,89401484.000,31.000,31.000,89401484.000,31.000,1,1,pnp_visible_ransac,9,0.655,-37.0440,-0.325008,5.206823,-3.5717
2026-09-08T14:00:07.845,418,382,FACE_SETTLE,FACE_SETTLE,1093,2,1788843607790.270,66.580,timestamp_domain.system_time,89401531.000,78.000,1,89401531.000,89401562.000,31.000,31.000,89401562.000,31.000,1,1,pnp_visible_ransac,9,0.689,-36.9367,-0.326019,5.202160,-3.5860
2026-09-08T14:00:07.929,419,383,FACE_SETTLE,FACE_SETTLE,1095,2,1788843607857.122,66.852,timestamp_domain.system_time,89401609.000,78.000,1,89401609.000,89401656.000,47.000,47.000,89401656.000,47.000,1,1,pnp_visible_ransac,9,0.607,-36.6913,-0.326346,5.207448,-3.5860
2026-09-08T14:00:08.013,420,384,FACE_SETTLE,FACE_SETTLE,1098,3,1788843607957.247,100.125,timestamp_domain.system_time,89401703.000,94.000,1,89401703.000,89401734.000,31.000,31.000,89401734.000,31.000,1,1,pnp_visible_ransac,9,0.638,-36.8536,-0.325785,5.198526,-3.5860
2026-09-08T14:00:08.131,421,385,FACE_SETTLE,FACE_SETTLE,1101,3,1788843608057.404,100.157,timestamp_domain.system_time,89401828.000,125.000,1,89401828.000,89401859.000,31.000,31.000,89401859.000,31.000,1,1,pnp_visible_ransac,9,0.648,-37.0409,-0.324733,5.195737,-3.5763
2026-09-08T14:00:08.215,422,386,FACE_SETTLE,FACE_SETTLE,1104,3,1788843608157.266,99.862,timestamp_domain.system_time,89401906.000,78.000,1,89401906.000,89401937.000,31.000,31.000,89401937.000,31.000,1,1,pnp_visible_ransac,9,0.624,-36.8390,-0.325990,5.200656,-3.5868
2026-09-08T14:00:08.297,423,387,FACE_SETTLE,FACE_SETTLE,1107,3,1788843608257.447,100.181,timestamp_domain.system_time,89401984.000,78.000,1,89401984.000,89402015.000,31.000,31.000,89402015.000,31.000,1,1,pnp_visible_ransac,9,0.671,-36.8865,-0.326122,5.202299,-3.5871
2026-09-08T14:00:08.380,424,388,FACE_SETTLE,FACE_SETTLE,1109,2,1788843608324.164,66.717,timestamp_domain.system_time,89402078.000,94.000,1,89402078.000,89402109.000,31.000,31.000,89402109.000,31.000,1,1,pnp_visible_ransac,9,0.657,-36.8627,-0.323589,5.186340,-3.5702
2026-09-08T14:00:08.459,425,389,FACE_SETTLE,FACE_SETTLE,1112,3,1788843608424.024,99.860,timestamp_domain.system_time,89402156.000,78.000,1,89402156.000,89402187.000,31.000,31.000,89402187.000,31.000,1,1,pnp_visible_ransac,9,0.678,-36.9012,-0.325873,5.199815,-3.5860
2026-09-08T14:00:08.531,426,390,FACE_SETTLE,FACE_SETTLE,1114,2,1788843608490.748,66.725,timestamp_domain.system_time,89402234.000,78.000,1,89402234.000,89402250.000,16.000,16.000,89402250.000,16.000,1,1,pnp_visible_ransac,9,0.658,-37.0438,-0.325051,5.207175,-3.5720
2026-09-08T14:00:08.615,427,391,FACE_SETTLE,FACE_SETTLE,1116,2,1788843608557.579,66.831,timestamp_domain.system_time,89402312.000,78.000,1,89402312.000,89402343.000,31.000,31.000,89402343.000,31.000,1,1,pnp_visible_ransac,9,0.736,-37.0504,-0.325523,5.204553,-3.5790
2026-09-08T14:00:08.702,428,392,FACE_SETTLE,FACE_SETTLE,1119,3,1788843608657.683,100.104,timestamp_domain.system_time,89402390.000,78.000,1,89402390.000,89402421.000,31.000,31.000,89402421.000,31.000,1,1,pnp_visible_ransac,9,0.694,-36.9639,-0.323188,5.190102,-3.5632
2026-09-08T14:00:08.780,429,393,FACE_SETTLE,FACE_SETTLE,1121,2,1788843608724.289,66.606,timestamp_domain.system_time,89402453.000,63.000,1,89402468.000,89402484.000,16.000,31.000,89402500.000,47.000,1,1,pnp_visible_ransac,9,0.636,-36.8685,-0.325712,5.201811,-3.5829
2026-09-08T14:00:08.854,430,394,FACE_SETTLE,FACE_SETTLE,1124,3,1788843608824.576,100.286,timestamp_domain.system_time,89402546.000,93.000,1,89402546.000,89402578.000,32.000,32.000,89402578.000,32.000,1,1,pnp_visible_ransac,9,0.707,-36.9906,-0.325648,5.205644,-3.5796
2026-09-08T14:00:08.943,431,395,FACE_SETTLE,FACE_SETTLE,1126,2,1788843608891.244,66.668,timestamp_domain.system_time,89402625.000,79.000,1,89402625.000,89402671.000,46.000,46.000,89402671.000,46.000,1,1,pnp_visible_ransac,9,0.706,-36.9348,-0.326161,5.203218,-3.5869
2026-09-08T14:00:09.016,432,396,FACE_SETTLE,FACE_SETTLE,1128,2,1788843608957.975,66.731,timestamp_domain.system_time,89402703.000,78.000,1,89402703.000,89402734.000,31.000,31.000,89402734.000,31.000,1,1,pnp_visible_ransac,9,0.682,-36.8155,-0.326484,5.206038,-3.5885
2026-09-08T14:00:09.128,433,397,FACE_SETTLE,FACE_SETTLE,1131,3,1788843609057.982,100.007,timestamp_domain.system_time,89402812.000,109.000,1,89402828.000,89402859.000,31.000,47.000,89402859.000,47.000,1,1,pnp_visible_ransac,9,0.620,-36.8986,-0.324387,5.196998,-3.5717
2026-09-08T14:00:09.211,434,398,FACE_SETTLE,FACE_SETTLE,1134,3,1788843609158.029,100.047,timestamp_domain.system_time,89402890.000,78.000,1,89402890.000,89402937.000,47.000,47.000,89402937.000,47.000,1,1,pnp_visible_ransac,9,0.690,-36.8497,-0.323887,5.189379,-3.5714
2026-09-08T14:00:09.283,435,399,FACE_SETTLE,FACE_SETTLE,1136,2,1788843609224.851,66.822,timestamp_domain.system_time,89402968.000,78.000,1,89402968.000,89403000.000,32.000,32.000,89403000.000,32.000,1,1,pnp_visible_ransac,9,0.707,-36.9906,-0.325648,5.205644,-3.5796
2026-09-08T14:00:09.372,436,400,FACE_SETTLE,FACE_SETTLE,1139,3,1788843609324.822,99.971,timestamp_domain.system_time,89403062.000,94.000,1,89403062.000,89403093.000,31.000,31.000,89403093.000,31.000,1,1,pnp_visible_ransac,9,0.712,-36.9904,-0.325692,5.205997,-3.5798
2026-09-08T14:00:09.451,437,401,FACE_SETTLE,FACE_SETTLE,1141,2,1788843609391.329,66.507,timestamp_domain.system_time,89403140.000,78.000,1,89403140.000,89403171.000,31.000,31.000,89403171.000,31.000,1,1,pnp_visible_ransac,9,0.661,-36.8575,-0.324813,5.193445,-3.5788
2026-09-08T14:00:09.534,438,402,FACE_SETTLE,FACE_SETTLE,1144,3,1788843609491.390,100.061,timestamp_domain.system_time,89403218.000,78.000,1,89403218.000,89403265.000,47.000,47.000,89403265.000,47.000,1,1,pnp_visible_ransac,9,0.742,-37.1397,-0.325221,5.209722,-3.5721
2026-09-08T14:00:09.617,439,403,FACE_SETTLE,FACE_SETTLE,1146,2,1788843609558.203,66.813,timestamp_domain.system_time,89403312.000,94.000,1,89403312.000,89403343.000,31.000,31.000,89403343.000,31.000,1,1,pnp_visible_ransac,9,0.695,-36.8879,-0.326142,5.202567,-3.5871
2026-09-08T14:00:09.703,440,404,FACE_SETTLE,FACE_SETTLE,1149,3,1788843609658.182,99.979,timestamp_domain.system_time,89403390.000,78.000,1,89403390.000,89403421.000,31.000,31.000,89403421.000,31.000,1,1,pnp_visible_ransac,9,0.708,-37.1643,-0.324748,5.204589,-3.5704
2026-09-08T14:00:09.784,441,405,FACE_SETTLE,FACE_SETTLE,1151,2,1788843609724.869,66.687,timestamp_domain.system_time,89403468.000,78.000,1,89403468.000,89403515.000,47.000,47.000,89403515.000,47.000,1,1,pnp_visible_ransac,9,0.661,-36.8733,-0.323515,5.185018,-3.5703
2026-09-08T14:00:09.868,442,406,FACE_SETTLE,FACE_SETTLE,1154,3,1788843609824.855,99.986,timestamp_domain.system_time,89403562.000,94.000,1,89403562.000,89403578.000,16.000,16.000,89403593.000,31.000,1,1,pnp_visible_ransac,9,0.641,-36.8535,-0.325829,5.198880,-3.5862
2026-09-08T14:00:09.949,443,407,FACE_SETTLE,FACE_SETTLE,1156,2,1788843609891.678,66.824,timestamp_domain.system_time,89403640.000,78.000,1,89403640.000,89403671.000,31.000,31.000,89403671.000,31.000,1,1,pnp_visible_ransac,9,0.678,-36.9012,-0.325873,5.199815,-3.5860
2026-09-08T14:00:10.034,444,408,FACE_SETTLE,FACE_SETTLE,1158,2,1788843609958.424,66.745,timestamp_domain.system_time,89403703.000,63.000,1,89403718.000,89403750.000,32.000,47.000,89403765.000,62.000,1,1,pnp_visible_ransac,9,0.667,-36.8866,-0.326079,5.201948,-3.5868
2026-09-08T14:00:10.129,445,409,FACE_SETTLE,FACE_SETTLE,1161,3,1788843610058.862,100.438,timestamp_domain.system_time,89403812.000,109.000,1,89403828.000,89403859.000,31.000,47.000,89403859.000,47.000,1,1,pnp_visible_ransac,9,0.683,-37.0452,-0.325071,5.207445,-3.5720
2026-09-08T14:00:10.203,446,410,FACE_SETTLE,FACE_SETTLE,1164,3,1788843610158.797,99.935,timestamp_domain.system_time,89403890.000,78.000,1,89403890.000,89403921.000,31.000,31.000,89403921.000,31.000,1,1,pnp_visible_ransac,9,0.648,-36.9970,-0.324989,5.206179,-3.5720
2026-09-08T14:00:10.286,447,411,FACE_SETTLE,FACE_SETTLE,1166,2,1788843610225.290,66.493,timestamp_domain.system_time,89403984.000,94.000,1,89403984.000,89404015.000,31.000,31.000,89404015.000,31.000,1,1,pnp_visible_ransac,9,0.681,-36.9590,-0.325599,5.193052,-3.5877
2026-09-08T14:00:10.372,448,412,STANDOFF_VERIFY,STANDOFF_VERIFY,1169,3,1788843610325.501,100.210,timestamp_domain.system_time,89404062.000,78.000,1,89404062.000,89404093.000,31.000,31.000,89404093.000,31.000,1,1,pnp_visible_ransac,9,0.676,-36.9604,-0.325719,5.198434,-3.5853
2026-09-08T14:00:10.457,449,413,STANDOFF_MOVE,STANDOFF_MOVE,1171,2,1788843610392.116,66.615,timestamp_domain.system_time,89404140.000,78.000,1,89404140.000,89404187.000,47.000,47.000,89404187.000,47.000,1,1,pnp_visible_ransac,9,0.716,-36.8510,-0.323949,5.189991,-3.5717
2026-09-08T14:00:10.537,450,414,STANDOFF_MOVE,STANDOFF_MOVE,1174,3,1788843610492.376,100.260,timestamp_domain.system_time,89404234.000,94.000,1,89404234.000,89404265.000,31.000,31.000,89404265.000,31.000,1,1,pnp_visible_ransac,9,0.701,-37.1476,-0.324581,5.210521,-3.5645
2026-09-08T14:00:10.616,451,415,STANDOFF_MOVE,STANDOFF_MOVE,1176,2,1788843610558.945,66.568,timestamp_domain.system_time,89404312.000,78.000,1,89404312.000,89404343.000,31.000,31.000,89404343.000,31.000,1,1,pnp_visible_ransac,9,0.650,-37.0150,-0.325143,5.200233,-3.5777
2026-09-08T14:00:10.688,452,416,STANDOFF_MOVE,STANDOFF_MOVE,1179,3,1788843610659.136,100.191,timestamp_domain.system_time,89404375.000,63.000,1,89404375.000,89404406.000,31.000,31.000,89404406.000,31.000,1,1,pnp_visible_ransac,9,0.680,-36.9893,-0.325585,5.205023,-3.5793
2026-09-08T14:00:10.771,453,417,STANDOFF_MOVE,STANDOFF_MOVE,1181,2,1788843610725.854,66.718,timestamp_domain.system_time,89404468.000,93.000,1,89404468.000,89404500.000,32.000,32.000,89404500.000,32.000,1,1,pnp_visible_ransac,9,0.737,-36.9358,-0.326268,5.204191,-3.5874
2026-09-08T14:00:10.855,454,418,STANDOFF_MOVE,STANDOFF_MOVE,1183,2,1788843610792.495,66.641,timestamp_domain.system_time,89404546.000,78.000,1,89404546.000,89404578.000,32.000,32.000,89404578.000,32.000,1,1,pnp_visible_ransac,9,0.679,-37.0152,-0.325218,5.200876,-3.5781
2026-09-08T14:00:10.938,455,419,STANDOFF_MOVE,STANDOFF_MOVE,1186,3,1788843610892.338,99.843,timestamp_domain.system_time,89404625.000,79.000,1,89404625.000,89404656.000,31.000,31.000,89404656.000,31.000,1,1,pnp_visible_ransac,9,0.609,-36.9504,-0.324889,5.204867,-3.5718
2026-09-08T14:00:11.021,456,420,STANDOFF_MOVE,STANDOFF_MOVE,1188,2,1788843610959.023,66.685,timestamp_domain.system_time,89404718.000,93.000,1,89404718.000,89404750.000,32.000,32.000,89404750.000,32.000,1,1,pnp_visible_ransac,9,0.624,-36.8390,-0.325990,5.200656,-3.5868
2026-09-08T14:00:11.132,457,421,STANDOFF_MOVE,STANDOFF_MOVE,1189,1,1788843610992.626,33.603,timestamp_domain.system_time,89404812.000,94.000,1,89404812.000,89404859.000,47.000,47.000,89404859.000,47.000,1,1,pnp_visible_ransac,9,0.647,-36.8117,-0.326143,5.194331,-3.5928
2026-09-08T14:00:11.205,458,422,STANDOFF_MOVE,STANDOFF_MOVE,1194,5,1788843611159.370,166.744,timestamp_domain.system_time,89404890.000,78.000,1,89404890.000,89404921.000,31.000,31.000,89404921.000,31.000,1,1,pnp_visible_ransac,9,0.656,-37.0450,-0.324996,5.206801,-3.5716
2026-09-08T14:00:11.288,459,423,STANDOFF_MOVE,STANDOFF_MOVE,1196,2,1788843611226.118,66.748,timestamp_domain.system_time,89404984.000,94.000,1,89404984.000,89405015.000,31.000,31.000,89405015.000,31.000,1,1,pnp_visible_ransac,9,0.662,-36.8303,-0.323712,5.195036,-3.5656
2026-09-08T14:00:11.383,460,424,STANDOFF_MOVE,STANDOFF_MOVE,1199,3,1788843611326.147,100.029,timestamp_domain.system_time,89405062.000,78.000,1,89405062.000,89405109.000,47.000,47.000,89405109.000,47.000,1,1,pnp_visible_ransac,9,0.651,-36.8414,-0.325998,5.200896,-3.5867
2026-09-08T14:00:11.454,461,425,STANDOFF_MOVE,STANDOFF_MOVE,1201,2,1788843611392.877,66.730,timestamp_domain.system_time,89405156.000,94.000,1,89405156.000,89405171.000,15.000,15.000,89405171.000,15.000,1,1,pnp_visible_ransac,9,0.718,-36.9482,-0.326011,5.201465,-3.5864
2026-09-08T14:00:11.540,462,426,STANDOFF_MOVE,STANDOFF_MOVE,1204,3,1788843611492.993,100.116,timestamp_domain.system_time,89405234.000,78.000,1,89405234.000,89405265.000,31.000,31.000,89405265.000,31.000,1,1,pnp_visible_ransac,9,0.693,-37.0874,-0.324876,5.197394,-3.5768
2026-09-08T14:00:11.622,463,427,STANDOFF_MOVE,STANDOFF_MOVE,1206,2,1788843611559.390,66.397,timestamp_domain.system_time,89405312.000,78.000,1,89405312.000,89405343.000,31.000,31.000,89405343.000,31.000,1,1,pnp_visible_ransac,9,0.624,-36.8390,-0.325990,5.200656,-3.5868
2026-09-08T14:00:11.701,464,428,STANDOFF_MOVE,STANDOFF_MOVE,1209,3,1788843611659.519,100.129,timestamp_domain.system_time,89405390.000,78.000,1,89405390.000,89405421.000,31.000,31.000,89405421.000,31.000,1,1,pnp_visible_ransac,9,0.609,-36.7207,-0.326301,5.203436,-3.5882
2026-09-08T14:00:11.779,465,429,STANDOFF_MOVE,STANDOFF_MOVE,1211,2,1788843611726.648,67.129,timestamp_domain.system_time,89405468.000,78.000,1,89405468.000,89405500.000,32.000,32.000,89405500.000,32.000,1,1,pnp_visible_ransac,9,0.708,-36.9916,-0.325636,5.205618,-3.5795
2026-09-08T14:00:11.861,466,430,STANDOFF_MOVE,STANDOFF_MOVE,1213,2,1788843611793.093,66.445,timestamp_domain.system_time,89405546.000,78.000,1,89405546.000,89405578.000,32.000,32.000,89405578.000,32.000,1,1,pnp_visible_ransac,9,0.689,-36.8463,-0.326327,5.212604,-3.5822
2026-09-08T14:00:11.940,467,431,STANDOFF_MOVE,STANDOFF_MOVE,1216,3,1788843611893.338,100.244,timestamp_domain.system_time,89405625.000,79.000,1,89405625.000,89405656.000,31.000,31.000,89405656.000,31.000,1,1,pnp_visible_ransac,9,0.625,-36.8400,-0.325979,5.200633,-3.5866
2026-09-08T14:00:12.023,468,432,STANDOFF_MOVE,STANDOFF_MOVE,1218,2,1788843611960.677,67.340,timestamp_domain.system_time,89405703.000,78.000,1,89405718.000,89405750.000,32.000,47.000,89405750.000,47.000,1,1,pnp_visible_ransac,9,0.706,-36.9358,-0.326149,5.203195,-3.5868
2026-09-08T14:00:12.171,469,433,STANDOFF_MOVE,STANDOFF_MOVE,1222,4,1788843612093.250,132.573,timestamp_domain.system_time,89405859.000,156.000,1,89405859.000,89405890.000,31.000,31.000,89405890.000,31.000,1,1,pnp_visible_ransac,9,0.601,-36.8946,-0.325403,5.202444,-3.5791
2026-09-08T14:00:12.257,470,434,STANDOFF_MOVE,STANDOFF_MOVE,1225,3,1788843612193.709,100.459,timestamp_domain.system_time,89405937.000,78.000,1,89405937.000,89405984.000,47.000,47.000,89405984.000,47.000,1,1,pnp_visible_ransac,9,0.556,-36.7160,-0.326110,5.197191,-3.5904
2026-09-08T14:00:12.350,471,435,STANDOFF_MOVE,STANDOFF_MOVE,1228,3,1788843612293.657,99.948,timestamp_domain.system_time,89406031.000,94.000,1,89406031.000,89406078.000,47.000,47.000,89406078.000,47.000,1,1,pnp_visible_ransac,9,0.646,-36.8833,-0.325683,5.205452,-3.5801
2026-09-08T14:00:12.440,472,436,STANDOFF_MOVE,STANDOFF_MOVE,1231,3,1788843612393.826,100.169,timestamp_domain.system_time,89406109.000,78.000,1,89406125.000,89406156.000,31.000,47.000,89406171.000,62.000,1,1,pnp_visible_ransac,9,0.709,-36.8371,-0.324146,5.192109,-3.5724
2026-09-08T14:00:12.526,473,437,STANDOFF_MOVE,STANDOFF_MOVE,1233,2,1788843612460.323,66.498,timestamp_domain.system_time,89406218.000,109.000,1,89406218.000,89406250.000,32.000,32.000,89406250.000,32.000,1,1,pnp_visible_ransac,9,0.632,-36.8128,-0.326225,5.199384,-3.5902
2026-09-08T14:00:12.608,474,438,STANDOFF_MOVE,STANDOFF_MOVE,1236,3,1788843612560.406,100.083,timestamp_domain.system_time,89406296.000,78.000,1,89406296.000,89406328.000,32.000,32.000,89406328.000,32.000,1,1,pnp_visible_ransac,9,0.616,-36.8821,-0.325620,5.204835,-3.5798
2026-09-08T14:00:12.686,475,439,STANDOFF_MOVE,STANDOFF_MOVE,1238,2,1788843612627.084,66.677,timestamp_domain.system_time,89406375.000,79.000,1,89406375.000,89406406.000,31.000,31.000,89406406.000,31.000,1,1,pnp_visible_ransac,9,0.688,-36.8153,-0.326527,5.206391,-3.5887
2026-09-08T14:00:12.767,476,440,STANDOFF_MOVE,STANDOFF_MOVE,1241,3,1788843612727.186,100.102,timestamp_domain.system_time,89406453.000,78.000,1,89406453.000,89406484.000,31.000,31.000,89406484.000,31.000,1,1,pnp_visible_ransac,9,0.708,-36.9916,-0.325636,5.205618,-3.5795
2026-09-08T14:00:12.846,477,441,STANDOFF_MOVE,STANDOFF_MOVE,1243,2,1788843612793.873,66.687,timestamp_domain.system_time,89406531.000,78.000,1,89406546.000,89406578.000,32.000,47.000,89406578.000,47.000,1,1,pnp_visible_ransac,9,0.675,-36.9594,-0.325731,5.198457,-3.5854
2026-09-08T14:00:12.927,478,442,STANDOFF_MOVE,STANDOFF_MOVE,1245,2,1788843612860.650,66.776,timestamp_domain.system_time,89406625.000,94.000,1,89406625.000,89406656.000,31.000,31.000,89406656.000,31.000,1,1,pnp_visible_ransac,9,0.613,-36.9929,-0.324651,5.194476,-3.5763
2026-09-08T14:00:13.008,479,443,STANDOFF_MOVE,STANDOFF_MOVE,1248,3,1788843612961.439,100.789,timestamp_domain.system_time,89406703.000,78.000,1,89406703.000,89406734.000,31.000,31.000,89406734.000,31.000,1,1,pnp_visible_ransac,9,0.631,-36.8948,-0.325478,5.203087,-3.5795
2026-09-08T14:00:13.182,480,444,STANDOFF_MOVE,STANDOFF_MOVE,1252,4,1788843613094.603,133.164,timestamp_domain.system_time,89406859.000,156.000,1,89406875.000,89406906.000,31.000,47.000,89406906.000,47.000,1,1,pnp_visible_ransac,9,0.623,-36.8402,-0.325935,5.200281,-3.5864
2026-09-08T14:00:13.266,481,445,STANDOFF_MOVE,STANDOFF_MOVE,1256,4,1788843613227.628,133.025,timestamp_domain.system_time,89406953.000,94.000,1,89406953.000,89406984.000,31.000,31.000,89406984.000,31.000,1,1,pnp_visible_ransac,9,0.609,-36.7207,-0.326301,5.203436,-3.5882
2026-09-08T14:00:13.348,482,446,STANDOFF_MOVE,STANDOFF_MOVE,1258,2,1788843613294.169,66.541,timestamp_domain.system_time,89407031.000,78.000,1,89407046.000,89407078.000,32.000,47.000,89407078.000,47.000,1,1,pnp_visible_ransac,9,0.660,-36.8711,-0.325896,5.207828,-3.5808
2026-09-08T14:00:13.430,483,447,STANDOFF_MOVE,STANDOFF_MOVE,1260,2,1788843613360.794,66.625,timestamp_domain.system_time,89407125.000,94.000,1,89407125.000,89407156.000,31.000,31.000,89407156.000,31.000,1,1,pnp_visible_ransac,9,0.669,-36.8277,-0.326271,5.203664,-3.5878
2026-09-08T14:00:13.510,484,448,STANDOFF_MOVE,STANDOFF_MOVE,1263,3,1788843613460.969,100.175,timestamp_domain.system_time,89407203.000,78.000,1,89407203.000,89407234.000,31.000,31.000,89407234.000,31.000,1,1,pnp_visible_ransac,9,0.704,-36.9207,-0.323602,5.186300,-3.5704
2026-09-08T14:00:13.589,485,449,STANDOFF_MOVE,STANDOFF_MOVE,1265,2,1788843613527.870,66.901,timestamp_domain.system_time,89407281.000,78.000,1,89407281.000,89407312.000,31.000,31.000,89407312.000,31.000,1,1,pnp_visible_ransac,9,0.668,-36.9436,-0.325510,5.203995,-3.5792
