t_iso,t_mono,sim_time_s,frame_i,fsm_state,align_sub,det_ok,pos_x,pos_y,pos_z,yaw_deg,yaw_model_raw_deg,width_m,fps,measurement_sim_time_s,latency_s,truth_x,truth_y,truth_z,truth_yaw_deg,error_x,error_y,error_z,error_yaw_deg
2026-09-08T08:51:07.823+00:00,1000.0,0.0,0,PRECHECK,,1,0.0,0.575,4.0,15.0,15.0,1.1,,0.0,0.0,0.0,0.575,4.0,15.0,0.0,0.0,0.0,0.0
2026-09-08T08:51:07.856+00:00,1000.0333333333333,0.03333333333333333,1,SEARCH_SWEEP,,1,0.0,0.575,3.9999999999999996,15.0,15.0,1.1,30.0,0.03333333333333333,0.0,0.0,0.575,3.9999999999999996,15.0,0.0,0.0,0.0,0.0
2026-09-08T08:51:07.890+00:00,1000.0666666666667,0.06666666666666667,2,ACQUIRE_VERIFY,,1,0.0,0.575,3.9999999999999996,15.0,15.0,1.1,30.0,0.06666666666666667,0.0,0.0,0.575,3.9999999999999996,15.0,0.0,0.0,0.0,0.0
2026-09-08T08:51:07.923+00:00,1000.1,0.1,3,ACQUIRE_VERIFY,,1,0.0,0.575,3.9999999999999996,15.0,15.0,1.1,29.999999999999993,0.1,0.0,0.0,0.575,3.9999999999999996,15.0,0.0,0.0,0.0,0.0
2026-09-08T08:51:07.956+00:00,1000.1333333333333,0.13333333333333333,4,ACQUIRE_VERIFY,,1,0.0,0.575,3.9999999999999996,15.0,15.0,1.1,30.000000000000007,0.13333333333333333,0.0,0.0,0.575,3.9999999999999996,15.0,0.0,0.0,0.0,0.0
2026-09-08T08:51:07.990+00:00,1000.1666666666666,0.16666666666666666,5,ACQUIRE_VERIFY,,1,0.0,0.575,3.9999999999999996,15.0,15.0,1.1,30.000000000000007,0.16666666666666666,0.0,0.0,0.575,3.9999999999999996,15.0,0.0,0.0,0.0,0.0
2026-09-08T08:51:08.023+00:00,1000.2,0.19999999999999998,6,ACQUIRE_VERIFY,,1,0.0,0.575,3.9999999999999996,15.0,15.0,1.1,30.000000000000007,0.19999999999999998,0.0,0.0,0.575,3.9999999999999996,15.0,0.0,0.0,0.0,0.0
2026-09-08T08:51:08.056+00:00,1000.2333333333333,0.2333333333333333,7,ACQUIRE_VERIFY,,1,0.0,0.575,3.9999999999999996,15.0,15.0,1.1,30.000000000000007,0.2333333333333333,0.0,0.0,0.575,3.9999999999999996,15.0,0.0,0.0,0.0,0.0
2026-09-08T08:51:08.090+00:00,1000.2666666666667,0.26666666666666666,8,ACQUIRE_VERIFY,,1,0.0,0.575,3.9999999999999996,15.0,15.0,1.1,29.999999999999982,0.26666666666666666,0.0,0.0,0.575,3.9999999999999996,15.0,0.0,0.0,0.0,0.0
2026-09-08T08:51:08.123+00:00,1000.3,0.3,9,ACQUIRE_VERIFY,,1,0.0,0.575,3.9999999999999996,15.0,15.0,1.1,30.000000000000007,0.3,0.0,0.0,0.575,3.9999999999999996,15.0,0.0,0.0,0.0,0.0
2026-09-08T08:51:08.156+00:00,1000.3333333333334,0.3333333333333333,10,ACQUIRE_VERIFY,,1,0.0,0.575,3.9999999999999996,15.0,15.0,1.1,30.000000000000007,0.3333333333333333,0.0,0.0,0.575,3.9999999999999996,15.0,0.0,0.0,0.0,0.0
2026-09-08T08:51:08.190+00:00,1000.3666666666667,0.36666666666666664,11,ACQUIRE_VERIFY,,1,0.0,0.575,3.9999999999999996,15.0,15.0,1.1,30.000000000000007,0.36666666666666664,0.0,0.0,0.575,3.9999999999999996,15.0,0.0,0.0,0.0,0.0
2026-09-08T08:51:08.223+00:00,1000.4,0.39999999999999997,12,ACQUIRE_VERIFY,,1,0.0,0.575,3.9999999999999996,15.0,15.0,1.1,30.000000000000007,0.39999999999999997,0.0,0.0,0.575,3.9999999999999996,15.0,0.0,0.0,0.0,0.0
2026-09-08T08:51:08.256+00:00,1000.4333333333333,0.4333333333333333,13,ACQUIRE_VERIFY,,1,0.0,0.575,3.9999999999999996,15.0,15.0,1.1,30.000000000000007,0.4333333333333333,0.0,0.0,0.575,3.9999999999999996,15.0,0.0,0.0,0.0,0.0
2026-09-08T08:51:08.290+00:00,1000.4666666666667,0.4666666666666666,14,ACQUIRE_VERIFY,,1,0.0,0.575,3.9999999999999996,15.0,15.0,1.1,30.000000000000007,0.4666666666666666,0.0,0.0,0.575,3.9999999999999996,15.0,0.0,0.0,0.0,0.0
2026-09-08T08:51:08.323+00:00,1000.5,0.49999999999999994,15,ACQUIRE_VERIFY,,1,0.0,0.575,3.9999999999999996,15.0,15.0,1.1,30.000000000000007,0.49999999999999994,0.0,0.0,0.575,3.9999999999999996,15.0,0.0,0.0,0.0,0.0
2026-09-08T08:51:08.356+00:00,1000.5333333333333,0.5333333333333333,16,ACQUIRE_VERIFY,,1,0.0,0.575,3.9999999999999996,15.0,15.0,1.1,29.999999999999957,0.5333333333333333,0.0,0.0,0.575,3.9999999999999996,15.0,0.0,0.0,0.0,0.0
2026-09-08T08:51:08.390+00:00,1000.5666666666667,0.5666666666666667,17,ACQUIRE_VERIFY,,1,0.0,0.575,3.9999999999999996,15.0,15.0,1.1,30.000000000000007,0.5666666666666667,0.0,0.0,0.575,3.9999999999999996,15.0,0.0,0.0,0.0,0.0
2026-09-08T08:51:08.423+00:00,1000.6,0.6,18,ACQUIRE_VERIFY,,1,0.0,0.575,3.9999999999999996,15.0,15.0,1.1,30.000000000000007,0.6,0.0,0.0,0.575,3.9999999999999996,15.0,0.0,0.0,0.0,0.0
2026-09-08T08:51:08.456+00:00,1000.6333333333333,0.6333333333333333,19,ACQUIRE_VERIFY,,1,0.0,0.575,3.9999999999999996,15.0,15.0,1.1,30.000000000000007,0.6333333333333333,0.0,0.0,0.575,3.9999999999999996,15.0,0.0,0.0,0.0,0.0
2026-09-08T08:51:08.490+00:00,1000.6666666666666,0.6666666666666666,20,ACQUIRE_VERIFY,,1,0.0,0.575,3.9999999999999996,15.0,15.0,1.1,30.000000000000007,0.6666666666666666,0.0,0.0,0.575,3.9999999999999996,15.0,0.0,0.0,0.0,0.0
2026-09-08T08:51:08.523+00:00,1000.7,0.7,21,ACQUIRE_VERIFY,,1,0.0,0.575,3.9999999999999996,15.0,15.0,1.1,30.000000000000007,0.7,0.0,0.0,0.575,3.9999999999999996,15.0,0.0,0.0,0.0,0.0
2026-09-08T08:51:08.556+00:00,1000.7333333333333,0.7333333333333333,22,ACQUIRE_VERIFY,,1,0.0,0.575,3.9999999999999996,15.0,15.0,1.1,30.000000000000007,0.7333333333333333,0.0,0.0,0.575,3.9999999999999996,15.0,0.0,0.0,0.0,0.0
2026-09-08T08:51:08.590+00:00,1000.7666666666667,0.7666666666666666,23,ACQUIRE_VERIFY,,1,0.0,0.575,3.9999999999999996,15.0,15.0,1.1,30.000000000000007,0.7666666666666666,0.0,0.0,0.575,3.9999999999999996,15.0,0.0,0.0,0.0,0.0
2026-09-08T08:51:08.623+00:00,1000.8,0.7999999999999999,24,ACQUIRE_VERIFY,,1,0.0,0.575,3.9999999999999996,15.0,15.0,1.1,30.000000000000007,0.7999999999999999,0.0,0.0,0.575,3.9999999999999996,15.0,0.0,0.0,0.0,0.0
2026-09-08T08:51:08.656+00:00,1000.8333333333334,0.8333333333333333,25,ACQUIRE_VERIFY,,1,0.0,0.575,3.9999999999999996,15.0,15.0,1.1,30.000000000000007,0.8333333333333333,0.0,0.0,0.575,3.9999999999999996,15.0,0.0,0.0,0.0,0.0
2026-09-08T08:51:08.690+00:00,1000.8666666666667,0.8666666666666666,26,ACQUIRE_VERIFY,,1,0.0,0.575,3.9999999999999996,15.0,15.0,1.1,30.000000000000007,0.8666666666666666,0.0,0.0,0.575,3.9999999999999996,15.0,0.0,0.0,0.0,0.0
2026-09-08T08:51:08.723+00:00,1000.9,0.8999999999999999,27,ACQUIRE_VERIFY,,1,0.0,0.575,3.9999999999999996,15.0,15.0,1.1,30.000000000000007,0.8999999999999999,0.0,0.0,0.575,3.9999999999999996,15.0,0.0,0.0,0.0,0.0
2026-09-08T08:51:08.756+00:00,1000.9333333333333,0.9333333333333332,28,ACQUIRE_VERIFY,,1,0.0,0.575,3.9999999999999996,15.0,15.0,1.1,30.000000000000007,0.9333333333333332,0.0,0.0,0.575,3.9999999999999996,15.0,0.0,0.0,0.0,0.0
2026-09-08T08:51:08.790+00:00,1000.9666666666667,0.9666666666666666,29,ACQUIRE_VERIFY,,1,0.0,0.575,3.9999999999999996,15.0,15.0,1.1,30.000000000000007,0.9666666666666666,0.0,0.0,0.575,3.9999999999999996,15.0,0.0,0.0,0.0,0.0
2026-09-08T08:51:08.823+00:00,1001.0,0.9999999999999999,30,ACQUIRE_VERIFY,,1,0.0,0.575,3.9999999999999996,15.0,15.0,1.1,30.000000000000007,0.9999999999999999,0.0,0.0,0.575,3.9999999999999996,15.0,0.0,0.0,0.0,0.0
2026-09-08T08:51:08.856+00:00,1001.0333333333333,1.0333333333333332,31,ACQUIRE_VERIFY,,1,0.0,0.575,3.9999999999999996,15.0,15.0,1.1,30.000000000000007,1.0333333333333332,0.0,0.0,0.575,3.9999999999999996,15.0,0.0,0.0,0.0,0.0
2026-09-08T08:51:08.890+00:00,1001.0666666666667,1.0666666666666667,32,ACQUIRE_VERIFY,,1,0.0,0.575,3.9999999999999996,15.0,15.0,1.1,29.999999999999908,1.0666666666666667,0.0,0.0,0.575,3.9999999999999996,15.0,0.0,0.0,0.0,0.0
2026-09-08T08:51:08.923+00:00,1001.1,1.1,33,ACQUIRE_VERIFY,,1,0.0,0.575,3.9999999999999996,15.0,15.0,1.1,29.999999999999908,1.1,0.0,0.0,0.575,3.9999999999999996,15.0,0.0,0.0,0.0,0.0
2026-09-08T08:51:08.956+00:00,1001.1333333333333,1.1333333333333335,34,ACQUIRE_VERIFY,,1,0.0,0.575,3.9999999999999996,15.0,15.0,1.1,29.999999999999908,1.1333333333333335,0.0,0.0,0.575,3.9999999999999996,15.0,0.0,0.0,0.0,0.0
2026-09-08T08:51:08.990+00:00,1001.1666666666666,1.166666666666667,35,ACQUIRE_VERIFY,,1,0.0,0.575,3.9999999999999996,15.0,15.0,1.1,29.999999999999908,1.166666666666667,0.0,0.0,0.575,3.9999999999999996,15.0,0.0,0.0,0.0,0.0
2026-09-08T08:51:09.023+00:00,1001.2,1.2000000000000004,36,ACQUIRE_VERIFY,,1,0.0,0.575,3.9999999999999996,15.0,15.0,1.1,29.999999999999908,1.2000000000000004,0.0,0.0,0.575,3.9999999999999996,15.0,0.0,0.0,0.0,0.0
2026-09-08T08:51:09.056+00:00,1001.2333333333333,1.2333333333333338,37,ACQUIRE_VERIFY,,1,0.0,0.575,3.9999999999999996,15.0,15.0,1.1,29.999999999999908,1.2333333333333338,0.0,0.0,0.575,3.9999999999999996,15.0,0.0,0.0,0.0,0.0
2026-09-08T08:51:09.090+00:00,1001.2666666666667,1.2666666666666673,38,ACQUIRE_VERIFY,,1,0.0,0.575,3.9999999999999996,15.0,15.0,1.1,29.999999999999908,1.2666666666666673,0.0,0.0,0.575,3.9999999999999996,15.0,0.0,0.0,0.0,0.0
2026-09-08T08:51:09.123+00:00,1001.3,1.3000000000000007,39,ACQUIRE_VERIFY,,1,0.0,0.575,3.9999999999999996,15.0,15.0,1.1,29.999999999999908,1.3000000000000007,0.0,0.0,0.575,3.9999999999999996,15.0,0.0,0.0,0.0,0.0
2026-09-08T08:51:09.156+00:00,1001.3333333333334,1.3333333333333341,40,ACQUIRE_VERIFY,,1,0.0,0.575,3.9999999999999996,15.0,15.0,1.1,29.999999999999908,1.3333333333333341,0.0,0.0,0.575,3.9999999999999996,15.0,0.0,0.0,0.0,0.0
2026-09-08T08:51:09.190+00:00,1001.3666666666667,1.3666666666666676,41,ACQUIRE_VERIFY,,1,0.0,0.575,3.9999999999999996,15.0,15.0,1.1,29.999999999999908,1.3666666666666676,0.0,0.0,0.575,3.9999999999999996,15.0,0.0,0.0,0.0,0.0
2026-09-08T08:51:09.223+00:00,1001.4,1.400000000000001,42,ACQUIRE_VERIFY,,1,0.0,0.575,3.9999999999999996,15.0,15.0,1.1,29.999999999999908,1.400000000000001,0.0,0.0,0.575,3.9999999999999996,15.0,0.0,0.0,0.0,0.0
2026-09-08T08:51:09.256+00:00,1001.4333333333333,1.4333333333333345,43,ACQUIRE_VERIFY,,1,0.0,0.575,3.9999999999999996,15.0,15.0,1.1,29.999999999999908,1.4333333333333345,0.0,0.0,0.575,3.9999999999999996,15.0,0.0,0.0,0.0,0.0
2026-09-08T08:51:09.290+00:00,1001.4666666666667,1.466666666666668,44,ACQUIRE_VERIFY,,1,0.0,0.575,3.9999999999999996,15.0,15.0,1.1,29.999999999999908,1.466666666666668,0.0,0.0,0.575,3.9999999999999996,15.0,0.0,0.0,0.0,0.0
2026-09-08T08:51:09.323+00:00,1001.5,1.5000000000000013,45,ACQUIRE_VERIFY,,1,0.0,0.575,3.9999999999999996,15.0,15.0,1.1,29.999999999999908,1.5000000000000013,0.0,0.0,0.575,3.9999999999999996,15.0,0.0,0.0,0.0,0.0
2026-09-08T08:51:09.356+00:00,1001.5333333333333,1.5333333333333348,46,ACQUIRE_VERIFY,,1,0.0,0.575,3.9999999999999996,15.0,15.0,1.1,29.999999999999908,1.5333333333333348,0.0,0.0,0.575,3.9999999999999996,15.0,0.0,0.0,0.0,0.0
2026-09-08T08:51:09.390+00:00,1001.5666666666667,1.5666666666666682,47,ACQUIRE_VERIFY,,1,0.0,0.575,3.9999999999999996,15.0,15.0,1.1,29.999999999999908,1.5666666666666682,0.0,0.0,0.575,3.9999999999999996,15.0,0.0,0.0,0.0,0.0
2026-09-08T08:51:09.423+00:00,1001.6,1.6000000000000016,48,ACQUIRE_VERIFY,,1,0.0,0.575,3.9999999999999996,15.0,15.0,1.1,29.999999999999908,1.6000000000000016,0.0,0.0,0.575,3.9999999999999996,15.0,0.0,0.0,0.0,0.0
2026-09-08T08:51:09.456+00:00,1001.6333333333333,1.633333333333335,49,ACQUIRE_VERIFY,,1,0.0,0.575,3.9999999999999996,15.0,15.0,1.1,29.999999999999908,1.633333333333335,0.0,0.0,0.575,3.9999999999999996,15.0,0.0,0.0,0.0,0.0
2026-09-08T08:51:09.490+00:00,1001.6666666666666,1.6666666666666685,50,ACQUIRE_VERIFY,,1,0.0,0.575,3.9999999999999996,15.0,15.0,1.1,29.999999999999908,1.6666666666666685,0.0,0.0,0.575,3.9999999999999996,15.0,0.0,0.0,0.0,0.0
2026-09-08T08:51:09.523+00:00,1001.7,1.700000000000002,51,ACQUIRE_VERIFY,,1,0.0,0.575,3.9999999999999996,15.0,15.0,1.1,29.999999999999908,1.700000000000002,0.0,0.0,0.575,3.9999999999999996,15.0,0.0,0.0,0.0,0.0
2026-09-08T08:51:09.556+00:00,1001.7333333333333,1.7333333333333354,52,ACQUIRE_VERIFY,,1,0.0,0.575,3.9999999999999996,15.0,15.0,1.1,29.999999999999908,1.7333333333333354,0.0,0.0,0.575,3.9999999999999996,15.0,0.0,0.0,0.0,0.0
2026-09-08T08:51:09.590+00:00,1001.7666666666667,1.7666666666666688,53,ACQUIRE_VERIFY,,1,0.0,0.575,3.9999999999999996,15.0,15.0,1.1,29.999999999999908,1.7666666666666688,0.0,0.0,0.575,3.9999999999999996,15.0,0.0,0.0,0.0,0.0
2026-09-08T08:51:09.623+00:00,1001.8,1.8000000000000023,54,ACQUIRE_VERIFY,,1,0.0,0.575,3.9999999999999996,15.0,15.0,1.1,29.999999999999908,1.8000000000000023,0.0,0.0,0.575,3.9999999999999996,15.0,0.0,0.0,0.0,0.0
2026-09-08T08:51:09.656+00:00,1001.8333333333334,1.8333333333333357,55,ACQUIRE_VERIFY,,1,0.0,0.575,3.9999999999999996,15.0,15.0,1.1,29.999999999999908,1.8333333333333357,0.0,0.0,0.575,3.9999999999999996,15.0,0.0,0.0,0.0,0.0
2026-09-08T08:51:09.690+00:00,1001.8666666666667,1.8666666666666691,56,ACQUIRE_VERIFY,,1,0.0,0.575,3.9999999999999996,15.0,15.0,1.1,29.999999999999908,1.8666666666666691,0.0,0.0,0.575,3.9999999999999996,15.0,0.0,0.0,0.0,0.0
2026-09-08T08:51:09.723+00:00,1001.9,1.9000000000000026,57,ACQUIRE_VERIFY,,1,0.0,0.575,3.9999999999999996,15.0,15.0,1.1,29.999999999999908,1.9000000000000026,0.0,0.0,0.575,3.9999999999999996,15.0,0.0,0.0,0.0,0.0
2026-09-08T08:51:09.756+00:00,1001.9333333333333,1.933333333333336,58,ACQUIRE_VERIFY,,1,0.0,0.575,3.9999999999999996,15.0,15.0,1.1,29.999999999999908,1.933333333333336,0.0,0.0,0.575,3.9999999999999996,15.0,0.0,0.0,0.0,0.0
2026-09-08T08:51:09.790+00:00,1001.9666666666667,1.9666666666666694,59,ACQUIRE_VERIFY,,1,0.0,0.575,3.9999999999999996,15.0,15.0,1.1,29.999999999999908,1.9666666666666694,0.0,0.0,0.575,3.9999999999999996,15.0,0.0,0.0,0.0,0.0
2026-09-08T08:51:09.823+00:00,1002.0,2.0000000000000027,60,ACQUIRE_VERIFY,,1,0.0,0.575,3.9999999999999996,15.0,15.0,1.1,30.000000000000107,2.0000000000000027,0.0,0.0,0.575,3.9999999999999996,15.0,0.0,0.0,0.0,0.0
2026-09-08T08:51:09.856+00:00,1002.0333333333333,2.033333333333336,61,ACQUIRE_VERIFY,,1,0.0,0.575,3.9999999999999996,15.0,15.0,1.1,30.000000000000107,2.033333333333336,0.0,0.0,0.575,3.9999999999999996,15.0,0.0,0.0,0.0,0.0
2026-09-08T08:51:09.890+00:00,1002.0666666666667,2.066666666666669,62,ACQUIRE_VERIFY,,1,0.0,0.575,3.9999999999999996,15.0,15.0,1.1,30.000000000000107,2.066666666666669,0.0,0.0,0.575,3.9999999999999996,15.0,0.0,0.0,0.0,0.0
2026-09-08T08:51:09.923+00:00,1002.1,2.1000000000000023,63,ACQUIRE_VERIFY,,1,0.0,0.575,3.9999999999999996,15.0,15.0,1.1,30.000000000000107,2.1000000000000023,0.0,0.0,0.575,3.9999999999999996,15.0,0.0,0.0,0.0,0.0
2026-09-08T08:51:09.956+00:00,1002.1333333333333,2.1333333333333355,64,ACQUIRE_VERIFY,,1,0.0,0.575,3.9999999999999996,15.0,15.0,1.1,30.000000000000107,2.1333333333333355,0.0,0.0,0.575,3.9999999999999996,15.0,0.0,0.0,0.0,0.0
2026-09-08T08:51:09.990+00:00,1002.1666666666666,2.1666666666666687,65,ACQUIRE_VERIFY,,1,0.0,0.575,3.9999999999999996,15.0,15.0,1.1,30.000000000000107,2.1666666666666687,0.0,0.0,0.575,3.9999999999999996,15.0,0.0,0.0,0.0,0.0
2026-09-08T08:51:10.023+00:00,1002.2,2.200000000000002,66,ACQUIRE_VERIFY,,1,0.0,0.575,3.9999999999999996,15.0,15.0,1.1,30.000000000000107,2.200000000000002,0.0,0.0,0.575,3.9999999999999996,15.0,0.0,0.0,0.0,0.0
2026-09-08T08:51:10.056+00:00,1002.2333333333333,2.233333333333335,67,ACQUIRE_VERIFY,,1,0.0,0.575,3.9999999999999996,15.0,15.0,1.1,30.000000000000107,2.233333333333335,0.0,0.0,0.575,3.9999999999999996,15.0,0.0,0.0,0.0,0.0
2026-09-08T08:51:10.090+00:00,1002.2666666666667,2.2666666666666684,68,ACQUIRE_VERIFY,,1,0.0,0.575,3.9999999999999996,15.0,15.0,1.1,30.000000000000107,2.2666666666666684,0.0,0.0,0.575,3.9999999999999996,15.0,0.0,0.0,0.0,0.0
2026-09-08T08:51:10.123+00:00,1002.3,2.3000000000000016,69,ACQUIRE_VERIFY,,1,0.0,0.575,3.9999999999999996,15.0,15.0,1.1,30.000000000000107,2.3000000000000016,0.0,0.0,0.575,3.9999999999999996,15.0,0.0,0.0,0.0,0.0
2026-09-08T08:51:10.156+00:00,1002.3333333333334,2.333333333333335,70,ACQUIRE_VERIFY,,1,0.0,0.575,3.9999999999999996,15.0,15.0,1.1,30.000000000000107,2.333333333333335,0.0,0.0,0.575,3.9999999999999996,15.0,0.0,0.0,0.0,0.0
2026-09-08T08:51:41.740+00:00,1033.9166666666686,33.916666666668505,71,COARSE_REACQUIRE,,1,0.0006649453510671468,0.575,3.8422116542138567,-0.007062368758568027,-0.007062368758568027,1.1,0.031662269129285756,33.916666666668505,0.0,0.0006649453510671468,0.575,3.8422116542138567,-0.007062368758568027,0.0,0.0,0.0,0.0
2026-09-08T08:51:41.773+00:00,1033.9500000000019,33.950000000001836,72,COARSE_REACQUIRE,,1,0.0006649453510671468,0.575,3.8422116542138567,-0.007062368758568027,-0.007062368758568027,1.1,30.000000000001705,33.950000000001836,0.0,0.0006649453510671468,0.575,3.8422116542138567,-0.007062368758568027,0.0,0.0,0.0,0.0
2026-09-08T08:51:41.806+00:00,1033.9833333333352,33.98333333333517,73,COARSE_REACQUIRE,,1,0.0006649453510671468,0.575,3.8422116542138567,-0.007062368758568027,-0.007062368758568027,1.1,30.000000000001705,33.98333333333517,0.0,0.0006649453510671468,0.575,3.8422116542138567,-0.007062368758568027,0.0,0.0,0.0,0.0
2026-09-08T08:51:41.840+00:00,1034.0166666666685,34.0166666666685,74,COARSE_REACQUIRE,,1,0.0006649453510671468,0.575,3.8422116542138567,-0.007062368758568027,-0.007062368758568027,1.1,30.000000000001705,34.0166666666685,0.0,0.0006649453510671468,0.575,3.8422116542138567,-0.007062368758568027,0.0,0.0,0.0,0.0
2026-09-08T08:51:41.873+00:00,1034.0500000000018,34.05000000000183,75,COARSE_REACQUIRE,,1,0.0006649453510671468,0.575,3.8422116542138567,-0.007062368758568027,-0.007062368758568027,1.1,30.000000000001705,34.05000000000183,0.0,0.0006649453510671468,0.575,3.8422116542138567,-0.007062368758568027,0.0,0.0,0.0,0.0
2026-09-08T08:51:41.906+00:00,1034.083333333335,34.08333333333516,76,COARSE_REACQUIRE,,1,0.0006649453510671468,0.575,3.8422116542138567,-0.007062368758568027,-0.007062368758568027,1.1,30.000000000001705,34.08333333333516,0.0,0.0006649453510671468,0.575,3.8422116542138567,-0.007062368758568027,0.0,0.0,0.0,0.0
2026-09-08T08:51:41.940+00:00,1034.1166666666686,34.11666666666849,77,COARSE_REACQUIRE,,1,0.0006649453510671468,0.575,3.8422116542138567,-0.007062368758568027,-0.007062368758568027,1.1,30.000000000001705,34.11666666666849,0.0,0.0006649453510671468,0.575,3.8422116542138567,-0.007062368758568027,0.0,0.0,0.0,0.0
2026-09-08T08:51:41.973+00:00,1034.150000000002,34.150000000001825,78,COARSE_REACQUIRE,,1,0.0006649453510671468,0.575,3.8422116542138567,-0.007062368758568027,-0.007062368758568027,1.1,30.000000000001705,34.150000000001825,0.0,0.0006649453510671468,0.575,3.8422116542138567,-0.007062368758568027,0.0,0.0,0.0,0.0
2026-09-08T08:51:42.006+00:00,1034.1833333333352,34.183333333335156,79,COARSE_REACQUIRE,,1,0.0006649453510671468,0.575,3.8422116542138567,-0.007062368758568027,-0.007062368758568027,1.1,30.000000000001705,34.183333333335156,0.0,0.0006649453510671468,0.575,3.8422116542138567,-0.007062368758568027,0.0,0.0,0.0,0.0
2026-09-08T08:51:42.040+00:00,1034.2166666666685,34.21666666666849,80,COARSE_REACQUIRE,,1,0.0006649453510671468,0.575,3.8422116542138567,-0.007062368758568027,-0.007062368758568027,1.1,30.000000000001705,34.21666666666849,0.0,0.0006649453510671468,0.575,3.8422116542138567,-0.007062368758568027,0.0,0.0,0.0,0.0
2026-09-08T08:51:42.073+00:00,1034.2500000000018,34.25000000000182,81,ACQUIRE_VERIFY,,1,0.0006649453510671468,0.575,3.8422116542138567,-0.007062368758568027,-0.007062368758568027,1.1,30.000000000001705,34.25000000000182,0.0,0.0006649453510671468,0.575,3.8422116542138567,-0.007062368758568027,0.0,0.0,0.0,0.0
2026-09-08T08:51:42.106+00:00,1034.2833333333351,34.28333333333515,82,ACQUIRE_VERIFY,,1,0.0006649453510671468,0.575,3.8422116542138567,-0.007062368758568027,-0.007062368758568027,1.1,30.000000000001705,34.28333333333515,0.0,0.0006649453510671468,0.575,3.8422116542138567,-0.007062368758568027,0.0,0.0,0.0,0.0
2026-09-08T08:51:42.140+00:00,1034.3166666666684,34.31666666666848,83,ACQUIRE_VERIFY,,1,0.0006649453510671468,0.575,3.8422116542138567,-0.007062368758568027,-0.007062368758568027,1.1,30.000000000001705,34.31666666666848,0.0,0.0006649453510671468,0.575,3.8422116542138567,-0.007062368758568027,0.0,0.0,0.0,0.0
2026-09-08T08:51:42.173+00:00,1034.3500000000017,34.35000000000181,84,ACQUIRE_VERIFY,,1,0.0006649453510671468,0.575,3.8422116542138567,-0.007062368758568027,-0.007062368758568027,1.1,30.000000000001705,34.35000000000181,0.0,0.0006649453510671468,0.575,3.8422116542138567,-0.007062368758568027,0.0,0.0,0.0,0.0
2026-09-08T08:51:42.206+00:00,1034.383333333335,34.383333333335145,85,ACQUIRE_VERIFY,,1,0.0006649453510671468,0.575,3.8422116542138567,-0.007062368758568027,-0.007062368758568027,1.1,30.000000000001705,34.383333333335145,0.0,0.0006649453510671468,0.575,3.8422116542138567,-0.007062368758568027,0.0,0.0,0.0,0.0
2026-09-08T08:51:42.240+00:00,1034.4166666666686,34.416666666668476,86,ACQUIRE_VERIFY,,1,0.0006649453510671468,0.575,3.8422116542138567,-0.007062368758568027,-0.007062368758568027,1.1,30.000000000001705,34.416666666668476,0.0,0.0006649453510671468,0.575,3.8422116542138567,-0.007062368758568027,0.0,0.0,0.0,0.0
2026-09-08T08:51:42.273+00:00,1034.4500000000019,34.45000000000181,87,ACQUIRE_VERIFY,,1,0.0006649453510671468,0.575,3.8422116542138567,-0.007062368758568027,-0.007062368758568027,1.1,30.000000000001705,34.45000000000181,0.0,0.0006649453510671468,0.575,3.8422116542138567,-0.007062368758568027,0.0,0.0,0.0,0.0
2026-09-08T08:51:42.306+00:00,1034.4833333333352,34.48333333333514,88,ACQUIRE_VERIFY,,1,0.0006649453510671468,0.575,3.8422116542138567,-0.007062368758568027,-0.007062368758568027,1.1,30.000000000001705,34.48333333333514,0.0,0.0006649453510671468,0.575,3.8422116542138567,-0.007062368758568027,0.0,0.0,0.0,0.0
2026-09-08T08:51:42.340+00:00,1034.5166666666685,34.51666666666847,89,ACQUIRE_VERIFY,,1,0.0006649453510671468,0.575,3.8422116542138567,-0.007062368758568027,-0.007062368758568027,1.1,30.000000000001705,34.51666666666847,0.0,0.0006649453510671468,0.575,3.8422116542138567,-0.007062368758568027,0.0,0.0,0.0,0.0
2026-09-08T08:51:42.373+00:00,1034.5500000000018,34.5500000000018,90,ACQUIRE_VERIFY,,1,0.0006649453510671468,0.575,3.8422116542138567,-0.007062368758568027,-0.007062368758568027,1.1,30.000000000001705,34.5500000000018,0.0,0.0006649453510671468,0.575,3.8422116542138567,-0.007062368758568027,0.0,0.0,0.0,0.0
2026-09-08T08:51:42.406+00:00,1034.583333333335,34.58333333333513,91,STAGING_PLAN,,1,0.0006649453510671468,0.575,3.8422116542138567,-0.007062368758568027,-0.007062368758568027,1.1,30.000000000001705,34.58333333333513,0.0,0.0006649453510671468,0.575,3.8422116542138567,-0.007062368758568027,0.0,0.0,0.0,0.0
2026-09-08T08:51:42.440+00:00,1034.6166666666684,34.616666666668465,92,STAGING_PLAN,,1,0.0006649453510671468,0.575,3.8422116542138567,-0.007062368758568027,-0.007062368758568027,1.1,30.000000000001705,34.616666666668465,0.0,0.0006649453510671468,0.575,3.8422116542138567,-0.007062368758568027,0.0,0.0,0.0,0.0
2026-09-08T08:51:42.473+00:00,1034.650000000002,34.650000000001796,93,STAGING_PLAN,,1,0.0006649453510671468,0.575,3.8422116542138567,-0.007062368758568027,-0.007062368758568027,1.1,30.000000000001705,34.650000000001796,0.0,0.0006649453510671468,0.575,3.8422116542138567,-0.007062368758568027,0.0,0.0,0.0,0.0
2026-09-08T08:51:42.506+00:00,1034.6833333333352,34.68333333333513,94,STAGING_PLAN,,1,0.0006649453510671468,0.575,3.8422116542138567,-0.007062368758568027,-0.007062368758568027,1.1,30.000000000001705,34.68333333333513,0.0,0.0006649453510671468,0.575,3.8422116542138567,-0.007062368758568027,0.0,0.0,0.0,0.0
2026-09-08T08:51:42.540+00:00,1034.7166666666685,34.71666666666846,95,STAGING_PLAN,,1,0.0006649453510671468,0.575,3.8422116542138567,-0.007062368758568027,-0.007062368758568027,1.1,30.000000000001705,34.71666666666846,0.0,0.0006649453510671468,0.575,3.8422116542138567,-0.007062368758568027,0.0,0.0,0.0,0.0
2026-09-08T08:51:42.573+00:00,1034.7500000000018,34.75000000000179,96,STAGING_PLAN,,1,0.0006649453510671468,0.575,3.8422116542138567,-0.007062368758568027,-0.007062368758568027,1.1,30.000000000001705,34.75000000000179,0.0,0.0006649453510671468,0.575,3.8422116542138567,-0.007062368758568027,0.0,0.0,0.0,0.0
2026-09-08T08:51:42.606+00:00,1034.7833333333351,34.78333333333512,97,STAGING_PLAN,,1,0.0006649453510671468,0.575,3.8422116542138567,-0.007062368758568027,-0.007062368758568027,1.1,30.000000000001705,34.78333333333512,0.0,0.0006649453510671468,0.575,3.8422116542138567,-0.007062368758568027,0.0,0.0,0.0,0.0
2026-09-08T08:51:42.640+00:00,1034.8166666666684,34.81666666666845,98,STAGING_PLAN,,1,0.0006649453510671468,0.575,3.8422116542138567,-0.007062368758568027,-0.007062368758568027,1.1,30.000000000001705,34.81666666666845,0.0,0.0006649453510671468,0.575,3.8422116542138567,-0.007062368758568027,0.0,0.0,0.0,0.0
2026-09-08T08:51:42.673+00:00,1034.8500000000017,34.850000000001785,99,STAGING_PLAN,,1,0.0006649453510671468,0.575,3.8422116542138567,-0.007062368758568027,-0.007062368758568027,1.1,30.000000000001705,34.850000000001785,0.0,0.0006649453510671468,0.575,3.8422116542138567,-0.007062368758568027,0.0,0.0,0.0,0.0
2026-09-08T08:51:42.706+00:00,1034.883333333335,34.883333333335116,100,STAGING_PLAN,,1,0.0006649453510671468,0.575,3.8422116542138567,-0.007062368758568027,-0.007062368758568027,1.1,30.000000000001705,34.883333333335116,0.0,0.0006649453510671468,0.575,3.8422116542138567,-0.007062368758568027,0.0,0.0,0.0,0.0
2026-09-08T08:51:42.740+00:00,1034.9166666666683,34.91666666666845,101,WAYPOINT_DRIVE,,1,0.0006649453510671468,0.575,3.8422116542138567,-0.007062368758568027,-0.007062368758568027,1.1,30.000000000001705,34.91666666666845,0.0,0.0006649453510671468,0.575,3.8422116542138567,-0.007062368758568027,0.0,0.0,0.0,0.0
2026-09-08T08:51:42.773+00:00,1034.9500000000019,34.95000000000178,102,WAYPOINT_DRIVE,,1,0.0006649453510671468,0.575,3.8422116542138567,-0.007062368758568027,-0.007062368758568027,1.1,30.000000000001705,34.95000000000178,0.0,0.0006649453510671468,0.575,3.8422116542138567,-0.007062368758568027,0.0,0.0,0.0,0.0
2026-09-08T08:51:42.806+00:00,1034.9833333333352,34.98333333333511,103,WAYPOINT_DRIVE,,1,0.0006649453510671468,0.575,3.8422116542138567,-0.007062368758568027,-0.007062368758568027,1.1,30.000000000001705,34.98333333333511,0.0,0.0006649453510671468,0.575,3.8422116542138567,-0.007062368758568027,0.0,0.0,0.0,0.0
2026-09-08T08:51:42.840+00:00,1035.0166666666685,35.01666666666844,104,WAYPOINT_DRIVE,,1,0.0006649453510671468,0.575,3.8422116542138567,-0.007062368758568027,-0.007062368758568027,1.1,30.000000000001705,35.01666666666844,0.0,0.0006649453510671468,0.575,3.8422116542138567,-0.007062368758568027,0.0,0.0,0.0,0.0
2026-09-08T08:51:42.873+00:00,1035.0500000000018,35.05000000000177,105,WAYPOINT_DRIVE,,1,0.0006649453510671468,0.575,3.8422116542138567,-0.007062368758568027,-0.007062368758568027,1.1,30.000000000001705,35.05000000000177,0.0,0.0006649453510671468,0.575,3.8422116542138567,-0.007062368758568027,0.0,0.0,0.0,0.0
2026-09-08T08:51:42.906+00:00,1035.083333333335,35.083333333335105,106,WAYPOINT_DRIVE,,1,0.0006649453510671468,0.575,3.8422116542138567,-0.007062368758568027,-0.007062368758568027,1.1,30.000000000001705,35.083333333335105,0.0,0.0006649453510671468,0.575,3.8422116542138567,-0.007062368758568027,0.0,0.0,0.0,0.0
2026-09-08T08:51:42.940+00:00,1035.1166666666684,35.116666666668436,107,WAYPOINT_DRIVE,,1,0.0006649453510671468,0.575,3.8422116542138567,-0.007062368758568027,-0.007062368758568027,1.1,30.000000000001705,35.116666666668436,0.0,0.0006649453510671468,0.575,3.8422116542138567,-0.007062368758568027,0.0,0.0,0.0,0.0
2026-09-08T08:51:42.973+00:00,1035.1500000000017,35.15000000000177,108,WAYPOINT_DRIVE,,1,0.0006649453510671468,0.575,3.8422116542138567,-0.007062368758568027,-0.007062368758568027,1.1,30.000000000001705,35.15000000000177,0.0,0.0006649453510671468,0.575,3.8422116542138567,-0.007062368758568027,0.0,0.0,0.0,0.0
2026-09-08T08:51:43.006+00:00,1035.1833333333352,35.1833333333351,109,WAYPOINT_DRIVE,,1,0.0006649453510671468,0.575,3.8422116542138567,-0.007062368758568027,-0.007062368758568027,1.1,30.000000000001705,35.1833333333351,0.0,0.0006649453510671468,0.575,3.8422116542138567,-0.007062368758568027,0.0,0.0,0.0,0.0
2026-09-08T08:51:43.040+00:00,1035.2166666666685,35.21666666666843,110,WAYPOINT_DRIVE,,1,0.0006649453510671468,0.575,3.8422116542138567,-0.007062368758568027,-0.007062368758568027,1.1,30.000000000001705,35.21666666666843,0.0,0.0006649453510671468,0.575,3.8422116542138567,-0.007062368758568027,0.0,0.0,0.0,0.0
2026-09-08T08:51:43.073+00:00,1035.2500000000018,35.25000000000176,111,WAYPOINT_DRIVE,,1,0.0006649453510671468,0.575,3.8422116542138567,-0.007062368758568027,-0.007062368758568027,1.1,30.000000000001705,35.25000000000176,0.0,0.0006649453510671468,0.575,3.8422116542138567,-0.007062368758568027,0.0,0.0,0.0,0.0
2026-09-08T08:51:43.106+00:00,1035.2833333333351,35.283333333335094,112,WAYPOINT_DRIVE,,1,0.0006649453510671468,0.575,3.8422116542138567,-0.007062368758568027,-0.007062368758568027,1.1,30.000000000001705,35.283333333335094,0.0,0.0006649453510671468,0.575,3.8422116542138567,-0.007062368758568027,0.0,0.0,0.0,0.0
2026-09-08T08:51:43.140+00:00,1035.3166666666684,35.316666666668425,113,WAYPOINT_DRIVE,,1,0.0006649453510671468,0.575,3.8422116542138567,-0.007062368758568027,-0.007062368758568027,1.1,30.000000000001705,35.316666666668425,0.0,0.0006649453510671468,0.575,3.8422116542138567,-0.007062368758568027,0.0,0.0,0.0,0.0
2026-09-08T08:51:43.173+00:00,1035.3500000000017,35.35000000000176,114,WAYPOINT_DRIVE,,1,0.0006649453510671468,0.575,3.8422116542138567,-0.007062368758568027,-0.007062368758568027,1.1,30.000000000001705,35.35000000000176,0.0,0.0006649453510671468,0.575,3.8422116542138567,-0.007062368758568027,0.0,0.0,0.0,0.0
2026-09-08T08:51:43.206+00:00,1035.383333333335,35.38333333333509,115,WAYPOINT_DRIVE,,1,0.0006649453510671468,0.575,3.8422116542138567,-0.007062368758568027,-0.007062368758568027,1.1,30.000000000001705,35.38333333333509,0.0,0.0006649453510671468,0.575,3.8422116542138567,-0.007062368758568027,0.0,0.0,0.0,0.0
2026-09-08T08:51:43.240+00:00,1035.4166666666683,35.41666666666842,116,WAYPOINT_DRIVE,,1,0.0006649453510671468,0.575,3.842162868108436,-0.007062368758568027,-0.007062368758568027,1.1,30.000000000001705,35.41666666666842,0.0,0.0006649453510671468,0.575,3.842162868108436,-0.007062368758568027,0.0,0.0,0.0,0.0
2026-09-08T08:51:43.273+00:00,1035.4500000000016,35.45000000000175,117,WAYPOINT_DRIVE,,1,0.0006649453510671468,0.575,3.8419622462284337,-0.007062368758568027,-0.007062368758568027,1.1,30.000000000001705,35.45000000000175,0.0,0.0006649453510671468,0.575,3.8419622462284337,-0.007062368758568027,0.0,0.0,0.0,0.0
2026-09-08T08:51:43.306+00:00,1035.4833333333352,35.48333333333508,118,WAYPOINT_DRIVE,,1,0.0006649453510671468,0.575,3.841606464348433,-0.007062368758568027,-0.007062368758568027,1.1,30.000000000001705,35.48333333333508,0.0,0.0006649453510671468,0.575,3.841606464348433,-0.007062368758568027,0.0,0.0,0.0,0.0
2026-09-08T08:51:43.340+00:00,1035.5166666666685,35.516666666668414,119,WAYPOINT_DRIVE,,1,0.0006649453510671468,0.575,3.841095522468432,-0.007062368758568027,-0.007062368758568027,1.1,30.000000000001705,35.516666666668414,0.0,0.0006649453510671468,0.575,3.841095522468432,-0.007062368758568027,0.0,0.0,0.0,0.0
2026-09-08T08:51:43.373+00:00,1035.5500000000018,35.550000000001745,120,WAYPOINT_DRIVE,,1,0.0006649453510671468,0.575,3.8404294205884297,-0.007062368758568027,-0.007062368758568027,1.1,30.000000000001705,35.550000000001745,0.0,0.0006649453510671468,0.575,3.8404294205884297,-0.007062368758568027,0.0,0.0,0.0,0.0
2026-09-08T08:51:43.406+00:00,1035.583333333335,35.58333333333508,121,WAYPOINT_DRIVE,,1,0.0006649453510671468,0.575,3.839608158708432,-0.007062368758568027,-0.007062368758568027,1.1,30.000000000001705,35.58333333333508,0.0,0.0006649453510671468,0.575,3.839608158708432,-0.007062368758568027,0.0,0.0,0.0,0.0
2026-09-08T08:51:43.440+00:00,1035.6166666666684,35.61666666666841,122,WAYPOINT_DRIVE,,1,0.0006649453510671468,0.575,3.838631736828431,-0.007062368758568027,-0.007062368758568027,1.1,30.000000000001705,35.61666666666841,0.0,0.0006649453510671468,0.575,3.838631736828431,-0.007062368758568027,0.0,0.0,0.0,0.0
2026-09-08T08:51:43.473+00:00,1035.6500000000017,35.65000000000174,123,WAYPOINT_DRIVE,,1,0.0006649453510671468,0.575,3.8375001549484313,-0.007062368758568027,-0.007062368758568027,1.1,30.000000000001705,35.65000000000174,0.0,0.0006649453510671468,0.575,3.8375001549484313,-0.007062368758568027,0.0,0.0,0.0,0.0
2026-09-08T08:51:43.506+00:00,1035.683333333335,35.68333333333507,124,WAYPOINT_DRIVE,,1,0.0006649453510671468,0.575,3.8362134130684358,-0.007062368758568027,-0.007062368758568027,1.1,30.000000000001705,35.68333333333507,0.0,0.0006649453510671468,0.575,3.8362134130684358,-0.007062368758568027,0.0,0.0,0.0,0.0
2026-09-08T08:51:43.540+00:00,1035.7166666666685,35.7166666666684,125,WAYPOINT_DRIVE,,1,0.0006649453510671468,0.575,3.8347715111884373,-0.007062368758568027,-0.007062368758568027,1.1,30.000000000001705,35.7166666666684,0.0,0.0006649453510671468,0.575,3.8347715111884373,-0.007062368758568027,0.0,0.0,0.0,0.0
2026-09-08T08:51:43.573+00:00,1035.7500000000018,35.750000000001734,126,WAYPOINT_DRIVE,,1,0.0006649453510671468,0.575,3.8331744493084368,-0.007062368758568027,-0.007062368758568027,1.1,30.000000000001705,35.750000000001734,0.0,0.0006649453510671468,0.575,3.8331744493084368,-0.007062368758568027,0.0,0.0,0.0,0.0
2026-09-08T08:51:43.606+00:00,1035.7833333333351,35.783333333335065,127,WAYPOINT_DRIVE,,1,0.0006649453510671468,0.575,3.831422227428444,-0.007062368758568027,-0.007062368758568027,1.1,30.000000000001705,35.783333333335065,0.0,0.0006649453510671468,0.575,3.831422227428444,-0.007062368758568027,0.0,0.0,0.0,0.0
2026-09-08T08:51:43.640+00:00,1035.8166666666684,35.8166666666684,128,WAYPOINT_DRIVE,,1,0.0006649453510671468,0.575,3.8295148455484456,-0.007062368758568027,-0.007062368758568027,1.1,30.000000000001705,35.8166666666684,0.0,0.0006649453510671468,0.575,3.8295148455484456,-0.007062368758568027,0.0,0.0,0.0,0.0
2026-09-08T08:51:43.673+00:00,1035.8500000000017,35.85000000000173,129,WAYPOINT_DRIVE,,1,0.0006649453510671468,0.575,3.827452303668446,-0.007062368758568027,-0.007062368758568027,1.1,30.000000000001705,35.85000000000173,0.0,0.0006649453510671468,0.575,3.827452303668446,-0.007062368758568027,0.0,0.0,0.0,0.0
2026-09-08T08:51:43.706+00:00,1035.883333333335,35.88333333333506,130,WAYPOINT_DRIVE,,1,0.0006649453510671468,0.575,3.8252346017884555,-0.007062368758568027,-0.007062368758568027,1.1,30.000000000001705,35.88333333333506,0.0,0.0006649453510671468,0.575,3.8252346017884555,-0.007062368758568027,0.0,0.0,0.0,0.0
2026-09-08T08:51:43.740+00:00,1035.9166666666683,35.91666666666839,131,WAYPOINT_DRIVE,,1,0.0006649453510671468,0.575,3.8228617399084563,-0.007062368758568027,-0.007062368758568027,1.1,30.000000000001705,35.91666666666839,0.0,0.0006649453510671468,0.575,3.8228617399084563,-0.007062368758568027,0.0,0.0,0.0,0.0
2026-09-08T08:51:43.773+00:00,1035.9500000000016,35.95000000000172,132,WAYPOINT_DRIVE,,1,0.0006649453510671468,0.575,3.8203337180284573,-0.007062368758568027,-0.007062368758568027,1.1,30.000000000001705,35.95000000000172,0.0,0.0006649453510671468,0.575,3.8203337180284573,-0.007062368758568027,0.0,0.0,0.0,0.0
2026-09-08T08:51:43.806+00:00,1035.983333333335,35.983333333335054,133,WAYPOINT_DRIVE,,1,0.0006649453510671468,0.575,3.8176505361484714,-0.007062368758568027,-0.007062368758568027,1.1,30.000000000001705,35.983333333335054,0.0,0.0006649453510671468,0.575,3.8176505361484714,-0.007062368758568027,0.0,0.0,0.0,0.0
2026-09-08T08:51:43.840+00:00,1036.0166666666685,36.016666666668385,134,WAYPOINT_DRIVE,,1,0.0006649453510671468,0.575,3.8148121942684745,-0.007062368758568027,-0.007062368758568027,1.1,30.000000000001705,36.016666666668385,0.0,0.0006649453510671468,0.575,3.8148121942684745,-0.007062368758568027,0.0,0.0,0.0,0.0
2026-09-08T08:51:43.873+00:00,1036.0500000000018,36.05000000000172,135,WAYPOINT_DRIVE,,1,0.0006649453510671468,0.575,3.811818692388477,-0.007062368758568027,-0.007062368758568027,1.1,30.000000000001705,36.05000000000172,0.0,0.0006649453510671468,0.575,3.811818692388477,-0.007062368758568027,0.0,0.0,0.0,0.0
2026-09-08T08:51:43.906+00:00,1036.083333333335,36.08333333333505,136,WAYPOINT_DRIVE,,1,0.0006649453510671468,0.575,3.808670030508495,-0.007062368758568027,-0.007062368758568027,1.1,30.000000000001705,36.08333333333505,0.0,0.0006649453510671468,0.575,3.808670030508495,-0.007062368758568027,0.0,0.0,0.0,0.0
2026-09-08T08:51:43.940+00:00,1036.1166666666684,36.11666666666838,137,WAYPOINT_DRIVE,,1,0.0006649453510671468,0.575,3.8053662086284987,-0.007062368758568027,-0.007062368758568027,1.1,30.000000000001705,36.11666666666838,0.0,0.0006649453510671468,0.575,3.8053662086284987,-0.007062368758568027,0.0,0.0,0.0,0.0
2026-09-08T08:51:43.973+00:00,1036.1500000000017,36.15000000000171,138,WAYPOINT_DRIVE,,1,0.0006649453510671468,0.575,3.801907226748501,-0.007062368758568027,-0.007062368758568027,1.1,30.000000000001705,36.15000000000171,0.0,0.0006649453510671468,0.575,3.801907226748501,-0.007062368758568027,0.0,0.0,0.0,0.0
2026-09-08T08:51:44.006+00:00,1036.183333333335,36.18333333333504,139,WAYPOINT_DRIVE,,1,0.0006649453510671468,0.575,3.798293084868523,-0.007062368758568027,-0.007062368758568027,1.1,30.000000000001705,36.18333333333504,0.0,0.0006649453510671468,0.575,3.798293084868523,-0.007062368758568027,0.0,0.0,0.0,0.0
2026-09-08T08:51:44.040+00:00,1036.2166666666683,36.216666666668374,140,WAYPOINT_DRIVE,,1,0.0006649453510671468,0.575,3.7945237829885268,-0.007062368758568027,-0.007062368758568027,1.1,30.000000000001705,36.216666666668374,0.0,0.0006649453510671468,0.575,3.7945237829885268,-0.007062368758568027,0.0,0.0,0.0,0.0
2026-09-08T08:51:44.073+00:00,1036.2500000000018,36.250000000001705,141,WAYPOINT_DRIVE,,1,0.0006649453510671468,0.575,3.7905993211085307,-0.007062368758568027,-0.007062368758568027,1.1,30.000000000001705,36.250000000001705,0.0,0.0006649453510671468,0.575,3.7905993211085307,-0.007062368758568027,0.0,0.0,0.0,0.0
2026-09-08T08:51:44.106+00:00,1036.2833333333351,36.28333333333504,142,WAYPOINT_DRIVE,,1,0.0006649453510671468,0.575,3.786519699228559,-0.007062368758568027,-0.007062368758568027,1.1,30.000000000001705,36.28333333333504,0.0,0.0006649453510671468,0.575,3.786519699228559,-0.007062368758568027,0.0,0.0,0.0,0.0
2026-09-08T08:51:44.140+00:00,1036.3166666666684,36.31666666666837,143,WAYPOINT_DRIVE,,1,0.0006649453510671468,0.575,3.782284917348563,-0.007062368758568027,-0.007062368758568027,1.1,30.000000000001705,36.31666666666837,0.0,0.0006649453510671468,0.575,3.782284917348563,-0.007062368758568027,0.0,0.0,0.0,0.0
2026-09-08T08:51:44.173+00:00,1036.3500000000017,36.3500000000017,144,WAYPOINT_DRIVE,,1,0.0006649453510671468,0.575,3.7778949754685676,-0.007062368758568027,-0.007062368758568027,1.1,30.000000000001705,36.3500000000017,0.0,0.0006649453510671468,0.575,3.7778949754685676,-0.007062368758568027,0.0,0.0,0.0,0.0
2026-09-08T08:51:44.206+00:00,1036.383333333335,36.38333333333503,145,WAYPOINT_DRIVE,,1,0.0006649453510671468,0.575,3.7733498735886006,-0.007062368758568027,-0.007062368758568027,1.1,30.000000000001705,36.38333333333503,0.0,0.0006649453510671468,0.575,3.7733498735886006,-0.007062368758568027,0.0,0.0,0.0,0.0
2026-09-08T08:51:44.240+00:00,1036.4166666666683,36.41666666666836,146,WAYPOINT_DRIVE,,1,0.0006649453510671468,0.575,3.7686496117086055,-0.007062368758568027,-0.007062368758568027,1.1,30.000000000001705,36.41666666666836,0.0,0.0006649453510671468,0.575,3.7686496117086055,-0.007062368758568027,0.0,0.0,0.0,0.0
2026-09-08T08:51:44.273+00:00,1036.4500000000016,36.450000000001694,147,WAYPOINT_DRIVE,,1,0.0006649453510671468,0.575,3.7637941898286114,-0.007062368758568027,-0.007062368758568027,1.1,30.000000000001705,36.450000000001694,0.0,0.0006649453510671468,0.575,3.7637941898286114,-0.007062368758568027,0.0,0.0,0.0,0.0
2026-09-08T08:51:44.306+00:00,1036.483333333335,36.483333333335025,148,WAYPOINT_DRIVE,,1,0.0006649453510671468,0.575,3.7587836079486503,-0.007062368758568027,-0.007062368758568027,1.1,30.000000000001705,36.483333333335025,0.0,0.0006649453510671468,0.575,3.7587836079486503,-0.007062368758568027,0.0,0.0,0.0,0.0
2026-09-08T08:51:44.340+00:00,1036.5166666666682,36.51666666666836,149,WAYPOINT_DRIVE,,1,0.0006649453510671468,0.575,3.753617866068657,-0.007062368758568027,-0.007062368758568027,1.1,30.000000000001705,36.51666666666836,0.0,0.0006649453510671468,0.575,3.753617866068657,-0.007062368758568027,0.0,0.0,0.0,0.0
2026-09-08T08:51:44.373+00:00,1036.5500000000018,36.55000000000169,150,WAYPOINT_DRIVE,,1,0.0006649453510671468,0.575,3.7482969641886634,-0.007062368758568027,-0.007062368758568027,1.1,30.000000000001705,36.55000000000169,0.0,0.0006649453510671468,0.575,3.7482969641886634,-0.007062368758568027,0.0,0.0,0.0,0.0
2026-09-08T08:51:44.406+00:00,1036.583333333335,36.58333333333502,151,WAYPOINT_DRIVE,,1,0.0006649453510671468,0.575,3.7428209023087096,-0.007062368758568027,-0.007062368758568027,1.1,30.000000000001705,36.58333333333502,0.0,0.0006649453510671468,0.575,3.7428209023087096,-0.007062368758568027,0.0,0.0,0.0,0.0
2026-09-08T08:51:44.440+00:00,1036.6166666666684,36.61666666666835,152,WAYPOINT_DRIVE,,1,0.0006649453510671468,0.575,3.7371896804287186,-0.007062368758568027,-0.007062368758568027,1.1,30.000000000001705,36.61666666666835,0.0,0.0006649453510671468,0.575,3.7371896804287186,-0.007062368758568027,0.0,0.0,0.0,0.0
2026-09-08T08:51:44.473+00:00,1036.6500000000017,36.65000000000168,153,WAYPOINT_DRIVE,,1,0.0006649453510671468,0.575,3.7314032985487255,-0.007062368758568027,-0.007062368758568027,1.1,30.000000000001705,36.65000000000168,0.0,0.0006649453510671468,0.575,3.7314032985487255,-0.007062368758568027,0.0,0.0,0.0,0.0
2026-09-08T08:51:44.506+00:00,1036.683333333335,36.683333333335014,154,WAYPOINT_DRIVE,,1,0.0006649453510671468,0.575,3.725461756668779,-0.007062368758568027,-0.007062368758568027,1.1,30.000000000001705,36.683333333335014,0.0,0.0006649453510671468,0.575,3.725461756668779,-0.007062368758568027,0.0,0.0,0.0,0.0
2026-09-08T08:51:44.540+00:00,1036.7166666666683,36.716666666668345,155,WAYPOINT_DRIVE,,1,0.0006649453510671468,0.575,3.719365054788788,-0.007062368758568027,-0.007062368758568027,1.1,30.000000000001705,36.716666666668345,0.0,0.0006649453510671468,0.575,3.719365054788788,-0.007062368758568027,0.0,0.0,0.0,0.0
2026-09-08T08:51:44.573+00:00,1036.7500000000016,36.75000000000168,156,WAYPOINT_DRIVE,,1,0.0006649453510671468,0.575,3.7131131929087986,-0.007062368758568027,-0.007062368758568027,1.1,30.000000000001705,36.75000000000168,0.0,0.0006649453510671468,0.575,3.7131131929087986,-0.007062368758568027,0.0,0.0,0.0,0.0
2026-09-08T08:51:44.606+00:00,1036.7833333333351,36.78333333333501,157,WAYPOINT_DRIVE,,1,0.0006649453510671468,0.575,3.7067061710288596,-0.007062368758568027,-0.007062368758568027,1.1,30.000000000001705,36.78333333333501,0.0,0.0006649453510671468,0.575,3.7067061710288596,-0.007062368758568027,0.0,0.0,0.0,0.0
2026-09-08T08:51:44.640+00:00,1036.8166666666684,36.81666666666834,158,WAYPOINT_DRIVE,,1,0.0006649453510671468,0.575,3.700143989148871,-0.007062368758568027,-0.007062368758568027,1.1,30.000000000001705,36.81666666666834,0.0,0.0006649453510671468,0.575,3.700143989148871,-0.007062368758568027,0.0,0.0,0.0,0.0
2026-09-08T08:51:44.673+00:00,1036.8500000000017,36.85000000000167,159,WAYPOINT_DRIVE,,1,0.0006649453510671468,0.575,3.69342664726888,-0.007062368758568027,-0.007062368758568027,1.1,30.000000000001705,36.85000000000167,0.0,0.0006649453510671468,0.575,3.69342664726888,-0.007062368758568027,0.0,0.0,0.0,0.0
2026-09-08T08:51:44.706+00:00,1036.883333333335,36.883333333335,160,WAYPOINT_DRIVE,,1,0.0006649453510671468,0.575,3.686554145388948,-0.007062368758568027,-0.007062368758568027,1.1,30.000000000001705,36.883333333335,0.0,0.0006649453510671468,0.575,3.686554145388948,-0.007062368758568027,0.0,0.0,0.0,0.0
2026-09-08T08:51:44.740+00:00,1036.9166666666683,36.916666666668334,161,WAYPOINT_DRIVE,,1,0.0006649453510671468,0.575,3.67952648350896,-0.007062368758568027,-0.007062368758568027,1.1,30.000000000001705,36.916666666668334,0.0,0.0006649453510671468,0.575,3.67952648350896,-0.007062368758568027,0.0,0.0,0.0,0.0
2026-09-08T08:51:44.773+00:00,1036.9500000000016,36.950000000001666,162,WAYPOINT_DRIVE,,1,0.0006649453510671468,0.575,3.672343661628972,-0.007062368758568027,-0.007062368758568027,1.1,30.000000000001705,36.950000000001666,0.0,0.0006649453510671468,0.575,3.672343661628972,-0.007062368758568027,0.0,0.0,0.0,0.0
2026-09-08T08:51:44.806+00:00,1036.983333333335,36.983333333335,163,WAYPOINT_DRIVE,,1,0.0006649453510671468,0.575,3.665005679749048,-0.007062368758568027,-0.007062368758568027,1.1,30.000000000001705,36.983333333335,0.0,0.0006649453510671468,0.575,3.665005679749048,-0.007062368758568027,0.0,0.0,0.0,0.0
2026-09-08T08:51:44.840+00:00,1037.0166666666682,37.01666666666833,164,WAYPOINT_DRIVE,,1,0.0006649453510671468,0.575,3.657512537869061,-0.007062368758568027,-0.007062368758568027,1.1,30.000000000001705,37.01666666666833,0.0,0.0006649453510671468,0.575,3.657512537869061,-0.007062368758568027,0.0,0.0,0.0,0.0
2026-09-08T08:51:44.873+00:00,1037.0500000000015,37.05000000000166,165,WAYPOINT_DRIVE,,1,0.0006649453510671468,0.575,3.649864235989073,-0.007062368758568027,-0.007062368758568027,1.1,30.000000000001705,37.05000000000166,0.0,0.0006649453510671468,0.575,3.649864235989073,-0.007062368758568027,0.0,0.0,0.0,0.0
2026-09-08T08:51:44.906+00:00,1037.083333333335,37.08333333333499,166,WAYPOINT_DRIVE,,1,0.0006649453510671468,0.575,3.64206077410916,-0.007062368758568027,-0.007062368758568027,1.1,30.000000000001705,37.08333333333499,0.0,0.0006649453510671468,0.575,3.64206077410916,-0.007062368758568027,0.0,0.0,0.0,0.0
2026-09-08T08:51:44.940+00:00,1037.1166666666684,37.11666666666832,167,WAYPOINT_DRIVE,,1,0.0006649453510671468,0.575,3.6341021522291754,-0.007062368758568027,-0.007062368758568027,1.1,30.000000000001705,37.11666666666832,0.0,0.0006649453510671468,0.575,3.6341021522291754,-0.007062368758568027,0.0,0.0,0.0,0.0
2026-09-08T08:51:44.973+00:00,1037.1500000000017,37.150000000001654,168,WAYPOINT_DRIVE,,1,0.0006649453510671468,0.575,3.625988370349189,-0.007062368758568027,-0.007062368758568027,1.1,30.000000000001705,37.150000000001654,0.0,0.0006649453510671468,0.575,3.625988370349189,-0.007062368758568027,0.0,0.0,0.0,0.0
2026-09-08T08:51:45.006+00:00,1037.183333333335,37.183333333334986,169,WAYPOINT_DRIVE,,1,0.0006649453510671468,0.575,3.617719428469284,-0.007062368758568027,-0.007062368758568027,1.1,30.000000000001705,37.183333333334986,0.0,0.0006649453510671468,0.575,3.617719428469284,-0.007062368758568027,0.0,0.0,0.0,0.0
2026-09-08T08:51:45.040+00:00,1037.2166666666683,37.21666666666832,170,WAYPOINT_DRIVE,,1,0.0006649453510671468,0.575,3.6092953265893004,-0.007062368758568027,-0.007062368758568027,1.1,30.000000000001705,37.21666666666832,0.0,0.0006649453510671468,0.575,3.6092953265893004,-0.007062368758568027,0.0,0.0,0.0,0.0
2026-09-08T08:51:45.073+00:00,1037.2500000000016,37.25000000000165,171,WAYPOINT_DRIVE,,1,0.0006649453510671468,0.575,3.6007160647093164,-0.007062368758568027,-0.007062368758568027,1.1,30.000000000001705,37.25000000000165,0.0,0.0006649453510671468,0.575,3.6007160647093164,-0.007062368758568027,0.0,0.0,0.0,0.0
2026-09-08T08:51:45.106+00:00,1037.283333333335,37.28333333333498,172,WAYPOINT_DRIVE,,1,0.0006649453510671468,0.575,3.5919816428294196,-0.007062368758568027,-0.007062368758568027,1.1,30.000000000001705,37.28333333333498,0.0,0.0006649453510671468,0.575,3.5919816428294196,-0.007062368758568027,0.0,0.0,0.0,0.0
2026-09-08T08:51:45.140+00:00,1037.3166666666684,37.31666666666831,173,WAYPOINT_DRIVE,,1,0.0006649453510671468,0.575,3.5830920609494363,-0.007062368758568027,-0.007062368758568027,1.1,30.000000000001705,37.31666666666831,0.0,0.0006649453510671468,0.575,3.5830920609494363,-0.007062368758568027,0.0,0.0,0.0,0.0
2026-09-08T08:51:45.173+00:00,1037.3500000000017,37.35000000000164,174,WAYPOINT_DRIVE,,1,0.0006649453510671468,0.575,3.5740473190694546,-0.007062368758568027,-0.007062368758568027,1.1,30.000000000001705,37.35000000000164,0.0,0.0006649453510671468,0.575,3.5740473190694546,-0.007062368758568027,0.0,0.0,0.0,0.0
2026-09-08T08:51:45.206+00:00,1037.383333333335,37.383333333334974,175,WAYPOINT_DRIVE,,1,0.0006649453510671468,0.575,3.564847417189569,-0.007062368758568027,-0.007062368758568027,1.1,30.000000000001705,37.383333333334974,0.0,0.0006649453510671468,0.575,3.564847417189569,-0.007062368758568027,0.0,0.0,0.0,0.0
2026-09-08T08:51:45.240+00:00,1037.4166666666683,37.416666666668306,176,WAYPOINT_DRIVE,,1,0.0006649453510671468,0.575,3.5554923553095894,-0.007062368758568027,-0.007062368758568027,1.1,30.000000000001705,37.416666666668306,0.0,0.0006649453510671468,0.575,3.5554923553095894,-0.007062368758568027,0.0,0.0,0.0,0.0
2026-09-08T08:51:45.273+00:00,1037.4500000000016,37.45000000000164,177,WAYPOINT_DRIVE,,1,0.0006649453510671468,0.575,3.5460225746423113,-0.007062368758568027,-0.007062368758568027,1.1,30.000000000001705,37.45000000000164,0.0,0.0006649453510671468,0.575,3.5460225746423113,-0.007062368758568027,0.0,0.0,0.0,0.0
2026-09-08T08:51:45.306+00:00,1037.483333333335,37.48333333333497,178,WAYPOINT_DRIVE,,1,0.0006649453510671468,0.575,3.5365467982824095,-0.007062368758568027,-0.007062368758568027,1.1,30.000000000001705,37.48333333333497,0.0,0.0006649453510671468,0.575,3.5365467982824095,-0.007062368758568027,0.0,0.0,0.0,0.0
2026-09-08T08:51:45.340+00:00,1037.5166666666682,37.5166666666683,179,WAYPOINT_DRIVE,,1,0.0006649453510671468,0.575,3.527071021922404,-0.007062368758568027,-0.007062368758568027,1.1,30.000000000001705,37.5166666666683,0.0,0.0006649453510671468,0.575,3.527071021922404,-0.007062368758568027,0.0,0.0,0.0,0.0
2026-09-08T08:51:45.373+00:00,1037.5500000000015,37.55000000000163,180,WAYPOINT_DRIVE,,1,0.0006649453510671468,0.575,3.517595245562399,-0.007062368758568027,-0.007062368758568027,1.1,30.000000000001705,37.55000000000163,0.0,0.0006649453510671468,0.575,3.517595245562399,-0.007062368758568027,0.0,0.0,0.0,0.0
2026-09-08T08:51:45.406+00:00,1037.5833333333348,37.58333333333496,181,WAYPOINT_DRIVE,,1,0.0006649453510671468,0.575,3.5081194692025006,-0.007062368758568027,-0.007062368758568027,1.1,30.000000000001705,37.58333333333496,0.0,0.0006649453510671468,0.575,3.5081194692025006,-0.007062368758568027,0.0,0.0,0.0,0.0
2026-09-08T08:51:45.440+00:00,1037.6166666666684,37.616666666668294,182,WAYPOINT_DRIVE,,1,0.0006649453510671468,0.575,3.4986436928424958,-0.007062368758568027,-0.007062368758568027,1.1,30.000000000001705,37.616666666668294,0.0,0.0006649453510671468,0.575,3.4986436928424958,-0.007062368758568027,0.0,0.0,0.0,0.0
2026-09-08T08:51:45.473+00:00,1037.6500000000017,37.650000000001626,183,WAYPOINT_DRIVE,,1,0.0006649453510671468,0.575,3.4891679164824905,-0.007062368758568027,-0.007062368758568027,1.1,30.000000000001705,37.650000000001626,0.0,0.0006649453510671468,0.575,3.4891679164824905,-0.007062368758568027,0.0,0.0,0.0,0.0
2026-09-08T08:51:45.506+00:00,1037.683333333335,37.68333333333496,184,WAYPOINT_DRIVE,,1,0.0006649453510671468,0.575,3.479692140122597,-0.007062368758568027,-0.007062368758568027,1.1,30.000000000001705,37.68333333333496,0.0,0.0006649453510671468,0.575,3.479692140122597,-0.007062368758568027,0.0,0.0,0.0,0.0
2026-09-08T08:51:45.540+00:00,1037.7166666666683,37.71666666666829,185,WAYPOINT_DRIVE,,1,0.0006649453510671468,0.575,3.470216363762592,-0.007062368758568027,-0.007062368758568027,1.1,30.000000000001705,37.71666666666829,0.0,0.0006649453510671468,0.575,3.470216363762592,-0.007062368758568027,0.0,0.0,0.0,0.0
2026-09-08T08:51:45.573+00:00,1037.7500000000016,37.75000000000162,186,WAYPOINT_DRIVE,,1,0.0006649453510671468,0.575,3.4607405874025865,-0.007062368758568027,-0.007062368758568027,1.1,30.000000000001705,37.75000000000162,0.0,0.0006649453510671468,0.575,3.4607405874025865,-0.007062368758568027,0.0,0.0,0.0,0.0
2026-09-08T08:51:45.606+00:00,1037.783333333335,37.78333333333495,187,WAYPOINT_DRIVE,,1,0.0006649453510671468,0.575,3.451264811042697,-0.007062368758568027,-0.007062368758568027,1.1,30.000000000001705,37.78333333333495,0.0,0.0006649453510671468,0.575,3.451264811042697,-0.007062368758568027,0.0,0.0,0.0,0.0
2026-09-08T08:51:45.640+00:00,1037.8166666666682,37.81666666666828,188,WAYPOINT_DRIVE,,1,0.0006649453510671468,0.575,3.4417890346826923,-0.007062368758568027,-0.007062368758568027,1.1,30.000000000001705,37.81666666666828,0.0,0.0006649453510671468,0.575,3.4417890346826923,-0.007062368758568027,0.0,0.0,0.0,0.0
2026-09-08T08:51:45.673+00:00,1037.8500000000017,37.850000000001614,189,WAYPOINT_DRIVE,,1,0.0006649453510671468,0.575,3.432313258322687,-0.007062368758568027,-0.007062368758568027,1.1,30.000000000001705,37.850000000001614,0.0,0.0006649453510671468,0.575,3.432313258322687,-0.007062368758568027,0.0,0.0,0.0,0.0
2026-09-08T08:51:45.706+00:00,1037.883333333335,37.883333333334946,190,WAYPOINT_DRIVE,,1,0.0006649453510671468,0.575,3.4228374819628016,-0.007062368758568027,-0.007062368758568027,1.1,30.000000000001705,37.883333333334946,0.0,0.0006649453510671468,0.575,3.4228374819628016,-0.007062368758568027,0.0,0.0,0.0,0.0
2026-09-08T08:51:45.740+00:00,1037.9166666666683,37.91666666666828,191,WAYPOINT_DRIVE,,1,0.0006649453510671468,0.575,3.4133617056027963,-0.007062368758568027,-0.007062368758568027,1.1,30.000000000001705,37.91666666666828,0.0,0.0006649453510671468,0.575,3.4133617056027963,-0.007062368758568027,0.0,0.0,0.0,0.0
2026-09-08T08:51:45.773+00:00,1037.9500000000016,37.95000000000161,192,WAYPOINT_DRIVE,,1,0.0006649453510671468,0.575,3.403885929242791,-0.007062368758568027,-0.007062368758568027,1.1,30.000000000001705,37.95000000000161,0.0,0.0006649453510671468,0.575,3.403885929242791,-0.007062368758568027,0.0,0.0,0.0,0.0
2026-09-08T08:51:45.806+00:00,1037.983333333335,37.98333333333494,193,WAYPOINT_DRIVE,,1,0.0006649453510671468,0.575,3.3944101528829096,-0.007062368758568027,-0.007062368758568027,1.1,30.000000000001705,37.98333333333494,0.0,0.0006649453510671468,0.575,3.3944101528829096,-0.007062368758568027,0.0,0.0,0.0,0.0
2026-09-08T08:51:45.840+00:00,1038.0166666666682,38.01666666666827,194,WAYPOINT_DRIVE,,1,0.0006649453510671468,0.575,3.3849343765229047,-0.007062368758568027,-0.007062368758568027,1.1,30.000000000001705,38.01666666666827,0.0,0.0006649453510671468,0.575,3.3849343765229047,-0.007062368758568027,0.0,0.0,0.0,0.0
2026-09-08T08:51:45.873+00:00,1038.0500000000015,38.0500000000016,195,WAYPOINT_DRIVE,,1,0.0006649453510671468,0.575,3.3754586001628994,-0.007062368758568027,-0.007062368758568027,1.1,30.000000000001705,38.0500000000016,0.0,0.0006649453510671468,0.575,3.3754586001628994,-0.007062368758568027,0.0,0.0,0.0,0.0
2026-09-08T08:51:45.906+00:00,1038.0833333333348,38.083333333334934,196,WAYPOINT_DRIVE,,1,0.0006649453510671468,0.575,3.365982823803022,-0.007062368758568027,-0.007062368758568027,1.1,30.000000000001705,38.083333333334934,0.0,0.0006649453510671468,0.575,3.365982823803022,-0.007062368758568027,0.0,0.0,0.0,0.0
2026-09-08T08:51:45.940+00:00,1038.1166666666682,38.116666666668266,197,WAYPOINT_DRIVE,,1,0.0006649453510671468,0.575,3.3565070474430176,-0.007062368758568027,-0.007062368758568027,1.1,30.000000000001705,38.116666666668266,0.0,0.0006649453510671468,0.575,3.3565070474430176,-0.007062368758568027,0.0,0.0,0.0,0.0
2026-09-08T08:51:45.973+00:00,1038.1500000000017,38.1500000000016,198,WAYPOINT_DRIVE,,1,0.0006649453510671468,0.575,3.3470312710830123,-0.007062368758568027,-0.007062368758568027,1.1,30.000000000001705,38.1500000000016,0.0,0.0006649453510671468,0.575,3.3470312710830123,-0.007062368758568027,0.0,0.0,0.0,0.0
2026-09-08T08:51:46.006+00:00,1038.183333333335,38.18333333333493,199,WAYPOINT_DRIVE,,1,0.0006649453510671468,0.575,3.337555494723139,-0.007062368758568027,-0.007062368758568027,1.1,30.000000000001705,38.18333333333493,0.0,0.0006649453510671468,0.575,3.337555494723139,-0.007062368758568027,0.0,0.0,0.0,0.0
2026-09-08T08:51:46.040+00:00,1038.2166666666683,38.21666666666826,200,WAYPOINT_DRIVE,,1,0.0006649453510671468,0.575,3.328079718363134,-0.007062368758568027,-0.007062368758568027,1.1,30.000000000001705,38.21666666666826,0.0,0.0006649453510671468,0.575,3.328079718363134,-0.007062368758568027,0.0,0.0,0.0,0.0
2026-09-08T08:51:46.073+00:00,1038.2500000000016,38.25000000000159,201,WAYPOINT_DRIVE,,1,0.0006649453510671468,0.575,3.3186039420031292,-0.007062368758568027,-0.007062368758568027,1.1,30.000000000001705,38.25000000000159,0.0,0.0006649453510671468,0.575,3.3186039420031292,-0.007062368758568027,0.0,0.0,0.0,0.0
2026-09-08T08:51:46.106+00:00,1038.283333333335,38.28333333333492,202,WAYPOINT_DRIVE,,1,0.0006649453510671468,0.575,3.309128165643265,-0.007062368758568027,-0.007062368758568027,1.1,30.000000000001705,38.28333333333492,0.0,0.0006649453510671468,0.575,3.309128165643265,-0.007062368758568027,0.0,0.0,0.0,0.0
2026-09-08T08:51:46.140+00:00,1038.3166666666682,38.316666666668254,203,WAYPOINT_DRIVE,,1,0.0006649453510671468,0.575,3.299652389283266,-0.007062368758568027,-0.007062368758568027,1.1,30.000000000001705,38.316666666668254,0.0,0.0006649453510671468,0.575,3.299652389283266,-0.007062368758568027,0.0,0.0,0.0,0.0
2026-09-08T08:51:46.173+00:00,1038.3500000000015,38.350000000001586,204,WAYPOINT_DRIVE,,1,0.0006649453510671468,0.575,3.2901766129232666,-0.007062368758568027,-0.007062368758568027,1.1,30.000000000001705,38.350000000001586,0.0,0.0006649453510671468,0.575,3.2901766129232666,-0.007062368758568027,0.0,0.0,0.0,0.0
2026-09-08T08:51:46.206+00:00,1038.383333333335,38.38333333333492,205,WAYPOINT_DRIVE,,1,0.0006649453510671468,0.575,3.2807008365634065,-0.007062368758568027,-0.007062368758568027,1.1,30.000000000001705,38.38333333333492,0.0,0.0006649453510671468,0.575,3.2807008365634065,-0.007062368758568027,0.0,0.0,0.0,0.0
2026-09-08T08:51:46.240+00:00,1038.4166666666683,38.41666666666825,206,WAYPOINT_DRIVE,,1,0.0006649453510671468,0.575,3.2712250602034065,-0.007062368758568027,-0.007062368758568027,1.1,30.000000000001705,38.41666666666825,0.0,0.0006649453510671468,0.575,3.2712250602034065,-0.007062368758568027,0.0,0.0,0.0,0.0
2026-09-08T08:51:46.273+00:00,1038.4500000000016,38.45000000000158,207,WAYPOINT_DRIVE,,1,0.0006649453510671468,0.575,3.261749283843407,-0.007062368758568027,-0.007062368758568027,1.1,30.000000000001705,38.45000000000158,0.0,0.0006649453510671468,0.575,3.261749283843407,-0.007062368758568027,0.0,0.0,0.0,0.0
2026-09-08T08:51:46.306+00:00,1038.483333333335,38.48333333333491,208,WAYPOINT_DRIVE,,1,0.0006649453510671468,0.575,3.252273507483551,-0.007062368758568027,-0.007062368758568027,1.1,30.000000000001705,38.48333333333491,0.0,0.0006649453510671468,0.575,3.252273507483551,-0.007062368758568027,0.0,0.0,0.0,0.0
2026-09-08T08:51:46.340+00:00,1038.5166666666682,38.51666666666824,209,WAYPOINT_DRIVE,,1,0.0006649453510671468,0.575,3.2427977311235514,-0.007062368758568027,-0.007062368758568027,1.1,30.000000000001705,38.51666666666824,0.0,0.0006649453510671468,0.575,3.2427977311235514,-0.007062368758568027,0.0,0.0,0.0,0.0
2026-09-08T08:51:46.373+00:00,1038.5500000000015,38.550000000001575,210,WAYPOINT_DRIVE,,1,0.0006649453510671468,0.575,3.2333219547635514,-0.007062368758568027,-0.007062368758568027,1.1,30.000000000001705,38.550000000001575,0.0,0.0006649453510671468,0.575,3.2333219547635514,-0.007062368758568027,0.0,0.0,0.0,0.0
2026-09-08T08:51:46.406+00:00,1038.5833333333348,38.583333333334906,211,WAYPOINT_DRIVE,,1,0.0006649453510671468,0.575,3.2238461784037,-0.007062368758568027,-0.007062368758568027,1.1,30.000000000001705,38.583333333334906,0.0,0.0006649453510671468,0.575,3.2238461784037,-0.007062368758568027,0.0,0.0,0.0,0.0
2026-09-08T08:51:46.440+00:00,1038.6166666666682,38.61666666666824,212,WAYPOINT_DRIVE,,1,0.0006649453510671468,0.575,3.2143704020437003,-0.007062368758568027,-0.007062368758568027,1.1,30.000000000001705,38.61666666666824,0.0,0.0006649453510671468,0.575,3.2143704020437003,-0.007062368758568027,0.0,0.0,0.0,0.0
2026-09-08T08:51:46.473+00:00,1038.6500000000015,38.65000000000157,213,WAYPOINT_DRIVE,,1,0.0006649453510671468,0.575,3.2048946256837,-0.007062368758568027,-0.007062368758568027,1.1,30.000000000001705,38.65000000000157,0.0,0.0006649453510671468,0.575,3.2048946256837,-0.007062368758568027,0.0,0.0,0.0,0.0
2026-09-08T08:51:46.506+00:00,1038.683333333335,38.6833333333349,214,WAYPOINT_DRIVE,,1,0.0006649453510671468,0.575,3.1954188493238522,-0.007062368758568027,-0.007062368758568027,1.1,30.000000000001705,38.6833333333349,0.0,0.0006649453510671468,0.575,3.1954188493238522,-0.007062368758568027,0.0,0.0,0.0,0.0
2026-09-08T08:51:46.540+00:00,1038.7166666666683,38.71666666666823,215,WAYPOINT_DRIVE,,1,0.0006649453510671468,0.575,3.1859430729638523,-0.007062368758568027,-0.007062368758568027,1.1,30.000000000001705,38.71666666666823,0.0,0.0006649453510671468,0.575,3.1859430729638523,-0.007062368758568027,0.0,0.0,0.0,0.0
2026-09-08T08:51:46.573+00:00,1038.7500000000016,38.75000000000156,216,WAYPOINT_DRIVE,,1,0.0006649453510671468,0.575,3.1764672966038523,-0.007062368758568027,-0.007062368758568027,1.1,30.000000000001705,38.75000000000156,0.0,0.0006649453510671468,0.575,3.1764672966038523,-0.007062368758568027,0.0,0.0,0.0,0.0
2026-09-08T08:51:46.606+00:00,1038.783333333335,38.783333333334895,217,WAYPOINT_DRIVE,,1,0.0006649453510671468,0.575,3.166991520244008,-0.007062368758568027,-0.007062368758568027,1.1,30.000000000001705,38.783333333334895,0.0,0.0006649453510671468,0.575,3.166991520244008,-0.007062368758568027,0.0,0.0,0.0,0.0
2026-09-08T08:51:46.640+00:00,1038.8166666666682,38.816666666668226,218,WAYPOINT_DRIVE,,1,0.0006649453510671468,0.575,3.1575157438840087,-0.007062368758568027,-0.007062368758568027,1.1,30.000000000001705,38.816666666668226,0.0,0.0006649453510671468,0.575,3.1575157438840087,-0.007062368758568027,0.0,0.0,0.0,0.0
2026-09-08T08:51:46.673+00:00,1038.8500000000015,38.85000000000156,219,WAYPOINT_DRIVE_SETTLE,,1,0.0006649453510671468,0.575,3.1575157438840087,-0.007062368758568027,-0.007062368758568027,1.1,30.000000000001705,38.85000000000156,0.0,0.0006649453510671468,0.575,3.1575157438840087,-0.007062368758568027,0.0,0.0,0.0,0.0
2026-09-08T08:51:46.706+00:00,1038.8833333333348,38.88333333333489,220,WAYPOINT_DRIVE_SETTLE,,1,0.0006649453510671468,0.575,3.1575157438840087,-0.007062368758568027,-0.007062368758568027,1.1,30.000000000001705,38.88333333333489,0.0,0.0006649453510671468,0.575,3.1575157438840087,-0.007062368758568027,0.0,0.0,0.0,0.0
2026-09-08T08:51:46.740+00:00,1038.9166666666683,38.91666666666822,221,WAYPOINT_DRIVE_SETTLE,,1,0.0006649453510671468,0.575,3.1575157438840087,-0.007062368758568027,-0.007062368758568027,1.1,30.000000000001705,38.91666666666822,0.0,0.0006649453510671468,0.575,3.1575157438840087,-0.007062368758568027,0.0,0.0,0.0,0.0
2026-09-08T08:51:46.773+00:00,1038.9500000000016,38.95000000000155,222,WAYPOINT_DRIVE_SETTLE,,1,0.0006649453510671468,0.575,3.1575157438840087,-0.007062368758568027,-0.007062368758568027,1.1,30.000000000001705,38.95000000000155,0.0,0.0006649453510671468,0.575,3.1575157438840087,-0.007062368758568027,0.0,0.0,0.0,0.0
2026-09-08T08:51:46.806+00:00,1038.983333333335,38.98333333333488,223,WAYPOINT_DRIVE_SETTLE,,1,0.0006649453510671468,0.575,3.1575157438840087,-0.007062368758568027,-0.007062368758568027,1.1,30.000000000001705,38.98333333333488,0.0,0.0006649453510671468,0.575,3.1575157438840087,-0.007062368758568027,0.0,0.0,0.0,0.0
2026-09-08T08:51:46.840+00:00,1039.0166666666682,39.016666666668215,224,WAYPOINT_DRIVE_SETTLE,,1,0.0006649453510671468,0.575,3.1575157438840087,-0.007062368758568027,-0.007062368758568027,1.1,30.000000000001705,39.016666666668215,0.0,0.0006649453510671468,0.575,3.1575157438840087,-0.007062368758568027,0.0,0.0,0.0,0.0
2026-09-08T08:51:46.873+00:00,1039.0500000000015,39.050000000001546,225,WAYPOINT_DRIVE_SETTLE,,1,0.0006649453510671468,0.575,3.1575157438840087,-0.007062368758568027,-0.007062368758568027,1.1,30.000000000001705,39.050000000001546,0.0,0.0006649453510671468,0.575,3.1575157438840087,-0.007062368758568027,0.0,0.0,0.0,0.0
2026-09-08T08:51:46.906+00:00,1039.0833333333348,39.08333333333488,226,WAYPOINT_DRIVE_SETTLE,,1,0.0006649453510671468,0.575,3.1575157438840087,-0.007062368758568027,-0.007062368758568027,1.1,30.000000000001705,39.08333333333488,0.0,0.0006649453510671468,0.575,3.1575157438840087,-0.007062368758568027,0.0,0.0,0.0,0.0
2026-09-08T08:51:46.940+00:00,1039.1166666666682,39.11666666666821,227,WAYPOINT_DRIVE_SETTLE,,1,0.0006649453510671468,0.575,3.1575157438840087,-0.007062368758568027,-0.007062368758568027,1.1,30.000000000001705,39.11666666666821,0.0,0.0006649453510671468,0.575,3.1575157438840087,-0.007062368758568027,0.0,0.0,0.0,0.0
2026-09-08T08:51:46.973+00:00,1039.1500000000015,39.15000000000154,228,WAYPOINT_DRIVE_SETTLE,,1,0.0006649453510671468,0.575,3.1575157438840087,-0.007062368758568027,-0.007062368758568027,1.1,30.000000000001705,39.15000000000154,0.0,0.0006649453510671468,0.575,3.1575157438840087,-0.007062368758568027,0.0,0.0,0.0,0.0
2026-09-08T08:51:47.006+00:00,1039.1833333333348,39.18333333333487,229,WAYPOINT_DRIVE_SETTLE,,1,0.0006649453510671468,0.575,3.1575157438840087,-0.007062368758568027,-0.007062368758568027,1.1,30.000000000001705,39.18333333333487,0.0,0.0006649453510671468,0.575,3.1575157438840087,-0.007062368758568027,0.0,0.0,0.0,0.0
2026-09-08T08:51:47.040+00:00,1039.2166666666683,39.2166666666682,230,WAYPOINT_DRIVE_SETTLE,,1,0.0006649453510671468,0.575,3.1575157438840087,-0.007062368758568027,-0.007062368758568027,1.1,30.000000000001705,39.2166666666682,0.0,0.0006649453510671468,0.575,3.1575157438840087,-0.007062368758568027,0.0,0.0,0.0,0.0
2026-09-08T08:51:47.073+00:00,1039.2500000000016,39.250000000001535,231,WAYPOINT_DRIVE_SETTLE,,1,0.0006649453510671468,0.575,3.1575157438840087,-0.007062368758568027,-0.007062368758568027,1.1,30.000000000001705,39.250000000001535,0.0,0.0006649453510671468,0.575,3.1575157438840087,-0.007062368758568027,0.0,0.0,0.0,0.0
2026-09-08T08:51:47.106+00:00,1039.283333333335,39.283333333334866,232,WAYPOINT_DRIVE_SETTLE,,1,0.0006649453510671468,0.575,3.1575157438840087,-0.007062368758568027,-0.007062368758568027,1.1,30.000000000001705,39.283333333334866,0.0,0.0006649453510671468,0.575,3.1575157438840087,-0.007062368758568027,0.0,0.0,0.0,0.0
2026-09-08T08:51:47.140+00:00,1039.3166666666682,39.3166666666682,233,WAYPOINT_DRIVE_SETTLE,,1,0.0006649453510671468,0.575,3.1575157438840087,-0.007062368758568027,-0.007062368758568027,1.1,30.000000000001705,39.3166666666682,0.0,0.0006649453510671468,0.575,3.1575157438840087,-0.007062368758568027,0.0,0.0,0.0,0.0
2026-09-08T08:51:47.173+00:00,1039.3500000000015,39.35000000000153,234,WAYPOINT_DRIVE_SETTLE,,1,0.0006649453510671468,0.575,3.1575157438840087,-0.007062368758568027,-0.007062368758568027,1.1,30.000000000001705,39.35000000000153,0.0,0.0006649453510671468,0.575,3.1575157438840087,-0.007062368758568027,0.0,0.0,0.0,0.0
2026-09-08T08:51:47.206+00:00,1039.3833333333348,39.38333333333486,235,WAYPOINT_DRIVE_SETTLE,,1,0.0006649453510671468,0.575,3.1575157438840087,-0.007062368758568027,-0.007062368758568027,1.1,30.000000000001705,39.38333333333486,0.0,0.0006649453510671468,0.575,3.1575157438840087,-0.007062368758568027,0.0,0.0,0.0,0.0
2026-09-08T08:51:47.240+00:00,1039.416666666668,39.41666666666819,236,WAYPOINT_DRIVE_SETTLE,,1,0.0006649453510671468,0.575,3.1575157438840087,-0.007062368758568027,-0.007062368758568027,1.1,30.000000000001705,39.41666666666819,0.0,0.0006649453510671468,0.575,3.1575157438840087,-0.007062368758568027,0.0,0.0,0.0,0.0
2026-09-08T08:51:47.273+00:00,1039.4500000000016,39.45000000000152,237,WAYPOINT_DRIVE_SETTLE,,1,0.0006649453510671468,0.575,3.1575157438840087,-0.007062368758568027,-0.007062368758568027,1.1,30.000000000001705,39.45000000000152,0.0,0.0006649453510671468,0.575,3.1575157438840087,-0.007062368758568027,0.0,0.0,0.0,0.0
2026-09-08T08:51:47.306+00:00,1039.483333333335,39.483333333334855,238,WAYPOINT_DRIVE_SETTLE,,1,0.0006649453510671468,0.575,3.1575157438840087,-0.007062368758568027,-0.007062368758568027,1.1,30.000000000001705,39.483333333334855,0.0,0.0006649453510671468,0.575,3.1575157438840087,-0.007062368758568027,0.0,0.0,0.0,0.0
2026-09-08T08:51:47.340+00:00,1039.5166666666682,39.516666666668186,239,WAYPOINT_DRIVE_SETTLE,,1,0.0006649453510671468,0.575,3.1575157438840087,-0.007062368758568027,-0.007062368758568027,1.1,30.000000000001705,39.516666666668186,0.0,0.0006649453510671468,0.575,3.1575157438840087,-0.007062368758568027,0.0,0.0,0.0,0.0
2026-09-08T08:51:47.373+00:00,1039.5500000000015,39.55000000000152,240,WAYPOINT_DRIVE_SETTLE,,1,0.0006649453510671468,0.575,3.1575157438840087,-0.007062368758568027,-0.007062368758568027,1.1,30.000000000001705,39.55000000000152,0.0,0.0006649453510671468,0.575,3.1575157438840087,-0.007062368758568027,0.0,0.0,0.0,0.0
2026-09-08T08:51:47.406+00:00,1039.5833333333348,39.58333333333485,241,WAYPOINT_DRIVE_SETTLE,,1,0.0006649453510671468,0.575,3.1575157438840087,-0.007062368758568027,-0.007062368758568027,1.1,30.000000000001705,39.58333333333485,0.0,0.0006649453510671468,0.575,3.1575157438840087,-0.007062368758568027,0.0,0.0,0.0,0.0
2026-09-08T08:51:47.440+00:00,1039.6166666666682,39.61666666666818,242,WAYPOINT_DRIVE_SETTLE,,1,0.0006649453510671468,0.575,3.1575157438840087,-0.007062368758568027,-0.007062368758568027,1.1,30.000000000001705,39.61666666666818,0.0,0.0006649453510671468,0.575,3.1575157438840087,-0.007062368758568027,0.0,0.0,0.0,0.0
2026-09-08T08:51:47.473+00:00,1039.6500000000015,39.65000000000151,243,WAYPOINT_DRIVE_SETTLE,,1,0.0006649453510671468,0.575,3.1575157438840087,-0.007062368758568027,-0.007062368758568027,1.1,30.000000000001705,39.65000000000151,0.0,0.0006649453510671468,0.575,3.1575157438840087,-0.007062368758568027,0.0,0.0,0.0,0.0
2026-09-08T08:51:47.506+00:00,1039.6833333333348,39.68333333333484,244,WAYPOINT_DRIVE_SETTLE,,1,0.0006649453510671468,0.575,3.1575157438840087,-0.007062368758568027,-0.007062368758568027,1.1,30.000000000001705,39.68333333333484,0.0,0.0006649453510671468,0.575,3.1575157438840087,-0.007062368758568027,0.0,0.0,0.0,0.0
2026-09-08T08:51:47.540+00:00,1039.716666666668,39.716666666668175,245,WAYPOINT_DRIVE_SETTLE,,1,0.0006649453510671468,0.575,3.1575157438840087,-0.007062368758568027,-0.007062368758568027,1.1,30.000000000001705,39.716666666668175,0.0,0.0006649453510671468,0.575,3.1575157438840087,-0.007062368758568027,0.0,0.0,0.0,0.0
2026-09-08T08:51:47.573+00:00,1039.7500000000016,39.750000000001506,246,WAYPOINT_DRIVE_SETTLE,,1,0.0006649453510671468,0.575,3.1575157438840087,-0.007062368758568027,-0.007062368758568027,1.1,30.000000000001705,39.750000000001506,0.0,0.0006649453510671468,0.575,3.1575157438840087,-0.007062368758568027,0.0,0.0,0.0,0.0
2026-09-08T08:51:47.606+00:00,1039.783333333335,39.78333333333484,247,WAYPOINT_DRIVE_SETTLE,,1,0.0006649453510671468,0.575,3.1575157438840087,-0.007062368758568027,-0.007062368758568027,1.1,30.000000000001705,39.78333333333484,0.0,0.0006649453510671468,0.575,3.1575157438840087,-0.007062368758568027,0.0,0.0,0.0,0.0
2026-09-08T08:51:47.640+00:00,1039.8166666666682,39.81666666666817,248,WAYPOINT_DRIVE_SETTLE,,1,0.0006649453510671468,0.575,3.1575157438840087,-0.007062368758568027,-0.007062368758568027,1.1,30.000000000001705,39.81666666666817,0.0,0.0006649453510671468,0.575,3.1575157438840087,-0.007062368758568027,0.0,0.0,0.0,0.0
2026-09-08T08:51:47.673+00:00,1039.8500000000015,39.8500000000015,249,WAYPOINT_DRIVE_SETTLE,,1,0.0006649453510671468,0.575,3.1575157438840087,-0.007062368758568027,-0.007062368758568027,1.1,30.000000000001705,39.8500000000015,0.0,0.0006649453510671468,0.575,3.1575157438840087,-0.007062368758568027,0.0,0.0,0.0,0.0
2026-09-08T08:51:47.706+00:00,1039.8833333333348,39.88333333333483,250,WAYPOINT_DRIVE_SETTLE,,1,0.0006649453510671468,0.575,3.1575157438840087,-0.007062368758568027,-0.007062368758568027,1.1,30.000000000001705,39.88333333333483,0.0,0.0006649453510671468,0.575,3.1575157438840087,-0.007062368758568027,0.0,0.0,0.0,0.0
2026-09-08T08:51:47.740+00:00,1039.916666666668,39.91666666666816,251,WAYPOINT_DRIVE_SETTLE,,1,0.0006649453510671468,0.575,3.1575157438840087,-0.007062368758568027,-0.007062368758568027,1.1,30.000000000001705,39.91666666666816,0.0,0.0006649453510671468,0.575,3.1575157438840087,-0.007062368758568027,0.0,0.0,0.0,0.0
2026-09-08T08:51:47.773+00:00,1039.9500000000014,39.950000000001495,252,WAYPOINT_DRIVE_SETTLE,,1,0.0006649453510671468,0.575,3.1575157438840087,-0.007062368758568027,-0.007062368758568027,1.1,30.000000000001705,39.950000000001495,0.0,0.0006649453510671468,0.575,3.1575157438840087,-0.007062368758568027,0.0,0.0,0.0,0.0
2026-09-08T08:51:47.806+00:00,1039.983333333335,39.983333333334826,253,WAYPOINT_DRIVE_SETTLE,,1,0.0006649453510671468,0.575,3.1575157438840087,-0.007062368758568027,-0.007062368758568027,1.1,30.000000000001705,39.983333333334826,0.0,0.0006649453510671468,0.575,3.1575157438840087,-0.007062368758568027,0.0,0.0,0.0,0.0
2026-09-08T08:51:47.840+00:00,1040.0166666666682,40.01666666666816,254,WAYPOINT_DRIVE_SETTLE,,1,0.0006649453510671468,0.575,3.1575157438840087,-0.007062368758568027,-0.007062368758568027,1.1,30.000000000001705,40.01666666666816,0.0,0.0006649453510671468,0.575,3.1575157438840087,-0.007062368758568027,0.0,0.0,0.0,0.0
2026-09-08T08:51:47.873+00:00,1040.0500000000015,40.05000000000149,255,WAYPOINT_DRIVE_SETTLE,,1,0.0006649453510671468,0.575,3.1575157438840087,-0.007062368758568027,-0.007062368758568027,1.1,30.000000000001705,40.05000000000149,0.0,0.0006649453510671468,0.575,3.1575157438840087,-0.007062368758568027,0.0,0.0,0.0,0.0
2026-09-08T08:51:47.906+00:00,1040.0833333333348,40.08333333333482,256,WAYPOINT_DRIVE_SETTLE,,1,0.0006649453510671468,0.575,3.1575157438840087,-0.007062368758568027,-0.007062368758568027,1.1,30.000000000001705,40.08333333333482,0.0,0.0006649453510671468,0.575,3.1575157438840087,-0.007062368758568027,0.0,0.0,0.0,0.0
2026-09-08T08:51:47.940+00:00,1040.1166666666682,40.11666666666815,257,WAYPOINT_DRIVE_SETTLE,,1,0.0006649453510671468,0.575,3.1575157438840087,-0.007062368758568027,-0.007062368758568027,1.1,30.000000000001705,40.11666666666815,0.0,0.0006649453510671468,0.575,3.1575157438840087,-0.007062368758568027,0.0,0.0,0.0,0.0
2026-09-08T08:51:47.973+00:00,1040.1500000000015,40.150000000001484,258,WAYPOINT_DRIVE_SETTLE,,1,0.0006649453510671468,0.575,3.1575157438840087,-0.007062368758568027,-0.007062368758568027,1.1,30.000000000001705,40.150000000001484,0.0,0.0006649453510671468,0.575,3.1575157438840087,-0.007062368758568027,0.0,0.0,0.0,0.0
2026-09-08T08:51:48.006+00:00,1040.1833333333348,40.183333333334815,259,WAYPOINT_DRIVE_SETTLE,,1,0.0006649453510671468,0.575,3.1575157438840087,-0.007062368758568027,-0.007062368758568027,1.1,30.000000000001705,40.183333333334815,0.0,0.0006649453510671468,0.575,3.1575157438840087,-0.007062368758568027,0.0,0.0,0.0,0.0
2026-09-08T08:51:48.040+00:00,1040.216666666668,40.21666666666815,260,WAYPOINT_DRIVE_SETTLE,,1,0.0006649453510671468,0.575,3.1575157438840087,-0.007062368758568027,-0.007062368758568027,1.1,30.000000000001705,40.21666666666815,0.0,0.0006649453510671468,0.575,3.1575157438840087,-0.007062368758568027,0.0,0.0,0.0,0.0
2026-09-08T08:51:48.073+00:00,1040.2500000000014,40.25000000000148,261,WAYPOINT_DRIVE_SETTLE,,1,0.0006649453510671468,0.575,3.1575157438840087,-0.007062368758568027,-0.007062368758568027,1.1,30.000000000001705,40.25000000000148,0.0,0.0006649453510671468,0.575,3.1575157438840087,-0.007062368758568027,0.0,0.0,0.0,0.0
2026-09-08T08:51:48.106+00:00,1040.283333333335,40.28333333333481,262,WAYPOINT_DRIVE_SETTLE,,1,0.0006649453510671468,0.575,3.1575157438840087,-0.007062368758568027,-0.007062368758568027,1.1,30.000000000001705,40.28333333333481,0.0,0.0006649453510671468,0.575,3.1575157438840087,-0.007062368758568027,0.0,0.0,0.0,0.0
2026-09-08T08:51:48.140+00:00,1040.3166666666682,40.31666666666814,263,WAYPOINT_DRIVE_SETTLE,,1,0.0006649453510671468,0.575,3.1575157438840087,-0.007062368758568027,-0.007062368758568027,1.1,30.000000000001705,40.31666666666814,0.0,0.0006649453510671468,0.575,3.1575157438840087,-0.007062368758568027,0.0,0.0,0.0,0.0
2026-09-08T08:51:48.173+00:00,1040.3500000000015,40.35000000000147,264,WAYPOINT_DRIVE_SETTLE,,1,0.0006649453510671468,0.575,3.1575157438840087,-0.007062368758568027,-0.007062368758568027,1.1,30.000000000001705,40.35000000000147,0.0,0.0006649453510671468,0.575,3.1575157438840087,-0.007062368758568027,0.0,0.0,0.0,0.0
2026-09-08T08:51:48.206+00:00,1040.3833333333348,40.383333333334804,265,WAYPOINT_DRIVE_SETTLE,,1,0.0006649453510671468,0.575,3.1575157438840087,-0.007062368758568027,-0.007062368758568027,1.1,30.000000000001705,40.383333333334804,0.0,0.0006649453510671468,0.575,3.1575157438840087,-0.007062368758568027,0.0,0.0,0.0,0.0
2026-09-08T08:51:48.240+00:00,1040.416666666668,40.416666666668135,266,WAYPOINT_DRIVE_SETTLE,,1,0.0006649453510671468,0.575,3.1575157438840087,-0.007062368758568027,-0.007062368758568027,1.1,30.000000000001705,40.416666666668135,0.0,0.0006649453510671468,0.575,3.1575157438840087,-0.007062368758568027,0.0,0.0,0.0,0.0
2026-09-08T08:51:48.273+00:00,1040.4500000000014,40.45000000000147,267,WAYPOINT_DRIVE_SETTLE,,1,0.0006649453510671468,0.575,3.1575157438840087,-0.007062368758568027,-0.007062368758568027,1.1,30.000000000001705,40.45000000000147,0.0,0.0006649453510671468,0.575,3.1575157438840087,-0.007062368758568027,0.0,0.0,0.0,0.0
2026-09-08T08:51:48.306+00:00,1040.4833333333347,40.4833333333348,268,WAYPOINT_DRIVE_SETTLE,,1,0.0006649453510671468,0.575,3.1575157438840087,-0.007062368758568027,-0.007062368758568027,1.1,30.000000000001705,40.4833333333348,0.0,0.0006649453510671468,0.575,3.1575157438840087,-0.007062368758568027,0.0,0.0,0.0,0.0
2026-09-08T08:51:48.340+00:00,1040.5166666666682,40.51666666666813,269,WAYPOINT_DRIVE_SETTLE,,1,0.0006649453510671468,0.575,3.1575157438840087,-0.007062368758568027,-0.007062368758568027,1.1,30.000000000001705,40.51666666666813,0.0,0.0006649453510671468,0.575,3.1575157438840087,-0.007062368758568027,0.0,0.0,0.0,0.0
2026-09-08T08:51:48.373+00:00,1040.5500000000015,40.55000000000146,270,WAYPOINT_DRIVE_SETTLE,,1,0.0006649453510671468,0.575,3.1575157438840087,-0.007062368758568027,-0.007062368758568027,1.1,30.000000000001705,40.55000000000146,0.0,0.0006649453510671468,0.575,3.1575157438840087,-0.007062368758568027,0.0,0.0,0.0,0.0
2026-09-08T08:51:48.406+00:00,1040.5833333333348,40.58333333333479,271,WAYPOINT_DRIVE_SETTLE,,1,0.0006649453510671468,0.575,3.1575157438840087,-0.007062368758568027,-0.007062368758568027,1.1,30.000000000001705,40.58333333333479,0.0,0.0006649453510671468,0.575,3.1575157438840087,-0.007062368758568027,0.0,0.0,0.0,0.0
2026-09-08T08:51:48.440+00:00,1040.6166666666682,40.616666666668124,272,WAYPOINT_DRIVE_SETTLE,,1,0.0006649453510671468,0.575,3.1575157438840087,-0.007062368758568027,-0.007062368758568027,1.1,30.000000000001705,40.616666666668124,0.0,0.0006649453510671468,0.575,3.1575157438840087,-0.007062368758568027,0.0,0.0,0.0,0.0
2026-09-08T08:51:48.473+00:00,1040.6500000000015,40.650000000001455,273,WAYPOINT_DRIVE_SETTLE,,1,0.0006649453510671468,0.575,3.1575157438840087,-0.007062368758568027,-0.007062368758568027,1.1,30.000000000001705,40.650000000001455,0.0,0.0006649453510671468,0.575,3.1575157438840087,-0.007062368758568027,0.0,0.0,0.0,0.0
2026-09-08T08:51:48.506+00:00,1040.6833333333348,40.68333333333479,274,WAYPOINT_DRIVE_SETTLE,,1,0.0006649453510671468,0.575,3.1575157438840087,-0.007062368758568027,-0.007062368758568027,1.1,30.000000000001705,40.68333333333479,0.0,0.0006649453510671468,0.575,3.1575157438840087,-0.007062368758568027,0.0,0.0,0.0,0.0
2026-09-08T08:51:48.540+00:00,1040.716666666668,40.71666666666812,275,WAYPOINT_DRIVE_SETTLE,,1,0.0006649453510671468,0.575,3.1575157438840087,-0.007062368758568027,-0.007062368758568027,1.1,30.000000000001705,40.71666666666812,0.0,0.0006649453510671468,0.575,3.1575157438840087,-0.007062368758568027,0.0,0.0,0.0,0.0
2026-09-08T08:51:48.573+00:00,1040.7500000000014,40.75000000000145,276,WAYPOINT_DRIVE_SETTLE,,1,0.0006649453510671468,0.575,3.1575157438840087,-0.007062368758568027,-0.007062368758568027,1.1,30.000000000001705,40.75000000000145,0.0,0.0006649453510671468,0.575,3.1575157438840087,-0.007062368758568027,0.0,0.0,0.0,0.0
2026-09-08T08:51:48.606+00:00,1040.7833333333347,40.78333333333478,277,WAYPOINT_DRIVE_SETTLE,,1,0.0006649453510671468,0.575,3.1575157438840087,-0.007062368758568027,-0.007062368758568027,1.1,30.000000000001705,40.78333333333478,0.0,0.0006649453510671468,0.575,3.1575157438840087,-0.007062368758568027,0.0,0.0,0.0,0.0
2026-09-08T08:51:48.640+00:00,1040.8166666666682,40.81666666666811,278,WAYPOINT_DRIVE_SETTLE,,1,0.0006649453510671468,0.575,3.1575157438840087,-0.007062368758568027,-0.007062368758568027,1.1,30.000000000001705,40.81666666666811,0.0,0.0006649453510671468,0.575,3.1575157438840087,-0.007062368758568027,0.0,0.0,0.0,0.0
2026-09-08T08:51:48.673+00:00,1040.8500000000015,40.850000000001444,279,WAYPOINT_DRIVE_SETTLE,,1,0.0006649453510671468,0.575,3.1575157438840087,-0.007062368758568027,-0.007062368758568027,1.1,30.000000000001705,40.850000000001444,0.0,0.0006649453510671468,0.575,3.1575157438840087,-0.007062368758568027,0.0,0.0,0.0,0.0
2026-09-08T08:51:48.706+00:00,1040.8833333333348,40.883333333334775,280,WAYPOINT_DRIVE_SETTLE,,1,0.0006649453510671468,0.575,3.1575157438840087,-0.007062368758568027,-0.007062368758568027,1.1,30.000000000001705,40.883333333334775,0.0,0.0006649453510671468,0.575,3.1575157438840087,-0.007062368758568027,0.0,0.0,0.0,0.0
2026-09-08T08:51:48.740+00:00,1040.916666666668,40.91666666666811,281,WAYPOINT_DRIVE_SETTLE,,1,0.0006649453510671468,0.575,3.1575157438840087,-0.007062368758568027,-0.007062368758568027,1.1,30.000000000001705,40.91666666666811,0.0,0.0006649453510671468,0.575,3.1575157438840087,-0.007062368758568027,0.0,0.0,0.0,0.0
2026-09-08T08:51:48.773+00:00,1040.9500000000014,40.95000000000144,282,WAYPOINT_DRIVE_SETTLE,,1,0.0006649453510671468,0.575,3.1575157438840087,-0.007062368758568027,-0.007062368758568027,1.1,30.000000000001705,40.95000000000144,0.0,0.0006649453510671468,0.575,3.1575157438840087,-0.007062368758568027,0.0,0.0,0.0,0.0
2026-09-08T08:51:48.806+00:00,1040.9833333333347,40.98333333333477,283,WAYPOINT_DRIVE_SETTLE,,1,0.0006649453510671468,0.575,3.1575157438840087,-0.007062368758568027,-0.007062368758568027,1.1,30.000000000001705,40.98333333333477,0.0,0.0006649453510671468,0.575,3.1575157438840087,-0.007062368758568027,0.0,0.0,0.0,0.0
2026-09-08T08:51:48.840+00:00,1041.016666666668,41.0166666666681,284,WAYPOINT_DRIVE_SETTLE,,1,0.0006649453510671468,0.575,3.1575157438840087,-0.007062368758568027,-0.007062368758568027,1.1,30.000000000001705,41.0166666666681,0.0,0.0006649453510671468,0.575,3.1575157438840087,-0.007062368758568027,0.0,0.0,0.0,0.0
2026-09-08T08:51:48.873+00:00,1041.0500000000015,41.05000000000143,285,WAYPOINT_DRIVE_SETTLE,,1,0.0006649453510671468,0.575,3.1575157438840087,-0.007062368758568027,-0.007062368758568027,1.1,30.000000000001705,41.05000000000143,0.0,0.0006649453510671468,0.575,3.1575157438840087,-0.007062368758568027,0.0,0.0,0.0,0.0
2026-09-08T08:51:48.906+00:00,1041.0833333333348,41.083333333334764,286,WAYPOINT_DRIVE_SETTLE,,1,0.0006649453510671468,0.575,3.1575157438840087,-0.007062368758568027,-0.007062368758568027,1.1,30.000000000001705,41.083333333334764,0.0,0.0006649453510671468,0.575,3.1575157438840087,-0.007062368758568027,0.0,0.0,0.0,0.0
2026-09-08T08:51:48.940+00:00,1041.1166666666682,41.116666666668095,287,WAYPOINT_DRIVE_SETTLE,,1,0.0006649453510671468,0.575,3.1575157438840087,-0.007062368758568027,-0.007062368758568027,1.1,30.000000000001705,41.116666666668095,0.0,0.0006649453510671468,0.575,3.1575157438840087,-0.007062368758568027,0.0,0.0,0.0,0.0
2026-09-08T08:51:48.973+00:00,1041.1500000000015,41.15000000000143,288,WAYPOINT_DRIVE_SETTLE,,1,0.0006649453510671468,0.575,3.1575157438840087,-0.007062368758568027,-0.007062368758568027,1.1,30.000000000001705,41.15000000000143,0.0,0.0006649453510671468,0.575,3.1575157438840087,-0.007062368758568027,0.0,0.0,0.0,0.0
2026-09-08T08:51:49.006+00:00,1041.1833333333348,41.18333333333476,289,STAGING_PLAN,,1,0.0006649453510671468,0.575,3.1575157438840087,-0.007062368758568027,-0.007062368758568027,1.1,30.000000000001705,41.18333333333476,0.0,0.0006649453510671468,0.575,3.1575157438840087,-0.007062368758568027,0.0,0.0,0.0,0.0
2026-09-08T08:51:49.040+00:00,1041.216666666668,41.21666666666809,290,WAYPOINT_DRIVE,,1,0.0006649453510671468,0.575,3.1575157438840087,-0.007062368758568027,-0.007062368758568027,1.1,30.000000000001705,41.21666666666809,0.0,0.0006649453510671468,0.575,3.1575157438840087,-0.007062368758568027,0.0,0.0,0.0,0.0
2026-09-08T08:51:49.073+00:00,1041.2500000000014,41.25000000000142,291,WAYPOINT_DRIVE,,1,0.0006649453510671468,0.575,3.1575157438840087,-0.007062368758568027,-0.007062368758568027,1.1,30.000000000001705,41.25000000000142,0.0,0.0006649453510671468,0.575,3.1575157438840087,-0.007062368758568027,0.0,0.0,0.0,0.0
2026-09-08T08:51:49.106+00:00,1041.2833333333347,41.28333333333475,292,WAYPOINT_DRIVE,,1,0.0006649453510671468,0.575,3.1575157438840087,-0.007062368758568027,-0.007062368758568027,1.1,30.000000000001705,41.28333333333475,0.0,0.0006649453510671468,0.575,3.1575157438840087,-0.007062368758568027,0.0,0.0,0.0,0.0
2026-09-08T08:51:49.140+00:00,1041.316666666668,41.316666666668084,293,WAYPOINT_DRIVE,,1,0.0006649453510671468,0.575,3.1575157438840087,-0.007062368758568027,-0.007062368758568027,1.1,30.000000000001705,41.316666666668084,0.0,0.0006649453510671468,0.575,3.1575157438840087,-0.007062368758568027,0.0,0.0,0.0,0.0
2026-09-08T08:51:49.173+00:00,1041.3500000000015,41.350000000001415,294,WAYPOINT_DRIVE,,1,0.0006649453510671468,0.575,3.1575157438840087,-0.007062368758568027,-0.007062368758568027,1.1,30.000000000001705,41.350000000001415,0.0,0.0006649453510671468,0.575,3.1575157438840087,-0.007062368758568027,0.0,0.0,0.0,0.0
2026-09-08T08:51:49.206+00:00,1041.3833333333348,41.38333333333475,295,WAYPOINT_DRIVE,,1,0.0006649453510671468,0.575,3.1575157438840087,-0.007062368758568027,-0.007062368758568027,1.1,30.000000000001705,41.38333333333475,0.0,0.0006649453510671468,0.575,3.1575157438840087,-0.007062368758568027,0.0,0.0,0.0,0.0
2026-09-08T08:51:49.240+00:00,1041.416666666668,41.41666666666808,296,WAYPOINT_DRIVE,,1,0.0006649453510671468,0.575,3.1575157438840087,-0.007062368758568027,-0.007062368758568027,1.1,30.000000000001705,41.41666666666808,0.0,0.0006649453510671468,0.575,3.1575157438840087,-0.007062368758568027,0.0,0.0,0.0,0.0
2026-09-08T08:51:49.273+00:00,1041.4500000000014,41.45000000000141,297,WAYPOINT_DRIVE,,1,0.0006649453510671468,0.575,3.1575157438840087,-0.007062368758568027,-0.007062368758568027,1.1,30.000000000001705,41.45000000000141,0.0,0.0006649453510671468,0.575,3.1575157438840087,-0.007062368758568027,0.0,0.0,0.0,0.0
2026-09-08T08:51:49.306+00:00,1041.4833333333347,41.48333333333474,298,WAYPOINT_DRIVE,,1,0.0006649453510671468,0.575,3.1575157438840087,-0.007062368758568027,-0.007062368758568027,1.1,30.000000000001705,41.48333333333474,0.0,0.0006649453510671468,0.575,3.1575157438840087,-0.007062368758568027,0.0,0.0,0.0,0.0
2026-09-08T08:51:49.340+00:00,1041.516666666668,41.51666666666807,299,WAYPOINT_DRIVE,,1,0.0006649453510671468,0.575,3.1575157438840087,-0.007062368758568027,-0.007062368758568027,1.1,30.000000000001705,41.51666666666807,0.0,0.0006649453510671468,0.575,3.1575157438840087,-0.007062368758568027,0.0,0.0,0.0,0.0
2026-09-08T08:51:49.373+00:00,1041.5500000000013,41.550000000001404,300,WAYPOINT_DRIVE,,1,0.0006649453510671468,0.575,3.1575157438840087,-0.007062368758568027,-0.007062368758568027,1.1,30.000000000001705,41.550000000001404,0.0,0.0006649453510671468,0.575,3.1575157438840087,-0.007062368758568027,0.0,0.0,0.0,0.0
2026-09-08T08:51:49.406+00:00,1041.5833333333348,41.583333333334735,301,WAYPOINT_DRIVE,,1,0.0006649453510671468,0.575,3.1575157438840087,-0.007062368758568027,-0.007062368758568027,1.1,30.000000000001705,41.583333333334735,0.0,0.0006649453510671468,0.575,3.1575157438840087,-0.007062368758568027,0.0,0.0,0.0,0.0
2026-09-08T08:51:49.440+00:00,1041.6166666666682,41.61666666666807,302,WAYPOINT_DRIVE,,1,0.0006649453510671468,0.575,3.1575157438840087,-0.007062368758568027,-0.007062368758568027,1.1,30.000000000001705,41.61666666666807,0.0,0.0006649453510671468,0.575,3.1575157438840087,-0.007062368758568027,0.0,0.0,0.0,0.0
2026-09-08T08:51:49.473+00:00,1041.6500000000015,41.6500000000014,303,WAYPOINT_DRIVE,,1,0.0006649453510671468,0.575,3.1575157438840087,-0.007062368758568027,-0.007062368758568027,1.1,30.000000000001705,41.6500000000014,0.0,0.0006649453510671468,0.575,3.1575157438840087,-0.007062368758568027,0.0,0.0,0.0,0.0
2026-09-08T08:51:49.506+00:00,1041.6833333333348,41.68333333333473,304,WAYPOINT_DRIVE,,1,0.0006649453510671468,0.575,3.1575157438840087,-0.007062368758568027,-0.007062368758568027,1.1,30.000000000001705,41.68333333333473,0.0,0.0006649453510671468,0.575,3.1575157438840087,-0.007062368758568027,0.0,0.0,0.0,0.0
2026-09-08T08:51:49.540+00:00,1041.716666666668,41.71666666666806,305,WAYPOINT_DRIVE,,1,0.0006649453510671468,0.575,3.157466957778589,-0.007062368758568027,-0.007062368758568027,1.1,30.000000000001705,41.71666666666806,0.0,0.0006649453510671468,0.575,3.157466957778589,-0.007062368758568027,0.0,0.0,0.0,0.0
2026-09-08T08:51:49.573+00:00,1041.7500000000014,41.75000000000139,306,WAYPOINT_DRIVE,,1,0.0006649453510671468,0.575,3.15726633589859,-0.007062368758568027,-0.007062368758568027,1.1,30.000000000001705,41.75000000000139,0.0,0.0006649453510671468,0.575,3.15726633589859,-0.007062368758568027,0.0,0.0,0.0,0.0
2026-09-08T08:51:49.606+00:00,1041.7833333333347,41.783333333334724,307,WAYPOINT_DRIVE,,1,0.0006649453510671468,0.575,3.1569105540185927,-0.007062368758568027,-0.007062368758568027,1.1,30.000000000001705,41.783333333334724,0.0,0.0006649453510671468,0.575,3.1569105540185927,-0.007062368758568027,0.0,0.0,0.0,0.0
2026-09-08T08:51:49.640+00:00,1041.816666666668,41.816666666668056,308,WAYPOINT_DRIVE,,1,0.0006649453510671468,0.575,3.1563996121385944,-0.007062368758568027,-0.007062368758568027,1.1,30.000000000001705,41.816666666668056,0.0,0.0006649453510671468,0.575,3.1563996121385944,-0.007062368758568027,0.0,0.0,0.0,0.0
2026-09-08T08:51:49.673+00:00,1041.8500000000013,41.85000000000139,309,WAYPOINT_DRIVE,,1,0.0006649453510671468,0.575,3.155733510258595,-0.007062368758568027,-0.007062368758568027,1.1,30.000000000001705,41.85000000000139,0.0,0.0006649453510671468,0.575,3.155733510258595,-0.007062368758568027,0.0,0.0,0.0,0.0
2026-09-08T08:51:49.706+00:00,1041.8833333333348,41.88333333333472,310,WAYPOINT_DRIVE,,1,0.0006649453510671468,0.575,3.1549122483785994,-0.007062368758568027,-0.007062368758568027,1.1,30.000000000001705,41.88333333333472,0.0,0.0006649453510671468,0.575,3.1549122483785994,-0.007062368758568027,0.0,0.0,0.0,0.0
2026-09-08T08:51:49.740+00:00,1041.916666666668,41.91666666666805,311,WAYPOINT_DRIVE,,1,0.0006649453510671468,0.575,3.1539358264986013,-0.007062368758568027,-0.007062368758568027,1.1,30.000000000001705,41.91666666666805,0.0,0.0006649453510671468,0.575,3.1539358264986013,-0.007062368758568027,0.0,0.0,0.0,0.0
2026-09-08T08:51:49.773+00:00,1041.9500000000014,41.95000000000138,312,WAYPOINT_DRIVE,,1,0.0006649453510671468,0.575,3.152804244618603,-0.007062368758568027,-0.007062368758568027,1.1,30.000000000001705,41.95000000000138,0.0,0.0006649453510671468,0.575,3.152804244618603,-0.007062368758568027,0.0,0.0,0.0,0.0
2026-09-08T08:51:49.806+00:00,1041.9833333333347,41.98333333333471,313,WAYPOINT_DRIVE,,1,0.0006649453510671468,0.575,3.1515175027386095,-0.007062368758568027,-0.007062368758568027,1.1,30.000000000001705,41.98333333333471,0.0,0.0006649453510671468,0.575,3.1515175027386095,-0.007062368758568027,0.0,0.0,0.0,0.0
2026-09-08T08:51:49.840+00:00,1042.016666666668,42.016666666668044,314,WAYPOINT_DRIVE,,1,0.0006649453510671468,0.575,3.150075600858613,-0.007062368758568027,-0.007062368758568027,1.1,30.000000000001705,42.016666666668044,0.0,0.0006649453510671468,0.575,3.150075600858613,-0.007062368758568027,0.0,0.0,0.0,0.0
2026-09-08T08:51:49.873+00:00,1042.0500000000013,42.050000000001376,315,WAYPOINT_DRIVE,,1,0.0006649453510671468,0.575,3.1484785389786145,-0.007062368758568027,-0.007062368758568027,1.1,30.000000000001705,42.050000000001376,0.0,0.0006649453510671468,0.575,3.1484785389786145,-0.007062368758568027,0.0,0.0,0.0,0.0
2026-09-08T08:51:49.906+00:00,1042.0833333333346,42.08333333333471,316,WAYPOINT_DRIVE,,1,0.0006649453510671468,0.575,3.1467263170986235,-0.007062368758568027,-0.007062368758568027,1.1,30.000000000001705,42.08333333333471,0.0,0.0006649453510671468,0.575,3.1467263170986235,-0.007062368758568027,0.0,0.0,0.0,0.0
2026-09-08T08:51:49.940+00:00,1042.1166666666682,42.11666666666804,317,WAYPOINT_DRIVE,,1,0.0006649453510671468,0.575,3.1448189352186264,-0.007062368758568027,-0.007062368758568027,1.1,30.000000000001705,42.11666666666804,0.0,0.0006649453510671468,0.575,3.1448189352186264,-0.007062368758568027,0.0,0.0,0.0,0.0
2026-09-08T08:51:49.973+00:00,1042.1500000000015,42.15000000000137,318,WAYPOINT_DRIVE,,1,0.0006649453510671468,0.575,3.14275639333863,-0.007062368758568027,-0.007062368758568027,1.1,30.000000000001705,42.15000000000137,0.0,0.0006649453510671468,0.575,3.14275639333863,-0.007062368758568027,0.0,0.0,0.0,0.0
2026-09-08T08:51:50.006+00:00,1042.1833333333348,42.1833333333347,319,WAYPOINT_DRIVE,,1,0.0006649453510671468,0.575,3.140538691458642,-0.007062368758568027,-0.007062368758568027,1.1,30.000000000001705,42.1833333333347,0.0,0.0006649453510671468,0.575,3.140538691458642,-0.007062368758568027,0.0,0.0,0.0,0.0
2026-09-08T08:51:50.040+00:00,1042.216666666668,42.21666666666803,320,WAYPOINT_DRIVE,,1,0.0006649453510671468,0.575,3.1381658295786456,-0.007062368758568027,-0.007062368758568027,1.1,30.000000000001705,42.21666666666803,0.0,0.0006649453510671468,0.575,3.1381658295786456,-0.007062368758568027,0.0,0.0,0.0,0.0
2026-09-08T08:51:50.073+00:00,1042.2500000000014,42.250000000001364,321,WAYPOINT_DRIVE,,1,0.0006649453510671468,0.575,3.135637807698649,-0.007062368758568027,-0.007062368758568027,1.1,30.000000000001705,42.250000000001364,0.0,0.0006649453510671468,0.575,3.135637807698649,-0.007062368758568027,0.0,0.0,0.0,0.0
2026-09-08T08:51:50.106+00:00,1042.2833333333347,42.283333333334696,322,WAYPOINT_DRIVE,,1,0.0006649453510671468,0.575,3.1329546258186656,-0.007062368758568027,-0.007062368758568027,1.1,30.000000000001705,42.283333333334696,0.0,0.0006649453510671468,0.575,3.1329546258186656,-0.007062368758568027,0.0,0.0,0.0,0.0
2026-09-08T08:51:50.140+00:00,1042.316666666668,42.31666666666803,323,WAYPOINT_DRIVE,,1,0.0006649453510671468,0.575,3.130116283938671,-0.007062368758568027,-0.007062368758568027,1.1,30.000000000001705,42.31666666666803,0.0,0.0006649453510671468,0.575,3.130116283938671,-0.007062368758568027,0.0,0.0,0.0,0.0
2026-09-08T08:51:50.173+00:00,1042.3500000000013,42.35000000000136,324,WAYPOINT_DRIVE,,1,0.0006649453510671468,0.575,3.127122782058675,-0.007062368758568027,-0.007062368758568027,1.1,30.000000000001705,42.35000000000136,0.0,0.0006649453510671468,0.575,3.127122782058675,-0.007062368758568027,0.0,0.0,0.0,0.0
2026-09-08T08:51:50.206+00:00,1042.3833333333346,42.38333333333469,325,WAYPOINT_DRIVE,,1,0.0006649453510671468,0.575,3.1239741201786955,-0.007062368758568027,-0.007062368758568027,1.1,30.000000000001705,42.38333333333469,0.0,0.0006649453510671468,0.575,3.1239741201786955,-0.007062368758568027,0.0,0.0,0.0,0.0
2026-09-08T08:51:50.240+00:00,1042.416666666668,42.41666666666802,326,WAYPOINT_DRIVE,,1,0.0006649453510671468,0.575,3.1206702982987014,-0.007062368758568027,-0.007062368758568027,1.1,30.000000000001705,42.41666666666802,0.0,0.0006649453510671468,0.575,3.1206702982987014,-0.007062368758568027,0.0,0.0,0.0,0.0
2026-09-08T08:51:50.273+00:00,1042.4500000000014,42.45000000000135,327,WAYPOINT_DRIVE,,1,0.0006649453510671468,0.575,3.1172113164187065,-0.007062368758568027,-0.007062368758568027,1.1,30.000000000001705,42.45000000000135,0.0,0.0006649453510671468,0.575,3.1172113164187065,-0.007062368758568027,0.0,0.0,0.0,0.0
2026-09-08T08:51:50.306+00:00,1042.4833333333347,42.483333333334684,328,WAYPOINT_DRIVE,,1,0.0006649453510671468,0.575,3.113597174538731,-0.007062368758568027,-0.007062368758568027,1.1,30.000000000001705,42.483333333334684,0.0,0.0006649453510671468,0.575,3.113597174538731,-0.007062368758568027,0.0,0.0,0.0,0.0
2026-09-08T08:51:50.340+00:00,1042.516666666668,42.516666666668016,329,WAYPOINT_DRIVE,,1,0.0006649453510671468,0.575,3.109827872658737,-0.007062368758568027,-0.007062368758568027,1.1,30.000000000001705,42.516666666668016,0.0,0.0006649453510671468,0.575,3.109827872658737,-0.007062368758568027,0.0,0.0,0.0,0.0
2026-09-08T08:51:50.373+00:00,1042.5500000000013,42.55000000000135,330,WAYPOINT_DRIVE,,1,0.0006649453510671468,0.575,3.1059034107787435,-0.007062368758568027,-0.007062368758568027,1.1,30.000000000001705,42.55000000000135,0.0,0.0006649453510671468,0.575,3.1059034107787435,-0.007062368758568027,0.0,0.0,0.0,0.0
2026-09-08T08:51:50.406+00:00,1042.5833333333346,42.58333333333468,331,WAYPOINT_DRIVE,,1,0.0006649453510671468,0.575,3.101823788898774,-0.007062368758568027,-0.007062368758568027,1.1,30.000000000001705,42.58333333333468,0.0,0.0006649453510671468,0.575,3.101823788898774,-0.007062368758568027,0.0,0.0,0.0,0.0
2026-09-08T08:51:50.440+00:00,1042.616666666668,42.61666666666801,332,WAYPOINT_DRIVE,,1,0.0006649453510671468,0.575,3.097589007018781,-0.007062368758568027,-0.007062368758568027,1.1,30.000000000001705,42.61666666666801,0.0,0.0006649453510671468,0.575,3.097589007018781,-0.007062368758568027,0.0,0.0,0.0,0.0
2026-09-08T08:51:50.473+00:00,1042.6500000000015,42.65000000000134,333,WAYPOINT_DRIVE,,1,0.0006649453510671468,0.575,3.0931990651387875,-0.007062368758568027,-0.007062368758568027,1.1,30.000000000001705,42.65000000000134,0.0,0.0006649453510671468,0.575,3.0931990651387875,-0.007062368758568027,0.0,0.0,0.0,0.0
2026-09-08T08:51:50.506+00:00,1042.6833333333348,42.68333333333467,334,WAYPOINT_DRIVE,,1,0.0006649453510671468,0.575,3.088653963258823,-0.007062368758568027,-0.007062368758568027,1.1,30.000000000001705,42.68333333333467,0.0,0.0006649453510671468,0.575,3.088653963258823,-0.007062368758568027,0.0,0.0,0.0,0.0
2026-09-08T08:51:50.540+00:00,1042.716666666668,42.716666666668004,335,WAYPOINT_DRIVE,,1,0.0006649453510671468,0.575,3.0839537013788303,-0.007062368758568027,-0.007062368758568027,1.1,30.000000000001705,42.716666666668004,0.0,0.0006649453510671468,0.575,3.0839537013788303,-0.007062368758568027,0.0,0.0,0.0,0.0
2026-09-08T08:51:50.573+00:00,1042.7500000000014,42.750000000001336,336,WAYPOINT_DRIVE,,1,0.0006649453510671468,0.575,3.079098279498839,-0.007062368758568027,-0.007062368758568027,1.1,30.000000000001705,42.750000000001336,0.0,0.0006649453510671468,0.575,3.079098279498839,-0.007062368758568027,0.0,0.0,0.0,0.0
2026-09-08T08:51:50.606+00:00,1042.7833333333347,42.78333333333467,337,WAYPOINT_DRIVE,,1,0.0006649453510671468,0.575,3.07408769761888,-0.007062368758568027,-0.007062368758568027,1.1,30.000000000001705,42.78333333333467,0.0,0.0006649453510671468,0.575,3.07408769761888,-0.007062368758568027,0.0,0.0,0.0,0.0
2026-09-08T08:51:50.640+00:00,1042.816666666668,42.816666666668,338,WAYPOINT_DRIVE,,1,0.0006649453510671468,0.575,3.0689219557388885,-0.007062368758568027,-0.007062368758568027,1.1,30.000000000001705,42.816666666668,0.0,0.0006649453510671468,0.575,3.0689219557388885,-0.007062368758568027,0.0,0.0,0.0,0.0
2026-09-08T08:51:50.673+00:00,1042.8500000000013,42.85000000000133,339,WAYPOINT_DRIVE,,1,0.0006649453510671468,0.575,3.063601053858898,-0.007062368758568027,-0.007062368758568027,1.1,30.000000000001705,42.85000000000133,0.0,0.0006649453510671468,0.575,3.063601053858898,-0.007062368758568027,0.0,0.0,0.0,0.0
2026-09-08T08:51:50.706+00:00,1042.8833333333346,42.88333333333466,340,WAYPOINT_DRIVE,,1,0.0006649453510671468,0.575,3.058124991978947,-0.007062368758568027,-0.007062368758568027,1.1,30.000000000001705,42.88333333333466,0.0,0.0006649453510671468,0.575,3.058124991978947,-0.007062368758568027,0.0,0.0,0.0,0.0
2026-09-08T08:51:50.740+00:00,1042.9166666666679,42.91666666666799,341,WAYPOINT_DRIVE,,1,0.0006649453510671468,0.575,3.0524937700989576,-0.007062368758568027,-0.007062368758568027,1.1,30.000000000001705,42.91666666666799,0.0,0.0006649453510671468,0.575,3.0524937700989576,-0.007062368758568027,0.0,0.0,0.0,0.0
2026-09-08T08:51:50.773+00:00,1042.9500000000014,42.950000000001324,342,WAYPOINT_DRIVE,,1,0.0006649453510671468,0.575,3.0467073882189672,-0.007062368758568027,-0.007062368758568027,1.1,30.000000000001705,42.950000000001324,0.0,0.0006649453510671468,0.575,3.0467073882189672,-0.007062368758568027,0.0,0.0,0.0,0.0
2026-09-08T08:51:50.806+00:00,1042.9833333333347,42.983333333334656,343,WAYPOINT_DRIVE,,1,0.0006649453510671468,0.575,3.040765846339023,-0.007062368758568027,-0.007062368758568027,1.1,30.000000000001705,42.983333333334656,0.0,0.0006649453510671468,0.575,3.040765846339023,-0.007062368758568027,0.0,0.0,0.0,0.0
2026-09-08T08:51:50.840+00:00,1043.016666666668,43.01666666666799,344,WAYPOINT_DRIVE,,1,0.0006649453510671468,0.575,3.034669144459034,-0.007062368758568027,-0.007062368758568027,1.1,30.000000000001705,43.01666666666799,0.0,0.0006649453510671468,0.575,3.034669144459034,-0.007062368758568027,0.0,0.0,0.0,0.0
2026-09-08T08:51:50.873+00:00,1043.0500000000013,43.05000000000132,345,WAYPOINT_DRIVE,,1,0.0006649453510671468,0.575,3.028417282579046,-0.007062368758568027,-0.007062368758568027,1.1,30.000000000001705,43.05000000000132,0.0,0.0006649453510671468,0.575,3.028417282579046,-0.007062368758568027,0.0,0.0,0.0,0.0
2026-09-08T08:51:50.906+00:00,1043.0833333333346,43.08333333333465,346,WAYPOINT_DRIVE,,1,0.0006649453510671468,0.575,3.022010260699109,-0.007062368758568027,-0.007062368758568027,1.1,30.000000000001705,43.08333333333465,0.0,0.0006649453510671468,0.575,3.022010260699109,-0.007062368758568027,0.0,0.0,0.0,0.0
2026-09-08T08:51:50.940+00:00,1043.116666666668,43.11666666666798,347,WAYPOINT_DRIVE,,1,0.0006649453510671468,0.575,3.015448078819122,-0.007062368758568027,-0.007062368758568027,1.1,30.000000000001705,43.11666666666798,0.0,0.0006649453510671468,0.575,3.015448078819122,-0.007062368758568027,0.0,0.0,0.0,0.0
2026-09-08T08:51:50.973+00:00,1043.1500000000012,43.15000000000131,348,WAYPOINT_DRIVE,,1,0.0006649453510671468,0.575,3.008730736939134,-0.007062368758568027,-0.007062368758568027,1.1,30.000000000001705,43.15000000000131,0.0,0.0006649453510671468,0.575,3.008730736939134,-0.007062368758568027,0.0,0.0,0.0,0.0
2026-09-08T08:51:51.006+00:00,1043.1833333333348,43.183333333334645,349,WAYPOINT_DRIVE,,1,0.0006649453510671468,0.575,3.0018582350592045,-0.007062368758568027,-0.007062368758568027,1.1,30.000000000001705,43.183333333334645,0.0,0.0006649453510671468,0.575,3.0018582350592045,-0.007062368758568027,0.0,0.0,0.0,0.0
2026-09-08T08:51:51.040+00:00,1043.216666666668,43.216666666667976,350,WAYPOINT_DRIVE,,1,0.0006649453510671468,0.575,2.994830573179218,-0.007062368758568027,-0.007062368758568027,1.1,30.000000000001705,43.216666666667976,0.0,0.0006649453510671468,0.575,2.994830573179218,-0.007062368758568027,0.0,0.0,0.0,0.0
2026-09-08T08:51:51.073+00:00,1043.2500000000014,43.25000000000131,351,WAYPOINT_DRIVE,,1,0.0006649453510671468,0.575,2.9876477512992325,-0.007062368758568027,-0.007062368758568027,1.1,30.000000000001705,43.25000000000131,0.0,0.0006649453510671468,0.575,2.9876477512992325,-0.007062368758568027,0.0,0.0,0.0,0.0
2026-09-08T08:51:51.106+00:00,1043.2833333333347,43.28333333333464,352,WAYPOINT_DRIVE,,1,0.0006649453510671468,0.575,2.980309769419311,-0.007062368758568027,-0.007062368758568027,1.1,30.000000000001705,43.28333333333464,0.0,0.0006649453510671468,0.575,2.980309769419311,-0.007062368758568027,0.0,0.0,0.0,0.0
2026-09-08T08:51:51.140+00:00,1043.316666666668,43.31666666666797,353,WAYPOINT_DRIVE,,1,0.0006649453510671468,0.575,2.972816627539327,-0.007062368758568027,-0.007062368758568027,1.1,30.000000000001705,43.31666666666797,0.0,0.0006649453510671468,0.575,2.972816627539327,-0.007062368758568027,0.0,0.0,0.0,0.0
2026-09-08T08:51:51.173+00:00,1043.3500000000013,43.3500000000013,354,WAYPOINT_DRIVE,,1,0.0006649453510671468,0.575,2.965168325659342,-0.007062368758568027,-0.007062368758568027,1.1,30.000000000001705,43.3500000000013,0.0,0.0006649453510671468,0.575,2.965168325659342,-0.007062368758568027,0.0,0.0,0.0,0.0
2026-09-08T08:51:51.206+00:00,1043.3833333333346,43.38333333333463,355,WAYPOINT_DRIVE,,1,0.0006649453510671468,0.575,2.95736486377943,-0.007062368758568027,-0.007062368758568027,1.1,30.000000000001705,43.38333333333463,0.0,0.0006649453510671468,0.575,2.95736486377943,-0.007062368758568027,0.0,0.0,0.0,0.0
2026-09-08T08:51:51.240+00:00,1043.4166666666679,43.416666666667965,356,WAYPOINT_DRIVE,,1,0.0006649453510671468,0.575,2.949406241899447,-0.007062368758568027,-0.007062368758568027,1.1,30.000000000001705,43.416666666667965,0.0,0.0006649453510671468,0.575,2.949406241899447,-0.007062368758568027,0.0,0.0,0.0,0.0
2026-09-08T08:51:51.273+00:00,1043.4500000000012,43.450000000001296,357,WAYPOINT_DRIVE,,1,0.0006649453510671468,0.575,2.941292460019464,-0.007062368758568027,-0.007062368758568027,1.1,30.000000000001705,43.450000000001296,0.0,0.0006649453510671468,0.575,2.941292460019464,-0.007062368758568027,0.0,0.0,0.0,0.0
2026-09-08T08:51:51.306+00:00,1043.4833333333347,43.48333333333463,358,WAYPOINT_DRIVE,,1,0.0006649453510671468,0.575,2.9330235181395614,-0.007062368758568027,-0.007062368758568027,1.1,30.000000000001705,43.48333333333463,0.0,0.0006649453510671468,0.575,2.9330235181395614,-0.007062368758568027,0.0,0.0,0.0,0.0
2026-09-08T08:51:51.340+00:00,1043.516666666668,43.51666666666796,359,WAYPOINT_DRIVE,,1,0.0006649453510671468,0.575,2.9245994162595803,-0.007062368758568027,-0.007062368758568027,1.1,30.000000000001705,43.51666666666796,0.0,0.0006649453510671468,0.575,2.9245994162595803,-0.007062368758568027,0.0,0.0,0.0,0.0
2026-09-08T08:51:51.373+00:00,1043.5500000000013,43.55000000000129,360,WAYPOINT_DRIVE,,1,0.0006649453510671468,0.575,2.9160201543795985,-0.007062368758568027,-0.007062368758568027,1.1,30.000000000001705,43.55000000000129,0.0,0.0006649453510671468,0.575,2.9160201543795985,-0.007062368758568027,0.0,0.0,0.0,0.0
2026-09-08T08:51:51.406+00:00,1043.5833333333346,43.58333333333462,361,WAYPOINT_DRIVE,,1,0.0006649453510671468,0.575,2.9072857324997052,-0.007062368758568027,-0.007062368758568027,1.1,30.000000000001705,43.58333333333462,0.0,0.0006649453510671468,0.575,2.9072857324997052,-0.007062368758568027,0.0,0.0,0.0,0.0
2026-09-08T08:51:51.440+00:00,1043.616666666668,43.61666666666795,362,WAYPOINT_DRIVE,,1,0.0006649453510671468,0.575,2.8983961506197247,-0.007062368758568027,-0.007062368758568027,1.1,30.000000000001705,43.61666666666795,0.0,0.0006649453510671468,0.575,2.8983961506197247,-0.007062368758568027,0.0,0.0,0.0,0.0
2026-09-08T08:51:51.473+00:00,1043.6500000000012,43.650000000001285,363,WAYPOINT_DRIVE,,1,0.0006649453510671468,0.575,2.8893514087397447,-0.007062368758568027,-0.007062368758568027,1.1,30.000000000001705,43.650000000001285,0.0,0.0006649453510671468,0.575,2.8893514087397447,-0.007062368758568027,0.0,0.0,0.0,0.0
2026-09-08T08:51:51.506+00:00,1043.6833333333345,43.683333333334616,364,WAYPOINT_DRIVE,,1,0.0006649453510671468,0.575,2.880151506859862,-0.007062368758568027,-0.007062368758568027,1.1,30.000000000001705,43.683333333334616,0.0,0.0006649453510671468,0.575,2.880151506859862,-0.007062368758568027,0.0,0.0,0.0,0.0
2026-09-08T08:51:51.540+00:00,1043.716666666668,43.71666666666795,365,WAYPOINT_DRIVE,,1,0.0006649453510671468,0.575,2.8707964449798844,-0.007062368758568027,-0.007062368758568027,1.1,30.000000000001705,43.71666666666795,0.0,0.0006649453510671468,0.575,2.8707964449798844,-0.007062368758568027,0.0,0.0,0.0,0.0
2026-09-08T08:51:51.573+00:00,1043.7500000000014,43.75000000000128,366,WAYPOINT_DRIVE,,1,0.0006649453510671468,0.575,2.8613266643126103,-0.007062368758568027,-0.007062368758568027,1.1,30.000000000001705,43.75000000000128,0.0,0.0006649453510671468,0.575,2.8613266643126103,-0.007062368758568027,0.0,0.0,0.0,0.0
2026-09-08T08:51:51.606+00:00,1043.7833333333347,43.78333333333461,367,WAYPOINT_DRIVE,,1,0.0006649453510671468,0.575,2.8518508879527125,-0.007062368758568027,-0.007062368758568027,1.1,30.000000000001705,43.78333333333461,0.0,0.0006649453510671468,0.575,2.8518508879527125,-0.007062368758568027,0.0,0.0,0.0,0.0
2026-09-08T08:51:51.640+00:00,1043.816666666668,43.81666666666794,368,WAYPOINT_DRIVE,,1,0.0006649453510671468,0.575,2.8423751115927116,-0.007062368758568027,-0.007062368758568027,1.1,30.000000000001705,43.81666666666794,0.0,0.0006649453510671468,0.575,2.8423751115927116,-0.007062368758568027,0.0,0.0,0.0,0.0
2026-09-08T08:51:51.673+00:00,1043.8500000000013,43.85000000000127,369,WAYPOINT_DRIVE,,1,0.0006649453510671468,0.575,2.832899335232711,-0.007062368758568027,-0.007062368758568027,1.1,30.000000000001705,43.85000000000127,0.0,0.0006649453510671468,0.575,2.832899335232711,-0.007062368758568027,0.0,0.0,0.0,0.0
2026-09-08T08:51:51.706+00:00,1043.8833333333346,43.883333333334605,370,WAYPOINT_DRIVE,,1,0.0006649453510671468,0.575,2.8234235588728174,-0.007062368758568027,-0.007062368758568027,1.1,30.000000000001705,43.883333333334605,0.0,0.0006649453510671468,0.575,2.8234235588728174,-0.007062368758568027,0.0,0.0,0.0,0.0
2026-09-08T08:51:51.740+00:00,1043.9166666666679,43.916666666667936,371,WAYPOINT_DRIVE,,1,0.0006649453510671468,0.575,2.8139477825128165,-0.007062368758568027,-0.007062368758568027,1.1,30.000000000001705,43.916666666667936,0.0,0.0006649453510671468,0.575,2.8139477825128165,-0.007062368758568027,0.0,0.0,0.0,0.0
2026-09-08T08:51:51.773+00:00,1043.9500000000012,43.95000000000127,372,WAYPOINT_DRIVE,,1,0.0006649453510671468,0.575,2.8044720061528157,-0.007062368758568027,-0.007062368758568027,1.1,30.000000000001705,43.95000000000127,0.0,0.0006649453510671468,0.575,2.8044720061528157,-0.007062368758568027,0.0,0.0,0.0,0.0
2026-09-08T08:51:51.806+00:00,1043.9833333333345,43.9833333333346,373,WAYPOINT_DRIVE,,1,0.0006649453510671468,0.575,2.794996229792926,-0.007062368758568027,-0.007062368758568027,1.1,30.000000000001705,43.9833333333346,0.0,0.0006649453510671468,0.575,2.794996229792926,-0.007062368758568027,0.0,0.0,0.0,0.0
2026-09-08T08:51:51.840+00:00,1044.016666666668,44.01666666666793,374,WAYPOINT_DRIVE,,1,0.0006649453510671468,0.575,2.785520453432925,-0.007062368758568027,-0.007062368758568027,1.1,30.000000000001705,44.01666666666793,0.0,0.0006649453510671468,0.575,2.785520453432925,-0.007062368758568027,0.0,0.0,0.0,0.0
2026-09-08T08:51:51.873+00:00,1044.0500000000013,44.05000000000126,375,WAYPOINT_DRIVE,,1,0.0006649453510671468,0.575,2.776044677072924,-0.007062368758568027,-0.007062368758568027,1.1,30.000000000001705,44.05000000000126,0.0,0.0006649453510671468,0.575,2.776044677072924,-0.007062368758568027,0.0,0.0,0.0,0.0
2026-09-08T08:51:51.906+00:00,1044.0833333333346,44.08333333333459,376,WAYPOINT_DRIVE,,1,0.0006649453510671468,0.575,2.7665689007130387,-0.007062368758568027,-0.007062368758568027,1.1,30.000000000001705,44.08333333333459,0.0,0.0006649453510671468,0.575,2.7665689007130387,-0.007062368758568027,0.0,0.0,0.0,0.0
2026-09-08T08:51:51.940+00:00,1044.116666666668,44.116666666667925,377,WAYPOINT_DRIVE,,1,0.0006649453510671468,0.575,2.7570931243530383,-0.007062368758568027,-0.007062368758568027,1.1,30.000000000001705,44.116666666667925,0.0,0.0006649453510671468,0.575,2.7570931243530383,-0.007062368758568027,0.0,0.0,0.0,0.0
2026-09-08T08:51:51.973+00:00,1044.1500000000012,44.150000000001256,378,WAYPOINT_DRIVE,,1,0.0006649453510671468,0.575,2.7476173479930375,-0.007062368758568027,-0.007062368758568027,1.1,30.000000000001705,44.150000000001256,0.0,0.0006649453510671468,0.575,2.7476173479930375,-0.007062368758568027,0.0,0.0,0.0,0.0
2026-09-08T08:51:52.006+00:00,1044.1833333333345,44.18333333333459,379,WAYPOINT_DRIVE,,1,0.0006649453510671468,0.575,2.7381415716331565,-0.007062368758568027,-0.007062368758568027,1.1,30.000000000001705,44.18333333333459,0.0,0.0006649453510671468,0.575,2.7381415716331565,-0.007062368758568027,0.0,0.0,0.0,0.0
2026-09-08T08:51:52.040+00:00,1044.2166666666678,44.21666666666792,380,WAYPOINT_DRIVE,,1,0.0006649453510671468,0.575,2.728665795273156,-0.007062368758568027,-0.007062368758568027,1.1,30.000000000001705,44.21666666666792,0.0,0.0006649453510671468,0.575,2.728665795273156,-0.007062368758568027,0.0,0.0,0.0,0.0
2026-09-08T08:51:52.073+00:00,1044.2500000000014,44.25000000000125,381,WAYPOINT_DRIVE,,1,0.0006649453510671468,0.575,2.719190018913156,-0.007062368758568027,-0.007062368758568027,1.1,30.000000000001705,44.25000000000125,0.0,0.0006649453510671468,0.575,2.719190018913156,-0.007062368758568027,0.0,0.0,0.0,0.0
2026-09-08T08:51:52.106+00:00,1044.2833333333347,44.28333333333458,382,WAYPOINT_DRIVE,,1,0.0006649453510671468,0.575,2.709714242553279,-0.007062368758568027,-0.007062368758568027,1.1,30.000000000001705,44.28333333333458,0.0,0.0006649453510671468,0.575,2.709714242553279,-0.007062368758568027,0.0,0.0,0.0,0.0
2026-09-08T08:51:52.140+00:00,1044.316666666668,44.31666666666791,383,WAYPOINT_DRIVE,,1,0.0006649453510671468,0.575,2.7002384661932792,-0.007062368758568027,-0.007062368758568027,1.1,30.000000000001705,44.31666666666791,0.0,0.0006649453510671468,0.575,2.7002384661932792,-0.007062368758568027,0.0,0.0,0.0,0.0
2026-09-08T08:51:52.173+00:00,1044.3500000000013,44.350000000001245,384,WAYPOINT_DRIVE,,1,0.0006649453510671468,0.575,2.6907626898332784,-0.007062368758568027,-0.007062368758568027,1.1,30.000000000001705,44.350000000001245,0.0,0.0006649453510671468,0.575,2.6907626898332784,-0.007062368758568027,0.0,0.0,0.0,0.0
2026-09-08T08:51:52.206+00:00,1044.3833333333346,44.383333333334576,385,WAYPOINT_DRIVE,,1,0.0006649453510671468,0.575,2.681286913473405,-0.007062368758568027,-0.007062368758568027,1.1,30.000000000001705,44.383333333334576,0.0,0.0006649453510671468,0.575,2.681286913473405,-0.007062368758568027,0.0,0.0,0.0,0.0
2026-09-08T08:51:52.240+00:00,1044.4166666666679,44.41666666666791,386,WAYPOINT_DRIVE,,1,0.0006649453510671468,0.575,2.671811137113405,-0.007062368758568027,-0.007062368758568027,1.1,30.000000000001705,44.41666666666791,0.0,0.0006649453510671468,0.575,2.671811137113405,-0.007062368758568027,0.0,0.0,0.0,0.0
2026-09-08T08:51:52.273+00:00,1044.4500000000012,44.45000000000124,387,WAYPOINT_DRIVE,,1,0.0006649453510671468,0.575,2.662335360753405,-0.007062368758568027,-0.007062368758568027,1.1,30.000000000001705,44.45000000000124,0.0,0.0006649453510671468,0.575,2.662335360753405,-0.007062368758568027,0.0,0.0,0.0,0.0
2026-09-08T08:51:52.306+00:00,1044.4833333333345,44.48333333333457,388,WAYPOINT_DRIVE,,1,0.0006649453510671468,0.575,2.6528595843935356,-0.007062368758568027,-0.007062368758568027,1.1,30.000000000001705,44.48333333333457,0.0,0.0006649453510671468,0.575,2.6528595843935356,-0.007062368758568027,0.0,0.0,0.0,0.0
2026-09-08T08:51:52.340+00:00,1044.5166666666678,44.5166666666679,389,WAYPOINT_DRIVE,,1,0.0006649453510671468,0.575,2.6433838080335357,-0.007062368758568027,-0.007062368758568027,1.1,30.000000000001705,44.5166666666679,0.0,0.0006649453510671468,0.575,2.6433838080335357,-0.007062368758568027,0.0,0.0,0.0,0.0
2026-09-08T08:51:52.373+00:00,1044.5500000000013,44.55000000000123,390,WAYPOINT_DRIVE,,1,0.0006649453510671468,0.575,2.6339080316735357,-0.007062368758568027,-0.007062368758568027,1.1,30.000000000001705,44.55000000000123,0.0,0.0006649453510671468,0.575,2.6339080316735357,-0.007062368758568027,0.0,0.0,0.0,0.0
2026-09-08T08:51:52.406+00:00,1044.5833333333346,44.583333333334565,391,WAYPOINT_DRIVE,,1,0.0006649453510671468,0.575,2.6244322553136716,-0.007062368758568027,-0.007062368758568027,1.1,30.000000000001705,44.583333333334565,0.0,0.0006649453510671468,0.575,2.6244322553136716,-0.007062368758568027,0.0,0.0,0.0,0.0
2026-09-08T08:51:52.440+00:00,1044.616666666668,44.616666666667896,392,WAYPOINT_DRIVE,,1,0.0006649453510671468,0.575,2.6149564789536726,-0.007062368758568027,-0.007062368758568027,1.1,30.000000000001705,44.616666666667896,0.0,0.0006649453510671468,0.575,2.6149564789536726,-0.007062368758568027,0.0,0.0,0.0,0.0
2026-09-08T08:51:52.473+00:00,1044.6500000000012,44.65000000000123,393,WAYPOINT_DRIVE,,1,0.0006649453510671468,0.575,2.605480702593673,-0.007062368758568027,-0.007062368758568027,1.1,30.000000000001705,44.65000000000123,0.0,0.0006649453510671468,0.575,2.605480702593673,-0.007062368758568027,0.0,0.0,0.0,0.0
2026-09-08T08:51:52.506+00:00,1044.6833333333345,44.68333333333456,394,WAYPOINT_DRIVE,,1,0.0006649453510671468,0.575,2.596004926233813,-0.007062368758568027,-0.007062368758568027,1.1,30.000000000001705,44.68333333333456,0.0,0.0006649453510671468,0.575,2.596004926233813,-0.007062368758568027,0.0,0.0,0.0,0.0
2026-09-08T08:51:52.540+00:00,1044.7166666666678,44.71666666666789,395,WAYPOINT_DRIVE,,1,0.0006649453510671468,0.575,2.586529149873813,-0.007062368758568027,-0.007062368758568027,1.1,30.000000000001705,44.71666666666789,0.0,0.0006649453510671468,0.575,2.586529149873813,-0.007062368758568027,0.0,0.0,0.0,0.0
2026-09-08T08:51:52.573+00:00,1044.7500000000011,44.75000000000122,396,WAYPOINT_DRIVE,,1,0.0006649453510671468,0.575,2.5770533735138135,-0.007062368758568027,-0.007062368758568027,1.1,30.000000000001705,44.75000000000122,0.0,0.0006649453510671468,0.575,2.5770533735138135,-0.007062368758568027,0.0,0.0,0.0,0.0
2026-09-08T08:51:52.606+00:00,1044.7833333333347,44.783333333334554,397,WAYPOINT_DRIVE,,1,0.0006649453510671468,0.575,2.5675775971539574,-0.007062368758568027,-0.007062368758568027,1.1,30.000000000001705,44.783333333334554,0.0,0.0006649453510671468,0.575,2.5675775971539574,-0.007062368758568027,0.0,0.0,0.0,0.0
2026-09-08T08:51:52.640+00:00,1044.816666666668,44.816666666667885,398,WAYPOINT_DRIVE,,1,0.0006649453510671468,0.575,2.558101820793958,-0.007062368758568027,-0.007062368758568027,1.1,30.000000000001705,44.816666666667885,0.0,0.0006649453510671468,0.575,2.558101820793958,-0.007062368758568027,0.0,0.0,0.0,0.0
2026-09-08T08:51:52.673+00:00,1044.8500000000013,44.85000000000122,399,WAYPOINT_DRIVE,,1,0.0006649453510671468,0.575,2.548626044433958,-0.007062368758568027,-0.007062368758568027,1.1,30.000000000001705,44.85000000000122,0.0,0.0006649453510671468,0.575,2.548626044433958,-0.007062368758568027,0.0,0.0,0.0,0.0
2026-09-08T08:51:52.706+00:00,1044.8833333333346,44.88333333333455,400,WAYPOINT_DRIVE,,1,0.0006649453510671468,0.575,2.5391502680741063,-0.007062368758568027,-0.007062368758568027,1.1,30.000000000001705,44.88333333333455,0.0,0.0006649453510671468,0.575,2.5391502680741063,-0.007062368758568027,0.0,0.0,0.0,0.0
2026-09-08T08:51:52.740+00:00,1044.9166666666679,44.91666666666788,401,WAYPOINT_DRIVE,,1,0.0006649453510671468,0.575,2.5296744917141067,-0.007062368758568027,-0.007062368758568027,1.1,30.000000000001705,44.91666666666788,0.0,0.0006649453510671468,0.575,2.5296744917141067,-0.007062368758568027,0.0,0.0,0.0,0.0
2026-09-08T08:51:52.773+00:00,1044.9500000000012,44.95000000000121,402,WAYPOINT_DRIVE,,1,0.0006649453510671468,0.575,2.5201987153541063,-0.007062368758568027,-0.007062368758568027,1.1,30.000000000001705,44.95000000000121,0.0,0.0006649453510671468,0.575,2.5201987153541063,-0.007062368758568027,0.0,0.0,0.0,0.0
2026-09-08T08:51:52.806+00:00,1044.9833333333345,44.98333333333454,403,WAYPOINT_DRIVE,,1,0.0006649453510671468,0.575,2.5107229389942587,-0.007062368758568027,-0.007062368758568027,1.1,30.000000000001705,44.98333333333454,0.0,0.0006649453510671468,0.575,2.5107229389942587,-0.007062368758568027,0.0,0.0,0.0,0.0
2026-09-08T08:51:52.840+00:00,1045.0166666666678,45.016666666667874,404,WAYPOINT_DRIVE,,1,0.0006649453510671468,0.575,2.5012471626342587,-0.007062368758568027,-0.007062368758568027,1.1,30.000000000001705,45.016666666667874,0.0,0.0006649453510671468,0.575,2.5012471626342587,-0.007062368758568027,0.0,0.0,0.0,0.0
2026-09-08T08:51:52.873+00:00,1045.050000000001,45.050000000001205,405,WAYPOINT_DRIVE,,1,0.0006649453510671468,0.575,2.4917713862742588,-0.007062368758568027,-0.007062368758568027,1.1,30.000000000001705,45.050000000001205,0.0,0.0006649453510671468,0.575,2.4917713862742588,-0.007062368758568027,0.0,0.0,0.0,0.0
2026-09-08T08:51:52.906+00:00,1045.0833333333346,45.08333333333454,406,WAYPOINT_DRIVE,,1,0.0006649453510671468,0.575,2.4822956099144147,-0.007062368758568027,-0.007062368758568027,1.1,30.000000000001705,45.08333333333454,0.0,0.0006649453510671468,0.575,2.4822956099144147,-0.007062368758568027,0.0,0.0,0.0,0.0
2026-09-08T08:51:52.940+00:00,1045.116666666668,45.11666666666787,407,WAYPOINT_DRIVE,,1,0.0006649453510671468,0.575,2.472819833554415,-0.007062368758568027,-0.007062368758568027,1.1,30.000000000001705,45.11666666666787,0.0,0.0006649453510671468,0.575,2.472819833554415,-0.007062368758568027,0.0,0.0,0.0,0.0
2026-09-08T08:51:52.973+00:00,1045.1500000000012,45.1500000000012,408,WAYPOINT_DRIVE_SETTLE,,1,0.0006649453510671468,0.575,2.472819833554415,-0.007062368758568027,-0.007062368758568027,1.1,30.000000000001705,45.1500000000012,0.0,0.0006649453510671468,0.575,2.472819833554415,-0.007062368758568027,0.0,0.0,0.0,0.0
2026-09-08T08:51:53.006+00:00,1045.1833333333345,45.18333333333453,409,WAYPOINT_DRIVE_SETTLE,,1,0.0006649453510671468,0.575,2.472819833554415,-0.007062368758568027,-0.007062368758568027,1.1,30.000000000001705,45.18333333333453,0.0,0.0006649453510671468,0.575,2.472819833554415,-0.007062368758568027,0.0,0.0,0.0,0.0
2026-09-08T08:51:53.040+00:00,1045.2166666666678,45.21666666666786,410,WAYPOINT_DRIVE_SETTLE,,1,0.0006649453510671468,0.575,2.472819833554415,-0.007062368758568027,-0.007062368758568027,1.1,30.000000000001705,45.21666666666786,0.0,0.0006649453510671468,0.575,2.472819833554415,-0.007062368758568027,0.0,0.0,0.0,0.0
2026-09-08T08:51:53.073+00:00,1045.2500000000011,45.250000000001194,411,WAYPOINT_DRIVE_SETTLE,,1,0.0006649453510671468,0.575,2.472819833554415,-0.007062368758568027,-0.007062368758568027,1.1,30.000000000001705,45.250000000001194,0.0,0.0006649453510671468,0.575,2.472819833554415,-0.007062368758568027,0.0,0.0,0.0,0.0
2026-09-08T08:51:53.106+00:00,1045.2833333333344,45.283333333334525,412,WAYPOINT_DRIVE_SETTLE,,1,0.0006649453510671468,0.575,2.472819833554415,-0.007062368758568027,-0.007062368758568027,1.1,30.000000000001705,45.283333333334525,0.0,0.0006649453510671468,0.575,2.472819833554415,-0.007062368758568027,0.0,0.0,0.0,0.0
2026-09-08T08:51:53.140+00:00,1045.316666666668,45.31666666666786,413,WAYPOINT_DRIVE_SETTLE,,1,0.0006649453510671468,0.575,2.472819833554415,-0.007062368758568027,-0.007062368758568027,1.1,30.000000000001705,45.31666666666786,0.0,0.0006649453510671468,0.575,2.472819833554415,-0.007062368758568027,0.0,0.0,0.0,0.0
2026-09-08T08:51:53.173+00:00,1045.3500000000013,45.35000000000119,414,WAYPOINT_DRIVE_SETTLE,,1,0.0006649453510671468,0.575,2.472819833554415,-0.007062368758568027,-0.007062368758568027,1.1,30.000000000001705,45.35000000000119,0.0,0.0006649453510671468,0.575,2.472819833554415,-0.007062368758568027,0.0,0.0,0.0,0.0
2026-09-08T08:51:53.206+00:00,1045.3833333333346,45.38333333333452,415,WAYPOINT_DRIVE_SETTLE,,1,0.0006649453510671468,0.575,2.472819833554415,-0.007062368758568027,-0.007062368758568027,1.1,30.000000000001705,45.38333333333452,0.0,0.0006649453510671468,0.575,2.472819833554415,-0.007062368758568027,0.0,0.0,0.0,0.0
2026-09-08T08:51:53.240+00:00,1045.4166666666679,45.41666666666785,416,WAYPOINT_DRIVE_SETTLE,,1,0.0006649453510671468,0.575,2.472819833554415,-0.007062368758568027,-0.007062368758568027,1.1,30.000000000001705,45.41666666666785,0.0,0.0006649453510671468,0.575,2.472819833554415,-0.007062368758568027,0.0,0.0,0.0,0.0
2026-09-08T08:51:53.273+00:00,1045.4500000000012,45.45000000000118,417,WAYPOINT_DRIVE_SETTLE,,1,0.0006649453510671468,0.575,2.472819833554415,-0.007062368758568027,-0.007062368758568027,1.1,30.000000000001705,45.45000000000118,0.0,0.0006649453510671468,0.575,2.472819833554415,-0.007062368758568027,0.0,0.0,0.0,0.0
2026-09-08T08:51:53.306+00:00,1045.4833333333345,45.483333333334514,418,WAYPOINT_DRIVE_SETTLE,,1,0.0006649453510671468,0.575,2.472819833554415,-0.007062368758568027,-0.007062368758568027,1.1,30.000000000001705,45.483333333334514,0.0,0.0006649453510671468,0.575,2.472819833554415,-0.007062368758568027,0.0,0.0,0.0,0.0
2026-09-08T08:51:53.340+00:00,1045.5166666666678,45.516666666667845,419,WAYPOINT_DRIVE_SETTLE,,1,0.0006649453510671468,0.575,2.472819833554415,-0.007062368758568027,-0.007062368758568027,1.1,30.000000000001705,45.516666666667845,0.0,0.0006649453510671468,0.575,2.472819833554415,-0.007062368758568027,0.0,0.0,0.0,0.0
2026-09-08T08:51:53.373+00:00,1045.550000000001,45.55000000000118,420,WAYPOINT_DRIVE_SETTLE,,1,0.0006649453510671468,0.575,2.472819833554415,-0.007062368758568027,-0.007062368758568027,1.1,30.000000000001705,45.55000000000118,0.0,0.0006649453510671468,0.575,2.472819833554415,-0.007062368758568027,0.0,0.0,0.0,0.0
2026-09-08T08:51:53.406+00:00,1045.5833333333344,45.58333333333451,421,WAYPOINT_DRIVE_SETTLE,,1,0.0006649453510671468,0.575,2.472819833554415,-0.007062368758568027,-0.007062368758568027,1.1,30.000000000001705,45.58333333333451,0.0,0.0006649453510671468,0.575,2.472819833554415,-0.007062368758568027,0.0,0.0,0.0,0.0
2026-09-08T08:51:53.440+00:00,1045.616666666668,45.61666666666784,422,WAYPOINT_DRIVE_SETTLE,,1,0.0006649453510671468,0.575,2.472819833554415,-0.007062368758568027,-0.007062368758568027,1.1,30.000000000001705,45.61666666666784,0.0,0.0006649453510671468,0.575,2.472819833554415,-0.007062368758568027,0.0,0.0,0.0,0.0
2026-09-08T08:51:53.473+00:00,1045.6500000000012,45.65000000000117,423,WAYPOINT_DRIVE_SETTLE,,1,0.0006649453510671468,0.575,2.472819833554415,-0.007062368758568027,-0.007062368758568027,1.1,30.000000000001705,45.65000000000117,0.0,0.0006649453510671468,0.575,2.472819833554415,-0.007062368758568027,0.0,0.0,0.0,0.0
2026-09-08T08:51:53.506+00:00,1045.6833333333345,45.6833333333345,424,WAYPOINT_DRIVE_SETTLE,,1,0.0006649453510671468,0.575,2.472819833554415,-0.007062368758568027,-0.007062368758568027,1.1,30.000000000001705,45.6833333333345,0.0,0.0006649453510671468,0.575,2.472819833554415,-0.007062368758568027,0.0,0.0,0.0,0.0
2026-09-08T08:51:53.540+00:00,1045.7166666666678,45.716666666667834,425,WAYPOINT_DRIVE_SETTLE,,1,0.0006649453510671468,0.575,2.472819833554415,-0.007062368758568027,-0.007062368758568027,1.1,30.000000000001705,45.716666666667834,0.0,0.0006649453510671468,0.575,2.472819833554415,-0.007062368758568027,0.0,0.0,0.0,0.0
2026-09-08T08:51:53.573+00:00,1045.7500000000011,45.750000000001165,426,WAYPOINT_DRIVE_SETTLE,,1,0.0006649453510671468,0.575,2.472819833554415,-0.007062368758568027,-0.007062368758568027,1.1,30.000000000001705,45.750000000001165,0.0,0.0006649453510671468,0.575,2.472819833554415,-0.007062368758568027,0.0,0.0,0.0,0.0
2026-09-08T08:51:53.606+00:00,1045.7833333333344,45.7833333333345,427,WAYPOINT_DRIVE_SETTLE,,1,0.0006649453510671468,0.575,2.472819833554415,-0.007062368758568027,-0.007062368758568027,1.1,30.000000000001705,45.7833333333345,0.0,0.0006649453510671468,0.575,2.472819833554415,-0.007062368758568027,0.0,0.0,0.0,0.0
2026-09-08T08:51:53.640+00:00,1045.8166666666677,45.81666666666783,428,WAYPOINT_DRIVE_SETTLE,,1,0.0006649453510671468,0.575,2.472819833554415,-0.007062368758568027,-0.007062368758568027,1.1,30.000000000001705,45.81666666666783,0.0,0.0006649453510671468,0.575,2.472819833554415,-0.007062368758568027,0.0,0.0,0.0,0.0
2026-09-08T08:51:53.673+00:00,1045.8500000000013,45.85000000000116,429,WAYPOINT_DRIVE_SETTLE,,1,0.0006649453510671468,0.575,2.472819833554415,-0.007062368758568027,-0.007062368758568027,1.1,30.000000000001705,45.85000000000116,0.0,0.0006649453510671468,0.575,2.472819833554415,-0.007062368758568027,0.0,0.0,0.0,0.0
2026-09-08T08:51:53.706+00:00,1045.8833333333346,45.88333333333449,430,WAYPOINT_DRIVE_SETTLE,,1,0.0006649453510671468,0.575,2.472819833554415,-0.007062368758568027,-0.007062368758568027,1.1,30.000000000001705,45.88333333333449,0.0,0.0006649453510671468,0.575,2.472819833554415,-0.007062368758568027,0.0,0.0,0.0,0.0
2026-09-08T08:51:53.740+00:00,1045.9166666666679,45.91666666666782,431,WAYPOINT_DRIVE_SETTLE,,1,0.0006649453510671468,0.575,2.472819833554415,-0.007062368758568027,-0.007062368758568027,1.1,30.000000000001705,45.91666666666782,0.0,0.0006649453510671468,0.575,2.472819833554415,-0.007062368758568027,0.0,0.0,0.0,0.0
2026-09-08T08:51:53.773+00:00,1045.9500000000012,45.950000000001154,432,WAYPOINT_DRIVE_SETTLE,,1,0.0006649453510671468,0.575,2.472819833554415,-0.007062368758568027,-0.007062368758568027,1.1,30.000000000001705,45.950000000001154,0.0,0.0006649453510671468,0.575,2.472819833554415,-0.007062368758568027,0.0,0.0,0.0,0.0
2026-09-08T08:51:53.806+00:00,1045.9833333333345,45.983333333334485,433,WAYPOINT_DRIVE_SETTLE,,1,0.0006649453510671468,0.575,2.472819833554415,-0.007062368758568027,-0.007062368758568027,1.1,30.000000000001705,45.983333333334485,0.0,0.0006649453510671468,0.575,2.472819833554415,-0.007062368758568027,0.0,0.0,0.0,0.0
2026-09-08T08:51:53.840+00:00,1046.0166666666678,46.01666666666782,434,WAYPOINT_DRIVE_SETTLE,,1,0.0006649453510671468,0.575,2.472819833554415,-0.007062368758568027,-0.007062368758568027,1.1,30.000000000001705,46.01666666666782,0.0,0.0006649453510671468,0.575,2.472819833554415,-0.007062368758568027,0.0,0.0,0.0,0.0
2026-09-08T08:51:53.873+00:00,1046.050000000001,46.05000000000115,435,WAYPOINT_DRIVE_SETTLE,,1,0.0006649453510671468,0.575,2.472819833554415,-0.007062368758568027,-0.007062368758568027,1.1,30.000000000001705,46.05000000000115,0.0,0.0006649453510671468,0.575,2.472819833554415,-0.007062368758568027,0.0,0.0,0.0,0.0
2026-09-08T08:51:53.906+00:00,1046.0833333333344,46.08333333333448,436,WAYPOINT_DRIVE_SETTLE,,1,0.0006649453510671468,0.575,2.472819833554415,-0.007062368758568027,-0.007062368758568027,1.1,30.000000000001705,46.08333333333448,0.0,0.0006649453510671468,0.575,2.472819833554415,-0.007062368758568027,0.0,0.0,0.0,0.0
2026-09-08T08:51:53.940+00:00,1046.1166666666677,46.11666666666781,437,WAYPOINT_DRIVE_SETTLE,,1,0.0006649453510671468,0.575,2.472819833554415,-0.007062368758568027,-0.007062368758568027,1.1,30.000000000001705,46.11666666666781,0.0,0.0006649453510671468,0.575,2.472819833554415,-0.007062368758568027,0.0,0.0,0.0,0.0
2026-09-08T08:51:53.973+00:00,1046.1500000000012,46.15000000000114,438,WAYPOINT_DRIVE_SETTLE,,1,0.0006649453510671468,0.575,2.472819833554415,-0.007062368758568027,-0.007062368758568027,1.1,30.000000000001705,46.15000000000114,0.0,0.0006649453510671468,0.575,2.472819833554415,-0.007062368758568027,0.0,0.0,0.0,0.0
2026-09-08T08:51:54.006+00:00,1046.1833333333345,46.183333333334474,439,WAYPOINT_DRIVE_SETTLE,,1,0.0006649453510671468,0.575,2.472819833554415,-0.007062368758568027,-0.007062368758568027,1.1,30.000000000001705,46.183333333334474,0.0,0.0006649453510671468,0.575,2.472819833554415,-0.007062368758568027,0.0,0.0,0.0,0.0
2026-09-08T08:51:54.040+00:00,1046.2166666666678,46.216666666667805,440,WAYPOINT_DRIVE_SETTLE,,1,0.0006649453510671468,0.575,2.472819833554415,-0.007062368758568027,-0.007062368758568027,1.1,30.000000000001705,46.216666666667805,0.0,0.0006649453510671468,0.575,2.472819833554415,-0.007062368758568027,0.0,0.0,0.0,0.0
2026-09-08T08:51:54.073+00:00,1046.2500000000011,46.25000000000114,441,WAYPOINT_DRIVE_SETTLE,,1,0.0006649453510671468,0.575,2.472819833554415,-0.007062368758568027,-0.007062368758568027,1.1,30.000000000001705,46.25000000000114,0.0,0.0006649453510671468,0.575,2.472819833554415,-0.007062368758568027,0.0,0.0,0.0,0.0
2026-09-08T08:51:54.106+00:00,1046.2833333333344,46.28333333333447,442,WAYPOINT_DRIVE_SETTLE,,1,0.0006649453510671468,0.575,2.472819833554415,-0.007062368758568027,-0.007062368758568027,1.1,30.000000000001705,46.28333333333447,0.0,0.0006649453510671468,0.575,2.472819833554415,-0.007062368758568027,0.0,0.0,0.0,0.0
2026-09-08T08:51:54.140+00:00,1046.3166666666677,46.3166666666678,443,WAYPOINT_DRIVE_SETTLE,,1,0.0006649453510671468,0.575,2.472819833554415,-0.007062368758568027,-0.007062368758568027,1.1,30.000000000001705,46.3166666666678,0.0,0.0006649453510671468,0.575,2.472819833554415,-0.007062368758568027,0.0,0.0,0.0,0.0
2026-09-08T08:51:54.173+00:00,1046.350000000001,46.35000000000113,444,WAYPOINT_DRIVE_SETTLE,,1,0.0006649453510671468,0.575,2.472819833554415,-0.007062368758568027,-0.007062368758568027,1.1,30.000000000001705,46.35000000000113,0.0,0.0006649453510671468,0.575,2.472819833554415,-0.007062368758568027,0.0,0.0,0.0,0.0
2026-09-08T08:51:54.206+00:00,1046.3833333333346,46.38333333333446,445,WAYPOINT_DRIVE_SETTLE,,1,0.0006649453510671468,0.575,2.472819833554415,-0.007062368758568027,-0.007062368758568027,1.1,30.000000000001705,46.38333333333446,0.0,0.0006649453510671468,0.575,2.472819833554415,-0.007062368758568027,0.0,0.0,0.0,0.0
2026-09-08T08:51:54.240+00:00,1046.4166666666679,46.416666666667794,446,WAYPOINT_DRIVE_SETTLE,,1,0.0006649453510671468,0.575,2.472819833554415,-0.007062368758568027,-0.007062368758568027,1.1,30.000000000001705,46.416666666667794,0.0,0.0006649453510671468,0.575,2.472819833554415,-0.007062368758568027,0.0,0.0,0.0,0.0
2026-09-08T08:51:54.273+00:00,1046.4500000000012,46.450000000001125,447,WAYPOINT_DRIVE_SETTLE,,1,0.0006649453510671468,0.575,2.472819833554415,-0.007062368758568027,-0.007062368758568027,1.1,30.000000000001705,46.450000000001125,0.0,0.0006649453510671468,0.575,2.472819833554415,-0.007062368758568027,0.0,0.0,0.0,0.0
2026-09-08T08:51:54.306+00:00,1046.4833333333345,46.48333333333446,448,WAYPOINT_DRIVE_SETTLE,,1,0.0006649453510671468,0.575,2.472819833554415,-0.007062368758568027,-0.007062368758568027,1.1,30.000000000001705,46.48333333333446,0.0,0.0006649453510671468,0.575,2.472819833554415,-0.007062368758568027,0.0,0.0,0.0,0.0
2026-09-08T08:51:54.340+00:00,1046.5166666666678,46.51666666666779,449,WAYPOINT_DRIVE_SETTLE,,1,0.0006649453510671468,0.575,2.472819833554415,-0.007062368758568027,-0.007062368758568027,1.1,30.000000000001705,46.51666666666779,0.0,0.0006649453510671468,0.575,2.472819833554415,-0.007062368758568027,0.0,0.0,0.0,0.0
2026-09-08T08:51:54.373+00:00,1046.550000000001,46.55000000000112,450,WAYPOINT_DRIVE_SETTLE,,1,0.0006649453510671468,0.575,2.472819833554415,-0.007062368758568027,-0.007062368758568027,1.1,30.000000000001705,46.55000000000112,0.0,0.0006649453510671468,0.575,2.472819833554415,-0.007062368758568027,0.0,0.0,0.0,0.0
2026-09-08T08:51:54.406+00:00,1046.5833333333344,46.58333333333445,451,WAYPOINT_DRIVE_SETTLE,,1,0.0006649453510671468,0.575,2.472819833554415,-0.007062368758568027,-0.007062368758568027,1.1,30.000000000001705,46.58333333333445,0.0,0.0006649453510671468,0.575,2.472819833554415,-0.007062368758568027,0.0,0.0,0.0,0.0
2026-09-08T08:51:54.440+00:00,1046.6166666666677,46.61666666666778,452,WAYPOINT_DRIVE_SETTLE,,1,0.0006649453510671468,0.575,2.472819833554415,-0.007062368758568027,-0.007062368758568027,1.1,30.000000000001705,46.61666666666778,0.0,0.0006649453510671468,0.575,2.472819833554415,-0.007062368758568027,0.0,0.0,0.0,0.0
2026-09-08T08:51:54.473+00:00,1046.650000000001,46.650000000001114,453,WAYPOINT_DRIVE_SETTLE,,1,0.0006649453510671468,0.575,2.472819833554415,-0.007062368758568027,-0.007062368758568027,1.1,30.000000000001705,46.650000000001114,0.0,0.0006649453510671468,0.575,2.472819833554415,-0.007062368758568027,0.0,0.0,0.0,0.0
2026-09-08T08:51:54.506+00:00,1046.6833333333345,46.683333333334446,454,WAYPOINT_DRIVE_SETTLE,,1,0.0006649453510671468,0.575,2.472819833554415,-0.007062368758568027,-0.007062368758568027,1.1,30.000000000001705,46.683333333334446,0.0,0.0006649453510671468,0.575,2.472819833554415,-0.007062368758568027,0.0,0.0,0.0,0.0
2026-09-08T08:51:54.540+00:00,1046.7166666666678,46.71666666666778,455,WAYPOINT_DRIVE_SETTLE,,1,0.0006649453510671468,0.575,2.472819833554415,-0.007062368758568027,-0.007062368758568027,1.1,30.000000000001705,46.71666666666778,0.0,0.0006649453510671468,0.575,2.472819833554415,-0.007062368758568027,0.0,0.0,0.0,0.0
2026-09-08T08:51:54.573+00:00,1046.7500000000011,46.75000000000111,456,WAYPOINT_DRIVE_SETTLE,,1,0.0006649453510671468,0.575,2.472819833554415,-0.007062368758568027,-0.007062368758568027,1.1,30.000000000001705,46.75000000000111,0.0,0.0006649453510671468,0.575,2.472819833554415,-0.007062368758568027,0.0,0.0,0.0,0.0
2026-09-08T08:51:54.606+00:00,1046.7833333333344,46.78333333333444,457,WAYPOINT_DRIVE_SETTLE,,1,0.0006649453510671468,0.575,2.472819833554415,-0.007062368758568027,-0.007062368758568027,1.1,30.000000000001705,46.78333333333444,0.0,0.0006649453510671468,0.575,2.472819833554415,-0.007062368758568027,0.0,0.0,0.0,0.0
2026-09-08T08:51:54.640+00:00,1046.8166666666677,46.81666666666777,458,WAYPOINT_DRIVE_SETTLE,,1,0.0006649453510671468,0.575,2.472819833554415,-0.007062368758568027,-0.007062368758568027,1.1,30.000000000001705,46.81666666666777,0.0,0.0006649453510671468,0.575,2.472819833554415,-0.007062368758568027,0.0,0.0,0.0,0.0
2026-09-08T08:51:54.673+00:00,1046.850000000001,46.8500000000011,459,WAYPOINT_DRIVE_SETTLE,,1,0.0006649453510671468,0.575,2.472819833554415,-0.007062368758568027,-0.007062368758568027,1.1,30.000000000001705,46.8500000000011,0.0,0.0006649453510671468,0.575,2.472819833554415,-0.007062368758568027,0.0,0.0,0.0,0.0
2026-09-08T08:51:54.706+00:00,1046.8833333333343,46.883333333334434,460,WAYPOINT_DRIVE_SETTLE,,1,0.0006649453510671468,0.575,2.472819833554415,-0.007062368758568027,-0.007062368758568027,1.1,30.000000000001705,46.883333333334434,0.0,0.0006649453510671468,0.575,2.472819833554415,-0.007062368758568027,0.0,0.0,0.0,0.0
2026-09-08T08:51:54.740+00:00,1046.9166666666679,46.916666666667766,461,WAYPOINT_DRIVE_SETTLE,,1,0.0006649453510671468,0.575,2.472819833554415,-0.007062368758568027,-0.007062368758568027,1.1,30.000000000001705,46.916666666667766,0.0,0.0006649453510671468,0.575,2.472819833554415,-0.007062368758568027,0.0,0.0,0.0,0.0
2026-09-08T08:51:54.773+00:00,1046.9500000000012,46.9500000000011,462,WAYPOINT_DRIVE_SETTLE,,1,0.0006649453510671468,0.575,2.472819833554415,-0.007062368758568027,-0.007062368758568027,1.1,30.000000000001705,46.9500000000011,0.0,0.0006649453510671468,0.575,2.472819833554415,-0.007062368758568027,0.0,0.0,0.0,0.0
2026-09-08T08:51:54.806+00:00,1046.9833333333345,46.98333333333443,463,WAYPOINT_DRIVE_SETTLE,,1,0.0006649453510671468,0.575,2.472819833554415,-0.007062368758568027,-0.007062368758568027,1.1,30.000000000001705,46.98333333333443,0.0,0.0006649453510671468,0.575,2.472819833554415,-0.007062368758568027,0.0,0.0,0.0,0.0
2026-09-08T08:51:54.840+00:00,1047.0166666666678,47.01666666666776,464,WAYPOINT_DRIVE_SETTLE,,1,0.0006649453510671468,0.575,2.472819833554415,-0.007062368758568027,-0.007062368758568027,1.1,30.000000000001705,47.01666666666776,0.0,0.0006649453510671468,0.575,2.472819833554415,-0.007062368758568027,0.0,0.0,0.0,0.0
2026-09-08T08:51:54.873+00:00,1047.050000000001,47.05000000000109,465,WAYPOINT_DRIVE_SETTLE,,1,0.0006649453510671468,0.575,2.472819833554415,-0.007062368758568027,-0.007062368758568027,1.1,30.000000000001705,47.05000000000109,0.0,0.0006649453510671468,0.575,2.472819833554415,-0.007062368758568027,0.0,0.0,0.0,0.0
2026-09-08T08:51:54.906+00:00,1047.0833333333344,47.08333333333442,466,WAYPOINT_DRIVE_SETTLE,,1,0.0006649453510671468,0.575,2.472819833554415,-0.007062368758568027,-0.007062368758568027,1.1,30.000000000001705,47.08333333333442,0.0,0.0006649453510671468,0.575,2.472819833554415,-0.007062368758568027,0.0,0.0,0.0,0.0
2026-09-08T08:51:54.940+00:00,1047.1166666666677,47.116666666667754,467,WAYPOINT_DRIVE_SETTLE,,1,0.0006649453510671468,0.575,2.472819833554415,-0.007062368758568027,-0.007062368758568027,1.1,30.000000000001705,47.116666666667754,0.0,0.0006649453510671468,0.575,2.472819833554415,-0.007062368758568027,0.0,0.0,0.0,0.0
2026-09-08T08:51:54.973+00:00,1047.150000000001,47.150000000001086,468,WAYPOINT_DRIVE_SETTLE,,1,0.0006649453510671468,0.575,2.472819833554415,-0.007062368758568027,-0.007062368758568027,1.1,30.000000000001705,47.150000000001086,0.0,0.0006649453510671468,0.575,2.472819833554415,-0.007062368758568027,0.0,0.0,0.0,0.0
2026-09-08T08:51:55.006+00:00,1047.1833333333343,47.18333333333442,469,WAYPOINT_DRIVE_SETTLE,,1,0.0006649453510671468,0.575,2.472819833554415,-0.007062368758568027,-0.007062368758568027,1.1,30.000000000001705,47.18333333333442,0.0,0.0006649453510671468,0.575,2.472819833554415,-0.007062368758568027,0.0,0.0,0.0,0.0
2026-09-08T08:51:55.040+00:00,1047.2166666666678,47.21666666666775,470,WAYPOINT_DRIVE_SETTLE,,1,0.0006649453510671468,0.575,2.472819833554415,-0.007062368758568027,-0.007062368758568027,1.1,30.000000000001705,47.21666666666775,0.0,0.0006649453510671468,0.575,2.472819833554415,-0.007062368758568027,0.0,0.0,0.0,0.0
2026-09-08T08:51:55.073+00:00,1047.2500000000011,47.25000000000108,471,WAYPOINT_DRIVE_SETTLE,,1,0.0006649453510671468,0.575,2.472819833554415,-0.007062368758568027,-0.007062368758568027,1.1,30.000000000001705,47.25000000000108,0.0,0.0006649453510671468,0.575,2.472819833554415,-0.007062368758568027,0.0,0.0,0.0,0.0
2026-09-08T08:51:55.106+00:00,1047.2833333333344,47.28333333333441,472,WAYPOINT_DRIVE_SETTLE,,1,0.0006649453510671468,0.575,2.472819833554415,-0.007062368758568027,-0.007062368758568027,1.1,30.000000000001705,47.28333333333441,0.0,0.0006649453510671468,0.575,2.472819833554415,-0.007062368758568027,0.0,0.0,0.0,0.0
2026-09-08T08:51:55.140+00:00,1047.3166666666677,47.31666666666774,473,WAYPOINT_DRIVE_SETTLE,,1,0.0006649453510671468,0.575,2.472819833554415,-0.007062368758568027,-0.007062368758568027,1.1,30.000000000001705,47.31666666666774,0.0,0.0006649453510671468,0.575,2.472819833554415,-0.007062368758568027,0.0,0.0,0.0,0.0
2026-09-08T08:51:55.173+00:00,1047.350000000001,47.350000000001074,474,WAYPOINT_DRIVE_SETTLE,,1,0.0006649453510671468,0.575,2.472819833554415,-0.007062368758568027,-0.007062368758568027,1.1,30.000000000001705,47.350000000001074,0.0,0.0006649453510671468,0.575,2.472819833554415,-0.007062368758568027,0.0,0.0,0.0,0.0
2026-09-08T08:51:55.206+00:00,1047.3833333333343,47.383333333334406,475,WAYPOINT_DRIVE_SETTLE,,1,0.0006649453510671468,0.575,2.472819833554415,-0.007062368758568027,-0.007062368758568027,1.1,30.000000000001705,47.383333333334406,0.0,0.0006649453510671468,0.575,2.472819833554415,-0.007062368758568027,0.0,0.0,0.0,0.0
2026-09-08T08:51:55.240+00:00,1047.4166666666677,47.41666666666774,476,WAYPOINT_DRIVE_SETTLE,,1,0.0006649453510671468,0.575,2.472819833554415,-0.007062368758568027,-0.007062368758568027,1.1,30.000000000001705,47.41666666666774,0.0,0.0006649453510671468,0.575,2.472819833554415,-0.007062368758568027,0.0,0.0,0.0,0.0
2026-09-08T08:51:55.273+00:00,1047.4500000000012,47.45000000000107,477,WAYPOINT_DRIVE_SETTLE,,1,0.0006649453510671468,0.575,2.472819833554415,-0.007062368758568027,-0.007062368758568027,1.1,30.000000000001705,47.45000000000107,0.0,0.0006649453510671468,0.575,2.472819833554415,-0.007062368758568027,0.0,0.0,0.0,0.0
2026-09-08T08:51:55.306+00:00,1047.4833333333345,47.4833333333344,478,WAYPOINT_DRIVE_SETTLE,,1,0.0006649453510671468,0.575,2.472819833554415,-0.007062368758568027,-0.007062368758568027,1.1,30.000000000001705,47.4833333333344,0.0,0.0006649453510671468,0.575,2.472819833554415,-0.007062368758568027,0.0,0.0,0.0,0.0
2026-09-08T08:51:55.340+00:00,1047.5166666666678,47.51666666666773,479,STAGING_PLAN,,1,0.0006649453510671468,0.575,2.472819833554415,-0.007062368758568027,-0.007062368758568027,1.1,30.000000000001705,47.51666666666773,0.0,0.0006649453510671468,0.575,2.472819833554415,-0.007062368758568027,0.0,0.0,0.0,0.0
2026-09-08T08:51:55.373+00:00,1047.550000000001,47.55000000000106,480,WAYPOINT_DRIVE,,1,0.0006649453510671468,0.575,2.472819833554415,-0.007062368758568027,-0.007062368758568027,1.1,30.000000000001705,47.55000000000106,0.0,0.0006649453510671468,0.575,2.472819833554415,-0.007062368758568027,0.0,0.0,0.0,0.0
2026-09-08T08:51:55.406+00:00,1047.5833333333344,47.583333333334394,481,WAYPOINT_DRIVE,,1,0.0006649453510671468,0.575,2.472819833554415,-0.007062368758568027,-0.007062368758568027,1.1,30.000000000001705,47.583333333334394,0.0,0.0006649453510671468,0.575,2.472819833554415,-0.007062368758568027,0.0,0.0,0.0,0.0
2026-09-08T08:51:55.440+00:00,1047.6166666666677,47.616666666667726,482,WAYPOINT_DRIVE,,1,0.0006649453510671468,0.575,2.472819833554415,-0.007062368758568027,-0.007062368758568027,1.1,30.000000000001705,47.616666666667726,0.0,0.0006649453510671468,0.575,2.472819833554415,-0.007062368758568027,0.0,0.0,0.0,0.0
2026-09-08T08:51:55.473+00:00,1047.650000000001,47.65000000000106,483,WAYPOINT_DRIVE,,1,0.0006649453510671468,0.575,2.472819833554415,-0.007062368758568027,-0.007062368758568027,1.1,30.000000000001705,47.65000000000106,0.0,0.0006649453510671468,0.575,2.472819833554415,-0.007062368758568027,0.0,0.0,0.0,0.0
2026-09-08T08:51:55.506+00:00,1047.6833333333343,47.68333333333439,484,WAYPOINT_DRIVE,,1,0.0006649453510671468,0.575,2.472819833554415,-0.007062368758568027,-0.007062368758568027,1.1,30.000000000001705,47.68333333333439,0.0,0.0006649453510671468,0.575,2.472819833554415,-0.007062368758568027,0.0,0.0,0.0,0.0
2026-09-08T08:51:55.540+00:00,1047.7166666666676,47.71666666666772,485,WAYPOINT_DRIVE,,1,0.0006649453510671468,0.575,2.472819833554415,-0.007062368758568027,-0.007062368758568027,1.1,30.000000000001705,47.71666666666772,0.0,0.0006649453510671468,0.575,2.472819833554415,-0.007062368758568027,0.0,0.0,0.0,0.0
2026-09-08T08:51:55.573+00:00,1047.7500000000011,47.75000000000105,486,WAYPOINT_DRIVE,,1,0.0006649453510671468,0.575,2.472819833554415,-0.007062368758568027,-0.007062368758568027,1.1,30.000000000001705,47.75000000000105,0.0,0.0006649453510671468,0.575,2.472819833554415,-0.007062368758568027,0.0,0.0,0.0,0.0
2026-09-08T08:51:55.606+00:00,1047.7833333333344,47.78333333333438,487,WAYPOINT_DRIVE,,1,0.0006649453510671468,0.575,2.472819833554415,-0.007062368758568027,-0.007062368758568027,1.1,30.000000000001705,47.78333333333438,0.0,0.0006649453510671468,0.575,2.472819833554415,-0.007062368758568027,0.0,0.0,0.0,0.0
2026-09-08T08:51:55.640+00:00,1047.8166666666677,47.816666666667714,488,WAYPOINT_DRIVE,,1,0.0006649453510671468,0.575,2.472819833554415,-0.007062368758568027,-0.007062368758568027,1.1,30.000000000001705,47.816666666667714,0.0,0.0006649453510671468,0.575,2.472819833554415,-0.007062368758568027,0.0,0.0,0.0,0.0
2026-09-08T08:51:55.673+00:00,1047.850000000001,47.850000000001046,489,WAYPOINT_DRIVE,,1,0.0006649453510671468,0.575,2.472819833554415,-0.007062368758568027,-0.007062368758568027,1.1,30.000000000001705,47.850000000001046,0.0,0.0006649453510671468,0.575,2.472819833554415,-0.007062368758568027,0.0,0.0,0.0,0.0
2026-09-08T08:51:55.706+00:00,1047.8833333333343,47.88333333333438,490,WAYPOINT_DRIVE,,1,0.0006649453510671468,0.575,2.472819833554415,-0.007062368758568027,-0.007062368758568027,1.1,30.000000000001705,47.88333333333438,0.0,0.0006649453510671468,0.575,2.472819833554415,-0.007062368758568027,0.0,0.0,0.0,0.0
2026-09-08T08:51:55.740+00:00,1047.9166666666677,47.91666666666771,491,WAYPOINT_DRIVE,,1,0.0006649453510671468,0.575,2.472819833554415,-0.007062368758568027,-0.007062368758568027,1.1,30.000000000001705,47.91666666666771,0.0,0.0006649453510671468,0.575,2.472819833554415,-0.007062368758568027,0.0,0.0,0.0,0.0
2026-09-08T08:51:55.773+00:00,1047.950000000001,47.95000000000104,492,WAYPOINT_DRIVE,,1,0.0006649453510671468,0.575,2.472819833554415,-0.007062368758568027,-0.007062368758568027,1.1,30.000000000001705,47.95000000000104,0.0,0.0006649453510671468,0.575,2.472819833554415,-0.007062368758568027,0.0,0.0,0.0,0.0
2026-09-08T08:51:55.806+00:00,1047.9833333333345,47.98333333333437,493,WAYPOINT_DRIVE,,1,0.0006649453510671468,0.575,2.472819833554415,-0.007062368758568027,-0.007062368758568027,1.1,30.000000000001705,47.98333333333437,0.0,0.0006649453510671468,0.575,2.472819833554415,-0.007062368758568027,0.0,0.0,0.0,0.0
2026-09-08T08:51:55.840+00:00,1048.0166666666678,48.0166666666677,494,WAYPOINT_DRIVE,,1,0.0006649453510671468,0.575,2.472819833554415,-0.007062368758568027,-0.007062368758568027,1.1,30.000000000001705,48.0166666666677,0.0,0.0006649453510671468,0.575,2.472819833554415,-0.007062368758568027,0.0,0.0,0.0,0.0
2026-09-08T08:51:55.873+00:00,1048.050000000001,48.050000000001035,495,WAYPOINT_DRIVE,,1,0.0006649453510671468,0.575,2.472771047448996,-0.007062368758568027,-0.007062368758568027,1.1,30.000000000001705,48.050000000001035,0.0,0.0006649453510671468,0.575,2.472771047448996,-0.007062368758568027,0.0,0.0,0.0,0.0
2026-09-08T08:51:55.906+00:00,1048.0833333333344,48.083333333334366,496,WAYPOINT_DRIVE,,1,0.0006649453510671468,0.575,2.472570425568997,-0.007062368758568027,-0.007062368758568027,1.1,30.000000000001705,48.083333333334366,0.0,0.0006649453510671468,0.575,2.472570425568997,-0.007062368758568027,0.0,0.0,0.0,0.0
2026-09-08T08:51:55.940+00:00,1048.1166666666677,48.1166666666677,497,WAYPOINT_DRIVE,,1,0.0006649453510671468,0.575,2.4722146436889996,-0.007062368758568027,-0.007062368758568027,1.1,30.000000000001705,48.1166666666677,0.0,0.0006649453510671468,0.575,2.4722146436889996,-0.007062368758568027,0.0,0.0,0.0,0.0
2026-09-08T08:51:55.973+00:00,1048.150000000001,48.15000000000103,498,WAYPOINT_DRIVE,,1,0.0006649453510671468,0.575,2.4717037018090013,-0.007062368758568027,-0.007062368758568027,1.1,30.000000000001705,48.15000000000103,0.0,0.0006649453510671468,0.575,2.4717037018090013,-0.007062368758568027,0.0,0.0,0.0,0.0
2026-09-08T08:51:56.006+00:00,1048.1833333333343,48.18333333333436,499,WAYPOINT_DRIVE,,1,0.0006649453510671468,0.575,2.471037599929002,-0.007062368758568027,-0.007062368758568027,1.1,30.000000000001705,48.18333333333436,0.0,0.0006649453510671468,0.575,2.471037599929002,-0.007062368758568027,0.0,0.0,0.0,0.0
2026-09-08T08:51:56.040+00:00,1048.2166666666676,48.21666666666769,500,WAYPOINT_DRIVE,,1,0.0006649453510671468,0.575,2.4702163380490063,-0.007062368758568027,-0.007062368758568027,1.1,30.000000000001705,48.21666666666769,0.0,0.0006649453510671468,0.575,2.4702163380490063,-0.007062368758568027,0.0,0.0,0.0,0.0
2026-09-08T08:51:56.073+00:00,1048.250000000001,48.25000000000102,501,WAYPOINT_DRIVE,,1,0.0006649453510671468,0.575,2.469239916169008,-0.007062368758568027,-0.007062368758568027,1.1,30.000000000001705,48.25000000000102,0.0,0.0006649453510671468,0.575,2.469239916169008,-0.007062368758568027,0.0,0.0,0.0,0.0
2026-09-08T08:51:56.106+00:00,1048.2833333333344,48.283333333334355,502,WAYPOINT_DRIVE,,1,0.0006649453510671468,0.575,2.4681083342890098,-0.007062368758568027,-0.007062368758568027,1.1,30.000000000001705,48.283333333334355,0.0,0.0006649453510671468,0.575,2.4681083342890098,-0.007062368758568027,0.0,0.0,0.0,0.0
2026-09-08T08:51:56.140+00:00,1048.3166666666677,48.316666666667686,503,WAYPOINT_DRIVE,,1,0.0006649453510671468,0.575,2.4668215924090164,-0.007062368758568027,-0.007062368758568027,1.1,30.000000000001705,48.316666666667686,0.0,0.0006649453510671468,0.575,2.4668215924090164,-0.007062368758568027,0.0,0.0,0.0,0.0
2026-09-08T08:51:56.173+00:00,1048.350000000001,48.35000000000102,504,WAYPOINT_DRIVE,,1,0.0006649453510671468,0.575,2.4653796905290197,-0.007062368758568027,-0.007062368758568027,1.1,30.000000000001705,48.35000000000102,0.0,0.0006649453510671468,0.575,2.4653796905290197,-0.007062368758568027,0.0,0.0,0.0,0.0
2026-09-08T08:51:56.206+00:00,1048.3833333333343,48.38333333333435,505,WAYPOINT_DRIVE,,1,0.0006649453510671468,0.575,2.463782628649022,-0.007062368758568027,-0.007062368758568027,1.1,30.000000000001705,48.38333333333435,0.0,0.0006649453510671468,0.575,2.463782628649022,-0.007062368758568027,0.0,0.0,0.0,0.0
2026-09-08T08:51:56.240+00:00,1048.4166666666677,48.41666666666768,506,WAYPOINT_DRIVE,,1,0.0006649453510671468,0.575,2.462030406769031,-0.007062368758568027,-0.007062368758568027,1.1,30.000000000001705,48.41666666666768,0.0,0.0006649453510671468,0.575,2.462030406769031,-0.007062368758568027,0.0,0.0,0.0,0.0
2026-09-08T08:51:56.273+00:00,1048.450000000001,48.45000000000101,507,WAYPOINT_DRIVE,,1,0.0006649453510671468,0.575,2.460123024889034,-0.007062368758568027,-0.007062368758568027,1.1,30.000000000001705,48.45000000000101,0.0,0.0006649453510671468,0.575,2.460123024889034,-0.007062368758568027,0.0,0.0,0.0,0.0
2026-09-08T08:51:56.306+00:00,1048.4833333333343,48.48333333333434,508,WAYPOINT_DRIVE,,1,0.0006649453510671468,0.575,2.4580604830090373,-0.007062368758568027,-0.007062368758568027,1.1,30.000000000001705,48.48333333333434,0.0,0.0006649453510671468,0.575,2.4580604830090373,-0.007062368758568027,0.0,0.0,0.0,0.0
2026-09-08T08:51:56.340+00:00,1048.5166666666678,48.516666666667675,509,WAYPOINT_DRIVE,,1,0.0006649453510671468,0.575,2.4558427811290495,-0.007062368758568027,-0.007062368758568027,1.1,30.000000000001705,48.516666666667675,0.0,0.0006649453510671468,0.575,2.4558427811290495,-0.007062368758568027,0.0,0.0,0.0,0.0
2026-09-08T08:51:56.373+00:00,1048.550000000001,48.550000000001006,510,WAYPOINT_DRIVE,,1,0.0006649453510671468,0.575,2.453469919249053,-0.007062368758568027,-0.007062368758568027,1.1,30.000000000001705,48.550000000001006,0.0,0.0006649453510671468,0.575,2.453469919249053,-0.007062368758568027,0.0,0.0,0.0,0.0
2026-09-08T08:51:56.406+00:00,1048.5833333333344,48.58333333333434,511,WAYPOINT_DRIVE,,1,0.0006649453510671468,0.575,2.450941897369056,-0.007062368758568027,-0.007062368758568027,1.1,30.000000000001705,48.58333333333434,0.0,0.0006649453510671468,0.575,2.450941897369056,-0.007062368758568027,0.0,0.0,0.0,0.0
2026-09-08T08:51:56.440+00:00,1048.6166666666677,48.61666666666767,512,WAYPOINT_DRIVE,,1,0.0006649453510671468,0.575,2.448258715489073,-0.007062368758568027,-0.007062368758568027,1.1,30.000000000001705,48.61666666666767,0.0,0.0006649453510671468,0.575,2.448258715489073,-0.007062368758568027,0.0,0.0,0.0,0.0
2026-09-08T08:51:56.473+00:00,1048.650000000001,48.650000000001,513,WAYPOINT_DRIVE,,1,0.0006649453510671468,0.575,2.4454203736090783,-0.007062368758568027,-0.007062368758568027,1.1,30.000000000001705,48.650000000001,0.0,0.0006649453510671468,0.575,2.4454203736090783,-0.007062368758568027,0.0,0.0,0.0,0.0
2026-09-08T08:51:56.506+00:00,1048.6833333333343,48.68333333333433,514,WAYPOINT_DRIVE,,1,0.0006649453510671468,0.575,2.4424268717290825,-0.007062368758568027,-0.007062368758568027,1.1,30.000000000001705,48.68333333333433,0.0,0.0006649453510671468,0.575,2.4424268717290825,-0.007062368758568027,0.0,0.0,0.0,0.0
2026-09-08T08:51:56.540+00:00,1048.7166666666676,48.71666666666766,515,WAYPOINT_DRIVE,,1,0.0006649453510671468,0.575,2.439278209849103,-0.007062368758568027,-0.007062368758568027,1.1,30.000000000001705,48.71666666666766,0.0,0.0006649453510671468,0.575,2.439278209849103,-0.007062368758568027,0.0,0.0,0.0,0.0
2026-09-08T08:51:56.573+00:00,1048.750000000001,48.750000000000995,516,WAYPOINT_DRIVE,,1,0.0006649453510671468,0.575,2.4359743879691087,-0.007062368758568027,-0.007062368758568027,1.1,30.000000000001705,48.750000000000995,0.0,0.0006649453510671468,0.575,2.4359743879691087,-0.007062368758568027,0.0,0.0,0.0,0.0
2026-09-08T08:51:56.606+00:00,1048.7833333333342,48.783333333334326,517,WAYPOINT_DRIVE,,1,0.0006649453510671468,0.575,2.432515406089114,-0.007062368758568027,-0.007062368758568027,1.1,30.000000000001705,48.783333333334326,0.0,0.0006649453510671468,0.575,2.432515406089114,-0.007062368758568027,0.0,0.0,0.0,0.0
2026-09-08T08:51:56.640+00:00,1048.8166666666677,48.81666666666766,518,WAYPOINT_DRIVE,,1,0.0006649453510671468,0.575,2.4289012642091383,-0.007062368758568027,-0.007062368758568027,1.1,30.000000000001705,48.81666666666766,0.0,0.0006649453510671468,0.575,2.4289012642091383,-0.007062368758568027,0.0,0.0,0.0,0.0
2026-09-08T08:51:56.673+00:00,1048.850000000001,48.85000000000099,519,WAYPOINT_DRIVE,,1,0.0006649453510671468,0.575,2.4251319623291443,-0.007062368758568027,-0.007062368758568027,1.1,30.000000000001705,48.85000000000099,0.0,0.0006649453510671468,0.575,2.4251319623291443,-0.007062368758568027,0.0,0.0,0.0,0.0
2026-09-08T08:51:56.706+00:00,1048.8833333333343,48.88333333333432,520,WAYPOINT_DRIVE,,1,0.0006649453510671468,0.575,2.421207500449151,-0.007062368758568027,-0.007062368758568027,1.1,30.000000000001705,48.88333333333432,0.0,0.0006649453510671468,0.575,2.421207500449151,-0.007062368758568027,0.0,0.0,0.0,0.0
2026-09-08T08:51:56.740+00:00,1048.9166666666677,48.91666666666765,521,WAYPOINT_DRIVE,,1,0.0006649453510671468,0.575,2.417127878569181,-0.007062368758568027,-0.007062368758568027,1.1,30.000000000001705,48.91666666666765,0.0,0.0006649453510671468,0.575,2.417127878569181,-0.007062368758568027,0.0,0.0,0.0,0.0
2026-09-08T08:51:56.773+00:00,1048.950000000001,48.95000000000098,522,WAYPOINT_DRIVE,,1,0.0006649453510671468,0.575,2.412893096689188,-0.007062368758568027,-0.007062368758568027,1.1,30.000000000001705,48.95000000000098,0.0,0.0006649453510671468,0.575,2.412893096689188,-0.007062368758568027,0.0,0.0,0.0,0.0
2026-09-08T08:51:56.806+00:00,1048.9833333333343,48.983333333334315,523,WAYPOINT_DRIVE,,1,0.0006649453510671468,0.575,2.408503154809195,-0.007062368758568027,-0.007062368758568027,1.1,30.000000000001705,48.983333333334315,0.0,0.0006649453510671468,0.575,2.408503154809195,-0.007062368758568027,0.0,0.0,0.0,0.0
2026-09-08T08:51:56.840+00:00,1049.0166666666676,49.016666666667646,524,WAYPOINT_DRIVE,,1,0.0006649453510671468,0.575,2.40395805292923,-0.007062368758568027,-0.007062368758568027,1.1,30.000000000001705,49.016666666667646,0.0,0.0006649453510671468,0.575,2.40395805292923,-0.007062368758568027,0.0,0.0,0.0,0.0
2026-09-08T08:51:56.873+00:00,1049.050000000001,49.05000000000098,525,WAYPOINT_DRIVE,,1,0.0006649453510671468,0.575,2.3992577910492376,-0.007062368758568027,-0.007062368758568027,1.1,30.000000000001705,49.05000000000098,0.0,0.0006649453510671468,0.575,2.3992577910492376,-0.007062368758568027,0.0,0.0,0.0,0.0
2026-09-08T08:51:56.906+00:00,1049.0833333333344,49.08333333333431,526,WAYPOINT_DRIVE,,1,0.0006649453510671468,0.575,2.394402369169246,-0.007062368758568027,-0.007062368758568027,1.1,30.000000000001705,49.08333333333431,0.0,0.0006649453510671468,0.575,2.394402369169246,-0.007062368758568027,0.0,0.0,0.0,0.0
2026-09-08T08:51:56.940+00:00,1049.1166666666677,49.11666666666764,527,WAYPOINT_DRIVE,,1,0.0006649453510671468,0.575,2.3893917872892874,-0.007062368758568027,-0.007062368758568027,1.1,30.000000000001705,49.11666666666764,0.0,0.0006649453510671468,0.575,2.3893917872892874,-0.007062368758568027,0.0,0.0,0.0,0.0
2026-09-08T08:51:56.973+00:00,1049.150000000001,49.15000000000097,528,WAYPOINT_DRIVE,,1,0.0006649453510671468,0.575,2.384226045409296,-0.007062368758568027,-0.007062368758568027,1.1,30.000000000001705,49.15000000000097,0.0,0.0006649453510671468,0.575,2.384226045409296,-0.007062368758568027,0.0,0.0,0.0,0.0
2026-09-08T08:51:57.006+00:00,1049.1833333333343,49.1833333333343,529,WAYPOINT_DRIVE,,1,0.0006649453510671468,0.575,2.3789051435293054,-0.007062368758568027,-0.007062368758568027,1.1,30.000000000001705,49.1833333333343,0.0,0.0006649453510671468,0.575,2.3789051435293054,-0.007062368758568027,0.0,0.0,0.0,0.0
2026-09-08T08:51:57.040+00:00,1049.2166666666676,49.216666666667635,530,WAYPOINT_DRIVE,,1,0.0006649453510671468,0.575,2.373429081649354,-0.007062368758568027,-0.007062368758568027,1.1,30.000000000001705,49.216666666667635,0.0,0.0006649453510671468,0.575,2.373429081649354,-0.007062368758568027,0.0,0.0,0.0,0.0
2026-09-08T08:51:57.073+00:00,1049.250000000001,49.250000000000966,531,WAYPOINT_DRIVE,,1,0.0006649453510671468,0.575,2.367797859769364,-0.007062368758568027,-0.007062368758568027,1.1,30.000000000001705,49.250000000000966,0.0,0.0006649453510671468,0.575,2.367797859769364,-0.007062368758568027,0.0,0.0,0.0,0.0
2026-09-08T08:51:57.106+00:00,1049.2833333333342,49.2833333333343,532,WAYPOINT_DRIVE,,1,0.0006649453510671468,0.575,2.3620114778893737,-0.007062368758568027,-0.007062368758568027,1.1,30.000000000001705,49.2833333333343,0.0,0.0006649453510671468,0.575,2.3620114778893737,-0.007062368758568027,0.0,0.0,0.0,0.0
2026-09-08T08:51:57.140+00:00,1049.3166666666675,49.31666666666763,533,WAYPOINT_DRIVE,,1,0.0006649453510671468,0.575,2.3560699360094293,-0.007062368758568027,-0.007062368758568027,1.1,30.000000000001705,49.31666666666763,0.0,0.0006649453510671468,0.575,2.3560699360094293,-0.007062368758568027,0.0,0.0,0.0,0.0
2026-09-08T08:51:57.173+00:00,1049.350000000001,49.35000000000096,534,WAYPOINT_DRIVE,,1,0.0006649453510671468,0.575,2.3499732341294406,-0.007062368758568027,-0.007062368758568027,1.1,30.000000000001705,49.35000000000096,0.0,0.0006649453510671468,0.575,2.3499732341294406,-0.007062368758568027,0.0,0.0,0.0,0.0
2026-09-08T08:51:57.206+00:00,1049.3833333333343,49.38333333333429,535,WAYPOINT_DRIVE,,1,0.0006649453510671468,0.575,2.3437213722494525,-0.007062368758568027,-0.007062368758568027,1.1,30.000000000001705,49.38333333333429,0.0,0.0006649453510671468,0.575,2.3437213722494525,-0.007062368758568027,0.0,0.0,0.0,0.0
2026-09-08T08:51:57.240+00:00,1049.4166666666677,49.41666666666762,536,WAYPOINT_DRIVE,,1,0.0006649453510671468,0.575,2.3373143503695153,-0.007062368758568027,-0.007062368758568027,1.1,30.000000000001705,49.41666666666762,0.0,0.0006649453510671468,0.575,2.3373143503695153,-0.007062368758568027,0.0,0.0,0.0,0.0
2026-09-08T08:51:57.273+00:00,1049.450000000001,49.450000000000955,537,WAYPOINT_DRIVE,,1,0.0006649453510671468,0.575,2.3307521684895285,-0.007062368758568027,-0.007062368758568027,1.1,30.000000000001705,49.450000000000955,0.0,0.0006649453510671468,0.575,2.3307521684895285,-0.007062368758568027,0.0,0.0,0.0,0.0
2026-09-08T08:51:57.306+00:00,1049.4833333333343,49.483333333334286,538,WAYPOINT_DRIVE,,1,0.0006649453510671468,0.575,2.3240348266095405,-0.007062368758568027,-0.007062368758568027,1.1,30.000000000001705,49.483333333334286,0.0,0.0006649453510671468,0.575,2.3240348266095405,-0.007062368758568027,0.0,0.0,0.0,0.0
2026-09-08T08:51:57.340+00:00,1049.5166666666676,49.51666666666762,539,WAYPOINT_DRIVE,,1,0.0006649453510671468,0.575,2.317162324729611,-0.007062368758568027,-0.007062368758568027,1.1,30.000000000001705,49.51666666666762,0.0,0.0006649453510671468,0.575,2.317162324729611,-0.007062368758568027,0.0,0.0,0.0,0.0
2026-09-08T08:51:57.373+00:00,1049.5500000000009,49.55000000000095,540,WAYPOINT_DRIVE,,1,0.0006649453510671468,0.575,2.3101346628496247,-0.007062368758568027,-0.007062368758568027,1.1,30.000000000001705,49.55000000000095,0.0,0.0006649453510671468,0.575,2.3101346628496247,-0.007062368758568027,0.0,0.0,0.0,0.0
2026-09-08T08:51:57.406+00:00,1049.5833333333344,49.58333333333428,541,WAYPOINT_DRIVE,,1,0.0006649453510671468,0.575,2.302951840969639,-0.007062368758568027,-0.007062368758568027,1.1,30.000000000001705,49.58333333333428,0.0,0.0006649453510671468,0.575,2.302951840969639,-0.007062368758568027,0.0,0.0,0.0,0.0
2026-09-08T08:51:57.440+00:00,1049.6166666666677,49.61666666666761,542,WAYPOINT_DRIVE,,1,0.0006649453510671468,0.575,2.2956138590897175,-0.007062368758568027,-0.007062368758568027,1.1,30.000000000001705,49.61666666666761,0.0,0.0006649453510671468,0.575,2.2956138590897175,-0.007062368758568027,0.0,0.0,0.0,0.0
2026-09-08T08:51:57.473+00:00,1049.650000000001,49.650000000000944,543,WAYPOINT_DRIVE,,1,0.0006649453510671468,0.575,2.288120717209733,-0.007062368758568027,-0.007062368758568027,1.1,30.000000000001705,49.650000000000944,0.0,0.0006649453510671468,0.575,2.288120717209733,-0.007062368758568027,0.0,0.0,0.0,0.0
2026-09-08T08:51:57.506+00:00,1049.6833333333343,49.683333333334275,544,WAYPOINT_DRIVE,,1,0.0006649453510671468,0.575,2.280472415329748,-0.007062368758568027,-0.007062368758568027,1.1,30.000000000001705,49.683333333334275,0.0,0.0006649453510671468,0.575,2.280472415329748,-0.007062368758568027,0.0,0.0,0.0,0.0
2026-09-08T08:51:57.540+00:00,1049.7166666666676,49.71666666666761,545,WAYPOINT_DRIVE,,1,0.0006649453510671468,0.575,2.272668953449836,-0.007062368758568027,-0.007062368758568027,1.1,30.000000000001705,49.71666666666761,0.0,0.0006649453510671468,0.575,2.272668953449836,-0.007062368758568027,0.0,0.0,0.0,0.0
2026-09-08T08:51:57.573+00:00,1049.750000000001,49.75000000000094,546,WAYPOINT_DRIVE,,1,0.0006649453510671468,0.575,2.264710331569853,-0.007062368758568027,-0.007062368758568027,1.1,30.000000000001705,49.75000000000094,0.0,0.0006649453510671468,0.575,2.264710331569853,-0.007062368758568027,0.0,0.0,0.0,0.0
2026-09-08T08:51:57.606+00:00,1049.7833333333342,49.78333333333427,547,WAYPOINT_DRIVE,,1,0.0006649453510671468,0.575,2.25659654968987,-0.007062368758568027,-0.007062368758568027,1.1,30.000000000001705,49.78333333333427,0.0,0.0006649453510671468,0.575,2.25659654968987,-0.007062368758568027,0.0,0.0,0.0,0.0
2026-09-08T08:51:57.640+00:00,1049.8166666666675,49.8166666666676,548,WAYPOINT_DRIVE,,1,0.0006649453510671468,0.575,2.2483276078099674,-0.007062368758568027,-0.007062368758568027,1.1,30.000000000001705,49.8166666666676,0.0,0.0006649453510671468,0.575,2.2483276078099674,-0.007062368758568027,0.0,0.0,0.0,0.0
2026-09-08T08:51:57.673+00:00,1049.8500000000008,49.85000000000093,549,WAYPOINT_DRIVE,,1,0.0006649453510671468,0.575,2.239903505929986,-0.007062368758568027,-0.007062368758568027,1.1,30.000000000001705,49.85000000000093,0.0,0.0006649453510671468,0.575,2.239903505929986,-0.007062368758568027,0.0,0.0,0.0,0.0
2026-09-08T08:51:57.706+00:00,1049.8833333333343,49.883333333334264,550,WAYPOINT_DRIVE,,1,0.0006649453510671468,0.575,2.231324244050004,-0.007062368758568027,-0.007062368758568027,1.1,30.000000000001705,49.883333333334264,0.0,0.0006649453510671468,0.575,2.231324244050004,-0.007062368758568027,0.0,0.0,0.0,0.0
2026-09-08T08:51:57.740+00:00,1049.9166666666677,49.916666666667595,551,WAYPOINT_DRIVE,,1,0.0006649453510671468,0.575,2.222589822170111,-0.007062368758568027,-0.007062368758568027,1.1,30.000000000001705,49.916666666667595,0.0,0.0006649453510671468,0.575,2.222589822170111,-0.007062368758568027,0.0,0.0,0.0,0.0
2026-09-08T08:51:57.773+00:00,1049.950000000001,49.95000000000093,552,WAYPOINT_DRIVE,,1,0.0006649453510671468,0.575,2.2137002402901302,-0.007062368758568027,-0.007062368758568027,1.1,30.000000000001705,49.95000000000093,0.0,0.0006649453510671468,0.575,2.2137002402901302,-0.007062368758568027,0.0,0.0,0.0,0.0
2026-09-08T08:51:57.806+00:00,1049.9833333333343,49.98333333333426,553,WAYPOINT_DRIVE,,1,0.0006649453510671468,0.575,2.2046554984101503,-0.007062368758568027,-0.007062368758568027,1.1,30.000000000001705,49.98333333333426,0.0,0.0006649453510671468,0.575,2.2046554984101503,-0.007062368758568027,0.0,0.0,0.0,0.0
2026-09-08T08:51:57.840+00:00,1050.0166666666676,50.01666666666759,554,WAYPOINT_DRIVE,,1,0.0006649453510671468,0.575,2.195455596530268,-0.007062368758568027,-0.007062368758568027,1.1,30.000000000001705,50.01666666666759,0.0,0.0006649453510671468,0.575,2.195455596530268,-0.007062368758568027,0.0,0.0,0.0,0.0
2026-09-08T08:51:57.873+00:00,1050.0500000000009,50.05000000000092,555,WAYPOINT_DRIVE_SETTLE,,1,0.0006649453510671468,0.575,2.195455596530268,-0.007062368758568027,-0.007062368758568027,1.1,30.000000000001705,50.05000000000092,0.0,0.0006649453510671468,0.575,2.195455596530268,-0.007062368758568027,0.0,0.0,0.0,0.0
2026-09-08T08:51:57.906+00:00,1050.0833333333342,50.08333333333425,556,WAYPOINT_DRIVE_SETTLE,,1,0.0006649453510671468,0.575,2.195455596530268,-0.007062368758568027,-0.007062368758568027,1.1,30.000000000001705,50.08333333333425,0.0,0.0006649453510671468,0.575,2.195455596530268,-0.007062368758568027,0.0,0.0,0.0,0.0
2026-09-08T08:51:57.940+00:00,1050.1166666666677,50.116666666667584,557,WAYPOINT_DRIVE_SETTLE,,1,0.0006649453510671468,0.575,2.195455596530268,-0.007062368758568027,-0.007062368758568027,1.1,30.000000000001705,50.116666666667584,0.0,0.0006649453510671468,0.575,2.195455596530268,-0.007062368758568027,0.0,0.0,0.0,0.0
2026-09-08T08:51:57.973+00:00,1050.150000000001,50.150000000000915,558,WAYPOINT_DRIVE_SETTLE,,1,0.0006649453510671468,0.575,2.195455596530268,-0.007062368758568027,-0.007062368758568027,1.1,30.000000000001705,50.150000000000915,0.0,0.0006649453510671468,0.575,2.195455596530268,-0.007062368758568027,0.0,0.0,0.0,0.0
2026-09-08T08:51:58.006+00:00,1050.1833333333343,50.18333333333425,559,WAYPOINT_DRIVE_SETTLE,,1,0.0006649453510671468,0.575,2.195455596530268,-0.007062368758568027,-0.007062368758568027,1.1,30.000000000001705,50.18333333333425,0.0,0.0006649453510671468,0.575,2.195455596530268,-0.007062368758568027,0.0,0.0,0.0,0.0
2026-09-08T08:51:58.040+00:00,1050.2166666666676,50.21666666666758,560,WAYPOINT_DRIVE_SETTLE,,1,0.0006649453510671468,0.575,2.195455596530268,-0.007062368758568027,-0.007062368758568027,1.1,30.000000000001705,50.21666666666758,0.0,0.0006649453510671468,0.575,2.195455596530268,-0.007062368758568027,0.0,0.0,0.0,0.0
2026-09-08T08:51:58.073+00:00,1050.250000000001,50.25000000000091,561,WAYPOINT_DRIVE_SETTLE,,1,0.0006649453510671468,0.575,2.195455596530268,-0.007062368758568027,-0.007062368758568027,1.1,30.000000000001705,50.25000000000091,0.0,0.0006649453510671468,0.575,2.195455596530268,-0.007062368758568027,0.0,0.0,0.0,0.0
2026-09-08T08:51:58.106+00:00,1050.2833333333342,50.28333333333424,562,WAYPOINT_DRIVE_SETTLE,,1,0.0006649453510671468,0.575,2.195455596530268,-0.007062368758568027,-0.007062368758568027,1.1,30.000000000001705,50.28333333333424,0.0,0.0006649453510671468,0.575,2.195455596530268,-0.007062368758568027,0.0,0.0,0.0,0.0
2026-09-08T08:51:58.140+00:00,1050.3166666666675,50.31666666666757,563,WAYPOINT_DRIVE_SETTLE,,1,0.0006649453510671468,0.575,2.195455596530268,-0.007062368758568027,-0.007062368758568027,1.1,30.000000000001705,50.31666666666757,0.0,0.0006649453510671468,0.575,2.195455596530268,-0.007062368758568027,0.0,0.0,0.0,0.0
2026-09-08T08:51:58.173+00:00,1050.3500000000008,50.350000000000904,564,WAYPOINT_DRIVE_SETTLE,,1,0.0006649453510671468,0.575,2.195455596530268,-0.007062368758568027,-0.007062368758568027,1.1,30.000000000001705,50.350000000000904,0.0,0.0006649453510671468,0.575,2.195455596530268,-0.007062368758568027,0.0,0.0,0.0,0.0
2026-09-08T08:51:58.206+00:00,1050.3833333333341,50.383333333334235,565,WAYPOINT_DRIVE_SETTLE,,1,0.0006649453510671468,0.575,2.195455596530268,-0.007062368758568027,-0.007062368758568027,1.1,30.000000000001705,50.383333333334235,0.0,0.0006649453510671468,0.575,2.195455596530268,-0.007062368758568027,0.0,0.0,0.0,0.0
2026-09-08T08:51:58.240+00:00,1050.4166666666677,50.41666666666757,566,WAYPOINT_DRIVE_SETTLE,,1,0.0006649453510671468,0.575,2.195455596530268,-0.007062368758568027,-0.007062368758568027,1.1,30.000000000001705,50.41666666666757,0.0,0.0006649453510671468,0.575,2.195455596530268,-0.007062368758568027,0.0,0.0,0.0,0.0
2026-09-08T08:51:58.273+00:00,1050.450000000001,50.4500000000009,567,WAYPOINT_DRIVE_SETTLE,,1,0.0006649453510671468,0.575,2.195455596530268,-0.007062368758568027,-0.007062368758568027,1.1,30.000000000001705,50.4500000000009,0.0,0.0006649453510671468,0.575,2.195455596530268,-0.007062368758568027,0.0,0.0,0.0,0.0
2026-09-08T08:51:58.306+00:00,1050.4833333333343,50.48333333333423,568,WAYPOINT_DRIVE_SETTLE,,1,0.0006649453510671468,0.575,2.195455596530268,-0.007062368758568027,-0.007062368758568027,1.1,30.000000000001705,50.48333333333423,0.0,0.0006649453510671468,0.575,2.195455596530268,-0.007062368758568027,0.0,0.0,0.0,0.0
2026-09-08T08:51:58.340+00:00,1050.5166666666676,50.51666666666756,569,WAYPOINT_DRIVE_SETTLE,,1,0.0006649453510671468,0.575,2.195455596530268,-0.007062368758568027,-0.007062368758568027,1.1,30.000000000001705,50.51666666666756,0.0,0.0006649453510671468,0.575,2.195455596530268,-0.007062368758568027,0.0,0.0,0.0,0.0
2026-09-08T08:51:58.373+00:00,1050.5500000000009,50.55000000000089,570,WAYPOINT_DRIVE_SETTLE,,1,0.0006649453510671468,0.575,2.195455596530268,-0.007062368758568027,-0.007062368758568027,1.1,30.000000000001705,50.55000000000089,0.0,0.0006649453510671468,0.575,2.195455596530268,-0.007062368758568027,0.0,0.0,0.0,0.0
2026-09-08T08:51:58.406+00:00,1050.5833333333342,50.583333333334224,571,WAYPOINT_DRIVE_SETTLE,,1,0.0006649453510671468,0.575,2.195455596530268,-0.007062368758568027,-0.007062368758568027,1.1,30.000000000001705,50.583333333334224,0.0,0.0006649453510671468,0.575,2.195455596530268,-0.007062368758568027,0.0,0.0,0.0,0.0
2026-09-08T08:51:58.440+00:00,1050.6166666666675,50.616666666667555,572,WAYPOINT_DRIVE_SETTLE,,1,0.0006649453510671468,0.575,2.195455596530268,-0.007062368758568027,-0.007062368758568027,1.1,30.000000000001705,50.616666666667555,0.0,0.0006649453510671468,0.575,2.195455596530268,-0.007062368758568027,0.0,0.0,0.0,0.0
2026-09-08T08:51:58.473+00:00,1050.650000000001,50.65000000000089,573,WAYPOINT_DRIVE_SETTLE,,1,0.0006649453510671468,0.575,2.195455596530268,-0.007062368758568027,-0.007062368758568027,1.1,30.000000000001705,50.65000000000089,0.0,0.0006649453510671468,0.575,2.195455596530268,-0.007062368758568027,0.0,0.0,0.0,0.0
2026-09-08T08:51:58.506+00:00,1050.6833333333343,50.68333333333422,574,WAYPOINT_DRIVE_SETTLE,,1,0.0006649453510671468,0.575,2.195455596530268,-0.007062368758568027,-0.007062368758568027,1.1,30.000000000001705,50.68333333333422,0.0,0.0006649453510671468,0.575,2.195455596530268,-0.007062368758568027,0.0,0.0,0.0,0.0
2026-09-08T08:51:58.540+00:00,1050.7166666666676,50.71666666666755,575,WAYPOINT_DRIVE_SETTLE,,1,0.0006649453510671468,0.575,2.195455596530268,-0.007062368758568027,-0.007062368758568027,1.1,30.000000000001705,50.71666666666755,0.0,0.0006649453510671468,0.575,2.195455596530268,-0.007062368758568027,0.0,0.0,0.0,0.0
2026-09-08T08:51:58.573+00:00,1050.750000000001,50.75000000000088,576,WAYPOINT_DRIVE_SETTLE,,1,0.0006649453510671468,0.575,2.195455596530268,-0.007062368758568027,-0.007062368758568027,1.1,30.000000000001705,50.75000000000088,0.0,0.0006649453510671468,0.575,2.195455596530268,-0.007062368758568027,0.0,0.0,0.0,0.0
2026-09-08T08:51:58.606+00:00,1050.7833333333342,50.78333333333421,577,WAYPOINT_DRIVE_SETTLE,,1,0.0006649453510671468,0.575,2.195455596530268,-0.007062368758568027,-0.007062368758568027,1.1,30.000000000001705,50.78333333333421,0.0,0.0006649453510671468,0.575,2.195455596530268,-0.007062368758568027,0.0,0.0,0.0,0.0
2026-09-08T08:51:58.640+00:00,1050.8166666666675,50.816666666667544,578,WAYPOINT_DRIVE_SETTLE,,1,0.0006649453510671468,0.575,2.195455596530268,-0.007062368758568027,-0.007062368758568027,1.1,30.000000000001705,50.816666666667544,0.0,0.0006649453510671468,0.575,2.195455596530268,-0.007062368758568027,0.0,0.0,0.0,0.0
2026-09-08T08:51:58.673+00:00,1050.8500000000008,50.850000000000875,579,WAYPOINT_DRIVE_SETTLE,,1,0.0006649453510671468,0.575,2.195455596530268,-0.007062368758568027,-0.007062368758568027,1.1,30.000000000001705,50.850000000000875,0.0,0.0006649453510671468,0.575,2.195455596530268,-0.007062368758568027,0.0,0.0,0.0,0.0
2026-09-08T08:51:58.706+00:00,1050.8833333333341,50.88333333333421,580,WAYPOINT_DRIVE_SETTLE,,1,0.0006649453510671468,0.575,2.195455596530268,-0.007062368758568027,-0.007062368758568027,1.1,30.000000000001705,50.88333333333421,0.0,0.0006649453510671468,0.575,2.195455596530268,-0.007062368758568027,0.0,0.0,0.0,0.0
2026-09-08T08:51:58.740+00:00,1050.9166666666674,50.91666666666754,581,WAYPOINT_DRIVE_SETTLE,,1,0.0006649453510671468,0.575,2.195455596530268,-0.007062368758568027,-0.007062368758568027,1.1,30.000000000001705,50.91666666666754,0.0,0.0006649453510671468,0.575,2.195455596530268,-0.007062368758568027,0.0,0.0,0.0,0.0
2026-09-08T08:51:58.773+00:00,1050.950000000001,50.95000000000087,582,WAYPOINT_DRIVE_SETTLE,,1,0.0006649453510671468,0.575,2.195455596530268,-0.007062368758568027,-0.007062368758568027,1.1,30.000000000001705,50.95000000000087,0.0,0.0006649453510671468,0.575,2.195455596530268,-0.007062368758568027,0.0,0.0,0.0,0.0
2026-09-08T08:51:58.806+00:00,1050.9833333333343,50.9833333333342,583,WAYPOINT_DRIVE_SETTLE,,1,0.0006649453510671468,0.575,2.195455596530268,-0.007062368758568027,-0.007062368758568027,1.1,30.000000000001705,50.9833333333342,0.0,0.0006649453510671468,0.575,2.195455596530268,-0.007062368758568027,0.0,0.0,0.0,0.0
2026-09-08T08:51:58.840+00:00,1051.0166666666676,51.01666666666753,584,WAYPOINT_DRIVE_SETTLE,,1,0.0006649453510671468,0.575,2.195455596530268,-0.007062368758568027,-0.007062368758568027,1.1,30.000000000001705,51.01666666666753,0.0,0.0006649453510671468,0.575,2.195455596530268,-0.007062368758568027,0.0,0.0,0.0,0.0
2026-09-08T08:51:58.873+00:00,1051.0500000000009,51.050000000000864,585,WAYPOINT_DRIVE_SETTLE,,1,0.0006649453510671468,0.575,2.195455596530268,-0.007062368758568027,-0.007062368758568027,1.1,30.000000000001705,51.050000000000864,0.0,0.0006649453510671468,0.575,2.195455596530268,-0.007062368758568027,0.0,0.0,0.0,0.0
2026-09-08T08:51:58.906+00:00,1051.0833333333342,51.083333333334195,586,WAYPOINT_DRIVE_SETTLE,,1,0.0006649453510671468,0.575,2.195455596530268,-0.007062368758568027,-0.007062368758568027,1.1,30.000000000001705,51.083333333334195,0.0,0.0006649453510671468,0.575,2.195455596530268,-0.007062368758568027,0.0,0.0,0.0,0.0
2026-09-08T08:51:58.940+00:00,1051.1166666666675,51.11666666666753,587,WAYPOINT_DRIVE_SETTLE,,1,0.0006649453510671468,0.575,2.195455596530268,-0.007062368758568027,-0.007062368758568027,1.1,30.000000000001705,51.11666666666753,0.0,0.0006649453510671468,0.575,2.195455596530268,-0.007062368758568027,0.0,0.0,0.0,0.0
2026-09-08T08:51:58.973+00:00,1051.1500000000008,51.15000000000086,588,WAYPOINT_DRIVE_SETTLE,,1,0.0006649453510671468,0.575,2.195455596530268,-0.007062368758568027,-0.007062368758568027,1.1,30.000000000001705,51.15000000000086,0.0,0.0006649453510671468,0.575,2.195455596530268,-0.007062368758568027,0.0,0.0,0.0,0.0
2026-09-08T08:51:59.006+00:00,1051.1833333333343,51.18333333333419,589,WAYPOINT_DRIVE_SETTLE,,1,0.0006649453510671468,0.575,2.195455596530268,-0.007062368758568027,-0.007062368758568027,1.1,30.000000000001705,51.18333333333419,0.0,0.0006649453510671468,0.575,2.195455596530268,-0.007062368758568027,0.0,0.0,0.0,0.0
2026-09-08T08:51:59.040+00:00,1051.2166666666676,51.21666666666752,590,WAYPOINT_DRIVE_SETTLE,,1,0.0006649453510671468,0.575,2.195455596530268,-0.007062368758568027,-0.007062368758568027,1.1,30.000000000001705,51.21666666666752,0.0,0.0006649453510671468,0.575,2.195455596530268,-0.007062368758568027,0.0,0.0,0.0,0.0
2026-09-08T08:51:59.073+00:00,1051.250000000001,51.25000000000085,591,WAYPOINT_DRIVE_SETTLE,,1,0.0006649453510671468,0.575,2.195455596530268,-0.007062368758568027,-0.007062368758568027,1.1,30.000000000001705,51.25000000000085,0.0,0.0006649453510671468,0.575,2.195455596530268,-0.007062368758568027,0.0,0.0,0.0,0.0
2026-09-08T08:51:59.106+00:00,1051.2833333333342,51.283333333334184,592,WAYPOINT_DRIVE_SETTLE,,1,0.0006649453510671468,0.575,2.195455596530268,-0.007062368758568027,-0.007062368758568027,1.1,30.000000000001705,51.283333333334184,0.0,0.0006649453510671468,0.575,2.195455596530268,-0.007062368758568027,0.0,0.0,0.0,0.0
2026-09-08T08:51:59.140+00:00,1051.3166666666675,51.316666666667516,593,WAYPOINT_DRIVE_SETTLE,,1,0.0006649453510671468,0.575,2.195455596530268,-0.007062368758568027,-0.007062368758568027,1.1,30.000000000001705,51.316666666667516,0.0,0.0006649453510671468,0.575,2.195455596530268,-0.007062368758568027,0.0,0.0,0.0,0.0
2026-09-08T08:51:59.173+00:00,1051.3500000000008,51.35000000000085,594,WAYPOINT_DRIVE_SETTLE,,1,0.0006649453510671468,0.575,2.195455596530268,-0.007062368758568027,-0.007062368758568027,1.1,30.000000000001705,51.35000000000085,0.0,0.0006649453510671468,0.575,2.195455596530268,-0.007062368758568027,0.0,0.0,0.0,0.0
2026-09-08T08:51:59.206+00:00,1051.3833333333341,51.38333333333418,595,WAYPOINT_DRIVE_SETTLE,,1,0.0006649453510671468,0.575,2.195455596530268,-0.007062368758568027,-0.007062368758568027,1.1,30.000000000001705,51.38333333333418,0.0,0.0006649453510671468,0.575,2.195455596530268,-0.007062368758568027,0.0,0.0,0.0,0.0
2026-09-08T08:51:59.240+00:00,1051.4166666666674,51.41666666666751,596,WAYPOINT_DRIVE_SETTLE,,1,0.0006649453510671468,0.575,2.195455596530268,-0.007062368758568027,-0.007062368758568027,1.1,30.000000000001705,51.41666666666751,0.0,0.0006649453510671468,0.575,2.195455596530268,-0.007062368758568027,0.0,0.0,0.0,0.0
2026-09-08T08:51:59.273+00:00,1051.4500000000007,51.45000000000084,597,WAYPOINT_DRIVE_SETTLE,,1,0.0006649453510671468,0.575,2.195455596530268,-0.007062368758568027,-0.007062368758568027,1.1,30.000000000001705,51.45000000000084,0.0,0.0006649453510671468,0.575,2.195455596530268,-0.007062368758568027,0.0,0.0,0.0,0.0
2026-09-08T08:51:59.306+00:00,1051.4833333333343,51.48333333333417,598,WAYPOINT_DRIVE_SETTLE,,1,0.0006649453510671468,0.575,2.195455596530268,-0.007062368758568027,-0.007062368758568027,1.1,30.000000000001705,51.48333333333417,0.0,0.0006649453510671468,0.575,2.195455596530268,-0.007062368758568027,0.0,0.0,0.0,0.0
2026-09-08T08:51:59.340+00:00,1051.5166666666676,51.516666666667504,599,WAYPOINT_DRIVE_SETTLE,,1,0.0006649453510671468,0.575,2.195455596530268,-0.007062368758568027,-0.007062368758568027,1.1,30.000000000001705,51.516666666667504,0.0,0.0006649453510671468,0.575,2.195455596530268,-0.007062368758568027,0.0,0.0,0.0,0.0
2026-09-08T08:51:59.373+00:00,1051.5500000000009,51.550000000000836,600,WAYPOINT_DRIVE_SETTLE,,1,0.0006649453510671468,0.575,2.195455596530268,-0.007062368758568027,-0.007062368758568027,1.1,30.000000000001705,51.550000000000836,0.0,0.0006649453510671468,0.575,2.195455596530268,-0.007062368758568027,0.0,0.0,0.0,0.0
2026-09-08T08:51:59.406+00:00,1051.5833333333342,51.58333333333417,601,WAYPOINT_DRIVE_SETTLE,,1,0.0006649453510671468,0.575,2.195455596530268,-0.007062368758568027,-0.007062368758568027,1.1,30.000000000001705,51.58333333333417,0.0,0.0006649453510671468,0.575,2.195455596530268,-0.007062368758568027,0.0,0.0,0.0,0.0
2026-09-08T08:51:59.440+00:00,1051.6166666666675,51.6166666666675,602,WAYPOINT_DRIVE_SETTLE,,1,0.0006649453510671468,0.575,2.195455596530268,-0.007062368758568027,-0.007062368758568027,1.1,30.000000000001705,51.6166666666675,0.0,0.0006649453510671468,0.575,2.195455596530268,-0.007062368758568027,0.0,0.0,0.0,0.0
2026-09-08T08:51:59.473+00:00,1051.6500000000008,51.65000000000083,603,WAYPOINT_DRIVE_SETTLE,,1,0.0006649453510671468,0.575,2.195455596530268,-0.007062368758568027,-0.007062368758568027,1.1,30.000000000001705,51.65000000000083,0.0,0.0006649453510671468,0.575,2.195455596530268,-0.007062368758568027,0.0,0.0,0.0,0.0
2026-09-08T08:51:59.506+00:00,1051.683333333334,51.68333333333416,604,WAYPOINT_DRIVE_SETTLE,,1,0.0006649453510671468,0.575,2.195455596530268,-0.007062368758568027,-0.007062368758568027,1.1,30.000000000001705,51.68333333333416,0.0,0.0006649453510671468,0.575,2.195455596530268,-0.007062368758568027,0.0,0.0,0.0,0.0
2026-09-08T08:51:59.540+00:00,1051.7166666666676,51.71666666666749,605,WAYPOINT_DRIVE_SETTLE,,1,0.0006649453510671468,0.575,2.195455596530268,-0.007062368758568027,-0.007062368758568027,1.1,30.000000000001705,51.71666666666749,0.0,0.0006649453510671468,0.575,2.195455596530268,-0.007062368758568027,0.0,0.0,0.0,0.0
2026-09-08T08:51:59.573+00:00,1051.750000000001,51.750000000000824,606,WAYPOINT_DRIVE_SETTLE,,1,0.0006649453510671468,0.575,2.195455596530268,-0.007062368758568027,-0.007062368758568027,1.1,30.000000000001705,51.750000000000824,0.0,0.0006649453510671468,0.575,2.195455596530268,-0.007062368758568027,0.0,0.0,0.0,0.0
2026-09-08T08:51:59.606+00:00,1051.7833333333342,51.783333333334156,607,WAYPOINT_DRIVE_SETTLE,,1,0.0006649453510671468,0.575,2.195455596530268,-0.007062368758568027,-0.007062368758568027,1.1,30.000000000001705,51.783333333334156,0.0,0.0006649453510671468,0.575,2.195455596530268,-0.007062368758568027,0.0,0.0,0.0,0.0
2026-09-08T08:51:59.640+00:00,1051.8166666666675,51.81666666666749,608,WAYPOINT_DRIVE_SETTLE,,1,0.0006649453510671468,0.575,2.195455596530268,-0.007062368758568027,-0.007062368758568027,1.1,30.000000000001705,51.81666666666749,0.0,0.0006649453510671468,0.575,2.195455596530268,-0.007062368758568027,0.0,0.0,0.0,0.0
2026-09-08T08:51:59.673+00:00,1051.8500000000008,51.85000000000082,609,WAYPOINT_DRIVE_SETTLE,,1,0.0006649453510671468,0.575,2.195455596530268,-0.007062368758568027,-0.007062368758568027,1.1,30.000000000001705,51.85000000000082,0.0,0.0006649453510671468,0.575,2.195455596530268,-0.007062368758568027,0.0,0.0,0.0,0.0
2026-09-08T08:51:59.706+00:00,1051.8833333333341,51.88333333333415,610,WAYPOINT_DRIVE_SETTLE,,1,0.0006649453510671468,0.575,2.195455596530268,-0.007062368758568027,-0.007062368758568027,1.1,30.000000000001705,51.88333333333415,0.0,0.0006649453510671468,0.575,2.195455596530268,-0.007062368758568027,0.0,0.0,0.0,0.0
2026-09-08T08:51:59.740+00:00,1051.9166666666674,51.91666666666748,611,WAYPOINT_DRIVE_SETTLE,,1,0.0006649453510671468,0.575,2.195455596530268,-0.007062368758568027,-0.007062368758568027,1.1,30.000000000001705,51.91666666666748,0.0,0.0006649453510671468,0.575,2.195455596530268,-0.007062368758568027,0.0,0.0,0.0,0.0
2026-09-08T08:51:59.773+00:00,1051.9500000000007,51.95000000000081,612,WAYPOINT_DRIVE_SETTLE,,1,0.0006649453510671468,0.575,2.195455596530268,-0.007062368758568027,-0.007062368758568027,1.1,30.000000000001705,51.95000000000081,0.0,0.0006649453510671468,0.575,2.195455596530268,-0.007062368758568027,0.0,0.0,0.0,0.0
2026-09-08T08:51:59.806+00:00,1051.983333333334,51.983333333334144,613,WAYPOINT_DRIVE_SETTLE,,1,0.0006649453510671468,0.575,2.195455596530268,-0.007062368758568027,-0.007062368758568027,1.1,30.000000000001705,51.983333333334144,0.0,0.0006649453510671468,0.575,2.195455596530268,-0.007062368758568027,0.0,0.0,0.0,0.0
2026-09-08T08:51:59.840+00:00,1052.0166666666676,52.016666666667476,614,WAYPOINT_DRIVE_SETTLE,,1,0.0006649453510671468,0.575,2.195455596530268,-0.007062368758568027,-0.007062368758568027,1.1,30.000000000001705,52.016666666667476,0.0,0.0006649453510671468,0.575,2.195455596530268,-0.007062368758568027,0.0,0.0,0.0,0.0
2026-09-08T08:51:59.873+00:00,1052.0500000000009,52.05000000000081,615,WAYPOINT_DRIVE_SETTLE,,1,0.0006649453510671468,0.575,2.195455596530268,-0.007062368758568027,-0.007062368758568027,1.1,30.000000000001705,52.05000000000081,0.0,0.0006649453510671468,0.575,2.195455596530268,-0.007062368758568027,0.0,0.0,0.0,0.0
2026-09-08T08:51:59.906+00:00,1052.0833333333342,52.08333333333414,616,WAYPOINT_DRIVE_SETTLE,,1,0.0006649453510671468,0.575,2.195455596530268,-0.007062368758568027,-0.007062368758568027,1.1,30.000000000001705,52.08333333333414,0.0,0.0006649453510671468,0.575,2.195455596530268,-0.007062368758568027,0.0,0.0,0.0,0.0
2026-09-08T08:51:59.940+00:00,1052.1166666666675,52.11666666666747,617,WAYPOINT_DRIVE_SETTLE,,1,0.0006649453510671468,0.575,2.195455596530268,-0.007062368758568027,-0.007062368758568027,1.1,30.000000000001705,52.11666666666747,0.0,0.0006649453510671468,0.575,2.195455596530268,-0.007062368758568027,0.0,0.0,0.0,0.0
2026-09-08T08:51:59.973+00:00,1052.1500000000008,52.1500000000008,618,WAYPOINT_DRIVE_SETTLE,,1,0.0006649453510671468,0.575,2.195455596530268,-0.007062368758568027,-0.007062368758568027,1.1,30.000000000001705,52.1500000000008,0.0,0.0006649453510671468,0.575,2.195455596530268,-0.007062368758568027,0.0,0.0,0.0,0.0
2026-09-08T08:52:00.006+00:00,1052.183333333334,52.18333333333413,619,WAYPOINT_DRIVE_SETTLE,,1,0.0006649453510671468,0.575,2.195455596530268,-0.007062368758568027,-0.007062368758568027,1.1,30.000000000001705,52.18333333333413,0.0,0.0006649453510671468,0.575,2.195455596530268,-0.007062368758568027,0.0,0.0,0.0,0.0
2026-09-08T08:52:00.040+00:00,1052.2166666666674,52.216666666667464,620,WAYPOINT_DRIVE_SETTLE,,1,0.0006649453510671468,0.575,2.195455596530268,-0.007062368758568027,-0.007062368758568027,1.1,30.000000000001705,52.216666666667464,0.0,0.0006649453510671468,0.575,2.195455596530268,-0.007062368758568027,0.0,0.0,0.0,0.0
2026-09-08T08:52:00.073+00:00,1052.250000000001,52.250000000000796,621,WAYPOINT_DRIVE_SETTLE,,1,0.0006649453510671468,0.575,2.195455596530268,-0.007062368758568027,-0.007062368758568027,1.1,30.000000000001705,52.250000000000796,0.0,0.0006649453510671468,0.575,2.195455596530268,-0.007062368758568027,0.0,0.0,0.0,0.0
2026-09-08T08:52:00.106+00:00,1052.2833333333342,52.28333333333413,622,WAYPOINT_DRIVE_SETTLE,,1,0.0006649453510671468,0.575,2.195455596530268,-0.007062368758568027,-0.007062368758568027,1.1,30.000000000001705,52.28333333333413,0.0,0.0006649453510671468,0.575,2.195455596530268,-0.007062368758568027,0.0,0.0,0.0,0.0
2026-09-08T08:52:00.140+00:00,1052.3166666666675,52.31666666666746,623,WAYPOINT_DRIVE_SETTLE,,1,0.0006649453510671468,0.575,2.195455596530268,-0.007062368758568027,-0.007062368758568027,1.1,30.000000000001705,52.31666666666746,0.0,0.0006649453510671468,0.575,2.195455596530268,-0.007062368758568027,0.0,0.0,0.0,0.0
2026-09-08T08:52:00.173+00:00,1052.3500000000008,52.35000000000079,624,WAYPOINT_DRIVE_SETTLE,,1,0.0006649453510671468,0.575,2.195455596530268,-0.007062368758568027,-0.007062368758568027,1.1,30.000000000001705,52.35000000000079,0.0,0.0006649453510671468,0.575,2.195455596530268,-0.007062368758568027,0.0,0.0,0.0,0.0
2026-09-08T08:52:00.206+00:00,1052.3833333333341,52.38333333333412,625,FINAL_POSE_LOCK,,1,0.0006649453510671468,0.575,2.195455596530268,-0.007062368758568027,-0.007062368758568027,1.1,30.000000000001705,52.38333333333412,0.0,0.0006649453510671468,0.575,2.195455596530268,-0.007062368758568027,0.0,0.0,0.0,0.0
