t_iso,t_mono,sim_time_s,frame_i,fsm_state,camera_frame_number,inference_ran,pose_src,model_det_ok,pnp_ok,result_fps,result_interval_s,inference_start_host_mono_ms,inference_end_host_mono_ms,model_inference_ms,pose_result_host_mono_ms,pos_x_m,pos_z_m,yaw_deg
2026-09-09T06:47:57.594+00:00,1000.0809909234881,0.08099092348816976,0,PRECHECK,0,0,simulation,1,,,,1000000.0,1000080.9909234882,80.99092348816976,1000080.9909234882,-0.006064238381582046,3.991886483356845,-0.8983043700611404
2026-09-09T06:47:57.628+00:00,1000.1143242568215,0.1143242568215031,1,SEARCH_SWEEP,1,0,simulation,1,,29.999999999999993,0.03333333333333334,1000114.3242568215,1000114.3242568215,0.0,1000114.3242568215,0.006231555216863261,4.005585550088606,-1.5875261963561798
2026-09-09T06:47:57.661+00:00,1000.1476575901548,0.14765759015483643,2,ACQUIRE_VERIFY,2,0,simulation,1,,30.000000000000007,0.033333333333333326,1000147.6575901548,1000147.6575901548,0.0,1000147.6575901548,0.0009151059128288707,4.005362759434366,-0.8098901133014351
2026-09-09T06:47:57.694+00:00,1000.1809909234881,0.18099092348816975,3,ACQUIRE_VERIFY,3,0,simulation,1,,30.000000000000007,0.033333333333333326,1000180.9909234882,1000180.9909234882,0.0,1000180.9909234882,0.01174112612653973,4.011828106891867,-0.9609759982139394
2026-09-09T06:47:57.728+00:00,1000.2143242568216,0.21432425682150308,4,ACQUIRE_VERIFY,4,0,simulation,1,,30.000000000000007,0.033333333333333326,1000214.3242568215,1000214.3242568215,0.0,1000214.3242568215,0.015771803398813816,4.006651044997491,0.18327466464774034
2026-09-09T06:47:57.761+00:00,1000.2476575901549,0.2476575901548364,5,ACQUIRE_VERIFY,5,0,simulation,1,,30.000000000000007,0.033333333333333326,1000247.6575901549,1000247.6575901549,0.0,1000247.6575901549,0.003984213821383134,3.999808174904566,-1.3518456816040896
2026-09-09T06:47:57.794+00:00,1000.2809909234882,0.28099092348816973,6,ACQUIRE_VERIFY,6,0,simulation,1,,30.000000000000007,0.033333333333333326,1000280.9909234882,1000280.9909234882,0.0,1000280.9909234882,-0.007079185306748638,4.000688850936564,-1.5177617845887426
2026-09-09T06:47:57.828+00:00,1000.3143242568215,0.31432425682150306,7,ACQUIRE_VERIFY,7,0,simulation,1,,30.000000000000007,0.033333333333333326,1000314.3242568214,1000314.3242568214,0.0,1000314.3242568214,0.0077260045782425735,3.974070190683744,-0.288153771367746
2026-09-09T06:47:57.861+00:00,1000.3476575901549,0.3476575901548364,8,ACQUIRE_VERIFY,8,0,simulation,1,,30.000000000000007,0.033333333333333326,1000347.6575901549,1000347.6575901549,0.0,1000347.6575901549,8.091957015997314e-05,3.971669301738922,1.443572903008942
2026-09-09T06:47:57.894+00:00,1000.3809909234882,0.3809909234881697,9,ACQUIRE_VERIFY,9,0,simulation,1,,30.000000000000007,0.033333333333333326,1000380.9909234882,1000380.9909234882,0.0,1000380.9909234882,0.001056656435994512,4.002314866553057,-0.14618661702940017
2026-09-09T06:47:57.928+00:00,1000.4143242568215,0.41432425682150303,10,ACQUIRE_VERIFY,10,0,simulation,1,,30.000000000000007,0.033333333333333326,1000414.3242568215,1000414.3242568215,0.0,1000414.3242568215,-0.008594766461816361,4.054567271035623,-0.010425197537188069
2026-09-09T06:47:58.025+00:00,1000.5115093715918,0.5115093715918,11,ACQUIRE_VERIFY,11,0,simulation,1,,10.289641601633768,0.09718511477029695,1000447.6575901548,1000511.5093715918,63.85178143696363,1000511.5093715918,0.0037576827818854132,3.992682856927298,2.508677183970974
2026-09-09T06:47:58.058+00:00,1000.5448427049251,0.5448427049251333,12,ACQUIRE_VERIFY,12,0,simulation,1,,30.000000000000007,0.033333333333333326,1000544.8427049251,1000544.8427049251,0.0,1000544.8427049251,-0.008250958774016664,4.001527866837199,0.4026215634211212
2026-09-09T06:47:58.091+00:00,1000.5781760382584,0.5781760382584666,13,ACQUIRE_VERIFY,13,0,simulation,1,,30.000000000000007,0.033333333333333326,1000578.1760382585,1000578.1760382585,0.0,1000578.1760382585,-0.0050310443974240565,3.9985778558181995,0.7880445359154464
2026-09-09T06:47:58.152+00:00,1000.6383251403682,0.6383251403682255,14,ACQUIRE_VERIFY,14,0,simulation,1,,16.625352082151117,0.06014910210975888,1000611.5093715917,1000638.3251403682,26.815768776425553,1000638.3251403682,0.00611348030586502,3.9938449130611966,0.22298030536987312
2026-09-09T06:47:58.172+00:00,1000.6590292170939,0.6590292170939384,15,ACQUIRE_VERIFY,15,0,simulation,1,,48.29966644965523,0.02070407672571284,1000644.8427049252,1000659.029217094,14.186512168805066,1000659.029217094,0.01327949094945002,3.978256096864394,0.8854651153686177
2026-09-09T06:47:58.191+00:00,1000.6781760382585,0.6781760382584666,16,ACQUIRE_VERIFY,16,0,simulation,1,,52.22799081931249,0.01914682116452826,1000678.1760382585,1000678.1760382585,0.0,1000678.1760382585,-0.003330087072125447,3.983227372796914,-0.36132842369704576
2026-09-09T06:47:58.225+00:00,1000.7115093715918,0.7115093715917999,17,ACQUIRE_VERIFY,17,0,simulation,1,,30.000000000000007,0.033333333333333326,1000711.5093715917,1000711.5093715917,0.0,1000711.5093715917,-0.0032725340389780666,4.033055823112985,-0.35171052720548346
2026-09-09T06:47:58.294+00:00,1000.781053559928,0.7810535599279769,18,ACQUIRE_VERIFY,18,0,simulation,1,,14.379346771091718,0.06954418833617693,1000744.8427049251,1000781.053559928,36.2108550028436,1000781.053559928,-0.0028761026713343745,4.0296362895723075,-1.2143748844164577
2026-09-09T06:47:58.328+00:00,1000.8143868932613,0.8143868932613102,19,ACQUIRE_VERIFY,19,0,simulation,1,,30.000000000000007,0.033333333333333326,1000814.3868932612,1000814.3868932612,0.0,1000814.3868932612,-0.003059696597595009,4.008028046281718,-0.30580773019062235
2026-09-09T06:47:58.361+00:00,1000.8477202265947,0.8477202265946435,20,ACQUIRE_VERIFY,20,0,simulation,1,,30.000000000000007,0.033333333333333326,1000847.7202265947,1000847.7202265947,0.0,1000847.7202265947,0.0155884873888236,4.020794629613795,-0.6849622475651813
2026-09-09T06:47:58.430+00:00,1000.9168124625164,0.9168124625163969,21,ACQUIRE_VERIFY,21,0,simulation,1,,14.47340626134165,0.0690922359217534,1000881.053559928,1000916.8124625164,35.75890258842007,1000916.8124625164,-0.010415589736832266,3.973719844876765,-0.31549768076658324
2026-09-09T06:47:58.463+00:00,1000.9501457958497,0.9501457958497302,22,ACQUIRE_VERIFY,22,0,simulation,1,,30.000000000000007,0.033333333333333326,1000950.1457958497,1000950.1457958497,0.0,1000950.1457958497,0.01630808790169491,3.974435469344484,0.40590479486724007
2026-09-09T06:47:58.497+00:00,1000.983479129183,0.9834791291830636,23,ACQUIRE_VERIFY,23,0,simulation,1,,30.000000000000007,0.033333333333333326,1000983.479129183,1000983.479129183,0.0,1000983.479129183,-0.008692785306246835,4.029972396974543,-0.20522141999524024
2026-09-09T06:47:58.554+00:00,1001.0411517290258,1.0411517290258203,24,ACQUIRE_VERIFY,24,0,simulation,1,,17.3392564706027,0.057672599842756744,1001016.8124625165,1001041.1517290259,24.339266509423307,1001041.1517290259,-0.009020625482643083,4.001525312818358,-1.4950834690955048
2026-09-09T06:47:58.563+00:00,1001.0501457958497,1.0501457958497304,25,ACQUIRE_VERIFY,25,0,simulation,1,,111.18440851935482,0.00899406682391013,1001050.1457958497,1001050.1457958497,0.0,1001050.1457958497,-0.00789218315249527,4.002646086847441,-0.29578435840736006
2026-09-09T06:47:58.597+00:00,1001.083479129183,1.0834791291830639,26,ACQUIRE_VERIFY,26,0,simulation,1,,29.999999999999908,0.03333333333333344,1001083.479129183,1001083.479129183,0.0,1001083.479129183,0.006956320936248434,4.023681290572402,-0.49268450715482004
2026-09-09T06:47:58.684+00:00,1001.1703161538616,1.1703161538616094,27,ACQUIRE_VERIFY,27,0,simulation,1,,11.515825233554628,0.08683702467854548,1001116.8124625164,1001170.3161538616,53.50369134521205,1001170.3161538616,0.010759078610521649,4.015997261168526,0.2681662846454458
2026-09-09T06:47:58.751+00:00,1001.237856066929,1.2378560669289695,28,ACQUIRE_VERIFY,28,0,simulation,1,,14.806059921970304,0.06753991306736018,1001203.649487195,1001237.856066929,34.20657973402675,1001237.856066929,0.008856507491405189,3.99969542900752,0.29264414284364193
2026-09-09T06:47:58.784+00:00,1001.2711894002623,1.271189400262303,29,ACQUIRE_VERIFY,29,0,simulation,1,,29.999999999999908,0.03333333333333344,1001271.1894002623,1001271.1894002623,0.0,1001271.1894002623,0.006253588281155389,3.976617324895595,0.6434949815346442
2026-09-09T06:47:58.818+00:00,1001.3045227335956,1.3045227335956364,30,ACQUIRE_VERIFY,30,0,simulation,1,,29.999999999999908,0.03333333333333344,1001304.5227335956,1001304.5227335956,0.0,1001304.5227335956,0.015027405620607991,3.9737797273981132,-1.5638828105595906
2026-09-09T06:47:58.851+00:00,1001.337856066929,1.3378560669289699,31,ACQUIRE_VERIFY,31,0,simulation,1,,29.999999999999908,0.03333333333333344,1001337.8560669291,1001337.8560669291,0.0,1001337.8560669291,-0.0011010461192146707,4.019305229844927,-0.32229239321029013
2026-09-09T06:47:58.884+00:00,1001.3711894002623,1.3711894002623033,32,ACQUIRE_VERIFY,32,0,simulation,1,,29.999999999999908,0.03333333333333344,1001371.1894002623,1001371.1894002623,0.0,1001371.1894002623,-0.008034035603860974,3.994585809110552,-0.14553442095024138
2026-09-09T06:47:58.918+00:00,1001.4045227335956,1.4045227335956367,33,ACQUIRE_VERIFY,33,0,simulation,1,,29.999999999999908,0.03333333333333344,1001404.5227335956,1001404.5227335956,0.0,1001404.5227335956,-0.01061347423657114,4.027775083476807,-0.06889750136727457
2026-09-09T06:47:58.951+00:00,1001.4378560669289,1.4378560669289702,34,ACQUIRE_VERIFY,34,0,simulation,1,,29.999999999999908,0.03333333333333344,1001437.856066929,1001437.856066929,0.0,1001437.856066929,-0.01165887658330761,3.9938842753763613,0.2599390024996353
2026-09-09T06:47:58.996+00:00,1001.4830790817708,1.4830790817708754,35,ACQUIRE_VERIFY,35,0,simulation,1,,22.112634540087406,0.045223014841905274,1001471.1894002623,1001483.0790817708,11.889681508571837,1001483.0790817708,0.008641571499257317,4.002880683418806,0.721022945191578
2026-09-09T06:47:59.153+00:00,1001.6392272693847,1.6392272693847543,36,ACQUIRE_VERIFY,36,0,simulation,1,,6.404172954429588,0.15614818761387883,1001504.5227335957,1001639.2272693848,134.70453578911724,1001639.2272693848,0.009191374392845843,3.9991575574264275,0.4723328753434828
2026-09-09T06:47:59.186+00:00,1001.6725606027181,1.6725606027180877,37,ACQUIRE_VERIFY,37,0,simulation,1,,29.999999999999908,0.03333333333333344,1001672.5606027181,1001672.5606027181,0.0,1001672.5606027181,-0.01275297115213521,4.000647033308086,-0.6699824932959189
2026-09-09T06:47:59.219+00:00,1001.7061724946517,1.7061724946517267,38,ACQUIRE_VERIFY,38,0,simulation,1,,29.751374959027324,0.033611891933639004,1001705.8939360514,1001706.1724946517,0.27855860030556734,1001706.1724946517,0.010780837083638433,4.005276003885671,-0.7584663332089576
2026-09-09T06:47:59.253+00:00,1001.7392272693847,1.7392272693847546,39,ACQUIRE_VERIFY,39,0,simulation,1,,30.252815457877375,0.03305477473302787,1001739.2272693848,1001739.2272693848,0.0,1001739.2272693848,-0.005086082268557473,4.003699493941422,1.9263662759852025
2026-09-09T06:47:59.286+00:00,1001.772560602718,1.772560602718088,40,ACQUIRE_VERIFY,40,0,simulation,1,,29.999999999999908,0.03333333333333344,1001772.560602718,1001772.560602718,0.0,1001772.560602718,-0.004610076099004273,3.9981834589437866,1.0685060586146449
2026-09-09T06:47:59.319+00:00,1001.8058939360515,1.8058939360514215,41,ACQUIRE_VERIFY,41,0,simulation,1,,29.999999999999908,0.03333333333333344,1001805.8939360514,1001805.8939360514,0.0,1001805.8939360514,0.008110500895107764,3.997156689791514,-1.4095118130634319
2026-09-09T06:47:59.357+00:00,1001.8437137280212,1.8437137280211537,42,ACQUIRE_VERIFY,42,0,simulation,1,,26.44118192930078,0.037819791969732286,1001839.2272693848,1001843.7137280211,4.486458636398849,1001843.7137280211,0.007304570932045616,3.985817041060505,0.5732923670274204
2026-09-09T06:47:59.386+00:00,1001.8725606027181,1.8725606027180883,43,ACQUIRE_VERIFY,43,0,simulation,1,,34.6658003858652,0.028846874696934588,1001872.560602718,1001872.560602718,0.0,1001872.560602718,-0.003284871971399678,4.014851881806337,0.18559892374065612
2026-09-09T06:47:59.419+00:00,1001.9058939360514,1.9058939360514218,44,ACQUIRE_VERIFY,44,0,simulation,1,,29.999999999999908,0.03333333333333344,1001905.8939360514,1001905.8939360514,0.0,1001905.8939360514,-0.00689130982031402,4.022576746495938,0.31393505826866885
2026-09-09T06:47:59.453+00:00,1001.9392272693848,1.9392272693847552,45,ACQUIRE_VERIFY,45,0,simulation,1,,29.999999999999908,0.03333333333333344,1001939.2272693848,1001939.2272693848,0.0,1001939.2272693848,-0.005419692400144999,3.9716152995816434,-0.6283291955856782
2026-09-09T06:47:59.583+00:00,1002.0696589582236,2.0696589582235605,46,ACQUIRE_VERIFY,46,0,simulation,1,,7.666848515899042,0.1304316888388053,1001972.560602718,1002069.6589582236,97.09835550547186,1002069.6589582236,0.012352273183139549,4.020403827306449,-0.8456766180439104
2026-09-09T06:47:59.616+00:00,1002.1029922915569,2.1029922915568937,47,ACQUIRE_VERIFY,47,0,simulation,1,,30.000000000000107,0.033333333333333215,1002102.9922915569,1002102.9922915569,0.0,1002102.9922915569,-0.0027609528983687757,3.9932534986485053,0.6471079764955903
2026-09-09T06:47:59.696+00:00,1002.1831534720715,2.183153472071479,48,ACQUIRE_VERIFY,48,0,simulation,1,,12.474866183115264,0.08016118051458543,1002136.3256248903,1002183.1534720715,46.82784718125221,1002183.1534720715,0.005898847369142194,4.021933412118035,-0.11291129475165462
2026-09-09T06:47:59.754+00:00,1002.2405683680323,2.240568368032277,49,ACQUIRE_VERIFY,49,0,simulation,1,,17.417082853947576,0.057414895960798074,1002216.4868054048,1002240.5683680323,24.08156262746486,1002240.5683680323,-0.00018663330338421043,4.009525444203624,0.06349789749694423
2026-09-09T06:47:59.763+00:00,1002.2498201387382,2.2498201387381456,50,ACQUIRE_VERIFY,50,0,simulation,1,,108.08741718660457,0.009251770705868356,1002249.8201387381,1002249.8201387381,0.0,1002249.8201387381,0.005697478105959054,3.9858394455702646,1.2432001390845642
2026-09-09T06:47:59.857+00:00,1002.3437914786714,2.3437914786714398,51,ACQUIRE_VERIFY,51,0,simulation,1,,10.641542418250634,0.0939713399332942,1002283.1534720715,1002343.7914786714,60.63800659996099,1002343.7914786714,0.007729662260964318,4.033024886720886,0.47098776068352777
2026-09-09T06:47:59.909+00:00,1002.3959304792129,2.3959304792128915,52,ACQUIRE_VERIFY,52,0,simulation,1,,19.179500750210526,0.05213900054145171,1002377.1248120049,1002395.9304792129,18.805667208118493,1002395.9304792129,0.010949361221868148,3.9963380029652225,1.2760405545502351
2026-09-09T06:47:59.925+00:00,1002.4119683472799,2.4119683472798723,53,ACQUIRE_VERIFY,53,0,simulation,1,,62.352427132059155,0.01603786806698082,1002410.4581453381,1002411.9683472798,1.5102019417660983,1002411.9683472798,-0.0008574931002571873,4.03305694944951,0.8307138624740276
2026-09-09T06:48:00.015+00:00,1002.5022106714847,2.502210671484707,54,ACQUIRE_VERIFY,54,0,simulation,1,,11.081274876411294,0.09024232420483491,1002443.7914786714,1002502.2106714847,58.4191928132678,1002502.2106714847,0.014717909663052251,3.990882170803396,-1.2680606694132166
2026-09-09T06:48:00.049+00:00,1002.535544004818,2.5355440048180404,55,ACQUIRE_VERIFY,55,0,simulation,1,,30.000000000000107,0.033333333333333215,1002535.544004818,1002535.544004818,0.0,1002535.544004818,-0.004799848015453939,3.9968939026876136,0.21090631633785506
2026-09-09T06:48:00.082+00:00,1002.5688773381514,2.5688773381513736,56,ACQUIRE_VERIFY,56,0,simulation,1,,30.000000000000107,0.033333333333333215,1002568.8773381514,1002568.8773381514,0.0,1002568.8773381514,-0.015202581991173001,4.001316120725669,0.7473521854664682
2026-09-09T06:48:00.115+00:00,1002.6022106714847,2.602210671484707,57,ACQUIRE_VERIFY,57,0,simulation,0,,30.000000000000107,0.033333333333333215,1002602.2106714847,1002602.2106714847,0.0,1002602.2106714847,,,
2026-09-09T06:48:00.149+00:00,1002.635544004818,2.63554400481804,58,ACQUIRE_VERIFY,58,0,simulation,1,,30.000000000000107,0.033333333333333215,1002635.5440048181,1002635.5440048181,0.0,1002635.5440048181,-0.01925917129912969,4.0123249105017,1.4446048965406533
2026-09-09T06:48:00.182+00:00,1002.6688773381513,2.6688773381513733,59,ACQUIRE_VERIFY,59,0,simulation,1,,30.000000000000107,0.033333333333333215,1002668.8773381513,1002668.8773381513,0.0,1002668.8773381513,0.0053596507283313775,3.9852177564356395,-0.35401876186995196
2026-09-09T06:48:00.242+00:00,1002.729048763282,2.729048763282024,60,ACQUIRE_VERIFY,60,0,simulation,1,,16.619184236183415,0.06017142513065066,1002702.2106714847,1002729.048763282,26.838091797317443,1002729.048763282,0.00943604543456625,3.9994529276834943,-0.6036006059046315
2026-09-09T06:48:00.307+00:00,1002.7934989715839,2.7934989715838627,61,ACQUIRE_VERIFY,61,0,simulation,1,,15.51585365429253,0.06445020830183879,1002735.5440048181,1002793.4989715839,57.954966765823016,1002793.4989715839,-0.009939045678222177,3.9788025077443794,1.5514436109899066
2026-09-09T06:48:00.373+00:00,1002.8601240443531,2.860124044353193,62,ACQUIRE_VERIFY,62,0,simulation,1,,15.009364469472416,0.06662507276933027,1002826.8323049172,1002860.1240443531,33.29173943599706,1002860.1240443531,-0.009487709865419082,3.9927774362178097,-0.18765833528493658
2026-09-09T06:48:00.392+00:00,1002.8782833554679,2.8782833554679477,63,ACQUIRE_VERIFY,63,0,simulation,1,,55.06816826258832,0.01815931111475466,1002860.1656382505,1002878.283355468,18.117717217418505,1002878.283355468,-0.009034135639440442,4.024075944782918,-0.39811770362172183
2026-09-09T06:48:00.407+00:00,1002.8934989715839,2.8934989715838624,64,ACQUIRE_VERIFY,64,0,simulation,1,,65.72195252442353,0.01521561611591471,1002893.4989715839,1002893.4989715839,0.0,1002893.4989715839,-0.002237051515086696,3.991502617506099,-1.4214010943688038
2026-09-09T06:48:00.440+00:00,1002.9268323049172,2.9268323049171956,65,ACQUIRE_VERIFY,65,0,simulation,1,,30.000000000000107,0.033333333333333215,1002926.8323049172,1002926.8323049172,0.0,1002926.8323049172,0.011065585260762748,3.998399268805505,-0.8887382109484179
2026-09-09T06:48:00.473+00:00,1002.9601656382505,2.960165638250529,66,ACQUIRE_VERIFY,66,0,simulation,1,,30.000000000000107,0.033333333333333215,1002960.1656382505,1002960.1656382505,0.0,1002960.1656382505,0.004287404584463763,4.000930730268669,0.3460017217237805
2026-09-09T06:48:00.507+00:00,1002.9934989715839,2.993498971583862,67,ACQUIRE_VERIFY,67,0,simulation,1,,30.000000000000107,0.033333333333333215,1002993.4989715839,1002993.4989715839,0.0,1002993.4989715839,-0.007414060834847632,4.011993062369597,1.0321950562604059
2026-09-09T06:48:00.586+00:00,1003.0726735601994,3.072673560199363,68,ACQUIRE_VERIFY,68,0,simulation,1,,12.630315073139757,0.07917458861550086,1003026.8323049172,1003072.6735601994,45.84125528216765,1003072.6735601994,-0.0024926248643080996,3.971833913258382,1.2686300153954164
2026-09-09T06:48:00.634+00:00,1003.1202835438323,3.1202835438323526,69,ACQUIRE_VERIFY,69,0,simulation,1,,21.00399797884164,0.04760998363298974,1003106.0068935327,1003120.2835438324,14.276650299656524,1003120.2835438324,0.005628813932761568,4.028190729379974,-0.785826822756718
2026-09-09T06:48:00.716+00:00,1003.2022657886866,3.2022657886867023,70,ACQUIRE_VERIFY,70,0,simulation,1,,12.197763086100021,0.08198224485434968,1003139.340226866,1003202.2657886867,62.925561820672996,1003202.2657886867,0.00098079156771396,4.014215122920696,0.9133902135264691
2026-09-09T06:48:00.756+00:00,1003.2428369926229,3.2428369926229137,71,ACQUIRE_VERIFY,71,0,simulation,1,,24.648023794715662,0.040571203936211386,1003235.5991220201,1003242.8369926228,7.237870602878171,1003242.8369926228,0.009134641224170816,3.995806975035511,-1.422630553746444
2026-09-09T06:48:00.808+00:00,1003.2945408633609,3.294540863360961,72,STAGING_PLAN,72,0,simulation,1,,19.34091172915089,0.051703870738047275,1003268.9324553533,1003294.5408633609,25.60840800759223,1003294.5408633609,-0.0043754088458640246,3.9839569137142967,-0.08903945610276764
2026-09-09T06:48:00.826+00:00,1003.312586272652,3.312586272651992,73,STAGING_PLAN,73,0,simulation,1,,55.41575610019637,0.018045409291031156,1003302.2657886867,1003312.586272652,10.320483965290173,1003312.586272652,0.006109538940413747,4.02687831112422,-1.6953867117180152
2026-09-09T06:48:00.849+00:00,1003.3355991220201,3.335599122020035,74,STAGING_PLAN,74,0,simulation,1,,43.453984511307716,0.023012849368043042,1003335.5991220201,1003335.5991220201,0.0,1003335.5991220201,0.0037915994630056626,3.9929915984984667,-0.4534991584597776
2026-09-09T06:48:00.895+00:00,1003.382114344126,3.382114344125925,75,STAGING_PLAN,75,0,simulation,1,,21.498338709929005,0.046515222105889986,1003368.9324553534,1003382.114344126,13.181888772556771,1003382.114344126,0.003466633268982589,4.041811742846846,0.8194238487046732
2026-09-09T06:48:00.945+00:00,1003.4320009054852,3.4320009054852254,76,STAGING_PLAN,76,0,simulation,1,,20.045478636975087,0.04988656135930025,1003402.2657886867,1003432.0009054852,29.73511679852381,1003432.0009054852,-0.0016528502835689374,3.9724253668434493,-0.6245387912770468
2026-09-09T06:48:01.006+00:00,1003.4923710658321,3.4923710658320726,77,STAGING_PLAN,77,0,simulation,1,,16.564474804351335,0.06037016034684717,1003435.59912202,1003492.3710658321,56.77194381203776,1003492.3710658321,-0.010719935097006984,3.977878416111789,0.0691910769216122
2026-09-09T06:48:01.056+00:00,1003.5426772062037,3.542677206203791,78,STAGING_PLAN,78,0,simulation,1,,19.878289063936887,0.05030614037171821,1003525.7043991655,1003542.6772062037,16.972807038384996,1003542.6772062037,-0.0016347008133227436,4.003106451395867,0.259369444693192
2026-09-09T06:48:01.147+00:00,1003.633584113572,3.6335841135720455,79,STAGING_PLAN,79,0,simulation,1,,11.000264214787345,0.09090690736825469,1003559.0377324987,1003633.584113572,74.54638107330646,1003633.584113572,-0.008774449074125916,3.9815783373460136,0.6089728710292661
2026-09-09T06:48:01.180+00:00,1003.6669174469054,3.6669174469053787,80,STAGING_PLAN,80,0,simulation,1,,30.000000000000107,0.033333333333333215,1003666.9174469054,1003666.9174469054,0.0,1003666.9174469054,0.023676356894726462,4.00166064572499,-1.6185997553923244
2026-09-09T06:48:01.231+00:00,1003.7181130285197,3.71811302851974,81,STAGING_PLAN,81,0,simulation,1,,19.532935625825157,0.05119558161436144,1003700.2507802387,1003718.1130285197,17.862248281028226,1003718.1130285197,-0.0017926097552172016,4.003355817557732,0.17721184206826024
2026-09-09T06:48:01.251+00:00,1003.7372333267886,3.737233326788609,82,STAGING_PLAN,82,0,simulation,1,,52.300439351836815,0.01912029826886874,1003733.584113572,1003737.2333267885,3.6492132165637514,1003737.2333267885,0.0075854937688147215,3.984779026985682,1.0068598050958997
2026-09-09T06:48:01.301+00:00,1003.7882208648045,3.7882208648045026,83,STAGING_PLAN,83,0,simulation,1,,19.612635536320308,0.05098753801589373,1003766.9174469054,1003788.2208648046,21.303417899124266,1003788.2208648046,-0.019357825691069624,3.9859405678669666,0.06567713491639893
2026-09-09T06:48:01.345+00:00,1003.8316035283781,3.831603528378033,84,WAYPOINT_DRIVE,84,0,simulation,1,,23.05068240692666,0.0433826635735306,1003800.2507802387,1003831.6035283781,31.35274813932165,1003831.6035283781,-0.0016512497470331747,3.992083660607807,0.19743728646139402
2026-09-09T06:48:01.347+00:00,1003.8335841135721,3.8335841135720448,85,WAYPOINT_DRIVE,85,0,simulation,1,,504.9012801991902,0.0019805851940115637,1003833.5841135721,1003833.5841135721,0.0,1003833.5841135721,0.0017589847241555572,4.0104136481436665,0.41278035439242444
2026-09-09T06:48:01.438+00:00,1003.9246468801072,3.924646880107163,86,WAYPOINT_DRIVE,86,0,simulation,1,,10.981436629364358,0.09106276653511802,1003866.9174469054,1003924.6468801071,57.72943320178481,1003924.6468801071,0.009698646572217475,3.983679574022844,-0.4881677689170374
2026-09-09T06:48:01.475+00:00,1003.9615930022586,3.961593002258652,87,WAYPOINT_DRIVE,87,0,simulation,1,,27.066440042062442,0.03694612215148929,1003957.9802134405,1003961.5930022586,3.6127888181560763,1003961.5930022586,-0.012086441949968598,3.982209232696177,0.7171418595529246
2026-09-09T06:48:01.559+00:00,1004.0453003283749,4.045300328374915,88,WAYPOINT_DRIVE,88,0,simulation,1,,11.946385655791692,0.08370732611626286,1003991.3135467739,1004045.3003283748,53.986781601085724,1004045.3003283748,0.008763815143165612,3.9793935689249946,0.317188860824416
2026-09-09T06:48:01.592+00:00,1004.0786336617083,4.078633661708248,89,WAYPOINT_DRIVE,89,0,simulation,1,,30.000000000000107,0.033333333333333215,1004078.6336617083,1004078.6336617083,0.0,1004078.6336617083,0.01625770732456648,3.988889699421154,0.1723474342977056
2026-09-09T06:48:01.636+00:00,1004.1223182131943,4.122318213194265,90,WAYPOINT_DRIVE,90,0,simulation,0,,22.891387595454596,0.04368455148601669,1004111.9669950416,1004122.3182131943,10.351218152683472,1004122.3182131943,,,
2026-09-09T06:48:01.745+00:00,1004.2318476051279,4.231847605127857,91,WAYPOINT_DRIVE,91,0,simulation,1,,9.129969429633087,0.10952939193359246,1004145.300328375,1004231.8476051278,86.54727675294271,1004231.8476051278,0.01997988258076091,3.9805443990077403,-0.5728423984467952
2026-09-09T06:48:01.778+00:00,1004.2651809384612,4.2651809384611905,92,WAYPOINT_DRIVE,92,0,simulation,1,,30.000000000000107,0.033333333333333215,1004265.1809384612,1004265.1809384612,0.0,1004265.1809384612,0.0017401737559954054,4.039648640840451,-0.46888275440366556
2026-09-09T06:48:01.835+00:00,1004.3214054646662,4.321405464666174,93,WAYPOINT_DRIVE,93,0,simulation,1,,17.785832402645624,0.05622452620498386,1004298.5142717945,1004321.4054646662,22.891192871650645,1004321.4054646662,0.01567119883000762,4.009721224516205,-1.1957577433219058
2026-09-09T06:48:01.847+00:00,1004.3334707999692,4.333470799969176,94,WAYPOINT_DRIVE,94,0,simulation,1,,82.88207288786961,0.012065335303002023,1004331.847605128,1004333.4707999692,1.623194841319453,1004333.4707999692,0.012135976095705953,3.9987008813401914,0.42915184006480445
2026-09-09T06:48:01.998+00:00,1004.4851122520583,4.4851122520583395,95,WAYPOINT_DRIVE,95,0,simulation,1,,6.5945029292651025,0.15164145208916313,1004365.1809384612,1004485.1122520583,119.93131359714937,1004485.1122520583,-0.0057301663267136605,4.0226392020144965,-0.41263338593344656
2026-09-09T06:48:02.032+00:00,1004.5184455853916,4.518445585391673,96,WAYPOINT_DRIVE,96,0,simulation,1,,30.000000000000107,0.033333333333333215,1004518.4455853916,1004518.4455853916,0.0,1004518.4455853916,0.0074849266659443746,3.981558308680303,-0.08063859882736324
2026-09-09T06:48:02.098+00:00,1004.5845441162478,4.584544116247771,97,WAYPOINT_DRIVE,97,0,simulation,1,,15.128929297643298,0.06609853085609796,1004551.778918725,1004584.5441162478,32.765197522764744,1004584.5441162478,-0.011500804090568775,4.024886094572941,-0.14980312133829443
2026-09-09T06:48:02.098+00:00,1004.5851122520584,4.585112252058339,98,WAYPOINT_DRIVE,98,0,simulation,1,,1760.1425247238162,0.0005681358105684708,1004585.1122520583,1004585.1122520583,0.0,1004585.1122520583,-0.0032685776699326492,4.002091484193672,-0.09780905736150203
2026-09-09T06:48:02.132+00:00,1004.6184455853917,4.618445585391672,99,WAYPOINT_DRIVE,99,0,simulation,1,,30.000000000000107,0.033333333333333215,1004618.4455853917,1004618.4455853917,0.0,1004618.4455853917,0.006274917585306186,3.97478049225697,-1.0888772219146858
2026-09-09T06:48:02.165+00:00,1004.651778918725,4.651778918725006,100,WAYPOINT_DRIVE,100,0,simulation,0,,30.000000000000107,0.033333333333333215,1004651.778918725,1004651.778918725,0.0,1004651.778918725,,,
2026-09-09T06:48:02.198+00:00,1004.6851122520584,4.685112252058339,101,WAYPOINT_DRIVE,101,0,simulation,1,,30.000000000000107,0.033333333333333215,1004685.1122520583,1004685.1122520583,0.0,1004685.1122520583,-0.009396026954088922,3.9651557953679255,-0.25294160064461835
2026-09-09T06:48:02.232+00:00,1004.7184455853917,4.718445585391672,102,WAYPOINT_DRIVE,102,0,simulation,1,,30.000000000000107,0.033333333333333215,1004718.4455853917,1004718.4455853917,0.0,1004718.4455853917,-0.008544314609526297,3.972639813658556,-0.3058397864826645
2026-09-09T06:48:02.265+00:00,1004.751778918725,4.751778918725005,103,WAYPOINT_DRIVE,103,0,simulation,1,,30.000000000000107,0.033333333333333215,1004751.778918725,1004751.778918725,0.0,1004751.778918725,0.0031241107926278018,3.9585347130763537,-0.44895747374221173
2026-09-09T06:48:02.298+00:00,1004.7851122520583,4.7851122520583385,104,WAYPOINT_DRIVE,104,0,simulation,1,,30.000000000000107,0.033333333333333215,1004785.1122520583,1004785.1122520583,0.0,1004785.1122520583,-0.017999727794920026,3.992715048544089,1.0990944724023848
2026-09-09T06:48:02.370+00:00,1004.8569650900555,4.856965090055454,105,WAYPOINT_DRIVE,105,0,simulation,1,,13.917334761921836,0.07185283799711595,1004818.4455853917,1004856.9650900555,38.51950466378273,1004856.9650900555,-0.006796111034623245,3.9966193682135076,-0.6873838392804146
2026-09-09T06:48:02.404+00:00,1004.8902984233888,4.890298423388788,106,WAYPOINT_DRIVE,106,0,simulation,1,,30.000000000000107,0.033333333333333215,1004890.2984233889,1004890.2984233889,0.0,1004890.2984233889,-0.008245846748287863,3.944322587854776,-0.9256911320466088
2026-09-09T06:48:02.437+00:00,1004.9236317567221,4.923631756722121,107,WAYPOINT_DRIVE,107,0,simulation,0,,30.000000000000107,0.033333333333333215,1004923.6317567221,1004923.6317567221,0.0,1004923.6317567221,,,
2026-09-09T06:48:02.470+00:00,1004.9569650900554,4.956965090055454,108,WAYPOINT_DRIVE,108,0,simulation,1,,30.000000000000107,0.033333333333333215,1004956.9650900554,1004956.9650900554,0.0,1004956.9650900554,-0.019604562590076566,3.9859682900136844,0.9353517056620433
2026-09-09T06:48:02.504+00:00,1004.9902984233888,4.990298423388787,109,WAYPOINT_DRIVE,109,0,simulation,1,,30.000000000000107,0.033333333333333215,1004990.2984233889,1004990.2984233889,0.0,1004990.2984233889,0.019990362891607653,3.95332694442034,0.009660063188221102
2026-09-09T06:48:02.537+00:00,1005.0236317567221,5.0236317567221205,110,WAYPOINT_DRIVE,110,0,simulation,1,,30.000000000000107,0.033333333333333215,1005023.6317567221,1005023.6317567221,0.0,1005023.6317567221,-0.005356150608506482,3.929190222338103,-0.6962616492192808
2026-09-09T06:48:02.570+00:00,1005.0569650900554,5.056965090055454,111,WAYPOINT_DRIVE,111,0,simulation,1,,30.000000000000107,0.033333333333333215,1005056.9650900555,1005056.9650900555,0.0,1005056.9650900555,-0.012272175071772001,3.9634852121898434,-0.49009990184035246
2026-09-09T06:48:02.651+00:00,1005.1373690334444,5.137369033444467,112,WAYPOINT_DRIVE,112,0,simulation,1,,12.437200936299355,0.08040394338901358,1005090.2984233887,1005137.3690334444,47.07061005568036,1005137.3690334444,0.007053894619491463,3.961487276629965,-1.0543623273570972
2026-09-09T06:48:02.684+00:00,1005.1707023667778,5.1707023667778005,113,WAYPOINT_DRIVE,113,0,simulation,1,,30.000000000000107,0.033333333333333215,1005170.7023667778,1005170.7023667778,0.0,1005170.7023667778,-0.006285957395513756,3.967750140216331,-1.7366424560554208
2026-09-09T06:48:02.717+00:00,1005.2040357001111,5.204035700111134,114,WAYPOINT_DRIVE,114,0,simulation,1,,30.000000000000107,0.033333333333333215,1005204.0357001112,1005204.0357001112,0.0,1005204.0357001112,-0.008116267285910589,3.9299539947548765,1.730568881557872
2026-09-09T06:48:02.751+00:00,1005.2373690334445,5.237369033444467,115,WAYPOINT_DRIVE,115,0,simulation,0,,30.000000000000107,0.033333333333333215,1005237.3690334444,1005237.3690334444,0.0,1005237.3690334444,,,
2026-09-09T06:48:02.784+00:00,1005.2707023667778,5.2707023667778,116,WAYPOINT_DRIVE,116,0,simulation,1,,30.000000000000107,0.033333333333333215,1005270.7023667778,1005270.7023667778,0.0,1005270.7023667778,-0.02376489860167826,3.9125007950929707,-0.2832974016699268
2026-09-09T06:48:02.817+00:00,1005.3040357001112,5.304035700111133,117,WAYPOINT_DRIVE,117,0,simulation,1,,30.000000000000107,0.033333333333333215,1005304.0357001112,1005304.0357001112,0.0,1005304.0357001112,-0.005525943772643699,3.946962413171959,0.29255764795223627
2026-09-09T06:48:02.922+00:00,1005.4083289592006,5.408328959200632,118,WAYPOINT_DRIVE,118,0,simulation,1,,9.588347403563805,0.10429325908949849,1005337.3690334444,1005408.3289592006,70.95992575616528,1005408.3289592006,-0.00226756905024412,3.9337638383329088,0.4015545970657399
2026-09-09T06:48:02.955+00:00,1005.4416622925339,5.441662292533965,119,WAYPOINT_DRIVE,119,0,simulation,1,,30.000000000000107,0.033333333333333215,1005441.6622925339,1005441.6622925339,0.0,1005441.6622925339,-0.0010100170829282003,3.9493517875867177,-0.7239391992356161
2026-09-09T06:48:02.988+00:00,1005.4749956258673,5.474995625867298,120,WAYPOINT_DRIVE,120,0,simulation,1,,30.000000000000107,0.033333333333333215,1005474.9956258674,1005474.9956258674,0.0,1005474.9956258674,0.005969022283762352,3.897838307221401,0.37526725854712595
2026-09-09T06:48:03.030+00:00,1005.5168843429826,5.516884342982604,121,WAYPOINT_DRIVE,121,0,simulation,1,,23.872776940084528,0.04188871711530595,1005508.3289592006,1005516.8843429827,8.555383781972736,1005516.8843429827,-0.017168685657772922,3.891914696951614,0.20235864920127256
2026-09-09T06:48:03.055+00:00,1005.5416622925339,5.541662292533965,122,WAYPOINT_DRIVE,122,0,simulation,1,,40.35846460689453,0.02477794955136048,1005541.6622925339,1005541.6622925339,0.0,1005541.6622925339,-0.007513960125084365,3.9057682035922285,0.49356851706929206
2026-09-09T06:48:03.088+00:00,1005.5749956258672,5.574995625867298,123,WAYPOINT_DRIVE,123,0,simulation,1,,30.000000000000107,0.033333333333333215,1005574.9956258673,1005574.9956258673,0.0,1005574.9956258673,0.0030099553288362264,3.874004000390485,0.40203149796249704
2026-09-09T06:48:03.122+00:00,1005.6083289592007,5.608328959200631,124,WAYPOINT_DRIVE,124,0,simulation,1,,30.000000000000107,0.033333333333333215,1005608.3289592006,1005608.3289592006,0.0,1005608.3289592006,-0.004560452091945843,3.892549413590116,-0.08745039648729858
2026-09-09T06:48:03.226+00:00,1005.7129513827709,5.7129513827709735,125,WAYPOINT_DRIVE,125,0,simulation,1,,9.558180415574633,0.10462242357034235,1005641.662292534,1005712.9513827709,71.28909023700913,1005712.9513827709,0.0031686309878299554,3.8708355129454035,-1.0342435907147092
2026-09-09T06:48:03.287+00:00,1005.7740423070799,5.774042307079842,126,WAYPOINT_DRIVE,126,0,simulation,0,,16.369043541461505,0.061090924308868644,1005746.2847161044,1005774.0423070799,27.75759097553543,1005774.0423070799,,,
2026-09-09T06:48:03.293+00:00,1005.7796180494377,5.77961804943764,127,WAYPOINT_DRIVE,127,0,simulation,1,,179.34831558375006,0.005575742357797786,1005779.6180494376,1005779.6180494376,0.0,1005779.6180494376,0.0020002906660671195,3.816868110384217,0.5532631964884445
2026-09-09T06:48:03.334+00:00,1005.8202290526038,5.820229052603885,128,WAYPOINT_DRIVE,128,0,simulation,1,,24.6238684601412,0.04061100316624522,1005812.951382771,1005820.2290526038,7.277669832912004,1005820.2290526038,0.010964442295148733,3.8263199059011477,-1.7117433563321356
2026-09-09T06:48:03.360+00:00,1005.8462847161043,5.846284716104306,129,WAYPOINT_DRIVE,129,0,simulation,1,,38.37937191596883,0.02605566350042121,1005846.2847161043,1005846.2847161043,0.0,1005846.2847161043,-0.002422761596308892,3.8577070232911925,-1.866132669471881
2026-09-09T06:48:03.393+00:00,1005.8796180494377,5.8796180494376395,130,WAYPOINT_DRIVE,130,0,simulation,1,,30.000000000000107,0.033333333333333215,1005879.6180494376,1005879.6180494376,0.0,1005879.6180494376,-0.004566435884326035,3.7968886825502577,-1.2957214418800618
2026-09-09T06:48:03.426+00:00,1005.912951382771,5.912951382770973,131,WAYPOINT_DRIVE,131,0,simulation,0,,30.000000000000107,0.033333333333333215,1005912.951382771,1005912.951382771,0.0,1005912.951382771,,,
2026-09-09T06:48:03.460+00:00,1005.9462847161043,5.946284716104306,132,WAYPOINT_DRIVE,132,0,simulation,1,,30.000000000000107,0.033333333333333215,1005946.2847161043,1005946.2847161043,0.0,1005946.2847161043,-0.012418686005529471,3.7727757031094007,0.5740625827949941
2026-09-09T06:48:03.547+00:00,1006.0341321902413,6.034132190241322,133,WAYPOINT_DRIVE,133,0,simulation,1,,11.38336656601302,0.08784747413701588,1005979.6180494376,1006034.1321902412,54.514140803682665,1006034.1321902412,0.008845431947104597,3.7901194313045274,0.33254333271111136
2026-09-09T06:48:03.581+00:00,1006.0674655235747,6.067465523574655,134,WAYPOINT_DRIVE,134,0,simulation,1,,30.000000000000107,0.033333333333333215,1006067.4655235747,1006067.4655235747,0.0,1006067.4655235747,0.010420495164877348,3.7946802732264207,0.048968278242909946
2026-09-09T06:48:03.641+00:00,1006.1277010120306,6.127701012030577,135,WAYPOINT_DRIVE,135,0,simulation,1,,16.601508938236123,0.060235488455921526,1006100.798856908,1006127.7010120306,26.90215512258831,1006127.7010120306,-0.006094095645809927,3.7879110721547713,1.170660428193429
2026-09-09T06:48:03.652+00:00,1006.1382315478115,6.138231547811547,136,WAYPOINT_DRIVE,136,0,simulation,0,,94.96192983904285,0.010530535780969963,1006134.1321902412,1006138.2315478115,4.0993575702250595,1006138.2315478115,,,
2026-09-09T06:48:03.681+00:00,1006.1674655235746,6.167465523574655,137,WAYPOINT_DRIVE,137,0,simulation,1,,34.20677392987207,0.029233975763108155,1006167.4655235746,1006167.4655235746,0.0,1006167.4655235746,-0.01060513481068504,3.7467021858195872,-0.19242090750398688
2026-09-09T06:48:03.767+00:00,1006.2540779265985,6.2540779265984945,138,WAYPOINT_DRIVE,138,0,simulation,1,,11.545690514149035,0.08661240302383977,1006200.798856908,1006254.0779265985,53.27906969050655,1006254.0779265985,0.006132010031888369,3.7331361225848414,-0.049808124467574544
2026-09-09T06:48:03.801+00:00,1006.2874112599318,6.287411259931828,139,WAYPOINT_DRIVE,139,0,simulation,1,,30.000000000000107,0.033333333333333215,1006287.4112599317,1006287.4112599317,0.0,1006287.4112599317,0.004810476528249213,3.6818971805705787,-0.12564482744409133
2026-09-09T06:48:03.861+00:00,1006.3477704584436,6.3477704584435815,140,WAYPOINT_DRIVE,140,0,simulation,1,,16.567483078909174,0.06035919851175375,1006320.7445932652,1006347.7704584437,27.02586517842054,1006347.7704584437,-0.009062542940744359,3.7231844995055976,-0.9525646746870109
2026-09-09T06:48:03.867+00:00,1006.3540779265985,6.354077926598494,141,WAYPOINT_DRIVE,141,0,simulation,1,,158.54221938816028,0.0063074681549126765,1006354.0779265985,1006354.0779265985,0.0,1006354.0779265985,-0.00804878526705196,3.693570554936236,0.4454273314159707
2026-09-09T06:48:03.938+00:00,1006.4245567949665,6.424556794966528,142,WAYPOINT_DRIVE,142,0,simulation,1,,14.188650061435363,0.07047886836803396,1006387.4112599319,1006424.5567949666,37.14553503470075,1006424.5567949666,0.003961796607276462,3.707153764666844,-0.42906278439286893
2026-09-09T06:48:04.083+00:00,1006.5700289115664,6.5700289115664,143,WAYPOINT_DRIVE,143,0,simulation,0,,6.874169589149163,0.1454721165998718,1006457.8901282998,1006570.0289115664,112.13878326653858,1006570.0289115664,,,
2026-09-09T06:48:04.211+00:00,1006.697318251033,6.697318251033029,144,WAYPOINT_DRIVE,144,0,simulation,1,,7.8561174422793245,0.12728933946662924,1006603.3622448997,1006697.3182510331,93.95600613329603,1006697.3182510331,-0.007591847659891637,3.6349134113456043,1.173121323628493
2026-09-09T06:48:04.274+00:00,1006.760773668211,6.760773668211011,145,WAYPOINT_DRIVE,145,0,simulation,1,,15.75909582621073,0.0634554171779822,1006730.6515843663,1006760.773668211,30.122083844648984,1006760.773668211,0.0005332785157785049,3.6028825518903913,-0.2452752323710854
2026-09-09T06:48:04.325+00:00,1006.8112738042016,6.811273804201665,146,WAYPOINT_DRIVE,146,0,simulation,1,,19.80192687372311,0.05050013599065384,1006763.9849176996,1006811.2738042016,47.28888650196961,1006811.2738042016,0.005430503507694856,3.6092065557808843,0.9180014809557235
2026-09-09T06:48:04.405+00:00,1006.8915871717828,6.891587171782763,147,WAYPOINT_DRIVE,147,0,simulation,1,,12.451227362496507,0.08031336758109742,1006844.607137535,1006891.5871717829,46.9800342477642,1006891.5871717829,-0.0015981129006935424,3.5461378740998697,-1.8170119914420297
2026-09-09T06:48:04.438+00:00,1006.9249205051161,6.924920505116096,148,WAYPOINT_DRIVE,148,0,simulation,1,,30.000000000000107,0.033333333333333215,1006924.9205051161,1006924.9205051161,0.0,1006924.9205051161,0.010681113325068959,3.5368685263518915,0.9612903255869583
2026-09-09T06:48:04.479+00:00,1006.9655963028581,6.965596302858063,149,WAYPOINT_DRIVE,149,0,simulation,1,,24.584643830310366,0.040675797741966946,1006958.2538384494,1006965.5963028581,7.342464408633731,1006965.5963028581,0.007101303159927309,3.5007604486190225,0.9798012080900378
2026-09-09T06:48:04.505+00:00,1006.9915871717827,6.991587171782762,150,WAYPOINT_DRIVE,150,0,simulation,1,,38.475050714818,0.025990868924699484,1006991.5871717827,1006991.5871717827,0.0,1006991.5871717827,0.008138956494916014,3.5339741936476905,-0.17472135029677816
2026-09-09T06:48:04.568+00:00,1007.0549540243114,7.054954024311414,151,WAYPOINT_DRIVE,151,0,simulation,1,,15.781121518507605,0.06336685252865148,1007024.9205051161,1007054.9540243114,30.03351919531827,1007054.9540243114,-0.015195870032346794,3.4672547447401185,-1.5981156812397614
2026-09-09T06:48:04.572+00:00,1007.0582538384494,7.058253838449429,152,WAYPOINT_DRIVE,152,0,simulation,1,,303.04737120787223,0.003299814138014945,1007058.2538384495,1007058.2538384495,0.0,1007058.2538384495,0.00629583674181801,3.4931101888475093,1.769952193195735
2026-09-09T06:48:04.695+00:00,1007.1819880051679,7.181988005167942,153,WAYPOINT_DRIVE,153,0,simulation,1,,8.081842117827728,0.12373416671851345,1007091.5871717827,1007181.9880051679,90.40083338518023,1007181.9880051679,-0.011888027319933608,3.5180990507253727,-1.3987000386159707
2026-09-09T06:48:04.729+00:00,1007.2153213385013,7.215321338501275,154,WAYPOINT_DRIVE,154,0,simulation,1,,30.000000000000107,0.033333333333333215,1007215.3213385013,1007215.3213385013,0.0,1007215.3213385013,0.01044474443619186,3.432418006226301,1.806857103546264
2026-09-09T06:48:04.762+00:00,1007.2486546718346,7.2486546718346085,155,WAYPOINT_DRIVE,155,0,simulation,1,,30.000000000000107,0.033333333333333215,1007248.6546718347,1007248.6546718347,0.0,1007248.6546718347,0.0025205571517826087,3.444744024527305,-0.8756384508268127
2026-09-09T06:48:04.795+00:00,1007.2819880051679,7.281988005167942,156,WAYPOINT_DRIVE,156,0,simulation,1,,30.000000000000107,0.033333333333333215,1007281.9880051679,1007281.9880051679,0.0,1007281.9880051679,-0.009715539238729452,3.457753424187824,-0.5509274043185997
2026-09-09T06:48:04.894+00:00,1007.3805563171111,7.380556317111082,157,WAYPOINT_DRIVE,157,0,simulation,1,,10.145248308369723,0.09856831194313997,1007315.3213385013,1007380.5563171111,65.23497860980676,1007380.5563171111,0.008772577169389404,3.4444201891159425,-1.5863028696637684
2026-09-09T06:48:04.955+00:00,1007.4413185330386,7.441318533038557,158,WAYPOINT_DRIVE,158,0,simulation,1,,16.457595970390216,0.06076221592747544,1007413.8896504444,1007441.3185330386,27.428882594142223,1007441.3185330386,-0.016821292981371656,3.426435192733372,-0.6829109893888585
2026-09-09T06:48:04.961+00:00,1007.4472229837777,7.447222983777748,159,WAYPOINT_DRIVE,159,0,simulation,1,,169.3637637388464,0.005904450739190992,1007447.2229837776,1007447.2229837776,0.0,1007447.2229837776,0.008559021172772704,3.416703356052355,-0.24223222816502243
2026-09-09T06:48:04.994+00:00,1007.4805563171111,7.480556317111081,160,WAYPOINT_DRIVE,160,0,simulation,1,,30.000000000000107,0.033333333333333215,1007480.5563171111,1007480.5563171111,0.0,1007480.5563171111,0.0036361708676120198,3.3810491638223903,-1.835914689308396
2026-09-09T06:48:05.051+00:00,1007.5381180432153,7.538118043215269,161,WAYPOINT_DRIVE,161,0,simulation,1,,17.372654846902815,0.057561726104187194,1007513.8896504444,1007538.1180432152,24.22839277085398,1007538.1180432152,0.019685560373307816,3.360569033714016,-0.21217541347192537
2026-09-09T06:48:05.098+00:00,1007.584341525479,7.584341525478978,162,WAYPOINT_DRIVE,162,0,simulation,1,,21.634025629979714,0.046223482263709315,1007547.2229837778,1007584.341525479,37.11854170123008,1007584.341525479,-0.012570045740853053,3.365348688888837,1.2309567317430776
2026-09-09T06:48:05.248+00:00,1007.7344490043882,7.734449004388198,163,WAYPOINT_DRIVE,163,0,simulation,1,,6.661893246536812,0.15010747890922005,1007617.6748588122,1007734.4490043882,116.77414557588683,1007734.4490043882,0.00540201665825159,3.3371582138286824,0.0223279269340253
2026-09-09T06:48:05.378+00:00,1007.8646186767894,7.864618676789462,164,WAYPOINT_DRIVE,164,0,simulation,1,,7.6822809918225605,0.13016967240126398,1007767.7823377216,1007864.6186767895,96.83633906793077,1007864.6186767895,-0.0034790718721031994,3.293736473069408,1.1115537423343085
2026-09-09T06:48:05.411+00:00,1007.8979520101228,7.897952010122795,165,WAYPOINT_DRIVE,165,0,simulation,1,,30.000000000000107,0.033333333333333215,1007897.9520101228,1007897.9520101228,0.0,1007897.9520101228,0.01464972247441521,3.262688364182477,-0.9970714246805414
2026-09-09T06:48:05.445+00:00,1007.9312853434561,7.931285343456128,166,WAYPOINT_DRIVE,166,0,simulation,1,,30.000000000000107,0.033333333333333215,1007931.2853434561,1007931.2853434561,0.0,1007931.2853434561,0.008508752538200362,3.2788699547128846,0.5842656043562897
2026-09-09T06:48:05.478+00:00,1007.9646186767894,7.964618676789462,167,WAYPOINT_DRIVE,167,0,simulation,1,,30.000000000000107,0.033333333333333215,1007964.6186767895,1007964.6186767895,0.0,1007964.6186767895,0.0018798172104484065,3.231462052197302,-0.9187083108967045
2026-09-09T06:48:05.600+00:00,1008.086953792,8.086953792000012,168,WAYPOINT_DRIVE,168,0,simulation,1,,8.174267856607706,0.12233511521055007,1007997.9520101228,1008086.9537920001,89.00178187721686,1008086.9537920001,-0.00030760465907392993,3.254669027548853,0.014215790941875639
2026-09-09T06:48:05.640+00:00,1008.1267013222633,8.126701322263294,169,WAYPOINT_DRIVE,169,0,simulation,1,,25.158795864199174,0.03974753026328237,1008120.2871253333,1008126.7013222633,6.414196929949156,1008126.7013222633,0.004013356913509433,3.2162519589036305,-0.7013345383846001
2026-09-09T06:48:05.667+00:00,1008.1536204586666,8.153620458666678,170,WAYPOINT_DRIVE,170,0,simulation,1,,37.148294247444284,0.02691913640338406,1008153.6204586666,1008153.6204586666,0.0,1008153.6204586666,-0.00641758964929664,3.2146598722978226,-0.6042000743260871
2026-09-09T06:48:05.700+00:00,1008.186953792,8.186953792000011,171,WAYPOINT_DRIVE,171,0,simulation,0,,30.000000000000107,0.033333333333333215,1008186.9537920001,1008186.9537920001,0.0,1008186.9537920001,,,
2026-09-09T06:48:05.756+00:00,1008.2428319653013,8.242831965301347,172,WAYPOINT_DRIVE,172,0,simulation,1,,17.89607535320225,0.05587817330133582,1008220.2871253333,1008242.8319653013,22.544839968002606,1008242.8319653013,-0.008246801118980678,3.203226130640594,2.90433755842912
2026-09-09T06:48:05.767+00:00,1008.2536204586667,8.253620458666678,173,WAYPOINT_DRIVE,173,0,simulation,1,,92.69134865611102,0.01078849336533061,1008253.6204586667,1008253.6204586667,0.0,1008253.6204586667,0.005202593432448505,3.1837180579108026,-0.5490842245349654
2026-09-09T06:48:05.800+00:00,1008.286953792,8.286953792000011,174,WAYPOINT_DRIVE,174,0,simulation,1,,30.000000000000107,0.033333333333333215,1008286.953792,1008286.953792,0.0,1008286.953792,-0.011391549243925787,3.1607937029352287,1.2080763621308108
2026-09-09T06:48:05.904+00:00,1008.3911588606359,8.391158860635901,175,WAYPOINT_DRIVE,175,0,simulation,1,,9.59646217876566,0.10420506863589019,1008320.2871253333,1008391.1588606358,70.87173530255697,1008391.1588606358,0.008535268782761438,3.147667291351719,-0.04347595176164987
2026-09-09T06:48:05.938+00:00,1008.4244921939693,8.424492193969234,176,WAYPOINT_DRIVE,176,0,simulation,1,,30.000000000000107,0.033333333333333215,1008424.4921939693,1008424.4921939693,0.0,1008424.4921939693,0.0002319001300686437,3.1277779846586387,0.38689846579623577
2026-09-09T06:48:06.034+00:00,1008.5203141254284,8.52031412542839,177,WAYPOINT_DRIVE,177,0,simulation,1,,10.436024245934235,0.09582193145915596,1008457.8255273026,1008520.3141254284,62.48859812582275,1008520.3141254284,0.0025840788008501324,3.1065198250587627,1.5123743118809898
2026-09-09T06:48:06.072+00:00,1008.5590554970004,8.559055497000346,178,WAYPOINT_DRIVE,178,0,simulation,1,,25.81219919234595,0.03874137157195534,1008553.6474587617,1008559.0554970003,5.408038238622126,1008559.0554970003,-0.003805038721698119,3.1189698384533275,-0.42389457569709066
2026-09-09T06:48:06.107+00:00,1008.5938492674632,8.593849267463133,179,WAYPOINT_DRIVE,179,0,simulation,1,,28.740777061500662,0.03479377046278742,1008586.980792095,1008593.8492674632,6.868475368076332,1008593.8492674632,-0.014643621680518778,3.0792682050994626,-1.4434945159396477
2026-09-09T06:48:06.140+00:00,1008.6269154938744,8.62691549387447,180,WAYPOINT_DRIVE,180,0,simulation,1,,30.24233813560073,0.033066226411337496,1008620.3141254284,1008626.9154938745,6.601368446080613,1008626.9154938745,-0.004895789383009314,3.0731046916963853,0.38274557787963204
2026-09-09T06:48:06.167+00:00,1008.6536474587617,8.653647458761723,181,WAYPOINT_DRIVE,181,0,simulation,1,,37.4083986799212,0.0267319648872526,1008653.6474587617,1008653.6474587617,0.0,1008653.6474587617,-0.003809572019000559,3.041837783634788,-0.11599303518156034
2026-09-09T06:48:06.266+00:00,1008.752757257476,8.75275725747595,182,WAYPOINT_DRIVE,182,0,simulation,1,,10.089819704743752,0.09910979871422754,1008686.9807920951,1008752.757257476,65.77646538089432,1008752.757257476,-0.0027346702600345362,3.0348566523216394,-0.7463789651009733
2026-09-09T06:48:06.299+00:00,1008.7860905908093,8.786090590809284,183,WAYPOINT_DRIVE,183,0,simulation,1,,30.000000000000107,0.033333333333333215,1008786.0905908092,1008786.0905908092,0.0,1008786.0905908092,0.008774568923065317,2.997509790904751,0.9961288433434277
2026-09-09T06:48:06.333+00:00,1008.8194239241426,8.819423924142617,184,WAYPOINT_DRIVE,184,0,simulation,1,,30.000000000000107,0.033333333333333215,1008819.4239241426,1008819.4239241426,0.0,1008819.4239241426,0.014644841385108963,2.9905968396316025,0.6347390108220168
2026-09-09T06:48:06.397+00:00,1008.8836815200696,8.883681520069556,185,WAYPOINT_DRIVE,185,0,simulation,1,,15.562362481425483,0.06425759592693936,1008852.7572574759,1008883.6815200696,30.924262593606144,1008883.6815200696,0.0042185693713816,2.9864769189536937,-1.2807307684994385
2026-09-09T06:48:06.399+00:00,1008.8860905908093,8.886090590809284,186,WAYPOINT_DRIVE,186,0,simulation,1,,415.097814899903,0.0024090707397270705,1008886.0905908094,1008886.0905908094,0.0,1008886.0905908094,-0.0032303590186924286,2.993247314366955,-0.7532947733860738
2026-09-09T06:48:06.433+00:00,1008.9194239241426,8.919423924142617,187,WAYPOINT_DRIVE,187,0,simulation,1,,30.000000000000107,0.033333333333333215,1008919.4239241426,1008919.4239241426,0.0,1008919.4239241426,0.010184442629914728,2.9476704607210076,2.119075055565588
2026-09-09T06:48:06.545+00:00,1009.0315578541132,9.031557854113176,188,WAYPOINT_DRIVE,188,0,simulation,1,,8.917907365438362,0.11213392997055927,1008952.7572574759,1009031.5578541132,78.80059663722605,1009031.5578541132,-0.017401343798801365,2.9848637590119838,-0.19642589288073964
2026-09-09T06:48:06.579+00:00,1009.0657569475914,9.065756947591339,189,WAYPOINT_DRIVE,189,0,simulation,1,,29.240541145879302,0.03419909347816308,1009064.8911874465,1009065.7569475913,0.8657601448298635,1009065.7569475913,0.014198977664533265,2.9343457815914396,1.0709179760711152
2026-09-09T06:48:06.622+00:00,1009.1084850348077,9.10848503480769,190,WAYPOINT_DRIVE,190,0,simulation,1,,23.403809183794852,0.04272808721635002,1009098.2245207798,1009108.4850348077,10.260514027846668,1009108.4850348077,0.006150750452360088,2.934712017738562,-1.023828479775574
2026-09-09T06:48:06.645+00:00,1009.1315578541132,9.131557854113176,191,WAYPOINT_DRIVE,191,0,simulation,1,,43.34104067473919,0.023072819305486547,1009131.5578541132,1009131.5578541132,0.0,1009131.5578541132,-0.00048226068473836294,2.926230786161858,0.339763993436776
2026-09-09T06:48:06.678+00:00,1009.1648911874465,9.164891187446509,192,WAYPOINT_DRIVE,192,0,simulation,1,,30.000000000000107,0.033333333333333215,1009164.8911874465,1009164.8911874465,0.0,1009164.8911874465,-0.008658151524249069,2.8762802597889827,0.3522734843452042
2026-09-09T06:48:06.712+00:00,1009.1982245207798,9.198224520779842,193,WAYPOINT_DRIVE,193,0,simulation,1,,30.000000000000107,0.033333333333333215,1009198.2245207798,1009198.2245207798,0.0,1009198.2245207798,4.322428707685442e-05,2.903884862032964,0.291732789015299
2026-09-09T06:48:06.745+00:00,1009.2315578541131,9.231557854113175,194,WAYPOINT_DRIVE,194,0,simulation,0,,30.000000000000107,0.033333333333333215,1009231.5578541132,1009231.5578541132,0.0,1009231.5578541132,,,
2026-09-09T06:48:06.903+00:00,1009.3897493802743,9.389749380274308,195,WAYPOINT_DRIVE,195,0,simulation,1,,6.3214511185726,0.15819152616113286,1009264.8911874465,1009389.7493802743,124.85819282779964,1009389.7493802743,-0.010094181608991226,2.870902166927018,-0.9886413891914856
2026-09-09T06:48:06.975+00:00,1009.4619179429735,9.461917942973464,196,WAYPOINT_DRIVE,196,0,simulation,1,,13.85644888299393,0.07216856269915617,1009423.0827136077,1009461.9179429736,38.835229365822954,1009461.9179429736,0.0013895551170357782,2.7812108157066464,-0.40300292122455517
2026-09-09T06:48:07.060+00:00,1009.5465370039732,9.54653700397316,197,WAYPOINT_DRIVE,197,0,simulation,1,,11.81766836202062,0.08461906099969596,1009495.2512763068,1009546.5370039731,51.285727666362746,1009546.5370039731,-0.0012204062696866281,2.8125654437806804,-1.2846964768800717
2026-09-09T06:48:07.177+00:00,1009.6639778477386,9.663977847738584,198,WAYPOINT_DRIVE,198,0,simulation,1,,8.514925199255188,0.11744084376542396,1009579.8703373065,1009663.9778477385,84.10751043209075,1009663.9778477385,0.004560255398237663,2.8001586280300663,0.9435539363645091
2026-09-09T06:48:07.211+00:00,1009.6973111810719,9.697311181071917,199,WAYPOINT_DRIVE,199,0,simulation,1,,30.000000000000107,0.033333333333333215,1009697.3111810719,1009697.3111810719,0.0,1009697.3111810719,0.007775658530874145,2.761848351238063,0.1289038148564714
2026-09-09T06:48:07.244+00:00,1009.7310144715422,9.73101447154211,200,WAYPOINT_DRIVE,200,0,simulation,1,,29.67069345601135,0.033703290470192826,1009730.6445144053,1009731.0144715422,0.36995713685961107,1009731.0144715422,-0.0029191259132940518,2.7354946263979563,1.6496366430803278
2026-09-09T06:48:07.277+00:00,1009.7639778477386,9.763977847738584,201,WAYPOINT_DRIVE,201,0,simulation,1,,30.33669834180939,0.032963376196473604,1009763.9778477387,1009763.9778477387,0.0,1009763.9778477387,-0.00043821521564753677,2.740411901598867,-0.8572105854732115
2026-09-09T06:48:07.331+00:00,1009.8176800916755,9.817680091675493,202,WAYPOINT_DRIVE,202,0,simulation,1,,18.621195813992895,0.053702243936909255,1009797.3111810719,1009817.6800916755,20.36891060357604,1009817.6800916755,-0.022104510459897555,2.7525924000376447,-0.4853860190787884
2026-09-09T06:48:07.351+00:00,1009.8380829601931,9.838082960193162,203,WAYPOINT_DRIVE,203,0,simulation,1,,49.012715988145835,0.020402868517669148,1009830.6445144052,1009838.0829601932,7.438445787911974,1009838.0829601932,0.029890526271667946,2.7309850921863337,0.06173119643995051
2026-09-09T06:48:07.377+00:00,1009.8639778477386,9.863977847738584,204,WAYPOINT_DRIVE,204,0,simulation,1,,38.6176614301158,0.02589488754542124,1009863.9778477387,1009863.9778477387,0.0,1009863.9778477387,-0.005606292405954529,2.695040665694793,-0.354105181525739
2026-09-09T06:48:07.411+00:00,1009.8973111810719,9.897311181071917,205,WAYPOINT_DRIVE,205,0,simulation,1,,30.000000000000107,0.033333333333333215,1009897.3111810719,1009897.3111810719,0.0,1009897.3111810719,-0.0010158043161795957,2.708059353686347,-1.1388890360468622
2026-09-09T06:48:07.534+00:00,1010.0202562125113,10.020256212511322,206,WAYPOINT_DRIVE,206,0,simulation,1,,8.133716249386291,0.12294503143940538,1009930.6445144053,1010020.2562125113,89.61169810607217,1010020.2562125113,-0.003650110733856057,2.7085213551775094,0.446904227978024
2026-09-09T06:48:07.567+00:00,1010.0535895458446,10.053589545844655,207,WAYPOINT_DRIVE,207,0,simulation,1,,30.000000000000107,0.033333333333333215,1010053.5895458446,1010053.5895458446,0.0,1010053.5895458446,-0.009809608783193065,2.666882100490559,0.26546761309782596
2026-09-09T06:48:07.600+00:00,1010.086922879178,10.086922879177989,208,WAYPOINT_DRIVE,208,0,simulation,0,,30.000000000000107,0.033333333333333215,1010086.9228791781,1010086.9228791781,0.0,1010086.9228791781,,,
2026-09-09T06:48:07.637+00:00,1010.1237095859894,10.123709585989417,209,WAYPOINT_DRIVE,209,0,simulation,1,,27.18373256747563,0.03678670681142826,1010120.2562125113,1010123.7095859895,3.4533734780950454,1010123.7095859895,0.01589674070329148,2.627137932736303,-0.5815080980138134
2026-09-09T06:48:07.669+00:00,1010.1557667170706,10.155766717070609,210,WAYPOINT_DRIVE,210,0,simulation,1,,31.194307359172843,0.032057131081192125,1010153.5895458446,1010155.7667170706,2.1771712259539555,1010155.7667170706,0.010534820767139826,2.6175085632003987,-0.8359078216882097
2026-09-09T06:48:07.740+00:00,1010.226957932436,10.226957932435965,211,WAYPOINT_DRIVE,211,0,simulation,1,,14.046676895006724,0.07119121536535644,1010186.9228791781,1010226.957932436,40.03505325797718,1010226.957932436,-0.002205573811549576,2.60818588766634,1.1533732923042805
2026-09-09T06:48:07.776+00:00,1010.2625757385154,10.262575738515322,212,WAYPOINT_DRIVE_SETTLE,212,0,simulation,1,,28.0758449235195,0.035617806079356384,1010260.2912657693,1010262.5757385154,2.2844727460231695,1010262.5757385154,-0.011498959618472528,2.607251417780334,0.3856495363029069
2026-09-09T06:48:07.807+00:00,1010.2936245991026,10.293624599102632,213,WAYPOINT_DRIVE_SETTLE,213,0,simulation,1,,32.2073010437204,0.031048860587310045,1010293.6245991027,1010293.6245991027,0.0,1010293.6245991027,0.008468990172488582,2.6066248434405934,-0.10753560732251799
2026-09-09T06:48:07.840+00:00,1010.326957932436,10.326957932435965,214,WAYPOINT_DRIVE_SETTLE,214,0,simulation,1,,30.000000000000107,0.033333333333333215,1010326.957932436,1010326.957932436,0.0,1010326.957932436,-0.0057698165856408645,2.627002659056946,0.2613675193410643
2026-09-09T06:48:07.874+00:00,1010.3602912657693,10.360291265769298,215,WAYPOINT_DRIVE_SETTLE,215,0,simulation,1,,30.000000000000107,0.033333333333333215,1010360.2912657693,1010360.2912657693,0.0,1010360.2912657693,0.008339783798248358,2.6391100951573665,0.15065303171476785
2026-09-09T06:48:07.933+00:00,1010.4192459176077,10.41924591760763,216,WAYPOINT_DRIVE_SETTLE,216,0,simulation,1,,16.962189900505784,0.058954651838332595,1010393.6245991027,1010419.2459176077,25.62131850499938,1010419.2459176077,3.6057589196209045e-05,2.5897030720776733,0.6839050330403325
2026-09-09T06:48:07.995+00:00,1010.481730986114,10.481730986114,217,WAYPOINT_DRIVE_SETTLE,217,0,simulation,0,,16.00382337578888,0.062485068506369146,1010426.9579324359,1010481.730986114,54.77305367803531,1010481.730986114,,,
2026-09-09T06:48:08.028+00:00,1010.5150643194473,10.515064319447333,218,WAYPOINT_DRIVE_SETTLE,218,0,simulation,1,,30.000000000000107,0.033333333333333215,1010515.0643194474,1010515.0643194474,0.0,1010515.0643194474,0.008800897992432485,2.612123681376211,-0.12597105630518968
2026-09-09T06:48:08.062+00:00,1010.5483976527806,10.548397652780666,219,WAYPOINT_DRIVE_SETTLE,219,0,simulation,1,,30.000000000000107,0.033333333333333215,1010548.3976527806,1010548.3976527806,0.0,1010548.3976527806,0.006090339524306896,2.611260756435476,0.34101736000337723
2026-09-09T06:48:08.107+00:00,1010.5937101192088,10.593710119208799,220,WAYPOINT_DRIVE_SETTLE,220,0,simulation,1,,22.068981868070253,0.04531246642813258,1010581.730986114,1010593.7101192088,11.979133094799366,1010593.7101192088,-0.004547506917400925,2.6071073510184535,-1.2349379162442347
2026-09-09T06:48:08.156+00:00,1010.6432066799028,10.643206679902796,221,WAYPOINT_DRIVE_SETTLE,221,0,simulation,1,,20.203423954692518,0.04949656069399744,1010615.0643194474,1010643.2066799029,28.14236045546359,1010643.2066799029,-0.009514402975792853,2.599549650102129,-0.5871268812532264
2026-09-09T06:48:08.171+00:00,1010.6580416548132,10.658041654813296,222,WAYPOINT_DRIVE_SETTLE,222,0,simulation,1,,67.40827039028223,0.014834974910499454,1010648.3976527806,1010658.0416548132,9.644002032629828,1010658.0416548132,-0.004275492554097443,2.607529653246574,1.0374317973640927
2026-09-09T06:48:08.218+00:00,1010.7049665249411,10.704966524941142,223,WAYPOINT_DRIVE_SETTLE,223,0,simulation,1,,21.310661005038863,0.04692487012784596,1010681.730986114,1010704.9665249411,23.235538827142577,1010704.9665249411,0.002377351931235164,2.6151854263192584,-3.012276246440763
2026-09-09T06:48:08.228+00:00,1010.7150643194474,10.715064319447333,224,WAYPOINT_DRIVE_SETTLE,224,0,simulation,1,,99.03152608096072,0.010097794506190638,1010715.0643194474,1010715.0643194474,0.0,1010715.0643194474,-0.009572240822589067,2.6076946886403296,-0.2980956773981802
2026-09-09T06:48:08.316+00:00,1010.8032021467328,10.80320214673284,225,WAYPOINT_DRIVE_SETTLE,225,0,simulation,1,,11.345866250601707,0.08813782728550734,1010748.3976527806,1010803.2021467328,54.80449395217413,1010803.2021467328,0.005928799614822712,2.6172891899101107,0.4091121269600819
2026-09-09T06:48:08.350+00:00,1010.8365354800661,10.836535480066173,226,WAYPOINT_DRIVE_SETTLE,226,0,simulation,0,,30.000000000000107,0.033333333333333215,1010836.5354800661,1010836.5354800661,0.0,1010836.5354800661,,,
2026-09-09T06:48:08.399+00:00,1010.8858375964211,10.885837596421048,227,WAYPOINT_DRIVE_SETTLE,227,0,simulation,1,,20.283104944259037,0.049302116354875025,1010869.8688133996,1010885.8375964211,15.96878302154181,1010885.8375964211,0.017563124572210684,2.572156972376615,0.5390558720428658
2026-09-09T06:48:08.416+00:00,1010.9032021467328,10.90320214673284,228,WAYPOINT_DRIVE_SETTLE,228,0,simulation,1,,57.58859181748862,0.017364550311791405,1010903.2021467328,1010903.2021467328,0.0,1010903.2021467328,-0.003752998562876929,2.5984795403464447,1.5970441476643202
2026-09-09T06:48:08.450+00:00,1010.9365354800661,10.936535480066173,229,WAYPOINT_DRIVE_SETTLE,229,0,simulation,1,,30.000000000000107,0.033333333333333215,1010936.5354800661,1010936.5354800661,0.0,1010936.5354800661,-0.004549629379261303,2.6069074455288295,-0.46373074379675927
2026-09-09T06:48:08.483+00:00,1010.9698688133996,10.969868813399506,230,WAYPOINT_DRIVE_SETTLE,230,0,simulation,1,,30.000000000000107,0.033333333333333215,1010969.8688133996,1010969.8688133996,0.0,1010969.8688133996,0.00224264499589703,2.5769910201533888,0.3527894380393093
2026-09-09T06:48:08.516+00:00,1011.0032021467329,11.00320214673284,231,WAYPOINT_DRIVE_SETTLE,231,0,simulation,1,,30.000000000000107,0.033333333333333215,1011003.2021467328,1011003.2021467328,0.0,1011003.2021467328,-0.009204002334144831,2.635684712687255,0.17047635674242656
2026-09-09T06:48:08.550+00:00,1011.0365354800662,11.036535480066172,232,WAYPOINT_DRIVE_SETTLE,232,0,simulation,1,,30.000000000000107,0.033333333333333215,1011036.5354800662,1011036.5354800662,0.0,1011036.5354800662,0.005497178067426301,2.6022683604566823,0.7628777519709047
2026-09-09T06:48:08.660+00:00,1011.1467166343762,11.146716634376194,233,WAYPOINT_DRIVE_SETTLE,233,0,simulation,1,,9.075962275601656,0.11018115431002151,1011069.8688133995,1011146.7166343762,76.8478209766883,1011146.7166343762,-0.000855356914272167,2.6196553476505726,-0.2941436729891507
2026-09-09T06:48:08.720+00:00,1011.206802778007,11.206802778007054,234,WAYPOINT_DRIVE_SETTLE,234,0,simulation,1,,16.642772186271596,0.06008614363086018,1011180.0499677096,1011206.802778007,26.752810297526963,1011206.802778007,-0.027117944702429644,2.615090059790371,1.6245902179734344
2026-09-09T06:48:08.727+00:00,1011.2133833010429,11.21338330104286,235,WAYPOINT_DRIVE_SETTLE,235,0,simulation,1,,151.9636044975077,0.006580523035806252,1011213.3833010428,1011213.3833010428,0.0,1011213.3833010428,0.01370210076235416,2.6105413880388935,-0.5304982322775231
2026-09-09T06:48:08.770+00:00,1011.2564330573153,11.256433057315364,236,WAYPOINT_DRIVE_SETTLE,236,0,simulation,1,,23.22893522718272,0.04304975627250407,1011246.7166343762,1011256.4330573153,9.716422939170855,1011256.4330573153,0.011185000169948342,2.6246533705193453,1.0985434913083907
2026-09-09T06:48:08.793+00:00,1011.2800499677095,11.280049967709527,237,WAYPOINT_DRIVE_SETTLE,237,0,simulation,1,,42.34254114150259,0.02361691039416236,1011280.0499677095,1011280.0499677095,0.0,1011280.0499677095,-0.011565837247626767,2.575007866973148,-0.4964153017546096
2026-09-09T06:48:08.827+00:00,1011.3133833010429,11.31338330104286,238,WAYPOINT_DRIVE_SETTLE,238,0,simulation,0,,30.000000000000107,0.033333333333333215,1011313.383301043,1011313.383301043,0.0,1011313.383301043,,,
2026-09-09T06:48:08.860+00:00,1011.3467166343762,11.346716634376193,239,WAYPOINT_DRIVE_SETTLE,239,0,simulation,1,,30.000000000000107,0.033333333333333215,1011346.7166343762,1011346.7166343762,0.0,1011346.7166343762,0.01793525717619925,2.6274849186812346,-0.029090884383862203
2026-09-09T06:48:08.989+00:00,1011.4760487925296,11.476048792529602,240,WAYPOINT_DRIVE_SETTLE,240,0,simulation,1,,7.732029019525384,0.12933215815340837,1011380.0499677095,1011476.0487925296,95.99882482007516,1011476.0487925296,-0.012504056911118848,2.5958504311546005,0.4129167391122337
2026-09-09T06:48:09.023+00:00,1011.5093821258629,11.509382125862935,241,WAYPOINT_DRIVE_SETTLE,241,0,simulation,1,,30.000000000000107,0.033333333333333215,1011509.3821258629,1011509.3821258629,0.0,1011509.3821258629,0.004831674079155854,2.5986728680256803,0.5783155865286176
2026-09-09T06:48:09.056+00:00,1011.5427154591963,11.542715459196268,242,WAYPOINT_DRIVE_SETTLE,242,0,simulation,1,,30.000000000000107,0.033333333333333215,1011542.7154591962,1011542.7154591962,0.0,1011542.7154591962,0.0013294292886855156,2.617592542943123,-0.2988780267494633
2026-09-09T06:48:09.089+00:00,1011.5760487925296,11.576048792529601,243,WAYPOINT_DRIVE_SETTLE,243,0,simulation,1,,30.000000000000107,0.033333333333333215,1011576.0487925296,1011576.0487925296,0.0,1011576.0487925296,0.009957989721676011,2.597379962918707,-2.5113030204684605
2026-09-09T06:48:09.129+00:00,1011.6154981712989,11.615498171298912,244,WAYPOINT_DRIVE_SETTLE,244,0,simulation,1,,25.348941636007414,0.03944937876931043,1011609.3821258629,1011615.4981712989,6.116045435977213,1011615.4981712989,0.007954531761245158,2.594911298269947,-1.5177154181735943
2026-09-09T06:48:09.201+00:00,1011.6877405389432,11.687740538943252,245,WAYPOINT_DRIVE_SETTLE,245,0,simulation,1,,13.842292723892129,0.07224236764434089,1011642.7154591964,1011687.7405389432,45.025079746984886,1011687.7405389432,-0.011043690058841314,2.6388541231767144,-0.5638982232690921
2026-09-09T06:48:09.234+00:00,1011.7210738722766,11.721073872276586,246,WAYPOINT_DRIVE_SETTLE,246,0,simulation,0,,30.000000000000107,0.033333333333333215,1011721.0738722766,1011721.0738722766,0.0,1011721.0738722766,,,
2026-09-09T06:48:09.291+00:00,1011.7776442586018,11.777644258601796,247,WAYPOINT_DRIVE_SETTLE,247,0,simulation,1,,17.677093351479336,0.05657038632521072,1011754.40720561,1011777.6442586017,23.237052991877505,1011777.6442586017,0.005748969151509822,2.598562721397784,-1.2621747436143949
2026-09-09T06:48:09.301+00:00,1011.7877405389432,11.787740538943252,248,WAYPOINT_DRIVE_SETTLE,248,0,simulation,1,,99.04637808975669,0.01009628034145571,1011787.7405389432,1011787.7405389432,0.0,1011787.7405389432,0.008125045397094209,2.6012328812866037,0.04102312398580921
2026-09-09T06:48:09.380+00:00,1011.8668210756367,11.866821075636697,249,WAYPOINT_DRIVE_SETTLE,249,0,simulation,1,,12.645336536807989,0.07908053669344461,1011821.0738722766,1011866.8210756368,45.7472033601114,1011866.8210756368,-0.004247205852006377,2.6241297089914513,0.3329678995094696
2026-09-09T06:48:09.456+00:00,1011.9431906673183,11.943190667318309,250,WAYPOINT_DRIVE_SETTLE,250,0,simulation,1,,13.094216925619344,0.07636959168161184,1011900.15440897,1011943.1906673183,43.03625834827862,1011943.1906673183,-0.0030864309278743076,2.6112863213161237,-0.29274899600036974
2026-09-09T06:48:09.490+00:00,1011.9765240006517,11.976524000651642,251,WAYPOINT_DRIVE_SETTLE,251,0,simulation,1,,30.000000000000107,0.033333333333333215,1011976.5240006517,1011976.5240006517,0.0,1011976.5240006517,0.02070117537637661,2.6098190595702753,0.1398743185635567
2026-09-09T06:48:09.523+00:00,1012.009857333985,12.009857333984975,252,WAYPOINT_DRIVE_SETTLE,252,0,simulation,1,,30.000000000000107,0.033333333333333215,1012009.857333985,1012009.857333985,0.0,1012009.857333985,0.0002805405818229406,2.6069656079340606,-1.5410378845853927
2026-09-09T06:48:09.571+00:00,1012.0578696797604,12.057869679760412,253,WAYPOINT_DRIVE_SETTLE,253,0,simulation,1,,20.827976301703725,0.04801234577543667,1012043.1906673183,1012057.8696797604,14.679012442103456,1012057.8696797604,-0.007654689729409834,2.6049398186809043,0.07246213612427255
2026-09-09T06:48:09.637+00:00,1012.123668384412,12.123668384411987,254,WAYPOINT_DRIVE_SETTLE,254,0,simulation,1,,15.197867576501876,0.06579870465157533,1012076.5240006516,1012123.668384412,47.144383760345576,1012123.668384412,0.0005424731373826222,2.61983340200759,1.1515893188180542
2026-09-09T06:48:09.690+00:00,1012.1764599045605,12.17645990456047,255,WAYPOINT_DRIVE_SETTLE,255,0,simulation,1,,18.942436156173606,0.05279152014848343,1012157.0017177453,1012176.4599045605,19.458186815150214,1012176.4599045605,-0.03417692791948862,2.5830876709325428,-0.5462647693526606
2026-09-09T06:48:09.704+00:00,1012.1903350510787,12.190335051078653,256,WAYPOINT_DRIVE_SETTLE,256,0,simulation,1,,72.07131100846591,0.013875146518183001,1012190.3350510787,1012190.3350510787,0.0,1012190.3350510787,-0.004935485424140225,2.5802358080517287,0.17971080711973286
2026-09-09T06:48:09.802+00:00,1012.2882357426246,12.288235742624572,257,WAYPOINT_DRIVE_SETTLE,257,0,simulation,1,,10.214432443829772,0.0979006915459184,1012223.668384412,1012288.2357426246,64.56735821258519,1012288.2357426246,0.01610062454172345,2.5872256143357206,0.9606330501943887
2026-09-09T06:48:09.870+00:00,1012.3562278506756,12.356227850675634,258,WAYPOINT_DRIVE_SETTLE,258,0,simulation,1,,14.707589287406789,0.0679921080510617,1012321.5690759579,1012356.2278506756,34.65877471772849,1012356.2278506756,-0.011756891992348535,2.6251708839386723,0.05225177407763226
2026-09-09T06:48:09.911+00:00,1012.3972748567944,12.397274856794395,259,WAYPOINT_DRIVE_SETTLE,259,0,simulation,1,,24.36231273741864,0.04104700611876133,1012389.561184009,1012397.2748567944,7.713672785428116,1012397.2748567944,-0.0023532684421664245,2.6025346064846917,-0.4619841438276353
2026-09-09T06:48:09.943+00:00,1012.4300226223477,12.430022622347716,260,WAYPOINT_DRIVE_SETTLE,260,0,simulation,1,,30.536434565948394,0.03274776555332082,1012422.8945173423,1012430.0226223477,7.128105005415719,1012430.0226223477,-0.0036066658095013694,2.609153214129197,1.1848554431207106
2026-09-09T06:48:09.988+00:00,1012.4747515073319,12.474751507331915,261,WAYPOINT_DRIVE_SETTLE,261,0,simulation,1,,22.356917690956607,0.04472888498419891,1012456.2278506757,1012474.751507332,18.523656656281418,1012474.751507332,-0.008109722972156784,2.606219509280687,0.48478606159730475
2026-09-09T06:48:10.003+00:00,1012.489561184009,12.489561184008966,262,WAYPOINT_DRIVE_SETTLE,262,0,simulation,1,,67.5234187623786,0.014809676677051797,1012489.561184009,1012489.561184009,0.0,1012489.561184009,-0.0046893451900577405,2.594257909126889,0.5875609819316026
2026-09-09T06:48:10.036+00:00,1012.5228945173423,12.5228945173423,263,WAYPOINT_DRIVE_SETTLE,263,0,simulation,0,,30.000000000000107,0.033333333333333215,1012522.8945173422,1012522.8945173422,0.0,1012522.8945173422,,,
2026-09-09T06:48:10.149+00:00,1012.6359013700761,12.635901370076148,264,WAYPOINT_DRIVE_SETTLE,264,0,simulation,1,,8.84902088508899,0.11300685273384836,1012556.2278506757,1012635.9013700761,79.67351940051515,1012635.9013700761,-0.006216560969059404,2.6029311901486336,-1.4023035221777036
2026-09-09T06:48:10.183+00:00,1012.6692347034095,12.669234703409481,265,WAYPOINT_DRIVE_SETTLE,265,0,simulation,1,,30.000000000000107,0.033333333333333215,1012669.2347034095,1012669.2347034095,0.0,1012669.2347034095,0.007512511185626584,2.613867078918066,1.0895862063584332
2026-09-09T06:48:10.216+00:00,1012.7025680367428,12.702568036742814,266,WAYPOINT_DRIVE_SETTLE,266,0,simulation,1,,30.000000000000107,0.033333333333333215,1012702.5680367429,1012702.5680367429,0.0,1012702.5680367429,0.016243863839861105,2.5881471957311972,-0.45038546483036157
2026-09-09T06:48:10.328+00:00,1012.81429394888,12.81429394888,267,WAYPOINT_DRIVE_SETTLE,267,0,simulation,1,,8.95047514825502,0.11172591213718519,1012735.9013700761,1012814.29394888,78.39257880385198,1012814.29394888,-0.000544150173668988,2.6219859002590855,0.15464042641886522
2026-09-09T06:48:10.449+00:00,1012.9362035341205,12.936203534120548,268,WAYPOINT_DRIVE_SETTLE,268,0,simulation,1,,8.202800444500177,0.12190958524054807,1012847.6272822133,1012936.2035341206,88.57625190721485,1012936.2035341206,-0.00118098624593121,2.6264718094744524,0.5243900081642607
2026-09-09T06:48:10.565+00:00,1013.0516081971209,13.051608197120935,269,STAGING_PLAN,269,0,simulation,1,,8.665161129551999,0.11540466300038688,1012969.5368674538,1013051.608197121,82.07132966705366,1013051.608197121,-0.0006389840707025818,2.627643882089847,2.105891612429872
2026-09-09T06:48:10.640+00:00,1013.1271236315889,13.127123631588917,270,WAYPOINT_DRIVE,270,0,simulation,1,,13.242325983358853,0.0755154344679827,1013084.9415304542,1013127.1236315889,42.182101134649486,1013127.1236315889,-0.009241429156552648,2.631150451037225,-0.09763303551588365
2026-09-09T06:48:10.674+00:00,1013.1604569649222,13.16045696492225,271,WAYPOINT_DRIVE,271,0,simulation,1,,30.000000000000107,0.033333333333333215,1013160.4569649223,1013160.4569649223,0.0,1013160.4569649223,0.015557015254137283,2.6172148319485897,1.1463256891218805
2026-09-09T06:48:10.746+00:00,1013.2331620666276,13.233162066627695,272,WAYPOINT_DRIVE,272,0,simulation,1,,13.754192987052912,0.07270510170544497,1013193.7902982556,1013233.1620666276,39.37176837211176,1013233.1620666276,-0.0011378533547177125,2.607888397484492,0.7188528411815014
2026-09-09T06:48:10.791+00:00,1013.2778007911775,13.277800791177471,273,WAYPOINT_DRIVE,273,0,simulation,1,,22.402073761872863,0.04463872454977569,1013266.495399961,1013277.8007911774,11.305391216442473,1013277.8007911774,0.00311429182244859,2.6217142863007337,0.332743191020171
2026-09-09T06:48:10.813+00:00,1013.2998287332944,13.299828733294362,274,WAYPOINT_DRIVE,274,0,simulation,1,,45.396887039811716,0.022027942116890742,1013299.8287332944,1013299.8287332944,0.0,1013299.8287332944,-0.0038026312499874664,2.610708764089777,-0.27543247224627976
2026-09-09T06:48:10.902+00:00,1013.3887463965475,13.388746396547498,275,WAYPOINT_DRIVE,275,0,simulation,1,,11.246359423021925,0.08891766325313633,1013333.1620666276,1013388.7463965475,55.58432991980311,1013388.7463965475,-0.0027757727301558157,2.622662619702454,-0.09934168382403641
2026-09-09T06:48:10.940+00:00,1013.4265896546876,13.426589654687678,276,WAYPOINT_DRIVE,276,0,simulation,1,,26.424786055570962,0.03784325814017997,1013422.0797298808,1013426.5896546877,4.509924806846755,1013426.5896546877,0.0021716389198746682,2.6465654618022887,0.6864373294546908
2026-09-09T06:48:10.969+00:00,1013.4554130632141,13.455413063214165,277,WAYPOINT_DRIVE,277,0,simulation,1,,34.694023057025966,0.02882340852648646,1013455.4130632142,1013455.4130632142,0.0,1013455.4130632142,-0.009022502615410216,2.588539741913793,0.8666528361364954
2026-09-09T06:48:11.002+00:00,1013.4887463965475,13.488746396547498,278,WAYPOINT_DRIVE,278,0,simulation,1,,30.000000000000107,0.033333333333333215,1013488.7463965475,1013488.7463965475,0.0,1013488.7463965475,0.010343398412277811,2.609171120044546,-2.954956647982698
2026-09-09T06:48:11.116+00:00,1013.6028986808387,13.602898680838685,279,WAYPOINT_DRIVE,279,0,simulation,1,,8.760227674893802,0.11415228429118685,1013522.0797298808,1013602.8986808388,80.81895095785363,1013602.8986808388,0.003695618349021694,2.6311520777158384,-0.454170615685797
2026-09-09T06:48:11.150+00:00,1013.636232014172,13.636232014172018,280,WAYPOINT_DRIVE,280,0,simulation,1,,30.000000000000107,0.033333333333333215,1013636.232014172,1013636.232014172,0.0,1013636.232014172,-0.0023267431814295567,2.6194369513001434,0.8321947270534622
2026-09-09T06:48:11.183+00:00,1013.6695653475053,13.669565347505351,281,WAYPOINT_DRIVE,281,0,simulation,1,,30.000000000000107,0.033333333333333215,1013669.5653475054,1013669.5653475054,0.0,1013669.5653475054,0.019180511469270793,2.5734297986890167,-1.038947034514507
2026-09-09T06:48:11.231+00:00,1013.7174415229534,13.71744152295343,282,WAYPOINT_DRIVE,282,0,simulation,1,,20.887215627415177,0.04787617544807965,1013702.8986808386,1013717.4415229534,14.542842114746435,1013717.4415229534,0.0082063588756339,2.594508136949912,-1.5546174478973285
2026-09-09T06:48:11.298+00:00,1013.7849009806524,13.784900980652434,283,WAYPOINT_DRIVE,283,0,simulation,1,,14.823718335565149,0.06745945769900352,1013736.232014172,1013784.9009806524,48.66896648041674,1013784.9009806524,-0.0034521049168139838,2.6383751008638527,-1.8189222271814742
2026-09-09T06:48:11.332+00:00,1013.8182343139857,13.818234313985768,284,WAYPOINT_DRIVE,284,0,simulation,1,,30.000000000000107,0.033333333333333215,1013818.2343139857,1013818.2343139857,0.0,1013818.2343139857,0.010654171101298768,2.5862744791281145,0.5128062933823117
2026-09-09T06:48:11.365+00:00,1013.8515676473191,13.8515676473191,285,WAYPOINT_DRIVE,285,0,simulation,1,,30.000000000000107,0.033333333333333215,1013851.5676473192,1013851.5676473192,0.0,1013851.5676473192,-0.019112940697093,2.6207576676228066,-0.600895161403912
2026-09-09T06:48:11.405+00:00,1013.8917514194326,13.891751419432559,286,WAYPOINT_DRIVE,286,0,simulation,1,,24.885667706269906,0.04018377211345836,1013884.9009806524,1013891.7514194326,6.850438780125145,1013891.7514194326,-0.005738566973921325,2.587731578460177,-1.831936908131155
2026-09-09T06:48:11.457+00:00,1013.9432629180861,13.943262918086118,287,WAYPOINT_DRIVE,287,0,simulation,1,,19.41314126241033,0.051511498653558974,1013918.2343139858,1013943.2629180861,25.028604100350904,1013943.2629180861,0.0014140616735400073,2.5733620020668253,-0.2959326889805425
2026-09-09T06:48:11.503+00:00,1013.9894871156396,13.989487115639582,288,WAYPOINT_DRIVE,288,0,simulation,1,,21.633690857334614,0.04622419755346385,1013951.567647319,1013989.4871156396,37.91946832048154,1013989.4871156396,0.011567499982987442,2.5892454374931675,0.4956005874400091
2026-09-09T06:48:11.536+00:00,1014.0228204489729,14.022820448972915,289,WAYPOINT_DRIVE,289,0,simulation,1,,30.000000000000107,0.033333333333333215,1014022.8204489729,1014022.8204489729,0.0,1014022.8204489729,-0.004807391947611137,2.5683096539926855,-0.08156675781859235
2026-09-09T06:48:11.663+00:00,1014.1501259974779,14.150125997477812,290,WAYPOINT_DRIVE,290,0,simulation,1,,7.855117170808453,0.1273055485048964,1014056.1537823062,1014150.1259974779,93.97221517156318,1014150.1259974779,0.0028124101526480158,2.579849657079884,0.32642433123069736
2026-09-09T06:48:11.697+00:00,1014.1834593308112,14.183459330811145,291,WAYPOINT_DRIVE,291,0,simulation,1,,30.000000000000107,0.033333333333333215,1014183.4593308112,1014183.4593308112,0.0,1014183.4593308112,0.003792556216175384,2.587035056720178,-0.46715641525921114
2026-09-09T06:48:11.791+00:00,1014.2774408698635,14.277440869863508,292,WAYPOINT_DRIVE,292,0,simulation,1,,10.640387570614658,0.09398153905236306,1014216.7926641444,1014277.4408698635,60.648205719029846,1014277.4408698635,-0.009229525705527855,2.5347153959469995,-0.0917912105276173
2026-09-09T06:48:11.824+00:00,1014.3107742031968,14.310774203196841,293,WAYPOINT_DRIVE,293,0,simulation,1,,30.000000000000107,0.033333333333333215,1014310.7742031969,1014310.7742031969,0.0,1014310.7742031969,0.01499736945799785,2.5902175002097008,-0.5029627873345532
2026-09-09T06:48:11.857+00:00,1014.3441075365301,14.344107536530174,294,WAYPOINT_DRIVE,294,0,simulation,1,,30.000000000000107,0.033333333333333215,1014344.1075365301,1014344.1075365301,0.0,1014344.1075365301,-0.00014793210303213795,2.58065326753703,1.2077267381352783
2026-09-09T06:48:11.910+00:00,1014.3971307157967,14.397130715796713,295,WAYPOINT_DRIVE,295,0,simulation,1,,18.85967634971794,0.05302317926653899,1014377.4408698636,1014397.1307157967,19.689845933205774,1014397.1307157967,0.004945774513447203,2.608492423362389,1.5615294793256567
2026-09-09T06:48:12.021+00:00,1014.5080916749101,14.508091674910183,296,WAYPOINT_DRIVE,296,0,simulation,1,,9.012178769808475,0.11096095911346993,1014410.7742031969,1014508.0916749102,97.31747171334248,1014508.0916749102,0.00504851570878388,2.5724741270573026,2.158531853997033
2026-09-09T06:48:12.055+00:00,1014.5414250082436,14.541425008243516,297,WAYPOINT_DRIVE,297,0,simulation,1,,30.000000000000107,0.033333333333333215,1014541.4250082435,1014541.4250082435,0.0,1014541.4250082435,0.015474125869241287,2.562567522856124,-0.5582992411034127
2026-09-09T06:48:12.088+00:00,1014.5747583415769,14.57475834157685,298,WAYPOINT_DRIVE,298,0,simulation,0,,30.000000000000107,0.033333333333333215,1014574.7583415769,1014574.7583415769,0.0,1014574.7583415769,,,
2026-09-09T06:48:12.121+00:00,1014.6080916749102,14.608091674910183,299,WAYPOINT_DRIVE,299,0,simulation,1,,30.000000000000107,0.033333333333333215,1014608.0916749102,1014608.0916749102,0.0,1014608.0916749102,-0.008725058477467995,2.5056325609996457,1.9548671599058594
2026-09-09T06:48:12.245+00:00,1014.732157578168,14.732157578167936,300,WAYPOINT_DRIVE,300,0,simulation,1,,8.060232293819292,0.12406590325775291,1014641.4250082434,1014732.157578168,90.73256992441969,1014732.157578168,0.015320741766062197,2.571573060411617,0.3913980099567027
2026-09-09T06:48:12.335+00:00,1014.8220293870088,14.822029387008742,301,WAYPOINT_DRIVE,301,0,simulation,1,,11.126959754101991,0.08987180884080637,1014765.4909115012,1014822.0293870087,56.53847550747315,1014822.0293870087,-0.001985299710948448,2.4554288967320326,-0.3972739836264054
2026-09-09T06:48:12.389+00:00,1014.8759968612488,14.875996861248844,302,WAYPOINT_DRIVE,302,0,simulation,1,,18.529679479736185,0.05396747424010151,1014855.3627203421,1014875.9968612489,20.634140906768295,1014875.9968612489,0.002406632971175243,2.4784907129770524,-0.21764675639988695
2026-09-09T06:48:12.416+00:00,1014.9030033886702,14.903003388670237,303,WAYPOINT_DRIVE,303,0,simulation,0,,37.02808526237365,0.027006527421393756,1014888.6960536754,1014903.0033886702,14.307334994828835,1014903.0033886702,,,
2026-09-09T06:48:12.435+00:00,1014.9220293870087,14.922029387008742,304,WAYPOINT_DRIVE,304,0,simulation,1,,52.55965979857272,0.01902599833850438,1014922.0293870087,1014922.0293870087,0.0,1014922.0293870087,-0.013541949832352644,2.495832073119534,-0.020190511088344465
2026-09-09T06:48:12.469+00:00,1014.9553627203421,14.955362720342075,305,WAYPOINT_DRIVE,305,0,simulation,1,,30.000000000000107,0.033333333333333215,1014955.3627203421,1014955.3627203421,0.0,1014955.3627203421,0.009410479575121684,2.4727675061688337,1.8250169590556027
2026-09-09T06:48:12.502+00:00,1014.9886960536754,14.988696053675408,306,WAYPOINT_DRIVE,306,0,simulation,0,,30.000000000000107,0.033333333333333215,1014988.6960536754,1014988.6960536754,0.0,1014988.6960536754,,,
2026-09-09T06:48:12.535+00:00,1015.0220293870087,15.022029387008741,307,WAYPOINT_DRIVE,307,0,simulation,1,,30.000000000000107,0.033333333333333215,1015022.0293870087,1015022.0293870087,0.0,1015022.0293870087,-0.01011959709725909,2.441116610016012,0.0030366022436965068
2026-09-09T06:48:12.593+00:00,1015.0797832401685,15.079783240168455,308,WAYPOINT_DRIVE,308,0,simulation,1,,17.314862044521654,0.057753853159713486,1015055.362720342,1015079.7832401685,24.42051982638027,1015079.7832401685,-0.016575806098970573,2.4721352678461024,-0.9365642302997514
2026-09-09T06:48:12.642+00:00,1015.1290793515046,15.129079351504647,309,WAYPOINT_DRIVE,309,0,simulation,1,,20.285575735987678,0.04929611133619183,1015088.6960536755,1015129.0793515047,40.383297829238884,1015129.0793515047,0.012553102035914537,2.4533322624785017,-0.29536009240118233
2026-09-09T06:48:12.723+00:00,1015.2093183370139,15.20931833701392,310,WAYPOINT_DRIVE,310,0,simulation,1,,12.462769732855397,0.08023898550927377,1015162.4126848379,1015209.3183370138,46.90565217594056,1015209.3183370138,-0.015495064236315253,2.4331846685366854,-1.0765041807844682
2026-09-09T06:48:12.756+00:00,1015.2426516703473,15.242651670347254,311,WAYPOINT_DRIVE,311,0,simulation,1,,30.000000000000107,0.033333333333333215,1015242.6516703473,1015242.6516703473,0.0,1015242.6516703473,-0.010402681650841229,2.3575117171010795,-0.5020313778421439
2026-09-09T06:48:12.789+00:00,1015.2759850036806,15.275985003680587,312,WAYPOINT_DRIVE,312,0,simulation,1,,30.000000000000107,0.033333333333333215,1015275.9850036806,1015275.9850036806,0.0,1015275.9850036806,-0.00423572555490881,2.4016935296044752,-0.07179963614447615
2026-09-09T06:48:12.839+00:00,1015.3253004890079,15.325300489007908,313,WAYPOINT_DRIVE,313,0,simulation,1,,20.277606381904278,0.04931548532732144,1015309.318337014,1015325.3004890078,15.982151993988225,1015325.3004890078,-0.00016235389557868417,2.3967833848059232,-0.6696544097875687
2026-09-09T06:48:12.924+00:00,1015.4111060786811,15.411106078681092,314,WAYPOINT_DRIVE,314,0,simulation,1,,11.654252407200966,0.08580558967318375,1015342.6516703472,1015411.1060786811,68.45440833383876,1015411.1060786811,-0.004534095791994112,2.396426979975677,-1.4260949023108367
2026-09-09T06:48:12.966+00:00,1015.4525528146783,15.452552814678205,315,WAYPOINT_DRIVE,315,0,simulation,1,,24.127352273763204,0.04144673599711268,1015444.4394120144,1015452.5528146783,8.113402663779468,1015452.5528146783,-0.012866163037399963,2.350849823269923,-0.4498475312210246
2026-09-09T06:48:12.991+00:00,1015.4777727453478,15.477772745347758,316,WAYPOINT_DRIVE,316,0,simulation,0,,39.65117958104579,0.025219930669553747,1015477.7727453478,1015477.7727453478,0.0,1015477.7727453478,,,
2026-09-09T06:48:13.028+00:00,1015.5149991060396,15.514999106039532,317,WAYPOINT_DRIVE,317,0,simulation,1,,26.862684974225235,0.03722636069177376,1015511.1060786811,1015514.9991060395,3.8930273584405484,1015514.9991060395,0.003474657077546027,2.322600789985438,-1.4537652739406894
2026-09-09T06:48:13.058+00:00,1015.5444394120144,15.544439412014425,318,WAYPOINT_DRIVE,318,0,simulation,1,,33.96703827918167,0.029440305974892667,1015544.4394120144,1015544.4394120144,0.0,1015544.4394120144,-0.007493298256895398,2.333568137605826,-0.31359852821805134
2026-09-09T06:48:13.091+00:00,1015.5777727453477,15.577772745347758,319,WAYPOINT_DRIVE,319,0,simulation,1,,30.000000000000107,0.033333333333333215,1015577.7727453477,1015577.7727453477,0.0,1015577.7727453477,0.0009181067458096244,2.329463692630379,-0.7354781632945446
2026-09-09T06:48:13.124+00:00,1015.6111060786811,15.611106078681091,320,WAYPOINT_DRIVE,320,0,simulation,1,,30.000000000000107,0.033333333333333215,1015611.1060786812,1015611.1060786812,0.0,1015611.1060786812,-0.0008201992597244825,2.2992434864884763,-0.14533434314856208
2026-09-09T06:48:13.158+00:00,1015.6444394120144,15.644439412014425,321,WAYPOINT_DRIVE,321,0,simulation,1,,30.000000000000107,0.033333333333333215,1015644.4394120144,1015644.4394120144,0.0,1015644.4394120144,-0.002181101672317858,2.279907994839245,0.824969163473753
2026-09-09T06:48:13.191+00:00,1015.6777727453477,15.677772745347758,322,WAYPOINT_DRIVE,322,0,simulation,1,,30.000000000000107,0.033333333333333215,1015677.7727453477,1015677.7727453477,0.0,1015677.7727453477,0.0007521166233572321,2.2709048641728242,0.2461977421737913
2026-09-09T06:48:13.224+00:00,1015.711106078681,15.711106078681091,323,WAYPOINT_DRIVE,323,0,simulation,1,,30.000000000000107,0.033333333333333215,1015711.1060786811,1015711.1060786811,0.0,1015711.1060786811,-0.006096774607345295,2.2813635577790294,0.7319664553058942
2026-09-09T06:48:13.344+00:00,1015.8307709296691,15.830770929669113,324,WAYPOINT_DRIVE,324,0,simulation,1,,8.35667275514428,0.1196648509880216,1015744.4394120144,1015830.7709296691,86.33151765468838,1015830.7709296691,-0.004592917074336471,2.327895820252306,0.45919455334447434
2026-09-09T06:48:13.403+00:00,1015.8896536744896,15.88965367448961,325,WAYPOINT_DRIVE,325,0,simulation,1,,16.982903956812404,0.05888274482049738,1015864.1042630024,1015889.6536744896,25.549411487164164,1015889.6536744896,-0.011779877996616424,2.19917106987206,0.1709232671775851
2026-09-09T06:48:13.411+00:00,1015.8974375963357,15.897437596335779,326,WAYPOINT_DRIVE_SETTLE,326,0,simulation,1,,128.4699435275242,0.007783921846169051,1015897.4375963358,1015897.4375963358,0.0,1015897.4375963358,0.007818840746604681,2.224031387929594,0.7856473152778278
2026-09-09T06:48:13.465+00:00,1015.9514643081187,15.951464308118663,327,WAYPOINT_DRIVE_SETTLE,327,0,simulation,1,,18.509362628225187,0.05402671178288365,1015930.7709296691,1015951.4643081187,20.693378449550437,1015951.4643081187,0.00048198611964867156,2.206832459106999,0.2806092562119886
2026-09-09T06:48:13.513+00:00,1015.9995551652008,15.999555165200887,328,WAYPOINT_DRIVE_SETTLE,328,0,simulation,1,,20.79397333863764,0.04809085708222405,1015964.1042630025,1015999.5551652008,35.45090219844127,1015999.5551652008,-0.010709066803327892,2.2250185271042398,0.20169033251943347
2026-09-09T06:48:13.618+00:00,1016.1044629207646,16.104462920764597,329,WAYPOINT_DRIVE_SETTLE,329,0,simulation,1,,9.5321837229918,0.10490775556371013,1016032.8884985342,1016104.4629207646,71.57442223037691,1016104.4629207646,0.006379166239425336,2.2283538353928787,-0.8717891279739831
2026-09-09T06:48:13.704+00:00,1016.1911850570592,16.191185057059176,330,WAYPOINT_DRIVE_SETTLE,330,0,simulation,1,,11.53108125246343,0.08672213629457914,1016137.796254098,1016191.1850570592,53.38880296124415,1016191.1850570592,-0.0006392467107283348,2.2207539660051965,-1.0936989745611925
2026-09-09T06:48:13.738+00:00,1016.2245183903925,16.22451839039251,331,WAYPOINT_DRIVE_SETTLE,331,0,simulation,1,,29.999999999998508,0.03333333333333499,1016224.5183903925,1016224.5183903925,0.0,1016224.5183903925,0.007908396652245837,2.2563787406437648,0.5854568218616691
2026-09-09T06:48:13.771+00:00,1016.2578517237258,16.257851723725846,332,WAYPOINT_DRIVE_SETTLE,332,0,simulation,1,,29.999999999998508,0.03333333333333499,1016257.8517237258,1016257.8517237258,0.0,1016257.8517237258,0.0009625566216107606,2.2667600779981107,-0.5690994550005541
2026-09-09T06:48:13.804+00:00,1016.2911850570592,16.29118505705918,333,WAYPOINT_DRIVE_SETTLE,333,0,simulation,1,,29.999999999998508,0.03333333333333499,1016291.1850570593,1016291.1850570593,0.0,1016291.1850570593,-0.00890484516514943,2.229790381468431,0.32862791560813776
2026-09-09T06:48:13.838+00:00,1016.3245183903925,16.324518390392516,334,WAYPOINT_DRIVE_SETTLE,334,0,simulation,1,,29.999999999998508,0.03333333333333499,1016324.5183903925,1016324.5183903925,0.0,1016324.5183903925,-0.021603768149861032,2.2109384302424306,0.5841332794427956
2026-09-09T06:48:13.885+00:00,1016.3719983622638,16.371998362263767,335,WAYPOINT_DRIVE_SETTLE,335,0,simulation,1,,21.061512056318122,0.04747997187125108,1016357.8517237258,1016371.9983622638,14.14663853791609,1016371.9983622638,0.002388659863783476,2.2172206711575444,2.230416749141085
2026-09-09T06:48:13.904+00:00,1016.3911850570591,16.391185057059186,336,WAYPOINT_DRIVE_SETTLE,336,0,simulation,0,,52.119451039517465,0.0191866947954189,1016391.1850570592,1016391.1850570592,0.0,1016391.1850570592,,,
2026-09-09T06:48:13.986+00:00,1016.4726389776437,16.472638977643683,337,WAYPOINT_DRIVE_SETTLE,337,0,simulation,1,,12.276879895089111,0.0814539205844973,1016424.5183903925,1016472.6389776437,48.120587251162306,1016472.6389776437,-0.004548183518818122,2.236367633528145,-1.411970730121709
2026-09-09T06:48:14.116+00:00,1016.6023526066028,16.602352606602825,338,WAYPOINT_DRIVE_SETTLE,338,0,simulation,1,,7.709290134153835,0.1297136289591414,1016505.9723109769,1016602.3526066028,96.38029562580641,1016602.3526066028,-0.010664268546564626,2.208780220527308,-0.44259876027558676
2026-09-09T06:48:14.149+00:00,1016.6356859399361,16.63568593993616,339,WAYPOINT_DRIVE_SETTLE,339,0,simulation,1,,29.999999999998508,0.03333333333333499,1016635.6859399361,1016635.6859399361,0.0,1016635.6859399361,-2.1723933577709024e-05,2.2419280993585975,-0.9872745938622245
2026-09-09T06:48:14.182+00:00,1016.6690192732694,16.669019273269495,340,WAYPOINT_DRIVE_SETTLE,340,0,simulation,1,,29.999999999998508,0.03333333333333499,1016669.0192732695,1016669.0192732695,0.0,1016669.0192732695,0.006151952599113115,2.229990467549213,1.2278211849280467
2026-09-09T06:48:14.216+00:00,1016.7023526066029,16.70235260660283,341,WAYPOINT_DRIVE_SETTLE,341,0,simulation,1,,29.999999999998508,0.03333333333333499,1016702.3526066028,1016702.3526066028,0.0,1016702.3526066028,0.0034174257085563997,2.1812335882492677,-0.971234255074279
2026-09-09T06:48:14.268+00:00,1016.7542722235835,16.754272223583442,342,WAYPOINT_DRIVE_SETTLE,342,0,simulation,1,,19.260542703414384,0.051919616980612204,1016735.6859399362,1016754.2722235835,18.586283647277213,1016754.2722235835,-0.005180624989887092,2.19074147376763,-1.6881829388222798
2026-09-09T06:48:14.282+00:00,1016.7690192732695,16.7690192732695,343,WAYPOINT_DRIVE_SETTLE,343,0,simulation,1,,67.81017364750757,0.014747049686057778,1016769.0192732695,1016769.0192732695,0.0,1016769.0192732695,-0.009531551892667243,2.2179539316574517,-0.21441213577753615
2026-09-09T06:48:14.316+00:00,1016.8023526066029,16.802352606602835,344,WAYPOINT_DRIVE_SETTLE,344,0,simulation,1,,29.999999999998508,0.03333333333333499,1016802.3526066028,1016802.3526066028,0.0,1016802.3526066028,-0.0014508493125308696,2.2264410634617153,0.29564354569180296
2026-09-09T06:48:14.349+00:00,1016.8356859399362,16.83568593993617,345,WAYPOINT_DRIVE_SETTLE,345,0,simulation,1,,29.999999999998508,0.03333333333333499,1016835.6859399362,1016835.6859399362,0.0,1016835.6859399362,-0.01592731586733823,2.2116746975519552,0.40697729926847614
2026-09-09T06:48:14.382+00:00,1016.8690192732695,16.869019273269505,346,WAYPOINT_DRIVE_SETTLE,346,0,simulation,0,,29.999999999998508,0.03333333333333499,1016869.0192732695,1016869.0192732695,0.0,1016869.0192732695,,,
2026-09-09T06:48:14.416+00:00,1016.9023526066028,16.90235260660284,347,WAYPOINT_DRIVE_SETTLE,347,0,simulation,1,,29.999999999998508,0.03333333333333499,1016902.3526066028,1016902.3526066028,0.0,1016902.3526066028,-0.0002410892336172232,2.247736600867736,0.4027278663318441
2026-09-09T06:48:14.456+00:00,1016.9431295528245,16.943129552824544,348,WAYPOINT_DRIVE_SETTLE,348,0,simulation,1,,24.52366085883404,0.04077694622170469,1016935.6859399362,1016943.1295528245,7.4436128883696995,1016943.1295528245,0.0030804891045742144,2.2210726254243074,-0.7630763126705062
2026-09-09T06:48:14.482+00:00,1016.9690192732695,16.96901927326951,349,WAYPOINT_DRIVE_SETTLE,349,0,simulation,1,,38.62536878780657,0.025889720444965292,1016969.0192732695,1016969.0192732695,0.0,1016969.0192732695,-0.001495000196218244,2.224158358241158,-0.5011176970703275
2026-09-09T06:48:14.517+00:00,1017.0041423596565,17.00414235965647,350,WAYPOINT_DRIVE_SETTLE,350,0,simulation,1,,28.471302008677068,0.03512308638696027,1017002.3526066028,1017004.1423596565,1.789753053625276,1017004.1423596565,-0.0020712820916884474,2.235644028441667,1.4597464146698371
2026-09-09T06:48:14.549+00:00,1017.0356859399362,17.03568593993618,351,WAYPOINT_DRIVE_SETTLE,351,0,simulation,1,,31.702171761499315,0.031543580279709715,1017035.6859399362,1017035.6859399362,0.0,1017035.6859399362,-0.0010528853803272692,2.2643044522275986,1.2431010059435152
2026-09-09T06:48:14.630+00:00,1017.1169426816805,17.11694268168054,352,WAYPOINT_DRIVE_SETTLE,352,0,simulation,1,,12.306671157773671,0.0812567417443617,1017069.0192732696,1017116.9426816804,47.92340841102671,1017116.9426816804,0.0130571223205151,2.2429229097566057,1.6483518299599211
2026-09-09T06:48:14.734+00:00,1017.220372682249,17.22037268224904,353,WAYPOINT_DRIVE_SETTLE,353,0,simulation,1,,9.668374693063445,0.1034300005684976,1017150.2760150139,1017220.372682249,70.09666723516261,1017220.372682249,-0.010366574176399228,2.1910379914922893,-0.49753019512041874
2026-09-09T06:48:14.767+00:00,1017.2537060155823,17.253706015582374,354,WAYPOINT_DRIVE_SETTLE,354,0,simulation,1,,29.999999999998508,0.03333333333333499,1017253.7060155823,1017253.7060155823,0.0,1017253.7060155823,0.015749191599555783,2.2675055588780104,1.8659334364569986
2026-09-09T06:48:14.800+00:00,1017.2870393489158,17.28703934891571,355,WAYPOINT_DRIVE_SETTLE,355,0,simulation,1,,29.999999999998508,0.03333333333333499,1017287.0393489158,1017287.0393489158,0.0,1017287.0393489158,-0.01707405675673737,2.227528897599757,1.3887087740804134
2026-09-09T06:48:14.835+00:00,1017.3217124429666,17.32171244296657,356,WAYPOINT_DRIVE_SETTLE,356,0,simulation,1,,28.840806607367515,0.03467309405086283,1017320.372682249,1017321.7124429666,1.339760717527838,1017321.7124429666,0.0005486229109086204,2.2234215766803676,-0.05637257749046398
2026-09-09T06:48:14.867+00:00,1017.3537060155824,17.35370601558238,357,WAYPOINT_DRIVE_SETTLE,357,0,simulation,1,,31.256278003348935,0.03199357261580715,1017353.7060155823,1017353.7060155823,0.0,1017353.7060155823,-0.010371011808505996,2.233911679325322,1.616272097698328
2026-09-09T06:48:14.900+00:00,1017.3870393489157,17.387039348915714,358,WAYPOINT_DRIVE_SETTLE,358,0,simulation,1,,29.999999999998508,0.03333333333333499,1017387.0393489157,1017387.0393489157,0.0,1017387.0393489157,0.011004568303689633,2.191750592316024,-0.12606418866724312
2026-09-09T06:48:14.934+00:00,1017.4203726822491,17.42037268224905,359,WAYPOINT_DRIVE_SETTLE,359,0,simulation,1,,29.999999999998508,0.03333333333333499,1017420.372682249,1017420.372682249,0.0,1017420.372682249,-0.0032071835758713443,2.228376549690818,0.0119434769661666
2026-09-09T06:48:15.021+00:00,1017.508156350343,17.50815635034301,360,WAYPOINT_DRIVE_SETTLE,360,0,simulation,1,,11.391640628751295,0.08778366809396232,1017453.7060155824,1017508.156350343,54.45033476062733,1017508.156350343,-0.004338530566265512,2.2480950400282995,-0.2201463526960481
2026-09-09T06:48:15.055+00:00,1017.5414896836763,17.541489683676346,361,WAYPOINT_DRIVE_SETTLE,361,0,simulation,1,,29.999999999998508,0.03333333333333499,1017541.4896836763,1017541.4896836763,0.0,1017541.4896836763,-0.012052904784983252,2.1779039373495905,-0.3526084042925959
2026-09-09T06:48:15.088+00:00,1017.5748230170096,17.57482301700968,362,WAYPOINT_DRIVE_SETTLE,362,0,simulation,1,,29.999999999998508,0.03333333333333499,1017574.8230170097,1017574.8230170097,0.0,1017574.8230170097,-0.009078287195692212,2.247460507990315,1.4228508020897834
2026-09-09T06:48:15.121+00:00,1017.608156350343,17.608156350343016,363,WAYPOINT_DRIVE_SETTLE,363,0,simulation,1,,29.999999999998508,0.03333333333333499,1017608.156350343,1017608.156350343,0.0,1017608.156350343,-0.004517026038713947,2.248227422578678,-2.941361848294349
2026-09-09T06:48:15.155+00:00,1017.6414896836764,17.64148968367635,364,WAYPOINT_DRIVE_SETTLE,364,0,simulation,1,,29.999999999998508,0.03333333333333499,1017641.4896836764,1017641.4896836764,0.0,1017641.4896836764,0.0008240391572941127,2.213627436903549,-0.4147416860390649
2026-09-09T06:48:15.235+00:00,1017.7221238609596,17.72212386095961,365,WAYPOINT_DRIVE_SETTLE,365,0,simulation,1,,12.401689130988716,0.08063417728325817,1017674.8230170097,1017722.1238609597,47.30084394992318,1017722.1238609597,-0.0029296283893076804,2.229852328094713,-1.2445148501717824
2026-09-09T06:48:15.315+00:00,1017.8012453689723,17.801245368972385,366,WAYPOINT_DRIVE_SETTLE,366,0,simulation,1,,12.638788429544741,0.07912150801277562,1017755.4571942929,1017801.2453689723,45.78817467944063,1017801.2453689723,-0.0024312187001638407,2.227559542696611,-0.5092166903292821
2026-09-09T06:48:15.356+00:00,1017.8428951777047,17.842895177704673,367,WAYPOINT_DRIVE_SETTLE,367,0,simulation,1,,24.00971410043422,0.04164980873228785,1017834.5787023058,1017842.8951777047,8.31647539895286,1017842.8951777047,0.0037472467517410957,2.2260978721900813,-0.2840758209241585
2026-09-09T06:48:15.381+00:00,1017.867912035639,17.867912035639055,368,WAYPOINT_DRIVE_SETTLE,368,0,simulation,0,,39.97304548088917,0.02501685793438213,1017867.912035639,1017867.912035639,0.0,1017867.912035639,,,
2026-09-09T06:48:15.415+00:00,1017.9012453689724,17.90124536897239,369,WAYPOINT_DRIVE_SETTLE,369,0,simulation,0,,29.999999999998508,0.03333333333333499,1017901.2453689723,1017901.2453689723,0.0,1017901.2453689723,,,
2026-09-09T06:48:15.448+00:00,1017.9345787023058,17.934578702305725,370,WAYPOINT_DRIVE_SETTLE,370,0,simulation,1,,29.999999999998508,0.03333333333333499,1017934.5787023058,1017934.5787023058,0.0,1017934.5787023058,-0.009268193505650188,2.2279449117861545,-0.8802378316570696
2026-09-09T06:48:15.554+00:00,1018.0411618097652,18.04116180976517,371,WAYPOINT_DRIVE_SETTLE,371,0,simulation,1,,9.382349828564426,0.10658310745944632,1017967.912035639,1018041.1618097652,73.24977412611133,1018041.1618097652,-0.0038989284752609706,2.2207618706263714,-0.5418216000167604
2026-09-09T06:48:15.588+00:00,1018.0744951430985,18.074495143098506,372,WAYPOINT_DRIVE_SETTLE,372,0,simulation,1,,29.999999999998508,0.03333333333333499,1018074.4951430985,1018074.4951430985,0.0,1018074.4951430985,-0.005744933489174534,2.232459376682117,0.44152699406527063
2026-09-09T06:48:15.632+00:00,1018.1186757056633,18.118675705663296,373,WAYPOINT_DRIVE_SETTLE,373,0,simulation,1,,22.634388109782748,0.04418056256479019,1018107.8284764318,1018118.6757056634,10.847229231455202,1018118.6757056634,0.025995122894241333,2.2359806598653496,-1.7842260975511408
2026-09-09T06:48:15.664+00:00,1018.1511251912548,18.15112519125483,374,WAYPOINT_DRIVE_SETTLE,374,0,simulation,1,,30.81712950977799,0.03244948559153471,1018141.1618097652,1018151.1251912548,9.963381489654921,1018151.1251912548,0.004651925265311735,2.21258310653742,-0.11315333180317566
2026-09-09T06:48:15.688+00:00,1018.1744951430985,18.17449514309851,375,WAYPOINT_DRIVE_SETTLE,375,0,simulation,1,,42.78998975645856,0.02336995184368007,1018174.4951430985,1018174.4951430985,0.0,1018174.4951430985,0.0007583277335203006,2.26025446778901,1.8043326495040333
2026-09-09T06:48:15.721+00:00,1018.2078284764318,18.207828476431846,376,WAYPOINT_DRIVE_SETTLE,376,0,simulation,1,,29.999999999998508,0.03333333333333499,1018207.8284764318,1018207.8284764318,0.0,1018207.8284764318,0.009193425484849206,2.234274387094802,0.831729722507049
2026-09-09T06:48:15.771+00:00,1018.2577138795829,18.25771387958285,377,WAYPOINT_DRIVE_SETTLE,377,0,simulation,1,,20.04594404044304,0.04988540315100565,1018241.1618097653,1018257.7138795828,16.552069817670656,1018257.7138795828,-0.01633773065839615,2.246927462948591,1.3542363398989892
2026-09-09T06:48:15.788+00:00,1018.2744951430985,18.274495143098516,378,WAYPOINT_DRIVE_SETTLE,378,0,simulation,1,,59.59026857939261,0.016781263515664335,1018274.4951430985,1018274.4951430985,0.0,1018274.4951430985,0.009521991959891812,2.2347781484187186,-0.33182464701960157
2026-09-09T06:48:15.821+00:00,1018.3078284764318,18.30782847643185,379,WAYPOINT_DRIVE_SETTLE,379,0,simulation,1,,29.999999999998508,0.03333333333333499,1018307.8284764318,1018307.8284764318,0.0,1018307.8284764318,0.007862010501958607,2.234742388946995,1.250126638889327
2026-09-09T06:48:15.874+00:00,1018.3608140293942,18.36081402939422,380,WAYPOINT_DRIVE_SETTLE,380,0,simulation,1,,18.87306905545018,0.05298555296236884,1018341.1618097652,1018360.8140293942,19.65221962903385,1018360.8140293942,0.01214876231662174,2.2123301796481707,-2.151910844558074
2026-09-09T06:48:15.888+00:00,1018.3744951430986,18.37449514309852,381,WAYPOINT_DRIVE_SETTLE,381,0,simulation,1,,73.09346458290268,0.01368111370430114,1018374.4951430985,1018374.4951430985,0.0,1018374.4951430985,-6.612304645927378e-05,2.262712556860594,0.21130914499943287
2026-09-09T06:48:15.937+00:00,1018.4232796630165,18.423279663016487,382,STAGING_PLAN,382,0,simulation,0,,20.49830564452738,0.04878451991796595,1018407.8284764319,1018423.2796630166,15.45118658463096,1018423.2796630166,,,
2026-09-09T06:48:15.967+00:00,1018.4537832932067,18.453783293206694,383,STAGING_PLAN,383,0,simulation,1,,32.78298332901509,0.030503630190207076,1018441.1618097652,1018453.7832932067,12.621483441503045,1018453.7832932067,-0.012603461745133783,2.246888828490015,-0.6551419070793543
2026-09-09T06:48:15.991+00:00,1018.4777434883162,18.47774348831615,384,STAGING_PLAN,384,0,simulation,1,,41.735887184212906,0.02396019510945635,1018474.4951430985,1018477.7434883162,3.2483452176244043,1018477.7434883162,0.01319985153915514,2.1906434141952538,0.7524458830556
2026-09-09T06:48:16.054+00:00,1018.5403757808365,18.540375780836456,385,STAGING_PLAN,385,0,simulation,1,,15.966204648756827,0.06263229252030555,1018507.8284764319,1018540.3757808364,32.54730440459497,1018540.3757808364,0.004080539791379514,2.218399460255143,0.22102020337837303
2026-09-09T06:48:16.054+00:00,1018.5411618097652,18.541161809765196,386,STAGING_PLAN,386,0,simulation,1,,1272.2178070506445,0.0007860289287400235,1018541.1618097652,1018541.1618097652,0.0,1018541.1618097652,-0.003125088810560097,2.2227344300417315,-0.42674052938926366
2026-09-09T06:48:16.088+00:00,1018.5744951430985,18.57449514309853,387,STAGING_PLAN,387,0,simulation,1,,29.999999999998508,0.03333333333333499,1018574.4951430985,1018574.4951430985,0.0,1018574.4951430985,-0.006835552096213231,2.2705649222936937,0.31356501034932194
2026-09-09T06:48:16.121+00:00,1018.6078284764319,18.607828476431866,388,STAGING_PLAN,388,0,simulation,1,,29.999999999998508,0.03333333333333499,1018607.8284764319,1018607.8284764319,0.0,1018607.8284764319,0.0002244761629217889,2.2013272484523556,-1.0221854534095485
2026-09-09T06:48:16.194+00:00,1018.6810237315036,18.68102373150365,389,STAGING_PLAN,389,0,simulation,1,,13.662087781773247,0.07319525507178426,1018641.1618097652,1018681.0237315036,39.86192173844927,1018681.0237315036,-0.002277451431713662,2.2683461457162974,-1.6017258665176826
2026-09-09T06:48:16.228+00:00,1018.714357064837,18.714357064836985,390,STAGING_PLAN,390,0,simulation,0,,29.999999999998508,0.03333333333333499,1018714.357064837,1018714.357064837,0.0,1018714.357064837,,,
2026-09-09T06:48:16.261+00:00,1018.7476903981703,18.74769039817032,391,STAGING_PLAN,391,0,simulation,1,,29.999999999998508,0.03333333333333499,1018747.6903981704,1018747.6903981704,0.0,1018747.6903981704,0.005270541532780024,2.2345895453940106,-0.8864301520456763
2026-09-09T06:48:16.295+00:00,1018.7822106433739,18.78221064337389,392,STAGING_PLAN,392,0,simulation,0,,28.968508019073468,0.03452024520357,1018781.0237315036,1018782.2106433739,1.1869118702350079,1018782.2106433739,,,
2026-09-09T06:48:16.328+00:00,1018.8143570648369,18.81435706483699,393,STAGING_PLAN,393,0,simulation,1,,31.107661583665642,0.03214642146309998,1018814.3570648369,1018814.3570648369,0.0,1018814.3570648369,-0.017581270563607282,2.2155276144236913,0.09557481468718265
2026-09-09T06:48:16.397+00:00,1018.8838234408561,18.88382344085606,394,STAGING_PLAN,394,0,simulation,0,,14.395453704472782,0.06946637601906858,1018847.6903981704,1018883.8234408561,36.133042685733585,1018883.8234408561,,,
2026-09-09T06:48:16.430+00:00,1018.9171567741894,18.917156774189394,395,STAGING_PLAN,395,0,simulation,1,,29.999999999998508,0.03333333333333499,1018917.1567741893,1018917.1567741893,0.0,1018917.1567741893,-0.01802077400763223,2.2339218340316984,1.152404883827245
2026-09-09T06:48:16.464+00:00,1018.9504901075227,18.95049010752273,396,WAYPOINT_DRIVE,396,0,simulation,1,,29.999999999998508,0.03333333333333499,1018950.4901075227,1018950.4901075227,0.0,1018950.4901075227,-0.0035045689840563637,2.227635601012029,-1.0744195108252939
2026-09-09T06:48:16.498+00:00,1018.9845670631544,18.984567063154326,397,WAYPOINT_DRIVE,397,0,simulation,1,,29.3453444260366,0.03407695563159763,1018983.8234408561,1018984.5670631544,0.7436222982626361,1018984.5670631544,-0.010434681726500958,2.218971904633473,1.011678643777941
2026-09-09T06:48:16.530+00:00,1019.0171567741894,19.0171567741894,398,WAYPOINT_DRIVE,398,0,simulation,1,,30.68453104490007,0.032589711035072355,1019017.1567741894,1019017.1567741894,0.0,1019017.1567741894,0.0018186895942283873,2.262362265933708,-0.969288872002636
2026-09-09T06:48:16.564+00:00,1019.0504901075227,19.050490107522734,399,WAYPOINT_DRIVE,399,0,simulation,1,,29.999999999998508,0.03333333333333499,1019050.4901075227,1019050.4901075227,0.0,1019050.4901075227,0.016560091497162664,2.2279772870854435,1.5902190146541955
2026-09-09T06:48:16.600+00:00,1019.0871352719882,19.087135271988302,400,WAYPOINT_DRIVE,400,0,simulation,0,,27.288730029840554,0.036645164465568314,1019083.8234408561,1019087.1352719882,3.3118311322333227,1019087.1352719882,,,
2026-09-09T06:48:16.693+00:00,1019.1793027870366,19.179302787036548,401,WAYPOINT_DRIVE,401,0,simulation,1,,10.849809713070197,0.09216751504824572,1019117.1567741894,1019179.3027870366,62.14601284714405,1019179.3027870366,0.010283147502359851,2.2747393277866514,-1.9711149522230471
2026-09-09T06:48:16.749+00:00,1019.236199014338,19.23619901433801,402,WAYPOINT_DRIVE,402,0,simulation,1,,17.575857792847312,0.056896227301461266,1019212.6361203699,1019236.199014338,23.562893968126275,1019236.199014338,-0.010810972899841372,2.2299031628516337,-0.0830074558675733
2026-09-09T06:48:16.870+00:00,1019.3563439287246,19.356343928724616,403,WAYPOINT_DRIVE,403,0,simulation,1,,8.323281972486658,0.12014491438660713,1019245.9694537031,1019356.3439287246,110.37447502139841,1019356.3439287246,-0.003801386583163141,2.2292687763719776,-1.6994873886683308
2026-09-09T06:48:16.939+00:00,1019.4255287610175,19.425528761017524,404,WAYPOINT_DRIVE,404,0,simulation,1,,14.454035181675275,0.06918483229290828,1019389.6772620579,1019425.5287610175,35.85149895957329,1019425.5287610175,-0.006174650517788748,2.2307544426873744,-1.2474406328528858
2026-09-09T06:48:17.008+00:00,1019.4946663965396,19.494666396539646,405,WAYPOINT_DRIVE,405,0,simulation,1,,14.463902221244396,0.0691376355221216,1019458.8620943509,1019494.6663965397,35.80430218878661,1019494.6663965397,-0.005094733331183145,2.2285097042708673,-1.9789706039030932
2026-09-09T06:48:17.058+00:00,1019.5450724468694,19.54507244686947,406,WAYPOINT_DRIVE,406,0,simulation,0,,19.838888257593766,0.050406050329822705,1019527.9997298729,1019545.0724468695,17.072716996487713,1019545.0724468695,,,
2026-09-09T06:48:17.075+00:00,1019.5613330632063,19.561333063206316,407,WAYPOINT_DRIVE,407,0,simulation,1,,61.49828390784645,0.016260616336847278,1019561.3330632064,1019561.3330632064,0.0,1019561.3330632064,-0.006658579122590658,2.2054326991481514,0.9938881506229222
2026-09-09T06:48:17.108+00:00,1019.5946663965397,19.59466639653965,408,WAYPOINT_DRIVE,408,0,simulation,1,,29.999999999998508,0.03333333333333499,1019594.6663965397,1019594.6663965397,0.0,1019594.6663965397,0.006084194621258177,2.2288669489635384,-0.9140121118197726
2026-09-09T06:48:17.144+00:00,1019.6306702880114,19.630670288011434,409,WAYPOINT_DRIVE,409,0,simulation,1,,27.774775423476967,0.03600389147178262,1019627.9997298729,1019630.6702880114,2.670558138447632,1019630.6702880114,-0.009712064711298884,2.21156327328511,-0.7290646254123772
2026-09-09T06:48:17.183+00:00,1019.6692735830193,19.66927358301931,410,WAYPOINT_DRIVE,410,0,simulation,1,,25.90452446600551,0.03860329500787785,1019661.3330632064,1019669.2735830193,7.9405198129904875,1019669.2735830193,0.0005035035792397345,2.24777367845534,0.2935048853499893
2026-09-09T06:48:17.211+00:00,1019.6977140070862,19.697714007086233,411,WAYPOINT_DRIVE,411,0,simulation,0,,35.16121973592754,0.02844042406692182,1019694.6663965397,1019697.7140070862,3.0476105465773173,1019697.7140070862,,,
2026-09-09T06:48:17.241+00:00,1019.727999729873,19.72799972987299,412,WAYPOINT_DRIVE,412,0,simulation,1,,33.018858656305426,0.030285722786757674,1019727.999729873,1019727.999729873,0.0,1019727.999729873,-0.01469525254098621,2.2559595516391577,2.8048184087153913
2026-09-09T06:48:17.275+00:00,1019.7613330632063,19.761333063206326,413,WAYPOINT_DRIVE,413,0,simulation,1,,29.999999999998508,0.03333333333333499,1019761.3330632063,1019761.3330632063,0.0,1019761.3330632063,0.0033591868144347554,2.215817005034131,-0.029578689185541407
2026-09-09T06:48:17.308+00:00,1019.7946663965397,19.79466639653966,414,WAYPOINT_DRIVE,414,0,simulation,1,,29.999999999998508,0.03333333333333499,1019794.6663965397,1019794.6663965397,0.0,1019794.6663965397,-0.008138309533107123,2.19493214883404,-0.3537629599353238
2026-09-09T06:48:17.381+00:00,1019.8673487692045,19.867348769204412,415,WAYPOINT_DRIVE_SETTLE,415,0,simulation,1,,13.758494162161186,0.07268237266475097,1019827.999729873,1019867.3487692045,39.34903933141598,1019867.3487692045,0.016662816554988708,2.207467891340752,1.3576457865602265
2026-09-09T06:48:17.414+00:00,1019.9006821025378,19.900682102537747,416,WAYPOINT_DRIVE_SETTLE,416,0,simulation,1,,29.999999999998508,0.03333333333333499,1019900.6821025377,1019900.6821025377,0.0,1019900.6821025377,0.007956450040859455,2.218761031251861,-1.014107234965394
2026-09-09T06:48:17.447+00:00,1019.9340154358711,19.934015435871082,417,WAYPOINT_DRIVE_SETTLE,417,0,simulation,1,,29.999999999998508,0.03333333333333499,1019934.0154358711,1019934.0154358711,0.0,1019934.0154358711,-0.005025437311911699,2.214305073928981,1.0110691015048303
2026-09-09T06:48:17.481+00:00,1019.9673487692044,19.967348769204417,418,WAYPOINT_DRIVE_SETTLE,418,0,simulation,1,,29.999999999998508,0.03333333333333499,1019967.3487692043,1019967.3487692043,0.0,1019967.3487692043,0.023870863577221294,2.225345927548506,-1.678695475798719
2026-09-09T06:48:17.514+00:00,1020.0006821025378,20.000682102537752,419,WAYPOINT_DRIVE_SETTLE,419,0,simulation,1,,29.999999999998508,0.03333333333333499,1020000.6821025378,1020000.6821025378,0.0,1020000.6821025378,0.0072826959256727854,2.239369961004479,1.2544224855287212
2026-09-09T06:48:17.585+00:00,1020.0717183172943,20.07171831729427,420,WAYPOINT_DRIVE_SETTLE,420,0,simulation,1,,14.077326662570336,0.07103621475651778,1020034.0154358711,1020071.7183172943,37.70288142318279,1020071.7183172943,0.0038688684322864047,2.2045428940364804,-1.0350380238678838
2026-09-09T06:48:17.667+00:00,1020.1540931098334,20.15409310983338,421,WAYPOINT_DRIVE_SETTLE,421,0,simulation,1,,12.139636036415187,0.08237479253910962,1020105.0516506276,1020154.0931098334,49.04145920577463,1020154.0931098334,-0.010071578649444213,2.198971798222501,1.2457931313092843
2026-09-09T06:48:17.701+00:00,1020.1874264431667,20.187426443166714,422,WAYPOINT_DRIVE_SETTLE,422,0,simulation,1,,29.999999999998508,0.03333333333333499,1020187.4264431667,1020187.4264431667,0.0,1020187.4264431667,-0.01056590736304871,2.16382795742022,0.8381847744295783
2026-09-09T06:48:17.734+00:00,1020.2207597765,20.22075977650005,423,WAYPOINT_DRIVE_SETTLE,423,0,simulation,1,,29.999999999998508,0.03333333333333499,1020220.7597765,1020220.7597765,0.0,1020220.7597765,-0.0007231009469197053,2.2300319202281482,-0.7341191505985023
2026-09-09T06:48:17.767+00:00,1020.2540931098334,20.254093109833384,424,WAYPOINT_DRIVE_SETTLE,424,0,simulation,1,,29.999999999998508,0.03333333333333499,1020254.0931098334,1020254.0931098334,0.0,1020254.0931098334,0.0027342864021779696,2.217187130762745,0.04445139900963113
2026-09-09T06:48:17.815+00:00,1020.3015648424963,20.30156484249627,425,WAYPOINT_DRIVE_SETTLE,425,0,simulation,1,,21.065167498759465,0.04747173266288485,1020287.4264431667,1020301.5648424963,14.138399329549856,1020301.5648424963,0.004067610050492419,2.258922166615201,-0.6344778888457654
2026-09-09T06:48:17.845+00:00,1020.3319377817188,20.331937781718807,426,WAYPOINT_DRIVE_SETTLE,426,0,simulation,1,,32.924044415759546,0.03037293922253781,1020320.7597765,1020331.9377817188,11.178005218752673,1020331.9377817188,0.004808698018560426,2.2270108602356813,-0.3561859088198389
2026-09-09T06:48:17.867+00:00,1020.3540931098333,20.35409310983339,427,WAYPOINT_DRIVE_SETTLE,427,0,simulation,1,,45.13586956727644,0.022155328114582318,1020354.0931098333,1020354.0931098333,0.0,1020354.0931098333,0.01440131222017134,2.261189073146244,-0.2603148522680385
2026-09-09T06:48:17.914+00:00,1020.4005790625364,20.40057906253636,428,WAYPOINT_DRIVE_SETTLE,428,0,simulation,1,,21.511874918207717,0.04648595270296951,1020387.4264431668,1020400.5790625364,13.152619369634522,1020400.5790625364,0.0038860634442255374,2.2137705242426624,0.3308201814519691
2026-09-09T06:48:17.934+00:00,1020.4207597765001,20.42075977650006,429,WAYPOINT_DRIVE_SETTLE,429,0,simulation,1,,49.5522607276791,0.02018071396370047,1020420.7597765,1020420.7597765,0.0,1020420.7597765,-0.005610382430825209,2.2125313597219454,-0.9463921742618879
2026-09-09T06:48:17.982+00:00,1020.4690880904483,20.469088090448267,430,WAYPOINT_DRIVE_SETTLE,430,0,simulation,1,,20.691804002756616,0.04832831394820758,1020454.0931098333,1020469.0880904483,14.994980614872588,1020469.0880904483,-0.013754652155512328,2.232987755685439,1.8248646020428794
2026-09-09T06:48:18.001+00:00,1020.4874264431668,20.48742644316673,431,WAYPOINT_DRIVE_SETTLE,431,0,simulation,1,,54.5305249251333,0.018338352718462403,1020487.4264431668,1020487.4264431668,0.0,1020487.4264431668,0.008469638635862876,2.2652641561853275,-1.4312532535777507
2026-09-09T06:48:18.055+00:00,1020.5419120051785,20.541912005178446,432,WAYPOINT_DRIVE_SETTLE,432,0,simulation,1,,18.353486007631805,0.05448556201171684,1020520.7597765,1020541.9120051785,21.152228678381846,1020541.9120051785,-0.0011432905808569974,2.21379198423848,-0.7358670751116847
2026-09-09T06:48:18.109+00:00,1020.5961847034013,20.596184703401303,433,WAYPOINT_DRIVE_SETTLE,433,0,simulation,1,,18.425470498882582,0.05427269822285652,1020554.0931098334,1020596.1847034013,42.091593567903374,1020596.1847034013,0.008831166020641358,2.228312936274915,-0.5070582568663156
2026-09-09T06:48:18.143+00:00,1020.6295180367347,20.629518036734638,434,WAYPOINT_DRIVE_SETTLE,434,0,simulation,1,,29.999999999998508,0.03333333333333499,1020629.5180367347,1020629.5180367347,0.0,1020629.5180367347,0.008998952632123126,2.2290642614735896,-1.0787554640244537
2026-09-09T06:48:18.176+00:00,1020.662851370068,20.662851370067973,435,WAYPOINT_DRIVE_SETTLE,435,0,simulation,1,,29.999999999998508,0.03333333333333499,1020662.851370068,1020662.851370068,0.0,1020662.851370068,-0.020368351169108307,2.185940764388343,0.5717595088815699
2026-09-09T06:48:18.223+00:00,1020.710143898544,20.710143898543983,436,WAYPOINT_DRIVE_SETTLE,436,0,simulation,1,,21.144989118255,0.047292528476010176,1020696.1847034013,1020710.1438985439,13.959195142675185,1020710.1438985439,-0.00433581055389011,2.199418855376863,-0.01058835679472736
2026-09-09T06:48:18.336+00:00,1020.8228788734575,20.822878873457473,437,WAYPOINT_DRIVE_SETTLE,437,0,simulation,1,,8.870361666974908,0.11273497491349005,1020729.5180367345,1020822.8788734576,93.36083672283024,1020822.8788734576,0.0074690803404242456,2.2288429769316833,0.9730976176415425
2026-09-09T06:48:18.386+00:00,1020.8725732936342,20.87257329363425,438,WAYPOINT_DRIVE_SETTLE,438,0,simulation,1,,20.12298355514984,0.0496944201767775,1020856.2122067908,1020872.5732936342,16.361086843442507,1020872.5732936342,-0.005345794002612449,2.218736632173665,0.2624485439546902
2026-09-09T06:48:18.403+00:00,1020.8895455401241,20.889545540124143,439,WAYPOINT_DRIVE_SETTLE,439,0,simulation,1,,58.91971935450808,0.016972246489892484,1020889.5455401241,1020889.5455401241,0.0,1020889.5455401241,0.00041794113474438575,2.1915463799506933,0.13592997490766834
2026-09-09T06:48:18.438+00:00,1020.9244766429022,20.92447664290213,440,WAYPOINT_DRIVE_SETTLE,440,0,simulation,1,,28.627782133183217,0.0349311027779855,1020922.8788734574,1020924.4766429021,1.5977694446505097,1020924.4766429021,-0.002963912644855817,2.224150920861089,-1.8501782303576988
2026-09-09T06:48:18.481+00:00,1020.9681629444628,20.968162944462875,441,WAYPOINT_DRIVE_SETTLE,441,0,simulation,1,,22.890470565686797,0.043686301560747154,1020956.2122067908,1020968.1629444628,11.950737672062672,1020968.1629444628,-0.015023507238450185,2.215947796011113,0.16050369555398447
2026-09-09T06:48:18.566+00:00,1021.0531480544697,21.05314805446968,442,WAYPOINT_DRIVE_SETTLE,442,0,simulation,1,,11.76676714214909,0.08498511000680509,1020989.5455401242,1021053.1480544697,63.60251434553277,1021053.1480544697,0.0006405154095522926,2.216900453382618,-1.0108802975962021
2026-09-09T06:48:18.625+00:00,1021.1120697270851,21.112069727085057,443,WAYPOINT_DRIVE_SETTLE,443,0,simulation,1,,16.971683857783677,0.05892167261537651,1021086.481387803,1021112.0697270851,25.588339282041517,1021112.0697270851,0.010323581466673828,2.229194486479049,-2.321731249966547
2026-09-09T06:48:18.633+00:00,1021.1198147211363,21.11981472113635,444,WAYPOINT_DRIVE_SETTLE,444,0,simulation,1,,129.11565759472626,0.0077449940512934745,1021119.8147211364,1021119.8147211364,0.0,1021119.8147211364,-0.00356455892543051,2.245939092339464,0.9689613609474463
2026-09-09T06:48:18.666+00:00,1021.1531480544697,21.153148054469685,445,WAYPOINT_DRIVE_SETTLE,445,0,simulation,1,,29.999999999998508,0.03333333333333499,1021153.1480544697,1021153.1480544697,0.0,1021153.1480544697,-0.004313809059061474,2.2737798760421377,0.6385426447592408
2026-09-09T06:48:18.700+00:00,1021.186481387803,21.18648138780302,446,WAYPOINT_DRIVE_SETTLE,446,0,simulation,1,,29.999999999998508,0.03333333333333499,1021186.4813878031,1021186.4813878031,0.0,1021186.4813878031,0.0058620901696372785,2.19093381175698,-0.7894906016849745
2026-09-09T06:48:18.733+00:00,1021.2198147211363,21.219814721136355,447,WAYPOINT_DRIVE_SETTLE,447,0,simulation,1,,29.999999999998508,0.03333333333333499,1021219.8147211364,1021219.8147211364,0.0,1021219.8147211364,-0.007875447988611372,2.242691649099196,-1.62717595916547
2026-09-09T06:48:18.766+00:00,1021.2531480544696,21.25314805446969,448,WAYPOINT_DRIVE_SETTLE,448,0,simulation,1,,29.999999999998508,0.03333333333333499,1021253.1480544696,1021253.1480544696,0.0,1021253.1480544696,-0.0024954324512695457,2.1865888489755863,1.099202424728304
2026-09-09T06:48:18.800+00:00,1021.2864813878031,21.286481387803025,449,WAYPOINT_DRIVE_SETTLE,449,0,simulation,1,,29.999999999998508,0.03333333333333499,1021286.4813878031,1021286.4813878031,0.0,1021286.4813878031,0.01702451684648953,2.2023051984610826,0.09906757229836671
2026-09-09T06:48:18.833+00:00,1021.3198147211364,21.31981472113636,450,WAYPOINT_DRIVE_SETTLE,450,0,simulation,1,,29.999999999998508,0.03333333333333499,1021319.8147211364,1021319.8147211364,0.0,1021319.8147211364,-0.0075446890852626574,2.1894105402077146,-0.9995849168086011
2026-09-09T06:48:18.866+00:00,1021.3531480544697,21.353148054469695,451,WAYPOINT_DRIVE_SETTLE,451,0,simulation,1,,29.999999999998508,0.03333333333333499,1021353.1480544697,1021353.1480544697,0.0,1021353.1480544697,-0.008031187739374784,2.222475244842477,-0.3125357773307371
2026-09-09T06:48:18.967+00:00,1021.4533729996016,21.453372999601626,452,WAYPOINT_DRIVE_SETTLE,452,0,simulation,0,,9.977555973551823,0.10022494513193081,1021386.4813878031,1021453.3729996015,66.89161179859582,1021453.3729996015,,,
2026-09-09T06:48:19.000+00:00,1021.486706332935,21.48670633293496,453,WAYPOINT_DRIVE_SETTLE,453,0,simulation,1,,29.999999999998508,0.03333333333333499,1021486.706332935,1021486.706332935,0.0,1021486.706332935,-0.014563599111902931,2.2533438061357267,-1.462747848692743
2026-09-09T06:48:19.035+00:00,1021.521506790759,21.521506790758927,454,WAYPOINT_DRIVE_SETTLE,454,0,simulation,1,,28.735254146896036,0.03480045782396601,1021520.0396662683,1021521.5067907589,1.4671244906310221,1021521.5067907589,-0.001260869076962436,2.226466712976268,-0.48719274902992993
2026-09-09T06:48:19.067+00:00,1021.5533729996016,21.55337299960163,455,WAYPOINT_DRIVE_SETTLE,455,0,simulation,1,,31.381203987463298,0.03186620884270397,1021553.3729996016,1021553.3729996016,0.0,1021553.3729996016,-0.007910234657658256,2.216270675134917,0.625027478657529
2026-09-09T06:48:19.100+00:00,1021.5867063329349,21.586706332934966,456,WAYPOINT_DRIVE_SETTLE,456,0,simulation,1,,29.999999999998508,0.03333333333333499,1021586.7063329349,1021586.7063329349,0.0,1021586.7063329349,0.012187109113706905,2.222721363031669,-0.9605858427292162
2026-09-09T06:48:19.133+00:00,1021.6200396662683,21.6200396662683,457,WAYPOINT_DRIVE_SETTLE,457,0,simulation,1,,29.999999999998508,0.03333333333333499,1021620.0396662683,1021620.0396662683,0.0,1021620.0396662683,0.002352138332160406,2.216101624469622,0.4731578085393835
2026-09-09T06:48:19.167+00:00,1021.6533729996016,21.653372999601636,458,WAYPOINT_DRIVE_SETTLE,458,0,simulation,1,,29.999999999998508,0.03333333333333499,1021653.3729996016,1021653.3729996016,0.0,1021653.3729996016,-0.025369017989285116,2.202409482996146,-0.6751921581564204
2026-09-09T06:48:19.200+00:00,1021.6867063329349,21.68670633293497,459,WAYPOINT_DRIVE_SETTLE,459,0,simulation,1,,29.999999999998508,0.03333333333333499,1021686.7063329349,1021686.7063329349,0.0,1021686.7063329349,-0.0001341960684577077,2.2382257756065003,-0.3864788100059968
2026-09-09T06:48:19.233+00:00,1021.7200396662683,21.720039666268306,460,WAYPOINT_DRIVE_SETTLE,460,0,simulation,0,,29.999999999998508,0.03333333333333499,1021720.0396662684,1021720.0396662684,0.0,1021720.0396662684,,,
2026-09-09T06:48:19.267+00:00,1021.7533729996017,21.75337299960164,461,WAYPOINT_DRIVE_SETTLE,461,0,simulation,1,,29.999999999998508,0.03333333333333499,1021753.3729996016,1021753.3729996016,0.0,1021753.3729996016,-0.0004806931411200844,2.21233598924768,0.03600782665012048
2026-09-09T06:48:19.310+00:00,1021.7969893799308,21.796989379930828,462,WAYPOINT_DRIVE_SETTLE,462,0,simulation,1,,22.92716618051927,0.04361638032918691,1021786.7063329349,1021796.9893799308,10.283046995851919,1021796.9893799308,-0.0056055351124005125,2.2144118908937154,-1.72430360344174
2026-09-09T06:48:19.333+00:00,1021.8200396662683,21.82003966626831,463,WAYPOINT_DRIVE_SETTLE,463,0,simulation,1,,43.383409011013306,0.023050286337483072,1021820.0396662683,1021820.0396662683,0.0,1021820.0396662683,0.0007373230925794571,2.1997281565585096,1.2698262702639909
2026-09-09T06:48:19.447+00:00,1021.9340449734967,21.934044973496746,464,WAYPOINT_DRIVE_SETTLE,464,0,simulation,1,,8.77152146957751,0.11400530722843527,1021853.3729996016,1021934.0449734967,80.67197389510028,1021934.0449734967,-0.004666337154400958,2.232082971230977,0.9575389977092641
2026-09-09T06:48:19.481+00:00,1021.96737830683,21.96737830683008,465,WAYPOINT_DRIVE_SETTLE,465,0,simulation,0,,29.999999999998508,0.03333333333333499,1021967.3783068301,1021967.3783068301,0.0,1021967.3783068301,,,
2026-09-09T06:48:19.514+00:00,1022.0007116401634,22.000711640163416,466,WAYPOINT_DRIVE_SETTLE,466,0,simulation,1,,29.999999999998508,0.03333333333333499,1022000.7116401634,1022000.7116401634,0.0,1022000.7116401634,0.006320905592604565,2.216613501150177,1.4887670723962572
2026-09-09T06:48:19.578+00:00,1022.0647834854437,22.064783485443765,467,WAYPOINT_DRIVE_SETTLE,467,0,simulation,1,,15.607479316764769,0.06407184528034904,1022034.0449734967,1022064.7834854438,30.738511947014047,1022064.7834854438,0.004645958627695542,2.25570798847698,0.6430093107636878
2026-09-09T06:48:19.581+00:00,1022.06737830683,22.067378306830086,468,WAYPOINT_DRIVE_SETTLE,468,0,simulation,1,,385.3829806057847,0.0025948213863209446,1022067.3783068301,1022067.3783068301,0.0,1022067.3783068301,-0.0011364251446326036,2.242240972914538,-1.5829948619672791
2026-09-09T06:48:19.614+00:00,1022.1007116401635,22.10071164016342,469,WAYPOINT_DRIVE_SETTLE,469,0,simulation,1,,29.999999999998508,0.03333333333333499,1022100.7116401634,1022100.7116401634,0.0,1022100.7116401634,0.006898484161044787,2.2013439015565663,-0.3786755798260799
2026-09-09T06:48:19.680+00:00,1022.1671497191636,22.16714971916357,470,WAYPOINT_DRIVE_SETTLE,470,0,simulation,1,,15.051609183307953,0.0664380790001502,1022134.0449734968,1022167.1497191637,33.104745666815205,1022167.1497191637,0.005407088392927588,2.1855844673755382,-0.4265275347327133
2026-09-09T06:48:19.723+00:00,1022.2095065154854,22.20950651548537,471,WAYPOINT_DRIVE_SETTLE,471,0,simulation,1,,23.608962122694333,0.042356796321797674,1022167.3783068301,1022209.5065154854,42.12820865527789,1022209.5065154854,0.005291769945868762,2.2037639913440703,0.00426913531447326
2026-09-09T06:48:19.793+00:00,1022.279562258072,22.279562258072048,472,WAYPOINT_DRIVE_SETTLE,472,0,simulation,1,,14.274347299405514,0.07005574258667835,1022242.8398488187,1022279.562258072,36.72240925334336,1022279.562258072,-0.010724273293215885,2.238802911877314,-0.29167644836516615
2026-09-09T06:48:19.826+00:00,1022.3128955914054,22.312895591405383,473,WAYPOINT_DRIVE_SETTLE,473,0,simulation,1,,29.999999999998508,0.03333333333333499,1022312.8955914055,1022312.8955914055,0.0,1022312.8955914055,0.011874906180982046,2.23905487785142,-0.16888214154002412
2026-09-09T06:48:19.887+00:00,1022.3739623996578,22.373962399657795,474,STAGING_PLAN,474,0,simulation,1,,16.375507884194825,0.06106680825241284,1022346.2289247387,1022373.9623996578,27.73347491907785,1022373.9623996578,-0.0007945346950531245,2.2289135506634876,-1.6772658676928245
2026-09-09T06:48:19.893+00:00,1022.379562258072,22.379562258072053,475,WAYPOINT_DRIVE,475,0,simulation,1,,178.5759435370754,0.005599858414257142,1022379.5622580721,1022379.5622580721,0.0,1022379.5622580721,0.011360284888266174,2.2360353457597535,0.08089952757063656
2026-09-09T06:48:19.926+00:00,1022.4128955914053,22.412895591405388,476,WAYPOINT_DRIVE,476,0,simulation,1,,29.999999999998508,0.03333333333333499,1022412.8955914053,1022412.8955914053,0.0,1022412.8955914053,-0.0165936747667685,2.2227223949166164,-0.30646146962874354
2026-09-09T06:48:20.013+00:00,1022.5001410612584,22.500141061258432,477,WAYPOINT_DRIVE,477,0,simulation,1,,11.461913170785701,0.08724546985304471,1022446.2289247387,1022500.1410612584,53.91213651970972,1022500.1410612584,0.014139840519410416,2.216075394759606,-0.20536707421734945
2026-09-09T06:48:20.047+00:00,1022.5334743945917,22.533474394591767,478,WAYPOINT_DRIVE,478,0,simulation,1,,29.999999999998508,0.03333333333333499,1022533.4743945918,1022533.4743945918,0.0,1022533.4743945918,0.000541157340320046,2.206095194004187,0.11182725775540803
2026-09-09T06:48:20.112+00:00,1022.5982246512027,22.598224651202752,479,WAYPOINT_DRIVE,479,0,simulation,1,,15.44395423801839,0.06475025661098499,1022566.8077279251,1022598.2246512027,31.41692327765,1022598.2246512027,0.017435115700143795,2.24001326314982,-1.5553515681212104
2026-09-09T06:48:20.204+00:00,1022.6908137421607,22.690813742160632,480,WAYPOINT_DRIVE,480,0,simulation,1,,10.800408446119386,0.0925890909578797,1022600.1410612585,1022690.8137421607,90.67268090219471,1022690.8137421607,0.0063583722737287915,2.216454700071039,-1.3552044133907941
2026-09-09T06:48:20.237+00:00,1022.724147075494,22.724147075493967,481,WAYPOINT_DRIVE,481,0,simulation,1,,29.999999999998508,0.03333333333333499,1022724.1470754939,1022724.1470754939,0.0,1022724.1470754939,-0.009804345132057992,2.2138523394902054,-0.32962707189221874
2026-09-09T06:48:20.284+00:00,1022.7702743171772,22.770274317177105,482,WAYPOINT_DRIVE,482,0,simulation,1,,21.679163191012123,0.046127241683137754,1022757.4804088273,1022770.2743171771,12.793908349802763,1022770.2743171771,-0.004322365293782281,2.219611486428937,1.579395359304442
2026-09-09T06:48:20.352+00:00,1022.8382234990801,22.838223499080023,483,WAYPOINT_DRIVE,483,0,simulation,1,,14.716880645137755,0.0679491819029181,1022790.8137421606,1022838.22349908,47.40975691938587,1022838.22349908,-0.004766330301236438,2.1952449502589975,1.4984754401473594
2026-09-09T06:48:20.385+00:00,1022.8715568324134,22.871556832413358,484,WAYPOINT_DRIVE_SETTLE,484,0,simulation,1,,29.999999999998508,0.03333333333333499,1022871.5568324134,1022871.5568324134,0.0,1022871.5568324134,0.015326947441071926,2.1890260205372476,-0.4138974217649718
2026-09-09T06:48:20.472+00:00,1022.9585802240337,22.958580224033707,485,WAYPOINT_DRIVE_SETTLE,485,0,simulation,1,,11.491163253698877,0.08702339162034889,1022904.8901657467,1022958.5802240337,53.6900582870139,1022958.5802240337,0.004742051269901769,2.218155849249923,-1.1641685809829028
2026-09-09T06:48:20.510+00:00,1022.9970094372544,22.997009437254395,486,WAYPOINT_DRIVE_SETTLE,486,0,simulation,1,,26.02187024379824,0.03842921322068804,1022991.913557367,1022997.0094372544,5.09587988735305,1022997.0094372544,0.0031971105203122074,2.179444320342558,0.5382855323807121
2026-09-09T06:48:20.636+00:00,1023.1226577570175,23.122657757017468,487,WAYPOINT_DRIVE_SETTLE,487,0,simulation,1,,7.958721627839011,0.1256483197630729,1023025.2468907004,1023122.6577570174,97.41086631709095,1023122.6577570174,-0.009367662048104913,2.200623579464331,-0.6978337461842727
2026-09-09T06:48:20.669+00:00,1023.1559910903508,23.155991090350803,488,WAYPOINT_DRIVE_SETTLE,488,0,simulation,1,,29.999999999998508,0.03333333333333499,1023155.9910903508,1023155.9910903508,0.0,1023155.9910903508,0.011677494122606567,2.2289934258124307,-1.3201414226290638
2026-09-09T06:48:20.703+00:00,1023.1893244236842,23.189324423684138,489,WAYPOINT_DRIVE_SETTLE,489,0,simulation,1,,29.999999999998508,0.03333333333333499,1023189.3244236842,1023189.3244236842,0.0,1023189.3244236842,0.0004997709421992721,2.210732966405009,-0.1729449533026468
2026-09-09T06:48:20.781+00:00,1023.2672369807827,23.2672369807827,490,WAYPOINT_DRIVE_SETTLE,490,0,simulation,0,,12.834901551683624,0.07791255709856415,1023222.6577570175,1023267.2369807827,44.57922376522916,1023267.2369807827,,,
2026-09-09T06:48:20.814+00:00,1023.300570314116,23.300570314116037,491,WAYPOINT_DRIVE_SETTLE,491,0,simulation,1,,29.999999999998508,0.03333333333333499,1023300.5703141161,1023300.5703141161,0.0,1023300.5703141161,0.0037648422324092247,2.2113617519503523,0.7015512326046007
2026-09-09T06:48:20.883+00:00,1023.3692989094105,23.369298909410535,492,WAYPOINT_DRIVE_SETTLE,492,0,simulation,1,,14.549984554682878,0.06872859529449826,1023333.9036474493,1023369.2989094105,35.39526196116327,1023369.2989094105,0.025437259817344786,2.2480141006359173,0.10674278495611134
2026-09-09T06:48:20.927+00:00,1023.4135297829173,23.41352978291733,493,WAYPOINT_DRIVE_SETTLE,493,0,simulation,1,,22.608642351283926,0.044230873506794666,1023402.6322427439,1023413.5297829174,10.897540173459674,1023413.5297829174,0.0065850696257811194,2.216195636167718,0.5104218346659195
2026-09-09T06:48:20.949+00:00,1023.4359655760773,23.435965576077205,494,WAYPOINT_DRIVE_SETTLE,494,0,simulation,1,,44.571635728413774,0.022435793159875317,1023435.9655760772,1023435.9655760772,0.0,1023435.9655760772,-0.002777196198120666,2.2186716958502686,2.825265049429305
2026-09-09T06:48:20.983+00:00,1023.4692989094106,23.46929890941054,495,WAYPOINT_DRIVE_SETTLE,495,0,simulation,0,,29.999999999998508,0.03333333333333499,1023469.2989094106,1023469.2989094106,0.0,1023469.2989094106,,,
2026-09-09T06:48:21.019+00:00,1023.5057880184248,23.505788018424788,496,WAYPOINT_DRIVE_SETTLE,496,0,simulation,1,,27.405437595352947,0.036489109014247845,1023502.6322427439,1023505.7880184249,3.1557756809128534,1023505.7880184249,0.001437296387229888,2.193222828580555,0.843722426398898
2026-09-09T06:48:21.049+00:00,1023.5359655760772,23.53596557607721,497,WAYPOINT_DRIVE_SETTLE,497,0,simulation,1,,33.13720783894309,0.030177557652422138,1023535.9655760771,1023535.9655760771,0.0,1023535.9655760771,0.007076018516564083,2.2463857499152877,-0.7757151692607636
2026-09-09T06:48:21.083+00:00,1023.5692989094106,23.569298909410545,498,WAYPOINT_DRIVE_SETTLE,498,0,simulation,1,,29.999999999998508,0.03333333333333499,1023569.2989094106,1023569.2989094106,0.0,1023569.2989094106,-0.015276292049011514,2.218890727303796,-1.0547928558088415
2026-09-09T06:48:21.186+00:00,1023.672681670935,23.672681670935027,499,WAYPOINT_DRIVE_SETTLE,499,0,simulation,1,,9.672792497066219,0.10338276152448245,1023602.6322427439,1023672.681670935,70.04942819114746,1023672.681670935,0.0015720529781935867,2.2100223819794027,0.3910811387611375
2026-09-09T06:48:21.249+00:00,1023.7360869281124,23.736086928112393,500,WAYPOINT_DRIVE_SETTLE,500,0,simulation,1,,15.771562872187001,0.06340525717736512,1023706.0150042684,1023736.0869281124,30.071923844030124,1023736.0869281124,0.01758606789271376,2.188996921486507,-0.11107098123420656
2026-09-09T06:48:21.253+00:00,1023.7393483376017,23.739348337601697,501,WAYPOINT_DRIVE_SETTLE,501,0,simulation,1,,306.61589821189204,0.0032614094893048673,1023739.3483376016,1023739.3483376016,0.0,1023739.3483376016,-0.01686593492202932,2.2165487217252977,-0.11143197841894903
2026-09-09T06:48:21.286+00:00,1023.7726816709351,23.772681670935032,502,WAYPOINT_DRIVE_SETTLE,502,0,simulation,1,,29.999999999998508,0.03333333333333499,1023772.6816709351,1023772.6816709351,0.0,1023772.6816709351,-0.005839603618479154,2.2280385566052643,0.2544143201251927
2026-09-09T06:48:21.319+00:00,1023.8060150042684,23.806015004268367,503,WAYPOINT_DRIVE_SETTLE,503,0,simulation,1,,29.999999999998508,0.03333333333333499,1023806.0150042684,1023806.0150042684,0.0,1023806.0150042684,0.004457131685720545,2.2606632296525135,2.3727894103083997
2026-09-09T06:48:21.380+00:00,1023.8669411268285,23.86694112682846,504,WAYPOINT_DRIVE_SETTLE,504,0,simulation,1,,16.413320887336294,0.06092612256009389,1023839.3483376016,1023866.9411268284,27.592789226758896,1023866.9411268284,-0.006989151760766144,2.2092187932795624,-0.32503752877190095
2026-09-09T06:48:21.440+00:00,1023.926868762222,23.926868762222085,505,WAYPOINT_DRIVE_SETTLE,505,0,simulation,1,,16.68679221917698,0.059927635393624,1023872.681670935,1023926.868762222,54.187091287047906,1023926.868762222,0.016111210463988442,2.2373168183178977,0.5007662385066283
2026-09-09T06:48:21.566+00:00,1024.0527296466714,24.052729646671523,506,WAYPOINT_DRIVE_SETTLE,506,0,simulation,1,,7.945280254261465,0.12586088444943755,1023960.2020955555,1024052.7296466714,92.52755111610256,1024052.7296466714,-0.010814033050732703,2.1893912578486696,-1.6344471023732297
2026-09-09T06:48:21.607+00:00,1024.093740414157,24.093740414157175,507,WAYPOINT_DRIVE_SETTLE,507,0,simulation,1,,24.38384017928612,0.04101076748565191,1024086.0629800049,1024093.740414157,7.67743415231692,1024093.740414157,5.0950992233660624e-05,2.196650598461169,0.7019906572696755
2026-09-09T06:48:21.633+00:00,1024.1193963133383,24.119396313338193,508,WAYPOINT_DRIVE_SETTLE,508,0,simulation,1,,38.97739046074308,0.02565589918101807,1024119.3963133383,1024119.3963133383,0.0,1024119.3963133383,0.00466667844255993,2.2360283073971496,-0.2774006618888336
2026-09-09T06:48:21.686+00:00,1024.172295894505,24.172295894504906,509,WAYPOINT_DRIVE_SETTLE,509,0,simulation,1,,18.903741351911663,0.052899581166713006,1024152.7296466716,1024172.295894505,19.566247833378014,1024172.295894505,-0.006026715064186608,2.212541888469151,-0.581508867198977
2026-09-09T06:48:21.699+00:00,1024.1860629800049,24.186062980004863,510,WAYPOINT_DRIVE_SETTLE,510,0,simulation,0,,72.63701529296996,0.013767085499956977,1024186.0629800048,1024186.0629800048,0.0,1024186.0629800048,,,
2026-09-09T06:48:21.767+00:00,1024.2535260635545,24.25352606355464,511,WAYPOINT_DRIVE_SETTLE,511,0,simulation,1,,14.822921624418994,0.0674630835497787,1024219.3963133382,1024253.5260635546,34.12975021644371,1024253.5260635546,0.010985171684939123,2.2293932870925945,-0.10461277289968507
2026-09-09T06:48:21.840+00:00,1024.327037840516,24.327037840515867,512,WAYPOINT_DRIVE_SETTLE,512,0,simulation,1,,13.603262515711656,0.0735117769612259,1024286.8593968881,1024327.037840516,40.178443627890914,1024327.037840516,-0.010335120532996074,2.2129054437851106,1.0214270555235885
2026-09-09T06:48:21.915+00:00,1024.401284991615,24.401284991615157,513,WAYPOINT_DRIVE_SETTLE,513,0,simulation,1,,13.468530242496708,0.07424715109928925,1024360.3711738492,1024401.2849916151,40.91381776595426,1024401.2849916151,0.004105274489371381,2.21422385683394,-1.1276326729980894
2026-09-09T06:48:22.005+00:00,1024.4914465522518,24.491446552251837,514,WAYPOINT_DRIVE_SETTLE,514,0,simulation,1,,11.091201094329449,0.09016156063668035,1024434.6183249486,1024491.4465522518,56.82822730334536,1024491.4465522518,-0.005671033302915982,2.2728580198655144,-0.34484672490913226
2026-09-09T06:48:22.038+00:00,1024.524779885585,24.524779885585172,515,WAYPOINT_DRIVE_SETTLE,515,0,simulation,1,,29.999999999998508,0.03333333333333499,1024524.7798855851,1024524.7798855851,0.0,1024524.7798855851,0.003955134998269659,2.206517143206402,-0.2301259131843949
2026-09-09T06:48:22.071+00:00,1024.5581132189186,24.558113218918507,516,WAYPOINT_DRIVE_SETTLE,516,0,simulation,1,,29.999999999998508,0.03333333333333499,1024558.1132189186,1024558.1132189186,0.0,1024558.1132189186,-0.017720760082569936,2.216951092429971,0.8479958862854176
2026-09-09T06:48:22.105+00:00,1024.591446552252,24.591446552251842,517,WAYPOINT_DRIVE_SETTLE,517,0,simulation,1,,29.999999999998508,0.03333333333333499,1024591.4465522519,1024591.4465522519,0.0,1024591.4465522519,-0.012653172176039548,2.2313708025843133,-1.4456165101083798
2026-09-09T06:48:22.138+00:00,1024.6247798855852,24.624779885585177,518,WAYPOINT_DRIVE_SETTLE,518,0,simulation,1,,29.999999999998508,0.03333333333333499,1024624.7798855852,1024624.7798855852,0.0,1024624.7798855852,-0.004769384975094062,2.239565825132069,-0.7337142130444931
2026-09-09T06:48:22.171+00:00,1024.6581132189185,24.658113218918512,519,WAYPOINT_DRIVE_SETTLE,519,0,simulation,1,,29.999999999998508,0.03333333333333499,1024658.1132189186,1024658.1132189186,0.0,1024658.1132189186,-0.009878285320887413,2.2238926236996583,0.5786243066731913
2026-09-09T06:48:22.205+00:00,1024.6914465522518,24.691446552251847,520,WAYPOINT_DRIVE_SETTLE,520,0,simulation,1,,29.999999999998508,0.03333333333333499,1024691.4465522518,1024691.4465522518,0.0,1024691.4465522518,0.005309367253805867,2.2058241305602193,-1.0011156314867549
2026-09-09T06:48:22.238+00:00,1024.7247798855851,24.724779885585182,521,WAYPOINT_DRIVE_SETTLE,521,0,simulation,1,,29.999999999998508,0.03333333333333499,1024724.7798855851,1024724.7798855851,0.0,1024724.7798855851,0.003435251811333634,2.2209884002930487,0.0041625840347307985
2026-09-09T06:48:22.379+00:00,1024.865998465168,24.86599846516805,522,WAYPOINT_DRIVE_SETTLE,522,0,simulation,1,,7.081221203001731,0.1412185795828691,1024758.1132189184,1024865.998465168,107.8852462495341,1024865.998465168,-0.00436455073510976,2.2014399114675474,-0.14753206096520444
2026-09-09T06:48:22.484+00:00,1024.9702474858059,24.970247485805924,523,WAYPOINT_DRIVE_SETTLE,523,0,simulation,0,,9.592416253709212,0.104249020637873,1024899.3317985014,1024970.2474858059,70.91568730453801,1024970.2474858059,,,
2026-09-09T06:48:22.517+00:00,1025.0035808191392,25.00358081913926,524,WAYPOINT_DRIVE_SETTLE,524,0,simulation,1,,29.999999999998508,0.03333333333333499,1025003.5808191391,1025003.5808191391,0.0,1025003.5808191391,0.018772335094640137,2.2256744703493716,0.37463762853300864
2026-09-09T06:48:22.582+00:00,1025.0689548320574,25.068954832057457,525,WAYPOINT_DRIVE_SETTLE,525,0,simulation,1,,15.296598072559615,0.06537401291819833,1025036.9141524725,1025068.9548320575,32.04067958486334,1025068.9548320575,-3.978344488421762e-05,2.218899970794967,0.243942356604947
2026-09-09T06:48:22.584+00:00,1025.070247485806,25.07024748580593,526,WAYPOINT_DRIVE_SETTLE,526,0,simulation,1,,773.602367364296,0.0012926537484716505,1025070.247485806,1025070.247485806,0.0,1025070.247485806,-0.011185028650936051,2.2221866309845644,0.4895080772629967
2026-09-09T06:48:22.744+00:00,1025.2305171950948,25.23051719509476,527,WAYPOINT_DRIVE_SETTLE,527,0,simulation,1,,6.239482210564512,0.1602697092888299,1025103.5808191394,1025230.5171950947,126.9363759554949,1025230.5171950947,-0.007423666173243988,2.202404273698896,-0.95989636401751
2026-09-09T06:48:22.777+00:00,1025.263850528428,25.263850528428094,528,WAYPOINT_DRIVE_SETTLE,528,0,simulation,1,,29.999999999998508,0.03333333333333499,1025263.8505284281,1025263.8505284281,0.0,1025263.8505284281,0.00700141227746565,2.2419092223035197,2.596362169243264
2026-09-09T06:48:22.810+00:00,1025.2971838617614,25.29718386176143,529,WAYPOINT_DRIVE_SETTLE,529,0,simulation,0,,29.999999999998508,0.03333333333333499,1025297.1838617614,1025297.1838617614,0.0,1025297.1838617614,,,
2026-09-09T06:48:22.844+00:00,1025.3305171950947,25.330517195094764,530,WAYPOINT_DRIVE_SETTLE,530,0,simulation,1,,29.999999999998508,0.03333333333333499,1025330.5171950947,1025330.5171950947,0.0,1025330.5171950947,0.000874669407722841,2.223453596533631,-0.5884321813446718
2026-09-09T06:48:22.948+00:00,1025.4343323096864,25.434332309686322,531,WAYPOINT_DRIVE_SETTLE,531,0,simulation,1,,9.632508753030006,0.10381511459155846,1025363.8505284282,1025434.3323096863,70.48178125822346,1025434.3323096863,-0.006032126071735892,2.211221955850408,-1.2445558051992975
2026-09-09T06:48:22.981+00:00,1025.4676656430197,25.467665643019657,532,WAYPOINT_DRIVE_SETTLE,532,0,simulation,1,,29.999999999998508,0.03333333333333499,1025467.6656430197,1025467.6656430197,0.0,1025467.6656430197,0.020253363997204506,2.2235149107700782,0.2690289607192824
2026-09-09T06:48:23.059+00:00,1025.5460157959492,25.54601579594908,533,WAYPOINT_DRIVE_SETTLE,533,0,simulation,0,,12.763216951226308,0.07835015292942415,1025500.998976353,1025546.0157959491,45.016819596089164,1025546.0157959491,,,
2026-09-09T06:48:23.196+00:00,1025.6824934743686,25.68249347436865,534,WAYPOINT_DRIVE_SETTLE,534,0,simulation,1,,7.327205529725871,0.13647767841956693,1025579.3491292825,1025682.4934743686,103.14434508623194,1025682.4934743686,0.02295244063418654,2.2147546427879368,0.27817555865237864
2026-09-09T06:48:23.259+00:00,1025.7452453050114,25.74524530501139,535,WAYPOINT_DRIVE_SETTLE,535,0,simulation,1,,15.935790075881277,0.06275183064274259,1025715.8268077018,1025745.2453050114,29.4184973094076,1025745.2453050114,0.012615070813928868,2.21156444387464,0.3381506013032549
