t_iso,t_mono,sim_time_s,frame_i,fsm_state,align_sub,det_ok,pos_x,pos_y,pos_z,yaw_deg,yaw_model_raw_deg,width_m,fps,measurement_sim_time_s,latency_s,truth_x,truth_y,truth_z,truth_yaw_deg,error_x,error_y,error_z,error_yaw_deg
2026-09-08T07:01:14.013+00:00,1000.0,0.0,0,PRECHECK,,1,0.0,0.575,4.0,20.0,20.0,1.1,,0.0,0.0,0.0,0.575,4.0,20.0,0.0,0.0,0.0,0.0
2026-09-08T07:01:14.047+00:00,1000.0333333333333,0.03333333333333333,1,SEARCH_SWEEP,,1,0.0,0.575,3.9999999999999996,20.0,20.0,1.1,30.0,0.03333333333333333,0.0,0.0,0.575,3.9999999999999996,20.0,0.0,0.0,0.0,0.0
2026-09-08T07:01:14.080+00:00,1000.0666666666667,0.06666666666666667,2,ACQUIRE_VERIFY,,1,0.0,0.575,3.9999999999999996,20.0,20.0,1.1,30.0,0.06666666666666667,0.0,0.0,0.575,3.9999999999999996,20.0,0.0,0.0,0.0,0.0
2026-09-08T07:01:14.113+00:00,1000.1,0.1,3,ACQUIRE_VERIFY,,1,0.0,0.575,3.9999999999999996,20.0,20.0,1.1,29.999999999999993,0.1,0.0,0.0,0.575,3.9999999999999996,20.0,0.0,0.0,0.0,0.0
2026-09-08T07:01:14.147+00:00,1000.1333333333333,0.13333333333333333,4,ACQUIRE_VERIFY,,1,0.0,0.575,3.9999999999999996,20.0,20.0,1.1,30.000000000000007,0.13333333333333333,0.0,0.0,0.575,3.9999999999999996,20.0,0.0,0.0,0.0,0.0
2026-09-08T07:01:14.180+00:00,1000.1666666666666,0.16666666666666666,5,ACQUIRE_VERIFY,,1,0.0,0.575,3.9999999999999996,20.0,20.0,1.1,30.000000000000007,0.16666666666666666,0.0,0.0,0.575,3.9999999999999996,20.0,0.0,0.0,0.0,0.0
2026-09-08T07:01:14.213+00:00,1000.2,0.19999999999999998,6,ACQUIRE_VERIFY,,1,0.0,0.575,3.9999999999999996,20.0,20.0,1.1,30.000000000000007,0.19999999999999998,0.0,0.0,0.575,3.9999999999999996,20.0,0.0,0.0,0.0,0.0
2026-09-08T07:01:14.247+00:00,1000.2333333333333,0.2333333333333333,7,ACQUIRE_VERIFY,,1,0.0,0.575,3.9999999999999996,20.0,20.0,1.1,30.000000000000007,0.2333333333333333,0.0,0.0,0.575,3.9999999999999996,20.0,0.0,0.0,0.0,0.0
2026-09-08T07:01:14.280+00:00,1000.2666666666667,0.26666666666666666,8,ACQUIRE_VERIFY,,1,0.0,0.575,3.9999999999999996,20.0,20.0,1.1,29.999999999999982,0.26666666666666666,0.0,0.0,0.575,3.9999999999999996,20.0,0.0,0.0,0.0,0.0
2026-09-08T07:01:14.313+00:00,1000.3,0.3,9,ACQUIRE_VERIFY,,1,0.0,0.575,3.9999999999999996,20.0,20.0,1.1,30.000000000000007,0.3,0.0,0.0,0.575,3.9999999999999996,20.0,0.0,0.0,0.0,0.0
2026-09-08T07:01:14.347+00:00,1000.3333333333334,0.3333333333333333,10,ACQUIRE_VERIFY,,1,0.0,0.575,3.9999999999999996,20.0,20.0,1.1,30.000000000000007,0.3333333333333333,0.0,0.0,0.575,3.9999999999999996,20.0,0.0,0.0,0.0,0.0
2026-09-08T07:01:14.380+00:00,1000.3666666666667,0.36666666666666664,11,ACQUIRE_VERIFY,,1,0.0,0.575,3.9999999999999996,20.0,20.0,1.1,30.000000000000007,0.36666666666666664,0.0,0.0,0.575,3.9999999999999996,20.0,0.0,0.0,0.0,0.0
2026-09-08T07:01:14.413+00:00,1000.4,0.39999999999999997,12,ACQUIRE_VERIFY,,1,0.0,0.575,3.9999999999999996,20.0,20.0,1.1,30.000000000000007,0.39999999999999997,0.0,0.0,0.575,3.9999999999999996,20.0,0.0,0.0,0.0,0.0
2026-09-08T07:01:14.447+00:00,1000.4333333333333,0.4333333333333333,13,ACQUIRE_VERIFY,,1,0.0,0.575,3.9999999999999996,20.0,20.0,1.1,30.000000000000007,0.4333333333333333,0.0,0.0,0.575,3.9999999999999996,20.0,0.0,0.0,0.0,0.0
2026-09-08T07:01:14.480+00:00,1000.4666666666667,0.4666666666666666,14,ACQUIRE_VERIFY,,1,0.0,0.575,3.9999999999999996,20.0,20.0,1.1,30.000000000000007,0.4666666666666666,0.0,0.0,0.575,3.9999999999999996,20.0,0.0,0.0,0.0,0.0
2026-09-08T07:01:14.513+00:00,1000.5,0.49999999999999994,15,ACQUIRE_VERIFY,,1,0.0,0.575,3.9999999999999996,20.0,20.0,1.1,30.000000000000007,0.49999999999999994,0.0,0.0,0.575,3.9999999999999996,20.0,0.0,0.0,0.0,0.0
2026-09-08T07:01:14.547+00:00,1000.5333333333333,0.5333333333333333,16,ACQUIRE_VERIFY,,1,0.0,0.575,3.9999999999999996,20.0,20.0,1.1,29.999999999999957,0.5333333333333333,0.0,0.0,0.575,3.9999999999999996,20.0,0.0,0.0,0.0,0.0
2026-09-08T07:01:14.580+00:00,1000.5666666666667,0.5666666666666667,17,ACQUIRE_VERIFY,,1,0.0,0.575,3.9999999999999996,20.0,20.0,1.1,30.000000000000007,0.5666666666666667,0.0,0.0,0.575,3.9999999999999996,20.0,0.0,0.0,0.0,0.0
2026-09-08T07:01:14.613+00:00,1000.6,0.6,18,ACQUIRE_VERIFY,,1,0.0,0.575,3.9999999999999996,20.0,20.0,1.1,30.000000000000007,0.6,0.0,0.0,0.575,3.9999999999999996,20.0,0.0,0.0,0.0,0.0
2026-09-08T07:01:14.647+00:00,1000.6333333333333,0.6333333333333333,19,ACQUIRE_VERIFY,,1,0.0,0.575,3.9999999999999996,20.0,20.0,1.1,30.000000000000007,0.6333333333333333,0.0,0.0,0.575,3.9999999999999996,20.0,0.0,0.0,0.0,0.0
2026-09-08T07:01:14.680+00:00,1000.6666666666666,0.6666666666666666,20,ACQUIRE_VERIFY,,1,0.0,0.575,3.9999999999999996,20.0,20.0,1.1,30.000000000000007,0.6666666666666666,0.0,0.0,0.575,3.9999999999999996,20.0,0.0,0.0,0.0,0.0
2026-09-08T07:01:14.713+00:00,1000.7,0.7,21,ACQUIRE_VERIFY,,1,0.0,0.575,3.9999999999999996,20.0,20.0,1.1,30.000000000000007,0.7,0.0,0.0,0.575,3.9999999999999996,20.0,0.0,0.0,0.0,0.0
2026-09-08T07:01:14.747+00:00,1000.7333333333333,0.7333333333333333,22,ACQUIRE_VERIFY,,1,0.0,0.575,3.9999999999999996,20.0,20.0,1.1,30.000000000000007,0.7333333333333333,0.0,0.0,0.575,3.9999999999999996,20.0,0.0,0.0,0.0,0.0
2026-09-08T07:01:14.780+00:00,1000.7666666666667,0.7666666666666666,23,ACQUIRE_VERIFY,,1,0.0,0.575,3.9999999999999996,20.0,20.0,1.1,30.000000000000007,0.7666666666666666,0.0,0.0,0.575,3.9999999999999996,20.0,0.0,0.0,0.0,0.0
2026-09-08T07:01:14.813+00:00,1000.8,0.7999999999999999,24,ACQUIRE_VERIFY,,1,0.0,0.575,3.9999999999999996,20.0,20.0,1.1,30.000000000000007,0.7999999999999999,0.0,0.0,0.575,3.9999999999999996,20.0,0.0,0.0,0.0,0.0
2026-09-08T07:01:14.847+00:00,1000.8333333333334,0.8333333333333333,25,ACQUIRE_VERIFY,,1,0.0,0.575,3.9999999999999996,20.0,20.0,1.1,30.000000000000007,0.8333333333333333,0.0,0.0,0.575,3.9999999999999996,20.0,0.0,0.0,0.0,0.0
2026-09-08T07:01:14.880+00:00,1000.8666666666667,0.8666666666666666,26,ACQUIRE_VERIFY,,1,0.0,0.575,3.9999999999999996,20.0,20.0,1.1,30.000000000000007,0.8666666666666666,0.0,0.0,0.575,3.9999999999999996,20.0,0.0,0.0,0.0,0.0
2026-09-08T07:01:14.913+00:00,1000.9,0.8999999999999999,27,ACQUIRE_VERIFY,,1,0.0,0.575,3.9999999999999996,20.0,20.0,1.1,30.000000000000007,0.8999999999999999,0.0,0.0,0.575,3.9999999999999996,20.0,0.0,0.0,0.0,0.0
2026-09-08T07:01:14.947+00:00,1000.9333333333333,0.9333333333333332,28,ACQUIRE_VERIFY,,1,0.0,0.575,3.9999999999999996,20.0,20.0,1.1,30.000000000000007,0.9333333333333332,0.0,0.0,0.575,3.9999999999999996,20.0,0.0,0.0,0.0,0.0
2026-09-08T07:01:14.980+00:00,1000.9666666666667,0.9666666666666666,29,ACQUIRE_VERIFY,,1,0.0,0.575,3.9999999999999996,20.0,20.0,1.1,30.000000000000007,0.9666666666666666,0.0,0.0,0.575,3.9999999999999996,20.0,0.0,0.0,0.0,0.0
2026-09-08T07:01:15.013+00:00,1001.0,0.9999999999999999,30,ACQUIRE_VERIFY,,1,0.0,0.575,3.9999999999999996,20.0,20.0,1.1,30.000000000000007,0.9999999999999999,0.0,0.0,0.575,3.9999999999999996,20.0,0.0,0.0,0.0,0.0
2026-09-08T07:01:15.047+00:00,1001.0333333333333,1.0333333333333332,31,ACQUIRE_VERIFY,,1,0.0,0.575,3.9999999999999996,20.0,20.0,1.1,30.000000000000007,1.0333333333333332,0.0,0.0,0.575,3.9999999999999996,20.0,0.0,0.0,0.0,0.0
2026-09-08T07:01:15.080+00:00,1001.0666666666667,1.0666666666666667,32,ACQUIRE_VERIFY,,1,0.0,0.575,3.9999999999999996,20.0,20.0,1.1,29.999999999999908,1.0666666666666667,0.0,0.0,0.575,3.9999999999999996,20.0,0.0,0.0,0.0,0.0
2026-09-08T07:01:15.113+00:00,1001.1,1.1,33,ACQUIRE_VERIFY,,1,0.0,0.575,3.9999999999999996,20.0,20.0,1.1,29.999999999999908,1.1,0.0,0.0,0.575,3.9999999999999996,20.0,0.0,0.0,0.0,0.0
2026-09-08T07:01:15.147+00:00,1001.1333333333333,1.1333333333333335,34,ACQUIRE_VERIFY,,1,0.0,0.575,3.9999999999999996,20.0,20.0,1.1,29.999999999999908,1.1333333333333335,0.0,0.0,0.575,3.9999999999999996,20.0,0.0,0.0,0.0,0.0
2026-09-08T07:01:15.180+00:00,1001.1666666666666,1.166666666666667,35,ACQUIRE_VERIFY,,1,0.0,0.575,3.9999999999999996,20.0,20.0,1.1,29.999999999999908,1.166666666666667,0.0,0.0,0.575,3.9999999999999996,20.0,0.0,0.0,0.0,0.0
2026-09-08T07:01:15.213+00:00,1001.2,1.2000000000000004,36,ACQUIRE_VERIFY,,1,0.0,0.575,3.9999999999999996,20.0,20.0,1.1,29.999999999999908,1.2000000000000004,0.0,0.0,0.575,3.9999999999999996,20.0,0.0,0.0,0.0,0.0
2026-09-08T07:01:15.247+00:00,1001.2333333333333,1.2333333333333338,37,ACQUIRE_VERIFY,,1,0.0,0.575,3.9999999999999996,20.0,20.0,1.1,29.999999999999908,1.2333333333333338,0.0,0.0,0.575,3.9999999999999996,20.0,0.0,0.0,0.0,0.0
2026-09-08T07:01:15.280+00:00,1001.2666666666667,1.2666666666666673,38,ACQUIRE_VERIFY,,1,0.0,0.575,3.9999999999999996,20.0,20.0,1.1,29.999999999999908,1.2666666666666673,0.0,0.0,0.575,3.9999999999999996,20.0,0.0,0.0,0.0,0.0
2026-09-08T07:01:15.313+00:00,1001.3,1.3000000000000007,39,ACQUIRE_VERIFY,,1,0.0,0.575,3.9999999999999996,20.0,20.0,1.1,29.999999999999908,1.3000000000000007,0.0,0.0,0.575,3.9999999999999996,20.0,0.0,0.0,0.0,0.0
2026-09-08T07:01:15.347+00:00,1001.3333333333334,1.3333333333333341,40,ACQUIRE_VERIFY,,1,0.0,0.575,3.9999999999999996,20.0,20.0,1.1,29.999999999999908,1.3333333333333341,0.0,0.0,0.575,3.9999999999999996,20.0,0.0,0.0,0.0,0.0
2026-09-08T07:01:15.380+00:00,1001.3666666666667,1.3666666666666676,41,ACQUIRE_VERIFY,,1,0.0,0.575,3.9999999999999996,20.0,20.0,1.1,29.999999999999908,1.3666666666666676,0.0,0.0,0.575,3.9999999999999996,20.0,0.0,0.0,0.0,0.0
2026-09-08T07:01:15.413+00:00,1001.4,1.400000000000001,42,ACQUIRE_VERIFY,,1,0.0,0.575,3.9999999999999996,20.0,20.0,1.1,29.999999999999908,1.400000000000001,0.0,0.0,0.575,3.9999999999999996,20.0,0.0,0.0,0.0,0.0
2026-09-08T07:01:15.447+00:00,1001.4333333333333,1.4333333333333345,43,ACQUIRE_VERIFY,,1,0.0,0.575,3.9999999999999996,20.0,20.0,1.1,29.999999999999908,1.4333333333333345,0.0,0.0,0.575,3.9999999999999996,20.0,0.0,0.0,0.0,0.0
2026-09-08T07:01:15.480+00:00,1001.4666666666667,1.466666666666668,44,ACQUIRE_VERIFY,,1,0.0,0.575,3.9999999999999996,20.0,20.0,1.1,29.999999999999908,1.466666666666668,0.0,0.0,0.575,3.9999999999999996,20.0,0.0,0.0,0.0,0.0
2026-09-08T07:01:15.513+00:00,1001.5,1.5000000000000013,45,ACQUIRE_VERIFY,,1,0.0,0.575,3.9999999999999996,20.0,20.0,1.1,29.999999999999908,1.5000000000000013,0.0,0.0,0.575,3.9999999999999996,20.0,0.0,0.0,0.0,0.0
2026-09-08T07:01:15.547+00:00,1001.5333333333333,1.5333333333333348,46,ACQUIRE_VERIFY,,1,0.0,0.575,3.9999999999999996,20.0,20.0,1.1,29.999999999999908,1.5333333333333348,0.0,0.0,0.575,3.9999999999999996,20.0,0.0,0.0,0.0,0.0
2026-09-08T07:01:15.580+00:00,1001.5666666666667,1.5666666666666682,47,ACQUIRE_VERIFY,,1,0.0,0.575,3.9999999999999996,20.0,20.0,1.1,29.999999999999908,1.5666666666666682,0.0,0.0,0.575,3.9999999999999996,20.0,0.0,0.0,0.0,0.0
2026-09-08T07:01:15.613+00:00,1001.6,1.6000000000000016,48,ACQUIRE_VERIFY,,1,0.0,0.575,3.9999999999999996,20.0,20.0,1.1,29.999999999999908,1.6000000000000016,0.0,0.0,0.575,3.9999999999999996,20.0,0.0,0.0,0.0,0.0
2026-09-08T07:01:15.647+00:00,1001.6333333333333,1.633333333333335,49,ACQUIRE_VERIFY,,1,0.0,0.575,3.9999999999999996,20.0,20.0,1.1,29.999999999999908,1.633333333333335,0.0,0.0,0.575,3.9999999999999996,20.0,0.0,0.0,0.0,0.0
2026-09-08T07:01:15.680+00:00,1001.6666666666666,1.6666666666666685,50,ACQUIRE_VERIFY,,1,0.0,0.575,3.9999999999999996,20.0,20.0,1.1,29.999999999999908,1.6666666666666685,0.0,0.0,0.575,3.9999999999999996,20.0,0.0,0.0,0.0,0.0
2026-09-08T07:01:15.713+00:00,1001.7,1.700000000000002,51,ACQUIRE_VERIFY,,1,0.0,0.575,3.9999999999999996,20.0,20.0,1.1,29.999999999999908,1.700000000000002,0.0,0.0,0.575,3.9999999999999996,20.0,0.0,0.0,0.0,0.0
2026-09-08T07:01:15.747+00:00,1001.7333333333333,1.7333333333333354,52,ACQUIRE_VERIFY,,1,0.0,0.575,3.9999999999999996,20.0,20.0,1.1,29.999999999999908,1.7333333333333354,0.0,0.0,0.575,3.9999999999999996,20.0,0.0,0.0,0.0,0.0
2026-09-08T07:01:15.780+00:00,1001.7666666666667,1.7666666666666688,53,ACQUIRE_VERIFY,,1,0.0,0.575,3.9999999999999996,20.0,20.0,1.1,29.999999999999908,1.7666666666666688,0.0,0.0,0.575,3.9999999999999996,20.0,0.0,0.0,0.0,0.0
2026-09-08T07:01:15.813+00:00,1001.8,1.8000000000000023,54,ACQUIRE_VERIFY,,1,0.0,0.575,3.9999999999999996,20.0,20.0,1.1,29.999999999999908,1.8000000000000023,0.0,0.0,0.575,3.9999999999999996,20.0,0.0,0.0,0.0,0.0
2026-09-08T07:01:15.847+00:00,1001.8333333333334,1.8333333333333357,55,ACQUIRE_VERIFY,,1,0.0,0.575,3.9999999999999996,20.0,20.0,1.1,29.999999999999908,1.8333333333333357,0.0,0.0,0.575,3.9999999999999996,20.0,0.0,0.0,0.0,0.0
2026-09-08T07:01:15.880+00:00,1001.8666666666667,1.8666666666666691,56,ACQUIRE_VERIFY,,1,0.0,0.575,3.9999999999999996,20.0,20.0,1.1,29.999999999999908,1.8666666666666691,0.0,0.0,0.575,3.9999999999999996,20.0,0.0,0.0,0.0,0.0
2026-09-08T07:01:15.913+00:00,1001.9,1.9000000000000026,57,ACQUIRE_VERIFY,,1,0.0,0.575,3.9999999999999996,20.0,20.0,1.1,29.999999999999908,1.9000000000000026,0.0,0.0,0.575,3.9999999999999996,20.0,0.0,0.0,0.0,0.0
2026-09-08T07:01:15.947+00:00,1001.9333333333333,1.933333333333336,58,ACQUIRE_VERIFY,,1,0.0,0.575,3.9999999999999996,20.0,20.0,1.1,29.999999999999908,1.933333333333336,0.0,0.0,0.575,3.9999999999999996,20.0,0.0,0.0,0.0,0.0
2026-09-08T07:01:15.980+00:00,1001.9666666666667,1.9666666666666694,59,ACQUIRE_VERIFY,,1,0.0,0.575,3.9999999999999996,20.0,20.0,1.1,29.999999999999908,1.9666666666666694,0.0,0.0,0.575,3.9999999999999996,20.0,0.0,0.0,0.0,0.0
2026-09-08T07:01:16.013+00:00,1002.0,2.0000000000000027,60,ACQUIRE_VERIFY,,1,0.0,0.575,3.9999999999999996,20.0,20.0,1.1,30.000000000000107,2.0000000000000027,0.0,0.0,0.575,3.9999999999999996,20.0,0.0,0.0,0.0,0.0
2026-09-08T07:01:16.047+00:00,1002.0333333333333,2.033333333333336,61,ACQUIRE_VERIFY,,1,0.0,0.575,3.9999999999999996,20.0,20.0,1.1,30.000000000000107,2.033333333333336,0.0,0.0,0.575,3.9999999999999996,20.0,0.0,0.0,0.0,0.0
2026-09-08T07:01:16.080+00:00,1002.0666666666667,2.066666666666669,62,ACQUIRE_VERIFY,,1,0.0,0.575,3.9999999999999996,20.0,20.0,1.1,30.000000000000107,2.066666666666669,0.0,0.0,0.575,3.9999999999999996,20.0,0.0,0.0,0.0,0.0
2026-09-08T07:01:16.113+00:00,1002.1,2.1000000000000023,63,ACQUIRE_VERIFY,,1,0.0,0.575,3.9999999999999996,20.0,20.0,1.1,30.000000000000107,2.1000000000000023,0.0,0.0,0.575,3.9999999999999996,20.0,0.0,0.0,0.0,0.0
2026-09-08T07:01:16.147+00:00,1002.1333333333333,2.1333333333333355,64,ACQUIRE_VERIFY,,1,0.0,0.575,3.9999999999999996,20.0,20.0,1.1,30.000000000000107,2.1333333333333355,0.0,0.0,0.575,3.9999999999999996,20.0,0.0,0.0,0.0,0.0
2026-09-08T07:01:16.180+00:00,1002.1666666666666,2.1666666666666687,65,ACQUIRE_VERIFY,,1,0.0,0.575,3.9999999999999996,20.0,20.0,1.1,30.000000000000107,2.1666666666666687,0.0,0.0,0.575,3.9999999999999996,20.0,0.0,0.0,0.0,0.0
2026-09-08T07:01:16.213+00:00,1002.2,2.200000000000002,66,ACQUIRE_VERIFY,,1,0.0,0.575,3.9999999999999996,20.0,20.0,1.1,30.000000000000107,2.200000000000002,0.0,0.0,0.575,3.9999999999999996,20.0,0.0,0.0,0.0,0.0
2026-09-08T07:01:16.247+00:00,1002.2333333333333,2.233333333333335,67,ACQUIRE_VERIFY,,1,0.0,0.575,3.9999999999999996,20.0,20.0,1.1,30.000000000000107,2.233333333333335,0.0,0.0,0.575,3.9999999999999996,20.0,0.0,0.0,0.0,0.0
2026-09-08T07:01:16.280+00:00,1002.2666666666667,2.2666666666666684,68,ACQUIRE_VERIFY,,1,0.0,0.575,3.9999999999999996,20.0,20.0,1.1,30.000000000000107,2.2666666666666684,0.0,0.0,0.575,3.9999999999999996,20.0,0.0,0.0,0.0,0.0
2026-09-08T07:01:16.313+00:00,1002.3,2.3000000000000016,69,ACQUIRE_VERIFY,,1,0.0,0.575,3.9999999999999996,20.0,20.0,1.1,30.000000000000107,2.3000000000000016,0.0,0.0,0.575,3.9999999999999996,20.0,0.0,0.0,0.0,0.0
2026-09-08T07:01:16.347+00:00,1002.3333333333334,2.333333333333335,70,ACQUIRE_VERIFY,,1,0.0,0.575,3.9999999999999996,20.0,20.0,1.1,30.000000000000107,2.333333333333335,0.0,0.0,0.575,3.9999999999999996,20.0,0.0,0.0,0.0,0.0
2026-09-08T07:01:45.370+00:00,1031.3566666666688,31.356666666668776,71,COARSE_REACQUIRE,,1,0.003668869891247494,0.575,3.7210400880544463,0.03092506844041054,0.03092506844041054,1.1,0.03445503617778548,31.356666666668776,0.0,0.003668869891247494,0.575,3.7210400880544463,0.03092506844041054,0.0,0.0,0.0,0.0
2026-09-08T07:01:45.403+00:00,1031.3900000000021,31.39000000000211,72,COARSE_REACQUIRE,,1,0.003668869891247494,0.575,3.7210400880544463,0.03092506844041054,0.03092506844041054,1.1,29.999999999998508,31.39000000000211,0.0,0.003668869891247494,0.575,3.7210400880544463,0.03092506844041054,0.0,0.0,0.0,0.0
2026-09-08T07:01:45.437+00:00,1031.4233333333354,31.423333333335446,73,COARSE_REACQUIRE,,1,0.003668869891247494,0.575,3.7210400880544463,0.03092506844041054,0.03092506844041054,1.1,29.999999999998508,31.423333333335446,0.0,0.003668869891247494,0.575,3.7210400880544463,0.03092506844041054,0.0,0.0,0.0,0.0
2026-09-08T07:01:45.470+00:00,1031.4566666666688,31.45666666666878,74,COARSE_REACQUIRE,,1,0.003668869891247494,0.575,3.7210400880544463,0.03092506844041054,0.03092506844041054,1.1,29.999999999998508,31.45666666666878,0.0,0.003668869891247494,0.575,3.7210400880544463,0.03092506844041054,0.0,0.0,0.0,0.0
2026-09-08T07:01:45.503+00:00,1031.490000000002,31.490000000002116,75,COARSE_REACQUIRE,,1,0.003668869891247494,0.575,3.7210400880544463,0.03092506844041054,0.03092506844041054,1.1,29.999999999998508,31.490000000002116,0.0,0.003668869891247494,0.575,3.7210400880544463,0.03092506844041054,0.0,0.0,0.0,0.0
2026-09-08T07:01:45.537+00:00,1031.5233333333354,31.52333333333545,76,COARSE_REACQUIRE,,1,0.003668869891247494,0.575,3.7210400880544463,0.03092506844041054,0.03092506844041054,1.1,29.999999999998508,31.52333333333545,0.0,0.003668869891247494,0.575,3.7210400880544463,0.03092506844041054,0.0,0.0,0.0,0.0
2026-09-08T07:01:45.570+00:00,1031.556666666669,31.556666666668786,77,COARSE_REACQUIRE,,1,0.003668869891247494,0.575,3.7210400880544463,0.03092506844041054,0.03092506844041054,1.1,29.999999999998508,31.556666666668786,0.0,0.003668869891247494,0.575,3.7210400880544463,0.03092506844041054,0.0,0.0,0.0,0.0
2026-09-08T07:01:45.603+00:00,1031.5900000000022,31.59000000000212,78,COARSE_REACQUIRE,,1,0.003668869891247494,0.575,3.7210400880544463,0.03092506844041054,0.03092506844041054,1.1,29.999999999998508,31.59000000000212,0.0,0.003668869891247494,0.575,3.7210400880544463,0.03092506844041054,0.0,0.0,0.0,0.0
2026-09-08T07:01:45.637+00:00,1031.6233333333355,31.623333333335456,79,COARSE_REACQUIRE,,1,0.003668869891247494,0.575,3.7210400880544463,0.03092506844041054,0.03092506844041054,1.1,29.999999999998508,31.623333333335456,0.0,0.003668869891247494,0.575,3.7210400880544463,0.03092506844041054,0.0,0.0,0.0,0.0
2026-09-08T07:01:45.670+00:00,1031.6566666666688,31.65666666666879,80,COARSE_REACQUIRE,,1,0.003668869891247494,0.575,3.7210400880544463,0.03092506844041054,0.03092506844041054,1.1,29.999999999998508,31.65666666666879,0.0,0.003668869891247494,0.575,3.7210400880544463,0.03092506844041054,0.0,0.0,0.0,0.0
2026-09-08T07:01:45.703+00:00,1031.690000000002,31.690000000002126,81,ACQUIRE_VERIFY,,1,0.003668869891247494,0.575,3.7210400880544463,0.03092506844041054,0.03092506844041054,1.1,29.999999999998508,31.690000000002126,0.0,0.003668869891247494,0.575,3.7210400880544463,0.03092506844041054,0.0,0.0,0.0,0.0
2026-09-08T07:01:45.737+00:00,1031.7233333333354,31.72333333333546,82,ACQUIRE_VERIFY,,1,0.003668869891247494,0.575,3.7210400880544463,0.03092506844041054,0.03092506844041054,1.1,29.999999999998508,31.72333333333546,0.0,0.003668869891247494,0.575,3.7210400880544463,0.03092506844041054,0.0,0.0,0.0,0.0
2026-09-08T07:01:45.770+00:00,1031.7566666666687,31.756666666668796,83,ACQUIRE_VERIFY,,1,0.003668869891247494,0.575,3.7210400880544463,0.03092506844041054,0.03092506844041054,1.1,29.999999999998508,31.756666666668796,0.0,0.003668869891247494,0.575,3.7210400880544463,0.03092506844041054,0.0,0.0,0.0,0.0
2026-09-08T07:01:45.803+00:00,1031.7900000000022,31.79000000000213,84,ACQUIRE_VERIFY,,1,0.003668869891247494,0.575,3.7210400880544463,0.03092506844041054,0.03092506844041054,1.1,29.999999999998508,31.79000000000213,0.0,0.003668869891247494,0.575,3.7210400880544463,0.03092506844041054,0.0,0.0,0.0,0.0
2026-09-08T07:01:45.837+00:00,1031.8233333333355,31.823333333335466,85,ACQUIRE_VERIFY,,1,0.003668869891247494,0.575,3.7210400880544463,0.03092506844041054,0.03092506844041054,1.1,29.999999999998508,31.823333333335466,0.0,0.003668869891247494,0.575,3.7210400880544463,0.03092506844041054,0.0,0.0,0.0,0.0
2026-09-08T07:01:45.870+00:00,1031.8566666666688,31.8566666666688,86,ACQUIRE_VERIFY,,1,0.003668869891247494,0.575,3.7210400880544463,0.03092506844041054,0.03092506844041054,1.1,29.999999999998508,31.8566666666688,0.0,0.003668869891247494,0.575,3.7210400880544463,0.03092506844041054,0.0,0.0,0.0,0.0
2026-09-08T07:01:45.903+00:00,1031.8900000000021,31.890000000002136,87,ACQUIRE_VERIFY,,1,0.003668869891247494,0.575,3.7210400880544463,0.03092506844041054,0.03092506844041054,1.1,29.999999999998508,31.890000000002136,0.0,0.003668869891247494,0.575,3.7210400880544463,0.03092506844041054,0.0,0.0,0.0,0.0
2026-09-08T07:01:45.937+00:00,1031.9233333333354,31.92333333333547,88,ACQUIRE_VERIFY,,1,0.003668869891247494,0.575,3.7210400880544463,0.03092506844041054,0.03092506844041054,1.1,29.999999999998508,31.92333333333547,0.0,0.003668869891247494,0.575,3.7210400880544463,0.03092506844041054,0.0,0.0,0.0,0.0
2026-09-08T07:01:45.970+00:00,1031.9566666666688,31.956666666668806,89,ACQUIRE_VERIFY,,1,0.003668869891247494,0.575,3.7210400880544463,0.03092506844041054,0.03092506844041054,1.1,29.999999999998508,31.956666666668806,0.0,0.003668869891247494,0.575,3.7210400880544463,0.03092506844041054,0.0,0.0,0.0,0.0
2026-09-08T07:01:46.003+00:00,1031.990000000002,31.99000000000214,90,ACQUIRE_VERIFY,,1,0.003668869891247494,0.575,3.7210400880544463,0.03092506844041054,0.03092506844041054,1.1,29.999999999998508,31.99000000000214,0.0,0.003668869891247494,0.575,3.7210400880544463,0.03092506844041054,0.0,0.0,0.0,0.0
2026-09-08T07:01:46.037+00:00,1032.0233333333354,32.02333333333547,91,STAGING_PLAN,,1,0.003668869891247494,0.575,3.7210400880544463,0.03092506844041054,0.03092506844041054,1.1,30.000000000001705,32.02333333333547,0.0,0.003668869891247494,0.575,3.7210400880544463,0.03092506844041054,0.0,0.0,0.0,0.0
2026-09-08T07:01:46.070+00:00,1032.056666666669,32.056666666668804,92,STAGING_PLAN,,1,0.003668869891247494,0.575,3.7210400880544463,0.03092506844041054,0.03092506844041054,1.1,30.000000000001705,32.056666666668804,0.0,0.003668869891247494,0.575,3.7210400880544463,0.03092506844041054,0.0,0.0,0.0,0.0
2026-09-08T07:01:46.103+00:00,1032.0900000000022,32.090000000002135,93,STAGING_PLAN,,1,0.003668869891247494,0.575,3.7210400880544463,0.03092506844041054,0.03092506844041054,1.1,30.000000000001705,32.090000000002135,0.0,0.003668869891247494,0.575,3.7210400880544463,0.03092506844041054,0.0,0.0,0.0,0.0
2026-09-08T07:01:46.137+00:00,1032.1233333333355,32.12333333333547,94,STAGING_PLAN,,1,0.003668869891247494,0.575,3.7210400880544463,0.03092506844041054,0.03092506844041054,1.1,30.000000000001705,32.12333333333547,0.0,0.003668869891247494,0.575,3.7210400880544463,0.03092506844041054,0.0,0.0,0.0,0.0
2026-09-08T07:01:46.170+00:00,1032.1566666666688,32.1566666666688,95,STAGING_PLAN,,1,0.003668869891247494,0.575,3.7210400880544463,0.03092506844041054,0.03092506844041054,1.1,30.000000000001705,32.1566666666688,0.0,0.003668869891247494,0.575,3.7210400880544463,0.03092506844041054,0.0,0.0,0.0,0.0
2026-09-08T07:01:46.203+00:00,1032.190000000002,32.19000000000213,96,STAGING_PLAN,,1,0.003668869891247494,0.575,3.7210400880544463,0.03092506844041054,0.03092506844041054,1.1,30.000000000001705,32.19000000000213,0.0,0.003668869891247494,0.575,3.7210400880544463,0.03092506844041054,0.0,0.0,0.0,0.0
2026-09-08T07:01:46.237+00:00,1032.2233333333354,32.22333333333546,97,STAGING_PLAN,,1,0.003668869891247494,0.575,3.7210400880544463,0.03092506844041054,0.03092506844041054,1.1,30.000000000001705,32.22333333333546,0.0,0.003668869891247494,0.575,3.7210400880544463,0.03092506844041054,0.0,0.0,0.0,0.0
2026-09-08T07:01:46.270+00:00,1032.2566666666687,32.25666666666879,98,STAGING_PLAN,,1,0.003668869891247494,0.575,3.7210400880544463,0.03092506844041054,0.03092506844041054,1.1,30.000000000001705,32.25666666666879,0.0,0.003668869891247494,0.575,3.7210400880544463,0.03092506844041054,0.0,0.0,0.0,0.0
2026-09-08T07:01:46.303+00:00,1032.2900000000022,32.290000000002124,99,STAGING_PLAN,,1,0.003668869891247494,0.575,3.7210400880544463,0.03092506844041054,0.03092506844041054,1.1,30.000000000001705,32.290000000002124,0.0,0.003668869891247494,0.575,3.7210400880544463,0.03092506844041054,0.0,0.0,0.0,0.0
2026-09-08T07:01:46.337+00:00,1032.3233333333355,32.323333333335455,100,STAGING_PLAN,,1,0.003668869891247494,0.575,3.7210400880544463,0.03092506844041054,0.03092506844041054,1.1,30.000000000001705,32.323333333335455,0.0,0.003668869891247494,0.575,3.7210400880544463,0.03092506844041054,0.0,0.0,0.0,0.0
2026-09-08T07:01:46.370+00:00,1032.3566666666688,32.35666666666879,101,WAYPOINT_DRIVE,,1,0.003668869891247494,0.575,3.7210400880544463,0.03092506844041054,0.03092506844041054,1.1,30.000000000001705,32.35666666666879,0.0,0.003668869891247494,0.575,3.7210400880544463,0.03092506844041054,0.0,0.0,0.0,0.0
2026-09-08T07:01:46.403+00:00,1032.3900000000021,32.39000000000212,102,WAYPOINT_DRIVE,,1,0.003668869891247494,0.575,3.7210400880544463,0.03092506844041054,0.03092506844041054,1.1,30.000000000001705,32.39000000000212,0.0,0.003668869891247494,0.575,3.7210400880544463,0.03092506844041054,0.0,0.0,0.0,0.0
2026-09-08T07:01:46.437+00:00,1032.4233333333354,32.42333333333545,103,WAYPOINT_DRIVE,,1,0.003668869891247494,0.575,3.7210400880544463,0.03092506844041054,0.03092506844041054,1.1,30.000000000001705,32.42333333333545,0.0,0.003668869891247494,0.575,3.7210400880544463,0.03092506844041054,0.0,0.0,0.0,0.0
2026-09-08T07:01:46.470+00:00,1032.4566666666688,32.45666666666878,104,WAYPOINT_DRIVE,,1,0.003668869891247494,0.575,3.7210400880544463,0.03092506844041054,0.03092506844041054,1.1,30.000000000001705,32.45666666666878,0.0,0.003668869891247494,0.575,3.7210400880544463,0.03092506844041054,0.0,0.0,0.0,0.0
2026-09-08T07:01:46.503+00:00,1032.490000000002,32.49000000000211,105,WAYPOINT_DRIVE,,1,0.003668869891247494,0.575,3.7210400880544463,0.03092506844041054,0.03092506844041054,1.1,30.000000000001705,32.49000000000211,0.0,0.003668869891247494,0.575,3.7210400880544463,0.03092506844041054,0.0,0.0,0.0,0.0
2026-09-08T07:01:46.537+00:00,1032.5233333333354,32.523333333335444,106,WAYPOINT_DRIVE,,1,0.003668869891247494,0.575,3.7210400880544463,0.03092506844041054,0.03092506844041054,1.1,30.000000000001705,32.523333333335444,0.0,0.003668869891247494,0.575,3.7210400880544463,0.03092506844041054,0.0,0.0,0.0,0.0
2026-09-08T07:01:46.570+00:00,1032.5566666666687,32.556666666668775,107,WAYPOINT_DRIVE,,1,0.003668869891247494,0.575,3.7210400880544463,0.03092506844041054,0.03092506844041054,1.1,30.000000000001705,32.556666666668775,0.0,0.003668869891247494,0.575,3.7210400880544463,0.03092506844041054,0.0,0.0,0.0,0.0
2026-09-08T07:01:46.603+00:00,1032.5900000000022,32.59000000000211,108,WAYPOINT_DRIVE,,1,0.003668869891247494,0.575,3.7210400880544463,0.03092506844041054,0.03092506844041054,1.1,30.000000000001705,32.59000000000211,0.0,0.003668869891247494,0.575,3.7210400880544463,0.03092506844041054,0.0,0.0,0.0,0.0
2026-09-08T07:01:46.637+00:00,1032.6233333333355,32.62333333333544,109,WAYPOINT_DRIVE,,1,0.003668869891247494,0.575,3.7210400880544463,0.03092506844041054,0.03092506844041054,1.1,30.000000000001705,32.62333333333544,0.0,0.003668869891247494,0.575,3.7210400880544463,0.03092506844041054,0.0,0.0,0.0,0.0
2026-09-08T07:01:46.670+00:00,1032.6566666666688,32.65666666666877,110,WAYPOINT_DRIVE,,1,0.003668869891247494,0.575,3.7210400880544463,0.03092506844041054,0.03092506844041054,1.1,30.000000000001705,32.65666666666877,0.0,0.003668869891247494,0.575,3.7210400880544463,0.03092506844041054,0.0,0.0,0.0,0.0
2026-09-08T07:01:46.703+00:00,1032.690000000002,32.6900000000021,111,WAYPOINT_DRIVE,,1,0.003668869891247494,0.575,3.7210400880544463,0.03092506844041054,0.03092506844041054,1.1,30.000000000001705,32.6900000000021,0.0,0.003668869891247494,0.575,3.7210400880544463,0.03092506844041054,0.0,0.0,0.0,0.0
2026-09-08T07:01:46.737+00:00,1032.7233333333354,32.72333333333543,112,WAYPOINT_DRIVE,,1,0.003668869891247494,0.575,3.7210400880544463,0.03092506844041054,0.03092506844041054,1.1,30.000000000001705,32.72333333333543,0.0,0.003668869891247494,0.575,3.7210400880544463,0.03092506844041054,0.0,0.0,0.0,0.0
2026-09-08T07:01:46.770+00:00,1032.7566666666687,32.756666666668764,113,WAYPOINT_DRIVE,,1,0.003668869891247494,0.575,3.7210400880544463,0.03092506844041054,0.03092506844041054,1.1,30.000000000001705,32.756666666668764,0.0,0.003668869891247494,0.575,3.7210400880544463,0.03092506844041054,0.0,0.0,0.0,0.0
2026-09-08T07:01:46.803+00:00,1032.790000000002,32.790000000002095,114,WAYPOINT_DRIVE,,1,0.003668869891247494,0.575,3.7210400880544463,0.03092506844041054,0.03092506844041054,1.1,30.000000000001705,32.790000000002095,0.0,0.003668869891247494,0.575,3.7210400880544463,0.03092506844041054,0.0,0.0,0.0,0.0
2026-09-08T07:01:46.837+00:00,1032.8233333333355,32.82333333333543,115,WAYPOINT_DRIVE,,1,0.003668869891247494,0.575,3.7210400880544463,0.03092506844041054,0.03092506844041054,1.1,30.000000000001705,32.82333333333543,0.0,0.003668869891247494,0.575,3.7210400880544463,0.03092506844041054,0.0,0.0,0.0,0.0
2026-09-08T07:01:46.870+00:00,1032.8566666666688,32.85666666666876,116,WAYPOINT_DRIVE,,1,0.003668869891247494,0.575,3.7209913019490255,0.03092506844041054,0.03092506844041054,1.1,30.000000000001705,32.85666666666876,0.0,0.003668869891247494,0.575,3.7209913019490255,0.03092506844041054,0.0,0.0,0.0,0.0
2026-09-08T07:01:46.903+00:00,1032.8900000000021,32.89000000000209,117,WAYPOINT_DRIVE,,1,0.003668869891247494,0.575,3.7207906800690234,0.03092506844041054,0.03092506844041054,1.1,30.000000000001705,32.89000000000209,0.0,0.003668869891247494,0.575,3.7207906800690234,0.03092506844041054,0.0,0.0,0.0,0.0
2026-09-08T07:01:46.937+00:00,1032.9233333333354,32.92333333333542,118,WAYPOINT_DRIVE,,1,0.003668869891247494,0.575,3.7204348981890227,0.03092506844041054,0.03092506844041054,1.1,30.000000000001705,32.92333333333542,0.0,0.003668869891247494,0.575,3.7204348981890227,0.03092506844041054,0.0,0.0,0.0,0.0
2026-09-08T07:01:46.970+00:00,1032.9566666666688,32.95666666666875,119,WAYPOINT_DRIVE,,1,0.003668869891247494,0.575,3.719923956309022,0.03092506844041054,0.03092506844041054,1.1,30.000000000001705,32.95666666666875,0.0,0.003668869891247494,0.575,3.719923956309022,0.03092506844041054,0.0,0.0,0.0,0.0
2026-09-08T07:01:47.003+00:00,1032.990000000002,32.990000000002084,120,WAYPOINT_DRIVE,,1,0.003668869891247494,0.575,3.7192578544290193,0.03092506844041054,0.03092506844041054,1.1,30.000000000001705,32.990000000002084,0.0,0.003668869891247494,0.575,3.7192578544290193,0.03092506844041054,0.0,0.0,0.0,0.0
2026-09-08T07:01:47.037+00:00,1033.0233333333354,33.023333333335415,121,WAYPOINT_DRIVE,,1,0.003668869891247494,0.575,3.7184365925490215,0.03092506844041054,0.03092506844041054,1.1,30.000000000001705,33.023333333335415,0.0,0.003668869891247494,0.575,3.7184365925490215,0.03092506844041054,0.0,0.0,0.0,0.0
2026-09-08T07:01:47.070+00:00,1033.0566666666687,33.05666666666875,122,WAYPOINT_DRIVE,,1,0.003668869891247494,0.575,3.7174601706690207,0.03092506844041054,0.03092506844041054,1.1,30.000000000001705,33.05666666666875,0.0,0.003668869891247494,0.575,3.7174601706690207,0.03092506844041054,0.0,0.0,0.0,0.0
2026-09-08T07:01:47.103+00:00,1033.090000000002,33.09000000000208,123,WAYPOINT_DRIVE,,1,0.003668869891247494,0.575,3.716328588789021,0.03092506844041054,0.03092506844041054,1.1,30.000000000001705,33.09000000000208,0.0,0.003668869891247494,0.575,3.716328588789021,0.03092506844041054,0.0,0.0,0.0,0.0
2026-09-08T07:01:47.137+00:00,1033.1233333333355,33.12333333333541,124,WAYPOINT_DRIVE,,1,0.003668869891247494,0.575,3.7150418469090254,0.03092506844041054,0.03092506844041054,1.1,30.000000000001705,33.12333333333541,0.0,0.003668869891247494,0.575,3.7150418469090254,0.03092506844041054,0.0,0.0,0.0,0.0
2026-09-08T07:01:47.170+00:00,1033.1566666666688,33.15666666666874,125,WAYPOINT_DRIVE,,1,0.003668869891247494,0.575,3.713599945029027,0.03092506844041054,0.03092506844041054,1.1,30.000000000001705,33.15666666666874,0.0,0.003668869891247494,0.575,3.713599945029027,0.03092506844041054,0.0,0.0,0.0,0.0
2026-09-08T07:01:47.203+00:00,1033.190000000002,33.19000000000207,126,WAYPOINT_DRIVE,,1,0.003668869891247494,0.575,3.7120028831490264,0.03092506844041054,0.03092506844041054,1.1,30.000000000001705,33.19000000000207,0.0,0.003668869891247494,0.575,3.7120028831490264,0.03092506844041054,0.0,0.0,0.0,0.0
2026-09-08T07:01:47.237+00:00,1033.2233333333354,33.223333333335404,127,WAYPOINT_DRIVE,,1,0.003668869891247494,0.575,3.7102506612690336,0.03092506844041054,0.03092506844041054,1.1,30.000000000001705,33.223333333335404,0.0,0.003668869891247494,0.575,3.7102506612690336,0.03092506844041054,0.0,0.0,0.0,0.0
2026-09-08T07:01:47.270+00:00,1033.2566666666687,33.256666666668735,128,WAYPOINT_DRIVE,,1,0.003668869891247494,0.575,3.7083432793890343,0.03092506844041054,0.03092506844041054,1.1,30.000000000001705,33.256666666668735,0.0,0.003668869891247494,0.575,3.7083432793890343,0.03092506844041054,0.0,0.0,0.0,0.0
2026-09-08T07:01:47.303+00:00,1033.290000000002,33.29000000000207,129,WAYPOINT_DRIVE,,1,0.003668869891247494,0.575,3.7062807375090348,0.03092506844041054,0.03092506844041054,1.1,30.000000000001705,33.29000000000207,0.0,0.003668869891247494,0.575,3.7062807375090348,0.03092506844041054,0.0,0.0,0.0,0.0
2026-09-08T07:01:47.337+00:00,1033.3233333333353,33.3233333333354,130,WAYPOINT_DRIVE,,1,0.003668869891247494,0.575,3.7040630356290443,0.03092506844041054,0.03092506844041054,1.1,30.000000000001705,33.3233333333354,0.0,0.003668869891247494,0.575,3.7040630356290443,0.03092506844041054,0.0,0.0,0.0,0.0
2026-09-08T07:01:47.370+00:00,1033.3566666666688,33.35666666666873,131,WAYPOINT_DRIVE,,1,0.003668869891247494,0.575,3.701690173749045,0.03092506844041054,0.03092506844041054,1.1,30.000000000001705,33.35666666666873,0.0,0.003668869891247494,0.575,3.701690173749045,0.03092506844041054,0.0,0.0,0.0,0.0
2026-09-08T07:01:47.403+00:00,1033.3900000000021,33.39000000000206,132,WAYPOINT_DRIVE,,1,0.003668869891247494,0.575,3.699162151869046,0.03092506844041054,0.03092506844041054,1.1,30.000000000001705,33.39000000000206,0.0,0.003668869891247494,0.575,3.699162151869046,0.03092506844041054,0.0,0.0,0.0,0.0
2026-09-08T07:01:47.437+00:00,1033.4233333333354,33.42333333333539,133,WAYPOINT_DRIVE,,1,0.003668869891247494,0.575,3.69647896998906,0.03092506844041054,0.03092506844041054,1.1,30.000000000001705,33.42333333333539,0.0,0.003668869891247494,0.575,3.69647896998906,0.03092506844041054,0.0,0.0,0.0,0.0
2026-09-08T07:01:47.470+00:00,1033.4566666666688,33.456666666668724,134,WAYPOINT_DRIVE,,1,0.003668869891247494,0.575,3.6936406281090624,0.03092506844041054,0.03092506844041054,1.1,30.000000000001705,33.456666666668724,0.0,0.003668869891247494,0.575,3.6936406281090624,0.03092506844041054,0.0,0.0,0.0,0.0
2026-09-08T07:01:47.503+00:00,1033.490000000002,33.490000000002055,135,WAYPOINT_DRIVE,,1,0.003668869891247494,0.575,3.6906471262290648,0.03092506844041054,0.03092506844041054,1.1,30.000000000001705,33.490000000002055,0.0,0.003668869891247494,0.575,3.6906471262290648,0.03092506844041054,0.0,0.0,0.0,0.0
2026-09-08T07:01:47.537+00:00,1033.5233333333354,33.52333333333539,136,WAYPOINT_DRIVE,,1,0.003668869891247494,0.575,3.687498464349083,0.03092506844041054,0.03092506844041054,1.1,30.000000000001705,33.52333333333539,0.0,0.003668869891247494,0.575,3.687498464349083,0.03092506844041054,0.0,0.0,0.0,0.0
2026-09-08T07:01:47.570+00:00,1033.5566666666687,33.55666666666872,137,WAYPOINT_DRIVE,,1,0.003668869891247494,0.575,3.6841946424690866,0.03092506844041054,0.03092506844041054,1.1,30.000000000001705,33.55666666666872,0.0,0.003668869891247494,0.575,3.6841946424690866,0.03092506844041054,0.0,0.0,0.0,0.0
2026-09-08T07:01:47.603+00:00,1033.590000000002,33.59000000000205,138,WAYPOINT_DRIVE,,1,0.003668869891247494,0.575,3.6807356605890886,0.03092506844041054,0.03092506844041054,1.1,30.000000000001705,33.59000000000205,0.0,0.003668869891247494,0.575,3.6807356605890886,0.03092506844041054,0.0,0.0,0.0,0.0
2026-09-08T07:01:47.637+00:00,1033.6233333333353,33.62333333333538,139,WAYPOINT_DRIVE,,1,0.003668869891247494,0.575,3.677121518709111,0.03092506844041054,0.03092506844041054,1.1,30.000000000001705,33.62333333333538,0.0,0.003668869891247494,0.575,3.677121518709111,0.03092506844041054,0.0,0.0,0.0,0.0
2026-09-08T07:01:47.670+00:00,1033.6566666666688,33.65666666666871,140,WAYPOINT_DRIVE,,1,0.003668869891247494,0.575,3.6733522168291146,0.03092506844041054,0.03092506844041054,1.1,30.000000000001705,33.65666666666871,0.0,0.003668869891247494,0.575,3.6733522168291146,0.03092506844041054,0.0,0.0,0.0,0.0
2026-09-08T07:01:47.703+00:00,1033.690000000002,33.690000000002044,141,WAYPOINT_DRIVE,,1,0.003668869891247494,0.575,3.6694277549491185,0.03092506844041054,0.03092506844041054,1.1,30.000000000001705,33.690000000002044,0.0,0.003668869891247494,0.575,3.6694277549491185,0.03092506844041054,0.0,0.0,0.0,0.0
2026-09-08T07:01:47.737+00:00,1033.7233333333354,33.723333333335376,142,WAYPOINT_DRIVE,,1,0.003668869891247494,0.575,3.6653481330691466,0.03092506844041054,0.03092506844041054,1.1,30.000000000001705,33.723333333335376,0.0,0.003668869891247494,0.575,3.6653481330691466,0.03092506844041054,0.0,0.0,0.0,0.0
2026-09-08T07:01:47.770+00:00,1033.7566666666687,33.75666666666871,143,WAYPOINT_DRIVE,,1,0.003668869891247494,0.575,3.661113351189151,0.03092506844041054,0.03092506844041054,1.1,30.000000000001705,33.75666666666871,0.0,0.003668869891247494,0.575,3.661113351189151,0.03092506844041054,0.0,0.0,0.0,0.0
2026-09-08T07:01:47.803+00:00,1033.790000000002,33.79000000000204,144,WAYPOINT_DRIVE,,1,0.003668869891247494,0.575,3.6567234093091554,0.03092506844041054,0.03092506844041054,1.1,30.000000000001705,33.79000000000204,0.0,0.003668869891247494,0.575,3.6567234093091554,0.03092506844041054,0.0,0.0,0.0,0.0
2026-09-08T07:01:47.837+00:00,1033.8233333333353,33.82333333333537,145,WAYPOINT_DRIVE,,1,0.003668869891247494,0.575,3.6521783074291885,0.03092506844041054,0.03092506844041054,1.1,30.000000000001705,33.82333333333537,0.0,0.003668869891247494,0.575,3.6521783074291885,0.03092506844041054,0.0,0.0,0.0,0.0
2026-09-08T07:01:47.870+00:00,1033.8566666666686,33.8566666666687,146,WAYPOINT_DRIVE,,1,0.003668869891247494,0.575,3.6474780455491933,0.03092506844041054,0.03092506844041054,1.1,30.000000000001705,33.8566666666687,0.0,0.003668869891247494,0.575,3.6474780455491933,0.03092506844041054,0.0,0.0,0.0,0.0
2026-09-08T07:01:47.903+00:00,1033.8900000000021,33.89000000000203,147,WAYPOINT_DRIVE,,1,0.003668869891247494,0.575,3.642622623669199,0.03092506844041054,0.03092506844041054,1.1,30.000000000001705,33.89000000000203,0.0,0.003668869891247494,0.575,3.642622623669199,0.03092506844041054,0.0,0.0,0.0,0.0
2026-09-08T07:01:47.937+00:00,1033.9233333333354,33.923333333335364,148,WAYPOINT_DRIVE,,1,0.003668869891247494,0.575,3.637612041789238,0.03092506844041054,0.03092506844041054,1.1,30.000000000001705,33.923333333335364,0.0,0.003668869891247494,0.575,3.637612041789238,0.03092506844041054,0.0,0.0,0.0,0.0
2026-09-08T07:01:47.970+00:00,1033.9566666666688,33.956666666668696,149,WAYPOINT_DRIVE,,1,0.003668869891247494,0.575,3.632446299909245,0.03092506844041054,0.03092506844041054,1.1,30.000000000001705,33.956666666668696,0.0,0.003668869891247494,0.575,3.632446299909245,0.03092506844041054,0.0,0.0,0.0,0.0
2026-09-08T07:01:48.003+00:00,1033.990000000002,33.99000000000203,150,WAYPOINT_DRIVE,,1,0.003668869891247494,0.575,3.6271253980292513,0.03092506844041054,0.03092506844041054,1.1,30.000000000001705,33.99000000000203,0.0,0.003668869891247494,0.575,3.6271253980292513,0.03092506844041054,0.0,0.0,0.0,0.0
2026-09-08T07:01:48.037+00:00,1034.0233333333354,34.02333333333536,151,WAYPOINT_DRIVE,,1,0.003668869891247494,0.575,3.6216493361492974,0.03092506844041054,0.03092506844041054,1.1,30.000000000001705,34.02333333333536,0.0,0.003668869891247494,0.575,3.6216493361492974,0.03092506844041054,0.0,0.0,0.0,0.0
2026-09-08T07:01:48.070+00:00,1034.0566666666687,34.05666666666869,152,WAYPOINT_DRIVE,,1,0.003668869891247494,0.575,3.6160181142693064,0.03092506844041054,0.03092506844041054,1.1,30.000000000001705,34.05666666666869,0.0,0.003668869891247494,0.575,3.6160181142693064,0.03092506844041054,0.0,0.0,0.0,0.0
2026-09-08T07:01:48.103+00:00,1034.090000000002,34.09000000000202,153,WAYPOINT_DRIVE,,1,0.003668869891247494,0.575,3.6102317323893134,0.03092506844041054,0.03092506844041054,1.1,30.000000000001705,34.09000000000202,0.0,0.003668869891247494,0.575,3.6102317323893134,0.03092506844041054,0.0,0.0,0.0,0.0
2026-09-08T07:01:48.137+00:00,1034.1233333333353,34.12333333333535,154,WAYPOINT_DRIVE,,1,0.003668869891247494,0.575,3.6042901905093667,0.03092506844041054,0.03092506844041054,1.1,30.000000000001705,34.12333333333535,0.0,0.003668869891247494,0.575,3.6042901905093667,0.03092506844041054,0.0,0.0,0.0,0.0
2026-09-08T07:01:48.170+00:00,1034.1566666666686,34.156666666668684,155,WAYPOINT_DRIVE,,1,0.003668869891247494,0.575,3.598193488629376,0.03092506844041054,0.03092506844041054,1.1,30.000000000001705,34.156666666668684,0.0,0.003668869891247494,0.575,3.598193488629376,0.03092506844041054,0.0,0.0,0.0,0.0
2026-09-08T07:01:48.203+00:00,1034.190000000002,34.190000000002016,156,WAYPOINT_DRIVE,,1,0.003668869891247494,0.575,3.5919416267493864,0.03092506844041054,0.03092506844041054,1.1,30.000000000001705,34.190000000002016,0.0,0.003668869891247494,0.575,3.5919416267493864,0.03092506844041054,0.0,0.0,0.0,0.0
2026-09-08T07:01:48.237+00:00,1034.2233333333354,34.22333333333535,157,WAYPOINT_DRIVE,,1,0.003668869891247494,0.575,3.5855346048694474,0.03092506844041054,0.03092506844041054,1.1,30.000000000001705,34.22333333333535,0.0,0.003668869891247494,0.575,3.5855346048694474,0.03092506844041054,0.0,0.0,0.0,0.0
2026-09-08T07:01:48.270+00:00,1034.2566666666687,34.25666666666868,158,WAYPOINT_DRIVE,,1,0.003668869891247494,0.575,3.578972422989458,0.03092506844041054,0.03092506844041054,1.1,30.000000000001705,34.25666666666868,0.0,0.003668869891247494,0.575,3.578972422989458,0.03092506844041054,0.0,0.0,0.0,0.0
2026-09-08T07:01:48.303+00:00,1034.290000000002,34.29000000000201,159,WAYPOINT_DRIVE,,1,0.003668869891247494,0.575,3.572255081109467,0.03092506844041054,0.03092506844041054,1.1,30.000000000001705,34.29000000000201,0.0,0.003668869891247494,0.575,3.572255081109467,0.03092506844041054,0.0,0.0,0.0,0.0
2026-09-08T07:01:48.337+00:00,1034.3233333333353,34.32333333333534,160,WAYPOINT_DRIVE,,1,0.003668869891247494,0.575,3.565382579229535,0.03092506844041054,0.03092506844041054,1.1,30.000000000001705,34.32333333333534,0.0,0.003668869891247494,0.575,3.565382579229535,0.03092506844041054,0.0,0.0,0.0,0.0
2026-09-08T07:01:48.370+00:00,1034.3566666666686,34.35666666666867,161,WAYPOINT_DRIVE,,1,0.003668869891247494,0.575,3.558354917349547,0.03092506844041054,0.03092506844041054,1.1,30.000000000001705,34.35666666666867,0.0,0.003668869891247494,0.575,3.558354917349547,0.03092506844041054,0.0,0.0,0.0,0.0
2026-09-08T07:01:48.403+00:00,1034.390000000002,34.390000000002004,162,WAYPOINT_DRIVE,,1,0.003668869891247494,0.575,3.551172095469559,0.03092506844041054,0.03092506844041054,1.1,30.000000000001705,34.390000000002004,0.0,0.003668869891247494,0.575,3.551172095469559,0.03092506844041054,0.0,0.0,0.0,0.0
2026-09-08T07:01:48.437+00:00,1034.4233333333354,34.423333333335336,163,WAYPOINT_DRIVE,,1,0.003668869891247494,0.575,3.543834113589635,0.03092506844041054,0.03092506844041054,1.1,30.000000000001705,34.423333333335336,0.0,0.003668869891247494,0.575,3.543834113589635,0.03092506844041054,0.0,0.0,0.0,0.0
2026-09-08T07:01:48.470+00:00,1034.4566666666688,34.45666666666867,164,WAYPOINT_DRIVE,,1,0.003668869891247494,0.575,3.536340971709647,0.03092506844041054,0.03092506844041054,1.1,30.000000000001705,34.45666666666867,0.0,0.003668869891247494,0.575,3.536340971709647,0.03092506844041054,0.0,0.0,0.0,0.0
2026-09-08T07:01:48.503+00:00,1034.490000000002,34.490000000002,165,WAYPOINT_DRIVE,,1,0.003668869891247494,0.575,3.5286926698296592,0.03092506844041054,0.03092506844041054,1.1,30.000000000001705,34.490000000002,0.0,0.003668869891247494,0.575,3.5286926698296592,0.03092506844041054,0.0,0.0,0.0,0.0
2026-09-08T07:01:48.537+00:00,1034.5233333333354,34.52333333333533,166,WAYPOINT_DRIVE,,1,0.003668869891247494,0.575,3.5208892079497462,0.03092506844041054,0.03092506844041054,1.1,30.000000000001705,34.52333333333533,0.0,0.003668869891247494,0.575,3.5208892079497462,0.03092506844041054,0.0,0.0,0.0,0.0
2026-09-08T07:01:48.570+00:00,1034.5566666666687,34.55666666666866,167,WAYPOINT_DRIVE,,1,0.003668869891247494,0.575,3.5129305860697615,0.03092506844041054,0.03092506844041054,1.1,30.000000000001705,34.55666666666866,0.0,0.003668869891247494,0.575,3.5129305860697615,0.03092506844041054,0.0,0.0,0.0,0.0
2026-09-08T07:01:48.603+00:00,1034.590000000002,34.59000000000199,168,WAYPOINT_DRIVE,,1,0.003668869891247494,0.575,3.504816804189775,0.03092506844041054,0.03092506844041054,1.1,30.000000000001705,34.59000000000199,0.0,0.003668869891247494,0.575,3.504816804189775,0.03092506844041054,0.0,0.0,0.0,0.0
2026-09-08T07:01:48.637+00:00,1034.6233333333353,34.623333333335324,169,WAYPOINT_DRIVE,,1,0.003668869891247494,0.575,3.4965478623098702,0.03092506844041054,0.03092506844041054,1.1,30.000000000001705,34.623333333335324,0.0,0.003668869891247494,0.575,3.4965478623098702,0.03092506844041054,0.0,0.0,0.0,0.0
2026-09-08T07:01:48.670+00:00,1034.6566666666686,34.656666666668656,170,WAYPOINT_DRIVE,,1,0.003668869891247494,0.575,3.4881237604298865,0.03092506844041054,0.03092506844041054,1.1,30.000000000001705,34.656666666668656,0.0,0.003668869891247494,0.575,3.4881237604298865,0.03092506844041054,0.0,0.0,0.0,0.0
2026-09-08T07:01:48.703+00:00,1034.6900000000019,34.69000000000199,171,WAYPOINT_DRIVE,,1,0.003668869891247494,0.575,3.4795444985499024,0.03092506844041054,0.03092506844041054,1.1,30.000000000001705,34.69000000000199,0.0,0.003668869891247494,0.575,3.4795444985499024,0.03092506844041054,0.0,0.0,0.0,0.0
2026-09-08T07:01:48.737+00:00,1034.7233333333354,34.72333333333532,172,WAYPOINT_DRIVE,,1,0.003668869891247494,0.575,3.4708100766700056,0.03092506844041054,0.03092506844041054,1.1,30.000000000001705,34.72333333333532,0.0,0.003668869891247494,0.575,3.4708100766700056,0.03092506844041054,0.0,0.0,0.0,0.0
2026-09-08T07:01:48.770+00:00,1034.7566666666687,34.75666666666865,173,WAYPOINT_DRIVE,,1,0.003668869891247494,0.575,3.4619204947900224,0.03092506844041054,0.03092506844041054,1.1,30.000000000001705,34.75666666666865,0.0,0.003668869891247494,0.575,3.4619204947900224,0.03092506844041054,0.0,0.0,0.0,0.0
2026-09-08T07:01:48.803+00:00,1034.790000000002,34.79000000000198,174,WAYPOINT_DRIVE,,1,0.003668869891247494,0.575,3.4528757529100407,0.03092506844041054,0.03092506844041054,1.1,30.000000000001705,34.79000000000198,0.0,0.003668869891247494,0.575,3.4528757529100407,0.03092506844041054,0.0,0.0,0.0,0.0
2026-09-08T07:01:48.837+00:00,1034.8233333333353,34.82333333333531,175,WAYPOINT_DRIVE,,1,0.003668869891247494,0.575,3.443675851030155,0.03092506844041054,0.03092506844041054,1.1,30.000000000001705,34.82333333333531,0.0,0.003668869891247494,0.575,3.443675851030155,0.03092506844041054,0.0,0.0,0.0,0.0
2026-09-08T07:01:48.870+00:00,1034.8566666666686,34.856666666668644,176,WAYPOINT_DRIVE,,1,0.003668869891247494,0.575,3.4343207891501755,0.03092506844041054,0.03092506844041054,1.1,30.000000000001705,34.856666666668644,0.0,0.003668869891247494,0.575,3.4343207891501755,0.03092506844041054,0.0,0.0,0.0,0.0
2026-09-08T07:01:48.903+00:00,1034.890000000002,34.890000000001976,177,WAYPOINT_DRIVE,,1,0.003668869891247494,0.575,3.4248510084828974,0.03092506844041054,0.03092506844041054,1.1,30.000000000001705,34.890000000001976,0.0,0.003668869891247494,0.575,3.4248510084828974,0.03092506844041054,0.0,0.0,0.0,0.0
2026-09-08T07:01:48.937+00:00,1034.9233333333352,34.92333333333531,178,WAYPOINT_DRIVE,,1,0.003668869891247494,0.575,3.4153752321229955,0.03092506844041054,0.03092506844041054,1.1,30.000000000001705,34.92333333333531,0.0,0.003668869891247494,0.575,3.4153752321229955,0.03092506844041054,0.0,0.0,0.0,0.0
2026-09-08T07:01:48.970+00:00,1034.9566666666688,34.95666666666864,179,WAYPOINT_DRIVE,,1,0.003668869891247494,0.575,3.4058994557629902,0.03092506844041054,0.03092506844041054,1.1,30.000000000001705,34.95666666666864,0.0,0.003668869891247494,0.575,3.4058994557629902,0.03092506844041054,0.0,0.0,0.0,0.0
2026-09-08T07:01:49.003+00:00,1034.990000000002,34.99000000000197,180,WAYPOINT_DRIVE,,1,0.003668869891247494,0.575,3.396423679402985,0.03092506844041054,0.03092506844041054,1.1,30.000000000001705,34.99000000000197,0.0,0.003668869891247494,0.575,3.396423679402985,0.03092506844041054,0.0,0.0,0.0,0.0
2026-09-08T07:01:49.037+00:00,1035.0233333333354,35.0233333333353,181,WAYPOINT_DRIVE,,1,0.003668869891247494,0.575,3.3869479030430867,0.03092506844041054,0.03092506844041054,1.1,30.000000000001705,35.0233333333353,0.0,0.003668869891247494,0.575,3.3869479030430867,0.03092506844041054,0.0,0.0,0.0,0.0
2026-09-08T07:01:49.070+00:00,1035.0566666666687,35.05666666666863,182,WAYPOINT_DRIVE,,1,0.003668869891247494,0.575,3.377472126683081,0.03092506844041054,0.03092506844041054,1.1,30.000000000001705,35.05666666666863,0.0,0.003668869891247494,0.575,3.377472126683081,0.03092506844041054,0.0,0.0,0.0,0.0
2026-09-08T07:01:49.103+00:00,1035.090000000002,35.090000000001965,183,WAYPOINT_DRIVE,,1,0.003668869891247494,0.575,3.3679963503230756,0.03092506844041054,0.03092506844041054,1.1,30.000000000001705,35.090000000001965,0.0,0.003668869891247494,0.575,3.3679963503230756,0.03092506844041054,0.0,0.0,0.0,0.0
2026-09-08T07:01:49.137+00:00,1035.1233333333353,35.123333333335296,184,WAYPOINT_DRIVE,,1,0.003668869891247494,0.575,3.3585205739631823,0.03092506844041054,0.03092506844041054,1.1,30.000000000001705,35.123333333335296,0.0,0.003668869891247494,0.575,3.3585205739631823,0.03092506844041054,0.0,0.0,0.0,0.0
2026-09-08T07:01:49.170+00:00,1035.1566666666686,35.15666666666863,185,WAYPOINT_DRIVE,,1,0.003668869891247494,0.575,3.349044797603177,0.03092506844041054,0.03092506844041054,1.1,30.000000000001705,35.15666666666863,0.0,0.003668869891247494,0.575,3.349044797603177,0.03092506844041054,0.0,0.0,0.0,0.0
2026-09-08T07:01:49.203+00:00,1035.1900000000019,35.19000000000196,186,WAYPOINT_DRIVE,,1,0.003668869891247494,0.575,3.3395690212431717,0.03092506844041054,0.03092506844041054,1.1,30.000000000001705,35.19000000000196,0.0,0.003668869891247494,0.575,3.3395690212431717,0.03092506844041054,0.0,0.0,0.0,0.0
2026-09-08T07:01:49.237+00:00,1035.2233333333352,35.22333333333529,187,WAYPOINT_DRIVE,,1,0.003668869891247494,0.575,3.3300932448832823,0.03092506844041054,0.03092506844041054,1.1,30.000000000001705,35.22333333333529,0.0,0.003668869891247494,0.575,3.3300932448832823,0.03092506844041054,0.0,0.0,0.0,0.0
2026-09-08T07:01:49.270+00:00,1035.2566666666687,35.25666666666862,188,WAYPOINT_DRIVE,,1,0.003668869891247494,0.575,3.3206174685232774,0.03092506844041054,0.03092506844041054,1.1,30.000000000001705,35.25666666666862,0.0,0.003668869891247494,0.575,3.3206174685232774,0.03092506844041054,0.0,0.0,0.0,0.0
2026-09-08T07:01:49.303+00:00,1035.290000000002,35.29000000000195,189,WAYPOINT_DRIVE,,1,0.003668869891247494,0.575,3.311141692163276,0.03092506844041054,0.03092506844041054,1.1,30.000000000001705,35.29000000000195,0.0,0.003668869891247494,0.575,3.311141692163276,0.03092506844041054,0.0,0.0,0.0,0.0
2026-09-08T07:01:49.337+00:00,1035.3233333333353,35.323333333335285,190,WAYPOINT_DRIVE,,1,0.003668869891247494,0.575,3.3016659158033947,0.03092506844041054,0.03092506844041054,1.1,30.000000000001705,35.323333333335285,0.0,0.003668869891247494,0.575,3.3016659158033947,0.03092506844041054,0.0,0.0,0.0,0.0
2026-09-08T07:01:49.370+00:00,1035.3566666666686,35.356666666668616,191,WAYPOINT_DRIVE,,1,0.003668869891247494,0.575,3.2921901394433943,0.03092506844041054,0.03092506844041054,1.1,30.000000000001705,35.356666666668616,0.0,0.003668869891247494,0.575,3.2921901394433943,0.03092506844041054,0.0,0.0,0.0,0.0
2026-09-08T07:01:49.403+00:00,1035.390000000002,35.39000000000195,192,WAYPOINT_DRIVE,,1,0.003668869891247494,0.575,3.2827143630833944,0.03092506844041054,0.03092506844041054,1.1,30.000000000001705,35.39000000000195,0.0,0.003668869891247494,0.575,3.2827143630833944,0.03092506844041054,0.0,0.0,0.0,0.0
2026-09-08T07:01:49.437+00:00,1035.4233333333352,35.42333333333528,193,WAYPOINT_DRIVE,,1,0.003668869891247494,0.575,3.2732385867235174,0.03092506844041054,0.03092506844041054,1.1,30.000000000001705,35.42333333333528,0.0,0.003668869891247494,0.575,3.2732385867235174,0.03092506844041054,0.0,0.0,0.0,0.0
2026-09-08T07:01:49.470+00:00,1035.4566666666685,35.45666666666861,194,WAYPOINT_DRIVE,,1,0.003668869891247494,0.575,3.2637628103635175,0.03092506844041054,0.03092506844041054,1.1,30.000000000001705,35.45666666666861,0.0,0.003668869891247494,0.575,3.2637628103635175,0.03092506844041054,0.0,0.0,0.0,0.0
2026-09-08T07:01:49.503+00:00,1035.490000000002,35.49000000000194,195,WAYPOINT_DRIVE,,1,0.003668869891247494,0.575,3.2542870340035166,0.03092506844041054,0.03092506844041054,1.1,30.000000000001705,35.49000000000194,0.0,0.003668869891247494,0.575,3.2542870340035166,0.03092506844041054,0.0,0.0,0.0,0.0
2026-09-08T07:01:49.537+00:00,1035.5233333333354,35.52333333333527,196,WAYPOINT_DRIVE,,1,0.003668869891247494,0.575,3.244811257643643,0.03092506844041054,0.03092506844041054,1.1,30.000000000001705,35.52333333333527,0.0,0.003668869891247494,0.575,3.244811257643643,0.03092506844041054,0.0,0.0,0.0,0.0
2026-09-08T07:01:49.570+00:00,1035.5566666666687,35.556666666668605,197,WAYPOINT_DRIVE,,1,0.003668869891247494,0.575,3.2353354812836432,0.03092506844041054,0.03092506844041054,1.1,30.000000000001705,35.556666666668605,0.0,0.003668869891247494,0.575,3.2353354812836432,0.03092506844041054,0.0,0.0,0.0,0.0
2026-09-08T07:01:49.603+00:00,1035.590000000002,35.590000000001936,198,WAYPOINT_DRIVE,,1,0.003668869891247494,0.575,3.2258597049236433,0.03092506844041054,0.03092506844041054,1.1,30.000000000001705,35.590000000001936,0.0,0.003668869891247494,0.575,3.2258597049236433,0.03092506844041054,0.0,0.0,0.0,0.0
2026-09-08T07:01:49.637+00:00,1035.6233333333353,35.62333333333527,199,WAYPOINT_DRIVE,,1,0.003668869891247494,0.575,3.216383928563774,0.03092506844041054,0.03092506844041054,1.1,30.000000000001705,35.62333333333527,0.0,0.003668869891247494,0.575,3.216383928563774,0.03092506844041054,0.0,0.0,0.0,0.0
2026-09-08T07:01:49.670+00:00,1035.6566666666686,35.6566666666686,200,WAYPOINT_DRIVE,,1,0.003668869891247494,0.575,3.206908152203774,0.03092506844041054,0.03092506844041054,1.1,30.000000000001705,35.6566666666686,0.0,0.003668869891247494,0.575,3.206908152203774,0.03092506844041054,0.0,0.0,0.0,0.0
2026-09-08T07:01:49.703+00:00,1035.6900000000019,35.69000000000193,201,WAYPOINT_DRIVE,,1,0.003668869891247494,0.575,3.197432375843774,0.03092506844041054,0.03092506844041054,1.1,30.000000000001705,35.69000000000193,0.0,0.003668869891247494,0.575,3.197432375843774,0.03092506844041054,0.0,0.0,0.0,0.0
2026-09-08T07:01:49.737+00:00,1035.7233333333352,35.72333333333526,202,WAYPOINT_DRIVE,,1,0.003668869891247494,0.575,3.18795659948391,0.03092506844041054,0.03092506844041054,1.1,30.000000000001705,35.72333333333526,0.0,0.003668869891247494,0.575,3.18795659948391,0.03092506844041054,0.0,0.0,0.0,0.0
2026-09-08T07:01:49.770+00:00,1035.7566666666685,35.75666666666859,203,WAYPOINT_DRIVE,,1,0.003668869891247494,0.575,3.178480823123911,0.03092506844041054,0.03092506844041054,1.1,30.000000000001705,35.75666666666859,0.0,0.003668869891247494,0.575,3.178480823123911,0.03092506844041054,0.0,0.0,0.0,0.0
2026-09-08T07:01:49.803+00:00,1035.790000000002,35.790000000001925,204,WAYPOINT_DRIVE,,1,0.003668869891247494,0.575,3.1690050467639113,0.03092506844041054,0.03092506844041054,1.1,30.000000000001705,35.790000000001925,0.0,0.003668869891247494,0.575,3.1690050467639113,0.03092506844041054,0.0,0.0,0.0,0.0
2026-09-08T07:01:49.837+00:00,1035.8233333333353,35.823333333335256,205,WAYPOINT_DRIVE,,1,0.003668869891247494,0.575,3.159529270404051,0.03092506844041054,0.03092506844041054,1.1,30.000000000001705,35.823333333335256,0.0,0.003668869891247494,0.575,3.159529270404051,0.03092506844041054,0.0,0.0,0.0,0.0
2026-09-08T07:01:49.870+00:00,1035.8566666666686,35.85666666666859,206,WAYPOINT_DRIVE,,1,0.003668869891247494,0.575,3.150053494044051,0.03092506844041054,0.03092506844041054,1.1,30.000000000001705,35.85666666666859,0.0,0.003668869891247494,0.575,3.150053494044051,0.03092506844041054,0.0,0.0,0.0,0.0
2026-09-08T07:01:49.903+00:00,1035.890000000002,35.89000000000192,207,WAYPOINT_DRIVE,,1,0.003668869891247494,0.575,3.1405777176840517,0.03092506844041054,0.03092506844041054,1.1,30.000000000001705,35.89000000000192,0.0,0.003668869891247494,0.575,3.1405777176840517,0.03092506844041054,0.0,0.0,0.0,0.0
2026-09-08T07:01:49.937+00:00,1035.9233333333352,35.92333333333525,208,WAYPOINT_DRIVE,,1,0.003668869891247494,0.575,3.1311019413241956,0.03092506844041054,0.03092506844041054,1.1,30.000000000001705,35.92333333333525,0.0,0.003668869891247494,0.575,3.1311019413241956,0.03092506844041054,0.0,0.0,0.0,0.0
2026-09-08T07:01:49.970+00:00,1035.9566666666685,35.95666666666858,209,WAYPOINT_DRIVE,,1,0.003668869891247494,0.575,3.121626164964196,0.03092506844041054,0.03092506844041054,1.1,30.000000000001705,35.95666666666858,0.0,0.003668869891247494,0.575,3.121626164964196,0.03092506844041054,0.0,0.0,0.0,0.0
2026-09-08T07:01:50.003+00:00,1035.9900000000018,35.99000000000191,210,WAYPOINT_DRIVE,,1,0.003668869891247494,0.575,3.112150388604196,0.03092506844041054,0.03092506844041054,1.1,30.000000000001705,35.99000000000191,0.0,0.003668869891247494,0.575,3.112150388604196,0.03092506844041054,0.0,0.0,0.0,0.0
2026-09-08T07:01:50.037+00:00,1036.0233333333354,36.023333333335245,211,WAYPOINT_DRIVE,,1,0.003668869891247494,0.575,3.1026746122443445,0.03092506844041054,0.03092506844041054,1.1,30.000000000001705,36.023333333335245,0.0,0.003668869891247494,0.575,3.1026746122443445,0.03092506844041054,0.0,0.0,0.0,0.0
2026-09-08T07:01:50.070+00:00,1036.0566666666687,36.056666666668576,212,WAYPOINT_DRIVE,,1,0.003668869891247494,0.575,3.093198835884345,0.03092506844041054,0.03092506844041054,1.1,30.000000000001705,36.056666666668576,0.0,0.003668869891247494,0.575,3.093198835884345,0.03092506844041054,0.0,0.0,0.0,0.0
2026-09-08T07:01:50.103+00:00,1036.090000000002,36.09000000000191,213,WAYPOINT_DRIVE,,1,0.003668869891247494,0.575,3.0837230595243446,0.03092506844041054,0.03092506844041054,1.1,30.000000000001705,36.09000000000191,0.0,0.003668869891247494,0.575,3.0837230595243446,0.03092506844041054,0.0,0.0,0.0,0.0
2026-09-08T07:01:50.137+00:00,1036.1233333333353,36.12333333333524,214,WAYPOINT_DRIVE,,1,0.003668869891247494,0.575,3.074247283164497,0.03092506844041054,0.03092506844041054,1.1,30.000000000001705,36.12333333333524,0.0,0.003668869891247494,0.575,3.074247283164497,0.03092506844041054,0.0,0.0,0.0,0.0
2026-09-08T07:01:50.170+00:00,1036.1566666666686,36.15666666666857,215,WAYPOINT_DRIVE,,1,0.003668869891247494,0.575,3.064771506804497,0.03092506844041054,0.03092506844041054,1.1,30.000000000001705,36.15666666666857,0.0,0.003668869891247494,0.575,3.064771506804497,0.03092506844041054,0.0,0.0,0.0,0.0
2026-09-08T07:01:50.203+00:00,1036.1900000000019,36.1900000000019,216,WAYPOINT_DRIVE,,1,0.003668869891247494,0.575,3.055295730444497,0.03092506844041054,0.03092506844041054,1.1,30.000000000001705,36.1900000000019,0.0,0.003668869891247494,0.575,3.055295730444497,0.03092506844041054,0.0,0.0,0.0,0.0
2026-09-08T07:01:50.237+00:00,1036.2233333333352,36.22333333333523,217,WAYPOINT_DRIVE,,1,0.003668869891247494,0.575,3.045819954084653,0.03092506844041054,0.03092506844041054,1.1,30.000000000001705,36.22333333333523,0.0,0.003668869891247494,0.575,3.045819954084653,0.03092506844041054,0.0,0.0,0.0,0.0
2026-09-08T07:01:50.270+00:00,1036.2566666666685,36.256666666668565,218,WAYPOINT_DRIVE,,1,0.003668869891247494,0.575,3.0363441777246534,0.03092506844041054,0.03092506844041054,1.1,30.000000000001705,36.256666666668565,0.0,0.003668869891247494,0.575,3.0363441777246534,0.03092506844041054,0.0,0.0,0.0,0.0
2026-09-08T07:01:50.303+00:00,1036.2900000000018,36.290000000001896,219,WAYPOINT_DRIVE_SETTLE,,1,0.003668869891247494,0.575,3.0363441777246534,0.03092506844041054,0.03092506844041054,1.1,30.000000000001705,36.290000000001896,0.0,0.003668869891247494,0.575,3.0363441777246534,0.03092506844041054,0.0,0.0,0.0,0.0
2026-09-08T07:01:50.337+00:00,1036.3233333333353,36.32333333333523,220,WAYPOINT_DRIVE_SETTLE,,1,0.003668869891247494,0.575,3.0363441777246534,0.03092506844041054,0.03092506844041054,1.1,30.000000000001705,36.32333333333523,0.0,0.003668869891247494,0.575,3.0363441777246534,0.03092506844041054,0.0,0.0,0.0,0.0
2026-09-08T07:01:50.370+00:00,1036.3566666666686,36.35666666666856,221,WAYPOINT_DRIVE_SETTLE,,1,0.003668869891247494,0.575,3.0363441777246534,0.03092506844041054,0.03092506844041054,1.1,30.000000000001705,36.35666666666856,0.0,0.003668869891247494,0.575,3.0363441777246534,0.03092506844041054,0.0,0.0,0.0,0.0
2026-09-08T07:01:50.403+00:00,1036.390000000002,36.39000000000189,222,WAYPOINT_DRIVE_SETTLE,,1,0.003668869891247494,0.575,3.0363441777246534,0.03092506844041054,0.03092506844041054,1.1,30.000000000001705,36.39000000000189,0.0,0.003668869891247494,0.575,3.0363441777246534,0.03092506844041054,0.0,0.0,0.0,0.0
2026-09-08T07:01:50.437+00:00,1036.4233333333352,36.42333333333522,223,WAYPOINT_DRIVE_SETTLE,,1,0.003668869891247494,0.575,3.0363441777246534,0.03092506844041054,0.03092506844041054,1.1,30.000000000001705,36.42333333333522,0.0,0.003668869891247494,0.575,3.0363441777246534,0.03092506844041054,0.0,0.0,0.0,0.0
2026-09-08T07:01:50.470+00:00,1036.4566666666685,36.45666666666855,224,WAYPOINT_DRIVE_SETTLE,,1,0.003668869891247494,0.575,3.0363441777246534,0.03092506844041054,0.03092506844041054,1.1,30.000000000001705,36.45666666666855,0.0,0.003668869891247494,0.575,3.0363441777246534,0.03092506844041054,0.0,0.0,0.0,0.0
2026-09-08T07:01:50.503+00:00,1036.4900000000018,36.490000000001885,225,WAYPOINT_DRIVE_SETTLE,,1,0.003668869891247494,0.575,3.0363441777246534,0.03092506844041054,0.03092506844041054,1.1,30.000000000001705,36.490000000001885,0.0,0.003668869891247494,0.575,3.0363441777246534,0.03092506844041054,0.0,0.0,0.0,0.0
2026-09-08T07:01:50.537+00:00,1036.5233333333351,36.523333333335216,226,WAYPOINT_DRIVE_SETTLE,,1,0.003668869891247494,0.575,3.0363441777246534,0.03092506844041054,0.03092506844041054,1.1,30.000000000001705,36.523333333335216,0.0,0.003668869891247494,0.575,3.0363441777246534,0.03092506844041054,0.0,0.0,0.0,0.0
2026-09-08T07:01:50.570+00:00,1036.5566666666687,36.55666666666855,227,WAYPOINT_DRIVE_SETTLE,,1,0.003668869891247494,0.575,3.0363441777246534,0.03092506844041054,0.03092506844041054,1.1,30.000000000001705,36.55666666666855,0.0,0.003668869891247494,0.575,3.0363441777246534,0.03092506844041054,0.0,0.0,0.0,0.0
2026-09-08T07:01:50.603+00:00,1036.590000000002,36.59000000000188,228,WAYPOINT_DRIVE_SETTLE,,1,0.003668869891247494,0.575,3.0363441777246534,0.03092506844041054,0.03092506844041054,1.1,30.000000000001705,36.59000000000188,0.0,0.003668869891247494,0.575,3.0363441777246534,0.03092506844041054,0.0,0.0,0.0,0.0
2026-09-08T07:01:50.637+00:00,1036.6233333333353,36.62333333333521,229,WAYPOINT_DRIVE_SETTLE,,1,0.003668869891247494,0.575,3.0363441777246534,0.03092506844041054,0.03092506844041054,1.1,30.000000000001705,36.62333333333521,0.0,0.003668869891247494,0.575,3.0363441777246534,0.03092506844041054,0.0,0.0,0.0,0.0
2026-09-08T07:01:50.670+00:00,1036.6566666666686,36.65666666666854,230,WAYPOINT_DRIVE_SETTLE,,1,0.003668869891247494,0.575,3.0363441777246534,0.03092506844041054,0.03092506844041054,1.1,30.000000000001705,36.65666666666854,0.0,0.003668869891247494,0.575,3.0363441777246534,0.03092506844041054,0.0,0.0,0.0,0.0
2026-09-08T07:01:50.703+00:00,1036.6900000000019,36.690000000001874,231,WAYPOINT_DRIVE_SETTLE,,1,0.003668869891247494,0.575,3.0363441777246534,0.03092506844041054,0.03092506844041054,1.1,30.000000000001705,36.690000000001874,0.0,0.003668869891247494,0.575,3.0363441777246534,0.03092506844041054,0.0,0.0,0.0,0.0
2026-09-08T07:01:50.737+00:00,1036.7233333333352,36.723333333335205,232,WAYPOINT_DRIVE_SETTLE,,1,0.003668869891247494,0.575,3.0363441777246534,0.03092506844041054,0.03092506844041054,1.1,30.000000000001705,36.723333333335205,0.0,0.003668869891247494,0.575,3.0363441777246534,0.03092506844041054,0.0,0.0,0.0,0.0
2026-09-08T07:01:50.770+00:00,1036.7566666666685,36.756666666668536,233,WAYPOINT_DRIVE_SETTLE,,1,0.003668869891247494,0.575,3.0363441777246534,0.03092506844041054,0.03092506844041054,1.1,30.000000000001705,36.756666666668536,0.0,0.003668869891247494,0.575,3.0363441777246534,0.03092506844041054,0.0,0.0,0.0,0.0
2026-09-08T07:01:50.803+00:00,1036.7900000000018,36.79000000000187,234,WAYPOINT_DRIVE_SETTLE,,1,0.003668869891247494,0.575,3.0363441777246534,0.03092506844041054,0.03092506844041054,1.1,30.000000000001705,36.79000000000187,0.0,0.003668869891247494,0.575,3.0363441777246534,0.03092506844041054,0.0,0.0,0.0,0.0
2026-09-08T07:01:50.837+00:00,1036.823333333335,36.8233333333352,235,WAYPOINT_DRIVE_SETTLE,,1,0.003668869891247494,0.575,3.0363441777246534,0.03092506844041054,0.03092506844041054,1.1,30.000000000001705,36.8233333333352,0.0,0.003668869891247494,0.575,3.0363441777246534,0.03092506844041054,0.0,0.0,0.0,0.0
2026-09-08T07:01:50.870+00:00,1036.8566666666686,36.85666666666853,236,WAYPOINT_DRIVE_SETTLE,,1,0.003668869891247494,0.575,3.0363441777246534,0.03092506844041054,0.03092506844041054,1.1,30.000000000001705,36.85666666666853,0.0,0.003668869891247494,0.575,3.0363441777246534,0.03092506844041054,0.0,0.0,0.0,0.0
2026-09-08T07:01:50.903+00:00,1036.890000000002,36.89000000000186,237,WAYPOINT_DRIVE_SETTLE,,1,0.003668869891247494,0.575,3.0363441777246534,0.03092506844041054,0.03092506844041054,1.1,30.000000000001705,36.89000000000186,0.0,0.003668869891247494,0.575,3.0363441777246534,0.03092506844041054,0.0,0.0,0.0,0.0
2026-09-08T07:01:50.937+00:00,1036.9233333333352,36.923333333335194,238,WAYPOINT_DRIVE_SETTLE,,1,0.003668869891247494,0.575,3.0363441777246534,0.03092506844041054,0.03092506844041054,1.1,30.000000000001705,36.923333333335194,0.0,0.003668869891247494,0.575,3.0363441777246534,0.03092506844041054,0.0,0.0,0.0,0.0
2026-09-08T07:01:50.970+00:00,1036.9566666666685,36.956666666668525,239,WAYPOINT_DRIVE_SETTLE,,1,0.003668869891247494,0.575,3.0363441777246534,0.03092506844041054,0.03092506844041054,1.1,30.000000000001705,36.956666666668525,0.0,0.003668869891247494,0.575,3.0363441777246534,0.03092506844041054,0.0,0.0,0.0,0.0
2026-09-08T07:01:51.003+00:00,1036.9900000000018,36.99000000000186,240,WAYPOINT_DRIVE_SETTLE,,1,0.003668869891247494,0.575,3.0363441777246534,0.03092506844041054,0.03092506844041054,1.1,30.000000000001705,36.99000000000186,0.0,0.003668869891247494,0.575,3.0363441777246534,0.03092506844041054,0.0,0.0,0.0,0.0
2026-09-08T07:01:51.037+00:00,1037.0233333333351,37.02333333333519,241,WAYPOINT_DRIVE_SETTLE,,1,0.003668869891247494,0.575,3.0363441777246534,0.03092506844041054,0.03092506844041054,1.1,30.000000000001705,37.02333333333519,0.0,0.003668869891247494,0.575,3.0363441777246534,0.03092506844041054,0.0,0.0,0.0,0.0
2026-09-08T07:01:51.070+00:00,1037.0566666666684,37.05666666666852,242,WAYPOINT_DRIVE_SETTLE,,1,0.003668869891247494,0.575,3.0363441777246534,0.03092506844041054,0.03092506844041054,1.1,30.000000000001705,37.05666666666852,0.0,0.003668869891247494,0.575,3.0363441777246534,0.03092506844041054,0.0,0.0,0.0,0.0
2026-09-08T07:01:51.103+00:00,1037.090000000002,37.09000000000185,243,WAYPOINT_DRIVE_SETTLE,,1,0.003668869891247494,0.575,3.0363441777246534,0.03092506844041054,0.03092506844041054,1.1,30.000000000001705,37.09000000000185,0.0,0.003668869891247494,0.575,3.0363441777246534,0.03092506844041054,0.0,0.0,0.0,0.0
2026-09-08T07:01:51.137+00:00,1037.1233333333353,37.12333333333518,244,WAYPOINT_DRIVE_SETTLE,,1,0.003668869891247494,0.575,3.0363441777246534,0.03092506844041054,0.03092506844041054,1.1,30.000000000001705,37.12333333333518,0.0,0.003668869891247494,0.575,3.0363441777246534,0.03092506844041054,0.0,0.0,0.0,0.0
2026-09-08T07:01:51.170+00:00,1037.1566666666686,37.156666666668514,245,WAYPOINT_DRIVE_SETTLE,,1,0.003668869891247494,0.575,3.0363441777246534,0.03092506844041054,0.03092506844041054,1.1,30.000000000001705,37.156666666668514,0.0,0.003668869891247494,0.575,3.0363441777246534,0.03092506844041054,0.0,0.0,0.0,0.0
2026-09-08T07:01:51.203+00:00,1037.1900000000019,37.190000000001845,246,WAYPOINT_DRIVE_SETTLE,,1,0.003668869891247494,0.575,3.0363441777246534,0.03092506844041054,0.03092506844041054,1.1,30.000000000001705,37.190000000001845,0.0,0.003668869891247494,0.575,3.0363441777246534,0.03092506844041054,0.0,0.0,0.0,0.0
2026-09-08T07:01:51.237+00:00,1037.2233333333352,37.22333333333518,247,WAYPOINT_DRIVE_SETTLE,,1,0.003668869891247494,0.575,3.0363441777246534,0.03092506844041054,0.03092506844041054,1.1,30.000000000001705,37.22333333333518,0.0,0.003668869891247494,0.575,3.0363441777246534,0.03092506844041054,0.0,0.0,0.0,0.0
2026-09-08T07:01:51.270+00:00,1037.2566666666685,37.25666666666851,248,WAYPOINT_DRIVE_SETTLE,,1,0.003668869891247494,0.575,3.0363441777246534,0.03092506844041054,0.03092506844041054,1.1,30.000000000001705,37.25666666666851,0.0,0.003668869891247494,0.575,3.0363441777246534,0.03092506844041054,0.0,0.0,0.0,0.0
2026-09-08T07:01:51.303+00:00,1037.2900000000018,37.29000000000184,249,WAYPOINT_DRIVE_SETTLE,,1,0.003668869891247494,0.575,3.0363441777246534,0.03092506844041054,0.03092506844041054,1.1,30.000000000001705,37.29000000000184,0.0,0.003668869891247494,0.575,3.0363441777246534,0.03092506844041054,0.0,0.0,0.0,0.0
2026-09-08T07:01:51.337+00:00,1037.323333333335,37.32333333333517,250,WAYPOINT_DRIVE_SETTLE,,1,0.003668869891247494,0.575,3.0363441777246534,0.03092506844041054,0.03092506844041054,1.1,30.000000000001705,37.32333333333517,0.0,0.003668869891247494,0.575,3.0363441777246534,0.03092506844041054,0.0,0.0,0.0,0.0
2026-09-08T07:01:51.370+00:00,1037.3566666666684,37.3566666666685,251,WAYPOINT_DRIVE_SETTLE,,1,0.003668869891247494,0.575,3.0363441777246534,0.03092506844041054,0.03092506844041054,1.1,30.000000000001705,37.3566666666685,0.0,0.003668869891247494,0.575,3.0363441777246534,0.03092506844041054,0.0,0.0,0.0,0.0
2026-09-08T07:01:51.403+00:00,1037.390000000002,37.390000000001834,252,WAYPOINT_DRIVE_SETTLE,,1,0.003668869891247494,0.575,3.0363441777246534,0.03092506844041054,0.03092506844041054,1.1,30.000000000001705,37.390000000001834,0.0,0.003668869891247494,0.575,3.0363441777246534,0.03092506844041054,0.0,0.0,0.0,0.0
2026-09-08T07:01:51.437+00:00,1037.4233333333352,37.423333333335165,253,WAYPOINT_DRIVE_SETTLE,,1,0.003668869891247494,0.575,3.0363441777246534,0.03092506844041054,0.03092506844041054,1.1,30.000000000001705,37.423333333335165,0.0,0.003668869891247494,0.575,3.0363441777246534,0.03092506844041054,0.0,0.0,0.0,0.0
2026-09-08T07:01:51.470+00:00,1037.4566666666685,37.4566666666685,254,WAYPOINT_DRIVE_SETTLE,,1,0.003668869891247494,0.575,3.0363441777246534,0.03092506844041054,0.03092506844041054,1.1,30.000000000001705,37.4566666666685,0.0,0.003668869891247494,0.575,3.0363441777246534,0.03092506844041054,0.0,0.0,0.0,0.0
2026-09-08T07:01:51.503+00:00,1037.4900000000018,37.49000000000183,255,WAYPOINT_DRIVE_SETTLE,,1,0.003668869891247494,0.575,3.0363441777246534,0.03092506844041054,0.03092506844041054,1.1,30.000000000001705,37.49000000000183,0.0,0.003668869891247494,0.575,3.0363441777246534,0.03092506844041054,0.0,0.0,0.0,0.0
2026-09-08T07:01:51.537+00:00,1037.5233333333351,37.52333333333516,256,WAYPOINT_DRIVE_SETTLE,,1,0.003668869891247494,0.575,3.0363441777246534,0.03092506844041054,0.03092506844041054,1.1,30.000000000001705,37.52333333333516,0.0,0.003668869891247494,0.575,3.0363441777246534,0.03092506844041054,0.0,0.0,0.0,0.0
2026-09-08T07:01:51.570+00:00,1037.5566666666684,37.55666666666849,257,WAYPOINT_DRIVE_SETTLE,,1,0.003668869891247494,0.575,3.0363441777246534,0.03092506844041054,0.03092506844041054,1.1,30.000000000001705,37.55666666666849,0.0,0.003668869891247494,0.575,3.0363441777246534,0.03092506844041054,0.0,0.0,0.0,0.0
2026-09-08T07:01:51.603+00:00,1037.5900000000017,37.59000000000182,258,WAYPOINT_DRIVE_SETTLE,,1,0.003668869891247494,0.575,3.0363441777246534,0.03092506844041054,0.03092506844041054,1.1,30.000000000001705,37.59000000000182,0.0,0.003668869891247494,0.575,3.0363441777246534,0.03092506844041054,0.0,0.0,0.0,0.0
2026-09-08T07:01:51.637+00:00,1037.6233333333353,37.623333333335154,259,WAYPOINT_DRIVE_SETTLE,,1,0.003668869891247494,0.575,3.0363441777246534,0.03092506844041054,0.03092506844041054,1.1,30.000000000001705,37.623333333335154,0.0,0.003668869891247494,0.575,3.0363441777246534,0.03092506844041054,0.0,0.0,0.0,0.0
2026-09-08T07:01:51.670+00:00,1037.6566666666686,37.656666666668485,260,WAYPOINT_DRIVE_SETTLE,,1,0.003668869891247494,0.575,3.0363441777246534,0.03092506844041054,0.03092506844041054,1.1,30.000000000001705,37.656666666668485,0.0,0.003668869891247494,0.575,3.0363441777246534,0.03092506844041054,0.0,0.0,0.0,0.0
2026-09-08T07:01:51.703+00:00,1037.6900000000019,37.69000000000182,261,WAYPOINT_DRIVE_SETTLE,,1,0.003668869891247494,0.575,3.0363441777246534,0.03092506844041054,0.03092506844041054,1.1,30.000000000001705,37.69000000000182,0.0,0.003668869891247494,0.575,3.0363441777246534,0.03092506844041054,0.0,0.0,0.0,0.0
2026-09-08T07:01:51.737+00:00,1037.7233333333352,37.72333333333515,262,WAYPOINT_DRIVE_SETTLE,,1,0.003668869891247494,0.575,3.0363441777246534,0.03092506844041054,0.03092506844041054,1.1,30.000000000001705,37.72333333333515,0.0,0.003668869891247494,0.575,3.0363441777246534,0.03092506844041054,0.0,0.0,0.0,0.0
2026-09-08T07:01:51.770+00:00,1037.7566666666685,37.75666666666848,263,WAYPOINT_DRIVE_SETTLE,,1,0.003668869891247494,0.575,3.0363441777246534,0.03092506844041054,0.03092506844041054,1.1,30.000000000001705,37.75666666666848,0.0,0.003668869891247494,0.575,3.0363441777246534,0.03092506844041054,0.0,0.0,0.0,0.0
2026-09-08T07:01:51.803+00:00,1037.7900000000018,37.79000000000181,264,WAYPOINT_DRIVE_SETTLE,,1,0.003668869891247494,0.575,3.0363441777246534,0.03092506844041054,0.03092506844041054,1.1,30.000000000001705,37.79000000000181,0.0,0.003668869891247494,0.575,3.0363441777246534,0.03092506844041054,0.0,0.0,0.0,0.0
2026-09-08T07:01:51.837+00:00,1037.823333333335,37.82333333333514,265,WAYPOINT_DRIVE_SETTLE,,1,0.003668869891247494,0.575,3.0363441777246534,0.03092506844041054,0.03092506844041054,1.1,30.000000000001705,37.82333333333514,0.0,0.003668869891247494,0.575,3.0363441777246534,0.03092506844041054,0.0,0.0,0.0,0.0
2026-09-08T07:01:51.870+00:00,1037.8566666666684,37.856666666668474,266,WAYPOINT_DRIVE_SETTLE,,1,0.003668869891247494,0.575,3.0363441777246534,0.03092506844041054,0.03092506844041054,1.1,30.000000000001705,37.856666666668474,0.0,0.003668869891247494,0.575,3.0363441777246534,0.03092506844041054,0.0,0.0,0.0,0.0
2026-09-08T07:01:51.903+00:00,1037.8900000000017,37.890000000001805,267,WAYPOINT_DRIVE_SETTLE,,1,0.003668869891247494,0.575,3.0363441777246534,0.03092506844041054,0.03092506844041054,1.1,30.000000000001705,37.890000000001805,0.0,0.003668869891247494,0.575,3.0363441777246534,0.03092506844041054,0.0,0.0,0.0,0.0
2026-09-08T07:01:51.937+00:00,1037.9233333333352,37.92333333333514,268,WAYPOINT_DRIVE_SETTLE,,1,0.003668869891247494,0.575,3.0363441777246534,0.03092506844041054,0.03092506844041054,1.1,30.000000000001705,37.92333333333514,0.0,0.003668869891247494,0.575,3.0363441777246534,0.03092506844041054,0.0,0.0,0.0,0.0
2026-09-08T07:01:51.970+00:00,1037.9566666666685,37.95666666666847,269,WAYPOINT_DRIVE_SETTLE,,1,0.003668869891247494,0.575,3.0363441777246534,0.03092506844041054,0.03092506844041054,1.1,30.000000000001705,37.95666666666847,0.0,0.003668869891247494,0.575,3.0363441777246534,0.03092506844041054,0.0,0.0,0.0,0.0
2026-09-08T07:01:52.003+00:00,1037.9900000000018,37.9900000000018,270,WAYPOINT_DRIVE_SETTLE,,1,0.003668869891247494,0.575,3.0363441777246534,0.03092506844041054,0.03092506844041054,1.1,30.000000000001705,37.9900000000018,0.0,0.003668869891247494,0.575,3.0363441777246534,0.03092506844041054,0.0,0.0,0.0,0.0
2026-09-08T07:01:52.037+00:00,1038.0233333333351,38.02333333333513,271,WAYPOINT_DRIVE_SETTLE,,1,0.003668869891247494,0.575,3.0363441777246534,0.03092506844041054,0.03092506844041054,1.1,30.000000000001705,38.02333333333513,0.0,0.003668869891247494,0.575,3.0363441777246534,0.03092506844041054,0.0,0.0,0.0,0.0
2026-09-08T07:01:52.070+00:00,1038.0566666666684,38.05666666666846,272,WAYPOINT_DRIVE_SETTLE,,1,0.003668869891247494,0.575,3.0363441777246534,0.03092506844041054,0.03092506844041054,1.1,30.000000000001705,38.05666666666846,0.0,0.003668869891247494,0.575,3.0363441777246534,0.03092506844041054,0.0,0.0,0.0,0.0
2026-09-08T07:01:52.103+00:00,1038.0900000000017,38.090000000001794,273,WAYPOINT_DRIVE_SETTLE,,1,0.003668869891247494,0.575,3.0363441777246534,0.03092506844041054,0.03092506844041054,1.1,30.000000000001705,38.090000000001794,0.0,0.003668869891247494,0.575,3.0363441777246534,0.03092506844041054,0.0,0.0,0.0,0.0
2026-09-08T07:01:52.137+00:00,1038.123333333335,38.123333333335125,274,WAYPOINT_DRIVE_SETTLE,,1,0.003668869891247494,0.575,3.0363441777246534,0.03092506844041054,0.03092506844041054,1.1,30.000000000001705,38.123333333335125,0.0,0.003668869891247494,0.575,3.0363441777246534,0.03092506844041054,0.0,0.0,0.0,0.0
2026-09-08T07:01:52.170+00:00,1038.1566666666686,38.15666666666846,275,WAYPOINT_DRIVE_SETTLE,,1,0.003668869891247494,0.575,3.0363441777246534,0.03092506844041054,0.03092506844041054,1.1,30.000000000001705,38.15666666666846,0.0,0.003668869891247494,0.575,3.0363441777246534,0.03092506844041054,0.0,0.0,0.0,0.0
2026-09-08T07:01:52.203+00:00,1038.1900000000019,38.19000000000179,276,WAYPOINT_DRIVE_SETTLE,,1,0.003668869891247494,0.575,3.0363441777246534,0.03092506844041054,0.03092506844041054,1.1,30.000000000001705,38.19000000000179,0.0,0.003668869891247494,0.575,3.0363441777246534,0.03092506844041054,0.0,0.0,0.0,0.0
2026-09-08T07:01:52.237+00:00,1038.2233333333352,38.22333333333512,277,WAYPOINT_DRIVE_SETTLE,,1,0.003668869891247494,0.575,3.0363441777246534,0.03092506844041054,0.03092506844041054,1.1,30.000000000001705,38.22333333333512,0.0,0.003668869891247494,0.575,3.0363441777246534,0.03092506844041054,0.0,0.0,0.0,0.0
2026-09-08T07:01:52.270+00:00,1038.2566666666685,38.25666666666845,278,WAYPOINT_DRIVE_SETTLE,,1,0.003668869891247494,0.575,3.0363441777246534,0.03092506844041054,0.03092506844041054,1.1,30.000000000001705,38.25666666666845,0.0,0.003668869891247494,0.575,3.0363441777246534,0.03092506844041054,0.0,0.0,0.0,0.0
2026-09-08T07:01:52.303+00:00,1038.2900000000018,38.29000000000178,279,WAYPOINT_DRIVE_SETTLE,,1,0.003668869891247494,0.575,3.0363441777246534,0.03092506844041054,0.03092506844041054,1.1,30.000000000001705,38.29000000000178,0.0,0.003668869891247494,0.575,3.0363441777246534,0.03092506844041054,0.0,0.0,0.0,0.0
2026-09-08T07:01:52.337+00:00,1038.323333333335,38.323333333335114,280,WAYPOINT_DRIVE_SETTLE,,1,0.003668869891247494,0.575,3.0363441777246534,0.03092506844041054,0.03092506844041054,1.1,30.000000000001705,38.323333333335114,0.0,0.003668869891247494,0.575,3.0363441777246534,0.03092506844041054,0.0,0.0,0.0,0.0
2026-09-08T07:01:52.370+00:00,1038.3566666666684,38.356666666668445,281,WAYPOINT_DRIVE_SETTLE,,1,0.003668869891247494,0.575,3.0363441777246534,0.03092506844041054,0.03092506844041054,1.1,30.000000000001705,38.356666666668445,0.0,0.003668869891247494,0.575,3.0363441777246534,0.03092506844041054,0.0,0.0,0.0,0.0
2026-09-08T07:01:52.403+00:00,1038.3900000000017,38.39000000000178,282,WAYPOINT_DRIVE_SETTLE,,1,0.003668869891247494,0.575,3.0363441777246534,0.03092506844041054,0.03092506844041054,1.1,30.000000000001705,38.39000000000178,0.0,0.003668869891247494,0.575,3.0363441777246534,0.03092506844041054,0.0,0.0,0.0,0.0
2026-09-08T07:01:52.437+00:00,1038.423333333335,38.42333333333511,283,WAYPOINT_DRIVE_SETTLE,,1,0.003668869891247494,0.575,3.0363441777246534,0.03092506844041054,0.03092506844041054,1.1,30.000000000001705,38.42333333333511,0.0,0.003668869891247494,0.575,3.0363441777246534,0.03092506844041054,0.0,0.0,0.0,0.0
2026-09-08T07:01:52.470+00:00,1038.4566666666685,38.45666666666844,284,WAYPOINT_DRIVE_SETTLE,,1,0.003668869891247494,0.575,3.0363441777246534,0.03092506844041054,0.03092506844041054,1.1,30.000000000001705,38.45666666666844,0.0,0.003668869891247494,0.575,3.0363441777246534,0.03092506844041054,0.0,0.0,0.0,0.0
2026-09-08T07:01:52.503+00:00,1038.4900000000018,38.49000000000177,285,WAYPOINT_DRIVE_SETTLE,,1,0.003668869891247494,0.575,3.0363441777246534,0.03092506844041054,0.03092506844041054,1.1,30.000000000001705,38.49000000000177,0.0,0.003668869891247494,0.575,3.0363441777246534,0.03092506844041054,0.0,0.0,0.0,0.0
2026-09-08T07:01:52.537+00:00,1038.5233333333351,38.5233333333351,286,WAYPOINT_DRIVE_SETTLE,,1,0.003668869891247494,0.575,3.0363441777246534,0.03092506844041054,0.03092506844041054,1.1,30.000000000001705,38.5233333333351,0.0,0.003668869891247494,0.575,3.0363441777246534,0.03092506844041054,0.0,0.0,0.0,0.0
2026-09-08T07:01:52.570+00:00,1038.5566666666684,38.556666666668434,287,WAYPOINT_DRIVE_SETTLE,,1,0.003668869891247494,0.575,3.0363441777246534,0.03092506844041054,0.03092506844041054,1.1,30.000000000001705,38.556666666668434,0.0,0.003668869891247494,0.575,3.0363441777246534,0.03092506844041054,0.0,0.0,0.0,0.0
2026-09-08T07:01:52.603+00:00,1038.5900000000017,38.590000000001766,288,WAYPOINT_DRIVE_SETTLE,,1,0.003668869891247494,0.575,3.0363441777246534,0.03092506844041054,0.03092506844041054,1.1,30.000000000001705,38.590000000001766,0.0,0.003668869891247494,0.575,3.0363441777246534,0.03092506844041054,0.0,0.0,0.0,0.0
2026-09-08T07:01:52.637+00:00,1038.623333333335,38.6233333333351,289,STAGING_PLAN,,1,0.003668869891247494,0.575,3.0363441777246534,0.03092506844041054,0.03092506844041054,1.1,30.000000000001705,38.6233333333351,0.0,0.003668869891247494,0.575,3.0363441777246534,0.03092506844041054,0.0,0.0,0.0,0.0
2026-09-08T07:01:52.670+00:00,1038.6566666666683,38.65666666666843,290,WAYPOINT_DRIVE,,1,0.003668869891247494,0.575,3.0363441777246534,0.03092506844041054,0.03092506844041054,1.1,30.000000000001705,38.65666666666843,0.0,0.003668869891247494,0.575,3.0363441777246534,0.03092506844041054,0.0,0.0,0.0,0.0
2026-09-08T07:01:52.703+00:00,1038.6900000000019,38.69000000000176,291,WAYPOINT_DRIVE,,1,0.003668869891247494,0.575,3.0363441777246534,0.03092506844041054,0.03092506844041054,1.1,30.000000000001705,38.69000000000176,0.0,0.003668869891247494,0.575,3.0363441777246534,0.03092506844041054,0.0,0.0,0.0,0.0
2026-09-08T07:01:52.737+00:00,1038.7233333333352,38.72333333333509,292,WAYPOINT_DRIVE,,1,0.003668869891247494,0.575,3.0363441777246534,0.03092506844041054,0.03092506844041054,1.1,30.000000000001705,38.72333333333509,0.0,0.003668869891247494,0.575,3.0363441777246534,0.03092506844041054,0.0,0.0,0.0,0.0
2026-09-08T07:01:52.770+00:00,1038.7566666666685,38.75666666666842,293,WAYPOINT_DRIVE,,1,0.003668869891247494,0.575,3.0363441777246534,0.03092506844041054,0.03092506844041054,1.1,30.000000000001705,38.75666666666842,0.0,0.003668869891247494,0.575,3.0363441777246534,0.03092506844041054,0.0,0.0,0.0,0.0
2026-09-08T07:01:52.803+00:00,1038.7900000000018,38.790000000001754,294,WAYPOINT_DRIVE,,1,0.003668869891247494,0.575,3.0363441777246534,0.03092506844041054,0.03092506844041054,1.1,30.000000000001705,38.790000000001754,0.0,0.003668869891247494,0.575,3.0363441777246534,0.03092506844041054,0.0,0.0,0.0,0.0
2026-09-08T07:01:52.837+00:00,1038.823333333335,38.823333333335086,295,WAYPOINT_DRIVE,,1,0.003668869891247494,0.575,3.0363441777246534,0.03092506844041054,0.03092506844041054,1.1,30.000000000001705,38.823333333335086,0.0,0.003668869891247494,0.575,3.0363441777246534,0.03092506844041054,0.0,0.0,0.0,0.0
2026-09-08T07:01:52.870+00:00,1038.8566666666684,38.85666666666842,296,WAYPOINT_DRIVE,,1,0.003668869891247494,0.575,3.0363441777246534,0.03092506844041054,0.03092506844041054,1.1,30.000000000001705,38.85666666666842,0.0,0.003668869891247494,0.575,3.0363441777246534,0.03092506844041054,0.0,0.0,0.0,0.0
2026-09-08T07:01:52.903+00:00,1038.8900000000017,38.89000000000175,297,WAYPOINT_DRIVE,,1,0.003668869891247494,0.575,3.0363441777246534,0.03092506844041054,0.03092506844041054,1.1,30.000000000001705,38.89000000000175,0.0,0.003668869891247494,0.575,3.0363441777246534,0.03092506844041054,0.0,0.0,0.0,0.0
2026-09-08T07:01:52.937+00:00,1038.923333333335,38.92333333333508,298,WAYPOINT_DRIVE,,1,0.003668869891247494,0.575,3.0363441777246534,0.03092506844041054,0.03092506844041054,1.1,30.000000000001705,38.92333333333508,0.0,0.003668869891247494,0.575,3.0363441777246534,0.03092506844041054,0.0,0.0,0.0,0.0
2026-09-08T07:01:52.970+00:00,1038.9566666666683,38.95666666666841,299,WAYPOINT_DRIVE,,1,0.003668869891247494,0.575,3.0363441777246534,0.03092506844041054,0.03092506844041054,1.1,30.000000000001705,38.95666666666841,0.0,0.003668869891247494,0.575,3.0363441777246534,0.03092506844041054,0.0,0.0,0.0,0.0
2026-09-08T07:01:53.003+00:00,1038.9900000000018,38.99000000000174,300,WAYPOINT_DRIVE,,1,0.003668869891247494,0.575,3.0363441777246534,0.03092506844041054,0.03092506844041054,1.1,30.000000000001705,38.99000000000174,0.0,0.003668869891247494,0.575,3.0363441777246534,0.03092506844041054,0.0,0.0,0.0,0.0
2026-09-08T07:01:53.037+00:00,1039.0233333333351,39.023333333335074,301,WAYPOINT_DRIVE,,1,0.003668869891247494,0.575,3.0363441777246534,0.03092506844041054,0.03092506844041054,1.1,30.000000000001705,39.023333333335074,0.0,0.003668869891247494,0.575,3.0363441777246534,0.03092506844041054,0.0,0.0,0.0,0.0
2026-09-08T07:01:53.070+00:00,1039.0566666666684,39.056666666668406,302,WAYPOINT_DRIVE,,1,0.003668869891247494,0.575,3.0363441777246534,0.03092506844041054,0.03092506844041054,1.1,30.000000000001705,39.056666666668406,0.0,0.003668869891247494,0.575,3.0363441777246534,0.03092506844041054,0.0,0.0,0.0,0.0
2026-09-08T07:01:53.103+00:00,1039.0900000000017,39.09000000000174,303,WAYPOINT_DRIVE,,1,0.003668869891247494,0.575,3.0363441777246534,0.03092506844041054,0.03092506844041054,1.1,30.000000000001705,39.09000000000174,0.0,0.003668869891247494,0.575,3.0363441777246534,0.03092506844041054,0.0,0.0,0.0,0.0
2026-09-08T07:01:53.137+00:00,1039.123333333335,39.12333333333507,304,WAYPOINT_DRIVE,,1,0.003668869891247494,0.575,3.0363441777246534,0.03092506844041054,0.03092506844041054,1.1,30.000000000001705,39.12333333333507,0.0,0.003668869891247494,0.575,3.0363441777246534,0.03092506844041054,0.0,0.0,0.0,0.0
2026-09-08T07:01:53.170+00:00,1039.1566666666683,39.1566666666684,305,WAYPOINT_DRIVE,,1,0.003668869891247494,0.575,3.036295391619234,0.03092506844041054,0.03092506844041054,1.1,30.000000000001705,39.1566666666684,0.0,0.003668869891247494,0.575,3.036295391619234,0.03092506844041054,0.0,0.0,0.0,0.0
2026-09-08T07:01:53.203+00:00,1039.1900000000016,39.19000000000173,306,WAYPOINT_DRIVE,,1,0.003668869891247494,0.575,3.036094769739235,0.03092506844041054,0.03092506844041054,1.1,30.000000000001705,39.19000000000173,0.0,0.003668869891247494,0.575,3.036094769739235,0.03092506844041054,0.0,0.0,0.0,0.0
2026-09-08T07:01:53.237+00:00,1039.2233333333352,39.22333333333506,307,WAYPOINT_DRIVE,,1,0.003668869891247494,0.575,3.0357389878592373,0.03092506844041054,0.03092506844041054,1.1,30.000000000001705,39.22333333333506,0.0,0.003668869891247494,0.575,3.0357389878592373,0.03092506844041054,0.0,0.0,0.0,0.0
2026-09-08T07:01:53.270+00:00,1039.2566666666685,39.256666666668394,308,WAYPOINT_DRIVE,,1,0.003668869891247494,0.575,3.035228045979239,0.03092506844041054,0.03092506844041054,1.1,30.000000000001705,39.256666666668394,0.0,0.003668869891247494,0.575,3.035228045979239,0.03092506844041054,0.0,0.0,0.0,0.0
2026-09-08T07:01:53.303+00:00,1039.2900000000018,39.290000000001726,309,WAYPOINT_DRIVE,,1,0.003668869891247494,0.575,3.0345619440992397,0.03092506844041054,0.03092506844041054,1.1,30.000000000001705,39.290000000001726,0.0,0.003668869891247494,0.575,3.0345619440992397,0.03092506844041054,0.0,0.0,0.0,0.0
2026-09-08T07:01:53.337+00:00,1039.323333333335,39.32333333333506,310,WAYPOINT_DRIVE,,1,0.003668869891247494,0.575,3.033740682219244,0.03092506844041054,0.03092506844041054,1.1,30.000000000001705,39.32333333333506,0.0,0.003668869891247494,0.575,3.033740682219244,0.03092506844041054,0.0,0.0,0.0,0.0
2026-09-08T07:01:53.370+00:00,1039.3566666666684,39.35666666666839,311,WAYPOINT_DRIVE,,1,0.003668869891247494,0.575,3.032764260339246,0.03092506844041054,0.03092506844041054,1.1,30.000000000001705,39.35666666666839,0.0,0.003668869891247494,0.575,3.032764260339246,0.03092506844041054,0.0,0.0,0.0,0.0
2026-09-08T07:01:53.403+00:00,1039.3900000000017,39.39000000000172,312,WAYPOINT_DRIVE,,1,0.003668869891247494,0.575,3.0316326784592476,0.03092506844041054,0.03092506844041054,1.1,30.000000000001705,39.39000000000172,0.0,0.003668869891247494,0.575,3.0316326784592476,0.03092506844041054,0.0,0.0,0.0,0.0
2026-09-08T07:01:53.437+00:00,1039.423333333335,39.42333333333505,313,WAYPOINT_DRIVE,,1,0.003668869891247494,0.575,3.030345936579254,0.03092506844041054,0.03092506844041054,1.1,30.000000000001705,39.42333333333505,0.0,0.003668869891247494,0.575,3.030345936579254,0.03092506844041054,0.0,0.0,0.0,0.0
2026-09-08T07:01:53.470+00:00,1039.4566666666683,39.45666666666838,314,WAYPOINT_DRIVE,,1,0.003668869891247494,0.575,3.0289040346992575,0.03092506844041054,0.03092506844041054,1.1,30.000000000001705,39.45666666666838,0.0,0.003668869891247494,0.575,3.0289040346992575,0.03092506844041054,0.0,0.0,0.0,0.0
2026-09-08T07:01:53.503+00:00,1039.4900000000016,39.490000000001714,315,WAYPOINT_DRIVE,,1,0.003668869891247494,0.575,3.0273069728192596,0.03092506844041054,0.03092506844041054,1.1,30.000000000001705,39.490000000001714,0.0,0.003668869891247494,0.575,3.0273069728192596,0.03092506844041054,0.0,0.0,0.0,0.0
2026-09-08T07:01:53.537+00:00,1039.5233333333351,39.523333333335046,316,WAYPOINT_DRIVE,,1,0.003668869891247494,0.575,3.0255547509392686,0.03092506844041054,0.03092506844041054,1.1,30.000000000001705,39.523333333335046,0.0,0.003668869891247494,0.575,3.0255547509392686,0.03092506844041054,0.0,0.0,0.0,0.0
2026-09-08T07:01:53.570+00:00,1039.5566666666684,39.55666666666838,317,WAYPOINT_DRIVE,,1,0.003668869891247494,0.575,3.0236473690592716,0.03092506844041054,0.03092506844041054,1.1,30.000000000001705,39.55666666666838,0.0,0.003668869891247494,0.575,3.0236473690592716,0.03092506844041054,0.0,0.0,0.0,0.0
2026-09-08T07:01:53.603+00:00,1039.5900000000017,39.59000000000171,318,WAYPOINT_DRIVE,,1,0.003668869891247494,0.575,3.021584827179275,0.03092506844041054,0.03092506844041054,1.1,30.000000000001705,39.59000000000171,0.0,0.003668869891247494,0.575,3.021584827179275,0.03092506844041054,0.0,0.0,0.0,0.0
2026-09-08T07:01:53.637+00:00,1039.623333333335,39.62333333333504,319,WAYPOINT_DRIVE,,1,0.003668869891247494,0.575,3.0193671252992877,0.03092506844041054,0.03092506844041054,1.1,30.000000000001705,39.62333333333504,0.0,0.003668869891247494,0.575,3.0193671252992877,0.03092506844041054,0.0,0.0,0.0,0.0
2026-09-08T07:01:53.670+00:00,1039.6566666666683,39.65666666666837,320,WAYPOINT_DRIVE,,1,0.003668869891247494,0.575,3.0169942634192917,0.03092506844041054,0.03092506844041054,1.1,30.000000000001705,39.65666666666837,0.0,0.003668869891247494,0.575,3.0169942634192917,0.03092506844041054,0.0,0.0,0.0,0.0
2026-09-08T07:01:53.703+00:00,1039.6900000000016,39.6900000000017,321,WAYPOINT_DRIVE,,1,0.003668869891247494,0.575,3.014466241539295,0.03092506844041054,0.03092506844041054,1.1,30.000000000001705,39.6900000000017,0.0,0.003668869891247494,0.575,3.014466241539295,0.03092506844041054,0.0,0.0,0.0,0.0
2026-09-08T07:01:53.737+00:00,1039.723333333335,39.723333333335034,322,WAYPOINT_DRIVE,,1,0.003668869891247494,0.575,3.0117830596593116,0.03092506844041054,0.03092506844041054,1.1,30.000000000001705,39.723333333335034,0.0,0.003668869891247494,0.575,3.0117830596593116,0.03092506844041054,0.0,0.0,0.0,0.0
2026-09-08T07:01:53.770+00:00,1039.7566666666685,39.756666666668366,323,WAYPOINT_DRIVE,,1,0.003668869891247494,0.575,3.008944717779317,0.03092506844041054,0.03092506844041054,1.1,30.000000000001705,39.756666666668366,0.0,0.003668869891247494,0.575,3.008944717779317,0.03092506844041054,0.0,0.0,0.0,0.0
2026-09-08T07:01:53.803+00:00,1039.7900000000018,39.7900000000017,324,WAYPOINT_DRIVE,,1,0.003668869891247494,0.575,3.005951215899321,0.03092506844041054,0.03092506844041054,1.1,30.000000000001705,39.7900000000017,0.0,0.003668869891247494,0.575,3.005951215899321,0.03092506844041054,0.0,0.0,0.0,0.0
2026-09-08T07:01:53.837+00:00,1039.823333333335,39.82333333333503,325,WAYPOINT_DRIVE,,1,0.003668869891247494,0.575,3.0028025540193415,0.03092506844041054,0.03092506844041054,1.1,30.000000000001705,39.82333333333503,0.0,0.003668869891247494,0.575,3.0028025540193415,0.03092506844041054,0.0,0.0,0.0,0.0
2026-09-08T07:01:53.870+00:00,1039.8566666666684,39.85666666666836,326,WAYPOINT_DRIVE,,1,0.003668869891247494,0.575,2.999498732139347,0.03092506844041054,0.03092506844041054,1.1,30.000000000001705,39.85666666666836,0.0,0.003668869891247494,0.575,2.999498732139347,0.03092506844041054,0.0,0.0,0.0,0.0
2026-09-08T07:01:53.903+00:00,1039.8900000000017,39.89000000000169,327,WAYPOINT_DRIVE,,1,0.003668869891247494,0.575,2.996039750259352,0.03092506844041054,0.03092506844041054,1.1,30.000000000001705,39.89000000000169,0.0,0.003668869891247494,0.575,2.996039750259352,0.03092506844041054,0.0,0.0,0.0,0.0
2026-09-08T07:01:53.937+00:00,1039.923333333335,39.92333333333502,328,WAYPOINT_DRIVE,,1,0.003668869891247494,0.575,2.9924256083793765,0.03092506844041054,0.03092506844041054,1.1,30.000000000001705,39.92333333333502,0.0,0.003668869891247494,0.575,2.9924256083793765,0.03092506844041054,0.0,0.0,0.0,0.0
2026-09-08T07:01:53.970+00:00,1039.9566666666683,39.956666666668355,329,WAYPOINT_DRIVE,,1,0.003668869891247494,0.575,2.9886563064993825,0.03092506844041054,0.03092506844041054,1.1,30.000000000001705,39.956666666668355,0.0,0.003668869891247494,0.575,2.9886563064993825,0.03092506844041054,0.0,0.0,0.0,0.0
2026-09-08T07:01:54.003+00:00,1039.9900000000016,39.990000000001686,330,WAYPOINT_DRIVE,,1,0.003668869891247494,0.575,2.984731844619389,0.03092506844041054,0.03092506844041054,1.1,30.000000000001705,39.990000000001686,0.0,0.003668869891247494,0.575,2.984731844619389,0.03092506844041054,0.0,0.0,0.0,0.0
2026-09-08T07:01:54.037+00:00,1040.023333333335,40.02333333333502,331,WAYPOINT_DRIVE,,1,0.003668869891247494,0.575,2.9806522227394194,0.03092506844041054,0.03092506844041054,1.1,30.000000000001705,40.02333333333502,0.0,0.003668869891247494,0.575,2.9806522227394194,0.03092506844041054,0.0,0.0,0.0,0.0
2026-09-08T07:01:54.070+00:00,1040.0566666666684,40.05666666666835,332,WAYPOINT_DRIVE,,1,0.003668869891247494,0.575,2.9764174408594264,0.03092506844041054,0.03092506844041054,1.1,30.000000000001705,40.05666666666835,0.0,0.003668869891247494,0.575,2.9764174408594264,0.03092506844041054,0.0,0.0,0.0,0.0
2026-09-08T07:01:54.103+00:00,1040.0900000000017,40.09000000000168,333,WAYPOINT_DRIVE,,1,0.003668869891247494,0.575,2.972027498979433,0.03092506844041054,0.03092506844041054,1.1,30.000000000001705,40.09000000000168,0.0,0.003668869891247494,0.575,2.972027498979433,0.03092506844041054,0.0,0.0,0.0,0.0
2026-09-08T07:01:54.137+00:00,1040.123333333335,40.12333333333501,334,WAYPOINT_DRIVE,,1,0.003668869891247494,0.575,2.9674823970994684,0.03092506844041054,0.03092506844041054,1.1,30.000000000001705,40.12333333333501,0.0,0.003668869891247494,0.575,2.9674823970994684,0.03092506844041054,0.0,0.0,0.0,0.0
2026-09-08T07:01:54.170+00:00,1040.1566666666683,40.15666666666834,335,WAYPOINT_DRIVE,,1,0.003668869891247494,0.575,2.962782135219476,0.03092506844041054,0.03092506844041054,1.1,30.000000000001705,40.15666666666834,0.0,0.003668869891247494,0.575,2.962782135219476,0.03092506844041054,0.0,0.0,0.0,0.0
2026-09-08T07:01:54.203+00:00,1040.1900000000016,40.190000000001675,336,WAYPOINT_DRIVE,,1,0.003668869891247494,0.575,2.9579267133394844,0.03092506844041054,0.03092506844041054,1.1,30.000000000001705,40.190000000001675,0.0,0.003668869891247494,0.575,2.9579267133394844,0.03092506844041054,0.0,0.0,0.0,0.0
2026-09-08T07:01:54.237+00:00,1040.223333333335,40.223333333335006,337,WAYPOINT_DRIVE,,1,0.003668869891247494,0.575,2.9529161314595256,0.03092506844041054,0.03092506844041054,1.1,30.000000000001705,40.223333333335006,0.0,0.003668869891247494,0.575,2.9529161314595256,0.03092506844041054,0.0,0.0,0.0,0.0
2026-09-08T07:01:54.270+00:00,1040.2566666666683,40.25666666666834,338,WAYPOINT_DRIVE,,1,0.003668869891247494,0.575,2.9477503895795345,0.03092506844041054,0.03092506844041054,1.1,30.000000000001705,40.25666666666834,0.0,0.003668869891247494,0.575,2.9477503895795345,0.03092506844041054,0.0,0.0,0.0,0.0
2026-09-08T07:01:54.303+00:00,1040.2900000000018,40.29000000000167,339,WAYPOINT_DRIVE,,1,0.003668869891247494,0.575,2.942429487699544,0.03092506844041054,0.03092506844041054,1.1,30.000000000001705,40.29000000000167,0.0,0.003668869891247494,0.575,2.942429487699544,0.03092506844041054,0.0,0.0,0.0,0.0
2026-09-08T07:01:54.337+00:00,1040.323333333335,40.323333333335,340,WAYPOINT_DRIVE,,1,0.003668869891247494,0.575,2.936953425819593,0.03092506844041054,0.03092506844041054,1.1,30.000000000001705,40.323333333335,0.0,0.003668869891247494,0.575,2.936953425819593,0.03092506844041054,0.0,0.0,0.0,0.0
2026-09-08T07:01:54.370+00:00,1040.3566666666684,40.35666666666833,341,WAYPOINT_DRIVE,,1,0.003668869891247494,0.575,2.931322203939603,0.03092506844041054,0.03092506844041054,1.1,30.000000000001705,40.35666666666833,0.0,0.003668869891247494,0.575,2.931322203939603,0.03092506844041054,0.0,0.0,0.0,0.0
2026-09-08T07:01:54.403+00:00,1040.3900000000017,40.39000000000166,342,WAYPOINT_DRIVE,,1,0.003668869891247494,0.575,2.925535822059613,0.03092506844041054,0.03092506844041054,1.1,30.000000000001705,40.39000000000166,0.0,0.003668869891247494,0.575,2.925535822059613,0.03092506844041054,0.0,0.0,0.0,0.0
2026-09-08T07:01:54.437+00:00,1040.423333333335,40.423333333334995,343,WAYPOINT_DRIVE,,1,0.003668869891247494,0.575,2.9195942801796684,0.03092506844041054,0.03092506844041054,1.1,30.000000000001705,40.423333333334995,0.0,0.003668869891247494,0.575,2.9195942801796684,0.03092506844041054,0.0,0.0,0.0,0.0
2026-09-08T07:01:54.470+00:00,1040.4566666666683,40.456666666668326,344,WAYPOINT_DRIVE,,1,0.003668869891247494,0.575,2.9134975782996797,0.03092506844041054,0.03092506844041054,1.1,30.000000000001705,40.456666666668326,0.0,0.003668869891247494,0.575,2.9134975782996797,0.03092506844041054,0.0,0.0,0.0,0.0
2026-09-08T07:01:54.503+00:00,1040.4900000000016,40.49000000000166,345,WAYPOINT_DRIVE,,1,0.003668869891247494,0.575,2.9072457164196917,0.03092506844041054,0.03092506844041054,1.1,30.000000000001705,40.49000000000166,0.0,0.003668869891247494,0.575,2.9072457164196917,0.03092506844041054,0.0,0.0,0.0,0.0
2026-09-08T07:01:54.537+00:00,1040.523333333335,40.52333333333499,346,WAYPOINT_DRIVE,,1,0.003668869891247494,0.575,2.9008386945397544,0.03092506844041054,0.03092506844041054,1.1,30.000000000001705,40.52333333333499,0.0,0.003668869891247494,0.575,2.9008386945397544,0.03092506844041054,0.0,0.0,0.0,0.0
2026-09-08T07:01:54.570+00:00,1040.5566666666682,40.55666666666832,347,WAYPOINT_DRIVE,,1,0.003668869891247494,0.575,2.8942765126597676,0.03092506844041054,0.03092506844041054,1.1,30.000000000001705,40.55666666666832,0.0,0.003668869891247494,0.575,2.8942765126597676,0.03092506844041054,0.0,0.0,0.0,0.0
2026-09-08T07:01:54.603+00:00,1040.5900000000017,40.59000000000165,348,WAYPOINT_DRIVE,,1,0.003668869891247494,0.575,2.8875591707797796,0.03092506844041054,0.03092506844041054,1.1,30.000000000001705,40.59000000000165,0.0,0.003668869891247494,0.575,2.8875591707797796,0.03092506844041054,0.0,0.0,0.0,0.0
2026-09-08T07:01:54.637+00:00,1040.623333333335,40.62333333333498,349,WAYPOINT_DRIVE,,1,0.003668869891247494,0.575,2.88068666889985,0.03092506844041054,0.03092506844041054,1.1,30.000000000001705,40.62333333333498,0.0,0.003668869891247494,0.575,2.88068666889985,0.03092506844041054,0.0,0.0,0.0,0.0
2026-09-08T07:01:54.670+00:00,1040.6566666666683,40.656666666668315,350,WAYPOINT_DRIVE,,1,0.003668869891247494,0.575,2.873659007019864,0.03092506844041054,0.03092506844041054,1.1,30.000000000001705,40.656666666668315,0.0,0.003668869891247494,0.575,2.873659007019864,0.03092506844041054,0.0,0.0,0.0,0.0
2026-09-08T07:01:54.703+00:00,1040.6900000000016,40.690000000001646,351,WAYPOINT_DRIVE,,1,0.003668869891247494,0.575,2.8664761851398786,0.03092506844041054,0.03092506844041054,1.1,30.000000000001705,40.690000000001646,0.0,0.003668869891247494,0.575,2.8664761851398786,0.03092506844041054,0.0,0.0,0.0,0.0
2026-09-08T07:01:54.737+00:00,1040.723333333335,40.72333333333498,352,WAYPOINT_DRIVE,,1,0.003668869891247494,0.575,2.8591382032599575,0.03092506844041054,0.03092506844041054,1.1,30.000000000001705,40.72333333333498,0.0,0.003668869891247494,0.575,2.8591382032599575,0.03092506844041054,0.0,0.0,0.0,0.0
2026-09-08T07:01:54.770+00:00,1040.7566666666683,40.75666666666831,353,WAYPOINT_DRIVE,,1,0.003668869891247494,0.575,2.8516450613799735,0.03092506844041054,0.03092506844041054,1.1,30.000000000001705,40.75666666666831,0.0,0.003668869891247494,0.575,2.8516450613799735,0.03092506844041054,0.0,0.0,0.0,0.0
2026-09-08T07:01:54.803+00:00,1040.7900000000016,40.79000000000164,354,WAYPOINT_DRIVE,,1,0.003668869891247494,0.575,2.8439967594999884,0.03092506844041054,0.03092506844041054,1.1,30.000000000001705,40.79000000000164,0.0,0.003668869891247494,0.575,2.8439967594999884,0.03092506844041054,0.0,0.0,0.0,0.0
2026-09-08T07:01:54.837+00:00,1040.823333333335,40.82333333333497,355,WAYPOINT_DRIVE,,1,0.003668869891247494,0.575,2.8361932976200763,0.03092506844041054,0.03092506844041054,1.1,30.000000000001705,40.82333333333497,0.0,0.003668869891247494,0.575,2.8361932976200763,0.03092506844041054,0.0,0.0,0.0,0.0
2026-09-08T07:01:54.870+00:00,1040.8566666666684,40.8566666666683,356,WAYPOINT_DRIVE,,1,0.003668869891247494,0.575,2.8282346757400934,0.03092506844041054,0.03092506844041054,1.1,30.000000000001705,40.8566666666683,0.0,0.003668869891247494,0.575,2.8282346757400934,0.03092506844041054,0.0,0.0,0.0,0.0
2026-09-08T07:01:54.903+00:00,1040.8900000000017,40.890000000001635,357,WAYPOINT_DRIVE,,1,0.003668869891247494,0.575,2.820120893860111,0.03092506844041054,0.03092506844041054,1.1,30.000000000001705,40.890000000001635,0.0,0.003668869891247494,0.575,2.820120893860111,0.03092506844041054,0.0,0.0,0.0,0.0
2026-09-08T07:01:54.937+00:00,1040.923333333335,40.923333333334966,358,WAYPOINT_DRIVE,,1,0.003668869891247494,0.575,2.8118519519802083,0.03092506844041054,0.03092506844041054,1.1,30.000000000001705,40.923333333334966,0.0,0.003668869891247494,0.575,2.8118519519802083,0.03092506844041054,0.0,0.0,0.0,0.0
2026-09-08T07:01:54.970+00:00,1040.9566666666683,40.9566666666683,359,WAYPOINT_DRIVE,,1,0.003668869891247494,0.575,2.8034278501002268,0.03092506844041054,0.03092506844041054,1.1,30.000000000001705,40.9566666666683,0.0,0.003668869891247494,0.575,2.8034278501002268,0.03092506844041054,0.0,0.0,0.0,0.0
2026-09-08T07:01:55.003+00:00,1040.9900000000016,40.99000000000163,360,WAYPOINT_DRIVE,,1,0.003668869891247494,0.575,2.794848588220245,0.03092506844041054,0.03092506844041054,1.1,30.000000000001705,40.99000000000163,0.0,0.003668869891247494,0.575,2.794848588220245,0.03092506844041054,0.0,0.0,0.0,0.0
2026-09-08T07:01:55.037+00:00,1041.023333333335,41.02333333333496,361,WAYPOINT_DRIVE,,1,0.003668869891247494,0.575,2.7861141663403517,0.03092506844041054,0.03092506844041054,1.1,30.000000000001705,41.02333333333496,0.0,0.003668869891247494,0.575,2.7861141663403517,0.03092506844041054,0.0,0.0,0.0,0.0
2026-09-08T07:01:55.070+00:00,1041.0566666666682,41.05666666666829,362,WAYPOINT_DRIVE,,1,0.003668869891247494,0.575,2.777224584460371,0.03092506844041054,0.03092506844041054,1.1,30.000000000001705,41.05666666666829,0.0,0.003668869891247494,0.575,2.777224584460371,0.03092506844041054,0.0,0.0,0.0,0.0
2026-09-08T07:01:55.103+00:00,1041.0900000000015,41.09000000000162,363,WAYPOINT_DRIVE,,1,0.003668869891247494,0.575,2.768179842580391,0.03092506844041054,0.03092506844041054,1.1,30.000000000001705,41.09000000000162,0.0,0.003668869891247494,0.575,2.768179842580391,0.03092506844041054,0.0,0.0,0.0,0.0
2026-09-08T07:01:55.137+00:00,1041.123333333335,41.123333333334955,364,WAYPOINT_DRIVE,,1,0.003668869891247494,0.575,2.7589799407005087,0.03092506844041054,0.03092506844041054,1.1,30.000000000001705,41.123333333334955,0.0,0.003668869891247494,0.575,2.7589799407005087,0.03092506844041054,0.0,0.0,0.0,0.0
2026-09-08T07:01:55.170+00:00,1041.1566666666683,41.156666666668286,365,WAYPOINT_DRIVE,,1,0.003668869891247494,0.575,2.749624878820531,0.03092506844041054,0.03092506844041054,1.1,30.000000000001705,41.156666666668286,0.0,0.003668869891247494,0.575,2.749624878820531,0.03092506844041054,0.0,0.0,0.0,0.0
2026-09-08T07:01:55.203+00:00,1041.1900000000016,41.19000000000162,366,WAYPOINT_DRIVE,,1,0.003668869891247494,0.575,2.7401550981532568,0.03092506844041054,0.03092506844041054,1.1,30.000000000001705,41.19000000000162,0.0,0.003668869891247494,0.575,2.7401550981532568,0.03092506844041054,0.0,0.0,0.0,0.0
2026-09-08T07:01:55.237+00:00,1041.223333333335,41.22333333333495,367,WAYPOINT_DRIVE,,1,0.003668869891247494,0.575,2.730679321793359,0.03092506844041054,0.03092506844041054,1.1,30.000000000001705,41.22333333333495,0.0,0.003668869891247494,0.575,2.730679321793359,0.03092506844041054,0.0,0.0,0.0,0.0
2026-09-08T07:01:55.270+00:00,1041.2566666666683,41.25666666666828,368,WAYPOINT_DRIVE,,1,0.003668869891247494,0.575,2.721203545433358,0.03092506844041054,0.03092506844041054,1.1,30.000000000001705,41.25666666666828,0.0,0.003668869891247494,0.575,2.721203545433358,0.03092506844041054,0.0,0.0,0.0,0.0
2026-09-08T07:01:55.303+00:00,1041.2900000000016,41.29000000000161,369,WAYPOINT_DRIVE,,1,0.003668869891247494,0.575,2.711727769073357,0.03092506844041054,0.03092506844041054,1.1,30.000000000001705,41.29000000000161,0.0,0.003668869891247494,0.575,2.711727769073357,0.03092506844041054,0.0,0.0,0.0,0.0
2026-09-08T07:01:55.337+00:00,1041.3233333333349,41.32333333333494,370,WAYPOINT_DRIVE,,1,0.003668869891247494,0.575,2.7022519927134634,0.03092506844041054,0.03092506844041054,1.1,30.000000000001705,41.32333333333494,0.0,0.003668869891247494,0.575,2.7022519927134634,0.03092506844041054,0.0,0.0,0.0,0.0
2026-09-08T07:01:55.370+00:00,1041.3566666666684,41.356666666668275,371,WAYPOINT_DRIVE,,1,0.003668869891247494,0.575,2.6927762163534625,0.03092506844041054,0.03092506844041054,1.1,30.000000000001705,41.356666666668275,0.0,0.003668869891247494,0.575,2.6927762163534625,0.03092506844041054,0.0,0.0,0.0,0.0
2026-09-08T07:01:55.403+00:00,1041.3900000000017,41.390000000001606,372,WAYPOINT_DRIVE,,1,0.003668869891247494,0.575,2.6833004399934617,0.03092506844041054,0.03092506844041054,1.1,30.000000000001705,41.390000000001606,0.0,0.003668869891247494,0.575,2.6833004399934617,0.03092506844041054,0.0,0.0,0.0,0.0
2026-09-08T07:01:55.437+00:00,1041.423333333335,41.42333333333494,373,WAYPOINT_DRIVE,,1,0.003668869891247494,0.575,2.6738246636335723,0.03092506844041054,0.03092506844041054,1.1,30.000000000001705,41.42333333333494,0.0,0.003668869891247494,0.575,2.6738246636335723,0.03092506844041054,0.0,0.0,0.0,0.0
2026-09-08T07:01:55.470+00:00,1041.4566666666683,41.45666666666827,374,WAYPOINT_DRIVE,,1,0.003668869891247494,0.575,2.6643488872735714,0.03092506844041054,0.03092506844041054,1.1,30.000000000001705,41.45666666666827,0.0,0.003668869891247494,0.575,2.6643488872735714,0.03092506844041054,0.0,0.0,0.0,0.0
2026-09-08T07:01:55.503+00:00,1041.4900000000016,41.4900000000016,375,WAYPOINT_DRIVE,,1,0.003668869891247494,0.575,2.6548731109135706,0.03092506844041054,0.03092506844041054,1.1,30.000000000001705,41.4900000000016,0.0,0.003668869891247494,0.575,2.6548731109135706,0.03092506844041054,0.0,0.0,0.0,0.0
2026-09-08T07:01:55.537+00:00,1041.523333333335,41.52333333333493,376,WAYPOINT_DRIVE,,1,0.003668869891247494,0.575,2.645397334553685,0.03092506844041054,0.03092506844041054,1.1,30.000000000001705,41.52333333333493,0.0,0.003668869891247494,0.575,2.645397334553685,0.03092506844041054,0.0,0.0,0.0,0.0
2026-09-08T07:01:55.570+00:00,1041.5566666666682,41.556666666668264,377,WAYPOINT_DRIVE,,1,0.003668869891247494,0.575,2.635921558193685,0.03092506844041054,0.03092506844041054,1.1,30.000000000001705,41.556666666668264,0.0,0.003668869891247494,0.575,2.635921558193685,0.03092506844041054,0.0,0.0,0.0,0.0
2026-09-08T07:01:55.603+00:00,1041.5900000000015,41.590000000001595,378,WAYPOINT_DRIVE,,1,0.003668869891247494,0.575,2.626445781833684,0.03092506844041054,0.03092506844041054,1.1,30.000000000001705,41.590000000001595,0.0,0.003668869891247494,0.575,2.626445781833684,0.03092506844041054,0.0,0.0,0.0,0.0
2026-09-08T07:01:55.637+00:00,1041.6233333333348,41.62333333333493,379,WAYPOINT_DRIVE,,1,0.003668869891247494,0.575,2.616970005473803,0.03092506844041054,0.03092506844041054,1.1,30.000000000001705,41.62333333333493,0.0,0.003668869891247494,0.575,2.616970005473803,0.03092506844041054,0.0,0.0,0.0,0.0
2026-09-08T07:01:55.670+00:00,1041.6566666666683,41.65666666666826,380,WAYPOINT_DRIVE,,1,0.003668869891247494,0.575,2.607494229113802,0.03092506844041054,0.03092506844041054,1.1,30.000000000001705,41.65666666666826,0.0,0.003668869891247494,0.575,2.607494229113802,0.03092506844041054,0.0,0.0,0.0,0.0
2026-09-08T07:01:55.703+00:00,1041.6900000000016,41.69000000000159,381,WAYPOINT_DRIVE,,1,0.003668869891247494,0.575,2.5980184527538017,0.03092506844041054,0.03092506844041054,1.1,30.000000000001705,41.69000000000159,0.0,0.003668869891247494,0.575,2.5980184527538017,0.03092506844041054,0.0,0.0,0.0,0.0
2026-09-08T07:01:55.737+00:00,1041.723333333335,41.72333333333492,382,WAYPOINT_DRIVE,,1,0.003668869891247494,0.575,2.5885426763939248,0.03092506844041054,0.03092506844041054,1.1,30.000000000001705,41.72333333333492,0.0,0.003668869891247494,0.575,2.5885426763939248,0.03092506844041054,0.0,0.0,0.0,0.0
2026-09-08T07:01:55.770+00:00,1041.7566666666683,41.75666666666825,383,WAYPOINT_DRIVE,,1,0.003668869891247494,0.575,2.579066900033925,0.03092506844041054,0.03092506844041054,1.1,30.000000000001705,41.75666666666825,0.0,0.003668869891247494,0.575,2.579066900033925,0.03092506844041054,0.0,0.0,0.0,0.0
2026-09-08T07:01:55.803+00:00,1041.7900000000016,41.790000000001584,384,WAYPOINT_DRIVE,,1,0.003668869891247494,0.575,2.569591123673924,0.03092506844041054,0.03092506844041054,1.1,30.000000000001705,41.790000000001584,0.0,0.003668869891247494,0.575,2.569591123673924,0.03092506844041054,0.0,0.0,0.0,0.0
2026-09-08T07:01:55.837+00:00,1041.8233333333349,41.823333333334915,385,WAYPOINT_DRIVE,,1,0.003668869891247494,0.575,2.5601153473140505,0.03092506844041054,0.03092506844041054,1.1,30.000000000001705,41.823333333334915,0.0,0.003668869891247494,0.575,2.5601153473140505,0.03092506844041054,0.0,0.0,0.0,0.0
2026-09-08T07:01:55.870+00:00,1041.8566666666682,41.85666666666825,386,WAYPOINT_DRIVE,,1,0.003668869891247494,0.575,2.5506395709540506,0.03092506844041054,0.03092506844041054,1.1,30.000000000001705,41.85666666666825,0.0,0.003668869891247494,0.575,2.5506395709540506,0.03092506844041054,0.0,0.0,0.0,0.0
2026-09-08T07:01:55.903+00:00,1041.8900000000017,41.89000000000158,387,WAYPOINT_DRIVE,,1,0.003668869891247494,0.575,2.5411637945940506,0.03092506844041054,0.03092506844041054,1.1,30.000000000001705,41.89000000000158,0.0,0.003668869891247494,0.575,2.5411637945940506,0.03092506844041054,0.0,0.0,0.0,0.0
2026-09-08T07:01:55.937+00:00,1041.923333333335,41.92333333333491,388,WAYPOINT_DRIVE,,1,0.003668869891247494,0.575,2.531688018234181,0.03092506844041054,0.03092506844041054,1.1,30.000000000001705,41.92333333333491,0.0,0.003668869891247494,0.575,2.531688018234181,0.03092506844041054,0.0,0.0,0.0,0.0
2026-09-08T07:01:55.970+00:00,1041.9566666666683,41.95666666666824,389,WAYPOINT_DRIVE,,1,0.003668869891247494,0.575,2.5222122418741812,0.03092506844041054,0.03092506844041054,1.1,30.000000000001705,41.95666666666824,0.0,0.003668869891247494,0.575,2.5222122418741812,0.03092506844041054,0.0,0.0,0.0,0.0
2026-09-08T07:01:56.003+00:00,1041.9900000000016,41.99000000000157,390,WAYPOINT_DRIVE,,1,0.003668869891247494,0.575,2.5127364655141813,0.03092506844041054,0.03092506844041054,1.1,30.000000000001705,41.99000000000157,0.0,0.003668869891247494,0.575,2.5127364655141813,0.03092506844041054,0.0,0.0,0.0,0.0
2026-09-08T07:01:56.037+00:00,1042.023333333335,42.023333333334904,391,WAYPOINT_DRIVE,,1,0.003668869891247494,0.575,2.503260689154317,0.03092506844041054,0.03092506844041054,1.1,30.000000000001705,42.023333333334904,0.0,0.003668869891247494,0.575,2.503260689154317,0.03092506844041054,0.0,0.0,0.0,0.0
2026-09-08T07:01:56.070+00:00,1042.0566666666682,42.056666666668235,392,WAYPOINT_DRIVE,,1,0.003668869891247494,0.575,2.493784912794318,0.03092506844041054,0.03092506844041054,1.1,30.000000000001705,42.056666666668235,0.0,0.003668869891247494,0.575,2.493784912794318,0.03092506844041054,0.0,0.0,0.0,0.0
2026-09-08T07:01:56.103+00:00,1042.0900000000015,42.09000000000157,393,WAYPOINT_DRIVE,,1,0.003668869891247494,0.575,2.4843091364343186,0.03092506844041054,0.03092506844041054,1.1,30.000000000001705,42.09000000000157,0.0,0.003668869891247494,0.575,2.4843091364343186,0.03092506844041054,0.0,0.0,0.0,0.0
2026-09-08T07:01:56.137+00:00,1042.1233333333348,42.1233333333349,394,WAYPOINT_DRIVE,,1,0.003668869891247494,0.575,2.4748333600744585,0.03092506844041054,0.03092506844041054,1.1,30.000000000001705,42.1233333333349,0.0,0.003668869891247494,0.575,2.4748333600744585,0.03092506844041054,0.0,0.0,0.0,0.0
2026-09-08T07:01:56.170+00:00,1042.1566666666681,42.15666666666823,395,WAYPOINT_DRIVE,,1,0.003668869891247494,0.575,2.4653575837144586,0.03092506844041054,0.03092506844041054,1.1,30.000000000001705,42.15666666666823,0.0,0.003668869891247494,0.575,2.4653575837144586,0.03092506844041054,0.0,0.0,0.0,0.0
2026-09-08T07:01:56.203+00:00,1042.1900000000016,42.19000000000156,396,WAYPOINT_DRIVE,,1,0.003668869891247494,0.575,2.455881807354459,0.03092506844041054,0.03092506844041054,1.1,30.000000000001705,42.19000000000156,0.0,0.003668869891247494,0.575,2.455881807354459,0.03092506844041054,0.0,0.0,0.0,0.0
2026-09-08T07:01:56.237+00:00,1042.223333333335,42.22333333333489,397,WAYPOINT_DRIVE,,1,0.003668869891247494,0.575,2.446406030994603,0.03092506844041054,0.03092506844041054,1.1,30.000000000001705,42.22333333333489,0.0,0.003668869891247494,0.575,2.446406030994603,0.03092506844041054,0.0,0.0,0.0,0.0
2026-09-08T07:01:56.270+00:00,1042.2566666666683,42.256666666668224,398,WAYPOINT_DRIVE,,1,0.003668869891247494,0.575,2.4369302546346034,0.03092506844041054,0.03092506844041054,1.1,30.000000000001705,42.256666666668224,0.0,0.003668869891247494,0.575,2.4369302546346034,0.03092506844041054,0.0,0.0,0.0,0.0
2026-09-08T07:01:56.303+00:00,1042.2900000000016,42.290000000001555,399,WAYPOINT_DRIVE,,1,0.003668869891247494,0.575,2.4274544782746035,0.03092506844041054,0.03092506844041054,1.1,30.000000000001705,42.290000000001555,0.0,0.003668869891247494,0.575,2.4274544782746035,0.03092506844041054,0.0,0.0,0.0,0.0
2026-09-08T07:01:56.337+00:00,1042.3233333333349,42.32333333333489,400,WAYPOINT_DRIVE,,1,0.003668869891247494,0.575,2.417978701914752,0.03092506844041054,0.03092506844041054,1.1,30.000000000001705,42.32333333333489,0.0,0.003668869891247494,0.575,2.417978701914752,0.03092506844041054,0.0,0.0,0.0,0.0
2026-09-08T07:01:56.370+00:00,1042.3566666666682,42.35666666666822,401,WAYPOINT_DRIVE,,1,0.003668869891247494,0.575,2.4085029255547523,0.03092506844041054,0.03092506844041054,1.1,30.000000000001705,42.35666666666822,0.0,0.003668869891247494,0.575,2.4085029255547523,0.03092506844041054,0.0,0.0,0.0,0.0
2026-09-08T07:01:56.403+00:00,1042.3900000000015,42.39000000000155,402,WAYPOINT_DRIVE,,1,0.003668869891247494,0.575,2.399027149194752,0.03092506844041054,0.03092506844041054,1.1,30.000000000001705,42.39000000000155,0.0,0.003668869891247494,0.575,2.399027149194752,0.03092506844041054,0.0,0.0,0.0,0.0
2026-09-08T07:01:56.437+00:00,1042.423333333335,42.42333333333488,403,WAYPOINT_DRIVE,,1,0.003668869891247494,0.575,2.3895513728349043,0.03092506844041054,0.03092506844041054,1.1,30.000000000001705,42.42333333333488,0.0,0.003668869891247494,0.575,2.3895513728349043,0.03092506844041054,0.0,0.0,0.0,0.0
2026-09-08T07:01:56.470+00:00,1042.4566666666683,42.45666666666821,404,WAYPOINT_DRIVE,,1,0.003668869891247494,0.575,2.3800755964749043,0.03092506844041054,0.03092506844041054,1.1,30.000000000001705,42.45666666666821,0.0,0.003668869891247494,0.575,2.3800755964749043,0.03092506844041054,0.0,0.0,0.0,0.0
2026-09-08T07:01:56.503+00:00,1042.4900000000016,42.490000000001544,405,WAYPOINT_DRIVE,,1,0.003668869891247494,0.575,2.3705998201149043,0.03092506844041054,0.03092506844041054,1.1,30.000000000001705,42.490000000001544,0.0,0.003668869891247494,0.575,2.3705998201149043,0.03092506844041054,0.0,0.0,0.0,0.0
2026-09-08T07:01:56.537+00:00,1042.523333333335,42.523333333334875,406,WAYPOINT_DRIVE,,1,0.003668869891247494,0.575,2.3611240437550602,0.03092506844041054,0.03092506844041054,1.1,30.000000000001705,42.523333333334875,0.0,0.003668869891247494,0.575,2.3611240437550602,0.03092506844041054,0.0,0.0,0.0,0.0
2026-09-08T07:01:56.570+00:00,1042.5566666666682,42.55666666666821,407,WAYPOINT_DRIVE,,1,0.003668869891247494,0.575,2.3516482673950607,0.03092506844041054,0.03092506844041054,1.1,30.000000000001705,42.55666666666821,0.0,0.003668869891247494,0.575,2.3516482673950607,0.03092506844041054,0.0,0.0,0.0,0.0
2026-09-08T07:01:56.603+00:00,1042.5900000000015,42.59000000000154,408,WAYPOINT_DRIVE_SETTLE,,1,0.003668869891247494,0.575,2.3516482673950607,0.03092506844041054,0.03092506844041054,1.1,30.000000000001705,42.59000000000154,0.0,0.003668869891247494,0.575,2.3516482673950607,0.03092506844041054,0.0,0.0,0.0,0.0
2026-09-08T07:01:56.637+00:00,1042.6233333333348,42.62333333333487,409,WAYPOINT_DRIVE_SETTLE,,1,0.003668869891247494,0.575,2.3516482673950607,0.03092506844041054,0.03092506844041054,1.1,30.000000000001705,42.62333333333487,0.0,0.003668869891247494,0.575,2.3516482673950607,0.03092506844041054,0.0,0.0,0.0,0.0
2026-09-08T07:01:56.670+00:00,1042.6566666666681,42.6566666666682,410,WAYPOINT_DRIVE_SETTLE,,1,0.003668869891247494,0.575,2.3516482673950607,0.03092506844041054,0.03092506844041054,1.1,30.000000000001705,42.6566666666682,0.0,0.003668869891247494,0.575,2.3516482673950607,0.03092506844041054,0.0,0.0,0.0,0.0
2026-09-08T07:01:56.703+00:00,1042.6900000000014,42.69000000000153,411,WAYPOINT_DRIVE_SETTLE,,1,0.003668869891247494,0.575,2.3516482673950607,0.03092506844041054,0.03092506844041054,1.1,30.000000000001705,42.69000000000153,0.0,0.003668869891247494,0.575,2.3516482673950607,0.03092506844041054,0.0,0.0,0.0,0.0
2026-09-08T07:01:56.737+00:00,1042.723333333335,42.723333333334864,412,WAYPOINT_DRIVE_SETTLE,,1,0.003668869891247494,0.575,2.3516482673950607,0.03092506844041054,0.03092506844041054,1.1,30.000000000001705,42.723333333334864,0.0,0.003668869891247494,0.575,2.3516482673950607,0.03092506844041054,0.0,0.0,0.0,0.0
2026-09-08T07:01:56.770+00:00,1042.7566666666683,42.756666666668195,413,WAYPOINT_DRIVE_SETTLE,,1,0.003668869891247494,0.575,2.3516482673950607,0.03092506844041054,0.03092506844041054,1.1,30.000000000001705,42.756666666668195,0.0,0.003668869891247494,0.575,2.3516482673950607,0.03092506844041054,0.0,0.0,0.0,0.0
2026-09-08T07:01:56.803+00:00,1042.7900000000016,42.79000000000153,414,WAYPOINT_DRIVE_SETTLE,,1,0.003668869891247494,0.575,2.3516482673950607,0.03092506844041054,0.03092506844041054,1.1,30.000000000001705,42.79000000000153,0.0,0.003668869891247494,0.575,2.3516482673950607,0.03092506844041054,0.0,0.0,0.0,0.0
2026-09-08T07:01:56.837+00:00,1042.8233333333349,42.82333333333486,415,WAYPOINT_DRIVE_SETTLE,,1,0.003668869891247494,0.575,2.3516482673950607,0.03092506844041054,0.03092506844041054,1.1,30.000000000001705,42.82333333333486,0.0,0.003668869891247494,0.575,2.3516482673950607,0.03092506844041054,0.0,0.0,0.0,0.0
2026-09-08T07:01:56.870+00:00,1042.8566666666682,42.85666666666819,416,WAYPOINT_DRIVE_SETTLE,,1,0.003668869891247494,0.575,2.3516482673950607,0.03092506844041054,0.03092506844041054,1.1,30.000000000001705,42.85666666666819,0.0,0.003668869891247494,0.575,2.3516482673950607,0.03092506844041054,0.0,0.0,0.0,0.0
2026-09-08T07:01:56.903+00:00,1042.8900000000015,42.89000000000152,417,WAYPOINT_DRIVE_SETTLE,,1,0.003668869891247494,0.575,2.3516482673950607,0.03092506844041054,0.03092506844041054,1.1,30.000000000001705,42.89000000000152,0.0,0.003668869891247494,0.575,2.3516482673950607,0.03092506844041054,0.0,0.0,0.0,0.0
2026-09-08T07:01:56.937+00:00,1042.9233333333348,42.92333333333485,418,WAYPOINT_DRIVE_SETTLE,,1,0.003668869891247494,0.575,2.3516482673950607,0.03092506844041054,0.03092506844041054,1.1,30.000000000001705,42.92333333333485,0.0,0.003668869891247494,0.575,2.3516482673950607,0.03092506844041054,0.0,0.0,0.0,0.0
2026-09-08T07:01:56.970+00:00,1042.9566666666683,42.956666666668184,419,WAYPOINT_DRIVE_SETTLE,,1,0.003668869891247494,0.575,2.3516482673950607,0.03092506844041054,0.03092506844041054,1.1,30.000000000001705,42.956666666668184,0.0,0.003668869891247494,0.575,2.3516482673950607,0.03092506844041054,0.0,0.0,0.0,0.0
2026-09-08T07:01:57.003+00:00,1042.9900000000016,42.990000000001515,420,WAYPOINT_DRIVE_SETTLE,,1,0.003668869891247494,0.575,2.3516482673950607,0.03092506844041054,0.03092506844041054,1.1,30.000000000001705,42.990000000001515,0.0,0.003668869891247494,0.575,2.3516482673950607,0.03092506844041054,0.0,0.0,0.0,0.0
2026-09-08T07:01:57.037+00:00,1043.023333333335,43.02333333333485,421,WAYPOINT_DRIVE_SETTLE,,1,0.003668869891247494,0.575,2.3516482673950607,0.03092506844041054,0.03092506844041054,1.1,30.000000000001705,43.02333333333485,0.0,0.003668869891247494,0.575,2.3516482673950607,0.03092506844041054,0.0,0.0,0.0,0.0
2026-09-08T07:01:57.070+00:00,1043.0566666666682,43.05666666666818,422,WAYPOINT_DRIVE_SETTLE,,1,0.003668869891247494,0.575,2.3516482673950607,0.03092506844041054,0.03092506844041054,1.1,30.000000000001705,43.05666666666818,0.0,0.003668869891247494,0.575,2.3516482673950607,0.03092506844041054,0.0,0.0,0.0,0.0
2026-09-08T07:01:57.103+00:00,1043.0900000000015,43.09000000000151,423,WAYPOINT_DRIVE_SETTLE,,1,0.003668869891247494,0.575,2.3516482673950607,0.03092506844041054,0.03092506844041054,1.1,30.000000000001705,43.09000000000151,0.0,0.003668869891247494,0.575,2.3516482673950607,0.03092506844041054,0.0,0.0,0.0,0.0
2026-09-08T07:01:57.137+00:00,1043.1233333333348,43.12333333333484,424,WAYPOINT_DRIVE_SETTLE,,1,0.003668869891247494,0.575,2.3516482673950607,0.03092506844041054,0.03092506844041054,1.1,30.000000000001705,43.12333333333484,0.0,0.003668869891247494,0.575,2.3516482673950607,0.03092506844041054,0.0,0.0,0.0,0.0
2026-09-08T07:01:57.170+00:00,1043.1566666666681,43.15666666666817,425,WAYPOINT_DRIVE_SETTLE,,1,0.003668869891247494,0.575,2.3516482673950607,0.03092506844041054,0.03092506844041054,1.1,30.000000000001705,43.15666666666817,0.0,0.003668869891247494,0.575,2.3516482673950607,0.03092506844041054,0.0,0.0,0.0,0.0
2026-09-08T07:01:57.203+00:00,1043.1900000000014,43.190000000001504,426,WAYPOINT_DRIVE_SETTLE,,1,0.003668869891247494,0.575,2.3516482673950607,0.03092506844041054,0.03092506844041054,1.1,30.000000000001705,43.190000000001504,0.0,0.003668869891247494,0.575,2.3516482673950607,0.03092506844041054,0.0,0.0,0.0,0.0
2026-09-08T07:01:57.237+00:00,1043.2233333333347,43.223333333334836,427,WAYPOINT_DRIVE_SETTLE,,1,0.003668869891247494,0.575,2.3516482673950607,0.03092506844041054,0.03092506844041054,1.1,30.000000000001705,43.223333333334836,0.0,0.003668869891247494,0.575,2.3516482673950607,0.03092506844041054,0.0,0.0,0.0,0.0
2026-09-08T07:01:57.270+00:00,1043.2566666666683,43.25666666666817,428,WAYPOINT_DRIVE_SETTLE,,1,0.003668869891247494,0.575,2.3516482673950607,0.03092506844041054,0.03092506844041054,1.1,30.000000000001705,43.25666666666817,0.0,0.003668869891247494,0.575,2.3516482673950607,0.03092506844041054,0.0,0.0,0.0,0.0
2026-09-08T07:01:57.303+00:00,1043.2900000000016,43.2900000000015,429,WAYPOINT_DRIVE_SETTLE,,1,0.003668869891247494,0.575,2.3516482673950607,0.03092506844041054,0.03092506844041054,1.1,30.000000000001705,43.2900000000015,0.0,0.003668869891247494,0.575,2.3516482673950607,0.03092506844041054,0.0,0.0,0.0,0.0
2026-09-08T07:01:57.337+00:00,1043.3233333333349,43.32333333333483,430,WAYPOINT_DRIVE_SETTLE,,1,0.003668869891247494,0.575,2.3516482673950607,0.03092506844041054,0.03092506844041054,1.1,30.000000000001705,43.32333333333483,0.0,0.003668869891247494,0.575,2.3516482673950607,0.03092506844041054,0.0,0.0,0.0,0.0
2026-09-08T07:01:57.370+00:00,1043.3566666666682,43.35666666666816,431,WAYPOINT_DRIVE_SETTLE,,1,0.003668869891247494,0.575,2.3516482673950607,0.03092506844041054,0.03092506844041054,1.1,30.000000000001705,43.35666666666816,0.0,0.003668869891247494,0.575,2.3516482673950607,0.03092506844041054,0.0,0.0,0.0,0.0
2026-09-08T07:01:57.403+00:00,1043.3900000000015,43.39000000000149,432,WAYPOINT_DRIVE_SETTLE,,1,0.003668869891247494,0.575,2.3516482673950607,0.03092506844041054,0.03092506844041054,1.1,30.000000000001705,43.39000000000149,0.0,0.003668869891247494,0.575,2.3516482673950607,0.03092506844041054,0.0,0.0,0.0,0.0
2026-09-08T07:01:57.437+00:00,1043.4233333333348,43.423333333334824,433,WAYPOINT_DRIVE_SETTLE,,1,0.003668869891247494,0.575,2.3516482673950607,0.03092506844041054,0.03092506844041054,1.1,30.000000000001705,43.423333333334824,0.0,0.003668869891247494,0.575,2.3516482673950607,0.03092506844041054,0.0,0.0,0.0,0.0
2026-09-08T07:01:57.470+00:00,1043.456666666668,43.456666666668156,434,WAYPOINT_DRIVE_SETTLE,,1,0.003668869891247494,0.575,2.3516482673950607,0.03092506844041054,0.03092506844041054,1.1,30.000000000001705,43.456666666668156,0.0,0.003668869891247494,0.575,2.3516482673950607,0.03092506844041054,0.0,0.0,0.0,0.0
2026-09-08T07:01:57.503+00:00,1043.4900000000016,43.49000000000149,435,WAYPOINT_DRIVE_SETTLE,,1,0.003668869891247494,0.575,2.3516482673950607,0.03092506844041054,0.03092506844041054,1.1,30.000000000001705,43.49000000000149,0.0,0.003668869891247494,0.575,2.3516482673950607,0.03092506844041054,0.0,0.0,0.0,0.0
2026-09-08T07:01:57.537+00:00,1043.523333333335,43.52333333333482,436,WAYPOINT_DRIVE_SETTLE,,1,0.003668869891247494,0.575,2.3516482673950607,0.03092506844041054,0.03092506844041054,1.1,30.000000000001705,43.52333333333482,0.0,0.003668869891247494,0.575,2.3516482673950607,0.03092506844041054,0.0,0.0,0.0,0.0
2026-09-08T07:01:57.570+00:00,1043.5566666666682,43.55666666666815,437,WAYPOINT_DRIVE_SETTLE,,1,0.003668869891247494,0.575,2.3516482673950607,0.03092506844041054,0.03092506844041054,1.1,30.000000000001705,43.55666666666815,0.0,0.003668869891247494,0.575,2.3516482673950607,0.03092506844041054,0.0,0.0,0.0,0.0
2026-09-08T07:01:57.603+00:00,1043.5900000000015,43.59000000000148,438,WAYPOINT_DRIVE_SETTLE,,1,0.003668869891247494,0.575,2.3516482673950607,0.03092506844041054,0.03092506844041054,1.1,30.000000000001705,43.59000000000148,0.0,0.003668869891247494,0.575,2.3516482673950607,0.03092506844041054,0.0,0.0,0.0,0.0
2026-09-08T07:01:57.637+00:00,1043.6233333333348,43.62333333333481,439,WAYPOINT_DRIVE_SETTLE,,1,0.003668869891247494,0.575,2.3516482673950607,0.03092506844041054,0.03092506844041054,1.1,30.000000000001705,43.62333333333481,0.0,0.003668869891247494,0.575,2.3516482673950607,0.03092506844041054,0.0,0.0,0.0,0.0
2026-09-08T07:01:57.670+00:00,1043.6566666666681,43.656666666668144,440,WAYPOINT_DRIVE_SETTLE,,1,0.003668869891247494,0.575,2.3516482673950607,0.03092506844041054,0.03092506844041054,1.1,30.000000000001705,43.656666666668144,0.0,0.003668869891247494,0.575,2.3516482673950607,0.03092506844041054,0.0,0.0,0.0,0.0
2026-09-08T07:01:57.703+00:00,1043.6900000000014,43.690000000001476,441,WAYPOINT_DRIVE_SETTLE,,1,0.003668869891247494,0.575,2.3516482673950607,0.03092506844041054,0.03092506844041054,1.1,30.000000000001705,43.690000000001476,0.0,0.003668869891247494,0.575,2.3516482673950607,0.03092506844041054,0.0,0.0,0.0,0.0
2026-09-08T07:01:57.737+00:00,1043.7233333333347,43.72333333333481,442,WAYPOINT_DRIVE_SETTLE,,1,0.003668869891247494,0.575,2.3516482673950607,0.03092506844041054,0.03092506844041054,1.1,30.000000000001705,43.72333333333481,0.0,0.003668869891247494,0.575,2.3516482673950607,0.03092506844041054,0.0,0.0,0.0,0.0
2026-09-08T07:01:57.770+00:00,1043.756666666668,43.75666666666814,443,WAYPOINT_DRIVE_SETTLE,,1,0.003668869891247494,0.575,2.3516482673950607,0.03092506844041054,0.03092506844041054,1.1,30.000000000001705,43.75666666666814,0.0,0.003668869891247494,0.575,2.3516482673950607,0.03092506844041054,0.0,0.0,0.0,0.0
2026-09-08T07:01:57.803+00:00,1043.7900000000016,43.79000000000147,444,WAYPOINT_DRIVE_SETTLE,,1,0.003668869891247494,0.575,2.3516482673950607,0.03092506844041054,0.03092506844041054,1.1,30.000000000001705,43.79000000000147,0.0,0.003668869891247494,0.575,2.3516482673950607,0.03092506844041054,0.0,0.0,0.0,0.0
2026-09-08T07:01:57.837+00:00,1043.8233333333349,43.8233333333348,445,WAYPOINT_DRIVE_SETTLE,,1,0.003668869891247494,0.575,2.3516482673950607,0.03092506844041054,0.03092506844041054,1.1,30.000000000001705,43.8233333333348,0.0,0.003668869891247494,0.575,2.3516482673950607,0.03092506844041054,0.0,0.0,0.0,0.0
2026-09-08T07:01:57.870+00:00,1043.8566666666682,43.85666666666813,446,WAYPOINT_DRIVE_SETTLE,,1,0.003668869891247494,0.575,2.3516482673950607,0.03092506844041054,0.03092506844041054,1.1,30.000000000001705,43.85666666666813,0.0,0.003668869891247494,0.575,2.3516482673950607,0.03092506844041054,0.0,0.0,0.0,0.0
2026-09-08T07:01:57.903+00:00,1043.8900000000015,43.890000000001464,447,WAYPOINT_DRIVE_SETTLE,,1,0.003668869891247494,0.575,2.3516482673950607,0.03092506844041054,0.03092506844041054,1.1,30.000000000001705,43.890000000001464,0.0,0.003668869891247494,0.575,2.3516482673950607,0.03092506844041054,0.0,0.0,0.0,0.0
2026-09-08T07:01:57.937+00:00,1043.9233333333348,43.923333333334796,448,WAYPOINT_DRIVE_SETTLE,,1,0.003668869891247494,0.575,2.3516482673950607,0.03092506844041054,0.03092506844041054,1.1,30.000000000001705,43.923333333334796,0.0,0.003668869891247494,0.575,2.3516482673950607,0.03092506844041054,0.0,0.0,0.0,0.0
2026-09-08T07:01:57.970+00:00,1043.956666666668,43.95666666666813,449,WAYPOINT_DRIVE_SETTLE,,1,0.003668869891247494,0.575,2.3516482673950607,0.03092506844041054,0.03092506844041054,1.1,30.000000000001705,43.95666666666813,0.0,0.003668869891247494,0.575,2.3516482673950607,0.03092506844041054,0.0,0.0,0.0,0.0
2026-09-08T07:01:58.003+00:00,1043.9900000000014,43.99000000000146,450,WAYPOINT_DRIVE_SETTLE,,1,0.003668869891247494,0.575,2.3516482673950607,0.03092506844041054,0.03092506844041054,1.1,30.000000000001705,43.99000000000146,0.0,0.003668869891247494,0.575,2.3516482673950607,0.03092506844041054,0.0,0.0,0.0,0.0
2026-09-08T07:01:58.037+00:00,1044.023333333335,44.02333333333479,451,WAYPOINT_DRIVE_SETTLE,,1,0.003668869891247494,0.575,2.3516482673950607,0.03092506844041054,0.03092506844041054,1.1,30.000000000001705,44.02333333333479,0.0,0.003668869891247494,0.575,2.3516482673950607,0.03092506844041054,0.0,0.0,0.0,0.0
2026-09-08T07:01:58.070+00:00,1044.0566666666682,44.05666666666812,452,WAYPOINT_DRIVE_SETTLE,,1,0.003668869891247494,0.575,2.3516482673950607,0.03092506844041054,0.03092506844041054,1.1,30.000000000001705,44.05666666666812,0.0,0.003668869891247494,0.575,2.3516482673950607,0.03092506844041054,0.0,0.0,0.0,0.0
2026-09-08T07:01:58.103+00:00,1044.0900000000015,44.09000000000145,453,WAYPOINT_DRIVE_SETTLE,,1,0.003668869891247494,0.575,2.3516482673950607,0.03092506844041054,0.03092506844041054,1.1,30.000000000001705,44.09000000000145,0.0,0.003668869891247494,0.575,2.3516482673950607,0.03092506844041054,0.0,0.0,0.0,0.0
2026-09-08T07:01:58.137+00:00,1044.1233333333348,44.123333333334784,454,WAYPOINT_DRIVE_SETTLE,,1,0.003668869891247494,0.575,2.3516482673950607,0.03092506844041054,0.03092506844041054,1.1,30.000000000001705,44.123333333334784,0.0,0.003668869891247494,0.575,2.3516482673950607,0.03092506844041054,0.0,0.0,0.0,0.0
2026-09-08T07:01:58.170+00:00,1044.1566666666681,44.156666666668116,455,WAYPOINT_DRIVE_SETTLE,,1,0.003668869891247494,0.575,2.3516482673950607,0.03092506844041054,0.03092506844041054,1.1,30.000000000001705,44.156666666668116,0.0,0.003668869891247494,0.575,2.3516482673950607,0.03092506844041054,0.0,0.0,0.0,0.0
2026-09-08T07:01:58.203+00:00,1044.1900000000014,44.19000000000145,456,WAYPOINT_DRIVE_SETTLE,,1,0.003668869891247494,0.575,2.3516482673950607,0.03092506844041054,0.03092506844041054,1.1,30.000000000001705,44.19000000000145,0.0,0.003668869891247494,0.575,2.3516482673950607,0.03092506844041054,0.0,0.0,0.0,0.0
2026-09-08T07:01:58.237+00:00,1044.2233333333347,44.22333333333478,457,WAYPOINT_DRIVE_SETTLE,,1,0.003668869891247494,0.575,2.3516482673950607,0.03092506844041054,0.03092506844041054,1.1,30.000000000001705,44.22333333333478,0.0,0.003668869891247494,0.575,2.3516482673950607,0.03092506844041054,0.0,0.0,0.0,0.0
2026-09-08T07:01:58.270+00:00,1044.256666666668,44.25666666666811,458,WAYPOINT_DRIVE_SETTLE,,1,0.003668869891247494,0.575,2.3516482673950607,0.03092506844041054,0.03092506844041054,1.1,30.000000000001705,44.25666666666811,0.0,0.003668869891247494,0.575,2.3516482673950607,0.03092506844041054,0.0,0.0,0.0,0.0
2026-09-08T07:01:58.303+00:00,1044.2900000000013,44.29000000000144,459,WAYPOINT_DRIVE_SETTLE,,1,0.003668869891247494,0.575,2.3516482673950607,0.03092506844041054,0.03092506844041054,1.1,30.000000000001705,44.29000000000144,0.0,0.003668869891247494,0.575,2.3516482673950607,0.03092506844041054,0.0,0.0,0.0,0.0
2026-09-08T07:01:58.337+00:00,1044.3233333333349,44.32333333333477,460,WAYPOINT_DRIVE_SETTLE,,1,0.003668869891247494,0.575,2.3516482673950607,0.03092506844041054,0.03092506844041054,1.1,30.000000000001705,44.32333333333477,0.0,0.003668869891247494,0.575,2.3516482673950607,0.03092506844041054,0.0,0.0,0.0,0.0
2026-09-08T07:01:58.370+00:00,1044.3566666666682,44.356666666668104,461,WAYPOINT_DRIVE_SETTLE,,1,0.003668869891247494,0.575,2.3516482673950607,0.03092506844041054,0.03092506844041054,1.1,30.000000000001705,44.356666666668104,0.0,0.003668869891247494,0.575,2.3516482673950607,0.03092506844041054,0.0,0.0,0.0,0.0
2026-09-08T07:01:58.403+00:00,1044.3900000000015,44.390000000001436,462,WAYPOINT_DRIVE_SETTLE,,1,0.003668869891247494,0.575,2.3516482673950607,0.03092506844041054,0.03092506844041054,1.1,30.000000000001705,44.390000000001436,0.0,0.003668869891247494,0.575,2.3516482673950607,0.03092506844041054,0.0,0.0,0.0,0.0
2026-09-08T07:01:58.437+00:00,1044.4233333333348,44.42333333333477,463,WAYPOINT_DRIVE_SETTLE,,1,0.003668869891247494,0.575,2.3516482673950607,0.03092506844041054,0.03092506844041054,1.1,30.000000000001705,44.42333333333477,0.0,0.003668869891247494,0.575,2.3516482673950607,0.03092506844041054,0.0,0.0,0.0,0.0
2026-09-08T07:01:58.470+00:00,1044.456666666668,44.4566666666681,464,WAYPOINT_DRIVE_SETTLE,,1,0.003668869891247494,0.575,2.3516482673950607,0.03092506844041054,0.03092506844041054,1.1,30.000000000001705,44.4566666666681,0.0,0.003668869891247494,0.575,2.3516482673950607,0.03092506844041054,0.0,0.0,0.0,0.0
2026-09-08T07:01:58.503+00:00,1044.4900000000014,44.49000000000143,465,WAYPOINT_DRIVE_SETTLE,,1,0.003668869891247494,0.575,2.3516482673950607,0.03092506844041054,0.03092506844041054,1.1,30.000000000001705,44.49000000000143,0.0,0.003668869891247494,0.575,2.3516482673950607,0.03092506844041054,0.0,0.0,0.0,0.0
2026-09-08T07:01:58.537+00:00,1044.5233333333347,44.52333333333476,466,WAYPOINT_DRIVE_SETTLE,,1,0.003668869891247494,0.575,2.3516482673950607,0.03092506844041054,0.03092506844041054,1.1,30.000000000001705,44.52333333333476,0.0,0.003668869891247494,0.575,2.3516482673950607,0.03092506844041054,0.0,0.0,0.0,0.0
2026-09-08T07:01:58.570+00:00,1044.5566666666682,44.55666666666809,467,WAYPOINT_DRIVE_SETTLE,,1,0.003668869891247494,0.575,2.3516482673950607,0.03092506844041054,0.03092506844041054,1.1,30.000000000001705,44.55666666666809,0.0,0.003668869891247494,0.575,2.3516482673950607,0.03092506844041054,0.0,0.0,0.0,0.0
2026-09-08T07:01:58.603+00:00,1044.5900000000015,44.590000000001424,468,WAYPOINT_DRIVE_SETTLE,,1,0.003668869891247494,0.575,2.3516482673950607,0.03092506844041054,0.03092506844041054,1.1,30.000000000001705,44.590000000001424,0.0,0.003668869891247494,0.575,2.3516482673950607,0.03092506844041054,0.0,0.0,0.0,0.0
2026-09-08T07:01:58.637+00:00,1044.6233333333348,44.623333333334756,469,WAYPOINT_DRIVE_SETTLE,,1,0.003668869891247494,0.575,2.3516482673950607,0.03092506844041054,0.03092506844041054,1.1,30.000000000001705,44.623333333334756,0.0,0.003668869891247494,0.575,2.3516482673950607,0.03092506844041054,0.0,0.0,0.0,0.0
2026-09-08T07:01:58.670+00:00,1044.6566666666681,44.65666666666809,470,WAYPOINT_DRIVE_SETTLE,,1,0.003668869891247494,0.575,2.3516482673950607,0.03092506844041054,0.03092506844041054,1.1,30.000000000001705,44.65666666666809,0.0,0.003668869891247494,0.575,2.3516482673950607,0.03092506844041054,0.0,0.0,0.0,0.0
2026-09-08T07:01:58.703+00:00,1044.6900000000014,44.69000000000142,471,WAYPOINT_DRIVE_SETTLE,,1,0.003668869891247494,0.575,2.3516482673950607,0.03092506844041054,0.03092506844041054,1.1,30.000000000001705,44.69000000000142,0.0,0.003668869891247494,0.575,2.3516482673950607,0.03092506844041054,0.0,0.0,0.0,0.0
2026-09-08T07:01:58.737+00:00,1044.7233333333347,44.72333333333475,472,WAYPOINT_DRIVE_SETTLE,,1,0.003668869891247494,0.575,2.3516482673950607,0.03092506844041054,0.03092506844041054,1.1,30.000000000001705,44.72333333333475,0.0,0.003668869891247494,0.575,2.3516482673950607,0.03092506844041054,0.0,0.0,0.0,0.0
2026-09-08T07:01:58.770+00:00,1044.756666666668,44.75666666666808,473,WAYPOINT_DRIVE_SETTLE,,1,0.003668869891247494,0.575,2.3516482673950607,0.03092506844041054,0.03092506844041054,1.1,30.000000000001705,44.75666666666808,0.0,0.003668869891247494,0.575,2.3516482673950607,0.03092506844041054,0.0,0.0,0.0,0.0
2026-09-08T07:01:58.803+00:00,1044.7900000000013,44.79000000000141,474,WAYPOINT_DRIVE_SETTLE,,1,0.003668869891247494,0.575,2.3516482673950607,0.03092506844041054,0.03092506844041054,1.1,30.000000000001705,44.79000000000141,0.0,0.003668869891247494,0.575,2.3516482673950607,0.03092506844041054,0.0,0.0,0.0,0.0
2026-09-08T07:01:58.837+00:00,1044.8233333333346,44.823333333334745,475,WAYPOINT_DRIVE_SETTLE,,1,0.003668869891247494,0.575,2.3516482673950607,0.03092506844041054,0.03092506844041054,1.1,30.000000000001705,44.823333333334745,0.0,0.003668869891247494,0.575,2.3516482673950607,0.03092506844041054,0.0,0.0,0.0,0.0
2026-09-08T07:01:58.870+00:00,1044.8566666666682,44.856666666668076,476,WAYPOINT_DRIVE_SETTLE,,1,0.003668869891247494,0.575,2.3516482673950607,0.03092506844041054,0.03092506844041054,1.1,30.000000000001705,44.856666666668076,0.0,0.003668869891247494,0.575,2.3516482673950607,0.03092506844041054,0.0,0.0,0.0,0.0
2026-09-08T07:01:58.903+00:00,1044.8900000000015,44.89000000000141,477,WAYPOINT_DRIVE_SETTLE,,1,0.003668869891247494,0.575,2.3516482673950607,0.03092506844041054,0.03092506844041054,1.1,30.000000000001705,44.89000000000141,0.0,0.003668869891247494,0.575,2.3516482673950607,0.03092506844041054,0.0,0.0,0.0,0.0
2026-09-08T07:01:58.937+00:00,1044.9233333333348,44.92333333333474,478,STAGING_PLAN,,1,0.003668869891247494,0.575,2.3516482673950607,0.03092506844041054,0.03092506844041054,1.1,30.000000000001705,44.92333333333474,0.0,0.003668869891247494,0.575,2.3516482673950607,0.03092506844041054,0.0,0.0,0.0,0.0
2026-09-08T07:01:58.970+00:00,1044.956666666668,44.95666666666807,479,WAYPOINT_DRIVE,,1,0.003668869891247494,0.575,2.3516482673950607,0.03092506844041054,0.03092506844041054,1.1,30.000000000001705,44.95666666666807,0.0,0.003668869891247494,0.575,2.3516482673950607,0.03092506844041054,0.0,0.0,0.0,0.0
2026-09-08T07:01:59.003+00:00,1044.9900000000014,44.9900000000014,480,WAYPOINT_DRIVE,,1,0.003668869891247494,0.575,2.3516482673950607,0.03092506844041054,0.03092506844041054,1.1,30.000000000001705,44.9900000000014,0.0,0.003668869891247494,0.575,2.3516482673950607,0.03092506844041054,0.0,0.0,0.0,0.0
2026-09-08T07:01:59.037+00:00,1045.0233333333347,45.02333333333473,481,WAYPOINT_DRIVE,,1,0.003668869891247494,0.575,2.3516482673950607,0.03092506844041054,0.03092506844041054,1.1,30.000000000001705,45.02333333333473,0.0,0.003668869891247494,0.575,2.3516482673950607,0.03092506844041054,0.0,0.0,0.0,0.0
2026-09-08T07:01:59.070+00:00,1045.056666666668,45.056666666668065,482,WAYPOINT_DRIVE,,1,0.003668869891247494,0.575,2.3516482673950607,0.03092506844041054,0.03092506844041054,1.1,30.000000000001705,45.056666666668065,0.0,0.003668869891247494,0.575,2.3516482673950607,0.03092506844041054,0.0,0.0,0.0,0.0
2026-09-08T07:01:59.103+00:00,1045.0900000000015,45.090000000001396,483,WAYPOINT_DRIVE,,1,0.003668869891247494,0.575,2.3516482673950607,0.03092506844041054,0.03092506844041054,1.1,30.000000000001705,45.090000000001396,0.0,0.003668869891247494,0.575,2.3516482673950607,0.03092506844041054,0.0,0.0,0.0,0.0
2026-09-08T07:01:59.137+00:00,1045.1233333333348,45.12333333333473,484,WAYPOINT_DRIVE,,1,0.003668869891247494,0.575,2.3516482673950607,0.03092506844041054,0.03092506844041054,1.1,30.000000000001705,45.12333333333473,0.0,0.003668869891247494,0.575,2.3516482673950607,0.03092506844041054,0.0,0.0,0.0,0.0
2026-09-08T07:01:59.170+00:00,1045.1566666666681,45.15666666666806,485,WAYPOINT_DRIVE,,1,0.003668869891247494,0.575,2.3516482673950607,0.03092506844041054,0.03092506844041054,1.1,30.000000000001705,45.15666666666806,0.0,0.003668869891247494,0.575,2.3516482673950607,0.03092506844041054,0.0,0.0,0.0,0.0
2026-09-08T07:01:59.203+00:00,1045.1900000000014,45.19000000000139,486,WAYPOINT_DRIVE,,1,0.003668869891247494,0.575,2.3516482673950607,0.03092506844041054,0.03092506844041054,1.1,30.000000000001705,45.19000000000139,0.0,0.003668869891247494,0.575,2.3516482673950607,0.03092506844041054,0.0,0.0,0.0,0.0
2026-09-08T07:01:59.237+00:00,1045.2233333333347,45.22333333333472,487,WAYPOINT_DRIVE,,1,0.003668869891247494,0.575,2.3516482673950607,0.03092506844041054,0.03092506844041054,1.1,30.000000000001705,45.22333333333472,0.0,0.003668869891247494,0.575,2.3516482673950607,0.03092506844041054,0.0,0.0,0.0,0.0
2026-09-08T07:01:59.270+00:00,1045.256666666668,45.25666666666805,488,WAYPOINT_DRIVE,,1,0.003668869891247494,0.575,2.3516482673950607,0.03092506844041054,0.03092506844041054,1.1,30.000000000001705,45.25666666666805,0.0,0.003668869891247494,0.575,2.3516482673950607,0.03092506844041054,0.0,0.0,0.0,0.0
2026-09-08T07:01:59.303+00:00,1045.2900000000013,45.290000000001385,489,WAYPOINT_DRIVE,,1,0.003668869891247494,0.575,2.3516482673950607,0.03092506844041054,0.03092506844041054,1.1,30.000000000001705,45.290000000001385,0.0,0.003668869891247494,0.575,2.3516482673950607,0.03092506844041054,0.0,0.0,0.0,0.0
2026-09-08T07:01:59.337+00:00,1045.3233333333346,45.323333333334716,490,WAYPOINT_DRIVE,,1,0.003668869891247494,0.575,2.3516482673950607,0.03092506844041054,0.03092506844041054,1.1,30.000000000001705,45.323333333334716,0.0,0.003668869891247494,0.575,2.3516482673950607,0.03092506844041054,0.0,0.0,0.0,0.0
2026-09-08T07:01:59.370+00:00,1045.356666666668,45.35666666666805,491,WAYPOINT_DRIVE,,1,0.003668869891247494,0.575,2.3516482673950607,0.03092506844041054,0.03092506844041054,1.1,30.000000000001705,45.35666666666805,0.0,0.003668869891247494,0.575,2.3516482673950607,0.03092506844041054,0.0,0.0,0.0,0.0
2026-09-08T07:01:59.403+00:00,1045.3900000000015,45.39000000000138,492,WAYPOINT_DRIVE,,1,0.003668869891247494,0.575,2.3516482673950607,0.03092506844041054,0.03092506844041054,1.1,30.000000000001705,45.39000000000138,0.0,0.003668869891247494,0.575,2.3516482673950607,0.03092506844041054,0.0,0.0,0.0,0.0
2026-09-08T07:01:59.437+00:00,1045.4233333333348,45.42333333333471,493,WAYPOINT_DRIVE,,1,0.003668869891247494,0.575,2.3516482673950607,0.03092506844041054,0.03092506844041054,1.1,30.000000000001705,45.42333333333471,0.0,0.003668869891247494,0.575,2.3516482673950607,0.03092506844041054,0.0,0.0,0.0,0.0
2026-09-08T07:01:59.470+00:00,1045.456666666668,45.45666666666804,494,WAYPOINT_DRIVE,,1,0.003668869891247494,0.575,2.3515994812896412,0.03092506844041054,0.03092506844041054,1.1,30.000000000001705,45.45666666666804,0.0,0.003668869891247494,0.575,2.3515994812896412,0.03092506844041054,0.0,0.0,0.0,0.0
2026-09-08T07:01:59.503+00:00,1045.4900000000014,45.49000000000137,495,WAYPOINT_DRIVE,,1,0.003668869891247494,0.575,2.351398859409642,0.03092506844041054,0.03092506844041054,1.1,30.000000000001705,45.49000000000137,0.0,0.003668869891247494,0.575,2.351398859409642,0.03092506844041054,0.0,0.0,0.0,0.0
2026-09-08T07:01:59.537+00:00,1045.5233333333347,45.523333333334705,496,WAYPOINT_DRIVE,,1,0.003668869891247494,0.575,2.3510430775296447,0.03092506844041054,0.03092506844041054,1.1,30.000000000001705,45.523333333334705,0.0,0.003668869891247494,0.575,2.3510430775296447,0.03092506844041054,0.0,0.0,0.0,0.0
2026-09-08T07:01:59.570+00:00,1045.556666666668,45.556666666668036,497,WAYPOINT_DRIVE,,1,0.003668869891247494,0.575,2.3505321356496465,0.03092506844041054,0.03092506844041054,1.1,30.000000000001705,45.556666666668036,0.0,0.003668869891247494,0.575,2.3505321356496465,0.03092506844041054,0.0,0.0,0.0,0.0
2026-09-08T07:01:59.603+00:00,1045.5900000000013,45.59000000000137,498,WAYPOINT_DRIVE,,1,0.003668869891247494,0.575,2.349866033769647,0.03092506844041054,0.03092506844041054,1.1,30.000000000001705,45.59000000000137,0.0,0.003668869891247494,0.575,2.349866033769647,0.03092506844041054,0.0,0.0,0.0,0.0
2026-09-08T07:01:59.637+00:00,1045.6233333333348,45.6233333333347,499,WAYPOINT_DRIVE,,1,0.003668869891247494,0.575,2.3490447718896514,0.03092506844041054,0.03092506844041054,1.1,30.000000000001705,45.6233333333347,0.0,0.003668869891247494,0.575,2.3490447718896514,0.03092506844041054,0.0,0.0,0.0,0.0
2026-09-08T07:01:59.670+00:00,1045.6566666666681,45.65666666666803,500,WAYPOINT_DRIVE,,1,0.003668869891247494,0.575,2.3480683500096537,0.03092506844041054,0.03092506844041054,1.1,30.000000000001705,45.65666666666803,0.0,0.003668869891247494,0.575,2.3480683500096537,0.03092506844041054,0.0,0.0,0.0,0.0
2026-09-08T07:01:59.703+00:00,1045.6900000000014,45.69000000000136,501,WAYPOINT_DRIVE,,1,0.003668869891247494,0.575,2.3469367681296553,0.03092506844041054,0.03092506844041054,1.1,30.000000000001705,45.69000000000136,0.0,0.003668869891247494,0.575,2.3469367681296553,0.03092506844041054,0.0,0.0,0.0,0.0
2026-09-08T07:01:59.737+00:00,1045.7233333333347,45.72333333333469,502,WAYPOINT_DRIVE,,1,0.003668869891247494,0.575,2.345650026249662,0.03092506844041054,0.03092506844041054,1.1,30.000000000001705,45.72333333333469,0.0,0.003668869891247494,0.575,2.345650026249662,0.03092506844041054,0.0,0.0,0.0,0.0
2026-09-08T07:01:59.770+00:00,1045.756666666668,45.756666666668025,503,WAYPOINT_DRIVE,,1,0.003668869891247494,0.575,2.3442081243696653,0.03092506844041054,0.03092506844041054,1.1,30.000000000001705,45.756666666668025,0.0,0.003668869891247494,0.575,2.3442081243696653,0.03092506844041054,0.0,0.0,0.0,0.0
2026-09-08T07:01:59.803+00:00,1045.7900000000013,45.790000000001356,504,WAYPOINT_DRIVE,,1,0.003668869891247494,0.575,2.3426110624896674,0.03092506844041054,0.03092506844041054,1.1,30.000000000001705,45.790000000001356,0.0,0.003668869891247494,0.575,2.3426110624896674,0.03092506844041054,0.0,0.0,0.0,0.0
2026-09-08T07:01:59.837+00:00,1045.8233333333346,45.82333333333469,505,WAYPOINT_DRIVE,,1,0.003668869891247494,0.575,2.3408588406096764,0.03092506844041054,0.03092506844041054,1.1,30.000000000001705,45.82333333333469,0.0,0.003668869891247494,0.575,2.3408588406096764,0.03092506844041054,0.0,0.0,0.0,0.0
2026-09-08T07:01:59.870+00:00,1045.856666666668,45.85666666666802,506,WAYPOINT_DRIVE,,1,0.003668869891247494,0.575,2.3389514587296794,0.03092506844041054,0.03092506844041054,1.1,30.000000000001705,45.85666666666802,0.0,0.003668869891247494,0.575,2.3389514587296794,0.03092506844041054,0.0,0.0,0.0,0.0
2026-09-08T07:01:59.903+00:00,1045.8900000000012,45.89000000000135,507,WAYPOINT_DRIVE,,1,0.003668869891247494,0.575,2.336888916849683,0.03092506844041054,0.03092506844041054,1.1,30.000000000001705,45.89000000000135,0.0,0.003668869891247494,0.575,2.336888916849683,0.03092506844041054,0.0,0.0,0.0,0.0
2026-09-08T07:01:59.937+00:00,1045.9233333333348,45.92333333333468,508,WAYPOINT_DRIVE,,1,0.003668869891247494,0.575,2.334671214969695,0.03092506844041054,0.03092506844041054,1.1,30.000000000001705,45.92333333333468,0.0,0.003668869891247494,0.575,2.334671214969695,0.03092506844041054,0.0,0.0,0.0,0.0
2026-09-08T07:01:59.970+00:00,1045.956666666668,45.95666666666801,509,WAYPOINT_DRIVE,,1,0.003668869891247494,0.575,2.3322983530896986,0.03092506844041054,0.03092506844041054,1.1,30.000000000001705,45.95666666666801,0.0,0.003668869891247494,0.575,2.3322983530896986,0.03092506844041054,0.0,0.0,0.0,0.0
2026-09-08T07:02:00.003+00:00,1045.9900000000014,45.990000000001345,510,WAYPOINT_DRIVE,,1,0.003668869891247494,0.575,2.329770331209702,0.03092506844041054,0.03092506844041054,1.1,30.000000000001705,45.990000000001345,0.0,0.003668869891247494,0.575,2.329770331209702,0.03092506844041054,0.0,0.0,0.0,0.0
2026-09-08T07:02:00.037+00:00,1046.0233333333347,46.023333333334676,511,WAYPOINT_DRIVE,,1,0.003668869891247494,0.575,2.3270871493297185,0.03092506844041054,0.03092506844041054,1.1,30.000000000001705,46.023333333334676,0.0,0.003668869891247494,0.575,2.3270871493297185,0.03092506844041054,0.0,0.0,0.0,0.0
2026-09-08T07:02:00.070+00:00,1046.056666666668,46.05666666666801,512,WAYPOINT_DRIVE,,1,0.003668869891247494,0.575,2.3242488074497234,0.03092506844041054,0.03092506844041054,1.1,30.000000000001705,46.05666666666801,0.0,0.003668869891247494,0.575,2.3242488074497234,0.03092506844041054,0.0,0.0,0.0,0.0
2026-09-08T07:02:00.103+00:00,1046.0900000000013,46.09000000000134,513,WAYPOINT_DRIVE,,1,0.003668869891247494,0.575,2.3212553055697276,0.03092506844041054,0.03092506844041054,1.1,30.000000000001705,46.09000000000134,0.0,0.003668869891247494,0.575,2.3212553055697276,0.03092506844041054,0.0,0.0,0.0,0.0
2026-09-08T07:02:00.137+00:00,1046.1233333333346,46.12333333333467,514,WAYPOINT_DRIVE,,1,0.003668869891247494,0.575,2.318106643689748,0.03092506844041054,0.03092506844041054,1.1,30.000000000001705,46.12333333333467,0.0,0.003668869891247494,0.575,2.318106643689748,0.03092506844041054,0.0,0.0,0.0,0.0
2026-09-08T07:02:00.170+00:00,1046.1566666666681,46.156666666668,515,WAYPOINT_DRIVE,,1,0.003668869891247494,0.575,2.314802821809754,0.03092506844041054,0.03092506844041054,1.1,30.000000000001705,46.156666666668,0.0,0.003668869891247494,0.575,2.314802821809754,0.03092506844041054,0.0,0.0,0.0,0.0
2026-09-08T07:02:00.203+00:00,1046.1900000000014,46.19000000000133,516,WAYPOINT_DRIVE,,1,0.003668869891247494,0.575,2.311343839929759,0.03092506844041054,0.03092506844041054,1.1,30.000000000001705,46.19000000000133,0.0,0.003668869891247494,0.575,2.311343839929759,0.03092506844041054,0.0,0.0,0.0,0.0
2026-09-08T07:02:00.237+00:00,1046.2233333333347,46.223333333334665,517,WAYPOINT_DRIVE,,1,0.003668869891247494,0.575,2.3077296980497835,0.03092506844041054,0.03092506844041054,1.1,30.000000000001705,46.223333333334665,0.0,0.003668869891247494,0.575,2.3077296980497835,0.03092506844041054,0.0,0.0,0.0,0.0
2026-09-08T07:02:00.270+00:00,1046.256666666668,46.256666666667996,518,WAYPOINT_DRIVE,,1,0.003668869891247494,0.575,2.303960396169789,0.03092506844041054,0.03092506844041054,1.1,30.000000000001705,46.256666666667996,0.0,0.003668869891247494,0.575,2.303960396169789,0.03092506844041054,0.0,0.0,0.0,0.0
2026-09-08T07:02:00.303+00:00,1046.2900000000013,46.29000000000133,519,WAYPOINT_DRIVE,,1,0.003668869891247494,0.575,2.3000359342897956,0.03092506844041054,0.03092506844041054,1.1,30.000000000001705,46.29000000000133,0.0,0.003668869891247494,0.575,2.3000359342897956,0.03092506844041054,0.0,0.0,0.0,0.0
2026-09-08T07:02:00.337+00:00,1046.3233333333346,46.32333333333466,520,WAYPOINT_DRIVE,,1,0.003668869891247494,0.575,2.295956312409826,0.03092506844041054,0.03092506844041054,1.1,30.000000000001705,46.32333333333466,0.0,0.003668869891247494,0.575,2.295956312409826,0.03092506844041054,0.0,0.0,0.0,0.0
2026-09-08T07:02:00.370+00:00,1046.356666666668,46.35666666666799,521,WAYPOINT_DRIVE,,1,0.003668869891247494,0.575,2.291721530529833,0.03092506844041054,0.03092506844041054,1.1,30.000000000001705,46.35666666666799,0.0,0.003668869891247494,0.575,2.291721530529833,0.03092506844041054,0.0,0.0,0.0,0.0
2026-09-08T07:02:00.403+00:00,1046.3900000000012,46.39000000000132,522,WAYPOINT_DRIVE,,1,0.003668869891247494,0.575,2.2873315886498395,0.03092506844041054,0.03092506844041054,1.1,30.000000000001705,46.39000000000132,0.0,0.003668869891247494,0.575,2.2873315886498395,0.03092506844041054,0.0,0.0,0.0,0.0
2026-09-08T07:02:00.437+00:00,1046.4233333333345,46.423333333334654,523,WAYPOINT_DRIVE,,1,0.003668869891247494,0.575,2.282786486769875,0.03092506844041054,0.03092506844041054,1.1,30.000000000001705,46.423333333334654,0.0,0.003668869891247494,0.575,2.282786486769875,0.03092506844041054,0.0,0.0,0.0,0.0
2026-09-08T07:02:00.470+00:00,1046.456666666668,46.456666666667985,524,WAYPOINT_DRIVE,,1,0.003668869891247494,0.575,2.2780862248898823,0.03092506844041054,0.03092506844041054,1.1,30.000000000001705,46.456666666667985,0.0,0.003668869891247494,0.575,2.2780862248898823,0.03092506844041054,0.0,0.0,0.0,0.0
2026-09-08T07:02:00.503+00:00,1046.4900000000014,46.49000000000132,525,WAYPOINT_DRIVE,,1,0.003668869891247494,0.575,2.273230803009891,0.03092506844041054,0.03092506844041054,1.1,30.000000000001705,46.49000000000132,0.0,0.003668869891247494,0.575,2.273230803009891,0.03092506844041054,0.0,0.0,0.0,0.0
2026-09-08T07:02:00.537+00:00,1046.5233333333347,46.52333333333465,526,WAYPOINT_DRIVE,,1,0.003668869891247494,0.575,2.268220221129932,0.03092506844041054,0.03092506844041054,1.1,30.000000000001705,46.52333333333465,0.0,0.003668869891247494,0.575,2.268220221129932,0.03092506844041054,0.0,0.0,0.0,0.0
2026-09-08T07:02:00.570+00:00,1046.556666666668,46.55666666666798,527,WAYPOINT_DRIVE,,1,0.003668869891247494,0.575,2.2630544792499405,0.03092506844041054,0.03092506844041054,1.1,30.000000000001705,46.55666666666798,0.0,0.003668869891247494,0.575,2.2630544792499405,0.03092506844041054,0.0,0.0,0.0,0.0
2026-09-08T07:02:00.603+00:00,1046.5900000000013,46.59000000000131,528,WAYPOINT_DRIVE,,1,0.003668869891247494,0.575,2.25773357736995,0.03092506844041054,0.03092506844041054,1.1,30.000000000001705,46.59000000000131,0.0,0.003668869891247494,0.575,2.25773357736995,0.03092506844041054,0.0,0.0,0.0,0.0
2026-09-08T07:02:00.637+00:00,1046.6233333333346,46.62333333333464,529,WAYPOINT_DRIVE,,1,0.003668869891247494,0.575,2.252257515489999,0.03092506844041054,0.03092506844041054,1.1,30.000000000001705,46.62333333333464,0.0,0.003668869891247494,0.575,2.252257515489999,0.03092506844041054,0.0,0.0,0.0,0.0
2026-09-08T07:02:00.670+00:00,1046.656666666668,46.656666666667974,530,WAYPOINT_DRIVE,,1,0.003668869891247494,0.575,2.2466262936100088,0.03092506844041054,0.03092506844041054,1.1,30.000000000001705,46.656666666667974,0.0,0.003668869891247494,0.575,2.2466262936100088,0.03092506844041054,0.0,0.0,0.0,0.0
2026-09-08T07:02:00.703+00:00,1046.6900000000014,46.690000000001305,531,WAYPOINT_DRIVE,,1,0.003668869891247494,0.575,2.2408399117300184,0.03092506844041054,0.03092506844041054,1.1,30.000000000001705,46.690000000001305,0.0,0.003668869891247494,0.575,2.2408399117300184,0.03092506844041054,0.0,0.0,0.0,0.0
2026-09-08T07:02:00.737+00:00,1046.7233333333347,46.72333333333464,532,WAYPOINT_DRIVE,,1,0.003668869891247494,0.575,2.234898369850074,0.03092506844041054,0.03092506844041054,1.1,30.000000000001705,46.72333333333464,0.0,0.003668869891247494,0.575,2.234898369850074,0.03092506844041054,0.0,0.0,0.0,0.0
2026-09-08T07:02:00.770+00:00,1046.756666666668,46.75666666666797,533,WAYPOINT_DRIVE,,1,0.003668869891247494,0.575,2.2288016679700853,0.03092506844041054,0.03092506844041054,1.1,30.000000000001705,46.75666666666797,0.0,0.003668869891247494,0.575,2.2288016679700853,0.03092506844041054,0.0,0.0,0.0,0.0
2026-09-08T07:02:00.803+00:00,1046.7900000000013,46.7900000000013,534,WAYPOINT_DRIVE,,1,0.003668869891247494,0.575,2.2225498060900972,0.03092506844041054,0.03092506844041054,1.1,30.000000000001705,46.7900000000013,0.0,0.003668869891247494,0.575,2.2225498060900972,0.03092506844041054,0.0,0.0,0.0,0.0
2026-09-08T07:02:00.837+00:00,1046.8233333333346,46.82333333333463,535,WAYPOINT_DRIVE,,1,0.003668869891247494,0.575,2.21614278421016,0.03092506844041054,0.03092506844041054,1.1,30.000000000001705,46.82333333333463,0.0,0.003668869891247494,0.575,2.21614278421016,0.03092506844041054,0.0,0.0,0.0,0.0
2026-09-08T07:02:00.870+00:00,1046.856666666668,46.85666666666796,536,WAYPOINT_DRIVE,,1,0.003668869891247494,0.575,2.209580602330173,0.03092506844041054,0.03092506844041054,1.1,30.000000000001705,46.85666666666796,0.0,0.003668869891247494,0.575,2.209580602330173,0.03092506844041054,0.0,0.0,0.0,0.0
2026-09-08T07:02:00.903+00:00,1046.8900000000012,46.890000000001294,537,WAYPOINT_DRIVE,,1,0.003668869891247494,0.575,2.202863260450185,0.03092506844041054,0.03092506844041054,1.1,30.000000000001705,46.890000000001294,0.0,0.003668869891247494,0.575,2.202863260450185,0.03092506844041054,0.0,0.0,0.0,0.0
2026-09-08T07:02:00.937+00:00,1046.9233333333345,46.923333333334625,538,WAYPOINT_DRIVE,,1,0.003668869891247494,0.575,2.1959907585702556,0.03092506844041054,0.03092506844041054,1.1,30.000000000001705,46.923333333334625,0.0,0.003668869891247494,0.575,2.1959907585702556,0.03092506844041054,0.0,0.0,0.0,0.0
2026-09-08T07:02:00.970+00:00,1046.9566666666678,46.95666666666796,539,WAYPOINT_DRIVE_SETTLE,,1,0.003668869891247494,0.575,2.1959907585702556,0.03092506844041054,0.03092506844041054,1.1,30.000000000001705,46.95666666666796,0.0,0.003668869891247494,0.575,2.1959907585702556,0.03092506844041054,0.0,0.0,0.0,0.0
2026-09-08T07:02:01.003+00:00,1046.9900000000014,46.99000000000129,540,WAYPOINT_DRIVE_SETTLE,,1,0.003668869891247494,0.575,2.1959907585702556,0.03092506844041054,0.03092506844041054,1.1,30.000000000001705,46.99000000000129,0.0,0.003668869891247494,0.575,2.1959907585702556,0.03092506844041054,0.0,0.0,0.0,0.0
2026-09-08T07:02:01.037+00:00,1047.0233333333347,47.02333333333462,541,WAYPOINT_DRIVE_SETTLE,,1,0.003668869891247494,0.575,2.1959907585702556,0.03092506844041054,0.03092506844041054,1.1,30.000000000001705,47.02333333333462,0.0,0.003668869891247494,0.575,2.1959907585702556,0.03092506844041054,0.0,0.0,0.0,0.0
2026-09-08T07:02:01.070+00:00,1047.056666666668,47.05666666666795,542,WAYPOINT_DRIVE_SETTLE,,1,0.003668869891247494,0.575,2.1959907585702556,0.03092506844041054,0.03092506844041054,1.1,30.000000000001705,47.05666666666795,0.0,0.003668869891247494,0.575,2.1959907585702556,0.03092506844041054,0.0,0.0,0.0,0.0
2026-09-08T07:02:01.103+00:00,1047.0900000000013,47.09000000000128,543,WAYPOINT_DRIVE_SETTLE,,1,0.003668869891247494,0.575,2.1959907585702556,0.03092506844041054,0.03092506844041054,1.1,30.000000000001705,47.09000000000128,0.0,0.003668869891247494,0.575,2.1959907585702556,0.03092506844041054,0.0,0.0,0.0,0.0
2026-09-08T07:02:01.137+00:00,1047.1233333333346,47.123333333334614,544,WAYPOINT_DRIVE_SETTLE,,1,0.003668869891247494,0.575,2.1959907585702556,0.03092506844041054,0.03092506844041054,1.1,30.000000000001705,47.123333333334614,0.0,0.003668869891247494,0.575,2.1959907585702556,0.03092506844041054,0.0,0.0,0.0,0.0
2026-09-08T07:02:01.170+00:00,1047.156666666668,47.156666666667945,545,WAYPOINT_DRIVE_SETTLE,,1,0.003668869891247494,0.575,2.1959907585702556,0.03092506844041054,0.03092506844041054,1.1,30.000000000001705,47.156666666667945,0.0,0.003668869891247494,0.575,2.1959907585702556,0.03092506844041054,0.0,0.0,0.0,0.0
2026-09-08T07:02:01.203+00:00,1047.1900000000012,47.19000000000128,546,WAYPOINT_DRIVE_SETTLE,,1,0.003668869891247494,0.575,2.1959907585702556,0.03092506844041054,0.03092506844041054,1.1,30.000000000001705,47.19000000000128,0.0,0.003668869891247494,0.575,2.1959907585702556,0.03092506844041054,0.0,0.0,0.0,0.0
2026-09-08T07:02:01.237+00:00,1047.2233333333347,47.22333333333461,547,WAYPOINT_DRIVE_SETTLE,,1,0.003668869891247494,0.575,2.1959907585702556,0.03092506844041054,0.03092506844041054,1.1,30.000000000001705,47.22333333333461,0.0,0.003668869891247494,0.575,2.1959907585702556,0.03092506844041054,0.0,0.0,0.0,0.0
2026-09-08T07:02:01.270+00:00,1047.256666666668,47.25666666666794,548,WAYPOINT_DRIVE_SETTLE,,1,0.003668869891247494,0.575,2.1959907585702556,0.03092506844041054,0.03092506844041054,1.1,30.000000000001705,47.25666666666794,0.0,0.003668869891247494,0.575,2.1959907585702556,0.03092506844041054,0.0,0.0,0.0,0.0
2026-09-08T07:02:01.303+00:00,1047.2900000000013,47.29000000000127,549,WAYPOINT_DRIVE_SETTLE,,1,0.003668869891247494,0.575,2.1959907585702556,0.03092506844041054,0.03092506844041054,1.1,30.000000000001705,47.29000000000127,0.0,0.003668869891247494,0.575,2.1959907585702556,0.03092506844041054,0.0,0.0,0.0,0.0
2026-09-08T07:02:01.337+00:00,1047.3233333333346,47.3233333333346,550,WAYPOINT_DRIVE_SETTLE,,1,0.003668869891247494,0.575,2.1959907585702556,0.03092506844041054,0.03092506844041054,1.1,30.000000000001705,47.3233333333346,0.0,0.003668869891247494,0.575,2.1959907585702556,0.03092506844041054,0.0,0.0,0.0,0.0
2026-09-08T07:02:01.370+00:00,1047.356666666668,47.356666666667934,551,WAYPOINT_DRIVE_SETTLE,,1,0.003668869891247494,0.575,2.1959907585702556,0.03092506844041054,0.03092506844041054,1.1,30.000000000001705,47.356666666667934,0.0,0.003668869891247494,0.575,2.1959907585702556,0.03092506844041054,0.0,0.0,0.0,0.0
2026-09-08T07:02:01.403+00:00,1047.3900000000012,47.390000000001265,552,WAYPOINT_DRIVE_SETTLE,,1,0.003668869891247494,0.575,2.1959907585702556,0.03092506844041054,0.03092506844041054,1.1,30.000000000001705,47.390000000001265,0.0,0.003668869891247494,0.575,2.1959907585702556,0.03092506844041054,0.0,0.0,0.0,0.0
2026-09-08T07:02:01.437+00:00,1047.4233333333345,47.4233333333346,553,WAYPOINT_DRIVE_SETTLE,,1,0.003668869891247494,0.575,2.1959907585702556,0.03092506844041054,0.03092506844041054,1.1,30.000000000001705,47.4233333333346,0.0,0.003668869891247494,0.575,2.1959907585702556,0.03092506844041054,0.0,0.0,0.0,0.0
2026-09-08T07:02:01.470+00:00,1047.4566666666678,47.45666666666793,554,WAYPOINT_DRIVE_SETTLE,,1,0.003668869891247494,0.575,2.1959907585702556,0.03092506844041054,0.03092506844041054,1.1,30.000000000001705,47.45666666666793,0.0,0.003668869891247494,0.575,2.1959907585702556,0.03092506844041054,0.0,0.0,0.0,0.0
2026-09-08T07:02:01.503+00:00,1047.4900000000011,47.49000000000126,555,WAYPOINT_DRIVE_SETTLE,,1,0.003668869891247494,0.575,2.1959907585702556,0.03092506844041054,0.03092506844041054,1.1,30.000000000001705,47.49000000000126,0.0,0.003668869891247494,0.575,2.1959907585702556,0.03092506844041054,0.0,0.0,0.0,0.0
2026-09-08T07:02:01.537+00:00,1047.5233333333347,47.52333333333459,556,WAYPOINT_DRIVE_SETTLE,,1,0.003668869891247494,0.575,2.1959907585702556,0.03092506844041054,0.03092506844041054,1.1,30.000000000001705,47.52333333333459,0.0,0.003668869891247494,0.575,2.1959907585702556,0.03092506844041054,0.0,0.0,0.0,0.0
2026-09-08T07:02:01.570+00:00,1047.556666666668,47.55666666666792,557,WAYPOINT_DRIVE_SETTLE,,1,0.003668869891247494,0.575,2.1959907585702556,0.03092506844041054,0.03092506844041054,1.1,30.000000000001705,47.55666666666792,0.0,0.003668869891247494,0.575,2.1959907585702556,0.03092506844041054,0.0,0.0,0.0,0.0
2026-09-08T07:02:01.603+00:00,1047.5900000000013,47.590000000001254,558,WAYPOINT_DRIVE_SETTLE,,1,0.003668869891247494,0.575,2.1959907585702556,0.03092506844041054,0.03092506844041054,1.1,30.000000000001705,47.590000000001254,0.0,0.003668869891247494,0.575,2.1959907585702556,0.03092506844041054,0.0,0.0,0.0,0.0
2026-09-08T07:02:01.637+00:00,1047.6233333333346,47.623333333334585,559,WAYPOINT_DRIVE_SETTLE,,1,0.003668869891247494,0.575,2.1959907585702556,0.03092506844041054,0.03092506844041054,1.1,30.000000000001705,47.623333333334585,0.0,0.003668869891247494,0.575,2.1959907585702556,0.03092506844041054,0.0,0.0,0.0,0.0
2026-09-08T07:02:01.670+00:00,1047.656666666668,47.65666666666792,560,WAYPOINT_DRIVE_SETTLE,,1,0.003668869891247494,0.575,2.1959907585702556,0.03092506844041054,0.03092506844041054,1.1,30.000000000001705,47.65666666666792,0.0,0.003668869891247494,0.575,2.1959907585702556,0.03092506844041054,0.0,0.0,0.0,0.0
2026-09-08T07:02:01.703+00:00,1047.6900000000012,47.69000000000125,561,WAYPOINT_DRIVE_SETTLE,,1,0.003668869891247494,0.575,2.1959907585702556,0.03092506844041054,0.03092506844041054,1.1,30.000000000001705,47.69000000000125,0.0,0.003668869891247494,0.575,2.1959907585702556,0.03092506844041054,0.0,0.0,0.0,0.0
2026-09-08T07:02:01.737+00:00,1047.7233333333345,47.72333333333458,562,WAYPOINT_DRIVE_SETTLE,,1,0.003668869891247494,0.575,2.1959907585702556,0.03092506844041054,0.03092506844041054,1.1,30.000000000001705,47.72333333333458,0.0,0.003668869891247494,0.575,2.1959907585702556,0.03092506844041054,0.0,0.0,0.0,0.0
2026-09-08T07:02:01.770+00:00,1047.756666666668,47.75666666666791,563,WAYPOINT_DRIVE_SETTLE,,1,0.003668869891247494,0.575,2.1959907585702556,0.03092506844041054,0.03092506844041054,1.1,30.000000000001705,47.75666666666791,0.0,0.003668869891247494,0.575,2.1959907585702556,0.03092506844041054,0.0,0.0,0.0,0.0
2026-09-08T07:02:01.803+00:00,1047.7900000000013,47.79000000000124,564,WAYPOINT_DRIVE_SETTLE,,1,0.003668869891247494,0.575,2.1959907585702556,0.03092506844041054,0.03092506844041054,1.1,30.000000000001705,47.79000000000124,0.0,0.003668869891247494,0.575,2.1959907585702556,0.03092506844041054,0.0,0.0,0.0,0.0
2026-09-08T07:02:01.837+00:00,1047.8233333333346,47.823333333334574,565,WAYPOINT_DRIVE_SETTLE,,1,0.003668869891247494,0.575,2.1959907585702556,0.03092506844041054,0.03092506844041054,1.1,30.000000000001705,47.823333333334574,0.0,0.003668869891247494,0.575,2.1959907585702556,0.03092506844041054,0.0,0.0,0.0,0.0
2026-09-08T07:02:01.870+00:00,1047.856666666668,47.856666666667905,566,WAYPOINT_DRIVE_SETTLE,,1,0.003668869891247494,0.575,2.1959907585702556,0.03092506844041054,0.03092506844041054,1.1,30.000000000001705,47.856666666667905,0.0,0.003668869891247494,0.575,2.1959907585702556,0.03092506844041054,0.0,0.0,0.0,0.0
2026-09-08T07:02:01.903+00:00,1047.8900000000012,47.89000000000124,567,WAYPOINT_DRIVE_SETTLE,,1,0.003668869891247494,0.575,2.1959907585702556,0.03092506844041054,0.03092506844041054,1.1,30.000000000001705,47.89000000000124,0.0,0.003668869891247494,0.575,2.1959907585702556,0.03092506844041054,0.0,0.0,0.0,0.0
2026-09-08T07:02:01.937+00:00,1047.9233333333345,47.92333333333457,568,WAYPOINT_DRIVE_SETTLE,,1,0.003668869891247494,0.575,2.1959907585702556,0.03092506844041054,0.03092506844041054,1.1,30.000000000001705,47.92333333333457,0.0,0.003668869891247494,0.575,2.1959907585702556,0.03092506844041054,0.0,0.0,0.0,0.0
2026-09-08T07:02:01.970+00:00,1047.9566666666678,47.9566666666679,569,WAYPOINT_DRIVE_SETTLE,,1,0.003668869891247494,0.575,2.1959907585702556,0.03092506844041054,0.03092506844041054,1.1,30.000000000001705,47.9566666666679,0.0,0.003668869891247494,0.575,2.1959907585702556,0.03092506844041054,0.0,0.0,0.0,0.0
2026-09-08T07:02:02.003+00:00,1047.9900000000011,47.99000000000123,570,WAYPOINT_DRIVE_SETTLE,,1,0.003668869891247494,0.575,2.1959907585702556,0.03092506844041054,0.03092506844041054,1.1,30.000000000001705,47.99000000000123,0.0,0.003668869891247494,0.575,2.1959907585702556,0.03092506844041054,0.0,0.0,0.0,0.0
2026-09-08T07:02:02.037+00:00,1048.0233333333344,48.02333333333456,571,WAYPOINT_DRIVE_SETTLE,,1,0.003668869891247494,0.575,2.1959907585702556,0.03092506844041054,0.03092506844041054,1.1,30.000000000001705,48.02333333333456,0.0,0.003668869891247494,0.575,2.1959907585702556,0.03092506844041054,0.0,0.0,0.0,0.0
2026-09-08T07:02:02.070+00:00,1048.056666666668,48.056666666667894,572,WAYPOINT_DRIVE_SETTLE,,1,0.003668869891247494,0.575,2.1959907585702556,0.03092506844041054,0.03092506844041054,1.1,30.000000000001705,48.056666666667894,0.0,0.003668869891247494,0.575,2.1959907585702556,0.03092506844041054,0.0,0.0,0.0,0.0
2026-09-08T07:02:02.103+00:00,1048.0900000000013,48.090000000001226,573,WAYPOINT_DRIVE_SETTLE,,1,0.003668869891247494,0.575,2.1959907585702556,0.03092506844041054,0.03092506844041054,1.1,30.000000000001705,48.090000000001226,0.0,0.003668869891247494,0.575,2.1959907585702556,0.03092506844041054,0.0,0.0,0.0,0.0
2026-09-08T07:02:02.137+00:00,1048.1233333333346,48.12333333333456,574,WAYPOINT_DRIVE_SETTLE,,1,0.003668869891247494,0.575,2.1959907585702556,0.03092506844041054,0.03092506844041054,1.1,30.000000000001705,48.12333333333456,0.0,0.003668869891247494,0.575,2.1959907585702556,0.03092506844041054,0.0,0.0,0.0,0.0
2026-09-08T07:02:02.170+00:00,1048.156666666668,48.15666666666789,575,WAYPOINT_DRIVE_SETTLE,,1,0.003668869891247494,0.575,2.1959907585702556,0.03092506844041054,0.03092506844041054,1.1,30.000000000001705,48.15666666666789,0.0,0.003668869891247494,0.575,2.1959907585702556,0.03092506844041054,0.0,0.0,0.0,0.0
2026-09-08T07:02:02.203+00:00,1048.1900000000012,48.19000000000122,576,WAYPOINT_DRIVE_SETTLE,,1,0.003668869891247494,0.575,2.1959907585702556,0.03092506844041054,0.03092506844041054,1.1,30.000000000001705,48.19000000000122,0.0,0.003668869891247494,0.575,2.1959907585702556,0.03092506844041054,0.0,0.0,0.0,0.0
2026-09-08T07:02:02.237+00:00,1048.2233333333345,48.22333333333455,577,WAYPOINT_DRIVE_SETTLE,,1,0.003668869891247494,0.575,2.1959907585702556,0.03092506844041054,0.03092506844041054,1.1,30.000000000001705,48.22333333333455,0.0,0.003668869891247494,0.575,2.1959907585702556,0.03092506844041054,0.0,0.0,0.0,0.0
2026-09-08T07:02:02.270+00:00,1048.2566666666678,48.25666666666788,578,WAYPOINT_DRIVE_SETTLE,,1,0.003668869891247494,0.575,2.1959907585702556,0.03092506844041054,0.03092506844041054,1.1,30.000000000001705,48.25666666666788,0.0,0.003668869891247494,0.575,2.1959907585702556,0.03092506844041054,0.0,0.0,0.0,0.0
2026-09-08T07:02:02.303+00:00,1048.2900000000013,48.290000000001214,579,WAYPOINT_DRIVE_SETTLE,,1,0.003668869891247494,0.575,2.1959907585702556,0.03092506844041054,0.03092506844041054,1.1,30.000000000001705,48.290000000001214,0.0,0.003668869891247494,0.575,2.1959907585702556,0.03092506844041054,0.0,0.0,0.0,0.0
2026-09-08T07:02:02.337+00:00,1048.3233333333346,48.323333333334546,580,WAYPOINT_DRIVE_SETTLE,,1,0.003668869891247494,0.575,2.1959907585702556,0.03092506844041054,0.03092506844041054,1.1,30.000000000001705,48.323333333334546,0.0,0.003668869891247494,0.575,2.1959907585702556,0.03092506844041054,0.0,0.0,0.0,0.0
2026-09-08T07:02:02.370+00:00,1048.356666666668,48.35666666666788,581,WAYPOINT_DRIVE_SETTLE,,1,0.003668869891247494,0.575,2.1959907585702556,0.03092506844041054,0.03092506844041054,1.1,30.000000000001705,48.35666666666788,0.0,0.003668869891247494,0.575,2.1959907585702556,0.03092506844041054,0.0,0.0,0.0,0.0
2026-09-08T07:02:02.403+00:00,1048.3900000000012,48.39000000000121,582,WAYPOINT_DRIVE_SETTLE,,1,0.003668869891247494,0.575,2.1959907585702556,0.03092506844041054,0.03092506844041054,1.1,30.000000000001705,48.39000000000121,0.0,0.003668869891247494,0.575,2.1959907585702556,0.03092506844041054,0.0,0.0,0.0,0.0
2026-09-08T07:02:02.437+00:00,1048.4233333333345,48.42333333333454,583,WAYPOINT_DRIVE_SETTLE,,1,0.003668869891247494,0.575,2.1959907585702556,0.03092506844041054,0.03092506844041054,1.1,30.000000000001705,48.42333333333454,0.0,0.003668869891247494,0.575,2.1959907585702556,0.03092506844041054,0.0,0.0,0.0,0.0
2026-09-08T07:02:02.470+00:00,1048.4566666666678,48.45666666666787,584,WAYPOINT_DRIVE_SETTLE,,1,0.003668869891247494,0.575,2.1959907585702556,0.03092506844041054,0.03092506844041054,1.1,30.000000000001705,48.45666666666787,0.0,0.003668869891247494,0.575,2.1959907585702556,0.03092506844041054,0.0,0.0,0.0,0.0
2026-09-08T07:02:02.503+00:00,1048.4900000000011,48.4900000000012,585,WAYPOINT_DRIVE_SETTLE,,1,0.003668869891247494,0.575,2.1959907585702556,0.03092506844041054,0.03092506844041054,1.1,30.000000000001705,48.4900000000012,0.0,0.003668869891247494,0.575,2.1959907585702556,0.03092506844041054,0.0,0.0,0.0,0.0
2026-09-08T07:02:02.537+00:00,1048.5233333333344,48.523333333334534,586,WAYPOINT_DRIVE_SETTLE,,1,0.003668869891247494,0.575,2.1959907585702556,0.03092506844041054,0.03092506844041054,1.1,30.000000000001705,48.523333333334534,0.0,0.003668869891247494,0.575,2.1959907585702556,0.03092506844041054,0.0,0.0,0.0,0.0
2026-09-08T07:02:02.570+00:00,1048.5566666666678,48.556666666667866,587,WAYPOINT_DRIVE_SETTLE,,1,0.003668869891247494,0.575,2.1959907585702556,0.03092506844041054,0.03092506844041054,1.1,30.000000000001705,48.556666666667866,0.0,0.003668869891247494,0.575,2.1959907585702556,0.03092506844041054,0.0,0.0,0.0,0.0
2026-09-08T07:02:02.603+00:00,1048.5900000000013,48.5900000000012,588,WAYPOINT_DRIVE_SETTLE,,1,0.003668869891247494,0.575,2.1959907585702556,0.03092506844041054,0.03092506844041054,1.1,30.000000000001705,48.5900000000012,0.0,0.003668869891247494,0.575,2.1959907585702556,0.03092506844041054,0.0,0.0,0.0,0.0
2026-09-08T07:02:02.637+00:00,1048.6233333333346,48.62333333333453,589,WAYPOINT_DRIVE_SETTLE,,1,0.003668869891247494,0.575,2.1959907585702556,0.03092506844041054,0.03092506844041054,1.1,30.000000000001705,48.62333333333453,0.0,0.003668869891247494,0.575,2.1959907585702556,0.03092506844041054,0.0,0.0,0.0,0.0
2026-09-08T07:02:02.670+00:00,1048.656666666668,48.65666666666786,590,WAYPOINT_DRIVE_SETTLE,,1,0.003668869891247494,0.575,2.1959907585702556,0.03092506844041054,0.03092506844041054,1.1,30.000000000001705,48.65666666666786,0.0,0.003668869891247494,0.575,2.1959907585702556,0.03092506844041054,0.0,0.0,0.0,0.0
2026-09-08T07:02:02.703+00:00,1048.6900000000012,48.69000000000119,591,WAYPOINT_DRIVE_SETTLE,,1,0.003668869891247494,0.575,2.1959907585702556,0.03092506844041054,0.03092506844041054,1.1,30.000000000001705,48.69000000000119,0.0,0.003668869891247494,0.575,2.1959907585702556,0.03092506844041054,0.0,0.0,0.0,0.0
2026-09-08T07:02:02.737+00:00,1048.7233333333345,48.72333333333452,592,WAYPOINT_DRIVE_SETTLE,,1,0.003668869891247494,0.575,2.1959907585702556,0.03092506844041054,0.03092506844041054,1.1,30.000000000001705,48.72333333333452,0.0,0.003668869891247494,0.575,2.1959907585702556,0.03092506844041054,0.0,0.0,0.0,0.0
2026-09-08T07:02:02.770+00:00,1048.7566666666678,48.756666666667854,593,WAYPOINT_DRIVE_SETTLE,,1,0.003668869891247494,0.575,2.1959907585702556,0.03092506844041054,0.03092506844041054,1.1,30.000000000001705,48.756666666667854,0.0,0.003668869891247494,0.575,2.1959907585702556,0.03092506844041054,0.0,0.0,0.0,0.0
2026-09-08T07:02:02.803+00:00,1048.790000000001,48.790000000001186,594,WAYPOINT_DRIVE_SETTLE,,1,0.003668869891247494,0.575,2.1959907585702556,0.03092506844041054,0.03092506844041054,1.1,30.000000000001705,48.790000000001186,0.0,0.003668869891247494,0.575,2.1959907585702556,0.03092506844041054,0.0,0.0,0.0,0.0
2026-09-08T07:02:02.837+00:00,1048.8233333333346,48.82333333333452,595,WAYPOINT_DRIVE_SETTLE,,1,0.003668869891247494,0.575,2.1959907585702556,0.03092506844041054,0.03092506844041054,1.1,30.000000000001705,48.82333333333452,0.0,0.003668869891247494,0.575,2.1959907585702556,0.03092506844041054,0.0,0.0,0.0,0.0
2026-09-08T07:02:02.870+00:00,1048.856666666668,48.85666666666785,596,WAYPOINT_DRIVE_SETTLE,,1,0.003668869891247494,0.575,2.1959907585702556,0.03092506844041054,0.03092506844041054,1.1,30.000000000001705,48.85666666666785,0.0,0.003668869891247494,0.575,2.1959907585702556,0.03092506844041054,0.0,0.0,0.0,0.0
2026-09-08T07:02:02.903+00:00,1048.8900000000012,48.89000000000118,597,WAYPOINT_DRIVE_SETTLE,,1,0.003668869891247494,0.575,2.1959907585702556,0.03092506844041054,0.03092506844041054,1.1,30.000000000001705,48.89000000000118,0.0,0.003668869891247494,0.575,2.1959907585702556,0.03092506844041054,0.0,0.0,0.0,0.0
2026-09-08T07:02:02.937+00:00,1048.9233333333345,48.92333333333451,598,WAYPOINT_DRIVE_SETTLE,,1,0.003668869891247494,0.575,2.1959907585702556,0.03092506844041054,0.03092506844041054,1.1,30.000000000001705,48.92333333333451,0.0,0.003668869891247494,0.575,2.1959907585702556,0.03092506844041054,0.0,0.0,0.0,0.0
2026-09-08T07:02:02.970+00:00,1048.9566666666678,48.95666666666784,599,WAYPOINT_DRIVE_SETTLE,,1,0.003668869891247494,0.575,2.1959907585702556,0.03092506844041054,0.03092506844041054,1.1,30.000000000001705,48.95666666666784,0.0,0.003668869891247494,0.575,2.1959907585702556,0.03092506844041054,0.0,0.0,0.0,0.0
2026-09-08T07:02:03.003+00:00,1048.9900000000011,48.990000000001174,600,WAYPOINT_DRIVE_SETTLE,,1,0.003668869891247494,0.575,2.1959907585702556,0.03092506844041054,0.03092506844041054,1.1,30.000000000001705,48.990000000001174,0.0,0.003668869891247494,0.575,2.1959907585702556,0.03092506844041054,0.0,0.0,0.0,0.0
2026-09-08T07:02:03.037+00:00,1049.0233333333344,49.023333333334506,601,WAYPOINT_DRIVE_SETTLE,,1,0.003668869891247494,0.575,2.1959907585702556,0.03092506844041054,0.03092506844041054,1.1,30.000000000001705,49.023333333334506,0.0,0.003668869891247494,0.575,2.1959907585702556,0.03092506844041054,0.0,0.0,0.0,0.0
2026-09-08T07:02:03.070+00:00,1049.0566666666678,49.05666666666784,602,WAYPOINT_DRIVE_SETTLE,,1,0.003668869891247494,0.575,2.1959907585702556,0.03092506844041054,0.03092506844041054,1.1,30.000000000001705,49.05666666666784,0.0,0.003668869891247494,0.575,2.1959907585702556,0.03092506844041054,0.0,0.0,0.0,0.0
2026-09-08T07:02:03.103+00:00,1049.090000000001,49.09000000000117,603,WAYPOINT_DRIVE_SETTLE,,1,0.003668869891247494,0.575,2.1959907585702556,0.03092506844041054,0.03092506844041054,1.1,30.000000000001705,49.09000000000117,0.0,0.003668869891247494,0.575,2.1959907585702556,0.03092506844041054,0.0,0.0,0.0,0.0
2026-09-08T07:02:03.137+00:00,1049.1233333333346,49.1233333333345,604,WAYPOINT_DRIVE_SETTLE,,1,0.003668869891247494,0.575,2.1959907585702556,0.03092506844041054,0.03092506844041054,1.1,30.000000000001705,49.1233333333345,0.0,0.003668869891247494,0.575,2.1959907585702556,0.03092506844041054,0.0,0.0,0.0,0.0
2026-09-08T07:02:03.170+00:00,1049.156666666668,49.15666666666783,605,WAYPOINT_DRIVE_SETTLE,,1,0.003668869891247494,0.575,2.1959907585702556,0.03092506844041054,0.03092506844041054,1.1,30.000000000001705,49.15666666666783,0.0,0.003668869891247494,0.575,2.1959907585702556,0.03092506844041054,0.0,0.0,0.0,0.0
2026-09-08T07:02:03.203+00:00,1049.1900000000012,49.19000000000116,606,WAYPOINT_DRIVE_SETTLE,,1,0.003668869891247494,0.575,2.1959907585702556,0.03092506844041054,0.03092506844041054,1.1,30.000000000001705,49.19000000000116,0.0,0.003668869891247494,0.575,2.1959907585702556,0.03092506844041054,0.0,0.0,0.0,0.0
2026-09-08T07:02:03.237+00:00,1049.2233333333345,49.223333333334494,607,WAYPOINT_DRIVE_SETTLE,,1,0.003668869891247494,0.575,2.1959907585702556,0.03092506844041054,0.03092506844041054,1.1,30.000000000001705,49.223333333334494,0.0,0.003668869891247494,0.575,2.1959907585702556,0.03092506844041054,0.0,0.0,0.0,0.0
2026-09-08T07:02:03.270+00:00,1049.2566666666678,49.256666666667826,608,WAYPOINT_DRIVE_SETTLE,,1,0.003668869891247494,0.575,2.1959907585702556,0.03092506844041054,0.03092506844041054,1.1,30.000000000001705,49.256666666667826,0.0,0.003668869891247494,0.575,2.1959907585702556,0.03092506844041054,0.0,0.0,0.0,0.0
2026-09-08T07:02:03.303+00:00,1049.290000000001,49.29000000000116,609,FINAL_POSE_LOCK,,1,0.003668869891247494,0.575,2.1959907585702556,0.03092506844041054,0.03092506844041054,1.1,30.000000000001705,49.29000000000116,0.0,0.003668869891247494,0.575,2.1959907585702556,0.03092506844041054,0.0,0.0,0.0,0.0
