t_iso,frame_i,fsm_state,align_sub,camera_frame_number,camera_frame_delta,camera_sensor_timestamp_ms,camera_sensor_interval_ms,camera_timestamp_domain,camera_input_host_mono_ms,camera_input_interval_ms,inference_ran,inference_start_host_mono_ms,inference_end_host_mono_ms,model_inference_ms,input_to_inference_end_ms,pose_result_host_mono_ms,input_to_pose_result_ms,model_det_ok,pnp_ok,pose_src,pose_n_used,pose_rms_px,yaw_deg,pos_x_m,pos_z_m,center_bearing_deg,raw_video_frame_index,source_raw_video_frame_index
2026-09-04T10:52:43.959,1,PRECHECK,PRECHECK,1,,1788486763072.675,,timestamp_domain.system_time,2301921.000,,1,2301937.000,2302750.000,813.000,829.000,2302765.000,844.000,1,1,pnp_visible_ransac,7,2.804,-61.1156,0.611487,4.270788,8.1482,,
2026-09-04T10:52:44.216,2,SEARCH_SWEEP,SEARCH_SWEEP,31,30,1788486764070.747,998.072,timestamp_domain.system_time,2302906.000,985.000,1,2302906.000,2303015.000,109.000,109.000,2303015.000,109.000,1,1,pnp_visible_ransac,8,5.995,-50.4681,1.537035,5.362241,15.9944,,
2026-09-04T10:52:44.402,3,ACQUIRE_VERIFY,ACQUIRE_VERIFY,39,8,1788486764337.504,266.757,timestamp_domain.system_time,2303171.000,265.000,1,2303171.000,2303203.000,32.000,32.000,2303203.000,32.000,1,1,pnp_visible_ransac,9,2.002,-51.3398,1.624311,5.548723,16.3167,,
2026-09-04T10:52:44.553,4,ACQUIRE_VERIFY,ACQUIRE_VERIFY,44,5,1788486764504.275,166.771,timestamp_domain.system_time,2303312.000,141.000,1,2303312.000,2303359.000,47.000,47.000,2303359.000,47.000,1,1,pnp_visible_ransac,9,4.143,-49.8572,1.584863,5.469135,16.1607,,
2026-09-04T10:52:44.660,5,ACQUIRE_VERIFY,ACQUIRE_VERIFY,47,3,1788486764604.293,100.018,timestamp_domain.system_time,2303437.000,125.000,1,2303437.000,2303453.000,16.000,16.000,2303468.000,31.000,1,1,pnp_visible_ransac,9,3.747,-53.7413,1.616539,5.494446,16.3946,,
2026-09-04T10:52:44.757,6,ACQUIRE_VERIFY,ACQUIRE_VERIFY,50,3,1788486764704.311,100.018,timestamp_domain.system_time,2303531.000,94.000,1,2303531.000,2303562.000,31.000,31.000,2303562.000,31.000,1,1,pnp_visible_ransac,9,4.376,-45.7156,1.563312,5.501014,15.8644,,
2026-09-04T10:52:44.844,7,ACQUIRE_VERIFY,ACQUIRE_VERIFY,53,3,1788486764805.149,100.838,timestamp_domain.system_time,2303625.000,94.000,1,2303625.000,2303656.000,31.000,31.000,2303656.000,31.000,1,1,pnp_visible_ransac,9,3.457,-52.2113,1.620956,5.542418,16.3023,,
2026-09-04T10:52:44.937,8,ACQUIRE_VERIFY,ACQUIRE_VERIFY,56,3,1788486764904.285,99.136,timestamp_domain.system_time,2303703.000,78.000,1,2303703.000,2303734.000,31.000,31.000,2303750.000,47.000,1,1,pnp_visible_ransac,9,3.838,-51.8138,1.614036,5.536647,16.2524,,
2026-09-04T10:52:45.024,9,ACQUIRE_VERIFY,ACQUIRE_VERIFY,58,2,1788486764970.968,66.683,timestamp_domain.system_time,2303796.000,93.000,1,2303796.000,2303828.000,32.000,32.000,2303828.000,32.000,1,1,pnp_visible_ransac,9,3.925,-50.3794,1.603793,5.527596,16.1797,,
2026-09-04T10:52:45.111,10,ACQUIRE_VERIFY,ACQUIRE_VERIFY,61,3,1788486765070.828,99.860,timestamp_domain.system_time,2303890.000,94.000,1,2303890.000,2303906.000,16.000,16.000,2303921.000,31.000,1,1,pnp_visible_ransac,9,1.752,-75.2669,1.535576,4.909879,17.3672,,
2026-09-04T10:52:45.198,11,ACQUIRE_VERIFY,ACQUIRE_VERIFY,63,2,1788486765137.799,66.971,timestamp_domain.system_time,2303984.000,94.000,1,2303984.000,2304000.000,16.000,16.000,2304000.000,16.000,1,1,pnp_visible_ransac,9,4.242,-47.8059,1.581460,5.521117,15.9837,,
2026-09-04T10:52:45.286,12,ACQUIRE_VERIFY,ACQUIRE_VERIFY,66,3,1788486765237.882,100.083,timestamp_domain.system_time,2304062.000,78.000,1,2304062.000,2304093.000,31.000,31.000,2304093.000,31.000,1,1,pnp_visible_ransac,9,3.994,-50.4599,1.603395,5.526420,16.1792,,
2026-09-04T10:52:45.369,13,ACQUIRE_VERIFY,ACQUIRE_VERIFY,69,3,1788486765337.804,99.922,timestamp_domain.system_time,2304156.000,94.000,1,2304156.000,2304171.000,15.000,15.000,2304171.000,15.000,1,1,pnp_visible_ransac,9,3.751,-52.5897,1.615607,5.525180,16.2993,,
2026-09-04T10:52:45.443,14,ACQUIRE_VERIFY,ACQUIRE_VERIFY,71,2,1788486765404.519,66.715,timestamp_domain.system_time,2304234.000,78.000,1,2304234.000,2304250.000,16.000,16.000,2304250.000,16.000,1,1,pnp_visible_ransac,9,1.587,-74.5123,1.536192,4.940830,17.2714,,
2026-09-04T10:52:45.550,15,ACQUIRE_VERIFY,ACQUIRE_VERIFY,74,3,1788486765504.618,100.099,timestamp_domain.system_time,2304328.000,94.000,1,2304328.000,2304359.000,31.000,31.000,2304359.000,31.000,1,1,pnp_visible_ransac,9,1.692,-75.2489,1.536101,4.921546,17.3341,,
2026-09-04T10:52:45.647,16,ACQUIRE_VERIFY,ACQUIRE_VERIFY,77,3,1788486765604.724,100.106,timestamp_domain.system_time,2304437.000,109.000,1,2304437.000,2304453.000,16.000,16.000,2304453.000,16.000,1,1,pnp_visible_ransac,9,1.760,-75.0589,1.537775,4.922549,17.3485,,
2026-09-04T10:52:45.740,17,ACQUIRE_VERIFY,ACQUIRE_VERIFY,80,3,1788486765705.546,100.822,timestamp_domain.system_time,2304531.000,94.000,1,2304531.000,2304546.000,15.000,15.000,2304546.000,15.000,1,1,pnp_visible_ransac,9,1.986,-75.9653,1.530158,4.873147,17.4322,,
2026-09-04T10:52:45.902,18,ACQUIRE_VERIFY,ACQUIRE_VERIFY,84,4,1788486765838.929,133.383,timestamp_domain.system_time,2304687.000,156.000,1,2304687.000,2304703.000,16.000,16.000,2304703.000,16.000,1,1,pnp_visible_ransac,9,2.005,-75.8850,1.531655,4.887455,17.4002,,
2026-09-04T10:52:45.962,19,ACQUIRE_VERIFY,ACQUIRE_VERIFY,87,3,1788486765938.010,99.082,timestamp_domain.system_time,2304750.000,63.000,1,2304750.000,2304765.000,15.000,15.000,2304765.000,15.000,0,0,,,,,,,,,
2026-09-04T10:52:46.032,20,ACQUIRE_VERIFY,ACQUIRE_VERIFY,89,2,1788486766004.714,66.704,timestamp_domain.system_time,2304812.000,62.000,1,2304812.000,2304843.000,31.000,31.000,2304843.000,31.000,1,1,pnp_visible_ransac,9,1.762,-75.1841,1.536985,4.923892,17.3357,,
2026-09-04T10:52:46.112,21,ACQUIRE_VERIFY,ACQUIRE_VERIFY,91,2,1788486766071.594,66.880,timestamp_domain.system_time,2304906.000,94.000,1,2304906.000,2304921.000,15.000,15.000,2304921.000,15.000,1,1,pnp_visible_ransac,9,1.901,-75.9233,1.530536,4.871761,17.4409,,
2026-09-04T10:52:46.192,22,ACQUIRE_VERIFY,ACQUIRE_VERIFY,93,2,1788486766138.164,66.570,timestamp_domain.system_time,2304984.000,78.000,1,2304984.000,2305000.000,16.000,16.000,2305000.000,16.000,1,1,pnp_visible_ransac,9,1.658,-74.4960,1.539471,4.949074,17.2790,,
2026-09-04T10:52:46.287,23,ACQUIRE_VERIFY,ACQUIRE_VERIFY,96,3,1788486766238.361,100.197,timestamp_domain.system_time,2305062.000,78.000,1,2305062.000,2305093.000,31.000,31.000,2305093.000,31.000,1,1,pnp_visible_ransac,9,1.766,-74.8243,1.538791,4.936438,17.3133,,
2026-09-04T10:52:46.664,24,ACQUIRE_VERIFY,ACQUIRE_VERIFY,100,4,1788486766533.434,295.073,timestamp_domain.system_time,2305390.000,328.000,1,2305390.000,2305468.000,78.000,78.000,2305468.000,78.000,1,1,pnp_visible_ransac,9,2.013,-76.0025,1.532441,4.893244,17.3893,,
2026-09-04T10:52:46.781,25,ACQUIRE_VERIFY,ACQUIRE_VERIFY,110,10,1788486766705.977,172.543,timestamp_domain.system_time,2305562.000,172.000,1,2305562.000,2305593.000,31.000,31.000,2305593.000,31.000,1,1,pnp_visible_ransac,9,1.969,-76.2937,1.528556,4.866552,17.4372,,
2026-09-04T10:52:46.905,26,ACQUIRE_VERIFY,ACQUIRE_VERIFY,114,4,1788486766839.008,133.031,timestamp_domain.system_time,2305687.000,125.000,1,2305687.000,2305703.000,16.000,16.000,2305718.000,31.000,1,1,pnp_visible_ransac,9,1.396,-73.7819,1.542457,4.976183,17.2218,,
2026-09-04T10:52:46.986,27,ACQUIRE_VERIFY,ACQUIRE_VERIFY,117,3,1788486766938.780,99.772,timestamp_domain.system_time,2305781.000,94.000,1,2305781.000,2305796.000,15.000,15.000,2305796.000,15.000,0,0,,,,,,,,,
2026-09-04T10:52:47.077,28,ACQUIRE_VERIFY,ACQUIRE_VERIFY,120,3,1788486767038.721,99.941,timestamp_domain.system_time,2305859.000,78.000,1,2305859.000,2305890.000,31.000,31.000,2305890.000,31.000,1,1,pnp_visible_ransac,9,1.989,-76.2845,1.530060,4.870639,17.4396,,
2026-09-04T10:52:47.168,29,ACQUIRE_VERIFY,ACQUIRE_VERIFY,123,3,1788486767138.775,100.054,timestamp_domain.system_time,2305937.000,78.000,1,2305937.000,2305968.000,31.000,31.000,2305968.000,31.000,1,1,pnp_visible_ransac,9,3.621,-54.5154,1.624363,5.510595,16.4240,,
2026-09-04T10:52:47.238,30,ACQUIRE_VERIFY,ACQUIRE_VERIFY,125,2,1788486767205.515,66.740,timestamp_domain.system_time,2306031.000,94.000,1,2306031.000,2306046.000,15.000,15.000,2306046.000,15.000,1,1,pnp_visible_ransac,9,2.396,-77.5801,1.517139,4.793491,17.5626,,
2026-09-04T10:52:47.319,31,ACQUIRE_VERIFY,ACQUIRE_VERIFY,128,3,1788486767305.657,100.143,timestamp_domain.system_time,2306109.000,78.000,1,2306109.000,2306125.000,16.000,16.000,2306125.000,16.000,1,1,pnp_visible_ransac,9,1.612,-74.1991,1.543817,4.966066,17.2691,,
2026-09-04T10:52:47.411,32,ACQUIRE_VERIFY,ACQUIRE_VERIFY,130,2,1788486767372.283,66.626,timestamp_domain.system_time,2306203.000,94.000,1,2306203.000,2306218.000,15.000,15.000,2306218.000,15.000,1,1,pnp_visible_ransac,9,2.046,-76.9654,1.524570,4.840950,17.4809,,
2026-09-04T10:52:47.502,33,ACQUIRE_VERIFY,ACQUIRE_VERIFY,132,2,1788486767438.894,66.611,timestamp_domain.system_time,2306281.000,78.000,1,2306281.000,2306312.000,31.000,31.000,2306312.000,31.000,1,1,pnp_visible_ransac,9,1.795,-75.4645,1.535420,4.916316,17.3442,,
2026-09-04T10:52:47.582,34,ACQUIRE_VERIFY,ACQUIRE_VERIFY,135,3,1788486767538.976,100.082,timestamp_domain.system_time,2306375.000,94.000,1,2306375.000,2306390.000,15.000,15.000,2306390.000,15.000,1,1,pnp_visible_ransac,9,1.664,-74.2373,1.542611,4.958818,17.2801,,
2026-09-04T10:52:47.662,35,ACQUIRE_VERIFY,ACQUIRE_VERIFY,137,2,1788486767605.637,66.661,timestamp_domain.system_time,2306453.000,78.000,1,2306453.000,2306468.000,15.000,15.000,2306468.000,15.000,0,0,,,,,,,,,
2026-09-04T10:52:47.762,36,ACQUIRE_VERIFY,ACQUIRE_VERIFY,140,3,1788486767706.381,100.744,timestamp_domain.system_time,2306531.000,78.000,1,2306546.000,2306562.000,16.000,31.000,2306562.000,31.000,1,1,pnp_visible_ransac,9,1.968,-76.2780,1.529564,4.862645,17.4612,0,0
2026-09-04T10:52:47.906,37,ACQUIRE_VERIFY,ACQUIRE_VERIFY,144,4,1788486767839.943,133.562,timestamp_domain.system_time,2306687.000,156.000,1,2306687.000,2306718.000,31.000,31.000,2306718.000,31.000,1,1,pnp_visible_ransac,9,1.156,-64.8683,1.661250,5.426237,17.0220,1,1
2026-09-04T10:52:47.999,38,ACQUIRE_VERIFY,ACQUIRE_VERIFY,148,4,1788486767972.996,133.053,timestamp_domain.system_time,2306781.000,94.000,1,2306781.000,2306812.000,31.000,31.000,2306812.000,31.000,1,1,pnp_visible_ransac,9,1.661,-75.4927,1.532000,4.898235,17.3679,2,2
2026-09-04T10:52:48.100,39,ACQUIRE_VERIFY,ACQUIRE_VERIFY,150,2,1788486768039.189,66.193,timestamp_domain.system_time,2306875.000,94.000,1,2306890.000,2306890.000,0.000,15.000,2306906.000,31.000,1,1,pnp_visible_ransac,9,3.950,-51.9558,1.611432,5.532573,16.2389,3,3
2026-09-04T10:52:48.201,40,ACQUIRE_VERIFY,ACQUIRE_VERIFY,153,3,1788486768139.420,100.231,timestamp_domain.system_time,2306984.000,109.000,1,2306984.000,2307015.000,31.000,31.000,2307015.000,31.000,1,1,pnp_visible_ransac,9,3.983,-51.1107,1.604471,5.514447,16.2228,4,4
2026-09-04T10:52:48.312,41,ACQUIRE_VERIFY,ACQUIRE_VERIFY,157,4,1788486768272.786,133.365,timestamp_domain.system_time,2307093.000,109.000,1,2307093.000,2307125.000,32.000,32.000,2307125.000,32.000,1,1,pnp_visible_ransac,9,1.710,-75.3876,1.534824,4.922700,17.3167,5,5
2026-09-04T10:52:48.442,42,SEARCH_SWEEP,SEARCH_SWEEP,161,4,1788486768406.285,133.499,timestamp_domain.system_time,2307218.000,125.000,1,2307218.000,2307250.000,32.000,32.000,2307250.000,32.000,0,0,,,,,,,,6,6
2026-09-04T10:52:48.559,43,SEARCH_SWEEP,SEARCH_SWEEP,164,3,1788486768506.108,99.824,timestamp_domain.system_time,2307343.000,125.000,1,2307343.000,2307359.000,16.000,16.000,2307359.000,16.000,0,0,,,,,,,,7,7
2026-09-04T10:52:48.743,44,SEARCH_SWEEP,SEARCH_SWEEP,167,3,1788486768606.373,100.265,timestamp_domain.system_time,2307453.000,110.000,1,2307453.000,2307546.000,93.000,93.000,2307546.000,93.000,1,1,pnp_visible_ransac,9,2.039,-76.4794,1.527715,4.848620,17.4887,8,8
2026-09-04T10:52:48.911,45,ACQUIRE_VERIFY,ACQUIRE_VERIFY,175,8,1788486768873.253,266.880,timestamp_domain.system_time,2307687.000,234.000,1,2307703.000,2307718.000,15.000,31.000,2307718.000,31.000,1,1,pnp_visible_ransac,9,2.342,-79.5619,1.491301,4.715632,17.5494,9,9
2026-09-04T10:52:49.033,46,ACQUIRE_VERIFY,ACQUIRE_VERIFY,178,3,1788486768973.252,99.999,timestamp_domain.system_time,2307812.000,125.000,1,2307812.000,2307843.000,31.000,31.000,2307843.000,31.000,1,1,pnp_visible_ransac,9,4.599,-35.4829,1.438442,5.322988,15.1220,10,10
2026-09-04T10:52:49.153,47,ACQUIRE_VERIFY,ACQUIRE_VERIFY,182,4,1788486769106.698,133.446,timestamp_domain.system_time,2307937.000,125.000,1,2307937.000,2307953.000,16.000,16.000,2307953.000,16.000,1,1,pnp_visible_ransac,9,4.499,-41.3110,1.510536,5.448416,15.4957,11,11
2026-09-04T10:52:49.263,48,ACQUIRE_VERIFY,ACQUIRE_VERIFY,185,3,1788486769206.694,99.996,timestamp_domain.system_time,2308046.000,109.000,1,2308046.000,2308062.000,16.000,16.000,2308078.000,32.000,1,1,pnp_visible_ransac,9,1.477,-74.4091,1.528273,4.959439,17.1269,12,12
2026-09-04T10:52:49.364,49,ACQUIRE_VERIFY,ACQUIRE_VERIFY,188,3,1788486769306.722,100.028,timestamp_domain.system_time,2308156.000,110.000,1,2308156.000,2308171.000,15.000,15.000,2308171.000,15.000,1,1,pnp_visible_ransac,9,4.454,-36.6104,1.456397,5.369349,15.1759,13,13
2026-09-04T10:52:49.468,50,ACQUIRE_VERIFY,ACQUIRE_VERIFY,191,3,1788486769406.812,100.090,timestamp_domain.system_time,2308250.000,94.000,1,2308250.000,2308281.000,31.000,31.000,2308281.000,31.000,1,1,pnp_visible_ransac,9,3.927,-48.3135,1.576043,5.511061,15.9594,14,14
2026-09-04T10:52:49.581,51,ACQUIRE_VERIFY,ACQUIRE_VERIFY,194,3,1788486769506.890,100.078,timestamp_domain.system_time,2308343.000,93.000,1,2308343.000,2308375.000,32.000,32.000,2308390.000,47.000,1,1,pnp_visible_ransac,9,3.683,-47.7730,1.576150,5.546270,15.8642,15,15
2026-09-04T10:52:49.702,52,ACQUIRE_VERIFY,ACQUIRE_VERIFY,198,4,1788486769640.429,133.540,timestamp_domain.system_time,2308484.000,141.000,1,2308484.000,2308515.000,31.000,31.000,2308515.000,31.000,1,1,pnp_visible_ransac,9,4.706,-28.8737,1.350137,5.176602,14.6180,16,16
2026-09-04T10:52:49.822,53,ACQUIRE_VERIFY,ACQUIRE_VERIFY,201,3,1788486769740.550,100.120,timestamp_domain.system_time,2308593.000,109.000,1,2308609.000,2308625.000,16.000,32.000,2308625.000,32.000,1,1,pnp_visible_ransac,8,4.404,-23.4263,1.227689,4.855657,14.1891,17,17
2026-09-04T10:52:49.942,54,ACQUIRE_VERIFY,ACQUIRE_VERIFY,206,5,1788486769907.019,166.470,timestamp_domain.system_time,2308718.000,125.000,1,2308718.000,2308734.000,16.000,16.000,2308750.000,32.000,1,1,pnp_visible_ransac,9,4.669,-33.2082,1.408672,5.285322,14.9239,18,18
2026-09-04T10:52:50.043,55,ACQUIRE_VERIFY,ACQUIRE_VERIFY,209,3,1788486770007.069,100.050,timestamp_domain.system_time,2308828.000,110.000,1,2308828.000,2308843.000,15.000,15.000,2308843.000,15.000,1,1,pnp_visible_ransac,9,4.292,-44.8886,1.542376,5.482879,15.7117,19,19
2026-09-04T10:52:50.149,56,ACQUIRE_VERIFY,ACQUIRE_VERIFY,212,3,1788486770107.058,99.989,timestamp_domain.system_time,2308921.000,93.000,1,2308921.000,2308953.000,32.000,32.000,2308953.000,32.000,1,1,pnp_visible_ransac,9,3.960,-44.4667,1.545844,5.509160,15.6739,20,20
2026-09-04T10:52:50.249,57,ACQUIRE_VERIFY,ACQUIRE_VERIFY,215,3,1788486770207.196,100.137,timestamp_domain.system_time,2309031.000,110.000,1,2309031.000,2309062.000,31.000,31.000,2309062.000,31.000,1,1,pnp_visible_ransac,9,4.050,-46.9303,1.559245,5.498289,15.8327,21,21
2026-09-04T10:52:50.346,58,ACQUIRE_VERIFY,ACQUIRE_VERIFY,218,3,1788486770307.260,100.064,timestamp_domain.system_time,2309125.000,94.000,1,2309140.000,2309156.000,16.000,31.000,2309156.000,31.000,1,1,pnp_visible_ransac,9,4.458,-37.5174,1.466877,5.388477,15.2283,22,22
2026-09-04T10:52:50.447,59,ACQUIRE_VERIFY,ACQUIRE_VERIFY,221,3,1788486770407.349,100.089,timestamp_domain.system_time,2309218.000,93.000,1,2309234.000,2309250.000,16.000,32.000,2309250.000,32.000,1,1,pnp_visible_ransac,9,4.054,-44.7146,1.541123,5.484139,15.6961,23,23
2026-09-04T10:52:50.558,60,ACQUIRE_VERIFY,ACQUIRE_VERIFY,224,3,1788486770507.363,100.013,timestamp_domain.system_time,2309343.000,125.000,1,2309343.000,2309359.000,16.000,16.000,2309359.000,16.000,1,1,pnp_visible_ransac,9,4.707,-28.6423,1.342199,5.159263,14.5824,24,24
2026-09-04T10:52:50.688,61,ACQUIRE_VERIFY,ACQUIRE_VERIFY,228,4,1788486770640.746,133.384,timestamp_domain.system_time,2309453.000,110.000,1,2309468.000,2309484.000,16.000,31.000,2309500.000,47.000,1,1,pnp_visible_ransac,9,4.968,-34.8165,1.419117,5.295434,15.0021,25,25
2026-09-04T10:52:50.795,62,ACQUIRE_VERIFY,ACQUIRE_VERIFY,231,3,1788486770740.864,100.118,timestamp_domain.system_time,2309578.000,125.000,1,2309578.000,2309609.000,31.000,31.000,2309609.000,31.000,1,1,pnp_visible_ransac,9,3.435,-50.1884,1.596517,5.541088,16.0729,26,26
2026-09-04T10:52:50.905,63,ACQUIRE_VERIFY,ACQUIRE_VERIFY,234,3,1788486770841.899,101.034,timestamp_domain.system_time,2309687.000,109.000,1,2309687.000,2309718.000,31.000,31.000,2309718.000,31.000,1,1,pnp_visible_ransac,9,4.216,-38.6083,1.481027,5.399467,15.3385,27,27
2026-09-04T10:52:51.025,64,ACQUIRE_VERIFY,ACQUIRE_VERIFY,238,4,1788486770974.233,132.334,timestamp_domain.system_time,2309796.000,109.000,1,2309796.000,2309828.000,32.000,32.000,2309828.000,32.000,1,1,pnp_visible_ransac,9,4.130,-40.5693,1.508063,5.454294,15.4556,28,28
2026-09-04T10:52:51.165,65,ACQUIRE_VERIFY,ACQUIRE_VERIFY,242,4,1788486771108.089,133.856,timestamp_domain.system_time,2309937.000,141.000,1,2309937.000,2309968.000,31.000,31.000,2309968.000,31.000,1,1,pnp_visible_ransac,9,5.125,-33.6427,1.401146,5.255417,14.9284,29,29
2026-09-04T10:52:51.286,66,ACQUIRE_VERIFY,ACQUIRE_VERIFY,246,4,1788486771241.155,133.066,timestamp_domain.system_time,2310046.000,109.000,1,2310062.000,2310078.000,16.000,32.000,2310093.000,47.000,1,1,pnp_visible_ransac,8,4.260,-24.3698,1.250666,4.910364,14.2894,30,30
2026-09-04T10:52:51.386,67,ACQUIRE_VERIFY,ACQUIRE_VERIFY,249,3,1788486771341.126,99.972,timestamp_domain.system_time,2310171.000,125.000,1,2310171.000,2310187.000,16.000,16.000,2310187.000,16.000,1,1,pnp_visible_ransac,9,4.431,-41.4780,1.508738,5.457162,15.4545,31,31
2026-09-04T10:52:51.497,68,ACQUIRE_VERIFY,ACQUIRE_VERIFY,252,3,1788486771441.289,100.162,timestamp_domain.system_time,2310281.000,110.000,1,2310281.000,2310296.000,15.000,15.000,2310312.000,31.000,1,1,pnp_visible_ransac,9,5.024,-27.0756,1.310452,5.080591,14.4632,,
2026-09-04T10:52:51.597,69,ACQUIRE_VERIFY,ACQUIRE_VERIFY,255,3,1788486771541.728,100.439,timestamp_domain.system_time,2310375.000,94.000,1,2310390.000,2310406.000,16.000,31.000,2310406.000,31.000,1,1,pnp_visible_ransac,8,4.196,-26.3471,1.282369,4.978921,14.4432,,
2026-09-04T10:52:51.697,70,ACQUIRE_VERIFY,ACQUIRE_VERIFY,258,3,1788486771641.206,99.478,timestamp_domain.system_time,2310468.000,93.000,1,2310468.000,2310500.000,32.000,32.000,2310500.000,32.000,1,1,pnp_visible_ransac,9,4.035,-38.3427,1.484046,5.431125,15.2829,,
2026-09-04T10:52:51.808,71,ACQUIRE_VERIFY,ACQUIRE_VERIFY,261,3,1788486771742.488,101.282,timestamp_domain.system_time,2310578.000,110.000,1,2310578.000,2310609.000,31.000,31.000,2310609.000,31.000,1,1,pnp_visible_ransac,9,4.375,-40.7163,1.501566,5.440038,15.4306,,
2026-09-04T10:52:51.920,72,ACQUIRE_VERIFY,ACQUIRE_VERIFY,262,1,1788486771775.314,32.826,timestamp_domain.system_time,2310703.000,125.000,1,2310703.000,2310734.000,31.000,31.000,2310734.000,31.000,1,1,pnp_visible_ransac,9,4.714,-36.5668,1.446051,5.339720,15.1528,,
2026-09-04T10:52:52.039,73,ACQUIRE_VERIFY,ACQUIRE_VERIFY,268,6,1788486771974.986,199.672,timestamp_domain.system_time,2310812.000,109.000,1,2310812.000,2310843.000,31.000,31.000,2310843.000,31.000,1,1,pnp_visible_ransac,9,4.686,-32.0902,1.391542,5.256752,14.8270,,
2026-09-04T10:52:52.139,74,ACQUIRE_VERIFY,ACQUIRE_VERIFY,272,4,1788486772108.169,133.183,timestamp_domain.system_time,2310921.000,109.000,1,2310921.000,2310953.000,32.000,32.000,2310953.000,32.000,1,1,pnp_visible_ransac,9,4.360,-40.1259,1.494016,5.416051,15.4215,,
2026-09-04T10:52:52.250,75,ACQUIRE_VERIFY,ACQUIRE_VERIFY,275,3,1788486772208.269,100.100,timestamp_domain.system_time,2311031.000,110.000,1,2311031.000,2311046.000,15.000,15.000,2311062.000,31.000,1,1,pnp_visible_ransac,9,3.962,-44.5994,1.547075,5.508968,15.6862,,
2026-09-04T10:52:52.361,76,ACQUIRE_VERIFY,ACQUIRE_VERIFY,278,3,1788486772308.506,100.237,timestamp_domain.system_time,2311140.000,109.000,1,2311140.000,2311171.000,31.000,31.000,2311171.000,31.000,1,1,pnp_visible_ransac,9,4.636,-35.0197,1.429625,5.314032,15.0577,,
2026-09-04T10:52:52.472,77,ACQUIRE_VERIFY,ACQUIRE_VERIFY,281,3,1788486772408.342,99.836,timestamp_domain.system_time,2311250.000,110.000,1,2311250.000,2311281.000,31.000,31.000,2311281.000,31.000,1,1,pnp_visible_ransac,9,4.574,-30.1756,1.371857,5.227937,14.7034,,
2026-09-04T10:52:52.584,78,ACQUIRE_VERIFY,ACQUIRE_VERIFY,285,4,1788486772541.806,133.464,timestamp_domain.system_time,2311359.000,109.000,1,2311375.000,2311390.000,15.000,31.000,2311390.000,31.000,1,1,pnp_visible_ransac,9,4.932,-36.7414,1.444777,5.331402,15.1626,,
2026-09-04T10:52:52.684,79,ACQUIRE_VERIFY,ACQUIRE_VERIFY,288,3,1788486772641.905,100.099,timestamp_domain.system_time,2311468.000,109.000,1,2311468.000,2311484.000,16.000,16.000,2311484.000,16.000,1,1,pnp_visible_ransac,9,4.652,-34.6222,1.426364,5.315155,15.0218,,
2026-09-04T10:52:52.795,80,ACQUIRE_VERIFY,ACQUIRE_VERIFY,291,3,1788486772742.078,100.173,timestamp_domain.system_time,2311578.000,110.000,1,2311578.000,2311593.000,15.000,15.000,2311609.000,31.000,1,1,pnp_visible_ransac,9,4.351,-40.0943,1.497041,5.438908,15.3894,,
2026-09-04T10:52:52.896,81,SEARCH_SWEEP,SEARCH_SWEEP,292,1,1788486772775.323,33.246,timestamp_domain.system_time,2311671.000,93.000,1,2311671.000,2311687.000,16.000,16.000,2311703.000,32.000,1,1,pnp_visible_ransac,9,4.492,-39.0714,1.484784,5.422346,15.3137,,
2026-09-04T10:52:52.997,82,ACQUIRE_VERIFY,ACQUIRE_VERIFY,297,5,1788486772942.081,166.758,timestamp_domain.system_time,2311781.000,110.000,1,2311781.000,2311812.000,31.000,31.000,2311812.000,31.000,1,1,pnp_visible_ransac,9,4.570,-24.4136,1.278439,5.018517,14.2918,,
2026-09-04T10:52:53.098,83,ACQUIRE_VERIFY,ACQUIRE_VERIFY,300,3,1788486773042.107,100.026,timestamp_domain.system_time,2311875.000,94.000,1,2311875.000,2311890.000,15.000,15.000,2311906.000,31.000,1,1,pnp_visible_ransac,9,4.393,-41.4232,1.506981,5.439235,15.4858,,
2026-09-04T10:52:53.199,84,ACQUIRE_VERIFY,ACQUIRE_VERIFY,303,3,1788486773142.063,99.957,timestamp_domain.system_time,2311968.000,93.000,1,2311984.000,2312000.000,16.000,32.000,2312000.000,32.000,1,1,pnp_visible_ransac,9,4.802,-33.0563,1.402161,5.264166,14.9150,,
2026-09-04T10:52:53.339,85,ACQUIRE_VERIFY,ACQUIRE_VERIFY,307,4,1788486773276.639,134.576,timestamp_domain.system_time,2312093.000,125.000,1,2312109.000,2312140.000,31.000,47.000,2312140.000,47.000,1,1,pnp_visible_ransac,9,4.039,-45.5109,1.548378,5.492068,15.7447,,
2026-09-04T10:52:53.510,86,ACQUIRE_VERIFY,ACQUIRE_VERIFY,312,5,1788486773443.536,166.897,timestamp_domain.system_time,2312265.000,172.000,1,2312265.000,2312312.000,47.000,47.000,2312312.000,47.000,1,1,pnp_visible_ransac,9,4.599,-30.5038,1.373042,5.211257,14.7606,,
2026-09-04T10:52:53.630,87,ACQUIRE_VERIFY,ACQUIRE_VERIFY,316,4,1788486773577.306,133.770,timestamp_domain.system_time,2312406.000,141.000,1,2312406.000,2312437.000,31.000,31.000,2312437.000,31.000,1,1,pnp_visible_ransac,9,3.811,-49.0837,1.579708,5.529024,15.9453,,
2026-09-04T10:52:53.762,88,ACQUIRE_VERIFY,ACQUIRE_VERIFY,320,4,1788486773710.766,133.460,timestamp_domain.system_time,2312546.000,140.000,1,2312546.000,2312562.000,16.000,16.000,2312562.000,16.000,1,1,pnp_visible_ransac,9,4.768,-31.3697,1.379571,5.223164,14.7954,,
2026-09-04T10:52:53.875,89,ACQUIRE_VERIFY,ACQUIRE_VERIFY,322,2,1788486773777.573,66.807,timestamp_domain.system_time,2312656.000,110.000,1,2312656.000,2312687.000,31.000,31.000,2312687.000,31.000,1,1,pnp_visible_ransac,9,4.044,-44.0275,1.535973,5.468070,15.6900,,
2026-09-04T10:52:53.985,90,ACQUIRE_VERIFY,ACQUIRE_VERIFY,327,5,1788486773944.317,166.743,timestamp_domain.system_time,2312765.000,109.000,1,2312765.000,2312796.000,31.000,31.000,2312796.000,31.000,1,1,pnp_visible_ransac,9,4.173,-45.1065,1.543562,5.485568,15.7159,,
2026-09-04T10:52:54.216,91,ACQUIRE_VERIFY,ACQUIRE_VERIFY,334,7,1788486774175.964,231.647,timestamp_domain.system_time,2313000.000,235.000,1,2313000.000,2313031.000,31.000,31.000,2313031.000,31.000,1,1,pnp_visible_ransac,9,4.201,-45.0246,1.542469,5.477007,15.7286,,
2026-09-04T10:52:54.348,92,ACQUIRE_VERIFY,ACQUIRE_VERIFY,337,3,1788486774277.817,101.853,timestamp_domain.system_time,2313125.000,125.000,1,2313125.000,2313140.000,15.000,15.000,2313156.000,31.000,1,1,pnp_visible_ransac,9,3.998,-47.2989,1.559997,5.475403,15.9028,,
2026-09-04T10:52:54.488,93,ACQUIRE_VERIFY,ACQUIRE_VERIFY,341,4,1788486774411.350,133.533,timestamp_domain.system_time,2313250.000,125.000,1,2313265.000,2313296.000,31.000,46.000,2313296.000,46.000,1,1,pnp_visible_ransac,9,4.529,-42.7148,1.516208,5.452976,15.5387,,
2026-09-04T10:52:54.619,94,ACQUIRE_VERIFY,ACQUIRE_VERIFY,345,4,1788486774544.223,132.873,timestamp_domain.system_time,2313390.000,140.000,1,2313390.000,2313421.000,31.000,31.000,2313421.000,31.000,1,1,pnp_visible_ransac,9,4.360,-34.2909,1.427492,5.331087,14.9903,,
2026-09-04T10:52:54.719,95,ACQUIRE_VERIFY,ACQUIRE_VERIFY,349,4,1788486774677.776,133.553,timestamp_domain.system_time,2313500.000,110.000,1,2313500.000,2313531.000,31.000,31.000,2313531.000,31.000,1,1,pnp_visible_ransac,9,4.375,-41.3660,1.507115,5.448304,15.4626,,
2026-09-04T10:52:54.840,96,ACQUIRE_VERIFY,ACQUIRE_VERIFY,352,3,1788486774778.009,100.234,timestamp_domain.system_time,2313609.000,109.000,1,2313625.000,2313640.000,15.000,31.000,2313640.000,31.000,1,1,pnp_visible_ransac,9,4.633,-33.9254,1.417974,5.303402,14.9691,,
2026-09-04T10:52:54.941,97,ACQUIRE_VERIFY,ACQUIRE_VERIFY,356,4,1788486774911.423,133.414,timestamp_domain.system_time,2313734.000,125.000,1,2313734.000,2313750.000,16.000,16.000,2313750.000,16.000,1,1,pnp_visible_ransac,9,4.412,-38.8742,1.478855,5.400114,15.3153,,
2026-09-04T10:52:55.062,98,ACQUIRE_VERIFY,ACQUIRE_VERIFY,359,3,1788486775011.396,99.973,timestamp_domain.system_time,2313828.000,94.000,1,2313828.000,2313859.000,31.000,31.000,2313875.000,47.000,1,1,pnp_visible_ransac,9,4.824,-25.2572,1.288503,5.045166,14.3267,,
2026-09-04T10:52:55.183,99,ACQUIRE_VERIFY,ACQUIRE_VERIFY,362,3,1788486775111.387,99.991,timestamp_domain.system_time,2313953.000,125.000,1,2313953.000,2313984.000,31.000,31.000,2313984.000,31.000,1,1,pnp_visible_ransac,9,4.868,-30.7948,1.369153,5.200344,14.7502,,
2026-09-04T10:52:55.294,100,ACQUIRE_VERIFY,ACQUIRE_VERIFY,366,4,1788486775244.995,133.608,timestamp_domain.system_time,2314078.000,125.000,1,2314078.000,2314093.000,15.000,15.000,2314109.000,31.000,1,1,pnp_visible_ransac,9,4.673,-37.4062,1.460442,5.376936,15.1956,,
2026-09-04T10:52:55.394,101,ACQUIRE_VERIFY,ACQUIRE_VERIFY,369,3,1788486775344.690,99.695,timestamp_domain.system_time,2314171.000,93.000,1,2314171.000,2314203.000,32.000,32.000,2314203.000,32.000,1,1,pnp_visible_ransac,8,4.332,-28.3173,1.307250,5.024252,14.5843,,
2026-09-04T10:52:55.536,102,ACQUIRE_VERIFY,ACQUIRE_VERIFY,373,4,1788486775478.370,133.681,timestamp_domain.system_time,2314296.000,125.000,1,2314296.000,2314328.000,32.000,32.000,2314343.000,47.000,1,1,pnp_visible_ransac,9,4.611,-28.6855,1.345561,5.165658,14.6001,,
2026-09-04T10:52:55.653,103,ACQUIRE_VERIFY,ACQUIRE_VERIFY,377,4,1788486775611.773,133.403,timestamp_domain.system_time,2314437.000,141.000,1,2314437.000,2314468.000,31.000,31.000,2314468.000,31.000,1,1,pnp_visible_ransac,9,4.361,-43.6327,1.528315,5.466106,15.6209,,
2026-09-04T10:52:55.784,104,ACQUIRE_VERIFY,ACQUIRE_VERIFY,380,3,1788486775712.050,100.277,timestamp_domain.system_time,2314546.000,109.000,1,2314546.000,2314593.000,47.000,47.000,2314593.000,47.000,1,1,pnp_visible_ransac,9,4.154,-44.5068,1.541500,5.485049,15.6973,,
2026-09-04T10:52:55.914,105,ACQUIRE_VERIFY,ACQUIRE_VERIFY,382,2,1788486775778.637,66.587,timestamp_domain.system_time,2314671.000,125.000,1,2314687.000,2314718.000,31.000,47.000,2314718.000,47.000,1,1,pnp_visible_ransac,9,4.390,-40.0192,1.493793,5.424925,15.3953,,
2026-09-04T10:52:56.034,106,ACQUIRE_VERIFY,ACQUIRE_VERIFY,388,6,1788486775978.226,199.590,timestamp_domain.system_time,2314796.000,125.000,1,2314796.000,2314828.000,32.000,32.000,2314843.000,47.000,1,1,pnp_visible_ransac,9,4.476,-39.3544,1.482153,5.400272,15.3474,,
2026-09-04T10:52:56.147,107,ACQUIRE_VERIFY,ACQUIRE_VERIFY,391,3,1788486776078.612,100.385,timestamp_domain.system_time,2314906.000,110.000,1,2314921.000,2314953.000,32.000,47.000,2314953.000,47.000,1,1,pnp_visible_ransac,9,3.531,-50.0707,1.592007,5.533447,16.0509,,
2026-09-04T10:52:56.256,108,ACQUIRE_VERIFY,ACQUIRE_VERIFY,395,4,1788486776212.052,133.441,timestamp_domain.system_time,2315031.000,125.000,1,2315031.000,2315062.000,31.000,31.000,2315062.000,31.000,1,1,pnp_visible_ransac,9,3.714,-51.0104,1.592791,5.518372,16.0999,,
2026-09-04T10:52:56.367,109,ACQUIRE_VERIFY,ACQUIRE_VERIFY,398,3,1788486776311.581,99.528,timestamp_domain.system_time,2315140.000,109.000,1,2315140.000,2315171.000,31.000,31.000,2315171.000,31.000,1,1,pnp_visible_ransac,9,3.817,-46.6904,1.560277,5.501719,15.8332,,
2026-09-04T10:52:56.484,110,ACQUIRE_VERIFY,ACQUIRE_VERIFY,402,4,1788486776444.500,132.919,timestamp_domain.system_time,2315265.000,125.000,1,2315265.000,2315281.000,16.000,16.000,2315296.000,31.000,1,1,pnp_visible_ransac,9,4.180,-42.8527,1.525171,5.469950,15.5799,,
2026-09-04T10:52:56.590,111,ACQUIRE_VERIFY,ACQUIRE_VERIFY,405,3,1788486776545.699,101.199,timestamp_domain.system_time,2315375.000,110.000,1,2315375.000,2315390.000,15.000,15.000,2315390.000,15.000,1,1,pnp_visible_ransac,9,4.211,-39.1270,1.488826,5.433029,15.3247,,
2026-09-04T10:52:56.701,112,ACQUIRE_VERIFY,ACQUIRE_VERIFY,408,3,1788486776645.731,100.032,timestamp_domain.system_time,2315484.000,109.000,1,2315484.000,2315515.000,31.000,31.000,2315515.000,31.000,1,1,pnp_visible_ransac,9,4.536,-31.7277,1.392813,5.257737,14.8373,,
2026-09-04T10:52:56.802,113,ACQUIRE_VERIFY,ACQUIRE_VERIFY,411,3,1788486776747.340,101.610,timestamp_domain.system_time,2315578.000,94.000,1,2315593.000,2315609.000,16.000,31.000,2315609.000,31.000,1,1,pnp_visible_ransac,9,4.744,-27.6697,1.326686,5.126418,14.5095,,
2026-09-04T10:52:56.913,114,ACQUIRE_VERIFY,ACQUIRE_VERIFY,412,1,1788486776779.986,32.646,timestamp_domain.system_time,2315687.000,109.000,1,2315703.000,2315718.000,15.000,31.000,2315718.000,31.000,1,1,pnp_visible_ransac,9,4.139,-42.9461,1.526114,5.469326,15.5908,,
2026-09-04T10:52:57.014,115,SEARCH_SWEEP,SEARCH_SWEEP,418,6,1788486776979.326,199.340,timestamp_domain.system_time,2315796.000,109.000,1,2315796.000,2315828.000,32.000,32.000,2315828.000,32.000,1,1,pnp_visible_ransac,9,4.331,-40.8980,1.503811,5.439092,15.4552,,
2026-09-04T10:52:57.125,116,ACQUIRE_VERIFY,ACQUIRE_VERIFY,421,3,1788486777079.320,99.995,timestamp_domain.system_time,2315906.000,110.000,1,2315906.000,2315937.000,31.000,31.000,2315937.000,31.000,1,1,pnp_visible_ransac,9,4.225,-43.3360,1.527768,5.467760,15.6111,,
2026-09-04T10:52:57.236,117,ACQUIRE_VERIFY,ACQUIRE_VERIFY,424,3,1788486777179.436,100.115,timestamp_domain.system_time,2316000.000,94.000,1,2316015.000,2316031.000,16.000,31.000,2316046.000,46.000,1,1,pnp_visible_ransac,9,4.030,-48.5274,1.570215,5.499398,15.9354,,
2026-09-04T10:52:57.337,118,ACQUIRE_VERIFY,ACQUIRE_VERIFY,427,3,1788486777279.677,100.242,timestamp_domain.system_time,2316109.000,109.000,1,2316109.000,2316140.000,31.000,31.000,2316140.000,31.000,1,1,pnp_visible_ransac,9,4.052,-43.2166,1.530989,5.483363,15.6001,,
2026-09-04T10:52:57.438,119,ACQUIRE_VERIFY,ACQUIRE_VERIFY,430,3,1788486777378.759,99.081,timestamp_domain.system_time,2316218.000,109.000,1,2316218.000,2316250.000,32.000,32.000,2316250.000,32.000,1,1,pnp_visible_ransac,9,4.542,-41.0538,1.502460,5.439622,15.4405,,
2026-09-04T10:52:57.549,120,ACQUIRE_VERIFY,ACQUIRE_VERIFY,433,3,1788486777479.591,100.832,timestamp_domain.system_time,2316312.000,94.000,1,2316328.000,2316343.000,15.000,31.000,2316359.000,47.000,1,1,pnp_visible_ransac,9,4.231,-42.4907,1.522328,5.471505,15.5481,,
2026-09-04T10:52:57.650,121,ACQUIRE_VERIFY,ACQUIRE_VERIFY,437,4,1788486777612.807,133.217,timestamp_domain.system_time,2316421.000,109.000,1,2316421.000,2316453.000,32.000,32.000,2316453.000,32.000,1,1,pnp_visible_ransac,9,4.403,-39.9722,1.493380,5.425615,15.3894,,
2026-09-04T10:52:57.772,122,ACQUIRE_VERIFY,ACQUIRE_VERIFY,440,3,1788486777712.807,100.000,timestamp_domain.system_time,2316546.000,125.000,1,2316546.000,2316578.000,32.000,32.000,2316578.000,32.000,1,1,pnp_visible_ransac,9,4.562,-36.3346,1.450850,5.361114,15.1429,,
2026-09-04T10:52:57.893,123,ACQUIRE_VERIFY,ACQUIRE_VERIFY,442,2,1788486777780.330,67.523,timestamp_domain.system_time,2316671.000,125.000,1,2316671.000,2316703.000,32.000,32.000,2316703.000,32.000,1,1,pnp_visible_ransac,9,4.117,-45.7829,1.551830,5.499344,15.7583,,
2026-09-04T10:52:58.004,124,ACQUIRE_VERIFY,ACQUIRE_VERIFY,447,5,1788486777945.953,165.623,timestamp_domain.system_time,2316781.000,110.000,1,2316781.000,2316812.000,31.000,31.000,2316812.000,31.000,1,1,pnp_visible_ransac,9,4.235,-41.6848,1.514435,5.467588,15.4819,,
2026-09-04T10:52:58.125,125,ACQUIRE_VERIFY,ACQUIRE_VERIFY,451,4,1788486778079.662,133.709,timestamp_domain.system_time,2316890.000,109.000,1,2316906.000,2316937.000,31.000,47.000,2316937.000,47.000,1,1,pnp_visible_ransac,9,4.065,-42.9937,1.531402,5.487674,15.5924,,
2026-09-04T10:52:58.226,126,ACQUIRE_VERIFY,ACQUIRE_VERIFY,454,3,1788486778179.824,100.162,timestamp_domain.system_time,2317015.000,125.000,1,2317015.000,2317031.000,16.000,16.000,2317031.000,16.000,1,1,pnp_visible_ransac,9,3.894,-46.7950,1.564881,5.513858,15.8444,,
2026-09-04T10:52:58.337,127,ACQUIRE_VERIFY,ACQUIRE_VERIFY,457,3,1788486778279.958,100.135,timestamp_domain.system_time,2317109.000,94.000,1,2317109.000,2317140.000,31.000,31.000,2317140.000,31.000,1,1,pnp_visible_ransac,9,3.793,-48.0795,1.574370,5.523124,15.9102,,
2026-09-04T10:52:58.449,128,ACQUIRE_VERIFY,ACQUIRE_VERIFY,460,3,1788486778381.632,101.673,timestamp_domain.system_time,2317218.000,109.000,1,2317234.000,2317250.000,16.000,32.000,2317250.000,32.000,1,1,pnp_visible_ransac,9,4.029,-46.0635,1.553576,5.487327,15.8079,,
2026-09-04T10:52:58.589,129,ACQUIRE_VERIFY,ACQUIRE_VERIFY,464,4,1788486778513.311,131.679,timestamp_domain.system_time,2317343.000,125.000,1,2317359.000,2317390.000,31.000,47.000,2317390.000,47.000,1,1,pnp_visible_ransac,9,4.445,-34.9208,1.435506,5.336633,15.0557,,
2026-09-04T10:52:58.811,130,ACQUIRE_VERIFY,ACQUIRE_VERIFY,469,5,1788486778680.005,166.694,timestamp_domain.system_time,2317515.000,172.000,1,2317515.000,2317609.000,94.000,94.000,2317625.000,110.000,1,1,pnp_visible_ransac,9,3.487,-50.9485,1.596097,5.528286,16.1042,,
2026-09-04T10:52:59.022,131,ACQUIRE_VERIFY,ACQUIRE_VERIFY,477,8,1788486778947.076,267.071,timestamp_domain.system_time,2317765.000,250.000,1,2317781.000,2317828.000,47.000,63.000,2317828.000,63.000,1,1,pnp_visible_ransac,9,4.567,-35.5268,1.438939,5.337355,15.0881,,
2026-09-04T10:52:59.162,132,ACQUIRE_VERIFY,ACQUIRE_VERIFY,481,4,1788486779080.241,133.164,timestamp_domain.system_time,2317921.000,156.000,1,2317921.000,2317968.000,47.000,47.000,2317968.000,47.000,1,1,pnp_visible_ransac,9,4.329,-44.3299,1.535922,5.486009,15.6407,,
2026-09-04T10:52:59.351,133,ACQUIRE_VERIFY,ACQUIRE_VERIFY,487,6,1788486779280.242,200.002,timestamp_domain.system_time,2318093.000,172.000,1,2318109.000,2318156.000,47.000,63.000,2318156.000,63.000,1,1,pnp_visible_ransac,9,4.097,-44.1509,1.538576,5.481609,15.6783,,
2026-09-04T10:52:59.551,134,ACQUIRE_VERIFY,ACQUIRE_VERIFY,493,6,1788486779479.339,199.096,timestamp_domain.system_time,2318328.000,235.000,1,2318328.000,2318359.000,31.000,31.000,2318359.000,31.000,1,1,pnp_visible_ransac,9,3.999,-46.5384,1.557415,5.502000,15.8049,,
2026-09-04T10:52:59.682,135,ACQUIRE_VERIFY,ACQUIRE_VERIFY,497,4,1788486779613.891,134.552,timestamp_domain.system_time,2318453.000,125.000,1,2318453.000,2318484.000,31.000,31.000,2318484.000,31.000,1,1,pnp_visible_ransac,9,4.337,-39.7355,1.491072,5.429338,15.3567,,
2026-09-04T10:52:59.795,136,ACQUIRE_VERIFY,ACQUIRE_VERIFY,501,4,1788486779747.249,133.358,timestamp_domain.system_time,2318578.000,125.000,1,2318578.000,2318609.000,31.000,31.000,2318609.000,31.000,1,1,pnp_visible_ransac,9,3.670,-49.5339,1.588654,5.541384,15.9970,,
2026-09-04T10:52:59.922,137,ACQUIRE_VERIFY,ACQUIRE_VERIFY,503,2,1788486779814.162,66.914,timestamp_domain.system_time,2318687.000,109.000,1,2318687.000,2318718.000,31.000,31.000,2318734.000,47.000,1,1,pnp_visible_ransac,9,4.078,-42.7314,1.525320,5.470227,15.5806,,
2026-09-04T10:53:00.010,138,ACQUIRE_VERIFY,ACQUIRE_VERIFY,508,5,1788486779979.342,165.179,timestamp_domain.system_time,2318796.000,109.000,1,2318796.000,2318812.000,16.000,16.000,2318812.000,16.000,1,1,pnp_visible_ransac,9,3.864,-44.6090,1.548024,5.508081,15.6978,,
2026-09-04T10:53:00.077,139,ACQUIRE_VERIFY,ACQUIRE_VERIFY,510,2,1788486780045.896,66.554,timestamp_domain.system_time,2318859.000,63.000,1,2318875.000,2318890.000,15.000,31.000,2318890.000,31.000,1,1,pnp_visible_ransac,9,4.037,-48.6083,1.571792,5.517192,15.9017,,
2026-09-04T10:53:00.153,140,ACQUIRE_VERIFY,ACQUIRE_VERIFY,512,2,1788486780112.620,66.725,timestamp_domain.system_time,2318937.000,78.000,1,2318937.000,2318968.000,31.000,31.000,2318968.000,31.000,1,1,pnp_visible_ransac,9,4.376,-35.4294,1.442098,5.351330,15.0820,,
2026-09-04T10:53:00.222,141,ACQUIRE_VERIFY,ACQUIRE_VERIFY,514,2,1788486780179.147,66.526,timestamp_domain.system_time,2319015.000,78.000,1,2319015.000,2319031.000,16.000,16.000,2319031.000,16.000,1,1,pnp_visible_ransac,9,3.702,-50.1870,1.590747,5.531135,16.0452,,
2026-09-04T10:53:00.292,142,ACQUIRE_VERIFY,ACQUIRE_VERIFY,516,2,1788486780246.137,66.990,timestamp_domain.system_time,2319078.000,63.000,1,2319093.000,2319093.000,0.000,15.000,2319093.000,15.000,1,1,pnp_visible_ransac,9,4.201,-46.1722,1.552957,5.495980,15.7783,,
2026-09-04T10:53:00.366,143,ACQUIRE_VERIFY,ACQUIRE_VERIFY,519,3,1788486780346.054,99.917,timestamp_domain.system_time,2319156.000,78.000,1,2319156.000,2319171.000,15.000,15.000,2319171.000,15.000,1,1,pnp_visible_ransac,9,4.062,-42.1087,1.520853,5.472619,15.5307,,
2026-09-04T10:53:00.439,144,ACQUIRE_VERIFY,ACQUIRE_VERIFY,521,2,1788486780412.433,66.379,timestamp_domain.system_time,2319234.000,78.000,1,2319234.000,2319250.000,16.000,16.000,2319250.000,16.000,1,1,pnp_visible_ransac,9,4.263,-36.7182,1.460475,5.389115,15.1632,,
2026-09-04T10:53:00.520,145,ACQUIRE_VERIFY,ACQUIRE_VERIFY,523,2,1788486780479.257,66.824,timestamp_domain.system_time,2319312.000,78.000,1,2319312.000,2319328.000,16.000,16.000,2319328.000,16.000,1,1,pnp_visible_ransac,9,3.274,-53.4352,1.610312,5.517017,16.2715,,
2026-09-04T10:53:00.590,146,ACQUIRE_VERIFY,ACQUIRE_VERIFY,525,2,1788486780546.056,66.799,timestamp_domain.system_time,2319375.000,63.000,1,2319390.000,2319406.000,16.000,31.000,2319406.000,31.000,1,1,pnp_visible_ransac,9,4.417,-42.3294,1.516211,5.461531,15.5155,,
2026-09-04T10:53:00.671,147,ACQUIRE_VERIFY,ACQUIRE_VERIFY,528,3,1788486780646.134,100.078,timestamp_domain.system_time,2319453.000,78.000,1,2319453.000,2319484.000,31.000,31.000,2319484.000,31.000,1,1,pnp_visible_ransac,9,4.276,-40.0766,1.496753,5.429996,15.4106,,
2026-09-04T10:53:00.737,148,ACQUIRE_VERIFY,ACQUIRE_VERIFY,530,2,1788486780712.946,66.813,timestamp_domain.system_time,2319531.000,78.000,1,2319531.000,2319546.000,15.000,15.000,2319546.000,15.000,1,1,pnp_visible_ransac,9,4.226,-46.9055,1.555654,5.494302,15.8089,,
2026-09-04T10:53:00.818,149,ACQUIRE_VERIFY,ACQUIRE_VERIFY,532,2,1788486780779.487,66.541,timestamp_domain.system_time,2319609.000,78.000,1,2319609.000,2319625.000,16.000,16.000,2319625.000,16.000,1,1,pnp_visible_ransac,9,3.392,-51.2605,1.598089,5.532407,16.1119,,
2026-09-04T10:53:00.884,150,ACQUIRE_VERIFY,ACQUIRE_VERIFY,533,1,1788486780812.883,33.396,timestamp_domain.system_time,2319671.000,62.000,1,2319671.000,2319687.000,16.000,16.000,2319687.000,16.000,1,1,pnp_visible_ransac,9,3.908,-45.0402,1.550869,5.514534,15.7077,,
2026-09-04T10:53:00.977,151,ACQUIRE_VERIFY,ACQUIRE_VERIFY,536,3,1788486780912.738,99.855,timestamp_domain.system_time,2319750.000,79.000,1,2319750.000,2319781.000,31.000,31.000,2319781.000,31.000,1,1,pnp_visible_ransac,9,4.205,-43.6046,1.529593,5.466630,15.6319,,
2026-09-04T10:53:01.057,152,ACQUIRE_VERIFY,ACQUIRE_VERIFY,539,3,1788486781012.929,100.191,timestamp_domain.system_time,2319843.000,93.000,1,2319843.000,2319859.000,16.000,16.000,2319859.000,16.000,1,1,pnp_visible_ransac,9,4.073,-44.2236,1.538203,5.487073,15.6599,,
2026-09-04T10:53:01.147,153,SEARCH_SWEEP,SEARCH_SWEEP,542,3,1788486781113.295,100.366,timestamp_domain.system_time,2319921.000,78.000,1,2319921.000,2319953.000,32.000,32.000,2319953.000,32.000,1,1,pnp_visible_ransac,9,4.276,-43.7651,1.530760,5.474644,15.6215,,
2026-09-04T10:53:01.227,154,ACQUIRE_VERIFY,ACQUIRE_VERIFY,544,2,1788486781179.729,66.434,timestamp_domain.system_time,2320000.000,79.000,1,2320000.000,2320031.000,31.000,31.000,2320031.000,31.000,1,1,pnp_visible_ransac,9,4.578,-37.0630,1.456902,5.371666,15.1747,,
2026-09-04T10:53:01.307,155,ACQUIRE_VERIFY,ACQUIRE_VERIFY,546,2,1788486781246.486,66.757,timestamp_domain.system_time,2320093.000,93.000,1,2320093.000,2320109.000,16.000,16.000,2320109.000,16.000,1,1,pnp_visible_ransac,9,4.414,-38.9014,1.480790,5.411660,15.3032,,
2026-09-04T10:53:01.397,156,ACQUIRE_VERIFY,ACQUIRE_VERIFY,549,3,1788486781346.412,99.926,timestamp_domain.system_time,2320171.000,78.000,1,2320171.000,2320203.000,32.000,32.000,2320203.000,32.000,1,1,pnp_visible_ransac,9,4.756,-34.7440,1.425138,5.309993,15.0234,,
2026-09-04T10:53:01.487,157,ACQUIRE_VERIFY,ACQUIRE_VERIFY,552,3,1788486781446.452,100.040,timestamp_domain.system_time,2320265.000,94.000,1,2320265.000,2320296.000,31.000,31.000,2320296.000,31.000,1,1,pnp_visible_ransac,9,4.811,-34.8480,1.425094,5.315544,15.0080,,
2026-09-04T10:53:01.578,158,ACQUIRE_VERIFY,ACQUIRE_VERIFY,554,2,1788486781513.011,66.559,timestamp_domain.system_time,2320343.000,78.000,1,2320359.000,2320375.000,16.000,32.000,2320390.000,47.000,1,1,pnp_visible_ransac,9,4.524,-39.3953,1.482032,5.399703,15.3478,,
2026-09-04T10:53:01.661,159,ACQUIRE_VERIFY,ACQUIRE_VERIFY,557,3,1788486781613.265,100.253,timestamp_domain.system_time,2320437.000,94.000,1,2320437.000,2320453.000,16.000,16.000,2320468.000,31.000,1,1,pnp_visible_ransac,9,3.937,-47.3832,1.562218,5.493572,15.8743,,
2026-09-04T10:53:01.748,160,ACQUIRE_VERIFY,ACQUIRE_VERIFY,559,2,1788486781679.878,66.613,timestamp_domain.system_time,2320515.000,78.000,1,2320515.000,2320546.000,31.000,31.000,2320562.000,47.000,1,1,pnp_visible_ransac,9,4.482,-38.4014,1.473405,5.387630,15.2952,,
2026-09-04T10:53:01.832,161,ACQUIRE_VERIFY,ACQUIRE_VERIFY,562,3,1788486781780.016,100.138,timestamp_domain.system_time,2320609.000,94.000,1,2320609.000,2320640.000,31.000,31.000,2320640.000,31.000,1,1,pnp_visible_ransac,9,4.284,-41.3185,1.509900,5.462426,15.4516,,
2026-09-04T10:53:01.923,162,ACQUIRE_VERIFY,ACQUIRE_VERIFY,564,2,1788486781847.017,67.001,timestamp_domain.system_time,2320703.000,94.000,1,2320703.000,2320734.000,31.000,31.000,2320734.000,31.000,1,1,pnp_visible_ransac,9,4.008,-45.5590,1.548853,5.491852,15.7499,,
2026-09-04T10:53:02.019,163,ACQUIRE_VERIFY,ACQUIRE_VERIFY,568,4,1788486781980.291,133.274,timestamp_domain.system_time,2320796.000,93.000,1,2320796.000,2320828.000,32.000,32.000,2320828.000,32.000,1,1,pnp_visible_ransac,9,4.565,-39.5266,1.485489,5.408990,15.3567,,
2026-09-04T10:53:02.105,164,ACQUIRE_VERIFY,ACQUIRE_VERIFY,570,2,1788486782046.856,66.565,timestamp_domain.system_time,2320890.000,94.000,1,2320890.000,2320921.000,31.000,31.000,2320921.000,31.000,1,1,pnp_visible_ransac,9,4.268,-37.2926,1.466129,5.393435,15.2076,,
2026-09-04T10:53:02.185,165,ACQUIRE_VERIFY,ACQUIRE_VERIFY,573,3,1788486782146.878,100.022,timestamp_domain.system_time,2320968.000,78.000,1,2320968.000,2321000.000,32.000,32.000,2321000.000,32.000,1,1,pnp_visible_ransac,9,4.322,-42.4773,1.519412,5.465276,15.5366,,
2026-09-04T10:53:02.272,166,ACQUIRE_VERIFY,ACQUIRE_VERIFY,575,2,1788486782213.455,66.577,timestamp_domain.system_time,2321046.000,78.000,1,2321046.000,2321078.000,32.000,32.000,2321078.000,32.000,1,1,pnp_visible_ransac,9,4.198,-44.2048,1.534995,5.482212,15.6420,,
2026-09-04T10:53:02.353,167,ACQUIRE_VERIFY,ACQUIRE_VERIFY,578,3,1788486782313.677,100.222,timestamp_domain.system_time,2321125.000,79.000,1,2321125.000,2321156.000,31.000,31.000,2321156.000,31.000,1,1,pnp_visible_ransac,9,4.113,-48.7472,1.571686,5.501295,15.9443,,
2026-09-04T10:53:02.438,168,ACQUIRE_VERIFY,ACQUIRE_VERIFY,580,2,1788486782380.226,66.549,timestamp_domain.system_time,2321218.000,93.000,1,2321218.000,2321250.000,32.000,32.000,2321250.000,32.000,1,1,pnp_visible_ransac,9,4.340,-42.5966,1.520967,5.475012,15.5254,,
2026-09-04T10:53:02.528,169,ACQUIRE_VERIFY,ACQUIRE_VERIFY,583,3,1788486782480.419,100.193,timestamp_domain.system_time,2321312.000,94.000,1,2321312.000,2321343.000,31.000,31.000,2321343.000,31.000,1,1,pnp_visible_ransac,9,4.088,-46.1314,1.554692,5.505732,15.7685,,
2026-09-04T10:53:02.619,170,ACQUIRE_VERIFY,ACQUIRE_VERIFY,586,3,1788486782580.680,100.261,timestamp_domain.system_time,2321406.000,94.000,1,2321406.000,2321421.000,15.000,15.000,2321421.000,15.000,1,1,pnp_visible_ransac,9,4.363,-37.1723,1.463265,5.382879,15.2076,,
2026-09-04T10:53:02.710,171,ACQUIRE_VERIFY,ACQUIRE_VERIFY,588,2,1788486782647.286,66.606,timestamp_domain.system_time,2321484.000,78.000,1,2321484.000,2321515.000,31.000,31.000,2321515.000,31.000,1,1,pnp_visible_ransac,9,3.934,-46.2527,1.557770,5.500591,15.8121,,
2026-09-04T10:53:02.794,172,ACQUIRE_VERIFY,ACQUIRE_VERIFY,591,3,1788486782747.276,99.990,timestamp_domain.system_time,2321562.000,78.000,1,2321578.000,2321593.000,15.000,31.000,2321609.000,47.000,1,1,pnp_visible_ransac,9,3.392,-54.4921,1.611142,5.502260,16.3208,,
2026-09-04T10:53:02.878,173,ACQUIRE_VERIFY,ACQUIRE_VERIFY,593,2,1788486782813.893,66.618,timestamp_domain.system_time,2321640.000,78.000,1,2321656.000,2321687.000,31.000,47.000,2321687.000,47.000,1,1,pnp_visible_ransac,9,3.969,-47.5287,1.565399,5.501707,15.8826,,
2026-09-04T10:53:02.954,174,ACQUIRE_VERIFY,ACQUIRE_VERIFY,594,1,1788486782847.549,33.656,timestamp_domain.system_time,2321734.000,94.000,1,2321734.000,2321765.000,31.000,31.000,2321765.000,31.000,1,1,pnp_visible_ransac,9,3.635,-50.6288,1.592489,5.524298,16.0807,,
2026-09-04T10:53:03.039,175,ACQUIRE_VERIFY,ACQUIRE_VERIFY,598,4,1788486782980.631,133.082,timestamp_domain.system_time,2321828.000,94.000,1,2321828.000,2321843.000,15.000,15.000,2321843.000,15.000,1,1,pnp_visible_ransac,9,3.547,-48.5086,1.581147,5.532932,15.9484,,
2026-09-04T10:53:03.119,176,ACQUIRE_VERIFY,ACQUIRE_VERIFY,601,3,1788486783080.741,100.110,timestamp_domain.system_time,2321890.000,62.000,1,2321890.000,2321921.000,31.000,31.000,2321921.000,31.000,1,1,pnp_visible_ransac,9,3.590,-46.8273,1.570179,5.528726,15.8547,,
2026-09-04T10:53:03.197,177,ACQUIRE_VERIFY,ACQUIRE_VERIFY,603,2,1788486783147.374,66.633,timestamp_domain.system_time,2321968.000,78.000,1,2321968.000,2322000.000,32.000,32.000,2322000.000,32.000,1,1,pnp_visible_ransac,9,3.981,-46.0989,1.555495,5.506631,15.7737,,
2026-09-04T10:53:03.297,178,ACQUIRE_VERIFY,ACQUIRE_VERIFY,606,3,1788486783247.479,100.105,timestamp_domain.system_time,2322062.000,94.000,1,2322062.000,2322109.000,47.000,47.000,2322109.000,47.000,1,1,pnp_visible_ransac,9,4.652,-36.8353,1.453842,5.356983,15.1839,,
2026-09-04T10:53:03.385,179,ACQUIRE_VERIFY,ACQUIRE_VERIFY,608,2,1788486783314.261,66.782,timestamp_domain.system_time,2322156.000,94.000,1,2322156.000,2322187.000,31.000,31.000,2322187.000,31.000,1,1,pnp_visible_ransac,9,3.925,-43.0086,1.531393,5.483325,15.6041,,
2026-09-04T10:53:03.469,180,ACQUIRE_VERIFY,ACQUIRE_VERIFY,611,3,1788486783414.290,100.029,timestamp_domain.system_time,2322250.000,94.000,1,2322250.000,2322281.000,31.000,31.000,2322281.000,31.000,1,1,pnp_visible_ransac,9,4.463,-40.3001,1.494237,5.429177,15.3882,,
2026-09-04T10:53:03.556,181,ACQUIRE_VERIFY,ACQUIRE_VERIFY,614,3,1788486783514.221,99.932,timestamp_domain.system_time,2322328.000,78.000,1,2322328.000,2322359.000,31.000,31.000,2322359.000,31.000,1,1,pnp_visible_ransac,9,3.511,-50.8156,1.595591,5.530099,16.0944,,
2026-09-04T10:53:03.628,182,ACQUIRE_VERIFY,ACQUIRE_VERIFY,616,2,1788486783581.050,66.829,timestamp_domain.system_time,2322421.000,93.000,1,2322421.000,2322437.000,16.000,16.000,2322437.000,16.000,1,1,pnp_visible_ransac,9,3.799,-51.0919,1.586982,5.507639,16.0739,,
2026-09-04T10:53:03.718,183,ACQUIRE_VERIFY,ACQUIRE_VERIFY,619,3,1788486783681.125,100.075,timestamp_domain.system_time,2322500.000,79.000,1,2322500.000,2322531.000,31.000,31.000,2322531.000,31.000,1,1,pnp_visible_ransac,9,4.239,-37.5610,1.473528,5.408610,15.2399,,
2026-09-04T10:53:03.803,184,ACQUIRE_VERIFY,ACQUIRE_VERIFY,621,2,1788486783747.792,66.667,timestamp_domain.system_time,2322578.000,78.000,1,2322578.000,2322609.000,31.000,31.000,2322609.000,31.000,1,1,pnp_visible_ransac,9,4.747,-34.3069,1.420770,5.305584,14.9914,,
2026-09-04T10:53:03.893,185,ACQUIRE_VERIFY,ACQUIRE_VERIFY,624,3,1788486783847.943,100.152,timestamp_domain.system_time,2322671.000,93.000,1,2322671.000,2322703.000,32.000,32.000,2322703.000,32.000,1,1,pnp_visible_ransac,9,4.155,-36.7687,1.466700,5.404098,15.1846,,
2026-09-04T10:53:04.017,186,ACQUIRE_VERIFY,ACQUIRE_VERIFY,627,3,1788486783948.033,100.090,timestamp_domain.system_time,2322796.000,125.000,1,2322796.000,2322828.000,32.000,32.000,2322828.000,32.000,1,1,pnp_visible_ransac,9,4.054,-45.3449,1.550171,5.502788,15.7329,,
2026-09-04T10:53:04.105,187,ACQUIRE_VERIFY,ACQUIRE_VERIFY,630,3,1788486784048.014,99.981,timestamp_domain.system_time,2322890.000,94.000,1,2322890.000,2322921.000,31.000,31.000,2322921.000,31.000,1,1,pnp_visible_ransac,9,3.767,-46.2562,1.560644,5.518847,15.7901,,
2026-09-04T10:53:04.195,188,ACQUIRE_VERIFY,ACQUIRE_VERIFY,633,3,1788486784148.092,100.078,timestamp_domain.system_time,2322968.000,78.000,1,2322968.000,2323000.000,32.000,32.000,2323000.000,32.000,1,1,pnp_visible_ransac,9,3.666,-50.4850,1.590921,5.530377,16.0489,,
2026-09-04T10:53:04.286,189,ACQUIRE_VERIFY,ACQUIRE_VERIFY,636,3,1788486784248.021,99.928,timestamp_domain.system_time,2323062.000,94.000,1,2323062.000,2323093.000,31.000,31.000,2323093.000,31.000,1,1,pnp_visible_ransac,9,3.337,-51.4850,1.599067,5.528338,16.1325,,
2026-09-04T10:53:04.375,190,ACQUIRE_VERIFY,ACQUIRE_VERIFY,638,2,1788486784314.778,66.758,timestamp_domain.system_time,2323140.000,78.000,1,2323140.000,2323171.000,31.000,31.000,2323187.000,47.000,1,1,pnp_visible_ransac,9,3.961,-46.0121,1.554776,5.506650,15.7668,,
2026-09-04T10:53:04.459,191,ACQUIRE_VERIFY,ACQUIRE_VERIFY,641,3,1788486784414.723,99.945,timestamp_domain.system_time,2323234.000,94.000,1,2323234.000,2323265.000,31.000,31.000,2323265.000,31.000,1,1,pnp_visible_ransac,9,4.254,-41.1020,1.509609,5.468794,15.4317,,
2026-09-04T10:53:04.549,192,ACQUIRE_VERIFY,ACQUIRE_VERIFY,643,2,1788486784481.615,66.892,timestamp_domain.system_time,2323328.000,94.000,1,2323328.000,2323359.000,31.000,31.000,2323359.000,31.000,1,1,pnp_visible_ransac,9,4.126,-47.8452,1.561916,5.488282,15.8859,,
2026-09-04T10:53:04.632,193,ACQUIRE_VERIFY,ACQUIRE_VERIFY,646,3,1788486784581.545,99.931,timestamp_domain.system_time,2323421.000,93.000,1,2323421.000,2323437.000,16.000,16.000,2323437.000,16.000,1,1,pnp_visible_ransac,9,4.190,-42.2552,1.520109,5.475282,15.5163,,
2026-09-04T10:53:04.722,194,ACQUIRE_VERIFY,ACQUIRE_VERIFY,649,3,1788486784681.563,100.018,timestamp_domain.system_time,2323500.000,79.000,1,2323500.000,2323531.000,31.000,31.000,2323531.000,31.000,1,1,pnp_visible_ransac,9,3.862,-47.9296,1.568926,5.506485,15.9035,,
2026-09-04T10:53:04.801,195,ACQUIRE_VERIFY,ACQUIRE_VERIFY,651,2,1788486784748.331,66.768,timestamp_domain.system_time,2323578.000,78.000,1,2323578.000,2323609.000,31.000,31.000,2323609.000,31.000,1,1,pnp_visible_ransac,9,4.089,-47.9353,1.564008,5.496497,15.8835,,
2026-09-04T10:53:04.894,196,ACQUIRE_VERIFY,ACQUIRE_VERIFY,654,3,1788486784848.448,100.117,timestamp_domain.system_time,2323671.000,93.000,1,2323671.000,2323703.000,32.000,32.000,2323703.000,32.000,1,1,pnp_visible_ransac,9,4.292,-42.3258,1.516315,5.466225,15.5039,,
2026-09-04T10:53:04.983,197,ACQUIRE_VERIFY,ACQUIRE_VERIFY,655,1,1788486784881.837,33.389,timestamp_domain.system_time,2323750.000,79.000,1,2323765.000,2323781.000,16.000,31.000,2323796.000,46.000,1,1,pnp_visible_ransac,9,4.113,-42.5983,1.525554,5.475212,15.5694,,
2026-09-04T10:53:05.062,198,ACQUIRE_VERIFY,ACQUIRE_VERIFY,659,4,1788486785015.080,133.243,timestamp_domain.system_time,2323843.000,93.000,1,2323843.000,2323875.000,32.000,32.000,2323875.000,32.000,1,1,pnp_visible_ransac,9,4.513,-32.3960,1.401320,5.275581,14.8756,,
2026-09-04T10:53:05.150,199,ACQUIRE_VERIFY,ACQUIRE_VERIFY,662,3,1788486785115.377,100.296,timestamp_domain.system_time,2323921.000,78.000,1,2323921.000,2323953.000,32.000,32.000,2323953.000,32.000,1,1,pnp_visible_ransac,9,4.062,-48.5524,1.569451,5.513566,15.8891,,
2026-09-04T10:53:05.237,200,SEARCH_SWEEP,SEARCH_SWEEP,664,2,1788486785181.671,66.295,timestamp_domain.system_time,2324000.000,79.000,1,2324000.000,2324046.000,46.000,46.000,2324046.000,46.000,1,1,pnp_visible_ransac,9,3.870,-41.0129,1.515110,5.475008,15.4685,,
2026-09-04T10:53:05.316,201,ACQUIRE_VERIFY,ACQUIRE_VERIFY,667,3,1788486785281.823,100.151,timestamp_domain.system_time,2324093.000,93.000,1,2324093.000,2324125.000,32.000,32.000,2324125.000,32.000,1,1,pnp_visible_ransac,9,3.688,-45.3814,1.556128,5.518209,15.7484,,
2026-09-04T10:53:05.407,202,ACQUIRE_VERIFY,ACQUIRE_VERIFY,669,2,1788486785348.751,66.928,timestamp_domain.system_time,2324187.000,94.000,1,2324187.000,2324218.000,31.000,31.000,2324218.000,31.000,1,1,pnp_visible_ransac,9,4.210,-40.5220,1.504891,5.463963,15.3987,,
2026-09-04T10:53:05.498,203,ACQUIRE_VERIFY,ACQUIRE_VERIFY,672,3,1788486785448.712,99.961,timestamp_domain.system_time,2324281.000,94.000,1,2324281.000,2324312.000,31.000,31.000,2324312.000,31.000,1,1,pnp_visible_ransac,9,4.532,-39.2415,1.481015,5.408746,15.3133,,
2026-09-04T10:53:05.590,204,ACQUIRE_VERIFY,ACQUIRE_VERIFY,675,3,1788486785548.830,100.119,timestamp_domain.system_time,2324375.000,94.000,1,2324375.000,2324406.000,31.000,31.000,2324406.000,31.000,1,1,pnp_visible_ransac,9,3.702,-44.8455,1.552643,5.522029,15.7045,,
2026-09-04T10:53:05.683,205,ACQUIRE_VERIFY,ACQUIRE_VERIFY,677,2,1788486785615.442,66.611,timestamp_domain.system_time,2324453.000,78.000,1,2324453.000,2324484.000,31.000,31.000,2324500.000,47.000,1,1,pnp_visible_ransac,9,3.807,-46.1752,1.560864,5.515350,15.8017,,
2026-09-04T10:53:05.765,206,ACQUIRE_VERIFY,ACQUIRE_VERIFY,680,3,1788486785715.597,100.156,timestamp_domain.system_time,2324546.000,93.000,1,2324546.000,2324578.000,32.000,32.000,2324578.000,32.000,1,1,pnp_visible_ransac,9,4.055,-44.6655,1.542690,5.498615,15.6720,,
2026-09-04T10:53:05.851,207,ACQUIRE_VERIFY,ACQUIRE_VERIFY,682,2,1788486785782.183,66.586,timestamp_domain.system_time,2324625.000,79.000,1,2324625.000,2324656.000,31.000,31.000,2324656.000,31.000,1,1,pnp_visible_ransac,9,4.117,-41.8939,1.520694,5.491515,15.4783,,
2026-09-04T10:53:05.925,208,ACQUIRE_VERIFY,ACQUIRE_VERIFY,685,3,1788486785882.242,100.059,timestamp_domain.system_time,2324703.000,78.000,1,2324703.000,2324734.000,31.000,31.000,2324734.000,31.000,1,1,pnp_visible_ransac,9,3.807,-49.4798,1.581577,5.523518,15.9783,,
2026-09-04T10:53:06.052,209,ACQUIRE_VERIFY,ACQUIRE_VERIFY,688,3,1788486785982.806,100.564,timestamp_domain.system_time,2324828.000,125.000,1,2324828.000,2324859.000,31.000,31.000,2324859.000,31.000,1,1,pnp_visible_ransac,8,4.150,-25.8453,1.278778,4.984281,14.3896,,
2026-09-04T10:53:06.137,210,ACQUIRE_VERIFY,ACQUIRE_VERIFY,691,3,1788486786082.398,99.592,timestamp_domain.system_time,2324921.000,93.000,1,2324921.000,2324953.000,32.000,32.000,2324953.000,32.000,1,1,pnp_visible_ransac,9,4.464,-36.6987,1.455224,5.365859,15.1737,,
2026-09-04T10:53:06.227,211,ACQUIRE_VERIFY,ACQUIRE_VERIFY,694,3,1788486786182.311,99.914,timestamp_domain.system_time,2325000.000,79.000,1,2325000.000,2325031.000,31.000,31.000,2325031.000,31.000,1,1,pnp_visible_ransac,9,3.810,-45.8652,1.558788,5.518548,15.7730,,
2026-09-04T10:53:06.318,212,ACQUIRE_VERIFY,ACQUIRE_VERIFY,697,3,1788486786282.599,100.288,timestamp_domain.system_time,2325093.000,93.000,1,2325093.000,2325125.000,32.000,32.000,2325125.000,32.000,1,1,pnp_visible_ransac,9,3.958,-45.3912,1.552239,5.511888,15.7281,,
2026-09-04T10:53:06.407,213,ACQUIRE_VERIFY,ACQUIRE_VERIFY,699,2,1788486786349.195,66.596,timestamp_domain.system_time,2325171.000,78.000,1,2325171.000,2325203.000,32.000,32.000,2325218.000,47.000,1,1,pnp_visible_ransac,9,3.297,-52.8242,1.608414,5.534816,16.2038,,
2026-09-04T10:53:06.483,214,ACQUIRE_VERIFY,ACQUIRE_VERIFY,702,3,1788486786449.173,99.978,timestamp_domain.system_time,2325265.000,94.000,1,2325265.000,2325296.000,31.000,31.000,2325296.000,31.000,1,1,pnp_visible_ransac,9,3.998,-46.8566,1.560847,5.504186,15.8320,,
2026-09-04T10:53:06.568,215,ACQUIRE_VERIFY,ACQUIRE_VERIFY,704,2,1788486786516.016,66.843,timestamp_domain.system_time,2325359.000,94.000,1,2325359.000,2325375.000,16.000,16.000,2325375.000,16.000,1,1,pnp_visible_ransac,9,4.128,-44.5284,1.539434,5.486119,15.6744,,
2026-09-04T10:53:06.652,216,ACQUIRE_VERIFY,ACQUIRE_VERIFY,707,3,1788486786616.041,100.025,timestamp_domain.system_time,2325437.000,78.000,1,2325437.000,2325468.000,31.000,31.000,2325468.000,31.000,1,1,pnp_visible_ransac,9,4.079,-42.3685,1.519561,5.461318,15.5487,,
2026-09-04T10:53:06.752,217,ACQUIRE_VERIFY,ACQUIRE_VERIFY,709,2,1788486786682.681,66.640,timestamp_domain.system_time,2325531.000,94.000,1,2325531.000,2325562.000,31.000,31.000,2325562.000,31.000,1,1,pnp_visible_ransac,9,3.519,-50.9450,1.595294,5.528329,16.0964,,
2026-09-04T10:53:06.832,218,ACQUIRE_VERIFY,ACQUIRE_VERIFY,712,3,1788486786782.823,100.141,timestamp_domain.system_time,2325609.000,78.000,1,2325609.000,2325640.000,31.000,31.000,2325640.000,31.000,1,1,pnp_visible_ransac,9,3.414,-52.3197,1.603763,5.521361,16.1967,,
2026-09-04T10:53:06.923,219,ACQUIRE_VERIFY,ACQUIRE_VERIFY,715,3,1788486786883.534,100.712,timestamp_domain.system_time,2325703.000,94.000,1,2325703.000,2325734.000,31.000,31.000,2325734.000,31.000,1,1,pnp_visible_ransac,9,4.194,-43.3876,1.530322,5.472370,15.6234,,
2026-09-04T10:53:07.016,220,ACQUIRE_VERIFY,ACQUIRE_VERIFY,716,1,1788486786916.288,32.754,timestamp_domain.system_time,2325796.000,93.000,1,2325796.000,2325828.000,32.000,32.000,2325828.000,32.000,1,1,pnp_visible_ransac,9,3.552,-49.3701,1.589767,5.544165,16.0000,,
2026-09-04T10:53:07.105,221,ACQUIRE_VERIFY,ACQUIRE_VERIFY,720,4,1788486787049.521,133.233,timestamp_domain.system_time,2325859.000,63.000,1,2325875.000,2325906.000,31.000,47.000,2325921.000,62.000,1,1,pnp_visible_ransac,9,1.357,-73.3851,1.534780,4.986429,17.1079,,
2026-09-04T10:53:07.183,222,ACQUIRE_VERIFY,ACQUIRE_VERIFY,723,3,1788486787149.581,100.060,timestamp_domain.system_time,2325968.000,109.000,1,2325968.000,2326000.000,32.000,32.000,2326000.000,32.000,1,1,pnp_visible_ransac,9,4.225,-41.7741,1.515619,5.466860,15.4954,,
2026-09-04T10:53:07.270,223,ACQUIRE_VERIFY,ACQUIRE_VERIFY,725,2,1788486787216.344,66.763,timestamp_domain.system_time,2326031.000,63.000,1,2326046.000,2326078.000,32.000,47.000,2326078.000,47.000,1,1,pnp_visible_ransac,9,3.623,-49.0799,1.584790,5.538431,15.9682,,
2026-09-04T10:53:07.354,224,ACQUIRE_VERIFY,ACQUIRE_VERIFY,728,3,1788486787316.309,99.965,timestamp_domain.system_time,2326125.000,94.000,1,2326125.000,2326156.000,31.000,31.000,2326156.000,31.000,1,1,pnp_visible_ransac,9,3.586,-53.7389,1.607525,5.515248,16.2498,,
2026-09-04T10:53:07.448,225,ACQUIRE_VERIFY,ACQUIRE_VERIFY,730,2,1788486787382.973,66.665,timestamp_domain.system_time,2326218.000,93.000,1,2326218.000,2326250.000,32.000,32.000,2326265.000,47.000,1,1,pnp_visible_ransac,9,3.830,-45.1944,1.555249,5.522816,15.7274,,
2026-09-04T10:53:07.528,226,ACQUIRE_VERIFY,ACQUIRE_VERIFY,733,3,1788486787482.940,99.966,timestamp_domain.system_time,2326312.000,94.000,1,2326312.000,2326343.000,31.000,31.000,2326343.000,31.000,1,1,pnp_visible_ransac,9,4.465,-36.4782,1.453146,5.363985,15.1581,,
2026-09-04T10:53:07.616,227,ACQUIRE_VERIFY,ACQUIRE_VERIFY,735,2,1788486787549.708,66.768,timestamp_domain.system_time,2326390.000,78.000,1,2326390.000,2326421.000,31.000,31.000,2326421.000,31.000,1,1,pnp_visible_ransac,9,3.690,-48.0131,1.576554,5.528992,15.9151,,
2026-09-04T10:53:07.698,228,ACQUIRE_VERIFY,ACQUIRE_VERIFY,738,3,1788486787649.888,100.180,timestamp_domain.system_time,2326468.000,78.000,1,2326484.000,2326500.000,16.000,32.000,2326500.000,32.000,1,1,pnp_visible_ransac,9,3.544,-49.4575,1.589537,5.542280,16.0030,,
2026-09-04T10:53:07.782,229,ACQUIRE_VERIFY,ACQUIRE_VERIFY,741,3,1788486787749.847,99.959,timestamp_domain.system_time,2326562.000,94.000,1,2326562.000,2326593.000,31.000,31.000,2326593.000,31.000,1,1,pnp_visible_ransac,9,3.895,-47.4806,1.567733,5.521153,15.8519,,
2026-09-04T10:53:07.872,230,ACQUIRE_VERIFY,ACQUIRE_VERIFY,743,2,1788486787816.491,66.644,timestamp_domain.system_time,2326640.000,78.000,1,2326640.000,2326687.000,47.000,47.000,2326687.000,47.000,1,1,pnp_visible_ransac,9,4.151,-43.1606,1.529704,5.482484,15.5900,,
2026-09-04T10:53:07.954,231,ACQUIRE_VERIFY,ACQUIRE_VERIFY,745,2,1788486787883.652,67.161,timestamp_domain.system_time,2326734.000,94.000,1,2326734.000,2326765.000,31.000,31.000,2326765.000,31.000,1,1,pnp_visible_ransac,9,3.741,-48.9827,1.582432,5.530394,15.9676,,
2026-09-04T10:53:08.097,232,ACQUIRE_VERIFY,ACQUIRE_VERIFY,749,4,1788486788017.106,133.454,timestamp_domain.system_time,2326859.000,125.000,1,2326859.000,2326906.000,47.000,47.000,2326906.000,47.000,1,1,pnp_visible_ransac,9,4.304,-37.8230,1.473269,5.404211,15.2491,,
2026-09-04T10:53:08.198,233,ACQUIRE_VERIFY,ACQUIRE_VERIFY,753,4,1788486788150.140,133.034,timestamp_domain.system_time,2326968.000,109.000,1,2326984.000,2327015.000,31.000,47.000,2327015.000,47.000,1,1,pnp_visible_ransac,9,4.494,-35.9000,1.446943,5.359916,15.1072,,
2026-09-04T10:53:08.289,234,ACQUIRE_VERIFY,ACQUIRE_VERIFY,756,3,1788486788249.991,99.852,timestamp_domain.system_time,2327062.000,94.000,1,2327062.000,2327093.000,31.000,31.000,2327093.000,31.000,1,1,pnp_visible_ransac,9,4.479,-35.9035,1.445671,5.354723,15.1085,,
2026-09-04T10:53:08.377,235,ACQUIRE_VERIFY,ACQUIRE_VERIFY,758,2,1788486788316.881,66.889,timestamp_domain.system_time,2327140.000,78.000,1,2327140.000,2327187.000,47.000,47.000,2327187.000,47.000,1,1,pnp_visible_ransac,9,4.095,-35.8034,1.453536,5.383258,15.1101,,
2026-09-04T10:53:08.455,236,ACQUIRE_VERIFY,ACQUIRE_VERIFY,761,3,1788486788416.877,99.996,timestamp_domain.system_time,2327218.000,78.000,1,2327234.000,2327265.000,31.000,47.000,2327265.000,47.000,1,1,pnp_visible_ransac,9,4.120,-38.0186,1.478668,5.411729,15.2821,,
2026-09-04T10:53:08.555,237,ACQUIRE_VERIFY,ACQUIRE_VERIFY,764,3,1788486788517.046,100.169,timestamp_domain.system_time,2327328.000,110.000,1,2327328.000,2327359.000,31.000,31.000,2327359.000,31.000,1,1,pnp_visible_ransac,9,3.492,-53.1081,1.601371,5.505927,16.2168,,
2026-09-04T10:53:08.638,238,ACQUIRE_VERIFY,ACQUIRE_VERIFY,766,2,1788486788583.747,66.701,timestamp_domain.system_time,2327406.000,78.000,1,2327421.000,2327453.000,32.000,47.000,2327453.000,47.000,1,1,pnp_visible_ransac,9,4.030,-37.0509,1.469136,5.403146,15.2112,,
2026-09-04T10:53:08.719,239,ACQUIRE_VERIFY,ACQUIRE_VERIFY,769,3,1788486788683.686,99.939,timestamp_domain.system_time,2327500.000,94.000,1,2327500.000,2327531.000,31.000,31.000,2327531.000,31.000,1,1,pnp_visible_ransac,9,4.103,-37.1750,1.470935,5.408116,15.2156,,
2026-09-04T10:53:08.804,240,ACQUIRE_VERIFY,ACQUIRE_VERIFY,771,2,1788486788750.415,66.729,timestamp_domain.system_time,2327578.000,78.000,1,2327578.000,2327609.000,31.000,31.000,2327609.000,31.000,1,1,pnp_visible_ransac,9,4.330,-32.4669,1.406254,5.292868,14.8791,,
2026-09-04T10:53:08.895,241,ACQUIRE_VERIFY,ACQUIRE_VERIFY,774,3,1788486788850.541,100.126,timestamp_domain.system_time,2327671.000,93.000,1,2327671.000,2327703.000,32.000,32.000,2327703.000,32.000,1,1,pnp_visible_ransac,8,4.139,-27.8601,1.306903,5.036617,14.5463,,
2026-09-04T10:53:08.987,242,ACQUIRE_VERIFY,ACQUIRE_VERIFY,776,2,1788486788917.385,66.844,timestamp_domain.system_time,2327765.000,94.000,1,2327765.000,2327796.000,31.000,31.000,2327796.000,31.000,1,1,pnp_visible_ransac,9,4.314,-32.2939,1.404446,5.289888,14.8688,,
2026-09-04T10:53:09.087,243,ACQUIRE_VERIFY,ACQUIRE_VERIFY,779,3,1788486789017.544,100.159,timestamp_domain.system_time,2327859.000,94.000,1,2327859.000,2327890.000,31.000,31.000,2327890.000,31.000,1,1,pnp_visible_ransac,9,4.540,-37.1330,1.457537,5.363234,15.2038,,
2026-09-04T10:53:09.187,244,ACQUIRE_VERIFY,ACQUIRE_VERIFY,783,4,1788486789150.802,133.258,timestamp_domain.system_time,2327968.000,109.000,1,2327968.000,2328000.000,32.000,32.000,2328000.000,32.000,1,1,pnp_visible_ransac,9,4.441,-33.9533,1.425217,5.327203,14.9779,,
2026-09-04T10:53:09.258,245,ACQUIRE_VERIFY,ACQUIRE_VERIFY,785,2,1788486789217.302,66.501,timestamp_domain.system_time,2328031.000,63.000,1,2328031.000,2328062.000,31.000,31.000,2328062.000,31.000,1,1,pnp_visible_ransac,9,4.093,-38.5368,1.485668,5.427714,15.3080,,
2026-09-04T10:53:09.356,246,SEARCH_SWEEP,SEARCH_SWEEP,788,3,1788486789317.614,100.311,timestamp_domain.system_time,2328125.000,94.000,1,2328125.000,2328156.000,31.000,31.000,2328171.000,46.000,1,1,pnp_visible_ransac,9,3.717,-43.6103,1.542245,5.505709,15.6485,,
2026-09-04T10:53:09.440,247,ACQUIRE_VERIFY,ACQUIRE_VERIFY,790,2,1788486789384.180,66.566,timestamp_domain.system_time,2328218.000,93.000,1,2328218.000,2328250.000,32.000,32.000,2328250.000,32.000,1,1,pnp_visible_ransac,9,3.765,-45.7723,1.557411,5.515469,15.7682,,
2026-09-04T10:53:09.531,248,ACQUIRE_VERIFY,ACQUIRE_VERIFY,793,3,1788486789484.368,100.188,timestamp_domain.system_time,2328296.000,78.000,1,2328296.000,2328328.000,32.000,32.000,2328343.000,47.000,1,1,pnp_visible_ransac,8,4.330,-24.4338,1.247084,4.900146,14.2786,,
2026-09-04T10:53:09.609,249,ACQUIRE_VERIFY,ACQUIRE_VERIFY,795,2,1788486789550.987,66.619,timestamp_domain.system_time,2328390.000,94.000,1,2328390.000,2328421.000,31.000,31.000,2328421.000,31.000,1,1,pnp_visible_ransac,9,4.702,-35.6005,1.436456,5.332865,15.0754,,
2026-09-04T10:53:09.689,250,ACQUIRE_VERIFY,ACQUIRE_VERIFY,798,3,1788486789651.291,100.304,timestamp_domain.system_time,2328484.000,94.000,1,2328484.000,2328500.000,16.000,16.000,2328500.000,16.000,1,1,pnp_visible_ransac,9,4.178,-41.6943,1.516903,5.471675,15.4949,,
2026-09-04T10:53:09.778,251,ACQUIRE_VERIFY,ACQUIRE_VERIFY,800,2,1788486789717.690,66.399,timestamp_domain.system_time,2328546.000,62.000,1,2328562.000,2328593.000,31.000,47.000,2328593.000,47.000,1,1,pnp_visible_ransac,9,4.452,-31.6579,1.395083,5.270510,14.8260,,
2026-09-04T10:53:09.865,252,ACQUIRE_VERIFY,ACQUIRE_VERIFY,803,3,1788486789817.866,100.176,timestamp_domain.system_time,2328625.000,79.000,1,2328640.000,2328671.000,31.000,46.000,2328671.000,46.000,1,1,pnp_visible_ransac,9,4.305,-37.3325,1.468932,5.402223,15.2117,,
2026-09-04T10:53:09.956,253,ACQUIRE_VERIFY,ACQUIRE_VERIFY,806,3,1788486789917.624,99.758,timestamp_domain.system_time,2328734.000,109.000,1,2328734.000,2328765.000,31.000,31.000,2328765.000,31.000,1,1,pnp_visible_ransac,9,4.471,-34.7461,1.430773,5.326629,15.0352,,
2026-09-04T10:53:10.084,254,ACQUIRE_VERIFY,ACQUIRE_VERIFY,807,1,1788486789951.206,33.582,timestamp_domain.system_time,2328859.000,125.000,1,2328859.000,2328890.000,31.000,31.000,2328890.000,31.000,1,1,pnp_visible_ransac,9,4.215,-36.0357,1.453742,5.376402,15.1306,,
2026-09-04T10:53:10.168,255,ACQUIRE_VERIFY,ACQUIRE_VERIFY,812,5,1788486790117.759,166.552,timestamp_domain.system_time,2328953.000,94.000,1,2328953.000,2328984.000,31.000,31.000,2328984.000,31.000,1,1,pnp_visible_ransac,9,4.371,-32.3796,1.403442,5.285680,14.8699,,
2026-09-04T10:53:10.261,256,ACQUIRE_VERIFY,ACQUIRE_VERIFY,815,3,1788486790217.776,100.017,timestamp_domain.system_time,2329031.000,78.000,1,2329046.000,2329062.000,16.000,31.000,2329078.000,47.000,1,1,pnp_visible_ransac,9,4.012,-35.3510,1.449141,5.370991,15.0994,,
2026-09-04T10:53:10.344,257,ACQUIRE_VERIFY,ACQUIRE_VERIFY,817,2,1788486790284.543,66.767,timestamp_domain.system_time,2329125.000,94.000,1,2329125.000,2329156.000,31.000,31.000,2329156.000,31.000,1,1,pnp_visible_ransac,9,4.255,-38.1399,1.476502,5.406300,15.2754,,
2026-09-04T10:53:10.425,258,ACQUIRE_VERIFY,ACQUIRE_VERIFY,820,3,1788486790384.488,99.945,timestamp_domain.system_time,2329203.000,78.000,1,2329203.000,2329234.000,31.000,31.000,2329234.000,31.000,1,1,pnp_visible_ransac,9,3.867,-40.8179,1.514083,5.483759,15.4350,,
2026-09-04T10:53:10.501,259,ACQUIRE_VERIFY,ACQUIRE_VERIFY,822,2,1788486790451.329,66.841,timestamp_domain.system_time,2329281.000,78.000,1,2329281.000,2329312.000,31.000,31.000,2329312.000,31.000,1,1,pnp_visible_ransac,9,3.510,-49.0700,1.588220,5.538413,16.0010,,
2026-09-04T10:53:10.594,260,ACQUIRE_VERIFY,ACQUIRE_VERIFY,825,3,1788486790551.348,100.019,timestamp_domain.system_time,2329375.000,94.000,1,2329375.000,2329406.000,31.000,31.000,2329406.000,31.000,1,1,pnp_visible_ransac,9,3.395,-49.4723,1.591515,5.542433,16.0215,,
2026-09-04T10:53:10.678,261,ACQUIRE_VERIFY,ACQUIRE_VERIFY,827,2,1788486790617.867,66.519,timestamp_domain.system_time,2329453.000,78.000,1,2329453.000,2329484.000,31.000,31.000,2329484.000,31.000,1,1,pnp_visible_ransac,9,3.301,-49.6582,1.592455,5.529520,16.0660,,
2026-09-04T10:53:10.758,262,ACQUIRE_VERIFY,ACQUIRE_VERIFY,830,3,1788486790718.054,100.187,timestamp_domain.system_time,2329531.000,78.000,1,2329531.000,2329562.000,31.000,31.000,2329562.000,31.000,1,1,pnp_visible_ransac,9,3.877,-45.5942,1.552129,5.492613,15.7795,,
2026-09-04T10:53:10.839,263,ACQUIRE_VERIFY,ACQUIRE_VERIFY,832,2,1788486790784.606,66.552,timestamp_domain.system_time,2329625.000,94.000,1,2329625.000,2329656.000,31.000,31.000,2329656.000,31.000,1,1,pnp_visible_ransac,9,3.978,-37.7483,1.480072,5.424868,15.2606,,
2026-09-04T10:53:10.928,264,ACQUIRE_VERIFY,ACQUIRE_VERIFY,835,3,1788486790884.808,100.203,timestamp_domain.system_time,2329703.000,78.000,1,2329703.000,2329734.000,31.000,31.000,2329734.000,31.000,1,1,pnp_visible_ransac,9,4.293,-40.3242,1.499396,5.439722,15.4103,,
2026-09-04T10:53:11.017,265,ACQUIRE_VERIFY,ACQUIRE_VERIFY,836,1,1788486790919.063,34.254,timestamp_domain.system_time,2329796.000,93.000,1,2329796.000,2329828.000,32.000,32.000,2329828.000,32.000,1,1,pnp_visible_ransac,9,3.731,-45.3824,1.557668,5.523157,15.7498,,
2026-09-04T10:53:11.100,266,ACQUIRE_VERIFY,ACQUIRE_VERIFY,840,4,1788486791051.420,132.357,timestamp_domain.system_time,2329875.000,79.000,1,2329875.000,2329906.000,31.000,31.000,2329906.000,31.000,1,1,pnp_visible_ransac,9,3.147,-52.4170,1.610163,5.537676,16.2126,,
2026-09-04T10:53:11.185,267,ACQUIRE_VERIFY,ACQUIRE_VERIFY,842,2,1788486791118.262,66.842,timestamp_domain.system_time,2329968.000,93.000,1,2329968.000,2330000.000,32.000,32.000,2330000.000,32.000,1,1,pnp_visible_ransac,9,3.490,-49.7674,1.590953,5.537962,16.0284,,
2026-09-04T10:53:11.264,268,ACQUIRE_VERIFY,ACQUIRE_VERIFY,845,3,1788486791218.287,100.025,timestamp_domain.system_time,2330046.000,78.000,1,2330046.000,2330078.000,32.000,32.000,2330078.000,32.000,1,1,pnp_visible_ransac,9,3.463,-49.2435,1.590126,5.544936,16.0013,,
2026-09-04T10:53:11.355,269,ACQUIRE_VERIFY,ACQUIRE_VERIFY,847,2,1788486791285.164,66.877,timestamp_domain.system_time,2330125.000,79.000,1,2330140.000,2330156.000,16.000,31.000,2330171.000,46.000,1,1,pnp_visible_ransac,9,3.146,-52.8069,1.611734,5.539714,16.2219,,
2026-09-04T10:53:11.436,270,ACQUIRE_VERIFY,ACQUIRE_VERIFY,850,3,1788486791385.026,99.862,timestamp_domain.system_time,2330218.000,93.000,1,2330218.000,2330250.000,32.000,32.000,2330250.000,32.000,1,1,pnp_visible_ransac,9,2.925,-52.5611,1.618159,5.559376,16.2286,,
2026-09-04T10:53:11.518,271,ACQUIRE_VERIFY,ACQUIRE_VERIFY,852,2,1788486791451.709,66.683,timestamp_domain.system_time,2330296.000,78.000,1,2330296.000,2330328.000,32.000,32.000,2330328.000,32.000,1,1,pnp_visible_ransac,9,3.428,-50.8649,1.601673,5.537829,16.1311,,
2026-09-04T10:53:11.597,272,ACQUIRE_VERIFY,ACQUIRE_VERIFY,855,3,1788486791551.927,100.217,timestamp_domain.system_time,2330375.000,79.000,1,2330375.000,2330406.000,31.000,31.000,2330406.000,31.000,1,1,pnp_visible_ransac,9,3.696,-47.4450,1.573854,5.525869,15.8978,,
2026-09-04T10:53:11.687,273,ACQUIRE_VERIFY,ACQUIRE_VERIFY,857,2,1788486791618.556,66.630,timestamp_domain.system_time,2330468.000,93.000,1,2330468.000,2330500.000,32.000,32.000,2330500.000,32.000,1,1,pnp_visible_ransac,9,3.880,-40.6111,1.513496,5.478968,15.4421,,
2026-09-04T10:53:11.775,274,ACQUIRE_VERIFY,ACQUIRE_VERIFY,860,3,1788486791718.940,100.384,timestamp_domain.system_time,2330546.000,78.000,1,2330546.000,2330578.000,32.000,32.000,2330578.000,32.000,1,1,pnp_visible_ransac,9,3.500,-47.4442,1.579907,5.539875,15.9175,,
2026-09-04T10:53:11.858,275,ACQUIRE_VERIFY,ACQUIRE_VERIFY,863,3,1788486791818.999,100.059,timestamp_domain.system_time,2330625.000,79.000,1,2330640.000,2330656.000,16.000,31.000,2330671.000,46.000,1,1,pnp_visible_ransac,9,3.638,-48.3982,1.583787,5.538028,15.9597,,
2026-09-04T10:53:11.941,276,ACQUIRE_VERIFY,ACQUIRE_VERIFY,865,2,1788486791885.529,66.530,timestamp_domain.system_time,2330718.000,93.000,1,2330718.000,2330750.000,32.000,32.000,2330750.000,32.000,1,1,pnp_visible_ransac,9,4.266,-32.3723,1.410475,5.304366,14.8908,,
2026-09-04T10:53:12.033,277,ACQUIRE_VERIFY,ACQUIRE_VERIFY,867,2,1788486791952.107,66.578,timestamp_domain.system_time,2330812.000,94.000,1,2330812.000,2330843.000,31.000,31.000,2330843.000,31.000,1,1,pnp_visible_ransac,9,2.202,-77.1179,1.512470,4.827579,17.3957,,
2026-09-04T10:53:12.122,278,ACQUIRE_VERIFY,ACQUIRE_VERIFY,868,1,1788486791985.211,33.104,timestamp_domain.system_time,2330890.000,78.000,1,2330906.000,2330921.000,15.000,31.000,2330937.000,47.000,1,1,pnp_visible_ransac,9,3.129,-52.9353,1.611570,5.527098,16.2554,,
2026-09-04T10:53:12.203,279,ACQUIRE_VERIFY,ACQUIRE_VERIFY,873,5,1788486792152.060,166.849,timestamp_domain.system_time,2330984.000,94.000,1,2330984.000,2331015.000,31.000,31.000,2331015.000,31.000,1,1,pnp_visible_ransac,9,3.308,-51.6191,1.605837,5.544156,16.1534,,
2026-09-04T10:53:12.286,280,ACQUIRE_VERIFY,ACQUIRE_VERIFY,875,2,1788486792218.662,66.602,timestamp_domain.system_time,2331062.000,78.000,1,2331062.000,2331093.000,31.000,31.000,2331093.000,31.000,1,1,pnp_visible_ransac,9,3.972,-42.1644,1.524053,5.477593,15.5484,,
2026-09-04T10:53:12.367,281,ACQUIRE_VERIFY,ACQUIRE_VERIFY,878,3,1788486792318.840,100.178,timestamp_domain.system_time,2331140.000,78.000,1,2331140.000,2331171.000,31.000,31.000,2331171.000,31.000,1,1,pnp_visible_ransac,9,1.460,-72.9867,1.541669,5.024192,17.0586,,
2026-09-04T10:53:12.456,282,ACQUIRE_VERIFY,ACQUIRE_VERIFY,880,2,1788486792385.595,66.755,timestamp_domain.system_time,2331234.000,94.000,1,2331234.000,2331265.000,31.000,31.000,2331265.000,31.000,1,1,pnp_visible_ransac,9,3.843,-42.6354,1.531754,5.485082,15.6028,,
2026-09-04T10:53:12.540,283,ACQUIRE_VERIFY,ACQUIRE_VERIFY,883,3,1788486792485.701,100.106,timestamp_domain.system_time,2331312.000,78.000,1,2331312.000,2331343.000,31.000,31.000,2331343.000,31.000,1,1,pnp_visible_ransac,9,4.240,-37.0539,1.466206,5.392301,15.2114,,
2026-09-04T10:53:12.624,284,ACQUIRE_VERIFY,ACQUIRE_VERIFY,886,3,1788486792585.971,100.270,timestamp_domain.system_time,2331406.000,94.000,1,2331406.000,2331437.000,31.000,31.000,2331437.000,31.000,1,1,pnp_visible_ransac,9,3.640,-45.2819,1.559948,5.523829,15.7699,,
2026-09-04T10:53:12.702,285,ACQUIRE_VERIFY,ACQUIRE_VERIFY,888,2,1788486792652.335,66.364,timestamp_domain.system_time,2331484.000,78.000,1,2331484.000,2331515.000,31.000,31.000,2331515.000,31.000,1,1,pnp_visible_ransac,9,3.878,-44.3610,1.548411,5.510107,15.6960,,
2026-09-04T10:53:12.794,286,ACQUIRE_VERIFY,ACQUIRE_VERIFY,891,3,1788486792752.458,100.123,timestamp_domain.system_time,2331562.000,78.000,1,2331578.000,2331593.000,15.000,31.000,2331609.000,47.000,1,1,pnp_visible_ransac,9,3.730,-39.0759,1.500803,5.463992,15.3588,,
2026-09-04T10:53:12.877,287,ACQUIRE_VERIFY,ACQUIRE_VERIFY,893,2,1788486792819.147,66.690,timestamp_domain.system_time,2331656.000,94.000,1,2331656.000,2331687.000,31.000,31.000,2331687.000,31.000,1,1,pnp_visible_ransac,9,3.223,-51.6303,1.608201,5.552935,16.1517,,
2026-09-04T10:53:12.958,288,ACQUIRE_VERIFY,ACQUIRE_VERIFY,896,3,1788486792919.312,100.165,timestamp_domain.system_time,2331734.000,78.000,1,2331734.000,2331765.000,31.000,31.000,2331765.000,31.000,1,1,pnp_visible_ransac,9,3.337,-46.3054,1.575990,5.553629,15.8427,,
2026-09-04T10:53:13.049,289,ACQUIRE_VERIFY,ACQUIRE_VERIFY,897,1,1788486792953.261,33.948,timestamp_domain.system_time,2331812.000,78.000,1,2331828.000,2331843.000,15.000,31.000,2331859.000,47.000,1,1,pnp_visible_ransac,9,3.042,-52.7949,1.615031,5.539123,16.2550,,
2026-09-04T10:53:13.153,290,ACQUIRE_VERIFY,ACQUIRE_VERIFY,898,1,1788486792986.221,32.960,timestamp_domain.system_time,2331937.000,125.000,1,2331937.000,2331968.000,31.000,31.000,2331968.000,31.000,1,1,pnp_visible_ransac,9,3.794,-39.9235,1.510198,5.474023,15.4233,,
2026-09-04T10:53:13.240,291,ACQUIRE_VERIFY,ACQUIRE_VERIFY,904,6,1788486793186.077,199.856,timestamp_domain.system_time,2332015.000,78.000,1,2332015.000,2332046.000,31.000,31.000,2332046.000,31.000,1,1,pnp_visible_ransac,9,4.277,-36.5829,1.459045,5.387714,15.1528,,
2026-09-04T10:53:13.320,292,ACQUIRE_VERIFY,ACQUIRE_VERIFY,907,3,1788486793285.998,99.921,timestamp_domain.system_time,2332093.000,78.000,1,2332109.000,2332125.000,16.000,32.000,2332125.000,32.000,1,1,pnp_visible_ransac,9,3.858,-29.2401,1.371067,5.227433,14.6967,,
2026-09-04T10:53:13.392,293,ACQUIRE_VERIFY,ACQUIRE_VERIFY,909,2,1788486793352.807,66.809,timestamp_domain.system_time,2332171.000,78.000,1,2332171.000,2332203.000,32.000,32.000,2332203.000,32.000,1,1,pnp_visible_ransac,9,4.019,-27.6369,1.345478,5.172826,14.5799,,
2026-09-04T10:53:13.464,294,SEARCH_SWEEP,SEARCH_SWEEP,911,2,1788486793419.395,66.588,timestamp_domain.system_time,2332250.000,79.000,1,2332250.000,2332281.000,31.000,31.000,2332281.000,31.000,1,1,pnp_visible_ransac,9,3.863,-39.3035,1.500388,5.454781,15.3794,,
2026-09-04T10:53:13.535,295,ACQUIRE_VERIFY,ACQUIRE_VERIFY,913,2,1788486793486.103,66.708,timestamp_domain.system_time,2332312.000,62.000,1,2332312.000,2332343.000,31.000,31.000,2332343.000,31.000,1,1,pnp_visible_ransac,9,4.055,-43.4967,1.533679,5.476768,15.6440,,
2026-09-04T10:53:13.606,296,ACQUIRE_VERIFY,ACQUIRE_VERIFY,915,2,1788486793552.791,66.688,timestamp_domain.system_time,2332390.000,78.000,1,2332390.000,2332421.000,31.000,31.000,2332421.000,31.000,1,1,pnp_visible_ransac,9,4.653,-32.7744,1.404150,5.280412,14.8913,,
2026-09-04T10:53:13.677,297,ACQUIRE_VERIFY,ACQUIRE_VERIFY,917,2,1788486793619.368,66.577,timestamp_domain.system_time,2332453.000,63.000,1,2332468.000,2332484.000,16.000,31.000,2332484.000,31.000,1,1,pnp_visible_ransac,9,4.280,-32.8126,1.414318,5.305469,14.9266,,
2026-09-04T10:53:13.753,298,ACQUIRE_VERIFY,ACQUIRE_VERIFY,919,2,1788486793686.213,66.845,timestamp_domain.system_time,2332531.000,78.000,1,2332531.000,2332562.000,31.000,31.000,2332562.000,31.000,1,1,pnp_visible_ransac,9,3.780,-33.7708,1.439766,5.371166,15.0056,,
2026-09-04T10:53:13.823,299,ACQUIRE_VERIFY,ACQUIRE_VERIFY,922,3,1788486793786.338,100.125,timestamp_domain.system_time,2332593.000,62.000,1,2332609.000,2332640.000,31.000,47.000,2332640.000,47.000,1,1,pnp_visible_ransac,9,3.799,-38.3698,1.492828,5.451573,15.3141,,
2026-09-04T10:53:13.901,300,ACQUIRE_VERIFY,ACQUIRE_VERIFY,924,2,1788486793852.911,66.573,timestamp_domain.system_time,2332671.000,78.000,1,2332687.000,2332703.000,16.000,32.000,2332718.000,47.000,1,1,pnp_visible_ransac,9,4.035,-34.6781,1.445099,5.374770,15.0491,,
2026-09-04T10:53:13.993,301,ACQUIRE_VERIFY,ACQUIRE_VERIFY,926,2,1788486793919.769,66.858,timestamp_domain.system_time,2332750.000,79.000,1,2332765.000,2332796.000,31.000,46.000,2332796.000,46.000,1,1,pnp_visible_ransac,9,3.776,-41.0795,1.523259,5.493614,15.4975,,
2026-09-04T10:53:14.090,302,ACQUIRE_VERIFY,ACQUIRE_VERIFY,928,2,1788486793986.531,66.762,timestamp_domain.system_time,2332859.000,109.000,1,2332859.000,2332906.000,47.000,47.000,2332906.000,47.000,1,1,pnp_visible_ransac,9,3.978,-28.7193,1.361976,5.212702,14.6429,,
2026-09-04T10:53:14.177,303,ACQUIRE_VERIFY,ACQUIRE_VERIFY,932,4,1788486794119.913,133.382,timestamp_domain.system_time,2332953.000,94.000,1,2332953.000,2332984.000,31.000,31.000,2332984.000,31.000,1,1,pnp_visible_ransac,9,4.004,-25.8080,1.315807,5.111385,14.4360,,
2026-09-04T10:53:14.269,304,ACQUIRE_VERIFY,ACQUIRE_VERIFY,935,3,1788486794219.807,99.894,timestamp_domain.system_time,2333046.000,93.000,1,2333046.000,2333078.000,32.000,32.000,2333078.000,32.000,1,1,pnp_visible_ransac,9,4.421,-30.7501,1.384337,5.257028,14.7528,,
2026-09-04T10:53:14.349,305,ACQUIRE_VERIFY,ACQUIRE_VERIFY,937,2,1788486794286.525,66.718,timestamp_domain.system_time,2333125.000,79.000,1,2333125.000,2333156.000,31.000,31.000,2333156.000,31.000,1,1,pnp_visible_ransac,9,3.977,-29.6215,1.373109,5.228728,14.7141,,
2026-09-04T10:53:14.420,306,ACQUIRE_VERIFY,ACQUIRE_VERIFY,940,3,1788486794386.628,100.104,timestamp_domain.system_time,2333203.000,78.000,1,2333203.000,2333234.000,31.000,31.000,2333234.000,31.000,1,1,pnp_visible_ransac,9,3.812,-40.1220,1.509030,5.474200,15.4115,,
2026-09-04T10:53:14.503,307,ACQUIRE_VERIFY,ACQUIRE_VERIFY,942,2,1788486794453.296,66.667,timestamp_domain.system_time,2333281.000,78.000,1,2333281.000,2333312.000,31.000,31.000,2333312.000,31.000,1,1,pnp_visible_ransac,9,3.878,-29.1945,1.370278,5.226451,14.6912,,
2026-09-04T10:53:14.580,308,ACQUIRE_VERIFY,ACQUIRE_VERIFY,944,2,1788486794520.003,66.707,timestamp_domain.system_time,2333359.000,78.000,1,2333359.000,2333390.000,31.000,31.000,2333390.000,31.000,1,1,pnp_visible_ransac,9,4.493,-37.8030,1.469361,5.398469,15.2260,,
2026-09-04T10:53:14.655,309,ACQUIRE_VERIFY,ACQUIRE_VERIFY,947,3,1788486794620.257,100.254,timestamp_domain.system_time,2333437.000,78.000,1,2333437.000,2333468.000,31.000,31.000,2333468.000,31.000,1,1,pnp_visible_ransac,9,3.606,-37.8092,1.489953,5.451085,15.2873,,
2026-09-04T10:53:14.732,310,ACQUIRE_VERIFY,ACQUIRE_VERIFY,949,2,1788486794686.760,66.503,timestamp_domain.system_time,2333515.000,78.000,1,2333515.000,2333546.000,31.000,31.000,2333546.000,31.000,1,1,pnp_visible_ransac,9,3.919,-29.6172,1.379233,5.252077,14.7140,,
2026-09-04T10:53:14.807,311,ACQUIRE_VERIFY,ACQUIRE_VERIFY,951,2,1788486794753.472,66.711,timestamp_domain.system_time,2333593.000,78.000,1,2333593.000,2333625.000,32.000,32.000,2333625.000,32.000,1,1,pnp_visible_ransac,9,4.326,-26.7622,1.322651,5.120397,14.4835,,
2026-09-04T10:53:14.886,312,ACQUIRE_VERIFY,ACQUIRE_VERIFY,953,2,1788486794820.075,66.603,timestamp_domain.system_time,2333671.000,78.000,1,2333671.000,2333687.000,16.000,16.000,2333703.000,32.000,1,1,pnp_visible_ransac,9,4.194,-32.3044,1.405766,5.290895,14.8794,,
2026-09-04T10:53:14.966,313,ACQUIRE_VERIFY,ACQUIRE_VERIFY,956,3,1788486794920.294,100.219,timestamp_domain.system_time,2333750.000,79.000,1,2333750.000,2333781.000,31.000,31.000,2333781.000,31.000,1,1,pnp_visible_ransac,8,4.004,-32.7422,1.381872,5.185257,14.9225,,
2026-09-04T10:53:15.048,314,ACQUIRE_VERIFY,ACQUIRE_VERIFY,958,2,1788486794986.926,66.632,timestamp_domain.system_time,2333828.000,78.000,1,2333828.000,2333859.000,31.000,31.000,2333859.000,31.000,1,1,pnp_visible_ransac,9,3.819,-38.1885,1.489130,5.446855,15.2906,,
2026-09-04T10:53:15.154,315,ACQUIRE_VERIFY,ACQUIRE_VERIFY,959,1,1788486795020.358,33.432,timestamp_domain.system_time,2333937.000,109.000,1,2333937.000,2333968.000,31.000,31.000,2333968.000,31.000,1,1,pnp_visible_ransac,9,4.400,-35.2974,1.437712,5.340249,15.0680,,
2026-09-04T10:53:15.231,316,ACQUIRE_VERIFY,ACQUIRE_VERIFY,964,5,1788486795187.159,166.802,timestamp_domain.system_time,2334015.000,78.000,1,2334015.000,2334046.000,31.000,31.000,2334046.000,31.000,1,1,pnp_visible_ransac,9,4.163,-31.6980,1.399236,5.282275,14.8365,,
2026-09-04T10:53:15.310,317,ACQUIRE_VERIFY,ACQUIRE_VERIFY,966,2,1788486795253.717,66.558,timestamp_domain.system_time,2334093.000,78.000,1,2334093.000,2334125.000,32.000,32.000,2334125.000,32.000,1,1,pnp_visible_ransac,9,3.920,-34.7361,1.446803,5.374740,15.0661,,
2026-09-04T10:53:15.390,318,ACQUIRE_VERIFY,ACQUIRE_VERIFY,969,3,1788486795353.818,100.101,timestamp_domain.system_time,2334171.000,78.000,1,2334171.000,2334203.000,32.000,32.000,2334203.000,32.000,1,1,pnp_visible_ransac,9,3.274,-46.8820,1.580601,5.557579,15.8760,,
2026-09-04T10:53:15.473,319,ACQUIRE_VERIFY,ACQUIRE_VERIFY,971,2,1788486795420.573,66.754,timestamp_domain.system_time,2334250.000,79.000,1,2334250.000,2334281.000,31.000,31.000,2334281.000,31.000,1,1,pnp_visible_ransac,9,3.436,-48.8999,1.588303,5.540258,15.9967,,
2026-09-04T10:53:15.553,320,ACQUIRE_VERIFY,ACQUIRE_VERIFY,973,2,1788486795487.346,66.773,timestamp_domain.system_time,2334328.000,78.000,1,2334328.000,2334359.000,31.000,31.000,2334359.000,31.000,1,1,pnp_visible_ransac,9,3.825,-44.3852,1.548986,5.524392,15.6630,,
2026-09-04T10:53:15.633,321,ACQUIRE_VERIFY,ACQUIRE_VERIFY,976,3,1788486795587.177,99.832,timestamp_domain.system_time,2334406.000,78.000,1,2334406.000,2334437.000,31.000,31.000,2334437.000,31.000,1,1,pnp_visible_ransac,9,3.536,-52.4561,1.599587,5.509642,16.1893,,
2026-09-04T10:53:15.716,322,ACQUIRE_VERIFY,ACQUIRE_VERIFY,978,2,1788486795654.108,66.930,timestamp_domain.system_time,2334500.000,94.000,1,2334500.000,2334531.000,31.000,31.000,2334531.000,31.000,1,1,pnp_visible_ransac,9,4.114,-41.1169,1.511534,5.468632,15.4508,,
2026-09-04T10:53:15.795,323,ACQUIRE_VERIFY,ACQUIRE_VERIFY,981,3,1788486795754.068,99.960,timestamp_domain.system_time,2334578.000,78.000,1,2334578.000,2334609.000,31.000,31.000,2334609.000,31.000,1,1,pnp_visible_ransac,9,4.016,-36.5877,1.464189,5.390800,15.1955,,
2026-09-04T10:53:15.875,324,ACQUIRE_VERIFY,ACQUIRE_VERIFY,983,2,1788486795820.689,66.622,timestamp_domain.system_time,2334656.000,78.000,1,2334656.000,2334687.000,31.000,31.000,2334687.000,31.000,1,1,pnp_visible_ransac,9,3.790,-44.8406,1.549984,5.507571,15.7181,,
2026-09-04T10:53:15.959,325,ACQUIRE_VERIFY,ACQUIRE_VERIFY,986,3,1788486795920.804,100.115,timestamp_domain.system_time,2334734.000,78.000,1,2334734.000,2334765.000,31.000,31.000,2334765.000,31.000,1,1,pnp_visible_ransac,9,3.751,-41.2044,1.518122,5.475013,15.4977,,
2026-09-04T10:53:16.037,326,ACQUIRE_VERIFY,ACQUIRE_VERIFY,988,2,1788486795987.438,66.634,timestamp_domain.system_time,2334812.000,78.000,1,2334812.000,2334843.000,31.000,31.000,2334843.000,31.000,1,1,pnp_visible_ransac,9,3.404,-51.3661,1.599614,5.520482,16.1595,,
2026-09-04T10:53:16.156,327,ACQUIRE_VERIFY,ACQUIRE_VERIFY,989,1,1788486796020.853,33.415,timestamp_domain.system_time,2334937.000,125.000,1,2334937.000,2334968.000,31.000,31.000,2334968.000,31.000,1,1,pnp_visible_ransac,9,3.706,-47.4346,1.571161,5.522090,15.8823,,
2026-09-04T10:53:16.232,328,ACQUIRE_VERIFY,ACQUIRE_VERIFY,994,5,1788486796187.815,166.962,timestamp_domain.system_time,2335015.000,78.000,1,2335015.000,2335046.000,31.000,31.000,2335046.000,31.000,1,1,pnp_visible_ransac,9,3.944,-45.7561,1.556196,5.513851,15.7609,,
2026-09-04T10:53:16.310,329,ACQUIRE_VERIFY,ACQUIRE_VERIFY,996,2,1788486796254.353,66.538,timestamp_domain.system_time,2335093.000,78.000,1,2335093.000,2335125.000,32.000,32.000,2335125.000,32.000,1,1,pnp_visible_ransac,9,3.859,-40.3402,1.508822,5.469187,15.4230,,
2026-09-04T10:53:16.390,330,ACQUIRE_VERIFY,ACQUIRE_VERIFY,999,3,1788486796354.335,99.982,timestamp_domain.system_time,2335171.000,78.000,1,2335171.000,2335203.000,32.000,32.000,2335203.000,32.000,1,1,pnp_visible_ransac,9,3.902,-44.5044,1.543140,5.500013,15.6725,,
2026-09-04T10:53:16.473,331,ACQUIRE_VERIFY,ACQUIRE_VERIFY,1001,2,1788486796421.133,66.798,timestamp_domain.system_time,2335250.000,79.000,1,2335250.000,2335281.000,31.000,31.000,2335281.000,31.000,1,1,pnp_visible_ransac,9,3.887,-42.7367,1.528083,5.479859,15.5814,,
2026-09-04T10:53:16.550,332,ACQUIRE_VERIFY,ACQUIRE_VERIFY,1003,2,1788486796487.720,66.587,timestamp_domain.system_time,2335328.000,78.000,1,2335328.000,2335359.000,31.000,31.000,2335359.000,31.000,1,1,pnp_visible_ransac,9,3.991,-37.3894,1.476775,5.422549,15.2344,,
2026-09-04T10:53:16.626,333,ACQUIRE_VERIFY,ACQUIRE_VERIFY,1006,3,1788486796587.833,100.113,timestamp_domain.system_time,2335406.000,78.000,1,2335406.000,2335437.000,31.000,31.000,2335437.000,31.000,1,1,pnp_visible_ransac,9,3.790,-44.0921,1.544831,5.502458,15.6822,,
2026-09-04T10:53:16.704,334,ACQUIRE_VERIFY,ACQUIRE_VERIFY,1008,2,1788486796654.647,66.814,timestamp_domain.system_time,2335484.000,78.000,1,2335484.000,2335515.000,31.000,31.000,2335515.000,31.000,1,1,pnp_visible_ransac,9,3.190,-50.0380,1.598332,5.543009,16.0850,,
2026-09-04T10:53:16.787,335,ACQUIRE_VERIFY,ACQUIRE_VERIFY,1010,2,1788486796721.194,66.547,timestamp_domain.system_time,2335562.000,78.000,1,2335562.000,2335593.000,31.000,31.000,2335593.000,31.000,1,1,pnp_visible_ransac,9,3.326,-50.7237,1.599887,5.541491,16.1040,,
2026-09-04T10:53:16.868,336,ACQUIRE_VERIFY,ACQUIRE_VERIFY,1013,3,1788486796821.149,99.955,timestamp_domain.system_time,2335640.000,78.000,1,2335656.000,2335671.000,15.000,31.000,2335671.000,31.000,1,1,pnp_visible_ransac,9,1.355,-73.3229,1.535440,4.994739,17.0880,,
2026-09-04T10:53:16.947,337,ACQUIRE_VERIFY,ACQUIRE_VERIFY,1015,2,1788486796887.967,66.819,timestamp_domain.system_time,2335734.000,94.000,1,2335734.000,2335765.000,31.000,31.000,2335765.000,31.000,1,1,pnp_visible_ransac,9,3.365,-52.1720,1.600595,5.514239,16.1862,,
2026-09-04T10:53:17.028,338,ACQUIRE_VERIFY,ACQUIRE_VERIFY,1018,3,1788486796988.050,100.083,timestamp_domain.system_time,2335812.000,78.000,1,2335812.000,2335843.000,31.000,31.000,2335843.000,31.000,1,1,pnp_visible_ransac,9,3.088,-52.8071,1.611134,5.530230,16.2425,,
2026-09-04T10:53:17.153,339,ACQUIRE_VERIFY,ACQUIRE_VERIFY,1019,1,1788486797021.604,33.553,timestamp_domain.system_time,2335937.000,125.000,1,2335937.000,2335968.000,31.000,31.000,2335968.000,31.000,1,1,pnp_visible_ransac,9,3.373,-46.9934,1.577359,5.545422,15.8781,,
2026-09-04T10:53:17.230,340,ACQUIRE_VERIFY,ACQUIRE_VERIFY,1024,5,1788486797187.967,166.364,timestamp_domain.system_time,2336015.000,78.000,1,2336015.000,2336046.000,31.000,31.000,2336046.000,31.000,1,1,pnp_visible_ransac,9,3.157,-51.8979,1.610189,5.558167,16.1562,,
2026-09-04T10:53:17.301,341,ACQUIRE_VERIFY,ACQUIRE_VERIFY,1026,2,1788486797254.843,66.876,timestamp_domain.system_time,2336078.000,63.000,1,2336093.000,2336109.000,16.000,31.000,2336109.000,31.000,1,1,pnp_visible_ransac,9,3.204,-48.6737,1.594112,5.563755,15.9879,,
2026-09-04T10:53:17.383,342,ACQUIRE_VERIFY,ACQUIRE_VERIFY,1028,2,1788486797321.547,66.703,timestamp_domain.system_time,2336171.000,93.000,1,2336171.000,2336187.000,16.000,16.000,2336187.000,16.000,1,1,pnp_visible_ransac,9,3.682,-48.6240,1.576967,5.506776,15.9800,,
2026-09-04T10:53:17.460,343,ACQUIRE_VERIFY,ACQUIRE_VERIFY,1031,3,1788486797421.727,100.180,timestamp_domain.system_time,2336234.000,63.000,1,2336250.000,2336265.000,15.000,31.000,2336265.000,31.000,1,1,pnp_visible_ransac,9,3.541,-51.9368,1.597662,5.510104,16.1696,,
2026-09-04T10:53:17.534,344,SEARCH_SWEEP,SEARCH_SWEEP,1033,2,1788486797488.158,66.431,timestamp_domain.system_time,2336312.000,78.000,1,2336312.000,2336343.000,31.000,31.000,2336343.000,31.000,1,1,pnp_visible_ransac,9,4.172,-39.8640,1.494711,5.426344,15.4005,,
2026-09-04T10:53:17.619,345,ACQUIRE_VERIFY,ACQUIRE_VERIFY,1035,2,1788486797555.052,66.894,timestamp_domain.system_time,2336390.000,78.000,1,2336390.000,2336437.000,47.000,47.000,2336437.000,47.000,1,1,pnp_visible_ransac,9,3.556,-49.4365,1.586519,5.533160,15.9992,,
2026-09-04T10:53:17.695,346,ACQUIRE_VERIFY,ACQUIRE_VERIFY,1038,3,1788486797655.046,99.995,timestamp_domain.system_time,2336468.000,78.000,1,2336468.000,2336500.000,32.000,32.000,2336500.000,32.000,1,1,pnp_visible_ransac,9,3.399,-49.2095,1.590606,5.546878,16.0006,,
2026-09-04T10:53:17.776,347,ACQUIRE_VERIFY,ACQUIRE_VERIFY,1040,2,1788486797721.804,66.757,timestamp_domain.system_time,2336562.000,94.000,1,2336562.000,2336593.000,31.000,31.000,2336593.000,31.000,1,1,pnp_visible_ransac,9,3.859,-41.4611,1.518842,5.473655,15.5084,,
2026-09-04T10:53:17.857,348,ACQUIRE_VERIFY,ACQUIRE_VERIFY,1043,3,1788486797821.765,99.961,timestamp_domain.system_time,2336640.000,78.000,1,2336640.000,2336671.000,31.000,31.000,2336671.000,31.000,1,1,pnp_visible_ransac,9,3.808,-44.4913,1.546910,5.500488,15.7077,,
2026-09-04T10:53:17.937,349,ACQUIRE_VERIFY,ACQUIRE_VERIFY,1045,2,1788486797888.492,66.727,timestamp_domain.system_time,2336718.000,78.000,1,2336718.000,2336750.000,32.000,32.000,2336750.000,32.000,1,1,pnp_visible_ransac,9,1.584,-73.4475,1.537042,4.997485,17.0960,,
2026-09-04T10:53:18.019,350,ACQUIRE_VERIFY,ACQUIRE_VERIFY,1047,2,1788486797955.093,66.601,timestamp_domain.system_time,2336796.000,78.000,1,2336796.000,2336828.000,32.000,32.000,2336828.000,32.000,1,1,pnp_visible_ransac,9,3.560,-46.4822,1.567945,5.522593,15.8500,,
2026-09-04T10:53:18.157,351,ACQUIRE_VERIFY,ACQUIRE_VERIFY,1048,1,1788486797988.652,33.559,timestamp_domain.system_time,2336875.000,79.000,1,2336875.000,2336968.000,93.000,93.000,2336968.000,93.000,1,1,pnp_visible_ransac,9,3.627,-46.3438,1.566692,5.523983,15.8342,,
2026-09-04T10:53:18.231,352,ACQUIRE_VERIFY,ACQUIRE_VERIFY,1054,6,1788486798188.605,199.953,timestamp_domain.system_time,2337015.000,140.000,1,2337015.000,2337046.000,31.000,31.000,2337046.000,31.000,1,1,pnp_visible_ransac,9,3.209,-51.5619,1.604269,5.535140,16.1634,,
2026-09-04T10:53:18.309,353,ACQUIRE_VERIFY,ACQUIRE_VERIFY,1056,2,1788486798255.407,66.802,timestamp_domain.system_time,2337093.000,78.000,1,2337093.000,2337125.000,32.000,32.000,2337125.000,32.000,1,1,pnp_visible_ransac,9,3.332,-49.0215,1.587762,5.540028,15.9922,,
2026-09-04T10:53:18.390,354,ACQUIRE_VERIFY,ACQUIRE_VERIFY,1058,2,1788486798322.099,66.691,timestamp_domain.system_time,2337171.000,78.000,1,2337171.000,2337203.000,32.000,32.000,2337203.000,32.000,1,1,pnp_visible_ransac,9,3.227,-54.4223,1.613013,5.503799,16.3344,,
2026-09-04T10:53:18.471,355,ACQUIRE_VERIFY,ACQUIRE_VERIFY,1061,3,1788486798422.004,99.905,timestamp_domain.system_time,2337250.000,79.000,1,2337250.000,2337281.000,31.000,31.000,2337281.000,31.000,1,1,pnp_visible_ransac,9,3.654,-46.5892,1.564158,5.511652,15.8435,,
2026-09-04T10:53:18.552,356,ACQUIRE_VERIFY,ACQUIRE_VERIFY,1063,2,1788486798488.858,66.854,timestamp_domain.system_time,2337328.000,78.000,1,2337328.000,2337359.000,31.000,31.000,2337359.000,31.000,1,1,pnp_visible_ransac,9,3.600,-45.3976,1.558407,5.522466,15.7588,,
2026-09-04T10:53:18.625,357,ACQUIRE_VERIFY,ACQUIRE_VERIFY,1066,3,1788486798588.678,99.821,timestamp_domain.system_time,2337406.000,78.000,1,2337406.000,2337437.000,31.000,31.000,2337437.000,31.000,1,1,pnp_visible_ransac,9,3.540,-50.7230,1.593609,5.522394,16.0967,,
2026-09-04T10:53:18.707,358,ACQUIRE_VERIFY,ACQUIRE_VERIFY,1068,2,1788486798655.659,66.981,timestamp_domain.system_time,2337484.000,78.000,1,2337484.000,2337515.000,31.000,31.000,2337515.000,31.000,1,1,pnp_visible_ransac,9,3.908,-45.7044,1.553767,5.511096,15.7450,,
2026-09-04T10:53:18.785,359,ACQUIRE_VERIFY,ACQUIRE_VERIFY,1070,2,1788486798722.327,66.668,timestamp_domain.system_time,2337562.000,78.000,1,2337562.000,2337593.000,31.000,31.000,2337593.000,31.000,1,1,pnp_visible_ransac,9,4.095,-34.2053,1.433668,5.337366,15.0353,,
2026-09-04T10:53:18.858,360,ACQUIRE_VERIFY,ACQUIRE_VERIFY,1073,3,1788486798822.356,100.029,timestamp_domain.system_time,2337640.000,78.000,1,2337640.000,2337671.000,31.000,31.000,2337671.000,31.000,1,1,pnp_visible_ransac,9,3.839,-40.9712,1.515069,5.474708,15.4689,,
2026-09-04T10:53:18.938,361,ACQUIRE_VERIFY,ACQUIRE_VERIFY,1075,2,1788486798888.997,66.641,timestamp_domain.system_time,2337718.000,78.000,1,2337718.000,2337750.000,32.000,32.000,2337750.000,32.000,1,1,pnp_visible_ransac,9,4.277,-36.5829,1.459045,5.387714,15.1528,,
2026-09-04T10:53:19.019,362,ACQUIRE_VERIFY,ACQUIRE_VERIFY,1077,2,1788486798955.744,66.747,timestamp_domain.system_time,2337796.000,78.000,1,2337796.000,2337828.000,32.000,32.000,2337828.000,32.000,1,1,pnp_visible_ransac,9,3.894,-34.1516,1.437400,5.351445,15.0348,,
2026-09-04T10:53:19.098,363,ACQUIRE_VERIFY,ACQUIRE_VERIFY,1078,1,1788486798989.212,33.468,timestamp_domain.system_time,2337875.000,79.000,1,2337875.000,2337906.000,31.000,31.000,2337906.000,31.000,1,1,pnp_visible_ransac,9,3.830,-40.5415,1.509710,5.460874,15.4540,,
2026-09-04T10:53:19.179,364,ACQUIRE_VERIFY,ACQUIRE_VERIFY,1082,4,1788486799122.504,133.293,timestamp_domain.system_time,2337953.000,78.000,1,2337953.000,2337984.000,31.000,31.000,2337984.000,31.000,1,1,pnp_visible_ransac,9,3.217,-48.1675,1.588166,5.561423,15.9377,,
2026-09-04T10:53:19.251,365,ACQUIRE_VERIFY,ACQUIRE_VERIFY,1084,2,1788486799189.195,66.691,timestamp_domain.system_time,2338031.000,78.000,1,2338031.000,2338062.000,31.000,31.000,2338062.000,31.000,1,1,pnp_visible_ransac,9,4.167,-34.6558,1.437887,5.349810,15.0441,,
2026-09-04T10:53:19.332,366,ACQUIRE_VERIFY,ACQUIRE_VERIFY,1087,3,1788486799289.282,100.087,timestamp_domain.system_time,2338109.000,78.000,1,2338109.000,2338140.000,31.000,31.000,2338140.000,31.000,1,1,pnp_visible_ransac,9,3.792,-37.8799,1.487311,5.444943,15.2779,,
2026-09-04T10:53:19.412,367,ACQUIRE_VERIFY,ACQUIRE_VERIFY,1089,2,1788486799355.889,66.606,timestamp_domain.system_time,2338187.000,78.000,1,2338187.000,2338218.000,31.000,31.000,2338218.000,31.000,1,1,pnp_visible_ransac,9,3.921,-39.4757,1.500634,5.454659,15.3821,,
2026-09-04T10:53:19.484,368,ACQUIRE_VERIFY,ACQUIRE_VERIFY,1091,2,1788486799422.756,66.867,timestamp_domain.system_time,2338265.000,78.000,1,2338265.000,2338296.000,31.000,31.000,2338296.000,31.000,1,1,pnp_visible_ransac,9,4.091,-39.3234,1.496343,5.448621,15.3564,,
2026-09-04T10:53:19.564,369,ACQUIRE_VERIFY,ACQUIRE_VERIFY,1094,3,1788486799522.775,100.019,timestamp_domain.system_time,2338343.000,78.000,1,2338343.000,2338375.000,32.000,32.000,2338375.000,32.000,1,1,pnp_visible_ransac,9,3.841,-29.0487,1.371314,5.224055,14.7083,,
2026-09-04T10:53:19.645,370,ACQUIRE_VERIFY,ACQUIRE_VERIFY,1096,2,1788486799589.381,66.606,timestamp_domain.system_time,2338421.000,78.000,1,2338421.000,2338453.000,32.000,32.000,2338453.000,32.000,1,1,pnp_visible_ransac,9,3.983,-42.6503,1.525739,5.471973,15.5800,,
2026-09-04T10:53:19.724,371,ACQUIRE_VERIFY,ACQUIRE_VERIFY,1099,3,1788486799689.356,99.975,timestamp_domain.system_time,2338500.000,79.000,1,2338500.000,2338531.000,31.000,31.000,2338531.000,31.000,1,1,pnp_visible_ransac,9,4.306,-35.7249,1.446727,5.350118,15.1315,,
2026-09-04T10:53:19.797,372,ACQUIRE_VERIFY,ACQUIRE_VERIFY,1101,2,1788486799756.314,66.958,timestamp_domain.system_time,2338578.000,78.000,1,2338578.000,2338609.000,31.000,31.000,2338609.000,31.000,1,1,pnp_visible_ransac,9,4.065,-36.4243,1.463051,5.398473,15.1636,,
2026-09-04T10:53:19.883,373,ACQUIRE_VERIFY,ACQUIRE_VERIFY,1103,2,1788486799822.794,66.480,timestamp_domain.system_time,2338656.000,78.000,1,2338656.000,2338687.000,31.000,31.000,2338687.000,31.000,1,1,pnp_visible_ransac,9,4.244,-27.4729,1.336407,5.153832,14.5368,,
2026-09-04T10:53:19.959,374,ACQUIRE_VERIFY,ACQUIRE_VERIFY,1106,3,1788486799922.883,100.088,timestamp_domain.system_time,2338734.000,78.000,1,2338734.000,2338765.000,31.000,31.000,2338765.000,31.000,1,1,pnp_visible_ransac,9,3.997,-43.4302,1.533244,5.492546,15.5971,,
2026-09-04T10:53:20.040,375,ACQUIRE_VERIFY,ACQUIRE_VERIFY,1108,2,1788486799989.784,66.901,timestamp_domain.system_time,2338812.000,78.000,1,2338828.000,2338843.000,15.000,31.000,2338859.000,47.000,1,1,pnp_visible_ransac,9,4.093,-36.9115,1.463903,5.392016,15.1894,,
2026-09-04T10:53:20.152,376,ACQUIRE_VERIFY,ACQUIRE_VERIFY,1111,3,1788486800090.290,100.506,timestamp_domain.system_time,2338937.000,125.000,1,2338937.000,2338968.000,31.000,31.000,2338968.000,31.000,1,1,pnp_visible_ransac,9,4.452,-32.1901,1.397854,5.269375,14.8572,,
2026-09-04T10:53:20.231,377,ACQUIRE_VERIFY,ACQUIRE_VERIFY,1114,3,1788486800189.609,99.319,timestamp_domain.system_time,2339015.000,78.000,1,2339015.000,2339046.000,31.000,31.000,2339046.000,31.000,1,1,pnp_visible_ransac,9,4.051,-37.4936,1.472902,5.405008,15.2434,,
2026-09-04T10:53:20.304,378,ACQUIRE_VERIFY,ACQUIRE_VERIFY,1116,2,1788486800256.370,66.762,timestamp_domain.system_time,2339078.000,63.000,1,2339078.000,2339109.000,31.000,31.000,2339109.000,31.000,1,1,pnp_visible_ransac,9,3.913,-35.1754,1.452620,5.385098,15.0961,,
2026-09-04T10:53:20.385,379,ACQUIRE_VERIFY,ACQUIRE_VERIFY,1118,2,1788486800323.325,66.954,timestamp_domain.system_time,2339171.000,93.000,1,2339171.000,2339203.000,32.000,32.000,2339203.000,32.000,1,1,pnp_visible_ransac,9,4.199,-35.4884,1.447729,5.361816,15.1100,,
2026-09-04T10:53:20.456,380,ACQUIRE_VERIFY,ACQUIRE_VERIFY,1121,3,1788486800423.062,99.737,timestamp_domain.system_time,2339234.000,63.000,1,2339250.000,2339265.000,15.000,31.000,2339265.000,31.000,1,1,pnp_visible_ransac,9,3.959,-37.9282,1.483211,5.430819,15.2755,,
2026-09-04T10:53:20.539,381,ACQUIRE_VERIFY,ACQUIRE_VERIFY,1123,2,1788486800489.947,66.885,timestamp_domain.system_time,2339328.000,94.000,1,2339328.000,2339343.000,15.000,15.000,2339359.000,31.000,1,1,pnp_visible_ransac,9,3.996,-34.8621,1.445394,5.372677,15.0576,,
2026-09-04T10:53:20.618,382,ACQUIRE_VERIFY,ACQUIRE_VERIFY,1125,2,1788486800556.748,66.801,timestamp_domain.system_time,2339406.000,78.000,1,2339406.000,2339437.000,31.000,31.000,2339437.000,31.000,1,1,pnp_visible_ransac,9,3.597,-42.9520,1.539390,5.508778,15.6127,,
2026-09-04T10:53:20.702,383,ACQUIRE_VERIFY,ACQUIRE_VERIFY,1128,3,1788486800656.745,99.997,timestamp_domain.system_time,2339468.000,62.000,1,2339484.000,2339515.000,31.000,47.000,2339515.000,47.000,1,1,pnp_visible_ransac,9,3.979,-39.7538,1.497156,5.431368,15.4109,,
2026-09-04T10:53:20.785,384,ACQUIRE_VERIFY,ACQUIRE_VERIFY,1130,2,1788486800723.459,66.714,timestamp_domain.system_time,2339562.000,94.000,1,2339562.000,2339593.000,31.000,31.000,2339593.000,31.000,1,1,pnp_visible_ransac,9,4.369,-35.3482,1.439681,5.332507,15.1086,,
2026-09-04T10:53:20.866,385,ACQUIRE_VERIFY,ACQUIRE_VERIFY,1133,3,1788486800823.495,100.036,timestamp_domain.system_time,2339640.000,78.000,1,2339640.000,2339671.000,31.000,31.000,2339671.000,31.000,1,1,pnp_visible_ransac,9,3.183,-50.2546,1.600403,5.558722,16.0616,,
2026-09-04T10:53:20.945,386,ACQUIRE_VERIFY,ACQUIRE_VERIFY,1135,2,1788486800890.129,66.634,timestamp_domain.system_time,2339718.000,78.000,1,2339734.000,2339750.000,16.000,32.000,2339750.000,32.000,1,1,pnp_visible_ransac,9,3.274,-49.0468,1.591229,5.548587,16.0019,,
2026-09-04T10:53:21.026,387,ACQUIRE_VERIFY,ACQUIRE_VERIFY,1137,2,1788486800956.850,66.721,timestamp_domain.system_time,2339812.000,94.000,1,2339812.000,2339843.000,31.000,31.000,2339843.000,31.000,1,1,pnp_visible_ransac,9,3.472,-42.9994,1.542405,5.518480,15.6156,,
2026-09-04T10:53:21.097,388,ACQUIRE_VERIFY,ACQUIRE_VERIFY,1138,1,1788486800990.731,33.880,timestamp_domain.system_time,2339875.000,63.000,1,2339890.000,2339906.000,16.000,31.000,2339906.000,31.000,1,1,pnp_visible_ransac,9,3.734,-45.2169,1.559140,5.533534,15.7358,,
2026-09-04T10:53:21.189,389,ACQUIRE_VERIFY,ACQUIRE_VERIFY,1142,4,1788486801123.697,132.966,timestamp_domain.system_time,2339968.000,93.000,1,2339968.000,2340000.000,32.000,32.000,2340000.000,32.000,1,1,pnp_visible_ransac,9,4.116,-31.9550,1.405962,5.295166,14.8700,,
2026-09-04T10:53:21.270,390,ACQUIRE_VERIFY,ACQUIRE_VERIFY,1145,3,1788486801223.626,99.929,timestamp_domain.system_time,2340046.000,78.000,1,2340046.000,2340078.000,32.000,32.000,2340078.000,32.000,1,1,pnp_visible_ransac,9,3.113,-51.7373,1.610276,5.546376,16.1896,,
2026-09-04T10:53:21.349,391,ACQUIRE_VERIFY,ACQUIRE_VERIFY,1147,2,1788486801290.640,67.014,timestamp_domain.system_time,2340125.000,79.000,1,2340125.000,2340156.000,31.000,31.000,2340156.000,31.000,1,1,pnp_visible_ransac,9,3.416,-48.5508,1.586806,5.545297,15.9687,,
2026-09-04T10:53:21.425,392,ACQUIRE_VERIFY,ACQUIRE_VERIFY,1150,3,1788486801390.454,99.815,timestamp_domain.system_time,2340203.000,78.000,1,2340203.000,2340234.000,31.000,31.000,2340234.000,31.000,1,1,pnp_visible_ransac,9,3.813,-43.0620,1.537983,5.507948,15.6013,,
2026-09-04T10:53:21.503,393,ACQUIRE_VERIFY,ACQUIRE_VERIFY,1152,2,1788486801457.034,66.579,timestamp_domain.system_time,2340281.000,78.000,1,2340281.000,2340312.000,31.000,31.000,2340312.000,31.000,1,1,pnp_visible_ransac,9,4.210,-30.5053,1.381378,5.241807,14.7635,,
2026-09-04T10:53:21.583,394,ACQUIRE_VERIFY,ACQUIRE_VERIFY,1154,2,1788486801523.819,66.785,timestamp_domain.system_time,2340359.000,78.000,1,2340359.000,2340390.000,31.000,31.000,2340390.000,31.000,1,1,pnp_visible_ransac,9,4.066,-41.5737,1.517172,5.472607,15.4950,,
2026-09-04T10:53:21.654,395,SEARCH_SWEEP,SEARCH_SWEEP,1156,2,1788486801590.486,66.667,timestamp_domain.system_time,2340437.000,78.000,1,2340437.000,2340468.000,31.000,31.000,2340468.000,31.000,1,1,pnp_visible_ransac,9,4.130,-35.9341,1.452459,5.380133,15.1078,,
2026-09-04T10:53:21.734,396,ACQUIRE_VERIFY,ACQUIRE_VERIFY,1159,3,1788486801690.537,100.051,timestamp_domain.system_time,2340515.000,78.000,1,2340515.000,2340546.000,31.000,31.000,2340546.000,31.000,1,1,pnp_visible_ransac,9,3.394,-50.5213,1.595359,5.535685,16.0767,,
2026-09-04T10:53:21.817,397,ACQUIRE_VERIFY,ACQUIRE_VERIFY,1161,2,1788486801757.278,66.740,timestamp_domain.system_time,2340593.000,78.000,1,2340593.000,2340625.000,32.000,32.000,2340625.000,32.000,1,1,pnp_visible_ransac,9,3.716,-44.8382,1.551530,5.516707,15.7082,,
2026-09-04T10:53:21.896,398,ACQUIRE_VERIFY,ACQUIRE_VERIFY,1164,3,1788486801857.354,100.077,timestamp_domain.system_time,2340671.000,78.000,1,2340671.000,2340703.000,32.000,32.000,2340703.000,32.000,1,1,pnp_visible_ransac,9,4.176,-37.1241,1.468337,5.402050,15.2062,,
2026-09-04T10:53:21.976,399,ACQUIRE_VERIFY,ACQUIRE_VERIFY,1166,2,1788486801924.005,66.650,timestamp_domain.system_time,2340750.000,79.000,1,2340765.000,2340781.000,16.000,31.000,2340781.000,31.000,1,1,pnp_visible_ransac,9,3.805,-39.7961,1.500008,5.441698,15.4109,,
2026-09-04T10:53:22.058,400,ACQUIRE_VERIFY,ACQUIRE_VERIFY,1168,2,1788486801991.000,66.995,timestamp_domain.system_time,2340843.000,93.000,1,2340843.000,2340875.000,32.000,32.000,2340875.000,32.000,1,1,pnp_visible_ransac,9,4.335,-29.9101,1.368822,5.217186,14.7012,,
2026-09-04T10:53:22.138,401,ACQUIRE_VERIFY,ACQUIRE_VERIFY,1169,1,1788486802024.073,33.073,timestamp_domain.system_time,2340921.000,78.000,1,2340921.000,2340953.000,32.000,32.000,2340953.000,32.000,1,1,pnp_visible_ransac,9,4.076,-36.6923,1.465411,5.398871,15.1859,,
2026-09-04T10:53:22.217,402,ACQUIRE_VERIFY,ACQUIRE_VERIFY,1173,4,1788486802157.565,133.492,timestamp_domain.system_time,2341000.000,79.000,1,2341000.000,2341031.000,31.000,31.000,2341031.000,31.000,1,1,pnp_visible_ransac,9,4.368,-34.8173,1.432813,5.337204,15.0272,,
2026-09-04T10:53:22.301,403,ACQUIRE_VERIFY,ACQUIRE_VERIFY,1176,3,1788486802257.466,99.901,timestamp_domain.system_time,2341078.000,78.000,1,2341078.000,2341109.000,31.000,31.000,2341109.000,31.000,1,1,pnp_visible_ransac,9,3.598,-49.7140,1.590389,5.539065,16.0200,,
2026-09-04T10:53:22.382,404,ACQUIRE_VERIFY,ACQUIRE_VERIFY,1178,2,1788486802324.234,66.769,timestamp_domain.system_time,2341156.000,78.000,1,2341156.000,2341187.000,31.000,31.000,2341187.000,31.000,1,1,pnp_visible_ransac,9,4.450,-33.6356,1.417656,5.305303,14.9607,,
2026-09-04T10:53:22.454,405,ACQUIRE_VERIFY,ACQUIRE_VERIFY,1181,3,1788486802424.313,100.078,timestamp_domain.system_time,2341234.000,78.000,1,2341234.000,2341265.000,31.000,31.000,2341265.000,31.000,1,1,pnp_visible_ransac,9,3.502,-44.5153,1.555276,5.529435,15.7098,,
2026-09-04T10:53:22.536,406,ACQUIRE_VERIFY,ACQUIRE_VERIFY,1183,2,1788486802490.950,66.637,timestamp_domain.system_time,2341312.000,78.000,1,2341312.000,2341343.000,31.000,31.000,2341343.000,31.000,1,1,pnp_visible_ransac,9,3.798,-46.3016,1.561950,5.524114,15.7883,,
2026-09-04T10:53:22.617,407,ACQUIRE_VERIFY,ACQUIRE_VERIFY,1185,2,1788486802557.614,66.665,timestamp_domain.system_time,2341390.000,78.000,1,2341406.000,2341421.000,15.000,31.000,2341421.000,31.000,1,1,pnp_visible_ransac,9,3.763,-47.2125,1.569324,5.514597,15.8851,,
2026-09-04T10:53:22.688,408,ACQUIRE_VERIFY,ACQUIRE_VERIFY,1188,3,1788486802657.909,100.294,timestamp_domain.system_time,2341468.000,78.000,1,2341484.000,2341500.000,16.000,32.000,2341500.000,32.000,1,1,pnp_visible_ransac,9,3.525,-46.1321,1.569123,5.540201,15.8134,,
2026-09-04T10:53:22.775,409,ACQUIRE_VERIFY,ACQUIRE_VERIFY,1190,2,1788486802724.488,66.579,timestamp_domain.system_time,2341562.000,94.000,1,2341562.000,2341593.000,31.000,31.000,2341593.000,31.000,1,1,pnp_visible_ransac,9,3.938,-43.0893,1.529817,5.478459,15.6020,,
2026-09-04T10:53:22.851,410,ACQUIRE_VERIFY,ACQUIRE_VERIFY,1192,2,1788486802791.117,66.629,timestamp_domain.system_time,2341625.000,63.000,1,2341625.000,2341656.000,31.000,31.000,2341656.000,31.000,1,1,pnp_visible_ransac,9,3.774,-47.6915,1.572151,5.519166,15.8998,,
2026-09-04T10:53:22.939,411,ACQUIRE_VERIFY,ACQUIRE_VERIFY,1195,3,1788486802891.129,100.012,timestamp_domain.system_time,2341718.000,93.000,1,2341718.000,2341750.000,32.000,32.000,2341750.000,32.000,1,1,pnp_visible_ransac,9,4.290,-34.0463,1.424526,5.311242,15.0139,,
2026-09-04T10:53:23.018,412,ACQUIRE_VERIFY,ACQUIRE_VERIFY,1197,2,1788486802958.044,66.915,timestamp_domain.system_time,2341796.000,78.000,1,2341796.000,2341828.000,32.000,32.000,2341828.000,32.000,1,1,pnp_visible_ransac,9,3.273,-52.7342,1.608098,5.527271,16.2218,,
2026-09-04T10:53:23.092,413,ACQUIRE_VERIFY,ACQUIRE_VERIFY,1199,2,1788486803024.670,66.626,timestamp_domain.system_time,2341875.000,79.000,1,2341875.000,2341906.000,31.000,31.000,2341906.000,31.000,1,1,pnp_visible_ransac,9,3.552,-45.5807,1.560295,5.520297,15.7828,,
2026-09-04T10:53:23.192,414,ACQUIRE_VERIFY,ACQUIRE_VERIFY,1200,1,1788486803058.279,33.609,timestamp_domain.system_time,2341968.000,93.000,1,2341968.000,2342000.000,32.000,32.000,2342000.000,32.000,1,1,pnp_visible_ransac,9,3.879,-42.2259,1.526757,5.481348,15.5645,,
2026-09-04T10:53:23.264,415,ACQUIRE_VERIFY,ACQUIRE_VERIFY,1205,5,1788486803224.835,166.556,timestamp_domain.system_time,2342046.000,78.000,1,2342046.000,2342078.000,32.000,32.000,2342078.000,32.000,1,1,pnp_visible_ransac,9,3.673,-46.5090,1.567419,5.531259,15.8214,,
2026-09-04T10:53:23.345,416,ACQUIRE_VERIFY,ACQUIRE_VERIFY,1207,2,1788486803291.365,66.530,timestamp_domain.system_time,2342125.000,79.000,1,2342125.000,2342156.000,31.000,31.000,2342156.000,31.000,1,1,pnp_visible_ransac,9,3.078,-50.1155,1.603473,5.561234,16.0839,,
2026-09-04T10:53:23.424,417,ACQUIRE_VERIFY,ACQUIRE_VERIFY,1209,2,1788486803358.137,66.772,timestamp_domain.system_time,2342203.000,78.000,1,2342203.000,2342234.000,31.000,31.000,2342234.000,31.000,1,1,pnp_visible_ransac,9,3.307,-46.8450,1.574295,5.547411,15.8434,,
2026-09-04T10:53:23.501,418,ACQUIRE_VERIFY,ACQUIRE_VERIFY,1212,3,1788486803458.160,100.023,timestamp_domain.system_time,2342281.000,78.000,1,2342281.000,2342312.000,31.000,31.000,2342312.000,31.000,1,1,pnp_visible_ransac,9,1.338,-71.8730,1.545141,5.061330,16.9766,,
2026-09-04T10:53:23.578,419,ACQUIRE_VERIFY,ACQUIRE_VERIFY,1214,2,1788486803524.883,66.723,timestamp_domain.system_time,2342359.000,78.000,1,2342359.000,2342390.000,31.000,31.000,2342390.000,31.000,1,1,pnp_visible_ransac,9,3.708,-47.0692,1.566312,5.507338,15.8760,,
2026-09-04T10:53:23.659,420,ACQUIRE_VERIFY,ACQUIRE_VERIFY,1216,2,1788486803591.594,66.711,timestamp_domain.system_time,2342437.000,78.000,1,2342437.000,2342468.000,31.000,31.000,2342468.000,31.000,1,1,pnp_visible_ransac,9,3.613,-45.0048,1.555898,5.516536,15.7507,,
2026-09-04T10:53:23.743,421,ACQUIRE_VERIFY,ACQUIRE_VERIFY,1219,3,1788486803691.727,100.133,timestamp_domain.system_time,2342515.000,78.000,1,2342531.000,2342546.000,15.000,31.000,2342562.000,47.000,1,1,pnp_visible_ransac,9,4.230,-33.7018,1.421542,5.308164,14.9922,,
2026-09-04T10:53:23.820,422,ACQUIRE_VERIFY,ACQUIRE_VERIFY,1221,2,1788486803758.528,66.801,timestamp_domain.system_time,2342609.000,94.000,1,2342609.000,2342640.000,31.000,31.000,2342640.000,31.000,1,1,pnp_visible_ransac,9,4.402,-31.8860,1.396828,5.271196,14.8418,,
2026-09-04T10:53:23.901,423,ACQUIRE_VERIFY,ACQUIRE_VERIFY,1224,3,1788486803858.514,99.986,timestamp_domain.system_time,2342687.000,78.000,1,2342687.000,2342718.000,31.000,31.000,2342718.000,31.000,1,1,pnp_visible_ransac,9,3.801,-41.7843,1.523690,5.478971,15.5411,,
2026-09-04T10:53:23.972,424,ACQUIRE_VERIFY,ACQUIRE_VERIFY,1226,2,1788486803925.217,66.703,timestamp_domain.system_time,2342750.000,63.000,1,2342765.000,2342781.000,16.000,31.000,2342781.000,31.000,1,1,pnp_visible_ransac,9,3.860,-32.5990,1.419918,5.325551,14.9291,,
2026-09-04T10:53:24.053,425,ACQUIRE_VERIFY,ACQUIRE_VERIFY,1228,2,1788486803991.939,66.722,timestamp_domain.system_time,2342828.000,78.000,1,2342828.000,2342859.000,31.000,31.000,2342859.000,31.000,1,1,pnp_visible_ransac,9,3.909,-41.3272,1.520356,5.483778,15.4958,,
2026-09-04T10:53:24.133,426,ACQUIRE_VERIFY,ACQUIRE_VERIFY,1229,1,1788486804025.292,33.353,timestamp_domain.system_time,2342921.000,93.000,1,2342921.000,2342937.000,16.000,16.000,2342953.000,32.000,1,1,pnp_visible_ransac,9,3.633,-45.0932,1.559477,5.534548,15.7363,,
2026-09-04T10:53:24.213,427,ACQUIRE_VERIFY,ACQUIRE_VERIFY,1233,4,1788486804158.616,133.324,timestamp_domain.system_time,2343000.000,79.000,1,2343000.000,2343031.000,31.000,31.000,2343031.000,31.000,1,1,pnp_visible_ransac,9,4.310,-28.9472,1.358710,5.200541,14.6420,,
2026-09-04T10:53:24.292,428,ACQUIRE_VERIFY,ACQUIRE_VERIFY,1235,2,1788486804225.452,66.836,timestamp_domain.system_time,2343078.000,78.000,1,2343078.000,2343109.000,31.000,31.000,2343109.000,31.000,1,1,pnp_visible_ransac,9,3.991,-33.1588,1.424602,5.330792,14.9621,,
2026-09-04T10:53:24.371,429,ACQUIRE_VERIFY,ACQUIRE_VERIFY,1238,3,1788486804325.382,99.930,timestamp_domain.system_time,2343156.000,78.000,1,2343156.000,2343187.000,31.000,31.000,2343187.000,31.000,1,1,pnp_visible_ransac,9,4.107,-38.6256,1.486259,5.427911,15.3133,,
2026-09-04T10:53:24.442,430,ACQUIRE_VERIFY,ACQUIRE_VERIFY,1240,2,1788486804392.336,66.954,timestamp_domain.system_time,2343218.000,62.000,1,2343218.000,2343250.000,32.000,32.000,2343250.000,32.000,1,1,pnp_visible_ransac,9,4.079,-39.9464,1.498555,5.440444,15.4001,,
2026-09-04T10:53:24.504,431,ACQUIRE_VERIFY,ACQUIRE_VERIFY,1242,2,1788486804459.031,66.694,timestamp_domain.system_time,2343281.000,63.000,1,2343296.000,2343312.000,16.000,31.000,2343312.000,31.000,1,1,pnp_visible_ransac,9,4.025,-40.7234,1.509506,5.468968,15.4302,,
2026-09-04T10:53:24.585,432,ACQUIRE_VERIFY,ACQUIRE_VERIFY,1244,2,1788486804525.752,66.722,timestamp_domain.system_time,2343359.000,78.000,1,2343359.000,2343390.000,31.000,31.000,2343390.000,31.000,1,1,pnp_visible_ransac,9,3.288,-51.2610,1.603787,5.545990,16.1288,,
2026-09-04T10:53:24.663,433,ACQUIRE_VERIFY,ACQUIRE_VERIFY,1247,3,1788486804625.851,100.099,timestamp_domain.system_time,2343453.000,94.000,1,2343453.000,2343468.000,15.000,15.000,2343468.000,15.000,1,1,pnp_visible_ransac,9,2.859,-53.0007,1.619839,5.549248,16.2727,,
2026-09-04T10:53:24.735,434,ACQUIRE_VERIFY,ACQUIRE_VERIFY,1249,2,1788486804692.572,66.721,timestamp_domain.system_time,2343515.000,62.000,1,2343515.000,2343546.000,31.000,31.000,2343546.000,31.000,1,1,pnp_visible_ransac,9,1.993,-75.1531,1.527225,4.920166,17.2444,,
2026-09-04T10:53:24.807,435,ACQUIRE_VERIFY,ACQUIRE_VERIFY,1251,2,1788486804759.224,66.652,timestamp_domain.system_time,2343593.000,78.000,1,2343593.000,2343625.000,32.000,32.000,2343625.000,32.000,1,1,pnp_visible_ransac,9,3.539,-48.3781,1.580181,5.534016,15.9361,,
2026-09-04T10:53:24.887,436,ACQUIRE_VERIFY,ACQUIRE_VERIFY,1253,2,1788486804826.017,66.794,timestamp_domain.system_time,2343671.000,78.000,1,2343671.000,2343703.000,32.000,32.000,2343703.000,32.000,1,1,pnp_visible_ransac,9,3.343,-48.5381,1.584522,5.537009,15.9695,,
2026-09-04T10:53:24.958,437,ACQUIRE_VERIFY,ACQUIRE_VERIFY,1256,3,1788486804925.989,99.971,timestamp_domain.system_time,2343734.000,63.000,1,2343734.000,2343765.000,31.000,31.000,2343765.000,31.000,1,1,pnp_visible_ransac,9,3.196,-50.3003,1.599521,5.538878,16.1077,,
2026-09-04T10:53:25.035,438,ACQUIRE_VERIFY,ACQUIRE_VERIFY,1258,2,1788486804992.781,66.792,timestamp_domain.system_time,2343812.000,78.000,1,2343812.000,2343843.000,31.000,31.000,2343843.000,31.000,1,1,pnp_visible_ransac,9,3.168,-54.0012,1.613218,5.513207,16.3100,,
2026-09-04T10:53:25.109,439,ACQUIRE_VERIFY,ACQUIRE_VERIFY,1259,1,1788486805026.027,33.245,timestamp_domain.system_time,2343890.000,78.000,1,2343890.000,2343921.000,31.000,31.000,2343921.000,31.000,1,1,pnp_visible_ransac,9,3.290,-51.1206,1.601057,5.534403,16.1347,,
2026-09-04T10:53:25.187,440,ACQUIRE_VERIFY,ACQUIRE_VERIFY,1263,4,1788486805159.187,133.161,timestamp_domain.system_time,2343968.000,78.000,1,2343968.000,2344000.000,32.000,32.000,2344000.000,32.000,1,1,pnp_visible_ransac,9,3.636,-48.7107,1.579091,5.524446,15.9519,,
2026-09-04T10:53:25.262,441,ACQUIRE_VERIFY,ACQUIRE_VERIFY,1265,2,1788486805226.156,66.969,timestamp_domain.system_time,2344046.000,78.000,1,2344046.000,2344078.000,32.000,32.000,2344078.000,32.000,1,1,pnp_visible_ransac,9,3.691,-44.4119,1.550039,5.515578,15.6969,,
2026-09-04T10:53:25.337,442,ACQUIRE_VERIFY,ACQUIRE_VERIFY,1267,2,1788486805292.872,66.716,timestamp_domain.system_time,2344125.000,79.000,1,2344125.000,2344156.000,31.000,31.000,2344156.000,31.000,1,1,pnp_visible_ransac,9,3.747,-41.3389,1.519094,5.474520,15.5085,,
2026-09-04T10:53:25.413,443,ACQUIRE_VERIFY,ACQUIRE_VERIFY,1269,2,1788486805359.513,66.641,timestamp_domain.system_time,2344203.000,78.000,1,2344203.000,2344218.000,15.000,15.000,2344218.000,15.000,1,1,pnp_visible_ransac,9,3.404,-50.9540,1.595290,5.518930,16.1223,,
2026-09-04T10:53:25.485,444,ACQUIRE_VERIFY,ACQUIRE_VERIFY,1271,2,1788486805426.338,66.826,timestamp_domain.system_time,2344265.000,62.000,1,2344265.000,2344296.000,31.000,31.000,2344296.000,31.000,1,1,pnp_visible_ransac,9,3.895,-42.4891,1.528332,5.481541,15.5792,,
2026-09-04T10:53:25.565,445,ACQUIRE_VERIFY,ACQUIRE_VERIFY,1274,3,1788486805526.281,99.942,timestamp_domain.system_time,2344343.000,78.000,1,2344343.000,2344375.000,32.000,32.000,2344375.000,32.000,1,1,pnp_visible_ransac,9,3.961,-37.0385,1.470738,5.398332,15.2400,,
2026-09-04T10:53:25.637,446,ACQUIRE_VERIFY,ACQUIRE_VERIFY,1276,2,1788486805593.268,66.988,timestamp_domain.system_time,2344421.000,78.000,1,2344421.000,2344453.000,32.000,32.000,2344453.000,32.000,1,1,pnp_visible_ransac,9,3.956,-42.5708,1.526951,5.476339,15.5799,,
2026-09-04T10:53:25.714,447,ACQUIRE_VERIFY,ACQUIRE_VERIFY,1278,2,1788486805659.699,66.431,timestamp_domain.system_time,2344500.000,79.000,1,2344500.000,2344531.000,31.000,31.000,2344531.000,31.000,1,1,pnp_visible_ransac,9,4.099,-39.2738,1.492529,5.439013,15.3449,,
2026-09-04T10:53:25.785,448,SEARCH_SWEEP,SEARCH_SWEEP,1280,2,1788486805726.403,66.704,timestamp_domain.system_time,2344562.000,62.000,1,2344562.000,2344593.000,31.000,31.000,2344593.000,31.000,1,1,pnp_visible_ransac,9,3.982,-25.8202,1.314739,5.106776,14.4373,,
2026-09-04T10:53:25.869,449,ACQUIRE_VERIFY,ACQUIRE_VERIFY,1283,3,1788486805826.605,100.203,timestamp_domain.system_time,2344656.000,94.000,1,2344656.000,2344687.000,31.000,31.000,2344687.000,31.000,1,1,pnp_visible_ransac,9,4.203,-37.1232,1.463284,5.387323,15.1958,,
2026-09-04T10:53:25.939,450,ACQUIRE_VERIFY,ACQUIRE_VERIFY,1285,2,1788486805893.354,66.749,timestamp_domain.system_time,2344718.000,62.000,1,2344718.000,2344750.000,32.000,32.000,2344750.000,32.000,1,1,pnp_visible_ransac,9,4.037,-33.1902,1.420856,5.312064,14.9748,,
2026-09-04T10:53:26.010,451,ACQUIRE_VERIFY,ACQUIRE_VERIFY,1287,2,1788486805960.047,66.692,timestamp_domain.system_time,2344796.000,78.000,1,2344796.000,2344828.000,32.000,32.000,2344828.000,32.000,1,1,pnp_visible_ransac,9,3.516,-46.7960,1.569761,5.519501,15.8759,,
2026-09-04T10:53:26.085,452,ACQUIRE_VERIFY,ACQUIRE_VERIFY,1289,2,1788486806026.934,66.887,timestamp_domain.system_time,2344859.000,63.000,1,2344859.000,2344890.000,31.000,31.000,2344890.000,31.000,1,1,pnp_visible_ransac,9,3.666,-39.5563,1.505620,5.474555,15.3774,,
2026-09-04T10:53:26.233,453,ACQUIRE_VERIFY,ACQUIRE_VERIFY,1290,1,1788486806060.390,33.455,timestamp_domain.system_time,2345015.000,156.000,1,2345015.000,2345046.000,31.000,31.000,2345046.000,31.000,1,1,pnp_visible_ransac,9,3.687,-45.8033,1.563630,5.528225,15.7933,,
2026-09-04T10:53:26.309,454,ACQUIRE_VERIFY,ACQUIRE_VERIFY,1296,6,1788486806260.081,199.691,timestamp_domain.system_time,2345093.000,78.000,1,2345093.000,2345125.000,32.000,32.000,2345125.000,32.000,1,1,pnp_visible_ransac,9,3.776,-39.0449,1.499160,5.454049,15.3694,,
2026-09-04T10:53:26.385,455,ACQUIRE_VERIFY,ACQUIRE_VERIFY,1298,2,1788486806326.956,66.875,timestamp_domain.system_time,2345171.000,78.000,1,2345171.000,2345203.000,32.000,32.000,2345203.000,32.000,1,1,pnp_visible_ransac,9,3.869,-42.7149,1.530533,5.480690,15.6029,,
2026-09-04T10:53:26.452,456,ACQUIRE_VERIFY,ACQUIRE_VERIFY,1300,2,1788486806393.464,66.508,timestamp_domain.system_time,2345234.000,63.000,1,2345234.000,2345265.000,31.000,31.000,2345265.000,31.000,1,1,pnp_visible_ransac,9,3.244,-53.3549,1.611464,5.528217,16.2513,,
2026-09-04T10:53:26.536,457,ACQUIRE_VERIFY,ACQUIRE_VERIFY,1303,3,1788486806493.566,100.102,timestamp_domain.system_time,2345312.000,78.000,1,2345312.000,2345343.000,31.000,31.000,2345343.000,31.000,1,1,pnp_visible_ransac,9,3.066,-51.6884,1.610081,5.562226,16.1440,,
2026-09-04T10:53:26.597,458,ACQUIRE_VERIFY,ACQUIRE_VERIFY,1305,2,1788486806560.363,66.797,timestamp_domain.system_time,2345375.000,63.000,1,2345375.000,2345406.000,31.000,31.000,2345406.000,31.000,1,1,pnp_visible_ransac,9,1.269,-72.2533,1.538974,5.033936,16.9994,,
2026-09-04T10:53:26.687,459,ACQUIRE_VERIFY,ACQUIRE_VERIFY,1307,2,1788486806627.085,66.722,timestamp_domain.system_time,2345468.000,93.000,1,2345468.000,2345500.000,32.000,32.000,2345500.000,32.000,1,1,pnp_visible_ransac,9,3.358,-51.9740,1.601696,5.508234,16.2135,,
2026-09-04T10:53:26.759,460,ACQUIRE_VERIFY,ACQUIRE_VERIFY,1309,2,1788486806693.667,66.582,timestamp_domain.system_time,2345531.000,63.000,1,2345546.000,2345562.000,16.000,31.000,2345578.000,47.000,1,1,pnp_visible_ransac,9,3.458,-49.5776,1.587358,5.522082,16.0376,,
2026-09-04T10:53:26.833,461,ACQUIRE_VERIFY,ACQUIRE_VERIFY,1312,3,1788486806793.708,100.040,timestamp_domain.system_time,2345609.000,78.000,1,2345609.000,2345640.000,31.000,31.000,2345640.000,31.000,1,1,pnp_visible_ransac,9,3.417,-47.1280,1.576490,5.535051,15.8980,,
2026-09-04T10:53:26.904,462,ACQUIRE_VERIFY,ACQUIRE_VERIFY,1314,2,1788486806860.417,66.709,timestamp_domain.system_time,2345687.000,78.000,1,2345687.000,2345718.000,31.000,31.000,2345718.000,31.000,1,1,pnp_visible_ransac,9,3.393,-52.1048,1.603082,5.525255,16.1794,,
2026-09-04T10:53:26.976,463,ACQUIRE_VERIFY,ACQUIRE_VERIFY,1316,2,1788486806927.245,66.829,timestamp_domain.system_time,2345765.000,78.000,1,2345765.000,2345781.000,16.000,16.000,2345781.000,16.000,1,1,pnp_visible_ransac,9,3.287,-50.7260,1.599248,5.531723,16.1248,,
2026-09-04T10:53:27.052,464,ACQUIRE_VERIFY,ACQUIRE_VERIFY,1318,2,1788486806993.732,66.487,timestamp_domain.system_time,2345828.000,63.000,1,2345828.000,2345859.000,31.000,31.000,2345859.000,31.000,1,1,pnp_visible_ransac,9,3.431,-51.9533,1.600137,5.528505,16.1422,,
2026-09-04T10:53:27.119,465,ACQUIRE_VERIFY,ACQUIRE_VERIFY,1320,2,1788486807060.581,66.849,timestamp_domain.system_time,2345906.000,78.000,1,2345906.000,2345937.000,31.000,31.000,2345937.000,31.000,1,1,pnp_visible_ransac,9,3.385,-49.7805,1.592417,5.538351,16.0413,,
2026-09-04T10:53:27.219,466,ACQUIRE_VERIFY,ACQUIRE_VERIFY,1323,3,1788486807161.125,100.544,timestamp_domain.system_time,2346000.000,94.000,1,2346000.000,2346031.000,31.000,31.000,2346031.000,31.000,1,1,pnp_visible_ransac,9,1.343,-72.9902,1.540797,5.026860,17.0410,,
2026-09-04T10:53:27.294,467,ACQUIRE_VERIFY,ACQUIRE_VERIFY,1326,3,1788486807260.418,99.293,timestamp_domain.system_time,2346078.000,78.000,1,2346078.000,2346109.000,31.000,31.000,2346109.000,31.000,1,1,pnp_visible_ransac,9,3.128,-50.7961,1.604186,5.554440,16.1093,,
2026-09-04T10:53:27.375,468,ACQUIRE_VERIFY,ACQUIRE_VERIFY,1328,2,1788486807327.128,66.710,timestamp_domain.system_time,2346156.000,78.000,1,2346156.000,2346171.000,15.000,15.000,2346187.000,31.000,1,1,pnp_visible_ransac,9,3.412,-50.7820,1.596404,5.530945,16.0998,,
2026-09-04T10:53:27.452,469,ACQUIRE_VERIFY,ACQUIRE_VERIFY,1330,2,1788486807394.111,66.983,timestamp_domain.system_time,2346234.000,78.000,1,2346234.000,2346265.000,31.000,31.000,2346265.000,31.000,1,1,pnp_visible_ransac,9,4.009,-43.0505,1.528490,5.468942,15.6149,,
2026-09-04T10:53:27.537,470,ACQUIRE_VERIFY,ACQUIRE_VERIFY,1333,3,1788486807494.186,100.075,timestamp_domain.system_time,2346296.000,62.000,1,2346312.000,2346343.000,31.000,47.000,2346343.000,47.000,1,1,pnp_visible_ransac,9,3.323,-52.4035,1.609034,5.548119,16.1729,,
2026-09-04T10:53:27.613,471,ACQUIRE_VERIFY,ACQUIRE_VERIFY,1335,2,1788486807560.809,66.623,timestamp_domain.system_time,2346390.000,94.000,1,2346390.000,2346421.000,31.000,31.000,2346421.000,31.000,1,1,pnp_visible_ransac,9,3.796,-45.0654,1.551686,5.504667,15.7424,,
2026-09-04T10:53:27.700,472,ACQUIRE_VERIFY,ACQUIRE_VERIFY,1338,3,1788486807661.096,100.287,timestamp_domain.system_time,2346468.000,78.000,1,2346468.000,2346500.000,32.000,32.000,2346515.000,47.000,1,1,pnp_visible_ransac,9,3.491,-48.6331,1.581063,5.534811,15.9424,,
2026-09-04T10:53:27.773,473,ACQUIRE_VERIFY,ACQUIRE_VERIFY,1340,2,1788486807727.674,66.578,timestamp_domain.system_time,2346562.000,94.000,1,2346562.000,2346593.000,31.000,31.000,2346593.000,31.000,1,1,pnp_visible_ransac,9,3.394,-51.6725,1.602288,5.533404,16.1492,,
2026-09-04T10:53:27.845,474,ACQUIRE_VERIFY,ACQUIRE_VERIFY,1342,2,1788486807794.501,66.827,timestamp_domain.system_time,2346625.000,63.000,1,2346625.000,2346656.000,31.000,31.000,2346656.000,31.000,1,1,pnp_visible_ransac,9,2.980,-53.2768,1.617058,5.539035,16.2746,,
2026-09-04T10:53:27.919,475,ACQUIRE_VERIFY,ACQUIRE_VERIFY,1344,2,1788486807861.097,66.595,timestamp_domain.system_time,2346703.000,78.000,1,2346703.000,2346734.000,31.000,31.000,2346734.000,31.000,1,1,pnp_visible_ransac,9,2.047,-75.9344,1.520314,4.876324,17.3162,,
2026-09-04T10:53:27.997,476,ACQUIRE_VERIFY,ACQUIRE_VERIFY,1347,3,1788486807961.098,100.001,timestamp_domain.system_time,2346781.000,78.000,1,2346781.000,2346812.000,31.000,31.000,2346812.000,31.000,1,1,pnp_visible_ransac,9,3.605,-48.6257,1.579012,5.526144,15.9465,,
2026-09-04T10:53:28.072,477,ACQUIRE_VERIFY,ACQUIRE_VERIFY,1349,2,1788486808028.027,66.929,timestamp_domain.system_time,2346843.000,62.000,1,2346843.000,2346875.000,32.000,32.000,2346890.000,47.000,1,1,pnp_visible_ransac,9,3.298,-47.8561,1.585339,5.555171,15.9277,,
2026-09-04T10:53:28.146,478,ACQUIRE_VERIFY,ACQUIRE_VERIFY,1350,1,1788486808061.145,33.118,timestamp_domain.system_time,2346921.000,78.000,1,2346921.000,2346953.000,32.000,32.000,2346953.000,32.000,1,1,pnp_visible_ransac,9,3.062,-49.3933,1.597698,5.553682,16.0496,,
2026-09-04T10:53:28.219,479,ACQUIRE_VERIFY,ACQUIRE_VERIFY,1353,3,1788486808161.283,100.138,timestamp_domain.system_time,2347000.000,79.000,1,2347000.000,2347031.000,31.000,31.000,2347031.000,31.000,1,1,pnp_visible_ransac,9,1.904,-75.1191,1.526192,4.913999,17.2538,,
2026-09-04T10:53:28.294,480,ACQUIRE_VERIFY,ACQUIRE_VERIFY,1356,3,1788486808261.434,100.150,timestamp_domain.system_time,2347078.000,78.000,1,2347078.000,2347109.000,31.000,31.000,2347109.000,31.000,1,1,pnp_visible_ransac,9,2.008,-75.9599,1.521140,4.879204,17.3154,,
2026-09-04T10:53:28.373,481,ACQUIRE_VERIFY,ACQUIRE_VERIFY,1358,2,1788486808328.192,66.759,timestamp_domain.system_time,2347156.000,78.000,1,2347156.000,2347187.000,31.000,31.000,2347187.000,31.000,1,1,pnp_visible_ransac,9,3.394,-49.2567,1.589830,5.536634,16.0213,,
2026-09-04T10:53:28.453,482,ACQUIRE_VERIFY,ACQUIRE_VERIFY,1360,2,1788486808394.594,66.402,timestamp_domain.system_time,2347234.000,78.000,1,2347234.000,2347265.000,31.000,31.000,2347265.000,31.000,1,1,pnp_visible_ransac,9,3.288,-50.2483,1.599029,5.549489,16.0738,,
2026-09-04T10:53:28.520,483,ACQUIRE_VERIFY,ACQUIRE_VERIFY,1362,2,1788486808461.253,66.659,timestamp_domain.system_time,2347296.000,62.000,1,2347296.000,2347328.000,32.000,32.000,2347328.000,32.000,1,1,pnp_visible_ransac,9,1.384,-72.8778,1.539051,5.018784,17.0486,,
2026-09-04T10:53:28.596,484,ACQUIRE_VERIFY,ACQUIRE_VERIFY,1365,3,1788486808561.459,100.206,timestamp_domain.system_time,2347375.000,79.000,1,2347375.000,2347406.000,31.000,31.000,2347406.000,31.000,1,1,pnp_visible_ransac,9,3.265,-50.9281,1.600524,5.557220,16.0668,,
2026-09-04T10:53:28.657,485,ACQUIRE_VERIFY,ACQUIRE_VERIFY,1367,2,1788486808628.091,66.633,timestamp_domain.system_time,2347437.000,62.000,1,2347437.000,2347468.000,31.000,31.000,2347468.000,31.000,1,1,pnp_visible_ransac,9,1.755,-74.6057,1.529611,4.942186,17.1973,,
2026-09-04T10:53:28.735,486,ACQUIRE_VERIFY,ACQUIRE_VERIFY,1369,2,1788486808694.870,66.779,timestamp_domain.system_time,2347515.000,78.000,1,2347515.000,2347546.000,31.000,31.000,2347546.000,31.000,1,1,pnp_visible_ransac,9,3.160,-52.4617,1.611082,5.546476,16.1970,,
2026-09-04T10:53:28.819,487,ACQUIRE_VERIFY,ACQUIRE_VERIFY,1371,2,1788486808761.468,66.597,timestamp_domain.system_time,2347593.000,78.000,1,2347593.000,2347625.000,32.000,32.000,2347625.000,32.000,1,1,pnp_visible_ransac,9,3.622,-47.9231,1.575917,5.525458,15.9187,,
2026-09-04T10:53:28.886,488,ACQUIRE_VERIFY,ACQUIRE_VERIFY,1373,2,1788486808828.147,66.679,timestamp_domain.system_time,2347671.000,78.000,1,2347671.000,2347703.000,32.000,32.000,2347703.000,32.000,1,1,pnp_visible_ransac,9,3.596,-45.0426,1.557224,5.524787,15.7411,,
2026-09-04T10:53:28.959,489,ACQUIRE_VERIFY,ACQUIRE_VERIFY,1376,3,1788486808928.456,100.309,timestamp_domain.system_time,2347734.000,63.000,1,2347734.000,2347765.000,31.000,31.000,2347765.000,31.000,1,1,pnp_visible_ransac,9,1.684,-74.5402,1.529523,4.946672,17.1817,,
2026-09-04T10:53:29.035,490,ACQUIRE_VERIFY,ACQUIRE_VERIFY,1378,2,1788486808994.964,66.509,timestamp_domain.system_time,2347812.000,78.000,1,2347812.000,2347843.000,31.000,31.000,2347843.000,31.000,1,1,pnp_visible_ransac,9,3.104,-54.1183,1.616706,5.520130,16.3240,,
2026-09-04T10:53:29.119,491,ACQUIRE_VERIFY,ACQUIRE_VERIFY,1380,2,1788486809061.900,66.936,timestamp_domain.system_time,2347906.000,94.000,1,2347906.000,2347921.000,15.000,15.000,2347937.000,31.000,1,1,pnp_visible_ransac,9,3.154,-49.8340,1.600130,5.550003,16.0829,,
2026-09-04T10:53:29.231,492,ACQUIRE_VERIFY,ACQUIRE_VERIFY,1381,1,1788486809095.470,33.570,timestamp_domain.system_time,2348015.000,109.000,1,2348015.000,2348046.000,31.000,31.000,2348046.000,31.000,1,1,pnp_visible_ransac,9,3.291,-48.8283,1.589389,5.542111,16.0020,,
2026-09-04T10:53:29.307,493,ACQUIRE_VERIFY,ACQUIRE_VERIFY,1386,5,1788486809261.944,166.474,timestamp_domain.system_time,2348093.000,78.000,1,2348093.000,2348125.000,32.000,32.000,2348125.000,32.000,1,1,pnp_visible_ransac,9,3.368,-50.3484,1.594685,5.528418,16.0903,,
2026-09-04T10:53:29.385,494,ACQUIRE_VERIFY,ACQUIRE_VERIFY,1388,2,1788486809328.602,66.657,timestamp_domain.system_time,2348171.000,78.000,1,2348171.000,2348203.000,32.000,32.000,2348203.000,32.000,1,1,pnp_visible_ransac,9,3.265,-50.9258,1.599035,5.538041,16.1054,,
2026-09-04T10:53:29.462,495,ACQUIRE_VERIFY,ACQUIRE_VERIFY,1390,2,1788486809395.178,66.576,timestamp_domain.system_time,2348250.000,79.000,1,2348250.000,2348281.000,31.000,31.000,2348281.000,31.000,1,1,pnp_visible_ransac,9,3.102,-52.9822,1.612874,5.535087,16.2456,,
2026-09-04T10:53:29.534,496,ACQUIRE_VERIFY,ACQUIRE_VERIFY,1393,3,1788486809495.426,100.248,timestamp_domain.system_time,2348312.000,62.000,1,2348312.000,2348343.000,31.000,31.000,2348343.000,31.000,1,1,pnp_visible_ransac,9,3.273,-49.0229,1.594641,5.558003,16.0087,,
2026-09-04T10:53:29.610,497,ACQUIRE_VERIFY,ACQUIRE_VERIFY,1395,2,1788486809562.159,66.733,timestamp_domain.system_time,2348375.000,63.000,1,2348390.000,2348421.000,31.000,46.000,2348421.000,46.000,1,1,pnp_visible_ransac,9,2.959,-52.0903,1.612295,5.553863,16.1881,,
2026-09-04T10:53:29.685,498,ACQUIRE_VERIFY,ACQUIRE_VERIFY,1397,2,1788486809628.742,66.583,timestamp_domain.system_time,2348468.000,93.000,1,2348468.000,2348500.000,32.000,32.000,2348500.000,32.000,1,1,pnp_visible_ransac,9,3.484,-50.4031,1.590397,5.517868,16.0784,,
2026-09-04T10:53:29.755,499,ACQUIRE_VERIFY,ACQUIRE_VERIFY,1399,2,1788486809695.488,66.746,timestamp_domain.system_time,2348531.000,63.000,1,2348531.000,2348562.000,31.000,31.000,2348562.000,31.000,1,1,pnp_visible_ransac,9,3.211,-50.8853,1.597398,5.519093,16.1421,,
2026-09-04T10:53:29.826,500,ACQUIRE_VERIFY,ACQUIRE_VERIFY,1401,2,1788486809762.085,66.597,timestamp_domain.system_time,2348609.000,78.000,1,2348609.000,2348640.000,31.000,31.000,2348640.000,31.000,1,1,pnp_visible_ransac,9,3.071,-53.5652,1.615529,5.523024,16.3046,,
2026-09-04T10:53:29.906,501,SEARCH_SWEEP,SEARCH_SWEEP,1404,3,1788486809862.352,100.267,timestamp_domain.system_time,2348687.000,78.000,1,2348687.000,2348718.000,31.000,31.000,2348718.000,31.000,1,1,pnp_visible_ransac,9,3.546,-45.6821,1.563736,5.529295,15.7914,,
2026-09-04T10:53:29.977,502,ACQUIRE_VERIFY,ACQUIRE_VERIFY,1406,2,1788486809928.845,66.493,timestamp_domain.system_time,2348765.000,78.000,1,2348765.000,2348796.000,31.000,31.000,2348796.000,31.000,1,1,pnp_visible_ransac,9,1.542,-73.3218,1.537560,5.000695,17.0910,,
2026-09-04T10:53:30.053,503,ACQUIRE_VERIFY,ACQUIRE_VERIFY,1408,2,1788486809995.630,66.785,timestamp_domain.system_time,2348828.000,63.000,1,2348828.000,2348859.000,31.000,31.000,2348859.000,31.000,1,1,pnp_visible_ransac,9,1.877,-74.8819,1.528695,4.937696,17.2024,,
2026-09-04T10:53:30.131,504,ACQUIRE_VERIFY,ACQUIRE_VERIFY,1411,3,1788486810095.875,100.245,timestamp_domain.system_time,2348906.000,78.000,1,2348906.000,2348937.000,31.000,31.000,2348937.000,31.000,1,1,pnp_visible_ransac,9,3.094,-52.6783,1.610944,5.533336,16.2321,,
2026-09-04T10:53:30.263,505,ACQUIRE_VERIFY,ACQUIRE_VERIFY,1414,3,1788486810195.673,99.798,timestamp_domain.system_time,2349046.000,140.000,1,2349046.000,2349078.000,32.000,32.000,2349078.000,32.000,1,1,pnp_visible_ransac,9,3.281,-53.3951,1.611203,5.527413,16.2510,,
2026-09-04T10:53:30.339,506,ACQUIRE_VERIFY,ACQUIRE_VERIFY,1417,3,1788486810295.829,100.156,timestamp_domain.system_time,2349125.000,79.000,1,2349125.000,2349156.000,31.000,31.000,2349156.000,31.000,1,1,pnp_visible_ransac,9,3.931,-43.7647,1.541113,5.503688,15.6430,,
2026-09-04T10:53:30.420,507,ACQUIRE_VERIFY,ACQUIRE_VERIFY,1419,2,1788486810362.499,66.669,timestamp_domain.system_time,2349203.000,78.000,1,2349203.000,2349234.000,31.000,31.000,2349234.000,31.000,1,1,pnp_visible_ransac,9,3.449,-50.7327,1.594948,5.522238,16.1099,,
2026-09-04T10:53:30.487,508,ACQUIRE_VERIFY,ACQUIRE_VERIFY,1421,2,1788486810429.155,66.656,timestamp_domain.system_time,2349265.000,62.000,1,2349265.000,2349296.000,31.000,31.000,2349296.000,31.000,1,1,pnp_visible_ransac,9,3.818,-46.6172,1.562797,5.510769,15.8328,,
2026-09-04T10:53:30.565,509,ACQUIRE_VERIFY,ACQUIRE_VERIFY,1424,3,1788486810529.360,100.206,timestamp_domain.system_time,2349343.000,78.000,1,2349343.000,2349375.000,32.000,32.000,2349375.000,32.000,1,1,pnp_visible_ransac,9,4.058,-41.2867,1.511110,5.445457,15.5093,,
2026-09-04T10:53:30.626,510,ACQUIRE_VERIFY,ACQUIRE_VERIFY,1426,2,1788486810595.972,66.611,timestamp_domain.system_time,2349406.000,63.000,1,2349421.000,2349437.000,16.000,31.000,2349437.000,31.000,1,1,pnp_visible_ransac,9,3.240,-50.1658,1.599306,5.550114,16.0747,,
2026-09-04T10:53:30.713,511,ACQUIRE_VERIFY,ACQUIRE_VERIFY,1428,2,1788486810662.595,66.623,timestamp_domain.system_time,2349484.000,78.000,1,2349484.000,2349531.000,47.000,47.000,2349531.000,47.000,1,1,pnp_visible_ransac,9,3.372,-50.1760,1.593704,5.531536,16.0723,,
2026-09-04T10:53:30.787,512,ACQUIRE_VERIFY,ACQUIRE_VERIFY,1430,2,1788486810729.309,66.714,timestamp_domain.system_time,2349562.000,78.000,1,2349562.000,2349593.000,31.000,31.000,2349593.000,31.000,1,1,pnp_visible_ransac,9,2.087,-76.2065,1.518561,4.867944,17.3254,,
2026-09-04T10:53:30.861,513,ACQUIRE_VERIFY,ACQUIRE_VERIFY,1432,2,1788486810796.106,66.797,timestamp_domain.system_time,2349640.000,78.000,1,2349640.000,2349671.000,31.000,31.000,2349671.000,31.000,1,1,pnp_visible_ransac,9,3.332,-49.5698,1.591825,5.531186,16.0553,,
2026-09-04T10:53:30.935,514,ACQUIRE_VERIFY,ACQUIRE_VERIFY,1435,3,1788486810896.281,100.174,timestamp_domain.system_time,2349718.000,78.000,1,2349718.000,2349750.000,32.000,32.000,2349750.000,32.000,1,1,pnp_visible_ransac,9,1.460,-72.7146,1.540999,5.027123,17.0422,,
2026-09-04T10:53:31.006,515,ACQUIRE_VERIFY,ACQUIRE_VERIFY,1437,2,1788486810962.862,66.581,timestamp_domain.system_time,2349781.000,63.000,1,2349781.000,2349812.000,31.000,31.000,2349812.000,31.000,1,1,pnp_visible_ransac,9,3.617,-48.0340,1.578799,5.523692,15.9512,,
2026-09-04T10:53:31.088,516,ACQUIRE_VERIFY,ACQUIRE_VERIFY,1439,2,1788486811029.581,66.719,timestamp_domain.system_time,2349859.000,78.000,1,2349875.000,2349906.000,31.000,47.000,2349906.000,47.000,1,1,pnp_visible_ransac,9,1.673,-73.8602,1.535091,4.982162,17.1250,,
2026-09-04T10:53:31.158,517,ACQUIRE_VERIFY,ACQUIRE_VERIFY,1440,1,1788486811063.375,33.794,timestamp_domain.system_time,2349937.000,78.000,1,2349937.000,2349968.000,31.000,31.000,2349968.000,31.000,1,1,pnp_visible_ransac,9,1.851,-74.4706,1.532766,4.952731,17.1962,,
2026-09-04T10:53:31.270,518,ACQUIRE_VERIFY,ACQUIRE_VERIFY,1444,4,1788486811196.599,133.223,timestamp_domain.system_time,2350046.000,109.000,1,2350046.000,2350078.000,32.000,32.000,2350078.000,32.000,1,1,pnp_visible_ransac,9,1.559,-73.5737,1.535358,4.986071,17.1151,,
2026-09-04T10:53:31.340,519,ACQUIRE_VERIFY,ACQUIRE_VERIFY,1447,3,1788486811296.436,99.837,timestamp_domain.system_time,2350125.000,79.000,1,2350140.000,2350156.000,16.000,31.000,2350156.000,31.000,1,1,pnp_visible_ransac,9,2.867,-54.0530,1.624118,5.534305,16.3550,,
2026-09-04T10:53:31.423,520,ACQUIRE_VERIFY,ACQUIRE_VERIFY,1449,2,1788486811363.245,66.809,timestamp_domain.system_time,2350203.000,78.000,1,2350203.000,2350234.000,31.000,31.000,2350234.000,31.000,1,1,pnp_visible_ransac,9,3.529,-50.9634,1.591383,5.508650,16.1134,,
2026-09-04T10:53:31.495,521,ACQUIRE_VERIFY,ACQUIRE_VERIFY,1451,2,1788486811429.872,66.627,timestamp_domain.system_time,2350281.000,78.000,1,2350281.000,2350312.000,31.000,31.000,2350312.000,31.000,1,1,pnp_visible_ransac,9,3.315,-51.1618,1.601526,5.533155,16.1427,,
2026-09-04T10:53:31.566,522,ACQUIRE_VERIFY,ACQUIRE_VERIFY,1454,3,1788486811529.912,100.040,timestamp_domain.system_time,2350343.000,62.000,1,2350343.000,2350375.000,32.000,32.000,2350375.000,32.000,1,1,pnp_visible_ransac,9,3.314,-46.1922,1.569892,5.534508,15.8363,,
2026-09-04T10:53:31.644,523,ACQUIRE_VERIFY,ACQUIRE_VERIFY,1456,2,1788486811596.450,66.538,timestamp_domain.system_time,2350421.000,78.000,1,2350421.000,2350453.000,32.000,32.000,2350453.000,32.000,1,1,pnp_visible_ransac,9,3.365,-49.9589,1.593666,5.533762,16.0659,,
2026-09-04T10:53:31.717,524,ACQUIRE_VERIFY,ACQUIRE_VERIFY,1458,2,1788486811663.513,67.063,timestamp_domain.system_time,2350500.000,79.000,1,2350500.000,2350531.000,31.000,31.000,2350531.000,31.000,1,1,pnp_visible_ransac,9,1.464,-73.5197,1.536556,5.005155,17.0662,,
2026-09-04T10:53:31.787,525,ACQUIRE_VERIFY,ACQUIRE_VERIFY,1460,2,1788486811729.712,66.199,timestamp_domain.system_time,2350562.000,62.000,1,2350562.000,2350593.000,31.000,31.000,2350593.000,31.000,1,1,pnp_visible_ransac,9,2.876,-52.1418,1.612694,5.542978,16.2220,,
2026-09-04T10:53:31.856,526,ACQUIRE_VERIFY,ACQUIRE_VERIFY,1462,2,1788486811796.642,66.930,timestamp_domain.system_time,2350640.000,78.000,1,2350640.000,2350671.000,31.000,31.000,2350671.000,31.000,1,1,pnp_visible_ransac,9,2.190,-77.0936,1.511713,4.829501,17.3810,,
2026-09-04T10:53:31.929,527,ACQUIRE_VERIFY,ACQUIRE_VERIFY,1465,3,1788486811896.820,100.178,timestamp_domain.system_time,2350718.000,78.000,1,2350718.000,2350734.000,16.000,16.000,2350734.000,16.000,1,1,pnp_visible_ransac,9,3.516,-50.5963,1.594018,5.524689,16.0942,,
2026-09-04T10:53:32.005,528,ACQUIRE_VERIFY,ACQUIRE_VERIFY,1467,2,1788486811963.500,66.679,timestamp_domain.system_time,2350781.000,63.000,1,2350781.000,2350812.000,31.000,31.000,2350812.000,31.000,1,1,pnp_visible_ransac,9,3.951,-44.2812,1.539641,5.486000,15.6767,,
2026-09-04T10:53:32.087,529,ACQUIRE_VERIFY,ACQUIRE_VERIFY,1469,2,1788486812030.218,66.718,timestamp_domain.system_time,2350875.000,94.000,1,2350875.000,2350906.000,31.000,31.000,2350906.000,31.000,1,1,pnp_visible_ransac,9,3.308,-52.5105,1.605425,5.512396,16.2376,,
2026-09-04T10:53:32.158,530,ACQUIRE_VERIFY,ACQUIRE_VERIFY,1471,2,1788486812097.175,66.958,timestamp_domain.system_time,2350937.000,62.000,1,2350937.000,2350968.000,31.000,31.000,2350968.000,31.000,1,1,pnp_visible_ransac,9,3.696,-44.5069,1.552439,5.519555,15.7093,,
2026-09-04T10:53:32.261,531,ACQUIRE_VERIFY,ACQUIRE_VERIFY,1474,3,1788486812197.344,100.169,timestamp_domain.system_time,2351046.000,109.000,1,2351046.000,2351078.000,32.000,32.000,2351078.000,32.000,1,1,pnp_visible_ransac,9,1.451,-73.2330,1.537910,5.012263,17.0576,,
2026-09-04T10:53:32.340,532,ACQUIRE_VERIFY,ACQUIRE_VERIFY,1477,3,1788486812297.026,99.682,timestamp_domain.system_time,2351125.000,79.000,1,2351125.000,2351156.000,31.000,31.000,2351156.000,31.000,1,1,pnp_visible_ransac,9,3.564,-50.1880,1.590544,5.526157,16.0569,,
2026-09-04T10:53:32.412,533,ACQUIRE_VERIFY,ACQUIRE_VERIFY,1479,2,1788486812363.754,66.728,timestamp_domain.system_time,2351203.000,78.000,1,2351203.000,2351218.000,15.000,15.000,2351218.000,15.000,1,1,pnp_visible_ransac,9,3.548,-49.2137,1.583521,5.522367,16.0001,,
2026-09-04T10:53:32.486,534,ACQUIRE_VERIFY,ACQUIRE_VERIFY,1481,2,1788486812430.420,66.667,timestamp_domain.system_time,2351265.000,62.000,1,2351265.000,2351296.000,31.000,31.000,2351296.000,31.000,1,1,pnp_visible_ransac,9,3.680,-47.9664,1.574053,5.516473,15.9254,,
2026-09-04T10:53:32.560,535,ACQUIRE_VERIFY,ACQUIRE_VERIFY,1483,2,1788486812497.114,66.693,timestamp_domain.system_time,2351343.000,78.000,1,2351343.000,2351375.000,32.000,32.000,2351375.000,32.000,1,1,pnp_visible_ransac,9,3.276,-53.7338,1.611106,5.509593,16.2999,,
2026-09-04T10:53:32.628,536,ACQUIRE_VERIFY,ACQUIRE_VERIFY,1486,3,1788486812597.347,100.233,timestamp_domain.system_time,2351406.000,63.000,1,2351406.000,2351437.000,31.000,31.000,2351437.000,31.000,1,1,pnp_visible_ransac,9,1.534,-74.3958,1.529389,4.953472,17.1581,,
2026-09-04T10:53:32.699,537,ACQUIRE_VERIFY,ACQUIRE_VERIFY,1488,2,1788486812663.885,66.539,timestamp_domain.system_time,2351484.000,78.000,1,2351484.000,2351515.000,31.000,31.000,2351515.000,31.000,1,1,pnp_visible_ransac,9,2.951,-53.4632,1.619520,5.539399,16.2970,,
2026-09-04T10:53:32.776,538,ACQUIRE_VERIFY,ACQUIRE_VERIFY,1490,2,1788486812730.657,66.772,timestamp_domain.system_time,2351562.000,78.000,1,2351562.000,2351593.000,31.000,31.000,2351593.000,31.000,1,1,pnp_visible_ransac,9,3.334,-51.5291,1.604931,5.536468,16.1660,,
2026-09-04T10:53:32.843,539,ACQUIRE_VERIFY,ACQUIRE_VERIFY,1492,2,1788486812797.343,66.685,timestamp_domain.system_time,2351625.000,63.000,1,2351640.000,2351656.000,16.000,31.000,2351656.000,31.000,1,1,pnp_visible_ransac,9,3.179,-52.9583,1.614430,5.545815,16.2307,,
2026-09-04T10:53:32.924,540,ACQUIRE_VERIFY,ACQUIRE_VERIFY,1494,2,1788486812864.021,66.679,timestamp_domain.system_time,2351703.000,78.000,1,2351703.000,2351734.000,31.000,31.000,2351734.000,31.000,1,1,pnp_visible_ransac,9,3.463,-50.2535,1.593563,5.530351,16.0743,,
2026-09-04T10:53:32.989,541,ACQUIRE_VERIFY,ACQUIRE_VERIFY,1497,3,1788486812964.206,100.185,timestamp_domain.system_time,2351781.000,78.000,1,2351781.000,2351796.000,15.000,15.000,2351796.000,15.000,1,1,pnp_visible_ransac,9,3.331,-50.9415,1.600323,5.537423,16.1194,,
2026-09-04T10:53:33.061,542,ACQUIRE_VERIFY,ACQUIRE_VERIFY,1499,2,1788486813030.861,66.654,timestamp_domain.system_time,2351843.000,62.000,1,2351859.000,2351875.000,16.000,32.000,2351875.000,32.000,1,1,pnp_visible_ransac,9,1.682,-74.7591,1.527900,4.938802,17.1903,,
2026-09-04T10:53:33.143,543,ACQUIRE_VERIFY,ACQUIRE_VERIFY,1501,2,1788486813097.948,67.088,timestamp_domain.system_time,2351921.000,78.000,1,2351921.000,2351953.000,32.000,32.000,2351953.000,32.000,1,1,pnp_visible_ransac,9,3.740,-49.3897,1.585196,5.529048,15.9978,,
2026-09-04T10:53:33.263,544,ACQUIRE_VERIFY,ACQUIRE_VERIFY,1502,1,1788486813130.860,32.911,timestamp_domain.system_time,2352046.000,125.000,1,2352046.000,2352078.000,32.000,32.000,2352078.000,32.000,1,1,pnp_visible_ransac,9,1.873,-75.9106,1.519657,4.881024,17.2934,,
2026-09-04T10:53:33.344,545,ACQUIRE_VERIFY,ACQUIRE_VERIFY,1507,5,1788486813297.628,166.768,timestamp_domain.system_time,2352125.000,79.000,1,2352125.000,2352156.000,31.000,31.000,2352156.000,31.000,1,1,pnp_visible_ransac,9,3.773,-46.7104,1.563629,5.509849,15.8433,,
2026-09-04T10:53:33.415,546,ACQUIRE_VERIFY,ACQUIRE_VERIFY,1509,2,1788486813364.263,66.635,timestamp_domain.system_time,2352203.000,78.000,1,2352203.000,2352234.000,31.000,31.000,2352234.000,31.000,1,1,pnp_visible_ransac,9,4.194,-37.3457,1.472102,5.407122,15.2298,,
2026-09-04T10:53:33.488,547,ACQUIRE_VERIFY,ACQUIRE_VERIFY,1511,2,1788486813430.995,66.732,timestamp_domain.system_time,2352265.000,62.000,1,2352265.000,2352296.000,31.000,31.000,2352296.000,31.000,1,1,pnp_visible_ransac,9,3.703,-44.3164,1.547900,5.511611,15.6871,,
2026-09-04T10:53:33.565,548,ACQUIRE_VERIFY,ACQUIRE_VERIFY,1513,2,1788486813497.750,66.755,timestamp_domain.system_time,2352328.000,63.000,1,2352343.000,2352375.000,32.000,47.000,2352375.000,47.000,1,1,pnp_visible_ransac,9,3.919,-40.1744,1.507523,5.465045,15.4214,,
2026-09-04T10:53:33.627,549,ACQUIRE_VERIFY,ACQUIRE_VERIFY,1516,3,1788486813597.934,100.184,timestamp_domain.system_time,2352406.000,78.000,1,2352406.000,2352437.000,31.000,31.000,2352437.000,31.000,1,1,pnp_visible_ransac,9,4.446,-33.4190,1.414443,5.297926,14.9482,,
2026-09-04T10:53:33.705,550,ACQUIRE_VERIFY,ACQUIRE_VERIFY,1518,2,1788486813664.550,66.616,timestamp_domain.system_time,2352500.000,94.000,1,2352500.000,2352515.000,15.000,15.000,2352515.000,15.000,1,1,pnp_visible_ransac,9,4.305,-40.3652,1.498096,5.434642,15.4112,,
2026-09-04T10:53:33.779,551,ACQUIRE_VERIFY,ACQUIRE_VERIFY,1520,2,1788486813731.211,66.660,timestamp_domain.system_time,2352562.000,62.000,1,2352562.000,2352593.000,31.000,31.000,2352593.000,31.000,1,1,pnp_visible_ransac,9,4.164,-39.1295,1.487899,5.429608,15.3248,,
2026-09-04T10:53:33.856,552,ACQUIRE_VERIFY,ACQUIRE_VERIFY,1522,2,1788486813797.544,66.333,timestamp_domain.system_time,2352640.000,78.000,1,2352640.000,2352671.000,31.000,31.000,2352671.000,31.000,1,1,pnp_visible_ransac,9,4.550,-38.0612,1.468740,5.391008,15.2399,,
2026-09-04T10:53:33.945,553,ACQUIRE_VERIFY,ACQUIRE_VERIFY,1525,3,1788486813897.699,100.155,timestamp_domain.system_time,2352734.000,94.000,1,2352734.000,2352765.000,31.000,31.000,2352765.000,31.000,1,1,pnp_visible_ransac,9,4.134,-24.3223,1.289835,5.063996,14.2898,,
2026-09-04T10:53:34.022,554,SEARCH_SWEEP,SEARCH_SWEEP,1527,2,1788486813964.410,66.712,timestamp_domain.system_time,2352796.000,62.000,1,2352796.000,2352828.000,32.000,32.000,2352828.000,32.000,1,1,pnp_visible_ransac,9,4.030,-38.0989,1.482585,5.426210,15.2817,,
2026-09-04T10:53:34.089,555,ACQUIRE_VERIFY,ACQUIRE_VERIFY,1529,2,1788486814031.042,66.632,timestamp_domain.system_time,2352875.000,79.000,1,2352875.000,2352906.000,31.000,31.000,2352906.000,31.000,1,1,pnp_visible_ransac,9,4.340,-27.0514,1.328473,5.138850,14.4945,,
2026-09-04T10:53:34.172,556,ACQUIRE_VERIFY,ACQUIRE_VERIFY,1531,2,1788486814098.622,67.580,timestamp_domain.system_time,2352953.000,78.000,1,2352953.000,2352984.000,31.000,31.000,2352984.000,31.000,1,1,pnp_visible_ransac,9,4.534,-30.0114,1.366744,5.208001,14.7046,,
2026-09-04T10:53:34.324,557,ACQUIRE_VERIFY,ACQUIRE_VERIFY,1533,2,1788486814165.110,66.489,timestamp_domain.system_time,2353078.000,125.000,1,2353078.000,2353140.000,62.000,62.000,2353140.000,62.000,1,1,pnp_visible_ransac,9,4.302,-34.5086,1.434981,5.346817,15.0231,,
2026-09-04T10:53:34.404,558,ACQUIRE_VERIFY,ACQUIRE_VERIFY,1539,6,1788486814364.908,199.798,timestamp_domain.system_time,2353171.000,93.000,1,2353171.000,2353218.000,47.000,47.000,2353218.000,47.000,1,1,pnp_visible_ransac,9,4.139,-37.5301,1.473536,5.421785,15.2046,,
2026-09-04T10:53:34.475,559,ACQUIRE_VERIFY,ACQUIRE_VERIFY,1541,2,1788486814431.635,66.727,timestamp_domain.system_time,2353265.000,94.000,1,2353265.000,2353281.000,16.000,16.000,2353281.000,16.000,1,1,pnp_visible_ransac,9,3.960,-42.3781,1.526500,5.486350,15.5485,,
2026-09-04T10:53:34.562,560,ACQUIRE_VERIFY,ACQUIRE_VERIFY,1543,2,1788486814498.266,66.631,timestamp_domain.system_time,2353328.000,63.000,1,2353328.000,2353375.000,47.000,47.000,2353375.000,47.000,1,1,pnp_visible_ransac,9,4.627,-30.4405,1.371714,5.222628,14.7162,,
2026-09-04T10:53:34.633,561,ACQUIRE_VERIFY,ACQUIRE_VERIFY,1546,3,1788486814598.293,100.028,timestamp_domain.system_time,2353421.000,93.000,1,2353421.000,2353453.000,32.000,32.000,2353453.000,32.000,1,1,pnp_visible_ransac,9,4.288,-39.0503,1.487128,5.424195,15.3318,,
2026-09-04T10:53:34.705,562,ACQUIRE_VERIFY,ACQUIRE_VERIFY,1548,2,1788486814665.122,66.829,timestamp_domain.system_time,2353484.000,63.000,1,2353484.000,2353515.000,31.000,31.000,2353515.000,31.000,1,1,pnp_visible_ransac,9,4.196,-42.3161,1.521004,5.471266,15.5359,,
2026-09-04T10:53:34.784,563,ACQUIRE_VERIFY,ACQUIRE_VERIFY,1550,2,1788486814731.738,66.615,timestamp_domain.system_time,2353562.000,78.000,1,2353562.000,2353593.000,31.000,31.000,2353593.000,31.000,1,1,pnp_visible_ransac,9,4.583,-39.8358,1.487771,5.409553,15.3777,,
2026-09-04T10:53:34.856,564,ACQUIRE_VERIFY,ACQUIRE_VERIFY,1552,2,1788486814798.340,66.603,timestamp_domain.system_time,2353640.000,78.000,1,2353640.000,2353671.000,31.000,31.000,2353671.000,31.000,1,1,pnp_visible_ransac,9,3.846,-37.8285,1.482935,5.435348,15.2607,,
2026-09-04T10:53:34.930,565,ACQUIRE_VERIFY,ACQUIRE_VERIFY,1554,2,1788486814865.235,66.895,timestamp_domain.system_time,2353718.000,78.000,1,2353718.000,2353750.000,32.000,32.000,2353750.000,32.000,1,1,pnp_visible_ransac,9,4.042,-42.3776,1.522829,5.471981,15.5517,,
2026-09-04T10:53:35.006,566,ACQUIRE_VERIFY,ACQUIRE_VERIFY,1557,3,1788486814965.303,100.068,timestamp_domain.system_time,2353781.000,63.000,1,2353781.000,2353796.000,15.000,15.000,2353812.000,31.000,1,1,pnp_visible_ransac,9,3.871,-42.3314,1.529352,5.500634,15.5376,,
2026-09-04T10:53:35.080,567,ACQUIRE_VERIFY,ACQUIRE_VERIFY,1559,2,1788486815032.019,66.716,timestamp_domain.system_time,2353859.000,78.000,1,2353859.000,2353875.000,16.000,16.000,2353890.000,31.000,1,1,pnp_visible_ransac,9,3.937,-39.1872,1.496267,5.453873,15.3416,,
2026-09-04T10:53:35.156,568,ACQUIRE_VERIFY,ACQUIRE_VERIFY,1561,2,1788486815098.710,66.691,timestamp_domain.system_time,2353937.000,78.000,1,2353937.000,2353953.000,16.000,16.000,2353968.000,31.000,1,1,pnp_visible_ransac,9,4.044,-37.7848,1.478305,5.420125,15.2560,,
2026-09-04T10:53:35.223,569,ACQUIRE_VERIFY,ACQUIRE_VERIFY,1562,1,1788486815132.060,33.350,timestamp_domain.system_time,2354000.000,63.000,1,2354000.000,2354031.000,31.000,31.000,2354031.000,31.000,1,1,pnp_visible_ransac,9,4.410,-36.7454,1.459304,5.388925,15.1521,,
2026-09-04T10:53:35.294,570,ACQUIRE_VERIFY,ACQUIRE_VERIFY,1565,3,1788486815232.157,100.096,timestamp_domain.system_time,2354078.000,78.000,1,2354078.000,2354109.000,31.000,31.000,2354109.000,31.000,1,1,pnp_visible_ransac,9,3.460,-47.9354,1.577292,5.536006,15.9031,,
2026-09-04T10:53:35.369,571,ACQUIRE_VERIFY,ACQUIRE_VERIFY,1568,3,1788486815332.260,100.103,timestamp_domain.system_time,2354156.000,78.000,1,2354156.000,2354187.000,31.000,31.000,2354187.000,31.000,1,1,pnp_visible_ransac,9,3.985,-44.0782,1.540093,5.488548,15.6742,,
2026-09-04T10:53:35.445,572,ACQUIRE_VERIFY,ACQUIRE_VERIFY,1570,2,1788486815398.952,66.692,timestamp_domain.system_time,2354234.000,78.000,1,2354234.000,2354265.000,31.000,31.000,2354265.000,31.000,1,1,pnp_visible_ransac,9,4.212,-40.2832,1.498380,5.435867,15.4107,,
2026-09-04T10:53:35.521,573,ACQUIRE_VERIFY,ACQUIRE_VERIFY,1572,2,1788486815465.502,66.550,timestamp_domain.system_time,2354296.000,62.000,1,2354296.000,2354312.000,16.000,16.000,2354328.000,32.000,1,1,pnp_visible_ransac,9,3.891,-45.4498,1.554584,5.516669,15.7377,,
2026-09-04T10:53:35.590,574,ACQUIRE_VERIFY,ACQUIRE_VERIFY,1574,2,1788486815532.220,66.718,timestamp_domain.system_time,2354375.000,79.000,1,2354375.000,2354406.000,31.000,31.000,2354406.000,31.000,1,1,pnp_visible_ransac,9,4.090,-39.8541,1.497208,5.440496,15.3867,,
2026-09-04T10:53:35.656,575,ACQUIRE_VERIFY,ACQUIRE_VERIFY,1576,2,1788486815598.940,66.720,timestamp_domain.system_time,2354437.000,62.000,1,2354437.000,2354468.000,31.000,31.000,2354468.000,31.000,1,1,pnp_visible_ransac,9,4.128,-36.9964,1.467666,5.401523,15.2010,,
2026-09-04T10:53:35.738,576,ACQUIRE_VERIFY,ACQUIRE_VERIFY,1579,3,1788486815698.996,100.056,timestamp_domain.system_time,2354515.000,78.000,1,2354515.000,2354546.000,31.000,31.000,2354546.000,31.000,1,1,pnp_visible_ransac,9,4.326,-37.7537,1.470018,5.404754,15.2156,,
2026-09-04T10:53:35.808,577,ACQUIRE_VERIFY,ACQUIRE_VERIFY,1581,2,1788486815765.627,66.631,timestamp_domain.system_time,2354593.000,78.000,1,2354593.000,2354625.000,32.000,32.000,2354625.000,32.000,1,1,pnp_visible_ransac,9,4.239,-34.1503,1.429733,5.331365,15.0120,,
2026-09-04T10:53:35.889,578,ACQUIRE_VERIFY,ACQUIRE_VERIFY,1583,2,1788486815832.528,66.900,timestamp_domain.system_time,2354671.000,78.000,1,2354671.000,2354703.000,32.000,32.000,2354703.000,32.000,1,1,pnp_visible_ransac,9,4.174,-24.7432,1.293229,5.060482,14.3354,,
2026-09-04T10:53:35.960,579,ACQUIRE_VERIFY,ACQUIRE_VERIFY,1585,2,1788486815899.170,66.643,timestamp_domain.system_time,2354750.000,79.000,1,2354750.000,2354781.000,31.000,31.000,2354781.000,31.000,1,1,pnp_visible_ransac,9,4.499,-35.6367,1.442916,5.352430,15.0872,,
2026-09-04T10:53:36.022,580,ACQUIRE_VERIFY,ACQUIRE_VERIFY,1588,3,1788486815999.010,99.839,timestamp_domain.system_time,2354812.000,62.000,1,2354828.000,2354828.000,0.000,16.000,2354828.000,16.000,1,1,pnp_visible_ransac,9,4.203,-31.6534,1.398301,5.280519,14.8317,,
2026-09-04T10:53:36.104,581,ACQUIRE_VERIFY,ACQUIRE_VERIFY,1590,2,1788486816065.969,66.960,timestamp_domain.system_time,2354890.000,78.000,1,2354890.000,2354921.000,31.000,31.000,2354921.000,31.000,1,1,pnp_visible_ransac,9,4.035,-40.5014,1.509229,5.474319,15.4131,,
2026-09-04T10:53:36.173,582,ACQUIRE_VERIFY,ACQUIRE_VERIFY,1592,2,1788486816132.887,66.917,timestamp_domain.system_time,2354953.000,63.000,1,2354953.000,2354984.000,31.000,31.000,2354984.000,31.000,1,1,pnp_visible_ransac,9,4.353,-35.0293,1.439803,5.353257,15.0539,,
2026-09-04T10:53:36.255,583,ACQUIRE_VERIFY,ACQUIRE_VERIFY,1592,0,1788486816132.887,0.000,timestamp_domain.system_time,2355031.000,78.000,1,2355031.000,2355062.000,31.000,31.000,2355062.000,31.000,1,1,pnp_visible_ransac,9,4.353,-35.0293,1.439803,5.353257,15.0539,,
2026-09-04T10:53:36.323,584,ACQUIRE_VERIFY,ACQUIRE_VERIFY,1596,4,1788486816266.299,133.412,timestamp_domain.system_time,2355109.000,78.000,1,2355109.000,2355140.000,31.000,31.000,2355140.000,31.000,1,1,pnp_visible_ransac,9,4.327,-34.4086,1.430156,5.328540,15.0238,,
2026-09-04T10:53:36.405,585,ACQUIRE_VERIFY,ACQUIRE_VERIFY,1599,3,1788486816366.063,99.764,timestamp_domain.system_time,2355187.000,78.000,1,2355187.000,2355218.000,31.000,31.000,2355218.000,31.000,1,1,pnp_visible_ransac,9,4.064,-34.5701,1.442804,5.364237,15.0544,,
2026-09-04T10:53:36.475,586,ACQUIRE_VERIFY,ACQUIRE_VERIFY,1601,2,1788486816432.761,66.698,timestamp_domain.system_time,2355265.000,78.000,1,2355265.000,2355281.000,16.000,16.000,2355281.000,16.000,1,1,pnp_visible_ransac,9,3.927,-39.5005,1.500281,5.458837,15.3675,,
2026-09-04T10:53:36.556,587,ACQUIRE_VERIFY,ACQUIRE_VERIFY,1603,2,1788486816499.540,66.779,timestamp_domain.system_time,2355343.000,78.000,1,2355343.000,2355359.000,16.000,16.000,2355375.000,32.000,1,1,pnp_visible_ransac,9,4.338,-32.0273,1.397580,5.267259,14.8601,,
2026-09-04T10:53:36.626,588,ACQUIRE_VERIFY,ACQUIRE_VERIFY,1605,2,1788486816566.054,66.514,timestamp_domain.system_time,2355406.000,63.000,1,2355406.000,2355437.000,31.000,31.000,2355437.000,31.000,1,1,pnp_visible_ransac,9,3.855,-39.6245,1.504263,5.473644,15.3666,,
2026-09-04T10:53:36.690,589,ACQUIRE_VERIFY,ACQUIRE_VERIFY,1608,3,1788486816666.267,100.213,timestamp_domain.system_time,2355484.000,78.000,1,2355484.000,2355500.000,16.000,16.000,2355500.000,16.000,1,1,pnp_visible_ransac,9,3.192,-53.9948,1.617319,5.543845,16.2637,,
2026-09-04T10:53:36.779,590,ACQUIRE_VERIFY,ACQUIRE_VERIFY,1610,2,1788486816732.977,66.710,timestamp_domain.system_time,2355562.000,78.000,1,2355562.000,2355593.000,31.000,31.000,2355593.000,31.000,1,1,pnp_visible_ransac,9,3.562,-47.4776,1.576118,5.549610,15.8548,,
2026-09-04T10:53:36.839,591,ACQUIRE_VERIFY,ACQUIRE_VERIFY,1612,2,1788486816799.618,66.641,timestamp_domain.system_time,2355625.000,63.000,1,2355625.000,2355656.000,31.000,31.000,2355656.000,31.000,1,1,pnp_visible_ransac,9,3.664,-46.7230,1.569474,5.538525,15.8213,,
2026-09-04T10:53:36.946,592,ACQUIRE_VERIFY,ACQUIRE_VERIFY,1615,3,1788486816899.771,100.153,timestamp_domain.system_time,2355718.000,93.000,1,2355734.000,2355765.000,31.000,47.000,2355765.000,47.000,1,1,pnp_visible_ransac,9,3.584,-49.5417,1.589988,5.541173,16.0103,,
2026-09-04T10:53:37.039,593,ACQUIRE_VERIFY,ACQUIRE_VERIFY,1618,3,1788486816999.987,100.217,timestamp_domain.system_time,2355812.000,94.000,1,2355828.000,2355859.000,31.000,47.000,2355859.000,47.000,1,1,pnp_visible_ransac,9,3.906,-46.5578,1.562158,5.521110,15.7985,,
2026-09-04T10:53:37.112,594,ACQUIRE_VERIFY,ACQUIRE_VERIFY,1620,2,1788486817066.469,66.482,timestamp_domain.system_time,2355890.000,78.000,1,2355890.000,2355921.000,31.000,31.000,2355921.000,31.000,1,1,pnp_visible_ransac,9,3.662,-47.5665,1.573613,5.529603,15.8853,,
2026-09-04T10:53:37.177,595,ACQUIRE_VERIFY,ACQUIRE_VERIFY,1622,2,1788486817133.342,66.873,timestamp_domain.system_time,2355968.000,78.000,1,2355968.000,2355984.000,16.000,16.000,2355984.000,16.000,1,1,pnp_visible_ransac,9,4.079,-43.6568,1.537667,5.498889,15.6227,,
2026-09-04T10:53:37.261,596,ACQUIRE_VERIFY,ACQUIRE_VERIFY,1623,1,1788486817166.738,33.396,timestamp_domain.system_time,2356046.000,78.000,1,2356046.000,2356078.000,32.000,32.000,2356078.000,32.000,1,1,pnp_visible_ransac,9,4.502,-31.2308,1.386359,5.253612,14.7826,,
2026-09-04T10:53:37.339,597,ACQUIRE_VERIFY,ACQUIRE_VERIFY,1627,4,1788486817299.943,133.205,timestamp_domain.system_time,2356109.000,63.000,1,2356125.000,2356140.000,15.000,31.000,2356156.000,47.000,1,1,pnp_visible_ransac,9,1.413,-73.6115,1.534085,4.986469,17.1005,,
2026-09-04T10:53:37.412,598,ACQUIRE_VERIFY,ACQUIRE_VERIFY,1629,2,1788486817366.726,66.783,timestamp_domain.system_time,2356187.000,78.000,1,2356203.000,2356218.000,15.000,31.000,2356218.000,31.000,1,1,pnp_visible_ransac,9,4.287,-36.3847,1.456285,5.377679,15.1524,,
2026-09-04T10:53:37.478,599,ACQUIRE_VERIFY,ACQUIRE_VERIFY,1631,2,1788486817433.288,66.561,timestamp_domain.system_time,2356265.000,78.000,1,2356265.000,2356296.000,31.000,31.000,2356296.000,31.000,1,1,pnp_visible_ransac,9,3.571,-50.1526,1.591851,5.530735,16.0568,,
2026-09-04T10:53:37.556,600,ACQUIRE_VERIFY,ACQUIRE_VERIFY,1633,2,1788486817500.063,66.776,timestamp_domain.system_time,2356343.000,78.000,1,2356343.000,2356375.000,32.000,32.000,2356375.000,32.000,1,1,pnp_visible_ransac,9,3.212,-53.5787,1.612454,5.532397,16.2491,,
2026-09-04T10:53:37.633,601,ACQUIRE_VERIFY,ACQUIRE_VERIFY,1635,2,1788486817566.808,66.744,timestamp_domain.system_time,2356406.000,63.000,1,2356406.000,2356453.000,47.000,47.000,2356453.000,47.000,1,1,pnp_visible_ransac,9,3.350,-54.2907,1.612370,5.517510,16.2898,,
2026-09-04T10:53:37.704,602,ACQUIRE_VERIFY,ACQUIRE_VERIFY,1638,3,1788486817666.862,100.054,timestamp_domain.system_time,2356484.000,78.000,1,2356484.000,2356515.000,31.000,31.000,2356515.000,31.000,1,1,pnp_visible_ransac,9,1.631,-75.6868,1.515118,4.867075,17.2913,,
2026-09-04T10:53:37.779,603,ACQUIRE_VERIFY,ACQUIRE_VERIFY,1640,2,1788486817733.453,66.591,timestamp_domain.system_time,2356562.000,78.000,1,2356562.000,2356593.000,31.000,31.000,2356593.000,31.000,1,1,pnp_visible_ransac,9,1.318,-74.4931,1.527011,4.951545,17.1393,,
2026-09-04T10:53:37.857,604,ACQUIRE_VERIFY,ACQUIRE_VERIFY,1642,2,1788486817800.300,66.847,timestamp_domain.system_time,2356640.000,78.000,1,2356640.000,2356671.000,31.000,31.000,2356671.000,31.000,1,1,pnp_visible_ransac,9,3.706,-46.2306,1.562604,5.514583,15.8205,,
2026-09-04T10:53:37.930,605,ACQUIRE_VERIFY,ACQUIRE_VERIFY,1644,2,1788486817867.211,66.911,timestamp_domain.system_time,2356718.000,78.000,1,2356718.000,2356750.000,32.000,32.000,2356750.000,32.000,1,1,pnp_visible_ransac,9,3.482,-47.1133,1.573864,5.530394,15.8855,,
2026-09-04T10:53:38.000,606,ACQUIRE_VERIFY,ACQUIRE_VERIFY,1647,3,1788486817967.096,99.885,timestamp_domain.system_time,2356781.000,63.000,1,2356781.000,2356812.000,31.000,31.000,2356812.000,31.000,1,1,pnp_visible_ransac,9,3.989,-43.0740,1.531577,5.492997,15.5797,,
2026-09-04T10:53:38.072,607,ACQUIRE_VERIFY,ACQUIRE_VERIFY,1649,2,1788486818033.751,66.655,timestamp_domain.system_time,2356859.000,78.000,1,2356859.000,2356890.000,31.000,31.000,2356890.000,31.000,1,1,pnp_visible_ransac,9,1.694,-75.4528,1.521499,4.892829,17.2739,,
2026-09-04T10:53:38.144,608,SEARCH_SWEEP,SEARCH_SWEEP,1651,2,1788486818100.510,66.759,timestamp_domain.system_time,2356921.000,62.000,1,2356921.000,2356953.000,32.000,32.000,2356953.000,32.000,1,1,pnp_visible_ransac,9,3.681,-46.6421,1.568018,5.529416,15.8321,,
2026-09-04T10:53:38.224,609,ACQUIRE_VERIFY,ACQUIRE_VERIFY,1653,2,1788486818167.779,67.269,timestamp_domain.system_time,2357015.000,94.000,1,2357015.000,2357031.000,16.000,16.000,2357031.000,16.000,1,1,pnp_visible_ransac,9,3.258,-55.1781,1.617830,5.513838,16.3524,,
2026-09-04T10:53:38.386,610,ACQUIRE_VERIFY,ACQUIRE_VERIFY,1656,3,1788486818266.969,99.190,timestamp_domain.system_time,2357156.000,141.000,1,2357156.000,2357203.000,47.000,47.000,2357203.000,47.000,1,1,pnp_visible_ransac,9,1.339,-73.1654,1.536543,5.004625,17.0678,,
2026-09-04T10:53:38.457,611,ACQUIRE_VERIFY,ACQUIRE_VERIFY,1660,4,1788486818400.693,133.724,timestamp_domain.system_time,2357234.000,78.000,1,2357234.000,2357265.000,31.000,31.000,2357265.000,31.000,1,1,pnp_visible_ransac,9,3.502,-51.5946,1.597376,5.516184,16.1500,,
2026-09-04T10:53:38.537,612,ACQUIRE_VERIFY,ACQUIRE_VERIFY,1663,3,1788486818500.723,100.030,timestamp_domain.system_time,2357328.000,94.000,1,2357328.000,2357343.000,15.000,15.000,2357343.000,15.000,1,1,pnp_visible_ransac,9,4.159,-39.5343,1.494535,5.439614,15.3629,,
2026-09-04T10:53:38.613,613,ACQUIRE_VERIFY,ACQUIRE_VERIFY,1665,2,1788486818567.367,66.644,timestamp_domain.system_time,2357390.000,62.000,1,2357390.000,2357421.000,31.000,31.000,2357421.000,31.000,1,1,pnp_visible_ransac,9,4.286,-32.3389,1.405219,5.290809,14.8741,,
2026-09-04T10:53:38.691,614,ACQUIRE_VERIFY,ACQUIRE_VERIFY,1667,2,1788486818634.156,66.789,timestamp_domain.system_time,2357468.000,78.000,1,2357468.000,2357500.000,32.000,32.000,2357500.000,32.000,1,1,pnp_visible_ransac,9,3.784,-42.8432,1.536902,5.507467,15.5922,,
2026-09-04T10:53:38.757,615,ACQUIRE_VERIFY,ACQUIRE_VERIFY,1669,2,1788486818700.686,66.529,timestamp_domain.system_time,2357531.000,63.000,1,2357531.000,2357578.000,47.000,47.000,2357578.000,47.000,1,1,pnp_visible_ransac,9,3.851,-45.3186,1.554321,5.517514,15.7329,,
2026-09-04T10:53:38.837,616,ACQUIRE_VERIFY,ACQUIRE_VERIFY,1672,3,1788486818800.972,100.286,timestamp_domain.system_time,2357625.000,94.000,1,2357625.000,2357656.000,31.000,31.000,2357656.000,31.000,1,1,pnp_visible_ransac,9,3.282,-52.7529,1.610430,5.540996,16.2059,,
2026-09-04T10:53:38.901,617,ACQUIRE_VERIFY,ACQUIRE_VERIFY,1674,2,1788486818867.594,66.622,timestamp_domain.system_time,2357687.000,62.000,1,2357687.000,2357718.000,31.000,31.000,2357718.000,31.000,1,1,pnp_visible_ransac,9,3.367,-51.1562,1.601512,5.543699,16.1134,,
2026-09-04T10:53:38.977,618,ACQUIRE_VERIFY,ACQUIRE_VERIFY,1676,2,1788486818934.301,66.707,timestamp_domain.system_time,2357765.000,78.000,1,2357765.000,2357796.000,31.000,31.000,2357796.000,31.000,1,1,pnp_visible_ransac,9,3.360,-51.6784,1.603577,5.543567,16.1335,,
2026-09-04T10:53:39.053,619,ACQUIRE_VERIFY,ACQUIRE_VERIFY,1678,2,1788486819001.024,66.723,timestamp_domain.system_time,2357843.000,78.000,1,2357843.000,2357875.000,32.000,32.000,2357875.000,32.000,1,1,pnp_visible_ransac,9,3.461,-50.3708,1.591987,5.523773,16.0773,,
2026-09-04T10:53:39.125,620,ACQUIRE_VERIFY,ACQUIRE_VERIFY,1680,2,1788486819067.658,66.634,timestamp_domain.system_time,2357906.000,63.000,1,2357906.000,2357937.000,31.000,31.000,2357937.000,31.000,1,1,pnp_visible_ransac,9,3.412,-52.8230,1.609360,5.539402,16.2001,,
2026-09-04T10:53:39.196,621,ACQUIRE_VERIFY,ACQUIRE_VERIFY,1682,2,1788486819134.365,66.708,timestamp_domain.system_time,2357968.000,62.000,1,2357968.000,2358015.000,47.000,47.000,2358015.000,47.000,1,1,pnp_visible_ransac,9,3.759,-44.5416,1.547672,5.498879,15.7194,,
2026-09-04T10:53:39.266,622,ACQUIRE_VERIFY,ACQUIRE_VERIFY,1684,2,1788486819201.102,66.737,timestamp_domain.system_time,2358046.000,78.000,1,2358046.000,2358078.000,32.000,32.000,2358078.000,32.000,1,1,pnp_visible_ransac,9,4.130,-38.9608,1.492504,5.447324,15.3224,,
2026-09-04T10:53:39.374,623,ACQUIRE_VERIFY,ACQUIRE_VERIFY,1687,3,1788486819301.554,100.452,timestamp_domain.system_time,2358156.000,110.000,1,2358156.000,2358187.000,31.000,31.000,2358187.000,31.000,1,1,pnp_visible_ransac,9,3.231,-48.7396,1.590042,5.552726,15.9792,,
2026-09-04T10:53:39.448,624,ACQUIRE_VERIFY,ACQUIRE_VERIFY,1690,3,1788486819401.217,99.663,timestamp_domain.system_time,2358234.000,78.000,1,2358234.000,2358265.000,31.000,31.000,2358265.000,31.000,1,1,pnp_visible_ransac,9,1.466,-73.7990,1.533271,4.980329,17.1118,,
2026-09-04T10:53:39.524,625,ACQUIRE_VERIFY,ACQUIRE_VERIFY,1692,2,1788486819468.013,66.796,timestamp_domain.system_time,2358312.000,78.000,1,2358312.000,2358343.000,31.000,31.000,2358343.000,31.000,1,1,pnp_visible_ransac,9,1.221,-72.9767,1.536326,5.012768,17.0394,,
2026-09-04T10:53:39.604,626,ACQUIRE_VERIFY,ACQUIRE_VERIFY,1695,3,1788486819568.073,100.060,timestamp_domain.system_time,2358375.000,63.000,1,2358375.000,2358406.000,31.000,31.000,2358421.000,46.000,1,1,pnp_visible_ransac,9,3.796,-43.8237,1.542748,5.503538,15.6592,,
2026-09-04T10:53:39.675,627,ACQUIRE_VERIFY,ACQUIRE_VERIFY,1697,2,1788486819634.778,66.706,timestamp_domain.system_time,2358453.000,78.000,1,2358453.000,2358484.000,31.000,31.000,2358484.000,31.000,1,1,pnp_visible_ransac,9,3.976,-40.7934,1.511562,5.463756,15.4642,,
2026-09-04T10:53:39.750,628,ACQUIRE_VERIFY,ACQUIRE_VERIFY,1699,2,1788486819701.427,66.649,timestamp_domain.system_time,2358531.000,78.000,1,2358531.000,2358562.000,31.000,31.000,2358562.000,31.000,1,1,pnp_visible_ransac,9,3.331,-52.7868,1.609038,5.530799,16.2209,,
2026-09-04T10:53:39.824,629,ACQUIRE_VERIFY,ACQUIRE_VERIFY,1701,2,1788486819768.079,66.651,timestamp_domain.system_time,2358609.000,78.000,1,2358609.000,2358640.000,31.000,31.000,2358640.000,31.000,1,1,pnp_visible_ransac,9,3.581,-46.5995,1.570216,5.540093,15.8242,,
2026-09-04T10:53:39.890,630,ACQUIRE_VERIFY,ACQUIRE_VERIFY,1703,2,1788486819834.775,66.697,timestamp_domain.system_time,2358671.000,62.000,1,2358687.000,2358703.000,16.000,32.000,2358703.000,32.000,1,1,pnp_visible_ransac,9,3.558,-47.6335,1.578686,5.547724,15.8845,,
2026-09-04T10:53:39.961,631,ACQUIRE_VERIFY,ACQUIRE_VERIFY,1705,2,1788486819901.680,66.905,timestamp_domain.system_time,2358750.000,79.000,1,2358750.000,2358781.000,31.000,31.000,2358781.000,31.000,1,1,pnp_visible_ransac,9,3.415,-48.6770,1.588166,5.554241,15.9572,,
2026-09-04T10:53:40.039,632,ACQUIRE_VERIFY,ACQUIRE_VERIFY,1708,3,1788486820001.484,99.804,timestamp_domain.system_time,2358828.000,78.000,1,2358828.000,2358859.000,31.000,31.000,2358859.000,31.000,1,1,pnp_visible_ransac,9,3.114,-54.0392,1.617559,5.532391,16.2978,,
2026-09-04T10:53:40.113,633,ACQUIRE_VERIFY,ACQUIRE_VERIFY,1710,2,1788486820068.256,66.772,timestamp_domain.system_time,2358890.000,62.000,1,2358890.000,2358921.000,31.000,31.000,2358921.000,31.000,1,1,pnp_visible_ransac,9,3.384,-51.7368,1.598676,5.512957,16.1714,,
2026-09-04T10:53:40.174,634,ACQUIRE_VERIFY,ACQUIRE_VERIFY,1712,2,1788486820134.981,66.724,timestamp_domain.system_time,2358968.000,78.000,1,2358968.000,2358984.000,16.000,16.000,2358984.000,16.000,1,1,pnp_visible_ransac,9,3.407,-50.6729,1.599066,5.542541,16.0933,,
2026-09-04T10:53:40.256,635,ACQUIRE_VERIFY,ACQUIRE_VERIFY,1714,2,1788486820201.828,66.847,timestamp_domain.system_time,2359031.000,63.000,1,2359031.000,2359062.000,31.000,31.000,2359062.000,31.000,1,1,pnp_visible_ransac,9,3.242,-51.7510,1.600967,5.522612,16.1665,,
2026-09-04T10:53:40.370,636,ACQUIRE_VERIFY,ACQUIRE_VERIFY,1717,3,1788486820301.967,100.139,timestamp_domain.system_time,2359140.000,109.000,1,2359156.000,2359187.000,31.000,47.000,2359187.000,47.000,1,1,pnp_visible_ransac,9,3.897,-38.0457,1.482855,5.430634,15.2725,,
2026-09-04T10:53:40.444,637,ACQUIRE_VERIFY,ACQUIRE_VERIFY,1720,3,1788486820401.876,99.908,timestamp_domain.system_time,2359234.000,94.000,1,2359234.000,2359265.000,31.000,31.000,2359265.000,31.000,1,1,pnp_visible_ransac,9,3.725,-44.6305,1.550377,5.513922,15.7047,,
2026-09-04T10:53:40.518,638,ACQUIRE_VERIFY,ACQUIRE_VERIFY,1722,2,1788486820468.254,66.379,timestamp_domain.system_time,2359296.000,62.000,1,2359296.000,2359328.000,32.000,32.000,2359328.000,32.000,1,1,pnp_visible_ransac,9,2.986,-54.2921,1.622267,5.534791,16.3360,,
2026-09-04T10:53:40.590,639,ACQUIRE_VERIFY,ACQUIRE_VERIFY,1724,2,1788486820535.255,67.001,timestamp_domain.system_time,2359375.000,79.000,1,2359375.000,2359406.000,31.000,31.000,2359406.000,31.000,1,1,pnp_visible_ransac,9,3.702,-48.0540,1.573771,5.504940,15.9544,,
2026-09-04T10:53:40.659,640,ACQUIRE_VERIFY,ACQUIRE_VERIFY,1726,2,1788486820602.055,66.800,timestamp_domain.system_time,2359437.000,62.000,1,2359453.000,2359468.000,15.000,31.000,2359468.000,31.000,1,1,pnp_visible_ransac,9,3.734,-44.7586,1.550099,5.507718,15.7188,,
2026-09-04T10:53:40.724,641,ACQUIRE_VERIFY,ACQUIRE_VERIFY,1728,2,1788486820668.583,66.528,timestamp_domain.system_time,2359500.000,63.000,1,2359500.000,2359531.000,31.000,31.000,2359531.000,31.000,1,1,pnp_visible_ransac,9,3.462,-46.1886,1.571356,5.544415,15.8234,,
2026-09-04T10:53:40.808,642,ACQUIRE_VERIFY,ACQUIRE_VERIFY,1731,3,1788486820768.795,100.212,timestamp_domain.system_time,2359593.000,93.000,1,2359593.000,2359625.000,32.000,32.000,2359625.000,32.000,1,1,pnp_visible_ransac,9,1.568,-74.5387,1.529928,4.948625,17.1796,,
2026-09-04T10:53:40.876,643,ACQUIRE_VERIFY,ACQUIRE_VERIFY,1733,2,1788486820835.393,66.598,timestamp_domain.system_time,2359656.000,63.000,1,2359656.000,2359687.000,31.000,31.000,2359687.000,31.000,1,1,pnp_visible_ransac,9,3.127,-53.0233,1.612074,5.535535,16.2368,,
2026-09-04T10:53:40.952,644,ACQUIRE_VERIFY,ACQUIRE_VERIFY,1735,2,1788486820902.065,66.671,timestamp_domain.system_time,2359734.000,78.000,1,2359734.000,2359765.000,31.000,31.000,2359765.000,31.000,1,1,pnp_visible_ransac,9,3.428,-50.0390,1.593349,5.532936,16.0651,,
2026-09-04T10:53:41.027,645,ACQUIRE_VERIFY,ACQUIRE_VERIFY,1737,2,1788486820968.752,66.687,timestamp_domain.system_time,2359812.000,78.000,1,2359812.000,2359843.000,31.000,31.000,2359843.000,31.000,1,1,pnp_visible_ransac,9,3.801,-37.2544,1.476589,5.414011,15.2555,,
2026-09-04T10:53:41.091,646,ACQUIRE_VERIFY,ACQUIRE_VERIFY,1739,2,1788486821035.400,66.649,timestamp_domain.system_time,2359875.000,63.000,1,2359875.000,2359906.000,31.000,31.000,2359906.000,31.000,1,1,pnp_visible_ransac,9,3.763,-43.3074,1.539587,5.497003,15.6464,,
2026-09-04T10:53:41.171,647,ACQUIRE_VERIFY,ACQUIRE_VERIFY,1742,3,1788486821135.586,100.186,timestamp_domain.system_time,2359953.000,78.000,1,2359953.000,2359984.000,31.000,31.000,2359984.000,31.000,1,1,pnp_visible_ransac,9,3.633,-44.4069,1.551534,5.524492,15.6872,,
2026-09-04T10:53:41.238,648,ACQUIRE_VERIFY,ACQUIRE_VERIFY,1744,2,1788486821203.019,67.433,timestamp_domain.system_time,2360015.000,62.000,1,2360015.000,2360046.000,31.000,31.000,2360046.000,31.000,1,1,pnp_visible_ransac,9,3.956,-45.3911,1.552243,5.511908,15.7281,,
2026-09-04T10:53:41.322,649,ACQUIRE_VERIFY,ACQUIRE_VERIFY,1744,0,1788486821203.019,0.000,timestamp_domain.system_time,2360109.000,94.000,1,2360109.000,2360140.000,31.000,31.000,2360140.000,31.000,1,1,pnp_visible_ransac,9,3.956,-45.3911,1.552243,5.511908,15.7281,,
2026-09-04T10:53:41.392,650,ACQUIRE_VERIFY,ACQUIRE_VERIFY,1745,1,1788486821235.760,32.740,timestamp_domain.system_time,2360171.000,62.000,1,2360171.000,2360203.000,32.000,32.000,2360203.000,32.000,1,1,pnp_visible_ransac,9,3.402,-47.8078,1.577881,5.536752,15.9067,,
2026-09-04T10:53:41.474,651,ACQUIRE_VERIFY,ACQUIRE_VERIFY,1751,6,1788486821435.737,199.978,timestamp_domain.system_time,2360265.000,94.000,1,2360265.000,2360281.000,16.000,16.000,2360281.000,16.000,1,1,pnp_visible_ransac,9,3.557,-47.1342,1.572800,5.533866,15.8659,,
2026-09-04T10:53:41.541,652,ACQUIRE_VERIFY,ACQUIRE_VERIFY,1753,2,1788486821502.468,66.731,timestamp_domain.system_time,2360328.000,63.000,1,2360328.000,2360359.000,31.000,31.000,2360359.000,31.000,1,1,pnp_visible_ransac,9,3.597,-47.2186,1.572744,5.534083,15.8647,,
2026-09-04T10:53:41.622,653,ACQUIRE_VERIFY,ACQUIRE_VERIFY,1755,2,1788486821569.115,66.647,timestamp_domain.system_time,2360406.000,78.000,1,2360406.000,2360437.000,31.000,31.000,2360437.000,31.000,1,1,pnp_visible_ransac,9,3.944,-43.1272,1.533748,5.496956,15.5900,,
2026-09-04T10:53:41.693,654,ACQUIRE_VERIFY,ACQUIRE_VERIFY,1757,2,1788486821635.705,66.589,timestamp_domain.system_time,2360468.000,62.000,1,2360468.000,2360500.000,32.000,32.000,2360500.000,32.000,1,1,pnp_visible_ransac,9,3.738,-46.5755,1.564856,5.520764,15.8253,,
2026-09-04T10:53:41.754,655,ACQUIRE_VERIFY,ACQUIRE_VERIFY,1759,2,1788486821702.545,66.840,timestamp_domain.system_time,2360546.000,78.000,1,2360546.000,2360562.000,16.000,16.000,2360562.000,16.000,1,1,pnp_visible_ransac,9,1.505,-74.5155,1.527979,4.942445,17.1792,,
2026-09-04T10:53:41.836,656,ACQUIRE_VERIFY,ACQUIRE_VERIFY,1762,3,1788486821802.774,100.229,timestamp_domain.system_time,2360625.000,79.000,1,2360625.000,2360656.000,31.000,31.000,2360656.000,31.000,1,1,pnp_visible_ransac,9,3.042,-55.0923,1.622558,5.515358,16.3933,,
2026-09-04T10:53:41.915,657,ACQUIRE_VERIFY,ACQUIRE_VERIFY,1764,2,1788486821869.304,66.530,timestamp_domain.system_time,2360703.000,78.000,1,2360703.000,2360734.000,31.000,31.000,2360734.000,31.000,1,1,pnp_visible_ransac,9,3.607,-49.7148,1.590297,5.538615,16.0203,,
2026-09-04T10:53:41.987,658,ACQUIRE_VERIFY,ACQUIRE_VERIFY,1766,2,1788486821935.876,66.572,timestamp_domain.system_time,2360765.000,62.000,1,2360765.000,2360796.000,31.000,31.000,2360796.000,31.000,1,1,pnp_visible_ransac,9,3.108,-54.9532,1.620451,5.524598,16.3472,,
2026-09-04T10:53:42.054,659,ACQUIRE_VERIFY,ACQUIRE_VERIFY,1768,2,1788486822002.593,66.717,timestamp_domain.system_time,2360843.000,78.000,1,2360843.000,2360875.000,32.000,32.000,2360875.000,32.000,1,1,pnp_visible_ransac,9,1.949,-76.0199,1.520272,4.876961,17.3136,,
2026-09-04T10:53:42.130,660,ACQUIRE_VERIFY,ACQUIRE_VERIFY,1770,2,1788486822069.370,66.777,timestamp_domain.system_time,2360921.000,78.000,1,2360921.000,2360937.000,16.000,16.000,2360937.000,16.000,1,1,pnp_visible_ransac,9,1.249,-73.2648,1.535340,5.005081,17.0537,,
2026-09-04T10:53:42.203,661,ACQUIRE_VERIFY,ACQUIRE_VERIFY,1773,3,1788486822169.519,100.149,timestamp_domain.system_time,2360984.000,63.000,1,2360984.000,2361015.000,31.000,31.000,2361015.000,31.000,1,1,pnp_visible_ransac,9,1.606,-74.7708,1.525841,4.930740,17.1949,,
2026-09-04T10:53:42.279,662,SEARCH_SWEEP,SEARCH_SWEEP,1775,2,1788486822236.541,67.022,timestamp_domain.system_time,2361062.000,78.000,1,2361062.000,2361093.000,31.000,31.000,2361093.000,31.000,1,1,pnp_visible_ransac,9,4.158,-44.3934,1.538404,5.486032,15.6647,,
2026-09-04T10:53:42.401,663,ACQUIRE_VERIFY,ACQUIRE_VERIFY,1778,3,1788486822336.204,99.662,timestamp_domain.system_time,2361187.000,125.000,1,2361187.000,2361218.000,31.000,31.000,2361218.000,31.000,1,1,pnp_visible_ransac,9,3.944,-44.3287,1.543779,5.505351,15.6643,,
2026-09-04T10:53:42.488,664,ACQUIRE_VERIFY,ACQUIRE_VERIFY,1781,3,1788486822436.518,100.314,timestamp_domain.system_time,2361265.000,78.000,1,2361281.000,2361296.000,15.000,31.000,2361296.000,31.000,1,1,pnp_visible_ransac,9,3.522,-43.7213,1.545250,5.505607,15.6778,,
2026-09-04T10:53:42.555,665,ACQUIRE_VERIFY,ACQUIRE_VERIFY,1783,2,1788486822502.934,66.417,timestamp_domain.system_time,2361343.000,78.000,1,2361343.000,2361375.000,32.000,32.000,2361375.000,32.000,1,1,pnp_visible_ransac,9,3.648,-43.7713,1.545700,5.523768,15.6331,,
2026-09-04T10:53:42.631,666,ACQUIRE_VERIFY,ACQUIRE_VERIFY,1785,2,1788486822569.608,66.674,timestamp_domain.system_time,2361421.000,78.000,1,2361421.000,2361437.000,16.000,16.000,2361437.000,16.000,1,1,pnp_visible_ransac,9,3.907,-42.6947,1.534767,5.507737,15.5708,,
2026-09-04T10:53:42.705,667,ACQUIRE_VERIFY,ACQUIRE_VERIFY,1788,3,1788486822669.902,100.294,timestamp_domain.system_time,2361484.000,63.000,1,2361484.000,2361515.000,31.000,31.000,2361515.000,31.000,1,1,pnp_visible_ransac,9,4.145,-38.6890,1.487836,5.436456,15.3058,,
2026-09-04T10:53:42.781,668,ACQUIRE_VERIFY,ACQUIRE_VERIFY,1790,2,1788486822736.503,66.601,timestamp_domain.system_time,2361546.000,62.000,1,2361546.000,2361578.000,32.000,32.000,2361593.000,47.000,1,1,pnp_visible_ransac,9,4.046,-44.9047,1.545595,5.491885,15.7183,,
2026-09-04T10:53:42.856,669,ACQUIRE_VERIFY,ACQUIRE_VERIFY,1792,2,1788486822803.114,66.611,timestamp_domain.system_time,2361640.000,94.000,1,2361640.000,2361671.000,31.000,31.000,2361671.000,31.000,1,1,pnp_visible_ransac,9,4.376,-37.3713,1.465806,5.391894,15.2085,,
2026-09-04T10:53:42.921,670,ACQUIRE_VERIFY,ACQUIRE_VERIFY,1794,2,1788486822869.861,66.747,timestamp_domain.system_time,2361703.000,63.000,1,2361703.000,2361734.000,31.000,31.000,2361734.000,31.000,1,1,pnp_visible_ransac,9,4.053,-43.9475,1.537199,5.497740,15.6213,,
2026-09-04T10:53:42.994,671,ACQUIRE_VERIFY,ACQUIRE_VERIFY,1796,2,1788486822936.565,66.704,timestamp_domain.system_time,2361781.000,78.000,1,2361781.000,2361812.000,31.000,31.000,2361812.000,31.000,1,1,pnp_visible_ransac,9,3.836,-40.0795,1.511352,5.483057,15.4104,,
2026-09-04T10:53:43.069,672,ACQUIRE_VERIFY,ACQUIRE_VERIFY,1799,3,1788486823036.904,100.339,timestamp_domain.system_time,2361859.000,78.000,1,2361859.000,2361890.000,31.000,31.000,2361890.000,31.000,1,1,pnp_visible_ransac,9,4.127,-37.1284,1.470806,5.406282,15.2193,,
2026-09-04T10:53:43.161,673,ACQUIRE_VERIFY,ACQUIRE_VERIFY,1801,2,1788486823103.481,66.577,timestamp_domain.system_time,2361937.000,78.000,1,2361937.000,2361968.000,31.000,31.000,2361968.000,31.000,1,1,pnp_visible_ransac,9,3.948,-43.0470,1.536613,5.506837,15.5911,,
2026-09-04T10:53:43.235,674,ACQUIRE_VERIFY,ACQUIRE_VERIFY,1803,2,1788486823169.922,66.441,timestamp_domain.system_time,2362015.000,78.000,1,2362015.000,2362046.000,31.000,31.000,2362046.000,31.000,1,1,pnp_visible_ransac,9,3.741,-43.6771,1.545743,5.527899,15.6224,,
2026-09-04T10:53:43.321,675,ACQUIRE_VERIFY,ACQUIRE_VERIFY,1805,2,1788486823236.779,66.857,timestamp_domain.system_time,2362093.000,78.000,1,2362109.000,2362140.000,31.000,47.000,2362140.000,47.000,1,1,pnp_visible_ransac,9,3.519,-48.1238,1.581416,5.541051,15.9287,,
2026-09-04T10:53:43.404,676,ACQUIRE_VERIFY,ACQUIRE_VERIFY,1808,3,1788486823336.995,100.216,timestamp_domain.system_time,2362187.000,94.000,1,2362187.000,2362218.000,31.000,31.000,2362218.000,31.000,1,1,pnp_visible_ransac,9,4.114,-32.2599,1.409405,5.300297,14.8910,,
2026-09-04T10:53:43.488,677,ACQUIRE_VERIFY,ACQUIRE_VERIFY,1811,3,1788486823436.761,99.765,timestamp_domain.system_time,2362265.000,78.000,1,2362265.000,2362296.000,31.000,31.000,2362296.000,31.000,1,1,pnp_visible_ransac,9,4.276,-29.3296,1.367869,5.224832,14.6709,,
2026-09-04T10:53:43.568,678,ACQUIRE_VERIFY,ACQUIRE_VERIFY,1813,2,1788486823503.589,66.828,timestamp_domain.system_time,2362343.000,78.000,1,2362343.000,2362375.000,32.000,32.000,2362375.000,32.000,1,1,pnp_visible_ransac,9,4.425,-35.5561,1.442846,5.352148,15.0873,,
2026-09-04T10:53:43.647,679,ACQUIRE_VERIFY,ACQUIRE_VERIFY,1816,3,1788486823603.756,100.167,timestamp_domain.system_time,2362421.000,78.000,1,2362437.000,2362453.000,16.000,32.000,2362468.000,47.000,1,1,pnp_visible_ransac,9,3.629,-45.7627,1.563956,5.529566,15.7928,,
2026-09-04T10:53:43.721,680,ACQUIRE_VERIFY,ACQUIRE_VERIFY,1818,2,1788486823670.407,66.650,timestamp_domain.system_time,2362500.000,79.000,1,2362500.000,2362531.000,31.000,31.000,2362531.000,31.000,1,1,pnp_visible_ransac,9,3.765,-46.7118,1.569026,5.537890,15.8188,,
2026-09-04T10:53:43.797,681,ACQUIRE_VERIFY,ACQUIRE_VERIFY,1820,2,1788486823737.048,66.641,timestamp_domain.system_time,2362578.000,78.000,1,2362578.000,2362609.000,31.000,31.000,2362609.000,31.000,1,1,pnp_visible_ransac,9,4.050,-32.5307,1.413041,5.303779,14.9183,,
2026-09-04T10:53:43.888,682,ACQUIRE_VERIFY,ACQUIRE_VERIFY,1823,3,1788486823837.125,100.077,timestamp_domain.system_time,2362656.000,78.000,1,2362656.000,2362703.000,47.000,47.000,2362703.000,47.000,1,1,pnp_visible_ransac,9,3.783,-32.0213,1.413392,5.309193,14.9073,,
2026-09-04T10:53:43.964,683,ACQUIRE_VERIFY,ACQUIRE_VERIFY,1825,2,1788486823903.740,66.615,timestamp_domain.system_time,2362750.000,94.000,1,2362750.000,2362781.000,31.000,31.000,2362781.000,31.000,1,1,pnp_visible_ransac,9,4.026,-39.0142,1.491680,5.438882,15.3369,,
2026-09-04T10:53:44.051,684,ACQUIRE_VERIFY,ACQUIRE_VERIFY,1827,2,1788486823970.428,66.689,timestamp_domain.system_time,2362828.000,78.000,1,2362828.000,2362859.000,31.000,31.000,2362859.000,31.000,1,1,pnp_visible_ransac,9,4.084,-40.4939,1.507262,5.468710,15.4090,,
2026-09-04T10:53:44.134,685,ACQUIRE_VERIFY,ACQUIRE_VERIFY,1830,3,1788486824070.589,100.161,timestamp_domain.system_time,2362906.000,78.000,1,2362921.000,2362953.000,32.000,47.000,2362953.000,47.000,1,1,pnp_visible_ransac,9,3.750,-36.9011,1.475703,5.430458,15.2028,,
2026-09-04T10:53:44.217,686,ACQUIRE_VERIFY,ACQUIRE_VERIFY,1833,3,1788486824170.336,99.747,timestamp_domain.system_time,2362984.000,78.000,1,2362984.000,2363031.000,47.000,47.000,2363031.000,47.000,1,1,pnp_visible_ransac,9,4.159,-32.3392,1.411165,5.305087,14.8959,,
2026-09-04T10:53:44.292,687,ACQUIRE_VERIFY,ACQUIRE_VERIFY,1835,2,1788486824237.108,66.772,timestamp_domain.system_time,2363078.000,94.000,1,2363078.000,2363109.000,31.000,31.000,2363109.000,31.000,1,1,pnp_visible_ransac,9,3.809,-41.6793,1.523250,5.487873,15.5129,,
2026-09-04T10:53:44.408,688,ACQUIRE_VERIFY,ACQUIRE_VERIFY,1838,3,1788486824337.453,100.345,timestamp_domain.system_time,2363187.000,109.000,1,2363187.000,2363218.000,31.000,31.000,2363218.000,31.000,1,1,pnp_visible_ransac,9,3.743,-43.7164,1.544466,5.523129,15.6229,,
2026-09-04T10:53:44.491,689,ACQUIRE_VERIFY,ACQUIRE_VERIFY,1841,3,1788486824437.431,99.978,timestamp_domain.system_time,2363265.000,78.000,1,2363281.000,2363296.000,15.000,31.000,2363312.000,47.000,1,1,pnp_visible_ransac,9,3.685,-43.7867,1.546562,5.518223,15.6563,,
2026-09-04T10:53:44.565,690,ACQUIRE_VERIFY,ACQUIRE_VERIFY,1843,2,1788486824504.104,66.672,timestamp_domain.system_time,2363343.000,78.000,1,2363343.000,2363375.000,32.000,32.000,2363375.000,32.000,1,1,pnp_visible_ransac,9,3.980,-38.7533,1.492843,5.447550,15.3251,,
2026-09-04T10:53:44.634,691,ACQUIRE_VERIFY,ACQUIRE_VERIFY,1845,2,1788486824570.698,66.594,timestamp_domain.system_time,2363421.000,78.000,1,2363421.000,2363453.000,32.000,32.000,2363453.000,32.000,1,1,pnp_visible_ransac,9,4.257,-38.8300,1.485054,5.423386,15.3136,,
2026-09-04T10:53:44.710,692,ACQUIRE_VERIFY,ACQUIRE_VERIFY,1848,3,1788486824671.049,100.351,timestamp_domain.system_time,2363500.000,79.000,1,2363500.000,2363531.000,31.000,31.000,2363531.000,31.000,1,1,pnp_visible_ransac,9,4.493,-36.4303,1.452390,5.363087,15.1529,,
2026-09-04T10:53:44.787,693,ACQUIRE_VERIFY,ACQUIRE_VERIFY,1850,2,1788486824737.459,66.410,timestamp_domain.system_time,2363562.000,62.000,1,2363562.000,2363593.000,31.000,31.000,2363593.000,31.000,1,1,pnp_visible_ransac,9,3.702,-45.7099,1.562530,5.529186,15.7801,,
2026-09-04T10:53:44.861,694,ACQUIRE_VERIFY,ACQUIRE_VERIFY,1852,2,1788486824803.989,66.530,timestamp_domain.system_time,2363640.000,78.000,1,2363640.000,2363671.000,31.000,31.000,2363671.000,31.000,1,1,pnp_visible_ransac,9,3.824,-39.1987,1.500270,5.462791,15.3568,,
2026-09-04T10:53:44.934,695,ACQUIRE_VERIFY,ACQUIRE_VERIFY,1854,2,1788486824870.739,66.750,timestamp_domain.system_time,2363718.000,78.000,1,2363718.000,2363750.000,32.000,32.000,2363750.000,32.000,1,1,pnp_visible_ransac,9,4.078,-35.8289,1.456444,5.383695,15.1378,,
2026-09-04T10:53:45.012,696,ACQUIRE_VERIFY,ACQUIRE_VERIFY,1857,3,1788486824971.246,100.507,timestamp_domain.system_time,2363781.000,63.000,1,2363796.000,2363828.000,32.000,47.000,2363828.000,47.000,1,1,pnp_visible_ransac,9,3.677,-45.0002,1.558565,5.535193,15.7258,,
2026-09-04T10:53:45.086,697,ACQUIRE_VERIFY,ACQUIRE_VERIFY,1859,2,1788486825037.773,66.527,timestamp_domain.system_time,2363875.000,94.000,1,2363875.000,2363906.000,31.000,31.000,2363906.000,31.000,1,1,pnp_visible_ransac,9,4.246,-33.0798,1.417622,5.310133,14.9474,,
2026-09-04T10:53:45.158,698,ACQUIRE_VERIFY,ACQUIRE_VERIFY,1861,2,1788486825104.708,66.936,timestamp_domain.system_time,2363937.000,62.000,1,2363953.000,2363968.000,15.000,31.000,2363968.000,31.000,1,1,pnp_visible_ransac,9,4.087,-36.8664,1.466874,5.400454,15.1961,,
2026-09-04T10:53:45.238,699,ACQUIRE_VERIFY,ACQUIRE_VERIFY,1863,2,1788486825171.191,66.483,timestamp_domain.system_time,2364015.000,78.000,1,2364015.000,2364046.000,31.000,31.000,2364046.000,31.000,1,1,pnp_visible_ransac,9,3.599,-45.0476,1.558651,5.530378,15.7397,,
2026-09-04T10:53:45.312,700,ACQUIRE_VERIFY,ACQUIRE_VERIFY,1865,2,1788486825238.719,67.528,timestamp_domain.system_time,2364078.000,63.000,1,2364078.000,2364109.000,31.000,31.000,2364125.000,47.000,1,1,pnp_visible_ransac,9,3.522,-47.3198,1.576322,5.546627,15.8649,,
2026-09-04T10:53:45.450,701,ACQUIRE_VERIFY,ACQUIRE_VERIFY,1869,4,1788486825371.591,132.872,timestamp_domain.system_time,2364234.000,156.000,1,2364234.000,2364265.000,31.000,31.000,2364265.000,31.000,1,1,pnp_visible_ransac,9,3.216,-53.1685,1.614890,5.541033,16.2483,,
2026-09-04T10:53:45.512,702,ACQUIRE_VERIFY,ACQUIRE_VERIFY,1872,3,1788486825471.967,100.376,timestamp_domain.system_time,2364312.000,78.000,1,2364312.000,2364328.000,16.000,16.000,2364328.000,16.000,1,1,pnp_visible_ransac,9,3.932,-40.8882,1.513195,5.465112,15.4765,,
2026-09-04T10:53:45.591,703,ACQUIRE_VERIFY,ACQUIRE_VERIFY,1874,2,1788486825538.133,66.166,timestamp_domain.system_time,2364375.000,63.000,1,2364375.000,2364406.000,31.000,31.000,2364406.000,31.000,1,1,pnp_visible_ransac,9,3.992,-37.3647,1.476995,5.432451,15.2101,,
2026-09-04T10:53:45.666,704,ACQUIRE_VERIFY,ACQUIRE_VERIFY,1876,2,1788486825604.831,66.698,timestamp_domain.system_time,2364453.000,78.000,1,2364453.000,2364484.000,31.000,31.000,2364484.000,31.000,1,1,pnp_visible_ransac,9,3.170,-53.1701,1.614331,5.531750,16.2688,,
2026-09-04T10:53:45.742,705,ACQUIRE_VERIFY,ACQUIRE_VERIFY,1879,3,1788486825704.971,100.141,timestamp_domain.system_time,2364531.000,78.000,1,2364531.000,2364562.000,31.000,31.000,2364562.000,31.000,1,1,pnp_visible_ransac,9,3.506,-44.2463,1.553195,5.530487,15.6870,,
