t_iso,frame_i,fsm_state,align_sub,camera_frame_number,camera_frame_delta,camera_sensor_timestamp_ms,camera_sensor_interval_ms,camera_timestamp_domain,camera_input_host_mono_ms,camera_input_interval_ms,inference_ran,inference_start_host_mono_ms,inference_end_host_mono_ms,model_inference_ms,input_to_inference_end_ms,pose_result_host_mono_ms,input_to_pose_result_ms,model_det_ok,pnp_ok,pose_src,pose_n_used,pose_rms_px,yaw_deg,pos_x_m,pos_z_m,center_bearing_deg,raw_video_frame_index,source_raw_video_frame_index
2026-09-03T19:07:44.933,1,PRECHECK,PRECHECK,1,,1788430064245.666,,timestamp_domain.system_time,27197953.000,,1,27197953.000,27198593.000,640.000,640.000,27198593.000,640.000,0,0,,,,,,,,,
2026-09-03T19:07:45.040,2,SEARCH_SWEEP,SEARCH_SWEEP,23,22,1788430064979.988,734.323,timestamp_domain.system_time,27198687.000,734.000,1,27198687.000,27198703.000,16.000,16.000,27198703.000,16.000,1,1,pnp_visible_ransac,9,2.386,-4.7330,0.172777,3.162232,3.1274,,
2026-09-03T19:07:45.121,3,ACQUIRE_VERIFY,ACQUIRE_VERIFY,26,3,1788430065079.163,99.175,timestamp_domain.system_time,27198750.000,63.000,1,27198750.000,27198781.000,31.000,31.000,27198781.000,31.000,1,1,pnp_visible_ransac,9,1.588,-4.4352,0.164064,3.151959,2.9796,,
2026-09-03T19:07:45.196,4,ACQUIRE_VERIFY,ACQUIRE_VERIFY,28,2,1788430065145.819,66.656,timestamp_domain.system_time,27198828.000,78.000,1,27198828.000,27198859.000,31.000,31.000,27198859.000,31.000,1,1,pnp_visible_ransac,9,2.610,-4.6598,0.176280,3.164862,3.1880,,
2026-09-03T19:07:45.261,5,ACQUIRE_VERIFY,ACQUIRE_VERIFY,30,2,1788430065213.026,67.207,timestamp_domain.system_time,27198906.000,78.000,1,27198906.000,27198921.000,15.000,15.000,27198921.000,15.000,1,1,pnp_visible_ransac,9,1.993,-4.4570,0.171194,3.164176,3.0969,,
2026-09-03T19:07:45.330,6,ACQUIRE_VERIFY,ACQUIRE_VERIFY,32,2,1788430065279.432,66.405,timestamp_domain.system_time,27198968.000,62.000,1,27198968.000,27198984.000,16.000,16.000,27198984.000,16.000,1,1,pnp_visible_ransac,9,3.067,-4.8860,0.175289,3.157894,3.1771,,
2026-09-03T19:07:45.431,7,ACQUIRE_VERIFY,ACQUIRE_VERIFY,35,3,1788430065379.469,100.038,timestamp_domain.system_time,27199046.000,78.000,1,27199046.000,27199093.000,47.000,47.000,27199093.000,47.000,1,1,pnp_visible_ransac,9,1.805,-4.5805,0.169352,3.166664,3.0612,,
2026-09-03T19:07:45.525,8,ACQUIRE_VERIFY,ACQUIRE_VERIFY,38,3,1788430065479.367,99.898,timestamp_domain.system_time,27199156.000,110.000,1,27199156.000,27199187.000,31.000,31.000,27199187.000,31.000,1,1,pnp_visible_ransac,9,2.696,-4.2822,0.171509,3.129579,3.1368,,
2026-09-03T19:07:45.591,9,ACQUIRE_VERIFY,ACQUIRE_VERIFY,40,2,1788430065546.385,67.017,timestamp_domain.system_time,27199234.000,78.000,1,27199234.000,27199250.000,16.000,16.000,27199250.000,16.000,1,1,pnp_visible_ransac,9,2.372,-5.0607,0.172343,3.148014,3.1336,,
2026-09-03T19:07:45.645,10,ACQUIRE_VERIFY,ACQUIRE_VERIFY,42,2,1788430065613.044,66.659,timestamp_domain.system_time,27199296.000,62.000,1,27199296.000,27199296.000,0.000,0.000,27199296.000,0.000,1,1,pnp_visible_ransac,9,1.987,-4.1656,0.167942,3.140669,3.0609,,
2026-09-03T19:07:45.700,11,ACQUIRE_VERIFY,ACQUIRE_VERIFY,43,1,1788430065646.341,33.298,timestamp_domain.system_time,27199343.000,47.000,1,27199343.000,27199359.000,16.000,16.000,27199359.000,16.000,1,1,pnp_visible_ransac,9,2.169,-4.8805,0.171095,3.146231,3.1127,,
2026-09-03T19:07:45.757,12,ACQUIRE_VERIFY,ACQUIRE_VERIFY,45,2,1788430065712.989,66.647,timestamp_domain.system_time,27199406.000,63.000,1,27199406.000,27199421.000,15.000,15.000,27199421.000,15.000,1,1,pnp_visible_ransac,9,2.353,-4.0723,0.168285,3.133426,3.0742,,
2026-09-03T19:07:45.813,13,FACE_ROTATE,FACE_ROTATE,47,2,1788430065779.521,66.533,timestamp_domain.system_time,27199453.000,47.000,1,27199453.000,27199468.000,15.000,15.000,27199468.000,15.000,1,1,pnp_visible_ransac,9,1.828,-5.0433,0.169871,3.138712,3.0979,,
2026-09-03T19:07:45.867,14,FACE_ROTATE,FACE_ROTATE,49,2,1788430065846.486,66.965,timestamp_domain.system_time,27199515.000,62.000,1,27199515.000,27199531.000,16.000,16.000,27199531.000,16.000,1,1,pnp_visible_ransac,9,2.132,-4.6521,0.168268,3.131439,3.0758,,
2026-09-03T19:07:45.921,15,FACE_ROTATE,FACE_ROTATE,50,1,1788430065879.754,33.268,timestamp_domain.system_time,27199562.000,47.000,1,27199562.000,27199578.000,16.000,16.000,27199578.000,16.000,1,1,pnp_visible_ransac,9,1.833,-4.6141,0.165927,3.121571,3.0427,,
2026-09-03T19:07:45.978,16,FACE_ROTATE,FACE_ROTATE,52,2,1788430065947.331,67.577,timestamp_domain.system_time,27199625.000,63.000,1,27199625.000,27199640.000,15.000,15.000,27199640.000,15.000,1,1,pnp_visible_ransac,9,1.911,-4.3177,0.168275,3.138062,3.0695,,
2026-09-03T19:07:46.032,17,FACE_ROTATE,FACE_ROTATE,54,2,1788430066013.217,65.886,timestamp_domain.system_time,27199671.000,46.000,1,27199671.000,27199687.000,16.000,16.000,27199687.000,16.000,1,1,pnp_visible_ransac,9,1.840,-3.7333,0.161171,3.113551,2.9632,,
2026-09-03T19:07:46.085,18,FACE_ROTATE,FACE_ROTATE,55,1,1788430066046.555,33.338,timestamp_domain.system_time,27199734.000,63.000,1,27199734.000,27199750.000,16.000,16.000,27199750.000,16.000,1,1,pnp_visible_ransac,9,2.098,-3.9486,0.167896,3.107469,3.0927,,
2026-09-03T19:07:46.140,19,FACE_ROTATE,FACE_ROTATE,57,2,1788430066113.288,66.733,timestamp_domain.system_time,27199781.000,47.000,1,27199781.000,27199796.000,15.000,15.000,27199796.000,15.000,1,1,pnp_visible_ransac,9,1.878,-4.5793,0.168531,3.104725,3.1071,,
2026-09-03T19:07:46.192,20,FACE_ROTATE,FACE_ROTATE,58,1,1788430066146.662,33.374,timestamp_domain.system_time,27199843.000,62.000,1,27199843.000,27199843.000,0.000,0.000,27199843.000,0.000,1,1,pnp_visible_ransac,9,2.057,-5.0162,0.174665,3.127195,3.1968,,
2026-09-03T19:07:46.245,21,FACE_ROTATE,FACE_ROTATE,60,2,1788430066213.253,66.591,timestamp_domain.system_time,27199890.000,47.000,1,27199890.000,27199906.000,16.000,16.000,27199906.000,16.000,1,1,pnp_visible_ransac,9,1.662,-3.9686,0.159061,3.117072,2.9212,,
2026-09-03T19:07:46.297,22,FACE_ROTATE,FACE_ROTATE,61,1,1788430066246.799,33.546,timestamp_domain.system_time,27199937.000,47.000,1,27199937.000,27199953.000,16.000,16.000,27199953.000,16.000,1,1,pnp_visible_ransac,9,1.709,-3.7853,0.161957,3.121734,2.9699,,
2026-09-03T19:07:46.347,23,FACE_ROTATE,FACE_ROTATE,63,2,1788430066313.544,66.745,timestamp_domain.system_time,27200000.000,63.000,1,27200000.000,27200000.000,0.000,0.000,27200000.000,0.000,1,1,pnp_visible_ransac,9,1.603,-4.6644,0.168394,3.119831,3.0896,,
2026-09-03T19:07:46.400,24,FACE_ROTATE,FACE_ROTATE,65,2,1788430066380.357,66.813,timestamp_domain.system_time,27200046.000,46.000,1,27200046.000,27200062.000,16.000,16.000,27200062.000,16.000,1,1,pnp_visible_ransac,9,1.648,-4.7872,0.172865,3.134230,3.1569,,
2026-09-03T19:07:46.456,25,FACE_ROTATE,FACE_ROTATE,66,1,1788430066413.630,33.273,timestamp_domain.system_time,27200093.000,47.000,1,27200093.000,27200109.000,16.000,16.000,27200109.000,16.000,1,1,pnp_visible_ransac,9,1.392,-5.6099,0.174970,3.142069,3.1873,,
2026-09-03T19:07:46.510,26,FACE_ROTATE,FACE_ROTATE,68,2,1788430066480.277,66.647,timestamp_domain.system_time,27200156.000,63.000,1,27200156.000,27200171.000,15.000,15.000,27200171.000,15.000,1,1,pnp_visible_ransac,9,1.650,-3.7672,0.164886,3.125520,3.0198,,
2026-09-03T19:07:46.563,27,FACE_ROTATE,FACE_ROTATE,69,1,1788430066513.626,33.349,timestamp_domain.system_time,27200203.000,47.000,1,27200203.000,27200218.000,15.000,15.000,27200218.000,15.000,1,1,pnp_visible_ransac,9,1.540,-4.1351,0.164256,3.142880,2.9917,,
2026-09-03T19:07:46.620,28,FACE_ROTATE,FACE_ROTATE,71,2,1788430066580.256,66.630,timestamp_domain.system_time,27200265.000,62.000,1,27200265.000,27200281.000,16.000,16.000,27200281.000,16.000,1,1,pnp_visible_ransac,9,1.946,-4.2580,0.167482,3.124600,3.0682,,
2026-09-03T19:07:46.675,29,FACE_ROTATE,FACE_ROTATE,73,2,1788430066647.115,66.859,timestamp_domain.system_time,27200312.000,47.000,1,27200312.000,27200328.000,16.000,16.000,27200328.000,16.000,1,1,pnp_visible_ransac,9,1.529,-4.9320,0.173254,3.121043,3.1773,,
2026-09-03T19:07:46.740,30,FACE_ROTATE,FACE_ROTATE,75,2,1788430066713.804,66.689,timestamp_domain.system_time,27200375.000,63.000,1,27200375.000,27200390.000,15.000,15.000,27200406.000,31.000,1,1,pnp_visible_ransac,9,2.100,-4.7043,0.174560,3.129542,3.1925,,
2026-09-03T19:07:46.799,31,FACE_ROTATE,FACE_ROTATE,76,1,1788430066746.830,33.026,timestamp_domain.system_time,27200437.000,62.000,1,27200437.000,27200453.000,16.000,16.000,27200453.000,16.000,1,1,pnp_visible_ransac,9,1.239,-4.7102,0.162080,3.149601,2.9459,,
2026-09-03T19:07:46.858,32,FACE_ROTATE,FACE_ROTATE,78,2,1788430066813.850,67.021,timestamp_domain.system_time,27200500.000,63.000,1,27200500.000,27200515.000,15.000,15.000,27200515.000,15.000,1,1,pnp_visible_ransac,9,1.784,-4.5553,0.162740,3.100249,3.0049,,
2026-09-03T19:07:46.912,33,FACE_ROTATE,FACE_ROTATE,80,2,1788430066880.500,66.649,timestamp_domain.system_time,27200562.000,62.000,1,27200562.000,27200578.000,16.000,16.000,27200578.000,16.000,1,1,pnp_visible_ransac,9,1.699,-3.7587,0.156212,3.106061,2.8791,,
2026-09-03T19:07:46.966,34,FACE_ROTATE,FACE_ROTATE,81,1,1788430066914.835,34.336,timestamp_domain.system_time,27200609.000,47.000,1,27200609.000,27200625.000,16.000,16.000,27200625.000,16.000,1,1,pnp_visible_ransac,9,1.537,-3.9143,0.154792,3.127866,2.8331,,
2026-09-03T19:07:47.115,35,FACE_ROTATE,FACE_ROTATE,85,4,1788430067047.862,133.027,timestamp_domain.system_time,27200750.000,141.000,1,27200750.000,27200765.000,15.000,15.000,27200781.000,31.000,1,1,pnp_visible_ransac,9,1.488,-3.1793,0.145315,3.111979,2.6735,,
2026-09-03T19:07:47.176,36,FACE_SETTLE,FACE_SETTLE,88,3,1788430067147.409,99.546,timestamp_domain.system_time,27200812.000,62.000,1,27200812.000,27200828.000,16.000,16.000,27200828.000,16.000,1,1,pnp_visible_ransac,9,1.583,-4.7056,0.135359,3.124635,2.4805,0,0
2026-09-03T19:07:47.249,37,FACE_SETTLE,FACE_SETTLE,90,2,1788430067214.048,66.640,timestamp_domain.system_time,27200890.000,78.000,1,27200890.000,27200906.000,16.000,16.000,27200906.000,16.000,1,1,pnp_visible_ransac,9,1.487,-4.8707,0.115893,3.088917,2.1487,1,1
2026-09-03T19:07:47.333,38,FACE_SETTLE,FACE_SETTLE,92,2,1788430067281.026,66.978,timestamp_domain.system_time,27200968.000,78.000,1,27200984.000,27200984.000,0.000,16.000,27201000.000,32.000,1,1,pnp_visible_ransac,9,1.514,-5.7132,0.104502,3.098614,1.9316,2,2
2026-09-03T19:07:47.409,39,FACE_SETTLE,FACE_SETTLE,95,3,1788430067381.010,99.984,timestamp_domain.system_time,27201046.000,78.000,1,27201046.000,27201062.000,16.000,16.000,27201062.000,16.000,1,1,pnp_visible_ransac,9,1.803,-6.0914,0.064217,3.091782,1.1899,3,3
2026-09-03T19:07:47.480,40,FACE_SETTLE,FACE_SETTLE,97,2,1788430067447.631,66.621,timestamp_domain.system_time,27201125.000,79.000,1,27201125.000,27201140.000,15.000,15.000,27201140.000,15.000,1,1,pnp_visible_ransac,9,1.497,-6.5068,0.032064,3.104621,0.5917,4,4
2026-09-03T19:07:47.549,41,FACE_SETTLE,FACE_SETTLE,99,2,1788430067514.236,66.605,timestamp_domain.system_time,27201187.000,62.000,1,27201187.000,27201203.000,16.000,16.000,27201203.000,16.000,1,1,pnp_visible_ransac,9,1.495,-6.2229,0.023054,3.099684,0.4261,5,5
2026-09-03T19:07:47.614,42,FACE_SETTLE,FACE_SETTLE,101,2,1788430067581.095,66.859,timestamp_domain.system_time,27201250.000,63.000,1,27201265.000,27201265.000,0.000,15.000,27201281.000,31.000,1,1,pnp_visible_ransac,9,1.673,-6.8191,0.055379,3.072235,1.0327,6,6
2026-09-03T19:07:47.680,43,FACE_SETTLE,FACE_SETTLE,103,2,1788430067647.801,66.706,timestamp_domain.system_time,27201328.000,78.000,1,27201328.000,27201343.000,15.000,15.000,27201343.000,15.000,1,1,pnp_visible_ransac,9,1.746,-5.5407,0.073750,3.065944,1.3780,7,7
2026-09-03T19:07:47.752,44,FACE_SETTLE,FACE_SETTLE,105,2,1788430067714.624,66.823,timestamp_domain.system_time,27201390.000,62.000,1,27201390.000,27201406.000,16.000,16.000,27201406.000,16.000,1,1,pnp_visible_ransac,9,1.763,-5.1206,0.089180,3.050141,1.6747,8,8
2026-09-03T19:07:47.830,45,FACE_SETTLE,FACE_SETTLE,107,2,1788430067781.066,66.442,timestamp_domain.system_time,27201468.000,78.000,1,27201468.000,27201484.000,16.000,16.000,27201484.000,16.000,1,1,pnp_visible_ransac,9,1.584,-6.0106,0.088360,3.081204,1.6426,9,9
2026-09-03T19:07:47.905,46,FACE_SETTLE,FACE_SETTLE,109,2,1788430067847.952,66.886,timestamp_domain.system_time,27201546.000,78.000,1,27201546.000,27201562.000,16.000,16.000,27201562.000,16.000,1,1,pnp_visible_ransac,9,1.730,-6.5312,0.068377,3.078273,1.2725,10,10
2026-09-03T19:07:47.977,47,FACE_SETTLE,FACE_SETTLE,112,3,1788430067948.004,100.052,timestamp_domain.system_time,27201625.000,79.000,1,27201625.000,27201640.000,15.000,15.000,27201640.000,15.000,1,1,pnp_visible_ransac,9,1.603,-6.2768,0.059319,3.055263,1.1123,11,11
2026-09-03T19:07:48.115,48,FACE_SETTLE,FACE_SETTLE,113,1,1788430067981.632,33.628,timestamp_domain.system_time,27201750.000,125.000,1,27201765.000,27201781.000,16.000,31.000,27201781.000,31.000,1,1,pnp_visible_ransac,9,1.725,-6.2160,0.062751,3.079320,1.1674,12,12
2026-09-03T19:07:48.182,49,FACE_SETTLE,FACE_SETTLE,118,5,1788430068147.969,166.337,timestamp_domain.system_time,27201828.000,78.000,1,27201828.000,27201843.000,15.000,15.000,27201843.000,15.000,1,1,pnp_visible_ransac,9,1.919,-6.0702,0.064249,3.057475,1.2038,13,13
2026-09-03T19:07:48.248,50,FACE_SETTLE,FACE_SETTLE,120,2,1788430068214.892,66.923,timestamp_domain.system_time,27201890.000,62.000,1,27201890.000,27201906.000,16.000,16.000,27201906.000,16.000,1,1,pnp_visible_ransac,9,1.891,-6.4737,0.065191,3.054662,1.2226,14,14
2026-09-03T19:07:48.310,51,FACE_SETTLE,FACE_SETTLE,122,2,1788430068281.564,66.672,timestamp_domain.system_time,27201953.000,63.000,1,27201953.000,27201968.000,15.000,15.000,27201968.000,15.000,1,1,pnp_visible_ransac,9,1.813,-5.9382,0.063373,3.070125,1.1825,15,15
2026-09-03T19:07:48.374,52,FACE_SETTLE,FACE_SETTLE,124,2,1788430068348.153,66.589,timestamp_domain.system_time,27202015.000,62.000,1,27202015.000,27202031.000,16.000,16.000,27202031.000,16.000,1,1,pnp_visible_ransac,9,1.890,-5.8832,0.064940,3.063936,1.2142,16,16
2026-09-03T19:07:48.440,53,FACE_SETTLE,FACE_SETTLE,126,2,1788430068414.781,66.629,timestamp_domain.system_time,27202078.000,63.000,1,27202093.000,27202093.000,0.000,15.000,27202093.000,15.000,1,1,pnp_visible_ransac,9,1.653,-5.8148,0.061983,3.072109,1.1558,17,17
2026-09-03T19:07:48.506,54,FACE_SETTLE,FACE_SETTLE,128,2,1788430068481.485,66.704,timestamp_domain.system_time,27202140.000,62.000,1,27202156.000,27202171.000,15.000,31.000,27202171.000,31.000,1,1,pnp_visible_ransac,9,1.804,-6.5385,0.067034,3.064287,1.2532,18,18
2026-09-03T19:07:48.572,55,FACE_SETTLE,FACE_SETTLE,130,2,1788430068548.352,66.866,timestamp_domain.system_time,27202218.000,78.000,1,27202218.000,27202234.000,16.000,16.000,27202234.000,16.000,1,1,pnp_visible_ransac,9,1.768,-5.9184,0.063661,3.062919,1.1907,19,19
2026-09-03T19:07:48.640,56,FACE_SETTLE,FACE_SETTLE,132,2,1788430068614.986,66.635,timestamp_domain.system_time,27202281.000,63.000,1,27202281.000,27202296.000,15.000,15.000,27202296.000,15.000,1,1,pnp_visible_ransac,9,1.781,-6.1595,0.064955,3.068052,1.2128,20,20
2026-09-03T19:07:48.705,57,FACE_SETTLE,FACE_SETTLE,134,2,1788430068681.969,66.983,timestamp_domain.system_time,27202343.000,62.000,1,27202343.000,27202359.000,16.000,16.000,27202359.000,16.000,1,1,pnp_visible_ransac,9,1.944,-6.4870,0.066458,3.059929,1.2442,21,21
2026-09-03T19:07:48.773,58,FACE_SETTLE,FACE_SETTLE,136,2,1788430068748.300,66.331,timestamp_domain.system_time,27202421.000,78.000,1,27202421.000,27202437.000,16.000,16.000,27202437.000,16.000,1,1,pnp_visible_ransac,9,1.612,-6.8754,0.065981,3.064389,1.2335,22,22
2026-09-03T19:07:48.843,59,FACE_SETTLE,FACE_SETTLE,138,2,1788430068815.221,66.921,timestamp_domain.system_time,27202484.000,63.000,1,27202484.000,27202500.000,16.000,16.000,27202500.000,16.000,1,1,pnp_visible_ransac,9,1.683,-5.6810,0.058766,3.060456,1.1000,23,23
2026-09-03T19:07:48.910,60,FACE_SETTLE,FACE_SETTLE,140,2,1788430068881.777,66.556,timestamp_domain.system_time,27202546.000,62.000,1,27202562.000,27202562.000,0.000,16.000,27202562.000,16.000,1,1,pnp_visible_ransac,9,1.749,-6.3109,0.063309,3.073709,1.1799,24,24
2026-09-03T19:07:48.977,61,FACE_SETTLE,FACE_SETTLE,142,2,1788430068948.592,66.815,timestamp_domain.system_time,27202625.000,79.000,1,27202625.000,27202640.000,15.000,15.000,27202640.000,15.000,1,1,pnp_visible_ransac,9,1.739,-5.7856,0.060301,3.057528,1.1298,25,25
2026-09-03T19:07:49.127,62,FACE_SETTLE,FACE_SETTLE,145,3,1788430069049.347,100.755,timestamp_domain.system_time,27202750.000,125.000,1,27202765.000,27202781.000,16.000,31.000,27202781.000,31.000,1,1,pnp_visible_ransac,9,1.692,-5.7763,0.057489,3.068225,1.0734,26,26
2026-09-03T19:07:49.195,63,FACE_SETTLE,FACE_SETTLE,148,3,1788430069148.725,99.378,timestamp_domain.system_time,27202843.000,93.000,1,27202843.000,27202859.000,16.000,16.000,27202859.000,16.000,1,1,pnp_visible_ransac,9,1.683,-6.2516,0.059654,3.064369,1.1152,27,27
2026-09-03T19:07:49.260,64,FACE_SETTLE,FACE_SETTLE,150,2,1788430069215.603,66.878,timestamp_domain.system_time,27202906.000,63.000,1,27202906.000,27202921.000,15.000,15.000,27202921.000,15.000,1,1,pnp_visible_ransac,9,1.756,-5.9788,0.065237,3.076246,1.2149,28,28
2026-09-03T19:07:49.324,65,FACE_SETTLE,FACE_SETTLE,152,2,1788430069282.199,66.596,timestamp_domain.system_time,27202968.000,62.000,1,27202968.000,27202984.000,16.000,16.000,27202984.000,16.000,1,1,pnp_visible_ransac,9,1.752,-6.4769,0.066294,3.062341,1.2401,29,29
2026-09-03T19:07:49.393,66,FACE_SETTLE,FACE_SETTLE,154,2,1788430069349.002,66.803,timestamp_domain.system_time,27203031.000,63.000,1,27203046.000,27203046.000,0.000,15.000,27203046.000,15.000,1,1,pnp_visible_ransac,9,1.773,-5.7867,0.057091,3.068176,1.0660,30,30
2026-09-03T19:07:49.458,67,FACE_SETTLE,FACE_SETTLE,156,2,1788430069415.502,66.500,timestamp_domain.system_time,27203093.000,62.000,1,27203109.000,27203109.000,0.000,16.000,27203109.000,16.000,1,1,pnp_visible_ransac,9,1.656,-6.0375,0.065374,3.075278,1.2178,31,31
2026-09-03T19:07:49.522,68,FACE_SETTLE,FACE_SETTLE,158,2,1788430069482.129,66.627,timestamp_domain.system_time,27203171.000,78.000,1,27203171.000,27203187.000,16.000,16.000,27203187.000,16.000,1,1,pnp_visible_ransac,9,1.878,-6.0300,0.064869,3.067545,1.2114,32,32
2026-09-03T19:07:49.588,69,FACE_SETTLE,FACE_SETTLE,160,2,1788430069548.827,66.698,timestamp_domain.system_time,27203234.000,63.000,1,27203234.000,27203250.000,16.000,16.000,27203250.000,16.000,1,1,pnp_visible_ransac,9,1.691,-6.9081,0.065892,3.084975,1.2236,33,33
2026-09-03T19:07:49.653,70,FACE_SETTLE,FACE_SETTLE,162,2,1788430069615.787,66.960,timestamp_domain.system_time,27203296.000,62.000,1,27203296.000,27203312.000,16.000,16.000,27203312.000,16.000,1,1,pnp_visible_ransac,9,1.650,-6.4507,0.064299,3.080855,1.1956,34,34
2026-09-03T19:07:49.715,71,FACE_SETTLE,FACE_SETTLE,164,2,1788430069682.688,66.902,timestamp_domain.system_time,27203359.000,63.000,1,27203359.000,27203375.000,16.000,16.000,27203375.000,16.000,1,1,pnp_visible_ransac,9,1.749,-5.6503,0.059747,3.086308,1.1090,35,35
2026-09-03T19:07:49.777,72,FACE_SETTLE,FACE_SETTLE,166,2,1788430069748.910,66.221,timestamp_domain.system_time,27203421.000,62.000,1,27203421.000,27203437.000,16.000,16.000,27203437.000,16.000,1,1,pnp_visible_ransac,9,1.587,-6.6609,0.062517,3.083311,1.1616,36,36
2026-09-03T19:07:49.842,73,STANDOFF_VERIFY,STANDOFF_VERIFY,168,2,1788430069815.894,66.984,timestamp_domain.system_time,27203484.000,63.000,1,27203484.000,27203500.000,16.000,16.000,27203500.000,16.000,1,1,pnp_visible_ransac,9,1.657,-6.5429,0.065404,3.083580,1.2151,37,37
2026-09-03T19:07:49.909,74,STANDOFF_VERIFY,STANDOFF_VERIFY,170,2,1788430069882.707,66.813,timestamp_domain.system_time,27203546.000,62.000,1,27203546.000,27203562.000,16.000,16.000,27203562.000,16.000,1,1,pnp_visible_ransac,9,1.784,-7.1072,0.067158,3.074428,1.2514,38,38
2026-09-03T19:07:49.972,75,STANDOFF_VERIFY,STANDOFF_VERIFY,172,2,1788430069950.071,67.364,timestamp_domain.system_time,27203609.000,63.000,1,27203625.000,27203625.000,0.000,16.000,27203625.000,16.000,1,1,pnp_visible_ransac,9,1.658,-5.8536,0.062919,3.073077,1.1729,39,39
2026-09-03T19:07:50.133,76,STANDOFF_VERIFY,STANDOFF_VERIFY,175,3,1788430070050.676,100.605,timestamp_domain.system_time,27203750.000,141.000,1,27203765.000,27203796.000,31.000,46.000,27203796.000,46.000,1,1,pnp_visible_ransac,9,1.946,-6.3787,0.064863,3.054214,1.2166,40,40
2026-09-03T19:07:50.198,77,STANDOFF_VERIFY,STANDOFF_VERIFY,178,3,1788430070149.626,98.950,timestamp_domain.system_time,27203843.000,93.000,1,27203843.000,27203859.000,16.000,16.000,27203859.000,16.000,1,1,pnp_visible_ransac,9,1.690,-5.9157,0.061679,3.056590,1.1560,41,41
2026-09-03T19:07:50.261,78,STANDOFF_VERIFY,STANDOFF_VERIFY,180,2,1788430070216.330,66.704,timestamp_domain.system_time,27203906.000,63.000,1,27203906.000,27203921.000,15.000,15.000,27203921.000,15.000,1,1,pnp_visible_ransac,9,1.684,-6.1105,0.060028,3.059235,1.1241,42,42
2026-09-03T19:07:50.325,79,STANDOFF_VERIFY,STANDOFF_VERIFY,182,2,1788430070282.763,66.433,timestamp_domain.system_time,27203968.000,62.000,1,27203968.000,27203984.000,16.000,16.000,27203984.000,16.000,1,1,pnp_visible_ransac,9,1.622,-6.0870,0.062337,3.067507,1.1642,43,43
2026-09-03T19:07:50.389,80,STANDOFF_VERIFY,STANDOFF_VERIFY,184,2,1788430070349.701,66.938,timestamp_domain.system_time,27204031.000,63.000,1,27204031.000,27204046.000,15.000,15.000,27204046.000,15.000,1,1,pnp_visible_ransac,9,1.662,-6.6252,0.063890,3.075684,1.1900,44,44
2026-09-03T19:07:50.455,81,STANDOFF_VERIFY,STANDOFF_VERIFY,186,2,1788430070416.367,66.666,timestamp_domain.system_time,27204093.000,62.000,1,27204093.000,27204109.000,16.000,16.000,27204109.000,16.000,1,1,pnp_visible_ransac,9,1.683,-6.5632,0.063644,3.080979,1.1834,45,45
2026-09-03T19:07:50.518,82,STANDOFF_VERIFY,STANDOFF_VERIFY,188,2,1788430070483.043,66.676,timestamp_domain.system_time,27204156.000,63.000,1,27204171.000,27204171.000,0.000,15.000,27204171.000,15.000,1,1,pnp_visible_ransac,9,2.007,-6.3845,0.067266,3.058800,1.2598,46,46
2026-09-03T19:07:50.581,83,STAGING_PLAN,STAGING_PLAN,190,2,1788430070549.895,66.852,timestamp_domain.system_time,27204218.000,62.000,1,27204218.000,27204234.000,16.000,16.000,27204234.000,16.000,1,1,pnp_visible_ransac,9,1.774,-6.0876,0.063178,3.079568,1.1753,47,47
2026-09-03T19:07:50.644,84,STAGING_PLAN,STAGING_PLAN,192,2,1788430070616.479,66.584,timestamp_domain.system_time,27204281.000,63.000,1,27204296.000,27204296.000,0.000,15.000,27204296.000,15.000,1,1,pnp_visible_ransac,9,1.931,-6.1349,0.066388,3.058069,1.2437,48,48
2026-09-03T19:07:50.710,85,STAGING_PLAN,STAGING_PLAN,194,2,1788430070683.333,66.854,timestamp_domain.system_time,27204359.000,78.000,1,27204359.000,27204375.000,16.000,16.000,27204375.000,16.000,1,1,pnp_visible_ransac,9,1.726,-5.4928,0.058875,3.066127,1.1000,49,49
2026-09-03T19:07:50.777,86,STAGING_PLAN,STAGING_PLAN,196,2,1788430070749.758,66.425,timestamp_domain.system_time,27204421.000,62.000,1,27204421.000,27204437.000,16.000,16.000,27204437.000,16.000,1,1,pnp_visible_ransac,9,1.617,-6.8161,0.063737,3.081798,1.1848,50,50
2026-09-03T19:07:50.841,87,STAGING_PLAN,STAGING_PLAN,198,2,1788430070816.558,66.800,timestamp_domain.system_time,27204484.000,63.000,1,27204484.000,27204500.000,16.000,16.000,27204500.000,16.000,1,1,pnp_visible_ransac,9,1.718,-6.2627,0.066429,3.081416,1.2350,51,51
2026-09-03T19:07:50.906,88,STAGING_PLAN,STAGING_PLAN,200,2,1788430070883.445,66.887,timestamp_domain.system_time,27204546.000,62.000,1,27204546.000,27204562.000,16.000,16.000,27204562.000,16.000,1,1,pnp_visible_ransac,9,1.718,-6.3388,0.067036,3.066816,1.2522,52,52
2026-09-03T19:07:50.970,89,STAGING_PLAN,STAGING_PLAN,201,1,1788430070916.644,33.199,timestamp_domain.system_time,27204609.000,63.000,1,27204609.000,27204625.000,16.000,16.000,27204625.000,16.000,1,1,pnp_visible_ransac,9,1.816,-6.1306,0.065813,3.068911,1.2285,53,53
2026-09-03T19:07:51.036,90,STAGING_PLAN,STAGING_PLAN,203,2,1788430070983.750,67.106,timestamp_domain.system_time,27204671.000,62.000,1,27204687.000,27204687.000,0.000,16.000,27204703.000,32.000,1,1,pnp_visible_ransac,9,1.767,-5.7829,0.058581,3.059070,1.0971,54,54
2026-09-03T19:07:51.146,91,STAGING_PLAN,STAGING_PLAN,204,1,1788430071016.815,33.065,timestamp_domain.system_time,27204781.000,110.000,1,27204796.000,27204812.000,16.000,31.000,27204812.000,31.000,1,1,pnp_visible_ransac,9,1.807,-5.9767,0.063731,3.069493,1.1894,55,55
2026-09-03T19:07:51.211,92,STAGING_PLAN,STAGING_PLAN,209,5,1788430071183.585,166.769,timestamp_domain.system_time,27204859.000,78.000,1,27204859.000,27204875.000,16.000,16.000,27204875.000,16.000,1,1,pnp_visible_ransac,9,1.783,-6.3371,0.061583,3.064363,1.1513,56,56
2026-09-03T19:07:51.276,93,WAYPOINT_TURN,WAYPOINT_TURN,211,2,1788430071250.394,66.810,timestamp_domain.system_time,27204921.000,62.000,1,27204921.000,27204937.000,16.000,16.000,27204937.000,16.000,1,1,pnp_visible_ransac,9,1.741,-6.3754,0.063082,3.072451,1.1762,57,57
2026-09-03T19:07:51.343,94,WAYPOINT_TURN,WAYPOINT_TURN,213,2,1788430071316.768,66.374,timestamp_domain.system_time,27204984.000,63.000,1,27204984.000,27205000.000,16.000,16.000,27205000.000,16.000,1,1,pnp_visible_ransac,9,1.566,-6.9924,0.065610,3.067057,1.2255,58,58
2026-09-03T19:07:51.411,95,WAYPOINT_TURN,WAYPOINT_TURN,215,2,1788430071383.684,66.916,timestamp_domain.system_time,27205046.000,62.000,1,27205062.000,27205062.000,0.000,16.000,27205062.000,16.000,1,1,pnp_visible_ransac,9,1.824,-6.7527,0.061844,3.082090,1.1495,59,59
2026-09-03T19:07:51.475,96,WAYPOINT_TURN,WAYPOINT_TURN,217,2,1788430071450.342,66.657,timestamp_domain.system_time,27205125.000,79.000,1,27205125.000,27205140.000,15.000,15.000,27205140.000,15.000,1,1,pnp_visible_ransac,9,1.715,-7.0591,0.066797,3.069536,1.2466,60,60
2026-09-03T19:07:51.542,97,WAYPOINT_TURN,WAYPOINT_TURN,219,2,1788430071517.190,66.848,timestamp_domain.system_time,27205187.000,62.000,1,27205187.000,27205203.000,16.000,16.000,27205203.000,16.000,1,1,pnp_visible_ransac,9,1.669,-6.7026,0.065750,3.074395,1.2252,61,61
2026-09-03T19:07:51.609,98,WAYPOINT_TURN,WAYPOINT_TURN,221,2,1788430071583.914,66.725,timestamp_domain.system_time,27205250.000,63.000,1,27205250.000,27205265.000,15.000,15.000,27205265.000,15.000,1,1,pnp_visible_ransac,9,1.642,-6.9103,0.066661,3.081640,1.2392,62,62
2026-09-03T19:07:51.677,99,WAYPOINT_TURN,WAYPOINT_TURN,223,2,1788430071650.275,66.361,timestamp_domain.system_time,27205312.000,62.000,1,27205328.000,27205328.000,0.000,16.000,27205343.000,31.000,1,1,pnp_visible_ransac,9,1.715,-5.7560,0.066855,3.069516,1.2477,63,63
2026-09-03T19:07:51.744,100,WAYPOINT_TURN,WAYPOINT_TURN,225,2,1788430071717.145,66.870,timestamp_domain.system_time,27205390.000,78.000,1,27205390.000,27205406.000,16.000,16.000,27205406.000,16.000,1,1,pnp_visible_ransac,9,1.908,-6.5191,0.068124,3.055302,1.2773,64,64
2026-09-03T19:07:51.809,101,WAYPOINT_TURN,WAYPOINT_TURN,227,2,1788430071783.772,66.628,timestamp_domain.system_time,27205453.000,63.000,1,27205453.000,27205468.000,15.000,15.000,27205468.000,15.000,1,1,pnp_visible_ransac,9,1.997,-5.9741,0.065477,3.067106,1.2230,65,65
2026-09-03T19:07:51.878,102,WAYPOINT_TURN,WAYPOINT_TURN,229,2,1788430071850.654,66.881,timestamp_domain.system_time,27205515.000,62.000,1,27205531.000,27205531.000,0.000,16.000,27205531.000,16.000,1,1,pnp_visible_ransac,9,1.662,-6.1696,0.062578,3.086287,1.1616,66,66
2026-09-03T19:07:51.949,103,WAYPOINT_TURN,WAYPOINT_TURN,231,2,1788430071917.427,66.773,timestamp_domain.system_time,27205593.000,78.000,1,27205593.000,27205609.000,16.000,16.000,27205609.000,16.000,1,1,pnp_visible_ransac,9,1.742,-6.0132,0.063029,3.069168,1.1765,67,67
2026-09-03T19:07:52.019,104,WAYPOINT_TURN,WAYPOINT_TURN,233,2,1788430071984.187,66.760,timestamp_domain.system_time,27205656.000,63.000,1,27205671.000,27205671.000,0.000,15.000,27205671.000,15.000,1,1,pnp_visible_ransac,9,1.694,-5.7715,0.061816,3.068540,1.1541,68,68
2026-09-03T19:07:52.142,105,WAYPOINT_TURN,WAYPOINT_TURN,236,3,1788430072084.062,99.875,timestamp_domain.system_time,27205781.000,125.000,1,27205781.000,27205796.000,15.000,15.000,27205796.000,15.000,1,1,pnp_visible_ransac,9,1.715,-6.0808,0.066151,3.062755,1.2373,69,69
2026-09-03T19:07:52.208,106,WAYPOINT_TURN,WAYPOINT_TURN,239,3,1788430072184.328,100.266,timestamp_domain.system_time,27205843.000,62.000,1,27205859.000,27205875.000,16.000,32.000,27205875.000,32.000,1,1,pnp_visible_ransac,9,1.756,-5.9509,0.059603,3.068438,1.1128,70,70
2026-09-03T19:07:52.274,107,WAYPOINT_TURN,WAYPOINT_TURN,241,2,1788430072250.858,66.531,timestamp_domain.system_time,27205921.000,78.000,1,27205921.000,27205937.000,16.000,16.000,27205937.000,16.000,1,1,pnp_visible_ransac,9,1.630,-6.2001,0.061057,3.083427,1.1344,71,71
2026-09-03T19:07:52.340,108,WAYPOINT_TURN,WAYPOINT_TURN,243,2,1788430072317.696,66.838,timestamp_domain.system_time,27205984.000,63.000,1,27205984.000,27206000.000,16.000,16.000,27206000.000,16.000,1,1,pnp_visible_ransac,9,1.596,-6.8656,0.061659,3.068854,1.1510,72,72
2026-09-03T19:07:52.409,109,WAYPOINT_TURN,WAYPOINT_TURN,245,2,1788430072384.461,66.765,timestamp_domain.system_time,27206046.000,62.000,1,27206062.000,27206062.000,0.000,16.000,27206062.000,16.000,1,1,pnp_visible_ransac,9,1.652,-6.8902,0.056004,3.094874,1.0367,73,73
2026-09-03T19:07:52.477,110,WAYPOINT_TURN,WAYPOINT_TURN,247,2,1788430072451.085,66.624,timestamp_domain.system_time,27206125.000,79.000,1,27206125.000,27206140.000,15.000,15.000,27206140.000,15.000,1,1,pnp_visible_ransac,9,1.730,-6.3721,0.044879,3.070977,0.8373,74,74
2026-09-03T19:07:52.546,111,WAYPOINT_TURN,WAYPOINT_TURN,249,2,1788430072517.879,66.794,timestamp_domain.system_time,27206187.000,62.000,1,27206187.000,27206203.000,16.000,16.000,27206203.000,16.000,1,1,pnp_visible_ransac,9,1.899,-7.1371,0.040847,3.092645,0.7567,75,75
2026-09-03T19:07:52.614,112,WAYPOINT_TURN,WAYPOINT_TURN,251,2,1788430072584.407,66.529,timestamp_domain.system_time,27206250.000,63.000,1,27206265.000,27206265.000,0.000,15.000,27206265.000,15.000,1,1,pnp_visible_ransac,9,1.545,-5.6516,0.025702,3.060263,0.4812,76,76
2026-09-03T19:07:52.682,113,WAYPOINT_TURN,WAYPOINT_TURN,253,2,1788430072651.212,66.805,timestamp_domain.system_time,27206328.000,78.000,1,27206328.000,27206343.000,15.000,15.000,27206343.000,15.000,1,1,pnp_visible_ransac,9,1.755,-6.1921,0.018014,3.098398,0.3331,77,77
2026-09-03T19:07:52.757,114,WAYPOINT_TURN,WAYPOINT_TURN,255,2,1788430072717.978,66.765,timestamp_domain.system_time,27206390.000,62.000,1,27206406.000,27206421.000,15.000,31.000,27206421.000,31.000,1,1,pnp_visible_ransac,9,1.498,-6.8508,0.007996,3.097581,0.1479,78,78
2026-09-03T19:07:52.825,115,WAYPOINT_TURN,WAYPOINT_TURN,257,2,1788430072784.499,66.521,timestamp_domain.system_time,27206468.000,78.000,1,27206468.000,27206484.000,16.000,16.000,27206484.000,16.000,1,1,pnp_visible_ransac,9,1.488,-7.3963,-0.011980,3.111238,-0.2206,79,79
2026-09-03T19:07:52.891,116,WAYPOINT_TURN,WAYPOINT_TURN,259,2,1788430072851.322,66.823,timestamp_domain.system_time,27206531.000,63.000,1,27206531.000,27206546.000,15.000,15.000,27206546.000,15.000,1,1,pnp_visible_ransac,9,1.837,-6.5287,-0.049248,3.143438,-0.8976,80,80
2026-09-03T19:07:52.958,117,WAYPOINT_TURN,WAYPOINT_TURN,261,2,1788430072918.066,66.743,timestamp_domain.system_time,27206593.000,62.000,1,27206609.000,27206609.000,0.000,16.000,27206625.000,32.000,1,1,pnp_visible_ransac,9,1.640,-8.4899,-0.075957,3.114932,-1.3969,81,81
2026-09-03T19:07:53.027,118,WAYPOINT_TURN,WAYPOINT_TURN,263,2,1788430072984.843,66.777,timestamp_domain.system_time,27206671.000,78.000,1,27206671.000,27206687.000,16.000,16.000,27206687.000,16.000,1,1,pnp_visible_ransac,9,1.498,-7.9611,-0.146919,3.123601,-2.6929,82,82
2026-09-03T19:07:53.156,119,WAYPOINT_TURN,WAYPOINT_TURN,266,3,1788430073084.724,99.881,timestamp_domain.system_time,27206781.000,110.000,1,27206796.000,27206812.000,16.000,31.000,27206812.000,31.000,1,1,pnp_visible_ransac,9,1.718,-9.9290,-0.258630,3.103176,-4.7642,83,83
2026-09-03T19:07:53.222,120,WAYPOINT_TURN,WAYPOINT_TURN,269,3,1788430073184.840,100.116,timestamp_domain.system_time,27206859.000,78.000,1,27206875.000,27206875.000,0.000,16.000,27206875.000,16.000,1,1,pnp_visible_ransac,9,1.648,-12.6757,-0.400479,3.100157,-7.3607,84,84
2026-09-03T19:07:53.290,121,WAYPOINT_TURN_SETTLE,WAYPOINT_TURN_SETTLE,271,2,1788430073251.642,66.802,timestamp_domain.system_time,27206937.000,78.000,1,27206937.000,27206953.000,16.000,16.000,27206953.000,16.000,1,1,pnp_visible_ransac,9,1.528,-13.0790,-0.446806,3.057348,-8.3144,85,85
2026-09-03T19:07:53.355,122,WAYPOINT_TURN_SETTLE,WAYPOINT_TURN_SETTLE,273,2,1788430073318.336,66.694,timestamp_domain.system_time,27207000.000,63.000,1,27207000.000,27207015.000,15.000,15.000,27207015.000,15.000,1,1,pnp_visible_ransac,9,1.514,-14.3079,-0.481698,3.066738,-8.9266,86,86
2026-09-03T19:07:53.421,123,WAYPOINT_TURN_SETTLE,WAYPOINT_TURN_SETTLE,275,2,1788430073385.005,66.669,timestamp_domain.system_time,27207062.000,62.000,1,27207062.000,27207078.000,16.000,16.000,27207078.000,16.000,1,1,pnp_visible_ransac,9,1.514,-13.8639,-0.552066,3.151006,-9.9375,87,87
2026-09-03T19:07:53.485,124,WAYPOINT_TURN_SETTLE,WAYPOINT_TURN_SETTLE,277,2,1788430073451.831,66.826,timestamp_domain.system_time,27207125.000,63.000,1,27207125.000,27207140.000,15.000,15.000,27207140.000,15.000,1,1,pnp_visible_ransac,9,2.315,-12.5121,-0.693819,3.290186,-11.9078,88,88
2026-09-03T19:07:53.550,125,WAYPOINT_TURN_SETTLE,WAYPOINT_TURN_SETTLE,279,2,1788430073518.424,66.593,timestamp_domain.system_time,27207187.000,62.000,1,27207203.000,27207203.000,0.000,16.000,27207203.000,16.000,1,1,pnp_visible_ransac,9,1.819,-14.5761,-0.721973,3.146975,-12.9211,89,89
2026-09-03T19:07:53.615,126,WAYPOINT_TURN_SETTLE,WAYPOINT_TURN_SETTLE,281,2,1788430073585.163,66.740,timestamp_domain.system_time,27207250.000,63.000,1,27207265.000,27207281.000,16.000,31.000,27207281.000,31.000,1,1,pnp_visible_ransac,9,1.620,-16.5957,-0.747230,3.095842,-13.5697,90,90
2026-09-03T19:07:53.685,127,WAYPOINT_TURN_SETTLE,WAYPOINT_TURN_SETTLE,283,2,1788430073651.793,66.630,timestamp_domain.system_time,27207328.000,78.000,1,27207328.000,27207343.000,15.000,15.000,27207343.000,15.000,1,1,pnp_visible_ransac,9,1.983,-15.4367,-0.756767,3.098085,-13.7268,91,91
2026-09-03T19:07:53.764,128,WAYPOINT_TURN_SETTLE,WAYPOINT_TURN_SETTLE,285,2,1788430073718.913,67.120,timestamp_domain.system_time,27207406.000,78.000,1,27207406.000,27207421.000,15.000,15.000,27207421.000,15.000,1,1,pnp_visible_ransac,9,1.803,-14.8685,-0.721765,3.125231,-13.0043,92,92
2026-09-03T19:07:53.848,129,WAYPOINT_TURN_SETTLE,WAYPOINT_TURN_SETTLE,287,2,1788430073785.119,66.206,timestamp_domain.system_time,27207484.000,78.000,1,27207484.000,27207500.000,16.000,16.000,27207515.000,31.000,1,1,pnp_visible_ransac,9,1.917,-15.0077,-0.678887,3.129769,-12.2386,93,93
2026-09-03T19:07:53.930,130,WAYPOINT_TURN_SETTLE,WAYPOINT_TURN_SETTLE,290,3,1788430073885.389,100.270,timestamp_domain.system_time,27207562.000,78.000,1,27207578.000,27207593.000,15.000,31.000,27207593.000,31.000,1,1,pnp_visible_ransac,9,1.732,-14.3622,-0.690622,3.155808,-12.3441,94,94
2026-09-03T19:07:54.008,131,WAYPOINT_TURN_SETTLE,WAYPOINT_TURN_SETTLE,292,2,1788430073952.365,66.977,timestamp_domain.system_time,27207640.000,78.000,1,27207656.000,27207671.000,15.000,31.000,27207671.000,31.000,1,1,pnp_visible_ransac,9,1.486,-15.2018,-0.725109,3.161077,-12.9194,95,95
2026-09-03T19:07:54.086,132,WAYPOINT_TURN_SETTLE,WAYPOINT_TURN_SETTLE,293,1,1788430073985.969,33.603,timestamp_domain.system_time,27207718.000,78.000,1,27207734.000,27207750.000,16.000,32.000,27207750.000,32.000,1,1,pnp_visible_ransac,9,1.665,-15.4810,-0.720655,3.141660,-12.9194,96,96
2026-09-03T19:07:54.164,133,WAYPOINT_TURN_SETTLE,WAYPOINT_TURN_SETTLE,297,4,1788430074118.920,132.951,timestamp_domain.system_time,27207796.000,78.000,1,27207812.000,27207828.000,16.000,32.000,27207828.000,32.000,1,1,pnp_visible_ransac,9,1.802,-15.3330,-0.715721,3.150577,-12.7987,97,97
2026-09-03T19:07:54.243,134,WAYPOINT_TURN_SETTLE,WAYPOINT_TURN_SETTLE,299,2,1788430074185.931,67.012,timestamp_domain.system_time,27207875.000,79.000,1,27207890.000,27207906.000,16.000,31.000,27207906.000,31.000,1,1,pnp_visible_ransac,9,1.640,-15.0117,-0.717731,3.145774,-12.8524,98,98
2026-09-03T19:07:54.324,135,WAYPOINT_TURN_SETTLE,WAYPOINT_TURN_SETTLE,302,3,1788430074285.837,99.906,timestamp_domain.system_time,27207953.000,78.000,1,27207968.000,27207984.000,16.000,31.000,27207984.000,31.000,1,1,pnp_visible_ransac,9,1.624,-14.6925,-0.721256,3.149613,-12.8983,99,99
2026-09-03T19:07:54.403,136,WAYPOINT_TURN_SETTLE,WAYPOINT_TURN_SETTLE,304,2,1788430074352.564,66.727,timestamp_domain.system_time,27208046.000,93.000,1,27208046.000,27208062.000,16.000,16.000,27208062.000,16.000,1,1,pnp_visible_ransac,9,2.125,-15.3612,-0.721918,3.152248,-12.8992,100,100
2026-09-03T19:07:54.481,137,WAYPOINT_TURN_SETTLE,WAYPOINT_TURN_SETTLE,307,3,1788430074452.642,100.078,timestamp_domain.system_time,27208125.000,79.000,1,27208125.000,27208140.000,15.000,15.000,27208140.000,15.000,1,1,pnp_visible_ransac,9,2.058,-15.4551,-0.716631,3.131274,-12.8908,101,101
2026-09-03T19:07:54.558,138,WAYPOINT_TURN_SETTLE,WAYPOINT_TURN_SETTLE,309,2,1788430074519.358,66.716,timestamp_domain.system_time,27208203.000,78.000,1,27208203.000,27208218.000,15.000,15.000,27208218.000,15.000,1,1,pnp_visible_ransac,9,1.600,-15.0030,-0.721034,3.146936,-12.9050,102,102
2026-09-03T19:07:54.638,139,WAYPOINT_TURN_SETTLE,WAYPOINT_TURN_SETTLE,311,2,1788430074586.142,66.784,timestamp_domain.system_time,27208281.000,78.000,1,27208281.000,27208296.000,15.000,15.000,27208296.000,15.000,1,1,pnp_visible_ransac,9,1.749,-14.6601,-0.724779,3.149287,-12.9604,103,103
2026-09-03T19:07:54.734,140,WAYPOINT_TURN_SETTLE,WAYPOINT_TURN_SETTLE,314,3,1788430074686.104,99.961,timestamp_domain.system_time,27208359.000,78.000,1,27208359.000,27208390.000,31.000,31.000,27208390.000,31.000,1,1,pnp_visible_ransac,9,1.650,-14.9962,-0.721729,3.136464,-12.9587,104,104
2026-09-03T19:07:54.811,141,WAYPOINT_TURN_SETTLE,WAYPOINT_TURN_SETTLE,316,2,1788430074752.840,66.736,timestamp_domain.system_time,27208453.000,94.000,1,27208453.000,27208468.000,15.000,15.000,27208468.000,15.000,1,1,pnp_visible_ransac,9,1.831,-15.0193,-0.719497,3.138456,-12.9120,105,105
2026-09-03T19:07:54.888,142,WAYPOINT_TURN_SETTLE,WAYPOINT_TURN_SETTLE,319,3,1788430074852.798,99.958,timestamp_domain.system_time,27208531.000,78.000,1,27208531.000,27208546.000,15.000,15.000,27208546.000,15.000,1,1,pnp_visible_ransac,9,1.821,-14.4014,-0.723547,3.144263,-12.9591,106,106
2026-09-03T19:07:54.966,143,WAYPOINT_TURN_SETTLE,WAYPOINT_TURN_SETTLE,321,2,1788430074919.550,66.752,timestamp_domain.system_time,27208609.000,78.000,1,27208609.000,27208625.000,16.000,16.000,27208625.000,16.000,1,1,pnp_visible_ransac,9,1.630,-15.2408,-0.726825,3.160443,-12.9514,107,107
2026-09-03T19:07:55.044,144,WAYPOINT_TURN_SETTLE,WAYPOINT_TURN_SETTLE,323,2,1788430074987.226,67.676,timestamp_domain.system_time,27208687.000,78.000,1,27208687.000,27208703.000,16.000,16.000,27208703.000,16.000,1,1,pnp_visible_ransac,9,1.833,-15.2374,-0.722576,3.141150,-12.9547,108,108
2026-09-03T19:07:55.128,145,WAYPOINT_TURN_SETTLE,WAYPOINT_TURN_SETTLE,324,1,1788430075020.007,32.781,timestamp_domain.system_time,27208765.000,78.000,1,27208765.000,27208781.000,16.000,16.000,27208781.000,16.000,1,1,pnp_visible_ransac,9,1.777,-15.4896,-0.714535,3.140551,-12.8177,109,109
2026-09-03T19:07:55.206,146,WAYPOINT_TURN_SETTLE,WAYPOINT_TURN_SETTLE,328,4,1788430075152.996,132.989,timestamp_domain.system_time,27208843.000,78.000,1,27208843.000,27208859.000,16.000,16.000,27208859.000,16.000,1,1,pnp_visible_ransac,9,1.855,-15.4644,-0.713349,3.141939,-12.7916,110,110
2026-09-03T19:07:55.287,147,WAYPOINT_TURN_SETTLE,WAYPOINT_TURN_SETTLE,331,3,1788430075253.025,100.029,timestamp_domain.system_time,27208921.000,78.000,1,27208921.000,27208937.000,16.000,16.000,27208953.000,32.000,1,1,pnp_visible_ransac,9,1.727,-15.2261,-0.716138,3.130901,-12.8838,111,111
2026-09-03T19:07:55.367,148,WAYPOINT_TURN_SETTLE,WAYPOINT_TURN_SETTLE,333,2,1788430075320.026,67.001,timestamp_domain.system_time,27209000.000,79.000,1,27209015.000,27209031.000,16.000,31.000,27209031.000,31.000,1,1,pnp_visible_ransac,9,1.463,-14.9787,-0.718967,3.148630,-12.8626,112,112
2026-09-03T19:07:55.446,149,WAYPOINT_TURN_SETTLE,WAYPOINT_TURN_SETTLE,335,2,1788430075386.577,66.552,timestamp_domain.system_time,27209078.000,78.000,1,27209093.000,27209109.000,16.000,31.000,27209109.000,31.000,1,1,pnp_visible_ransac,9,1.436,-15.4217,-0.722893,3.153017,-12.9131,113,113
2026-09-03T19:07:55.525,150,WAYPOINT_TURN_SETTLE,WAYPOINT_TURN_SETTLE,338,3,1788430075486.586,100.008,timestamp_domain.system_time,27209156.000,78.000,1,27209171.000,27209187.000,16.000,31.000,27209187.000,31.000,1,1,pnp_visible_ransac,9,1.529,-15.8391,-0.714286,3.140673,-12.8129,114,114
2026-09-03T19:07:55.606,151,WAYPOINT_TURN_SETTLE,WAYPOINT_TURN_SETTLE,340,2,1788430075553.355,66.770,timestamp_domain.system_time,27209250.000,94.000,1,27209250.000,27209265.000,15.000,15.000,27209265.000,15.000,1,1,pnp_visible_ransac,9,1.733,-15.4879,-0.723060,3.159530,-12.8902,115,115
2026-09-03T19:07:55.683,152,WAYPOINT_TURN_SETTLE,WAYPOINT_TURN_SETTLE,343,3,1788430075653.605,100.250,timestamp_domain.system_time,27209328.000,78.000,1,27209328.000,27209343.000,15.000,15.000,27209343.000,15.000,1,1,pnp_visible_ransac,9,1.819,-14.9119,-0.712472,3.127979,-12.8316,116,116
2026-09-03T19:07:55.761,153,WAYPOINT_TURN_SETTLE,WAYPOINT_TURN_SETTLE,345,2,1788430075720.183,66.577,timestamp_domain.system_time,27209406.000,78.000,1,27209406.000,27209421.000,15.000,15.000,27209421.000,15.000,1,1,pnp_visible_ransac,9,1.560,-15.1489,-0.720929,3.150636,-12.8885,117,117
2026-09-03T19:07:55.838,154,WAYPOINT_TURN_SETTLE,WAYPOINT_TURN_SETTLE,347,2,1788430075786.851,66.668,timestamp_domain.system_time,27209468.000,62.000,1,27209484.000,27209500.000,16.000,32.000,27209500.000,32.000,1,1,pnp_visible_ransac,9,1.763,-14.8657,-0.728394,3.179209,-12.9044,118,118
2026-09-03T19:07:55.914,155,WAYPOINT_TURN_SETTLE,WAYPOINT_TURN_SETTLE,350,3,1788430075886.914,100.062,timestamp_domain.system_time,27209546.000,78.000,1,27209562.000,27209578.000,16.000,32.000,27209578.000,32.000,1,1,pnp_visible_ransac,9,1.886,-14.9500,-0.720766,3.151610,-12.8819,119,119
2026-09-03T19:07:55.991,156,WAYPOINT_TURN_SETTLE,WAYPOINT_TURN_SETTLE,352,2,1788430075953.649,66.735,timestamp_domain.system_time,27209625.000,79.000,1,27209640.000,27209656.000,16.000,31.000,27209656.000,31.000,1,1,pnp_visible_ransac,9,1.695,-15.2541,-0.716217,3.133361,-12.8753,120,120
2026-09-03T19:07:56.070,157,WAYPOINT_TURN_SETTLE,WAYPOINT_TURN_SETTLE,354,2,1788430076020.232,66.583,timestamp_domain.system_time,27209703.000,78.000,1,27209718.000,27209734.000,16.000,31.000,27209734.000,31.000,1,1,pnp_visible_ransac,9,1.735,-14.9088,-0.724498,3.145152,-12.9720,121,121
2026-09-03T19:07:56.188,158,STAGING_PLAN,STAGING_PLAN,357,3,1788430076120.243,100.011,timestamp_domain.system_time,27209828.000,125.000,1,27209828.000,27209843.000,15.000,15.000,27209843.000,15.000,1,1,pnp_visible_ransac,9,1.764,-15.1361,-0.718904,3.142566,-12.8854,122,122
2026-09-03T19:07:56.265,159,STAGING_PLAN,STAGING_PLAN,360,3,1788430076220.482,100.240,timestamp_domain.system_time,27209906.000,78.000,1,27209906.000,27209921.000,15.000,15.000,27209921.000,15.000,1,1,pnp_visible_ransac,9,1.651,-14.6074,-0.726529,3.154102,-12.9715,123,123
2026-09-03T19:07:56.343,160,STAGING_PLAN,STAGING_PLAN,362,2,1788430076287.365,66.883,timestamp_domain.system_time,27209984.000,78.000,1,27209984.000,27210000.000,16.000,16.000,27210000.000,16.000,1,1,pnp_visible_ransac,9,1.648,-14.7788,-0.719080,3.139940,-12.8989,124,124
2026-09-03T19:07:56.421,161,STAGING_PLAN,STAGING_PLAN,365,3,1788430076387.292,99.927,timestamp_domain.system_time,27210062.000,78.000,1,27210062.000,27210078.000,16.000,16.000,27210078.000,16.000,1,1,pnp_visible_ransac,9,2.024,-15.3689,-0.714416,3.138377,-12.8242,125,125
2026-09-03T19:07:56.501,162,STAGING_PLAN,STAGING_PLAN,367,2,1788430076454.070,66.777,timestamp_domain.system_time,27210140.000,78.000,1,27210140.000,27210156.000,16.000,16.000,27210156.000,16.000,1,1,pnp_visible_ransac,9,1.698,-15.2966,-0.722172,3.155277,-12.8917,126,126
2026-09-03T19:07:56.580,163,STAGING_PLAN,STAGING_PLAN,369,2,1788430076520.728,66.659,timestamp_domain.system_time,27210218.000,78.000,1,27210218.000,27210234.000,16.000,16.000,27210234.000,16.000,1,1,pnp_visible_ransac,9,1.588,-15.5504,-0.720520,3.161848,-12.8373,127,127
2026-09-03T19:07:56.662,164,STAGING_PLAN,STAGING_PLAN,372,3,1788430076620.712,99.983,timestamp_domain.system_time,27210296.000,78.000,1,27210312.000,27210312.000,0.000,16.000,27210328.000,32.000,1,1,pnp_visible_ransac,9,1.911,-15.3581,-0.719790,3.140598,-12.9086,128,128
2026-09-03T19:07:56.747,165,STAGING_PLAN,STAGING_PLAN,375,3,1788430076721.087,100.375,timestamp_domain.system_time,27210390.000,94.000,1,27210390.000,27210406.000,16.000,16.000,27210406.000,16.000,1,1,pnp_visible_ransac,9,1.661,-16.1568,-0.714775,3.149625,-12.7861,129,129
2026-09-03T19:07:56.822,166,STAGING_PLAN,STAGING_PLAN,377,2,1788430076787.523,66.436,timestamp_domain.system_time,27210453.000,63.000,1,27210468.000,27210484.000,16.000,31.000,27210484.000,31.000,1,1,pnp_visible_ransac,9,1.854,-15.3943,-0.709849,3.114582,-12.8391,130,130
2026-09-03T19:07:56.903,167,STAGING_PLAN,STAGING_PLAN,379,2,1788430076854.320,66.797,timestamp_domain.system_time,27210546.000,93.000,1,27210546.000,27210562.000,16.000,16.000,27210562.000,16.000,1,1,pnp_visible_ransac,9,1.725,-15.5896,-0.721254,3.158549,-12.8629,131,131
2026-09-03T19:07:56.985,168,WAYPOINT_TURN,WAYPOINT_TURN,382,3,1788430076954.425,100.105,timestamp_domain.system_time,27210625.000,79.000,1,27210625.000,27210640.000,15.000,15.000,27210640.000,15.000,1,1,pnp_visible_ransac,9,1.506,-14.5506,-0.727114,3.165950,-12.9346,132,132
2026-09-03T19:07:57.065,169,WAYPOINT_TURN,WAYPOINT_TURN,384,2,1788430077021.336,66.910,timestamp_domain.system_time,27210703.000,78.000,1,27210703.000,27210718.000,15.000,15.000,27210718.000,15.000,1,1,pnp_visible_ransac,9,1.643,-15.5084,-0.722072,3.165860,-12.8483,133,133
2026-09-03T19:07:57.193,170,WAYPOINT_TURN,WAYPOINT_TURN,387,3,1788430077121.369,100.033,timestamp_domain.system_time,27210828.000,125.000,1,27210828.000,27210843.000,15.000,15.000,27210859.000,31.000,1,1,pnp_visible_ransac,9,1.527,-14.5136,-0.724509,3.149224,-12.9560,134,134
2026-09-03T19:07:57.282,171,WAYPOINT_TURN,WAYPOINT_TURN,391,4,1788430077254.543,133.174,timestamp_domain.system_time,27210921.000,93.000,1,27210921.000,27210937.000,16.000,16.000,27210937.000,16.000,1,1,pnp_visible_ransac,9,1.750,-15.3075,-0.709751,3.125113,-12.7955,135,135
2026-09-03T19:07:57.363,172,WAYPOINT_TURN,WAYPOINT_TURN,393,2,1788430077321.252,66.708,timestamp_domain.system_time,27211000.000,79.000,1,27211000.000,27211015.000,15.000,15.000,27211015.000,15.000,1,1,pnp_visible_ransac,9,1.571,-14.9330,-0.724344,3.160830,-12.9072,136,136
2026-09-03T19:07:57.443,173,WAYPOINT_TURN,WAYPOINT_TURN,395,2,1788430077388.092,66.841,timestamp_domain.system_time,27211078.000,78.000,1,27211093.000,27211109.000,16.000,31.000,27211109.000,31.000,1,1,pnp_visible_ransac,9,1.949,-15.1419,-0.722835,3.169671,-12.8465,137,137
2026-09-03T19:07:57.524,174,WAYPOINT_TURN,WAYPOINT_TURN,398,3,1788430077488.082,99.990,timestamp_domain.system_time,27211156.000,78.000,1,27211171.000,27211187.000,16.000,31.000,27211187.000,31.000,1,1,pnp_visible_ransac,9,1.797,-14.6672,-0.718143,3.141637,-12.8759,138,138
2026-09-03T19:07:57.603,175,WAYPOINT_TURN,WAYPOINT_TURN,400,2,1788430077554.935,66.854,timestamp_domain.system_time,27211234.000,78.000,1,27211250.000,27211265.000,15.000,31.000,27211265.000,31.000,1,1,pnp_visible_ransac,9,1.994,-15.0379,-0.717023,3.143410,-12.8495,139,139
2026-09-03T19:07:57.685,176,WAYPOINT_TURN,WAYPOINT_TURN,403,3,1788430077654.848,99.913,timestamp_domain.system_time,27211328.000,94.000,1,27211328.000,27211343.000,15.000,15.000,27211343.000,15.000,1,1,pnp_visible_ransac,9,2.063,-14.4810,-0.720935,3.156255,-12.8665,140,140
2026-09-03T19:07:57.784,177,WAYPOINT_TURN_SETTLE,WAYPOINT_TURN_SETTLE,406,3,1788430077754.869,100.021,timestamp_domain.system_time,27211421.000,93.000,1,27211421.000,27211437.000,16.000,16.000,27211437.000,16.000,1,1,pnp_visible_ransac,9,1.554,-15.1131,-0.724803,3.180217,-12.8390,141,141
2026-09-03T19:07:57.863,178,WAYPOINT_TURN_SETTLE,WAYPOINT_TURN_SETTLE,408,2,1788430077821.281,66.412,timestamp_domain.system_time,27211500.000,79.000,1,27211500.000,27211515.000,15.000,15.000,27211515.000,15.000,1,1,pnp_visible_ransac,9,1.954,-14.8763,-0.727304,3.169603,-12.9235,142,142
2026-09-03T19:07:57.941,179,WAYPOINT_TURN_SETTLE,WAYPOINT_TURN_SETTLE,410,2,1788430077888.323,67.041,timestamp_domain.system_time,27211578.000,78.000,1,27211578.000,27211593.000,15.000,15.000,27211593.000,15.000,1,1,pnp_visible_ransac,9,2.046,-14.9170,-0.724306,3.173943,-12.8550,143,143
2026-09-03T19:07:58.018,180,WAYPOINT_TURN_SETTLE,WAYPOINT_TURN_SETTLE,413,3,1788430077988.382,100.059,timestamp_domain.system_time,27211656.000,78.000,1,27211656.000,27211671.000,15.000,15.000,27211671.000,15.000,1,1,pnp_visible_ransac,9,1.847,-15.0779,-0.721086,3.156509,-12.8681,144,144
2026-09-03T19:07:58.098,181,WAYPOINT_TURN_SETTLE,WAYPOINT_TURN_SETTLE,414,1,1788430078021.769,33.388,timestamp_domain.system_time,27211734.000,78.000,1,27211734.000,27211750.000,16.000,16.000,27211750.000,16.000,1,1,pnp_visible_ransac,9,1.669,-14.8578,-0.724760,3.170118,-12.8778,145,145
2026-09-03T19:07:58.181,182,WAYPOINT_TURN_SETTLE,WAYPOINT_TURN_SETTLE,417,3,1788430078122.157,100.387,timestamp_domain.system_time,27211812.000,78.000,1,27211828.000,27211843.000,15.000,31.000,27211843.000,31.000,1,1,pnp_visible_ransac,9,1.826,-15.7026,-0.717360,3.151447,-12.8237,146,146
2026-09-03T19:07:58.259,183,WAYPOINT_TURN_SETTLE,WAYPOINT_TURN_SETTLE,420,3,1788430078222.051,99.895,timestamp_domain.system_time,27211890.000,78.000,1,27211906.000,27211921.000,15.000,31.000,27211921.000,31.000,1,1,pnp_visible_ransac,9,1.616,-15.2214,-0.719673,3.163343,-12.8169,147,147
2026-09-03T19:07:58.341,184,WAYPOINT_TURN_SETTLE,WAYPOINT_TURN_SETTLE,422,2,1788430078288.791,66.740,timestamp_domain.system_time,27211984.000,94.000,1,27211984.000,27212000.000,16.000,16.000,27212000.000,16.000,1,1,pnp_visible_ransac,9,1.700,-15.0737,-0.725904,3.177276,-12.8693,148,148
2026-09-03T19:07:58.421,185,WAYPOINT_TURN_SETTLE,WAYPOINT_TURN_SETTLE,425,3,1788430078388.399,99.608,timestamp_domain.system_time,27212062.000,78.000,1,27212062.000,27212078.000,16.000,16.000,27212078.000,16.000,1,1,pnp_visible_ransac,9,1.780,-14.8294,-0.726411,3.174574,-12.8886,149,149
2026-09-03T19:07:58.503,186,WAYPOINT_TURN_SETTLE,WAYPOINT_TURN_SETTLE,427,2,1788430078455.675,67.276,timestamp_domain.system_time,27212140.000,78.000,1,27212140.000,27212156.000,16.000,16.000,27212156.000,16.000,1,1,pnp_visible_ransac,9,1.884,-14.8244,-0.718427,3.153851,-12.8326,150,150
2026-09-03T19:07:58.581,187,WAYPOINT_TURN_SETTLE,WAYPOINT_TURN_SETTLE,430,3,1788430078555.437,99.762,timestamp_domain.system_time,27212218.000,78.000,1,27212218.000,27212234.000,16.000,16.000,27212234.000,16.000,1,1,pnp_visible_ransac,9,1.809,-15.1265,-0.720706,3.162207,-12.8391,151,151
2026-09-03T19:07:58.660,188,WAYPOINT_TURN_SETTLE,WAYPOINT_TURN_SETTLE,432,2,1788430078622.197,66.760,timestamp_domain.system_time,27212296.000,78.000,1,27212296.000,27212312.000,16.000,16.000,27212312.000,16.000,1,1,pnp_visible_ransac,9,1.579,-15.4059,-0.716883,3.159052,-12.7856,152,152
2026-09-03T19:07:58.760,189,WAYPOINT_TURN_SETTLE,WAYPOINT_TURN_SETTLE,435,3,1788430078722.697,100.500,timestamp_domain.system_time,27212390.000,94.000,1,27212406.000,27212421.000,15.000,31.000,27212421.000,31.000,1,1,pnp_visible_ransac,9,1.548,-15.7682,-0.726913,3.194229,-12.8205,153,153
2026-09-03T19:07:58.839,190,WAYPOINT_TURN_SETTLE,WAYPOINT_TURN_SETTLE,437,2,1788430078789.086,66.389,timestamp_domain.system_time,27212484.000,94.000,1,27212484.000,27212500.000,16.000,16.000,27212500.000,16.000,1,1,pnp_visible_ransac,9,1.576,-14.3152,-0.725274,3.171377,-12.8817,154,154
2026-09-03T19:07:58.919,191,WAYPOINT_TURN_SETTLE,WAYPOINT_TURN_SETTLE,440,3,1788430078888.971,99.885,timestamp_domain.system_time,27212562.000,78.000,1,27212562.000,27212578.000,16.000,16.000,27212578.000,16.000,1,1,pnp_visible_ransac,9,1.702,-15.1767,-0.720943,3.161816,-12.8447,155,155
2026-09-03T19:07:59.000,192,WAYPOINT_TURN_SETTLE,WAYPOINT_TURN_SETTLE,442,2,1788430078955.788,66.817,timestamp_domain.system_time,27212640.000,78.000,1,27212640.000,27212656.000,16.000,16.000,27212656.000,16.000,1,1,pnp_visible_ransac,9,1.643,-15.3751,-0.714597,3.150582,-12.7793,156,156
2026-09-03T19:07:59.081,193,WAYPOINT_TURN_SETTLE,WAYPOINT_TURN_SETTLE,444,2,1788430079023.316,67.528,timestamp_domain.system_time,27212718.000,78.000,1,27212718.000,27212734.000,16.000,16.000,27212734.000,16.000,1,1,pnp_visible_ransac,9,1.581,-15.4341,-0.725210,3.183727,-12.8323,157,157
2026-09-03T19:07:59.190,194,WAYPOINT_TURN_SETTLE,WAYPOINT_TURN_SETTLE,445,1,1788430079055.916,32.600,timestamp_domain.system_time,27212828.000,110.000,1,27212828.000,27212843.000,15.000,15.000,27212843.000,15.000,1,1,pnp_visible_ransac,9,1.705,-14.9113,-0.719949,3.159407,-12.8371,158,158
2026-09-03T19:07:59.282,195,WAYPOINT_TURN_SETTLE,WAYPOINT_TURN_SETTLE,450,5,1788430079222.836,166.920,timestamp_domain.system_time,27212921.000,93.000,1,27212921.000,27212937.000,16.000,16.000,27212937.000,16.000,1,1,pnp_visible_ransac,9,1.841,-15.1324,-0.715590,3.155499,-12.7772,159,159
2026-09-03T19:07:59.368,196,WAYPOINT_TURN_SETTLE,WAYPOINT_TURN_SETTLE,453,3,1788430079322.593,99.757,timestamp_domain.system_time,27213000.000,79.000,1,27213015.000,27213031.000,16.000,31.000,27213031.000,31.000,1,1,pnp_visible_ransac,9,1.815,-14.0915,-0.724958,3.161330,-12.9158,160,160
2026-09-03T19:07:59.446,197,WAYPOINT_TURN_SETTLE,WAYPOINT_TURN_SETTLE,455,2,1788430079389.331,66.738,timestamp_domain.system_time,27213078.000,78.000,1,27213093.000,27213109.000,16.000,31.000,27213109.000,31.000,1,1,pnp_visible_ransac,9,1.858,-15.5392,-0.718238,3.162503,-12.7954,161,161
2026-09-03T19:07:59.528,198,WAYPOINT_TURN_SETTLE,WAYPOINT_TURN_SETTLE,458,3,1788430079489.325,99.994,timestamp_domain.system_time,27213156.000,78.000,1,27213171.000,27213187.000,16.000,31.000,27213187.000,31.000,1,1,pnp_visible_ransac,9,1.606,-14.9559,-0.724534,3.172807,-12.8633,162,162
2026-09-03T19:07:59.606,199,WAYPOINT_TURN_SETTLE,WAYPOINT_TURN_SETTLE,460,2,1788430079556.159,66.834,timestamp_domain.system_time,27213250.000,94.000,1,27213250.000,27213265.000,15.000,15.000,27213265.000,15.000,1,1,pnp_visible_ransac,9,1.840,-15.4727,-0.711572,3.145489,-12.7469,163,163
2026-09-03T19:07:59.688,200,WAYPOINT_TURN_SETTLE,WAYPOINT_TURN_SETTLE,463,3,1788430079656.125,99.966,timestamp_domain.system_time,27213328.000,78.000,1,27213328.000,27213343.000,15.000,15.000,27213343.000,15.000,1,1,pnp_visible_ransac,9,1.977,-14.7951,-0.716443,3.147859,-12.8219,164,164
2026-09-03T19:07:59.784,201,WAYPOINT_TURN_SETTLE,WAYPOINT_TURN_SETTLE,466,3,1788430079756.362,100.237,timestamp_domain.system_time,27213421.000,93.000,1,27213421.000,27213437.000,16.000,16.000,27213437.000,16.000,1,1,pnp_visible_ransac,9,1.791,-15.8818,-0.714571,3.159388,-12.7444,165,165
2026-09-03T19:07:59.864,202,WAYPOINT_TURN_SETTLE,WAYPOINT_TURN_SETTLE,468,2,1788430079822.978,66.616,timestamp_domain.system_time,27213500.000,79.000,1,27213500.000,27213515.000,15.000,15.000,27213531.000,31.000,1,1,pnp_visible_ransac,9,1.482,-15.4957,-0.723466,3.182845,-12.8058,166,166
2026-09-03T19:07:59.941,203,WAYPOINT_TURN_SETTLE,WAYPOINT_TURN_SETTLE,470,2,1788430079889.673,66.695,timestamp_domain.system_time,27213578.000,78.000,1,27213578.000,27213593.000,15.000,15.000,27213593.000,15.000,1,1,pnp_visible_ransac,9,1.467,-14.9210,-0.725851,3.181915,-12.8503,167,167
2026-09-03T19:08:00.019,204,WAYPOINT_TURN_SETTLE,WAYPOINT_TURN_SETTLE,473,3,1788430079989.898,100.226,timestamp_domain.system_time,27213656.000,78.000,1,27213656.000,27213671.000,15.000,15.000,27213671.000,15.000,1,1,pnp_visible_ransac,9,1.702,-14.9864,-0.730480,3.188706,-12.9029,168,168
2026-09-03T19:08:00.102,205,WAYPOINT_TURN_SETTLE,WAYPOINT_TURN_SETTLE,474,1,1788430080023.990,34.092,timestamp_domain.system_time,27213734.000,78.000,1,27213750.000,27213765.000,15.000,31.000,27213765.000,31.000,1,1,pnp_visible_ransac,9,1.919,-14.7700,-0.722137,3.170132,-12.8327,169,169
2026-09-03T19:08:00.186,206,WAYPOINT_TURN_SETTLE,WAYPOINT_TURN_SETTLE,475,1,1788430080056.651,32.661,timestamp_domain.system_time,27213828.000,94.000,1,27213828.000,27213843.000,15.000,15.000,27213843.000,15.000,1,1,pnp_visible_ransac,9,1.779,-15.6773,-0.720834,3.177542,-12.7814,170,170
2026-09-03T19:08:00.266,207,WAYPOINT_TURN_SETTLE,WAYPOINT_TURN_SETTLE,480,5,1788430080223.474,166.823,timestamp_domain.system_time,27213906.000,78.000,1,27213906.000,27213921.000,15.000,15.000,27213921.000,15.000,1,1,pnp_visible_ransac,9,1.570,-15.5330,-0.717660,3.156592,-12.8086,171,171
2026-09-03T19:08:00.343,208,WAYPOINT_TURN_SETTLE,WAYPOINT_TURN_SETTLE,482,2,1788430080289.954,66.480,timestamp_domain.system_time,27213984.000,78.000,1,27213984.000,27214000.000,16.000,16.000,27214000.000,16.000,1,1,pnp_visible_ransac,9,1.633,-15.6030,-0.717091,3.161782,-12.7785,172,172
2026-09-03T19:08:00.420,209,WAYPOINT_TURN_SETTLE,WAYPOINT_TURN_SETTLE,485,3,1788430080389.998,100.044,timestamp_domain.system_time,27214062.000,78.000,1,27214062.000,27214078.000,16.000,16.000,27214078.000,16.000,1,1,pnp_visible_ransac,9,1.793,-15.6479,-0.715082,3.156412,-12.7648,173,173
2026-09-03T19:08:00.495,210,WAYPOINT_TURN_SETTLE,WAYPOINT_TURN_SETTLE,487,2,1788430080456.696,66.698,timestamp_domain.system_time,27214140.000,78.000,1,27214140.000,27214156.000,16.000,16.000,27214156.000,16.000,1,1,pnp_visible_ransac,9,1.620,-15.1345,-0.721108,3.171297,-12.8104,174,174
2026-09-03T19:08:00.575,211,STAGING_PLAN,STAGING_PLAN,489,2,1788430080523.240,66.544,timestamp_domain.system_time,27214218.000,78.000,1,27214218.000,27214234.000,16.000,16.000,27214234.000,16.000,1,1,pnp_visible_ransac,9,1.612,-14.4748,-0.728476,3.183108,-12.8905,175,175
2026-09-03T19:08:00.655,212,STAGING_PLAN,STAGING_PLAN,492,3,1788430080623.130,99.890,timestamp_domain.system_time,27214296.000,78.000,1,27214296.000,27214312.000,16.000,16.000,27214312.000,16.000,1,1,pnp_visible_ransac,9,1.645,-14.5769,-0.724356,3.162414,-12.9011,176,176
2026-09-03T19:08:00.754,213,STAGING_PLAN,STAGING_PLAN,494,2,1788430080690.412,67.282,timestamp_domain.system_time,27214390.000,94.000,1,27214390.000,27214406.000,16.000,16.000,27214406.000,16.000,1,1,pnp_visible_ransac,9,1.721,-14.3057,-0.721204,3.160939,-12.8527,177,177
2026-09-03T19:08:00.830,214,STAGING_PLAN,STAGING_PLAN,497,3,1788430080790.308,99.896,timestamp_domain.system_time,27214468.000,78.000,1,27214468.000,27214484.000,16.000,16.000,27214484.000,16.000,1,1,pnp_visible_ransac,9,1.915,-14.7069,-0.722780,3.173728,-12.8296,178,178
2026-09-03T19:08:00.908,215,STAGING_PLAN,STAGING_PLAN,499,2,1788430080857.022,66.714,timestamp_domain.system_time,27214546.000,78.000,1,27214546.000,27214562.000,16.000,16.000,27214562.000,16.000,1,1,pnp_visible_ransac,9,1.709,-14.5371,-0.727315,3.181792,-12.8758,179,179
2026-09-03T19:08:00.998,216,STAGING_PLAN,STAGING_PLAN,502,3,1788430080957.417,100.395,timestamp_domain.system_time,27214640.000,94.000,1,27214640.000,27214656.000,16.000,16.000,27214656.000,16.000,1,1,pnp_visible_ransac,9,1.793,-15.6311,-0.720748,3.167629,-12.8186,180,180
2026-09-03T19:08:01.082,217,STAGING_PLAN,STAGING_PLAN,504,2,1788430081024.424,67.006,timestamp_domain.system_time,27214718.000,78.000,1,27214718.000,27214734.000,16.000,16.000,27214734.000,16.000,1,1,pnp_visible_ransac,9,1.640,-15.3261,-0.723707,3.175581,-12.8383,181,181
2026-09-03T19:08:01.163,218,STAGING_PLAN,STAGING_PLAN,505,1,1788430081057.340,32.917,timestamp_domain.system_time,27214796.000,78.000,1,27214812.000,27214828.000,16.000,32.000,27214828.000,32.000,1,1,pnp_visible_ransac,9,1.961,-15.4162,-0.710958,3.139462,-12.7599,182,182
2026-09-03T19:08:01.247,219,STAGING_PLAN,STAGING_PLAN,509,4,1788430081190.739,133.399,timestamp_domain.system_time,27214875.000,79.000,1,27214890.000,27214906.000,16.000,31.000,27214906.000,31.000,1,1,pnp_visible_ransac,9,1.810,-14.7797,-0.720430,3.152842,-12.8712,183,183
2026-09-03T19:08:01.330,220,STAGING_PLAN,STAGING_PLAN,512,3,1788430081290.794,100.054,timestamp_domain.system_time,27214968.000,93.000,1,27214968.000,27214984.000,16.000,16.000,27214984.000,16.000,1,1,pnp_visible_ransac,9,1.923,-14.7693,-0.722073,3.166734,-12.8449,184,184
2026-09-03T19:08:01.413,221,WAYPOINT_TURN,WAYPOINT_TURN,514,2,1788430081357.505,66.711,timestamp_domain.system_time,27215046.000,78.000,1,27215062.000,27215062.000,0.000,16.000,27215078.000,32.000,1,1,pnp_visible_ransac,9,1.725,-14.6035,-0.731500,3.200421,-12.8746,185,185
2026-09-03T19:08:01.497,222,WAYPOINT_TURN,WAYPOINT_TURN,517,3,1788430081457.550,100.044,timestamp_domain.system_time,27215140.000,94.000,1,27215140.000,27215156.000,16.000,16.000,27215156.000,16.000,1,1,pnp_visible_ransac,9,1.402,-14.9521,-0.724082,3.181595,-12.8212,186,186
2026-09-03T19:08:01.579,223,WAYPOINT_TURN,WAYPOINT_TURN,519,2,1788430081524.143,66.594,timestamp_domain.system_time,27215218.000,78.000,1,27215218.000,27215234.000,16.000,16.000,27215234.000,16.000,1,1,pnp_visible_ransac,9,1.624,-15.0939,-0.718437,3.161021,-12.8047,187,187
2026-09-03T19:08:01.659,224,WAYPOINT_TURN,WAYPOINT_TURN,522,3,1788430081624.142,99.999,timestamp_domain.system_time,27215296.000,78.000,1,27215296.000,27215312.000,16.000,16.000,27215312.000,16.000,1,1,pnp_visible_ransac,9,1.915,-15.0266,-0.718245,3.152467,-12.8349,188,188
2026-09-03T19:08:01.762,225,WAYPOINT_TURN,WAYPOINT_TURN,525,3,1788430081724.866,100.724,timestamp_domain.system_time,27215406.000,110.000,1,27215406.000,27215421.000,15.000,15.000,27215421.000,15.000,1,1,pnp_visible_ransac,9,1.648,-15.3968,-0.721630,3.182236,-12.7768,189,189
2026-09-03T19:08:01.842,226,WAYPOINT_TURN,WAYPOINT_TURN,527,2,1788430081791.121,66.255,timestamp_domain.system_time,27215484.000,78.000,1,27215484.000,27215500.000,16.000,16.000,27215500.000,16.000,1,1,pnp_visible_ransac,9,1.971,-14.7994,-0.726641,3.162598,-12.9397,190,190
2026-09-03T19:08:01.920,227,WAYPOINT_TURN,WAYPOINT_TURN,530,3,1788430081891.020,99.898,timestamp_domain.system_time,27215562.000,78.000,1,27215562.000,27215578.000,16.000,16.000,27215578.000,16.000,1,1,pnp_visible_ransac,9,1.842,-15.3251,-0.724986,3.178326,-12.8495,191,191
2026-09-03T19:08:02.002,228,WAYPOINT_TURN,WAYPOINT_TURN,532,2,1788430081957.990,66.970,timestamp_domain.system_time,27215640.000,78.000,1,27215640.000,27215656.000,16.000,16.000,27215656.000,16.000,1,1,pnp_visible_ransac,9,1.771,-15.4651,-0.721681,3.164697,-12.8461,192,192
2026-09-03T19:08:02.083,229,WAYPOINT_TURN,WAYPOINT_TURN,534,2,1788430082024.558,66.568,timestamp_domain.system_time,27215718.000,78.000,1,27215718.000,27215734.000,16.000,16.000,27215750.000,32.000,1,1,pnp_visible_ransac,9,1.668,-15.0899,-0.727584,3.188662,-12.8536,193,193
2026-09-03T19:08:02.161,230,WAYPOINT_TURN,WAYPOINT_TURN,535,1,1788430082058.046,33.488,timestamp_domain.system_time,27215796.000,78.000,1,27215812.000,27215812.000,0.000,16.000,27215828.000,32.000,1,1,pnp_visible_ransac,9,1.944,-14.6596,-0.727501,3.169127,-12.9288,194,194
2026-09-03T19:08:02.239,231,WAYPOINT_TURN,WAYPOINT_TURN,539,4,1788430082191.386,133.340,timestamp_domain.system_time,27215875.000,79.000,1,27215875.000,27215890.000,15.000,15.000,27215890.000,15.000,1,1,pnp_visible_ransac,9,1.794,-14.9556,-0.732887,3.194936,-12.9196,195,195
2026-09-03T19:08:02.322,232,WAYPOINT_TURN,WAYPOINT_TURN,542,3,1788430082291.290,99.904,timestamp_domain.system_time,27215953.000,78.000,1,27215968.000,27215984.000,16.000,31.000,27215984.000,31.000,1,1,pnp_visible_ransac,9,1.824,-15.3578,-0.717526,3.165859,-12.7701,196,196
2026-09-03T19:08:02.401,233,WAYPOINT_TURN,WAYPOINT_TURN,544,2,1788430082358.203,66.913,timestamp_domain.system_time,27216046.000,93.000,1,27216046.000,27216062.000,16.000,16.000,27216062.000,16.000,1,1,pnp_visible_ransac,9,1.798,-14.8942,-0.723332,3.177170,-12.8257,197,197
2026-09-03T19:08:02.484,234,WAYPOINT_TURN,WAYPOINT_TURN,546,2,1788430082424.897,66.695,timestamp_domain.system_time,27216125.000,79.000,1,27216125.000,27216140.000,15.000,15.000,27216140.000,15.000,1,1,pnp_visible_ransac,9,1.682,-14.7497,-0.721792,3.180068,-12.7880,198,198
2026-09-03T19:08:02.564,235,WAYPOINT_TURN,WAYPOINT_TURN,549,3,1788430082524.936,100.038,timestamp_domain.system_time,27216203.000,78.000,1,27216203.000,27216218.000,15.000,15.000,27216218.000,15.000,1,1,pnp_visible_ransac,9,2.196,-14.5728,-0.731773,3.215209,-12.8220,199,199
2026-09-03T19:08:02.643,236,WAYPOINT_TURN,WAYPOINT_TURN,551,2,1788430082591.649,66.713,timestamp_domain.system_time,27216281.000,78.000,1,27216281.000,27216296.000,15.000,15.000,27216296.000,15.000,1,1,pnp_visible_ransac,9,1.719,-15.2247,-0.710377,3.183669,-12.5784,200,200
2026-09-03T19:08:02.726,237,WAYPOINT_TURN,WAYPOINT_TURN,554,3,1788430082691.671,100.022,timestamp_domain.system_time,27216359.000,78.000,1,27216359.000,27216390.000,31.000,31.000,27216390.000,31.000,1,1,pnp_visible_ransac,9,2.077,-15.0649,-0.713303,3.215358,-12.5081,201,201
2026-09-03T19:08:02.805,238,WAYPOINT_TURN,WAYPOINT_TURN,556,2,1788430082758.381,66.710,timestamp_domain.system_time,27216437.000,78.000,1,27216453.000,27216468.000,15.000,31.000,27216468.000,31.000,1,1,pnp_visible_ransac,9,1.972,-14.4342,-0.704579,3.225044,-12.3238,202,202
2026-09-03T19:08:02.889,239,WAYPOINT_TURN_SETTLE,WAYPOINT_TURN_SETTLE,559,3,1788430082858.476,100.095,timestamp_domain.system_time,27216531.000,94.000,1,27216531.000,27216546.000,15.000,15.000,27216546.000,15.000,1,1,pnp_visible_ransac,9,1.395,-13.9445,-0.638433,3.165597,-11.4024,203,203
2026-09-03T19:08:02.969,240,WAYPOINT_TURN_SETTLE,WAYPOINT_TURN_SETTLE,561,2,1788430082925.236,66.761,timestamp_domain.system_time,27216609.000,78.000,1,27216609.000,27216625.000,16.000,16.000,27216625.000,16.000,1,1,pnp_visible_ransac,9,1.518,-16.0436,-0.549016,3.036865,-10.2475,204,204
2026-09-03T19:08:03.051,241,WAYPOINT_TURN_SETTLE,WAYPOINT_TURN_SETTLE,563,2,1788430082991.870,66.634,timestamp_domain.system_time,27216687.000,78.000,1,27216687.000,27216703.000,16.000,16.000,27216718.000,31.000,1,1,pnp_visible_ransac,9,1.416,-14.7493,-0.516472,3.033586,-9.6620,205,205
2026-09-03T19:08:03.130,242,WAYPOINT_TURN_SETTLE,WAYPOINT_TURN_SETTLE,565,2,1788430083058.625,66.754,timestamp_domain.system_time,27216765.000,78.000,1,27216765.000,27216781.000,16.000,16.000,27216796.000,31.000,1,1,pnp_visible_ransac,9,1.447,-14.2877,-0.482213,3.050134,-8.9839,206,206
2026-09-03T19:08:03.217,243,WAYPOINT_TURN_SETTLE,WAYPOINT_TURN_SETTLE,568,3,1788430083158.769,100.144,timestamp_domain.system_time,27216859.000,94.000,1,27216859.000,27216875.000,16.000,16.000,27216875.000,16.000,1,1,pnp_visible_ransac,9,1.785,-13.3565,-0.456693,3.099721,-8.3813,207,207
2026-09-03T19:08:03.296,244,WAYPOINT_TURN_SETTLE,WAYPOINT_TURN_SETTLE,571,3,1788430083258.681,99.912,timestamp_domain.system_time,27216937.000,78.000,1,27216937.000,27216953.000,16.000,16.000,27216953.000,16.000,1,1,pnp_visible_ransac,9,1.515,-14.2788,-0.501548,3.051573,-9.3335,208,208
2026-09-03T19:08:03.379,245,WAYPOINT_TURN_SETTLE,WAYPOINT_TURN_SETTLE,573,2,1788430083325.476,66.795,timestamp_domain.system_time,27217015.000,78.000,1,27217015.000,27217031.000,16.000,16.000,27217031.000,16.000,1,1,pnp_visible_ransac,9,1.557,-14.3255,-0.515276,3.047641,-9.5965,209,209
2026-09-03T19:08:03.458,246,WAYPOINT_TURN_SETTLE,WAYPOINT_TURN_SETTLE,576,3,1788430083425.534,100.058,timestamp_domain.system_time,27217093.000,78.000,1,27217109.000,27217109.000,0.000,16.000,27217125.000,32.000,1,1,pnp_visible_ransac,9,1.594,-14.1418,-0.504869,3.040818,-9.4269,210,210
2026-09-03T19:08:03.537,247,WAYPOINT_TURN_SETTLE,WAYPOINT_TURN_SETTLE,578,2,1788430083492.286,66.752,timestamp_domain.system_time,27217171.000,78.000,1,27217187.000,27217203.000,16.000,32.000,27217203.000,32.000,1,1,pnp_visible_ransac,9,1.593,-14.8129,-0.504960,3.046612,-9.4109,211,211
2026-09-03T19:08:03.617,248,WAYPOINT_TURN_SETTLE,WAYPOINT_TURN_SETTLE,580,2,1788430083559.051,66.764,timestamp_domain.system_time,27217250.000,79.000,1,27217265.000,27217281.000,16.000,31.000,27217281.000,31.000,1,1,pnp_visible_ransac,9,1.535,-13.2284,-0.511916,3.049606,-9.5290,212,212
2026-09-03T19:08:03.703,249,WAYPOINT_TURN_SETTLE,WAYPOINT_TURN_SETTLE,583,3,1788430083659.394,100.343,timestamp_domain.system_time,27217343.000,93.000,1,27217343.000,27217359.000,16.000,16.000,27217359.000,16.000,1,1,pnp_visible_ransac,9,1.465,-14.1402,-0.507181,3.048045,-9.4472,213,213
2026-09-03T19:08:03.796,250,WAYPOINT_TURN_SETTLE,WAYPOINT_TURN_SETTLE,586,3,1788430083759.177,99.783,timestamp_domain.system_time,27217437.000,94.000,1,27217437.000,27217453.000,16.000,16.000,27217453.000,16.000,1,1,pnp_visible_ransac,9,1.584,-14.3794,-0.508163,3.045519,-9.4729,214,214
2026-09-03T19:08:03.876,251,WAYPOINT_TURN_SETTLE,WAYPOINT_TURN_SETTLE,588,2,1788430083825.832,66.655,timestamp_domain.system_time,27217515.000,78.000,1,27217515.000,27217531.000,16.000,16.000,27217531.000,16.000,1,1,pnp_visible_ransac,9,1.516,-15.0615,-0.508385,3.071013,-9.3997,215,215
2026-09-03T19:08:03.951,252,WAYPOINT_TURN_SETTLE,WAYPOINT_TURN_SETTLE,591,3,1788430083925.960,100.128,timestamp_domain.system_time,27217593.000,78.000,1,27217593.000,27217609.000,16.000,16.000,27217609.000,16.000,1,1,pnp_visible_ransac,9,1.536,-14.3719,-0.501150,3.033094,-9.3821,216,216
2026-09-03T19:08:04.034,253,WAYPOINT_TURN_SETTLE,WAYPOINT_TURN_SETTLE,593,2,1788430083992.492,66.532,timestamp_domain.system_time,27217671.000,78.000,1,27217671.000,27217687.000,16.000,16.000,27217687.000,16.000,1,1,pnp_visible_ransac,9,1.589,-14.7664,-0.500702,3.038219,-9.3583,217,217
2026-09-03T19:08:04.113,254,WAYPOINT_TURN_SETTLE,WAYPOINT_TURN_SETTLE,595,2,1788430084060.081,67.589,timestamp_domain.system_time,27217750.000,79.000,1,27217750.000,27217765.000,15.000,15.000,27217765.000,15.000,1,1,pnp_visible_ransac,9,1.714,-13.4316,-0.505918,3.022901,-9.5011,218,218
2026-09-03T19:08:04.229,255,WAYPOINT_TURN_SETTLE,WAYPOINT_TURN_SETTLE,598,3,1788430084159.720,99.640,timestamp_domain.system_time,27217859.000,109.000,1,27217859.000,27217890.000,31.000,31.000,27217890.000,31.000,1,1,pnp_visible_ransac,9,1.495,-14.8835,-0.502898,3.055345,-9.3469,219,219
2026-09-03T19:08:04.309,256,WAYPOINT_TURN_SETTLE,WAYPOINT_TURN_SETTLE,601,3,1788430084259.382,99.662,timestamp_domain.system_time,27217953.000,94.000,1,27217953.000,27217968.000,15.000,15.000,27217968.000,15.000,1,1,pnp_visible_ransac,9,1.506,-14.1726,-0.506048,3.043022,-9.4418,220,220
2026-09-03T19:08:04.391,257,WAYPOINT_TURN_SETTLE,WAYPOINT_TURN_SETTLE,604,3,1788430084359.498,100.115,timestamp_domain.system_time,27218031.000,78.000,1,27218031.000,27218046.000,15.000,15.000,27218046.000,15.000,1,1,pnp_visible_ransac,9,1.521,-14.4015,-0.505075,3.032915,-9.4548,221,221
2026-09-03T19:08:04.468,258,WAYPOINT_TURN_SETTLE,WAYPOINT_TURN_SETTLE,606,2,1788430084426.229,66.732,timestamp_domain.system_time,27218109.000,78.000,1,27218109.000,27218125.000,16.000,16.000,27218125.000,16.000,1,1,pnp_visible_ransac,9,1.484,-14.1326,-0.510381,3.054213,-9.4869,222,222
2026-09-03T19:08:04.545,259,WAYPOINT_TURN_SETTLE,WAYPOINT_TURN_SETTLE,608,2,1788430084492.908,66.678,timestamp_domain.system_time,27218187.000,78.000,1,27218187.000,27218203.000,16.000,16.000,27218203.000,16.000,1,1,pnp_visible_ransac,9,1.580,-14.3206,-0.500863,3.031317,-9.3822,223,223
2026-09-03T19:08:04.624,260,WAYPOINT_TURN_SETTLE,WAYPOINT_TURN_SETTLE,611,3,1788430084593.198,100.290,timestamp_domain.system_time,27218265.000,78.000,1,27218265.000,27218281.000,16.000,16.000,27218281.000,16.000,1,1,pnp_visible_ransac,9,1.665,-14.7988,-0.509778,3.057807,-9.4649,224,224
2026-09-03T19:08:04.704,261,WAYPOINT_TURN_SETTLE,WAYPOINT_TURN_SETTLE,613,2,1788430084659.616,66.418,timestamp_domain.system_time,27218343.000,78.000,1,27218343.000,27218359.000,16.000,16.000,27218359.000,16.000,1,1,pnp_visible_ransac,9,1.550,-14.8404,-0.512053,3.067000,-9.4784,225,225
2026-09-03T19:08:04.783,262,WAYPOINT_TURN_SETTLE,WAYPOINT_TURN_SETTLE,615,2,1788430084726.343,66.727,timestamp_domain.system_time,27218421.000,78.000,1,27218421.000,27218437.000,16.000,16.000,27218437.000,16.000,1,1,pnp_visible_ransac,9,1.571,-14.1277,-0.506833,3.045288,-9.4492,226,226
2026-09-03T19:08:04.861,263,WAYPOINT_TURN_SETTLE,WAYPOINT_TURN_SETTLE,618,3,1788430084826.502,100.159,timestamp_domain.system_time,27218500.000,79.000,1,27218500.000,27218515.000,15.000,15.000,27218515.000,15.000,1,1,pnp_visible_ransac,9,1.659,-13.3307,-0.505806,3.032505,-9.4695,227,227
2026-09-03T19:08:04.941,264,WAYPOINT_TURN_SETTLE,WAYPOINT_TURN_SETTLE,620,2,1788430084893.312,66.810,timestamp_domain.system_time,27218578.000,78.000,1,27218578.000,27218593.000,15.000,15.000,27218593.000,15.000,1,1,pnp_visible_ransac,9,1.396,-15.1851,-0.505132,3.058124,-9.3793,228,228
2026-09-03T19:08:05.025,265,WAYPOINT_TURN_SETTLE,WAYPOINT_TURN_SETTLE,623,3,1788430084993.116,99.804,timestamp_domain.system_time,27218671.000,93.000,1,27218671.000,27218687.000,16.000,16.000,27218687.000,16.000,1,1,pnp_visible_ransac,9,1.610,-14.0278,-0.507419,3.046341,-9.4567,229,229
2026-09-03T19:08:05.106,266,WAYPOINT_TURN_SETTLE,WAYPOINT_TURN_SETTLE,625,2,1788430085060.570,67.453,timestamp_domain.system_time,27218750.000,79.000,1,27218750.000,27218765.000,15.000,15.000,27218765.000,15.000,1,1,pnp_visible_ransac,9,1.492,-14.1636,-0.505026,3.047631,-9.4090,230,230
2026-09-03T19:08:05.184,267,WAYPOINT_TURN_SETTLE,WAYPOINT_TURN_SETTLE,626,1,1788430085093.567,32.998,timestamp_domain.system_time,27218828.000,78.000,1,27218828.000,27218843.000,15.000,15.000,27218843.000,15.000,1,1,pnp_visible_ransac,9,1.521,-13.9142,-0.508466,3.042735,-9.4869,231,231
2026-09-03T19:08:05.260,268,WAYPOINT_TURN_SETTLE,WAYPOINT_TURN_SETTLE,630,4,1788430085226.975,133.408,timestamp_domain.system_time,27218906.000,78.000,1,27218906.000,27218921.000,15.000,15.000,27218921.000,15.000,1,1,pnp_visible_ransac,9,1.514,-13.7450,-0.508556,3.041770,-9.4915,232,232
2026-09-03T19:08:05.338,269,WAYPOINT_TURN_SETTLE,WAYPOINT_TURN_SETTLE,632,2,1788430085293.521,66.546,timestamp_domain.system_time,27218968.000,62.000,1,27218984.000,27219000.000,16.000,32.000,27219000.000,32.000,1,1,pnp_visible_ransac,9,1.657,-15.0078,-0.507171,3.059689,-9.4117,233,233
2026-09-03T19:08:05.417,270,WAYPOINT_TURN_SETTLE,WAYPOINT_TURN_SETTLE,634,2,1788430085360.278,66.756,timestamp_domain.system_time,27219062.000,94.000,1,27219062.000,27219078.000,16.000,16.000,27219078.000,16.000,1,1,pnp_visible_ransac,9,1.567,-14.2976,-0.504270,3.047763,-9.3948,234,234
2026-09-03T19:08:05.506,271,WAYPOINT_TURN_SETTLE,WAYPOINT_TURN_SETTLE,637,3,1788430085460.410,100.132,timestamp_domain.system_time,27219140.000,78.000,1,27219140.000,27219171.000,31.000,31.000,27219171.000,31.000,1,1,pnp_visible_ransac,9,1.573,-14.0299,-0.501175,3.040283,-9.3607,235,235
2026-09-03T19:08:05.588,272,WAYPOINT_TURN_SETTLE,WAYPOINT_TURN_SETTLE,640,3,1788430085560.407,99.997,timestamp_domain.system_time,27219234.000,94.000,1,27219234.000,27219250.000,16.000,16.000,27219250.000,16.000,1,1,pnp_visible_ransac,9,1.526,-14.1588,-0.508861,3.060106,-9.4413,,
2026-09-03T19:08:05.665,273,WAYPOINT_TURN_SETTLE,WAYPOINT_TURN_SETTLE,642,2,1788430085627.116,66.709,timestamp_domain.system_time,27219296.000,62.000,1,27219312.000,27219328.000,16.000,32.000,27219328.000,32.000,1,1,pnp_visible_ransac,9,1.590,-13.7484,-0.509875,3.048685,-9.4945,,
2026-09-03T19:08:05.742,274,STAGING_PLAN,STAGING_PLAN,644,2,1788430085693.803,66.688,timestamp_domain.system_time,27219375.000,79.000,1,27219390.000,27219406.000,16.000,31.000,27219406.000,31.000,1,1,pnp_visible_ransac,9,1.637,-14.2122,-0.506129,3.032626,-9.4750,,
2026-09-03T19:08:05.819,275,STAGING_PLAN,STAGING_PLAN,646,2,1788430085760.063,66.259,timestamp_domain.system_time,27219453.000,78.000,1,27219468.000,27219484.000,16.000,31.000,27219484.000,31.000,1,1,pnp_visible_ransac,9,1.579,-14.0675,-0.504010,3.035547,-9.4272,,
2026-09-03T19:08:05.896,276,STAGING_PLAN,STAGING_PLAN,649,3,1788430085860.489,100.426,timestamp_domain.system_time,27219531.000,78.000,1,27219546.000,27219546.000,0.000,15.000,27219562.000,31.000,1,1,pnp_visible_ransac,9,1.520,-14.9640,-0.506794,3.059400,-9.4057,,
2026-09-03T19:08:05.979,277,STAGING_PLAN,STAGING_PLAN,651,2,1788430085927.314,66.825,timestamp_domain.system_time,27219625.000,94.000,1,27219625.000,27219640.000,15.000,15.000,27219640.000,15.000,1,1,pnp_visible_ransac,9,1.536,-14.2224,-0.507982,3.043696,-9.4751,,
2026-09-03T19:08:06.057,278,STAGING_PLAN,STAGING_PLAN,654,3,1788430086027.141,99.827,timestamp_domain.system_time,27219703.000,78.000,1,27219703.000,27219718.000,15.000,15.000,27219718.000,15.000,1,1,pnp_visible_ransac,9,1.565,-14.2634,-0.502004,3.028645,-9.4113,,
2026-09-03T19:08:06.134,279,STAGING_PLAN,STAGING_PLAN,656,2,1788430086094.121,66.980,timestamp_domain.system_time,27219765.000,62.000,1,27219781.000,27219796.000,15.000,31.000,27219796.000,31.000,1,1,pnp_visible_ransac,9,1.528,-14.3547,-0.502554,3.037169,-9.3955,,
2026-09-03T19:08:06.261,280,STAGING_PLAN,STAGING_PLAN,659,3,1788430086194.044,99.924,timestamp_domain.system_time,27219890.000,125.000,1,27219906.000,27219921.000,15.000,31.000,27219921.000,31.000,1,1,pnp_visible_ransac,9,1.669,-14.7683,-0.498735,3.036522,-9.3273,,
2026-09-03T19:08:06.338,281,STAGING_PLAN,STAGING_PLAN,662,3,1788430086294.184,100.139,timestamp_domain.system_time,27219984.000,94.000,1,27219984.000,27220000.000,16.000,16.000,27220000.000,16.000,1,1,pnp_visible_ransac,9,1.541,-13.6559,-0.503381,3.028013,-9.4386,,
2026-09-03T19:08:06.417,282,STAGING_PLAN,STAGING_PLAN,664,2,1788430086361.017,66.833,timestamp_domain.system_time,27220062.000,78.000,1,27220062.000,27220078.000,16.000,16.000,27220078.000,16.000,1,1,pnp_visible_ransac,9,1.511,-14.8095,-0.505479,3.048342,-9.4152,,
2026-09-03T19:08:06.494,283,STAGING_PLAN,STAGING_PLAN,667,3,1788430086460.953,99.936,timestamp_domain.system_time,27220125.000,63.000,1,27220140.000,27220156.000,16.000,31.000,27220156.000,31.000,1,1,pnp_visible_ransac,9,1.539,-14.8355,-0.501083,3.038259,-9.3652,,
2026-09-03T19:08:06.573,284,WAYPOINT_DRIVE,WAYPOINT_DRIVE,669,2,1788430086527.879,66.926,timestamp_domain.system_time,27220218.000,93.000,1,27220218.000,27220234.000,16.000,16.000,27220234.000,16.000,1,1,pnp_visible_ransac,9,1.418,-14.7366,-0.507862,3.054379,-9.4404,,
2026-09-03T19:08:06.652,285,WAYPOINT_DRIVE,WAYPOINT_DRIVE,671,2,1788430086594.601,66.722,timestamp_domain.system_time,27220296.000,78.000,1,27220296.000,27220312.000,16.000,16.000,27220312.000,16.000,1,1,pnp_visible_ransac,9,1.366,-14.2038,-0.506143,3.046252,-9.4337,,
2026-09-03T19:08:06.740,286,WAYPOINT_DRIVE,WAYPOINT_DRIVE,674,3,1788430086694.601,100.000,timestamp_domain.system_time,27220375.000,79.000,1,27220375.000,27220406.000,31.000,31.000,27220406.000,31.000,1,1,pnp_visible_ransac,9,1.526,-14.4449,-0.507198,3.059511,-9.4128,,
2026-09-03T19:08:06.817,287,WAYPOINT_DRIVE,WAYPOINT_DRIVE,676,2,1788430086761.233,66.632,timestamp_domain.system_time,27220453.000,78.000,1,27220453.000,27220468.000,15.000,15.000,27220484.000,31.000,1,1,pnp_visible_ransac,9,1.688,-14.1710,-0.510908,3.030555,-9.5693,,
2026-09-03T19:08:06.896,288,WAYPOINT_DRIVE,WAYPOINT_DRIVE,679,3,1788430086861.323,100.091,timestamp_domain.system_time,27220531.000,78.000,1,27220531.000,27220546.000,15.000,15.000,27220562.000,31.000,1,1,pnp_visible_ransac,9,1.664,-14.5803,-0.511575,3.054966,-9.5064,,
2026-09-03T19:08:06.974,289,WAYPOINT_DRIVE,WAYPOINT_DRIVE,681,2,1788430086928.064,66.740,timestamp_domain.system_time,27220609.000,78.000,1,27220625.000,27220640.000,15.000,31.000,27220640.000,31.000,1,1,pnp_visible_ransac,9,1.538,-14.4452,-0.509500,3.043160,-9.5046,,
2026-09-03T19:08:07.052,290,WAYPOINT_DRIVE,WAYPOINT_DRIVE,683,2,1788430086994.660,66.596,timestamp_domain.system_time,27220687.000,78.000,1,27220703.000,27220703.000,0.000,16.000,27220718.000,31.000,1,1,pnp_visible_ransac,9,1.599,-14.3054,-0.508166,3.036326,-9.5011,,
2026-09-03T19:08:07.137,291,WAYPOINT_DRIVE,WAYPOINT_DRIVE,686,3,1788430087094.779,100.119,timestamp_domain.system_time,27220765.000,78.000,1,27220781.000,27220796.000,15.000,31.000,27220796.000,31.000,1,1,pnp_visible_ransac,9,1.615,-13.2377,-0.510206,3.024416,-9.5754,,
2026-09-03T19:08:07.253,292,WAYPOINT_DRIVE,WAYPOINT_DRIVE,687,1,1788430087128.140,33.361,timestamp_domain.system_time,27220890.000,125.000,1,27220890.000,27220906.000,16.000,16.000,27220906.000,16.000,1,1,pnp_visible_ransac,9,1.479,-14.4685,-0.510667,3.053182,-9.4953,,
2026-09-03T19:08:07.332,293,WAYPOINT_DRIVE,WAYPOINT_DRIVE,692,5,1788430087294.808,166.668,timestamp_domain.system_time,27220968.000,78.000,1,27220968.000,27220984.000,16.000,16.000,27220984.000,16.000,1,1,pnp_visible_ransac,9,1.513,-14.1676,-0.516002,3.056497,-9.5824,,
2026-09-03T19:08:07.410,294,WAYPOINT_DRIVE,WAYPOINT_DRIVE,694,2,1788430087361.704,66.897,timestamp_domain.system_time,27221046.000,78.000,1,27221046.000,27221062.000,16.000,16.000,27221062.000,16.000,1,1,pnp_visible_ransac,9,1.428,-14.5979,-0.512743,3.043690,-9.5623,,
2026-09-03T19:08:07.492,295,WAYPOINT_DRIVE,WAYPOINT_DRIVE,697,3,1788430087461.704,100.000,timestamp_domain.system_time,27221125.000,79.000,1,27221125.000,27221156.000,31.000,31.000,27221156.000,31.000,1,1,pnp_visible_ransac,9,1.484,-14.7669,-0.511775,3.036536,-9.5667,,
2026-09-03T19:08:07.569,296,WAYPOINT_DRIVE,WAYPOINT_DRIVE,699,2,1788430087528.428,66.724,timestamp_domain.system_time,27221203.000,78.000,1,27221218.000,27221234.000,16.000,31.000,27221234.000,31.000,1,1,pnp_visible_ransac,9,1.521,-14.7859,-0.512432,3.035710,-9.5813,,
2026-09-03T19:08:07.646,297,WAYPOINT_DRIVE,WAYPOINT_DRIVE,701,2,1788430087595.125,66.696,timestamp_domain.system_time,27221281.000,78.000,1,27221296.000,27221312.000,16.000,31.000,27221312.000,31.000,1,1,pnp_visible_ransac,9,1.476,-14.2805,-0.516015,3.022537,-9.6883,,
2026-09-03T19:08:07.734,298,WAYPOINT_DRIVE,WAYPOINT_DRIVE,704,3,1788430087695.061,99.937,timestamp_domain.system_time,27221359.000,78.000,1,27221359.000,27221390.000,31.000,31.000,27221390.000,31.000,1,1,pnp_visible_ransac,9,1.620,-14.5143,-0.515394,3.030974,-9.6504,,
2026-09-03T19:08:07.811,299,WAYPOINT_DRIVE,WAYPOINT_DRIVE,706,2,1788430087762.069,67.008,timestamp_domain.system_time,27221453.000,94.000,1,27221453.000,27221468.000,15.000,15.000,27221468.000,15.000,1,1,pnp_visible_ransac,9,1.599,-14.0406,-0.518974,3.018005,-9.7571,,
2026-09-03T19:08:07.890,300,WAYPOINT_DRIVE,WAYPOINT_DRIVE,709,3,1788430087861.979,99.910,timestamp_domain.system_time,27221531.000,78.000,1,27221531.000,27221546.000,15.000,15.000,27221546.000,15.000,1,1,pnp_visible_ransac,9,1.563,-14.6495,-0.515468,3.002352,-9.7420,,
2026-09-03T19:08:07.969,301,WAYPOINT_DRIVE,WAYPOINT_DRIVE,711,2,1788430087928.640,66.661,timestamp_domain.system_time,27221609.000,78.000,1,27221609.000,27221625.000,16.000,16.000,27221625.000,16.000,1,1,pnp_visible_ransac,9,1.594,-13.3776,-0.513029,2.982802,-9.7591,,
2026-09-03T19:08:08.051,302,WAYPOINT_DRIVE,WAYPOINT_DRIVE,713,2,1788430087995.352,66.711,timestamp_domain.system_time,27221687.000,78.000,1,27221687.000,27221703.000,16.000,16.000,27221703.000,16.000,1,1,pnp_visible_ransac,9,1.566,-14.7047,-0.506142,2.971905,-9.6652,,
2026-09-03T19:08:08.130,303,WAYPOINT_DRIVE,WAYPOINT_DRIVE,716,3,1788430088095.700,100.349,timestamp_domain.system_time,27221765.000,78.000,1,27221765.000,27221781.000,16.000,16.000,27221796.000,31.000,1,1,pnp_visible_ransac,9,1.550,-14.6602,-0.506548,2.943928,-9.7630,,
2026-09-03T19:08:08.274,304,WAYPOINT_DRIVE,WAYPOINT_DRIVE,719,3,1788430088195.279,99.578,timestamp_domain.system_time,27221906.000,141.000,1,27221906.000,27221937.000,31.000,31.000,27221937.000,31.000,1,1,pnp_visible_ransac,9,1.560,-14.2663,-0.506794,2.953693,-9.7360,,
2026-09-03T19:08:08.364,305,WAYPOINT_DRIVE,WAYPOINT_DRIVE,723,4,1788430088328.986,133.708,timestamp_domain.system_time,27222000.000,94.000,1,27222000.000,27222015.000,15.000,15.000,27222031.000,31.000,1,1,pnp_visible_ransac,9,1.792,-14.4200,-0.492596,2.943350,-9.5009,,
2026-09-03T19:08:08.448,306,WAYPOINT_DRIVE,WAYPOINT_DRIVE,725,2,1788430088395.747,66.761,timestamp_domain.system_time,27222078.000,78.000,1,27222093.000,27222109.000,16.000,31.000,27222109.000,31.000,1,1,pnp_visible_ransac,9,1.632,-14.0273,-0.493749,2.937689,-9.5408,,
2026-09-03T19:08:08.530,307,WAYPOINT_DRIVE,WAYPOINT_DRIVE,728,3,1788430088495.698,99.951,timestamp_domain.system_time,27222171.000,93.000,1,27222171.000,27222187.000,16.000,16.000,27222187.000,16.000,1,1,pnp_visible_ransac,9,1.693,-14.4471,-0.512688,2.974569,-9.7793,,
2026-09-03T19:08:08.613,308,WAYPOINT_DRIVE,WAYPOINT_DRIVE,730,2,1788430088562.399,66.700,timestamp_domain.system_time,27222250.000,79.000,1,27222250.000,27222265.000,15.000,15.000,27222265.000,15.000,1,1,pnp_visible_ransac,9,1.570,-14.7962,-0.517957,2.972393,-9.8849,,
2026-09-03T19:08:08.693,309,WAYPOINT_DRIVE,WAYPOINT_DRIVE,733,3,1788430088662.523,100.124,timestamp_domain.system_time,27222328.000,78.000,1,27222328.000,27222343.000,15.000,15.000,27222359.000,31.000,1,1,pnp_visible_ransac,9,1.669,-14.4950,-0.507869,2.936877,-9.8110,,
2026-09-03T19:08:08.780,310,WAYPOINT_DRIVE,WAYPOINT_DRIVE,735,2,1788430088729.430,66.907,timestamp_domain.system_time,27222421.000,93.000,1,27222421.000,27222437.000,16.000,16.000,27222437.000,16.000,1,1,pnp_visible_ransac,9,1.450,-13.8114,-0.513949,2.964633,-9.8351,,
2026-09-03T19:08:08.865,311,WAYPOINT_DRIVE,WAYPOINT_DRIVE,738,3,1788430088829.414,99.984,timestamp_domain.system_time,27222500.000,79.000,1,27222500.000,27222531.000,31.000,31.000,27222531.000,31.000,1,1,pnp_visible_ransac,9,1.510,-13.6375,-0.515945,2.942714,-9.9446,,
2026-09-03T19:08:08.945,312,WAYPOINT_DRIVE,WAYPOINT_DRIVE,740,2,1788430088896.042,66.628,timestamp_domain.system_time,27222578.000,78.000,1,27222593.000,27222609.000,16.000,31.000,27222609.000,31.000,1,1,pnp_visible_ransac,9,1.562,-13.8638,-0.513048,2.957826,-9.8403,,
2026-09-03T19:08:09.029,313,WAYPOINT_DRIVE,WAYPOINT_DRIVE,743,3,1788430088996.045,100.003,timestamp_domain.system_time,27222671.000,93.000,1,27222671.000,27222687.000,16.000,16.000,27222687.000,16.000,1,1,pnp_visible_ransac,9,1.571,-14.2657,-0.515986,2.957945,-9.8951,,
2026-09-03T19:08:09.111,314,WAYPOINT_DRIVE,WAYPOINT_DRIVE,745,2,1788430089062.825,66.780,timestamp_domain.system_time,27222750.000,79.000,1,27222750.000,27222765.000,15.000,15.000,27222765.000,15.000,1,1,pnp_visible_ransac,9,1.552,-14.2947,-0.512555,2.945225,-9.8723,,
2026-09-03T19:08:09.192,315,WAYPOINT_DRIVE,WAYPOINT_DRIVE,746,1,1788430089096.264,33.439,timestamp_domain.system_time,27222828.000,78.000,1,27222828.000,27222843.000,15.000,15.000,27222843.000,15.000,1,1,pnp_visible_ransac,9,1.616,-13.6508,-0.512002,2.933101,-9.9018,,
2026-09-03T19:08:09.281,316,WAYPOINT_DRIVE,WAYPOINT_DRIVE,750,4,1788430089229.726,133.463,timestamp_domain.system_time,27222906.000,78.000,1,27222921.000,27222937.000,16.000,31.000,27222937.000,31.000,1,1,pnp_visible_ransac,9,1.764,-15.1533,-0.512667,2.961378,-9.8216,,
2026-09-03T19:08:09.371,317,WAYPOINT_DRIVE_SETTLE,WAYPOINT_DRIVE_SETTLE,753,3,1788430089329.862,100.135,timestamp_domain.system_time,27223000.000,94.000,1,27223015.000,27223031.000,16.000,31.000,27223031.000,31.000,1,1,pnp_visible_ransac,9,1.606,-14.4834,-0.509059,2.947761,-9.7980,,
2026-09-03T19:08:09.454,318,WAYPOINT_DRIVE_SETTLE,WAYPOINT_DRIVE_SETTLE,755,2,1788430089396.233,66.372,timestamp_domain.system_time,27223093.000,93.000,1,27223093.000,27223109.000,16.000,16.000,27223109.000,16.000,1,1,pnp_visible_ransac,9,2.000,-14.6068,-0.517466,2.982344,-9.8434,,
2026-09-03T19:08:09.533,319,WAYPOINT_DRIVE_SETTLE,WAYPOINT_DRIVE_SETTLE,758,3,1788430089496.178,99.945,timestamp_domain.system_time,27223171.000,78.000,1,27223171.000,27223187.000,16.000,16.000,27223187.000,16.000,1,1,pnp_visible_ransac,9,1.546,-13.9805,-0.516112,2.960846,-9.8880,,
2026-09-03T19:08:09.611,320,WAYPOINT_DRIVE_SETTLE,WAYPOINT_DRIVE_SETTLE,760,2,1788430089562.968,66.790,timestamp_domain.system_time,27223250.000,79.000,1,27223250.000,27223265.000,15.000,15.000,27223265.000,15.000,1,1,pnp_visible_ransac,9,1.564,-14.4051,-0.510628,2.954738,-9.8048,,
2026-09-03T19:08:09.690,321,WAYPOINT_DRIVE_SETTLE,WAYPOINT_DRIVE_SETTLE,763,3,1788430089663.261,100.293,timestamp_domain.system_time,27223328.000,78.000,1,27223328.000,27223343.000,15.000,15.000,27223343.000,15.000,1,1,pnp_visible_ransac,9,1.585,-14.1666,-0.513472,2.949659,-9.8750,,
2026-09-03T19:08:09.771,322,WAYPOINT_DRIVE_SETTLE,WAYPOINT_DRIVE_SETTLE,765,2,1788430089730.127,66.865,timestamp_domain.system_time,27223406.000,78.000,1,27223421.000,27223421.000,0.000,15.000,27223437.000,31.000,1,1,pnp_visible_ransac,9,1.549,-13.9113,-0.512693,2.942862,-9.8826,,
2026-09-03T19:08:09.849,323,WAYPOINT_DRIVE_SETTLE,WAYPOINT_DRIVE_SETTLE,767,2,1788430089796.500,66.373,timestamp_domain.system_time,27223484.000,78.000,1,27223484.000,27223500.000,16.000,16.000,27223515.000,31.000,1,1,pnp_visible_ransac,9,1.457,-13.5703,-0.517403,2.945790,-9.9619,,
2026-09-03T19:08:09.929,324,WAYPOINT_DRIVE_SETTLE,WAYPOINT_DRIVE_SETTLE,770,3,1788430089896.741,100.241,timestamp_domain.system_time,27223562.000,78.000,1,27223578.000,27223593.000,15.000,31.000,27223593.000,31.000,1,1,pnp_visible_ransac,9,2.017,-14.7947,-0.514575,2.980155,-9.7965,,
2026-09-03T19:08:10.010,325,WAYPOINT_DRIVE_SETTLE,WAYPOINT_DRIVE_SETTLE,772,2,1788430089963.616,66.876,timestamp_domain.system_time,27223640.000,78.000,1,27223656.000,27223671.000,15.000,31.000,27223671.000,31.000,1,1,pnp_visible_ransac,9,1.427,-15.0183,-0.513689,2.962301,-9.8378,,
2026-09-03T19:08:10.089,326,WAYPOINT_DRIVE_SETTLE,WAYPOINT_DRIVE_SETTLE,774,2,1788430090030.191,66.574,timestamp_domain.system_time,27223734.000,94.000,1,27223734.000,27223750.000,16.000,16.000,27223750.000,16.000,1,1,pnp_visible_ransac,9,1.602,-14.2182,-0.515488,2.949114,-9.9148,,
2026-09-03T19:08:10.172,327,WAYPOINT_DRIVE_SETTLE,WAYPOINT_DRIVE_SETTLE,776,2,1788430090097.112,66.921,timestamp_domain.system_time,27223812.000,78.000,1,27223812.000,27223828.000,16.000,16.000,27223828.000,16.000,1,1,pnp_visible_ransac,9,1.660,-13.4463,-0.514934,2.938614,-9.9390,,
2026-09-03T19:08:10.261,328,WAYPOINT_DRIVE_SETTLE,WAYPOINT_DRIVE_SETTLE,777,1,1788430090130.328,33.216,timestamp_domain.system_time,27223890.000,78.000,1,27223906.000,27223921.000,15.000,31.000,27223921.000,31.000,1,1,pnp_visible_ransac,9,1.864,-14.6187,-0.508853,2.932291,-9.8448,,
2026-09-03T19:08:10.342,329,WAYPOINT_DRIVE_SETTLE,WAYPOINT_DRIVE_SETTLE,782,5,1788430090297.119,166.791,timestamp_domain.system_time,27223984.000,94.000,1,27223984.000,27224000.000,16.000,16.000,27224000.000,16.000,1,1,pnp_visible_ransac,9,1.459,-14.4270,-0.515890,2.953472,-9.9080,,
2026-09-03T19:08:10.419,330,WAYPOINT_DRIVE_SETTLE,WAYPOINT_DRIVE_SETTLE,784,2,1788430090363.686,66.567,timestamp_domain.system_time,27224062.000,78.000,1,27224062.000,27224078.000,16.000,16.000,27224078.000,16.000,1,1,pnp_visible_ransac,9,1.599,-14.1902,-0.518114,2.951548,-9.9563,,
2026-09-03T19:08:10.500,331,WAYPOINT_DRIVE_SETTLE,WAYPOINT_DRIVE_SETTLE,787,3,1788430090463.810,100.124,timestamp_domain.system_time,27224140.000,78.000,1,27224140.000,27224156.000,16.000,16.000,27224156.000,16.000,1,1,pnp_visible_ransac,9,1.542,-14.5886,-0.512651,2.951363,-9.8539,,
2026-09-03T19:08:10.578,332,WAYPOINT_DRIVE_SETTLE,WAYPOINT_DRIVE_SETTLE,789,2,1788430090530.512,66.702,timestamp_domain.system_time,27224218.000,78.000,1,27224218.000,27224234.000,16.000,16.000,27224234.000,16.000,1,1,pnp_visible_ransac,9,1.458,-14.4157,-0.514834,2.959001,-9.8700,,
2026-09-03T19:08:10.665,333,WAYPOINT_DRIVE_SETTLE,WAYPOINT_DRIVE_SETTLE,792,3,1788430090630.729,100.217,timestamp_domain.system_time,27224296.000,78.000,1,27224296.000,27224328.000,32.000,32.000,27224328.000,32.000,1,1,pnp_visible_ransac,9,1.520,-14.4330,-0.512642,2.945638,-9.8725,,
2026-09-03T19:08:10.760,334,WAYPOINT_DRIVE_SETTLE,WAYPOINT_DRIVE_SETTLE,795,3,1788430090730.400,99.670,timestamp_domain.system_time,27224390.000,94.000,1,27224406.000,27224421.000,15.000,31.000,27224421.000,31.000,1,1,pnp_visible_ransac,9,1.492,-14.4708,-0.513620,2.952611,-9.8681,,
2026-09-03T19:08:10.840,335,WAYPOINT_DRIVE_SETTLE,WAYPOINT_DRIVE_SETTLE,797,2,1788430090797.069,66.669,timestamp_domain.system_time,27224484.000,94.000,1,27224484.000,27224500.000,16.000,16.000,27224500.000,16.000,1,1,pnp_visible_ransac,9,1.612,-13.8922,-0.510888,2.932400,-9.8830,,
2026-09-03T19:08:10.925,336,WAYPOINT_DRIVE_SETTLE,WAYPOINT_DRIVE_SETTLE,800,3,1788430090897.231,100.162,timestamp_domain.system_time,27224562.000,78.000,1,27224562.000,27224578.000,16.000,16.000,27224578.000,16.000,1,1,pnp_visible_ransac,9,1.529,-15.0468,-0.511531,2.956169,-9.8172,,
2026-09-03T19:08:11.008,337,WAYPOINT_DRIVE_SETTLE,WAYPOINT_DRIVE_SETTLE,802,2,1788430090964.132,66.901,timestamp_domain.system_time,27224640.000,78.000,1,27224656.000,27224671.000,15.000,31.000,27224671.000,31.000,1,1,pnp_visible_ransac,9,1.609,-14.0535,-0.515488,2.950435,-9.9104,,
2026-09-03T19:08:11.090,338,WAYPOINT_DRIVE_SETTLE,WAYPOINT_DRIVE_SETTLE,804,2,1788430091030.899,66.767,timestamp_domain.system_time,27224734.000,94.000,1,27224734.000,27224750.000,16.000,16.000,27224750.000,16.000,1,1,pnp_visible_ransac,9,1.447,-13.5136,-0.517701,2.948317,-9.9591,,
2026-09-03T19:08:11.172,339,WAYPOINT_DRIVE_SETTLE,WAYPOINT_DRIVE_SETTLE,807,3,1788430091131.021,100.123,timestamp_domain.system_time,27224812.000,78.000,1,27224812.000,27224828.000,16.000,16.000,27224828.000,16.000,1,1,pnp_visible_ransac,9,1.411,-14.5414,-0.515121,2.962451,-9.8642,,
2026-09-03T19:08:11.299,340,WAYPOINT_DRIVE_SETTLE,WAYPOINT_DRIVE_SETTLE,809,2,1788430091197.787,66.765,timestamp_domain.system_time,27224937.000,125.000,1,27224937.000,27224953.000,16.000,16.000,27224953.000,16.000,1,1,pnp_visible_ransac,9,1.678,-14.6992,-0.508372,2.940328,-9.8093,,
2026-09-03T19:08:11.381,341,WAYPOINT_DRIVE_SETTLE,WAYPOINT_DRIVE_SETTLE,813,4,1788430091331.028,133.241,timestamp_domain.system_time,27225015.000,78.000,1,27225015.000,27225046.000,31.000,31.000,27225046.000,31.000,1,1,pnp_visible_ransac,9,1.448,-14.2460,-0.515469,2.955102,-9.8948,,
2026-09-03T19:08:11.462,342,WAYPOINT_DRIVE_SETTLE,WAYPOINT_DRIVE_SETTLE,816,3,1788430091431.344,100.316,timestamp_domain.system_time,27225093.000,78.000,1,27225109.000,27225125.000,16.000,32.000,27225125.000,32.000,1,1,pnp_visible_ransac,9,1.563,-14.7166,-0.510991,2.962208,-9.7874,,
2026-09-03T19:08:11.543,343,WAYPOINT_DRIVE_SETTLE,WAYPOINT_DRIVE_SETTLE,818,2,1788430091497.727,66.383,timestamp_domain.system_time,27225187.000,94.000,1,27225187.000,27225203.000,16.000,16.000,27225203.000,16.000,1,1,pnp_visible_ransac,9,1.487,-14.1089,-0.515392,2.961918,-9.8710,,
2026-09-03T19:08:11.627,344,WAYPOINT_DRIVE_SETTLE,WAYPOINT_DRIVE_SETTLE,821,3,1788430091597.985,100.258,timestamp_domain.system_time,27225265.000,78.000,1,27225265.000,27225281.000,16.000,16.000,27225281.000,16.000,1,1,pnp_visible_ransac,9,1.602,-13.7688,-0.517269,2.960537,-9.9108,,
2026-09-03T19:08:11.709,345,WAYPOINT_DRIVE_SETTLE,WAYPOINT_DRIVE_SETTLE,823,2,1788430091664.267,66.282,timestamp_domain.system_time,27225343.000,78.000,1,27225359.000,27225359.000,0.000,16.000,27225375.000,32.000,1,1,pnp_visible_ransac,9,1.579,-13.5632,-0.516221,2.954680,-9.9103,,
2026-09-03T19:08:11.785,346,WAYPOINT_DRIVE_SETTLE,WAYPOINT_DRIVE_SETTLE,825,2,1788430091731.224,66.957,timestamp_domain.system_time,27225421.000,78.000,1,27225421.000,27225437.000,16.000,16.000,27225437.000,16.000,1,1,pnp_visible_ransac,9,1.528,-14.2486,-0.513034,2.936373,-9.9105,,
2026-09-03T19:08:11.873,347,WAYPOINT_DRIVE_SETTLE,WAYPOINT_DRIVE_SETTLE,828,3,1788430091831.492,100.267,timestamp_domain.system_time,27225500.000,79.000,1,27225515.000,27225531.000,16.000,31.000,27225531.000,31.000,1,1,pnp_visible_ransac,9,1.505,-13.8955,-0.517685,2.958300,-9.9259,,
2026-09-03T19:08:11.953,348,WAYPOINT_DRIVE_SETTLE,WAYPOINT_DRIVE_SETTLE,830,2,1788430091898.361,66.869,timestamp_domain.system_time,27225593.000,93.000,1,27225593.000,27225609.000,16.000,16.000,27225609.000,16.000,1,1,pnp_visible_ransac,9,1.473,-15.0253,-0.514670,2.940960,-9.9263,,
2026-09-03T19:08:12.034,349,WAYPOINT_DRIVE_SETTLE,WAYPOINT_DRIVE_SETTLE,833,3,1788430091998.238,99.877,timestamp_domain.system_time,27225671.000,78.000,1,27225671.000,27225687.000,16.000,16.000,27225687.000,16.000,1,1,pnp_visible_ransac,9,1.539,-14.2827,-0.512334,2.939144,-9.8881,,
2026-09-03T19:08:12.117,350,WAYPOINT_DRIVE_SETTLE,WAYPOINT_DRIVE_SETTLE,835,2,1788430092064.897,66.659,timestamp_domain.system_time,27225750.000,79.000,1,27225765.000,27225781.000,16.000,31.000,27225781.000,31.000,1,1,pnp_visible_ransac,9,1.548,-13.9641,-0.517012,2.957624,-9.9155,,
2026-09-03T19:08:12.198,351,STAGING_PLAN,STAGING_PLAN,837,2,1788430092131.641,66.744,timestamp_domain.system_time,27225843.000,93.000,1,27225843.000,27225859.000,16.000,16.000,27225859.000,16.000,1,1,pnp_visible_ransac,9,1.549,-14.3000,-0.516626,2.961229,-9.8964,,
2026-09-03T19:08:12.290,352,STAGING_PLAN,STAGING_PLAN,840,3,1788430092231.794,100.153,timestamp_domain.system_time,27225921.000,78.000,1,27225937.000,27225953.000,16.000,32.000,27225953.000,32.000,1,1,pnp_visible_ransac,9,1.590,-14.6352,-0.516013,2.964249,-9.8750,,
2026-09-03T19:08:12.373,353,STAGING_PLAN,STAGING_PLAN,843,3,1788430092331.739,99.945,timestamp_domain.system_time,27226015.000,94.000,1,27226015.000,27226031.000,16.000,16.000,27226031.000,16.000,1,1,pnp_visible_ransac,9,1.679,-14.5545,-0.516956,2.976955,-9.8513,,
2026-09-03T19:08:12.448,354,STAGING_PLAN,STAGING_PLAN,845,2,1788430092398.375,66.636,timestamp_domain.system_time,27226093.000,78.000,1,27226093.000,27226109.000,16.000,16.000,27226109.000,16.000,1,1,pnp_visible_ransac,9,1.562,-13.7042,-0.509795,2.940935,-9.8342,,
2026-09-03T19:08:12.525,355,STAGING_PLAN,STAGING_PLAN,848,3,1788430092498.616,100.240,timestamp_domain.system_time,27226171.000,78.000,1,27226171.000,27226187.000,16.000,16.000,27226187.000,16.000,1,1,pnp_visible_ransac,9,1.573,-14.2707,-0.515784,2.953768,-9.9051,,
2026-09-03T19:08:12.607,356,STAGING_PLAN,STAGING_PLAN,850,2,1788430092565.369,66.753,timestamp_domain.system_time,27226250.000,79.000,1,27226250.000,27226265.000,15.000,15.000,27226265.000,15.000,1,1,pnp_visible_ransac,9,1.534,-14.5009,-0.514354,2.962674,-9.8490,,
2026-09-03T19:08:12.689,357,STAGING_PLAN,STAGING_PLAN,852,2,1788430092631.998,66.629,timestamp_domain.system_time,27226328.000,78.000,1,27226328.000,27226343.000,15.000,15.000,27226343.000,15.000,1,1,pnp_visible_ransac,9,1.530,-13.9188,-0.515936,2.955122,-9.9035,,
2026-09-03T19:08:12.773,358,STAGING_PLAN,STAGING_PLAN,855,3,1788430092732.258,100.260,timestamp_domain.system_time,27226406.000,78.000,1,27226421.000,27226437.000,16.000,31.000,27226437.000,31.000,1,1,pnp_visible_ransac,9,1.662,-13.8323,-0.512349,2.950037,-9.8526,,
2026-09-03T19:08:12.850,359,STAGING_PLAN,STAGING_PLAN,857,2,1788430092798.874,66.616,timestamp_domain.system_time,27226484.000,78.000,1,27226500.000,27226515.000,15.000,31.000,27226515.000,31.000,1,1,pnp_visible_ransac,9,1.455,-14.6287,-0.513272,2.936787,-9.9136,,
2026-09-03T19:08:12.933,360,STAGING_PLAN,STAGING_PLAN,860,3,1788430092898.898,100.024,timestamp_domain.system_time,27226578.000,94.000,1,27226578.000,27226593.000,15.000,15.000,27226593.000,15.000,1,1,pnp_visible_ransac,9,1.524,-14.4271,-0.516766,2.969399,-9.8723,,
2026-09-03T19:08:13.014,361,WAYPOINT_DRIVE,WAYPOINT_DRIVE,862,2,1788430092965.598,66.700,timestamp_domain.system_time,27226656.000,78.000,1,27226656.000,27226671.000,15.000,15.000,27226671.000,15.000,1,1,pnp_visible_ransac,9,1.456,-13.9091,-0.520526,2.958108,-9.9799,,
2026-09-03T19:08:13.093,362,WAYPOINT_DRIVE,WAYPOINT_DRIVE,865,3,1788430093065.701,100.103,timestamp_domain.system_time,27226734.000,78.000,1,27226734.000,27226750.000,16.000,16.000,27226750.000,16.000,1,1,pnp_visible_ransac,9,1.500,-14.1862,-0.521476,2.964599,-9.9763,,
2026-09-03T19:08:13.171,363,WAYPOINT_DRIVE,WAYPOINT_DRIVE,867,2,1788430093132.222,66.521,timestamp_domain.system_time,27226812.000,78.000,1,27226812.000,27226828.000,16.000,16.000,27226828.000,16.000,1,1,pnp_visible_ransac,9,1.629,-14.9527,-0.513613,2.964778,-9.8283,,
2026-09-03T19:08:13.308,364,WAYPOINT_DRIVE,WAYPOINT_DRIVE,870,3,1788430093232.148,99.926,timestamp_domain.system_time,27226937.000,125.000,1,27226937.000,27226968.000,31.000,31.000,27226968.000,31.000,1,1,pnp_visible_ransac,9,1.482,-14.2685,-0.512794,2.949299,-9.8634,,
2026-09-03T19:08:13.395,365,WAYPOINT_DRIVE,WAYPOINT_DRIVE,874,4,1788430093365.851,133.703,timestamp_domain.system_time,27227031.000,94.000,1,27227031.000,27227046.000,15.000,15.000,27227062.000,31.000,1,1,pnp_visible_ransac,9,1.527,-14.0072,-0.511569,2.945835,-9.8516,,
2026-09-03T19:08:13.483,366,WAYPOINT_DRIVE,WAYPOINT_DRIVE,876,2,1788430093432.431,66.580,timestamp_domain.system_time,27227125.000,94.000,1,27227125.000,27227140.000,15.000,15.000,27227140.000,15.000,1,1,pnp_visible_ransac,9,1.613,-14.5349,-0.511787,2.949826,-9.8427,,
2026-09-03T19:08:13.562,367,WAYPOINT_DRIVE,WAYPOINT_DRIVE,879,3,1788430093532.551,100.120,timestamp_domain.system_time,27227203.000,78.000,1,27227203.000,27227218.000,15.000,15.000,27227218.000,15.000,1,1,pnp_visible_ransac,9,1.475,-13.7193,-0.514390,2.949085,-9.8942,,
2026-09-03T19:08:13.643,368,WAYPOINT_DRIVE,WAYPOINT_DRIVE,881,2,1788430093599.390,66.840,timestamp_domain.system_time,27227281.000,78.000,1,27227281.000,27227296.000,15.000,15.000,27227296.000,15.000,1,1,pnp_visible_ransac,9,1.503,-13.7131,-0.513278,2.949278,-9.8726,,
2026-09-03T19:08:13.730,369,WAYPOINT_DRIVE,WAYPOINT_DRIVE,884,3,1788430093699.396,100.006,timestamp_domain.system_time,27227359.000,78.000,1,27227375.000,27227390.000,15.000,31.000,27227390.000,31.000,1,1,pnp_visible_ransac,9,1.528,-14.1317,-0.514677,2.945339,-9.9120,,
2026-09-03T19:08:13.795,370,WAYPOINT_DRIVE,WAYPOINT_DRIVE,886,2,1788430093765.639,66.243,timestamp_domain.system_time,27227437.000,78.000,1,27227437.000,27227453.000,16.000,16.000,27227453.000,16.000,1,1,pnp_visible_ransac,9,1.500,-14.4498,-0.514164,2.947090,-9.8965,,
2026-09-03T19:08:13.862,371,WAYPOINT_DRIVE,WAYPOINT_DRIVE,888,2,1788430093832.356,66.717,timestamp_domain.system_time,27227500.000,63.000,1,27227500.000,27227515.000,15.000,15.000,27227515.000,15.000,1,1,pnp_visible_ransac,9,1.731,-14.5409,-0.516440,2.972192,-9.8572,,
2026-09-03T19:08:13.937,372,WAYPOINT_DRIVE,WAYPOINT_DRIVE,890,2,1788430093899.141,66.785,timestamp_domain.system_time,27227578.000,78.000,1,27227578.000,27227593.000,15.000,15.000,27227593.000,15.000,1,1,pnp_visible_ransac,9,1.447,-14.3807,-0.511185,2.926187,-9.9092,,
2026-09-03T19:08:14.013,373,WAYPOINT_DRIVE,WAYPOINT_DRIVE,892,2,1788430093965.880,66.739,timestamp_domain.system_time,27227656.000,78.000,1,27227656.000,27227671.000,15.000,15.000,27227671.000,15.000,1,1,pnp_visible_ransac,9,1.631,-14.6661,-0.520128,2.974516,-9.9185,,
2026-09-03T19:08:14.084,374,WAYPOINT_DRIVE,WAYPOINT_DRIVE,894,2,1788430094032.834,66.954,timestamp_domain.system_time,27227718.000,62.000,1,27227734.000,27227750.000,16.000,32.000,27227750.000,32.000,1,1,pnp_visible_ransac,9,1.450,-14.1696,-0.513991,2.946500,-9.8952,,
2026-09-03T19:08:14.153,375,WAYPOINT_DRIVE,WAYPOINT_DRIVE,896,2,1788430094099.567,66.733,timestamp_domain.system_time,27227796.000,78.000,1,27227796.000,27227812.000,16.000,16.000,27227812.000,16.000,1,1,pnp_visible_ransac,9,1.509,-14.6978,-0.515996,2.943218,-9.9439,,
2026-09-03T19:08:14.226,376,WAYPOINT_DRIVE,WAYPOINT_DRIVE,897,1,1788430094132.844,33.277,timestamp_domain.system_time,27227859.000,63.000,1,27227875.000,27227890.000,15.000,31.000,27227890.000,31.000,1,1,pnp_visible_ransac,9,1.518,-15.0050,-0.515996,2.968610,-9.8605,,
2026-09-03T19:08:14.296,377,WAYPOINT_DRIVE,WAYPOINT_DRIVE,901,4,1788430094266.321,133.477,timestamp_domain.system_time,27227937.000,78.000,1,27227937.000,27227953.000,16.000,16.000,27227953.000,16.000,1,1,pnp_visible_ransac,9,1.676,-14.1894,-0.510391,2.910084,-9.9478,,
2026-09-03T19:08:14.364,378,WAYPOINT_DRIVE,WAYPOINT_DRIVE,903,2,1788430094333.027,66.705,timestamp_domain.system_time,27228000.000,63.000,1,27228015.000,27228015.000,0.000,15.000,27228015.000,15.000,1,1,pnp_visible_ransac,9,1.628,-14.7901,-0.512532,2.926530,-9.9336,,
2026-09-03T19:08:14.431,379,WAYPOINT_DRIVE,WAYPOINT_DRIVE,905,2,1788430094399.609,66.582,timestamp_domain.system_time,27228078.000,78.000,1,27228078.000,27228093.000,15.000,15.000,27228093.000,15.000,1,1,pnp_visible_ransac,9,1.716,-14.5513,-0.510853,2.913967,-9.9436,,
2026-09-03T19:08:14.496,380,WAYPOINT_DRIVE,WAYPOINT_DRIVE,907,2,1788430094466.361,66.752,timestamp_domain.system_time,27228140.000,62.000,1,27228140.000,27228156.000,16.000,16.000,27228156.000,16.000,1,1,pnp_visible_ransac,9,1.602,-14.4456,-0.516940,2.923078,-10.0289,,
2026-09-03T19:08:14.560,381,WAYPOINT_DRIVE,WAYPOINT_DRIVE,909,2,1788430094533.227,66.866,timestamp_domain.system_time,27228203.000,63.000,1,27228203.000,27228218.000,15.000,15.000,27228218.000,15.000,1,1,pnp_visible_ransac,9,1.704,-14.3873,-0.519127,2.899022,-10.1523,,
2026-09-03T19:08:14.626,382,WAYPOINT_DRIVE,WAYPOINT_DRIVE,911,2,1788430094599.772,66.545,timestamp_domain.system_time,27228265.000,62.000,1,27228265.000,27228281.000,16.000,16.000,27228281.000,16.000,1,1,pnp_visible_ransac,9,1.625,-15.1088,-0.514500,2.898119,-10.0668,,
2026-09-03T19:08:14.693,383,WAYPOINT_DRIVE,WAYPOINT_DRIVE,913,2,1788430094666.495,66.723,timestamp_domain.system_time,27228328.000,63.000,1,27228343.000,27228343.000,0.000,15.000,27228359.000,31.000,1,1,pnp_visible_ransac,9,1.985,-13.9545,-0.513284,2.871432,-10.1349,,
2026-09-03T19:08:14.775,384,WAYPOINT_DRIVE_SETTLE,WAYPOINT_DRIVE_SETTLE,915,2,1788430094733.335,66.840,timestamp_domain.system_time,27228406.000,78.000,1,27228421.000,27228437.000,16.000,31.000,27228437.000,31.000,1,1,pnp_visible_ransac,9,1.813,-15.2547,-0.513582,2.870542,-10.1437,,
2026-09-03T19:08:14.853,385,WAYPOINT_DRIVE_SETTLE,WAYPOINT_DRIVE_SETTLE,917,2,1788430094799.881,66.546,timestamp_domain.system_time,27228500.000,94.000,1,27228500.000,27228515.000,15.000,15.000,27228515.000,15.000,1,1,pnp_visible_ransac,9,2.103,-14.3766,-0.510157,2.854687,-10.1323,,
2026-09-03T19:08:14.922,386,WAYPOINT_DRIVE_SETTLE,WAYPOINT_DRIVE_SETTLE,919,2,1788430094866.720,66.839,timestamp_domain.system_time,27228562.000,62.000,1,27228562.000,27228578.000,16.000,16.000,27228578.000,16.000,1,1,pnp_visible_ransac,9,1.558,-14.5862,-0.522879,2.887165,-10.2653,,
2026-09-03T19:08:14.999,387,WAYPOINT_DRIVE_SETTLE,WAYPOINT_DRIVE_SETTLE,921,2,1788430094933.525,66.805,timestamp_domain.system_time,27228625.000,63.000,1,27228640.000,27228656.000,16.000,31.000,27228656.000,31.000,1,1,pnp_visible_ransac,9,1.762,-15.2304,-0.506222,2.840205,-10.1060,,
2026-09-03T19:08:15.065,388,WAYPOINT_DRIVE_SETTLE,WAYPOINT_DRIVE_SETTLE,924,3,1788430095033.537,100.012,timestamp_domain.system_time,27228703.000,78.000,1,27228718.000,27228718.000,0.000,15.000,27228718.000,15.000,1,1,pnp_visible_ransac,9,1.841,-14.4937,-0.503918,2.824004,-10.1174,,
2026-09-03T19:08:15.132,389,WAYPOINT_DRIVE_SETTLE,WAYPOINT_DRIVE_SETTLE,926,2,1788430095100.234,66.697,timestamp_domain.system_time,27228765.000,62.000,1,27228781.000,27228796.000,15.000,31.000,27228796.000,31.000,1,1,pnp_visible_ransac,9,1.712,-15.3441,-0.506976,2.865688,-10.0325,,
2026-09-03T19:08:15.197,390,WAYPOINT_DRIVE_SETTLE,WAYPOINT_DRIVE_SETTLE,927,1,1788430095134.362,34.128,timestamp_domain.system_time,27228843.000,78.000,1,27228843.000,27228859.000,16.000,16.000,27228859.000,16.000,1,1,pnp_visible_ransac,9,2.025,-14.3110,-0.508754,2.839567,-10.1577,,
2026-09-03T19:08:15.288,391,WAYPOINT_DRIVE_SETTLE,WAYPOINT_DRIVE_SETTLE,930,3,1788430095233.963,99.601,timestamp_domain.system_time,27228937.000,94.000,1,27228937.000,27228953.000,16.000,16.000,27228953.000,16.000,1,1,pnp_visible_ransac,9,1.666,-14.0580,-0.523826,2.836473,-10.4632,,
2026-09-03T19:08:15.363,392,WAYPOINT_DRIVE_SETTLE,WAYPOINT_DRIVE_SETTLE,933,3,1788430095334.928,100.965,timestamp_domain.system_time,27229000.000,63.000,1,27229000.000,27229015.000,15.000,15.000,27229015.000,15.000,1,1,pnp_visible_ransac,9,1.985,-14.6053,-0.515513,2.840883,-10.2851,,
2026-09-03T19:08:15.440,393,WAYPOINT_DRIVE_SETTLE,WAYPOINT_DRIVE_SETTLE,934,1,1788430095366.947,32.018,timestamp_domain.system_time,27229078.000,78.000,1,27229078.000,27229093.000,15.000,15.000,27229093.000,15.000,1,1,pnp_visible_ransac,9,1.772,-15.0232,-0.516164,2.846098,-10.2793,,
2026-09-03T19:08:15.694,394,WAYPOINT_DRIVE_SETTLE,WAYPOINT_DRIVE_SETTLE,939,5,1788430095534.466,167.519,timestamp_domain.system_time,27229312.000,234.000,1,27229328.000,27229359.000,31.000,47.000,27229359.000,47.000,1,1,pnp_visible_ransac,9,1.970,-14.6135,-0.518369,2.835470,-10.3602,,
2026-09-03T19:08:15.771,395,WAYPOINT_DRIVE_SETTLE,WAYPOINT_DRIVE_SETTLE,945,6,1788430095734.034,199.568,timestamp_domain.system_time,27229406.000,94.000,1,27229421.000,27229437.000,16.000,31.000,27229437.000,31.000,1,1,pnp_visible_ransac,9,1.696,-15.2756,-0.518348,2.859993,-10.2728,,
2026-09-03T19:08:15.835,396,WAYPOINT_DRIVE_SETTLE,WAYPOINT_DRIVE_SETTLE,947,2,1788430095800.575,66.541,timestamp_domain.system_time,27229484.000,78.000,1,27229484.000,27229500.000,16.000,16.000,27229500.000,16.000,1,1,pnp_visible_ransac,9,1.673,-14.8102,-0.519988,2.855947,-10.3189,,
2026-09-03T19:08:15.904,397,WAYPOINT_DRIVE_SETTLE,WAYPOINT_DRIVE_SETTLE,949,2,1788430095867.801,67.226,timestamp_domain.system_time,27229546.000,62.000,1,27229546.000,27229562.000,16.000,16.000,27229562.000,16.000,1,1,pnp_visible_ransac,9,1.811,-14.5803,-0.516825,2.839405,-10.3160,,
2026-09-03T19:08:15.986,398,WAYPOINT_DRIVE_SETTLE,WAYPOINT_DRIVE_SETTLE,951,2,1788430095934.010,66.208,timestamp_domain.system_time,27229625.000,79.000,1,27229625.000,27229640.000,15.000,15.000,27229640.000,15.000,1,1,pnp_visible_ransac,9,1.872,-14.2907,-0.517725,2.826421,-10.3800,,
2026-09-03T19:08:16.090,399,WAYPOINT_DRIVE_SETTLE,WAYPOINT_DRIVE_SETTLE,954,3,1788430096034.128,100.119,timestamp_domain.system_time,27229718.000,93.000,1,27229718.000,27229750.000,32.000,32.000,27229750.000,32.000,1,1,pnp_visible_ransac,9,1.697,-14.6158,-0.518073,2.852194,-10.2950,,
2026-09-03T19:08:16.182,400,WAYPOINT_DRIVE_SETTLE,WAYPOINT_DRIVE_SETTLE,957,3,1788430096134.517,100.389,timestamp_domain.system_time,27229812.000,94.000,1,27229828.000,27229843.000,15.000,31.000,27229843.000,31.000,1,1,pnp_visible_ransac,9,1.921,-14.5214,-0.516628,2.840262,-10.3091,,
2026-09-03T19:08:16.258,401,WAYPOINT_DRIVE_SETTLE,WAYPOINT_DRIVE_SETTLE,959,2,1788430096201.075,66.558,timestamp_domain.system_time,27229890.000,78.000,1,27229906.000,27229921.000,15.000,31.000,27229921.000,31.000,1,1,pnp_visible_ransac,9,1.779,-15.1365,-0.514467,2.837505,-10.2766,,
2026-09-03T19:08:16.332,402,WAYPOINT_DRIVE_SETTLE,WAYPOINT_DRIVE_SETTLE,962,3,1788430096301.078,100.003,timestamp_domain.system_time,27229968.000,78.000,1,27229968.000,27229984.000,16.000,16.000,27229984.000,16.000,1,1,pnp_visible_ransac,9,1.719,-14.8680,-0.520035,2.846087,-10.3548,,
2026-09-03T19:08:16.405,403,WAYPOINT_DRIVE_SETTLE,WAYPOINT_DRIVE_SETTLE,964,2,1788430096367.867,66.789,timestamp_domain.system_time,27230046.000,78.000,1,27230046.000,27230062.000,16.000,16.000,27230062.000,16.000,1,1,pnp_visible_ransac,9,1.887,-14.5681,-0.518059,2.845788,-10.3174,,
2026-09-03T19:08:16.470,404,WAYPOINT_DRIVE_SETTLE,WAYPOINT_DRIVE_SETTLE,966,2,1788430096434.492,66.625,timestamp_domain.system_time,27230109.000,63.000,1,27230109.000,27230125.000,16.000,16.000,27230125.000,16.000,1,1,pnp_visible_ransac,9,1.706,-14.7946,-0.520054,2.857883,-10.3134,,
2026-09-03T19:08:16.541,405,WAYPOINT_DRIVE_SETTLE,WAYPOINT_DRIVE_SETTLE,968,2,1788430096501.108,66.616,timestamp_domain.system_time,27230187.000,78.000,1,27230187.000,27230203.000,16.000,16.000,27230203.000,16.000,1,1,pnp_visible_ransac,9,2.024,-14.5279,-0.514435,2.827025,-10.3133,,
2026-09-03T19:08:16.608,406,WAYPOINT_DRIVE_SETTLE,WAYPOINT_DRIVE_SETTLE,970,2,1788430096567.962,66.854,timestamp_domain.system_time,27230250.000,63.000,1,27230250.000,27230265.000,15.000,15.000,27230265.000,15.000,1,1,pnp_visible_ransac,9,1.722,-14.6870,-0.520264,2.855327,-10.3265,,
2026-09-03T19:08:16.673,407,WAYPOINT_DRIVE_SETTLE,WAYPOINT_DRIVE_SETTLE,972,2,1788430096634.563,66.602,timestamp_domain.system_time,27230312.000,62.000,1,27230312.000,27230328.000,16.000,16.000,27230328.000,16.000,1,1,pnp_visible_ransac,9,2.461,-14.4557,-0.514691,2.820458,-10.3418,236,371
2026-09-03T19:08:16.745,408,WAYPOINT_DRIVE_SETTLE,WAYPOINT_DRIVE_SETTLE,974,2,1788430096701.218,66.655,timestamp_domain.system_time,27230390.000,78.000,1,27230390.000,27230406.000,16.000,16.000,27230406.000,16.000,1,1,pnp_visible_ransac,9,1.780,-14.6149,-0.520147,2.848343,-10.3490,237,372
2026-09-03T19:08:16.820,409,WAYPOINT_DRIVE_SETTLE,WAYPOINT_DRIVE_SETTLE,976,2,1788430096767.842,66.624,timestamp_domain.system_time,27230453.000,63.000,1,27230468.000,27230484.000,16.000,31.000,27230484.000,31.000,1,1,pnp_visible_ransac,9,1.756,-14.2262,-0.521538,2.848891,-10.3741,238,373
2026-09-03T19:08:16.892,410,WAYPOINT_DRIVE_SETTLE,WAYPOINT_DRIVE_SETTLE,978,2,1788430096834.686,66.843,timestamp_domain.system_time,27230531.000,78.000,1,27230531.000,27230546.000,15.000,15.000,27230546.000,15.000,1,1,pnp_visible_ransac,9,1.900,-14.7722,-0.518834,2.828628,-10.3938,239,374
2026-09-03T19:08:16.959,411,WAYPOINT_DRIVE_SETTLE,WAYPOINT_DRIVE_SETTLE,981,3,1788430096934.873,100.187,timestamp_domain.system_time,27230609.000,78.000,1,27230609.000,27230625.000,16.000,16.000,27230625.000,16.000,1,1,pnp_visible_ransac,9,1.909,-14.7028,-0.518249,2.830487,-10.3757,240,375
2026-09-03T19:08:17.026,412,WAYPOINT_DRIVE_SETTLE,WAYPOINT_DRIVE_SETTLE,983,2,1788430097001.644,66.771,timestamp_domain.system_time,27230671.000,62.000,1,27230671.000,27230687.000,16.000,16.000,27230687.000,16.000,1,1,pnp_visible_ransac,9,1.746,-15.2868,-0.516634,2.857555,-10.2481,241,376
2026-09-03T19:08:17.094,413,WAYPOINT_DRIVE_SETTLE,WAYPOINT_DRIVE_SETTLE,985,2,1788430097068.369,66.725,timestamp_domain.system_time,27230734.000,63.000,1,27230734.000,27230750.000,16.000,16.000,27230750.000,16.000,1,1,pnp_visible_ransac,9,1.870,-14.4109,-0.515280,2.831378,-10.3143,242,377
2026-09-03T19:08:17.161,414,WAYPOINT_DRIVE_SETTLE,WAYPOINT_DRIVE_SETTLE,987,2,1788430097135.134,66.765,timestamp_domain.system_time,27230796.000,62.000,1,27230812.000,27230828.000,16.000,32.000,27230828.000,32.000,1,1,pnp_visible_ransac,9,2.205,-14.6242,-0.516105,2.842167,-10.2921,243,378
2026-09-03T19:08:17.227,415,WAYPOINT_DRIVE_SETTLE,WAYPOINT_DRIVE_SETTLE,989,2,1788430097201.592,66.458,timestamp_domain.system_time,27230875.000,79.000,1,27230875.000,27230890.000,15.000,15.000,27230890.000,15.000,1,1,pnp_visible_ransac,9,1.981,-14.3717,-0.517440,2.834130,-10.3468,244,379
2026-09-03T19:08:17.292,416,WAYPOINT_DRIVE_SETTLE,WAYPOINT_DRIVE_SETTLE,991,2,1788430097268.466,66.875,timestamp_domain.system_time,27230937.000,62.000,1,27230937.000,27230953.000,16.000,16.000,27230953.000,16.000,1,1,pnp_visible_ransac,9,1.757,-14.6609,-0.516354,2.837164,-10.3147,245,380
2026-09-03T19:08:17.357,417,WAYPOINT_DRIVE_SETTLE,WAYPOINT_DRIVE_SETTLE,993,2,1788430097335.159,66.693,timestamp_domain.system_time,27231000.000,63.000,1,27231000.000,27231015.000,15.000,15.000,27231015.000,15.000,1,1,pnp_visible_ransac,9,1.832,-14.1033,-0.518323,2.833891,-10.3649,246,381
2026-09-03T19:08:17.421,418,WAYPOINT_DRIVE_SETTLE,WAYPOINT_DRIVE_SETTLE,994,1,1788430097368.336,33.177,timestamp_domain.system_time,27231062.000,62.000,1,27231062.000,27231078.000,16.000,16.000,27231078.000,16.000,1,1,pnp_visible_ransac,9,1.737,-13.6616,-0.520847,2.847174,-10.3668,247,382
2026-09-03T19:08:17.492,419,STAGING_PLAN,STAGING_PLAN,997,3,1788430097468.749,100.413,timestamp_domain.system_time,27231140.000,78.000,1,27231140.000,27231156.000,16.000,16.000,27231156.000,16.000,1,1,pnp_visible_ransac,9,1.718,-14.8704,-0.517645,2.845334,-10.3109,248,383
2026-09-03T19:08:17.561,420,STAGING_PLAN,STAGING_PLAN,999,2,1788430097535.308,66.558,timestamp_domain.system_time,27231203.000,63.000,1,27231203.000,27231218.000,15.000,15.000,27231218.000,15.000,1,1,pnp_visible_ransac,9,1.840,-14.8208,-0.517635,2.843186,-10.3183,249,384
2026-09-03T19:08:17.626,421,STAGING_PLAN,STAGING_PLAN,1001,2,1788430097602.071,66.763,timestamp_domain.system_time,27231265.000,62.000,1,27231265.000,27231281.000,16.000,16.000,27231281.000,16.000,1,1,pnp_visible_ransac,9,1.702,-15.5034,-0.518061,2.864718,-10.2507,250,385
2026-09-03T19:08:17.695,422,STAGING_PLAN,STAGING_PLAN,1003,2,1788430097668.855,66.784,timestamp_domain.system_time,27231343.000,78.000,1,27231343.000,27231359.000,16.000,16.000,27231359.000,16.000,1,1,pnp_visible_ransac,9,2.020,-14.2045,-0.516685,2.848830,-10.2798,251,386
2026-09-03T19:08:17.763,423,STAGING_PLAN,STAGING_PLAN,1005,2,1788430097735.386,66.531,timestamp_domain.system_time,27231406.000,63.000,1,27231406.000,27231421.000,15.000,15.000,27231421.000,15.000,1,1,pnp_visible_ransac,9,1.766,-15.7414,-0.512262,2.840630,-10.2225,252,387
2026-09-03T19:08:17.830,424,STAGING_PLAN,STAGING_PLAN,1007,2,1788430097801.996,66.610,timestamp_domain.system_time,27231468.000,62.000,1,27231468.000,27231484.000,16.000,16.000,27231484.000,16.000,1,1,pnp_visible_ransac,9,1.842,-15.0258,-0.518073,2.848677,-10.3074,253,388
2026-09-03T19:08:17.895,425,STAGING_PLAN,STAGING_PLAN,1009,2,1788430097868.869,66.873,timestamp_domain.system_time,27231531.000,63.000,1,27231546.000,27231546.000,0.000,15.000,27231546.000,15.000,1,1,pnp_visible_ransac,9,1.765,-14.3374,-0.521270,2.851619,-10.3592,254,389
2026-09-03T19:08:17.958,426,STAGING_PLAN,STAGING_PLAN,1011,2,1788430097935.617,66.748,timestamp_domain.system_time,27231593.000,62.000,1,27231609.000,27231609.000,0.000,16.000,27231625.000,32.000,1,1,pnp_visible_ransac,9,1.839,-15.1545,-0.514637,2.839734,-10.2721,255,390
2026-09-03T19:08:18.025,427,STAGING_PLAN,STAGING_PLAN,1012,1,1788430097968.896,33.279,timestamp_domain.system_time,27231671.000,78.000,1,27231671.000,27231687.000,16.000,16.000,27231687.000,16.000,1,1,pnp_visible_ransac,9,1.848,-14.4840,-0.520056,2.844070,-10.3624,256,391
2026-09-03T19:08:18.111,428,STAGING_PLAN,STAGING_PLAN,1015,3,1788430098068.914,100.018,timestamp_domain.system_time,27231750.000,79.000,1,27231750.000,27231765.000,15.000,15.000,27231765.000,15.000,1,1,pnp_visible_ransac,9,1.775,-14.4395,-0.519092,2.847709,-10.3307,257,392
2026-09-03T19:08:18.194,429,WAYPOINT_TURN,WAYPOINT_TURN,1017,2,1788430098135.579,66.666,timestamp_domain.system_time,27231828.000,78.000,1,27231828.000,27231859.000,31.000,31.000,27231859.000,31.000,1,1,pnp_visible_ransac,9,1.722,-15.0530,-0.515501,2.848536,-10.2578,258,393
2026-09-03T19:08:18.296,430,WAYPOINT_TURN,WAYPOINT_TURN,1020,3,1788430098235.752,100.173,timestamp_domain.system_time,27231921.000,93.000,1,27231937.000,27231953.000,16.000,32.000,27231953.000,32.000,1,1,pnp_visible_ransac,9,1.898,-15.0811,-0.515875,2.835493,-10.3113,259,394
2026-09-03T19:08:18.384,431,WAYPOINT_TURN,WAYPOINT_TURN,1023,3,1788430098335.610,99.859,timestamp_domain.system_time,27232015.000,94.000,1,27232031.000,27232046.000,15.000,31.000,27232046.000,31.000,1,1,pnp_visible_ransac,9,1.735,-14.3145,-0.523274,2.839913,-10.4401,260,395
2026-09-03T19:08:18.455,432,WAYPOINT_TURN,WAYPOINT_TURN,1025,2,1788430098403.001,67.391,timestamp_domain.system_time,27232093.000,78.000,1,27232093.000,27232109.000,16.000,16.000,27232109.000,16.000,1,1,pnp_visible_ransac,9,1.815,-14.4894,-0.517711,2.841749,-10.3249,261,396
2026-09-03T19:08:18.524,433,WAYPOINT_TURN,WAYPOINT_TURN,1027,2,1788430098469.290,66.289,timestamp_domain.system_time,27232171.000,78.000,1,27232171.000,27232187.000,16.000,16.000,27232187.000,16.000,1,1,pnp_visible_ransac,9,1.691,-15.2825,-0.520421,2.859084,-10.3162,262,397
2026-09-03T19:08:18.591,434,WAYPOINT_TURN,WAYPOINT_TURN,1030,3,1788430098569.250,99.960,timestamp_domain.system_time,27232234.000,63.000,1,27232234.000,27232250.000,16.000,16.000,27232250.000,16.000,1,1,pnp_visible_ransac,9,1.741,-14.2049,-0.520379,2.850415,-10.3461,263,398
2026-09-03T19:08:18.660,435,WAYPOINT_TURN,WAYPOINT_TURN,1032,2,1788430098636.007,66.757,timestamp_domain.system_time,27232296.000,62.000,1,27232296.000,27232312.000,16.000,16.000,27232312.000,16.000,1,1,pnp_visible_ransac,9,1.656,-14.9289,-0.520789,2.850034,-10.3555,264,399
2026-09-03T19:08:18.738,436,WAYPOINT_TURN,WAYPOINT_TURN,1034,2,1788430098702.717,66.710,timestamp_domain.system_time,27232375.000,79.000,1,27232375.000,27232390.000,15.000,15.000,27232390.000,15.000,1,1,pnp_visible_ransac,9,1.747,-15.0601,-0.517381,2.854281,-10.2742,265,400
2026-09-03T19:08:18.817,437,WAYPOINT_TURN,WAYPOINT_TURN,1036,2,1788430098769.570,66.853,timestamp_domain.system_time,27232453.000,78.000,1,27232453.000,27232468.000,15.000,15.000,27232468.000,15.000,1,1,pnp_visible_ransac,9,1.825,-14.1203,-0.515556,2.841509,-10.2837,266,401
2026-09-03T19:08:18.892,438,WAYPOINT_TURN,WAYPOINT_TURN,1038,2,1788430098836.216,66.646,timestamp_domain.system_time,27232531.000,78.000,1,27232531.000,27232546.000,15.000,15.000,27232546.000,15.000,1,1,pnp_visible_ransac,9,1.681,-15.4602,-0.512727,2.850441,-10.1971,267,402
2026-09-03T19:08:18.969,439,WAYPOINT_TURN_SETTLE,WAYPOINT_TURN_SETTLE,1041,3,1788430098936.359,100.143,timestamp_domain.system_time,27232609.000,78.000,1,27232609.000,27232625.000,16.000,16.000,27232625.000,16.000,1,1,pnp_visible_ransac,9,1.823,-14.4496,-0.519040,2.849190,-10.3244,268,403
2026-09-03T19:08:19.041,440,WAYPOINT_TURN_SETTLE,WAYPOINT_TURN_SETTLE,1043,2,1788430099002.972,66.613,timestamp_domain.system_time,27232687.000,78.000,1,27232687.000,27232703.000,16.000,16.000,27232703.000,16.000,1,1,pnp_visible_ransac,9,1.723,-14.5187,-0.517315,2.852953,-10.2776,269,404
2026-09-03T19:08:19.108,441,WAYPOINT_TURN_SETTLE,WAYPOINT_TURN_SETTLE,1045,2,1788430099069.460,66.488,timestamp_domain.system_time,27232750.000,63.000,1,27232750.000,27232765.000,15.000,15.000,27232765.000,15.000,1,1,pnp_visible_ransac,9,1.742,-15.2239,-0.514235,2.851691,-10.2221,270,405
2026-09-03T19:08:19.175,442,WAYPOINT_TURN_SETTLE,WAYPOINT_TURN_SETTLE,1047,2,1788430099136.334,66.874,timestamp_domain.system_time,27232812.000,62.000,1,27232828.000,27232828.000,0.000,16.000,27232828.000,16.000,1,1,pnp_visible_ransac,9,1.864,-15.0345,-0.513231,2.838845,-10.2477,271,406
2026-09-03T19:08:19.240,443,WAYPOINT_TURN_SETTLE,WAYPOINT_TURN_SETTLE,1049,2,1788430099202.992,66.658,timestamp_domain.system_time,27232875.000,63.000,1,27232890.000,27232906.000,16.000,31.000,27232906.000,31.000,1,1,pnp_visible_ransac,9,1.687,-14.8180,-0.518917,2.857657,-10.2921,272,407
2026-09-03T19:08:19.305,444,WAYPOINT_TURN_SETTLE,WAYPOINT_TURN_SETTLE,1051,2,1788430099269.844,66.852,timestamp_domain.system_time,27232953.000,78.000,1,27232953.000,27232968.000,15.000,15.000,27232968.000,15.000,1,1,pnp_visible_ransac,9,2.187,-14.3644,-0.516434,2.823373,-10.3656,273,408
2026-09-03T19:08:19.375,445,WAYPOINT_TURN_SETTLE,WAYPOINT_TURN_SETTLE,1053,2,1788430099336.485,66.642,timestamp_domain.system_time,27233015.000,62.000,1,27233015.000,27233031.000,16.000,16.000,27233031.000,16.000,1,1,pnp_visible_ransac,9,1.737,-15.2828,-0.515334,2.855148,-10.2313,274,409
2026-09-03T19:08:19.442,446,WAYPOINT_TURN_SETTLE,WAYPOINT_TURN_SETTLE,1055,2,1788430099403.070,66.585,timestamp_domain.system_time,27233078.000,63.000,1,27233093.000,27233093.000,0.000,15.000,27233093.000,15.000,1,1,pnp_visible_ransac,9,1.756,-14.8896,-0.523591,2.864759,-10.3576,275,410
2026-09-03T19:08:19.510,447,WAYPOINT_TURN_SETTLE,WAYPOINT_TURN_SETTLE,1057,2,1788430099469.865,66.794,timestamp_domain.system_time,27233156.000,78.000,1,27233156.000,27233171.000,15.000,15.000,27233171.000,15.000,1,1,pnp_visible_ransac,9,1.798,-14.7112,-0.515547,2.841279,-10.2844,276,411
2026-09-03T19:08:19.583,448,WAYPOINT_TURN_SETTLE,WAYPOINT_TURN_SETTLE,1059,2,1788430099536.740,66.876,timestamp_domain.system_time,27233218.000,62.000,1,27233234.000,27233234.000,0.000,16.000,27233250.000,32.000,1,1,pnp_visible_ransac,9,1.853,-14.0103,-0.514042,2.836255,-10.2728,277,412
2026-09-03T19:08:19.659,449,WAYPOINT_TURN_SETTLE,WAYPOINT_TURN_SETTLE,1061,2,1788430099603.402,66.662,timestamp_domain.system_time,27233296.000,78.000,1,27233296.000,27233312.000,16.000,16.000,27233312.000,16.000,1,1,pnp_visible_ransac,9,1.902,-14.5154,-0.515433,2.837950,-10.2939,278,413
2026-09-03T19:08:19.735,450,WAYPOINT_TURN_SETTLE,WAYPOINT_TURN_SETTLE,1064,3,1788430099703.222,99.820,timestamp_domain.system_time,27233375.000,79.000,1,27233375.000,27233390.000,15.000,15.000,27233390.000,15.000,1,1,pnp_visible_ransac,9,1.975,-14.8648,-0.513196,2.839879,-10.2434,279,414
2026-09-03T19:08:19.811,451,WAYPOINT_TURN_SETTLE,WAYPOINT_TURN_SETTLE,1066,2,1788430099770.246,67.024,timestamp_domain.system_time,27233453.000,78.000,1,27233453.000,27233468.000,15.000,15.000,27233468.000,15.000,1,1,pnp_visible_ransac,9,1.812,-14.2842,-0.522215,2.868860,-10.3165,280,415
2026-09-03T19:08:19.882,452,WAYPOINT_TURN_SETTLE,WAYPOINT_TURN_SETTLE,1068,2,1788430099836.939,66.692,timestamp_domain.system_time,27233515.000,62.000,1,27233531.000,27233546.000,15.000,31.000,27233546.000,31.000,1,1,pnp_visible_ransac,9,1.671,-14.8837,-0.514836,2.862958,-10.1943,281,416
2026-09-03T19:08:19.952,453,WAYPOINT_TURN_SETTLE,WAYPOINT_TURN_SETTLE,1070,2,1788430099903.756,66.817,timestamp_domain.system_time,27233593.000,78.000,1,27233593.000,27233609.000,16.000,16.000,27233609.000,16.000,1,1,pnp_visible_ransac,9,1.732,-15.2916,-0.513380,2.848044,-10.2182,282,417
2026-09-03T19:08:20.197,454,WAYPOINT_TURN_SETTLE,WAYPOINT_TURN_SETTLE,1074,4,1788430100037.328,133.572,timestamp_domain.system_time,27233843.000,250.000,1,27233843.000,27233859.000,16.000,16.000,27233859.000,16.000,1,1,pnp_visible_ransac,9,1.918,-15.2203,-0.523992,2.883953,-10.2979,283,418
2026-09-03T19:08:20.261,455,WAYPOINT_TURN_SETTLE,WAYPOINT_TURN_SETTLE,1080,6,1788430100237.109,199.781,timestamp_domain.system_time,27233906.000,63.000,1,27233906.000,27233921.000,15.000,15.000,27233921.000,15.000,1,1,pnp_visible_ransac,9,1.668,-14.7428,-0.518968,2.861772,-10.2786,284,419
2026-09-03T19:08:20.328,456,WAYPOINT_TURN_SETTLE,WAYPOINT_TURN_SETTLE,1082,2,1788430100303.587,66.478,timestamp_domain.system_time,27233968.000,62.000,1,27233968.000,27233984.000,16.000,16.000,27233984.000,16.000,1,1,pnp_visible_ransac,9,1.710,-15.0916,-0.519322,2.869305,-10.2590,285,420
2026-09-03T19:08:20.424,457,WAYPOINT_TURN_SETTLE,WAYPOINT_TURN_SETTLE,1084,2,1788430100370.448,66.860,timestamp_domain.system_time,27234046.000,78.000,1,27234062.000,27234078.000,16.000,32.000,27234078.000,32.000,1,1,pnp_visible_ransac,9,1.918,-14.7798,-0.509650,2.829117,-10.2120,286,421
2026-09-03T19:08:20.551,458,WAYPOINT_TURN_SETTLE,WAYPOINT_TURN_SETTLE,1088,4,1788430100504.298,133.851,timestamp_domain.system_time,27234171.000,125.000,1,27234187.000,27234203.000,16.000,32.000,27234203.000,32.000,1,1,pnp_visible_ransac,9,1.920,-15.0281,-0.513581,2.835192,-10.2675,287,422
2026-09-03T19:08:20.660,459,WAYPOINT_TURN_SETTLE,WAYPOINT_TURN_SETTLE,1091,3,1788430100604.308,100.010,timestamp_domain.system_time,27234296.000,125.000,1,27234296.000,27234312.000,16.000,16.000,27234312.000,16.000,1,1,pnp_visible_ransac,9,1.933,-15.4436,-0.513413,2.847780,-10.2198,288,423
2026-09-03T19:08:20.740,460,WAYPOINT_TURN_SETTLE,WAYPOINT_TURN_SETTLE,1094,3,1788430100704.516,100.208,timestamp_domain.system_time,27234375.000,79.000,1,27234390.000,27234406.000,16.000,31.000,27234406.000,31.000,1,1,pnp_visible_ransac,9,1.622,-14.8597,-0.515977,2.866620,-10.2037,289,424
2026-09-03T19:08:20.812,461,WAYPOINT_TURN_SETTLE,WAYPOINT_TURN_SETTLE,1096,2,1788430100770.983,66.467,timestamp_domain.system_time,27234453.000,78.000,1,27234453.000,27234468.000,15.000,15.000,27234468.000,15.000,1,1,pnp_visible_ransac,9,1.841,-14.9745,-0.517327,2.852707,-10.2787,290,425
2026-09-03T19:08:20.879,462,WAYPOINT_TURN_SETTLE,WAYPOINT_TURN_SETTLE,1098,2,1788430100837.550,66.567,timestamp_domain.system_time,27234515.000,62.000,1,27234531.000,27234531.000,0.000,16.000,27234531.000,16.000,1,1,pnp_visible_ransac,9,1.749,-14.9180,-0.516194,2.838919,-10.3054,291,426
2026-09-03T19:08:20.946,463,WAYPOINT_TURN_SETTLE,WAYPOINT_TURN_SETTLE,1100,2,1788430100904.322,66.772,timestamp_domain.system_time,27234593.000,78.000,1,27234593.000,27234609.000,16.000,16.000,27234609.000,16.000,1,1,pnp_visible_ransac,9,1.723,-15.5401,-0.518929,2.855453,-10.3001,292,427
2026-09-03T19:08:21.011,464,WAYPOINT_TURN_SETTLE,WAYPOINT_TURN_SETTLE,1102,2,1788430100971.052,66.730,timestamp_domain.system_time,27234656.000,63.000,1,27234656.000,27234671.000,15.000,15.000,27234671.000,15.000,1,1,pnp_visible_ransac,9,1.859,-14.7945,-0.521906,2.871813,-10.3002,293,428
2026-09-03T19:08:21.077,465,WAYPOINT_TURN_SETTLE,WAYPOINT_TURN_SETTLE,1104,2,1788430101037.739,66.687,timestamp_domain.system_time,27234718.000,62.000,1,27234718.000,27234734.000,16.000,16.000,27234734.000,16.000,1,1,pnp_visible_ransac,9,1.957,-14.2385,-0.517965,2.835838,-10.3510,294,429
2026-09-03T19:08:21.141,466,WAYPOINT_TURN_SETTLE,WAYPOINT_TURN_SETTLE,1106,2,1788430101104.353,66.614,timestamp_domain.system_time,27234781.000,63.000,1,27234781.000,27234796.000,15.000,15.000,27234796.000,15.000,1,1,pnp_visible_ransac,9,1.755,-15.0279,-0.516852,2.859263,-10.2464,295,430
2026-09-03T19:08:21.208,467,WAYPOINT_TURN_SETTLE,WAYPOINT_TURN_SETTLE,1108,2,1788430101171.212,66.859,timestamp_domain.system_time,27234843.000,62.000,1,27234859.000,27234859.000,0.000,16.000,27234875.000,32.000,1,1,pnp_visible_ransac,9,1.680,-15.1887,-0.517640,2.853005,-10.2837,296,431
2026-09-03T19:08:21.272,468,WAYPOINT_TURN_SETTLE,WAYPOINT_TURN_SETTLE,1110,2,1788430101237.905,66.693,timestamp_domain.system_time,27234906.000,63.000,1,27234921.000,27234937.000,16.000,31.000,27234937.000,31.000,1,1,pnp_visible_ransac,9,1.797,-14.6370,-0.519290,2.849002,-10.3299,297,432
2026-09-03T19:08:21.337,469,WAYPOINT_TURN_SETTLE,WAYPOINT_TURN_SETTLE,1112,2,1788430101304.538,66.633,timestamp_domain.system_time,27234984.000,78.000,1,27234984.000,27235000.000,16.000,16.000,27235000.000,16.000,1,1,pnp_visible_ransac,9,2.094,-14.2356,-0.513112,2.825933,-10.2912,298,433
2026-09-03T19:08:21.401,470,WAYPOINT_TURN_SETTLE,WAYPOINT_TURN_SETTLE,1114,2,1788430101371.280,66.743,timestamp_domain.system_time,27235046.000,62.000,1,27235046.000,27235062.000,16.000,16.000,27235062.000,16.000,1,1,pnp_visible_ransac,9,1.772,-15.2683,-0.515639,2.853386,-10.2435,299,434
2026-09-03T19:08:21.464,471,WAYPOINT_TURN_SETTLE,WAYPOINT_TURN_SETTLE,1116,2,1788430101437.919,66.638,timestamp_domain.system_time,27235109.000,63.000,1,27235109.000,27235125.000,16.000,16.000,27235125.000,16.000,1,1,pnp_visible_ransac,9,1.907,-14.7054,-0.517588,2.843032,-10.3180,300,435
2026-09-03T19:08:21.528,472,WAYPOINT_TURN_SETTLE,WAYPOINT_TURN_SETTLE,1118,2,1788430101504.771,66.852,timestamp_domain.system_time,27235171.000,62.000,1,27235171.000,27235187.000,16.000,16.000,27235187.000,16.000,1,1,pnp_visible_ransac,9,1.888,-14.8193,-0.514966,2.849092,-10.2454,301,436
2026-09-03T19:08:21.595,473,STAGING_PLAN,STAGING_PLAN,1120,2,1788430101571.398,66.627,timestamp_domain.system_time,27235234.000,63.000,1,27235234.000,27235250.000,16.000,16.000,27235250.000,16.000,1,1,pnp_visible_ransac,9,1.798,-14.8439,-0.517101,2.851189,-10.2796,302,437
2026-09-03T19:08:21.666,474,STAGING_PLAN,STAGING_PLAN,1122,2,1788430101638.203,66.805,timestamp_domain.system_time,27235312.000,78.000,1,27235312.000,27235328.000,16.000,16.000,27235328.000,16.000,1,1,pnp_visible_ransac,9,1.704,-15.0802,-0.518103,2.850471,-10.3016,303,438
2026-09-03T19:08:21.735,475,STAGING_PLAN,STAGING_PLAN,1124,2,1788430101704.738,66.535,timestamp_domain.system_time,27235375.000,63.000,1,27235375.000,27235390.000,15.000,15.000,27235390.000,15.000,1,1,pnp_visible_ransac,9,1.688,-14.8017,-0.518102,2.861731,-10.2620,304,439
2026-09-03T19:08:21.806,476,STAGING_PLAN,STAGING_PLAN,1126,2,1788430101771.550,66.812,timestamp_domain.system_time,27235453.000,78.000,1,27235453.000,27235468.000,15.000,15.000,27235468.000,15.000,1,1,pnp_visible_ransac,9,1.806,-14.7116,-0.516185,2.842618,-10.2921,305,440
2026-09-03T19:08:21.873,477,STAGING_PLAN,STAGING_PLAN,1128,2,1788430101838.392,66.842,timestamp_domain.system_time,27235515.000,62.000,1,27235515.000,27235531.000,16.000,16.000,27235531.000,16.000,1,1,pnp_visible_ransac,9,1.964,-14.8504,-0.511612,2.836333,-10.2250,306,441
2026-09-03T19:08:21.935,478,STAGING_PLAN,STAGING_PLAN,1130,2,1788430101904.926,66.534,timestamp_domain.system_time,27235578.000,63.000,1,27235578.000,27235593.000,15.000,15.000,27235593.000,15.000,1,1,pnp_visible_ransac,9,1.785,-14.8331,-0.516073,2.837819,-10.3069,307,442
2026-09-03T19:08:22.001,479,STAGING_PLAN,STAGING_PLAN,1132,2,1788430101971.658,66.732,timestamp_domain.system_time,27235640.000,62.000,1,27235640.000,27235656.000,16.000,16.000,27235656.000,16.000,1,1,pnp_visible_ransac,9,1.913,-14.6827,-0.515685,2.830571,-10.3251,308,443
2026-09-03T19:08:22.065,480,STAGING_PLAN,STAGING_PLAN,1134,2,1788430102038.395,66.737,timestamp_domain.system_time,27235703.000,63.000,1,27235703.000,27235718.000,15.000,15.000,27235718.000,15.000,1,1,pnp_visible_ransac,9,1.735,-15.4377,-0.515072,2.853171,-10.2332,309,444
2026-09-03T19:08:22.131,481,STAGING_PLAN,STAGING_PLAN,1136,2,1788430102105.044,66.649,timestamp_domain.system_time,27235781.000,78.000,1,27235781.000,27235796.000,15.000,15.000,27235796.000,15.000,1,1,pnp_visible_ransac,9,1.674,-15.0781,-0.516226,2.847234,-10.2765,310,445
2026-09-03T19:08:22.197,482,STAGING_PLAN,STAGING_PLAN,1138,2,1788430102172.615,67.571,timestamp_domain.system_time,27235843.000,62.000,1,27235843.000,27235859.000,16.000,16.000,27235859.000,16.000,1,1,pnp_visible_ransac,9,1.876,-15.0825,-0.514096,2.852487,-10.2166,311,446
2026-09-03T19:08:22.262,483,WAYPOINT_TURN,WAYPOINT_TURN,1139,1,1788430102205.229,32.614,timestamp_domain.system_time,27235906.000,63.000,1,27235906.000,27235921.000,15.000,15.000,27235921.000,15.000,1,1,pnp_visible_ransac,9,1.782,-14.5010,-0.517509,2.848942,-10.2955,312,447
2026-09-03T19:08:22.370,484,WAYPOINT_TURN,WAYPOINT_TURN,1140,1,1788430102238.754,33.526,timestamp_domain.system_time,27236000.000,94.000,1,27236015.000,27236031.000,16.000,31.000,27236031.000,31.000,1,1,pnp_visible_ransac,9,1.738,-14.1861,-0.518260,2.833645,-10.3646,313,448
2026-09-03T19:08:22.438,485,WAYPOINT_TURN,WAYPOINT_TURN,1145,5,1788430102405.236,166.482,timestamp_domain.system_time,27236078.000,78.000,1,27236078.000,27236093.000,15.000,15.000,27236093.000,15.000,1,1,pnp_visible_ransac,9,1.806,-14.7652,-0.516628,2.840439,-10.3085,314,449
2026-09-03T19:08:22.504,486,WAYPOINT_TURN,WAYPOINT_TURN,1147,2,1788430102472.061,66.825,timestamp_domain.system_time,27236140.000,62.000,1,27236156.000,27236156.000,0.000,16.000,27236156.000,16.000,1,1,pnp_visible_ransac,9,1.846,-15.1246,-0.510219,2.830842,-10.2171,315,450
2026-09-03T19:08:22.576,487,WAYPOINT_TURN,WAYPOINT_TURN,1149,2,1788430102538.589,66.528,timestamp_domain.system_time,27236218.000,78.000,1,27236218.000,27236234.000,16.000,16.000,27236234.000,16.000,1,1,pnp_visible_ransac,9,2.104,-14.2344,-0.517851,2.834453,-10.3537,316,451
2026-09-03T19:08:22.649,488,WAYPOINT_TURN,WAYPOINT_TURN,1151,2,1788430102605.290,66.701,timestamp_domain.system_time,27236296.000,78.000,1,27236296.000,27236312.000,16.000,16.000,27236312.000,16.000,1,1,pnp_visible_ransac,9,1.724,-15.5282,-0.515930,2.863574,-10.2134,317,452
2026-09-03T19:08:22.733,489,WAYPOINT_TURN,WAYPOINT_TURN,1154,3,1788430102705.496,100.206,timestamp_domain.system_time,27236375.000,79.000,1,27236375.000,27236390.000,15.000,15.000,27236390.000,15.000,1,1,pnp_visible_ransac,9,1.971,-14.2339,-0.516109,2.832392,-10.3270,318,453
2026-09-03T19:08:22.814,490,WAYPOINT_TURN,WAYPOINT_TURN,1156,2,1788430102772.263,66.767,timestamp_domain.system_time,27236453.000,78.000,1,27236453.000,27236468.000,15.000,15.000,27236468.000,15.000,1,1,pnp_visible_ransac,9,1.857,-15.0490,-0.513916,2.841755,-10.2508,319,454
2026-09-03T19:08:22.891,491,WAYPOINT_TURN,WAYPOINT_TURN,1158,2,1788430102838.878,66.615,timestamp_domain.system_time,27236531.000,78.000,1,27236531.000,27236546.000,15.000,15.000,27236546.000,15.000,1,1,pnp_visible_ransac,9,1.832,-14.8261,-0.514715,2.838764,-10.2770,320,455
2026-09-03T19:08:22.972,492,WAYPOINT_TURN,WAYPOINT_TURN,1161,3,1788430102939.038,100.161,timestamp_domain.system_time,27236609.000,78.000,1,27236609.000,27236625.000,16.000,16.000,27236625.000,16.000,1,1,pnp_visible_ransac,9,1.888,-14.3559,-0.513539,2.823988,-10.3066,321,456
2026-09-03T19:08:23.050,493,WAYPOINT_TURN,WAYPOINT_TURN,1163,2,1788430103005.804,66.765,timestamp_domain.system_time,27236687.000,78.000,1,27236687.000,27236703.000,16.000,16.000,27236703.000,16.000,1,1,pnp_visible_ransac,9,1.757,-15.1166,-0.512510,2.840861,-10.2265,322,457
2026-09-03T19:08:23.154,494,WAYPOINT_TURN_SETTLE,WAYPOINT_TURN_SETTLE,1166,3,1788430103105.774,99.970,timestamp_domain.system_time,27236781.000,94.000,1,27236796.000,27236812.000,16.000,31.000,27236812.000,31.000,1,1,pnp_visible_ransac,9,1.663,-15.2010,-0.518040,2.867903,-10.2391,323,458
2026-09-03T19:08:23.239,495,WAYPOINT_TURN_SETTLE,WAYPOINT_TURN_SETTLE,1168,2,1788430103172.320,66.546,timestamp_domain.system_time,27236875.000,94.000,1,27236875.000,27236890.000,15.000,15.000,27236906.000,31.000,1,1,pnp_visible_ransac,9,1.779,-15.4022,-0.518840,2.844492,-10.3372,324,459
2026-09-03T19:08:23.328,496,WAYPOINT_TURN_SETTLE,WAYPOINT_TURN_SETTLE,1171,3,1788430103272.852,100.532,timestamp_domain.system_time,27236968.000,93.000,1,27236968.000,27236984.000,16.000,16.000,27236984.000,16.000,1,1,pnp_visible_ransac,9,1.662,-13.7792,-0.522583,2.851901,-10.3837,325,460
2026-09-03T19:08:23.393,497,WAYPOINT_TURN_SETTLE,WAYPOINT_TURN_SETTLE,1173,2,1788430103339.287,66.435,timestamp_domain.system_time,27237031.000,63.000,1,27237046.000,27237046.000,0.000,15.000,27237046.000,15.000,1,1,pnp_visible_ransac,9,1.687,-14.4840,-0.520613,2.851562,-10.3466,326,461
2026-09-03T19:08:23.460,498,WAYPOINT_TURN_SETTLE,WAYPOINT_TURN_SETTLE,1175,2,1788430103405.971,66.684,timestamp_domain.system_time,27237109.000,78.000,1,27237109.000,27237125.000,16.000,16.000,27237125.000,16.000,1,1,pnp_visible_ransac,9,1.619,-14.7070,-0.520217,2.860215,-10.3083,327,462
2026-09-03T19:08:23.525,499,WAYPOINT_TURN_SETTLE,WAYPOINT_TURN_SETTLE,1177,2,1788430103472.717,66.746,timestamp_domain.system_time,27237171.000,62.000,1,27237171.000,27237187.000,16.000,16.000,27237187.000,16.000,1,1,pnp_visible_ransac,9,1.994,-14.0968,-0.518445,2.824409,-10.4014,328,463
2026-09-03T19:08:23.590,500,WAYPOINT_TURN_SETTLE,WAYPOINT_TURN_SETTLE,1179,2,1788430103539.562,66.845,timestamp_domain.system_time,27237234.000,63.000,1,27237234.000,27237250.000,16.000,16.000,27237250.000,16.000,1,1,pnp_visible_ransac,9,1.702,-15.0603,-0.516344,2.852110,-10.2617,329,464
2026-09-03T19:08:23.656,501,WAYPOINT_TURN_SETTLE,WAYPOINT_TURN_SETTLE,1181,2,1788430103606.161,66.599,timestamp_domain.system_time,27237296.000,62.000,1,27237296.000,27237312.000,16.000,16.000,27237312.000,16.000,1,1,pnp_visible_ransac,9,1.684,-14.6866,-0.519812,2.846908,-10.3476,330,465
2026-09-03T19:08:23.727,502,WAYPOINT_TURN_SETTLE,WAYPOINT_TURN_SETTLE,1183,2,1788430103673.040,66.879,timestamp_domain.system_time,27237359.000,63.000,1,27237375.000,27237390.000,15.000,31.000,27237390.000,31.000,1,1,pnp_visible_ransac,9,1.778,-14.8654,-0.516347,2.852770,-10.2594,331,466
2026-09-03T19:08:23.804,503,WAYPOINT_TURN_SETTLE,WAYPOINT_TURN_SETTLE,1186,3,1788430103773.068,100.028,timestamp_domain.system_time,27237437.000,78.000,1,27237453.000,27237468.000,15.000,31.000,27237468.000,31.000,1,1,pnp_visible_ransac,9,1.788,-15.3759,-0.515583,2.860051,-10.2190,332,467
2026-09-03T19:08:23.878,504,WAYPOINT_TURN_SETTLE,WAYPOINT_TURN_SETTLE,1188,2,1788430103839.904,66.836,timestamp_domain.system_time,27237515.000,78.000,1,27237515.000,27237531.000,16.000,16.000,27237531.000,16.000,1,1,pnp_visible_ransac,9,1.702,-15.8110,-0.519528,2.870104,-10.2602,333,468
2026-09-03T19:08:23.953,505,WAYPOINT_TURN_SETTLE,WAYPOINT_TURN_SETTLE,1190,2,1788430103906.386,66.482,timestamp_domain.system_time,27237593.000,78.000,1,27237593.000,27237609.000,16.000,16.000,27237609.000,16.000,1,1,pnp_visible_ransac,9,1.799,-14.7495,-0.515044,2.850486,-10.2421,334,469
2026-09-03T19:08:24.023,506,WAYPOINT_TURN_SETTLE,WAYPOINT_TURN_SETTLE,1192,2,1788430103973.283,66.897,timestamp_domain.system_time,27237656.000,63.000,1,27237671.000,27237687.000,16.000,31.000,27237687.000,31.000,1,1,pnp_visible_ransac,9,1.757,-14.1709,-0.519696,2.847661,-10.3426,335,470
2026-09-03T19:08:24.094,507,WAYPOINT_TURN_SETTLE,WAYPOINT_TURN_SETTLE,1194,2,1788430104040.202,66.919,timestamp_domain.system_time,27237734.000,78.000,1,27237734.000,27237750.000,16.000,16.000,27237750.000,16.000,1,1,pnp_visible_ransac,9,1.748,-15.6266,-0.514138,2.853348,-10.2144,336,471
2026-09-03T19:08:24.162,508,WAYPOINT_TURN_SETTLE,WAYPOINT_TURN_SETTLE,1196,2,1788430104106.689,66.488,timestamp_domain.system_time,27237796.000,62.000,1,27237812.000,27237828.000,16.000,32.000,27237828.000,32.000,1,1,pnp_visible_ransac,9,1.851,-15.0256,-0.517217,2.834265,-10.3420,337,472
2026-09-03T19:08:24.229,509,WAYPOINT_TURN_SETTLE,WAYPOINT_TURN_SETTLE,1199,3,1788430104206.614,99.925,timestamp_domain.system_time,27237875.000,79.000,1,27237875.000,27237890.000,15.000,15.000,27237890.000,15.000,1,1,pnp_visible_ransac,9,1.764,-14.3224,-0.521636,2.852513,-10.3631,338,473
2026-09-03T19:08:24.299,510,WAYPOINT_TURN_SETTLE,WAYPOINT_TURN_SETTLE,1201,2,1788430104273.304,66.690,timestamp_domain.system_time,27237937.000,62.000,1,27237937.000,27237953.000,16.000,16.000,27237953.000,16.000,1,1,pnp_visible_ransac,9,1.691,-14.4129,-0.523359,2.852037,-10.3983,339,474
2026-09-03T19:08:24.371,511,WAYPOINT_TURN_SETTLE,WAYPOINT_TURN_SETTLE,1203,2,1788430104340.074,66.770,timestamp_domain.system_time,27238015.000,78.000,1,27238015.000,27238031.000,16.000,16.000,27238031.000,16.000,1,1,pnp_visible_ransac,9,1.870,-14.4814,-0.516828,2.823424,-10.3732,340,475
2026-09-03T19:08:24.441,512,WAYPOINT_TURN_SETTLE,WAYPOINT_TURN_SETTLE,1205,2,1788430104406.792,66.719,timestamp_domain.system_time,27238078.000,63.000,1,27238093.000,27238093.000,0.000,15.000,27238093.000,15.000,1,1,pnp_visible_ransac,9,1.817,-15.2138,-0.515479,2.858445,-10.2226,341,476
2026-09-03T19:08:24.510,513,WAYPOINT_TURN_SETTLE,WAYPOINT_TURN_SETTLE,1207,2,1788430104473.484,66.692,timestamp_domain.system_time,27238156.000,78.000,1,27238156.000,27238171.000,15.000,15.000,27238171.000,15.000,1,1,pnp_visible_ransac,9,1.831,-15.5006,-0.511767,2.841336,-10.2103,342,477
2026-09-03T19:08:24.574,514,WAYPOINT_TURN_SETTLE,WAYPOINT_TURN_SETTLE,1209,2,1788430104540.177,66.692,timestamp_domain.system_time,27238218.000,62.000,1,27238218.000,27238234.000,16.000,16.000,27238234.000,16.000,1,1,pnp_visible_ransac,9,1.737,-14.7658,-0.519870,2.841295,-10.3687,343,478
2026-09-03T19:08:24.638,515,WAYPOINT_TURN_SETTLE,WAYPOINT_TURN_SETTLE,1211,2,1788430104606.816,66.640,timestamp_domain.system_time,27238281.000,63.000,1,27238281.000,27238296.000,15.000,15.000,27238296.000,15.000,1,1,pnp_visible_ransac,9,1.690,-14.9530,-0.514688,2.852365,-10.2285,344,479
2026-09-03T19:08:24.704,516,WAYPOINT_TURN_SETTLE,WAYPOINT_TURN_SETTLE,1213,2,1788430104673.543,66.726,timestamp_domain.system_time,27238343.000,62.000,1,27238343.000,27238359.000,16.000,16.000,27238359.000,16.000,1,1,pnp_visible_ransac,9,1.761,-14.8551,-0.517940,2.845061,-10.3176,345,480
2026-09-03T19:08:24.782,517,WAYPOINT_TURN_SETTLE,WAYPOINT_TURN_SETTLE,1215,2,1788430104740.239,66.696,timestamp_domain.system_time,27238421.000,78.000,1,27238421.000,27238437.000,16.000,16.000,27238437.000,16.000,1,1,pnp_visible_ransac,9,1.730,-14.3351,-0.519084,2.853008,-10.3118,346,481
2026-09-03T19:08:24.859,518,WAYPOINT_TURN_SETTLE,WAYPOINT_TURN_SETTLE,1217,2,1788430104806.986,66.747,timestamp_domain.system_time,27238500.000,79.000,1,27238500.000,27238515.000,15.000,15.000,27238515.000,15.000,1,1,pnp_visible_ransac,9,1.751,-15.4766,-0.517006,2.856261,-10.2599,347,482
2026-09-03T19:08:24.942,519,WAYPOINT_TURN_SETTLE,WAYPOINT_TURN_SETTLE,1220,3,1788430104906.937,99.951,timestamp_domain.system_time,27238578.000,78.000,1,27238578.000,27238593.000,15.000,15.000,27238609.000,31.000,1,1,pnp_visible_ransac,9,1.919,-14.8460,-0.512737,2.828199,-10.2758,348,483
2026-09-03T19:08:25.026,520,WAYPOINT_TURN_SETTLE,WAYPOINT_TURN_SETTLE,1222,2,1788430104973.723,66.786,timestamp_domain.system_time,27238671.000,93.000,1,27238671.000,27238687.000,16.000,16.000,27238687.000,16.000,1,1,pnp_visible_ransac,9,1.801,-14.9622,-0.516702,2.854081,-10.2617,349,484
2026-09-03T19:08:25.096,521,WAYPOINT_TURN_SETTLE,WAYPOINT_TURN_SETTLE,1224,2,1788430105040.427,66.704,timestamp_domain.system_time,27238734.000,63.000,1,27238734.000,27238750.000,16.000,16.000,27238750.000,16.000,1,1,pnp_visible_ransac,9,1.785,-14.6636,-0.515696,2.839277,-10.2944,350,485
2026-09-03T19:08:25.163,522,WAYPOINT_TURN_SETTLE,WAYPOINT_TURN_SETTLE,1227,3,1788430105140.555,100.128,timestamp_domain.system_time,27238812.000,78.000,1,27238812.000,27238828.000,16.000,16.000,27238828.000,16.000,1,1,pnp_visible_ransac,9,1.901,-14.9065,-0.518443,2.846710,-10.3216,351,486
2026-09-03T19:08:25.228,523,WAYPOINT_TURN_SETTLE,WAYPOINT_TURN_SETTLE,1228,1,1788430105173.963,33.409,timestamp_domain.system_time,27238875.000,63.000,1,27238875.000,27238890.000,15.000,15.000,27238890.000,15.000,1,1,pnp_visible_ransac,9,1.983,-14.7213,-0.516183,2.845757,-10.2809,352,487
2026-09-03T19:08:25.291,524,WAYPOINT_TURN_SETTLE,WAYPOINT_TURN_SETTLE,1230,2,1788430105240.658,66.695,timestamp_domain.system_time,27238937.000,62.000,1,27238937.000,27238953.000,16.000,16.000,27238953.000,16.000,1,1,pnp_visible_ransac,9,2.087,-14.0583,-0.514392,2.824602,-10.3211,353,488
2026-09-03T19:08:25.356,525,WAYPOINT_TURN_SETTLE,WAYPOINT_TURN_SETTLE,1232,2,1788430105307.291,66.632,timestamp_domain.system_time,27239000.000,63.000,1,27239000.000,27239015.000,15.000,15.000,27239015.000,15.000,1,1,pnp_visible_ransac,9,2.024,-14.4828,-0.519611,2.848416,-10.3383,354,489
2026-09-03T19:08:25.419,526,WAYPOINT_TURN_SETTLE,WAYPOINT_TURN_SETTLE,1234,2,1788430105374.395,67.104,timestamp_domain.system_time,27239062.000,62.000,1,27239062.000,27239078.000,16.000,16.000,27239078.000,16.000,1,1,pnp_visible_ransac,9,1.744,-14.9481,-0.517739,2.845390,-10.3126,355,490
2026-09-03T19:08:25.487,527,WAYPOINT_TURN_SETTLE,WAYPOINT_TURN_SETTLE,1236,2,1788430105440.721,66.326,timestamp_domain.system_time,27239125.000,63.000,1,27239125.000,27239140.000,15.000,15.000,27239140.000,15.000,1,1,pnp_visible_ransac,9,1.661,-14.7923,-0.521162,2.848232,-10.3691,356,491
2026-09-03T19:08:25.551,528,WAYPOINT_TURN_SETTLE,WAYPOINT_TURN_SETTLE,1238,2,1788430105507.439,66.718,timestamp_domain.system_time,27239187.000,62.000,1,27239203.000,27239203.000,0.000,16.000,27239203.000,16.000,1,1,pnp_visible_ransac,9,1.804,-14.8580,-0.514317,2.852492,-10.2209,357,492
2026-09-03T19:08:25.620,529,WAYPOINT_TURN_SETTLE,WAYPOINT_TURN_SETTLE,1240,2,1788430105574.190,66.751,timestamp_domain.system_time,27239265.000,78.000,1,27239265.000,27239281.000,16.000,16.000,27239281.000,16.000,1,1,pnp_visible_ransac,9,1.757,-15.4577,-0.518136,2.862289,-10.2606,358,493
2026-09-03T19:08:25.690,530,WAYPOINT_TURN_SETTLE,WAYPOINT_TURN_SETTLE,1242,2,1788430105640.912,66.722,timestamp_domain.system_time,27239328.000,63.000,1,27239328.000,27239343.000,15.000,15.000,27239343.000,15.000,1,1,pnp_visible_ransac,9,1.838,-14.7990,-0.515952,2.840744,-10.2942,359,494
2026-09-03T19:08:25.760,531,WAYPOINT_TURN_SETTLE,WAYPOINT_TURN_SETTLE,1244,2,1788430105707.701,66.789,timestamp_domain.system_time,27239406.000,78.000,1,27239406.000,27239421.000,15.000,15.000,27239421.000,15.000,1,1,pnp_visible_ransac,9,1.770,-14.7552,-0.516177,2.844655,-10.2847,360,495
2026-09-03T19:08:25.829,532,STAGING_PLAN,STAGING_PLAN,1246,2,1788430105774.646,66.944,timestamp_domain.system_time,27239468.000,62.000,1,27239468.000,27239484.000,16.000,16.000,27239484.000,16.000,1,1,pnp_visible_ransac,9,1.849,-14.6152,-0.513552,2.834895,-10.2680,361,496
2026-09-03T19:08:25.895,533,STAGING_PLAN,STAGING_PLAN,1248,2,1788430105841.126,66.481,timestamp_domain.system_time,27239531.000,63.000,1,27239546.000,27239546.000,0.000,15.000,27239546.000,15.000,1,1,pnp_visible_ransac,9,1.873,-14.2176,-0.516805,2.835857,-10.3282,362,497
2026-09-03T19:08:25.958,534,STAGING_PLAN,STAGING_PLAN,1250,2,1788430105907.742,66.616,timestamp_domain.system_time,27239593.000,62.000,1,27239609.000,27239625.000,16.000,32.000,27239625.000,32.000,1,1,pnp_visible_ransac,9,1.939,-14.8835,-0.519860,2.857579,-10.3107,363,498
2026-09-03T19:08:26.023,535,STAGING_PLAN,STAGING_PLAN,1252,2,1788430105974.399,66.657,timestamp_domain.system_time,27239671.000,78.000,1,27239671.000,27239687.000,16.000,16.000,27239687.000,16.000,1,1,pnp_visible_ransac,9,1.756,-14.6544,-0.515977,2.844653,-10.2808,364,499
2026-09-03T19:08:26.085,536,STAGING_PLAN,STAGING_PLAN,1254,2,1788430106041.301,66.902,timestamp_domain.system_time,27239734.000,63.000,1,27239734.000,27239750.000,16.000,16.000,27239750.000,16.000,1,1,pnp_visible_ransac,9,1.720,-14.6163,-0.518759,2.858178,-10.2872,365,500
2026-09-03T19:08:26.149,537,STAGING_PLAN,STAGING_PLAN,1256,2,1788430106107.871,66.570,timestamp_domain.system_time,27239796.000,62.000,1,27239796.000,27239812.000,16.000,16.000,27239812.000,16.000,1,1,pnp_visible_ransac,9,1.840,-14.7349,-0.521253,2.867394,-10.3031,366,501
2026-09-03T19:08:26.212,538,STAGING_PLAN,STAGING_PLAN,1258,2,1788430106174.654,66.783,timestamp_domain.system_time,27239859.000,63.000,1,27239859.000,27239875.000,16.000,16.000,27239875.000,16.000,1,1,pnp_visible_ransac,9,1.740,-15.6401,-0.516988,2.859325,-10.2488,367,502
2026-09-03T19:08:26.276,539,STAGING_PLAN,STAGING_PLAN,1259,1,1788430106208.604,33.950,timestamp_domain.system_time,27239921.000,62.000,1,27239921.000,27239937.000,16.000,16.000,27239937.000,16.000,1,1,pnp_visible_ransac,9,1.676,-15.0216,-0.519513,2.854744,-10.3140,368,503
2026-09-03T19:08:26.365,540,STAGING_PLAN,STAGING_PLAN,1262,3,1788430106308.469,99.865,timestamp_domain.system_time,27240000.000,79.000,1,27240015.000,27240031.000,16.000,31.000,27240031.000,31.000,1,1,pnp_visible_ransac,9,1.654,-15.2977,-0.518142,2.851275,-10.2996,369,504
2026-09-03T19:08:26.435,541,STAGING_PLAN,STAGING_PLAN,1265,3,1788430106408.257,99.788,timestamp_domain.system_time,27240078.000,78.000,1,27240078.000,27240093.000,15.000,15.000,27240093.000,15.000,1,1,pnp_visible_ransac,9,1.852,-14.5354,-0.518612,2.855399,-10.2941,370,505
2026-09-03T19:08:26.501,542,WAYPOINT_TURN,WAYPOINT_TURN,1267,2,1788430106474.735,66.478,timestamp_domain.system_time,27240140.000,62.000,1,27240140.000,27240156.000,16.000,16.000,27240156.000,16.000,1,1,pnp_visible_ransac,9,1.697,-14.5598,-0.520096,2.854148,-10.3274,371,506
2026-09-03T19:08:26.565,543,WAYPOINT_TURN,WAYPOINT_TURN,1269,2,1788430106541.595,66.860,timestamp_domain.system_time,27240203.000,63.000,1,27240218.000,27240218.000,0.000,15.000,27240218.000,15.000,1,1,pnp_visible_ransac,9,1.736,-14.2948,-0.520466,2.845403,-10.3656,372,507
2026-09-03T19:08:26.631,544,WAYPOINT_TURN,WAYPOINT_TURN,1271,2,1788430106608.349,66.754,timestamp_domain.system_time,27240265.000,62.000,1,27240281.000,27240296.000,15.000,31.000,27240296.000,31.000,1,1,pnp_visible_ransac,9,1.697,-15.8914,-0.512330,2.848106,-10.1976,373,508
2026-09-03T19:08:26.700,545,WAYPOINT_TURN,WAYPOINT_TURN,1273,2,1788430106674.849,66.500,timestamp_domain.system_time,27240343.000,78.000,1,27240343.000,27240359.000,16.000,16.000,27240359.000,16.000,1,1,pnp_visible_ransac,9,1.819,-15.2808,-0.517145,2.845340,-10.3012,374,509
2026-09-03T19:08:26.767,546,WAYPOINT_TURN,WAYPOINT_TURN,1275,2,1788430106741.744,66.895,timestamp_domain.system_time,27240406.000,63.000,1,27240406.000,27240421.000,15.000,15.000,27240421.000,15.000,1,1,pnp_visible_ransac,9,1.714,-15.4591,-0.516465,2.867079,-10.2115,375,510
2026-09-03T19:08:26.836,547,WAYPOINT_TURN,WAYPOINT_TURN,1277,2,1788430106808.308,66.564,timestamp_domain.system_time,27240484.000,78.000,1,27240484.000,27240500.000,16.000,16.000,27240500.000,16.000,1,1,pnp_visible_ransac,9,1.693,-14.9153,-0.520517,2.853592,-10.3375,376,511
2026-09-03T19:08:26.910,548,WAYPOINT_TURN,WAYPOINT_TURN,1279,2,1788430106874.949,66.642,timestamp_domain.system_time,27240546.000,62.000,1,27240546.000,27240562.000,16.000,16.000,27240562.000,16.000,1,1,pnp_visible_ransac,9,1.770,-15.5596,-0.514711,2.858306,-10.2082,377,512
2026-09-03T19:08:26.983,549,WAYPOINT_TURN,WAYPOINT_TURN,1281,2,1788430106941.946,66.996,timestamp_domain.system_time,27240625.000,79.000,1,27240625.000,27240640.000,15.000,15.000,27240640.000,15.000,1,1,pnp_visible_ransac,9,1.725,-15.0411,-0.515629,2.856750,-10.2314,378,513
2026-09-03T19:08:27.066,550,WAYPOINT_TURN,WAYPOINT_TURN,1283,2,1788430107008.489,66.544,timestamp_domain.system_time,27240703.000,78.000,1,27240703.000,27240718.000,15.000,15.000,27240718.000,15.000,1,1,pnp_visible_ransac,9,1.611,-14.6938,-0.520906,2.849001,-10.3614,379,514
2026-09-03T19:08:27.160,551,WAYPOINT_TURN,WAYPOINT_TURN,1286,3,1788430107108.741,100.252,timestamp_domain.system_time,27240796.000,93.000,1,27240796.000,27240812.000,16.000,16.000,27240812.000,16.000,1,1,pnp_visible_ransac,9,1.724,-15.0338,-0.516634,2.862768,-10.2299,380,515
2026-09-03T19:08:27.247,552,WAYPOINT_TURN_SETTLE,WAYPOINT_TURN_SETTLE,1289,3,1788430107209.522,100.781,timestamp_domain.system_time,27240890.000,94.000,1,27240890.000,27240906.000,16.000,16.000,27240906.000,16.000,1,1,pnp_visible_ransac,9,1.835,-14.6896,-0.513003,2.843950,-10.2253,381,516
2026-09-03T19:08:27.364,553,WAYPOINT_TURN_SETTLE,WAYPOINT_TURN_SETTLE,1292,3,1788430107309.205,99.683,timestamp_domain.system_time,27241000.000,110.000,1,27241015.000,27241015.000,0.000,15.000,27241031.000,31.000,1,1,pnp_visible_ransac,9,1.655,-14.6444,-0.519354,2.857166,-10.3023,382,517
2026-09-03T19:08:27.427,554,WAYPOINT_TURN_SETTLE,WAYPOINT_TURN_SETTLE,1294,2,1788430107375.523,66.318,timestamp_domain.system_time,27241062.000,62.000,1,27241078.000,27241093.000,15.000,31.000,27241093.000,31.000,1,1,pnp_visible_ransac,9,1.752,-15.6705,-0.519210,2.850936,-10.3215,383,518
2026-09-03T19:08:27.494,555,WAYPOINT_TURN_SETTLE,WAYPOINT_TURN_SETTLE,1296,2,1788430107442.015,66.492,timestamp_domain.system_time,27241140.000,78.000,1,27241140.000,27241156.000,16.000,16.000,27241156.000,16.000,1,1,pnp_visible_ransac,9,1.715,-14.8570,-0.525518,2.873312,-10.3646,384,519
2026-09-03T19:08:27.558,556,WAYPOINT_TURN_SETTLE,WAYPOINT_TURN_SETTLE,1298,2,1788430107508.833,66.818,timestamp_domain.system_time,27241203.000,63.000,1,27241203.000,27241218.000,15.000,15.000,27241218.000,15.000,1,1,pnp_visible_ransac,9,1.688,-15.0433,-0.520255,2.856952,-10.3206,385,520
2026-09-03T19:08:27.623,557,WAYPOINT_TURN_SETTLE,WAYPOINT_TURN_SETTLE,1300,2,1788430107575.612,66.779,timestamp_domain.system_time,27241265.000,62.000,1,27241265.000,27241281.000,16.000,16.000,27241281.000,16.000,1,1,pnp_visible_ransac,9,1.714,-15.0427,-0.518157,2.863778,-10.2558,386,521
2026-09-03T19:08:27.687,558,WAYPOINT_TURN_SETTLE,WAYPOINT_TURN_SETTLE,1302,2,1788430107642.507,66.896,timestamp_domain.system_time,27241328.000,63.000,1,27241328.000,27241343.000,15.000,15.000,27241343.000,15.000,1,1,pnp_visible_ransac,9,1.671,-14.9717,-0.517966,2.850166,-10.3001,387,522
2026-09-03T19:08:27.755,559,WAYPOINT_TURN_SETTLE,WAYPOINT_TURN_SETTLE,1304,2,1788430107709.067,66.560,timestamp_domain.system_time,27241390.000,62.000,1,27241390.000,27241406.000,16.000,16.000,27241421.000,31.000,1,1,pnp_visible_ransac,9,1.663,-15.2019,-0.521680,2.863774,-10.3241,388,523
2026-09-03T19:08:27.828,560,WAYPOINT_TURN_SETTLE,WAYPOINT_TURN_SETTLE,1306,2,1788430107775.740,66.673,timestamp_domain.system_time,27241468.000,78.000,1,27241468.000,27241484.000,16.000,16.000,27241484.000,16.000,1,1,pnp_visible_ransac,9,1.701,-14.9625,-0.519293,2.846400,-10.3392,389,524
2026-09-03T19:08:27.896,561,WAYPOINT_TURN_SETTLE,WAYPOINT_TURN_SETTLE,1308,2,1788430107842.414,66.674,timestamp_domain.system_time,27241531.000,63.000,1,27241546.000,27241562.000,16.000,31.000,27241562.000,31.000,1,1,pnp_visible_ransac,9,1.760,-15.4668,-0.515743,2.847124,-10.2675,390,525
2026-09-03T19:08:27.967,562,WAYPOINT_TURN_SETTLE,WAYPOINT_TURN_SETTLE,1311,3,1788430107942.372,99.958,timestamp_domain.system_time,27241609.000,78.000,1,27241609.000,27241625.000,16.000,16.000,27241625.000,16.000,1,1,pnp_visible_ransac,9,1.682,-15.3740,-0.518128,2.837012,-10.3499,391,526
2026-09-03T19:08:28.043,563,WAYPOINT_TURN_SETTLE,WAYPOINT_TURN_SETTLE,1313,2,1788430108009.116,66.744,timestamp_domain.system_time,27241687.000,78.000,1,27241687.000,27241703.000,16.000,16.000,27241703.000,16.000,1,1,pnp_visible_ransac,9,1.702,-14.7549,-0.523260,2.864345,-10.3527,392,527
2026-09-03T19:08:28.112,564,WAYPOINT_TURN_SETTLE,WAYPOINT_TURN_SETTLE,1315,2,1788430108076.012,66.896,timestamp_domain.system_time,27241750.000,63.000,1,27241750.000,27241765.000,15.000,15.000,27241765.000,15.000,1,1,pnp_visible_ransac,9,1.635,-15.1834,-0.519312,2.860283,-10.2905,393,528
2026-09-03T19:08:28.182,565,WAYPOINT_TURN_SETTLE,WAYPOINT_TURN_SETTLE,1317,2,1788430108142.668,66.656,timestamp_domain.system_time,27241828.000,78.000,1,27241828.000,27241843.000,15.000,15.000,27241843.000,15.000,1,1,pnp_visible_ransac,9,1.768,-14.7453,-0.517905,2.836369,-10.3479,394,529
2026-09-03T19:08:28.255,566,WAYPOINT_TURN_SETTLE,WAYPOINT_TURN_SETTLE,1319,2,1788430108210.070,67.401,timestamp_domain.system_time,27241890.000,62.000,1,27241906.000,27241906.000,0.000,16.000,27241906.000,16.000,1,1,pnp_visible_ransac,9,1.691,-15.2552,-0.519473,2.862652,-10.2853,395,530
2026-09-03T19:08:28.325,567,WAYPOINT_TURN_SETTLE,WAYPOINT_TURN_SETTLE,1320,1,1788430108242.789,32.720,timestamp_domain.system_time,27241968.000,78.000,1,27241968.000,27241984.000,16.000,16.000,27241984.000,16.000,1,1,pnp_visible_ransac,9,1.677,-14.7885,-0.523177,2.859450,-10.3684,396,531
2026-09-03T19:08:28.400,568,WAYPOINT_TURN_SETTLE,WAYPOINT_TURN_SETTLE,1321,1,1788430108276.153,33.364,timestamp_domain.system_time,27242046.000,78.000,1,27242046.000,27242062.000,16.000,16.000,27242062.000,16.000,1,1,pnp_visible_ransac,9,1.777,-15.4446,-0.512467,2.839225,-10.2315,397,532
2026-09-03T19:08:28.473,569,WAYPOINT_TURN_SETTLE,WAYPOINT_TURN_SETTLE,1326,5,1788430108442.815,166.661,timestamp_domain.system_time,27242109.000,63.000,1,27242125.000,27242125.000,0.000,16.000,27242140.000,31.000,1,1,pnp_visible_ransac,9,1.680,-15.5018,-0.521929,2.873615,-10.2943,398,533
2026-09-03T19:08:28.548,570,WAYPOINT_TURN_SETTLE,WAYPOINT_TURN_SETTLE,1328,2,1788430108509.467,66.653,timestamp_domain.system_time,27242187.000,78.000,1,27242187.000,27242203.000,16.000,16.000,27242203.000,16.000,1,1,pnp_visible_ransac,9,1.796,-14.8234,-0.521272,2.846701,-10.3767,399,534
2026-09-03T19:08:28.617,571,WAYPOINT_TURN_SETTLE,WAYPOINT_TURN_SETTLE,1330,2,1788430108576.351,66.884,timestamp_domain.system_time,27242265.000,78.000,1,27242265.000,27242281.000,16.000,16.000,27242281.000,16.000,1,1,pnp_visible_ransac,9,1.706,-15.2572,-0.516911,2.841783,-10.3092,400,535
2026-09-03T19:08:28.682,572,WAYPOINT_TURN_SETTLE,WAYPOINT_TURN_SETTLE,1332,2,1788430108642.931,66.580,timestamp_domain.system_time,27242328.000,63.000,1,27242328.000,27242343.000,15.000,15.000,27242343.000,15.000,1,1,pnp_visible_ransac,9,1.956,-14.5148,-0.518532,2.828331,-10.3889,401,536
2026-09-03T19:08:28.753,573,WAYPOINT_TURN_SETTLE,WAYPOINT_TURN_SETTLE,1334,2,1788430108709.615,66.684,timestamp_domain.system_time,27242390.000,62.000,1,27242390.000,27242406.000,16.000,16.000,27242406.000,16.000,1,1,pnp_visible_ransac,9,1.717,-14.5833,-0.517954,2.842773,-10.3260,402,537
2026-09-03T19:08:28.828,574,WAYPOINT_TURN_SETTLE,WAYPOINT_TURN_SETTLE,1336,2,1788430108776.398,66.782,timestamp_domain.system_time,27242468.000,78.000,1,27242468.000,27242484.000,16.000,16.000,27242484.000,16.000,1,1,pnp_visible_ransac,9,1.747,-15.1000,-0.520816,2.867514,-10.2942,403,538
2026-09-03T19:08:28.961,575,WAYPOINT_TURN_SETTLE,WAYPOINT_TURN_SETTLE,1339,3,1788430108876.533,100.135,timestamp_domain.system_time,27242546.000,78.000,1,27242546.000,27242625.000,79.000,79.000,27242625.000,79.000,1,1,pnp_visible_ransac,9,1.810,-15.4604,-0.513675,2.842376,-10.2439,404,539
2026-09-03T19:08:29.025,576,WAYPOINT_TURN_SETTLE,WAYPOINT_TURN_SETTLE,1342,3,1788430108976.563,100.030,timestamp_domain.system_time,27242671.000,125.000,1,27242671.000,27242687.000,16.000,16.000,27242687.000,16.000,1,1,pnp_visible_ransac,9,1.734,-15.2267,-0.515727,2.849264,-10.2597,405,540
2026-09-03T19:08:29.098,577,WAYPOINT_TURN_SETTLE,WAYPOINT_TURN_SETTLE,1344,2,1788430109043.560,66.996,timestamp_domain.system_time,27242734.000,63.000,1,27242734.000,27242750.000,16.000,16.000,27242750.000,16.000,1,1,pnp_visible_ransac,9,1.700,-14.9939,-0.517380,2.849855,-10.2898,406,541
2026-09-03T19:08:29.171,578,WAYPOINT_TURN_SETTLE,WAYPOINT_TURN_SETTLE,1347,3,1788430109143.265,99.705,timestamp_domain.system_time,27242812.000,78.000,1,27242812.000,27242828.000,16.000,16.000,27242828.000,16.000,1,1,pnp_visible_ransac,9,1.658,-14.3104,-0.522080,2.859435,-10.3472,407,542
2026-09-03T19:08:29.249,579,WAYPOINT_TURN_SETTLE,WAYPOINT_TURN_SETTLE,1349,2,1788430109210.540,67.275,timestamp_domain.system_time,27242890.000,78.000,1,27242890.000,27242906.000,16.000,16.000,27242906.000,16.000,1,1,pnp_visible_ransac,9,1.736,-14.8987,-0.518007,2.841903,-10.3302,408,543
2026-09-03T19:08:29.327,580,WAYPOINT_TURN_SETTLE,WAYPOINT_TURN_SETTLE,1350,1,1788430109243.213,32.674,timestamp_domain.system_time,27242968.000,78.000,1,27242968.000,27242984.000,16.000,16.000,27242984.000,16.000,1,1,pnp_visible_ransac,9,1.892,-14.9498,-0.515110,2.838665,-10.2851,409,544
2026-09-03T19:08:29.534,581,WAYPOINT_TURN_SETTLE,WAYPOINT_TURN_SETTLE,1354,4,1788430109376.704,133.491,timestamp_domain.system_time,27243156.000,188.000,1,27243156.000,27243187.000,31.000,31.000,27243187.000,31.000,1,1,pnp_visible_ransac,9,1.677,-15.2869,-0.516265,2.848156,-10.2740,410,545
2026-09-03T19:08:29.610,582,WAYPOINT_TURN_SETTLE,WAYPOINT_TURN_SETTLE,1360,6,1788430109576.922,200.218,timestamp_domain.system_time,27243250.000,94.000,1,27243250.000,27243265.000,15.000,15.000,27243265.000,15.000,1,1,pnp_visible_ransac,9,1.718,-14.4295,-0.519691,2.850332,-10.3330,411,546
2026-09-03T19:08:29.675,583,WAYPOINT_TURN_SETTLE,WAYPOINT_TURN_SETTLE,1362,2,1788430109643.685,66.763,timestamp_domain.system_time,27243312.000,62.000,1,27243328.000,27243328.000,0.000,16.000,27243328.000,16.000,1,1,pnp_visible_ransac,9,1.697,-14.7828,-0.522181,2.867189,-10.3218,412,547
2026-09-03T19:08:29.740,584,WAYPOINT_TURN_SETTLE,WAYPOINT_TURN_SETTLE,1364,2,1788430109710.512,66.827,timestamp_domain.system_time,27243390.000,78.000,1,27243390.000,27243406.000,16.000,16.000,27243406.000,16.000,1,1,pnp_visible_ransac,9,1.784,-14.7042,-0.520204,2.847638,-10.3526,413,548
2026-09-03T19:08:29.806,585,WAYPOINT_TURN_SETTLE,WAYPOINT_TURN_SETTLE,1366,2,1788430109777.174,66.662,timestamp_domain.system_time,27243453.000,63.000,1,27243453.000,27243468.000,15.000,15.000,27243468.000,15.000,1,1,pnp_visible_ransac,9,1.770,-14.5978,-0.515919,2.831879,-10.3250,414,549
2026-09-03T19:08:29.867,586,WAYPOINT_TURN_SETTLE,WAYPOINT_TURN_SETTLE,1368,2,1788430109843.792,66.618,timestamp_domain.system_time,27243515.000,62.000,1,27243515.000,27243531.000,16.000,16.000,27243531.000,16.000,1,1,pnp_visible_ransac,9,2.006,-14.2081,-0.518085,2.836625,-10.3505,415,550
2026-09-03T19:08:29.931,587,WAYPOINT_TURN_SETTLE,WAYPOINT_TURN_SETTLE,1369,1,1788430109877.111,33.319,timestamp_domain.system_time,27243578.000,63.000,1,27243578.000,27243593.000,15.000,15.000,27243593.000,15.000,1,1,pnp_visible_ransac,9,1.687,-14.8353,-0.516659,2.856187,-10.2534,416,551
2026-09-03T19:08:29.995,588,WAYPOINT_TURN_SETTLE,WAYPOINT_TURN_SETTLE,1371,2,1788430109943.833,66.722,timestamp_domain.system_time,27243640.000,62.000,1,27243640.000,27243656.000,16.000,16.000,27243656.000,16.000,1,1,pnp_visible_ransac,9,1.772,-14.5839,-0.519280,2.845897,-10.3408,417,552
2026-09-03T19:08:30.061,589,STAGING_PLAN,STAGING_PLAN,1373,2,1788430110010.647,66.814,timestamp_domain.system_time,27243703.000,63.000,1,27243703.000,27243718.000,15.000,15.000,27243718.000,15.000,1,1,pnp_visible_ransac,9,1.637,-14.8508,-0.523467,2.852803,-10.3977,418,553
2026-09-03T19:08:30.126,590,STAGING_PLAN,STAGING_PLAN,1375,2,1788430110077.390,66.743,timestamp_domain.system_time,27243765.000,62.000,1,27243765.000,27243781.000,16.000,16.000,27243781.000,16.000,1,1,pnp_visible_ransac,9,1.859,-14.9697,-0.515665,2.834011,-10.3125,419,554
2026-09-03T19:08:30.190,591,STAGING_PLAN,STAGING_PLAN,1377,2,1788430110144.164,66.774,timestamp_domain.system_time,27243828.000,63.000,1,27243828.000,27243843.000,15.000,15.000,27243843.000,15.000,1,1,pnp_visible_ransac,9,1.763,-14.7213,-0.520615,2.856915,-10.3277,420,555
2026-09-03T19:08:30.254,592,STAGING_PLAN,STAGING_PLAN,1379,2,1788430110210.905,66.741,timestamp_domain.system_time,27243890.000,62.000,1,27243906.000,27243906.000,0.000,16.000,27243906.000,16.000,1,1,pnp_visible_ransac,9,1.710,-14.5800,-0.523725,2.867186,-10.3516,421,556
2026-09-03T19:08:30.318,593,STAGING_PLAN,STAGING_PLAN,1381,2,1788430110277.456,66.551,timestamp_domain.system_time,27243953.000,63.000,1,27243968.000,27243984.000,16.000,31.000,27243984.000,31.000,1,1,pnp_visible_ransac,9,1.769,-15.1990,-0.516043,2.849604,-10.2646,422,557
2026-09-03T19:08:30.382,594,STAGING_PLAN,STAGING_PLAN,1383,2,1788430110344.166,66.709,timestamp_domain.system_time,27244031.000,78.000,1,27244031.000,27244046.000,15.000,15.000,27244046.000,15.000,1,1,pnp_visible_ransac,9,1.605,-14.9934,-0.520583,2.858174,-10.3226,423,558
2026-09-03T19:08:30.446,595,STAGING_PLAN,STAGING_PLAN,1385,2,1788430110410.848,66.682,timestamp_domain.system_time,27244093.000,62.000,1,27244093.000,27244109.000,16.000,16.000,27244109.000,16.000,1,1,pnp_visible_ransac,9,1.710,-15.4017,-0.514372,2.845759,-10.2456,424,559
2026-09-03T19:08:30.512,596,STAGING_PLAN,STAGING_PLAN,1387,2,1788430110477.555,66.707,timestamp_domain.system_time,27244156.000,63.000,1,27244156.000,27244171.000,15.000,15.000,27244171.000,15.000,1,1,pnp_visible_ransac,9,1.727,-15.0040,-0.519030,2.861737,-10.2799,425,560
2026-09-03T19:08:30.578,597,STAGING_PLAN,STAGING_PLAN,1389,2,1788430110544.222,66.668,timestamp_domain.system_time,27244218.000,62.000,1,27244218.000,27244234.000,16.000,16.000,27244234.000,16.000,1,1,pnp_visible_ransac,9,1.902,-14.4203,-0.517777,2.842072,-10.3251,426,561
2026-09-03T19:08:30.643,598,STAGING_PLAN,STAGING_PLAN,1391,2,1788430110610.942,66.719,timestamp_domain.system_time,27244281.000,63.000,1,27244296.000,27244296.000,0.000,15.000,27244296.000,15.000,1,1,pnp_visible_ransac,9,1.714,-15.5174,-0.525580,2.868928,-10.3813,427,562
2026-09-03T19:08:30.709,599,WAYPOINT_TURN,WAYPOINT_TURN,1393,2,1788430110677.793,66.851,timestamp_domain.system_time,27244343.000,62.000,1,27244359.000,27244375.000,16.000,32.000,27244375.000,32.000,1,1,pnp_visible_ransac,9,1.678,-15.1987,-0.517997,2.854231,-10.2863,428,563
2026-09-03T19:08:30.777,600,WAYPOINT_TURN,WAYPOINT_TURN,1395,2,1788430110744.346,66.553,timestamp_domain.system_time,27244421.000,78.000,1,27244421.000,27244437.000,16.000,16.000,27244437.000,16.000,1,1,pnp_visible_ransac,9,1.705,-15.2975,-0.517727,2.858208,-10.2671,429,564
2026-09-03T19:08:30.850,601,WAYPOINT_TURN,WAYPOINT_TURN,1397,2,1788430110811.461,67.115,timestamp_domain.system_time,27244484.000,63.000,1,27244500.000,27244515.000,15.000,31.000,27244515.000,31.000,1,1,pnp_visible_ransac,9,1.651,-15.0846,-0.517797,2.851764,-10.2911,430,565
2026-09-03T19:08:30.918,602,WAYPOINT_TURN,WAYPOINT_TURN,1399,2,1788430110877.880,66.419,timestamp_domain.system_time,27244562.000,78.000,1,27244562.000,27244578.000,16.000,16.000,27244578.000,16.000,1,1,pnp_visible_ransac,9,1.747,-14.3373,-0.517697,2.852802,-10.2855,431,566
2026-09-03T19:08:30.986,603,WAYPOINT_TURN,WAYPOINT_TURN,1401,2,1788430110944.604,66.724,timestamp_domain.system_time,27244625.000,63.000,1,27244625.000,27244640.000,15.000,15.000,27244640.000,15.000,1,1,pnp_visible_ransac,9,1.653,-15.1191,-0.519611,2.855919,-10.3117,432,567
2026-09-03T19:08:31.050,604,WAYPOINT_TURN,WAYPOINT_TURN,1403,2,1788430111011.174,66.570,timestamp_domain.system_time,27244687.000,62.000,1,27244703.000,27244703.000,0.000,16.000,27244703.000,16.000,1,1,pnp_visible_ransac,9,1.738,-14.9384,-0.520194,2.865192,-10.2903,433,568
2026-09-03T19:08:31.116,605,WAYPOINT_TURN,WAYPOINT_TURN,1405,2,1788430111077.937,66.762,timestamp_domain.system_time,27244765.000,78.000,1,27244765.000,27244781.000,16.000,16.000,27244781.000,16.000,1,1,pnp_visible_ransac,9,1.762,-14.0510,-0.521512,2.851192,-10.3654,434,569
2026-09-03T19:08:31.186,606,WAYPOINT_TURN,WAYPOINT_TURN,1407,2,1788430111144.681,66.744,timestamp_domain.system_time,27244828.000,63.000,1,27244828.000,27244843.000,15.000,15.000,27244843.000,15.000,1,1,pnp_visible_ransac,9,1.768,-15.0446,-0.518302,2.847147,-10.3173,435,570
2026-09-03T19:08:31.257,607,WAYPOINT_TURN,WAYPOINT_TURN,1409,2,1788430111211.600,66.919,timestamp_domain.system_time,27244890.000,62.000,1,27244906.000,27244921.000,15.000,31.000,27244921.000,31.000,1,1,pnp_visible_ransac,9,1.846,-14.7095,-0.515074,2.839805,-10.2804,436,571
2026-09-03T19:08:31.346,608,WAYPOINT_TURN,WAYPOINT_TURN,1412,3,1788430111311.498,99.897,timestamp_domain.system_time,27244984.000,94.000,1,27244984.000,27245000.000,16.000,16.000,27245000.000,16.000,1,1,pnp_visible_ransac,9,1.742,-15.5592,-0.516459,2.865190,-10.2180,437,572
2026-09-03T19:08:31.440,609,WAYPOINT_TURN,WAYPOINT_TURN,1414,2,1788430111378.193,66.695,timestamp_domain.system_time,27245078.000,94.000,1,27245078.000,27245093.000,15.000,15.000,27245093.000,15.000,1,1,pnp_visible_ransac,9,1.724,-15.3066,-0.513121,2.856699,-10.1829,438,573
2026-09-03T19:08:31.543,610,WAYPOINT_TURN,WAYPOINT_TURN,1417,3,1788430111478.242,100.049,timestamp_domain.system_time,27245171.000,93.000,1,27245171.000,27245203.000,32.000,32.000,27245203.000,32.000,1,1,pnp_visible_ransac,9,1.885,-14.9106,-0.512420,2.846254,-10.2058,439,574
2026-09-03T19:08:31.634,611,WAYPOINT_TURN,WAYPOINT_TURN,1420,3,1788430111578.225,99.983,timestamp_domain.system_time,27245265.000,94.000,1,27245281.000,27245296.000,15.000,31.000,27245296.000,31.000,1,1,pnp_visible_ransac,9,1.678,-15.1217,-0.519330,2.848903,-10.3311,440,575
2026-09-03T19:08:31.715,612,WAYPOINT_TURN,WAYPOINT_TURN,1423,3,1788430111678.537,100.312,timestamp_domain.system_time,27245359.000,94.000,1,27245359.000,27245375.000,16.000,16.000,27245375.000,16.000,1,1,pnp_visible_ransac,9,1.876,-15.1200,-0.524059,2.849982,-10.4192,441,576
2026-09-03T19:08:31.795,613,WAYPOINT_TURN,WAYPOINT_TURN,1425,2,1788430111745.271,66.734,timestamp_domain.system_time,27245437.000,78.000,1,27245437.000,27245453.000,16.000,16.000,27245453.000,16.000,1,1,pnp_visible_ransac,9,1.744,-15.4273,-0.531907,2.864192,-10.5205,442,577
2026-09-03T19:08:31.873,614,WAYPOINT_TURN_SETTLE,WAYPOINT_TURN_SETTLE,1428,3,1788430111845.264,99.993,timestamp_domain.system_time,27245515.000,78.000,1,27245515.000,27245531.000,16.000,16.000,27245531.000,16.000,1,1,pnp_visible_ransac,9,1.678,-15.2953,-0.532816,2.847487,-10.5985,443,578
2026-09-03T19:08:31.945,615,WAYPOINT_TURN_SETTLE,WAYPOINT_TURN_SETTLE,1430,2,1788430111911.959,66.696,timestamp_domain.system_time,27245593.000,78.000,1,27245593.000,27245609.000,16.000,16.000,27245609.000,16.000,1,1,pnp_visible_ransac,9,1.818,-13.3833,-0.619076,2.996471,-11.6732,444,579
2026-09-03T19:08:32.014,616,WAYPOINT_TURN_SETTLE,WAYPOINT_TURN_SETTLE,1432,2,1788430111978.779,66.819,timestamp_domain.system_time,27245656.000,63.000,1,27245656.000,27245671.000,15.000,15.000,27245671.000,15.000,1,1,pnp_visible_ransac,9,2.342,-14.1872,-0.606339,2.909013,-11.7738,445,580
2026-09-03T19:08:32.082,617,WAYPOINT_TURN_SETTLE,WAYPOINT_TURN_SETTLE,1434,2,1788430112045.457,66.678,timestamp_domain.system_time,27245718.000,62.000,1,27245734.000,27245734.000,0.000,16.000,27245734.000,16.000,1,1,pnp_visible_ransac,9,2.220,-14.5804,-0.643868,2.965502,-12.2499,446,581
2026-09-03T19:08:32.149,618,WAYPOINT_TURN_SETTLE,WAYPOINT_TURN_SETTLE,1436,2,1788430112112.232,66.775,timestamp_domain.system_time,27245796.000,78.000,1,27245796.000,27245812.000,16.000,16.000,27245812.000,16.000,1,1,pnp_visible_ransac,9,1.971,-13.4750,-0.676012,3.034098,-12.5606,447,582
2026-09-03T19:08:32.214,619,WAYPOINT_TURN_SETTLE,WAYPOINT_TURN_SETTLE,1438,2,1788430112178.759,66.527,timestamp_domain.system_time,27245859.000,63.000,1,27245859.000,27245875.000,16.000,16.000,27245875.000,16.000,1,1,pnp_visible_ransac,9,2.257,-13.8162,-0.633210,2.960363,-12.0734,448,583
2026-09-03T19:08:32.279,620,WAYPOINT_TURN_SETTLE,WAYPOINT_TURN_SETTLE,1440,2,1788430112245.515,66.755,timestamp_domain.system_time,27245921.000,62.000,1,27245921.000,27245937.000,16.000,16.000,27245937.000,16.000,1,1,pnp_visible_ransac,9,2.773,-12.5376,-0.643013,2.998917,-12.1018,449,584
2026-09-03T19:08:32.410,621,WAYPOINT_TURN_SETTLE,WAYPOINT_TURN_SETTLE,1441,1,1788430112278.899,33.384,timestamp_domain.system_time,27246046.000,125.000,1,27246062.000,27246062.000,0.000,16.000,27246062.000,16.000,1,1,pnp_visible_ransac,9,2.032,-13.6309,-0.578532,2.874780,-11.3784,450,585
2026-09-03T19:08:32.478,622,WAYPOINT_TURN_SETTLE,WAYPOINT_TURN_SETTLE,1446,5,1788430112445.665,166.766,timestamp_domain.system_time,27246125.000,79.000,1,27246125.000,27246140.000,15.000,15.000,27246140.000,15.000,1,1,pnp_visible_ransac,9,2.199,-12.9865,-0.656269,3.010769,-12.2966,451,586
2026-09-03T19:08:32.543,623,WAYPOINT_TURN_SETTLE,WAYPOINT_TURN_SETTLE,1448,2,1788430112512.315,66.650,timestamp_domain.system_time,27246187.000,62.000,1,27246187.000,27246203.000,16.000,16.000,27246203.000,16.000,1,1,pnp_visible_ransac,9,2.365,-14.4619,-0.599333,2.864987,-11.8154,452,587
2026-09-03T19:08:32.610,624,WAYPOINT_TURN_SETTLE,WAYPOINT_TURN_SETTLE,1450,2,1788430112579.024,66.709,timestamp_domain.system_time,27246250.000,63.000,1,27246250.000,27246265.000,15.000,15.000,27246265.000,15.000,1,1,pnp_visible_ransac,9,1.900,-13.6109,-0.598024,2.878024,-11.7384,453,588
2026-09-03T19:08:32.682,625,WAYPOINT_TURN_SETTLE,WAYPOINT_TURN_SETTLE,1452,2,1788430112645.731,66.707,timestamp_domain.system_time,27246328.000,78.000,1,27246328.000,27246343.000,15.000,15.000,27246343.000,15.000,1,1,pnp_visible_ransac,9,1.885,-13.8936,-0.589699,2.851693,-11.6835,454,589
2026-09-03T19:08:32.753,626,WAYPOINT_TURN_SETTLE,WAYPOINT_TURN_SETTLE,1454,2,1788430112712.391,66.660,timestamp_domain.system_time,27246390.000,62.000,1,27246390.000,27246406.000,16.000,16.000,27246406.000,16.000,1,1,pnp_visible_ransac,9,2.001,-14.4870,-0.586735,2.840384,-11.6714,455,590
2026-09-03T19:08:32.945,627,WAYPOINT_TURN_SETTLE,WAYPOINT_TURN_SETTLE,1457,3,1788430112812.942,100.551,timestamp_domain.system_time,27246515.000,125.000,1,27246515.000,27246593.000,78.000,78.000,27246609.000,94.000,1,1,pnp_visible_ransac,9,2.004,-14.8240,-0.578822,2.837571,-11.5293,456,591
2026-09-03T19:08:33.076,628,WAYPOINT_TURN_SETTLE,WAYPOINT_TURN_SETTLE,1463,6,1788430113012.690,199.749,timestamp_domain.system_time,27246703.000,188.000,1,27246718.000,27246734.000,16.000,31.000,27246734.000,31.000,1,1,pnp_visible_ransac,9,1.961,-14.1393,-0.600707,2.880487,-11.7798,457,592
2026-09-03T19:08:33.157,629,WAYPOINT_TURN_SETTLE,WAYPOINT_TURN_SETTLE,1466,3,1788430113112.902,100.211,timestamp_domain.system_time,27246796.000,93.000,1,27246796.000,27246812.000,16.000,16.000,27246812.000,16.000,1,1,pnp_visible_ransac,9,2.005,-14.3500,-0.609204,2.905074,-11.8435,458,593
2026-09-03T19:08:33.230,630,WAYPOINT_TURN_SETTLE,WAYPOINT_TURN_SETTLE,1468,2,1788430113179.530,66.628,timestamp_domain.system_time,27246875.000,79.000,1,27246875.000,27246890.000,15.000,15.000,27246890.000,15.000,1,1,pnp_visible_ransac,9,1.896,-14.5031,-0.599668,2.881622,-11.7555,459,594
2026-09-03T19:08:33.297,631,WAYPOINT_TURN_SETTLE,WAYPOINT_TURN_SETTLE,1470,2,1788430113246.499,66.969,timestamp_domain.system_time,27246937.000,62.000,1,27246937.000,27246953.000,16.000,16.000,27246953.000,16.000,1,1,pnp_visible_ransac,9,2.011,-14.2520,-0.606756,2.898225,-11.8243,460,595
2026-09-03T19:08:33.418,632,WAYPOINT_TURN_SETTLE,WAYPOINT_TURN_SETTLE,1473,3,1788430113346.472,99.973,timestamp_domain.system_time,27247046.000,109.000,1,27247062.000,27247078.000,16.000,32.000,27247078.000,32.000,1,1,pnp_visible_ransac,9,1.899,-14.7533,-0.600517,2.881741,-11.7712,461,596
2026-09-03T19:08:33.482,633,WAYPOINT_TURN_SETTLE,WAYPOINT_TURN_SETTLE,1476,3,1788430113446.274,99.803,timestamp_domain.system_time,27247125.000,79.000,1,27247125.000,27247140.000,15.000,15.000,27247140.000,15.000,1,1,pnp_visible_ransac,9,1.991,-14.7341,-0.584788,2.842540,-11.6251,462,597
2026-09-03T19:08:33.545,634,WAYPOINT_TURN_SETTLE,WAYPOINT_TURN_SETTLE,1478,2,1788430113513.086,66.812,timestamp_domain.system_time,27247187.000,62.000,1,27247187.000,27247203.000,16.000,16.000,27247203.000,16.000,1,1,pnp_visible_ransac,9,2.193,-14.1906,-0.608188,2.892152,-11.8756,463,598
2026-09-03T19:08:33.614,635,WAYPOINT_TURN_SETTLE,WAYPOINT_TURN_SETTLE,1480,2,1788430113579.612,66.526,timestamp_domain.system_time,27247250.000,63.000,1,27247265.000,27247265.000,0.000,15.000,27247281.000,31.000,1,1,pnp_visible_ransac,9,1.932,-13.7275,-0.621838,2.941319,-11.9374,464,599
2026-09-03T19:08:33.687,636,WAYPOINT_TURN_SETTLE,WAYPOINT_TURN_SETTLE,1482,2,1788430113646.266,66.654,timestamp_domain.system_time,27247328.000,78.000,1,27247328.000,27247343.000,15.000,15.000,27247343.000,15.000,1,1,pnp_visible_ransac,9,1.719,-14.1205,-0.670978,3.068314,-12.3352,465,600
2026-09-03T19:08:33.774,637,WAYPOINT_TURN_SETTLE,WAYPOINT_TURN_SETTLE,1484,2,1788430113713.246,66.980,timestamp_domain.system_time,27247406.000,78.000,1,27247421.000,27247437.000,16.000,31.000,27247437.000,31.000,1,1,pnp_visible_ransac,9,1.993,-13.7805,-0.629242,2.949748,-12.0419,466,601
2026-09-03T19:08:33.854,638,WAYPOINT_TURN_SETTLE,WAYPOINT_TURN_SETTLE,1487,3,1788430113813.208,99.962,timestamp_domain.system_time,27247484.000,78.000,1,27247500.000,27247515.000,15.000,31.000,27247515.000,31.000,1,1,pnp_visible_ransac,9,2.022,-13.7090,-0.623840,2.931645,-12.0131,467,602
2026-09-03T19:08:33.931,639,WAYPOINT_TURN_SETTLE,WAYPOINT_TURN_SETTLE,1489,2,1788430113879.886,66.677,timestamp_domain.system_time,27247562.000,78.000,1,27247578.000,27247593.000,15.000,31.000,27247593.000,31.000,1,1,pnp_visible_ransac,9,2.136,-13.5364,-0.640633,2.975625,-12.1500,468,603
2026-09-03T19:08:34.002,640,WAYPOINT_TURN_SETTLE,WAYPOINT_TURN_SETTLE,1492,3,1788430113979.972,100.086,timestamp_domain.system_time,27247640.000,78.000,1,27247640.000,27247656.000,16.000,16.000,27247656.000,16.000,1,1,pnp_visible_ransac,9,2.147,-13.8664,-0.619850,2.914217,-12.0078,469,604
2026-09-03T19:08:34.070,641,WAYPOINT_TURN_SETTLE,WAYPOINT_TURN_SETTLE,1494,2,1788430114046.738,66.766,timestamp_domain.system_time,27247718.000,78.000,1,27247718.000,27247734.000,16.000,16.000,27247734.000,16.000,1,1,pnp_visible_ransac,9,2.273,-13.2380,-0.650282,2.995715,-12.2472,470,605
2026-09-03T19:08:34.136,642,WAYPOINT_TURN_SETTLE,WAYPOINT_TURN_SETTLE,1496,2,1788430114113.628,66.890,timestamp_domain.system_time,27247781.000,63.000,1,27247781.000,27247796.000,15.000,15.000,27247796.000,15.000,1,1,pnp_visible_ransac,9,1.901,-15.2340,-0.586760,2.852919,-11.6220,471,606
2026-09-03T19:08:34.201,643,WAYPOINT_TURN_SETTLE,WAYPOINT_TURN_SETTLE,1498,2,1788430114180.194,66.566,timestamp_domain.system_time,27247843.000,62.000,1,27247843.000,27247859.000,16.000,16.000,27247859.000,16.000,1,1,pnp_visible_ransac,9,1.868,-13.9547,-0.629959,2.954539,-12.0362,472,607
2026-09-03T19:08:34.267,644,WAYPOINT_TURN_SETTLE,WAYPOINT_TURN_SETTLE,1499,1,1788430114213.633,33.439,timestamp_domain.system_time,27247906.000,63.000,1,27247906.000,27247921.000,15.000,15.000,27247921.000,15.000,1,1,pnp_visible_ransac,9,1.966,-13.8467,-0.608686,2.894853,-11.8743,473,608
2026-09-03T19:08:34.362,645,WAYPOINT_TURN_SETTLE,WAYPOINT_TURN_SETTLE,1500,1,1788430114247.034,33.400,timestamp_domain.system_time,27248000.000,94.000,1,27248000.000,27248015.000,15.000,15.000,27248015.000,15.000,1,1,pnp_visible_ransac,9,2.097,-14.1861,-0.595455,2.876367,-11.6960,474,609
2026-09-03T19:08:34.439,646,WAYPOINT_TURN_SETTLE,WAYPOINT_TURN_SETTLE,1505,5,1788430114413.864,166.830,timestamp_domain.system_time,27248078.000,78.000,1,27248078.000,27248093.000,15.000,15.000,27248093.000,15.000,1,1,pnp_visible_ransac,9,2.100,-14.1898,-0.600226,2.868579,-11.8181,475,610
2026-09-03T19:08:34.510,647,WAYPOINT_TURN_SETTLE,WAYPOINT_TURN_SETTLE,1507,2,1788430114480.354,66.491,timestamp_domain.system_time,27248156.000,78.000,1,27248156.000,27248171.000,15.000,15.000,27248171.000,15.000,1,1,pnp_visible_ransac,9,1.979,-14.6384,-0.586904,2.850696,-11.6335,,
2026-09-03T19:08:34.582,648,WAYPOINT_TURN_SETTLE,WAYPOINT_TURN_SETTLE,1509,2,1788430114547.129,66.774,timestamp_domain.system_time,27248218.000,62.000,1,27248218.000,27248234.000,16.000,16.000,27248234.000,16.000,1,1,pnp_visible_ransac,9,1.940,-13.0486,-0.636284,2.952106,-12.1632,,
2026-09-03T19:08:34.653,649,WAYPOINT_TURN_SETTLE,WAYPOINT_TURN_SETTLE,1511,2,1788430114613.879,66.750,timestamp_domain.system_time,27248296.000,78.000,1,27248296.000,27248312.000,16.000,16.000,27248312.000,16.000,1,1,pnp_visible_ransac,9,1.995,-14.3308,-0.603927,2.891087,-11.7990,,
2026-09-03T19:08:34.722,650,STAGING_PLAN,STAGING_PLAN,1513,2,1788430114680.540,66.661,timestamp_domain.system_time,27248359.000,63.000,1,27248359.000,27248375.000,16.000,16.000,27248375.000,16.000,1,1,pnp_visible_ransac,9,1.991,-14.4080,-0.592413,2.854750,-11.7235,,
2026-09-03T19:08:34.793,651,STAGING_PLAN,STAGING_PLAN,1515,2,1788430114747.207,66.667,timestamp_domain.system_time,27248437.000,78.000,1,27248437.000,27248453.000,16.000,16.000,27248453.000,16.000,1,1,pnp_visible_ransac,9,1.904,-13.5543,-0.621261,2.927230,-11.9824,,
2026-09-03T19:08:34.862,652,STAGING_PLAN,STAGING_PLAN,1517,2,1788430114813.758,66.550,timestamp_domain.system_time,27248500.000,63.000,1,27248500.000,27248515.000,15.000,15.000,27248515.000,15.000,1,1,pnp_visible_ransac,9,2.134,-13.6830,-0.630348,2.940640,-12.0987,,
2026-09-03T19:08:34.930,653,STAGING_PLAN,STAGING_PLAN,1519,2,1788430114880.851,67.094,timestamp_domain.system_time,27248578.000,78.000,1,27248578.000,27248593.000,15.000,15.000,27248593.000,15.000,1,1,pnp_visible_ransac,9,1.955,-13.9036,-0.611405,2.903765,-11.8903,,
2026-09-03T19:08:34.996,654,STAGING_PLAN,STAGING_PLAN,1521,2,1788430114947.558,66.706,timestamp_domain.system_time,27248640.000,62.000,1,27248640.000,27248656.000,16.000,16.000,27248656.000,16.000,1,1,pnp_visible_ransac,9,1.988,-13.5707,-0.629974,2.951467,-12.0487,,
2026-09-03T19:08:35.063,655,STAGING_PLAN,STAGING_PLAN,1523,2,1788430115014.378,66.820,timestamp_domain.system_time,27248703.000,63.000,1,27248703.000,27248718.000,15.000,15.000,27248718.000,15.000,1,1,pnp_visible_ransac,9,1.907,-13.5344,-0.642642,2.972213,-12.2005,,
2026-09-03T19:08:35.131,656,STAGING_PLAN,STAGING_PLAN,1525,2,1788430115081.182,66.804,timestamp_domain.system_time,27248765.000,62.000,1,27248781.000,27248796.000,15.000,31.000,27248796.000,31.000,1,1,pnp_visible_ransac,9,2.010,-14.8306,-0.602484,2.892937,-11.7643,,
2026-09-03T19:08:35.200,657,STAGING_PLAN,STAGING_PLAN,1527,2,1788430115147.844,66.662,timestamp_domain.system_time,27248843.000,78.000,1,27248843.000,27248859.000,16.000,16.000,27248859.000,16.000,1,1,pnp_visible_ransac,9,2.181,-14.6905,-0.596242,2.872781,-11.7252,,
2026-09-03T19:08:35.270,658,STAGING_PLAN,STAGING_PLAN,1529,2,1788430115214.261,66.417,timestamp_domain.system_time,27248906.000,63.000,1,27248921.000,27248921.000,0.000,15.000,27248937.000,31.000,1,1,pnp_visible_ransac,9,1.971,-14.2684,-0.611555,2.897544,-11.9179,,
2026-09-03T19:08:35.336,659,STAGING_PLAN,STAGING_PLAN,1530,1,1788430115247.696,33.435,timestamp_domain.system_time,27248984.000,78.000,1,27248984.000,27249000.000,16.000,16.000,27249000.000,16.000,1,1,pnp_visible_ransac,9,1.955,-14.0906,-0.589277,2.846553,-11.6958,,
2026-09-03T19:08:35.403,660,WAYPOINT_DRIVE,WAYPOINT_DRIVE,1534,4,1788430115381.018,133.323,timestamp_domain.system_time,27249046.000,62.000,1,27249046.000,27249062.000,16.000,16.000,27249062.000,16.000,1,1,pnp_visible_ransac,9,2.083,-14.1261,-0.609105,2.899647,-11.8632,,
2026-09-03T19:08:35.488,661,WAYPOINT_DRIVE,WAYPOINT_DRIVE,1536,2,1788430115447.725,66.707,timestamp_domain.system_time,27249125.000,79.000,1,27249125.000,27249140.000,15.000,15.000,27249140.000,15.000,1,1,pnp_visible_ransac,9,2.110,-14.3615,-0.591623,2.852356,-11.7179,,
2026-09-03T19:08:35.582,662,WAYPOINT_DRIVE,WAYPOINT_DRIVE,1539,3,1788430115547.695,99.970,timestamp_domain.system_time,27249218.000,93.000,1,27249218.000,27249234.000,16.000,16.000,27249234.000,16.000,1,1,pnp_visible_ransac,9,2.298,-13.9788,-0.612889,2.902502,-11.9234,,
2026-09-03T19:08:35.666,663,WAYPOINT_DRIVE,WAYPOINT_DRIVE,1541,2,1788430115614.642,66.947,timestamp_domain.system_time,27249296.000,78.000,1,27249312.000,27249328.000,16.000,32.000,27249328.000,32.000,1,1,pnp_visible_ransac,9,2.220,-14.1303,-0.619691,2.918547,-11.9875,,
2026-09-03T19:08:35.751,664,WAYPOINT_DRIVE,WAYPOINT_DRIVE,1544,3,1788430115714.593,99.952,timestamp_domain.system_time,27249390.000,94.000,1,27249390.000,27249406.000,16.000,16.000,27249406.000,16.000,1,1,pnp_visible_ransac,9,1.999,-14.1419,-0.601360,2.879045,-11.7980,,
2026-09-03T19:08:35.864,665,WAYPOINT_DRIVE,WAYPOINT_DRIVE,1547,3,1788430115814.784,100.191,timestamp_domain.system_time,27249484.000,94.000,1,27249500.000,27249515.000,15.000,31.000,27249531.000,47.000,1,1,pnp_visible_ransac,9,2.174,-13.5798,-0.605978,2.909399,-11.7655,,
2026-09-03T19:08:35.989,666,WAYPOINT_DRIVE,WAYPOINT_DRIVE,1550,3,1788430115915.033,100.249,timestamp_domain.system_time,27249609.000,125.000,1,27249625.000,27249640.000,15.000,31.000,27249640.000,31.000,1,1,pnp_visible_ransac,9,2.124,-14.0509,-0.582621,2.868316,-11.4819,,
2026-09-03T19:08:36.100,667,WAYPOINT_DRIVE,WAYPOINT_DRIVE,1554,4,1788430116048.089,133.056,timestamp_domain.system_time,27249734.000,125.000,1,27249734.000,27249765.000,31.000,31.000,27249765.000,31.000,1,1,pnp_visible_ransac,9,1.856,-13.9262,-0.581126,2.856404,-11.4997,,
2026-09-03T19:08:36.188,668,WAYPOINT_DRIVE,WAYPOINT_DRIVE,1557,3,1788430116148.341,100.252,timestamp_domain.system_time,27249828.000,94.000,1,27249828.000,27249843.000,15.000,15.000,27249843.000,15.000,1,1,pnp_visible_ransac,9,2.256,-14.1358,-0.582856,2.855732,-11.5357,,
2026-09-03T19:08:36.266,669,WAYPOINT_DRIVE,WAYPOINT_DRIVE,1559,2,1788430116215.037,66.696,timestamp_domain.system_time,27249906.000,78.000,1,27249906.000,27249921.000,15.000,15.000,27249921.000,15.000,1,1,pnp_visible_ransac,9,2.009,-13.7775,-0.572772,2.830196,-11.4409,,
2026-09-03T19:08:36.340,670,WAYPOINT_DRIVE,WAYPOINT_DRIVE,1560,1,1788430116248.476,33.439,timestamp_domain.system_time,27249984.000,78.000,1,27249984.000,27250000.000,16.000,16.000,27250000.000,16.000,1,1,pnp_visible_ransac,9,2.098,-14.4133,-0.573103,2.825837,-11.4646,,
2026-09-03T19:08:36.414,671,WAYPOINT_DRIVE,WAYPOINT_DRIVE,1564,4,1788430116381.677,133.201,timestamp_domain.system_time,27250046.000,62.000,1,27250062.000,27250078.000,16.000,32.000,27250078.000,32.000,1,1,pnp_visible_ransac,9,2.107,-13.6183,-0.611409,2.923532,-11.8122,,
2026-09-03T19:08:36.487,672,WAYPOINT_DRIVE_SETTLE,WAYPOINT_DRIVE_SETTLE,1566,2,1788430116448.438,66.761,timestamp_domain.system_time,27250125.000,79.000,1,27250125.000,27250140.000,15.000,15.000,27250140.000,15.000,1,1,pnp_visible_ransac,9,1.991,-13.7022,-0.580954,2.842903,-11.5495,,
2026-09-03T19:08:36.563,673,WAYPOINT_DRIVE_SETTLE,WAYPOINT_DRIVE_SETTLE,1568,2,1788430116515.114,66.676,timestamp_domain.system_time,27250203.000,78.000,1,27250203.000,27250218.000,15.000,15.000,27250218.000,15.000,1,1,pnp_visible_ransac,9,2.117,-13.3344,-0.594086,2.858652,-11.7401,,
2026-09-03T19:08:36.638,674,WAYPOINT_DRIVE_SETTLE,WAYPOINT_DRIVE_SETTLE,1570,2,1788430116581.935,66.821,timestamp_domain.system_time,27250281.000,78.000,1,27250281.000,27250296.000,15.000,15.000,27250296.000,15.000,1,1,pnp_visible_ransac,9,2.003,-13.3333,-0.590227,2.844495,-11.7224,,
2026-09-03T19:08:36.705,675,WAYPOINT_DRIVE_SETTLE,WAYPOINT_DRIVE_SETTLE,1573,3,1788430116682.059,100.124,timestamp_domain.system_time,27250343.000,62.000,1,27250343.000,27250359.000,16.000,16.000,27250359.000,16.000,1,1,pnp_visible_ransac,9,1.968,-14.3996,-0.590077,2.853250,-11.6845,,
2026-09-03T19:08:36.782,676,WAYPOINT_DRIVE_SETTLE,WAYPOINT_DRIVE_SETTLE,1575,2,1788430116748.744,66.685,timestamp_domain.system_time,27250421.000,78.000,1,27250421.000,27250437.000,16.000,16.000,27250437.000,16.000,1,1,pnp_visible_ransac,9,2.081,-14.5315,-0.594147,2.863267,-11.7229,,
2026-09-03T19:08:36.859,677,WAYPOINT_DRIVE_SETTLE,WAYPOINT_DRIVE_SETTLE,1577,2,1788430116815.367,66.623,timestamp_domain.system_time,27250500.000,79.000,1,27250500.000,27250515.000,15.000,15.000,27250515.000,15.000,1,1,pnp_visible_ransac,9,2.005,-14.4156,-0.575437,2.813145,-11.5605,,
2026-09-03T19:08:36.930,678,WAYPOINT_DRIVE_SETTLE,WAYPOINT_DRIVE_SETTLE,1579,2,1788430116882.135,66.768,timestamp_domain.system_time,27250562.000,62.000,1,27250578.000,27250593.000,15.000,31.000,27250593.000,31.000,1,1,pnp_visible_ransac,9,2.413,-13.7879,-0.584634,2.839170,-11.6356,,
2026-09-03T19:08:37.010,679,WAYPOINT_DRIVE_SETTLE,WAYPOINT_DRIVE_SETTLE,1581,2,1788430116948.912,66.777,timestamp_domain.system_time,27250640.000,78.000,1,27250656.000,27250671.000,15.000,31.000,27250671.000,31.000,1,1,pnp_visible_ransac,9,2.038,-13.0633,-0.621577,2.920483,-12.0152,,
2026-09-03T19:08:37.087,680,WAYPOINT_DRIVE_SETTLE,WAYPOINT_DRIVE_SETTLE,1584,3,1788430117048.977,100.064,timestamp_domain.system_time,27250718.000,78.000,1,27250734.000,27250750.000,16.000,32.000,27250750.000,32.000,1,1,pnp_visible_ransac,9,2.062,-14.7658,-0.581193,2.823237,-11.6324,,
2026-09-03T19:08:37.161,681,WAYPOINT_DRIVE_SETTLE,WAYPOINT_DRIVE_SETTLE,1586,2,1788430117115.616,66.639,timestamp_domain.system_time,27250796.000,78.000,1,27250812.000,27250812.000,0.000,16.000,27250828.000,32.000,1,1,pnp_visible_ransac,9,1.960,-13.3826,-0.585114,2.836312,-11.6563,,
2026-09-03T19:08:37.233,682,WAYPOINT_DRIVE_SETTLE,WAYPOINT_DRIVE_SETTLE,1588,2,1788430117182.217,66.601,timestamp_domain.system_time,27250875.000,79.000,1,27250875.000,27250890.000,15.000,15.000,27250890.000,15.000,1,1,pnp_visible_ransac,9,2.064,-14.3745,-0.578481,2.824985,-11.5726,,
2026-09-03T19:08:37.306,683,WAYPOINT_DRIVE_SETTLE,WAYPOINT_DRIVE_SETTLE,1590,2,1788430117250.358,68.141,timestamp_domain.system_time,27250937.000,62.000,1,27250953.000,27250968.000,15.000,31.000,27250968.000,31.000,1,1,pnp_visible_ransac,9,2.208,-14.0502,-0.584593,2.825850,-11.6881,,
2026-09-03T19:08:37.380,684,WAYPOINT_DRIVE_SETTLE,WAYPOINT_DRIVE_SETTLE,1591,1,1788430117282.582,32.224,timestamp_domain.system_time,27251015.000,78.000,1,27251031.000,27251031.000,0.000,16.000,27251046.000,31.000,1,1,pnp_visible_ransac,9,2.123,-14.1655,-0.585279,2.830570,-11.6825,,
2026-09-03T19:08:37.452,685,WAYPOINT_DRIVE_SETTLE,WAYPOINT_DRIVE_SETTLE,1595,4,1788430117415.709,133.127,timestamp_domain.system_time,27251093.000,78.000,1,27251093.000,27251109.000,16.000,16.000,27251109.000,16.000,1,1,pnp_visible_ransac,9,1.933,-14.1196,-0.589374,2.849915,-11.6843,,
2026-09-03T19:08:37.526,686,WAYPOINT_DRIVE_SETTLE,WAYPOINT_DRIVE_SETTLE,1597,2,1788430117482.555,66.846,timestamp_domain.system_time,27251171.000,78.000,1,27251171.000,27251187.000,16.000,16.000,27251187.000,16.000,1,1,pnp_visible_ransac,9,1.865,-14.3063,-0.583204,2.834771,-11.6254,,
2026-09-03T19:08:37.598,687,WAYPOINT_DRIVE_SETTLE,WAYPOINT_DRIVE_SETTLE,1599,2,1788430117549.102,66.547,timestamp_domain.system_time,27251234.000,63.000,1,27251250.000,27251250.000,0.000,16.000,27251250.000,16.000,1,1,pnp_visible_ransac,9,2.261,-14.3492,-0.575505,2.822074,-11.5263,,
2026-09-03T19:08:37.667,688,WAYPOINT_DRIVE_SETTLE,WAYPOINT_DRIVE_SETTLE,1601,2,1788430117616.127,67.025,timestamp_domain.system_time,27251312.000,78.000,1,27251312.000,27251328.000,16.000,16.000,27251328.000,16.000,1,1,pnp_visible_ransac,9,2.461,-13.8399,-0.591530,2.835114,-11.7854,,
2026-09-03T19:08:37.745,689,WAYPOINT_DRIVE_SETTLE,WAYPOINT_DRIVE_SETTLE,1604,3,1788430117716.026,99.899,timestamp_domain.system_time,27251375.000,63.000,1,27251390.000,27251406.000,16.000,31.000,27251406.000,31.000,1,1,pnp_visible_ransac,9,2.002,-14.1565,-0.579110,2.819248,-11.6078,,
2026-09-03T19:08:37.820,690,WAYPOINT_DRIVE_SETTLE,WAYPOINT_DRIVE_SETTLE,1606,2,1788430117782.754,66.727,timestamp_domain.system_time,27251468.000,93.000,1,27251468.000,27251484.000,16.000,16.000,27251484.000,16.000,1,1,pnp_visible_ransac,9,2.183,-14.3214,-0.577223,2.810609,-11.6056,,
2026-09-03T19:08:37.897,691,WAYPOINT_DRIVE_SETTLE,WAYPOINT_DRIVE_SETTLE,1608,2,1788430117849.250,66.497,timestamp_domain.system_time,27251531.000,63.000,1,27251531.000,27251562.000,31.000,31.000,27251562.000,31.000,1,1,pnp_visible_ransac,9,2.226,-14.1016,-0.587507,2.828168,-11.7354,,
2026-09-03T19:08:37.976,692,WAYPOINT_DRIVE_SETTLE,WAYPOINT_DRIVE_SETTLE,1611,3,1788430117949.528,100.277,timestamp_domain.system_time,27251609.000,78.000,1,27251625.000,27251640.000,15.000,31.000,27251640.000,31.000,1,1,pnp_visible_ransac,9,2.159,-14.4162,-0.571234,2.798032,-11.5387,,
2026-09-03T19:08:38.062,693,WAYPOINT_DRIVE_SETTLE,WAYPOINT_DRIVE_SETTLE,1613,2,1788430118016.205,66.677,timestamp_domain.system_time,27251703.000,94.000,1,27251703.000,27251718.000,15.000,15.000,27251718.000,15.000,1,1,pnp_visible_ransac,9,1.964,-13.8010,-0.592483,2.851249,-11.7389,,
2026-09-03T19:08:38.140,694,WAYPOINT_DRIVE_SETTLE,WAYPOINT_DRIVE_SETTLE,1615,2,1788430118082.762,66.557,timestamp_domain.system_time,27251781.000,78.000,1,27251781.000,27251796.000,15.000,15.000,27251796.000,15.000,1,1,pnp_visible_ransac,9,2.067,-13.8923,-0.590372,2.840106,-11.7428,,
2026-09-03T19:08:38.218,695,WAYPOINT_DRIVE_SETTLE,WAYPOINT_DRIVE_SETTLE,1618,3,1788430118183.115,100.353,timestamp_domain.system_time,27251859.000,78.000,1,27251859.000,27251875.000,16.000,16.000,27251875.000,16.000,1,1,pnp_visible_ransac,9,2.075,-14.0326,-0.597198,2.861044,-11.7903,,
2026-09-03T19:08:38.289,696,WAYPOINT_DRIVE_SETTLE,WAYPOINT_DRIVE_SETTLE,1620,2,1788430118250.647,67.533,timestamp_domain.system_time,27251937.000,78.000,1,27251937.000,27251953.000,16.000,16.000,27251953.000,16.000,1,1,pnp_visible_ransac,9,2.044,-13.7348,-0.585948,2.833401,-11.6841,,
2026-09-03T19:08:38.358,697,WAYPOINT_DRIVE_SETTLE,WAYPOINT_DRIVE_SETTLE,1621,1,1788430118283.014,32.366,timestamp_domain.system_time,27252000.000,63.000,1,27252000.000,27252015.000,15.000,15.000,27252015.000,15.000,1,1,pnp_visible_ransac,9,2.045,-14.5714,-0.577998,2.823750,-11.5682,,
2026-09-03T19:08:38.439,698,WAYPOINT_DRIVE_SETTLE,WAYPOINT_DRIVE_SETTLE,1622,1,1788430118316.559,33.545,timestamp_domain.system_time,27252078.000,78.000,1,27252078.000,27252093.000,15.000,15.000,27252093.000,15.000,1,1,pnp_visible_ransac,9,2.389,-13.9097,-0.587985,2.833737,-11.7222,,
2026-09-03T19:08:38.502,699,WAYPOINT_DRIVE_SETTLE,WAYPOINT_DRIVE_SETTLE,1626,4,1788430118449.760,133.201,timestamp_domain.system_time,27252140.000,62.000,1,27252156.000,27252156.000,0.000,16.000,27252156.000,16.000,1,1,pnp_visible_ransac,9,2.082,-14.3736,-0.572131,2.801378,-11.5429,,
2026-09-03T19:08:38.566,700,WAYPOINT_DRIVE_SETTLE,WAYPOINT_DRIVE_SETTLE,1628,2,1788430118516.594,66.833,timestamp_domain.system_time,27252203.000,63.000,1,27252218.000,27252218.000,0.000,15.000,27252218.000,15.000,1,1,pnp_visible_ransac,9,2.196,-14.5522,-0.572371,2.799142,-11.5566,,
2026-09-03T19:08:38.634,701,WAYPOINT_DRIVE_SETTLE,WAYPOINT_DRIVE_SETTLE,1630,2,1788430118583.204,66.610,timestamp_domain.system_time,27252281.000,78.000,1,27252281.000,27252296.000,15.000,15.000,27252296.000,15.000,1,1,pnp_visible_ransac,9,2.091,-13.9995,-0.579628,2.819132,-11.6184,,
2026-09-03T19:08:38.701,702,WAYPOINT_DRIVE_SETTLE,WAYPOINT_DRIVE_SETTLE,1632,2,1788430118650.010,66.806,timestamp_domain.system_time,27252343.000,62.000,1,27252343.000,27252359.000,16.000,16.000,27252359.000,16.000,1,1,pnp_visible_ransac,9,2.189,-14.8906,-0.566606,2.791898,-11.4722,,
2026-09-03T19:08:38.774,703,WAYPOINT_DRIVE_SETTLE,WAYPOINT_DRIVE_SETTLE,1634,2,1788430118716.537,66.528,timestamp_domain.system_time,27252406.000,63.000,1,27252406.000,27252437.000,31.000,31.000,27252437.000,31.000,1,1,pnp_visible_ransac,9,2.031,-13.3203,-0.593619,2.851738,-11.7588,,
2026-09-03T19:08:38.845,704,WAYPOINT_DRIVE_SETTLE,WAYPOINT_DRIVE_SETTLE,1637,3,1788430118816.765,100.228,timestamp_domain.system_time,27252484.000,78.000,1,27252484.000,27252500.000,16.000,16.000,27252500.000,16.000,1,1,pnp_visible_ransac,9,1.860,-13.3712,-0.600614,2.874046,-11.8037,,
2026-09-03T19:08:38.911,705,WAYPOINT_DRIVE_SETTLE,WAYPOINT_DRIVE_SETTLE,1639,2,1788430118883.444,66.679,timestamp_domain.system_time,27252546.000,62.000,1,27252562.000,27252562.000,0.000,16.000,27252578.000,32.000,1,1,pnp_visible_ransac,9,1.807,-14.2525,-0.587812,2.844337,-11.6764,,
2026-09-03T19:08:38.977,706,WAYPOINT_DRIVE_SETTLE,WAYPOINT_DRIVE_SETTLE,1641,2,1788430118950.161,66.717,timestamp_domain.system_time,27252625.000,79.000,1,27252625.000,27252640.000,15.000,15.000,27252640.000,15.000,1,1,pnp_visible_ransac,9,1.943,-14.4564,-0.575523,2.814468,-11.5569,,
2026-09-03T19:08:39.043,707,WAYPOINT_DRIVE_SETTLE,WAYPOINT_DRIVE_SETTLE,1643,2,1788430119016.895,66.734,timestamp_domain.system_time,27252687.000,62.000,1,27252687.000,27252703.000,16.000,16.000,27252703.000,16.000,1,1,pnp_visible_ransac,9,1.924,-14.4204,-0.586736,2.853921,-11.6175,,
2026-09-03T19:08:39.110,708,WAYPOINT_DRIVE_SETTLE,WAYPOINT_DRIVE_SETTLE,1645,2,1788430119083.586,66.690,timestamp_domain.system_time,27252750.000,63.000,1,27252750.000,27252765.000,15.000,15.000,27252765.000,15.000,1,1,pnp_visible_ransac,9,2.086,-14.0991,-0.611995,2.898834,-11.9211,,
2026-09-03T19:08:39.177,709,STAGING_PLAN,STAGING_PLAN,1647,2,1788430119150.331,66.745,timestamp_domain.system_time,27252812.000,62.000,1,27252828.000,27252828.000,0.000,16.000,27252843.000,31.000,1,1,pnp_visible_ransac,9,2.262,-14.4407,-0.572409,2.795925,-11.5703,,
2026-09-03T19:08:39.233,710,FAILED,FAILED,1649,2,1788430119216.978,66.647,timestamp_domain.system_time,27252890.000,78.000,0,,,,,,,0,0,,,,,,,,,
2026-09-03T19:08:39.287,711,FAILED,FAILED,1650,1,1788430119251.260,34.282,timestamp_domain.system_time,27252937.000,47.000,0,,,,,,,0,0,,,,,,,,,
2026-09-03T19:08:39.348,712,FAILED,FAILED,1651,1,1788430119283.842,32.582,timestamp_domain.system_time,27253000.000,63.000,0,,,,,,,0,0,,,,,,,,,
2026-09-03T19:08:39.437,713,FAILED,FAILED,1654,3,1788430119384.005,100.163,timestamp_domain.system_time,27253093.000,93.000,0,,,,,,,0,0,,,,,,,,,
2026-09-03T19:08:39.506,714,FAILED,FAILED,1657,3,1788430119483.839,99.834,timestamp_domain.system_time,27253156.000,63.000,0,,,,,,,0,0,,,,,,,,,
2026-09-03T19:08:39.558,715,FAILED,FAILED,1658,1,1788430119517.321,33.482,timestamp_domain.system_time,27253218.000,62.000,0,,,,,,,0,0,,,,,,,,,
2026-09-03T19:08:39.607,716,FAILED,FAILED,1660,2,1788430119583.880,66.560,timestamp_domain.system_time,27253265.000,47.000,0,,,,,,,0,0,,,,,,,,,
2026-09-03T19:08:39.655,717,FAILED,FAILED,1661,1,1788430119617.459,33.578,timestamp_domain.system_time,27253312.000,47.000,0,,,,,,,0,0,,,,,,,,,
2026-09-03T19:08:39.704,718,FAILED,FAILED,1663,2,1788430119684.070,66.612,timestamp_domain.system_time,27253359.000,47.000,0,,,,,,,0,0,,,,,,,,,
2026-09-03T19:08:39.753,719,FAILED,FAILED,1664,1,1788430119717.346,33.275,timestamp_domain.system_time,27253406.000,47.000,0,,,,,,,0,0,,,,,,,,,
2026-09-03T19:08:39.805,720,FAILED,FAILED,1666,2,1788430119784.211,66.865,timestamp_domain.system_time,27253453.000,47.000,0,,,,,,,0,0,,,,,,,,,
2026-09-03T19:08:39.856,721,FAILED,FAILED,1667,1,1788430119817.348,33.137,timestamp_domain.system_time,27253515.000,62.000,0,,,,,,,0,0,,,,,,,,,
2026-09-03T19:08:39.907,722,FAILED,FAILED,1669,2,1788430119884.117,66.768,timestamp_domain.system_time,27253562.000,47.000,0,,,,,,,0,0,,,,,,,,,
2026-09-03T19:08:39.959,723,FAILED,FAILED,1670,1,1788430119917.497,33.380,timestamp_domain.system_time,27253609.000,47.000,0,,,,,,,0,0,,,,,,,,,
2026-09-03T19:08:40.008,724,FAILED,FAILED,1672,2,1788430119984.110,66.613,timestamp_domain.system_time,27253656.000,47.000,0,,,,,,,0,0,,,,,,,,,
2026-09-03T19:08:40.059,725,FAILED,FAILED,1674,2,1788430120050.796,66.686,timestamp_domain.system_time,27253718.000,62.000,0,,,,,,,0,0,,,,,,,,,
2026-09-03T19:08:40.114,726,FAILED,FAILED,1675,1,1788430120084.606,33.810,timestamp_domain.system_time,27253765.000,47.000,0,,,,,,,0,0,,,,,,,,,
2026-09-03T19:08:40.168,727,FAILED,FAILED,1677,2,1788430120151.404,66.798,timestamp_domain.system_time,27253828.000,63.000,0,,,,,,,0,0,,,,,,,,,
2026-09-03T19:08:40.227,728,FAILED,FAILED,1678,1,1788430120184.328,32.924,timestamp_domain.system_time,27253875.000,47.000,0,,,,,,,0,0,,,,,,,,,
2026-09-03T19:08:40.289,729,FAILED,FAILED,1680,2,1788430120251.045,66.717,timestamp_domain.system_time,27253937.000,62.000,0,,,,,,,0,0,,,,,,,,,
2026-09-03T19:08:40.349,730,FAILED,FAILED,1681,1,1788430120284.109,33.064,timestamp_domain.system_time,27254000.000,63.000,0,,,,,,,0,0,,,,,,,,,
2026-09-03T19:08:40.426,731,FAILED,FAILED,1682,1,1788430120317.657,33.548,timestamp_domain.system_time,27254078.000,78.000,0,,,,,,,0,0,,,,,,,,,
2026-09-03T19:08:40.482,732,FAILED,FAILED,1686,4,1788430120451.206,133.549,timestamp_domain.system_time,27254140.000,62.000,0,,,,,,,0,0,,,,,,,,,
2026-09-03T19:08:40.537,733,FAILED,FAILED,1688,2,1788430120517.836,66.629,timestamp_domain.system_time,27254187.000,47.000,0,,,,,,,0,0,,,,,,,,,
2026-09-03T19:08:40.592,734,FAILED,FAILED,1689,1,1788430120551.243,33.407,timestamp_domain.system_time,27254250.000,63.000,0,,,,,,,0,0,,,,,,,,,
2026-09-03T19:08:40.645,735,FAILED,FAILED,1691,2,1788430120618.171,66.928,timestamp_domain.system_time,27254296.000,46.000,0,,,,,,,0,0,,,,,,,,,
2026-09-03T19:08:40.698,736,FAILED,FAILED,1693,2,1788430120684.612,66.441,timestamp_domain.system_time,27254359.000,63.000,0,,,,,,,0,0,,,,,,,,,
2026-09-03T19:08:40.749,737,FAILED,FAILED,1694,1,1788430120718.093,33.481,timestamp_domain.system_time,27254406.000,47.000,0,,,,,,,0,0,,,,,,,,,
2026-09-03T19:08:40.806,738,FAILED,FAILED,1696,2,1788430120784.823,66.730,timestamp_domain.system_time,27254468.000,62.000,0,,,,,,,0,0,,,,,,,,,
2026-09-03T19:08:40.858,739,FAILED,FAILED,1697,1,1788430120818.212,33.389,timestamp_domain.system_time,27254515.000,47.000,0,,,,,,,0,0,,,,,,,,,
2026-09-03T19:08:40.908,740,FAILED,FAILED,1699,2,1788430120884.906,66.694,timestamp_domain.system_time,27254562.000,47.000,0,,,,,,,0,0,,,,,,,,,
2026-09-03T19:08:40.958,741,FAILED,FAILED,1700,1,1788430120918.319,33.413,timestamp_domain.system_time,27254609.000,47.000,0,,,,,,,0,0,,,,,,,,,
2026-09-03T19:08:41.008,742,FAILED,FAILED,1702,2,1788430120984.902,66.583,timestamp_domain.system_time,27254656.000,47.000,0,,,,,,,0,0,,,,,,,,,
2026-09-03T19:08:41.058,743,FAILED,FAILED,1703,1,1788430121018.389,33.487,timestamp_domain.system_time,27254718.000,62.000,0,,,,,,,0,0,,,,,,,,,
2026-09-03T19:08:41.108,744,FAILED,FAILED,1705,2,1788430121085.129,66.740,timestamp_domain.system_time,27254765.000,47.000,0,,,,,,,0,0,,,,,,,,,
2026-09-03T19:08:41.161,745,FAILED,FAILED,1707,2,1788430121151.743,66.614,timestamp_domain.system_time,27254812.000,47.000,0,,,,,,,0,0,,,,,,,,,
2026-09-03T19:08:41.214,746,FAILED,FAILED,1708,1,1788430121184.916,33.173,timestamp_domain.system_time,27254875.000,63.000,0,,,,,,,0,0,,,,,,,,,
2026-09-03T19:08:41.270,747,FAILED,FAILED,1710,2,1788430121251.644,66.728,timestamp_domain.system_time,27254921.000,46.000,0,,,,,,,0,0,,,,,,,,,
2026-09-03T19:08:41.328,748,FAILED,FAILED,1711,1,1788430121284.901,33.257,timestamp_domain.system_time,27254984.000,63.000,0,,,,,,,0,0,,,,,,,,,
2026-09-03T19:08:41.439,749,FAILED,FAILED,1714,3,1788430121385.654,100.753,timestamp_domain.system_time,27255093.000,109.000,0,,,,,,,0,0,,,,,,,,,
2026-09-03T19:08:41.506,750,FAILED,FAILED,1717,3,1788430121485.569,99.914,timestamp_domain.system_time,27255156.000,63.000,0,,,,,,,0,0,,,,,,,,,
2026-09-03T19:08:41.558,751,FAILED,FAILED,1718,1,1788430121518.664,33.095,timestamp_domain.system_time,27255218.000,62.000,0,,,,,,,0,0,,,,,,,,,
2026-09-03T19:08:41.606,752,FAILED,FAILED,1720,2,1788430121585.439,66.776,timestamp_domain.system_time,27255265.000,47.000,0,,,,,,,0,0,,,,,,,,,
2026-09-03T19:08:41.660,753,FAILED,FAILED,1721,1,1788430121618.804,33.364,timestamp_domain.system_time,27255312.000,47.000,0,,,,,,,0,0,,,,,,,,,
2026-09-03T19:08:41.709,754,FAILED,FAILED,1723,2,1788430121685.482,66.678,timestamp_domain.system_time,27255359.000,47.000,0,,,,,,,0,0,,,,,,,,,
2026-09-03T19:08:41.759,755,FAILED,FAILED,1724,1,1788430121718.890,33.409,timestamp_domain.system_time,27255406.000,47.000,0,,,,,,,0,0,,,,,,,,,
2026-09-03T19:08:41.807,756,FAILED,FAILED,1726,2,1788430121785.586,66.695,timestamp_domain.system_time,27255468.000,62.000,0,,,,,,,0,0,,,,,,,,,
2026-09-03T19:08:41.856,757,FAILED,FAILED,1727,1,1788430121819.024,33.438,timestamp_domain.system_time,27255515.000,47.000,0,,,,,,,0,0,,,,,,,,,
2026-09-03T19:08:41.905,758,FAILED,FAILED,1729,2,1788430121885.607,66.583,timestamp_domain.system_time,27255562.000,47.000,0,,,,,,,0,0,,,,,,,,,
2026-09-03T19:08:41.953,759,FAILED,FAILED,1730,1,1788430121918.899,33.293,timestamp_domain.system_time,27255609.000,47.000,0,,,,,,,0,0,,,,,,,,,
2026-09-03T19:08:42.002,760,FAILED,FAILED,1732,2,1788430121986.003,67.104,timestamp_domain.system_time,27255656.000,47.000,0,,,,,,,0,0,,,,,,,,,
2026-09-03T19:08:42.050,761,FAILED,FAILED,1733,1,1788430122018.976,32.973,timestamp_domain.system_time,27255703.000,47.000,0,,,,,,,0,0,,,,,,,,,
2026-09-03T19:08:42.100,762,FAILED,FAILED,1735,2,1788430122085.681,66.705,timestamp_domain.system_time,27255750.000,47.000,0,,,,,,,0,0,,,,,,,,,
2026-09-03T19:08:42.149,763,FAILED,FAILED,1736,1,1788430122119.123,33.442,timestamp_domain.system_time,27255812.000,62.000,0,,,,,,,0,0,,,,,,,,,
2026-09-03T19:08:42.199,764,FAILED,FAILED,1738,2,1788430122185.741,66.618,timestamp_domain.system_time,27255859.000,47.000,0,,,,,,,0,0,,,,,,,,,
2026-09-03T19:08:42.249,765,FAILED,FAILED,1739,1,1788430122218.898,33.157,timestamp_domain.system_time,27255906.000,47.000,0,,,,,,,0,0,,,,,,,,,
2026-09-03T19:08:42.298,766,FAILED,FAILED,1741,2,1788430122286.930,68.032,timestamp_domain.system_time,27255953.000,47.000,0,,,,,,,0,0,,,,,,,,,
2026-09-03T19:08:42.348,767,FAILED,FAILED,1742,1,1788430122319.386,32.456,timestamp_domain.system_time,27256000.000,47.000,0,,,,,,,0,0,,,,,,,,,
2026-09-03T19:08:42.471,768,FAILED,FAILED,1743,1,1788430122352.535,33.149,timestamp_domain.system_time,27256125.000,125.000,0,,,,,,,0,0,,,,,,,,,
2026-09-03T19:08:42.524,769,FAILED,FAILED,1747,4,1788430122485.969,133.433,timestamp_domain.system_time,27256187.000,62.000,0,,,,,,,0,0,,,,,,,,,
2026-09-03T19:08:42.574,770,FAILED,FAILED,1749,2,1788430122552.469,66.501,timestamp_domain.system_time,27256234.000,47.000,0,,,,,,,0,0,,,,,,,,,
2026-09-03T19:08:42.623,771,FAILED,FAILED,1750,1,1788430122585.818,33.349,timestamp_domain.system_time,27256281.000,47.000,0,,,,,,,0,0,,,,,,,,,
2026-09-03T19:08:42.675,772,FAILED,FAILED,1752,2,1788430122652.621,66.802,timestamp_domain.system_time,27256328.000,47.000,0,,,,,,,0,0,,,,,,,,,
2026-09-03T19:08:42.727,773,FAILED,FAILED,1753,1,1788430122685.852,33.231,timestamp_domain.system_time,27256375.000,47.000,0,,,,,,,0,0,,,,,,,,,
2026-09-03T19:08:42.783,774,FAILED,FAILED,1755,2,1788430122752.664,66.812,timestamp_domain.system_time,27256437.000,62.000,0,,,,,,,0,0,,,,,,,,,
2026-09-03T19:08:42.843,775,FAILED,FAILED,1757,2,1788430122819.663,66.999,timestamp_domain.system_time,27256500.000,63.000,0,,,,,,,0,0,,,,,,,,,
2026-09-03T19:08:42.897,776,FAILED,FAILED,1759,2,1788430122886.137,66.474,timestamp_domain.system_time,27256546.000,46.000,0,,,,,,,0,0,,,,,,,,,
2026-09-03T19:08:42.956,777,FAILED,FAILED,1760,1,1788430122919.431,33.294,timestamp_domain.system_time,27256609.000,63.000,0,,,,,,,0,0,,,,,,,,,
2026-09-03T19:08:43.017,778,FAILED,FAILED,1762,2,1788430122986.817,67.385,timestamp_domain.system_time,27256671.000,62.000,0,,,,,,,0,0,,,,,,,,,
2026-09-03T19:08:43.075,779,FAILED,FAILED,1764,2,1788430123052.997,66.180,timestamp_domain.system_time,27256734.000,63.000,0,,,,,,,0,0,,,,,,,,,
2026-09-03T19:08:43.128,780,FAILED,FAILED,1765,1,1788430123086.316,33.319,timestamp_domain.system_time,27256781.000,47.000,0,,,,,,,0,0,,,,,,,,,
2026-09-03T19:08:43.180,781,FAILED,FAILED,1767,2,1788430123153.085,66.769,timestamp_domain.system_time,27256828.000,47.000,0,,,,,,,0,0,,,,,,,,,
2026-09-03T19:08:43.235,782,FAILED,FAILED,1769,2,1788430123219.692,66.607,timestamp_domain.system_time,27256890.000,62.000,0,,,,,,,0,0,,,,,,,,,
2026-09-03T19:08:43.289,783,FAILED,FAILED,1770,1,1788430123253.262,33.570,timestamp_domain.system_time,27256937.000,47.000,0,,,,,,,0,0,,,,,,,,,
2026-09-03T19:08:43.350,784,FAILED,FAILED,1772,2,1788430123320.472,67.210,timestamp_domain.system_time,27257000.000,63.000,0,,,,,,,0,0,,,,,,,,,
2026-09-03T19:08:43.460,785,FAILED,FAILED,1775,3,1788430123420.134,99.662,timestamp_domain.system_time,27257109.000,109.000,0,,,,,,,0,0,,,,,,,,,
2026-09-03T19:08:43.511,786,FAILED,FAILED,1777,2,1788430123486.597,66.464,timestamp_domain.system_time,27257171.000,62.000,0,,,,,,,0,0,,,,,,,,,
2026-09-03T19:08:43.565,787,FAILED,FAILED,1779,2,1788430123553.511,66.914,timestamp_domain.system_time,27257218.000,47.000,0,,,,,,,0,0,,,,,,,,,
2026-09-03T19:08:43.624,788,FAILED,FAILED,1780,1,1788430123586.887,33.375,timestamp_domain.system_time,27257281.000,63.000,0,,,,,,,0,0,,,,,,,,,
2026-09-03T19:08:43.678,789,FAILED,FAILED,1782,2,1788430123653.431,66.544,timestamp_domain.system_time,27257328.000,47.000,0,,,,,,,0,0,,,,,,,,,
2026-09-03T19:08:43.738,790,FAILED,FAILED,1784,2,1788430123720.195,66.764,timestamp_domain.system_time,27257390.000,62.000,0,,,,,,,0,0,,,,,,,,,
2026-09-03T19:08:43.802,791,FAILED,FAILED,1786,2,1788430123787.122,66.927,timestamp_domain.system_time,27257453.000,63.000,0,,,,,,,0,0,,,,,,,,,
2026-09-03T19:08:43.858,792,FAILED,FAILED,1787,1,1788430123820.318,33.197,timestamp_domain.system_time,27257515.000,62.000,0,,,,,,,0,0,,,,,,,,,
2026-09-03T19:08:43.919,793,FAILED,FAILED,1789,2,1788430123887.014,66.695,timestamp_domain.system_time,27257578.000,63.000,0,,,,,,,0,0,,,,,,,,,
2026-09-03T19:08:43.980,794,FAILED,FAILED,1791,2,1788430123953.597,66.583,timestamp_domain.system_time,27257640.000,62.000,0,,,,,,,0,0,,,,,,,,,
2026-09-03T19:08:44.040,795,FAILED,FAILED,1793,2,1788430124020.421,66.824,timestamp_domain.system_time,27257687.000,47.000,0,,,,,,,0,0,,,,,,,,,
2026-09-03T19:08:44.099,796,FAILED,FAILED,1795,2,1788430124087.188,66.766,timestamp_domain.system_time,27257750.000,63.000,0,,,,,,,0,0,,,,,,,,,
2026-09-03T19:08:44.160,797,FAILED,FAILED,1796,1,1788430124120.420,33.232,timestamp_domain.system_time,27257812.000,62.000,0,,,,,,,0,0,,,,,,,,,
2026-09-03T19:08:44.222,798,FAILED,FAILED,1798,2,1788430124187.286,66.867,timestamp_domain.system_time,27257875.000,63.000,0,,,,,,,0,0,,,,,,,,,
2026-09-03T19:08:44.283,799,FAILED,FAILED,1800,2,1788430124254.289,67.002,timestamp_domain.system_time,27257937.000,62.000,0,,,,,,,0,0,,,,,,,,,
2026-09-03T19:08:44.340,800,FAILED,FAILED,1802,2,1788430124321.812,67.523,timestamp_domain.system_time,27258000.000,63.000,0,,,,,,,0,0,,,,,,,,,
2026-09-03T19:08:44.495,801,FAILED,FAILED,1805,3,1788430124421.310,99.498,timestamp_domain.system_time,27258156.000,156.000,0,,,,,,,0,0,,,,,,,,,
2026-09-03T19:08:44.556,802,FAILED,FAILED,1808,3,1788430124520.629,99.318,timestamp_domain.system_time,27258203.000,47.000,0,,,,,,,0,0,,,,,,,,,
2026-09-03T19:08:44.621,803,FAILED,FAILED,1810,2,1788430124587.818,67.189,timestamp_domain.system_time,27258281.000,78.000,0,,,,,,,0,0,,,,,,,,,
2026-09-03T19:08:44.684,804,FAILED,FAILED,1812,2,1788430124654.850,67.031,timestamp_domain.system_time,27258343.000,62.000,0,,,,,,,0,0,,,,,,,,,
2026-09-03T19:08:44.756,805,FAILED,FAILED,1814,2,1788430124720.752,65.902,timestamp_domain.system_time,27258406.000,63.000,0,,,,,,,0,0,,,,,,,,,
2026-09-03T19:08:44.832,806,FAILED,FAILED,1816,2,1788430124788.145,67.393,timestamp_domain.system_time,27258484.000,78.000,0,,,,,,,0,0,,,,,,,,,
2026-09-03T19:08:44.900,807,FAILED,FAILED,1819,3,1788430124887.668,99.523,timestamp_domain.system_time,27258562.000,78.000,0,,,,,,,0,0,,,,,,,,,
2026-09-03T19:08:44.970,808,FAILED,FAILED,1821,2,1788430124954.403,66.735,timestamp_domain.system_time,27258625.000,63.000,0,,,,,,,0,0,,,,,,,,,
2026-09-03T19:08:45.070,809,FAILED,FAILED,1824,3,1788430125054.703,100.300,timestamp_domain.system_time,27258718.000,93.000,0,,,,,,,0,0,,,,,,,,,
2026-09-03T19:08:45.138,810,FAILED,FAILED,1826,2,1788430125121.031,66.328,timestamp_domain.system_time,27258796.000,78.000,0,,,,,,,0,0,,,,,,,,,
2026-09-03T19:08:45.197,811,FAILED,FAILED,1827,1,1788430125154.673,33.642,timestamp_domain.system_time,27258859.000,63.000,0,,,,,,,0,0,,,,,,,,,
2026-09-03T19:08:45.253,812,FAILED,FAILED,1829,2,1788430125221.300,66.626,timestamp_domain.system_time,27258906.000,47.000,0,,,,,,,0,0,,,,,,,,,
2026-09-03T19:08:45.309,813,FAILED,FAILED,1831,2,1788430125287.982,66.682,timestamp_domain.system_time,27258968.000,62.000,0,,,,,,,0,0,,,,,,,,,
2026-09-03T19:08:45.376,814,FAILED,FAILED,1833,2,1788430125354.658,66.677,timestamp_domain.system_time,27259031.000,63.000,0,,,,,,,0,0,,,,,,,,,
2026-09-03T19:08:45.497,815,FAILED,FAILED,1836,3,1788430125454.975,100.316,timestamp_domain.system_time,27259156.000,125.000,0,,,,,,,0,0,,,,,,,,,
2026-09-03T19:08:45.562,816,FAILED,FAILED,1838,2,1788430125521.394,66.419,timestamp_domain.system_time,27259218.000,62.000,0,,,,,,,0,0,,,,,,,,,
2026-09-03T19:08:45.625,817,FAILED,FAILED,1840,2,1788430125588.118,66.724,timestamp_domain.system_time,27259281.000,63.000,0,,,,,,,0,0,,,,,,,,,
2026-09-03T19:08:45.681,818,FAILED,FAILED,1842,2,1788430125654.857,66.739,timestamp_domain.system_time,27259343.000,62.000,0,,,,,,,0,0,,,,,,,,,
2026-09-03T19:08:45.736,819,FAILED,FAILED,1844,2,1788430125721.618,66.761,timestamp_domain.system_time,27259390.000,47.000,0,,,,,,,0,0,,,,,,,,,
2026-09-03T19:08:45.793,820,FAILED,FAILED,1845,1,1788430125754.967,33.349,timestamp_domain.system_time,27259453.000,63.000,0,,,,,,,0,0,,,,,,,,,
2026-09-03T19:08:45.848,821,FAILED,FAILED,1847,2,1788430125821.623,66.656,timestamp_domain.system_time,27259500.000,47.000,0,,,,,,,0,0,,,,,,,,,
2026-09-03T19:08:45.907,822,FAILED,FAILED,1849,2,1788430125888.528,66.905,timestamp_domain.system_time,27259562.000,62.000,0,,,,,,,0,0,,,,,,,,,
2026-09-03T19:08:45.964,823,FAILED,FAILED,1850,1,1788430125921.830,33.302,timestamp_domain.system_time,27259625.000,63.000,0,,,,,,,0,0,,,,,,,,,
2026-09-03T19:08:46.019,824,FAILED,FAILED,1852,2,1788430125988.342,66.512,timestamp_domain.system_time,27259671.000,46.000,0,,,,,,,0,0,,,,,,,,,
2026-09-03T19:08:46.074,825,FAILED,FAILED,1854,2,1788430126055.245,66.903,timestamp_domain.system_time,27259734.000,63.000,0,,,,,,,0,0,,,,,,,,,
2026-09-03T19:08:46.127,826,FAILED,FAILED,1855,1,1788430126088.540,33.295,timestamp_domain.system_time,27259781.000,47.000,0,,,,,,,0,0,,,,,,,,,
2026-09-03T19:08:46.177,827,FAILED,FAILED,1857,2,1788430126155.137,66.597,timestamp_domain.system_time,27259828.000,47.000,0,,,,,,,0,0,,,,,,,,,
2026-09-03T19:08:46.226,828,FAILED,FAILED,1858,1,1788430126188.588,33.452,timestamp_domain.system_time,27259875.000,47.000,0,,,,,,,0,0,,,,,,,,,
2026-09-03T19:08:46.278,829,FAILED,FAILED,1860,2,1788430126255.185,66.597,timestamp_domain.system_time,27259937.000,62.000,0,,,,,,,0,0,,,,,,,,,
2026-09-03T19:08:46.328,830,FAILED,FAILED,1861,1,1788430126288.726,33.541,timestamp_domain.system_time,27259984.000,47.000,0,,,,,,,0,0,,,,,,,,,
2026-09-03T19:08:46.379,831,FAILED,FAILED,1863,2,1788430126355.277,66.551,timestamp_domain.system_time,27260031.000,47.000,0,,,,,,,0,0,,,,,,,,,
2026-09-03T19:08:46.505,832,FAILED,FAILED,1866,3,1788430126456.220,100.943,timestamp_domain.system_time,27260156.000,125.000,0,,,,,,,0,0,,,,,,,,,
2026-09-03T19:08:46.559,833,FAILED,FAILED,1868,2,1788430126522.186,65.966,timestamp_domain.system_time,27260218.000,62.000,0,,,,,,,0,0,,,,,,,,,
2026-09-03T19:08:46.610,834,FAILED,FAILED,1870,2,1788430126588.660,66.474,timestamp_domain.system_time,27260265.000,47.000,0,,,,,,,0,0,,,,,,,,,
2026-09-03T19:08:46.661,835,FAILED,FAILED,1871,1,1788430126622.172,33.512,timestamp_domain.system_time,27260312.000,47.000,0,,,,,,,0,0,,,,,,,,,
2026-09-03T19:08:46.711,836,FAILED,FAILED,1873,2,1788430126688.756,66.584,timestamp_domain.system_time,27260375.000,63.000,0,,,,,,,0,0,,,,,,,,,
2026-09-03T19:08:46.761,837,FAILED,FAILED,1874,1,1788430126722.040,33.284,timestamp_domain.system_time,27260421.000,46.000,0,,,,,,,0,0,,,,,,,,,
2026-09-03T19:08:46.810,838,FAILED,FAILED,1876,2,1788430126788.913,66.873,timestamp_domain.system_time,27260468.000,47.000,0,,,,,,,0,0,,,,,,,,,
