t_iso,t_mono,sim_time_s,frame_i,fsm_state,camera_frame_number,inference_ran,pose_src,model_det_ok,pnp_ok,result_fps,result_interval_s,inference_start_host_mono_ms,inference_end_host_mono_ms,model_inference_ms,pose_result_host_mono_ms,pos_x_m,pos_z_m,yaw_deg
2026-09-08T07:01:41.840+00:00,1000.0,0.0,0,PRECHECK,0,0,simulation,1,,,,1000000.0,1000000.0,0.0,1000000.0,0.0,4.0,35.0
2026-09-08T07:01:41.874+00:00,1000.0333333333333,0.03333333333333333,1,SEARCH_SWEEP,1,0,simulation,1,,30.0,0.03333333333333333,1000033.3333333333,1000033.3333333333,0.0,1000033.3333333333,0.0,3.9999999999999996,35.0
2026-09-08T07:01:41.907+00:00,1000.0666666666667,0.06666666666666667,2,ACQUIRE_VERIFY,2,0,simulation,1,,30.0,0.03333333333333333,1000066.6666666667,1000066.6666666667,0.0,1000066.6666666667,0.0,3.9999999999999996,35.0
2026-09-08T07:01:41.940+00:00,1000.1,0.1,3,ACQUIRE_VERIFY,3,0,simulation,1,,29.999999999999993,0.03333333333333334,1000100.0,1000100.0,0.0,1000100.0,0.0,3.9999999999999996,35.0
2026-09-08T07:01:41.974+00:00,1000.1333333333333,0.13333333333333333,4,ACQUIRE_VERIFY,4,0,simulation,1,,30.000000000000007,0.033333333333333326,1000133.3333333334,1000133.3333333334,0.0,1000133.3333333334,0.0,3.9999999999999996,35.0
2026-09-08T07:01:42.007+00:00,1000.1666666666666,0.16666666666666666,5,ACQUIRE_VERIFY,5,0,simulation,1,,30.000000000000007,0.033333333333333326,1000166.6666666666,1000166.6666666666,0.0,1000166.6666666666,0.0,3.9999999999999996,35.0
2026-09-08T07:01:42.040+00:00,1000.2,0.19999999999999998,6,ACQUIRE_VERIFY,6,0,simulation,1,,30.000000000000007,0.033333333333333326,1000200.0,1000200.0,0.0,1000200.0,0.0,3.9999999999999996,35.0
2026-09-08T07:01:42.074+00:00,1000.2333333333333,0.2333333333333333,7,ACQUIRE_VERIFY,7,0,simulation,1,,30.000000000000007,0.033333333333333326,1000233.3333333334,1000233.3333333334,0.0,1000233.3333333334,0.0,3.9999999999999996,35.0
2026-09-08T07:01:42.107+00:00,1000.2666666666667,0.26666666666666666,8,ACQUIRE_VERIFY,8,0,simulation,1,,29.999999999999982,0.033333333333333354,1000266.6666666666,1000266.6666666666,0.0,1000266.6666666666,0.0,3.9999999999999996,35.0
2026-09-08T07:01:42.140+00:00,1000.3,0.3,9,ACQUIRE_VERIFY,9,0,simulation,1,,30.000000000000007,0.033333333333333326,1000300.0,1000300.0,0.0,1000300.0,0.0,3.9999999999999996,35.0
2026-09-08T07:01:42.174+00:00,1000.3333333333334,0.3333333333333333,10,ACQUIRE_VERIFY,10,0,simulation,1,,30.000000000000007,0.033333333333333326,1000333.3333333334,1000333.3333333334,0.0,1000333.3333333334,0.0,3.9999999999999996,35.0
2026-09-08T07:01:42.207+00:00,1000.3666666666667,0.36666666666666664,11,ACQUIRE_VERIFY,11,0,simulation,1,,30.000000000000007,0.033333333333333326,1000366.6666666666,1000366.6666666666,0.0,1000366.6666666666,0.0,3.9999999999999996,35.0
2026-09-08T07:01:42.240+00:00,1000.4,0.39999999999999997,12,ACQUIRE_VERIFY,12,0,simulation,1,,30.000000000000007,0.033333333333333326,1000400.0,1000400.0,0.0,1000400.0,0.0,3.9999999999999996,35.0
2026-09-08T07:01:42.274+00:00,1000.4333333333333,0.4333333333333333,13,ACQUIRE_VERIFY,13,0,simulation,1,,30.000000000000007,0.033333333333333326,1000433.3333333333,1000433.3333333333,0.0,1000433.3333333333,0.0,3.9999999999999996,35.0
2026-09-08T07:01:42.307+00:00,1000.4666666666667,0.4666666666666666,14,ACQUIRE_VERIFY,14,0,simulation,1,,30.000000000000007,0.033333333333333326,1000466.6666666667,1000466.6666666667,0.0,1000466.6666666667,0.0,3.9999999999999996,35.0
2026-09-08T07:01:42.340+00:00,1000.5,0.49999999999999994,15,ACQUIRE_VERIFY,15,0,simulation,1,,30.000000000000007,0.033333333333333326,1000500.0,1000500.0,0.0,1000500.0,0.0,3.9999999999999996,35.0
2026-09-08T07:01:42.374+00:00,1000.5333333333333,0.5333333333333333,16,ACQUIRE_VERIFY,16,0,simulation,1,,29.999999999999957,0.03333333333333338,1000533.3333333333,1000533.3333333333,0.0,1000533.3333333333,0.0,3.9999999999999996,35.0
2026-09-08T07:01:42.407+00:00,1000.5666666666667,0.5666666666666667,17,ACQUIRE_VERIFY,17,0,simulation,1,,30.000000000000007,0.033333333333333326,1000566.6666666667,1000566.6666666667,0.0,1000566.6666666667,0.0,3.9999999999999996,35.0
2026-09-08T07:01:42.440+00:00,1000.6,0.6,18,ACQUIRE_VERIFY,18,0,simulation,1,,30.000000000000007,0.033333333333333326,1000600.0,1000600.0,0.0,1000600.0,0.0,3.9999999999999996,35.0
2026-09-08T07:01:42.474+00:00,1000.6333333333333,0.6333333333333333,19,ACQUIRE_VERIFY,19,0,simulation,1,,30.000000000000007,0.033333333333333326,1000633.3333333334,1000633.3333333334,0.0,1000633.3333333334,0.0,3.9999999999999996,35.0
2026-09-08T07:01:42.507+00:00,1000.6666666666666,0.6666666666666666,20,ACQUIRE_VERIFY,20,0,simulation,1,,30.000000000000007,0.033333333333333326,1000666.6666666666,1000666.6666666666,0.0,1000666.6666666666,0.0,3.9999999999999996,35.0
2026-09-08T07:01:42.540+00:00,1000.7,0.7,21,ACQUIRE_VERIFY,21,0,simulation,1,,30.000000000000007,0.033333333333333326,1000700.0,1000700.0,0.0,1000700.0,0.0,3.9999999999999996,35.0
2026-09-08T07:01:42.574+00:00,1000.7333333333333,0.7333333333333333,22,ACQUIRE_VERIFY,22,0,simulation,1,,30.000000000000007,0.033333333333333326,1000733.3333333334,1000733.3333333334,0.0,1000733.3333333334,0.0,3.9999999999999996,35.0
2026-09-08T07:01:42.607+00:00,1000.7666666666667,0.7666666666666666,23,ACQUIRE_VERIFY,23,0,simulation,1,,30.000000000000007,0.033333333333333326,1000766.6666666666,1000766.6666666666,0.0,1000766.6666666666,0.0,3.9999999999999996,35.0
2026-09-08T07:01:42.640+00:00,1000.8,0.7999999999999999,24,ACQUIRE_VERIFY,24,0,simulation,1,,30.000000000000007,0.033333333333333326,1000800.0,1000800.0,0.0,1000800.0,0.0,3.9999999999999996,35.0
2026-09-08T07:01:42.674+00:00,1000.8333333333334,0.8333333333333333,25,ACQUIRE_VERIFY,25,0,simulation,1,,30.000000000000007,0.033333333333333326,1000833.3333333334,1000833.3333333334,0.0,1000833.3333333334,0.0,3.9999999999999996,35.0
2026-09-08T07:01:42.707+00:00,1000.8666666666667,0.8666666666666666,26,ACQUIRE_VERIFY,26,0,simulation,1,,30.000000000000007,0.033333333333333326,1000866.6666666666,1000866.6666666666,0.0,1000866.6666666666,0.0,3.9999999999999996,35.0
2026-09-08T07:01:42.740+00:00,1000.9,0.8999999999999999,27,ACQUIRE_VERIFY,27,0,simulation,1,,30.000000000000007,0.033333333333333326,1000900.0,1000900.0,0.0,1000900.0,0.0,3.9999999999999996,35.0
2026-09-08T07:01:42.774+00:00,1000.9333333333333,0.9333333333333332,28,ACQUIRE_VERIFY,28,0,simulation,1,,30.000000000000007,0.033333333333333326,1000933.3333333333,1000933.3333333333,0.0,1000933.3333333333,0.0,3.9999999999999996,35.0
2026-09-08T07:01:42.807+00:00,1000.9666666666667,0.9666666666666666,29,ACQUIRE_VERIFY,29,0,simulation,1,,30.000000000000007,0.033333333333333326,1000966.6666666667,1000966.6666666667,0.0,1000966.6666666667,0.0,3.9999999999999996,35.0
2026-09-08T07:01:42.840+00:00,1001.0,0.9999999999999999,30,ACQUIRE_VERIFY,30,0,simulation,1,,30.000000000000007,0.033333333333333326,1001000.0,1001000.0,0.0,1001000.0,0.0,3.9999999999999996,35.0
2026-09-08T07:01:42.874+00:00,1001.0333333333333,1.0333333333333332,31,ACQUIRE_VERIFY,31,0,simulation,1,,30.000000000000007,0.033333333333333326,1001033.3333333333,1001033.3333333333,0.0,1001033.3333333333,0.0,3.9999999999999996,35.0
2026-09-08T07:01:42.907+00:00,1001.0666666666667,1.0666666666666667,32,ACQUIRE_VERIFY,32,0,simulation,1,,29.999999999999908,0.03333333333333344,1001066.6666666667,1001066.6666666667,0.0,1001066.6666666667,0.0,3.9999999999999996,35.0
2026-09-08T07:01:42.940+00:00,1001.1,1.1,33,ACQUIRE_VERIFY,33,0,simulation,1,,29.999999999999908,0.03333333333333344,1001100.0,1001100.0,0.0,1001100.0,0.0,3.9999999999999996,35.0
2026-09-08T07:01:42.974+00:00,1001.1333333333333,1.1333333333333335,34,ACQUIRE_VERIFY,34,0,simulation,1,,29.999999999999908,0.03333333333333344,1001133.3333333334,1001133.3333333334,0.0,1001133.3333333334,0.0,3.9999999999999996,35.0
2026-09-08T07:01:43.007+00:00,1001.1666666666666,1.166666666666667,35,ACQUIRE_VERIFY,35,0,simulation,1,,29.999999999999908,0.03333333333333344,1001166.6666666666,1001166.6666666666,0.0,1001166.6666666666,0.0,3.9999999999999996,35.0
2026-09-08T07:01:43.040+00:00,1001.2,1.2000000000000004,36,ACQUIRE_VERIFY,36,0,simulation,1,,29.999999999999908,0.03333333333333344,1001200.0,1001200.0,0.0,1001200.0,0.0,3.9999999999999996,35.0
2026-09-08T07:01:43.074+00:00,1001.2333333333333,1.2333333333333338,37,ACQUIRE_VERIFY,37,0,simulation,1,,29.999999999999908,0.03333333333333344,1001233.3333333334,1001233.3333333334,0.0,1001233.3333333334,0.0,3.9999999999999996,35.0
2026-09-08T07:01:43.107+00:00,1001.2666666666667,1.2666666666666673,38,ACQUIRE_VERIFY,38,0,simulation,1,,29.999999999999908,0.03333333333333344,1001266.6666666666,1001266.6666666666,0.0,1001266.6666666666,0.0,3.9999999999999996,35.0
2026-09-08T07:01:43.140+00:00,1001.3,1.3000000000000007,39,ACQUIRE_VERIFY,39,0,simulation,1,,29.999999999999908,0.03333333333333344,1001300.0,1001300.0,0.0,1001300.0,0.0,3.9999999999999996,35.0
2026-09-08T07:01:43.174+00:00,1001.3333333333334,1.3333333333333341,40,ACQUIRE_VERIFY,40,0,simulation,1,,29.999999999999908,0.03333333333333344,1001333.3333333334,1001333.3333333334,0.0,1001333.3333333334,0.0,3.9999999999999996,35.0
2026-09-08T07:01:43.207+00:00,1001.3666666666667,1.3666666666666676,41,ACQUIRE_VERIFY,41,0,simulation,1,,29.999999999999908,0.03333333333333344,1001366.6666666666,1001366.6666666666,0.0,1001366.6666666666,0.0,3.9999999999999996,35.0
2026-09-08T07:01:43.240+00:00,1001.4,1.400000000000001,42,ACQUIRE_VERIFY,42,0,simulation,1,,29.999999999999908,0.03333333333333344,1001400.0,1001400.0,0.0,1001400.0,0.0,3.9999999999999996,35.0
2026-09-08T07:01:43.274+00:00,1001.4333333333333,1.4333333333333345,43,ACQUIRE_VERIFY,43,0,simulation,1,,29.999999999999908,0.03333333333333344,1001433.3333333333,1001433.3333333333,0.0,1001433.3333333333,0.0,3.9999999999999996,35.0
2026-09-08T07:01:43.307+00:00,1001.4666666666667,1.466666666666668,44,ACQUIRE_VERIFY,44,0,simulation,1,,29.999999999999908,0.03333333333333344,1001466.6666666667,1001466.6666666667,0.0,1001466.6666666667,0.0,3.9999999999999996,35.0
2026-09-08T07:01:43.340+00:00,1001.5,1.5000000000000013,45,ACQUIRE_VERIFY,45,0,simulation,1,,29.999999999999908,0.03333333333333344,1001500.0,1001500.0,0.0,1001500.0,0.0,3.9999999999999996,35.0
2026-09-08T07:01:43.374+00:00,1001.5333333333333,1.5333333333333348,46,ACQUIRE_VERIFY,46,0,simulation,1,,29.999999999999908,0.03333333333333344,1001533.3333333333,1001533.3333333333,0.0,1001533.3333333333,0.0,3.9999999999999996,35.0
2026-09-08T07:01:43.407+00:00,1001.5666666666667,1.5666666666666682,47,ACQUIRE_VERIFY,47,0,simulation,1,,29.999999999999908,0.03333333333333344,1001566.6666666667,1001566.6666666667,0.0,1001566.6666666667,0.0,3.9999999999999996,35.0
2026-09-08T07:01:43.440+00:00,1001.6,1.6000000000000016,48,ACQUIRE_VERIFY,48,0,simulation,1,,29.999999999999908,0.03333333333333344,1001600.0,1001600.0,0.0,1001600.0,0.0,3.9999999999999996,35.0
2026-09-08T07:01:43.474+00:00,1001.6333333333333,1.633333333333335,49,ACQUIRE_VERIFY,49,0,simulation,1,,29.999999999999908,0.03333333333333344,1001633.3333333334,1001633.3333333334,0.0,1001633.3333333334,0.0,3.9999999999999996,35.0
2026-09-08T07:01:43.507+00:00,1001.6666666666666,1.6666666666666685,50,ACQUIRE_VERIFY,50,0,simulation,1,,29.999999999999908,0.03333333333333344,1001666.6666666666,1001666.6666666666,0.0,1001666.6666666666,0.0,3.9999999999999996,35.0
2026-09-08T07:01:43.540+00:00,1001.7,1.700000000000002,51,ACQUIRE_VERIFY,51,0,simulation,1,,29.999999999999908,0.03333333333333344,1001700.0,1001700.0,0.0,1001700.0,0.0,3.9999999999999996,35.0
2026-09-08T07:01:43.574+00:00,1001.7333333333333,1.7333333333333354,52,ACQUIRE_VERIFY,52,0,simulation,1,,29.999999999999908,0.03333333333333344,1001733.3333333334,1001733.3333333334,0.0,1001733.3333333334,0.0,3.9999999999999996,35.0
2026-09-08T07:01:43.607+00:00,1001.7666666666667,1.7666666666666688,53,ACQUIRE_VERIFY,53,0,simulation,1,,29.999999999999908,0.03333333333333344,1001766.6666666666,1001766.6666666666,0.0,1001766.6666666666,0.0,3.9999999999999996,35.0
2026-09-08T07:01:43.640+00:00,1001.8,1.8000000000000023,54,ACQUIRE_VERIFY,54,0,simulation,1,,29.999999999999908,0.03333333333333344,1001800.0,1001800.0,0.0,1001800.0,0.0,3.9999999999999996,35.0
2026-09-08T07:01:43.674+00:00,1001.8333333333334,1.8333333333333357,55,ACQUIRE_VERIFY,55,0,simulation,1,,29.999999999999908,0.03333333333333344,1001833.3333333334,1001833.3333333334,0.0,1001833.3333333334,0.0,3.9999999999999996,35.0
2026-09-08T07:01:43.707+00:00,1001.8666666666667,1.8666666666666691,56,ACQUIRE_VERIFY,56,0,simulation,1,,29.999999999999908,0.03333333333333344,1001866.6666666666,1001866.6666666666,0.0,1001866.6666666666,0.0,3.9999999999999996,35.0
2026-09-08T07:01:43.740+00:00,1001.9,1.9000000000000026,57,ACQUIRE_VERIFY,57,0,simulation,1,,29.999999999999908,0.03333333333333344,1001900.0,1001900.0,0.0,1001900.0,0.0,3.9999999999999996,35.0
2026-09-08T07:01:43.774+00:00,1001.9333333333333,1.933333333333336,58,ACQUIRE_VERIFY,58,0,simulation,1,,29.999999999999908,0.03333333333333344,1001933.3333333333,1001933.3333333333,0.0,1001933.3333333333,0.0,3.9999999999999996,35.0
2026-09-08T07:01:43.807+00:00,1001.9666666666667,1.9666666666666694,59,ACQUIRE_VERIFY,59,0,simulation,1,,29.999999999999908,0.03333333333333344,1001966.6666666667,1001966.6666666667,0.0,1001966.6666666667,0.0,3.9999999999999996,35.0
2026-09-08T07:01:43.840+00:00,1002.0,2.0000000000000027,60,ACQUIRE_VERIFY,60,0,simulation,1,,30.000000000000107,0.033333333333333215,1002000.0,1002000.0,0.0,1002000.0,0.0,3.9999999999999996,35.0
2026-09-08T07:01:43.874+00:00,1002.0333333333333,2.033333333333336,61,ACQUIRE_VERIFY,61,0,simulation,1,,30.000000000000107,0.033333333333333215,1002033.3333333333,1002033.3333333333,0.0,1002033.3333333333,0.0,3.9999999999999996,35.0
2026-09-08T07:01:43.907+00:00,1002.0666666666667,2.066666666666669,62,ACQUIRE_VERIFY,62,0,simulation,1,,30.000000000000107,0.033333333333333215,1002066.6666666667,1002066.6666666667,0.0,1002066.6666666667,0.0,3.9999999999999996,35.0
2026-09-08T07:01:43.940+00:00,1002.1,2.1000000000000023,63,ACQUIRE_VERIFY,63,0,simulation,1,,30.000000000000107,0.033333333333333215,1002100.0,1002100.0,0.0,1002100.0,0.0,3.9999999999999996,35.0
2026-09-08T07:01:43.974+00:00,1002.1333333333333,2.1333333333333355,64,ACQUIRE_VERIFY,64,0,simulation,1,,30.000000000000107,0.033333333333333215,1002133.3333333334,1002133.3333333334,0.0,1002133.3333333334,0.0,3.9999999999999996,35.0
2026-09-08T07:01:44.007+00:00,1002.1666666666666,2.1666666666666687,65,ACQUIRE_VERIFY,65,0,simulation,1,,30.000000000000107,0.033333333333333215,1002166.6666666666,1002166.6666666666,0.0,1002166.6666666666,0.0,3.9999999999999996,35.0
2026-09-08T07:01:44.040+00:00,1002.2,2.200000000000002,66,ACQUIRE_VERIFY,66,0,simulation,1,,30.000000000000107,0.033333333333333215,1002200.0,1002200.0,0.0,1002200.0,0.0,3.9999999999999996,35.0
2026-09-08T07:01:44.074+00:00,1002.2333333333333,2.233333333333335,67,ACQUIRE_VERIFY,67,0,simulation,1,,30.000000000000107,0.033333333333333215,1002233.3333333334,1002233.3333333334,0.0,1002233.3333333334,0.0,3.9999999999999996,35.0
2026-09-08T07:01:44.107+00:00,1002.2666666666667,2.2666666666666684,68,ACQUIRE_VERIFY,68,0,simulation,1,,30.000000000000107,0.033333333333333215,1002266.6666666666,1002266.6666666666,0.0,1002266.6666666666,0.0,3.9999999999999996,35.0
2026-09-08T07:01:44.140+00:00,1002.3,2.3000000000000016,69,ACQUIRE_VERIFY,69,0,simulation,1,,30.000000000000107,0.033333333333333215,1002300.0,1002300.0,0.0,1002300.0,0.0,3.9999999999999996,35.0
2026-09-08T07:01:44.174+00:00,1002.3333333333334,2.333333333333335,70,ACQUIRE_VERIFY,70,0,simulation,1,,30.000000000000107,0.033333333333333215,1002333.3333333334,1002333.3333333334,0.0,1002333.3333333334,0.0,3.9999999999999996,35.0
2026-09-08T07:02:15.777+00:00,1033.9366666666685,33.9366666666685,71,COARSE_REACQUIRE,71,0,simulation,1,,0.03164223183208339,31.603333333335165,1033936.6666666685,1033936.6666666685,0.0,1033936.6666666685,0.0022883985260978325,3.1587975342715056,0.023862683350046154
2026-09-08T07:02:15.810+00:00,1033.9700000000018,33.97000000000183,72,COARSE_REACQUIRE,72,0,simulation,1,,30.000000000001705,0.03333333333333144,1033970.0000000019,1033970.0000000019,0.0,1033970.0000000019,0.0022883985260978325,3.1587975342715056,0.023862683350046154
2026-09-08T07:02:15.844+00:00,1034.0033333333351,34.00333333333516,73,COARSE_REACQUIRE,73,0,simulation,1,,30.000000000001705,0.03333333333333144,1034003.3333333351,1034003.3333333351,0.0,1034003.3333333351,0.0022883985260978325,3.1587975342715056,0.023862683350046154
2026-09-08T07:02:15.877+00:00,1034.0366666666685,34.036666666668495,74,COARSE_REACQUIRE,74,0,simulation,1,,30.000000000001705,0.03333333333333144,1034036.6666666685,1034036.6666666685,0.0,1034036.6666666685,0.0022883985260978325,3.1587975342715056,0.023862683350046154
2026-09-08T07:02:15.910+00:00,1034.0700000000018,34.070000000001826,75,COARSE_REACQUIRE,75,0,simulation,1,,30.000000000001705,0.03333333333333144,1034070.0000000017,1034070.0000000017,0.0,1034070.0000000017,0.0022883985260978325,3.1587975342715056,0.023862683350046154
2026-09-08T07:02:15.944+00:00,1034.103333333335,34.10333333333516,76,COARSE_REACQUIRE,76,0,simulation,1,,30.000000000001705,0.03333333333333144,1034103.333333335,1034103.333333335,0.0,1034103.333333335,0.0022883985260978325,3.1587975342715056,0.023862683350046154
2026-09-08T07:02:15.977+00:00,1034.1366666666686,34.13666666666849,77,COARSE_REACQUIRE,77,0,simulation,1,,30.000000000001705,0.03333333333333144,1034136.6666666686,1034136.6666666686,0.0,1034136.6666666686,0.0022883985260978325,3.1587975342715056,0.023862683350046154
2026-09-08T07:02:16.010+00:00,1034.170000000002,34.17000000000182,78,COARSE_REACQUIRE,78,0,simulation,1,,30.000000000001705,0.03333333333333144,1034170.0000000019,1034170.0000000019,0.0,1034170.0000000019,0.0022883985260978325,3.1587975342715056,0.023862683350046154
2026-09-08T07:02:16.044+00:00,1034.2033333333352,34.20333333333515,79,COARSE_REACQUIRE,79,0,simulation,1,,30.000000000001705,0.03333333333333144,1034203.3333333352,1034203.3333333352,0.0,1034203.3333333352,0.0022883985260978325,3.1587975342715056,0.023862683350046154
2026-09-08T07:02:16.077+00:00,1034.2366666666685,34.236666666668484,80,COARSE_REACQUIRE,80,0,simulation,1,,30.000000000001705,0.03333333333333144,1034236.6666666685,1034236.6666666685,0.0,1034236.6666666685,0.0022883985260978325,3.1587975342715056,0.023862683350046154
2026-09-08T07:02:16.110+00:00,1034.2700000000018,34.270000000001815,81,ACQUIRE_VERIFY,81,0,simulation,1,,30.000000000001705,0.03333333333333144,1034270.0000000017,1034270.0000000017,0.0,1034270.0000000017,0.0022883985260978325,3.1587975342715056,0.023862683350046154
2026-09-08T07:02:16.144+00:00,1034.303333333335,34.30333333333515,82,ACQUIRE_VERIFY,82,0,simulation,1,,30.000000000001705,0.03333333333333144,1034303.3333333351,1034303.3333333351,0.0,1034303.3333333351,0.0022883985260978325,3.1587975342715056,0.023862683350046154
2026-09-08T07:02:16.177+00:00,1034.3366666666684,34.33666666666848,83,ACQUIRE_VERIFY,83,0,simulation,1,,30.000000000001705,0.03333333333333144,1034336.6666666684,1034336.6666666684,0.0,1034336.6666666684,0.0022883985260978325,3.1587975342715056,0.023862683350046154
2026-09-08T07:02:16.210+00:00,1034.3700000000017,34.37000000000181,84,ACQUIRE_VERIFY,84,0,simulation,1,,30.000000000001705,0.03333333333333144,1034370.0000000017,1034370.0000000017,0.0,1034370.0000000017,0.0022883985260978325,3.1587975342715056,0.023862683350046154
2026-09-08T07:02:16.244+00:00,1034.4033333333352,34.40333333333514,85,ACQUIRE_VERIFY,85,0,simulation,1,,30.000000000001705,0.03333333333333144,1034403.3333333352,1034403.3333333352,0.0,1034403.3333333352,0.0022883985260978325,3.1587975342715056,0.023862683350046154
2026-09-08T07:02:16.277+00:00,1034.4366666666685,34.43666666666847,86,ACQUIRE_VERIFY,86,0,simulation,1,,30.000000000001705,0.03333333333333144,1034436.6666666685,1034436.6666666685,0.0,1034436.6666666685,0.0022883985260978325,3.1587975342715056,0.023862683350046154
2026-09-08T07:02:16.310+00:00,1034.4700000000018,34.470000000001804,87,ACQUIRE_VERIFY,87,0,simulation,1,,30.000000000001705,0.03333333333333144,1034470.0000000019,1034470.0000000019,0.0,1034470.0000000019,0.0022883985260978325,3.1587975342715056,0.023862683350046154
2026-09-08T07:02:16.344+00:00,1034.5033333333351,34.503333333335135,88,ACQUIRE_VERIFY,88,0,simulation,1,,30.000000000001705,0.03333333333333144,1034503.3333333351,1034503.3333333351,0.0,1034503.3333333351,0.0022883985260978325,3.1587975342715056,0.023862683350046154
2026-09-08T07:02:16.377+00:00,1034.5366666666685,34.53666666666847,89,ACQUIRE_VERIFY,89,0,simulation,1,,30.000000000001705,0.03333333333333144,1034536.6666666685,1034536.6666666685,0.0,1034536.6666666685,0.0022883985260978325,3.1587975342715056,0.023862683350046154
2026-09-08T07:02:16.410+00:00,1034.5700000000018,34.5700000000018,90,ACQUIRE_VERIFY,90,0,simulation,1,,30.000000000001705,0.03333333333333144,1034570.0000000017,1034570.0000000017,0.0,1034570.0000000017,0.0022883985260978325,3.1587975342715056,0.023862683350046154
2026-09-08T07:02:16.444+00:00,1034.603333333335,34.60333333333513,91,STAGING_PLAN,91,0,simulation,1,,30.000000000001705,0.03333333333333144,1034603.333333335,1034603.333333335,0.0,1034603.333333335,0.0022883985260978325,3.1587975342715056,0.023862683350046154
2026-09-08T07:02:16.477+00:00,1034.6366666666684,34.63666666666846,92,STAGING_PLAN,92,0,simulation,1,,30.000000000001705,0.03333333333333144,1034636.6666666684,1034636.6666666684,0.0,1034636.6666666684,0.0022883985260978325,3.1587975342715056,0.023862683350046154
2026-09-08T07:02:16.510+00:00,1034.670000000002,34.67000000000179,93,STAGING_PLAN,93,0,simulation,1,,30.000000000001705,0.03333333333333144,1034670.0000000019,1034670.0000000019,0.0,1034670.0000000019,0.0022883985260978325,3.1587975342715056,0.023862683350046154
2026-09-08T07:02:16.544+00:00,1034.7033333333352,34.703333333335124,94,STAGING_PLAN,94,0,simulation,1,,30.000000000001705,0.03333333333333144,1034703.3333333352,1034703.3333333352,0.0,1034703.3333333352,0.0022883985260978325,3.1587975342715056,0.023862683350046154
2026-09-08T07:02:16.577+00:00,1034.7366666666685,34.736666666668455,95,STAGING_PLAN,95,0,simulation,1,,30.000000000001705,0.03333333333333144,1034736.6666666685,1034736.6666666685,0.0,1034736.6666666685,0.0022883985260978325,3.1587975342715056,0.023862683350046154
2026-09-08T07:02:16.610+00:00,1034.7700000000018,34.77000000000179,96,STAGING_PLAN,96,0,simulation,1,,30.000000000001705,0.03333333333333144,1034770.0000000017,1034770.0000000017,0.0,1034770.0000000017,0.0022883985260978325,3.1587975342715056,0.023862683350046154
2026-09-08T07:02:16.644+00:00,1034.803333333335,34.80333333333512,97,STAGING_PLAN,97,0,simulation,1,,30.000000000001705,0.03333333333333144,1034803.3333333351,1034803.3333333351,0.0,1034803.3333333351,0.0022883985260978325,3.1587975342715056,0.023862683350046154
2026-09-08T07:02:16.677+00:00,1034.8366666666684,34.83666666666845,98,STAGING_PLAN,98,0,simulation,1,,30.000000000001705,0.03333333333333144,1034836.6666666684,1034836.6666666684,0.0,1034836.6666666684,0.0022883985260978325,3.1587975342715056,0.023862683350046154
2026-09-08T07:02:16.710+00:00,1034.8700000000017,34.87000000000178,99,STAGING_PLAN,99,0,simulation,1,,30.000000000001705,0.03333333333333144,1034870.0000000017,1034870.0000000017,0.0,1034870.0000000017,0.0022883985260978325,3.1587975342715056,0.023862683350046154
2026-09-08T07:02:16.744+00:00,1034.903333333335,34.90333333333511,100,STAGING_PLAN,100,0,simulation,1,,30.000000000001705,0.03333333333333144,1034903.333333335,1034903.333333335,0.0,1034903.333333335,0.0022883985260978325,3.1587975342715056,0.023862683350046154
2026-09-08T07:02:16.777+00:00,1034.9366666666685,34.936666666668444,101,WAYPOINT_DRIVE,101,0,simulation,1,,30.000000000001705,0.03333333333333144,1034936.6666666685,1034936.6666666685,0.0,1034936.6666666685,0.0022883985260978325,3.1587975342715056,0.023862683350046154
2026-09-08T07:02:16.810+00:00,1034.9700000000018,34.970000000001775,102,WAYPOINT_DRIVE,102,0,simulation,1,,30.000000000001705,0.03333333333333144,1034970.0000000019,1034970.0000000019,0.0,1034970.0000000019,0.0022883985260978325,3.1587975342715056,0.023862683350046154
2026-09-08T07:02:16.844+00:00,1035.0033333333351,35.00333333333511,103,WAYPOINT_DRIVE,103,0,simulation,1,,30.000000000001705,0.03333333333333144,1035003.3333333351,1035003.3333333351,0.0,1035003.3333333351,0.0022883985260978325,3.1587975342715056,0.023862683350046154
2026-09-08T07:02:16.877+00:00,1035.0366666666685,35.03666666666844,104,WAYPOINT_DRIVE,104,0,simulation,1,,30.000000000001705,0.03333333333333144,1035036.6666666685,1035036.6666666685,0.0,1035036.6666666685,0.0022883985260978325,3.1587975342715056,0.023862683350046154
2026-09-08T07:02:16.910+00:00,1035.0700000000018,35.07000000000177,105,WAYPOINT_DRIVE,105,0,simulation,1,,30.000000000001705,0.03333333333333144,1035070.0000000017,1035070.0000000017,0.0,1035070.0000000017,0.0022883985260978325,3.1587975342715056,0.023862683350046154
2026-09-08T07:02:16.944+00:00,1035.103333333335,35.1033333333351,106,WAYPOINT_DRIVE,106,0,simulation,1,,30.000000000001705,0.03333333333333144,1035103.333333335,1035103.333333335,0.0,1035103.333333335,0.0022883985260978325,3.1587975342715056,0.023862683350046154
2026-09-08T07:02:16.977+00:00,1035.1366666666684,35.13666666666843,107,WAYPOINT_DRIVE,107,0,simulation,1,,30.000000000001705,0.03333333333333144,1035136.6666666684,1035136.6666666684,0.0,1035136.6666666684,0.0022883985260978325,3.1587975342715056,0.023862683350046154
2026-09-08T07:02:17.010+00:00,1035.1700000000017,35.170000000001764,108,WAYPOINT_DRIVE,108,0,simulation,1,,30.000000000001705,0.03333333333333144,1035170.0000000016,1035170.0000000016,0.0,1035170.0000000016,0.0022883985260978325,3.1587975342715056,0.023862683350046154
2026-09-08T07:02:17.044+00:00,1035.2033333333352,35.203333333335095,109,WAYPOINT_DRIVE,109,0,simulation,1,,30.000000000001705,0.03333333333333144,1035203.3333333352,1035203.3333333352,0.0,1035203.3333333352,0.0022883985260978325,3.1587975342715056,0.023862683350046154
2026-09-08T07:02:17.077+00:00,1035.2366666666685,35.23666666666843,110,WAYPOINT_DRIVE,110,0,simulation,1,,30.000000000001705,0.03333333333333144,1035236.6666666685,1035236.6666666685,0.0,1035236.6666666685,0.0022883985260978325,3.1587975342715056,0.023862683350046154
2026-09-08T07:02:17.110+00:00,1035.2700000000018,35.27000000000176,111,WAYPOINT_DRIVE,111,0,simulation,1,,30.000000000001705,0.03333333333333144,1035270.0000000017,1035270.0000000017,0.0,1035270.0000000017,0.0022883985260978325,3.1587975342715056,0.023862683350046154
2026-09-08T07:02:17.144+00:00,1035.303333333335,35.30333333333509,112,WAYPOINT_DRIVE,112,0,simulation,1,,30.000000000001705,0.03333333333333144,1035303.3333333351,1035303.3333333351,0.0,1035303.3333333351,0.0022883985260978325,3.1587975342715056,0.023862683350046154
2026-09-08T07:02:17.177+00:00,1035.3366666666684,35.33666666666842,113,WAYPOINT_DRIVE,113,0,simulation,1,,30.000000000001705,0.03333333333333144,1035336.6666666684,1035336.6666666684,0.0,1035336.6666666684,0.0022883985260978325,3.1587975342715056,0.023862683350046154
2026-09-08T07:02:17.210+00:00,1035.3700000000017,35.37000000000175,114,WAYPOINT_DRIVE,114,0,simulation,1,,30.000000000001705,0.03333333333333144,1035370.0000000017,1035370.0000000017,0.0,1035370.0000000017,0.0022883985260978325,3.1587975342715056,0.023862683350046154
2026-09-08T07:02:17.244+00:00,1035.403333333335,35.403333333335084,115,WAYPOINT_DRIVE,115,0,simulation,1,,30.000000000001705,0.03333333333333144,1035403.333333335,1035403.333333335,0.0,1035403.333333335,0.0022883985260978325,3.1587975342715056,0.023862683350046154
2026-09-08T07:02:17.277+00:00,1035.4366666666683,35.436666666668415,116,WAYPOINT_DRIVE,116,0,simulation,1,,30.000000000001705,0.03333333333333144,1035436.6666666684,1035436.6666666684,0.0,1035436.6666666684,0.0022883985260978325,3.158748748166086,0.023862683350046154
2026-09-08T07:02:17.310+00:00,1035.4700000000018,35.47000000000175,117,WAYPOINT_DRIVE,117,0,simulation,1,,30.000000000001705,0.03333333333333144,1035470.0000000019,1035470.0000000019,0.0,1035470.0000000019,0.0022883985260978325,3.158548126286087,0.023862683350046154
2026-09-08T07:02:17.344+00:00,1035.5033333333351,35.50333333333508,118,WAYPOINT_DRIVE,118,0,simulation,1,,30.000000000001705,0.03333333333333144,1035503.3333333351,1035503.3333333351,0.0,1035503.3333333351,0.0022883985260978325,3.1581923444060895,0.023862683350046154
2026-09-08T07:02:17.377+00:00,1035.5366666666685,35.53666666666841,119,WAYPOINT_DRIVE,119,0,simulation,1,,30.000000000001705,0.03333333333333144,1035536.6666666685,1035536.6666666685,0.0,1035536.6666666685,0.0022883985260978325,3.1576814025260913,0.023862683350046154
2026-09-08T07:02:17.410+00:00,1035.5700000000018,35.57000000000174,120,WAYPOINT_DRIVE,120,0,simulation,1,,30.000000000001705,0.03333333333333144,1035570.0000000017,1035570.0000000017,0.0,1035570.0000000017,0.0022883985260978325,3.157015300646092,0.023862683350046154
2026-09-08T07:02:17.444+00:00,1035.603333333335,35.60333333333507,121,WAYPOINT_DRIVE,121,0,simulation,1,,30.000000000001705,0.03333333333333144,1035603.333333335,1035603.333333335,0.0,1035603.333333335,0.0022883985260978325,3.1561940387660963,0.023862683350046154
2026-09-08T07:02:17.477+00:00,1035.6366666666684,35.636666666668404,122,WAYPOINT_DRIVE,122,0,simulation,1,,30.000000000001705,0.03333333333333144,1035636.6666666684,1035636.6666666684,0.0,1035636.6666666684,0.0022883985260978325,3.155217616886098,0.023862683350046154
2026-09-08T07:02:17.510+00:00,1035.6700000000017,35.670000000001735,123,WAYPOINT_DRIVE,123,0,simulation,1,,30.000000000001705,0.03333333333333144,1035670.0000000016,1035670.0000000016,0.0,1035670.0000000016,0.0022883985260978325,3.1540860350060997,0.023862683350046154
2026-09-08T07:02:17.544+00:00,1035.703333333335,35.70333333333507,124,WAYPOINT_DRIVE,124,0,simulation,1,,30.000000000001705,0.03333333333333144,1035703.333333335,1035703.333333335,0.0,1035703.333333335,0.0022883985260978325,3.1527992931261064,0.023862683350046154
2026-09-08T07:02:17.577+00:00,1035.7366666666685,35.7366666666684,125,WAYPOINT_DRIVE,125,0,simulation,1,,30.000000000001705,0.03333333333333144,1035736.6666666685,1035736.6666666685,0.0,1035736.6666666685,0.0022883985260978325,3.1513573912461097,0.023862683350046154
2026-09-08T07:02:17.610+00:00,1035.7700000000018,35.77000000000173,126,WAYPOINT_DRIVE,126,0,simulation,1,,30.000000000001705,0.03333333333333144,1035770.0000000017,1035770.0000000017,0.0,1035770.0000000017,0.0022883985260978325,3.149760329366112,0.023862683350046154
2026-09-08T07:02:17.644+00:00,1035.803333333335,35.80333333333506,127,WAYPOINT_DRIVE,127,0,simulation,1,,30.000000000001705,0.03333333333333144,1035803.3333333351,1035803.3333333351,0.0,1035803.3333333351,0.0022883985260978325,3.148008107486121,0.023862683350046154
2026-09-08T07:02:17.677+00:00,1035.8366666666684,35.83666666666839,128,WAYPOINT_DRIVE,128,0,simulation,1,,30.000000000001705,0.03333333333333144,1035836.6666666684,1035836.6666666684,0.0,1035836.6666666684,0.0022883985260978325,3.1461007256061237,0.023862683350046154
2026-09-08T07:02:17.710+00:00,1035.8700000000017,35.870000000001724,129,WAYPOINT_DRIVE,129,0,simulation,1,,30.000000000001705,0.03333333333333144,1035870.0000000017,1035870.0000000017,0.0,1035870.0000000017,0.0022883985260978325,3.1440381837261273,0.023862683350046154
2026-09-08T07:02:17.744+00:00,1035.903333333335,35.903333333335055,130,WAYPOINT_DRIVE,130,0,simulation,1,,30.000000000001705,0.03333333333333144,1035903.333333335,1035903.333333335,0.0,1035903.333333335,0.0022883985260978325,3.1418204818461395,0.023862683350046154
2026-09-08T07:02:17.777+00:00,1035.9366666666683,35.93666666666839,131,WAYPOINT_DRIVE,131,0,simulation,1,,30.000000000001705,0.03333333333333144,1035936.6666666684,1035936.6666666684,0.0,1035936.6666666684,0.0022883985260978325,3.139447619966143,0.023862683350046154
2026-09-08T07:02:17.810+00:00,1035.9700000000016,35.97000000000172,132,WAYPOINT_DRIVE,132,0,simulation,1,,30.000000000001705,0.03333333333333144,1035970.0000000016,1035970.0000000016,0.0,1035970.0000000016,0.0022883985260978325,3.136919598086146,0.023862683350046154
2026-09-08T07:02:17.844+00:00,1036.0033333333351,36.00333333333505,133,WAYPOINT_DRIVE,133,0,simulation,1,,30.000000000001705,0.03333333333333144,1036003.3333333351,1036003.3333333351,0.0,1036003.3333333351,0.0022883985260978325,3.134236416206163,0.023862683350046154
2026-09-08T07:02:17.877+00:00,1036.0366666666685,36.03666666666838,134,WAYPOINT_DRIVE,134,0,simulation,1,,30.000000000001705,0.03333333333333144,1036036.6666666685,1036036.6666666685,0.0,1036036.6666666685,0.0022883985260978325,3.1313980743261682,0.023862683350046154
2026-09-08T07:02:17.910+00:00,1036.0700000000018,36.07000000000171,135,WAYPOINT_DRIVE,135,0,simulation,1,,30.000000000001705,0.03333333333333144,1036070.0000000017,1036070.0000000017,0.0,1036070.0000000017,0.0022883985260978325,3.1284045724461724,0.023862683350046154
2026-09-08T07:02:17.944+00:00,1036.103333333335,36.103333333335044,136,WAYPOINT_DRIVE,136,0,simulation,1,,30.000000000001705,0.03333333333333144,1036103.333333335,1036103.333333335,0.0,1036103.333333335,0.0022883985260978325,3.125255910566193,0.023862683350046154
2026-09-08T07:02:17.977+00:00,1036.1366666666684,36.136666666668376,137,WAYPOINT_DRIVE,137,0,simulation,1,,30.000000000001705,0.03333333333333144,1036136.6666666684,1036136.6666666684,0.0,1036136.6666666684,0.0022883985260978325,3.1219520886861987,0.023862683350046154
2026-09-08T07:02:18.010+00:00,1036.1700000000017,36.17000000000171,138,WAYPOINT_DRIVE,138,0,simulation,1,,30.000000000001705,0.03333333333333144,1036170.0000000016,1036170.0000000016,0.0,1036170.0000000016,0.0022883985260978325,3.118493106806204,0.023862683350046154
2026-09-08T07:02:18.044+00:00,1036.203333333335,36.20333333333504,139,WAYPOINT_DRIVE,139,0,simulation,1,,30.000000000001705,0.03333333333333144,1036203.333333335,1036203.333333335,0.0,1036203.333333335,0.0022883985260978325,3.1148789649262283,0.023862683350046154
2026-09-08T07:02:18.077+00:00,1036.2366666666683,36.23666666666837,140,WAYPOINT_DRIVE,140,0,simulation,1,,30.000000000001705,0.03333333333333144,1036236.6666666683,1036236.6666666683,0.0,1036236.6666666683,0.0022883985260978325,3.1111096630462343,0.023862683350046154
2026-09-08T07:02:18.110+00:00,1036.2700000000018,36.2700000000017,141,WAYPOINT_DRIVE,141,0,simulation,1,,30.000000000001705,0.03333333333333144,1036270.0000000017,1036270.0000000017,0.0,1036270.0000000017,0.0022883985260978325,3.107185201166241,0.023862683350046154
2026-09-08T07:02:18.144+00:00,1036.303333333335,36.30333333333503,142,WAYPOINT_DRIVE,142,0,simulation,1,,30.000000000001705,0.03333333333333144,1036303.3333333351,1036303.3333333351,0.0,1036303.3333333351,0.0022883985260978325,3.103105579286271,0.023862683350046154
2026-09-08T07:02:18.177+00:00,1036.3366666666684,36.336666666668364,143,WAYPOINT_DRIVE,143,0,simulation,1,,30.000000000001705,0.03333333333333144,1036336.6666666684,1036336.6666666684,0.0,1036336.6666666684,0.0022883985260978325,3.098870797406278,0.023862683350046154
2026-09-08T07:02:18.210+00:00,1036.3700000000017,36.370000000001696,144,WAYPOINT_DRIVE,144,0,simulation,1,,30.000000000001705,0.03333333333333144,1036370.0000000017,1036370.0000000017,0.0,1036370.0000000017,0.0022883985260978325,3.094480855526285,0.023862683350046154
2026-09-08T07:02:18.244+00:00,1036.403333333335,36.40333333333503,145,WAYPOINT_DRIVE,145,0,simulation,1,,30.000000000001705,0.03333333333333144,1036403.333333335,1036403.333333335,0.0,1036403.333333335,0.0022883985260978325,3.08993575364632,0.023862683350046154
2026-09-08T07:02:18.277+00:00,1036.4366666666683,36.43666666666836,146,WAYPOINT_DRIVE,146,0,simulation,1,,30.000000000001705,0.03333333333333144,1036436.6666666684,1036436.6666666684,0.0,1036436.6666666684,0.0022883985260978325,3.0852354917663276,0.023862683350046154
2026-09-08T07:02:18.310+00:00,1036.4700000000016,36.47000000000169,147,WAYPOINT_DRIVE,147,0,simulation,1,,30.000000000001705,0.03333333333333144,1036470.0000000016,1036470.0000000016,0.0,1036470.0000000016,0.0022883985260978325,3.080380069886336,0.023862683350046154
2026-09-08T07:02:18.344+00:00,1036.503333333335,36.50333333333502,148,WAYPOINT_DRIVE,148,0,simulation,1,,30.000000000001705,0.03333333333333144,1036503.3333333349,1036503.3333333349,0.0,1036503.3333333349,0.0022883985260978325,3.0753694880063773,0.023862683350046154
2026-09-08T07:02:18.377+00:00,1036.5366666666685,36.53666666666835,149,WAYPOINT_DRIVE,149,0,simulation,1,,30.000000000001705,0.03333333333333144,1036536.6666666685,1036536.6666666685,0.0,1036536.6666666685,0.0022883985260978325,3.070203746126386,0.023862683350046154
2026-09-08T07:02:18.410+00:00,1036.5700000000018,36.570000000001684,150,WAYPOINT_DRIVE,150,0,simulation,1,,30.000000000001705,0.03333333333333144,1036570.0000000017,1036570.0000000017,0.0,1036570.0000000017,0.0022883985260978325,3.0648828442463953,0.023862683350046154
2026-09-08T07:02:18.444+00:00,1036.603333333335,36.603333333335016,151,WAYPOINT_DRIVE,151,0,simulation,1,,30.000000000001705,0.03333333333333144,1036603.333333335,1036603.333333335,0.0,1036603.333333335,0.0022883985260978325,3.059406782366444,0.023862683350046154
2026-09-08T07:02:18.477+00:00,1036.6366666666684,36.63666666666835,152,WAYPOINT_DRIVE,152,0,simulation,1,,30.000000000001705,0.03333333333333144,1036636.6666666684,1036636.6666666684,0.0,1036636.6666666684,0.0022883985260978325,3.053775560486454,0.023862683350046154
2026-09-08T07:02:18.510+00:00,1036.6700000000017,36.67000000000168,153,WAYPOINT_DRIVE,153,0,simulation,1,,30.000000000001705,0.03333333333333144,1036670.0000000016,1036670.0000000016,0.0,1036670.0000000016,0.0022883985260978325,3.0479891786064637,0.023862683350046154
2026-09-08T07:02:18.544+00:00,1036.703333333335,36.70333333333501,154,WAYPOINT_DRIVE,154,0,simulation,1,,30.000000000001705,0.03333333333333144,1036703.333333335,1036703.333333335,0.0,1036703.333333335,0.0022883985260978325,3.0420476367265192,0.023862683350046154
2026-09-08T07:02:18.577+00:00,1036.7366666666683,36.73666666666834,155,WAYPOINT_DRIVE,155,0,simulation,1,,30.000000000001705,0.03333333333333144,1036736.6666666683,1036736.6666666683,0.0,1036736.6666666683,0.0022883985260978325,3.0359509348465306,0.023862683350046154
2026-09-08T07:02:18.610+00:00,1036.7700000000016,36.77000000000167,156,WAYPOINT_DRIVE,156,0,simulation,1,,30.000000000001705,0.03333333333333144,1036770.0000000016,1036770.0000000016,0.0,1036770.0000000016,0.0022883985260978325,3.0296990729665425,0.023862683350046154
2026-09-08T07:02:18.644+00:00,1036.803333333335,36.803333333335004,157,WAYPOINT_DRIVE,157,0,simulation,1,,30.000000000001705,0.03333333333333144,1036803.3333333351,1036803.3333333351,0.0,1036803.3333333351,0.0022883985260978325,3.0232920510866053,0.023862683350046154
2026-09-08T07:02:18.677+00:00,1036.8366666666684,36.836666666668336,158,WAYPOINT_DRIVE,158,0,simulation,1,,30.000000000001705,0.03333333333333144,1036836.6666666684,1036836.6666666684,0.0,1036836.6666666684,0.0022883985260978325,3.0167298692066185,0.023862683350046154
2026-09-08T07:02:18.710+00:00,1036.8700000000017,36.87000000000167,159,WAYPOINT_DRIVE,159,0,simulation,1,,30.000000000001705,0.03333333333333144,1036870.0000000017,1036870.0000000017,0.0,1036870.0000000017,0.0022883985260978325,3.0100125273266305,0.023862683350046154
2026-09-08T07:02:18.744+00:00,1036.903333333335,36.903333333335,160,WAYPOINT_DRIVE,160,0,simulation,1,,30.000000000001705,0.03333333333333144,1036903.333333335,1036903.333333335,0.0,1036903.333333335,0.0022883985260978325,3.003140025446701,0.023862683350046154
2026-09-08T07:02:18.777+00:00,1036.9366666666683,36.93666666666833,161,WAYPOINT_DRIVE,161,0,simulation,1,,30.000000000001705,0.03333333333333144,1036936.6666666684,1036936.6666666684,0.0,1036936.6666666684,0.0022883985260978325,2.9961123635667146,0.023862683350046154
2026-09-08T07:02:18.810+00:00,1036.9700000000016,36.97000000000166,162,WAYPOINT_DRIVE,162,0,simulation,1,,30.000000000001705,0.03333333333333144,1036970.0000000016,1036970.0000000016,0.0,1036970.0000000016,0.0022883985260978325,2.988929541686729,0.023862683350046154
2026-09-08T07:02:18.844+00:00,1037.003333333335,37.00333333333499,163,WAYPOINT_DRIVE,163,0,simulation,1,,30.000000000001705,0.03333333333333144,1037003.3333333349,1037003.3333333349,0.0,1037003.3333333349,0.0022883985260978325,2.9815915598068075,0.023862683350046154
2026-09-08T07:02:18.877+00:00,1037.0366666666682,37.036666666668324,164,WAYPOINT_DRIVE,164,0,simulation,1,,30.000000000001705,0.03333333333333144,1037036.6666666683,1037036.6666666683,0.0,1037036.6666666683,0.0022883985260978325,2.974098417926823,0.023862683350046154
2026-09-08T07:02:18.910+00:00,1037.0700000000018,37.070000000001656,165,WAYPOINT_DRIVE,165,0,simulation,1,,30.000000000001705,0.03333333333333144,1037070.0000000017,1037070.0000000017,0.0,1037070.0000000017,0.0022883985260978325,2.966450116046838,0.023862683350046154
2026-09-08T07:02:18.944+00:00,1037.103333333335,37.10333333333499,166,WAYPOINT_DRIVE,166,0,simulation,1,,30.000000000001705,0.03333333333333144,1037103.333333335,1037103.333333335,0.0,1037103.333333335,0.0022883985260978325,2.958646654166926,0.023862683350046154
2026-09-08T07:02:18.977+00:00,1037.1366666666684,37.13666666666832,167,WAYPOINT_DRIVE,167,0,simulation,1,,30.000000000001705,0.03333333333333144,1037136.6666666684,1037136.6666666684,0.0,1037136.6666666684,0.0022883985260978325,2.950688032286943,0.023862683350046154
2026-09-08T07:02:19.010+00:00,1037.1700000000017,37.17000000000165,168,WAYPOINT_DRIVE,168,0,simulation,1,,30.000000000001705,0.03333333333333144,1037170.0000000016,1037170.0000000016,0.0,1037170.0000000016,0.0022883985260978325,2.94257425040696,0.023862683350046154
2026-09-08T07:02:19.044+00:00,1037.203333333335,37.20333333333498,169,WAYPOINT_DRIVE,169,0,simulation,1,,30.000000000001705,0.03333333333333144,1037203.333333335,1037203.333333335,0.0,1037203.333333335,0.0022883985260978325,2.9343053085270574,0.023862683350046154
2026-09-08T07:02:19.077+00:00,1037.2366666666683,37.23666666666831,170,WAYPOINT_DRIVE,170,0,simulation,1,,30.000000000001705,0.03333333333333144,1037236.6666666683,1037236.6666666683,0.0,1037236.6666666683,0.0022883985260978325,2.925881206647076,0.023862683350046154
2026-09-08T07:02:19.110+00:00,1037.2700000000016,37.270000000001644,171,WAYPOINT_DRIVE,171,0,simulation,1,,30.000000000001705,0.03333333333333144,1037270.0000000016,1037270.0000000016,0.0,1037270.0000000016,0.0022883985260978325,2.917301944767094,0.023862683350046154
2026-09-08T07:02:19.144+00:00,1037.3033333333349,37.303333333334976,172,WAYPOINT_DRIVE,172,0,simulation,1,,30.000000000001705,0.03333333333333144,1037303.3333333349,1037303.3333333349,0.0,1037303.3333333349,0.0022883985260978325,2.9085675228872008,0.023862683350046154
2026-09-08T07:02:19.177+00:00,1037.3366666666684,37.33666666666831,173,WAYPOINT_DRIVE,173,0,simulation,1,,30.000000000001705,0.03333333333333144,1037336.6666666684,1037336.6666666684,0.0,1037336.6666666684,0.0022883985260978325,2.89967794100722,0.023862683350046154
2026-09-08T07:02:19.210+00:00,1037.3700000000017,37.37000000000164,174,WAYPOINT_DRIVE,174,0,simulation,1,,30.000000000001705,0.03333333333333144,1037370.0000000017,1037370.0000000017,0.0,1037370.0000000017,0.0022883985260978325,2.8906331991272403,0.023862683350046154
2026-09-08T07:02:19.244+00:00,1037.403333333335,37.40333333333497,175,WAYPOINT_DRIVE,175,0,simulation,1,,30.000000000001705,0.03333333333333144,1037403.333333335,1037403.333333335,0.0,1037403.333333335,0.0022883985260978325,2.8814332972473577,0.023862683350046154
2026-09-08T07:02:19.277+00:00,1037.4366666666683,37.4366666666683,176,WAYPOINT_DRIVE,176,0,simulation,1,,30.000000000001705,0.03333333333333144,1037436.6666666684,1037436.6666666684,0.0,1037436.6666666684,0.0022883985260978325,2.87207823536738,0.023862683350046154
2026-09-08T07:02:19.310+00:00,1037.4700000000016,37.47000000000163,177,WAYPOINT_DRIVE,177,0,simulation,1,,30.000000000001705,0.03333333333333144,1037470.0000000016,1037470.0000000016,0.0,1037470.0000000016,0.0022883985260978325,2.862608454700106,0.023862683350046154
2026-09-08T07:02:19.344+00:00,1037.503333333335,37.503333333334965,178,WAYPOINT_DRIVE,178,0,simulation,1,,30.000000000001705,0.03333333333333144,1037503.3333333349,1037503.3333333349,0.0,1037503.3333333349,0.0022883985260978325,2.853132678340208,0.023862683350046154
2026-09-08T07:02:19.377+00:00,1037.5366666666682,37.536666666668296,179,WAYPOINT_DRIVE,179,0,simulation,1,,30.000000000001705,0.03333333333333144,1037536.6666666683,1037536.6666666683,0.0,1037536.6666666683,0.0022883985260978325,2.843656901980207,0.023862683350046154
2026-09-08T07:02:19.410+00:00,1037.5700000000015,37.57000000000163,180,WAYPOINT_DRIVE,180,0,simulation,1,,30.000000000001705,0.03333333333333144,1037570.0000000015,1037570.0000000015,0.0,1037570.0000000015,0.0022883985260978325,2.8341811256202063,0.023862683350046154
2026-09-08T07:02:19.444+00:00,1037.603333333335,37.60333333333496,181,WAYPOINT_DRIVE,181,0,simulation,1,,30.000000000001705,0.03333333333333144,1037603.333333335,1037603.333333335,0.0,1037603.333333335,0.0022883985260978325,2.8247053492603125,0.023862683350046154
2026-09-08T07:02:19.477+00:00,1037.6366666666684,37.63666666666829,182,WAYPOINT_DRIVE,182,0,simulation,1,,30.000000000001705,0.03333333333333144,1037636.6666666684,1037636.6666666684,0.0,1037636.6666666684,0.0022883985260978325,2.815229572900312,0.023862683350046154
2026-09-08T07:02:19.510+00:00,1037.6700000000017,37.67000000000162,183,WAYPOINT_DRIVE,183,0,simulation,1,,30.000000000001705,0.03333333333333144,1037670.0000000016,1037670.0000000016,0.0,1037670.0000000016,0.0022883985260978325,2.805753796540311,0.023862683350046154
2026-09-08T07:02:19.544+00:00,1037.703333333335,37.70333333333495,184,WAYPOINT_DRIVE,184,0,simulation,1,,30.000000000001705,0.03333333333333144,1037703.333333335,1037703.333333335,0.0,1037703.333333335,0.0022883985260978325,2.7962780201804214,0.023862683350046154
2026-09-08T07:02:19.577+00:00,1037.7366666666683,37.736666666668285,185,WAYPOINT_DRIVE,185,0,simulation,1,,30.000000000001705,0.03333333333333144,1037736.6666666683,1037736.6666666683,0.0,1037736.6666666683,0.0022883985260978325,2.7868022438204205,0.023862683350046154
2026-09-08T07:02:19.610+00:00,1037.7700000000016,37.770000000001616,186,WAYPOINT_DRIVE,186,0,simulation,1,,30.000000000001705,0.03333333333333144,1037770.0000000016,1037770.0000000016,0.0,1037770.0000000016,0.0022883985260978325,2.7773264674604197,0.023862683350046154
2026-09-08T07:02:19.644+00:00,1037.8033333333349,37.80333333333495,187,WAYPOINT_DRIVE,187,0,simulation,1,,30.000000000001705,0.03333333333333144,1037803.3333333349,1037803.3333333349,0.0,1037803.3333333349,0.0022883985260978325,2.7678506911005343,0.023862683350046154
2026-09-08T07:02:19.677+00:00,1037.8366666666682,37.83666666666828,188,WAYPOINT_DRIVE,188,0,simulation,1,,30.000000000001705,0.03333333333333144,1037836.6666666681,1037836.6666666681,0.0,1037836.6666666681,0.0022883985260978325,2.758374914740534,0.023862683350046154
2026-09-08T07:02:19.710+00:00,1037.8700000000017,37.87000000000161,189,WAYPOINT_DRIVE,189,0,simulation,1,,30.000000000001705,0.03333333333333144,1037870.0000000017,1037870.0000000017,0.0,1037870.0000000017,0.0022883985260978325,2.748899138380533,0.023862683350046154
2026-09-08T07:02:19.744+00:00,1037.903333333335,37.90333333333494,190,WAYPOINT_DRIVE,190,0,simulation,1,,30.000000000001705,0.03333333333333144,1037903.333333335,1037903.333333335,0.0,1037903.333333335,0.0022883985260978325,2.739423362020652,0.023862683350046154
2026-09-08T07:02:19.777+00:00,1037.9366666666683,37.93666666666827,191,WAYPOINT_DRIVE,191,0,simulation,1,,30.000000000001705,0.03333333333333144,1037936.6666666684,1037936.6666666684,0.0,1037936.6666666684,0.0022883985260978325,2.7299475856606517,0.023862683350046154
2026-09-08T07:02:19.810+00:00,1037.9700000000016,37.970000000001605,192,WAYPOINT_DRIVE,192,0,simulation,1,,30.000000000001705,0.03333333333333144,1037970.0000000016,1037970.0000000016,0.0,1037970.0000000016,0.0022883985260978325,2.7204718093006517,0.023862683350046154
2026-09-08T07:02:19.844+00:00,1038.003333333335,38.003333333334936,193,WAYPOINT_DRIVE,193,0,simulation,1,,30.000000000001705,0.03333333333333144,1038003.3333333349,1038003.3333333349,0.0,1038003.3333333349,0.0022883985260978325,2.7109960329407747,0.023862683350046154
2026-09-08T07:02:19.877+00:00,1038.0366666666682,38.03666666666827,194,WAYPOINT_DRIVE,194,0,simulation,1,,30.000000000001705,0.03333333333333144,1038036.6666666683,1038036.6666666683,0.0,1038036.6666666683,0.0022883985260978325,2.7015202565807748,0.023862683350046154
2026-09-08T07:02:19.910+00:00,1038.0700000000015,38.0700000000016,195,WAYPOINT_DRIVE,195,0,simulation,1,,30.000000000001705,0.03333333333333144,1038070.0000000015,1038070.0000000015,0.0,1038070.0000000015,0.0022883985260978325,2.692044480220774,0.023862683350046154
2026-09-08T07:02:19.944+00:00,1038.1033333333348,38.10333333333493,196,WAYPOINT_DRIVE,196,0,simulation,1,,30.000000000001705,0.03333333333333144,1038103.3333333349,1038103.3333333349,0.0,1038103.3333333349,0.0022883985260978325,2.6825687038609005,0.023862683350046154
2026-09-08T07:02:19.977+00:00,1038.1366666666684,38.13666666666826,197,WAYPOINT_DRIVE,197,0,simulation,1,,30.000000000001705,0.03333333333333144,1038136.6666666684,1038136.6666666684,0.0,1038136.6666666684,0.0022883985260978325,2.6730929275009006,0.023862683350046154
2026-09-08T07:02:20.010+00:00,1038.1700000000017,38.17000000000159,198,WAYPOINT_DRIVE,198,0,simulation,1,,30.000000000001705,0.03333333333333144,1038170.0000000016,1038170.0000000016,0.0,1038170.0000000016,0.0022883985260978325,2.6636171511409006,0.023862683350046154
2026-09-08T07:02:20.044+00:00,1038.203333333335,38.203333333334925,199,WAYPOINT_DRIVE,199,0,simulation,1,,30.000000000001705,0.03333333333333144,1038203.333333335,1038203.333333335,0.0,1038203.333333335,0.0022883985260978325,2.654141374781031,0.023862683350046154
2026-09-08T07:02:20.077+00:00,1038.2366666666683,38.236666666668256,200,WAYPOINT_DRIVE,200,0,simulation,1,,30.000000000001705,0.03333333333333144,1038236.6666666683,1038236.6666666683,0.0,1038236.6666666683,0.0022883985260978325,2.644665598421031,0.023862683350046154
2026-09-08T07:02:20.110+00:00,1038.2700000000016,38.27000000000159,201,WAYPOINT_DRIVE,201,0,simulation,1,,30.000000000001705,0.03333333333333144,1038270.0000000016,1038270.0000000016,0.0,1038270.0000000016,0.0022883985260978325,2.6351898220610313,0.023862683350046154
2026-09-08T07:02:20.144+00:00,1038.3033333333349,38.30333333333492,202,WAYPOINT_DRIVE,202,0,simulation,1,,30.000000000001705,0.03333333333333144,1038303.3333333349,1038303.3333333349,0.0,1038303.3333333349,0.0022883985260978325,2.625714045701167,0.023862683350046154
2026-09-08T07:02:20.177+00:00,1038.3366666666682,38.33666666666825,203,WAYPOINT_DRIVE,203,0,simulation,1,,30.000000000001705,0.03333333333333144,1038336.6666666681,1038336.6666666681,0.0,1038336.6666666681,0.0022883985260978325,2.616238269341168,0.023862683350046154
2026-09-08T07:02:20.210+00:00,1038.3700000000015,38.37000000000158,204,WAYPOINT_DRIVE,204,0,simulation,1,,30.000000000001705,0.03333333333333144,1038370.0000000015,1038370.0000000015,0.0,1038370.0000000015,0.0022883985260978325,2.6067624929811686,0.023862683350046154
2026-09-08T07:02:20.244+00:00,1038.403333333335,38.40333333333491,205,WAYPOINT_DRIVE,205,0,simulation,1,,30.000000000001705,0.03333333333333144,1038403.333333335,1038403.333333335,0.0,1038403.333333335,0.0022883985260978325,2.5972867166213085,0.023862683350046154
2026-09-08T07:02:20.277+00:00,1038.4366666666683,38.436666666668245,206,WAYPOINT_DRIVE,206,0,simulation,1,,30.000000000001705,0.03333333333333144,1038436.6666666684,1038436.6666666684,0.0,1038436.6666666684,0.0022883985260978325,2.5878109402613085,0.023862683350046154
2026-09-08T07:02:20.310+00:00,1038.4700000000016,38.470000000001576,207,WAYPOINT_DRIVE,207,0,simulation,1,,30.000000000001705,0.03333333333333144,1038470.0000000016,1038470.0000000016,0.0,1038470.0000000016,0.0022883985260978325,2.578335163901309,0.023862683350046154
2026-09-08T07:02:20.344+00:00,1038.503333333335,38.50333333333491,208,WAYPOINT_DRIVE,208,0,simulation,1,,30.000000000001705,0.03333333333333144,1038503.3333333349,1038503.3333333349,0.0,1038503.3333333349,0.0022883985260978325,2.568859387541453,0.023862683350046154
2026-09-08T07:02:20.377+00:00,1038.5366666666682,38.53666666666824,209,WAYPOINT_DRIVE,209,0,simulation,1,,30.000000000001705,0.03333333333333144,1038536.6666666683,1038536.6666666683,0.0,1038536.6666666683,0.0022883985260978325,2.5593836111814534,0.023862683350046154
2026-09-08T07:02:20.410+00:00,1038.5700000000015,38.57000000000157,210,WAYPOINT_DRIVE,210,0,simulation,1,,30.000000000001705,0.03333333333333144,1038570.0000000015,1038570.0000000015,0.0,1038570.0000000015,0.0022883985260978325,2.5499078348214534,0.023862683350046154
2026-09-08T07:02:20.444+00:00,1038.6033333333348,38.6033333333349,211,WAYPOINT_DRIVE,211,0,simulation,1,,30.000000000001705,0.03333333333333144,1038603.3333333349,1038603.3333333349,0.0,1038603.3333333349,0.0022883985260978325,2.540432058461602,0.023862683350046154
2026-09-08T07:02:20.477+00:00,1038.6366666666681,38.63666666666823,212,WAYPOINT_DRIVE,212,0,simulation,1,,30.000000000001705,0.03333333333333144,1038636.6666666681,1038636.6666666681,0.0,1038636.6666666681,0.0022883985260978325,2.5309562821016023,0.023862683350046154
2026-09-08T07:02:20.510+00:00,1038.6700000000017,38.670000000001565,213,WAYPOINT_DRIVE,213,0,simulation,1,,30.000000000001705,0.03333333333333144,1038670.0000000016,1038670.0000000016,0.0,1038670.0000000016,0.0022883985260978325,2.521480505741602,0.023862683350046154
2026-09-08T07:02:20.544+00:00,1038.703333333335,38.703333333334896,214,WAYPOINT_DRIVE,214,0,simulation,1,,30.000000000001705,0.03333333333333144,1038703.333333335,1038703.333333335,0.0,1038703.333333335,0.0022883985260978325,2.5120047293817542,0.023862683350046154
2026-09-08T07:02:20.577+00:00,1038.7366666666683,38.73666666666823,215,WAYPOINT_DRIVE,215,0,simulation,1,,30.000000000001705,0.03333333333333144,1038736.6666666683,1038736.6666666683,0.0,1038736.6666666683,0.0022883985260978325,2.5025289530217543,0.023862683350046154
2026-09-08T07:02:20.610+00:00,1038.7700000000016,38.77000000000156,216,WAYPOINT_DRIVE,216,0,simulation,1,,30.000000000001705,0.03333333333333144,1038770.0000000016,1038770.0000000016,0.0,1038770.0000000016,0.0022883985260978325,2.4930531766617543,0.023862683350046154
2026-09-08T07:02:20.644+00:00,1038.8033333333349,38.80333333333489,217,WAYPOINT_DRIVE,217,0,simulation,1,,30.000000000001705,0.03333333333333144,1038803.3333333349,1038803.3333333349,0.0,1038803.3333333349,0.0022883985260978325,2.48357740030191,0.023862683350046154
2026-09-08T07:02:20.677+00:00,1038.8366666666682,38.83666666666822,218,WAYPOINT_DRIVE,218,0,simulation,1,,30.000000000001705,0.03333333333333144,1038836.6666666681,1038836.6666666681,0.0,1038836.6666666681,0.0022883985260978325,2.4741016239419107,0.023862683350046154
2026-09-08T07:02:20.710+00:00,1038.8700000000015,38.87000000000155,219,WAYPOINT_DRIVE_SETTLE,219,0,simulation,1,,30.000000000001705,0.03333333333333144,1038870.0000000015,1038870.0000000015,0.0,1038870.0000000015,0.0022883985260978325,2.4741016239419107,0.023862683350046154
2026-09-08T07:02:20.744+00:00,1038.9033333333348,38.903333333334885,220,WAYPOINT_DRIVE_SETTLE,220,0,simulation,1,,30.000000000001705,0.03333333333333144,1038903.3333333348,1038903.3333333348,0.0,1038903.3333333348,0.0022883985260978325,2.4741016239419107,0.023862683350046154
2026-09-08T07:02:20.777+00:00,1038.9366666666683,38.936666666668216,221,WAYPOINT_DRIVE_SETTLE,221,0,simulation,1,,30.000000000001705,0.03333333333333144,1038936.6666666684,1038936.6666666684,0.0,1038936.6666666684,0.0022883985260978325,2.4741016239419107,0.023862683350046154
2026-09-08T07:02:20.810+00:00,1038.9700000000016,38.97000000000155,222,WAYPOINT_DRIVE_SETTLE,222,0,simulation,1,,30.000000000001705,0.03333333333333144,1038970.0000000016,1038970.0000000016,0.0,1038970.0000000016,0.0022883985260978325,2.4741016239419107,0.023862683350046154
2026-09-08T07:02:20.844+00:00,1039.003333333335,39.00333333333488,223,WAYPOINT_DRIVE_SETTLE,223,0,simulation,1,,30.000000000001705,0.03333333333333144,1039003.3333333349,1039003.3333333349,0.0,1039003.3333333349,0.0022883985260978325,2.4741016239419107,0.023862683350046154
2026-09-08T07:02:20.877+00:00,1039.0366666666682,39.03666666666821,224,WAYPOINT_DRIVE_SETTLE,224,0,simulation,1,,30.000000000001705,0.03333333333333144,1039036.6666666683,1039036.6666666683,0.0,1039036.6666666683,0.0022883985260978325,2.4741016239419107,0.023862683350046154
2026-09-08T07:02:20.910+00:00,1039.0700000000015,39.07000000000154,225,WAYPOINT_DRIVE_SETTLE,225,0,simulation,1,,30.000000000001705,0.03333333333333144,1039070.0000000015,1039070.0000000015,0.0,1039070.0000000015,0.0022883985260978325,2.4741016239419107,0.023862683350046154
2026-09-08T07:02:20.944+00:00,1039.1033333333348,39.103333333334874,226,WAYPOINT_DRIVE_SETTLE,226,0,simulation,1,,30.000000000001705,0.03333333333333144,1039103.3333333349,1039103.3333333349,0.0,1039103.3333333349,0.0022883985260978325,2.4741016239419107,0.023862683350046154
2026-09-08T07:02:20.977+00:00,1039.1366666666681,39.136666666668205,227,WAYPOINT_DRIVE_SETTLE,227,0,simulation,1,,30.000000000001705,0.03333333333333144,1039136.6666666681,1039136.6666666681,0.0,1039136.6666666681,0.0022883985260978325,2.4741016239419107,0.023862683350046154
2026-09-08T07:02:21.010+00:00,1039.1700000000014,39.17000000000154,228,WAYPOINT_DRIVE_SETTLE,228,0,simulation,1,,30.000000000001705,0.03333333333333144,1039170.0000000014,1039170.0000000014,0.0,1039170.0000000014,0.0022883985260978325,2.4741016239419107,0.023862683350046154
2026-09-08T07:02:21.044+00:00,1039.203333333335,39.20333333333487,229,WAYPOINT_DRIVE_SETTLE,229,0,simulation,1,,30.000000000001705,0.03333333333333144,1039203.333333335,1039203.333333335,0.0,1039203.333333335,0.0022883985260978325,2.4741016239419107,0.023862683350046154
2026-09-08T07:02:21.077+00:00,1039.2366666666683,39.2366666666682,230,WAYPOINT_DRIVE_SETTLE,230,0,simulation,1,,30.000000000001705,0.03333333333333144,1039236.6666666683,1039236.6666666683,0.0,1039236.6666666683,0.0022883985260978325,2.4741016239419107,0.023862683350046154
2026-09-08T07:02:21.110+00:00,1039.2700000000016,39.27000000000153,231,WAYPOINT_DRIVE_SETTLE,231,0,simulation,1,,30.000000000001705,0.03333333333333144,1039270.0000000016,1039270.0000000016,0.0,1039270.0000000016,0.0022883985260978325,2.4741016239419107,0.023862683350046154
2026-09-08T07:02:21.144+00:00,1039.3033333333349,39.30333333333486,232,WAYPOINT_DRIVE_SETTLE,232,0,simulation,1,,30.000000000001705,0.03333333333333144,1039303.3333333349,1039303.3333333349,0.0,1039303.3333333349,0.0022883985260978325,2.4741016239419107,0.023862683350046154
2026-09-08T07:02:21.177+00:00,1039.3366666666682,39.336666666668194,233,WAYPOINT_DRIVE_SETTLE,233,0,simulation,1,,30.000000000001705,0.03333333333333144,1039336.6666666681,1039336.6666666681,0.0,1039336.6666666681,0.0022883985260978325,2.4741016239419107,0.023862683350046154
2026-09-08T07:02:21.210+00:00,1039.3700000000015,39.370000000001525,234,WAYPOINT_DRIVE_SETTLE,234,0,simulation,1,,30.000000000001705,0.03333333333333144,1039370.0000000015,1039370.0000000015,0.0,1039370.0000000015,0.0022883985260978325,2.4741016239419107,0.023862683350046154
2026-09-08T07:02:21.244+00:00,1039.4033333333348,39.40333333333486,235,WAYPOINT_DRIVE_SETTLE,235,0,simulation,1,,30.000000000001705,0.03333333333333144,1039403.3333333348,1039403.3333333348,0.0,1039403.3333333348,0.0022883985260978325,2.4741016239419107,0.023862683350046154
2026-09-08T07:02:21.277+00:00,1039.436666666668,39.43666666666819,236,WAYPOINT_DRIVE_SETTLE,236,0,simulation,1,,30.000000000001705,0.03333333333333144,1039436.6666666681,1039436.6666666681,0.0,1039436.6666666681,0.0022883985260978325,2.4741016239419107,0.023862683350046154
2026-09-08T07:02:21.310+00:00,1039.4700000000016,39.47000000000152,237,WAYPOINT_DRIVE_SETTLE,237,0,simulation,1,,30.000000000001705,0.03333333333333144,1039470.0000000016,1039470.0000000016,0.0,1039470.0000000016,0.0022883985260978325,2.4741016239419107,0.023862683350046154
2026-09-08T07:02:21.344+00:00,1039.503333333335,39.50333333333485,238,WAYPOINT_DRIVE_SETTLE,238,0,simulation,1,,30.000000000001705,0.03333333333333144,1039503.3333333349,1039503.3333333349,0.0,1039503.3333333349,0.0022883985260978325,2.4741016239419107,0.023862683350046154
2026-09-08T07:02:21.377+00:00,1039.5366666666682,39.53666666666818,239,WAYPOINT_DRIVE_SETTLE,239,0,simulation,1,,30.000000000001705,0.03333333333333144,1039536.6666666683,1039536.6666666683,0.0,1039536.6666666683,0.0022883985260978325,2.4741016239419107,0.023862683350046154
2026-09-08T07:02:21.410+00:00,1039.5700000000015,39.570000000001514,240,WAYPOINT_DRIVE_SETTLE,240,0,simulation,1,,30.000000000001705,0.03333333333333144,1039570.0000000015,1039570.0000000015,0.0,1039570.0000000015,0.0022883985260978325,2.4741016239419107,0.023862683350046154
2026-09-08T07:02:21.444+00:00,1039.6033333333348,39.603333333334845,241,WAYPOINT_DRIVE_SETTLE,241,0,simulation,1,,30.000000000001705,0.03333333333333144,1039603.3333333349,1039603.3333333349,0.0,1039603.3333333349,0.0022883985260978325,2.4741016239419107,0.023862683350046154
2026-09-08T07:02:21.477+00:00,1039.6366666666681,39.63666666666818,242,WAYPOINT_DRIVE_SETTLE,242,0,simulation,1,,30.000000000001705,0.03333333333333144,1039636.6666666681,1039636.6666666681,0.0,1039636.6666666681,0.0022883985260978325,2.4741016239419107,0.023862683350046154
2026-09-08T07:02:21.510+00:00,1039.6700000000014,39.67000000000151,243,WAYPOINT_DRIVE_SETTLE,243,0,simulation,1,,30.000000000001705,0.03333333333333144,1039670.0000000014,1039670.0000000014,0.0,1039670.0000000014,0.0022883985260978325,2.4741016239419107,0.023862683350046154
2026-09-08T07:02:21.544+00:00,1039.7033333333347,39.70333333333484,244,WAYPOINT_DRIVE_SETTLE,244,0,simulation,1,,30.000000000001705,0.03333333333333144,1039703.3333333348,1039703.3333333348,0.0,1039703.3333333348,0.0022883985260978325,2.4741016239419107,0.023862683350046154
2026-09-08T07:02:21.577+00:00,1039.7366666666683,39.73666666666817,245,WAYPOINT_DRIVE_SETTLE,245,0,simulation,1,,30.000000000001705,0.03333333333333144,1039736.6666666683,1039736.6666666683,0.0,1039736.6666666683,0.0022883985260978325,2.4741016239419107,0.023862683350046154
2026-09-08T07:02:21.610+00:00,1039.7700000000016,39.7700000000015,246,WAYPOINT_DRIVE_SETTLE,246,0,simulation,1,,30.000000000001705,0.03333333333333144,1039770.0000000016,1039770.0000000016,0.0,1039770.0000000016,0.0022883985260978325,2.4741016239419107,0.023862683350046154
2026-09-08T07:02:21.644+00:00,1039.8033333333349,39.803333333334834,247,WAYPOINT_DRIVE_SETTLE,247,0,simulation,1,,30.000000000001705,0.03333333333333144,1039803.3333333349,1039803.3333333349,0.0,1039803.3333333349,0.0022883985260978325,2.4741016239419107,0.023862683350046154
2026-09-08T07:02:21.677+00:00,1039.8366666666682,39.836666666668165,248,WAYPOINT_DRIVE_SETTLE,248,0,simulation,1,,30.000000000001705,0.03333333333333144,1039836.6666666681,1039836.6666666681,0.0,1039836.6666666681,0.0022883985260978325,2.4741016239419107,0.023862683350046154
2026-09-08T07:02:21.710+00:00,1039.8700000000015,39.8700000000015,249,WAYPOINT_DRIVE_SETTLE,249,0,simulation,1,,30.000000000001705,0.03333333333333144,1039870.0000000015,1039870.0000000015,0.0,1039870.0000000015,0.0022883985260978325,2.4741016239419107,0.023862683350046154
2026-09-08T07:02:21.744+00:00,1039.9033333333348,39.90333333333483,250,WAYPOINT_DRIVE_SETTLE,250,0,simulation,1,,30.000000000001705,0.03333333333333144,1039903.3333333348,1039903.3333333348,0.0,1039903.3333333348,0.0022883985260978325,2.4741016239419107,0.023862683350046154
2026-09-08T07:02:21.777+00:00,1039.936666666668,39.93666666666816,251,WAYPOINT_DRIVE_SETTLE,251,0,simulation,1,,30.000000000001705,0.03333333333333144,1039936.6666666681,1039936.6666666681,0.0,1039936.6666666681,0.0022883985260978325,2.4741016239419107,0.023862683350046154
2026-09-08T07:02:21.810+00:00,1039.9700000000014,39.97000000000149,252,WAYPOINT_DRIVE_SETTLE,252,0,simulation,1,,30.000000000001705,0.03333333333333144,1039970.0000000014,1039970.0000000014,0.0,1039970.0000000014,0.0022883985260978325,2.4741016239419107,0.023862683350046154
2026-09-08T07:02:21.844+00:00,1040.003333333335,40.00333333333482,253,WAYPOINT_DRIVE_SETTLE,253,0,simulation,1,,30.000000000001705,0.03333333333333144,1040003.3333333349,1040003.3333333349,0.0,1040003.3333333349,0.0022883985260978325,2.4741016239419107,0.023862683350046154
2026-09-08T07:02:21.877+00:00,1040.0366666666682,40.036666666668154,254,WAYPOINT_DRIVE_SETTLE,254,0,simulation,1,,30.000000000001705,0.03333333333333144,1040036.6666666683,1040036.6666666683,0.0,1040036.6666666683,0.0022883985260978325,2.4741016239419107,0.023862683350046154
2026-09-08T07:02:21.910+00:00,1040.0700000000015,40.070000000001485,255,WAYPOINT_DRIVE_SETTLE,255,0,simulation,1,,30.000000000001705,0.03333333333333144,1040070.0000000015,1040070.0000000015,0.0,1040070.0000000015,0.0022883985260978325,2.4741016239419107,0.023862683350046154
2026-09-08T07:02:21.944+00:00,1040.1033333333348,40.10333333333482,256,WAYPOINT_DRIVE_SETTLE,256,0,simulation,1,,30.000000000001705,0.03333333333333144,1040103.3333333349,1040103.3333333349,0.0,1040103.3333333349,0.0022883985260978325,2.4741016239419107,0.023862683350046154
2026-09-08T07:02:21.977+00:00,1040.1366666666681,40.13666666666815,257,WAYPOINT_DRIVE_SETTLE,257,0,simulation,1,,30.000000000001705,0.03333333333333144,1040136.6666666681,1040136.6666666681,0.0,1040136.6666666681,0.0022883985260978325,2.4741016239419107,0.023862683350046154
2026-09-08T07:02:22.010+00:00,1040.1700000000014,40.17000000000148,258,WAYPOINT_DRIVE_SETTLE,258,0,simulation,1,,30.000000000001705,0.03333333333333144,1040170.0000000014,1040170.0000000014,0.0,1040170.0000000014,0.0022883985260978325,2.4741016239419107,0.023862683350046154
2026-09-08T07:02:22.044+00:00,1040.2033333333347,40.20333333333481,259,WAYPOINT_DRIVE_SETTLE,259,0,simulation,1,,30.000000000001705,0.03333333333333144,1040203.3333333348,1040203.3333333348,0.0,1040203.3333333348,0.0022883985260978325,2.4741016239419107,0.023862683350046154
2026-09-08T07:02:22.077+00:00,1040.236666666668,40.23666666666814,260,WAYPOINT_DRIVE_SETTLE,260,0,simulation,1,,30.000000000001705,0.03333333333333144,1040236.666666668,1040236.666666668,0.0,1040236.666666668,0.0022883985260978325,2.4741016239419107,0.023862683350046154
2026-09-08T07:02:22.110+00:00,1040.2700000000016,40.270000000001474,261,WAYPOINT_DRIVE_SETTLE,261,0,simulation,1,,30.000000000001705,0.03333333333333144,1040270.0000000016,1040270.0000000016,0.0,1040270.0000000016,0.0022883985260978325,2.4741016239419107,0.023862683350046154
2026-09-08T07:02:22.144+00:00,1040.3033333333349,40.303333333334805,262,WAYPOINT_DRIVE_SETTLE,262,0,simulation,1,,30.000000000001705,0.03333333333333144,1040303.3333333349,1040303.3333333349,0.0,1040303.3333333349,0.0022883985260978325,2.4741016239419107,0.023862683350046154
2026-09-08T07:02:22.177+00:00,1040.3366666666682,40.33666666666814,263,WAYPOINT_DRIVE_SETTLE,263,0,simulation,1,,30.000000000001705,0.03333333333333144,1040336.6666666681,1040336.6666666681,0.0,1040336.6666666681,0.0022883985260978325,2.4741016239419107,0.023862683350046154
2026-09-08T07:02:22.210+00:00,1040.3700000000015,40.37000000000147,264,WAYPOINT_DRIVE_SETTLE,264,0,simulation,1,,30.000000000001705,0.03333333333333144,1040370.0000000015,1040370.0000000015,0.0,1040370.0000000015,0.0022883985260978325,2.4741016239419107,0.023862683350046154
2026-09-08T07:02:22.244+00:00,1040.4033333333348,40.4033333333348,265,WAYPOINT_DRIVE_SETTLE,265,0,simulation,1,,30.000000000001705,0.03333333333333144,1040403.3333333348,1040403.3333333348,0.0,1040403.3333333348,0.0022883985260978325,2.4741016239419107,0.023862683350046154
2026-09-08T07:02:22.277+00:00,1040.436666666668,40.43666666666813,266,WAYPOINT_DRIVE_SETTLE,266,0,simulation,1,,30.000000000001705,0.03333333333333144,1040436.6666666681,1040436.6666666681,0.0,1040436.6666666681,0.0022883985260978325,2.4741016239419107,0.023862683350046154
2026-09-08T07:02:22.310+00:00,1040.4700000000014,40.47000000000146,267,WAYPOINT_DRIVE_SETTLE,267,0,simulation,1,,30.000000000001705,0.03333333333333144,1040470.0000000014,1040470.0000000014,0.0,1040470.0000000014,0.0022883985260978325,2.4741016239419107,0.023862683350046154
2026-09-08T07:02:22.344+00:00,1040.5033333333347,40.503333333334794,268,WAYPOINT_DRIVE_SETTLE,268,0,simulation,1,,30.000000000001705,0.03333333333333144,1040503.3333333347,1040503.3333333347,0.0,1040503.3333333347,0.0022883985260978325,2.4741016239419107,0.023862683350046154
2026-09-08T07:02:22.377+00:00,1040.5366666666682,40.536666666668125,269,WAYPOINT_DRIVE_SETTLE,269,0,simulation,1,,30.000000000001705,0.03333333333333144,1040536.6666666683,1040536.6666666683,0.0,1040536.6666666683,0.0022883985260978325,2.4741016239419107,0.023862683350046154
2026-09-08T07:02:22.410+00:00,1040.5700000000015,40.57000000000146,270,WAYPOINT_DRIVE_SETTLE,270,0,simulation,1,,30.000000000001705,0.03333333333333144,1040570.0000000015,1040570.0000000015,0.0,1040570.0000000015,0.0022883985260978325,2.4741016239419107,0.023862683350046154
2026-09-08T07:02:22.444+00:00,1040.6033333333348,40.60333333333479,271,WAYPOINT_DRIVE_SETTLE,271,0,simulation,1,,30.000000000001705,0.03333333333333144,1040603.3333333349,1040603.3333333349,0.0,1040603.3333333349,0.0022883985260978325,2.4741016239419107,0.023862683350046154
2026-09-08T07:02:22.477+00:00,1040.6366666666681,40.63666666666812,272,WAYPOINT_DRIVE_SETTLE,272,0,simulation,1,,30.000000000001705,0.03333333333333144,1040636.6666666681,1040636.6666666681,0.0,1040636.6666666681,0.0022883985260978325,2.4741016239419107,0.023862683350046154
2026-09-08T07:02:22.510+00:00,1040.6700000000014,40.67000000000145,273,WAYPOINT_DRIVE_SETTLE,273,0,simulation,1,,30.000000000001705,0.03333333333333144,1040670.0000000014,1040670.0000000014,0.0,1040670.0000000014,0.0022883985260978325,2.4741016239419107,0.023862683350046154
2026-09-08T07:02:22.544+00:00,1040.7033333333347,40.70333333333478,274,WAYPOINT_DRIVE_SETTLE,274,0,simulation,1,,30.000000000001705,0.03333333333333144,1040703.3333333348,1040703.3333333348,0.0,1040703.3333333348,0.0022883985260978325,2.4741016239419107,0.023862683350046154
2026-09-08T07:02:22.577+00:00,1040.736666666668,40.736666666668114,275,WAYPOINT_DRIVE_SETTLE,275,0,simulation,1,,30.000000000001705,0.03333333333333144,1040736.666666668,1040736.666666668,0.0,1040736.666666668,0.0022883985260978325,2.4741016239419107,0.023862683350046154
2026-09-08T07:02:22.610+00:00,1040.7700000000013,40.770000000001446,276,WAYPOINT_DRIVE_SETTLE,276,0,simulation,1,,30.000000000001705,0.03333333333333144,1040770.0000000014,1040770.0000000014,0.0,1040770.0000000014,0.0022883985260978325,2.4741016239419107,0.023862683350046154
2026-09-08T07:02:22.644+00:00,1040.8033333333349,40.80333333333478,277,WAYPOINT_DRIVE_SETTLE,277,0,simulation,1,,30.000000000001705,0.03333333333333144,1040803.3333333349,1040803.3333333349,0.0,1040803.3333333349,0.0022883985260978325,2.4741016239419107,0.023862683350046154
2026-09-08T07:02:22.677+00:00,1040.8366666666682,40.83666666666811,278,WAYPOINT_DRIVE_SETTLE,278,0,simulation,1,,30.000000000001705,0.03333333333333144,1040836.6666666681,1040836.6666666681,0.0,1040836.6666666681,0.0022883985260978325,2.4741016239419107,0.023862683350046154
2026-09-08T07:02:22.710+00:00,1040.8700000000015,40.87000000000144,279,WAYPOINT_DRIVE_SETTLE,279,0,simulation,1,,30.000000000001705,0.03333333333333144,1040870.0000000015,1040870.0000000015,0.0,1040870.0000000015,0.0022883985260978325,2.4741016239419107,0.023862683350046154
2026-09-08T07:02:22.744+00:00,1040.9033333333348,40.90333333333477,280,WAYPOINT_DRIVE_SETTLE,280,0,simulation,1,,30.000000000001705,0.03333333333333144,1040903.3333333348,1040903.3333333348,0.0,1040903.3333333348,0.0022883985260978325,2.4741016239419107,0.023862683350046154
2026-09-08T07:02:22.777+00:00,1040.936666666668,40.9366666666681,281,WAYPOINT_DRIVE_SETTLE,281,0,simulation,1,,30.000000000001705,0.03333333333333144,1040936.6666666681,1040936.6666666681,0.0,1040936.6666666681,0.0022883985260978325,2.4741016239419107,0.023862683350046154
2026-09-08T07:02:22.810+00:00,1040.9700000000014,40.970000000001434,282,WAYPOINT_DRIVE_SETTLE,282,0,simulation,1,,30.000000000001705,0.03333333333333144,1040970.0000000014,1040970.0000000014,0.0,1040970.0000000014,0.0022883985260978325,2.4741016239419107,0.023862683350046154
2026-09-08T07:02:22.844+00:00,1041.0033333333347,41.003333333334766,283,WAYPOINT_DRIVE_SETTLE,283,0,simulation,1,,30.000000000001705,0.03333333333333144,1041003.3333333347,1041003.3333333347,0.0,1041003.3333333347,0.0022883985260978325,2.4741016239419107,0.023862683350046154
2026-09-08T07:02:22.877+00:00,1041.036666666668,41.0366666666681,284,WAYPOINT_DRIVE_SETTLE,284,0,simulation,1,,30.000000000001705,0.03333333333333144,1041036.666666668,1041036.666666668,0.0,1041036.666666668,0.0022883985260978325,2.4741016239419107,0.023862683350046154
2026-09-08T07:02:22.910+00:00,1041.0700000000015,41.07000000000143,285,WAYPOINT_DRIVE_SETTLE,285,0,simulation,1,,30.000000000001705,0.03333333333333144,1041070.0000000015,1041070.0000000015,0.0,1041070.0000000015,0.0022883985260978325,2.4741016239419107,0.023862683350046154
2026-09-08T07:02:22.944+00:00,1041.1033333333348,41.10333333333476,286,WAYPOINT_DRIVE_SETTLE,286,0,simulation,1,,30.000000000001705,0.03333333333333144,1041103.3333333349,1041103.3333333349,0.0,1041103.3333333349,0.0022883985260978325,2.4741016239419107,0.023862683350046154
2026-09-08T07:02:22.977+00:00,1041.1366666666681,41.13666666666809,287,WAYPOINT_DRIVE_SETTLE,287,0,simulation,1,,30.000000000001705,0.03333333333333144,1041136.6666666681,1041136.6666666681,0.0,1041136.6666666681,0.0022883985260978325,2.4741016239419107,0.023862683350046154
2026-09-08T07:02:23.010+00:00,1041.1700000000014,41.17000000000142,288,WAYPOINT_DRIVE_SETTLE,288,0,simulation,1,,30.000000000001705,0.03333333333333144,1041170.0000000014,1041170.0000000014,0.0,1041170.0000000014,0.0022883985260978325,2.4741016239419107,0.023862683350046154
2026-09-08T07:02:23.044+00:00,1041.2033333333347,41.203333333334754,289,STAGING_PLAN,289,0,simulation,1,,30.000000000001705,0.03333333333333144,1041203.3333333348,1041203.3333333348,0.0,1041203.3333333348,0.0022883985260978325,2.4741016239419107,0.023862683350046154
2026-09-08T07:02:23.077+00:00,1041.236666666668,41.236666666668086,290,WAYPOINT_DRIVE,290,0,simulation,1,,30.000000000001705,0.03333333333333144,1041236.666666668,1041236.666666668,0.0,1041236.666666668,0.0022883985260978325,2.4741016239419107,0.023862683350046154
2026-09-08T07:02:23.110+00:00,1041.2700000000013,41.27000000000142,291,WAYPOINT_DRIVE,291,0,simulation,1,,30.000000000001705,0.03333333333333144,1041270.0000000014,1041270.0000000014,0.0,1041270.0000000014,0.0022883985260978325,2.4741016239419107,0.023862683350046154
2026-09-08T07:02:23.144+00:00,1041.3033333333346,41.30333333333475,292,WAYPOINT_DRIVE,292,0,simulation,1,,30.000000000001705,0.03333333333333144,1041303.3333333347,1041303.3333333347,0.0,1041303.3333333347,0.0022883985260978325,2.4741016239419107,0.023862683350046154
2026-09-08T07:02:23.177+00:00,1041.3366666666682,41.33666666666808,293,WAYPOINT_DRIVE,293,0,simulation,1,,30.000000000001705,0.03333333333333144,1041336.6666666681,1041336.6666666681,0.0,1041336.6666666681,0.0022883985260978325,2.4741016239419107,0.023862683350046154
2026-09-08T07:02:23.210+00:00,1041.3700000000015,41.37000000000141,294,WAYPOINT_DRIVE,294,0,simulation,1,,30.000000000001705,0.03333333333333144,1041370.0000000015,1041370.0000000015,0.0,1041370.0000000015,0.0022883985260978325,2.4741016239419107,0.023862683350046154
2026-09-08T07:02:23.244+00:00,1041.4033333333348,41.40333333333474,295,WAYPOINT_DRIVE,295,0,simulation,1,,30.000000000001705,0.03333333333333144,1041403.3333333348,1041403.3333333348,0.0,1041403.3333333348,0.0022883985260978325,2.4741016239419107,0.023862683350046154
2026-09-08T07:02:23.277+00:00,1041.436666666668,41.436666666668074,296,WAYPOINT_DRIVE,296,0,simulation,1,,30.000000000001705,0.03333333333333144,1041436.6666666681,1041436.6666666681,0.0,1041436.6666666681,0.0022883985260978325,2.4741016239419107,0.023862683350046154
2026-09-08T07:02:23.310+00:00,1041.4700000000014,41.470000000001406,297,WAYPOINT_DRIVE,297,0,simulation,1,,30.000000000001705,0.03333333333333144,1041470.0000000014,1041470.0000000014,0.0,1041470.0000000014,0.0022883985260978325,2.4741016239419107,0.023862683350046154
2026-09-08T07:02:23.344+00:00,1041.5033333333347,41.50333333333474,298,WAYPOINT_DRIVE,298,0,simulation,1,,30.000000000001705,0.03333333333333144,1041503.3333333347,1041503.3333333347,0.0,1041503.3333333347,0.0022883985260978325,2.4741016239419107,0.023862683350046154
2026-09-08T07:02:23.377+00:00,1041.536666666668,41.53666666666807,299,WAYPOINT_DRIVE,299,0,simulation,1,,30.000000000001705,0.03333333333333144,1041536.666666668,1041536.666666668,0.0,1041536.666666668,0.0022883985260978325,2.4741016239419107,0.023862683350046154
2026-09-08T07:02:23.410+00:00,1041.5700000000013,41.5700000000014,300,WAYPOINT_DRIVE,300,0,simulation,1,,30.000000000001705,0.03333333333333144,1041570.0000000013,1041570.0000000013,0.0,1041570.0000000013,0.0022883985260978325,2.4741016239419107,0.023862683350046154
2026-09-08T07:02:23.444+00:00,1041.6033333333348,41.60333333333473,301,WAYPOINT_DRIVE,301,0,simulation,1,,30.000000000001705,0.03333333333333144,1041603.3333333349,1041603.3333333349,0.0,1041603.3333333349,0.0022883985260978325,2.4741016239419107,0.023862683350046154
2026-09-08T07:02:23.477+00:00,1041.6366666666681,41.63666666666806,302,WAYPOINT_DRIVE,302,0,simulation,1,,30.000000000001705,0.03333333333333144,1041636.6666666681,1041636.6666666681,0.0,1041636.6666666681,0.0022883985260978325,2.4741016239419107,0.023862683350046154
2026-09-08T07:02:23.510+00:00,1041.6700000000014,41.670000000001394,303,WAYPOINT_DRIVE,303,0,simulation,1,,30.000000000001705,0.03333333333333144,1041670.0000000014,1041670.0000000014,0.0,1041670.0000000014,0.0022883985260978325,2.4741016239419107,0.023862683350046154
2026-09-08T07:02:23.544+00:00,1041.7033333333347,41.703333333334726,304,WAYPOINT_DRIVE,304,0,simulation,1,,30.000000000001705,0.03333333333333144,1041703.3333333348,1041703.3333333348,0.0,1041703.3333333348,0.0022883985260978325,2.4741016239419107,0.023862683350046154
2026-09-08T07:02:23.577+00:00,1041.736666666668,41.73666666666806,305,WAYPOINT_DRIVE,305,0,simulation,1,,30.000000000001705,0.03333333333333144,1041736.666666668,1041736.666666668,0.0,1041736.666666668,0.0022883985260978325,2.474052837836491,0.023862683350046154
2026-09-08T07:02:23.610+00:00,1041.7700000000013,41.77000000000139,306,WAYPOINT_DRIVE,306,0,simulation,1,,30.000000000001705,0.03333333333333144,1041770.0000000014,1041770.0000000014,0.0,1041770.0000000014,0.0022883985260978325,2.473852215956492,0.023862683350046154
2026-09-08T07:02:23.644+00:00,1041.8033333333346,41.80333333333472,307,WAYPOINT_DRIVE,307,0,simulation,1,,30.000000000001705,0.03333333333333144,1041803.3333333347,1041803.3333333347,0.0,1041803.3333333347,0.0022883985260978325,2.4734964340764947,0.023862683350046154
2026-09-08T07:02:23.677+00:00,1041.836666666668,41.83666666666805,308,WAYPOINT_DRIVE,308,0,simulation,1,,30.000000000001705,0.03333333333333144,1041836.6666666679,1041836.6666666679,0.0,1041836.6666666679,0.0022883985260978325,2.4729854921964964,0.023862683350046154
2026-09-08T07:02:23.710+00:00,1041.8700000000015,41.87000000000138,309,WAYPOINT_DRIVE,309,0,simulation,1,,30.000000000001705,0.03333333333333144,1041870.0000000015,1041870.0000000015,0.0,1041870.0000000015,0.0022883985260978325,2.472319390316497,0.023862683350046154
2026-09-08T07:02:23.744+00:00,1041.9033333333348,41.903333333334714,310,WAYPOINT_DRIVE,310,0,simulation,1,,30.000000000001705,0.03333333333333144,1041903.3333333348,1041903.3333333348,0.0,1041903.3333333348,0.0022883985260978325,2.4714981284365014,0.023862683350046154
2026-09-08T07:02:23.777+00:00,1041.936666666668,41.936666666668046,311,WAYPOINT_DRIVE,311,0,simulation,1,,30.000000000001705,0.03333333333333144,1041936.6666666681,1041936.6666666681,0.0,1041936.6666666681,0.0022883985260978325,2.4705217065565033,0.023862683350046154
2026-09-08T07:02:23.810+00:00,1041.9700000000014,41.97000000000138,312,WAYPOINT_DRIVE,312,0,simulation,1,,30.000000000001705,0.03333333333333144,1041970.0000000014,1041970.0000000014,0.0,1041970.0000000014,0.0022883985260978325,2.469390124676505,0.023862683350046154
2026-09-08T07:02:23.844+00:00,1042.0033333333347,42.00333333333471,313,WAYPOINT_DRIVE,313,0,simulation,1,,30.000000000001705,0.03333333333333144,1042003.3333333347,1042003.3333333347,0.0,1042003.3333333347,0.0022883985260978325,2.4681033827965115,0.023862683350046154
2026-09-08T07:02:23.877+00:00,1042.036666666668,42.03666666666804,314,WAYPOINT_DRIVE,314,0,simulation,1,,30.000000000001705,0.03333333333333144,1042036.666666668,1042036.666666668,0.0,1042036.666666668,0.0022883985260978325,2.466661480916515,0.023862683350046154
2026-09-08T07:02:23.910+00:00,1042.0700000000013,42.07000000000137,315,WAYPOINT_DRIVE,315,0,simulation,1,,30.000000000001705,0.03333333333333144,1042070.0000000013,1042070.0000000013,0.0,1042070.0000000013,0.0022883985260978325,2.465064419036517,0.023862683350046154
2026-09-08T07:02:23.944+00:00,1042.1033333333346,42.1033333333347,316,WAYPOINT_DRIVE,316,0,simulation,1,,30.000000000001705,0.03333333333333144,1042103.3333333347,1042103.3333333347,0.0,1042103.3333333347,0.0022883985260978325,2.463312197156526,0.023862683350046154
2026-09-08T07:02:23.977+00:00,1042.1366666666681,42.136666666668035,317,WAYPOINT_DRIVE,317,0,simulation,1,,30.000000000001705,0.03333333333333144,1042136.6666666681,1042136.6666666681,0.0,1042136.6666666681,0.0022883985260978325,2.461404815276529,0.023862683350046154
2026-09-08T07:02:24.010+00:00,1042.1700000000014,42.170000000001366,318,WAYPOINT_DRIVE,318,0,simulation,1,,30.000000000001705,0.03333333333333144,1042170.0000000014,1042170.0000000014,0.0,1042170.0000000014,0.0022883985260978325,2.4593422733965324,0.023862683350046154
2026-09-08T07:02:24.044+00:00,1042.2033333333347,42.2033333333347,319,WAYPOINT_DRIVE,319,0,simulation,1,,30.000000000001705,0.03333333333333144,1042203.3333333348,1042203.3333333348,0.0,1042203.3333333348,0.0022883985260978325,2.457124571516545,0.023862683350046154
2026-09-08T07:02:24.077+00:00,1042.236666666668,42.23666666666803,320,WAYPOINT_DRIVE,320,0,simulation,1,,30.000000000001705,0.03333333333333144,1042236.666666668,1042236.666666668,0.0,1042236.666666668,0.0022883985260978325,2.4547517096365485,0.023862683350046154
2026-09-08T07:02:24.110+00:00,1042.2700000000013,42.27000000000136,321,WAYPOINT_DRIVE,321,0,simulation,1,,30.000000000001705,0.03333333333333144,1042270.0000000014,1042270.0000000014,0.0,1042270.0000000014,0.0022883985260978325,2.4522236877565518,0.023862683350046154
2026-09-08T07:02:24.144+00:00,1042.3033333333346,42.30333333333469,322,WAYPOINT_DRIVE,322,0,simulation,1,,30.000000000001705,0.03333333333333144,1042303.3333333347,1042303.3333333347,0.0,1042303.3333333347,0.0022883985260978325,2.4495405058765685,0.023862683350046154
2026-09-08T07:02:24.177+00:00,1042.336666666668,42.33666666666802,323,WAYPOINT_DRIVE,323,0,simulation,1,,30.000000000001705,0.03333333333333144,1042336.6666666679,1042336.6666666679,0.0,1042336.6666666679,0.0022883985260978325,2.446702163996574,0.023862683350046154
2026-09-08T07:02:24.210+00:00,1042.3700000000013,42.370000000001355,324,WAYPOINT_DRIVE,324,0,simulation,1,,30.000000000001705,0.03333333333333144,1042370.0000000013,1042370.0000000013,0.0,1042370.0000000013,0.0022883985260978325,2.443708662116578,0.023862683350046154
2026-09-08T07:02:24.244+00:00,1042.4033333333348,42.403333333334686,325,WAYPOINT_DRIVE,325,0,simulation,1,,30.000000000001705,0.03333333333333144,1042403.3333333348,1042403.3333333348,0.0,1042403.3333333348,0.0022883985260978325,2.4405600002365984,0.023862683350046154
2026-09-08T07:02:24.277+00:00,1042.436666666668,42.43666666666802,326,WAYPOINT_DRIVE,326,0,simulation,1,,30.000000000001705,0.03333333333333144,1042436.6666666681,1042436.6666666681,0.0,1042436.6666666681,0.0022883985260978325,2.4372561783566042,0.023862683350046154
2026-09-08T07:02:24.310+00:00,1042.4700000000014,42.47000000000135,327,WAYPOINT_DRIVE,327,0,simulation,1,,30.000000000001705,0.03333333333333144,1042470.0000000014,1042470.0000000014,0.0,1042470.0000000014,0.0022883985260978325,2.4337971964766094,0.023862683350046154
2026-09-08T07:02:24.344+00:00,1042.5033333333347,42.50333333333468,328,WAYPOINT_DRIVE,328,0,simulation,1,,30.000000000001705,0.03333333333333144,1042503.3333333347,1042503.3333333347,0.0,1042503.3333333347,0.0022883985260978325,2.430183054596634,0.023862683350046154
2026-09-08T07:02:24.377+00:00,1042.536666666668,42.53666666666801,329,WAYPOINT_DRIVE,329,0,simulation,1,,30.000000000001705,0.03333333333333144,1042536.666666668,1042536.666666668,0.0,1042536.666666668,0.0022883985260978325,2.42641375271664,0.023862683350046154
2026-09-08T07:02:24.410+00:00,1042.5700000000013,42.57000000000134,330,WAYPOINT_DRIVE,330,0,simulation,1,,30.000000000001705,0.03333333333333144,1042570.0000000013,1042570.0000000013,0.0,1042570.0000000013,0.0022883985260978325,2.4224892908366464,0.023862683350046154
2026-09-08T07:02:24.444+00:00,1042.6033333333346,42.603333333334675,331,WAYPOINT_DRIVE,331,0,simulation,1,,30.000000000001705,0.03333333333333144,1042603.3333333347,1042603.3333333347,0.0,1042603.3333333347,0.0022883985260978325,2.4184096689566768,0.023862683350046154
2026-09-08T07:02:24.477+00:00,1042.636666666668,42.636666666668006,332,WAYPOINT_DRIVE,332,0,simulation,1,,30.000000000001705,0.03333333333333144,1042636.6666666679,1042636.6666666679,0.0,1042636.6666666679,0.0022883985260978325,2.414174887076684,0.023862683350046154
2026-09-08T07:02:24.510+00:00,1042.6700000000014,42.67000000000134,333,WAYPOINT_DRIVE,333,0,simulation,1,,30.000000000001705,0.03333333333333144,1042670.0000000014,1042670.0000000014,0.0,1042670.0000000014,0.0022883985260978325,2.409784945196691,0.023862683350046154
2026-09-08T07:02:24.544+00:00,1042.7033333333347,42.70333333333467,334,WAYPOINT_DRIVE,334,0,simulation,1,,30.000000000001705,0.03333333333333144,1042703.3333333348,1042703.3333333348,0.0,1042703.3333333348,0.0022883985260978325,2.405239843316726,0.023862683350046154
2026-09-08T07:02:24.577+00:00,1042.736666666668,42.736666666668,335,WAYPOINT_DRIVE,335,0,simulation,1,,30.000000000001705,0.03333333333333144,1042736.666666668,1042736.666666668,0.0,1042736.666666668,0.0022883985260978325,2.4005395814367336,0.023862683350046154
2026-09-08T07:02:24.610+00:00,1042.7700000000013,42.77000000000133,336,WAYPOINT_DRIVE,336,0,simulation,1,,30.000000000001705,0.03333333333333144,1042770.0000000014,1042770.0000000014,0.0,1042770.0000000014,0.0022883985260978325,2.395684159556742,0.023862683350046154
2026-09-08T07:02:24.644+00:00,1042.8033333333346,42.80333333333466,337,WAYPOINT_DRIVE,337,0,simulation,1,,30.000000000001705,0.03333333333333144,1042803.3333333347,1042803.3333333347,0.0,1042803.3333333347,0.0022883985260978325,2.3906735776767833,0.023862683350046154
2026-09-08T07:02:24.677+00:00,1042.836666666668,42.836666666667995,338,WAYPOINT_DRIVE,338,0,simulation,1,,30.000000000001705,0.03333333333333144,1042836.6666666679,1042836.6666666679,0.0,1042836.6666666679,0.0022883985260978325,2.385507835796792,0.023862683350046154
2026-09-08T07:02:24.710+00:00,1042.8700000000013,42.870000000001326,339,WAYPOINT_DRIVE,339,0,simulation,1,,30.000000000001705,0.03333333333333144,1042870.0000000013,1042870.0000000013,0.0,1042870.0000000013,0.0022883985260978325,2.3801869339168014,0.023862683350046154
2026-09-08T07:02:24.744+00:00,1042.9033333333346,42.90333333333466,340,WAYPOINT_DRIVE,340,0,simulation,1,,30.000000000001705,0.03333333333333144,1042903.3333333345,1042903.3333333345,0.0,1042903.3333333345,0.0022883985260978325,2.37471087203685,0.023862683350046154
2026-09-08T07:02:24.777+00:00,1042.936666666668,42.93666666666799,341,WAYPOINT_DRIVE,341,0,simulation,1,,30.000000000001705,0.03333333333333144,1042936.6666666681,1042936.6666666681,0.0,1042936.6666666681,0.0022883985260978325,2.3690796501568605,0.023862683350046154
2026-09-08T07:02:24.810+00:00,1042.9700000000014,42.97000000000132,342,WAYPOINT_DRIVE,342,0,simulation,1,,30.000000000001705,0.03333333333333144,1042970.0000000014,1042970.0000000014,0.0,1042970.0000000014,0.0022883985260978325,2.36329326827687,0.023862683350046154
2026-09-08T07:02:24.844+00:00,1043.0033333333347,43.00333333333465,343,WAYPOINT_DRIVE,343,0,simulation,1,,30.000000000001705,0.03333333333333144,1043003.3333333347,1043003.3333333347,0.0,1043003.3333333347,0.0022883985260978325,2.3573517263969257,0.023862683350046154
2026-09-08T07:02:24.877+00:00,1043.036666666668,43.03666666666798,344,WAYPOINT_DRIVE,344,0,simulation,1,,30.000000000001705,0.03333333333333144,1043036.666666668,1043036.666666668,0.0,1043036.666666668,0.0022883985260978325,2.3512550245169375,0.023862683350046154
2026-09-08T07:02:24.910+00:00,1043.0700000000013,43.070000000001315,345,WAYPOINT_DRIVE,345,0,simulation,1,,30.000000000001705,0.03333333333333144,1043070.0000000013,1043070.0000000013,0.0,1043070.0000000013,0.0022883985260978325,2.3450031626369494,0.023862683350046154
2026-09-08T07:02:24.944+00:00,1043.1033333333346,43.103333333334646,346,WAYPOINT_DRIVE,346,0,simulation,1,,30.000000000001705,0.03333333333333144,1043103.3333333347,1043103.3333333347,0.0,1043103.3333333347,0.0022883985260978325,2.3385961407570126,0.023862683350046154
2026-09-08T07:02:24.977+00:00,1043.136666666668,43.13666666666798,347,WAYPOINT_DRIVE,347,0,simulation,1,,30.000000000001705,0.03333333333333144,1043136.6666666679,1043136.6666666679,0.0,1043136.6666666679,0.0022883985260978325,2.332033958877026,0.023862683350046154
2026-09-08T07:02:25.010+00:00,1043.1700000000012,43.17000000000131,348,WAYPOINT_DRIVE,348,0,simulation,1,,30.000000000001705,0.03333333333333144,1043170.0000000012,1043170.0000000012,0.0,1043170.0000000012,0.0022883985260978325,2.325316616997038,0.023862683350046154
2026-09-08T07:02:25.044+00:00,1043.2033333333347,43.20333333333464,349,WAYPOINT_DRIVE,349,0,simulation,1,,30.000000000001705,0.03333333333333144,1043203.3333333348,1043203.3333333348,0.0,1043203.3333333348,0.0022883985260978325,2.3184441151171082,0.023862683350046154
2026-09-08T07:02:25.077+00:00,1043.236666666668,43.23666666666797,350,WAYPOINT_DRIVE,350,0,simulation,1,,30.000000000001705,0.03333333333333144,1043236.666666668,1043236.666666668,0.0,1043236.666666668,0.0022883985260978325,2.311416453237122,0.023862683350046154
2026-09-08T07:02:25.110+00:00,1043.2700000000013,43.2700000000013,351,WAYPOINT_DRIVE,351,0,simulation,1,,30.000000000001705,0.03333333333333144,1043270.0000000014,1043270.0000000014,0.0,1043270.0000000014,0.0022883985260978325,2.3042336313571363,0.023862683350046154
2026-09-08T07:02:25.144+00:00,1043.3033333333346,43.303333333334635,352,WAYPOINT_DRIVE,352,0,simulation,1,,30.000000000001705,0.03333333333333144,1043303.3333333347,1043303.3333333347,0.0,1043303.3333333347,0.0022883985260978325,2.296895649477215,0.023862683350046154
2026-09-08T07:02:25.177+00:00,1043.336666666668,43.336666666667966,353,WAYPOINT_DRIVE,353,0,simulation,1,,30.000000000001705,0.03333333333333144,1043336.6666666679,1043336.6666666679,0.0,1043336.6666666679,0.0022883985260978325,2.289402507597231,0.023862683350046154
2026-09-08T07:02:25.210+00:00,1043.3700000000013,43.3700000000013,354,WAYPOINT_DRIVE,354,0,simulation,1,,30.000000000001705,0.03333333333333144,1043370.0000000013,1043370.0000000013,0.0,1043370.0000000013,0.0022883985260978325,2.2817542057172457,0.023862683350046154
2026-09-08T07:02:25.244+00:00,1043.4033333333346,43.40333333333463,355,WAYPOINT_DRIVE,355,0,simulation,1,,30.000000000001705,0.03333333333333144,1043403.3333333345,1043403.3333333345,0.0,1043403.3333333345,0.0022883985260978325,2.2739507438373336,0.023862683350046154
2026-09-08T07:02:25.277+00:00,1043.4366666666679,43.43666666666796,356,WAYPOINT_DRIVE,356,0,simulation,1,,30.000000000001705,0.03333333333333144,1043436.6666666679,1043436.6666666679,0.0,1043436.6666666679,0.0022883985260978325,2.2659921219573507,0.023862683350046154
2026-09-08T07:02:25.310+00:00,1043.4700000000014,43.47000000000129,357,WAYPOINT_DRIVE,357,0,simulation,1,,30.000000000001705,0.03333333333333144,1043470.0000000014,1043470.0000000014,0.0,1043470.0000000014,0.0022883985260978325,2.2578783400773683,0.023862683350046154
2026-09-08T07:02:25.344+00:00,1043.5033333333347,43.50333333333462,358,WAYPOINT_DRIVE,358,0,simulation,1,,30.000000000001705,0.03333333333333144,1043503.3333333347,1043503.3333333347,0.0,1043503.3333333347,0.0022883985260978325,2.2496093981974656,0.023862683350046154
2026-09-08T07:02:25.377+00:00,1043.536666666668,43.536666666667955,359,WAYPOINT_DRIVE,359,0,simulation,1,,30.000000000001705,0.03333333333333144,1043536.666666668,1043536.666666668,0.0,1043536.666666668,0.0022883985260978325,2.241185296317484,0.023862683350046154
2026-09-08T07:02:25.410+00:00,1043.5700000000013,43.570000000001286,360,WAYPOINT_DRIVE,360,0,simulation,1,,30.000000000001705,0.03333333333333144,1043570.0000000013,1043570.0000000013,0.0,1043570.0000000013,0.0022883985260978325,2.2326060344375023,0.023862683350046154
2026-09-08T07:02:25.444+00:00,1043.6033333333346,43.60333333333462,361,WAYPOINT_DRIVE,361,0,simulation,1,,30.000000000001705,0.03333333333333144,1043603.3333333347,1043603.3333333347,0.0,1043603.3333333347,0.0022883985260978325,2.223871612557609,0.023862683350046154
2026-09-08T07:02:25.477+00:00,1043.636666666668,43.63666666666795,362,WAYPOINT_DRIVE,362,0,simulation,1,,30.000000000001705,0.03333333333333144,1043636.6666666679,1043636.6666666679,0.0,1043636.6666666679,0.0022883985260978325,2.2149820306776284,0.023862683350046154
2026-09-08T07:02:25.510+00:00,1043.6700000000012,43.67000000000128,363,WAYPOINT_DRIVE,363,0,simulation,1,,30.000000000001705,0.03333333333333144,1043670.0000000012,1043670.0000000012,0.0,1043670.0000000012,0.0022883985260978325,2.2059372887976485,0.023862683350046154
2026-09-08T07:02:25.544+00:00,1043.7033333333345,43.70333333333461,364,WAYPOINT_DRIVE,364,0,simulation,1,,30.000000000001705,0.03333333333333144,1043703.3333333345,1043703.3333333345,0.0,1043703.3333333345,0.0022883985260978325,2.196737386917766,0.023862683350046154
2026-09-08T07:02:25.577+00:00,1043.736666666668,43.736666666667944,365,WAYPOINT_DRIVE_SETTLE,365,0,simulation,1,,30.000000000001705,0.03333333333333144,1043736.666666668,1043736.666666668,0.0,1043736.666666668,0.0022883985260978325,2.196737386917766,0.023862683350046154
2026-09-08T07:02:25.610+00:00,1043.7700000000013,43.770000000001275,366,WAYPOINT_DRIVE_SETTLE,366,0,simulation,1,,30.000000000001705,0.03333333333333144,1043770.0000000014,1043770.0000000014,0.0,1043770.0000000014,0.0022883985260978325,2.196737386917766,0.023862683350046154
2026-09-08T07:02:25.644+00:00,1043.8033333333346,43.803333333334606,367,WAYPOINT_DRIVE_SETTLE,367,0,simulation,1,,30.000000000001705,0.03333333333333144,1043803.3333333347,1043803.3333333347,0.0,1043803.3333333347,0.0022883985260978325,2.196737386917766,0.023862683350046154
2026-09-08T07:02:25.677+00:00,1043.836666666668,43.83666666666794,368,WAYPOINT_DRIVE_SETTLE,368,0,simulation,1,,30.000000000001705,0.03333333333333144,1043836.6666666679,1043836.6666666679,0.0,1043836.6666666679,0.0022883985260978325,2.196737386917766,0.023862683350046154
2026-09-08T07:02:25.710+00:00,1043.8700000000013,43.87000000000127,369,WAYPOINT_DRIVE_SETTLE,369,0,simulation,1,,30.000000000001705,0.03333333333333144,1043870.0000000013,1043870.0000000013,0.0,1043870.0000000013,0.0022883985260978325,2.196737386917766,0.023862683350046154
2026-09-08T07:02:25.744+00:00,1043.9033333333346,43.9033333333346,370,WAYPOINT_DRIVE_SETTLE,370,0,simulation,1,,30.000000000001705,0.03333333333333144,1043903.3333333345,1043903.3333333345,0.0,1043903.3333333345,0.0022883985260978325,2.196737386917766,0.023862683350046154
2026-09-08T07:02:25.777+00:00,1043.9366666666679,43.93666666666793,371,WAYPOINT_DRIVE_SETTLE,371,0,simulation,1,,30.000000000001705,0.03333333333333144,1043936.6666666679,1043936.6666666679,0.0,1043936.6666666679,0.0022883985260978325,2.196737386917766,0.023862683350046154
2026-09-08T07:02:25.810+00:00,1043.9700000000012,43.970000000001264,372,WAYPOINT_DRIVE_SETTLE,372,0,simulation,1,,30.000000000001705,0.03333333333333144,1043970.0000000012,1043970.0000000012,0.0,1043970.0000000012,0.0022883985260978325,2.196737386917766,0.023862683350046154
2026-09-08T07:02:25.844+00:00,1044.0033333333347,44.003333333334595,373,WAYPOINT_DRIVE_SETTLE,373,0,simulation,1,,30.000000000001705,0.03333333333333144,1044003.3333333347,1044003.3333333347,0.0,1044003.3333333347,0.0022883985260978325,2.196737386917766,0.023862683350046154
2026-09-08T07:02:25.877+00:00,1044.036666666668,44.03666666666793,374,WAYPOINT_DRIVE_SETTLE,374,0,simulation,1,,30.000000000001705,0.03333333333333144,1044036.666666668,1044036.666666668,0.0,1044036.666666668,0.0022883985260978325,2.196737386917766,0.023862683350046154
2026-09-08T07:02:25.910+00:00,1044.0700000000013,44.07000000000126,375,WAYPOINT_DRIVE_SETTLE,375,0,simulation,1,,30.000000000001705,0.03333333333333144,1044070.0000000013,1044070.0000000013,0.0,1044070.0000000013,0.0022883985260978325,2.196737386917766,0.023862683350046154
2026-09-08T07:02:25.944+00:00,1044.1033333333346,44.10333333333459,376,WAYPOINT_DRIVE_SETTLE,376,0,simulation,1,,30.000000000001705,0.03333333333333144,1044103.3333333347,1044103.3333333347,0.0,1044103.3333333347,0.0022883985260978325,2.196737386917766,0.023862683350046154
2026-09-08T07:02:25.977+00:00,1044.136666666668,44.13666666666792,377,WAYPOINT_DRIVE_SETTLE,377,0,simulation,1,,30.000000000001705,0.03333333333333144,1044136.6666666679,1044136.6666666679,0.0,1044136.6666666679,0.0022883985260978325,2.196737386917766,0.023862683350046154
2026-09-08T07:02:26.010+00:00,1044.1700000000012,44.17000000000125,378,WAYPOINT_DRIVE_SETTLE,378,0,simulation,1,,30.000000000001705,0.03333333333333144,1044170.0000000012,1044170.0000000012,0.0,1044170.0000000012,0.0022883985260978325,2.196737386917766,0.023862683350046154
2026-09-08T07:02:26.044+00:00,1044.2033333333345,44.203333333334584,379,WAYPOINT_DRIVE_SETTLE,379,0,simulation,1,,30.000000000001705,0.03333333333333144,1044203.3333333345,1044203.3333333345,0.0,1044203.3333333345,0.0022883985260978325,2.196737386917766,0.023862683350046154
2026-09-08T07:02:26.077+00:00,1044.2366666666678,44.236666666667915,380,WAYPOINT_DRIVE_SETTLE,380,0,simulation,1,,30.000000000001705,0.03333333333333144,1044236.6666666678,1044236.6666666678,0.0,1044236.6666666678,0.0022883985260978325,2.196737386917766,0.023862683350046154
2026-09-08T07:02:26.110+00:00,1044.2700000000013,44.27000000000125,381,WAYPOINT_DRIVE_SETTLE,381,0,simulation,1,,30.000000000001705,0.03333333333333144,1044270.0000000014,1044270.0000000014,0.0,1044270.0000000014,0.0022883985260978325,2.196737386917766,0.023862683350046154
2026-09-08T07:02:26.144+00:00,1044.3033333333346,44.30333333333458,382,WAYPOINT_DRIVE_SETTLE,382,0,simulation,1,,30.000000000001705,0.03333333333333144,1044303.3333333347,1044303.3333333347,0.0,1044303.3333333347,0.0022883985260978325,2.196737386917766,0.023862683350046154
2026-09-08T07:02:26.177+00:00,1044.336666666668,44.33666666666791,383,WAYPOINT_DRIVE_SETTLE,383,0,simulation,1,,30.000000000001705,0.03333333333333144,1044336.6666666679,1044336.6666666679,0.0,1044336.6666666679,0.0022883985260978325,2.196737386917766,0.023862683350046154
2026-09-08T07:02:26.210+00:00,1044.3700000000013,44.37000000000124,384,WAYPOINT_DRIVE_SETTLE,384,0,simulation,1,,30.000000000001705,0.03333333333333144,1044370.0000000013,1044370.0000000013,0.0,1044370.0000000013,0.0022883985260978325,2.196737386917766,0.023862683350046154
2026-09-08T07:02:26.244+00:00,1044.4033333333346,44.40333333333457,385,WAYPOINT_DRIVE_SETTLE,385,0,simulation,1,,30.000000000001705,0.03333333333333144,1044403.3333333345,1044403.3333333345,0.0,1044403.3333333345,0.0022883985260978325,2.196737386917766,0.023862683350046154
2026-09-08T07:02:26.277+00:00,1044.4366666666679,44.436666666667904,386,WAYPOINT_DRIVE_SETTLE,386,0,simulation,1,,30.000000000001705,0.03333333333333144,1044436.6666666679,1044436.6666666679,0.0,1044436.6666666679,0.0022883985260978325,2.196737386917766,0.023862683350046154
2026-09-08T07:02:26.310+00:00,1044.4700000000012,44.470000000001235,387,WAYPOINT_DRIVE_SETTLE,387,0,simulation,1,,30.000000000001705,0.03333333333333144,1044470.0000000012,1044470.0000000012,0.0,1044470.0000000012,0.0022883985260978325,2.196737386917766,0.023862683350046154
2026-09-08T07:02:26.344+00:00,1044.5033333333345,44.50333333333457,388,WAYPOINT_DRIVE_SETTLE,388,0,simulation,1,,30.000000000001705,0.03333333333333144,1044503.3333333344,1044503.3333333344,0.0,1044503.3333333344,0.0022883985260978325,2.196737386917766,0.023862683350046154
2026-09-08T07:02:26.377+00:00,1044.536666666668,44.5366666666679,389,WAYPOINT_DRIVE_SETTLE,389,0,simulation,1,,30.000000000001705,0.03333333333333144,1044536.666666668,1044536.666666668,0.0,1044536.666666668,0.0022883985260978325,2.196737386917766,0.023862683350046154
2026-09-08T07:02:26.410+00:00,1044.5700000000013,44.57000000000123,390,WAYPOINT_DRIVE_SETTLE,390,0,simulation,1,,30.000000000001705,0.03333333333333144,1044570.0000000013,1044570.0000000013,0.0,1044570.0000000013,0.0022883985260978325,2.196737386917766,0.023862683350046154
2026-09-08T07:02:26.444+00:00,1044.6033333333346,44.60333333333456,391,WAYPOINT_DRIVE_SETTLE,391,0,simulation,1,,30.000000000001705,0.03333333333333144,1044603.3333333347,1044603.3333333347,0.0,1044603.3333333347,0.0022883985260978325,2.196737386917766,0.023862683350046154
2026-09-08T07:02:26.477+00:00,1044.636666666668,44.63666666666789,392,WAYPOINT_DRIVE_SETTLE,392,0,simulation,1,,30.000000000001705,0.03333333333333144,1044636.6666666679,1044636.6666666679,0.0,1044636.6666666679,0.0022883985260978325,2.196737386917766,0.023862683350046154
2026-09-08T07:02:26.510+00:00,1044.6700000000012,44.670000000001224,393,WAYPOINT_DRIVE_SETTLE,393,0,simulation,1,,30.000000000001705,0.03333333333333144,1044670.0000000012,1044670.0000000012,0.0,1044670.0000000012,0.0022883985260978325,2.196737386917766,0.023862683350046154
2026-09-08T07:02:26.544+00:00,1044.7033333333345,44.703333333334555,394,WAYPOINT_DRIVE_SETTLE,394,0,simulation,1,,30.000000000001705,0.03333333333333144,1044703.3333333345,1044703.3333333345,0.0,1044703.3333333345,0.0022883985260978325,2.196737386917766,0.023862683350046154
2026-09-08T07:02:26.577+00:00,1044.7366666666678,44.73666666666789,395,WAYPOINT_DRIVE_SETTLE,395,0,simulation,1,,30.000000000001705,0.03333333333333144,1044736.6666666678,1044736.6666666678,0.0,1044736.6666666678,0.0022883985260978325,2.196737386917766,0.023862683350046154
2026-09-08T07:02:26.610+00:00,1044.7700000000011,44.77000000000122,396,WAYPOINT_DRIVE_SETTLE,396,0,simulation,1,,30.000000000001705,0.03333333333333144,1044770.0000000012,1044770.0000000012,0.0,1044770.0000000012,0.0022883985260978325,2.196737386917766,0.023862683350046154
2026-09-08T07:02:26.644+00:00,1044.8033333333346,44.80333333333455,397,WAYPOINT_DRIVE_SETTLE,397,0,simulation,1,,30.000000000001705,0.03333333333333144,1044803.3333333347,1044803.3333333347,0.0,1044803.3333333347,0.0022883985260978325,2.196737386917766,0.023862683350046154
2026-09-08T07:02:26.677+00:00,1044.836666666668,44.83666666666788,398,WAYPOINT_DRIVE_SETTLE,398,0,simulation,1,,30.000000000001705,0.03333333333333144,1044836.6666666679,1044836.6666666679,0.0,1044836.6666666679,0.0022883985260978325,2.196737386917766,0.023862683350046154
2026-09-08T07:02:26.710+00:00,1044.8700000000013,44.87000000000121,399,WAYPOINT_DRIVE_SETTLE,399,0,simulation,1,,30.000000000001705,0.03333333333333144,1044870.0000000013,1044870.0000000013,0.0,1044870.0000000013,0.0022883985260978325,2.196737386917766,0.023862683350046154
2026-09-08T07:02:26.744+00:00,1044.9033333333346,44.903333333334544,400,WAYPOINT_DRIVE_SETTLE,400,0,simulation,1,,30.000000000001705,0.03333333333333144,1044903.3333333345,1044903.3333333345,0.0,1044903.3333333345,0.0022883985260978325,2.196737386917766,0.023862683350046154
2026-09-08T07:02:26.777+00:00,1044.9366666666679,44.936666666667875,401,WAYPOINT_DRIVE_SETTLE,401,0,simulation,1,,30.000000000001705,0.03333333333333144,1044936.6666666679,1044936.6666666679,0.0,1044936.6666666679,0.0022883985260978325,2.196737386917766,0.023862683350046154
2026-09-08T07:02:26.810+00:00,1044.9700000000012,44.97000000000121,402,WAYPOINT_DRIVE_SETTLE,402,0,simulation,1,,30.000000000001705,0.03333333333333144,1044970.0000000012,1044970.0000000012,0.0,1044970.0000000012,0.0022883985260978325,2.196737386917766,0.023862683350046154
2026-09-08T07:02:26.844+00:00,1045.0033333333345,45.00333333333454,403,WAYPOINT_DRIVE_SETTLE,403,0,simulation,1,,30.000000000001705,0.03333333333333144,1045003.3333333344,1045003.3333333344,0.0,1045003.3333333344,0.0022883985260978325,2.196737386917766,0.023862683350046154
2026-09-08T07:02:26.877+00:00,1045.0366666666678,45.03666666666787,404,WAYPOINT_DRIVE_SETTLE,404,0,simulation,1,,30.000000000001705,0.03333333333333144,1045036.6666666678,1045036.6666666678,0.0,1045036.6666666678,0.0022883985260978325,2.196737386917766,0.023862683350046154
2026-09-08T07:02:26.910+00:00,1045.0700000000013,45.0700000000012,405,WAYPOINT_DRIVE_SETTLE,405,0,simulation,1,,30.000000000001705,0.03333333333333144,1045070.0000000013,1045070.0000000013,0.0,1045070.0000000013,0.0022883985260978325,2.196737386917766,0.023862683350046154
2026-09-08T07:02:26.944+00:00,1045.1033333333346,45.10333333333453,406,WAYPOINT_DRIVE_SETTLE,406,0,simulation,1,,30.000000000001705,0.03333333333333144,1045103.3333333347,1045103.3333333347,0.0,1045103.3333333347,0.0022883985260978325,2.196737386917766,0.023862683350046154
2026-09-08T07:02:26.977+00:00,1045.136666666668,45.136666666667864,407,WAYPOINT_DRIVE_SETTLE,407,0,simulation,1,,30.000000000001705,0.03333333333333144,1045136.6666666679,1045136.6666666679,0.0,1045136.6666666679,0.0022883985260978325,2.196737386917766,0.023862683350046154
2026-09-08T07:02:27.010+00:00,1045.1700000000012,45.170000000001195,408,WAYPOINT_DRIVE_SETTLE,408,0,simulation,1,,30.000000000001705,0.03333333333333144,1045170.0000000012,1045170.0000000012,0.0,1045170.0000000012,0.0022883985260978325,2.196737386917766,0.023862683350046154
2026-09-08T07:02:27.044+00:00,1045.2033333333345,45.20333333333453,409,WAYPOINT_DRIVE_SETTLE,409,0,simulation,1,,30.000000000001705,0.03333333333333144,1045203.3333333345,1045203.3333333345,0.0,1045203.3333333345,0.0022883985260978325,2.196737386917766,0.023862683350046154
2026-09-08T07:02:27.077+00:00,1045.2366666666678,45.23666666666786,410,WAYPOINT_DRIVE_SETTLE,410,0,simulation,1,,30.000000000001705,0.03333333333333144,1045236.6666666678,1045236.6666666678,0.0,1045236.6666666678,0.0022883985260978325,2.196737386917766,0.023862683350046154
2026-09-08T07:02:27.110+00:00,1045.2700000000011,45.27000000000119,411,WAYPOINT_DRIVE_SETTLE,411,0,simulation,1,,30.000000000001705,0.03333333333333144,1045270.0000000012,1045270.0000000012,0.0,1045270.0000000012,0.0022883985260978325,2.196737386917766,0.023862683350046154
2026-09-08T07:02:27.144+00:00,1045.3033333333344,45.30333333333452,412,WAYPOINT_DRIVE_SETTLE,412,0,simulation,1,,30.000000000001705,0.03333333333333144,1045303.3333333344,1045303.3333333344,0.0,1045303.3333333344,0.0022883985260978325,2.196737386917766,0.023862683350046154
2026-09-08T07:02:27.177+00:00,1045.336666666668,45.33666666666785,413,WAYPOINT_DRIVE_SETTLE,413,0,simulation,1,,30.000000000001705,0.03333333333333144,1045336.6666666679,1045336.6666666679,0.0,1045336.6666666679,0.0022883985260978325,2.196737386917766,0.023862683350046154
2026-09-08T07:02:27.210+00:00,1045.3700000000013,45.370000000001184,414,WAYPOINT_DRIVE_SETTLE,414,0,simulation,1,,30.000000000001705,0.03333333333333144,1045370.0000000013,1045370.0000000013,0.0,1045370.0000000013,0.0022883985260978325,2.196737386917766,0.023862683350046154
2026-09-08T07:02:27.244+00:00,1045.4033333333346,45.403333333334515,415,WAYPOINT_DRIVE_SETTLE,415,0,simulation,1,,30.000000000001705,0.03333333333333144,1045403.3333333345,1045403.3333333345,0.0,1045403.3333333345,0.0022883985260978325,2.196737386917766,0.023862683350046154
2026-09-08T07:02:27.277+00:00,1045.4366666666679,45.43666666666785,416,WAYPOINT_DRIVE_SETTLE,416,0,simulation,1,,30.000000000001705,0.03333333333333144,1045436.6666666679,1045436.6666666679,0.0,1045436.6666666679,0.0022883985260978325,2.196737386917766,0.023862683350046154
2026-09-08T07:02:27.310+00:00,1045.4700000000012,45.47000000000118,417,WAYPOINT_DRIVE_SETTLE,417,0,simulation,1,,30.000000000001705,0.03333333333333144,1045470.0000000012,1045470.0000000012,0.0,1045470.0000000012,0.0022883985260978325,2.196737386917766,0.023862683350046154
2026-09-08T07:02:27.344+00:00,1045.5033333333345,45.50333333333451,418,WAYPOINT_DRIVE_SETTLE,418,0,simulation,1,,30.000000000001705,0.03333333333333144,1045503.3333333344,1045503.3333333344,0.0,1045503.3333333344,0.0022883985260978325,2.196737386917766,0.023862683350046154
2026-09-08T07:02:27.377+00:00,1045.5366666666678,45.53666666666784,419,WAYPOINT_DRIVE_SETTLE,419,0,simulation,1,,30.000000000001705,0.03333333333333144,1045536.6666666678,1045536.6666666678,0.0,1045536.6666666678,0.0022883985260978325,2.196737386917766,0.023862683350046154
2026-09-08T07:02:27.410+00:00,1045.570000000001,45.57000000000117,420,WAYPOINT_DRIVE_SETTLE,420,0,simulation,1,,30.000000000001705,0.03333333333333144,1045570.000000001,1045570.000000001,0.0,1045570.000000001,0.0022883985260978325,2.196737386917766,0.023862683350046154
2026-09-08T07:02:27.444+00:00,1045.6033333333346,45.603333333334504,421,WAYPOINT_DRIVE_SETTLE,421,0,simulation,1,,30.000000000001705,0.03333333333333144,1045603.3333333347,1045603.3333333347,0.0,1045603.3333333347,0.0022883985260978325,2.196737386917766,0.023862683350046154
2026-09-08T07:02:27.477+00:00,1045.636666666668,45.636666666667836,422,WAYPOINT_DRIVE_SETTLE,422,0,simulation,1,,30.000000000001705,0.03333333333333144,1045636.6666666679,1045636.6666666679,0.0,1045636.6666666679,0.0022883985260978325,2.196737386917766,0.023862683350046154
2026-09-08T07:02:27.510+00:00,1045.6700000000012,45.67000000000117,423,WAYPOINT_DRIVE_SETTLE,423,0,simulation,1,,30.000000000001705,0.03333333333333144,1045670.0000000012,1045670.0000000012,0.0,1045670.0000000012,0.0022883985260978325,2.196737386917766,0.023862683350046154
2026-09-08T07:02:27.544+00:00,1045.7033333333345,45.7033333333345,424,WAYPOINT_DRIVE_SETTLE,424,0,simulation,1,,30.000000000001705,0.03333333333333144,1045703.3333333345,1045703.3333333345,0.0,1045703.3333333345,0.0022883985260978325,2.196737386917766,0.023862683350046154
2026-09-08T07:02:27.577+00:00,1045.7366666666678,45.73666666666783,425,WAYPOINT_DRIVE_SETTLE,425,0,simulation,1,,30.000000000001705,0.03333333333333144,1045736.6666666678,1045736.6666666678,0.0,1045736.6666666678,0.0022883985260978325,2.196737386917766,0.023862683350046154
2026-09-08T07:02:27.610+00:00,1045.7700000000011,45.77000000000116,426,WAYPOINT_DRIVE_SETTLE,426,0,simulation,1,,30.000000000001705,0.03333333333333144,1045770.0000000012,1045770.0000000012,0.0,1045770.0000000012,0.0022883985260978325,2.196737386917766,0.023862683350046154
2026-09-08T07:02:27.644+00:00,1045.8033333333344,45.80333333333449,427,WAYPOINT_DRIVE_SETTLE,427,0,simulation,1,,30.000000000001705,0.03333333333333144,1045803.3333333344,1045803.3333333344,0.0,1045803.3333333344,0.0022883985260978325,2.196737386917766,0.023862683350046154
2026-09-08T07:02:27.677+00:00,1045.8366666666677,45.836666666667824,428,WAYPOINT_DRIVE_SETTLE,428,0,simulation,1,,30.000000000001705,0.03333333333333144,1045836.6666666677,1045836.6666666677,0.0,1045836.6666666677,0.0022883985260978325,2.196737386917766,0.023862683350046154
2026-09-08T07:02:27.710+00:00,1045.8700000000013,45.870000000001156,429,WAYPOINT_DRIVE_SETTLE,429,0,simulation,1,,30.000000000001705,0.03333333333333144,1045870.0000000013,1045870.0000000013,0.0,1045870.0000000013,0.0022883985260978325,2.196737386917766,0.023862683350046154
2026-09-08T07:02:27.744+00:00,1045.9033333333346,45.90333333333449,430,WAYPOINT_DRIVE_SETTLE,430,0,simulation,1,,30.000000000001705,0.03333333333333144,1045903.3333333345,1045903.3333333345,0.0,1045903.3333333345,0.0022883985260978325,2.196737386917766,0.023862683350046154
2026-09-08T07:02:27.777+00:00,1045.9366666666679,45.93666666666782,431,WAYPOINT_DRIVE_SETTLE,431,0,simulation,1,,30.000000000001705,0.03333333333333144,1045936.6666666679,1045936.6666666679,0.0,1045936.6666666679,0.0022883985260978325,2.196737386917766,0.023862683350046154
2026-09-08T07:02:27.810+00:00,1045.9700000000012,45.97000000000115,432,WAYPOINT_DRIVE_SETTLE,432,0,simulation,1,,30.000000000001705,0.03333333333333144,1045970.0000000012,1045970.0000000012,0.0,1045970.0000000012,0.0022883985260978325,2.196737386917766,0.023862683350046154
2026-09-08T07:02:27.844+00:00,1046.0033333333345,46.00333333333448,433,WAYPOINT_DRIVE_SETTLE,433,0,simulation,1,,30.000000000001705,0.03333333333333144,1046003.3333333344,1046003.3333333344,0.0,1046003.3333333344,0.0022883985260978325,2.196737386917766,0.023862683350046154
2026-09-08T07:02:27.877+00:00,1046.0366666666678,46.03666666666781,434,WAYPOINT_DRIVE_SETTLE,434,0,simulation,1,,30.000000000001705,0.03333333333333144,1046036.6666666678,1046036.6666666678,0.0,1046036.6666666678,0.0022883985260978325,2.196737386917766,0.023862683350046154
2026-09-08T07:02:27.910+00:00,1046.070000000001,46.070000000001144,435,FINAL_POSE_LOCK,435,0,simulation,1,,30.000000000001705,0.03333333333333144,1046070.000000001,1046070.000000001,0.0,1046070.000000001,0.0022883985260978325,2.196737386917766,0.023862683350046154
